path,node_number,p,idx,num_emitters_dp,num_emitter_CNOTs_dp
./graph_db_node_6/p_0_1/graph_n6_p0_1_idx1.gpickle,6,0.0,1,1,0
./graph_db_node_6/p_0_1/graph_n6_p0_1_idx10.gpickle,6,0.0,10,1,0
./graph_db_node_6/p_0_1/graph_n6_p0_1_idx2.gpickle,6,0.0,2,1,0
./graph_db_node_6/p_0_1/graph_n6_p0_1_idx3.gpickle,6,0.0,3,1,0
./graph_db_node_6/p_0_1/graph_n6_p0_1_idx4.gpickle,6,0.0,4,1,0
./graph_db_node_6/p_0_1/graph_n6_p0_1_idx5.gpickle,6,0.0,5,1,0
./graph_db_node_6/p_0_1/graph_n6_p0_1_idx6.gpickle,6,0.0,6,1,0
./graph_db_node_6/p_0_1/graph_n6_p0_1_idx7.gpickle,6,0.0,7,1,0
./graph_db_node_6/p_0_1/graph_n6_p0_1_idx8.gpickle,6,0.0,8,1,0
./graph_db_node_6/p_0_1/graph_n6_p0_1_idx9.gpickle,6,0.0,9,2,2
./graph_db_node_6/p_0_2/graph_n6_p0_2_idx1.gpickle,6,0.0,1,1,0
./graph_db_node_6/p_0_2/graph_n6_p0_2_idx10.gpickle,6,0.0,10,1,0
./graph_db_node_6/p_0_2/graph_n6_p0_2_idx2.gpickle,6,0.0,2,2,2
./graph_db_node_6/p_0_2/graph_n6_p0_2_idx3.gpickle,6,0.0,3,2,3
./graph_db_node_6/p_0_2/graph_n6_p0_2_idx4.gpickle,6,0.0,4,2,2
./graph_db_node_6/p_0_2/graph_n6_p0_2_idx5.gpickle,6,0.0,5,2,2
./graph_db_node_6/p_0_2/graph_n6_p0_2_idx6.gpickle,6,0.0,6,1,0
./graph_db_node_6/p_0_2/graph_n6_p0_2_idx7.gpickle,6,0.0,7,1,0
./graph_db_node_6/p_0_2/graph_n6_p0_2_idx8.gpickle,6,0.0,8,1,0
./graph_db_node_6/p_0_2/graph_n6_p0_2_idx9.gpickle,6,0.0,9,1,0
./graph_db_node_6/p_0_3/graph_n6_p0_3_idx1.gpickle,6,0.0,1,1,0
./graph_db_node_6/p_0_3/graph_n6_p0_3_idx10.gpickle,6,0.0,10,2,3
./graph_db_node_6/p_0_3/graph_n6_p0_3_idx2.gpickle,6,0.0,2,2,2
./graph_db_node_6/p_0_3/graph_n6_p0_3_idx3.gpickle,6,0.0,3,1,0
./graph_db_node_6/p_0_3/graph_n6_p0_3_idx4.gpickle,6,0.0,4,2,2
./graph_db_node_6/p_0_3/graph_n6_p0_3_idx5.gpickle,6,0.0,5,1,0
./graph_db_node_6/p_0_3/graph_n6_p0_3_idx6.gpickle,6,0.0,6,1,0
./graph_db_node_6/p_0_3/graph_n6_p0_3_idx7.gpickle,6,0.0,7,2,2
./graph_db_node_6/p_0_3/graph_n6_p0_3_idx8.gpickle,6,0.0,8,1,0
./graph_db_node_6/p_0_3/graph_n6_p0_3_idx9.gpickle,6,0.0,9,1,0
./graph_db_node_6/p_0_4/graph_n6_p0_4_idx1.gpickle,6,0.0,1,1,0
./graph_db_node_6/p_0_4/graph_n6_p0_4_idx10.gpickle,6,0.0,10,1,0
./graph_db_node_6/p_0_4/graph_n6_p0_4_idx2.gpickle,6,0.0,2,2,2
./graph_db_node_6/p_0_4/graph_n6_p0_4_idx3.gpickle,6,0.0,3,1,0
./graph_db_node_6/p_0_4/graph_n6_p0_4_idx4.gpickle,6,0.0,4,2,2
./graph_db_node_6/p_0_4/graph_n6_p0_4_idx5.gpickle,6,0.0,5,1,0
./graph_db_node_6/p_0_4/graph_n6_p0_4_idx6.gpickle,6,0.0,6,1,0
./graph_db_node_6/p_0_4/graph_n6_p0_4_idx7.gpickle,6,0.0,7,1,0
./graph_db_node_6/p_0_4/graph_n6_p0_4_idx8.gpickle,6,0.0,8,2,2
./graph_db_node_6/p_0_4/graph_n6_p0_4_idx9.gpickle,6,0.0,9,2,2
./graph_db_node_6/p_0_45/graph_n6_p0_45_idx1.gpickle,6,0.0,1,1,0
./graph_db_node_6/p_0_45/graph_n6_p0_45_idx10.gpickle,6,0.0,10,2,2
./graph_db_node_6/p_0_45/graph_n6_p0_45_idx2.gpickle,6,0.0,2,2,2
./graph_db_node_6/p_0_45/graph_n6_p0_45_idx3.gpickle,6,0.0,3,1,0
./graph_db_node_6/p_0_45/graph_n6_p0_45_idx4.gpickle,6,0.0,4,1,0
./graph_db_node_6/p_0_45/graph_n6_p0_45_idx5.gpickle,6,0.0,5,2,2
./graph_db_node_6/p_0_45/graph_n6_p0_45_idx6.gpickle,6,0.0,6,1,0
./graph_db_node_6/p_0_45/graph_n6_p0_45_idx7.gpickle,6,0.0,7,1,0
./graph_db_node_6/p_0_45/graph_n6_p0_45_idx8.gpickle,6,0.0,8,2,2
./graph_db_node_6/p_0_45/graph_n6_p0_45_idx9.gpickle,6,0.0,9,1,0
./graph_db_node_6/p_0_5/graph_n6_p0_5_idx1.gpickle,6,0.0,1,1,0
./graph_db_node_6/p_0_5/graph_n6_p0_5_idx10.gpickle,6,0.0,10,2,2
./graph_db_node_6/p_0_5/graph_n6_p0_5_idx2.gpickle,6,0.0,2,1,0
./graph_db_node_6/p_0_5/graph_n6_p0_5_idx3.gpickle,6,0.0,3,2,2
./graph_db_node_6/p_0_5/graph_n6_p0_5_idx4.gpickle,6,0.0,4,2,2
./graph_db_node_6/p_0_5/graph_n6_p0_5_idx5.gpickle,6,0.0,5,2,2
./graph_db_node_6/p_0_5/graph_n6_p0_5_idx6.gpickle,6,0.0,6,2,2
./graph_db_node_6/p_0_5/graph_n6_p0_5_idx7.gpickle,6,0.0,7,1,0
./graph_db_node_6/p_0_5/graph_n6_p0_5_idx8.gpickle,6,0.0,8,1,0
./graph_db_node_6/p_0_5/graph_n6_p0_5_idx9.gpickle,6,0.0,9,2,3
./graph_db_node_6/p_0_55/graph_n6_p0_55_idx1.gpickle,6,0.0,1,2,2
./graph_db_node_6/p_0_55/graph_n6_p0_55_idx10.gpickle,6,0.0,10,1,0
./graph_db_node_6/p_0_55/graph_n6_p0_55_idx2.gpickle,6,0.0,2,1,0
./graph_db_node_6/p_0_55/graph_n6_p0_55_idx3.gpickle,6,0.0,3,1,0
./graph_db_node_6/p_0_55/graph_n6_p0_55_idx4.gpickle,6,0.0,4,1,0
./graph_db_node_6/p_0_55/graph_n6_p0_55_idx5.gpickle,6,0.0,5,2,3
./graph_db_node_6/p_0_55/graph_n6_p0_55_idx6.gpickle,6,0.0,6,1,0
./graph_db_node_6/p_0_55/graph_n6_p0_55_idx7.gpickle,6,0.0,7,2,2
./graph_db_node_6/p_0_55/graph_n6_p0_55_idx8.gpickle,6,0.0,8,2,2
./graph_db_node_6/p_0_55/graph_n6_p0_55_idx9.gpickle,6,0.0,9,2,3
./graph_db_node_6/p_0_6/graph_n6_p0_6_idx1.gpickle,6,0.0,1,2,4
./graph_db_node_6/p_0_6/graph_n6_p0_6_idx10.gpickle,6,0.0,10,2,2
./graph_db_node_6/p_0_6/graph_n6_p0_6_idx2.gpickle,6,0.0,2,2,4
./graph_db_node_6/p_0_6/graph_n6_p0_6_idx3.gpickle,6,0.0,3,2,2
./graph_db_node_6/p_0_6/graph_n6_p0_6_idx4.gpickle,6,0.0,4,2,2
./graph_db_node_6/p_0_6/graph_n6_p0_6_idx5.gpickle,6,0.0,5,2,2
./graph_db_node_6/p_0_6/graph_n6_p0_6_idx6.gpickle,6,0.0,6,1,0
./graph_db_node_6/p_0_6/graph_n6_p0_6_idx7.gpickle,6,0.0,7,1,0
./graph_db_node_6/p_0_6/graph_n6_p0_6_idx8.gpickle,6,0.0,8,2,2
./graph_db_node_6/p_0_6/graph_n6_p0_6_idx9.gpickle,6,0.0,9,1,0
./graph_db_node_6/p_0_65/graph_n6_p0_65_idx1.gpickle,6,0.0,1,2,2
./graph_db_node_6/p_0_65/graph_n6_p0_65_idx10.gpickle,6,0.0,10,1,0
./graph_db_node_6/p_0_65/graph_n6_p0_65_idx2.gpickle,6,0.0,2,1,0
./graph_db_node_6/p_0_65/graph_n6_p0_65_idx3.gpickle,6,0.0,3,2,3
./graph_db_node_6/p_0_65/graph_n6_p0_65_idx4.gpickle,6,0.0,4,1,0
./graph_db_node_6/p_0_65/graph_n6_p0_65_idx5.gpickle,6,0.0,5,2,4
./graph_db_node_6/p_0_65/graph_n6_p0_65_idx6.gpickle,6,0.0,6,2,2
./graph_db_node_6/p_0_65/graph_n6_p0_65_idx7.gpickle,6,0.0,7,2,2
./graph_db_node_6/p_0_65/graph_n6_p0_65_idx8.gpickle,6,0.0,8,2,2
./graph_db_node_6/p_0_65/graph_n6_p0_65_idx9.gpickle,6,0.0,9,2,2
./graph_db_node_6/p_0_7/graph_n6_p0_7_idx1.gpickle,6,0.0,1,1,0
./graph_db_node_6/p_0_7/graph_n6_p0_7_idx10.gpickle,6,0.0,10,2,2
./graph_db_node_6/p_0_7/graph_n6_p0_7_idx2.gpickle,6,0.0,2,1,0
./graph_db_node_6/p_0_7/graph_n6_p0_7_idx3.gpickle,6,0.0,3,2,4
./graph_db_node_6/p_0_7/graph_n6_p0_7_idx4.gpickle,6,0.0,4,1,0
./graph_db_node_6/p_0_7/graph_n6_p0_7_idx5.gpickle,6,0.0,5,1,0
./graph_db_node_6/p_0_7/graph_n6_p0_7_idx6.gpickle,6,0.0,6,1,0
./graph_db_node_6/p_0_7/graph_n6_p0_7_idx7.gpickle,6,0.0,7,2,2
./graph_db_node_6/p_0_7/graph_n6_p0_7_idx8.gpickle,6,0.0,8,2,2
./graph_db_node_6/p_0_7/graph_n6_p0_7_idx9.gpickle,6,0.0,9,1,0
./graph_db_node_6/p_0_8/graph_n6_p0_8_idx1.gpickle,6,0.0,1,2,2
./graph_db_node_6/p_0_8/graph_n6_p0_8_idx10.gpickle,6,0.0,10,2,2
./graph_db_node_6/p_0_8/graph_n6_p0_8_idx2.gpickle,6,0.0,2,1,0
./graph_db_node_6/p_0_8/graph_n6_p0_8_idx3.gpickle,6,0.0,3,1,0
./graph_db_node_6/p_0_8/graph_n6_p0_8_idx4.gpickle,6,0.0,4,2,3
./graph_db_node_6/p_0_8/graph_n6_p0_8_idx5.gpickle,6,0.0,5,1,0
./graph_db_node_6/p_0_8/graph_n6_p0_8_idx6.gpickle,6,0.0,6,2,2
./graph_db_node_6/p_0_8/graph_n6_p0_8_idx7.gpickle,6,0.0,7,2,2
./graph_db_node_6/p_0_8/graph_n6_p0_8_idx8.gpickle,6,0.0,8,1,0
./graph_db_node_6/p_0_8/graph_n6_p0_8_idx9.gpickle,6,0.0,9,1,0
./graph_db_node_6/p_0_9/graph_n6_p0_9_idx1.gpickle,6,0.0,1,1,0
./graph_db_node_6/p_0_9/graph_n6_p0_9_idx10.gpickle,6,0.0,10,2,3
./graph_db_node_6/p_0_9/graph_n6_p0_9_idx2.gpickle,6,0.0,2,1,0
./graph_db_node_6/p_0_9/graph_n6_p0_9_idx3.gpickle,6,0.0,3,1,0
./graph_db_node_6/p_0_9/graph_n6_p0_9_idx4.gpickle,6,0.0,4,1,0
./graph_db_node_6/p_0_9/graph_n6_p0_9_idx5.gpickle,6,0.0,5,1,0
./graph_db_node_6/p_0_9/graph_n6_p0_9_idx6.gpickle,6,0.0,6,2,2
./graph_db_node_6/p_0_9/graph_n6_p0_9_idx7.gpickle,6,0.0,7,1,0
./graph_db_node_6/p_0_9/graph_n6_p0_9_idx8.gpickle,6,0.0,8,2,2
./graph_db_node_6/p_0_9/graph_n6_p0_9_idx9.gpickle,6,0.0,9,2,2
./random_graph_db/graph_db_node_10/01_p0.1/01_graph_n10_p0.1_idx1.gpickle,10,0.1,1,1,0
./random_graph_db/graph_db_node_10/01_p0.1/01_graph_n10_p0.1_idx10.gpickle,10,0.1,10,1,0
./random_graph_db/graph_db_node_10/01_p0.1/01_graph_n10_p0.1_idx2.gpickle,10,0.1,2,2,2
./random_graph_db/graph_db_node_10/01_p0.1/01_graph_n10_p0.1_idx3.gpickle,10,0.1,3,1,0
./random_graph_db/graph_db_node_10/01_p0.1/01_graph_n10_p0.1_idx4.gpickle,10,0.1,4,1,0
./random_graph_db/graph_db_node_10/01_p0.1/01_graph_n10_p0.1_idx5.gpickle,10,0.1,5,2,1
./random_graph_db/graph_db_node_10/01_p0.1/01_graph_n10_p0.1_idx6.gpickle,10,0.1,6,2,2
./random_graph_db/graph_db_node_10/01_p0.1/01_graph_n10_p0.1_idx7.gpickle,10,0.1,7,3,7
./random_graph_db/graph_db_node_10/01_p0.1/01_graph_n10_p0.1_idx8.gpickle,10,0.1,8,2,2
./random_graph_db/graph_db_node_10/01_p0.1/01_graph_n10_p0.1_idx9.gpickle,10,0.1,9,2,3
./random_graph_db/graph_db_node_10/02_p0.2/02_graph_n10_p0.2_idx1.gpickle,10,0.2,1,2,5
./random_graph_db/graph_db_node_10/02_p0.2/02_graph_n10_p0.2_idx10.gpickle,10,0.2,10,2,2
./random_graph_db/graph_db_node_10/02_p0.2/02_graph_n10_p0.2_idx2.gpickle,10,0.2,2,2,2
./random_graph_db/graph_db_node_10/02_p0.2/02_graph_n10_p0.2_idx3.gpickle,10,0.2,3,3,4
./random_graph_db/graph_db_node_10/02_p0.2/02_graph_n10_p0.2_idx4.gpickle,10,0.2,4,2,4
./random_graph_db/graph_db_node_10/02_p0.2/02_graph_n10_p0.2_idx5.gpickle,10,0.2,5,2,4
./random_graph_db/graph_db_node_10/02_p0.2/02_graph_n10_p0.2_idx6.gpickle,10,0.2,6,2,4
./random_graph_db/graph_db_node_10/02_p0.2/02_graph_n10_p0.2_idx7.gpickle,10,0.2,7,1,0
./random_graph_db/graph_db_node_10/02_p0.2/02_graph_n10_p0.2_idx8.gpickle,10,0.2,8,3,9
./random_graph_db/graph_db_node_10/02_p0.2/02_graph_n10_p0.2_idx9.gpickle,10,0.2,9,2,2
./random_graph_db/graph_db_node_10/03_p0.3/03_graph_n10_p0.3_idx1.gpickle,10,0.3,1,3,7
./random_graph_db/graph_db_node_10/03_p0.3/03_graph_n10_p0.3_idx10.gpickle,10,0.3,10,3,7
./random_graph_db/graph_db_node_10/03_p0.3/03_graph_n10_p0.3_idx2.gpickle,10,0.3,2,2,2
./random_graph_db/graph_db_node_10/03_p0.3/03_graph_n10_p0.3_idx3.gpickle,10,0.3,3,2,3
./random_graph_db/graph_db_node_10/03_p0.3/03_graph_n10_p0.3_idx4.gpickle,10,0.3,4,2,2
./random_graph_db/graph_db_node_10/03_p0.3/03_graph_n10_p0.3_idx5.gpickle,10,0.3,5,2,2
./random_graph_db/graph_db_node_10/03_p0.3/03_graph_n10_p0.3_idx6.gpickle,10,0.3,6,4,10
./random_graph_db/graph_db_node_10/03_p0.3/03_graph_n10_p0.3_idx7.gpickle,10,0.3,7,3,5
./random_graph_db/graph_db_node_10/03_p0.3/03_graph_n10_p0.3_idx8.gpickle,10,0.3,8,3,8
./random_graph_db/graph_db_node_10/03_p0.3/03_graph_n10_p0.3_idx9.gpickle,10,0.3,9,3,8
./random_graph_db/graph_db_node_10/04_p0.4/04_graph_n10_p0.4_idx1.gpickle,10,0.4,1,3,6
./random_graph_db/graph_db_node_10/04_p0.4/04_graph_n10_p0.4_idx10.gpickle,10,0.4,10,4,10
./random_graph_db/graph_db_node_10/04_p0.4/04_graph_n10_p0.4_idx2.gpickle,10,0.4,2,4,15
./random_graph_db/graph_db_node_10/04_p0.4/04_graph_n10_p0.4_idx3.gpickle,10,0.4,3,4,10
./random_graph_db/graph_db_node_10/04_p0.4/04_graph_n10_p0.4_idx4.gpickle,10,0.4,4,4,11
./random_graph_db/graph_db_node_10/04_p0.4/04_graph_n10_p0.4_idx5.gpickle,10,0.4,5,3,7
./random_graph_db/graph_db_node_10/04_p0.4/04_graph_n10_p0.4_idx6.gpickle,10,0.4,6,2,3
./random_graph_db/graph_db_node_10/04_p0.4/04_graph_n10_p0.4_idx7.gpickle,10,0.4,7,4,11
./random_graph_db/graph_db_node_10/04_p0.4/04_graph_n10_p0.4_idx8.gpickle,10,0.4,8,3,5
./random_graph_db/graph_db_node_10/04_p0.4/04_graph_n10_p0.4_idx9.gpickle,10,0.4,9,3,9
./random_graph_db/graph_db_node_10/05_p0.45/05_graph_n10_p0.45_idx1.gpickle,10,0.45,1,4,13
./random_graph_db/graph_db_node_10/05_p0.45/05_graph_n10_p0.45_idx10.gpickle,10,0.45,10,3,13
./random_graph_db/graph_db_node_10/05_p0.45/05_graph_n10_p0.45_idx2.gpickle,10,0.45,2,4,9
./random_graph_db/graph_db_node_10/05_p0.45/05_graph_n10_p0.45_idx3.gpickle,10,0.45,3,3,5
./random_graph_db/graph_db_node_10/05_p0.45/05_graph_n10_p0.45_idx4.gpickle,10,0.45,4,2,3
./random_graph_db/graph_db_node_10/05_p0.45/05_graph_n10_p0.45_idx5.gpickle,10,0.45,5,4,11
./random_graph_db/graph_db_node_10/05_p0.45/05_graph_n10_p0.45_idx6.gpickle,10,0.45,6,3,7
./random_graph_db/graph_db_node_10/05_p0.45/05_graph_n10_p0.45_idx7.gpickle,10,0.45,7,2,5
./random_graph_db/graph_db_node_10/05_p0.45/05_graph_n10_p0.45_idx8.gpickle,10,0.45,8,4,12
./random_graph_db/graph_db_node_10/05_p0.45/05_graph_n10_p0.45_idx9.gpickle,10,0.45,9,4,11
./random_graph_db/graph_db_node_10/06_p0.5/06_graph_n10_p0.5_idx1.gpickle,10,0.5,1,4,9
./random_graph_db/graph_db_node_10/06_p0.5/06_graph_n10_p0.5_idx10.gpickle,10,0.5,10,4,13
./random_graph_db/graph_db_node_10/06_p0.5/06_graph_n10_p0.5_idx2.gpickle,10,0.5,2,4,14
./random_graph_db/graph_db_node_10/06_p0.5/06_graph_n10_p0.5_idx3.gpickle,10,0.5,3,4,16
./random_graph_db/graph_db_node_10/06_p0.5/06_graph_n10_p0.5_idx4.gpickle,10,0.5,4,3,8
./random_graph_db/graph_db_node_10/06_p0.5/06_graph_n10_p0.5_idx5.gpickle,10,0.5,5,3,7
./random_graph_db/graph_db_node_10/06_p0.5/06_graph_n10_p0.5_idx6.gpickle,10,0.5,6,4,11
./random_graph_db/graph_db_node_10/06_p0.5/06_graph_n10_p0.5_idx7.gpickle,10,0.5,7,3,6
./random_graph_db/graph_db_node_10/06_p0.5/06_graph_n10_p0.5_idx8.gpickle,10,0.5,8,4,10
./random_graph_db/graph_db_node_10/06_p0.5/06_graph_n10_p0.5_idx9.gpickle,10,0.5,9,3,9
./random_graph_db/graph_db_node_10/07_p0.55/07_graph_n10_p0.55_idx1.gpickle,10,0.55,1,3,8
./random_graph_db/graph_db_node_10/07_p0.55/07_graph_n10_p0.55_idx10.gpickle,10,0.55,10,4,9
./random_graph_db/graph_db_node_10/07_p0.55/07_graph_n10_p0.55_idx2.gpickle,10,0.55,2,3,6
./random_graph_db/graph_db_node_10/07_p0.55/07_graph_n10_p0.55_idx3.gpickle,10,0.55,3,4,11
./random_graph_db/graph_db_node_10/07_p0.55/07_graph_n10_p0.55_idx4.gpickle,10,0.55,4,3,7
./random_graph_db/graph_db_node_10/07_p0.55/07_graph_n10_p0.55_idx5.gpickle,10,0.55,5,4,8
./random_graph_db/graph_db_node_10/07_p0.55/07_graph_n10_p0.55_idx6.gpickle,10,0.55,6,4,10
./random_graph_db/graph_db_node_10/07_p0.55/07_graph_n10_p0.55_idx7.gpickle,10,0.55,7,3,11
./random_graph_db/graph_db_node_10/07_p0.55/07_graph_n10_p0.55_idx8.gpickle,10,0.55,8,4,12
./random_graph_db/graph_db_node_10/07_p0.55/07_graph_n10_p0.55_idx9.gpickle,10,0.55,9,3,6
./random_graph_db/graph_db_node_10/08_p0.6/08_graph_n10_p0.6_idx1.gpickle,10,0.6,1,4,12
./random_graph_db/graph_db_node_10/08_p0.6/08_graph_n10_p0.6_idx10.gpickle,10,0.6,10,4,13
./random_graph_db/graph_db_node_10/08_p0.6/08_graph_n10_p0.6_idx2.gpickle,10,0.6,2,4,12
./random_graph_db/graph_db_node_10/08_p0.6/08_graph_n10_p0.6_idx3.gpickle,10,0.6,3,4,6
./random_graph_db/graph_db_node_10/08_p0.6/08_graph_n10_p0.6_idx4.gpickle,10,0.6,4,4,12
./random_graph_db/graph_db_node_10/08_p0.6/08_graph_n10_p0.6_idx5.gpickle,10,0.6,5,4,14
./random_graph_db/graph_db_node_10/08_p0.6/08_graph_n10_p0.6_idx6.gpickle,10,0.6,6,4,11
./random_graph_db/graph_db_node_10/08_p0.6/08_graph_n10_p0.6_idx7.gpickle,10,0.6,7,4,12
./random_graph_db/graph_db_node_10/08_p0.6/08_graph_n10_p0.6_idx8.gpickle,10,0.6,8,3,5
./random_graph_db/graph_db_node_10/08_p0.6/08_graph_n10_p0.6_idx9.gpickle,10,0.6,9,4,14
./random_graph_db/graph_db_node_10/09_p0.65/09_graph_n10_p0.65_idx1.gpickle,10,0.65,1,3,9
./random_graph_db/graph_db_node_10/09_p0.65/09_graph_n10_p0.65_idx10.gpickle,10,0.65,10,2,4
./random_graph_db/graph_db_node_10/09_p0.65/09_graph_n10_p0.65_idx2.gpickle,10,0.65,2,4,15
./random_graph_db/graph_db_node_10/09_p0.65/09_graph_n10_p0.65_idx3.gpickle,10,0.65,3,3,9
./random_graph_db/graph_db_node_10/09_p0.65/09_graph_n10_p0.65_idx4.gpickle,10,0.65,4,4,11
./random_graph_db/graph_db_node_10/09_p0.65/09_graph_n10_p0.65_idx5.gpickle,10,0.65,5,4,19
./random_graph_db/graph_db_node_10/09_p0.65/09_graph_n10_p0.65_idx6.gpickle,10,0.65,6,3,7
./random_graph_db/graph_db_node_10/09_p0.65/09_graph_n10_p0.65_idx7.gpickle,10,0.65,7,4,9
./random_graph_db/graph_db_node_10/09_p0.65/09_graph_n10_p0.65_idx8.gpickle,10,0.65,8,3,7
./random_graph_db/graph_db_node_10/09_p0.65/09_graph_n10_p0.65_idx9.gpickle,10,0.65,9,4,12
./random_graph_db/graph_db_node_10/10_p0.7/10_graph_n10_p0.7_idx1.gpickle,10,0.7,1,3,6
./random_graph_db/graph_db_node_10/10_p0.7/10_graph_n10_p0.7_idx10.gpickle,10,0.7,10,4,9
./random_graph_db/graph_db_node_10/10_p0.7/10_graph_n10_p0.7_idx2.gpickle,10,0.7,2,4,14
./random_graph_db/graph_db_node_10/10_p0.7/10_graph_n10_p0.7_idx3.gpickle,10,0.7,3,3,11
./random_graph_db/graph_db_node_10/10_p0.7/10_graph_n10_p0.7_idx4.gpickle,10,0.7,4,3,7
./random_graph_db/graph_db_node_10/10_p0.7/10_graph_n10_p0.7_idx5.gpickle,10,0.7,5,3,8
./random_graph_db/graph_db_node_10/10_p0.7/10_graph_n10_p0.7_idx6.gpickle,10,0.7,6,4,13
./random_graph_db/graph_db_node_10/10_p0.7/10_graph_n10_p0.7_idx7.gpickle,10,0.7,7,4,11
./random_graph_db/graph_db_node_10/10_p0.7/10_graph_n10_p0.7_idx8.gpickle,10,0.7,8,4,13
./random_graph_db/graph_db_node_10/10_p0.7/10_graph_n10_p0.7_idx9.gpickle,10,0.7,9,4,13
./random_graph_db/graph_db_node_10/11_p0.8/11_graph_n10_p0.8_idx1.gpickle,10,0.8,1,2,4
./random_graph_db/graph_db_node_10/11_p0.8/11_graph_n10_p0.8_idx10.gpickle,10,0.8,10,3,7
./random_graph_db/graph_db_node_10/11_p0.8/11_graph_n10_p0.8_idx2.gpickle,10,0.8,2,2,4
./random_graph_db/graph_db_node_10/11_p0.8/11_graph_n10_p0.8_idx3.gpickle,10,0.8,3,3,7
./random_graph_db/graph_db_node_10/11_p0.8/11_graph_n10_p0.8_idx4.gpickle,10,0.8,4,3,5
./random_graph_db/graph_db_node_10/11_p0.8/11_graph_n10_p0.8_idx5.gpickle,10,0.8,5,3,10
./random_graph_db/graph_db_node_10/11_p0.8/11_graph_n10_p0.8_idx6.gpickle,10,0.8,6,3,5
./random_graph_db/graph_db_node_10/11_p0.8/11_graph_n10_p0.8_idx7.gpickle,10,0.8,7,2,5
./random_graph_db/graph_db_node_10/11_p0.8/11_graph_n10_p0.8_idx8.gpickle,10,0.8,8,2,6
./random_graph_db/graph_db_node_10/11_p0.8/11_graph_n10_p0.8_idx9.gpickle,10,0.8,9,3,6
./random_graph_db/graph_db_node_10/12_p0.9/12_graph_n10_p0.9_idx1.gpickle,10,0.9,1,2,2
./random_graph_db/graph_db_node_10/12_p0.9/12_graph_n10_p0.9_idx10.gpickle,10,0.9,10,1,0
./random_graph_db/graph_db_node_10/12_p0.9/12_graph_n10_p0.9_idx2.gpickle,10,0.9,2,2,1
./random_graph_db/graph_db_node_10/12_p0.9/12_graph_n10_p0.9_idx3.gpickle,10,0.9,3,2,2
./random_graph_db/graph_db_node_10/12_p0.9/12_graph_n10_p0.9_idx4.gpickle,10,0.9,4,2,4
./random_graph_db/graph_db_node_10/12_p0.9/12_graph_n10_p0.9_idx5.gpickle,10,0.9,5,2,2
./random_graph_db/graph_db_node_10/12_p0.9/12_graph_n10_p0.9_idx6.gpickle,10,0.9,6,1,0
./random_graph_db/graph_db_node_10/12_p0.9/12_graph_n10_p0.9_idx7.gpickle,10,0.9,7,3,4
./random_graph_db/graph_db_node_10/12_p0.9/12_graph_n10_p0.9_idx8.gpickle,10,0.9,8,3,4
./random_graph_db/graph_db_node_10/12_p0.9/12_graph_n10_p0.9_idx9.gpickle,10,0.9,9,3,3
./random_graph_db/graph_db_node_11/01_p0.1/01_graph_n11_p0.1_idx1.gpickle,11,0.1,1,1,0
./random_graph_db/graph_db_node_11/01_p0.1/01_graph_n11_p0.1_idx10.gpickle,11,0.1,10,2,2
./random_graph_db/graph_db_node_11/01_p0.1/01_graph_n11_p0.1_idx2.gpickle,11,0.1,2,2,2
./random_graph_db/graph_db_node_11/01_p0.1/01_graph_n11_p0.1_idx3.gpickle,11,0.1,3,1,0
./random_graph_db/graph_db_node_11/01_p0.1/01_graph_n11_p0.1_idx4.gpickle,11,0.1,4,2,2
./random_graph_db/graph_db_node_11/01_p0.1/01_graph_n11_p0.1_idx5.gpickle,11,0.1,5,2,3
./random_graph_db/graph_db_node_11/01_p0.1/01_graph_n11_p0.1_idx6.gpickle,11,0.1,6,1,0
./random_graph_db/graph_db_node_11/01_p0.1/01_graph_n11_p0.1_idx7.gpickle,11,0.1,7,3,3
./random_graph_db/graph_db_node_11/01_p0.1/01_graph_n11_p0.1_idx8.gpickle,11,0.1,8,1,0
./random_graph_db/graph_db_node_11/01_p0.1/01_graph_n11_p0.1_idx9.gpickle,11,0.1,9,1,0
./random_graph_db/graph_db_node_11/02_p0.2/02_graph_n11_p0.2_idx1.gpickle,11,0.2,1,3,6
./random_graph_db/graph_db_node_11/02_p0.2/02_graph_n11_p0.2_idx10.gpickle,11,0.2,10,2,3
./random_graph_db/graph_db_node_11/02_p0.2/02_graph_n11_p0.2_idx2.gpickle,11,0.2,2,2,5
./random_graph_db/graph_db_node_11/02_p0.2/02_graph_n11_p0.2_idx3.gpickle,11,0.2,3,3,8
./random_graph_db/graph_db_node_11/02_p0.2/02_graph_n11_p0.2_idx4.gpickle,11,0.2,4,3,7
./random_graph_db/graph_db_node_11/02_p0.2/02_graph_n11_p0.2_idx5.gpickle,11,0.2,5,3,10
./random_graph_db/graph_db_node_11/02_p0.2/02_graph_n11_p0.2_idx6.gpickle,11,0.2,6,2,1
./random_graph_db/graph_db_node_11/02_p0.2/02_graph_n11_p0.2_idx7.gpickle,11,0.2,7,2,2
./random_graph_db/graph_db_node_11/02_p0.2/02_graph_n11_p0.2_idx8.gpickle,11,0.2,8,2,1
./random_graph_db/graph_db_node_11/02_p0.2/02_graph_n11_p0.2_idx9.gpickle,11,0.2,9,2,3
./random_graph_db/graph_db_node_11/03_p0.3/03_graph_n11_p0.3_idx1.gpickle,11,0.3,1,3,4
./random_graph_db/graph_db_node_11/03_p0.3/03_graph_n11_p0.3_idx10.gpickle,11,0.3,10,3,9
./random_graph_db/graph_db_node_11/03_p0.3/03_graph_n11_p0.3_idx2.gpickle,11,0.3,2,3,8
./random_graph_db/graph_db_node_11/03_p0.3/03_graph_n11_p0.3_idx3.gpickle,11,0.3,3,4,10
./random_graph_db/graph_db_node_11/03_p0.3/03_graph_n11_p0.3_idx4.gpickle,11,0.3,4,4,14
./random_graph_db/graph_db_node_11/03_p0.3/03_graph_n11_p0.3_idx5.gpickle,11,0.3,5,3,7
./random_graph_db/graph_db_node_11/03_p0.3/03_graph_n11_p0.3_idx6.gpickle,11,0.3,6,4,14
./random_graph_db/graph_db_node_11/03_p0.3/03_graph_n11_p0.3_idx7.gpickle,11,0.3,7,3,6
./random_graph_db/graph_db_node_11/03_p0.3/03_graph_n11_p0.3_idx8.gpickle,11,0.3,8,3,8
./random_graph_db/graph_db_node_11/03_p0.3/03_graph_n11_p0.3_idx9.gpickle,11,0.3,9,3,11
./random_graph_db/graph_db_node_11/04_p0.4/04_graph_n11_p0.4_idx1.gpickle,11,0.4,1,4,9
./random_graph_db/graph_db_node_11/04_p0.4/04_graph_n11_p0.4_idx10.gpickle,11,0.4,10,3,9
./random_graph_db/graph_db_node_11/04_p0.4/04_graph_n11_p0.4_idx2.gpickle,11,0.4,2,3,8
./random_graph_db/graph_db_node_11/04_p0.4/04_graph_n11_p0.4_idx3.gpickle,11,0.4,3,5,22
./random_graph_db/graph_db_node_11/04_p0.4/04_graph_n11_p0.4_idx4.gpickle,11,0.4,4,4,17
./random_graph_db/graph_db_node_11/04_p0.4/04_graph_n11_p0.4_idx5.gpickle,11,0.4,5,3,9
./random_graph_db/graph_db_node_11/04_p0.4/04_graph_n11_p0.4_idx6.gpickle,11,0.4,6,4,9
./random_graph_db/graph_db_node_11/04_p0.4/04_graph_n11_p0.4_idx7.gpickle,11,0.4,7,4,10
./random_graph_db/graph_db_node_11/04_p0.4/04_graph_n11_p0.4_idx8.gpickle,11,0.4,8,4,14
./random_graph_db/graph_db_node_11/04_p0.4/04_graph_n11_p0.4_idx9.gpickle,11,0.4,9,4,10
./random_graph_db/graph_db_node_11/05_p0.45/05_graph_n11_p0.45_idx1.gpickle,11,0.45,1,4,12
./random_graph_db/graph_db_node_11/05_p0.45/05_graph_n11_p0.45_idx10.gpickle,11,0.45,10,4,14
./random_graph_db/graph_db_node_11/05_p0.45/05_graph_n11_p0.45_idx2.gpickle,11,0.45,2,5,24
./random_graph_db/graph_db_node_11/05_p0.45/05_graph_n11_p0.45_idx3.gpickle,11,0.45,3,3,9
./random_graph_db/graph_db_node_11/05_p0.45/05_graph_n11_p0.45_idx4.gpickle,11,0.45,4,3,6
./random_graph_db/graph_db_node_11/05_p0.45/05_graph_n11_p0.45_idx5.gpickle,11,0.45,5,4,17
./random_graph_db/graph_db_node_11/05_p0.45/05_graph_n11_p0.45_idx6.gpickle,11,0.45,6,4,15
./random_graph_db/graph_db_node_11/05_p0.45/05_graph_n11_p0.45_idx7.gpickle,11,0.45,7,3,8
./random_graph_db/graph_db_node_11/05_p0.45/05_graph_n11_p0.45_idx8.gpickle,11,0.45,8,4,17
./random_graph_db/graph_db_node_11/05_p0.45/05_graph_n11_p0.45_idx9.gpickle,11,0.45,9,4,16
./random_graph_db/graph_db_node_11/06_p0.5/06_graph_n11_p0.5_idx1.gpickle,11,0.5,1,4,19
./random_graph_db/graph_db_node_11/06_p0.5/06_graph_n11_p0.5_idx10.gpickle,11,0.5,10,5,19
./random_graph_db/graph_db_node_11/06_p0.5/06_graph_n11_p0.5_idx2.gpickle,11,0.5,2,4,13
./random_graph_db/graph_db_node_11/06_p0.5/06_graph_n11_p0.5_idx3.gpickle,11,0.5,3,4,9
./random_graph_db/graph_db_node_11/06_p0.5/06_graph_n11_p0.5_idx4.gpickle,11,0.5,4,4,12
./random_graph_db/graph_db_node_11/06_p0.5/06_graph_n11_p0.5_idx5.gpickle,11,0.5,5,4,12
./random_graph_db/graph_db_node_11/06_p0.5/06_graph_n11_p0.5_idx6.gpickle,11,0.5,6,4,13
./random_graph_db/graph_db_node_11/06_p0.5/06_graph_n11_p0.5_idx7.gpickle,11,0.5,7,4,13
./random_graph_db/graph_db_node_11/06_p0.5/06_graph_n11_p0.5_idx8.gpickle,11,0.5,8,4,13
./random_graph_db/graph_db_node_11/06_p0.5/06_graph_n11_p0.5_idx9.gpickle,11,0.5,9,4,13
./random_graph_db/graph_db_node_11/07_p0.55/07_graph_n11_p0.55_idx1.gpickle,11,0.55,1,4,20
./random_graph_db/graph_db_node_11/07_p0.55/07_graph_n11_p0.55_idx10.gpickle,11,0.55,10,5,18
./random_graph_db/graph_db_node_11/07_p0.55/07_graph_n11_p0.55_idx2.gpickle,11,0.55,2,4,11
./random_graph_db/graph_db_node_11/07_p0.55/07_graph_n11_p0.55_idx3.gpickle,11,0.55,3,4,14
./random_graph_db/graph_db_node_11/07_p0.55/07_graph_n11_p0.55_idx4.gpickle,11,0.55,4,4,11
./random_graph_db/graph_db_node_11/07_p0.55/07_graph_n11_p0.55_idx5.gpickle,11,0.55,5,4,14
./random_graph_db/graph_db_node_11/07_p0.55/07_graph_n11_p0.55_idx6.gpickle,11,0.55,6,4,15
./random_graph_db/graph_db_node_11/07_p0.55/07_graph_n11_p0.55_idx7.gpickle,11,0.55,7,5,21
./random_graph_db/graph_db_node_11/07_p0.55/07_graph_n11_p0.55_idx8.gpickle,11,0.55,8,4,10
./random_graph_db/graph_db_node_11/07_p0.55/07_graph_n11_p0.55_idx9.gpickle,11,0.55,9,4,13
./random_graph_db/graph_db_node_11/08_p0.6/08_graph_n11_p0.6_idx1.gpickle,11,0.6,1,4,14
./random_graph_db/graph_db_node_11/08_p0.6/08_graph_n11_p0.6_idx10.gpickle,11,0.6,10,4,16
./random_graph_db/graph_db_node_11/08_p0.6/08_graph_n11_p0.6_idx2.gpickle,11,0.6,2,4,14
./random_graph_db/graph_db_node_11/08_p0.6/08_graph_n11_p0.6_idx3.gpickle,11,0.6,3,4,15
./random_graph_db/graph_db_node_11/08_p0.6/08_graph_n11_p0.6_idx4.gpickle,11,0.6,4,4,17
./random_graph_db/graph_db_node_11/08_p0.6/08_graph_n11_p0.6_idx5.gpickle,11,0.6,5,4,15
./random_graph_db/graph_db_node_11/08_p0.6/08_graph_n11_p0.6_idx6.gpickle,11,0.6,6,4,11
./random_graph_db/graph_db_node_11/08_p0.6/08_graph_n11_p0.6_idx7.gpickle,11,0.6,7,4,11
./random_graph_db/graph_db_node_11/08_p0.6/08_graph_n11_p0.6_idx8.gpickle,11,0.6,8,4,17
./random_graph_db/graph_db_node_11/08_p0.6/08_graph_n11_p0.6_idx9.gpickle,11,0.6,9,4,11
./random_graph_db/graph_db_node_11/09_p0.65/09_graph_n11_p0.65_idx1.gpickle,11,0.65,1,3,10
./random_graph_db/graph_db_node_11/09_p0.65/09_graph_n11_p0.65_idx10.gpickle,11,0.65,10,4,12
./random_graph_db/graph_db_node_11/09_p0.65/09_graph_n11_p0.65_idx2.gpickle,11,0.65,2,4,19
./random_graph_db/graph_db_node_11/09_p0.65/09_graph_n11_p0.65_idx3.gpickle,11,0.65,3,4,15
./random_graph_db/graph_db_node_11/09_p0.65/09_graph_n11_p0.65_idx4.gpickle,11,0.65,4,3,13
./random_graph_db/graph_db_node_11/09_p0.65/09_graph_n11_p0.65_idx5.gpickle,11,0.65,5,4,16
./random_graph_db/graph_db_node_11/09_p0.65/09_graph_n11_p0.65_idx6.gpickle,11,0.65,6,5,16
./random_graph_db/graph_db_node_11/09_p0.65/09_graph_n11_p0.65_idx7.gpickle,11,0.65,7,4,13
./random_graph_db/graph_db_node_11/09_p0.65/09_graph_n11_p0.65_idx8.gpickle,11,0.65,8,4,16
./random_graph_db/graph_db_node_11/09_p0.65/09_graph_n11_p0.65_idx9.gpickle,11,0.65,9,4,17
./random_graph_db/graph_db_node_11/10_p0.7/10_graph_n11_p0.7_idx1.gpickle,11,0.7,1,3,9
./random_graph_db/graph_db_node_11/10_p0.7/10_graph_n11_p0.7_idx10.gpickle,11,0.7,10,4,11
./random_graph_db/graph_db_node_11/10_p0.7/10_graph_n11_p0.7_idx2.gpickle,11,0.7,2,4,25
./random_graph_db/graph_db_node_11/10_p0.7/10_graph_n11_p0.7_idx3.gpickle,11,0.7,3,4,10
./random_graph_db/graph_db_node_11/10_p0.7/10_graph_n11_p0.7_idx4.gpickle,11,0.7,4,5,17
./random_graph_db/graph_db_node_11/10_p0.7/10_graph_n11_p0.7_idx5.gpickle,11,0.7,5,4,9
./random_graph_db/graph_db_node_11/10_p0.7/10_graph_n11_p0.7_idx6.gpickle,11,0.7,6,4,11
./random_graph_db/graph_db_node_11/10_p0.7/10_graph_n11_p0.7_idx7.gpickle,11,0.7,7,4,16
./random_graph_db/graph_db_node_11/10_p0.7/10_graph_n11_p0.7_idx8.gpickle,11,0.7,8,3,13
./random_graph_db/graph_db_node_11/10_p0.7/10_graph_n11_p0.7_idx9.gpickle,11,0.7,9,4,13
./random_graph_db/graph_db_node_11/11_p0.8/11_graph_n11_p0.8_idx1.gpickle,11,0.8,1,3,10
./random_graph_db/graph_db_node_11/11_p0.8/11_graph_n11_p0.8_idx10.gpickle,11,0.8,10,2,6
./random_graph_db/graph_db_node_11/11_p0.8/11_graph_n11_p0.8_idx2.gpickle,11,0.8,2,3,3
./random_graph_db/graph_db_node_11/11_p0.8/11_graph_n11_p0.8_idx3.gpickle,11,0.8,3,2,4
./random_graph_db/graph_db_node_11/11_p0.8/11_graph_n11_p0.8_idx4.gpickle,11,0.8,4,3,7
./random_graph_db/graph_db_node_11/11_p0.8/11_graph_n11_p0.8_idx5.gpickle,11,0.8,5,4,11
./random_graph_db/graph_db_node_11/11_p0.8/11_graph_n11_p0.8_idx6.gpickle,11,0.8,6,3,7
./random_graph_db/graph_db_node_11/11_p0.8/11_graph_n11_p0.8_idx7.gpickle,11,0.8,7,3,7
./random_graph_db/graph_db_node_11/11_p0.8/11_graph_n11_p0.8_idx8.gpickle,11,0.8,8,3,10
./random_graph_db/graph_db_node_11/11_p0.8/11_graph_n11_p0.8_idx9.gpickle,11,0.8,9,4,9
./random_graph_db/graph_db_node_11/12_p0.9/12_graph_n11_p0.9_idx1.gpickle,11,0.9,1,3,4
./random_graph_db/graph_db_node_11/12_p0.9/12_graph_n11_p0.9_idx10.gpickle,11,0.9,10,3,4
./random_graph_db/graph_db_node_11/12_p0.9/12_graph_n11_p0.9_idx2.gpickle,11,0.9,2,2,2
./random_graph_db/graph_db_node_11/12_p0.9/12_graph_n11_p0.9_idx3.gpickle,11,0.9,3,3,5
./random_graph_db/graph_db_node_11/12_p0.9/12_graph_n11_p0.9_idx4.gpickle,11,0.9,4,4,9
./random_graph_db/graph_db_node_11/12_p0.9/12_graph_n11_p0.9_idx5.gpickle,11,0.9,5,2,4
./random_graph_db/graph_db_node_11/12_p0.9/12_graph_n11_p0.9_idx6.gpickle,11,0.9,6,1,0
./random_graph_db/graph_db_node_11/12_p0.9/12_graph_n11_p0.9_idx7.gpickle,11,0.9,7,2,2
./random_graph_db/graph_db_node_11/12_p0.9/12_graph_n11_p0.9_idx8.gpickle,11,0.9,8,3,3
./random_graph_db/graph_db_node_11/12_p0.9/12_graph_n11_p0.9_idx9.gpickle,11,0.9,9,2,3
./random_graph_db/graph_db_node_12/01_p0.1/01_graph_n12_p0.1_idx1.gpickle,12,0.1,1,3,4
./random_graph_db/graph_db_node_12/01_p0.1/01_graph_n12_p0.1_idx10.gpickle,12,0.1,10,2,2
./random_graph_db/graph_db_node_12/01_p0.1/01_graph_n12_p0.1_idx2.gpickle,12,0.1,2,2,3
./random_graph_db/graph_db_node_12/01_p0.1/01_graph_n12_p0.1_idx3.gpickle,12,0.1,3,2,2
./random_graph_db/graph_db_node_12/01_p0.1/01_graph_n12_p0.1_idx4.gpickle,12,0.1,4,2,3
./random_graph_db/graph_db_node_12/01_p0.1/01_graph_n12_p0.1_idx5.gpickle,12,0.1,5,2,2
./random_graph_db/graph_db_node_12/01_p0.1/01_graph_n12_p0.1_idx6.gpickle,12,0.1,6,2,4
./random_graph_db/graph_db_node_12/01_p0.1/01_graph_n12_p0.1_idx7.gpickle,12,0.1,7,3,4
./random_graph_db/graph_db_node_12/01_p0.1/01_graph_n12_p0.1_idx8.gpickle,12,0.1,8,1,0
./random_graph_db/graph_db_node_12/01_p0.1/01_graph_n12_p0.1_idx9.gpickle,12,0.1,9,2,4
./random_graph_db/graph_db_node_12/02_p0.2/02_graph_n12_p0.2_idx1.gpickle,12,0.2,1,3,8
./random_graph_db/graph_db_node_12/02_p0.2/02_graph_n12_p0.2_idx10.gpickle,12,0.2,10,3,5
./random_graph_db/graph_db_node_12/02_p0.2/02_graph_n12_p0.2_idx2.gpickle,12,0.2,2,2,3
./random_graph_db/graph_db_node_12/02_p0.2/02_graph_n12_p0.2_idx3.gpickle,12,0.2,3,3,9
./random_graph_db/graph_db_node_12/02_p0.2/02_graph_n12_p0.2_idx4.gpickle,12,0.2,4,3,8
./random_graph_db/graph_db_node_12/02_p0.2/02_graph_n12_p0.2_idx5.gpickle,12,0.2,5,3,7
./random_graph_db/graph_db_node_12/02_p0.2/02_graph_n12_p0.2_idx6.gpickle,12,0.2,6,3,11
./random_graph_db/graph_db_node_12/02_p0.2/02_graph_n12_p0.2_idx7.gpickle,12,0.2,7,3,4
./random_graph_db/graph_db_node_12/02_p0.2/02_graph_n12_p0.2_idx8.gpickle,12,0.2,8,3,4
./random_graph_db/graph_db_node_12/02_p0.2/02_graph_n12_p0.2_idx9.gpickle,12,0.2,9,3,5
./random_graph_db/graph_db_node_12/03_p0.3/03_graph_n12_p0.3_idx1.gpickle,12,0.3,1,4,13
./random_graph_db/graph_db_node_12/03_p0.3/03_graph_n12_p0.3_idx10.gpickle,12,0.3,10,3,10
./random_graph_db/graph_db_node_12/03_p0.3/03_graph_n12_p0.3_idx2.gpickle,12,0.3,2,4,12
./random_graph_db/graph_db_node_12/03_p0.3/03_graph_n12_p0.3_idx3.gpickle,12,0.3,3,3,8
./random_graph_db/graph_db_node_12/03_p0.3/03_graph_n12_p0.3_idx4.gpickle,12,0.3,4,3,6
./random_graph_db/graph_db_node_12/03_p0.3/03_graph_n12_p0.3_idx5.gpickle,12,0.3,5,3,6
./random_graph_db/graph_db_node_12/03_p0.3/03_graph_n12_p0.3_idx6.gpickle,12,0.3,6,2,4
./random_graph_db/graph_db_node_12/03_p0.3/03_graph_n12_p0.3_idx7.gpickle,12,0.3,7,5,16
./random_graph_db/graph_db_node_12/03_p0.3/03_graph_n12_p0.3_idx8.gpickle,12,0.3,8,3,10
./random_graph_db/graph_db_node_12/03_p0.3/03_graph_n12_p0.3_idx9.gpickle,12,0.3,9,4,15
./random_graph_db/graph_db_node_12/04_p0.4/04_graph_n12_p0.4_idx1.gpickle,12,0.4,1,5,18
./random_graph_db/graph_db_node_12/04_p0.4/04_graph_n12_p0.4_idx10.gpickle,12,0.4,10,4,19
./random_graph_db/graph_db_node_12/04_p0.4/04_graph_n12_p0.4_idx2.gpickle,12,0.4,2,4,14
./random_graph_db/graph_db_node_12/04_p0.4/04_graph_n12_p0.4_idx3.gpickle,12,0.4,3,4,12
./random_graph_db/graph_db_node_12/04_p0.4/04_graph_n12_p0.4_idx4.gpickle,12,0.4,4,4,12
./random_graph_db/graph_db_node_12/04_p0.4/04_graph_n12_p0.4_idx5.gpickle,12,0.4,5,4,11
./random_graph_db/graph_db_node_12/04_p0.4/04_graph_n12_p0.4_idx6.gpickle,12,0.4,6,5,21
./random_graph_db/graph_db_node_12/04_p0.4/04_graph_n12_p0.4_idx7.gpickle,12,0.4,7,5,17
./random_graph_db/graph_db_node_12/04_p0.4/04_graph_n12_p0.4_idx8.gpickle,12,0.4,8,4,14
./random_graph_db/graph_db_node_12/04_p0.4/04_graph_n12_p0.4_idx9.gpickle,12,0.4,9,5,14
./random_graph_db/graph_db_node_12/05_p0.45/05_graph_n12_p0.45_idx1.gpickle,12,0.45,1,5,21
./random_graph_db/graph_db_node_12/05_p0.45/05_graph_n12_p0.45_idx10.gpickle,12,0.45,10,5,18
./random_graph_db/graph_db_node_12/05_p0.45/05_graph_n12_p0.45_idx2.gpickle,12,0.45,2,5,21
./random_graph_db/graph_db_node_12/05_p0.45/05_graph_n12_p0.45_idx3.gpickle,12,0.45,3,5,17
./random_graph_db/graph_db_node_12/05_p0.45/05_graph_n12_p0.45_idx4.gpickle,12,0.45,4,4,16
./random_graph_db/graph_db_node_12/05_p0.45/05_graph_n12_p0.45_idx5.gpickle,12,0.45,5,4,18
./random_graph_db/graph_db_node_12/05_p0.45/05_graph_n12_p0.45_idx6.gpickle,12,0.45,6,5,21
./random_graph_db/graph_db_node_12/05_p0.45/05_graph_n12_p0.45_idx7.gpickle,12,0.45,7,5,16
./random_graph_db/graph_db_node_12/05_p0.45/05_graph_n12_p0.45_idx8.gpickle,12,0.45,8,5,18
./random_graph_db/graph_db_node_12/05_p0.45/05_graph_n12_p0.45_idx9.gpickle,12,0.45,9,4,13
./random_graph_db/graph_db_node_12/06_p0.5/06_graph_n12_p0.5_idx1.gpickle,12,0.5,1,4,14
./random_graph_db/graph_db_node_12/06_p0.5/06_graph_n12_p0.5_idx10.gpickle,12,0.5,10,4,14
./random_graph_db/graph_db_node_12/06_p0.5/06_graph_n12_p0.5_idx2.gpickle,12,0.5,2,4,14
./random_graph_db/graph_db_node_12/06_p0.5/06_graph_n12_p0.5_idx3.gpickle,12,0.5,3,4,17
./random_graph_db/graph_db_node_12/06_p0.5/06_graph_n12_p0.5_idx4.gpickle,12,0.5,4,5,15
./random_graph_db/graph_db_node_12/06_p0.5/06_graph_n12_p0.5_idx5.gpickle,12,0.5,5,5,25
./random_graph_db/graph_db_node_12/06_p0.5/06_graph_n12_p0.5_idx6.gpickle,12,0.5,6,4,17
./random_graph_db/graph_db_node_12/06_p0.5/06_graph_n12_p0.5_idx7.gpickle,12,0.5,7,3,9
./random_graph_db/graph_db_node_12/06_p0.5/06_graph_n12_p0.5_idx8.gpickle,12,0.5,8,5,28
./random_graph_db/graph_db_node_12/06_p0.5/06_graph_n12_p0.5_idx9.gpickle,12,0.5,9,4,17
./random_graph_db/graph_db_node_12/07_p0.55/07_graph_n12_p0.55_idx1.gpickle,12,0.55,1,5,19
./random_graph_db/graph_db_node_12/07_p0.55/07_graph_n12_p0.55_idx10.gpickle,12,0.55,10,5,21
./random_graph_db/graph_db_node_12/07_p0.55/07_graph_n12_p0.55_idx2.gpickle,12,0.55,2,4,17
./random_graph_db/graph_db_node_12/07_p0.55/07_graph_n12_p0.55_idx3.gpickle,12,0.55,3,4,18
./random_graph_db/graph_db_node_12/07_p0.55/07_graph_n12_p0.55_idx4.gpickle,12,0.55,4,5,26
./random_graph_db/graph_db_node_12/07_p0.55/07_graph_n12_p0.55_idx5.gpickle,12,0.55,5,4,23
./random_graph_db/graph_db_node_12/07_p0.55/07_graph_n12_p0.55_idx6.gpickle,12,0.55,6,5,15
./random_graph_db/graph_db_node_12/07_p0.55/07_graph_n12_p0.55_idx7.gpickle,12,0.55,7,5,23
./random_graph_db/graph_db_node_12/07_p0.55/07_graph_n12_p0.55_idx8.gpickle,12,0.55,8,5,20
./random_graph_db/graph_db_node_12/07_p0.55/07_graph_n12_p0.55_idx9.gpickle,12,0.55,9,4,17
./random_graph_db/graph_db_node_12/08_p0.6/08_graph_n12_p0.6_idx1.gpickle,12,0.6,1,5,16
./random_graph_db/graph_db_node_12/08_p0.6/08_graph_n12_p0.6_idx10.gpickle,12,0.6,10,4,12
./random_graph_db/graph_db_node_12/08_p0.6/08_graph_n12_p0.6_idx2.gpickle,12,0.6,2,4,14
./random_graph_db/graph_db_node_12/08_p0.6/08_graph_n12_p0.6_idx3.gpickle,12,0.6,3,5,21
./random_graph_db/graph_db_node_12/08_p0.6/08_graph_n12_p0.6_idx4.gpickle,12,0.6,4,5,20
./random_graph_db/graph_db_node_12/08_p0.6/08_graph_n12_p0.6_idx5.gpickle,12,0.6,5,5,16
./random_graph_db/graph_db_node_12/08_p0.6/08_graph_n12_p0.6_idx6.gpickle,12,0.6,6,5,20
./random_graph_db/graph_db_node_12/08_p0.6/08_graph_n12_p0.6_idx7.gpickle,12,0.6,7,4,18
./random_graph_db/graph_db_node_12/08_p0.6/08_graph_n12_p0.6_idx8.gpickle,12,0.6,8,4,13
./random_graph_db/graph_db_node_12/08_p0.6/08_graph_n12_p0.6_idx9.gpickle,12,0.6,9,4,13
./random_graph_db/graph_db_node_12/09_p0.65/09_graph_n12_p0.65_idx1.gpickle,12,0.65,1,5,13
./random_graph_db/graph_db_node_12/09_p0.65/09_graph_n12_p0.65_idx10.gpickle,12,0.65,10,5,29
./random_graph_db/graph_db_node_12/09_p0.65/09_graph_n12_p0.65_idx2.gpickle,12,0.65,2,4,18
./random_graph_db/graph_db_node_12/09_p0.65/09_graph_n12_p0.65_idx3.gpickle,12,0.65,3,5,15
./random_graph_db/graph_db_node_12/09_p0.65/09_graph_n12_p0.65_idx4.gpickle,12,0.65,4,4,18
./random_graph_db/graph_db_node_12/09_p0.65/09_graph_n12_p0.65_idx5.gpickle,12,0.65,5,5,18
./random_graph_db/graph_db_node_12/09_p0.65/09_graph_n12_p0.65_idx6.gpickle,12,0.65,6,4,15
./random_graph_db/graph_db_node_12/09_p0.65/09_graph_n12_p0.65_idx7.gpickle,12,0.65,7,5,19
./random_graph_db/graph_db_node_12/09_p0.65/09_graph_n12_p0.65_idx8.gpickle,12,0.65,8,4,17
./random_graph_db/graph_db_node_12/09_p0.65/09_graph_n12_p0.65_idx9.gpickle,12,0.65,9,4,15
./random_graph_db/graph_db_node_12/10_p0.7/10_graph_n12_p0.7_idx1.gpickle,12,0.7,1,4,8
./random_graph_db/graph_db_node_12/10_p0.7/10_graph_n12_p0.7_idx10.gpickle,12,0.7,10,5,20
./random_graph_db/graph_db_node_12/10_p0.7/10_graph_n12_p0.7_idx2.gpickle,12,0.7,2,4,13
./random_graph_db/graph_db_node_12/10_p0.7/10_graph_n12_p0.7_idx3.gpickle,12,0.7,3,4,12
./random_graph_db/graph_db_node_12/10_p0.7/10_graph_n12_p0.7_idx4.gpickle,12,0.7,4,4,13
./random_graph_db/graph_db_node_12/10_p0.7/10_graph_n12_p0.7_idx5.gpickle,12,0.7,5,4,18
./random_graph_db/graph_db_node_12/10_p0.7/10_graph_n12_p0.7_idx6.gpickle,12,0.7,6,5,18
./random_graph_db/graph_db_node_12/10_p0.7/10_graph_n12_p0.7_idx7.gpickle,12,0.7,7,4,16
./random_graph_db/graph_db_node_12/10_p0.7/10_graph_n12_p0.7_idx8.gpickle,12,0.7,8,4,17
./random_graph_db/graph_db_node_12/10_p0.7/10_graph_n12_p0.7_idx9.gpickle,12,0.7,9,5,22
./random_graph_db/graph_db_node_12/11_p0.8/11_graph_n12_p0.8_idx1.gpickle,12,0.8,1,3,7
./random_graph_db/graph_db_node_12/11_p0.8/11_graph_n12_p0.8_idx10.gpickle,12,0.8,10,4,9
./random_graph_db/graph_db_node_12/11_p0.8/11_graph_n12_p0.8_idx2.gpickle,12,0.8,2,5,8
./random_graph_db/graph_db_node_12/11_p0.8/11_graph_n12_p0.8_idx3.gpickle,12,0.8,3,4,11
./random_graph_db/graph_db_node_12/11_p0.8/11_graph_n12_p0.8_idx4.gpickle,12,0.8,4,3,9
./random_graph_db/graph_db_node_12/11_p0.8/11_graph_n12_p0.8_idx5.gpickle,12,0.8,5,3,9
./random_graph_db/graph_db_node_12/11_p0.8/11_graph_n12_p0.8_idx6.gpickle,12,0.8,6,4,10
./random_graph_db/graph_db_node_12/11_p0.8/11_graph_n12_p0.8_idx7.gpickle,12,0.8,7,4,10
./random_graph_db/graph_db_node_12/11_p0.8/11_graph_n12_p0.8_idx8.gpickle,12,0.8,8,3,10
./random_graph_db/graph_db_node_12/11_p0.8/11_graph_n12_p0.8_idx9.gpickle,12,0.8,9,4,11
./random_graph_db/graph_db_node_12/12_p0.9/12_graph_n12_p0.9_idx1.gpickle,12,0.9,1,2,2
./random_graph_db/graph_db_node_12/12_p0.9/12_graph_n12_p0.9_idx10.gpickle,12,0.9,10,3,6
./random_graph_db/graph_db_node_12/12_p0.9/12_graph_n12_p0.9_idx2.gpickle,12,0.9,2,3,4
./random_graph_db/graph_db_node_12/12_p0.9/12_graph_n12_p0.9_idx3.gpickle,12,0.9,3,4,8
./random_graph_db/graph_db_node_12/12_p0.9/12_graph_n12_p0.9_idx4.gpickle,12,0.9,4,2,3
./random_graph_db/graph_db_node_12/12_p0.9/12_graph_n12_p0.9_idx5.gpickle,12,0.9,5,3,5
./random_graph_db/graph_db_node_12/12_p0.9/12_graph_n12_p0.9_idx6.gpickle,12,0.9,6,2,1
./random_graph_db/graph_db_node_12/12_p0.9/12_graph_n12_p0.9_idx7.gpickle,12,0.9,7,3,3
./random_graph_db/graph_db_node_12/12_p0.9/12_graph_n12_p0.9_idx8.gpickle,12,0.9,8,2,5
./random_graph_db/graph_db_node_12/12_p0.9/12_graph_n12_p0.9_idx9.gpickle,12,0.9,9,5,7
./random_graph_db/graph_db_node_13/01_p0.1/01_graph_n13_p0.1_idx1.gpickle,13,0.1,1,3,3
./random_graph_db/graph_db_node_13/01_p0.1/01_graph_n13_p0.1_idx10.gpickle,13,0.1,10,2,2
./random_graph_db/graph_db_node_13/01_p0.1/01_graph_n13_p0.1_idx2.gpickle,13,0.1,2,3,4
./random_graph_db/graph_db_node_13/01_p0.1/01_graph_n13_p0.1_idx3.gpickle,13,0.1,3,3,9
./random_graph_db/graph_db_node_13/01_p0.1/01_graph_n13_p0.1_idx4.gpickle,13,0.1,4,1,0
./random_graph_db/graph_db_node_13/01_p0.1/01_graph_n13_p0.1_idx5.gpickle,13,0.1,5,2,3
./random_graph_db/graph_db_node_13/01_p0.1/01_graph_n13_p0.1_idx6.gpickle,13,0.1,6,2,4
./random_graph_db/graph_db_node_13/01_p0.1/01_graph_n13_p0.1_idx7.gpickle,13,0.1,7,3,5
./random_graph_db/graph_db_node_13/01_p0.1/01_graph_n13_p0.1_idx8.gpickle,13,0.1,8,4,7
./random_graph_db/graph_db_node_13/01_p0.1/01_graph_n13_p0.1_idx9.gpickle,13,0.1,9,2,5
./random_graph_db/graph_db_node_13/02_p0.2/02_graph_n13_p0.2_idx1.gpickle,13,0.2,1,4,9
./random_graph_db/graph_db_node_13/02_p0.2/02_graph_n13_p0.2_idx10.gpickle,13,0.2,10,3,3
./random_graph_db/graph_db_node_13/02_p0.2/02_graph_n13_p0.2_idx2.gpickle,13,0.2,2,3,7
./random_graph_db/graph_db_node_13/02_p0.2/02_graph_n13_p0.2_idx3.gpickle,13,0.2,3,3,3
./random_graph_db/graph_db_node_13/02_p0.2/02_graph_n13_p0.2_idx4.gpickle,13,0.2,4,4,6
./random_graph_db/graph_db_node_13/02_p0.2/02_graph_n13_p0.2_idx5.gpickle,13,0.2,5,2,3
./random_graph_db/graph_db_node_13/02_p0.2/02_graph_n13_p0.2_idx6.gpickle,13,0.2,6,2,6
./random_graph_db/graph_db_node_13/02_p0.2/02_graph_n13_p0.2_idx7.gpickle,13,0.2,7,2,2
./random_graph_db/graph_db_node_13/02_p0.2/02_graph_n13_p0.2_idx8.gpickle,13,0.2,8,3,5
./random_graph_db/graph_db_node_13/02_p0.2/02_graph_n13_p0.2_idx9.gpickle,13,0.2,9,4,17
./random_graph_db/graph_db_node_13/03_p0.3/03_graph_n13_p0.3_idx1.gpickle,13,0.3,1,5,17
./random_graph_db/graph_db_node_13/03_p0.3/03_graph_n13_p0.3_idx10.gpickle,13,0.3,10,4,9
./random_graph_db/graph_db_node_13/03_p0.3/03_graph_n13_p0.3_idx2.gpickle,13,0.3,2,5,16
./random_graph_db/graph_db_node_13/03_p0.3/03_graph_n13_p0.3_idx3.gpickle,13,0.3,3,3,10
./random_graph_db/graph_db_node_13/03_p0.3/03_graph_n13_p0.3_idx4.gpickle,13,0.3,4,4,13
./random_graph_db/graph_db_node_13/03_p0.3/03_graph_n13_p0.3_idx5.gpickle,13,0.3,5,3,10
./random_graph_db/graph_db_node_13/03_p0.3/03_graph_n13_p0.3_idx6.gpickle,13,0.3,6,3,6
./random_graph_db/graph_db_node_13/03_p0.3/03_graph_n13_p0.3_idx7.gpickle,13,0.3,7,3,10
./random_graph_db/graph_db_node_13/03_p0.3/03_graph_n13_p0.3_idx8.gpickle,13,0.3,8,4,12
./random_graph_db/graph_db_node_13/03_p0.3/03_graph_n13_p0.3_idx9.gpickle,13,0.3,9,3,10
./random_graph_db/graph_db_node_13/04_p0.4/04_graph_n13_p0.4_idx1.gpickle,13,0.4,1,4,16
./random_graph_db/graph_db_node_13/04_p0.4/04_graph_n13_p0.4_idx10.gpickle,13,0.4,10,5,21
./random_graph_db/graph_db_node_13/04_p0.4/04_graph_n13_p0.4_idx2.gpickle,13,0.4,2,4,17
./random_graph_db/graph_db_node_13/04_p0.4/04_graph_n13_p0.4_idx3.gpickle,13,0.4,3,4,18
./random_graph_db/graph_db_node_13/04_p0.4/04_graph_n13_p0.4_idx4.gpickle,13,0.4,4,5,26
./random_graph_db/graph_db_node_13/04_p0.4/04_graph_n13_p0.4_idx5.gpickle,13,0.4,5,5,18
./random_graph_db/graph_db_node_13/04_p0.4/04_graph_n13_p0.4_idx6.gpickle,13,0.4,6,5,15
./random_graph_db/graph_db_node_13/04_p0.4/04_graph_n13_p0.4_idx7.gpickle,13,0.4,7,5,23
./random_graph_db/graph_db_node_13/04_p0.4/04_graph_n13_p0.4_idx8.gpickle,13,0.4,8,5,22
./random_graph_db/graph_db_node_13/04_p0.4/04_graph_n13_p0.4_idx9.gpickle,13,0.4,9,5,20
./random_graph_db/graph_db_node_13/05_p0.45/05_graph_n13_p0.45_idx1.gpickle,13,0.45,1,4,22
./random_graph_db/graph_db_node_13/05_p0.45/05_graph_n13_p0.45_idx10.gpickle,13,0.45,10,5,20
./random_graph_db/graph_db_node_13/05_p0.45/05_graph_n13_p0.45_idx2.gpickle,13,0.45,2,5,20
./random_graph_db/graph_db_node_13/05_p0.45/05_graph_n13_p0.45_idx3.gpickle,13,0.45,3,5,25
./random_graph_db/graph_db_node_13/05_p0.45/05_graph_n13_p0.45_idx4.gpickle,13,0.45,4,5,19
./random_graph_db/graph_db_node_13/05_p0.45/05_graph_n13_p0.45_idx5.gpickle,13,0.45,5,4,18
./random_graph_db/graph_db_node_13/05_p0.45/05_graph_n13_p0.45_idx6.gpickle,13,0.45,6,5,16
./random_graph_db/graph_db_node_13/05_p0.45/05_graph_n13_p0.45_idx7.gpickle,13,0.45,7,5,24
./random_graph_db/graph_db_node_13/05_p0.45/05_graph_n13_p0.45_idx8.gpickle,13,0.45,8,5,27
./random_graph_db/graph_db_node_13/05_p0.45/05_graph_n13_p0.45_idx9.gpickle,13,0.45,9,5,20
./random_graph_db/graph_db_node_13/06_p0.5/06_graph_n13_p0.5_idx1.gpickle,13,0.5,1,5,26
./random_graph_db/graph_db_node_13/06_p0.5/06_graph_n13_p0.5_idx10.gpickle,13,0.5,10,5,26
./random_graph_db/graph_db_node_13/06_p0.5/06_graph_n13_p0.5_idx2.gpickle,13,0.5,2,5,21
./random_graph_db/graph_db_node_13/06_p0.5/06_graph_n13_p0.5_idx3.gpickle,13,0.5,3,5,22
./random_graph_db/graph_db_node_13/06_p0.5/06_graph_n13_p0.5_idx4.gpickle,13,0.5,4,6,29
./random_graph_db/graph_db_node_13/06_p0.5/06_graph_n13_p0.5_idx5.gpickle,13,0.5,5,5,23
./random_graph_db/graph_db_node_13/06_p0.5/06_graph_n13_p0.5_idx6.gpickle,13,0.5,6,5,20
./random_graph_db/graph_db_node_13/06_p0.5/06_graph_n13_p0.5_idx7.gpickle,13,0.5,7,5,23
./random_graph_db/graph_db_node_13/06_p0.5/06_graph_n13_p0.5_idx8.gpickle,13,0.5,8,5,25
./random_graph_db/graph_db_node_13/06_p0.5/06_graph_n13_p0.5_idx9.gpickle,13,0.5,9,5,27
./random_graph_db/graph_db_node_13/07_p0.55/07_graph_n13_p0.55_idx1.gpickle,13,0.55,1,6,28
./random_graph_db/graph_db_node_13/07_p0.55/07_graph_n13_p0.55_idx10.gpickle,13,0.55,10,5,24
./random_graph_db/graph_db_node_13/07_p0.55/07_graph_n13_p0.55_idx2.gpickle,13,0.55,2,5,17
./random_graph_db/graph_db_node_13/07_p0.55/07_graph_n13_p0.55_idx3.gpickle,13,0.55,3,5,26
./random_graph_db/graph_db_node_13/07_p0.55/07_graph_n13_p0.55_idx4.gpickle,13,0.55,4,5,17
./random_graph_db/graph_db_node_13/07_p0.55/07_graph_n13_p0.55_idx5.gpickle,13,0.55,5,5,24
./random_graph_db/graph_db_node_13/07_p0.55/07_graph_n13_p0.55_idx6.gpickle,13,0.55,6,5,24
./random_graph_db/graph_db_node_13/07_p0.55/07_graph_n13_p0.55_idx7.gpickle,13,0.55,7,5,24
./random_graph_db/graph_db_node_13/07_p0.55/07_graph_n13_p0.55_idx8.gpickle,13,0.55,8,5,21
./random_graph_db/graph_db_node_13/07_p0.55/07_graph_n13_p0.55_idx9.gpickle,13,0.55,9,5,25
./random_graph_db/graph_db_node_13/08_p0.6/08_graph_n13_p0.6_idx1.gpickle,13,0.6,1,5,25
./random_graph_db/graph_db_node_13/08_p0.6/08_graph_n13_p0.6_idx10.gpickle,13,0.6,10,5,20
./random_graph_db/graph_db_node_13/08_p0.6/08_graph_n13_p0.6_idx2.gpickle,13,0.6,2,4,13
./random_graph_db/graph_db_node_13/08_p0.6/08_graph_n13_p0.6_idx3.gpickle,13,0.6,3,6,30
./random_graph_db/graph_db_node_13/08_p0.6/08_graph_n13_p0.6_idx4.gpickle,13,0.6,4,4,18
./random_graph_db/graph_db_node_13/08_p0.6/08_graph_n13_p0.6_idx5.gpickle,13,0.6,5,4,15
./random_graph_db/graph_db_node_13/08_p0.6/08_graph_n13_p0.6_idx6.gpickle,13,0.6,6,5,22
./random_graph_db/graph_db_node_13/08_p0.6/08_graph_n13_p0.6_idx7.gpickle,13,0.6,7,5,27
./random_graph_db/graph_db_node_13/08_p0.6/08_graph_n13_p0.6_idx8.gpickle,13,0.6,8,5,27
./random_graph_db/graph_db_node_13/08_p0.6/08_graph_n13_p0.6_idx9.gpickle,13,0.6,9,5,21
./random_graph_db/graph_db_node_13/09_p0.65/09_graph_n13_p0.65_idx1.gpickle,13,0.65,1,5,28
./random_graph_db/graph_db_node_13/09_p0.65/09_graph_n13_p0.65_idx10.gpickle,13,0.65,10,6,29
./random_graph_db/graph_db_node_13/09_p0.65/09_graph_n13_p0.65_idx2.gpickle,13,0.65,2,4,18
./random_graph_db/graph_db_node_13/09_p0.65/09_graph_n13_p0.65_idx3.gpickle,13,0.65,3,5,24
./random_graph_db/graph_db_node_13/09_p0.65/09_graph_n13_p0.65_idx4.gpickle,13,0.65,4,5,24
./random_graph_db/graph_db_node_13/09_p0.65/09_graph_n13_p0.65_idx5.gpickle,13,0.65,5,4,21
./random_graph_db/graph_db_node_13/09_p0.65/09_graph_n13_p0.65_idx6.gpickle,13,0.65,6,5,22
./random_graph_db/graph_db_node_13/09_p0.65/09_graph_n13_p0.65_idx7.gpickle,13,0.65,7,5,16
./random_graph_db/graph_db_node_13/09_p0.65/09_graph_n13_p0.65_idx8.gpickle,13,0.65,8,5,24
./random_graph_db/graph_db_node_13/09_p0.65/09_graph_n13_p0.65_idx9.gpickle,13,0.65,9,4,17
./random_graph_db/graph_db_node_13/10_p0.7/10_graph_n13_p0.7_idx1.gpickle,13,0.7,1,5,17
./random_graph_db/graph_db_node_13/10_p0.7/10_graph_n13_p0.7_idx10.gpickle,13,0.7,10,5,17
./random_graph_db/graph_db_node_13/10_p0.7/10_graph_n13_p0.7_idx2.gpickle,13,0.7,2,4,19
./random_graph_db/graph_db_node_13/10_p0.7/10_graph_n13_p0.7_idx3.gpickle,13,0.7,3,4,10
./random_graph_db/graph_db_node_13/10_p0.7/10_graph_n13_p0.7_idx4.gpickle,13,0.7,4,6,30
./random_graph_db/graph_db_node_13/10_p0.7/10_graph_n13_p0.7_idx5.gpickle,13,0.7,5,5,24
./random_graph_db/graph_db_node_13/10_p0.7/10_graph_n13_p0.7_idx6.gpickle,13,0.7,6,4,14
./random_graph_db/graph_db_node_13/10_p0.7/10_graph_n13_p0.7_idx7.gpickle,13,0.7,7,5,17
./random_graph_db/graph_db_node_13/10_p0.7/10_graph_n13_p0.7_idx8.gpickle,13,0.7,8,5,28
./random_graph_db/graph_db_node_13/10_p0.7/10_graph_n13_p0.7_idx9.gpickle,13,0.7,9,5,19
./random_graph_db/graph_db_node_13/11_p0.8/11_graph_n13_p0.8_idx1.gpickle,13,0.8,1,3,6
./random_graph_db/graph_db_node_13/11_p0.8/11_graph_n13_p0.8_idx10.gpickle,13,0.8,10,3,9
./random_graph_db/graph_db_node_13/11_p0.8/11_graph_n13_p0.8_idx2.gpickle,13,0.8,2,3,8
./random_graph_db/graph_db_node_13/11_p0.8/11_graph_n13_p0.8_idx3.gpickle,13,0.8,3,4,14
./random_graph_db/graph_db_node_13/11_p0.8/11_graph_n13_p0.8_idx4.gpickle,13,0.8,4,4,15
./random_graph_db/graph_db_node_13/11_p0.8/11_graph_n13_p0.8_idx5.gpickle,13,0.8,5,4,9
./random_graph_db/graph_db_node_13/11_p0.8/11_graph_n13_p0.8_idx6.gpickle,13,0.8,6,5,10
./random_graph_db/graph_db_node_13/11_p0.8/11_graph_n13_p0.8_idx7.gpickle,13,0.8,7,3,7
./random_graph_db/graph_db_node_13/11_p0.8/11_graph_n13_p0.8_idx8.gpickle,13,0.8,8,4,15
./random_graph_db/graph_db_node_13/11_p0.8/11_graph_n13_p0.8_idx9.gpickle,13,0.8,9,5,14
./random_graph_db/graph_db_node_13/12_p0.9/12_graph_n13_p0.9_idx1.gpickle,13,0.9,1,4,4
./random_graph_db/graph_db_node_13/12_p0.9/12_graph_n13_p0.9_idx10.gpickle,13,0.9,10,4,11
./random_graph_db/graph_db_node_13/12_p0.9/12_graph_n13_p0.9_idx2.gpickle,13,0.9,2,3,3
./random_graph_db/graph_db_node_13/12_p0.9/12_graph_n13_p0.9_idx3.gpickle,13,0.9,3,3,8
./random_graph_db/graph_db_node_13/12_p0.9/12_graph_n13_p0.9_idx4.gpickle,13,0.9,4,4,12
./random_graph_db/graph_db_node_13/12_p0.9/12_graph_n13_p0.9_idx5.gpickle,13,0.9,5,4,6
./random_graph_db/graph_db_node_13/12_p0.9/12_graph_n13_p0.9_idx6.gpickle,13,0.9,6,3,3
./random_graph_db/graph_db_node_13/12_p0.9/12_graph_n13_p0.9_idx7.gpickle,13,0.9,7,2,3
./random_graph_db/graph_db_node_13/12_p0.9/12_graph_n13_p0.9_idx8.gpickle,13,0.9,8,3,3
./random_graph_db/graph_db_node_13/12_p0.9/12_graph_n13_p0.9_idx9.gpickle,13,0.9,9,2,4
./random_graph_db/graph_db_node_14/01_p0.1/01_graph_n14_p0.1_idx1.gpickle,14,0.1,1,2,4
./random_graph_db/graph_db_node_14/01_p0.1/01_graph_n14_p0.1_idx10.gpickle,14,0.1,10,2,4
./random_graph_db/graph_db_node_14/01_p0.1/01_graph_n14_p0.1_idx2.gpickle,14,0.1,2,2,3
./random_graph_db/graph_db_node_14/01_p0.1/01_graph_n14_p0.1_idx3.gpickle,14,0.1,3,2,2
./random_graph_db/graph_db_node_14/01_p0.1/01_graph_n14_p0.1_idx4.gpickle,14,0.1,4,2,2
./random_graph_db/graph_db_node_14/01_p0.1/01_graph_n14_p0.1_idx5.gpickle,14,0.1,5,2,1
./random_graph_db/graph_db_node_14/01_p0.1/01_graph_n14_p0.1_idx6.gpickle,14,0.1,6,2,2
./random_graph_db/graph_db_node_14/01_p0.1/01_graph_n14_p0.1_idx7.gpickle,14,0.1,7,2,3
./random_graph_db/graph_db_node_14/01_p0.1/01_graph_n14_p0.1_idx8.gpickle,14,0.1,8,4,7
./random_graph_db/graph_db_node_14/01_p0.1/01_graph_n14_p0.1_idx9.gpickle,14,0.1,9,4,8
./random_graph_db/graph_db_node_14/02_p0.2/02_graph_n14_p0.2_idx1.gpickle,14,0.2,1,3,7
./random_graph_db/graph_db_node_14/02_p0.2/02_graph_n14_p0.2_idx10.gpickle,14,0.2,10,3,8
./random_graph_db/graph_db_node_14/02_p0.2/02_graph_n14_p0.2_idx2.gpickle,14,0.2,2,3,7
./random_graph_db/graph_db_node_14/02_p0.2/02_graph_n14_p0.2_idx3.gpickle,14,0.2,3,3,6
./random_graph_db/graph_db_node_14/02_p0.2/02_graph_n14_p0.2_idx4.gpickle,14,0.2,4,5,12
./random_graph_db/graph_db_node_14/02_p0.2/02_graph_n14_p0.2_idx5.gpickle,14,0.2,5,5,12
./random_graph_db/graph_db_node_14/02_p0.2/02_graph_n14_p0.2_idx6.gpickle,14,0.2,6,3,5
./random_graph_db/graph_db_node_14/02_p0.2/02_graph_n14_p0.2_idx7.gpickle,14,0.2,7,3,5
./random_graph_db/graph_db_node_14/02_p0.2/02_graph_n14_p0.2_idx8.gpickle,14,0.2,8,4,10
./random_graph_db/graph_db_node_14/02_p0.2/02_graph_n14_p0.2_idx9.gpickle,14,0.2,9,4,13
./random_graph_db/graph_db_node_14/03_p0.3/03_graph_n14_p0.3_idx1.gpickle,14,0.3,1,5,15
./random_graph_db/graph_db_node_14/03_p0.3/03_graph_n14_p0.3_idx10.gpickle,14,0.3,10,6,25
./random_graph_db/graph_db_node_14/03_p0.3/03_graph_n14_p0.3_idx2.gpickle,14,0.3,2,4,10
./random_graph_db/graph_db_node_14/03_p0.3/03_graph_n14_p0.3_idx3.gpickle,14,0.3,3,3,10
./random_graph_db/graph_db_node_14/03_p0.3/03_graph_n14_p0.3_idx4.gpickle,14,0.3,4,5,17
./random_graph_db/graph_db_node_14/03_p0.3/03_graph_n14_p0.3_idx5.gpickle,14,0.3,5,6,29
./random_graph_db/graph_db_node_14/03_p0.3/03_graph_n14_p0.3_idx6.gpickle,14,0.3,6,4,14
./random_graph_db/graph_db_node_14/03_p0.3/03_graph_n14_p0.3_idx7.gpickle,14,0.3,7,4,14
./random_graph_db/graph_db_node_14/03_p0.3/03_graph_n14_p0.3_idx8.gpickle,14,0.3,8,4,13
./random_graph_db/graph_db_node_14/03_p0.3/03_graph_n14_p0.3_idx9.gpickle,14,0.3,9,5,27
./random_graph_db/graph_db_node_14/04_p0.4/04_graph_n14_p0.4_idx1.gpickle,14,0.4,1,6,31
./random_graph_db/graph_db_node_14/04_p0.4/04_graph_n14_p0.4_idx10.gpickle,14,0.4,10,5,20
./random_graph_db/graph_db_node_14/04_p0.4/04_graph_n14_p0.4_idx2.gpickle,14,0.4,2,5,29
./random_graph_db/graph_db_node_14/04_p0.4/04_graph_n14_p0.4_idx3.gpickle,14,0.4,3,6,31
./random_graph_db/graph_db_node_14/04_p0.4/04_graph_n14_p0.4_idx4.gpickle,14,0.4,4,6,34
./random_graph_db/graph_db_node_14/04_p0.4/04_graph_n14_p0.4_idx5.gpickle,14,0.4,5,5,18
./random_graph_db/graph_db_node_14/04_p0.4/04_graph_n14_p0.4_idx6.gpickle,14,0.4,6,5,19
./random_graph_db/graph_db_node_14/04_p0.4/04_graph_n14_p0.4_idx7.gpickle,14,0.4,7,5,25
./random_graph_db/graph_db_node_14/04_p0.4/04_graph_n14_p0.4_idx8.gpickle,14,0.4,8,5,20
./random_graph_db/graph_db_node_14/04_p0.4/04_graph_n14_p0.4_idx9.gpickle,14,0.4,9,6,31
./random_graph_db/graph_db_node_14/05_p0.45/05_graph_n14_p0.45_idx1.gpickle,14,0.45,1,5,26
./random_graph_db/graph_db_node_14/05_p0.45/05_graph_n14_p0.45_idx10.gpickle,14,0.45,10,5,18
./random_graph_db/graph_db_node_14/05_p0.45/05_graph_n14_p0.45_idx2.gpickle,14,0.45,2,5,25
./random_graph_db/graph_db_node_14/05_p0.45/05_graph_n14_p0.45_idx3.gpickle,14,0.45,3,5,18
./random_graph_db/graph_db_node_14/05_p0.45/05_graph_n14_p0.45_idx4.gpickle,14,0.45,4,5,21
./random_graph_db/graph_db_node_14/05_p0.45/05_graph_n14_p0.45_idx5.gpickle,14,0.45,5,6,28
./random_graph_db/graph_db_node_14/05_p0.45/05_graph_n14_p0.45_idx6.gpickle,14,0.45,6,6,37
./random_graph_db/graph_db_node_14/05_p0.45/05_graph_n14_p0.45_idx7.gpickle,14,0.45,7,5,18
./random_graph_db/graph_db_node_14/05_p0.45/05_graph_n14_p0.45_idx8.gpickle,14,0.45,8,6,28
./random_graph_db/graph_db_node_14/05_p0.45/05_graph_n14_p0.45_idx9.gpickle,14,0.45,9,5,28
./random_graph_db/graph_db_node_14/06_p0.5/06_graph_n14_p0.5_idx1.gpickle,14,0.5,1,6,25
./random_graph_db/graph_db_node_14/06_p0.5/06_graph_n14_p0.5_idx10.gpickle,14,0.5,10,5,25
./random_graph_db/graph_db_node_14/06_p0.5/06_graph_n14_p0.5_idx2.gpickle,14,0.5,2,5,27
./random_graph_db/graph_db_node_14/06_p0.5/06_graph_n14_p0.5_idx3.gpickle,14,0.5,3,5,23
./random_graph_db/graph_db_node_14/06_p0.5/06_graph_n14_p0.5_idx4.gpickle,14,0.5,4,5,23
./random_graph_db/graph_db_node_14/06_p0.5/06_graph_n14_p0.5_idx5.gpickle,14,0.5,5,6,25
./random_graph_db/graph_db_node_14/06_p0.5/06_graph_n14_p0.5_idx6.gpickle,14,0.5,6,5,27
./random_graph_db/graph_db_node_14/06_p0.5/06_graph_n14_p0.5_idx7.gpickle,14,0.5,7,6,23
./random_graph_db/graph_db_node_14/06_p0.5/06_graph_n14_p0.5_idx8.gpickle,14,0.5,8,5,26
./random_graph_db/graph_db_node_14/06_p0.5/06_graph_n14_p0.5_idx9.gpickle,14,0.5,9,5,23
./random_graph_db/graph_db_node_14/07_p0.55/07_graph_n14_p0.55_idx1.gpickle,14,0.55,1,5,28
./random_graph_db/graph_db_node_14/07_p0.55/07_graph_n14_p0.55_idx10.gpickle,14,0.55,10,5,23
./random_graph_db/graph_db_node_14/07_p0.55/07_graph_n14_p0.55_idx2.gpickle,14,0.55,2,6,23
./random_graph_db/graph_db_node_14/07_p0.55/07_graph_n14_p0.55_idx3.gpickle,14,0.55,3,5,29
./random_graph_db/graph_db_node_14/07_p0.55/07_graph_n14_p0.55_idx4.gpickle,14,0.55,4,6,21
./random_graph_db/graph_db_node_14/07_p0.55/07_graph_n14_p0.55_idx5.gpickle,14,0.55,5,6,25
./random_graph_db/graph_db_node_14/07_p0.55/07_graph_n14_p0.55_idx6.gpickle,14,0.55,6,5,25
./random_graph_db/graph_db_node_14/07_p0.55/07_graph_n14_p0.55_idx7.gpickle,14,0.55,7,5,15
./random_graph_db/graph_db_node_14/07_p0.55/07_graph_n14_p0.55_idx8.gpickle,14,0.55,8,6,35
./random_graph_db/graph_db_node_14/07_p0.55/07_graph_n14_p0.55_idx9.gpickle,14,0.55,9,6,22
./random_graph_db/graph_db_node_14/08_p0.6/08_graph_n14_p0.6_idx1.gpickle,14,0.6,1,5,25
./random_graph_db/graph_db_node_14/08_p0.6/08_graph_n14_p0.6_idx10.gpickle,14,0.6,10,6,29
./random_graph_db/graph_db_node_14/08_p0.6/08_graph_n14_p0.6_idx2.gpickle,14,0.6,2,5,23
./random_graph_db/graph_db_node_14/08_p0.6/08_graph_n14_p0.6_idx3.gpickle,14,0.6,3,5,27
./random_graph_db/graph_db_node_14/08_p0.6/08_graph_n14_p0.6_idx4.gpickle,14,0.6,4,5,30
./random_graph_db/graph_db_node_14/08_p0.6/08_graph_n14_p0.6_idx5.gpickle,14,0.6,5,5,26
./random_graph_db/graph_db_node_14/08_p0.6/08_graph_n14_p0.6_idx6.gpickle,14,0.6,6,4,23
./random_graph_db/graph_db_node_14/08_p0.6/08_graph_n14_p0.6_idx7.gpickle,14,0.6,7,5,28
./random_graph_db/graph_db_node_14/08_p0.6/08_graph_n14_p0.6_idx8.gpickle,14,0.6,8,5,28
./random_graph_db/graph_db_node_14/08_p0.6/08_graph_n14_p0.6_idx9.gpickle,14,0.6,9,5,29
./random_graph_db/graph_db_node_14/09_p0.65/09_graph_n14_p0.65_idx1.gpickle,14,0.65,1,5,27
./random_graph_db/graph_db_node_14/09_p0.65/09_graph_n14_p0.65_idx10.gpickle,14,0.65,10,6,27
./random_graph_db/graph_db_node_14/09_p0.65/09_graph_n14_p0.65_idx2.gpickle,14,0.65,2,6,21
./random_graph_db/graph_db_node_14/09_p0.65/09_graph_n14_p0.65_idx3.gpickle,14,0.65,3,6,32
./random_graph_db/graph_db_node_14/09_p0.65/09_graph_n14_p0.65_idx4.gpickle,14,0.65,4,5,19
./random_graph_db/graph_db_node_14/09_p0.65/09_graph_n14_p0.65_idx5.gpickle,14,0.65,5,6,23
./random_graph_db/graph_db_node_14/09_p0.65/09_graph_n14_p0.65_idx6.gpickle,14,0.65,6,6,29
./random_graph_db/graph_db_node_14/09_p0.65/09_graph_n14_p0.65_idx7.gpickle,14,0.65,7,6,27
./random_graph_db/graph_db_node_14/09_p0.65/09_graph_n14_p0.65_idx8.gpickle,14,0.65,8,5,27
./random_graph_db/graph_db_node_14/09_p0.65/09_graph_n14_p0.65_idx9.gpickle,14,0.65,9,5,24
./random_graph_db/graph_db_node_14/10_p0.7/10_graph_n14_p0.7_idx1.gpickle,14,0.7,1,4,15
./random_graph_db/graph_db_node_14/10_p0.7/10_graph_n14_p0.7_idx10.gpickle,14,0.7,10,6,29
./random_graph_db/graph_db_node_14/10_p0.7/10_graph_n14_p0.7_idx2.gpickle,14,0.7,2,5,21
./random_graph_db/graph_db_node_14/10_p0.7/10_graph_n14_p0.7_idx3.gpickle,14,0.7,3,5,18
./random_graph_db/graph_db_node_14/10_p0.7/10_graph_n14_p0.7_idx4.gpickle,14,0.7,4,6,26
./random_graph_db/graph_db_node_14/10_p0.7/10_graph_n14_p0.7_idx5.gpickle,14,0.7,5,5,22
./random_graph_db/graph_db_node_14/10_p0.7/10_graph_n14_p0.7_idx6.gpickle,14,0.7,6,5,18
./random_graph_db/graph_db_node_14/10_p0.7/10_graph_n14_p0.7_idx7.gpickle,14,0.7,7,5,25
./random_graph_db/graph_db_node_14/10_p0.7/10_graph_n14_p0.7_idx8.gpickle,14,0.7,8,6,30
./random_graph_db/graph_db_node_14/10_p0.7/10_graph_n14_p0.7_idx9.gpickle,14,0.7,9,5,19
./random_graph_db/graph_db_node_14/11_p0.8/11_graph_n14_p0.8_idx1.gpickle,14,0.8,1,5,11
./random_graph_db/graph_db_node_14/11_p0.8/11_graph_n14_p0.8_idx10.gpickle,14,0.8,10,4,15
./random_graph_db/graph_db_node_14/11_p0.8/11_graph_n14_p0.8_idx2.gpickle,14,0.8,2,5,10
./random_graph_db/graph_db_node_14/11_p0.8/11_graph_n14_p0.8_idx3.gpickle,14,0.8,3,4,12
./random_graph_db/graph_db_node_14/11_p0.8/11_graph_n14_p0.8_idx4.gpickle,14,0.8,4,5,17
./random_graph_db/graph_db_node_14/11_p0.8/11_graph_n14_p0.8_idx5.gpickle,14,0.8,5,4,18
./random_graph_db/graph_db_node_14/11_p0.8/11_graph_n14_p0.8_idx6.gpickle,14,0.8,6,4,15
./random_graph_db/graph_db_node_14/11_p0.8/11_graph_n14_p0.8_idx7.gpickle,14,0.8,7,4,16
./random_graph_db/graph_db_node_14/11_p0.8/11_graph_n14_p0.8_idx8.gpickle,14,0.8,8,6,19
./random_graph_db/graph_db_node_14/11_p0.8/11_graph_n14_p0.8_idx9.gpickle,14,0.8,9,5,15
./random_graph_db/graph_db_node_14/12_p0.9/12_graph_n14_p0.9_idx1.gpickle,14,0.9,1,2,6
./random_graph_db/graph_db_node_14/12_p0.9/12_graph_n14_p0.9_idx10.gpickle,14,0.9,10,4,6
./random_graph_db/graph_db_node_14/12_p0.9/12_graph_n14_p0.9_idx2.gpickle,14,0.9,2,2,2
./random_graph_db/graph_db_node_14/12_p0.9/12_graph_n14_p0.9_idx3.gpickle,14,0.9,3,4,12
./random_graph_db/graph_db_node_14/12_p0.9/12_graph_n14_p0.9_idx4.gpickle,14,0.9,4,5,20
./random_graph_db/graph_db_node_14/12_p0.9/12_graph_n14_p0.9_idx5.gpickle,14,0.9,5,4,5
./random_graph_db/graph_db_node_14/12_p0.9/12_graph_n14_p0.9_idx6.gpickle,14,0.9,6,3,2
./random_graph_db/graph_db_node_14/12_p0.9/12_graph_n14_p0.9_idx7.gpickle,14,0.9,7,2,4
./random_graph_db/graph_db_node_14/12_p0.9/12_graph_n14_p0.9_idx8.gpickle,14,0.9,8,3,7
./random_graph_db/graph_db_node_14/12_p0.9/12_graph_n14_p0.9_idx9.gpickle,14,0.9,9,4,9
./random_graph_db/graph_db_node_15/01_p0.1/01_graph_n15_p0.1_idx1.gpickle,15,0.1,1,3,5
./random_graph_db/graph_db_node_15/01_p0.1/01_graph_n15_p0.1_idx10.gpickle,15,0.1,10,4,9
./random_graph_db/graph_db_node_15/01_p0.1/01_graph_n15_p0.1_idx2.gpickle,15,0.1,2,2,3
./random_graph_db/graph_db_node_15/01_p0.1/01_graph_n15_p0.1_idx3.gpickle,15,0.1,3,3,4
./random_graph_db/graph_db_node_15/01_p0.1/01_graph_n15_p0.1_idx4.gpickle,15,0.1,4,1,0
./random_graph_db/graph_db_node_15/01_p0.1/01_graph_n15_p0.1_idx5.gpickle,15,0.1,5,2,4
./random_graph_db/graph_db_node_15/01_p0.1/01_graph_n15_p0.1_idx6.gpickle,15,0.1,6,2,3
./random_graph_db/graph_db_node_15/01_p0.1/01_graph_n15_p0.1_idx7.gpickle,15,0.1,7,3,5
./random_graph_db/graph_db_node_15/01_p0.1/01_graph_n15_p0.1_idx8.gpickle,15,0.1,8,2,2
./random_graph_db/graph_db_node_15/01_p0.1/01_graph_n15_p0.1_idx9.gpickle,15,0.1,9,3,4
./random_graph_db/graph_db_node_15/02_p0.2/02_graph_n15_p0.2_idx1.gpickle,15,0.2,1,4,14
./random_graph_db/graph_db_node_15/02_p0.2/02_graph_n15_p0.2_idx10.gpickle,15,0.2,10,3,9
./random_graph_db/graph_db_node_15/02_p0.2/02_graph_n15_p0.2_idx2.gpickle,15,0.2,2,4,11
./random_graph_db/graph_db_node_15/02_p0.2/02_graph_n15_p0.2_idx3.gpickle,15,0.2,3,3,17
./random_graph_db/graph_db_node_15/02_p0.2/02_graph_n15_p0.2_idx4.gpickle,15,0.2,4,3,11
./random_graph_db/graph_db_node_15/02_p0.2/02_graph_n15_p0.2_idx5.gpickle,15,0.2,5,4,10
./random_graph_db/graph_db_node_15/02_p0.2/02_graph_n15_p0.2_idx6.gpickle,15,0.2,6,4,12
./random_graph_db/graph_db_node_15/02_p0.2/02_graph_n15_p0.2_idx7.gpickle,15,0.2,7,2,4
./random_graph_db/graph_db_node_15/02_p0.2/02_graph_n15_p0.2_idx8.gpickle,15,0.2,8,4,8
./random_graph_db/graph_db_node_15/02_p0.2/02_graph_n15_p0.2_idx9.gpickle,15,0.2,9,4,12
./random_graph_db/graph_db_node_15/03_p0.3/03_graph_n15_p0.3_idx1.gpickle,15,0.3,1,4,14
./random_graph_db/graph_db_node_15/03_p0.3/03_graph_n15_p0.3_idx10.gpickle,15,0.3,10,5,22
./random_graph_db/graph_db_node_15/03_p0.3/03_graph_n15_p0.3_idx2.gpickle,15,0.3,2,3,11
./random_graph_db/graph_db_node_15/03_p0.3/03_graph_n15_p0.3_idx3.gpickle,15,0.3,3,5,14
./random_graph_db/graph_db_node_15/03_p0.3/03_graph_n15_p0.3_idx4.gpickle,15,0.3,4,5,23
./random_graph_db/graph_db_node_15/03_p0.3/03_graph_n15_p0.3_idx5.gpickle,15,0.3,5,4,17
./random_graph_db/graph_db_node_15/03_p0.3/03_graph_n15_p0.3_idx6.gpickle,15,0.3,6,4,13
./random_graph_db/graph_db_node_15/03_p0.3/03_graph_n15_p0.3_idx7.gpickle,15,0.3,7,4,14
./random_graph_db/graph_db_node_15/03_p0.3/03_graph_n15_p0.3_idx8.gpickle,15,0.3,8,6,27
./random_graph_db/graph_db_node_15/03_p0.3/03_graph_n15_p0.3_idx9.gpickle,15,0.3,9,5,18
./random_graph_db/graph_db_node_15/04_p0.4/04_graph_n15_p0.4_idx1.gpickle,15,0.4,1,6,33
./random_graph_db/graph_db_node_15/04_p0.4/04_graph_n15_p0.4_idx10.gpickle,15,0.4,10,5,23
./random_graph_db/graph_db_node_15/04_p0.4/04_graph_n15_p0.4_idx2.gpickle,15,0.4,2,6,34
./random_graph_db/graph_db_node_15/04_p0.4/04_graph_n15_p0.4_idx3.gpickle,15,0.4,3,6,30
./random_graph_db/graph_db_node_15/04_p0.4/04_graph_n15_p0.4_idx4.gpickle,15,0.4,4,6,41
./random_graph_db/graph_db_node_15/04_p0.4/04_graph_n15_p0.4_idx5.gpickle,15,0.4,5,6,30
./random_graph_db/graph_db_node_15/04_p0.4/04_graph_n15_p0.4_idx6.gpickle,15,0.4,6,6,28
./random_graph_db/graph_db_node_15/04_p0.4/04_graph_n15_p0.4_idx7.gpickle,15,0.4,7,6,35
./random_graph_db/graph_db_node_15/04_p0.4/04_graph_n15_p0.4_idx8.gpickle,15,0.4,8,6,41
./random_graph_db/graph_db_node_15/04_p0.4/04_graph_n15_p0.4_idx9.gpickle,15,0.4,9,6,28
./random_graph_db/graph_db_node_15/05_p0.45/05_graph_n15_p0.45_idx1.gpickle,15,0.45,1,6,28
./random_graph_db/graph_db_node_15/05_p0.45/05_graph_n15_p0.45_idx10.gpickle,15,0.45,10,6,32
./random_graph_db/graph_db_node_15/05_p0.45/05_graph_n15_p0.45_idx2.gpickle,15,0.45,2,6,32
./random_graph_db/graph_db_node_15/05_p0.45/05_graph_n15_p0.45_idx3.gpickle,15,0.45,3,5,26
./random_graph_db/graph_db_node_15/05_p0.45/05_graph_n15_p0.45_idx4.gpickle,15,0.45,4,5,28
./random_graph_db/graph_db_node_15/05_p0.45/05_graph_n15_p0.45_idx5.gpickle,15,0.45,5,6,25
./random_graph_db/graph_db_node_15/05_p0.45/05_graph_n15_p0.45_idx6.gpickle,15,0.45,6,6,35
./random_graph_db/graph_db_node_15/05_p0.45/05_graph_n15_p0.45_idx7.gpickle,15,0.45,7,5,25
./random_graph_db/graph_db_node_15/05_p0.45/05_graph_n15_p0.45_idx8.gpickle,15,0.45,8,6,34
./random_graph_db/graph_db_node_15/05_p0.45/05_graph_n15_p0.45_idx9.gpickle,15,0.45,9,6,29
./random_graph_db/graph_db_node_15/06_p0.5/06_graph_n15_p0.5_idx1.gpickle,15,0.5,1,6,37
./random_graph_db/graph_db_node_15/06_p0.5/06_graph_n15_p0.5_idx10.gpickle,15,0.5,10,5,27
./random_graph_db/graph_db_node_15/06_p0.5/06_graph_n15_p0.5_idx2.gpickle,15,0.5,2,6,28
./random_graph_db/graph_db_node_15/06_p0.5/06_graph_n15_p0.5_idx3.gpickle,15,0.5,3,6,36
./random_graph_db/graph_db_node_15/06_p0.5/06_graph_n15_p0.5_idx4.gpickle,15,0.5,4,6,34
./random_graph_db/graph_db_node_15/06_p0.5/06_graph_n15_p0.5_idx5.gpickle,15,0.5,5,6,30
./random_graph_db/graph_db_node_15/06_p0.5/06_graph_n15_p0.5_idx6.gpickle,15,0.5,6,7,38
./random_graph_db/graph_db_node_15/06_p0.5/06_graph_n15_p0.5_idx7.gpickle,15,0.5,7,7,42
./random_graph_db/graph_db_node_15/06_p0.5/06_graph_n15_p0.5_idx8.gpickle,15,0.5,8,6,25
./random_graph_db/graph_db_node_15/06_p0.5/06_graph_n15_p0.5_idx9.gpickle,15,0.5,9,6,32
./random_graph_db/graph_db_node_15/07_p0.55/07_graph_n15_p0.55_idx1.gpickle,15,0.55,1,6,30
./random_graph_db/graph_db_node_15/07_p0.55/07_graph_n15_p0.55_idx10.gpickle,15,0.55,10,5,29
./random_graph_db/graph_db_node_15/07_p0.55/07_graph_n15_p0.55_idx2.gpickle,15,0.55,2,5,26
./random_graph_db/graph_db_node_15/07_p0.55/07_graph_n15_p0.55_idx3.gpickle,15,0.55,3,5,26
./random_graph_db/graph_db_node_15/07_p0.55/07_graph_n15_p0.55_idx4.gpickle,15,0.55,4,6,27
./random_graph_db/graph_db_node_15/07_p0.55/07_graph_n15_p0.55_idx5.gpickle,15,0.55,5,6,31
./random_graph_db/graph_db_node_15/07_p0.55/07_graph_n15_p0.55_idx6.gpickle,15,0.55,6,6,33
./random_graph_db/graph_db_node_15/07_p0.55/07_graph_n15_p0.55_idx7.gpickle,15,0.55,7,6,35
./random_graph_db/graph_db_node_15/07_p0.55/07_graph_n15_p0.55_idx8.gpickle,15,0.55,8,6,37
./random_graph_db/graph_db_node_15/07_p0.55/07_graph_n15_p0.55_idx9.gpickle,15,0.55,9,6,34
./random_graph_db/graph_db_node_15/08_p0.6/08_graph_n15_p0.6_idx1.gpickle,15,0.6,1,6,26
./random_graph_db/graph_db_node_15/08_p0.6/08_graph_n15_p0.6_idx10.gpickle,15,0.6,10,5,27
./random_graph_db/graph_db_node_15/08_p0.6/08_graph_n15_p0.6_idx2.gpickle,15,0.6,2,6,34
./random_graph_db/graph_db_node_15/08_p0.6/08_graph_n15_p0.6_idx3.gpickle,15,0.6,3,7,39
./random_graph_db/graph_db_node_15/08_p0.6/08_graph_n15_p0.6_idx4.gpickle,15,0.6,4,6,43
./random_graph_db/graph_db_node_15/08_p0.6/08_graph_n15_p0.6_idx5.gpickle,15,0.6,5,7,37
./random_graph_db/graph_db_node_15/08_p0.6/08_graph_n15_p0.6_idx6.gpickle,15,0.6,6,6,36
./random_graph_db/graph_db_node_15/08_p0.6/08_graph_n15_p0.6_idx7.gpickle,15,0.6,7,6,33
./random_graph_db/graph_db_node_15/08_p0.6/08_graph_n15_p0.6_idx8.gpickle,15,0.6,8,6,31
./random_graph_db/graph_db_node_15/08_p0.6/08_graph_n15_p0.6_idx9.gpickle,15,0.6,9,6,30
./random_graph_db/graph_db_node_15/09_p0.65/09_graph_n15_p0.65_idx1.gpickle,15,0.65,1,6,31
./random_graph_db/graph_db_node_15/09_p0.65/09_graph_n15_p0.65_idx10.gpickle,15,0.65,10,6,31
./random_graph_db/graph_db_node_15/09_p0.65/09_graph_n15_p0.65_idx2.gpickle,15,0.65,2,6,37
./random_graph_db/graph_db_node_15/09_p0.65/09_graph_n15_p0.65_idx3.gpickle,15,0.65,3,6,32
./random_graph_db/graph_db_node_15/09_p0.65/09_graph_n15_p0.65_idx4.gpickle,15,0.65,4,6,37
./random_graph_db/graph_db_node_15/09_p0.65/09_graph_n15_p0.65_idx5.gpickle,15,0.65,5,6,34
./random_graph_db/graph_db_node_15/09_p0.65/09_graph_n15_p0.65_idx6.gpickle,15,0.65,6,6,30
./random_graph_db/graph_db_node_15/09_p0.65/09_graph_n15_p0.65_idx7.gpickle,15,0.65,7,5,25
./random_graph_db/graph_db_node_15/09_p0.65/09_graph_n15_p0.65_idx8.gpickle,15,0.65,8,6,28
./random_graph_db/graph_db_node_15/09_p0.65/09_graph_n15_p0.65_idx9.gpickle,15,0.65,9,6,32
./random_graph_db/graph_db_node_15/10_p0.7/10_graph_n15_p0.7_idx1.gpickle,15,0.7,1,6,30
./random_graph_db/graph_db_node_15/10_p0.7/10_graph_n15_p0.7_idx10.gpickle,15,0.7,10,6,29
./random_graph_db/graph_db_node_15/10_p0.7/10_graph_n15_p0.7_idx2.gpickle,15,0.7,2,6,28
./random_graph_db/graph_db_node_15/10_p0.7/10_graph_n15_p0.7_idx3.gpickle,15,0.7,3,6,29
./random_graph_db/graph_db_node_15/10_p0.7/10_graph_n15_p0.7_idx4.gpickle,15,0.7,4,5,29
./random_graph_db/graph_db_node_15/10_p0.7/10_graph_n15_p0.7_idx5.gpickle,15,0.7,5,5,23
./random_graph_db/graph_db_node_15/10_p0.7/10_graph_n15_p0.7_idx6.gpickle,15,0.7,6,6,31
./random_graph_db/graph_db_node_15/10_p0.7/10_graph_n15_p0.7_idx7.gpickle,15,0.7,7,6,39
./random_graph_db/graph_db_node_15/10_p0.7/10_graph_n15_p0.7_idx8.gpickle,15,0.7,8,6,36
./random_graph_db/graph_db_node_15/10_p0.7/10_graph_n15_p0.7_idx9.gpickle,15,0.7,9,6,25
./random_graph_db/graph_db_node_15/11_p0.8/11_graph_n15_p0.8_idx1.gpickle,15,0.8,1,7,25
./random_graph_db/graph_db_node_15/11_p0.8/11_graph_n15_p0.8_idx10.gpickle,15,0.8,10,4,20
./random_graph_db/graph_db_node_15/11_p0.8/11_graph_n15_p0.8_idx2.gpickle,15,0.8,2,5,19
./random_graph_db/graph_db_node_15/11_p0.8/11_graph_n15_p0.8_idx3.gpickle,15,0.8,3,5,19
./random_graph_db/graph_db_node_15/11_p0.8/11_graph_n15_p0.8_idx4.gpickle,15,0.8,4,6,26
./random_graph_db/graph_db_node_15/11_p0.8/11_graph_n15_p0.8_idx5.gpickle,15,0.8,5,6,21
./random_graph_db/graph_db_node_15/11_p0.8/11_graph_n15_p0.8_idx6.gpickle,15,0.8,6,5,19
./random_graph_db/graph_db_node_15/11_p0.8/11_graph_n15_p0.8_idx7.gpickle,15,0.8,7,4,14
./random_graph_db/graph_db_node_15/11_p0.8/11_graph_n15_p0.8_idx8.gpickle,15,0.8,8,5,15
./random_graph_db/graph_db_node_15/11_p0.8/11_graph_n15_p0.8_idx9.gpickle,15,0.8,9,5,17
./random_graph_db/graph_db_node_15/12_p0.9/12_graph_n15_p0.9_idx1.gpickle,15,0.9,1,2,5
./random_graph_db/graph_db_node_15/12_p0.9/12_graph_n15_p0.9_idx10.gpickle,15,0.9,10,4,11
./random_graph_db/graph_db_node_15/12_p0.9/12_graph_n15_p0.9_idx2.gpickle,15,0.9,2,3,6
./random_graph_db/graph_db_node_15/12_p0.9/12_graph_n15_p0.9_idx3.gpickle,15,0.9,3,4,10
./random_graph_db/graph_db_node_15/12_p0.9/12_graph_n15_p0.9_idx4.gpickle,15,0.9,4,5,17
./random_graph_db/graph_db_node_15/12_p0.9/12_graph_n15_p0.9_idx5.gpickle,15,0.9,5,3,8
./random_graph_db/graph_db_node_15/12_p0.9/12_graph_n15_p0.9_idx6.gpickle,15,0.9,6,2,5
./random_graph_db/graph_db_node_15/12_p0.9/12_graph_n15_p0.9_idx7.gpickle,15,0.9,7,3,5
./random_graph_db/graph_db_node_15/12_p0.9/12_graph_n15_p0.9_idx8.gpickle,15,0.9,8,5,8
./random_graph_db/graph_db_node_15/12_p0.9/12_graph_n15_p0.9_idx9.gpickle,15,0.9,9,3,7
./random_graph_db/graph_db_node_16/01_p0.1/01_graph_n16_p0.1_idx1.gpickle,16,0.1,1,3,2
./random_graph_db/graph_db_node_16/01_p0.1/01_graph_n16_p0.1_idx10.gpickle,16,0.1,10,2,6
./random_graph_db/graph_db_node_16/01_p0.1/01_graph_n16_p0.1_idx2.gpickle,16,0.1,2,4,7
./random_graph_db/graph_db_node_16/01_p0.1/01_graph_n16_p0.1_idx3.gpickle,16,0.1,3,2,2
./random_graph_db/graph_db_node_16/01_p0.1/01_graph_n16_p0.1_idx4.gpickle,16,0.1,4,4,9
./random_graph_db/graph_db_node_16/01_p0.1/01_graph_n16_p0.1_idx5.gpickle,16,0.1,5,4,8
./random_graph_db/graph_db_node_16/01_p0.1/01_graph_n16_p0.1_idx6.gpickle,16,0.1,6,3,4
./random_graph_db/graph_db_node_16/01_p0.1/01_graph_n16_p0.1_idx7.gpickle,16,0.1,7,4,7
./random_graph_db/graph_db_node_16/01_p0.1/01_graph_n16_p0.1_idx8.gpickle,16,0.1,8,4,10
./random_graph_db/graph_db_node_16/01_p0.1/01_graph_n16_p0.1_idx9.gpickle,16,0.1,9,4,5
./random_graph_db/graph_db_node_16/02_p0.2/02_graph_n16_p0.2_idx1.gpickle,16,0.2,1,4,10
./random_graph_db/graph_db_node_16/02_p0.2/02_graph_n16_p0.2_idx10.gpickle,16,0.2,10,5,10
./random_graph_db/graph_db_node_16/02_p0.2/02_graph_n16_p0.2_idx2.gpickle,16,0.2,2,5,10
./random_graph_db/graph_db_node_16/02_p0.2/02_graph_n16_p0.2_idx3.gpickle,16,0.2,3,5,17
./random_graph_db/graph_db_node_16/02_p0.2/02_graph_n16_p0.2_idx4.gpickle,16,0.2,4,3,8
./random_graph_db/graph_db_node_16/02_p0.2/02_graph_n16_p0.2_idx5.gpickle,16,0.2,5,6,18
./random_graph_db/graph_db_node_16/02_p0.2/02_graph_n16_p0.2_idx6.gpickle,16,0.2,6,3,13
./random_graph_db/graph_db_node_16/02_p0.2/02_graph_n16_p0.2_idx7.gpickle,16,0.2,7,4,11
./random_graph_db/graph_db_node_16/02_p0.2/02_graph_n16_p0.2_idx8.gpickle,16,0.2,8,5,14
./random_graph_db/graph_db_node_16/02_p0.2/02_graph_n16_p0.2_idx9.gpickle,16,0.2,9,4,14
./random_graph_db/graph_db_node_16/03_p0.3/03_graph_n16_p0.3_idx1.gpickle,16,0.3,1,5,24
./random_graph_db/graph_db_node_16/03_p0.3/03_graph_n16_p0.3_idx10.gpickle,16,0.3,10,6,25
./random_graph_db/graph_db_node_16/03_p0.3/03_graph_n16_p0.3_idx2.gpickle,16,0.3,2,5,23
./random_graph_db/graph_db_node_16/03_p0.3/03_graph_n16_p0.3_idx3.gpickle,16,0.3,3,6,27
./random_graph_db/graph_db_node_16/03_p0.3/03_graph_n16_p0.3_idx4.gpickle,16,0.3,4,6,29
./random_graph_db/graph_db_node_16/03_p0.3/03_graph_n16_p0.3_idx5.gpickle,16,0.3,5,5,29
./random_graph_db/graph_db_node_16/03_p0.3/03_graph_n16_p0.3_idx6.gpickle,16,0.3,6,5,24
./random_graph_db/graph_db_node_16/03_p0.3/03_graph_n16_p0.3_idx7.gpickle,16,0.3,7,5,18
./random_graph_db/graph_db_node_16/03_p0.3/03_graph_n16_p0.3_idx8.gpickle,16,0.3,8,6,31
./random_graph_db/graph_db_node_16/03_p0.3/03_graph_n16_p0.3_idx9.gpickle,16,0.3,9,6,32
./random_graph_db/graph_db_node_16/04_p0.4/04_graph_n16_p0.4_idx1.gpickle,16,0.4,1,7,33
./random_graph_db/graph_db_node_16/04_p0.4/04_graph_n16_p0.4_idx10.gpickle,16,0.4,10,6,31
./random_graph_db/graph_db_node_16/04_p0.4/04_graph_n16_p0.4_idx2.gpickle,16,0.4,2,7,39
./random_graph_db/graph_db_node_16/04_p0.4/04_graph_n16_p0.4_idx3.gpickle,16,0.4,3,7,41
./random_graph_db/graph_db_node_16/04_p0.4/04_graph_n16_p0.4_idx4.gpickle,16,0.4,4,7,34
./random_graph_db/graph_db_node_16/04_p0.4/04_graph_n16_p0.4_idx5.gpickle,16,0.4,5,6,39
./random_graph_db/graph_db_node_16/04_p0.4/04_graph_n16_p0.4_idx6.gpickle,16,0.4,6,6,35
./random_graph_db/graph_db_node_16/04_p0.4/04_graph_n16_p0.4_idx7.gpickle,16,0.4,7,6,37
./random_graph_db/graph_db_node_16/04_p0.4/04_graph_n16_p0.4_idx8.gpickle,16,0.4,8,5,31
./random_graph_db/graph_db_node_16/04_p0.4/04_graph_n16_p0.4_idx9.gpickle,16,0.4,9,6,28
./random_graph_db/graph_db_node_16/05_p0.45/05_graph_n16_p0.45_idx1.gpickle,16,0.45,1,6,36
./random_graph_db/graph_db_node_16/05_p0.45/05_graph_n16_p0.45_idx10.gpickle,16,0.45,10,6,39
./random_graph_db/graph_db_node_16/05_p0.45/05_graph_n16_p0.45_idx2.gpickle,16,0.45,2,7,39
./random_graph_db/graph_db_node_16/05_p0.45/05_graph_n16_p0.45_idx3.gpickle,16,0.45,3,6,34
./random_graph_db/graph_db_node_16/05_p0.45/05_graph_n16_p0.45_idx4.gpickle,16,0.45,4,7,36
./random_graph_db/graph_db_node_16/05_p0.45/05_graph_n16_p0.45_idx5.gpickle,16,0.45,5,7,44
./random_graph_db/graph_db_node_16/05_p0.45/05_graph_n16_p0.45_idx6.gpickle,16,0.45,6,6,36
./random_graph_db/graph_db_node_16/05_p0.45/05_graph_n16_p0.45_idx7.gpickle,16,0.45,7,6,28
./random_graph_db/graph_db_node_16/05_p0.45/05_graph_n16_p0.45_idx8.gpickle,16,0.45,8,6,34
./random_graph_db/graph_db_node_16/05_p0.45/05_graph_n16_p0.45_idx9.gpickle,16,0.45,9,6,35
./random_graph_db/graph_db_node_16/06_p0.5/06_graph_n16_p0.5_idx1.gpickle,16,0.5,1,6,47
./random_graph_db/graph_db_node_16/06_p0.5/06_graph_n16_p0.5_idx10.gpickle,16,0.5,10,6,35
./random_graph_db/graph_db_node_16/06_p0.5/06_graph_n16_p0.5_idx2.gpickle,16,0.5,2,6,30
./random_graph_db/graph_db_node_16/06_p0.5/06_graph_n16_p0.5_idx3.gpickle,16,0.5,3,7,49
./random_graph_db/graph_db_node_16/06_p0.5/06_graph_n16_p0.5_idx4.gpickle,16,0.5,4,7,39
./random_graph_db/graph_db_node_16/06_p0.5/06_graph_n16_p0.5_idx5.gpickle,16,0.5,5,7,43
./random_graph_db/graph_db_node_16/06_p0.5/06_graph_n16_p0.5_idx6.gpickle,16,0.5,6,5,28
./random_graph_db/graph_db_node_16/06_p0.5/06_graph_n16_p0.5_idx7.gpickle,16,0.5,7,6,38
./random_graph_db/graph_db_node_16/06_p0.5/06_graph_n16_p0.5_idx8.gpickle,16,0.5,8,7,45
./random_graph_db/graph_db_node_16/06_p0.5/06_graph_n16_p0.5_idx9.gpickle,16,0.5,9,7,39
./random_graph_db/graph_db_node_16/07_p0.55/07_graph_n16_p0.55_idx1.gpickle,16,0.55,1,6,39
./random_graph_db/graph_db_node_16/07_p0.55/07_graph_n16_p0.55_idx10.gpickle,16,0.55,10,6,41
./random_graph_db/graph_db_node_16/07_p0.55/07_graph_n16_p0.55_idx2.gpickle,16,0.55,2,6,35
./random_graph_db/graph_db_node_16/07_p0.55/07_graph_n16_p0.55_idx3.gpickle,16,0.55,3,6,33
./random_graph_db/graph_db_node_16/07_p0.55/07_graph_n16_p0.55_idx4.gpickle,16,0.55,4,7,40
./random_graph_db/graph_db_node_16/07_p0.55/07_graph_n16_p0.55_idx5.gpickle,16,0.55,5,7,39
./random_graph_db/graph_db_node_16/07_p0.55/07_graph_n16_p0.55_idx6.gpickle,16,0.55,6,6,40
./random_graph_db/graph_db_node_16/07_p0.55/07_graph_n16_p0.55_idx7.gpickle,16,0.55,7,7,39
./random_graph_db/graph_db_node_16/07_p0.55/07_graph_n16_p0.55_idx8.gpickle,16,0.55,8,7,42
./random_graph_db/graph_db_node_16/07_p0.55/07_graph_n16_p0.55_idx9.gpickle,16,0.55,9,6,35
./random_graph_db/graph_db_node_16/08_p0.6/08_graph_n16_p0.6_idx1.gpickle,16,0.6,1,6,38
./random_graph_db/graph_db_node_16/08_p0.6/08_graph_n16_p0.6_idx10.gpickle,16,0.6,10,7,36
./random_graph_db/graph_db_node_16/08_p0.6/08_graph_n16_p0.6_idx2.gpickle,16,0.6,2,6,35
./random_graph_db/graph_db_node_16/08_p0.6/08_graph_n16_p0.6_idx3.gpickle,16,0.6,3,7,35
./random_graph_db/graph_db_node_16/08_p0.6/08_graph_n16_p0.6_idx4.gpickle,16,0.6,4,6,32
./random_graph_db/graph_db_node_16/08_p0.6/08_graph_n16_p0.6_idx5.gpickle,16,0.6,5,7,36
./random_graph_db/graph_db_node_16/08_p0.6/08_graph_n16_p0.6_idx6.gpickle,16,0.6,6,7,49
./random_graph_db/graph_db_node_16/08_p0.6/08_graph_n16_p0.6_idx7.gpickle,16,0.6,7,6,35
./random_graph_db/graph_db_node_16/08_p0.6/08_graph_n16_p0.6_idx8.gpickle,16,0.6,8,5,29
./random_graph_db/graph_db_node_16/08_p0.6/08_graph_n16_p0.6_idx9.gpickle,16,0.6,9,7,48
./random_graph_db/graph_db_node_16/09_p0.65/09_graph_n16_p0.65_idx1.gpickle,16,0.65,1,6,36
./random_graph_db/graph_db_node_16/09_p0.65/09_graph_n16_p0.65_idx10.gpickle,16,0.65,10,7,42
./random_graph_db/graph_db_node_16/09_p0.65/09_graph_n16_p0.65_idx2.gpickle,16,0.65,2,7,43
./random_graph_db/graph_db_node_16/09_p0.65/09_graph_n16_p0.65_idx3.gpickle,16,0.65,3,7,47
./random_graph_db/graph_db_node_16/09_p0.65/09_graph_n16_p0.65_idx4.gpickle,16,0.65,4,6,36
./random_graph_db/graph_db_node_16/09_p0.65/09_graph_n16_p0.65_idx5.gpickle,16,0.65,5,6,31
./random_graph_db/graph_db_node_16/09_p0.65/09_graph_n16_p0.65_idx6.gpickle,16,0.65,6,6,33
./random_graph_db/graph_db_node_16/09_p0.65/09_graph_n16_p0.65_idx7.gpickle,16,0.65,7,7,42
./random_graph_db/graph_db_node_16/09_p0.65/09_graph_n16_p0.65_idx8.gpickle,16,0.65,8,7,35
./random_graph_db/graph_db_node_16/09_p0.65/09_graph_n16_p0.65_idx9.gpickle,16,0.65,9,7,39
./random_graph_db/graph_db_node_16/10_p0.7/10_graph_n16_p0.7_idx1.gpickle,16,0.7,1,6,29
./random_graph_db/graph_db_node_16/10_p0.7/10_graph_n16_p0.7_idx10.gpickle,16,0.7,10,6,40
./random_graph_db/graph_db_node_16/10_p0.7/10_graph_n16_p0.7_idx2.gpickle,16,0.7,2,6,31
./random_graph_db/graph_db_node_16/10_p0.7/10_graph_n16_p0.7_idx3.gpickle,16,0.7,3,6,29
./random_graph_db/graph_db_node_16/10_p0.7/10_graph_n16_p0.7_idx4.gpickle,16,0.7,4,6,35
./random_graph_db/graph_db_node_16/10_p0.7/10_graph_n16_p0.7_idx5.gpickle,16,0.7,5,7,38
./random_graph_db/graph_db_node_16/10_p0.7/10_graph_n16_p0.7_idx6.gpickle,16,0.7,6,5,31
./random_graph_db/graph_db_node_16/10_p0.7/10_graph_n16_p0.7_idx7.gpickle,16,0.7,7,7,44
./random_graph_db/graph_db_node_16/10_p0.7/10_graph_n16_p0.7_idx8.gpickle,16,0.7,8,7,38
./random_graph_db/graph_db_node_16/10_p0.7/10_graph_n16_p0.7_idx9.gpickle,16,0.7,9,7,43
./random_graph_db/graph_db_node_16/11_p0.8/11_graph_n16_p0.8_idx1.gpickle,16,0.8,1,6,19
./random_graph_db/graph_db_node_16/11_p0.8/11_graph_n16_p0.8_idx10.gpickle,16,0.8,10,6,28
./random_graph_db/graph_db_node_16/11_p0.8/11_graph_n16_p0.8_idx2.gpickle,16,0.8,2,4,13
./random_graph_db/graph_db_node_16/11_p0.8/11_graph_n16_p0.8_idx3.gpickle,16,0.8,3,6,22
./random_graph_db/graph_db_node_16/11_p0.8/11_graph_n16_p0.8_idx4.gpickle,16,0.8,4,6,30
./random_graph_db/graph_db_node_16/11_p0.8/11_graph_n16_p0.8_idx5.gpickle,16,0.8,5,5,14
./random_graph_db/graph_db_node_16/11_p0.8/11_graph_n16_p0.8_idx6.gpickle,16,0.8,6,5,28
./random_graph_db/graph_db_node_16/11_p0.8/11_graph_n16_p0.8_idx7.gpickle,16,0.8,7,5,21
./random_graph_db/graph_db_node_16/11_p0.8/11_graph_n16_p0.8_idx8.gpickle,16,0.8,8,5,20
./random_graph_db/graph_db_node_16/11_p0.8/11_graph_n16_p0.8_idx9.gpickle,16,0.8,9,5,19
./random_graph_db/graph_db_node_16/12_p0.9/12_graph_n16_p0.9_idx1.gpickle,16,0.9,1,5,9
./random_graph_db/graph_db_node_16/12_p0.9/12_graph_n16_p0.9_idx10.gpickle,16,0.9,10,6,11
./random_graph_db/graph_db_node_16/12_p0.9/12_graph_n16_p0.9_idx2.gpickle,16,0.9,2,3,8
./random_graph_db/graph_db_node_16/12_p0.9/12_graph_n16_p0.9_idx3.gpickle,16,0.9,3,4,10
./random_graph_db/graph_db_node_16/12_p0.9/12_graph_n16_p0.9_idx4.gpickle,16,0.9,4,4,19
./random_graph_db/graph_db_node_16/12_p0.9/12_graph_n16_p0.9_idx5.gpickle,16,0.9,5,4,8
./random_graph_db/graph_db_node_16/12_p0.9/12_graph_n16_p0.9_idx6.gpickle,16,0.9,6,4,6
./random_graph_db/graph_db_node_16/12_p0.9/12_graph_n16_p0.9_idx7.gpickle,16,0.9,7,5,8
./random_graph_db/graph_db_node_16/12_p0.9/12_graph_n16_p0.9_idx8.gpickle,16,0.9,8,5,16
./random_graph_db/graph_db_node_16/12_p0.9/12_graph_n16_p0.9_idx9.gpickle,16,0.9,9,3,10
./random_graph_db/graph_db_node_17/01_p0.1/01_graph_n17_p0.1_idx1.gpickle,17,0.1,1,2,2
./random_graph_db/graph_db_node_17/01_p0.1/01_graph_n17_p0.1_idx10.gpickle,17,0.1,10,4,9
./random_graph_db/graph_db_node_17/01_p0.1/01_graph_n17_p0.1_idx2.gpickle,17,0.1,2,2,2
./random_graph_db/graph_db_node_17/01_p0.1/01_graph_n17_p0.1_idx3.gpickle,17,0.1,3,3,5
./random_graph_db/graph_db_node_17/01_p0.1/01_graph_n17_p0.1_idx4.gpickle,17,0.1,4,2,3
./random_graph_db/graph_db_node_17/01_p0.1/01_graph_n17_p0.1_idx5.gpickle,17,0.1,5,4,9
./random_graph_db/graph_db_node_17/01_p0.1/01_graph_n17_p0.1_idx6.gpickle,17,0.1,6,2,3
./random_graph_db/graph_db_node_17/01_p0.1/01_graph_n17_p0.1_idx7.gpickle,17,0.1,7,3,4
./random_graph_db/graph_db_node_17/01_p0.1/01_graph_n17_p0.1_idx8.gpickle,17,0.1,8,3,5
./random_graph_db/graph_db_node_17/01_p0.1/01_graph_n17_p0.1_idx9.gpickle,17,0.1,9,2,3
./random_graph_db/graph_db_node_17/02_p0.2/02_graph_n17_p0.2_idx1.gpickle,17,0.2,1,5,16
./random_graph_db/graph_db_node_17/02_p0.2/02_graph_n17_p0.2_idx10.gpickle,17,0.2,10,4,12
./random_graph_db/graph_db_node_17/02_p0.2/02_graph_n17_p0.2_idx2.gpickle,17,0.2,2,5,22
./random_graph_db/graph_db_node_17/02_p0.2/02_graph_n17_p0.2_idx3.gpickle,17,0.2,3,6,25
./random_graph_db/graph_db_node_17/02_p0.2/02_graph_n17_p0.2_idx4.gpickle,17,0.2,4,3,8
./random_graph_db/graph_db_node_17/02_p0.2/02_graph_n17_p0.2_idx5.gpickle,17,0.2,5,5,15
./random_graph_db/graph_db_node_17/02_p0.2/02_graph_n17_p0.2_idx6.gpickle,17,0.2,6,5,21
./random_graph_db/graph_db_node_17/02_p0.2/02_graph_n17_p0.2_idx7.gpickle,17,0.2,7,4,10
./random_graph_db/graph_db_node_17/02_p0.2/02_graph_n17_p0.2_idx8.gpickle,17,0.2,8,5,13
./random_graph_db/graph_db_node_17/02_p0.2/02_graph_n17_p0.2_idx9.gpickle,17,0.2,9,5,22
./random_graph_db/graph_db_node_17/03_p0.3/03_graph_n17_p0.3_idx1.gpickle,17,0.3,1,5,22
./random_graph_db/graph_db_node_17/03_p0.3/03_graph_n17_p0.3_idx10.gpickle,17,0.3,10,6,30
./random_graph_db/graph_db_node_17/03_p0.3/03_graph_n17_p0.3_idx2.gpickle,17,0.3,2,7,35
./random_graph_db/graph_db_node_17/03_p0.3/03_graph_n17_p0.3_idx3.gpickle,17,0.3,3,4,20
./random_graph_db/graph_db_node_17/03_p0.3/03_graph_n17_p0.3_idx4.gpickle,17,0.3,4,6,35
./random_graph_db/graph_db_node_17/03_p0.3/03_graph_n17_p0.3_idx5.gpickle,17,0.3,5,6,31
./random_graph_db/graph_db_node_17/03_p0.3/03_graph_n17_p0.3_idx6.gpickle,17,0.3,6,5,40
./random_graph_db/graph_db_node_17/03_p0.3/03_graph_n17_p0.3_idx7.gpickle,17,0.3,7,6,28
./random_graph_db/graph_db_node_17/03_p0.3/03_graph_n17_p0.3_idx8.gpickle,17,0.3,8,7,41
./random_graph_db/graph_db_node_17/03_p0.3/03_graph_n17_p0.3_idx9.gpickle,17,0.3,9,6,34
./random_graph_db/graph_db_node_17/04_p0.4/04_graph_n17_p0.4_idx1.gpickle,17,0.4,1,7,34
./random_graph_db/graph_db_node_17/04_p0.4/04_graph_n17_p0.4_idx10.gpickle,17,0.4,10,6,38
./random_graph_db/graph_db_node_17/04_p0.4/04_graph_n17_p0.4_idx2.gpickle,17,0.4,2,6,39
./random_graph_db/graph_db_node_17/04_p0.4/04_graph_n17_p0.4_idx3.gpickle,17,0.4,3,7,46
./random_graph_db/graph_db_node_17/04_p0.4/04_graph_n17_p0.4_idx4.gpickle,17,0.4,4,7,39
./random_graph_db/graph_db_node_17/04_p0.4/04_graph_n17_p0.4_idx5.gpickle,17,0.4,5,6,41
./random_graph_db/graph_db_node_17/04_p0.4/04_graph_n17_p0.4_idx6.gpickle,17,0.4,6,7,40
./random_graph_db/graph_db_node_17/04_p0.4/04_graph_n17_p0.4_idx7.gpickle,17,0.4,7,7,41
./random_graph_db/graph_db_node_17/04_p0.4/04_graph_n17_p0.4_idx8.gpickle,17,0.4,8,7,41
./random_graph_db/graph_db_node_17/04_p0.4/04_graph_n17_p0.4_idx9.gpickle,17,0.4,9,7,42
./random_graph_db/graph_db_node_17/05_p0.45/05_graph_n17_p0.45_idx1.gpickle,17,0.45,1,7,46
./random_graph_db/graph_db_node_17/05_p0.45/05_graph_n17_p0.45_idx10.gpickle,17,0.45,10,7,47
./random_graph_db/graph_db_node_17/05_p0.45/05_graph_n17_p0.45_idx2.gpickle,17,0.45,2,7,42
./random_graph_db/graph_db_node_17/05_p0.45/05_graph_n17_p0.45_idx3.gpickle,17,0.45,3,7,49
./random_graph_db/graph_db_node_17/05_p0.45/05_graph_n17_p0.45_idx4.gpickle,17,0.45,4,7,44
./random_graph_db/graph_db_node_17/05_p0.45/05_graph_n17_p0.45_idx5.gpickle,17,0.45,5,7,45
./random_graph_db/graph_db_node_17/05_p0.45/05_graph_n17_p0.45_idx6.gpickle,17,0.45,6,7,41
./random_graph_db/graph_db_node_17/05_p0.45/05_graph_n17_p0.45_idx7.gpickle,17,0.45,7,6,35
./random_graph_db/graph_db_node_17/05_p0.45/05_graph_n17_p0.45_idx8.gpickle,17,0.45,8,6,44
./random_graph_db/graph_db_node_17/05_p0.45/05_graph_n17_p0.45_idx9.gpickle,17,0.45,9,7,50
./random_graph_db/graph_db_node_17/06_p0.5/06_graph_n17_p0.5_idx1.gpickle,17,0.5,1,7,38
./random_graph_db/graph_db_node_17/06_p0.5/06_graph_n17_p0.5_idx10.gpickle,17,0.5,10,6,34
./random_graph_db/graph_db_node_17/06_p0.5/06_graph_n17_p0.5_idx2.gpickle,17,0.5,2,7,54
./random_graph_db/graph_db_node_17/06_p0.5/06_graph_n17_p0.5_idx3.gpickle,17,0.5,3,8,49
./random_graph_db/graph_db_node_17/06_p0.5/06_graph_n17_p0.5_idx4.gpickle,17,0.5,4,7,43
./random_graph_db/graph_db_node_17/06_p0.5/06_graph_n17_p0.5_idx5.gpickle,17,0.5,5,7,48
./random_graph_db/graph_db_node_17/06_p0.5/06_graph_n17_p0.5_idx6.gpickle,17,0.5,6,6,46
./random_graph_db/graph_db_node_17/06_p0.5/06_graph_n17_p0.5_idx7.gpickle,17,0.5,7,6,41
./random_graph_db/graph_db_node_17/06_p0.5/06_graph_n17_p0.5_idx8.gpickle,17,0.5,8,7,48
./random_graph_db/graph_db_node_17/06_p0.5/06_graph_n17_p0.5_idx9.gpickle,17,0.5,9,7,46
./random_graph_db/graph_db_node_17/07_p0.55/07_graph_n17_p0.55_idx1.gpickle,17,0.55,1,7,49
./random_graph_db/graph_db_node_17/07_p0.55/07_graph_n17_p0.55_idx10.gpickle,17,0.55,10,7,51
./random_graph_db/graph_db_node_17/07_p0.55/07_graph_n17_p0.55_idx2.gpickle,17,0.55,2,7,53
./random_graph_db/graph_db_node_17/07_p0.55/07_graph_n17_p0.55_idx3.gpickle,17,0.55,3,8,56
./random_graph_db/graph_db_node_17/07_p0.55/07_graph_n17_p0.55_idx4.gpickle,17,0.55,4,7,45
./random_graph_db/graph_db_node_17/07_p0.55/07_graph_n17_p0.55_idx5.gpickle,17,0.55,5,7,45
./random_graph_db/graph_db_node_17/07_p0.55/07_graph_n17_p0.55_idx6.gpickle,17,0.55,6,7,47
./random_graph_db/graph_db_node_17/07_p0.55/07_graph_n17_p0.55_idx7.gpickle,17,0.55,7,6,42
./random_graph_db/graph_db_node_17/07_p0.55/07_graph_n17_p0.55_idx8.gpickle,17,0.55,8,8,47
./random_graph_db/graph_db_node_17/07_p0.55/07_graph_n17_p0.55_idx9.gpickle,17,0.55,9,8,54
./random_graph_db/graph_db_node_17/08_p0.6/08_graph_n17_p0.6_idx1.gpickle,17,0.6,1,7,46
./random_graph_db/graph_db_node_17/08_p0.6/08_graph_n17_p0.6_idx10.gpickle,17,0.6,10,7,46
./random_graph_db/graph_db_node_17/08_p0.6/08_graph_n17_p0.6_idx2.gpickle,17,0.6,2,7,45
./random_graph_db/graph_db_node_17/08_p0.6/08_graph_n17_p0.6_idx3.gpickle,17,0.6,3,8,42
./random_graph_db/graph_db_node_17/08_p0.6/08_graph_n17_p0.6_idx4.gpickle,17,0.6,4,7,44
./random_graph_db/graph_db_node_17/08_p0.6/08_graph_n17_p0.6_idx5.gpickle,17,0.6,5,7,46
./random_graph_db/graph_db_node_17/08_p0.6/08_graph_n17_p0.6_idx6.gpickle,17,0.6,6,7,42
./random_graph_db/graph_db_node_17/08_p0.6/08_graph_n17_p0.6_idx7.gpickle,17,0.6,7,7,40
./random_graph_db/graph_db_node_17/08_p0.6/08_graph_n17_p0.6_idx8.gpickle,17,0.6,8,6,38
./random_graph_db/graph_db_node_17/08_p0.6/08_graph_n17_p0.6_idx9.gpickle,17,0.6,9,7,53
./random_graph_db/graph_db_node_17/09_p0.65/09_graph_n17_p0.65_idx1.gpickle,17,0.65,1,7,56
./random_graph_db/graph_db_node_17/09_p0.65/09_graph_n17_p0.65_idx10.gpickle,17,0.65,10,7,49
./random_graph_db/graph_db_node_17/09_p0.65/09_graph_n17_p0.65_idx2.gpickle,17,0.65,2,7,55
./random_graph_db/graph_db_node_17/09_p0.65/09_graph_n17_p0.65_idx3.gpickle,17,0.65,3,7,39
./random_graph_db/graph_db_node_17/09_p0.65/09_graph_n17_p0.65_idx4.gpickle,17,0.65,4,6,45
./random_graph_db/graph_db_node_17/09_p0.65/09_graph_n17_p0.65_idx5.gpickle,17,0.65,5,6,43
./random_graph_db/graph_db_node_17/09_p0.65/09_graph_n17_p0.65_idx6.gpickle,17,0.65,6,7,47
./random_graph_db/graph_db_node_17/09_p0.65/09_graph_n17_p0.65_idx7.gpickle,17,0.65,7,7,49
./random_graph_db/graph_db_node_17/09_p0.65/09_graph_n17_p0.65_idx8.gpickle,17,0.65,8,7,44
./random_graph_db/graph_db_node_17/09_p0.65/09_graph_n17_p0.65_idx9.gpickle,17,0.65,9,7,44
./random_graph_db/graph_db_node_17/10_p0.7/10_graph_n17_p0.7_idx1.gpickle,17,0.7,1,6,30
./random_graph_db/graph_db_node_17/10_p0.7/10_graph_n17_p0.7_idx10.gpickle,17,0.7,10,7,41
./random_graph_db/graph_db_node_17/10_p0.7/10_graph_n17_p0.7_idx2.gpickle,17,0.7,2,7,36
./random_graph_db/graph_db_node_17/10_p0.7/10_graph_n17_p0.7_idx3.gpickle,17,0.7,3,7,43
./random_graph_db/graph_db_node_17/10_p0.7/10_graph_n17_p0.7_idx4.gpickle,17,0.7,4,7,41
./random_graph_db/graph_db_node_17/10_p0.7/10_graph_n17_p0.7_idx5.gpickle,17,0.7,5,8,44
./random_graph_db/graph_db_node_17/10_p0.7/10_graph_n17_p0.7_idx6.gpickle,17,0.7,6,7,39
./random_graph_db/graph_db_node_17/10_p0.7/10_graph_n17_p0.7_idx7.gpickle,17,0.7,7,7,46
./random_graph_db/graph_db_node_17/10_p0.7/10_graph_n17_p0.7_idx8.gpickle,17,0.7,8,7,35
./random_graph_db/graph_db_node_17/10_p0.7/10_graph_n17_p0.7_idx9.gpickle,17,0.7,9,7,45
./random_graph_db/graph_db_node_17/11_p0.8/11_graph_n17_p0.8_idx1.gpickle,17,0.8,1,7,32
./random_graph_db/graph_db_node_17/11_p0.8/11_graph_n17_p0.8_idx10.gpickle,17,0.8,10,6,34
./random_graph_db/graph_db_node_17/11_p0.8/11_graph_n17_p0.8_idx2.gpickle,17,0.8,2,6,18
./random_graph_db/graph_db_node_17/11_p0.8/11_graph_n17_p0.8_idx3.gpickle,17,0.8,3,6,37
./random_graph_db/graph_db_node_17/11_p0.8/11_graph_n17_p0.8_idx4.gpickle,17,0.8,4,7,44
./random_graph_db/graph_db_node_17/11_p0.8/11_graph_n17_p0.8_idx5.gpickle,17,0.8,5,5,22
./random_graph_db/graph_db_node_17/11_p0.8/11_graph_n17_p0.8_idx6.gpickle,17,0.8,6,6,29
./random_graph_db/graph_db_node_17/11_p0.8/11_graph_n17_p0.8_idx7.gpickle,17,0.8,7,6,29
./random_graph_db/graph_db_node_17/11_p0.8/11_graph_n17_p0.8_idx8.gpickle,17,0.8,8,5,28
./random_graph_db/graph_db_node_17/11_p0.8/11_graph_n17_p0.8_idx9.gpickle,17,0.8,9,7,41
./random_graph_db/graph_db_node_17/12_p0.9/12_graph_n17_p0.9_idx1.gpickle,17,0.9,1,3,9
./random_graph_db/graph_db_node_17/12_p0.9/12_graph_n17_p0.9_idx10.gpickle,17,0.9,10,4,8
./random_graph_db/graph_db_node_17/12_p0.9/12_graph_n17_p0.9_idx2.gpickle,17,0.9,2,4,15
./random_graph_db/graph_db_node_17/12_p0.9/12_graph_n17_p0.9_idx3.gpickle,17,0.9,3,5,14
./random_graph_db/graph_db_node_17/12_p0.9/12_graph_n17_p0.9_idx4.gpickle,17,0.9,4,5,17
./random_graph_db/graph_db_node_17/12_p0.9/12_graph_n17_p0.9_idx5.gpickle,17,0.9,5,5,9
./random_graph_db/graph_db_node_17/12_p0.9/12_graph_n17_p0.9_idx6.gpickle,17,0.9,6,4,3
./random_graph_db/graph_db_node_17/12_p0.9/12_graph_n17_p0.9_idx7.gpickle,17,0.9,7,5,8
./random_graph_db/graph_db_node_17/12_p0.9/12_graph_n17_p0.9_idx8.gpickle,17,0.9,8,4,12
./random_graph_db/graph_db_node_17/12_p0.9/12_graph_n17_p0.9_idx9.gpickle,17,0.9,9,6,14
./random_graph_db/graph_db_node_18/01_p0.1/01_graph_n18_p0.1_idx1.gpickle,18,0.1,1,2,2
./random_graph_db/graph_db_node_18/01_p0.1/01_graph_n18_p0.1_idx10.gpickle,18,0.1,10,4,6
./random_graph_db/graph_db_node_18/01_p0.1/01_graph_n18_p0.1_idx2.gpickle,18,0.1,2,4,8
./random_graph_db/graph_db_node_18/01_p0.1/01_graph_n18_p0.1_idx3.gpickle,18,0.1,3,3,6
./random_graph_db/graph_db_node_18/01_p0.1/01_graph_n18_p0.1_idx4.gpickle,18,0.1,4,3,3
./random_graph_db/graph_db_node_18/01_p0.1/01_graph_n18_p0.1_idx5.gpickle,18,0.1,5,4,7
./random_graph_db/graph_db_node_18/01_p0.1/01_graph_n18_p0.1_idx6.gpickle,18,0.1,6,3,2
./random_graph_db/graph_db_node_18/01_p0.1/01_graph_n18_p0.1_idx7.gpickle,18,0.1,7,4,7
./random_graph_db/graph_db_node_18/01_p0.1/01_graph_n18_p0.1_idx8.gpickle,18,0.1,8,3,4
./random_graph_db/graph_db_node_18/01_p0.1/01_graph_n18_p0.1_idx9.gpickle,18,0.1,9,4,7
./random_graph_db/graph_db_node_18/02_p0.2/02_graph_n18_p0.2_idx1.gpickle,18,0.2,1,4,16
./random_graph_db/graph_db_node_18/02_p0.2/02_graph_n18_p0.2_idx10.gpickle,18,0.2,10,5,23
./random_graph_db/graph_db_node_18/02_p0.2/02_graph_n18_p0.2_idx2.gpickle,18,0.2,2,7,36
./random_graph_db/graph_db_node_18/02_p0.2/02_graph_n18_p0.2_idx3.gpickle,18,0.2,3,4,16
./random_graph_db/graph_db_node_18/02_p0.2/02_graph_n18_p0.2_idx4.gpickle,18,0.2,4,5,17
./random_graph_db/graph_db_node_18/02_p0.2/02_graph_n18_p0.2_idx5.gpickle,18,0.2,5,6,23
./random_graph_db/graph_db_node_18/02_p0.2/02_graph_n18_p0.2_idx6.gpickle,18,0.2,6,5,15
./random_graph_db/graph_db_node_18/02_p0.2/02_graph_n18_p0.2_idx7.gpickle,18,0.2,7,6,17
./random_graph_db/graph_db_node_18/02_p0.2/02_graph_n18_p0.2_idx8.gpickle,18,0.2,8,6,24
./random_graph_db/graph_db_node_18/02_p0.2/02_graph_n18_p0.2_idx9.gpickle,18,0.2,9,4,20
./random_graph_db/graph_db_node_18/03_p0.3/03_graph_n18_p0.3_idx1.gpickle,18,0.3,1,8,40
./random_graph_db/graph_db_node_18/03_p0.3/03_graph_n18_p0.3_idx10.gpickle,18,0.3,10,6,30
./random_graph_db/graph_db_node_18/03_p0.3/03_graph_n18_p0.3_idx2.gpickle,18,0.3,2,7,41
./random_graph_db/graph_db_node_18/03_p0.3/03_graph_n18_p0.3_idx3.gpickle,18,0.3,3,7,45
./random_graph_db/graph_db_node_18/03_p0.3/03_graph_n18_p0.3_idx4.gpickle,18,0.3,4,7,39
./random_graph_db/graph_db_node_18/03_p0.3/03_graph_n18_p0.3_idx5.gpickle,18,0.3,5,6,33
./random_graph_db/graph_db_node_18/03_p0.3/03_graph_n18_p0.3_idx6.gpickle,18,0.3,6,7,41
./random_graph_db/graph_db_node_18/03_p0.3/03_graph_n18_p0.3_idx7.gpickle,18,0.3,7,7,39
./random_graph_db/graph_db_node_18/03_p0.3/03_graph_n18_p0.3_idx8.gpickle,18,0.3,8,8,47
./random_graph_db/graph_db_node_18/03_p0.3/03_graph_n18_p0.3_idx9.gpickle,18,0.3,9,7,39
./random_graph_db/graph_db_node_18/04_p0.4/04_graph_n18_p0.4_idx1.gpickle,18,0.4,1,7,41
./random_graph_db/graph_db_node_18/04_p0.4/04_graph_n18_p0.4_idx10.gpickle,18,0.4,10,7,48
./random_graph_db/graph_db_node_18/04_p0.4/04_graph_n18_p0.4_idx2.gpickle,18,0.4,2,8,48
./random_graph_db/graph_db_node_18/04_p0.4/04_graph_n18_p0.4_idx3.gpickle,18,0.4,3,7,52
./random_graph_db/graph_db_node_18/04_p0.4/04_graph_n18_p0.4_idx4.gpickle,18,0.4,4,8,58
./random_graph_db/graph_db_node_18/04_p0.4/04_graph_n18_p0.4_idx5.gpickle,18,0.4,5,8,53
./random_graph_db/graph_db_node_18/04_p0.4/04_graph_n18_p0.4_idx6.gpickle,18,0.4,6,7,47
./random_graph_db/graph_db_node_18/04_p0.4/04_graph_n18_p0.4_idx7.gpickle,18,0.4,7,8,46
./random_graph_db/graph_db_node_18/04_p0.4/04_graph_n18_p0.4_idx8.gpickle,18,0.4,8,7,46
./random_graph_db/graph_db_node_18/04_p0.4/04_graph_n18_p0.4_idx9.gpickle,18,0.4,9,7,46
./random_graph_db/graph_db_node_18/05_p0.45/05_graph_n18_p0.45_idx1.gpickle,18,0.45,1,7,45
./random_graph_db/graph_db_node_18/05_p0.45/05_graph_n18_p0.45_idx10.gpickle,18,0.45,10,8,52
./random_graph_db/graph_db_node_18/05_p0.45/05_graph_n18_p0.45_idx2.gpickle,18,0.45,2,7,50
./random_graph_db/graph_db_node_18/05_p0.45/05_graph_n18_p0.45_idx3.gpickle,18,0.45,3,8,53
./random_graph_db/graph_db_node_18/05_p0.45/05_graph_n18_p0.45_idx4.gpickle,18,0.45,4,8,49
./random_graph_db/graph_db_node_18/05_p0.45/05_graph_n18_p0.45_idx5.gpickle,18,0.45,5,8,60
./random_graph_db/graph_db_node_18/05_p0.45/05_graph_n18_p0.45_idx6.gpickle,18,0.45,6,7,44
./random_graph_db/graph_db_node_18/05_p0.45/05_graph_n18_p0.45_idx7.gpickle,18,0.45,7,7,47
./random_graph_db/graph_db_node_18/05_p0.45/05_graph_n18_p0.45_idx8.gpickle,18,0.45,8,8,51
./random_graph_db/graph_db_node_18/05_p0.45/05_graph_n18_p0.45_idx9.gpickle,18,0.45,9,8,46
./random_graph_db/graph_db_node_18/06_p0.5/06_graph_n18_p0.5_idx1.gpickle,18,0.5,1,8,61
./random_graph_db/graph_db_node_18/06_p0.5/06_graph_n18_p0.5_idx10.gpickle,18,0.5,10,8,51
./random_graph_db/graph_db_node_18/06_p0.5/06_graph_n18_p0.5_idx2.gpickle,18,0.5,2,8,56
./random_graph_db/graph_db_node_18/06_p0.5/06_graph_n18_p0.5_idx3.gpickle,18,0.5,3,8,66
./random_graph_db/graph_db_node_18/06_p0.5/06_graph_n18_p0.5_idx4.gpickle,18,0.5,4,7,39
./random_graph_db/graph_db_node_18/06_p0.5/06_graph_n18_p0.5_idx5.gpickle,18,0.5,5,7,56
./random_graph_db/graph_db_node_18/06_p0.5/06_graph_n18_p0.5_idx6.gpickle,18,0.5,6,8,45
./random_graph_db/graph_db_node_18/06_p0.5/06_graph_n18_p0.5_idx7.gpickle,18,0.5,7,7,52
./random_graph_db/graph_db_node_18/06_p0.5/06_graph_n18_p0.5_idx8.gpickle,18,0.5,8,8,62
./random_graph_db/graph_db_node_18/06_p0.5/06_graph_n18_p0.5_idx9.gpickle,18,0.5,9,6,44
./random_graph_db/graph_db_node_18/07_p0.55/07_graph_n18_p0.55_idx1.gpickle,18,0.55,1,8,50
./random_graph_db/graph_db_node_18/07_p0.55/07_graph_n18_p0.55_idx10.gpickle,18,0.55,10,8,58
./random_graph_db/graph_db_node_18/07_p0.55/07_graph_n18_p0.55_idx2.gpickle,18,0.55,2,7,47
./random_graph_db/graph_db_node_18/07_p0.55/07_graph_n18_p0.55_idx3.gpickle,18,0.55,3,7,53
./random_graph_db/graph_db_node_18/07_p0.55/07_graph_n18_p0.55_idx4.gpickle,18,0.55,4,7,53
./random_graph_db/graph_db_node_18/07_p0.55/07_graph_n18_p0.55_idx5.gpickle,18,0.55,5,8,59
./random_graph_db/graph_db_node_18/07_p0.55/07_graph_n18_p0.55_idx6.gpickle,18,0.55,6,8,50
./random_graph_db/graph_db_node_18/07_p0.55/07_graph_n18_p0.55_idx7.gpickle,18,0.55,7,8,51
./random_graph_db/graph_db_node_18/07_p0.55/07_graph_n18_p0.55_idx8.gpickle,18,0.55,8,8,65
./random_graph_db/graph_db_node_18/07_p0.55/07_graph_n18_p0.55_idx9.gpickle,18,0.55,9,8,60
./random_graph_db/graph_db_node_18/08_p0.6/08_graph_n18_p0.6_idx1.gpickle,18,0.6,1,8,46
./random_graph_db/graph_db_node_18/08_p0.6/08_graph_n18_p0.6_idx10.gpickle,18,0.6,10,7,36
./random_graph_db/graph_db_node_18/08_p0.6/08_graph_n18_p0.6_idx2.gpickle,18,0.6,2,8,57
./random_graph_db/graph_db_node_18/08_p0.6/08_graph_n18_p0.6_idx3.gpickle,18,0.6,3,7,42
./random_graph_db/graph_db_node_18/08_p0.6/08_graph_n18_p0.6_idx4.gpickle,18,0.6,4,8,50
./random_graph_db/graph_db_node_18/08_p0.6/08_graph_n18_p0.6_idx5.gpickle,18,0.6,5,8,57
./random_graph_db/graph_db_node_18/08_p0.6/08_graph_n18_p0.6_idx6.gpickle,18,0.6,6,7,51
./random_graph_db/graph_db_node_18/08_p0.6/08_graph_n18_p0.6_idx7.gpickle,18,0.6,7,7,49
./random_graph_db/graph_db_node_18/08_p0.6/08_graph_n18_p0.6_idx8.gpickle,18,0.6,8,8,50
./random_graph_db/graph_db_node_18/08_p0.6/08_graph_n18_p0.6_idx9.gpickle,18,0.6,9,8,46
./random_graph_db/graph_db_node_18/09_p0.65/09_graph_n18_p0.65_idx1.gpickle,18,0.65,1,7,40
./random_graph_db/graph_db_node_18/09_p0.65/09_graph_n18_p0.65_idx10.gpickle,18,0.65,10,8,49
./random_graph_db/graph_db_node_18/09_p0.65/09_graph_n18_p0.65_idx2.gpickle,18,0.65,2,8,65
./random_graph_db/graph_db_node_18/09_p0.65/09_graph_n18_p0.65_idx3.gpickle,18,0.65,3,8,66
./random_graph_db/graph_db_node_18/09_p0.65/09_graph_n18_p0.65_idx4.gpickle,18,0.65,4,7,55
./random_graph_db/graph_db_node_18/09_p0.65/09_graph_n18_p0.65_idx5.gpickle,18,0.65,5,8,53
./random_graph_db/graph_db_node_18/09_p0.65/09_graph_n18_p0.65_idx6.gpickle,18,0.65,6,7,45
./random_graph_db/graph_db_node_18/09_p0.65/09_graph_n18_p0.65_idx7.gpickle,18,0.65,7,8,59
./random_graph_db/graph_db_node_18/09_p0.65/09_graph_n18_p0.65_idx8.gpickle,18,0.65,8,8,47
./random_graph_db/graph_db_node_18/09_p0.65/09_graph_n18_p0.65_idx9.gpickle,18,0.65,9,7,45
./random_graph_db/graph_db_node_18/10_p0.7/10_graph_n18_p0.7_idx1.gpickle,18,0.7,1,6,35
./random_graph_db/graph_db_node_18/10_p0.7/10_graph_n18_p0.7_idx10.gpickle,18,0.7,10,7,41
./random_graph_db/graph_db_node_18/10_p0.7/10_graph_n18_p0.7_idx2.gpickle,18,0.7,2,7,40
./random_graph_db/graph_db_node_18/10_p0.7/10_graph_n18_p0.7_idx3.gpickle,18,0.7,3,7,34
./random_graph_db/graph_db_node_18/10_p0.7/10_graph_n18_p0.7_idx4.gpickle,18,0.7,4,7,36
./random_graph_db/graph_db_node_18/10_p0.7/10_graph_n18_p0.7_idx5.gpickle,18,0.7,5,7,56
./random_graph_db/graph_db_node_18/10_p0.7/10_graph_n18_p0.7_idx6.gpickle,18,0.7,6,8,54
./random_graph_db/graph_db_node_18/10_p0.7/10_graph_n18_p0.7_idx7.gpickle,18,0.7,7,8,53
./random_graph_db/graph_db_node_18/10_p0.7/10_graph_n18_p0.7_idx8.gpickle,18,0.7,8,8,63
./random_graph_db/graph_db_node_18/10_p0.7/10_graph_n18_p0.7_idx9.gpickle,18,0.7,9,7,50
./random_graph_db/graph_db_node_18/11_p0.8/11_graph_n18_p0.8_idx1.gpickle,18,0.8,1,7,34
./random_graph_db/graph_db_node_18/11_p0.8/11_graph_n18_p0.8_idx10.gpickle,18,0.8,10,8,40
./random_graph_db/graph_db_node_18/11_p0.8/11_graph_n18_p0.8_idx2.gpickle,18,0.8,2,5,18
./random_graph_db/graph_db_node_18/11_p0.8/11_graph_n18_p0.8_idx3.gpickle,18,0.8,3,7,40
./random_graph_db/graph_db_node_18/11_p0.8/11_graph_n18_p0.8_idx4.gpickle,18,0.8,4,6,32
./random_graph_db/graph_db_node_18/11_p0.8/11_graph_n18_p0.8_idx5.gpickle,18,0.8,5,5,21
./random_graph_db/graph_db_node_18/11_p0.8/11_graph_n18_p0.8_idx6.gpickle,18,0.8,6,6,30
./random_graph_db/graph_db_node_18/11_p0.8/11_graph_n18_p0.8_idx7.gpickle,18,0.8,7,6,36
./random_graph_db/graph_db_node_18/11_p0.8/11_graph_n18_p0.8_idx8.gpickle,18,0.8,8,6,30
./random_graph_db/graph_db_node_18/11_p0.8/11_graph_n18_p0.8_idx9.gpickle,18,0.8,9,5,27
./random_graph_db/graph_db_node_18/12_p0.9/12_graph_n18_p0.9_idx1.gpickle,18,0.9,1,7,16
./random_graph_db/graph_db_node_18/12_p0.9/12_graph_n18_p0.9_idx10.gpickle,18,0.9,10,3,8
./random_graph_db/graph_db_node_18/12_p0.9/12_graph_n18_p0.9_idx2.gpickle,18,0.9,2,5,15
./random_graph_db/graph_db_node_18/12_p0.9/12_graph_n18_p0.9_idx3.gpickle,18,0.9,3,7,28
./random_graph_db/graph_db_node_18/12_p0.9/12_graph_n18_p0.9_idx4.gpickle,18,0.9,4,7,32
./random_graph_db/graph_db_node_18/12_p0.9/12_graph_n18_p0.9_idx5.gpickle,18,0.9,5,5,14
./random_graph_db/graph_db_node_18/12_p0.9/12_graph_n18_p0.9_idx6.gpickle,18,0.9,6,5,7
./random_graph_db/graph_db_node_18/12_p0.9/12_graph_n18_p0.9_idx7.gpickle,18,0.9,7,3,10
./random_graph_db/graph_db_node_18/12_p0.9/12_graph_n18_p0.9_idx8.gpickle,18,0.9,8,5,15
./random_graph_db/graph_db_node_18/12_p0.9/12_graph_n18_p0.9_idx9.gpickle,18,0.9,9,5,18
./random_graph_db/graph_db_node_19/01_p0.1/01_graph_n19_p0.1_idx1.gpickle,19,0.1,1,4,8
./random_graph_db/graph_db_node_19/01_p0.1/01_graph_n19_p0.1_idx10.gpickle,19,0.1,10,4,7
./random_graph_db/graph_db_node_19/01_p0.1/01_graph_n19_p0.1_idx2.gpickle,19,0.1,2,3,2
./random_graph_db/graph_db_node_19/01_p0.1/01_graph_n19_p0.1_idx3.gpickle,19,0.1,3,2,5
./random_graph_db/graph_db_node_19/01_p0.1/01_graph_n19_p0.1_idx4.gpickle,19,0.1,4,3,8
./random_graph_db/graph_db_node_19/01_p0.1/01_graph_n19_p0.1_idx5.gpickle,19,0.1,5,4,8
./random_graph_db/graph_db_node_19/01_p0.1/01_graph_n19_p0.1_idx6.gpickle,19,0.1,6,2,2
./random_graph_db/graph_db_node_19/01_p0.1/01_graph_n19_p0.1_idx7.gpickle,19,0.1,7,5,9
./random_graph_db/graph_db_node_19/01_p0.1/01_graph_n19_p0.1_idx8.gpickle,19,0.1,8,3,4
./random_graph_db/graph_db_node_19/01_p0.1/01_graph_n19_p0.1_idx9.gpickle,19,0.1,9,6,17
./random_graph_db/graph_db_node_19/02_p0.2/02_graph_n19_p0.2_idx1.gpickle,19,0.2,1,5,17
./random_graph_db/graph_db_node_19/02_p0.2/02_graph_n19_p0.2_idx10.gpickle,19,0.2,10,5,11
./random_graph_db/graph_db_node_19/02_p0.2/02_graph_n19_p0.2_idx2.gpickle,19,0.2,2,7,32
./random_graph_db/graph_db_node_19/02_p0.2/02_graph_n19_p0.2_idx3.gpickle,19,0.2,3,6,23
./random_graph_db/graph_db_node_19/02_p0.2/02_graph_n19_p0.2_idx4.gpickle,19,0.2,4,5,13
./random_graph_db/graph_db_node_19/02_p0.2/02_graph_n19_p0.2_idx5.gpickle,19,0.2,5,6,20
./random_graph_db/graph_db_node_19/02_p0.2/02_graph_n19_p0.2_idx6.gpickle,19,0.2,6,5,17
./random_graph_db/graph_db_node_19/02_p0.2/02_graph_n19_p0.2_idx7.gpickle,19,0.2,7,6,24
./random_graph_db/graph_db_node_19/02_p0.2/02_graph_n19_p0.2_idx8.gpickle,19,0.2,8,6,19
./random_graph_db/graph_db_node_19/02_p0.2/02_graph_n19_p0.2_idx9.gpickle,19,0.2,9,6,31
./random_graph_db/graph_db_node_19/03_p0.3/03_graph_n19_p0.3_idx1.gpickle,19,0.3,1,7,34
./random_graph_db/graph_db_node_19/03_p0.3/03_graph_n19_p0.3_idx10.gpickle,19,0.3,10,7,42
./random_graph_db/graph_db_node_19/03_p0.3/03_graph_n19_p0.3_idx2.gpickle,19,0.3,2,7,37
./random_graph_db/graph_db_node_19/03_p0.3/03_graph_n19_p0.3_idx3.gpickle,19,0.3,3,7,43
./random_graph_db/graph_db_node_19/03_p0.3/03_graph_n19_p0.3_idx4.gpickle,19,0.3,4,7,46
./random_graph_db/graph_db_node_19/03_p0.3/03_graph_n19_p0.3_idx5.gpickle,19,0.3,5,6,36
./random_graph_db/graph_db_node_19/03_p0.3/03_graph_n19_p0.3_idx6.gpickle,19,0.3,6,8,52
./random_graph_db/graph_db_node_19/03_p0.3/03_graph_n19_p0.3_idx7.gpickle,19,0.3,7,7,51
./random_graph_db/graph_db_node_19/03_p0.3/03_graph_n19_p0.3_idx8.gpickle,19,0.3,8,8,50
./random_graph_db/graph_db_node_19/03_p0.3/03_graph_n19_p0.3_idx9.gpickle,19,0.3,9,8,57
./random_graph_db/graph_db_node_19/04_p0.4/04_graph_n19_p0.4_idx1.gpickle,19,0.4,1,8,56
./random_graph_db/graph_db_node_19/04_p0.4/04_graph_n19_p0.4_idx10.gpickle,19,0.4,10,8,56
./random_graph_db/graph_db_node_19/04_p0.4/04_graph_n19_p0.4_idx2.gpickle,19,0.4,2,8,58
./random_graph_db/graph_db_node_19/04_p0.4/04_graph_n19_p0.4_idx3.gpickle,19,0.4,3,7,48
./random_graph_db/graph_db_node_19/04_p0.4/04_graph_n19_p0.4_idx4.gpickle,19,0.4,4,9,66
./random_graph_db/graph_db_node_19/04_p0.4/04_graph_n19_p0.4_idx5.gpickle,19,0.4,5,7,43
./random_graph_db/graph_db_node_19/04_p0.4/04_graph_n19_p0.4_idx6.gpickle,19,0.4,6,8,48
./random_graph_db/graph_db_node_19/04_p0.4/04_graph_n19_p0.4_idx7.gpickle,19,0.4,7,8,51
./random_graph_db/graph_db_node_19/04_p0.4/04_graph_n19_p0.4_idx8.gpickle,19,0.4,8,7,56
./random_graph_db/graph_db_node_19/04_p0.4/04_graph_n19_p0.4_idx9.gpickle,19,0.4,9,7,48
./random_graph_db/graph_db_node_19/05_p0.45/05_graph_n19_p0.45_idx1.gpickle,19,0.45,1,7,55
./random_graph_db/graph_db_node_19/05_p0.45/05_graph_n19_p0.45_idx10.gpickle,19,0.45,10,8,55
./random_graph_db/graph_db_node_19/05_p0.45/05_graph_n19_p0.45_idx2.gpickle,19,0.45,2,7,53
./random_graph_db/graph_db_node_19/05_p0.45/05_graph_n19_p0.45_idx3.gpickle,19,0.45,3,8,54
./random_graph_db/graph_db_node_19/05_p0.45/05_graph_n19_p0.45_idx4.gpickle,19,0.45,4,7,46
./random_graph_db/graph_db_node_19/05_p0.45/05_graph_n19_p0.45_idx5.gpickle,19,0.45,5,9,67
./random_graph_db/graph_db_node_19/05_p0.45/05_graph_n19_p0.45_idx6.gpickle,19,0.45,6,9,53
./random_graph_db/graph_db_node_19/05_p0.45/05_graph_n19_p0.45_idx7.gpickle,19,0.45,7,8,52
./random_graph_db/graph_db_node_19/05_p0.45/05_graph_n19_p0.45_idx8.gpickle,19,0.45,8,8,65
./random_graph_db/graph_db_node_19/05_p0.45/05_graph_n19_p0.45_idx9.gpickle,19,0.45,9,7,51
./random_graph_db/graph_db_node_19/06_p0.5/06_graph_n19_p0.5_idx1.gpickle,19,0.5,1,8,68
./random_graph_db/graph_db_node_19/06_p0.5/06_graph_n19_p0.5_idx10.gpickle,19,0.5,10,8,62
./random_graph_db/graph_db_node_19/06_p0.5/06_graph_n19_p0.5_idx2.gpickle,19,0.5,2,8,66
./random_graph_db/graph_db_node_19/06_p0.5/06_graph_n19_p0.5_idx3.gpickle,19,0.5,3,8,59
./random_graph_db/graph_db_node_19/06_p0.5/06_graph_n19_p0.5_idx4.gpickle,19,0.5,4,8,62
./random_graph_db/graph_db_node_19/06_p0.5/06_graph_n19_p0.5_idx5.gpickle,19,0.5,5,8,65
./random_graph_db/graph_db_node_19/06_p0.5/06_graph_n19_p0.5_idx6.gpickle,19,0.5,6,7,55
./random_graph_db/graph_db_node_19/06_p0.5/06_graph_n19_p0.5_idx7.gpickle,19,0.5,7,8,57
./random_graph_db/graph_db_node_19/06_p0.5/06_graph_n19_p0.5_idx8.gpickle,19,0.5,8,7,42
./random_graph_db/graph_db_node_19/06_p0.5/06_graph_n19_p0.5_idx9.gpickle,19,0.5,9,8,65
./random_graph_db/graph_db_node_19/07_p0.55/07_graph_n19_p0.55_idx1.gpickle,19,0.55,1,8,52
./random_graph_db/graph_db_node_19/07_p0.55/07_graph_n19_p0.55_idx10.gpickle,19,0.55,10,8,54
./random_graph_db/graph_db_node_19/07_p0.55/07_graph_n19_p0.55_idx2.gpickle,19,0.55,2,8,62
./random_graph_db/graph_db_node_19/07_p0.55/07_graph_n19_p0.55_idx3.gpickle,19,0.55,3,7,52
./random_graph_db/graph_db_node_19/07_p0.55/07_graph_n19_p0.55_idx4.gpickle,19,0.55,4,7,50
./random_graph_db/graph_db_node_19/07_p0.55/07_graph_n19_p0.55_idx5.gpickle,19,0.55,5,8,51
./random_graph_db/graph_db_node_19/07_p0.55/07_graph_n19_p0.55_idx6.gpickle,19,0.55,6,8,61
./random_graph_db/graph_db_node_19/07_p0.55/07_graph_n19_p0.55_idx7.gpickle,19,0.55,7,6,51
./random_graph_db/graph_db_node_19/07_p0.55/07_graph_n19_p0.55_idx8.gpickle,19,0.55,8,8,69
./random_graph_db/graph_db_node_19/07_p0.55/07_graph_n19_p0.55_idx9.gpickle,19,0.55,9,8,61
./random_graph_db/graph_db_node_19/08_p0.6/08_graph_n19_p0.6_idx1.gpickle,19,0.6,1,8,65
./random_graph_db/graph_db_node_19/08_p0.6/08_graph_n19_p0.6_idx10.gpickle,19,0.6,10,8,57
./random_graph_db/graph_db_node_19/08_p0.6/08_graph_n19_p0.6_idx2.gpickle,19,0.6,2,9,61
./random_graph_db/graph_db_node_19/08_p0.6/08_graph_n19_p0.6_idx3.gpickle,19,0.6,3,8,55
./random_graph_db/graph_db_node_19/08_p0.6/08_graph_n19_p0.6_idx4.gpickle,19,0.6,4,9,56
./random_graph_db/graph_db_node_19/08_p0.6/08_graph_n19_p0.6_idx5.gpickle,19,0.6,5,8,68
./random_graph_db/graph_db_node_19/08_p0.6/08_graph_n19_p0.6_idx6.gpickle,19,0.6,6,8,49
./random_graph_db/graph_db_node_19/08_p0.6/08_graph_n19_p0.6_idx7.gpickle,19,0.6,7,9,64
./random_graph_db/graph_db_node_19/08_p0.6/08_graph_n19_p0.6_idx8.gpickle,19,0.6,8,8,45
./random_graph_db/graph_db_node_19/08_p0.6/08_graph_n19_p0.6_idx9.gpickle,19,0.6,9,8,55
./random_graph_db/graph_db_node_19/09_p0.65/09_graph_n19_p0.65_idx1.gpickle,19,0.65,1,9,58
./random_graph_db/graph_db_node_19/09_p0.65/09_graph_n19_p0.65_idx10.gpickle,19,0.65,10,9,67
./random_graph_db/graph_db_node_19/09_p0.65/09_graph_n19_p0.65_idx2.gpickle,19,0.65,2,8,58
./random_graph_db/graph_db_node_19/09_p0.65/09_graph_n19_p0.65_idx3.gpickle,19,0.65,3,8,64
./random_graph_db/graph_db_node_19/09_p0.65/09_graph_n19_p0.65_idx4.gpickle,19,0.65,4,8,66
./random_graph_db/graph_db_node_19/09_p0.65/09_graph_n19_p0.65_idx5.gpickle,19,0.65,5,8,56
./random_graph_db/graph_db_node_19/09_p0.65/09_graph_n19_p0.65_idx6.gpickle,19,0.65,6,8,64
./random_graph_db/graph_db_node_19/09_p0.65/09_graph_n19_p0.65_idx7.gpickle,19,0.65,7,8,53
./random_graph_db/graph_db_node_19/09_p0.65/09_graph_n19_p0.65_idx8.gpickle,19,0.65,8,7,53
./random_graph_db/graph_db_node_19/09_p0.65/09_graph_n19_p0.65_idx9.gpickle,19,0.65,9,8,64
./random_graph_db/graph_db_node_19/10_p0.7/10_graph_n19_p0.7_idx1.gpickle,19,0.7,1,8,43
./random_graph_db/graph_db_node_19/10_p0.7/10_graph_n19_p0.7_idx10.gpickle,19,0.7,10,8,57
./random_graph_db/graph_db_node_19/10_p0.7/10_graph_n19_p0.7_idx2.gpickle,19,0.7,2,8,73
./random_graph_db/graph_db_node_19/10_p0.7/10_graph_n19_p0.7_idx3.gpickle,19,0.7,3,7,45
./random_graph_db/graph_db_node_19/10_p0.7/10_graph_n19_p0.7_idx4.gpickle,19,0.7,4,8,64
./random_graph_db/graph_db_node_19/10_p0.7/10_graph_n19_p0.7_idx5.gpickle,19,0.7,5,9,63
./random_graph_db/graph_db_node_19/10_p0.7/10_graph_n19_p0.7_idx6.gpickle,19,0.7,6,8,46
./random_graph_db/graph_db_node_19/10_p0.7/10_graph_n19_p0.7_idx7.gpickle,19,0.7,7,8,60
./random_graph_db/graph_db_node_19/10_p0.7/10_graph_n19_p0.7_idx8.gpickle,19,0.7,8,7,64
./random_graph_db/graph_db_node_19/10_p0.7/10_graph_n19_p0.7_idx9.gpickle,19,0.7,9,7,40
./random_graph_db/graph_db_node_19/11_p0.8/11_graph_n19_p0.8_idx1.gpickle,19,0.8,1,5,36
./random_graph_db/graph_db_node_19/11_p0.8/11_graph_n19_p0.8_idx10.gpickle,19,0.8,10,7,38
./random_graph_db/graph_db_node_19/11_p0.8/11_graph_n19_p0.8_idx2.gpickle,19,0.8,2,7,26
./random_graph_db/graph_db_node_19/11_p0.8/11_graph_n19_p0.8_idx3.gpickle,19,0.8,3,7,50
./random_graph_db/graph_db_node_19/11_p0.8/11_graph_n19_p0.8_idx4.gpickle,19,0.8,4,6,42
./random_graph_db/graph_db_node_19/11_p0.8/11_graph_n19_p0.8_idx5.gpickle,19,0.8,5,8,37
./random_graph_db/graph_db_node_19/11_p0.8/11_graph_n19_p0.8_idx6.gpickle,19,0.8,6,5,32
./random_graph_db/graph_db_node_19/11_p0.8/11_graph_n19_p0.8_idx7.gpickle,19,0.8,7,5,24
./random_graph_db/graph_db_node_19/11_p0.8/11_graph_n19_p0.8_idx8.gpickle,19,0.8,8,6,42
./random_graph_db/graph_db_node_19/11_p0.8/11_graph_n19_p0.8_idx9.gpickle,19,0.8,9,7,32
./random_graph_db/graph_db_node_19/12_p0.9/12_graph_n19_p0.9_idx1.gpickle,19,0.9,1,5,12
./random_graph_db/graph_db_node_19/12_p0.9/12_graph_n19_p0.9_idx10.gpickle,19,0.9,10,5,26
./random_graph_db/graph_db_node_19/12_p0.9/12_graph_n19_p0.9_idx2.gpickle,19,0.9,2,3,13
./random_graph_db/graph_db_node_19/12_p0.9/12_graph_n19_p0.9_idx3.gpickle,19,0.9,3,5,28
./random_graph_db/graph_db_node_19/12_p0.9/12_graph_n19_p0.9_idx4.gpickle,19,0.9,4,6,38
./random_graph_db/graph_db_node_19/12_p0.9/12_graph_n19_p0.9_idx5.gpickle,19,0.9,5,5,13
./random_graph_db/graph_db_node_19/12_p0.9/12_graph_n19_p0.9_idx6.gpickle,19,0.9,6,5,10
./random_graph_db/graph_db_node_19/12_p0.9/12_graph_n19_p0.9_idx7.gpickle,19,0.9,7,5,12
./random_graph_db/graph_db_node_19/12_p0.9/12_graph_n19_p0.9_idx8.gpickle,19,0.9,8,4,23
./random_graph_db/graph_db_node_19/12_p0.9/12_graph_n19_p0.9_idx9.gpickle,19,0.9,9,4,14
./random_graph_db/graph_db_node_20/01_p0.1/01_graph_n20_p0.1_idx1.gpickle,20,0.1,1,3,5
./random_graph_db/graph_db_node_20/01_p0.1/01_graph_n20_p0.1_idx10.gpickle,20,0.1,10,4,8
./random_graph_db/graph_db_node_20/01_p0.1/01_graph_n20_p0.1_idx2.gpickle,20,0.1,2,4,8
./random_graph_db/graph_db_node_20/01_p0.1/01_graph_n20_p0.1_idx3.gpickle,20,0.1,3,4,12
./random_graph_db/graph_db_node_20/01_p0.1/01_graph_n20_p0.1_idx4.gpickle,20,0.1,4,2,3
./random_graph_db/graph_db_node_20/01_p0.1/01_graph_n20_p0.1_idx5.gpickle,20,0.1,5,5,11
./random_graph_db/graph_db_node_20/01_p0.1/01_graph_n20_p0.1_idx6.gpickle,20,0.1,6,3,8
./random_graph_db/graph_db_node_20/01_p0.1/01_graph_n20_p0.1_idx7.gpickle,20,0.1,7,3,7
./random_graph_db/graph_db_node_20/01_p0.1/01_graph_n20_p0.1_idx8.gpickle,20,0.1,8,4,7
./random_graph_db/graph_db_node_20/01_p0.1/01_graph_n20_p0.1_idx9.gpickle,20,0.1,9,3,7
./random_graph_db/graph_db_node_20/02_p0.2/02_graph_n20_p0.2_idx1.gpickle,20,0.2,1,6,29
./random_graph_db/graph_db_node_20/02_p0.2/02_graph_n20_p0.2_idx10.gpickle,20,0.2,10,6,27
./random_graph_db/graph_db_node_20/02_p0.2/02_graph_n20_p0.2_idx2.gpickle,20,0.2,2,6,33
./random_graph_db/graph_db_node_20/02_p0.2/02_graph_n20_p0.2_idx3.gpickle,20,0.2,3,6,22
./random_graph_db/graph_db_node_20/02_p0.2/02_graph_n20_p0.2_idx4.gpickle,20,0.2,4,6,20
./random_graph_db/graph_db_node_20/02_p0.2/02_graph_n20_p0.2_idx5.gpickle,20,0.2,5,6,20
./random_graph_db/graph_db_node_20/02_p0.2/02_graph_n20_p0.2_idx6.gpickle,20,0.2,6,4,23
./random_graph_db/graph_db_node_20/02_p0.2/02_graph_n20_p0.2_idx7.gpickle,20,0.2,7,5,29
./random_graph_db/graph_db_node_20/02_p0.2/02_graph_n20_p0.2_idx8.gpickle,20,0.2,8,4,16
./random_graph_db/graph_db_node_20/02_p0.2/02_graph_n20_p0.2_idx9.gpickle,20,0.2,9,6,32
./random_graph_db/graph_db_node_20/03_p0.3/03_graph_n20_p0.3_idx1.gpickle,20,0.3,1,8,48
./random_graph_db/graph_db_node_20/03_p0.3/03_graph_n20_p0.3_idx10.gpickle,20,0.3,10,7,48
./random_graph_db/graph_db_node_20/03_p0.3/03_graph_n20_p0.3_idx2.gpickle,20,0.3,2,7,42
./random_graph_db/graph_db_node_20/03_p0.3/03_graph_n20_p0.3_idx3.gpickle,20,0.3,3,8,46
./random_graph_db/graph_db_node_20/03_p0.3/03_graph_n20_p0.3_idx4.gpickle,20,0.3,4,8,36
./random_graph_db/graph_db_node_20/03_p0.3/03_graph_n20_p0.3_idx5.gpickle,20,0.3,5,8,51
./random_graph_db/graph_db_node_20/03_p0.3/03_graph_n20_p0.3_idx6.gpickle,20,0.3,6,8,53
./random_graph_db/graph_db_node_20/03_p0.3/03_graph_n20_p0.3_idx7.gpickle,20,0.3,7,7,46
./random_graph_db/graph_db_node_20/03_p0.3/03_graph_n20_p0.3_idx8.gpickle,20,0.3,8,7,51
./random_graph_db/graph_db_node_20/03_p0.3/03_graph_n20_p0.3_idx9.gpickle,20,0.3,9,8,53
./random_graph_db/graph_db_node_20/04_p0.4/04_graph_n20_p0.4_idx1.gpickle,20,0.4,1,9,67
./random_graph_db/graph_db_node_20/04_p0.4/04_graph_n20_p0.4_idx10.gpickle,20,0.4,10,8,66
./random_graph_db/graph_db_node_20/04_p0.4/04_graph_n20_p0.4_idx2.gpickle,20,0.4,2,9,68
./random_graph_db/graph_db_node_20/04_p0.4/04_graph_n20_p0.4_idx3.gpickle,20,0.4,3,8,60
./random_graph_db/graph_db_node_20/04_p0.4/04_graph_n20_p0.4_idx4.gpickle,20,0.4,4,8,58
./random_graph_db/graph_db_node_20/04_p0.4/04_graph_n20_p0.4_idx5.gpickle,20,0.4,5,8,55
./random_graph_db/graph_db_node_20/04_p0.4/04_graph_n20_p0.4_idx6.gpickle,20,0.4,6,8,58
./random_graph_db/graph_db_node_20/04_p0.4/04_graph_n20_p0.4_idx7.gpickle,20,0.4,7,8,57
./random_graph_db/graph_db_node_20/04_p0.4/04_graph_n20_p0.4_idx8.gpickle,20,0.4,8,9,77
./random_graph_db/graph_db_node_20/04_p0.4/04_graph_n20_p0.4_idx9.gpickle,20,0.4,9,8,78
./random_graph_db/graph_db_node_20/05_p0.45/05_graph_n20_p0.45_idx1.gpickle,20,0.45,1,9,73
./random_graph_db/graph_db_node_20/05_p0.45/05_graph_n20_p0.45_idx10.gpickle,20,0.45,10,8,64
./random_graph_db/graph_db_node_20/05_p0.45/05_graph_n20_p0.45_idx2.gpickle,20,0.45,2,9,62
./random_graph_db/graph_db_node_20/05_p0.45/05_graph_n20_p0.45_idx3.gpickle,20,0.45,3,9,68
./random_graph_db/graph_db_node_20/05_p0.45/05_graph_n20_p0.45_idx4.gpickle,20,0.45,4,9,85
./random_graph_db/graph_db_node_20/05_p0.45/05_graph_n20_p0.45_idx5.gpickle,20,0.45,5,8,73
./random_graph_db/graph_db_node_20/05_p0.45/05_graph_n20_p0.45_idx6.gpickle,20,0.45,6,8,73
./random_graph_db/graph_db_node_20/05_p0.45/05_graph_n20_p0.45_idx7.gpickle,20,0.45,7,8,60
./random_graph_db/graph_db_node_20/05_p0.45/05_graph_n20_p0.45_idx8.gpickle,20,0.45,8,9,71
./random_graph_db/graph_db_node_20/05_p0.45/05_graph_n20_p0.45_idx9.gpickle,20,0.45,9,8,72
./random_graph_db/graph_db_node_20/06_p0.5/06_graph_n20_p0.5_idx1.gpickle,20,0.5,1,9,74
./random_graph_db/graph_db_node_20/06_p0.5/06_graph_n20_p0.5_idx10.gpickle,20,0.5,10,7,55
./random_graph_db/graph_db_node_20/06_p0.5/06_graph_n20_p0.5_idx2.gpickle,20,0.5,2,9,84
./random_graph_db/graph_db_node_20/06_p0.5/06_graph_n20_p0.5_idx3.gpickle,20,0.5,3,8,65
./random_graph_db/graph_db_node_20/06_p0.5/06_graph_n20_p0.5_idx4.gpickle,20,0.5,4,9,70
./random_graph_db/graph_db_node_20/06_p0.5/06_graph_n20_p0.5_idx5.gpickle,20,0.5,5,8,57
./random_graph_db/graph_db_node_20/06_p0.5/06_graph_n20_p0.5_idx6.gpickle,20,0.5,6,8,76
./random_graph_db/graph_db_node_20/06_p0.5/06_graph_n20_p0.5_idx7.gpickle,20,0.5,7,8,60
./random_graph_db/graph_db_node_20/06_p0.5/06_graph_n20_p0.5_idx8.gpickle,20,0.5,8,8,62
./random_graph_db/graph_db_node_20/06_p0.5/06_graph_n20_p0.5_idx9.gpickle,20,0.5,9,9,68
./random_graph_db/graph_db_node_20/07_p0.55/07_graph_n20_p0.55_idx1.gpickle,20,0.55,1,8,72
./random_graph_db/graph_db_node_20/07_p0.55/07_graph_n20_p0.55_idx10.gpickle,20,0.55,10,9,68
./random_graph_db/graph_db_node_20/07_p0.55/07_graph_n20_p0.55_idx2.gpickle,20,0.55,2,9,69
./random_graph_db/graph_db_node_20/07_p0.55/07_graph_n20_p0.55_idx3.gpickle,20,0.55,3,9,74
./random_graph_db/graph_db_node_20/07_p0.55/07_graph_n20_p0.55_idx4.gpickle,20,0.55,4,8,60
./random_graph_db/graph_db_node_20/07_p0.55/07_graph_n20_p0.55_idx5.gpickle,20,0.55,5,8,50
./random_graph_db/graph_db_node_20/07_p0.55/07_graph_n20_p0.55_idx6.gpickle,20,0.55,6,8,63
./random_graph_db/graph_db_node_20/07_p0.55/07_graph_n20_p0.55_idx7.gpickle,20,0.55,7,8,84
./random_graph_db/graph_db_node_20/07_p0.55/07_graph_n20_p0.55_idx8.gpickle,20,0.55,8,8,59
./random_graph_db/graph_db_node_20/07_p0.55/07_graph_n20_p0.55_idx9.gpickle,20,0.55,9,8,60
./random_graph_db/graph_db_node_20/08_p0.6/08_graph_n20_p0.6_idx1.gpickle,20,0.6,1,8,59
./random_graph_db/graph_db_node_20/08_p0.6/08_graph_n20_p0.6_idx10.gpickle,20,0.6,10,9,77
./random_graph_db/graph_db_node_20/08_p0.6/08_graph_n20_p0.6_idx2.gpickle,20,0.6,2,9,79
./random_graph_db/graph_db_node_20/08_p0.6/08_graph_n20_p0.6_idx3.gpickle,20,0.6,3,9,69
./random_graph_db/graph_db_node_20/08_p0.6/08_graph_n20_p0.6_idx4.gpickle,20,0.6,4,9,71
./random_graph_db/graph_db_node_20/08_p0.6/08_graph_n20_p0.6_idx5.gpickle,20,0.6,5,8,62
./random_graph_db/graph_db_node_20/08_p0.6/08_graph_n20_p0.6_idx6.gpickle,20,0.6,6,8,54
./random_graph_db/graph_db_node_20/08_p0.6/08_graph_n20_p0.6_idx7.gpickle,20,0.6,7,8,60
./random_graph_db/graph_db_node_20/08_p0.6/08_graph_n20_p0.6_idx8.gpickle,20,0.6,8,8,61
./random_graph_db/graph_db_node_20/08_p0.6/08_graph_n20_p0.6_idx9.gpickle,20,0.6,9,8,57
./random_graph_db/graph_db_node_20/09_p0.65/09_graph_n20_p0.65_idx1.gpickle,20,0.65,1,8,57
./random_graph_db/graph_db_node_20/09_p0.65/09_graph_n20_p0.65_idx10.gpickle,20,0.65,10,9,59
./random_graph_db/graph_db_node_20/09_p0.65/09_graph_n20_p0.65_idx2.gpickle,20,0.65,2,9,77
./random_graph_db/graph_db_node_20/09_p0.65/09_graph_n20_p0.65_idx3.gpickle,20,0.65,3,9,66
./random_graph_db/graph_db_node_20/09_p0.65/09_graph_n20_p0.65_idx4.gpickle,20,0.65,4,8,68
./random_graph_db/graph_db_node_20/09_p0.65/09_graph_n20_p0.65_idx5.gpickle,20,0.65,5,8,61
./random_graph_db/graph_db_node_20/09_p0.65/09_graph_n20_p0.65_idx6.gpickle,20,0.65,6,8,60
./random_graph_db/graph_db_node_20/09_p0.65/09_graph_n20_p0.65_idx7.gpickle,20,0.65,7,8,57
./random_graph_db/graph_db_node_20/09_p0.65/09_graph_n20_p0.65_idx8.gpickle,20,0.65,8,8,61
./random_graph_db/graph_db_node_20/09_p0.65/09_graph_n20_p0.65_idx9.gpickle,20,0.65,9,9,78
./random_graph_db/graph_db_node_20/10_p0.7/10_graph_n20_p0.7_idx1.gpickle,20,0.7,1,8,61
./random_graph_db/graph_db_node_20/10_p0.7/10_graph_n20_p0.7_idx10.gpickle,20,0.7,10,8,71
./random_graph_db/graph_db_node_20/10_p0.7/10_graph_n20_p0.7_idx2.gpickle,20,0.7,2,9,79
./random_graph_db/graph_db_node_20/10_p0.7/10_graph_n20_p0.7_idx3.gpickle,20,0.7,3,7,48
./random_graph_db/graph_db_node_20/10_p0.7/10_graph_n20_p0.7_idx4.gpickle,20,0.7,4,8,58
./random_graph_db/graph_db_node_20/10_p0.7/10_graph_n20_p0.7_idx5.gpickle,20,0.7,5,9,82
./random_graph_db/graph_db_node_20/10_p0.7/10_graph_n20_p0.7_idx6.gpickle,20,0.7,6,9,70
./random_graph_db/graph_db_node_20/10_p0.7/10_graph_n20_p0.7_idx7.gpickle,20,0.7,7,8,59
./random_graph_db/graph_db_node_20/10_p0.7/10_graph_n20_p0.7_idx8.gpickle,20,0.7,8,8,70
./random_graph_db/graph_db_node_20/10_p0.7/10_graph_n20_p0.7_idx9.gpickle,20,0.7,9,7,44
./random_graph_db/graph_db_node_20/11_p0.8/11_graph_n20_p0.8_idx1.gpickle,20,0.8,1,6,38
./random_graph_db/graph_db_node_20/11_p0.8/11_graph_n20_p0.8_idx10.gpickle,20,0.8,10,7,47
./random_graph_db/graph_db_node_20/11_p0.8/11_graph_n20_p0.8_idx2.gpickle,20,0.8,2,6,22
./random_graph_db/graph_db_node_20/11_p0.8/11_graph_n20_p0.8_idx3.gpickle,20,0.8,3,7,43
./random_graph_db/graph_db_node_20/11_p0.8/11_graph_n20_p0.8_idx4.gpickle,20,0.8,4,7,49
./random_graph_db/graph_db_node_20/11_p0.8/11_graph_n20_p0.8_idx5.gpickle,20,0.8,5,6,23
./random_graph_db/graph_db_node_20/11_p0.8/11_graph_n20_p0.8_idx6.gpickle,20,0.8,6,8,45
./random_graph_db/graph_db_node_20/11_p0.8/11_graph_n20_p0.8_idx7.gpickle,20,0.8,7,8,51
./random_graph_db/graph_db_node_20/11_p0.8/11_graph_n20_p0.8_idx8.gpickle,20,0.8,8,8,57
./random_graph_db/graph_db_node_20/11_p0.8/11_graph_n20_p0.8_idx9.gpickle,20,0.8,9,8,52
./random_graph_db/graph_db_node_20/12_p0.9/12_graph_n20_p0.9_idx1.gpickle,20,0.9,1,6,18
./random_graph_db/graph_db_node_20/12_p0.9/12_graph_n20_p0.9_idx10.gpickle,20,0.9,10,6,21
./random_graph_db/graph_db_node_20/12_p0.9/12_graph_n20_p0.9_idx2.gpickle,20,0.9,2,4,15
./random_graph_db/graph_db_node_20/12_p0.9/12_graph_n20_p0.9_idx3.gpickle,20,0.9,3,7,32
./random_graph_db/graph_db_node_20/12_p0.9/12_graph_n20_p0.9_idx4.gpickle,20,0.9,4,4,21
./random_graph_db/graph_db_node_20/12_p0.9/12_graph_n20_p0.9_idx5.gpickle,20,0.9,5,6,14
./random_graph_db/graph_db_node_20/12_p0.9/12_graph_n20_p0.9_idx6.gpickle,20,0.9,6,6,13
./random_graph_db/graph_db_node_20/12_p0.9/12_graph_n20_p0.9_idx7.gpickle,20,0.9,7,3,14
./random_graph_db/graph_db_node_20/12_p0.9/12_graph_n20_p0.9_idx8.gpickle,20,0.9,8,5,24
./random_graph_db/graph_db_node_20/12_p0.9/12_graph_n20_p0.9_idx9.gpickle,20,0.9,9,5,22
./random_graph_db/graph_db_node_21/01_p0.1/01_graph_n21_p0.1_idx1.gpickle,21,0.1,1,2,7
./random_graph_db/graph_db_node_21/01_p0.1/01_graph_n21_p0.1_idx10.gpickle,21,0.1,10,5,7
./random_graph_db/graph_db_node_21/01_p0.1/01_graph_n21_p0.1_idx2.gpickle,21,0.1,2,5,12
./random_graph_db/graph_db_node_21/01_p0.1/01_graph_n21_p0.1_idx3.gpickle,21,0.1,3,2,2
./random_graph_db/graph_db_node_21/01_p0.1/01_graph_n21_p0.1_idx4.gpickle,21,0.1,4,4,6
./random_graph_db/graph_db_node_21/01_p0.1/01_graph_n21_p0.1_idx5.gpickle,21,0.1,5,5,15
./random_graph_db/graph_db_node_21/01_p0.1/01_graph_n21_p0.1_idx6.gpickle,21,0.1,6,4,8
./random_graph_db/graph_db_node_21/01_p0.1/01_graph_n21_p0.1_idx7.gpickle,21,0.1,7,4,11
./random_graph_db/graph_db_node_21/01_p0.1/01_graph_n21_p0.1_idx8.gpickle,21,0.1,8,2,1
./random_graph_db/graph_db_node_21/01_p0.1/01_graph_n21_p0.1_idx9.gpickle,21,0.1,9,3,4
./random_graph_db/graph_db_node_21/02_p0.2/02_graph_n21_p0.2_idx1.gpickle,21,0.2,1,7,30
./random_graph_db/graph_db_node_21/02_p0.2/02_graph_n21_p0.2_idx10.gpickle,21,0.2,10,6,18
./random_graph_db/graph_db_node_21/02_p0.2/02_graph_n21_p0.2_idx2.gpickle,21,0.2,2,7,39
./random_graph_db/graph_db_node_21/02_p0.2/02_graph_n21_p0.2_idx3.gpickle,21,0.2,3,7,42
./random_graph_db/graph_db_node_21/02_p0.2/02_graph_n21_p0.2_idx4.gpickle,21,0.2,4,7,32
./random_graph_db/graph_db_node_21/02_p0.2/02_graph_n21_p0.2_idx5.gpickle,21,0.2,5,6,25
./random_graph_db/graph_db_node_21/02_p0.2/02_graph_n21_p0.2_idx6.gpickle,21,0.2,6,6,28
./random_graph_db/graph_db_node_21/02_p0.2/02_graph_n21_p0.2_idx7.gpickle,21,0.2,7,6,27
./random_graph_db/graph_db_node_21/02_p0.2/02_graph_n21_p0.2_idx8.gpickle,21,0.2,8,6,21
./random_graph_db/graph_db_node_21/02_p0.2/02_graph_n21_p0.2_idx9.gpickle,21,0.2,9,8,44
./random_graph_db/graph_db_node_21/03_p0.3/03_graph_n21_p0.3_idx1.gpickle,21,0.3,1,9,59
./random_graph_db/graph_db_node_21/03_p0.3/03_graph_n21_p0.3_idx10.gpickle,21,0.3,10,8,53
./random_graph_db/graph_db_node_21/03_p0.3/03_graph_n21_p0.3_idx2.gpickle,21,0.3,2,9,51
./random_graph_db/graph_db_node_21/03_p0.3/03_graph_n21_p0.3_idx3.gpickle,21,0.3,3,9,70
./random_graph_db/graph_db_node_21/03_p0.3/03_graph_n21_p0.3_idx4.gpickle,21,0.3,4,9,48
./random_graph_db/graph_db_node_21/03_p0.3/03_graph_n21_p0.3_idx5.gpickle,21,0.3,5,8,54
./random_graph_db/graph_db_node_21/03_p0.3/03_graph_n21_p0.3_idx6.gpickle,21,0.3,6,9,50
./random_graph_db/graph_db_node_21/03_p0.3/03_graph_n21_p0.3_idx7.gpickle,21,0.3,7,9,62
./random_graph_db/graph_db_node_21/03_p0.3/03_graph_n21_p0.3_idx8.gpickle,21,0.3,8,9,59
./random_graph_db/graph_db_node_21/03_p0.3/03_graph_n21_p0.3_idx9.gpickle,21,0.3,9,9,63
./random_graph_db/graph_db_node_21/04_p0.4/04_graph_n21_p0.4_idx1.gpickle,21,0.4,1,9,73
./random_graph_db/graph_db_node_21/04_p0.4/04_graph_n21_p0.4_idx10.gpickle,21,0.4,10,8,65
./random_graph_db/graph_db_node_21/04_p0.4/04_graph_n21_p0.4_idx2.gpickle,21,0.4,2,9,79
./random_graph_db/graph_db_node_21/04_p0.4/04_graph_n21_p0.4_idx3.gpickle,21,0.4,3,9,75
./random_graph_db/graph_db_node_21/04_p0.4/04_graph_n21_p0.4_idx4.gpickle,21,0.4,4,10,88
./random_graph_db/graph_db_node_21/04_p0.4/04_graph_n21_p0.4_idx5.gpickle,21,0.4,5,9,73
./random_graph_db/graph_db_node_21/04_p0.4/04_graph_n21_p0.4_idx6.gpickle,21,0.4,6,8,63
./random_graph_db/graph_db_node_21/04_p0.4/04_graph_n21_p0.4_idx7.gpickle,21,0.4,7,9,68
./random_graph_db/graph_db_node_21/04_p0.4/04_graph_n21_p0.4_idx8.gpickle,21,0.4,8,8,62
./random_graph_db/graph_db_node_21/04_p0.4/04_graph_n21_p0.4_idx9.gpickle,21,0.4,9,9,77
./random_graph_db/graph_db_node_21/05_p0.45/05_graph_n21_p0.45_idx1.gpickle,21,0.45,1,9,78
./random_graph_db/graph_db_node_21/05_p0.45/05_graph_n21_p0.45_idx10.gpickle,21,0.45,10,9,73
./random_graph_db/graph_db_node_21/05_p0.45/05_graph_n21_p0.45_idx2.gpickle,21,0.45,2,9,73
./random_graph_db/graph_db_node_21/05_p0.45/05_graph_n21_p0.45_idx3.gpickle,21,0.45,3,9,73
./random_graph_db/graph_db_node_21/05_p0.45/05_graph_n21_p0.45_idx4.gpickle,21,0.45,4,9,79
./random_graph_db/graph_db_node_21/05_p0.45/05_graph_n21_p0.45_idx5.gpickle,21,0.45,5,9,73
./random_graph_db/graph_db_node_21/05_p0.45/05_graph_n21_p0.45_idx6.gpickle,21,0.45,6,9,77
./random_graph_db/graph_db_node_21/05_p0.45/05_graph_n21_p0.45_idx7.gpickle,21,0.45,7,9,69
./random_graph_db/graph_db_node_21/05_p0.45/05_graph_n21_p0.45_idx8.gpickle,21,0.45,8,9,77
./random_graph_db/graph_db_node_21/05_p0.45/05_graph_n21_p0.45_idx9.gpickle,21,0.45,9,8,68
./random_graph_db/graph_db_node_21/06_p0.5/06_graph_n21_p0.5_idx1.gpickle,21,0.5,1,9,66
./random_graph_db/graph_db_node_21/06_p0.5/06_graph_n21_p0.5_idx10.gpickle,21,0.5,10,9,82
./random_graph_db/graph_db_node_21/06_p0.5/06_graph_n21_p0.5_idx2.gpickle,21,0.5,2,9,77
./random_graph_db/graph_db_node_21/06_p0.5/06_graph_n21_p0.5_idx3.gpickle,21,0.5,3,9,84
./random_graph_db/graph_db_node_21/06_p0.5/06_graph_n21_p0.5_idx4.gpickle,21,0.5,4,9,71
./random_graph_db/graph_db_node_21/06_p0.5/06_graph_n21_p0.5_idx5.gpickle,21,0.5,5,9,83
./random_graph_db/graph_db_node_21/06_p0.5/06_graph_n21_p0.5_idx6.gpickle,21,0.5,6,9,68
./random_graph_db/graph_db_node_21/06_p0.5/06_graph_n21_p0.5_idx7.gpickle,21,0.5,7,9,73
./random_graph_db/graph_db_node_21/06_p0.5/06_graph_n21_p0.5_idx8.gpickle,21,0.5,8,9,89
./random_graph_db/graph_db_node_21/06_p0.5/06_graph_n21_p0.5_idx9.gpickle,21,0.5,9,8,73
./random_graph_db/graph_db_node_21/07_p0.55/07_graph_n21_p0.55_idx1.gpickle,21,0.55,1,10,73
./random_graph_db/graph_db_node_21/07_p0.55/07_graph_n21_p0.55_idx10.gpickle,21,0.55,10,9,72
./random_graph_db/graph_db_node_21/07_p0.55/07_graph_n21_p0.55_idx2.gpickle,21,0.55,2,9,85
./random_graph_db/graph_db_node_21/07_p0.55/07_graph_n21_p0.55_idx3.gpickle,21,0.55,3,9,71
./random_graph_db/graph_db_node_21/07_p0.55/07_graph_n21_p0.55_idx4.gpickle,21,0.55,4,9,70
./random_graph_db/graph_db_node_21/07_p0.55/07_graph_n21_p0.55_idx5.gpickle,21,0.55,5,9,78
./random_graph_db/graph_db_node_21/07_p0.55/07_graph_n21_p0.55_idx6.gpickle,21,0.55,6,9,90
./random_graph_db/graph_db_node_21/07_p0.55/07_graph_n21_p0.55_idx7.gpickle,21,0.55,7,8,74
./random_graph_db/graph_db_node_21/07_p0.55/07_graph_n21_p0.55_idx8.gpickle,21,0.55,8,9,79
./random_graph_db/graph_db_node_21/07_p0.55/07_graph_n21_p0.55_idx9.gpickle,21,0.55,9,8,75
./random_graph_db/graph_db_node_21/08_p0.6/08_graph_n21_p0.6_idx1.gpickle,21,0.6,1,9,74
./random_graph_db/graph_db_node_21/08_p0.6/08_graph_n21_p0.6_idx10.gpickle,21,0.6,10,9,77
./random_graph_db/graph_db_node_21/08_p0.6/08_graph_n21_p0.6_idx2.gpickle,21,0.6,2,10,86
./random_graph_db/graph_db_node_21/08_p0.6/08_graph_n21_p0.6_idx3.gpickle,21,0.6,3,9,74
./random_graph_db/graph_db_node_21/08_p0.6/08_graph_n21_p0.6_idx4.gpickle,21,0.6,4,9,67
./random_graph_db/graph_db_node_21/08_p0.6/08_graph_n21_p0.6_idx5.gpickle,21,0.6,5,9,67
./random_graph_db/graph_db_node_21/08_p0.6/08_graph_n21_p0.6_idx6.gpickle,21,0.6,6,9,83
./random_graph_db/graph_db_node_21/08_p0.6/08_graph_n21_p0.6_idx7.gpickle,21,0.6,7,10,74
./random_graph_db/graph_db_node_21/08_p0.6/08_graph_n21_p0.6_idx8.gpickle,21,0.6,8,10,86
./random_graph_db/graph_db_node_21/08_p0.6/08_graph_n21_p0.6_idx9.gpickle,21,0.6,9,9,68
./random_graph_db/graph_db_node_21/09_p0.65/09_graph_n21_p0.65_idx1.gpickle,21,0.65,1,9,73
./random_graph_db/graph_db_node_21/09_p0.65/09_graph_n21_p0.65_idx10.gpickle,21,0.65,10,9,67
./random_graph_db/graph_db_node_21/09_p0.65/09_graph_n21_p0.65_idx2.gpickle,21,0.65,2,9,67
./random_graph_db/graph_db_node_21/09_p0.65/09_graph_n21_p0.65_idx3.gpickle,21,0.65,3,9,82
./random_graph_db/graph_db_node_21/09_p0.65/09_graph_n21_p0.65_idx4.gpickle,21,0.65,4,9,73
./random_graph_db/graph_db_node_21/09_p0.65/09_graph_n21_p0.65_idx5.gpickle,21,0.65,5,9,68
./random_graph_db/graph_db_node_21/09_p0.65/09_graph_n21_p0.65_idx6.gpickle,21,0.65,6,9,70
./random_graph_db/graph_db_node_21/09_p0.65/09_graph_n21_p0.65_idx7.gpickle,21,0.65,7,9,80
./random_graph_db/graph_db_node_21/09_p0.65/09_graph_n21_p0.65_idx8.gpickle,21,0.65,8,9,80
./random_graph_db/graph_db_node_21/09_p0.65/09_graph_n21_p0.65_idx9.gpickle,21,0.65,9,9,87
./random_graph_db/graph_db_node_21/10_p0.7/10_graph_n21_p0.7_idx1.gpickle,21,0.7,1,8,71
./random_graph_db/graph_db_node_21/10_p0.7/10_graph_n21_p0.7_idx10.gpickle,21,0.7,10,9,66
./random_graph_db/graph_db_node_21/10_p0.7/10_graph_n21_p0.7_idx2.gpickle,21,0.7,2,8,61
./random_graph_db/graph_db_node_21/10_p0.7/10_graph_n21_p0.7_idx3.gpickle,21,0.7,3,8,64
./random_graph_db/graph_db_node_21/10_p0.7/10_graph_n21_p0.7_idx4.gpickle,21,0.7,4,9,76
./random_graph_db/graph_db_node_21/10_p0.7/10_graph_n21_p0.7_idx5.gpickle,21,0.7,5,8,75
./random_graph_db/graph_db_node_21/10_p0.7/10_graph_n21_p0.7_idx6.gpickle,21,0.7,6,9,67
./random_graph_db/graph_db_node_21/10_p0.7/10_graph_n21_p0.7_idx7.gpickle,21,0.7,7,10,81
./random_graph_db/graph_db_node_21/10_p0.7/10_graph_n21_p0.7_idx8.gpickle,21,0.7,8,8,67
./random_graph_db/graph_db_node_21/10_p0.7/10_graph_n21_p0.7_idx9.gpickle,21,0.7,9,8,71
./random_graph_db/graph_db_node_21/11_p0.8/11_graph_n21_p0.8_idx1.gpickle,21,0.8,1,6,33
./random_graph_db/graph_db_node_21/11_p0.8/11_graph_n21_p0.8_idx10.gpickle,21,0.8,10,8,57
./random_graph_db/graph_db_node_21/11_p0.8/11_graph_n21_p0.8_idx2.gpickle,21,0.8,2,8,47
./random_graph_db/graph_db_node_21/11_p0.8/11_graph_n21_p0.8_idx3.gpickle,21,0.8,3,8,53
./random_graph_db/graph_db_node_21/11_p0.8/11_graph_n21_p0.8_idx4.gpickle,21,0.8,4,8,66
./random_graph_db/graph_db_node_21/11_p0.8/11_graph_n21_p0.8_idx5.gpickle,21,0.8,5,7,42
./random_graph_db/graph_db_node_21/11_p0.8/11_graph_n21_p0.8_idx6.gpickle,21,0.8,6,8,48
./random_graph_db/graph_db_node_21/11_p0.8/11_graph_n21_p0.8_idx7.gpickle,21,0.8,7,7,40
./random_graph_db/graph_db_node_21/11_p0.8/11_graph_n21_p0.8_idx8.gpickle,21,0.8,8,7,47
./random_graph_db/graph_db_node_21/11_p0.8/11_graph_n21_p0.8_idx9.gpickle,21,0.8,9,8,46
./random_graph_db/graph_db_node_21/12_p0.9/12_graph_n21_p0.9_idx1.gpickle,21,0.9,1,9,25
./random_graph_db/graph_db_node_21/12_p0.9/12_graph_n21_p0.9_idx10.gpickle,21,0.9,10,5,20
./random_graph_db/graph_db_node_21/12_p0.9/12_graph_n21_p0.9_idx2.gpickle,21,0.9,2,4,14
./random_graph_db/graph_db_node_21/12_p0.9/12_graph_n21_p0.9_idx3.gpickle,21,0.9,3,7,32
./random_graph_db/graph_db_node_21/12_p0.9/12_graph_n21_p0.9_idx4.gpickle,21,0.9,4,7,28
./random_graph_db/graph_db_node_21/12_p0.9/12_graph_n21_p0.9_idx5.gpickle,21,0.9,5,8,23
./random_graph_db/graph_db_node_21/12_p0.9/12_graph_n21_p0.9_idx6.gpickle,21,0.9,6,4,14
./random_graph_db/graph_db_node_21/12_p0.9/12_graph_n21_p0.9_idx7.gpickle,21,0.9,7,8,14
./random_graph_db/graph_db_node_21/12_p0.9/12_graph_n21_p0.9_idx8.gpickle,21,0.9,8,6,25
./random_graph_db/graph_db_node_21/12_p0.9/12_graph_n21_p0.9_idx9.gpickle,21,0.9,9,6,33
./random_graph_db/graph_db_node_22/01_p0.1/01_graph_n22_p0.1_idx1.gpickle,22,0.1,1,5,12
./random_graph_db/graph_db_node_22/01_p0.1/01_graph_n22_p0.1_idx10.gpickle,22,0.1,10,4,12
./random_graph_db/graph_db_node_22/01_p0.1/01_graph_n22_p0.1_idx2.gpickle,22,0.1,2,4,6
./random_graph_db/graph_db_node_22/01_p0.1/01_graph_n22_p0.1_idx3.gpickle,22,0.1,3,4,7
./random_graph_db/graph_db_node_22/01_p0.1/01_graph_n22_p0.1_idx4.gpickle,22,0.1,4,4,11
./random_graph_db/graph_db_node_22/01_p0.1/01_graph_n22_p0.1_idx5.gpickle,22,0.1,5,2,4
./random_graph_db/graph_db_node_22/01_p0.1/01_graph_n22_p0.1_idx6.gpickle,22,0.1,6,5,16
./random_graph_db/graph_db_node_22/01_p0.1/01_graph_n22_p0.1_idx7.gpickle,22,0.1,7,3,11
./random_graph_db/graph_db_node_22/01_p0.1/01_graph_n22_p0.1_idx8.gpickle,22,0.1,8,4,8
./random_graph_db/graph_db_node_22/01_p0.1/01_graph_n22_p0.1_idx9.gpickle,22,0.1,9,7,27
./random_graph_db/graph_db_node_22/02_p0.2/02_graph_n22_p0.2_idx1.gpickle,22,0.2,1,6,27
./random_graph_db/graph_db_node_22/02_p0.2/02_graph_n22_p0.2_idx10.gpickle,22,0.2,10,7,33
./random_graph_db/graph_db_node_22/02_p0.2/02_graph_n22_p0.2_idx2.gpickle,22,0.2,2,7,40
./random_graph_db/graph_db_node_22/02_p0.2/02_graph_n22_p0.2_idx3.gpickle,22,0.2,3,8,52
./random_graph_db/graph_db_node_22/02_p0.2/02_graph_n22_p0.2_idx4.gpickle,22,0.2,4,7,32
./random_graph_db/graph_db_node_22/02_p0.2/02_graph_n22_p0.2_idx5.gpickle,22,0.2,5,6,20
./random_graph_db/graph_db_node_22/02_p0.2/02_graph_n22_p0.2_idx6.gpickle,22,0.2,6,7,23
./random_graph_db/graph_db_node_22/02_p0.2/02_graph_n22_p0.2_idx7.gpickle,22,0.2,7,7,30
./random_graph_db/graph_db_node_22/02_p0.2/02_graph_n22_p0.2_idx8.gpickle,22,0.2,8,6,22
./random_graph_db/graph_db_node_22/02_p0.2/02_graph_n22_p0.2_idx9.gpickle,22,0.2,9,7,37
./random_graph_db/graph_db_node_22/03_p0.3/03_graph_n22_p0.3_idx1.gpickle,22,0.3,1,8,67
./random_graph_db/graph_db_node_22/03_p0.3/03_graph_n22_p0.3_idx10.gpickle,22,0.3,10,9,68
./random_graph_db/graph_db_node_22/03_p0.3/03_graph_n22_p0.3_idx2.gpickle,22,0.3,2,7,47
./random_graph_db/graph_db_node_22/03_p0.3/03_graph_n22_p0.3_idx3.gpickle,22,0.3,3,9,74
./random_graph_db/graph_db_node_22/03_p0.3/03_graph_n22_p0.3_idx4.gpickle,22,0.3,4,8,46
./random_graph_db/graph_db_node_22/03_p0.3/03_graph_n22_p0.3_idx5.gpickle,22,0.3,5,7,49
./random_graph_db/graph_db_node_22/03_p0.3/03_graph_n22_p0.3_idx6.gpickle,22,0.3,6,8,65
./random_graph_db/graph_db_node_22/03_p0.3/03_graph_n22_p0.3_idx7.gpickle,22,0.3,7,10,70
./random_graph_db/graph_db_node_22/03_p0.3/03_graph_n22_p0.3_idx8.gpickle,22,0.3,8,8,55
./random_graph_db/graph_db_node_22/03_p0.3/03_graph_n22_p0.3_idx9.gpickle,22,0.3,9,9,76
./random_graph_db/graph_db_node_22/04_p0.4/04_graph_n22_p0.4_idx1.gpickle,22,0.4,1,9,75
./random_graph_db/graph_db_node_22/04_p0.4/04_graph_n22_p0.4_idx10.gpickle,22,0.4,10,10,94
./random_graph_db/graph_db_node_22/04_p0.4/04_graph_n22_p0.4_idx2.gpickle,22,0.4,2,10,94
./random_graph_db/graph_db_node_22/04_p0.4/04_graph_n22_p0.4_idx3.gpickle,22,0.4,3,9,84
./random_graph_db/graph_db_node_22/04_p0.4/04_graph_n22_p0.4_idx4.gpickle,22,0.4,4,10,87
./random_graph_db/graph_db_node_22/04_p0.4/04_graph_n22_p0.4_idx5.gpickle,22,0.4,5,10,81
./random_graph_db/graph_db_node_22/04_p0.4/04_graph_n22_p0.4_idx6.gpickle,22,0.4,6,10,73
./random_graph_db/graph_db_node_22/04_p0.4/04_graph_n22_p0.4_idx7.gpickle,22,0.4,7,9,85
./random_graph_db/graph_db_node_22/04_p0.4/04_graph_n22_p0.4_idx8.gpickle,22,0.4,8,10,76
./random_graph_db/graph_db_node_22/04_p0.4/04_graph_n22_p0.4_idx9.gpickle,22,0.4,9,9,74
./random_graph_db/graph_db_node_22/05_p0.45/05_graph_n22_p0.45_idx1.gpickle,22,0.45,1,9,81
./random_graph_db/graph_db_node_22/05_p0.45/05_graph_n22_p0.45_idx10.gpickle,22,0.45,10,10,88
./random_graph_db/graph_db_node_22/05_p0.45/05_graph_n22_p0.45_idx2.gpickle,22,0.45,2,10,79
./random_graph_db/graph_db_node_22/05_p0.45/05_graph_n22_p0.45_idx3.gpickle,22,0.45,3,10,96
./random_graph_db/graph_db_node_22/05_p0.45/05_graph_n22_p0.45_idx4.gpickle,22,0.45,4,9,79
./random_graph_db/graph_db_node_22/05_p0.45/05_graph_n22_p0.45_idx5.gpickle,22,0.45,5,10,78
./random_graph_db/graph_db_node_22/05_p0.45/05_graph_n22_p0.45_idx6.gpickle,22,0.45,6,10,82
./random_graph_db/graph_db_node_22/05_p0.45/05_graph_n22_p0.45_idx7.gpickle,22,0.45,7,9,68
./random_graph_db/graph_db_node_22/05_p0.45/05_graph_n22_p0.45_idx8.gpickle,22,0.45,8,9,80
./random_graph_db/graph_db_node_22/05_p0.45/05_graph_n22_p0.45_idx9.gpickle,22,0.45,9,9,72
./random_graph_db/graph_db_node_22/06_p0.5/06_graph_n22_p0.5_idx1.gpickle,22,0.5,1,10,85
./random_graph_db/graph_db_node_22/06_p0.5/06_graph_n22_p0.5_idx10.gpickle,22,0.5,10,9,77
./random_graph_db/graph_db_node_22/06_p0.5/06_graph_n22_p0.5_idx2.gpickle,22,0.5,2,9,76
./random_graph_db/graph_db_node_22/06_p0.5/06_graph_n22_p0.5_idx3.gpickle,22,0.5,3,10,85
./random_graph_db/graph_db_node_22/06_p0.5/06_graph_n22_p0.5_idx4.gpickle,22,0.5,4,10,84
./random_graph_db/graph_db_node_22/06_p0.5/06_graph_n22_p0.5_idx5.gpickle,22,0.5,5,9,75
./random_graph_db/graph_db_node_22/06_p0.5/06_graph_n22_p0.5_idx6.gpickle,22,0.5,6,9,82
./random_graph_db/graph_db_node_22/06_p0.5/06_graph_n22_p0.5_idx7.gpickle,22,0.5,7,9,81
./random_graph_db/graph_db_node_22/06_p0.5/06_graph_n22_p0.5_idx8.gpickle,22,0.5,8,10,84
./random_graph_db/graph_db_node_22/06_p0.5/06_graph_n22_p0.5_idx9.gpickle,22,0.5,9,10,90
./random_graph_db/graph_db_node_22/07_p0.55/07_graph_n22_p0.55_idx1.gpickle,22,0.55,1,10,91
./random_graph_db/graph_db_node_22/07_p0.55/07_graph_n22_p0.55_idx10.gpickle,22,0.55,10,10,88
./random_graph_db/graph_db_node_22/07_p0.55/07_graph_n22_p0.55_idx2.gpickle,22,0.55,2,9,78
./random_graph_db/graph_db_node_22/07_p0.55/07_graph_n22_p0.55_idx3.gpickle,22,0.55,3,9,75
./random_graph_db/graph_db_node_22/07_p0.55/07_graph_n22_p0.55_idx4.gpickle,22,0.55,4,10,94
./random_graph_db/graph_db_node_22/07_p0.55/07_graph_n22_p0.55_idx5.gpickle,22,0.55,5,10,81
./random_graph_db/graph_db_node_22/07_p0.55/07_graph_n22_p0.55_idx6.gpickle,22,0.55,6,9,73
./random_graph_db/graph_db_node_22/07_p0.55/07_graph_n22_p0.55_idx7.gpickle,22,0.55,7,10,83
./random_graph_db/graph_db_node_22/07_p0.55/07_graph_n22_p0.55_idx8.gpickle,22,0.55,8,10,90
./random_graph_db/graph_db_node_22/07_p0.55/07_graph_n22_p0.55_idx9.gpickle,22,0.55,9,9,96
./random_graph_db/graph_db_node_22/08_p0.6/08_graph_n22_p0.6_idx1.gpickle,22,0.6,1,10,81
./random_graph_db/graph_db_node_22/08_p0.6/08_graph_n22_p0.6_idx10.gpickle,22,0.6,10,10,94
./random_graph_db/graph_db_node_22/08_p0.6/08_graph_n22_p0.6_idx2.gpickle,22,0.6,2,9,87
./random_graph_db/graph_db_node_22/08_p0.6/08_graph_n22_p0.6_idx3.gpickle,22,0.6,3,9,87
./random_graph_db/graph_db_node_22/08_p0.6/08_graph_n22_p0.6_idx4.gpickle,22,0.6,4,9,79
./random_graph_db/graph_db_node_22/08_p0.6/08_graph_n22_p0.6_idx5.gpickle,22,0.6,5,10,86
./random_graph_db/graph_db_node_22/08_p0.6/08_graph_n22_p0.6_idx6.gpickle,22,0.6,6,9,77
./random_graph_db/graph_db_node_22/08_p0.6/08_graph_n22_p0.6_idx7.gpickle,22,0.6,7,9,85
./random_graph_db/graph_db_node_22/08_p0.6/08_graph_n22_p0.6_idx8.gpickle,22,0.6,8,10,79
./random_graph_db/graph_db_node_22/08_p0.6/08_graph_n22_p0.6_idx9.gpickle,22,0.6,9,10,76
./random_graph_db/graph_db_node_22/09_p0.65/09_graph_n22_p0.65_idx1.gpickle,22,0.65,1,10,85
./random_graph_db/graph_db_node_22/09_p0.65/09_graph_n22_p0.65_idx10.gpickle,22,0.65,10,9,73
./random_graph_db/graph_db_node_22/09_p0.65/09_graph_n22_p0.65_idx2.gpickle,22,0.65,2,9,81
./random_graph_db/graph_db_node_22/09_p0.65/09_graph_n22_p0.65_idx3.gpickle,22,0.65,3,10,84
./random_graph_db/graph_db_node_22/09_p0.65/09_graph_n22_p0.65_idx4.gpickle,22,0.65,4,10,82
./random_graph_db/graph_db_node_22/09_p0.65/09_graph_n22_p0.65_idx5.gpickle,22,0.65,5,9,89
./random_graph_db/graph_db_node_22/09_p0.65/09_graph_n22_p0.65_idx6.gpickle,22,0.65,6,10,73
./random_graph_db/graph_db_node_22/09_p0.65/09_graph_n22_p0.65_idx7.gpickle,22,0.65,7,9,80
./random_graph_db/graph_db_node_22/09_p0.65/09_graph_n22_p0.65_idx8.gpickle,22,0.65,8,10,82
./random_graph_db/graph_db_node_22/09_p0.65/09_graph_n22_p0.65_idx9.gpickle,22,0.65,9,10,85
./random_graph_db/graph_db_node_22/10_p0.7/10_graph_n22_p0.7_idx1.gpickle,22,0.7,1,10,69
./random_graph_db/graph_db_node_22/10_p0.7/10_graph_n22_p0.7_idx10.gpickle,22,0.7,10,9,91
./random_graph_db/graph_db_node_22/10_p0.7/10_graph_n22_p0.7_idx2.gpickle,22,0.7,2,9,74
./random_graph_db/graph_db_node_22/10_p0.7/10_graph_n22_p0.7_idx3.gpickle,22,0.7,3,9,65
./random_graph_db/graph_db_node_22/10_p0.7/10_graph_n22_p0.7_idx4.gpickle,22,0.7,4,8,77
./random_graph_db/graph_db_node_22/10_p0.7/10_graph_n22_p0.7_idx5.gpickle,22,0.7,5,10,92
./random_graph_db/graph_db_node_22/10_p0.7/10_graph_n22_p0.7_idx6.gpickle,22,0.7,6,9,75
./random_graph_db/graph_db_node_22/10_p0.7/10_graph_n22_p0.7_idx7.gpickle,22,0.7,7,10,82
./random_graph_db/graph_db_node_22/10_p0.7/10_graph_n22_p0.7_idx8.gpickle,22,0.7,8,9,69
./random_graph_db/graph_db_node_22/10_p0.7/10_graph_n22_p0.7_idx9.gpickle,22,0.7,9,10,80
./random_graph_db/graph_db_node_22/11_p0.8/11_graph_n22_p0.8_idx1.gpickle,22,0.8,1,9,47
./random_graph_db/graph_db_node_22/11_p0.8/11_graph_n22_p0.8_idx10.gpickle,22,0.8,10,8,57
./random_graph_db/graph_db_node_22/11_p0.8/11_graph_n22_p0.8_idx2.gpickle,22,0.8,2,9,66
./random_graph_db/graph_db_node_22/11_p0.8/11_graph_n22_p0.8_idx3.gpickle,22,0.8,3,9,65
./random_graph_db/graph_db_node_22/11_p0.8/11_graph_n22_p0.8_idx4.gpickle,22,0.8,4,7,50
./random_graph_db/graph_db_node_22/11_p0.8/11_graph_n22_p0.8_idx5.gpickle,22,0.8,5,7,40
./random_graph_db/graph_db_node_22/11_p0.8/11_graph_n22_p0.8_idx6.gpickle,22,0.8,6,7,55
./random_graph_db/graph_db_node_22/11_p0.8/11_graph_n22_p0.8_idx7.gpickle,22,0.8,7,7,47
./random_graph_db/graph_db_node_22/11_p0.8/11_graph_n22_p0.8_idx8.gpickle,22,0.8,8,7,47
./random_graph_db/graph_db_node_22/11_p0.8/11_graph_n22_p0.8_idx9.gpickle,22,0.8,9,7,48
./random_graph_db/graph_db_node_22/12_p0.9/12_graph_n22_p0.9_idx1.gpickle,22,0.9,1,7,21
./random_graph_db/graph_db_node_22/12_p0.9/12_graph_n22_p0.9_idx10.gpickle,22,0.9,10,7,26
./random_graph_db/graph_db_node_22/12_p0.9/12_graph_n22_p0.9_idx2.gpickle,22,0.9,2,5,15
./random_graph_db/graph_db_node_22/12_p0.9/12_graph_n22_p0.9_idx3.gpickle,22,0.9,3,6,28
./random_graph_db/graph_db_node_22/12_p0.9/12_graph_n22_p0.9_idx4.gpickle,22,0.9,4,7,58
./random_graph_db/graph_db_node_22/12_p0.9/12_graph_n22_p0.9_idx5.gpickle,22,0.9,5,4,16
./random_graph_db/graph_db_node_22/12_p0.9/12_graph_n22_p0.9_idx6.gpickle,22,0.9,6,5,9
./random_graph_db/graph_db_node_22/12_p0.9/12_graph_n22_p0.9_idx7.gpickle,22,0.9,7,4,17
./random_graph_db/graph_db_node_22/12_p0.9/12_graph_n22_p0.9_idx8.gpickle,22,0.9,8,9,43
./random_graph_db/graph_db_node_22/12_p0.9/12_graph_n22_p0.9_idx9.gpickle,22,0.9,9,7,25
./random_graph_db/graph_db_node_23/01_p0.1/01_graph_n23_p0.1_idx1.gpickle,23,0.1,1,6,12
./random_graph_db/graph_db_node_23/01_p0.1/01_graph_n23_p0.1_idx10.gpickle,23,0.1,10,6,27
./random_graph_db/graph_db_node_23/01_p0.1/01_graph_n23_p0.1_idx2.gpickle,23,0.1,2,6,16
./random_graph_db/graph_db_node_23/01_p0.1/01_graph_n23_p0.1_idx3.gpickle,23,0.1,3,4,10
./random_graph_db/graph_db_node_23/01_p0.1/01_graph_n23_p0.1_idx4.gpickle,23,0.1,4,4,14
./random_graph_db/graph_db_node_23/01_p0.1/01_graph_n23_p0.1_idx5.gpickle,23,0.1,5,6,13
./random_graph_db/graph_db_node_23/01_p0.1/01_graph_n23_p0.1_idx6.gpickle,23,0.1,6,6,17
./random_graph_db/graph_db_node_23/01_p0.1/01_graph_n23_p0.1_idx7.gpickle,23,0.1,7,3,5
./random_graph_db/graph_db_node_23/01_p0.1/01_graph_n23_p0.1_idx8.gpickle,23,0.1,8,7,12
./random_graph_db/graph_db_node_23/01_p0.1/01_graph_n23_p0.1_idx9.gpickle,23,0.1,9,6,11
./random_graph_db/graph_db_node_23/02_p0.2/02_graph_n23_p0.2_idx1.gpickle,23,0.2,1,7,37
./random_graph_db/graph_db_node_23/02_p0.2/02_graph_n23_p0.2_idx10.gpickle,23,0.2,10,9,54
./random_graph_db/graph_db_node_23/02_p0.2/02_graph_n23_p0.2_idx2.gpickle,23,0.2,2,8,57
./random_graph_db/graph_db_node_23/02_p0.2/02_graph_n23_p0.2_idx3.gpickle,23,0.2,3,9,48
./random_graph_db/graph_db_node_23/02_p0.2/02_graph_n23_p0.2_idx4.gpickle,23,0.2,4,8,34
./random_graph_db/graph_db_node_23/02_p0.2/02_graph_n23_p0.2_idx5.gpickle,23,0.2,5,7,26
./random_graph_db/graph_db_node_23/02_p0.2/02_graph_n23_p0.2_idx6.gpickle,23,0.2,6,7,32
./random_graph_db/graph_db_node_23/02_p0.2/02_graph_n23_p0.2_idx7.gpickle,23,0.2,7,7,35
./random_graph_db/graph_db_node_23/02_p0.2/02_graph_n23_p0.2_idx8.gpickle,23,0.2,8,6,23
./random_graph_db/graph_db_node_23/02_p0.2/02_graph_n23_p0.2_idx9.gpickle,23,0.2,9,9,58
./random_graph_db/graph_db_node_23/03_p0.3/03_graph_n23_p0.3_idx1.gpickle,23,0.3,1,10,78
./random_graph_db/graph_db_node_23/03_p0.3/03_graph_n23_p0.3_idx10.gpickle,23,0.3,10,9,65
./random_graph_db/graph_db_node_23/03_p0.3/03_graph_n23_p0.3_idx2.gpickle,23,0.3,2,9,92
./random_graph_db/graph_db_node_23/03_p0.3/03_graph_n23_p0.3_idx3.gpickle,23,0.3,3,10,102
./random_graph_db/graph_db_node_23/03_p0.3/03_graph_n23_p0.3_idx4.gpickle,23,0.3,4,9,63
./random_graph_db/graph_db_node_23/03_p0.3/03_graph_n23_p0.3_idx5.gpickle,23,0.3,5,9,66
./random_graph_db/graph_db_node_23/03_p0.3/03_graph_n23_p0.3_idx6.gpickle,23,0.3,6,8,64
./random_graph_db/graph_db_node_23/03_p0.3/03_graph_n23_p0.3_idx7.gpickle,23,0.3,7,9,73
./random_graph_db/graph_db_node_23/03_p0.3/03_graph_n23_p0.3_idx8.gpickle,23,0.3,8,9,70
./random_graph_db/graph_db_node_23/03_p0.3/03_graph_n23_p0.3_idx9.gpickle,23,0.3,9,10,73
./random_graph_db/graph_db_node_23/04_p0.4/04_graph_n23_p0.4_idx1.gpickle,23,0.4,1,10,82
./random_graph_db/graph_db_node_23/04_p0.4/04_graph_n23_p0.4_idx10.gpickle,23,0.4,10,10,79
./random_graph_db/graph_db_node_23/04_p0.4/04_graph_n23_p0.4_idx2.gpickle,23,0.4,2,10,85
./random_graph_db/graph_db_node_23/04_p0.4/04_graph_n23_p0.4_idx3.gpickle,23,0.4,3,11,101
./random_graph_db/graph_db_node_23/04_p0.4/04_graph_n23_p0.4_idx4.gpickle,23,0.4,4,10,88
./random_graph_db/graph_db_node_23/04_p0.4/04_graph_n23_p0.4_idx5.gpickle,23,0.4,5,10,92
./random_graph_db/graph_db_node_23/04_p0.4/04_graph_n23_p0.4_idx6.gpickle,23,0.4,6,10,81
./random_graph_db/graph_db_node_23/04_p0.4/04_graph_n23_p0.4_idx7.gpickle,23,0.4,7,10,101
./random_graph_db/graph_db_node_23/04_p0.4/04_graph_n23_p0.4_idx8.gpickle,23,0.4,8,10,105
./random_graph_db/graph_db_node_23/04_p0.4/04_graph_n23_p0.4_idx9.gpickle,23,0.4,9,10,90
./random_graph_db/graph_db_node_23/05_p0.45/05_graph_n23_p0.45_idx1.gpickle,23,0.45,1,10,85
./random_graph_db/graph_db_node_23/05_p0.45/05_graph_n23_p0.45_idx10.gpickle,23,0.45,10,10,84
./random_graph_db/graph_db_node_23/05_p0.45/05_graph_n23_p0.45_idx2.gpickle,23,0.45,2,10,96
./random_graph_db/graph_db_node_23/05_p0.45/05_graph_n23_p0.45_idx3.gpickle,23,0.45,3,11,94
./random_graph_db/graph_db_node_23/05_p0.45/05_graph_n23_p0.45_idx4.gpickle,23,0.45,4,10,100
./random_graph_db/graph_db_node_23/05_p0.45/05_graph_n23_p0.45_idx5.gpickle,23,0.45,5,9,83
./random_graph_db/graph_db_node_23/05_p0.45/05_graph_n23_p0.45_idx6.gpickle,23,0.45,6,10,94
./random_graph_db/graph_db_node_23/05_p0.45/05_graph_n23_p0.45_idx7.gpickle,23,0.45,7,10,94
./random_graph_db/graph_db_node_23/05_p0.45/05_graph_n23_p0.45_idx8.gpickle,23,0.45,8,10,106
./random_graph_db/graph_db_node_23/05_p0.45/05_graph_n23_p0.45_idx9.gpickle,23,0.45,9,10,106
./random_graph_db/graph_db_node_23/06_p0.5/06_graph_n23_p0.5_idx1.gpickle,23,0.5,1,10,101
./random_graph_db/graph_db_node_23/06_p0.5/06_graph_n23_p0.5_idx10.gpickle,23,0.5,10,9,87
./random_graph_db/graph_db_node_23/06_p0.5/06_graph_n23_p0.5_idx2.gpickle,23,0.5,2,9,94
./random_graph_db/graph_db_node_23/06_p0.5/06_graph_n23_p0.5_idx3.gpickle,23,0.5,3,10,95
./random_graph_db/graph_db_node_23/06_p0.5/06_graph_n23_p0.5_idx4.gpickle,23,0.5,4,10,87
./random_graph_db/graph_db_node_23/06_p0.5/06_graph_n23_p0.5_idx5.gpickle,23,0.5,5,10,103
./random_graph_db/graph_db_node_23/06_p0.5/06_graph_n23_p0.5_idx6.gpickle,23,0.5,6,9,93
./random_graph_db/graph_db_node_23/06_p0.5/06_graph_n23_p0.5_idx7.gpickle,23,0.5,7,9,97
./random_graph_db/graph_db_node_23/06_p0.5/06_graph_n23_p0.5_idx8.gpickle,23,0.5,8,11,113
./random_graph_db/graph_db_node_23/06_p0.5/06_graph_n23_p0.5_idx9.gpickle,23,0.5,9,10,101
./random_graph_db/graph_db_node_23/07_p0.55/07_graph_n23_p0.55_idx1.gpickle,23,0.55,1,10,81
./random_graph_db/graph_db_node_23/07_p0.55/07_graph_n23_p0.55_idx10.gpickle,23,0.55,10,9,82
./random_graph_db/graph_db_node_23/07_p0.55/07_graph_n23_p0.55_idx2.gpickle,23,0.55,2,10,87
./random_graph_db/graph_db_node_23/07_p0.55/07_graph_n23_p0.55_idx3.gpickle,23,0.55,3,10,90
./random_graph_db/graph_db_node_23/07_p0.55/07_graph_n23_p0.55_idx4.gpickle,23,0.55,4,10,93
./random_graph_db/graph_db_node_23/07_p0.55/07_graph_n23_p0.55_idx5.gpickle,23,0.55,5,11,89
./random_graph_db/graph_db_node_23/07_p0.55/07_graph_n23_p0.55_idx6.gpickle,23,0.55,6,10,95
./random_graph_db/graph_db_node_23/07_p0.55/07_graph_n23_p0.55_idx7.gpickle,23,0.55,7,10,104
./random_graph_db/graph_db_node_23/07_p0.55/07_graph_n23_p0.55_idx8.gpickle,23,0.55,8,10,84
./random_graph_db/graph_db_node_23/07_p0.55/07_graph_n23_p0.55_idx9.gpickle,23,0.55,9,10,84
./random_graph_db/graph_db_node_23/08_p0.6/08_graph_n23_p0.6_idx1.gpickle,23,0.6,1,10,105
./random_graph_db/graph_db_node_23/08_p0.6/08_graph_n23_p0.6_idx10.gpickle,23,0.6,10,11,93
./random_graph_db/graph_db_node_23/08_p0.6/08_graph_n23_p0.6_idx2.gpickle,23,0.6,2,10,98
./random_graph_db/graph_db_node_23/08_p0.6/08_graph_n23_p0.6_idx3.gpickle,23,0.6,3,10,98
./random_graph_db/graph_db_node_23/08_p0.6/08_graph_n23_p0.6_idx4.gpickle,23,0.6,4,9,95
./random_graph_db/graph_db_node_23/08_p0.6/08_graph_n23_p0.6_idx5.gpickle,23,0.6,5,10,93
./random_graph_db/graph_db_node_23/08_p0.6/08_graph_n23_p0.6_idx6.gpickle,23,0.6,6,10,104
./random_graph_db/graph_db_node_23/08_p0.6/08_graph_n23_p0.6_idx7.gpickle,23,0.6,7,10,102
./random_graph_db/graph_db_node_23/08_p0.6/08_graph_n23_p0.6_idx8.gpickle,23,0.6,8,9,87
./random_graph_db/graph_db_node_23/08_p0.6/08_graph_n23_p0.6_idx9.gpickle,23,0.6,9,10,86
./random_graph_db/graph_db_node_23/09_p0.65/09_graph_n23_p0.65_idx1.gpickle,23,0.65,1,9,85
./random_graph_db/graph_db_node_23/09_p0.65/09_graph_n23_p0.65_idx10.gpickle,23,0.65,10,10,88
./random_graph_db/graph_db_node_23/09_p0.65/09_graph_n23_p0.65_idx2.gpickle,23,0.65,2,10,94
./random_graph_db/graph_db_node_23/09_p0.65/09_graph_n23_p0.65_idx3.gpickle,23,0.65,3,9,89
./random_graph_db/graph_db_node_23/09_p0.65/09_graph_n23_p0.65_idx4.gpickle,23,0.65,4,10,101
./random_graph_db/graph_db_node_23/09_p0.65/09_graph_n23_p0.65_idx5.gpickle,23,0.65,5,10,92
./random_graph_db/graph_db_node_23/09_p0.65/09_graph_n23_p0.65_idx6.gpickle,23,0.65,6,10,95
./random_graph_db/graph_db_node_23/09_p0.65/09_graph_n23_p0.65_idx7.gpickle,23,0.65,7,10,93
./random_graph_db/graph_db_node_23/09_p0.65/09_graph_n23_p0.65_idx8.gpickle,23,0.65,8,10,91
./random_graph_db/graph_db_node_23/09_p0.65/09_graph_n23_p0.65_idx9.gpickle,23,0.65,9,9,82
./random_graph_db/graph_db_node_23/10_p0.7/10_graph_n23_p0.7_idx1.gpickle,23,0.7,1,10,91
./random_graph_db/graph_db_node_23/10_p0.7/10_graph_n23_p0.7_idx10.gpickle,23,0.7,10,10,95
./random_graph_db/graph_db_node_23/10_p0.7/10_graph_n23_p0.7_idx2.gpickle,23,0.7,2,9,83
./random_graph_db/graph_db_node_23/10_p0.7/10_graph_n23_p0.7_idx3.gpickle,23,0.7,3,10,89
./random_graph_db/graph_db_node_23/10_p0.7/10_graph_n23_p0.7_idx4.gpickle,23,0.7,4,10,87
./random_graph_db/graph_db_node_23/10_p0.7/10_graph_n23_p0.7_idx5.gpickle,23,0.7,5,10,85
./random_graph_db/graph_db_node_23/10_p0.7/10_graph_n23_p0.7_idx6.gpickle,23,0.7,6,9,72
./random_graph_db/graph_db_node_23/10_p0.7/10_graph_n23_p0.7_idx7.gpickle,23,0.7,7,10,88
./random_graph_db/graph_db_node_23/10_p0.7/10_graph_n23_p0.7_idx8.gpickle,23,0.7,8,10,90
./random_graph_db/graph_db_node_23/10_p0.7/10_graph_n23_p0.7_idx9.gpickle,23,0.7,9,9,69
./random_graph_db/graph_db_node_23/11_p0.8/11_graph_n23_p0.8_idx1.gpickle,23,0.8,1,9,50
./random_graph_db/graph_db_node_23/11_p0.8/11_graph_n23_p0.8_idx10.gpickle,23,0.8,10,9,88
./random_graph_db/graph_db_node_23/11_p0.8/11_graph_n23_p0.8_idx2.gpickle,23,0.8,2,7,40
./random_graph_db/graph_db_node_23/11_p0.8/11_graph_n23_p0.8_idx3.gpickle,23,0.8,3,10,66
./random_graph_db/graph_db_node_23/11_p0.8/11_graph_n23_p0.8_idx4.gpickle,23,0.8,4,11,83
./random_graph_db/graph_db_node_23/11_p0.8/11_graph_n23_p0.8_idx5.gpickle,23,0.8,5,6,61
./random_graph_db/graph_db_node_23/11_p0.8/11_graph_n23_p0.8_idx6.gpickle,23,0.8,6,9,55
./random_graph_db/graph_db_node_23/11_p0.8/11_graph_n23_p0.8_idx7.gpickle,23,0.8,7,8,54
./random_graph_db/graph_db_node_23/11_p0.8/11_graph_n23_p0.8_idx8.gpickle,23,0.8,8,8,61
./random_graph_db/graph_db_node_23/11_p0.8/11_graph_n23_p0.8_idx9.gpickle,23,0.8,9,8,56
./random_graph_db/graph_db_node_23/12_p0.9/12_graph_n23_p0.9_idx1.gpickle,23,0.9,1,8,33
./random_graph_db/graph_db_node_23/12_p0.9/12_graph_n23_p0.9_idx10.gpickle,23,0.9,10,7,30
./random_graph_db/graph_db_node_23/12_p0.9/12_graph_n23_p0.9_idx2.gpickle,23,0.9,2,8,23
./random_graph_db/graph_db_node_23/12_p0.9/12_graph_n23_p0.9_idx3.gpickle,23,0.9,3,8,43
./random_graph_db/graph_db_node_23/12_p0.9/12_graph_n23_p0.9_idx4.gpickle,23,0.9,4,7,47
./random_graph_db/graph_db_node_23/12_p0.9/12_graph_n23_p0.9_idx5.gpickle,23,0.9,5,6,20
./random_graph_db/graph_db_node_23/12_p0.9/12_graph_n23_p0.9_idx6.gpickle,23,0.9,6,7,16
./random_graph_db/graph_db_node_23/12_p0.9/12_graph_n23_p0.9_idx7.gpickle,23,0.9,7,6,16
./random_graph_db/graph_db_node_23/12_p0.9/12_graph_n23_p0.9_idx8.gpickle,23,0.9,8,7,30
./random_graph_db/graph_db_node_23/12_p0.9/12_graph_n23_p0.9_idx9.gpickle,23,0.9,9,7,22
./random_graph_db/graph_db_node_24/01_p0.1/01_graph_n24_p0.1_idx1.gpickle,24,0.1,1,5,14
./random_graph_db/graph_db_node_24/01_p0.1/01_graph_n24_p0.1_idx10.gpickle,24,0.1,10,6,22
./random_graph_db/graph_db_node_24/01_p0.1/01_graph_n24_p0.1_idx2.gpickle,24,0.1,2,5,11
./random_graph_db/graph_db_node_24/01_p0.1/01_graph_n24_p0.1_idx3.gpickle,24,0.1,3,5,14
./random_graph_db/graph_db_node_24/01_p0.1/01_graph_n24_p0.1_idx4.gpickle,24,0.1,4,4,8
./random_graph_db/graph_db_node_24/01_p0.1/01_graph_n24_p0.1_idx5.gpickle,24,0.1,5,6,18
./random_graph_db/graph_db_node_24/01_p0.1/01_graph_n24_p0.1_idx6.gpickle,24,0.1,6,4,12
./random_graph_db/graph_db_node_24/01_p0.1/01_graph_n24_p0.1_idx7.gpickle,24,0.1,7,5,11
./random_graph_db/graph_db_node_24/01_p0.1/01_graph_n24_p0.1_idx8.gpickle,24,0.1,8,6,14
./random_graph_db/graph_db_node_24/01_p0.1/01_graph_n24_p0.1_idx9.gpickle,24,0.1,9,5,13
./random_graph_db/graph_db_node_24/02_p0.2/02_graph_n24_p0.2_idx1.gpickle,24,0.2,1,7,48
./random_graph_db/graph_db_node_24/02_p0.2/02_graph_n24_p0.2_idx10.gpickle,24,0.2,10,8,75
./random_graph_db/graph_db_node_24/02_p0.2/02_graph_n24_p0.2_idx2.gpickle,24,0.2,2,10,55
./random_graph_db/graph_db_node_24/02_p0.2/02_graph_n24_p0.2_idx3.gpickle,24,0.2,3,8,55
./random_graph_db/graph_db_node_24/02_p0.2/02_graph_n24_p0.2_idx4.gpickle,24,0.2,4,9,44
./random_graph_db/graph_db_node_24/02_p0.2/02_graph_n24_p0.2_idx5.gpickle,24,0.2,5,8,49
./random_graph_db/graph_db_node_24/02_p0.2/02_graph_n24_p0.2_idx6.gpickle,24,0.2,6,8,36
./random_graph_db/graph_db_node_24/02_p0.2/02_graph_n24_p0.2_idx7.gpickle,24,0.2,7,10,53
./random_graph_db/graph_db_node_24/02_p0.2/02_graph_n24_p0.2_idx8.gpickle,24,0.2,8,9,60
./random_graph_db/graph_db_node_24/02_p0.2/02_graph_n24_p0.2_idx9.gpickle,24,0.2,9,9,53
./random_graph_db/graph_db_node_24/03_p0.3/03_graph_n24_p0.3_idx1.gpickle,24,0.3,1,9,88
./random_graph_db/graph_db_node_24/03_p0.3/03_graph_n24_p0.3_idx10.gpickle,24,0.3,10,10,89
./random_graph_db/graph_db_node_24/03_p0.3/03_graph_n24_p0.3_idx2.gpickle,24,0.3,2,9,65
./random_graph_db/graph_db_node_24/03_p0.3/03_graph_n24_p0.3_idx3.gpickle,24,0.3,3,10,91
./random_graph_db/graph_db_node_24/03_p0.3/03_graph_n24_p0.3_idx4.gpickle,24,0.3,4,8,59
./random_graph_db/graph_db_node_24/03_p0.3/03_graph_n24_p0.3_idx5.gpickle,24,0.3,5,8,68
./random_graph_db/graph_db_node_24/03_p0.3/03_graph_n24_p0.3_idx6.gpickle,24,0.3,6,10,78
./random_graph_db/graph_db_node_24/03_p0.3/03_graph_n24_p0.3_idx7.gpickle,24,0.3,7,9,84
./random_graph_db/graph_db_node_24/03_p0.3/03_graph_n24_p0.3_idx8.gpickle,24,0.3,8,10,74
./random_graph_db/graph_db_node_24/03_p0.3/03_graph_n24_p0.3_idx9.gpickle,24,0.3,9,10,79
./random_graph_db/graph_db_node_24/04_p0.4/04_graph_n24_p0.4_idx1.gpickle,24,0.4,1,11,93
./random_graph_db/graph_db_node_24/04_p0.4/04_graph_n24_p0.4_idx10.gpickle,24,0.4,10,11,109
./random_graph_db/graph_db_node_24/04_p0.4/04_graph_n24_p0.4_idx2.gpickle,24,0.4,2,11,107
./random_graph_db/graph_db_node_24/04_p0.4/04_graph_n24_p0.4_idx3.gpickle,24,0.4,3,10,88
./random_graph_db/graph_db_node_24/04_p0.4/04_graph_n24_p0.4_idx4.gpickle,24,0.4,4,10,107
./random_graph_db/graph_db_node_24/04_p0.4/04_graph_n24_p0.4_idx5.gpickle,24,0.4,5,10,89
./random_graph_db/graph_db_node_24/04_p0.4/04_graph_n24_p0.4_idx6.gpickle,24,0.4,6,10,97
./random_graph_db/graph_db_node_24/04_p0.4/04_graph_n24_p0.4_idx7.gpickle,24,0.4,7,10,103
./random_graph_db/graph_db_node_24/04_p0.4/04_graph_n24_p0.4_idx8.gpickle,24,0.4,8,11,106
./random_graph_db/graph_db_node_24/04_p0.4/04_graph_n24_p0.4_idx9.gpickle,24,0.4,9,10,110
./random_graph_db/graph_db_node_24/05_p0.45/05_graph_n24_p0.45_idx1.gpickle,24,0.45,1,10,102
./random_graph_db/graph_db_node_24/05_p0.45/05_graph_n24_p0.45_idx10.gpickle,24,0.45,10,11,113
./random_graph_db/graph_db_node_24/05_p0.45/05_graph_n24_p0.45_idx2.gpickle,24,0.45,2,11,110
./random_graph_db/graph_db_node_24/05_p0.45/05_graph_n24_p0.45_idx3.gpickle,24,0.45,3,11,116
./random_graph_db/graph_db_node_24/05_p0.45/05_graph_n24_p0.45_idx4.gpickle,24,0.45,4,11,104
./random_graph_db/graph_db_node_24/05_p0.45/05_graph_n24_p0.45_idx5.gpickle,24,0.45,5,11,106
./random_graph_db/graph_db_node_24/05_p0.45/05_graph_n24_p0.45_idx6.gpickle,24,0.45,6,11,100
./random_graph_db/graph_db_node_24/05_p0.45/05_graph_n24_p0.45_idx7.gpickle,24,0.45,7,11,101
./random_graph_db/graph_db_node_24/05_p0.45/05_graph_n24_p0.45_idx8.gpickle,24,0.45,8,11,105
./random_graph_db/graph_db_node_24/05_p0.45/05_graph_n24_p0.45_idx9.gpickle,24,0.45,9,10,119
./random_graph_db/graph_db_node_24/06_p0.5/06_graph_n24_p0.5_idx1.gpickle,24,0.5,1,11,104
./random_graph_db/graph_db_node_24/06_p0.5/06_graph_n24_p0.5_idx10.gpickle,24,0.5,10,11,100
./random_graph_db/graph_db_node_24/06_p0.5/06_graph_n24_p0.5_idx2.gpickle,24,0.5,2,10,100
./random_graph_db/graph_db_node_24/06_p0.5/06_graph_n24_p0.5_idx3.gpickle,24,0.5,3,10,112
./random_graph_db/graph_db_node_24/06_p0.5/06_graph_n24_p0.5_idx4.gpickle,24,0.5,4,10,98
./random_graph_db/graph_db_node_24/06_p0.5/06_graph_n24_p0.5_idx5.gpickle,24,0.5,5,11,105
./random_graph_db/graph_db_node_24/06_p0.5/06_graph_n24_p0.5_idx6.gpickle,24,0.5,6,9,96
./random_graph_db/graph_db_node_24/06_p0.5/06_graph_n24_p0.5_idx7.gpickle,24,0.5,7,10,104
./random_graph_db/graph_db_node_24/06_p0.5/06_graph_n24_p0.5_idx8.gpickle,24,0.5,8,11,103
./random_graph_db/graph_db_node_24/06_p0.5/06_graph_n24_p0.5_idx9.gpickle,24,0.5,9,11,109
./random_graph_db/graph_db_node_24/07_p0.55/07_graph_n24_p0.55_idx1.gpickle,24,0.55,1,11,112
./random_graph_db/graph_db_node_24/07_p0.55/07_graph_n24_p0.55_idx10.gpickle,24,0.55,10,11,100
./random_graph_db/graph_db_node_24/07_p0.55/07_graph_n24_p0.55_idx2.gpickle,24,0.55,2,10,108
./random_graph_db/graph_db_node_24/07_p0.55/07_graph_n24_p0.55_idx3.gpickle,24,0.55,3,11,94
./random_graph_db/graph_db_node_24/07_p0.55/07_graph_n24_p0.55_idx4.gpickle,24,0.55,4,10,100
./random_graph_db/graph_db_node_24/07_p0.55/07_graph_n24_p0.55_idx5.gpickle,24,0.55,5,11,101
./random_graph_db/graph_db_node_24/07_p0.55/07_graph_n24_p0.55_idx6.gpickle,24,0.55,6,11,107
./random_graph_db/graph_db_node_24/07_p0.55/07_graph_n24_p0.55_idx7.gpickle,24,0.55,7,10,97
./random_graph_db/graph_db_node_24/07_p0.55/07_graph_n24_p0.55_idx8.gpickle,24,0.55,8,10,103
./random_graph_db/graph_db_node_24/07_p0.55/07_graph_n24_p0.55_idx9.gpickle,24,0.55,9,10,99
./random_graph_db/graph_db_node_24/08_p0.6/08_graph_n24_p0.6_idx1.gpickle,24,0.6,1,11,103
./random_graph_db/graph_db_node_24/08_p0.6/08_graph_n24_p0.6_idx10.gpickle,24,0.6,10,11,105
./random_graph_db/graph_db_node_24/08_p0.6/08_graph_n24_p0.6_idx2.gpickle,24,0.6,2,10,93
./random_graph_db/graph_db_node_24/08_p0.6/08_graph_n24_p0.6_idx3.gpickle,24,0.6,3,11,116
./random_graph_db/graph_db_node_24/08_p0.6/08_graph_n24_p0.6_idx4.gpickle,24,0.6,4,10,87
./random_graph_db/graph_db_node_24/08_p0.6/08_graph_n24_p0.6_idx5.gpickle,24,0.6,5,10,81
./random_graph_db/graph_db_node_24/08_p0.6/08_graph_n24_p0.6_idx6.gpickle,24,0.6,6,11,117
./random_graph_db/graph_db_node_24/08_p0.6/08_graph_n24_p0.6_idx7.gpickle,24,0.6,7,10,104
./random_graph_db/graph_db_node_24/08_p0.6/08_graph_n24_p0.6_idx8.gpickle,24,0.6,8,11,111
./random_graph_db/graph_db_node_24/08_p0.6/08_graph_n24_p0.6_idx9.gpickle,24,0.6,9,10,102
./random_graph_db/graph_db_node_24/09_p0.65/09_graph_n24_p0.65_idx1.gpickle,24,0.65,1,11,105
./random_graph_db/graph_db_node_24/09_p0.65/09_graph_n24_p0.65_idx10.gpickle,24,0.65,10,9,92
./random_graph_db/graph_db_node_24/09_p0.65/09_graph_n24_p0.65_idx2.gpickle,24,0.65,2,9,95
./random_graph_db/graph_db_node_24/09_p0.65/09_graph_n24_p0.65_idx3.gpickle,24,0.65,3,11,106
./random_graph_db/graph_db_node_24/09_p0.65/09_graph_n24_p0.65_idx4.gpickle,24,0.65,4,10,105
./random_graph_db/graph_db_node_24/09_p0.65/09_graph_n24_p0.65_idx5.gpickle,24,0.65,5,10,98
./random_graph_db/graph_db_node_24/09_p0.65/09_graph_n24_p0.65_idx6.gpickle,24,0.65,6,10,94
./random_graph_db/graph_db_node_24/09_p0.65/09_graph_n24_p0.65_idx7.gpickle,24,0.65,7,10,90
./random_graph_db/graph_db_node_24/09_p0.65/09_graph_n24_p0.65_idx8.gpickle,24,0.65,8,10,92
./random_graph_db/graph_db_node_24/09_p0.65/09_graph_n24_p0.65_idx9.gpickle,24,0.65,9,10,104
./random_graph_db/graph_db_node_24/10_p0.7/10_graph_n24_p0.7_idx1.gpickle,24,0.7,1,10,88
./random_graph_db/graph_db_node_24/10_p0.7/10_graph_n24_p0.7_idx10.gpickle,24,0.7,10,11,103
./random_graph_db/graph_db_node_24/10_p0.7/10_graph_n24_p0.7_idx2.gpickle,24,0.7,2,10,96
./random_graph_db/graph_db_node_24/10_p0.7/10_graph_n24_p0.7_idx3.gpickle,24,0.7,3,10,93
./random_graph_db/graph_db_node_24/10_p0.7/10_graph_n24_p0.7_idx4.gpickle,24,0.7,4,10,105
./random_graph_db/graph_db_node_24/10_p0.7/10_graph_n24_p0.7_idx5.gpickle,24,0.7,5,10,110
./random_graph_db/graph_db_node_24/10_p0.7/10_graph_n24_p0.7_idx6.gpickle,24,0.7,6,9,93
./random_graph_db/graph_db_node_24/10_p0.7/10_graph_n24_p0.7_idx7.gpickle,24,0.7,7,10,88
./random_graph_db/graph_db_node_24/10_p0.7/10_graph_n24_p0.7_idx8.gpickle,24,0.7,8,11,100
./random_graph_db/graph_db_node_24/10_p0.7/10_graph_n24_p0.7_idx9.gpickle,24,0.7,9,10,73
./random_graph_db/graph_db_node_24/11_p0.8/11_graph_n24_p0.8_idx1.gpickle,24,0.8,1,9,76
./random_graph_db/graph_db_node_24/11_p0.8/11_graph_n24_p0.8_idx10.gpickle,24,0.8,10,9,69
./random_graph_db/graph_db_node_24/11_p0.8/11_graph_n24_p0.8_idx2.gpickle,24,0.8,2,9,78
./random_graph_db/graph_db_node_24/11_p0.8/11_graph_n24_p0.8_idx3.gpickle,24,0.8,3,9,71
./random_graph_db/graph_db_node_24/11_p0.8/11_graph_n24_p0.8_idx4.gpickle,24,0.8,4,10,92
./random_graph_db/graph_db_node_24/11_p0.8/11_graph_n24_p0.8_idx5.gpickle,24,0.8,5,7,57
./random_graph_db/graph_db_node_24/11_p0.8/11_graph_n24_p0.8_idx6.gpickle,24,0.8,6,8,51
./random_graph_db/graph_db_node_24/11_p0.8/11_graph_n24_p0.8_idx7.gpickle,24,0.8,7,9,77
./random_graph_db/graph_db_node_24/11_p0.8/11_graph_n24_p0.8_idx8.gpickle,24,0.8,8,8,74
./random_graph_db/graph_db_node_24/11_p0.8/11_graph_n24_p0.8_idx9.gpickle,24,0.8,9,10,67
./random_graph_db/graph_db_node_24/12_p0.9/12_graph_n24_p0.9_idx1.gpickle,24,0.9,1,6,22
./random_graph_db/graph_db_node_24/12_p0.9/12_graph_n24_p0.9_idx10.gpickle,24,0.9,10,8,32
./random_graph_db/graph_db_node_24/12_p0.9/12_graph_n24_p0.9_idx2.gpickle,24,0.9,2,11,35
./random_graph_db/graph_db_node_24/12_p0.9/12_graph_n24_p0.9_idx3.gpickle,24,0.9,3,9,56
./random_graph_db/graph_db_node_24/12_p0.9/12_graph_n24_p0.9_idx4.gpickle,24,0.9,4,8,47
./random_graph_db/graph_db_node_24/12_p0.9/12_graph_n24_p0.9_idx5.gpickle,24,0.9,5,10,25
./random_graph_db/graph_db_node_24/12_p0.9/12_graph_n24_p0.9_idx6.gpickle,24,0.9,6,7,24
./random_graph_db/graph_db_node_24/12_p0.9/12_graph_n24_p0.9_idx7.gpickle,24,0.9,7,9,24
./random_graph_db/graph_db_node_24/12_p0.9/12_graph_n24_p0.9_idx8.gpickle,24,0.9,8,7,33
./random_graph_db/graph_db_node_24/12_p0.9/12_graph_n24_p0.9_idx9.gpickle,24,0.9,9,8,29
./random_graph_db/graph_db_node_25/01_p0.1/01_graph_n25_p0.1_idx1.gpickle,25,0.1,1,5,17
./random_graph_db/graph_db_node_25/01_p0.1/01_graph_n25_p0.1_idx10.gpickle,25,0.1,10,6,16
./random_graph_db/graph_db_node_25/01_p0.1/01_graph_n25_p0.1_idx2.gpickle,25,0.1,2,6,21
./random_graph_db/graph_db_node_25/01_p0.1/01_graph_n25_p0.1_idx3.gpickle,25,0.1,3,6,16
./random_graph_db/graph_db_node_25/01_p0.1/01_graph_n25_p0.1_idx4.gpickle,25,0.1,4,7,18
./random_graph_db/graph_db_node_25/01_p0.1/01_graph_n25_p0.1_idx5.gpickle,25,0.1,5,8,24
./random_graph_db/graph_db_node_25/01_p0.1/01_graph_n25_p0.1_idx6.gpickle,25,0.1,6,6,23
./random_graph_db/graph_db_node_25/01_p0.1/01_graph_n25_p0.1_idx7.gpickle,25,0.1,7,6,21
./random_graph_db/graph_db_node_25/01_p0.1/01_graph_n25_p0.1_idx8.gpickle,25,0.1,8,3,5
./random_graph_db/graph_db_node_25/01_p0.1/01_graph_n25_p0.1_idx9.gpickle,25,0.1,9,7,20
./random_graph_db/graph_db_node_25/02_p0.2/02_graph_n25_p0.2_idx1.gpickle,25,0.2,1,9,58
./random_graph_db/graph_db_node_25/02_p0.2/02_graph_n25_p0.2_idx10.gpickle,25,0.2,10,10,71
./random_graph_db/graph_db_node_25/02_p0.2/02_graph_n25_p0.2_idx2.gpickle,25,0.2,2,9,75
./random_graph_db/graph_db_node_25/02_p0.2/02_graph_n25_p0.2_idx3.gpickle,25,0.2,3,8,58
./random_graph_db/graph_db_node_25/02_p0.2/02_graph_n25_p0.2_idx4.gpickle,25,0.2,4,9,40
./random_graph_db/graph_db_node_25/02_p0.2/02_graph_n25_p0.2_idx5.gpickle,25,0.2,5,9,48
./random_graph_db/graph_db_node_25/02_p0.2/02_graph_n25_p0.2_idx6.gpickle,25,0.2,6,8,47
./random_graph_db/graph_db_node_25/02_p0.2/02_graph_n25_p0.2_idx7.gpickle,25,0.2,7,10,51
./random_graph_db/graph_db_node_25/02_p0.2/02_graph_n25_p0.2_idx8.gpickle,25,0.2,8,9,59
./random_graph_db/graph_db_node_25/02_p0.2/02_graph_n25_p0.2_idx9.gpickle,25,0.2,9,8,72
./random_graph_db/graph_db_node_25/03_p0.3/03_graph_n25_p0.3_idx1.gpickle,25,0.3,1,10,86
./random_graph_db/graph_db_node_25/03_p0.3/03_graph_n25_p0.3_idx10.gpickle,25,0.3,10,9,80
./random_graph_db/graph_db_node_25/03_p0.3/03_graph_n25_p0.3_idx2.gpickle,25,0.3,2,11,86
./random_graph_db/graph_db_node_25/03_p0.3/03_graph_n25_p0.3_idx3.gpickle,25,0.3,3,10,104
./random_graph_db/graph_db_node_25/03_p0.3/03_graph_n25_p0.3_idx4.gpickle,25,0.3,4,10,68
./random_graph_db/graph_db_node_25/03_p0.3/03_graph_n25_p0.3_idx5.gpickle,25,0.3,5,11,97
./random_graph_db/graph_db_node_25/03_p0.3/03_graph_n25_p0.3_idx6.gpickle,25,0.3,6,10,72
./random_graph_db/graph_db_node_25/03_p0.3/03_graph_n25_p0.3_idx7.gpickle,25,0.3,7,11,89
./random_graph_db/graph_db_node_25/03_p0.3/03_graph_n25_p0.3_idx8.gpickle,25,0.3,8,10,81
./random_graph_db/graph_db_node_25/03_p0.3/03_graph_n25_p0.3_idx9.gpickle,25,0.3,9,10,102
./random_graph_db/graph_db_node_25/04_p0.4/04_graph_n25_p0.4_idx1.gpickle,25,0.4,1,10,115
./random_graph_db/graph_db_node_25/04_p0.4/04_graph_n25_p0.4_idx10.gpickle,25,0.4,10,10,121
./random_graph_db/graph_db_node_25/04_p0.4/04_graph_n25_p0.4_idx2.gpickle,25,0.4,2,11,117
./random_graph_db/graph_db_node_25/04_p0.4/04_graph_n25_p0.4_idx3.gpickle,25,0.4,3,11,107
./random_graph_db/graph_db_node_25/04_p0.4/04_graph_n25_p0.4_idx4.gpickle,25,0.4,4,11,120
./random_graph_db/graph_db_node_25/04_p0.4/04_graph_n25_p0.4_idx5.gpickle,25,0.4,5,11,114
./random_graph_db/graph_db_node_25/04_p0.4/04_graph_n25_p0.4_idx6.gpickle,25,0.4,6,11,103
./random_graph_db/graph_db_node_25/04_p0.4/04_graph_n25_p0.4_idx7.gpickle,25,0.4,7,11,106
./random_graph_db/graph_db_node_25/04_p0.4/04_graph_n25_p0.4_idx8.gpickle,25,0.4,8,12,120
./random_graph_db/graph_db_node_25/04_p0.4/04_graph_n25_p0.4_idx9.gpickle,25,0.4,9,12,110
./random_graph_db/graph_db_node_25/05_p0.45/05_graph_n25_p0.45_idx1.gpickle,25,0.45,1,11,123
./random_graph_db/graph_db_node_25/05_p0.45/05_graph_n25_p0.45_idx10.gpickle,25,0.45,10,11,109
./random_graph_db/graph_db_node_25/05_p0.45/05_graph_n25_p0.45_idx2.gpickle,25,0.45,2,11,105
./random_graph_db/graph_db_node_25/05_p0.45/05_graph_n25_p0.45_idx3.gpickle,25,0.45,3,12,127
./random_graph_db/graph_db_node_25/05_p0.45/05_graph_n25_p0.45_idx4.gpickle,25,0.45,4,11,112
./random_graph_db/graph_db_node_25/05_p0.45/05_graph_n25_p0.45_idx5.gpickle,25,0.45,5,11,117
./random_graph_db/graph_db_node_25/05_p0.45/05_graph_n25_p0.45_idx6.gpickle,25,0.45,6,11,122
./random_graph_db/graph_db_node_25/05_p0.45/05_graph_n25_p0.45_idx7.gpickle,25,0.45,7,11,114
./random_graph_db/graph_db_node_25/05_p0.45/05_graph_n25_p0.45_idx8.gpickle,25,0.45,8,11,107
./random_graph_db/graph_db_node_25/05_p0.45/05_graph_n25_p0.45_idx9.gpickle,25,0.45,9,11,106
./random_graph_db/graph_db_node_25/06_p0.5/06_graph_n25_p0.5_idx1.gpickle,25,0.5,1,11,101
./random_graph_db/graph_db_node_25/06_p0.5/06_graph_n25_p0.5_idx10.gpickle,25,0.5,10,11,117
./random_graph_db/graph_db_node_25/06_p0.5/06_graph_n25_p0.5_idx2.gpickle,25,0.5,2,11,112
./random_graph_db/graph_db_node_25/06_p0.5/06_graph_n25_p0.5_idx3.gpickle,25,0.5,3,11,121
./random_graph_db/graph_db_node_25/06_p0.5/06_graph_n25_p0.5_idx4.gpickle,25,0.5,4,11,125
./random_graph_db/graph_db_node_25/06_p0.5/06_graph_n25_p0.5_idx5.gpickle,25,0.5,5,10,106
./random_graph_db/graph_db_node_25/06_p0.5/06_graph_n25_p0.5_idx6.gpickle,25,0.5,6,10,106
./random_graph_db/graph_db_node_25/06_p0.5/06_graph_n25_p0.5_idx7.gpickle,25,0.5,7,11,124
./random_graph_db/graph_db_node_25/06_p0.5/06_graph_n25_p0.5_idx8.gpickle,25,0.5,8,10,113
./random_graph_db/graph_db_node_25/06_p0.5/06_graph_n25_p0.5_idx9.gpickle,25,0.5,9,12,119
./random_graph_db/graph_db_node_25/07_p0.55/07_graph_n25_p0.55_idx1.gpickle,25,0.55,1,11,109
./random_graph_db/graph_db_node_25/07_p0.55/07_graph_n25_p0.55_idx10.gpickle,25,0.55,10,11,114
./random_graph_db/graph_db_node_25/07_p0.55/07_graph_n25_p0.55_idx2.gpickle,25,0.55,2,11,111
./random_graph_db/graph_db_node_25/07_p0.55/07_graph_n25_p0.55_idx3.gpickle,25,0.55,3,11,115
./random_graph_db/graph_db_node_25/07_p0.55/07_graph_n25_p0.55_idx4.gpickle,25,0.55,4,11,112
./random_graph_db/graph_db_node_25/07_p0.55/07_graph_n25_p0.55_idx5.gpickle,25,0.55,5,12,123
./random_graph_db/graph_db_node_25/07_p0.55/07_graph_n25_p0.55_idx6.gpickle,25,0.55,6,12,112
./random_graph_db/graph_db_node_25/07_p0.55/07_graph_n25_p0.55_idx7.gpickle,25,0.55,7,10,110
./random_graph_db/graph_db_node_25/07_p0.55/07_graph_n25_p0.55_idx8.gpickle,25,0.55,8,11,108
./random_graph_db/graph_db_node_25/07_p0.55/07_graph_n25_p0.55_idx9.gpickle,25,0.55,9,12,130
./random_graph_db/graph_db_node_25/08_p0.6/08_graph_n25_p0.6_idx1.gpickle,25,0.6,1,11,111
./random_graph_db/graph_db_node_25/08_p0.6/08_graph_n25_p0.6_idx10.gpickle,25,0.6,10,10,101
./random_graph_db/graph_db_node_25/08_p0.6/08_graph_n25_p0.6_idx2.gpickle,25,0.6,2,11,127
./random_graph_db/graph_db_node_25/08_p0.6/08_graph_n25_p0.6_idx3.gpickle,25,0.6,3,11,118
./random_graph_db/graph_db_node_25/08_p0.6/08_graph_n25_p0.6_idx4.gpickle,25,0.6,4,12,125
./random_graph_db/graph_db_node_25/08_p0.6/08_graph_n25_p0.6_idx5.gpickle,25,0.6,5,11,107
./random_graph_db/graph_db_node_25/08_p0.6/08_graph_n25_p0.6_idx6.gpickle,25,0.6,6,11,106
./random_graph_db/graph_db_node_25/08_p0.6/08_graph_n25_p0.6_idx7.gpickle,25,0.6,7,11,116
./random_graph_db/graph_db_node_25/08_p0.6/08_graph_n25_p0.6_idx8.gpickle,25,0.6,8,10,109
./random_graph_db/graph_db_node_25/08_p0.6/08_graph_n25_p0.6_idx9.gpickle,25,0.6,9,11,113
./random_graph_db/graph_db_node_25/09_p0.65/09_graph_n25_p0.65_idx1.gpickle,25,0.65,1,11,114
./random_graph_db/graph_db_node_25/09_p0.65/09_graph_n25_p0.65_idx10.gpickle,25,0.65,10,11,112
./random_graph_db/graph_db_node_25/09_p0.65/09_graph_n25_p0.65_idx2.gpickle,25,0.65,2,11,121
./random_graph_db/graph_db_node_25/09_p0.65/09_graph_n25_p0.65_idx3.gpickle,25,0.65,3,11,107
./random_graph_db/graph_db_node_25/09_p0.65/09_graph_n25_p0.65_idx4.gpickle,25,0.65,4,11,106
./random_graph_db/graph_db_node_25/09_p0.65/09_graph_n25_p0.65_idx5.gpickle,25,0.65,5,12,120
./random_graph_db/graph_db_node_25/09_p0.65/09_graph_n25_p0.65_idx6.gpickle,25,0.65,6,11,94
./random_graph_db/graph_db_node_25/09_p0.65/09_graph_n25_p0.65_idx7.gpickle,25,0.65,7,11,112
./random_graph_db/graph_db_node_25/09_p0.65/09_graph_n25_p0.65_idx8.gpickle,25,0.65,8,11,120
./random_graph_db/graph_db_node_25/09_p0.65/09_graph_n25_p0.65_idx9.gpickle,25,0.65,9,12,129
./random_graph_db/graph_db_node_25/10_p0.7/10_graph_n25_p0.7_idx1.gpickle,25,0.7,1,11,117
./random_graph_db/graph_db_node_25/10_p0.7/10_graph_n25_p0.7_idx10.gpickle,25,0.7,10,10,95
./random_graph_db/graph_db_node_25/10_p0.7/10_graph_n25_p0.7_idx2.gpickle,25,0.7,2,11,114
./random_graph_db/graph_db_node_25/10_p0.7/10_graph_n25_p0.7_idx3.gpickle,25,0.7,3,10,107
./random_graph_db/graph_db_node_25/10_p0.7/10_graph_n25_p0.7_idx4.gpickle,25,0.7,4,11,106
./random_graph_db/graph_db_node_25/10_p0.7/10_graph_n25_p0.7_idx5.gpickle,25,0.7,5,10,122
./random_graph_db/graph_db_node_25/10_p0.7/10_graph_n25_p0.7_idx6.gpickle,25,0.7,6,11,112
./random_graph_db/graph_db_node_25/10_p0.7/10_graph_n25_p0.7_idx7.gpickle,25,0.7,7,11,126
./random_graph_db/graph_db_node_25/10_p0.7/10_graph_n25_p0.7_idx8.gpickle,25,0.7,8,11,100
./random_graph_db/graph_db_node_25/10_p0.7/10_graph_n25_p0.7_idx9.gpickle,25,0.7,9,11,100
./random_graph_db/graph_db_node_25/11_p0.8/11_graph_n25_p0.8_idx1.gpickle,25,0.8,1,10,76
./random_graph_db/graph_db_node_25/11_p0.8/11_graph_n25_p0.8_idx10.gpickle,25,0.8,10,10,94
./random_graph_db/graph_db_node_25/11_p0.8/11_graph_n25_p0.8_idx2.gpickle,25,0.8,2,10,67
./random_graph_db/graph_db_node_25/11_p0.8/11_graph_n25_p0.8_idx3.gpickle,25,0.8,3,10,75
./random_graph_db/graph_db_node_25/11_p0.8/11_graph_n25_p0.8_idx4.gpickle,25,0.8,4,11,89
./random_graph_db/graph_db_node_25/11_p0.8/11_graph_n25_p0.8_idx5.gpickle,25,0.8,5,9,74
./random_graph_db/graph_db_node_25/11_p0.8/11_graph_n25_p0.8_idx6.gpickle,25,0.8,6,10,70
./random_graph_db/graph_db_node_25/11_p0.8/11_graph_n25_p0.8_idx7.gpickle,25,0.8,7,8,63
./random_graph_db/graph_db_node_25/11_p0.8/11_graph_n25_p0.8_idx8.gpickle,25,0.8,8,10,89
./random_graph_db/graph_db_node_25/11_p0.8/11_graph_n25_p0.8_idx9.gpickle,25,0.8,9,10,97
./random_graph_db/graph_db_node_25/12_p0.9/12_graph_n25_p0.9_idx1.gpickle,25,0.9,1,6,27
./random_graph_db/graph_db_node_25/12_p0.9/12_graph_n25_p0.9_idx10.gpickle,25,0.9,10,7,32
./random_graph_db/graph_db_node_25/12_p0.9/12_graph_n25_p0.9_idx2.gpickle,25,0.9,2,8,21
./random_graph_db/graph_db_node_25/12_p0.9/12_graph_n25_p0.9_idx3.gpickle,25,0.9,3,7,57
./random_graph_db/graph_db_node_25/12_p0.9/12_graph_n25_p0.9_idx4.gpickle,25,0.9,4,8,47
./random_graph_db/graph_db_node_25/12_p0.9/12_graph_n25_p0.9_idx5.gpickle,25,0.9,5,10,33
./random_graph_db/graph_db_node_25/12_p0.9/12_graph_n25_p0.9_idx6.gpickle,25,0.9,6,9,50
./random_graph_db/graph_db_node_25/12_p0.9/12_graph_n25_p0.9_idx7.gpickle,25,0.9,7,6,34
./random_graph_db/graph_db_node_25/12_p0.9/12_graph_n25_p0.9_idx8.gpickle,25,0.9,8,7,37
./random_graph_db/graph_db_node_25/12_p0.9/12_graph_n25_p0.9_idx9.gpickle,25,0.9,9,8,35
./random_graph_db/graph_db_node_26/01_p0.1/01_graph_n26_p0.1_idx1.gpickle,26,0.1,1,5,16
./random_graph_db/graph_db_node_26/01_p0.1/01_graph_n26_p0.1_idx10.gpickle,26,0.1,10,5,11
./random_graph_db/graph_db_node_26/01_p0.1/01_graph_n26_p0.1_idx2.gpickle,26,0.1,2,4,9
./random_graph_db/graph_db_node_26/01_p0.1/01_graph_n26_p0.1_idx3.gpickle,26,0.1,3,6,19
./random_graph_db/graph_db_node_26/01_p0.1/01_graph_n26_p0.1_idx4.gpickle,26,0.1,4,5,17
./random_graph_db/graph_db_node_26/01_p0.1/01_graph_n26_p0.1_idx5.gpickle,26,0.1,5,5,14
./random_graph_db/graph_db_node_26/01_p0.1/01_graph_n26_p0.1_idx6.gpickle,26,0.1,6,7,28
./random_graph_db/graph_db_node_26/01_p0.1/01_graph_n26_p0.1_idx7.gpickle,26,0.1,7,5,12
./random_graph_db/graph_db_node_26/01_p0.1/01_graph_n26_p0.1_idx8.gpickle,26,0.1,8,6,16
./random_graph_db/graph_db_node_26/01_p0.1/01_graph_n26_p0.1_idx9.gpickle,26,0.1,9,7,22
./random_graph_db/graph_db_node_26/02_p0.2/02_graph_n26_p0.2_idx1.gpickle,26,0.2,1,9,51
./random_graph_db/graph_db_node_26/02_p0.2/02_graph_n26_p0.2_idx10.gpickle,26,0.2,10,10,82
./random_graph_db/graph_db_node_26/02_p0.2/02_graph_n26_p0.2_idx2.gpickle,26,0.2,2,9,66
./random_graph_db/graph_db_node_26/02_p0.2/02_graph_n26_p0.2_idx3.gpickle,26,0.2,3,9,68
./random_graph_db/graph_db_node_26/02_p0.2/02_graph_n26_p0.2_idx4.gpickle,26,0.2,4,9,53
./random_graph_db/graph_db_node_26/02_p0.2/02_graph_n26_p0.2_idx5.gpickle,26,0.2,5,8,55
./random_graph_db/graph_db_node_26/02_p0.2/02_graph_n26_p0.2_idx6.gpickle,26,0.2,6,9,56
./random_graph_db/graph_db_node_26/02_p0.2/02_graph_n26_p0.2_idx7.gpickle,26,0.2,7,9,74
./random_graph_db/graph_db_node_26/02_p0.2/02_graph_n26_p0.2_idx8.gpickle,26,0.2,8,7,31
./random_graph_db/graph_db_node_26/02_p0.2/02_graph_n26_p0.2_idx9.gpickle,26,0.2,9,10,56
./random_graph_db/graph_db_node_26/03_p0.3/03_graph_n26_p0.3_idx1.gpickle,26,0.3,1,11,114
./random_graph_db/graph_db_node_26/03_p0.3/03_graph_n26_p0.3_idx10.gpickle,26,0.3,10,12,119
./random_graph_db/graph_db_node_26/03_p0.3/03_graph_n26_p0.3_idx2.gpickle,26,0.3,2,10,107
./random_graph_db/graph_db_node_26/03_p0.3/03_graph_n26_p0.3_idx3.gpickle,26,0.3,3,10,101
./random_graph_db/graph_db_node_26/03_p0.3/03_graph_n26_p0.3_idx4.gpickle,26,0.3,4,10,80
./random_graph_db/graph_db_node_26/03_p0.3/03_graph_n26_p0.3_idx5.gpickle,26,0.3,5,11,104
./random_graph_db/graph_db_node_26/03_p0.3/03_graph_n26_p0.3_idx6.gpickle,26,0.3,6,11,110
./random_graph_db/graph_db_node_26/03_p0.3/03_graph_n26_p0.3_idx7.gpickle,26,0.3,7,10,128
./random_graph_db/graph_db_node_26/03_p0.3/03_graph_n26_p0.3_idx8.gpickle,26,0.3,8,10,90
./random_graph_db/graph_db_node_26/03_p0.3/03_graph_n26_p0.3_idx9.gpickle,26,0.3,9,11,101
./random_graph_db/graph_db_node_26/04_p0.4/04_graph_n26_p0.4_idx1.gpickle,26,0.4,1,12,131
./random_graph_db/graph_db_node_26/04_p0.4/04_graph_n26_p0.4_idx10.gpickle,26,0.4,10,11,128
./random_graph_db/graph_db_node_26/04_p0.4/04_graph_n26_p0.4_idx2.gpickle,26,0.4,2,11,127
./random_graph_db/graph_db_node_26/04_p0.4/04_graph_n26_p0.4_idx3.gpickle,26,0.4,3,11,106
./random_graph_db/graph_db_node_26/04_p0.4/04_graph_n26_p0.4_idx4.gpickle,26,0.4,4,11,127
./random_graph_db/graph_db_node_26/04_p0.4/04_graph_n26_p0.4_idx5.gpickle,26,0.4,5,11,120
./random_graph_db/graph_db_node_26/04_p0.4/04_graph_n26_p0.4_idx6.gpickle,26,0.4,6,11,122
./random_graph_db/graph_db_node_26/04_p0.4/04_graph_n26_p0.4_idx7.gpickle,26,0.4,7,11,128
./random_graph_db/graph_db_node_26/04_p0.4/04_graph_n26_p0.4_idx8.gpickle,26,0.4,8,11,114
./random_graph_db/graph_db_node_26/04_p0.4/04_graph_n26_p0.4_idx9.gpickle,26,0.4,9,12,122
./random_graph_db/graph_db_node_26/05_p0.45/05_graph_n26_p0.45_idx1.gpickle,26,0.45,1,12,117
./random_graph_db/graph_db_node_26/05_p0.45/05_graph_n26_p0.45_idx10.gpickle,26,0.45,10,12,136
./random_graph_db/graph_db_node_26/05_p0.45/05_graph_n26_p0.45_idx2.gpickle,26,0.45,2,12,117
./random_graph_db/graph_db_node_26/05_p0.45/05_graph_n26_p0.45_idx3.gpickle,26,0.45,3,11,112
./random_graph_db/graph_db_node_26/05_p0.45/05_graph_n26_p0.45_idx4.gpickle,26,0.45,4,12,131
./random_graph_db/graph_db_node_26/05_p0.45/05_graph_n26_p0.45_idx5.gpickle,26,0.45,5,11,125
./random_graph_db/graph_db_node_26/05_p0.45/05_graph_n26_p0.45_idx6.gpickle,26,0.45,6,12,141
./random_graph_db/graph_db_node_26/05_p0.45/05_graph_n26_p0.45_idx7.gpickle,26,0.45,7,11,131
./random_graph_db/graph_db_node_26/05_p0.45/05_graph_n26_p0.45_idx8.gpickle,26,0.45,8,12,137
./random_graph_db/graph_db_node_26/05_p0.45/05_graph_n26_p0.45_idx9.gpickle,26,0.45,9,12,114
./random_graph_db/graph_db_node_26/06_p0.5/06_graph_n26_p0.5_idx1.gpickle,26,0.5,1,12,113
./random_graph_db/graph_db_node_26/06_p0.5/06_graph_n26_p0.5_idx10.gpickle,26,0.5,10,11,121
./random_graph_db/graph_db_node_26/06_p0.5/06_graph_n26_p0.5_idx2.gpickle,26,0.5,2,11,126
./random_graph_db/graph_db_node_26/06_p0.5/06_graph_n26_p0.5_idx3.gpickle,26,0.5,3,11,127
./random_graph_db/graph_db_node_26/06_p0.5/06_graph_n26_p0.5_idx4.gpickle,26,0.5,4,12,121
./random_graph_db/graph_db_node_26/06_p0.5/06_graph_n26_p0.5_idx5.gpickle,26,0.5,5,11,120
./random_graph_db/graph_db_node_26/06_p0.5/06_graph_n26_p0.5_idx6.gpickle,26,0.5,6,12,117
./random_graph_db/graph_db_node_26/06_p0.5/06_graph_n26_p0.5_idx7.gpickle,26,0.5,7,12,129
./random_graph_db/graph_db_node_26/06_p0.5/06_graph_n26_p0.5_idx8.gpickle,26,0.5,8,11,119
./random_graph_db/graph_db_node_26/06_p0.5/06_graph_n26_p0.5_idx9.gpickle,26,0.5,9,12,124
./random_graph_db/graph_db_node_26/07_p0.55/07_graph_n26_p0.55_idx1.gpickle,26,0.55,1,11,128
./random_graph_db/graph_db_node_26/07_p0.55/07_graph_n26_p0.55_idx10.gpickle,26,0.55,10,11,128
./random_graph_db/graph_db_node_26/07_p0.55/07_graph_n26_p0.55_idx2.gpickle,26,0.55,2,11,121
./random_graph_db/graph_db_node_26/07_p0.55/07_graph_n26_p0.55_idx3.gpickle,26,0.55,3,12,122
./random_graph_db/graph_db_node_26/07_p0.55/07_graph_n26_p0.55_idx4.gpickle,26,0.55,4,11,126
./random_graph_db/graph_db_node_26/07_p0.55/07_graph_n26_p0.55_idx5.gpickle,26,0.55,5,12,135
./random_graph_db/graph_db_node_26/07_p0.55/07_graph_n26_p0.55_idx6.gpickle,26,0.55,6,11,122
./random_graph_db/graph_db_node_26/07_p0.55/07_graph_n26_p0.55_idx7.gpickle,26,0.55,7,11,120
./random_graph_db/graph_db_node_26/07_p0.55/07_graph_n26_p0.55_idx8.gpickle,26,0.55,8,11,120
./random_graph_db/graph_db_node_26/07_p0.55/07_graph_n26_p0.55_idx9.gpickle,26,0.55,9,12,112
./random_graph_db/graph_db_node_26/08_p0.6/08_graph_n26_p0.6_idx1.gpickle,26,0.6,1,11,138
./random_graph_db/graph_db_node_26/08_p0.6/08_graph_n26_p0.6_idx10.gpickle,26,0.6,10,12,138
./random_graph_db/graph_db_node_26/08_p0.6/08_graph_n26_p0.6_idx2.gpickle,26,0.6,2,12,143
./random_graph_db/graph_db_node_26/08_p0.6/08_graph_n26_p0.6_idx3.gpickle,26,0.6,3,12,115
./random_graph_db/graph_db_node_26/08_p0.6/08_graph_n26_p0.6_idx4.gpickle,26,0.6,4,12,132
./random_graph_db/graph_db_node_26/08_p0.6/08_graph_n26_p0.6_idx5.gpickle,26,0.6,5,11,94
./random_graph_db/graph_db_node_26/08_p0.6/08_graph_n26_p0.6_idx6.gpickle,26,0.6,6,11,118
./random_graph_db/graph_db_node_26/08_p0.6/08_graph_n26_p0.6_idx7.gpickle,26,0.6,7,11,122
./random_graph_db/graph_db_node_26/08_p0.6/08_graph_n26_p0.6_idx8.gpickle,26,0.6,8,12,142
./random_graph_db/graph_db_node_26/08_p0.6/08_graph_n26_p0.6_idx9.gpickle,26,0.6,9,12,124
./random_graph_db/graph_db_node_26/09_p0.65/09_graph_n26_p0.65_idx1.gpickle,26,0.65,1,10,111
./random_graph_db/graph_db_node_26/09_p0.65/09_graph_n26_p0.65_idx10.gpickle,26,0.65,10,12,125
./random_graph_db/graph_db_node_26/09_p0.65/09_graph_n26_p0.65_idx2.gpickle,26,0.65,2,12,125
./random_graph_db/graph_db_node_26/09_p0.65/09_graph_n26_p0.65_idx3.gpickle,26,0.65,3,12,111
./random_graph_db/graph_db_node_26/09_p0.65/09_graph_n26_p0.65_idx4.gpickle,26,0.65,4,12,126
./random_graph_db/graph_db_node_26/09_p0.65/09_graph_n26_p0.65_idx5.gpickle,26,0.65,5,11,119
./random_graph_db/graph_db_node_26/09_p0.65/09_graph_n26_p0.65_idx6.gpickle,26,0.65,6,11,108
./random_graph_db/graph_db_node_26/09_p0.65/09_graph_n26_p0.65_idx7.gpickle,26,0.65,7,12,124
./random_graph_db/graph_db_node_26/09_p0.65/09_graph_n26_p0.65_idx8.gpickle,26,0.65,8,12,129
./random_graph_db/graph_db_node_26/09_p0.65/09_graph_n26_p0.65_idx9.gpickle,26,0.65,9,11,114
./random_graph_db/graph_db_node_26/10_p0.7/10_graph_n26_p0.7_idx1.gpickle,26,0.7,1,11,100
./random_graph_db/graph_db_node_26/10_p0.7/10_graph_n26_p0.7_idx10.gpickle,26,0.7,10,12,117
./random_graph_db/graph_db_node_26/10_p0.7/10_graph_n26_p0.7_idx2.gpickle,26,0.7,2,11,119
./random_graph_db/graph_db_node_26/10_p0.7/10_graph_n26_p0.7_idx3.gpickle,26,0.7,3,11,111
./random_graph_db/graph_db_node_26/10_p0.7/10_graph_n26_p0.7_idx4.gpickle,26,0.7,4,11,128
./random_graph_db/graph_db_node_26/10_p0.7/10_graph_n26_p0.7_idx5.gpickle,26,0.7,5,11,123
./random_graph_db/graph_db_node_26/10_p0.7/10_graph_n26_p0.7_idx6.gpickle,26,0.7,6,11,113
./random_graph_db/graph_db_node_26/10_p0.7/10_graph_n26_p0.7_idx7.gpickle,26,0.7,7,12,128
./random_graph_db/graph_db_node_26/10_p0.7/10_graph_n26_p0.7_idx8.gpickle,26,0.7,8,12,111
./random_graph_db/graph_db_node_26/10_p0.7/10_graph_n26_p0.7_idx9.gpickle,26,0.7,9,11,121
./random_graph_db/graph_db_node_26/11_p0.8/11_graph_n26_p0.8_idx1.gpickle,26,0.8,1,11,97
./random_graph_db/graph_db_node_26/11_p0.8/11_graph_n26_p0.8_idx10.gpickle,26,0.8,10,11,88
./random_graph_db/graph_db_node_26/11_p0.8/11_graph_n26_p0.8_idx2.gpickle,26,0.8,2,11,97
./random_graph_db/graph_db_node_26/11_p0.8/11_graph_n26_p0.8_idx3.gpickle,26,0.8,3,9,89
./random_graph_db/graph_db_node_26/11_p0.8/11_graph_n26_p0.8_idx4.gpickle,26,0.8,4,11,102
./random_graph_db/graph_db_node_26/11_p0.8/11_graph_n26_p0.8_idx5.gpickle,26,0.8,5,9,76
./random_graph_db/graph_db_node_26/11_p0.8/11_graph_n26_p0.8_idx6.gpickle,26,0.8,6,11,73
./random_graph_db/graph_db_node_26/11_p0.8/11_graph_n26_p0.8_idx7.gpickle,26,0.8,7,10,67
./random_graph_db/graph_db_node_26/11_p0.8/11_graph_n26_p0.8_idx8.gpickle,26,0.8,8,10,100
./random_graph_db/graph_db_node_26/11_p0.8/11_graph_n26_p0.8_idx9.gpickle,26,0.8,9,11,80
./random_graph_db/graph_db_node_26/12_p0.9/12_graph_n26_p0.9_idx1.gpickle,26,0.9,1,10,41
./random_graph_db/graph_db_node_26/12_p0.9/12_graph_n26_p0.9_idx10.gpickle,26,0.9,10,10,44
./random_graph_db/graph_db_node_26/12_p0.9/12_graph_n26_p0.9_idx2.gpickle,26,0.9,2,7,27
./random_graph_db/graph_db_node_26/12_p0.9/12_graph_n26_p0.9_idx3.gpickle,26,0.9,3,9,58
./random_graph_db/graph_db_node_26/12_p0.9/12_graph_n26_p0.9_idx4.gpickle,26,0.9,4,9,40
./random_graph_db/graph_db_node_26/12_p0.9/12_graph_n26_p0.9_idx5.gpickle,26,0.9,5,9,33
./random_graph_db/graph_db_node_26/12_p0.9/12_graph_n26_p0.9_idx6.gpickle,26,0.9,6,9,28
./random_graph_db/graph_db_node_26/12_p0.9/12_graph_n26_p0.9_idx7.gpickle,26,0.9,7,7,29
./random_graph_db/graph_db_node_26/12_p0.9/12_graph_n26_p0.9_idx8.gpickle,26,0.9,8,11,59
./random_graph_db/graph_db_node_26/12_p0.9/12_graph_n26_p0.9_idx9.gpickle,26,0.9,9,9,59
./random_graph_db/graph_db_node_27/01_p0.1/01_graph_n27_p0.1_idx1.gpickle,27,0.1,1,7,25
./random_graph_db/graph_db_node_27/01_p0.1/01_graph_n27_p0.1_idx10.gpickle,27,0.1,10,7,25
./random_graph_db/graph_db_node_27/01_p0.1/01_graph_n27_p0.1_idx2.gpickle,27,0.1,2,5,13
./random_graph_db/graph_db_node_27/01_p0.1/01_graph_n27_p0.1_idx3.gpickle,27,0.1,3,6,19
./random_graph_db/graph_db_node_27/01_p0.1/01_graph_n27_p0.1_idx4.gpickle,27,0.1,4,7,23
./random_graph_db/graph_db_node_27/01_p0.1/01_graph_n27_p0.1_idx5.gpickle,27,0.1,5,6,15
./random_graph_db/graph_db_node_27/01_p0.1/01_graph_n27_p0.1_idx6.gpickle,27,0.1,6,5,21
./random_graph_db/graph_db_node_27/01_p0.1/01_graph_n27_p0.1_idx7.gpickle,27,0.1,7,3,9
./random_graph_db/graph_db_node_27/01_p0.1/01_graph_n27_p0.1_idx8.gpickle,27,0.1,8,5,22
./random_graph_db/graph_db_node_27/01_p0.1/01_graph_n27_p0.1_idx9.gpickle,27,0.1,9,6,22
./random_graph_db/graph_db_node_27/02_p0.2/02_graph_n27_p0.2_idx1.gpickle,27,0.2,1,9,59
./random_graph_db/graph_db_node_27/02_p0.2/02_graph_n27_p0.2_idx10.gpickle,27,0.2,10,10,86
./random_graph_db/graph_db_node_27/02_p0.2/02_graph_n27_p0.2_idx2.gpickle,27,0.2,2,10,96
./random_graph_db/graph_db_node_27/02_p0.2/02_graph_n27_p0.2_idx3.gpickle,27,0.2,3,12,93
./random_graph_db/graph_db_node_27/02_p0.2/02_graph_n27_p0.2_idx4.gpickle,27,0.2,4,10,57
./random_graph_db/graph_db_node_27/02_p0.2/02_graph_n27_p0.2_idx5.gpickle,27,0.2,5,9,68
./random_graph_db/graph_db_node_27/02_p0.2/02_graph_n27_p0.2_idx6.gpickle,27,0.2,6,8,52
./random_graph_db/graph_db_node_27/02_p0.2/02_graph_n27_p0.2_idx7.gpickle,27,0.2,7,10,66
./random_graph_db/graph_db_node_27/02_p0.2/02_graph_n27_p0.2_idx8.gpickle,27,0.2,8,8,52
./random_graph_db/graph_db_node_27/02_p0.2/02_graph_n27_p0.2_idx9.gpickle,27,0.2,9,10,69
./random_graph_db/graph_db_node_27/03_p0.3/03_graph_n27_p0.3_idx1.gpickle,27,0.3,1,11,112
./random_graph_db/graph_db_node_27/03_p0.3/03_graph_n27_p0.3_idx10.gpickle,27,0.3,10,10,105
./random_graph_db/graph_db_node_27/03_p0.3/03_graph_n27_p0.3_idx2.gpickle,27,0.3,2,12,113
./random_graph_db/graph_db_node_27/03_p0.3/03_graph_n27_p0.3_idx3.gpickle,27,0.3,3,12,110
./random_graph_db/graph_db_node_27/03_p0.3/03_graph_n27_p0.3_idx4.gpickle,27,0.3,4,11,97
./random_graph_db/graph_db_node_27/03_p0.3/03_graph_n27_p0.3_idx5.gpickle,27,0.3,5,11,88
./random_graph_db/graph_db_node_27/03_p0.3/03_graph_n27_p0.3_idx6.gpickle,27,0.3,6,12,133
./random_graph_db/graph_db_node_27/03_p0.3/03_graph_n27_p0.3_idx7.gpickle,27,0.3,7,11,101
./random_graph_db/graph_db_node_27/03_p0.3/03_graph_n27_p0.3_idx8.gpickle,27,0.3,8,12,127
./random_graph_db/graph_db_node_27/03_p0.3/03_graph_n27_p0.3_idx9.gpickle,27,0.3,9,11,116
./random_graph_db/graph_db_node_27/04_p0.4/04_graph_n27_p0.4_idx1.gpickle,27,0.4,1,12,122
./random_graph_db/graph_db_node_27/04_p0.4/04_graph_n27_p0.4_idx10.gpickle,27,0.4,10,11,113
./random_graph_db/graph_db_node_27/04_p0.4/04_graph_n27_p0.4_idx2.gpickle,27,0.4,2,12,141
./random_graph_db/graph_db_node_27/04_p0.4/04_graph_n27_p0.4_idx3.gpickle,27,0.4,3,12,134
./random_graph_db/graph_db_node_27/04_p0.4/04_graph_n27_p0.4_idx4.gpickle,27,0.4,4,12,140
./random_graph_db/graph_db_node_27/04_p0.4/04_graph_n27_p0.4_idx5.gpickle,27,0.4,5,11,132
./random_graph_db/graph_db_node_27/04_p0.4/04_graph_n27_p0.4_idx6.gpickle,27,0.4,6,12,125
./random_graph_db/graph_db_node_27/04_p0.4/04_graph_n27_p0.4_idx7.gpickle,27,0.4,7,12,140
./random_graph_db/graph_db_node_27/04_p0.4/04_graph_n27_p0.4_idx8.gpickle,27,0.4,8,12,143
./random_graph_db/graph_db_node_27/04_p0.4/04_graph_n27_p0.4_idx9.gpickle,27,0.4,9,12,143
./random_graph_db/graph_db_node_27/05_p0.45/05_graph_n27_p0.45_idx1.gpickle,27,0.45,1,12,139
./random_graph_db/graph_db_node_27/05_p0.45/05_graph_n27_p0.45_idx10.gpickle,27,0.45,10,12,137
./random_graph_db/graph_db_node_27/05_p0.45/05_graph_n27_p0.45_idx2.gpickle,27,0.45,2,12,127
./random_graph_db/graph_db_node_27/05_p0.45/05_graph_n27_p0.45_idx3.gpickle,27,0.45,3,11,124
./random_graph_db/graph_db_node_27/05_p0.45/05_graph_n27_p0.45_idx4.gpickle,27,0.45,4,12,133
./random_graph_db/graph_db_node_27/05_p0.45/05_graph_n27_p0.45_idx5.gpickle,27,0.45,5,13,141
./random_graph_db/graph_db_node_27/05_p0.45/05_graph_n27_p0.45_idx6.gpickle,27,0.45,6,12,125
./random_graph_db/graph_db_node_27/05_p0.45/05_graph_n27_p0.45_idx7.gpickle,27,0.45,7,11,113
./random_graph_db/graph_db_node_27/05_p0.45/05_graph_n27_p0.45_idx8.gpickle,27,0.45,8,12,121
./random_graph_db/graph_db_node_27/05_p0.45/05_graph_n27_p0.45_idx9.gpickle,27,0.45,9,12,156
./random_graph_db/graph_db_node_27/06_p0.5/06_graph_n27_p0.5_idx1.gpickle,27,0.5,1,11,123
./random_graph_db/graph_db_node_27/06_p0.5/06_graph_n27_p0.5_idx10.gpickle,27,0.5,10,12,135
./random_graph_db/graph_db_node_27/06_p0.5/06_graph_n27_p0.5_idx2.gpickle,27,0.5,2,12,122
./random_graph_db/graph_db_node_27/06_p0.5/06_graph_n27_p0.5_idx3.gpickle,27,0.5,3,13,150
./random_graph_db/graph_db_node_27/06_p0.5/06_graph_n27_p0.5_idx4.gpickle,27,0.5,4,11,120
./random_graph_db/graph_db_node_27/06_p0.5/06_graph_n27_p0.5_idx5.gpickle,27,0.5,5,11,140
./random_graph_db/graph_db_node_27/06_p0.5/06_graph_n27_p0.5_idx6.gpickle,27,0.5,6,12,137
./random_graph_db/graph_db_node_27/06_p0.5/06_graph_n27_p0.5_idx7.gpickle,27,0.5,7,12,127
./random_graph_db/graph_db_node_27/06_p0.5/06_graph_n27_p0.5_idx8.gpickle,27,0.5,8,12,134
./random_graph_db/graph_db_node_27/06_p0.5/06_graph_n27_p0.5_idx9.gpickle,27,0.5,9,13,136
./random_graph_db/graph_db_node_27/07_p0.55/07_graph_n27_p0.55_idx1.gpickle,27,0.55,1,13,151
./random_graph_db/graph_db_node_27/07_p0.55/07_graph_n27_p0.55_idx10.gpickle,27,0.55,10,12,126
./random_graph_db/graph_db_node_27/07_p0.55/07_graph_n27_p0.55_idx2.gpickle,27,0.55,2,12,145
./random_graph_db/graph_db_node_27/07_p0.55/07_graph_n27_p0.55_idx3.gpickle,27,0.55,3,11,122
./random_graph_db/graph_db_node_27/07_p0.55/07_graph_n27_p0.55_idx4.gpickle,27,0.55,4,12,138
./random_graph_db/graph_db_node_27/07_p0.55/07_graph_n27_p0.55_idx5.gpickle,27,0.55,5,12,130
./random_graph_db/graph_db_node_27/07_p0.55/07_graph_n27_p0.55_idx6.gpickle,27,0.55,6,12,134
./random_graph_db/graph_db_node_27/07_p0.55/07_graph_n27_p0.55_idx7.gpickle,27,0.55,7,12,132
./random_graph_db/graph_db_node_27/07_p0.55/07_graph_n27_p0.55_idx8.gpickle,27,0.55,8,12,147
./random_graph_db/graph_db_node_27/07_p0.55/07_graph_n27_p0.55_idx9.gpickle,27,0.55,9,12,131
./random_graph_db/graph_db_node_27/08_p0.6/08_graph_n27_p0.6_idx1.gpickle,27,0.6,1,12,148
./random_graph_db/graph_db_node_27/08_p0.6/08_graph_n27_p0.6_idx10.gpickle,27,0.6,10,11,132
./random_graph_db/graph_db_node_27/08_p0.6/08_graph_n27_p0.6_idx2.gpickle,27,0.6,2,12,128
./random_graph_db/graph_db_node_27/08_p0.6/08_graph_n27_p0.6_idx3.gpickle,27,0.6,3,12,134
./random_graph_db/graph_db_node_27/08_p0.6/08_graph_n27_p0.6_idx4.gpickle,27,0.6,4,13,134
./random_graph_db/graph_db_node_27/08_p0.6/08_graph_n27_p0.6_idx5.gpickle,27,0.6,5,12,142
./random_graph_db/graph_db_node_27/08_p0.6/08_graph_n27_p0.6_idx6.gpickle,27,0.6,6,12,142
./random_graph_db/graph_db_node_27/08_p0.6/08_graph_n27_p0.6_idx7.gpickle,27,0.6,7,12,127
./random_graph_db/graph_db_node_27/08_p0.6/08_graph_n27_p0.6_idx8.gpickle,27,0.6,8,12,139
./random_graph_db/graph_db_node_27/08_p0.6/08_graph_n27_p0.6_idx9.gpickle,27,0.6,9,12,126
./random_graph_db/graph_db_node_27/09_p0.65/09_graph_n27_p0.65_idx1.gpickle,27,0.65,1,12,134
./random_graph_db/graph_db_node_27/09_p0.65/09_graph_n27_p0.65_idx10.gpickle,27,0.65,10,12,135
./random_graph_db/graph_db_node_27/09_p0.65/09_graph_n27_p0.65_idx2.gpickle,27,0.65,2,12,135
./random_graph_db/graph_db_node_27/09_p0.65/09_graph_n27_p0.65_idx3.gpickle,27,0.65,3,11,108
./random_graph_db/graph_db_node_27/09_p0.65/09_graph_n27_p0.65_idx4.gpickle,27,0.65,4,12,139
./random_graph_db/graph_db_node_27/09_p0.65/09_graph_n27_p0.65_idx5.gpickle,27,0.65,5,11,122
./random_graph_db/graph_db_node_27/09_p0.65/09_graph_n27_p0.65_idx6.gpickle,27,0.65,6,12,126
./random_graph_db/graph_db_node_27/09_p0.65/09_graph_n27_p0.65_idx7.gpickle,27,0.65,7,11,119
./random_graph_db/graph_db_node_27/09_p0.65/09_graph_n27_p0.65_idx8.gpickle,27,0.65,8,13,155
./random_graph_db/graph_db_node_27/09_p0.65/09_graph_n27_p0.65_idx9.gpickle,27,0.65,9,12,136
./random_graph_db/graph_db_node_27/10_p0.7/10_graph_n27_p0.7_idx1.gpickle,27,0.7,1,11,128
./random_graph_db/graph_db_node_27/10_p0.7/10_graph_n27_p0.7_idx10.gpickle,27,0.7,10,12,139
./random_graph_db/graph_db_node_27/10_p0.7/10_graph_n27_p0.7_idx2.gpickle,27,0.7,2,11,142
./random_graph_db/graph_db_node_27/10_p0.7/10_graph_n27_p0.7_idx3.gpickle,27,0.7,3,10,96
./random_graph_db/graph_db_node_27/10_p0.7/10_graph_n27_p0.7_idx4.gpickle,27,0.7,4,12,123
./random_graph_db/graph_db_node_27/10_p0.7/10_graph_n27_p0.7_idx5.gpickle,27,0.7,5,12,143
./random_graph_db/graph_db_node_27/10_p0.7/10_graph_n27_p0.7_idx6.gpickle,27,0.7,6,11,115
./random_graph_db/graph_db_node_27/10_p0.7/10_graph_n27_p0.7_idx7.gpickle,27,0.7,7,11,114
./random_graph_db/graph_db_node_27/10_p0.7/10_graph_n27_p0.7_idx8.gpickle,27,0.7,8,12,126
./random_graph_db/graph_db_node_27/10_p0.7/10_graph_n27_p0.7_idx9.gpickle,27,0.7,9,11,132
./random_graph_db/graph_db_node_27/11_p0.8/11_graph_n27_p0.8_idx1.gpickle,27,0.8,1,11,92
./random_graph_db/graph_db_node_27/11_p0.8/11_graph_n27_p0.8_idx10.gpickle,27,0.8,10,9,91
./random_graph_db/graph_db_node_27/11_p0.8/11_graph_n27_p0.8_idx2.gpickle,27,0.8,2,11,114
./random_graph_db/graph_db_node_27/11_p0.8/11_graph_n27_p0.8_idx3.gpickle,27,0.8,3,10,98
./random_graph_db/graph_db_node_27/11_p0.8/11_graph_n27_p0.8_idx4.gpickle,27,0.8,4,11,101
./random_graph_db/graph_db_node_27/11_p0.8/11_graph_n27_p0.8_idx5.gpickle,27,0.8,5,10,91
./random_graph_db/graph_db_node_27/11_p0.8/11_graph_n27_p0.8_idx6.gpickle,27,0.8,6,9,66
./random_graph_db/graph_db_node_27/11_p0.8/11_graph_n27_p0.8_idx7.gpickle,27,0.8,7,10,90
./random_graph_db/graph_db_node_27/11_p0.8/11_graph_n27_p0.8_idx8.gpickle,27,0.8,8,11,95
./random_graph_db/graph_db_node_27/11_p0.8/11_graph_n27_p0.8_idx9.gpickle,27,0.8,9,10,98
./random_graph_db/graph_db_node_27/12_p0.9/12_graph_n27_p0.9_idx1.gpickle,27,0.9,1,6,38
./random_graph_db/graph_db_node_27/12_p0.9/12_graph_n27_p0.9_idx10.gpickle,27,0.9,10,8,41
./random_graph_db/graph_db_node_27/12_p0.9/12_graph_n27_p0.9_idx2.gpickle,27,0.9,2,8,41
./random_graph_db/graph_db_node_27/12_p0.9/12_graph_n27_p0.9_idx3.gpickle,27,0.9,3,11,72
./random_graph_db/graph_db_node_27/12_p0.9/12_graph_n27_p0.9_idx4.gpickle,27,0.9,4,11,72
./random_graph_db/graph_db_node_27/12_p0.9/12_graph_n27_p0.9_idx5.gpickle,27,0.9,5,7,23
./random_graph_db/graph_db_node_27/12_p0.9/12_graph_n27_p0.9_idx6.gpickle,27,0.9,6,9,36
./random_graph_db/graph_db_node_27/12_p0.9/12_graph_n27_p0.9_idx7.gpickle,27,0.9,7,8,38
./random_graph_db/graph_db_node_27/12_p0.9/12_graph_n27_p0.9_idx8.gpickle,27,0.9,8,7,37
./random_graph_db/graph_db_node_27/12_p0.9/12_graph_n27_p0.9_idx9.gpickle,27,0.9,9,9,47
./random_graph_db/graph_db_node_28/01_p0.1/01_graph_n28_p0.1_idx1.gpickle,28,0.1,1,8,36
./random_graph_db/graph_db_node_28/01_p0.1/01_graph_n28_p0.1_idx10.gpickle,28,0.1,10,8,26
./random_graph_db/graph_db_node_28/01_p0.1/01_graph_n28_p0.1_idx2.gpickle,28,0.1,2,6,15
./random_graph_db/graph_db_node_28/01_p0.1/01_graph_n28_p0.1_idx3.gpickle,28,0.1,3,8,22
./random_graph_db/graph_db_node_28/01_p0.1/01_graph_n28_p0.1_idx4.gpickle,28,0.1,4,6,22
./random_graph_db/graph_db_node_28/01_p0.1/01_graph_n28_p0.1_idx5.gpickle,28,0.1,5,6,17
./random_graph_db/graph_db_node_28/01_p0.1/01_graph_n28_p0.1_idx6.gpickle,28,0.1,6,8,17
./random_graph_db/graph_db_node_28/01_p0.1/01_graph_n28_p0.1_idx7.gpickle,28,0.1,7,8,40
./random_graph_db/graph_db_node_28/01_p0.1/01_graph_n28_p0.1_idx8.gpickle,28,0.1,8,5,13
./random_graph_db/graph_db_node_28/01_p0.1/01_graph_n28_p0.1_idx9.gpickle,28,0.1,9,5,18
./random_graph_db/graph_db_node_28/02_p0.2/02_graph_n28_p0.2_idx1.gpickle,28,0.2,1,10,85
./random_graph_db/graph_db_node_28/02_p0.2/02_graph_n28_p0.2_idx10.gpickle,28,0.2,10,11,93
./random_graph_db/graph_db_node_28/02_p0.2/02_graph_n28_p0.2_idx2.gpickle,28,0.2,2,11,74
./random_graph_db/graph_db_node_28/02_p0.2/02_graph_n28_p0.2_idx3.gpickle,28,0.2,3,10,81
./random_graph_db/graph_db_node_28/02_p0.2/02_graph_n28_p0.2_idx4.gpickle,28,0.2,4,9,57
./random_graph_db/graph_db_node_28/02_p0.2/02_graph_n28_p0.2_idx5.gpickle,28,0.2,5,10,77
./random_graph_db/graph_db_node_28/02_p0.2/02_graph_n28_p0.2_idx6.gpickle,28,0.2,6,10,70
./random_graph_db/graph_db_node_28/02_p0.2/02_graph_n28_p0.2_idx7.gpickle,28,0.2,7,10,67
./random_graph_db/graph_db_node_28/02_p0.2/02_graph_n28_p0.2_idx8.gpickle,28,0.2,8,9,61
./random_graph_db/graph_db_node_28/02_p0.2/02_graph_n28_p0.2_idx9.gpickle,28,0.2,9,11,79
./random_graph_db/graph_db_node_28/03_p0.3/03_graph_n28_p0.3_idx1.gpickle,28,0.3,1,12,112
./random_graph_db/graph_db_node_28/03_p0.3/03_graph_n28_p0.3_idx10.gpickle,28,0.3,10,12,130
./random_graph_db/graph_db_node_28/03_p0.3/03_graph_n28_p0.3_idx2.gpickle,28,0.3,2,12,106
./random_graph_db/graph_db_node_28/03_p0.3/03_graph_n28_p0.3_idx3.gpickle,28,0.3,3,12,129
./random_graph_db/graph_db_node_28/03_p0.3/03_graph_n28_p0.3_idx4.gpickle,28,0.3,4,12,120
./random_graph_db/graph_db_node_28/03_p0.3/03_graph_n28_p0.3_idx5.gpickle,28,0.3,5,11,119
./random_graph_db/graph_db_node_28/03_p0.3/03_graph_n28_p0.3_idx6.gpickle,28,0.3,6,12,120
./random_graph_db/graph_db_node_28/03_p0.3/03_graph_n28_p0.3_idx7.gpickle,28,0.3,7,12,117
./random_graph_db/graph_db_node_28/03_p0.3/03_graph_n28_p0.3_idx8.gpickle,28,0.3,8,12,124
./random_graph_db/graph_db_node_28/03_p0.3/03_graph_n28_p0.3_idx9.gpickle,28,0.3,9,12,134
./random_graph_db/graph_db_node_28/04_p0.4/04_graph_n28_p0.4_idx1.gpickle,28,0.4,1,12,144
./random_graph_db/graph_db_node_28/04_p0.4/04_graph_n28_p0.4_idx10.gpickle,28,0.4,10,13,139
./random_graph_db/graph_db_node_28/04_p0.4/04_graph_n28_p0.4_idx2.gpickle,28,0.4,2,13,157
./random_graph_db/graph_db_node_28/04_p0.4/04_graph_n28_p0.4_idx3.gpickle,28,0.4,3,12,146
./random_graph_db/graph_db_node_28/04_p0.4/04_graph_n28_p0.4_idx4.gpickle,28,0.4,4,12,131
./random_graph_db/graph_db_node_28/04_p0.4/04_graph_n28_p0.4_idx5.gpickle,28,0.4,5,13,175
./random_graph_db/graph_db_node_28/04_p0.4/04_graph_n28_p0.4_idx6.gpickle,28,0.4,6,13,142
./random_graph_db/graph_db_node_28/04_p0.4/04_graph_n28_p0.4_idx7.gpickle,28,0.4,7,13,150
./random_graph_db/graph_db_node_28/04_p0.4/04_graph_n28_p0.4_idx8.gpickle,28,0.4,8,13,131
./random_graph_db/graph_db_node_28/04_p0.4/04_graph_n28_p0.4_idx9.gpickle,28,0.4,9,12,139
./random_graph_db/graph_db_node_28/05_p0.45/05_graph_n28_p0.45_idx1.gpickle,28,0.45,1,13,163
./random_graph_db/graph_db_node_28/05_p0.45/05_graph_n28_p0.45_idx10.gpickle,28,0.45,10,12,152
./random_graph_db/graph_db_node_28/05_p0.45/05_graph_n28_p0.45_idx2.gpickle,28,0.45,2,12,146
./random_graph_db/graph_db_node_28/05_p0.45/05_graph_n28_p0.45_idx3.gpickle,28,0.45,3,12,140
./random_graph_db/graph_db_node_28/05_p0.45/05_graph_n28_p0.45_idx4.gpickle,28,0.45,4,12,142
./random_graph_db/graph_db_node_28/05_p0.45/05_graph_n28_p0.45_idx5.gpickle,28,0.45,5,11,139
./random_graph_db/graph_db_node_28/05_p0.45/05_graph_n28_p0.45_idx6.gpickle,28,0.45,6,13,166
./random_graph_db/graph_db_node_28/05_p0.45/05_graph_n28_p0.45_idx7.gpickle,28,0.45,7,12,152
./random_graph_db/graph_db_node_28/05_p0.45/05_graph_n28_p0.45_idx8.gpickle,28,0.45,8,12,130
./random_graph_db/graph_db_node_28/05_p0.45/05_graph_n28_p0.45_idx9.gpickle,28,0.45,9,12,131
./random_graph_db/graph_db_node_28/06_p0.5/06_graph_n28_p0.5_idx1.gpickle,28,0.5,1,12,135
./random_graph_db/graph_db_node_28/06_p0.5/06_graph_n28_p0.5_idx10.gpickle,28,0.5,10,13,158
./random_graph_db/graph_db_node_28/06_p0.5/06_graph_n28_p0.5_idx2.gpickle,28,0.5,2,12,132
./random_graph_db/graph_db_node_28/06_p0.5/06_graph_n28_p0.5_idx3.gpickle,28,0.5,3,13,159
./random_graph_db/graph_db_node_28/06_p0.5/06_graph_n28_p0.5_idx4.gpickle,28,0.5,4,13,152
./random_graph_db/graph_db_node_28/06_p0.5/06_graph_n28_p0.5_idx5.gpickle,28,0.5,5,13,161
./random_graph_db/graph_db_node_28/06_p0.5/06_graph_n28_p0.5_idx6.gpickle,28,0.5,6,13,169
./random_graph_db/graph_db_node_28/06_p0.5/06_graph_n28_p0.5_idx7.gpickle,28,0.5,7,12,139
./random_graph_db/graph_db_node_28/06_p0.5/06_graph_n28_p0.5_idx8.gpickle,28,0.5,8,13,156
./random_graph_db/graph_db_node_28/06_p0.5/06_graph_n28_p0.5_idx9.gpickle,28,0.5,9,12,140
./random_graph_db/graph_db_node_28/07_p0.55/07_graph_n28_p0.55_idx1.gpickle,28,0.55,1,13,159
./random_graph_db/graph_db_node_28/07_p0.55/07_graph_n28_p0.55_idx10.gpickle,28,0.55,10,13,160
./random_graph_db/graph_db_node_28/07_p0.55/07_graph_n28_p0.55_idx2.gpickle,28,0.55,2,13,152
./random_graph_db/graph_db_node_28/07_p0.55/07_graph_n28_p0.55_idx3.gpickle,28,0.55,3,13,161
./random_graph_db/graph_db_node_28/07_p0.55/07_graph_n28_p0.55_idx4.gpickle,28,0.55,4,13,180
./random_graph_db/graph_db_node_28/07_p0.55/07_graph_n28_p0.55_idx5.gpickle,28,0.55,5,12,133
./random_graph_db/graph_db_node_28/07_p0.55/07_graph_n28_p0.55_idx6.gpickle,28,0.55,6,13,146
./random_graph_db/graph_db_node_28/07_p0.55/07_graph_n28_p0.55_idx7.gpickle,28,0.55,7,12,149
./random_graph_db/graph_db_node_28/07_p0.55/07_graph_n28_p0.55_idx8.gpickle,28,0.55,8,13,146
./random_graph_db/graph_db_node_28/07_p0.55/07_graph_n28_p0.55_idx9.gpickle,28,0.55,9,11,130
./random_graph_db/graph_db_node_28/08_p0.6/08_graph_n28_p0.6_idx1.gpickle,28,0.6,1,13,149
./random_graph_db/graph_db_node_28/08_p0.6/08_graph_n28_p0.6_idx10.gpickle,28,0.6,10,13,148
./random_graph_db/graph_db_node_28/08_p0.6/08_graph_n28_p0.6_idx2.gpickle,28,0.6,2,13,147
./random_graph_db/graph_db_node_28/08_p0.6/08_graph_n28_p0.6_idx3.gpickle,28,0.6,3,12,150
./random_graph_db/graph_db_node_28/08_p0.6/08_graph_n28_p0.6_idx4.gpickle,28,0.6,4,13,137
./random_graph_db/graph_db_node_28/08_p0.6/08_graph_n28_p0.6_idx5.gpickle,28,0.6,5,13,169
./random_graph_db/graph_db_node_28/08_p0.6/08_graph_n28_p0.6_idx6.gpickle,28,0.6,6,12,125
./random_graph_db/graph_db_node_28/08_p0.6/08_graph_n28_p0.6_idx7.gpickle,28,0.6,7,13,144
./random_graph_db/graph_db_node_28/08_p0.6/08_graph_n28_p0.6_idx8.gpickle,28,0.6,8,12,146
./random_graph_db/graph_db_node_28/08_p0.6/08_graph_n28_p0.6_idx9.gpickle,28,0.6,9,13,142
./random_graph_db/graph_db_node_28/09_p0.65/09_graph_n28_p0.65_idx1.gpickle,28,0.65,1,12,126
./random_graph_db/graph_db_node_28/09_p0.65/09_graph_n28_p0.65_idx10.gpickle,28,0.65,10,12,134
./random_graph_db/graph_db_node_28/09_p0.65/09_graph_n28_p0.65_idx2.gpickle,28,0.65,2,13,167
./random_graph_db/graph_db_node_28/09_p0.65/09_graph_n28_p0.65_idx3.gpickle,28,0.65,3,12,149
./random_graph_db/graph_db_node_28/09_p0.65/09_graph_n28_p0.65_idx4.gpickle,28,0.65,4,12,146
./random_graph_db/graph_db_node_28/09_p0.65/09_graph_n28_p0.65_idx5.gpickle,28,0.65,5,12,146
./random_graph_db/graph_db_node_28/09_p0.65/09_graph_n28_p0.65_idx6.gpickle,28,0.65,6,11,143
./random_graph_db/graph_db_node_28/09_p0.65/09_graph_n28_p0.65_idx7.gpickle,28,0.65,7,12,126
./random_graph_db/graph_db_node_28/09_p0.65/09_graph_n28_p0.65_idx8.gpickle,28,0.65,8,13,145
./random_graph_db/graph_db_node_28/09_p0.65/09_graph_n28_p0.65_idx9.gpickle,28,0.65,9,13,158
./random_graph_db/graph_db_node_28/10_p0.7/10_graph_n28_p0.7_idx1.gpickle,28,0.7,1,12,134
./random_graph_db/graph_db_node_28/10_p0.7/10_graph_n28_p0.7_idx10.gpickle,28,0.7,10,12,139
./random_graph_db/graph_db_node_28/10_p0.7/10_graph_n28_p0.7_idx2.gpickle,28,0.7,2,12,138
./random_graph_db/graph_db_node_28/10_p0.7/10_graph_n28_p0.7_idx3.gpickle,28,0.7,3,13,142
./random_graph_db/graph_db_node_28/10_p0.7/10_graph_n28_p0.7_idx4.gpickle,28,0.7,4,12,157
./random_graph_db/graph_db_node_28/10_p0.7/10_graph_n28_p0.7_idx5.gpickle,28,0.7,5,12,131
./random_graph_db/graph_db_node_28/10_p0.7/10_graph_n28_p0.7_idx6.gpickle,28,0.7,6,13,142
./random_graph_db/graph_db_node_28/10_p0.7/10_graph_n28_p0.7_idx7.gpickle,28,0.7,7,13,129
./random_graph_db/graph_db_node_28/10_p0.7/10_graph_n28_p0.7_idx8.gpickle,28,0.7,8,12,144
./random_graph_db/graph_db_node_28/10_p0.7/10_graph_n28_p0.7_idx9.gpickle,28,0.7,9,11,129
./random_graph_db/graph_db_node_28/11_p0.8/11_graph_n28_p0.8_idx1.gpickle,28,0.8,1,11,115
./random_graph_db/graph_db_node_28/11_p0.8/11_graph_n28_p0.8_idx10.gpickle,28,0.8,10,13,123
./random_graph_db/graph_db_node_28/11_p0.8/11_graph_n28_p0.8_idx2.gpickle,28,0.8,2,12,120
./random_graph_db/graph_db_node_28/11_p0.8/11_graph_n28_p0.8_idx3.gpickle,28,0.8,3,12,121
./random_graph_db/graph_db_node_28/11_p0.8/11_graph_n28_p0.8_idx4.gpickle,28,0.8,4,10,100
./random_graph_db/graph_db_node_28/11_p0.8/11_graph_n28_p0.8_idx5.gpickle,28,0.8,5,12,131
./random_graph_db/graph_db_node_28/11_p0.8/11_graph_n28_p0.8_idx6.gpickle,28,0.8,6,11,91
./random_graph_db/graph_db_node_28/11_p0.8/11_graph_n28_p0.8_idx7.gpickle,28,0.8,7,12,109
./random_graph_db/graph_db_node_28/11_p0.8/11_graph_n28_p0.8_idx8.gpickle,28,0.8,8,12,116
./random_graph_db/graph_db_node_28/11_p0.8/11_graph_n28_p0.8_idx9.gpickle,28,0.8,9,11,117
./random_graph_db/graph_db_node_28/12_p0.9/12_graph_n28_p0.9_idx1.gpickle,28,0.9,1,10,39
./random_graph_db/graph_db_node_28/12_p0.9/12_graph_n28_p0.9_idx10.gpickle,28,0.9,10,8,49
./random_graph_db/graph_db_node_28/12_p0.9/12_graph_n28_p0.9_idx2.gpickle,28,0.9,2,8,42
./random_graph_db/graph_db_node_28/12_p0.9/12_graph_n28_p0.9_idx3.gpickle,28,0.9,3,11,90
./random_graph_db/graph_db_node_28/12_p0.9/12_graph_n28_p0.9_idx4.gpickle,28,0.9,4,9,52
./random_graph_db/graph_db_node_28/12_p0.9/12_graph_n28_p0.9_idx5.gpickle,28,0.9,5,7,48
./random_graph_db/graph_db_node_28/12_p0.9/12_graph_n28_p0.9_idx6.gpickle,28,0.9,6,11,35
./random_graph_db/graph_db_node_28/12_p0.9/12_graph_n28_p0.9_idx7.gpickle,28,0.9,7,7,39
./random_graph_db/graph_db_node_28/12_p0.9/12_graph_n28_p0.9_idx8.gpickle,28,0.9,8,10,46
./random_graph_db/graph_db_node_28/12_p0.9/12_graph_n28_p0.9_idx9.gpickle,28,0.9,9,10,56
./random_graph_db/graph_db_node_29/01_p0.1/01_graph_n29_p0.1_idx1.gpickle,29,0.1,1,6,28
./random_graph_db/graph_db_node_29/01_p0.1/01_graph_n29_p0.1_idx10.gpickle,29,0.1,10,10,56
./random_graph_db/graph_db_node_29/01_p0.1/01_graph_n29_p0.1_idx2.gpickle,29,0.1,2,7,19
./random_graph_db/graph_db_node_29/01_p0.1/01_graph_n29_p0.1_idx3.gpickle,29,0.1,3,6,41
./random_graph_db/graph_db_node_29/01_p0.1/01_graph_n29_p0.1_idx4.gpickle,29,0.1,4,5,21
./random_graph_db/graph_db_node_29/01_p0.1/01_graph_n29_p0.1_idx5.gpickle,29,0.1,5,4,16
./random_graph_db/graph_db_node_29/01_p0.1/01_graph_n29_p0.1_idx6.gpickle,29,0.1,6,7,18
./random_graph_db/graph_db_node_29/01_p0.1/01_graph_n29_p0.1_idx7.gpickle,29,0.1,7,6,24
./random_graph_db/graph_db_node_29/01_p0.1/01_graph_n29_p0.1_idx8.gpickle,29,0.1,8,9,29
./random_graph_db/graph_db_node_29/01_p0.1/01_graph_n29_p0.1_idx9.gpickle,29,0.1,9,8,27
./random_graph_db/graph_db_node_29/02_p0.2/02_graph_n29_p0.2_idx1.gpickle,29,0.2,1,11,118
./random_graph_db/graph_db_node_29/02_p0.2/02_graph_n29_p0.2_idx10.gpickle,29,0.2,10,12,92
./random_graph_db/graph_db_node_29/02_p0.2/02_graph_n29_p0.2_idx2.gpickle,29,0.2,2,10,92
./random_graph_db/graph_db_node_29/02_p0.2/02_graph_n29_p0.2_idx3.gpickle,29,0.2,3,11,134
./random_graph_db/graph_db_node_29/02_p0.2/02_graph_n29_p0.2_idx4.gpickle,29,0.2,4,9,72
./random_graph_db/graph_db_node_29/02_p0.2/02_graph_n29_p0.2_idx5.gpickle,29,0.2,5,10,60
./random_graph_db/graph_db_node_29/02_p0.2/02_graph_n29_p0.2_idx6.gpickle,29,0.2,6,11,104
./random_graph_db/graph_db_node_29/02_p0.2/02_graph_n29_p0.2_idx7.gpickle,29,0.2,7,10,78
./random_graph_db/graph_db_node_29/02_p0.2/02_graph_n29_p0.2_idx8.gpickle,29,0.2,8,10,67
./random_graph_db/graph_db_node_29/02_p0.2/02_graph_n29_p0.2_idx9.gpickle,29,0.2,9,12,69
./random_graph_db/graph_db_node_29/03_p0.3/03_graph_n29_p0.3_idx1.gpickle,29,0.3,1,12,135
./random_graph_db/graph_db_node_29/03_p0.3/03_graph_n29_p0.3_idx10.gpickle,29,0.3,10,12,138
./random_graph_db/graph_db_node_29/03_p0.3/03_graph_n29_p0.3_idx2.gpickle,29,0.3,2,13,146
./random_graph_db/graph_db_node_29/03_p0.3/03_graph_n29_p0.3_idx3.gpickle,29,0.3,3,12,142
./random_graph_db/graph_db_node_29/03_p0.3/03_graph_n29_p0.3_idx4.gpickle,29,0.3,4,11,133
./random_graph_db/graph_db_node_29/03_p0.3/03_graph_n29_p0.3_idx5.gpickle,29,0.3,5,13,110
./random_graph_db/graph_db_node_29/03_p0.3/03_graph_n29_p0.3_idx6.gpickle,29,0.3,6,12,129
./random_graph_db/graph_db_node_29/03_p0.3/03_graph_n29_p0.3_idx7.gpickle,29,0.3,7,12,124
./random_graph_db/graph_db_node_29/03_p0.3/03_graph_n29_p0.3_idx8.gpickle,29,0.3,8,12,120
./random_graph_db/graph_db_node_29/03_p0.3/03_graph_n29_p0.3_idx9.gpickle,29,0.3,9,13,149
./random_graph_db/graph_db_node_29/04_p0.4/04_graph_n29_p0.4_idx1.gpickle,29,0.4,1,14,160
./random_graph_db/graph_db_node_29/04_p0.4/04_graph_n29_p0.4_idx10.gpickle,29,0.4,10,13,148
./random_graph_db/graph_db_node_29/04_p0.4/04_graph_n29_p0.4_idx2.gpickle,29,0.4,2,13,158
./random_graph_db/graph_db_node_29/04_p0.4/04_graph_n29_p0.4_idx3.gpickle,29,0.4,3,13,151
./random_graph_db/graph_db_node_29/04_p0.4/04_graph_n29_p0.4_idx4.gpickle,29,0.4,4,13,152
./random_graph_db/graph_db_node_29/04_p0.4/04_graph_n29_p0.4_idx5.gpickle,29,0.4,5,13,162
./random_graph_db/graph_db_node_29/04_p0.4/04_graph_n29_p0.4_idx6.gpickle,29,0.4,6,13,170
./random_graph_db/graph_db_node_29/04_p0.4/04_graph_n29_p0.4_idx7.gpickle,29,0.4,7,12,153
./random_graph_db/graph_db_node_29/04_p0.4/04_graph_n29_p0.4_idx8.gpickle,29,0.4,8,12,144
./random_graph_db/graph_db_node_29/04_p0.4/04_graph_n29_p0.4_idx9.gpickle,29,0.4,9,14,161
./random_graph_db/graph_db_node_29/05_p0.45/05_graph_n29_p0.45_idx1.gpickle,29,0.45,1,14,170
./random_graph_db/graph_db_node_29/05_p0.45/05_graph_n29_p0.45_idx10.gpickle,29,0.45,10,12,150
./random_graph_db/graph_db_node_29/05_p0.45/05_graph_n29_p0.45_idx2.gpickle,29,0.45,2,13,148
./random_graph_db/graph_db_node_29/05_p0.45/05_graph_n29_p0.45_idx3.gpickle,29,0.45,3,14,169
./random_graph_db/graph_db_node_29/05_p0.45/05_graph_n29_p0.45_idx4.gpickle,29,0.45,4,13,152
./random_graph_db/graph_db_node_29/05_p0.45/05_graph_n29_p0.45_idx5.gpickle,29,0.45,5,13,159
./random_graph_db/graph_db_node_29/05_p0.45/05_graph_n29_p0.45_idx6.gpickle,29,0.45,6,13,147
./random_graph_db/graph_db_node_29/05_p0.45/05_graph_n29_p0.45_idx7.gpickle,29,0.45,7,13,145
./random_graph_db/graph_db_node_29/05_p0.45/05_graph_n29_p0.45_idx8.gpickle,29,0.45,8,13,179
./random_graph_db/graph_db_node_29/05_p0.45/05_graph_n29_p0.45_idx9.gpickle,29,0.45,9,12,137
./random_graph_db/graph_db_node_29/06_p0.5/06_graph_n29_p0.5_idx1.gpickle,29,0.5,1,13,151
./random_graph_db/graph_db_node_29/06_p0.5/06_graph_n29_p0.5_idx10.gpickle,29,0.5,10,14,179
./random_graph_db/graph_db_node_29/06_p0.5/06_graph_n29_p0.5_idx2.gpickle,29,0.5,2,13,163
./random_graph_db/graph_db_node_29/06_p0.5/06_graph_n29_p0.5_idx3.gpickle,29,0.5,3,14,168
./random_graph_db/graph_db_node_29/06_p0.5/06_graph_n29_p0.5_idx4.gpickle,29,0.5,4,13,160
./random_graph_db/graph_db_node_29/06_p0.5/06_graph_n29_p0.5_idx5.gpickle,29,0.5,5,13,151
./random_graph_db/graph_db_node_29/06_p0.5/06_graph_n29_p0.5_idx6.gpickle,29,0.5,6,13,161
./random_graph_db/graph_db_node_29/06_p0.5/06_graph_n29_p0.5_idx7.gpickle,29,0.5,7,14,164
./random_graph_db/graph_db_node_29/06_p0.5/06_graph_n29_p0.5_idx8.gpickle,29,0.5,8,12,162
./random_graph_db/graph_db_node_29/06_p0.5/06_graph_n29_p0.5_idx9.gpickle,29,0.5,9,13,186
./random_graph_db/graph_db_node_29/07_p0.55/07_graph_n29_p0.55_idx1.gpickle,29,0.55,1,12,146
./random_graph_db/graph_db_node_29/07_p0.55/07_graph_n29_p0.55_idx10.gpickle,29,0.55,10,13,169
./random_graph_db/graph_db_node_29/07_p0.55/07_graph_n29_p0.55_idx2.gpickle,29,0.55,2,12,150
./random_graph_db/graph_db_node_29/07_p0.55/07_graph_n29_p0.55_idx3.gpickle,29,0.55,3,13,166
./random_graph_db/graph_db_node_29/07_p0.55/07_graph_n29_p0.55_idx4.gpickle,29,0.55,4,13,162
./random_graph_db/graph_db_node_29/07_p0.55/07_graph_n29_p0.55_idx5.gpickle,29,0.55,5,13,169
./random_graph_db/graph_db_node_29/07_p0.55/07_graph_n29_p0.55_idx6.gpickle,29,0.55,6,12,169
./random_graph_db/graph_db_node_29/07_p0.55/07_graph_n29_p0.55_idx7.gpickle,29,0.55,7,14,153
./random_graph_db/graph_db_node_29/07_p0.55/07_graph_n29_p0.55_idx8.gpickle,29,0.55,8,13,167
./random_graph_db/graph_db_node_29/07_p0.55/07_graph_n29_p0.55_idx9.gpickle,29,0.55,9,13,165
./random_graph_db/graph_db_node_29/08_p0.6/08_graph_n29_p0.6_idx1.gpickle,29,0.6,1,13,167
./random_graph_db/graph_db_node_29/08_p0.6/08_graph_n29_p0.6_idx10.gpickle,29,0.6,10,14,157
./random_graph_db/graph_db_node_29/08_p0.6/08_graph_n29_p0.6_idx2.gpickle,29,0.6,2,13,154
./random_graph_db/graph_db_node_29/08_p0.6/08_graph_n29_p0.6_idx3.gpickle,29,0.6,3,13,146
./random_graph_db/graph_db_node_29/08_p0.6/08_graph_n29_p0.6_idx4.gpickle,29,0.6,4,14,177
./random_graph_db/graph_db_node_29/08_p0.6/08_graph_n29_p0.6_idx5.gpickle,29,0.6,5,14,164
./random_graph_db/graph_db_node_29/08_p0.6/08_graph_n29_p0.6_idx6.gpickle,29,0.6,6,13,161
./random_graph_db/graph_db_node_29/08_p0.6/08_graph_n29_p0.6_idx7.gpickle,29,0.6,7,14,177
./random_graph_db/graph_db_node_29/08_p0.6/08_graph_n29_p0.6_idx8.gpickle,29,0.6,8,13,174
./random_graph_db/graph_db_node_29/08_p0.6/08_graph_n29_p0.6_idx9.gpickle,29,0.6,9,13,159
./random_graph_db/graph_db_node_29/09_p0.65/09_graph_n29_p0.65_idx1.gpickle,29,0.65,1,13,144
./random_graph_db/graph_db_node_29/09_p0.65/09_graph_n29_p0.65_idx10.gpickle,29,0.65,10,13,161
./random_graph_db/graph_db_node_29/09_p0.65/09_graph_n29_p0.65_idx2.gpickle,29,0.65,2,13,161
./random_graph_db/graph_db_node_29/09_p0.65/09_graph_n29_p0.65_idx3.gpickle,29,0.65,3,13,172
./random_graph_db/graph_db_node_29/09_p0.65/09_graph_n29_p0.65_idx4.gpickle,29,0.65,4,13,136
./random_graph_db/graph_db_node_29/09_p0.65/09_graph_n29_p0.65_idx5.gpickle,29,0.65,5,12,150
./random_graph_db/graph_db_node_29/09_p0.65/09_graph_n29_p0.65_idx6.gpickle,29,0.65,6,13,155
./random_graph_db/graph_db_node_29/09_p0.65/09_graph_n29_p0.65_idx7.gpickle,29,0.65,7,13,137
./random_graph_db/graph_db_node_29/09_p0.65/09_graph_n29_p0.65_idx8.gpickle,29,0.65,8,13,169
./random_graph_db/graph_db_node_29/09_p0.65/09_graph_n29_p0.65_idx9.gpickle,29,0.65,9,12,142
./random_graph_db/graph_db_node_29/10_p0.7/10_graph_n29_p0.7_idx1.gpickle,29,0.7,1,13,160
./random_graph_db/graph_db_node_29/10_p0.7/10_graph_n29_p0.7_idx10.gpickle,29,0.7,10,13,149
./random_graph_db/graph_db_node_29/10_p0.7/10_graph_n29_p0.7_idx2.gpickle,29,0.7,2,12,129
./random_graph_db/graph_db_node_29/10_p0.7/10_graph_n29_p0.7_idx3.gpickle,29,0.7,3,13,153
./random_graph_db/graph_db_node_29/10_p0.7/10_graph_n29_p0.7_idx4.gpickle,29,0.7,4,12,156
./random_graph_db/graph_db_node_29/10_p0.7/10_graph_n29_p0.7_idx5.gpickle,29,0.7,5,13,186
./random_graph_db/graph_db_node_29/10_p0.7/10_graph_n29_p0.7_idx6.gpickle,29,0.7,6,13,171
./random_graph_db/graph_db_node_29/10_p0.7/10_graph_n29_p0.7_idx7.gpickle,29,0.7,7,13,158
./random_graph_db/graph_db_node_29/10_p0.7/10_graph_n29_p0.7_idx8.gpickle,29,0.7,8,13,151
./random_graph_db/graph_db_node_29/10_p0.7/10_graph_n29_p0.7_idx9.gpickle,29,0.7,9,13,150
./random_graph_db/graph_db_node_29/11_p0.8/11_graph_n29_p0.8_idx1.gpickle,29,0.8,1,12,121
./random_graph_db/graph_db_node_29/11_p0.8/11_graph_n29_p0.8_idx10.gpickle,29,0.8,10,13,149
./random_graph_db/graph_db_node_29/11_p0.8/11_graph_n29_p0.8_idx2.gpickle,29,0.8,2,12,131
./random_graph_db/graph_db_node_29/11_p0.8/11_graph_n29_p0.8_idx3.gpickle,29,0.8,3,12,117
./random_graph_db/graph_db_node_29/11_p0.8/11_graph_n29_p0.8_idx4.gpickle,29,0.8,4,12,108
./random_graph_db/graph_db_node_29/11_p0.8/11_graph_n29_p0.8_idx5.gpickle,29,0.8,5,13,97
./random_graph_db/graph_db_node_29/11_p0.8/11_graph_n29_p0.8_idx6.gpickle,29,0.8,6,12,111
./random_graph_db/graph_db_node_29/11_p0.8/11_graph_n29_p0.8_idx7.gpickle,29,0.8,7,13,139
./random_graph_db/graph_db_node_29/11_p0.8/11_graph_n29_p0.8_idx8.gpickle,29,0.8,8,12,111
./random_graph_db/graph_db_node_29/11_p0.8/11_graph_n29_p0.8_idx9.gpickle,29,0.8,9,11,127
./random_graph_db/graph_db_node_29/12_p0.9/12_graph_n29_p0.9_idx1.gpickle,29,0.9,1,12,51
./random_graph_db/graph_db_node_29/12_p0.9/12_graph_n29_p0.9_idx10.gpickle,29,0.9,10,9,45
./random_graph_db/graph_db_node_29/12_p0.9/12_graph_n29_p0.9_idx2.gpickle,29,0.9,2,10,66
./random_graph_db/graph_db_node_29/12_p0.9/12_graph_n29_p0.9_idx3.gpickle,29,0.9,3,11,99
./random_graph_db/graph_db_node_29/12_p0.9/12_graph_n29_p0.9_idx4.gpickle,29,0.9,4,9,48
./random_graph_db/graph_db_node_29/12_p0.9/12_graph_n29_p0.9_idx5.gpickle,29,0.9,5,10,32
./random_graph_db/graph_db_node_29/12_p0.9/12_graph_n29_p0.9_idx6.gpickle,29,0.9,6,8,33
./random_graph_db/graph_db_node_29/12_p0.9/12_graph_n29_p0.9_idx7.gpickle,29,0.9,7,11,40
./random_graph_db/graph_db_node_29/12_p0.9/12_graph_n29_p0.9_idx8.gpickle,29,0.9,8,11,49
./random_graph_db/graph_db_node_29/12_p0.9/12_graph_n29_p0.9_idx9.gpickle,29,0.9,9,10,66
./random_graph_db/graph_db_node_30/01_p0.1/01_graph_n30_p0.1_idx1.gpickle,30,0.1,1,5,22
./random_graph_db/graph_db_node_30/01_p0.1/01_graph_n30_p0.1_idx10.gpickle,30,0.1,10,7,35
./random_graph_db/graph_db_node_30/01_p0.1/01_graph_n30_p0.1_idx2.gpickle,30,0.1,2,8,28
./random_graph_db/graph_db_node_30/01_p0.1/01_graph_n30_p0.1_idx3.gpickle,30,0.1,3,7,34
./random_graph_db/graph_db_node_30/01_p0.1/01_graph_n30_p0.1_idx4.gpickle,30,0.1,4,7,29
./random_graph_db/graph_db_node_30/01_p0.1/01_graph_n30_p0.1_idx5.gpickle,30,0.1,5,8,33
./random_graph_db/graph_db_node_30/01_p0.1/01_graph_n30_p0.1_idx6.gpickle,30,0.1,6,7,35
./random_graph_db/graph_db_node_30/01_p0.1/01_graph_n30_p0.1_idx7.gpickle,30,0.1,7,5,22
./random_graph_db/graph_db_node_30/01_p0.1/01_graph_n30_p0.1_idx8.gpickle,30,0.1,8,8,28
./random_graph_db/graph_db_node_30/01_p0.1/01_graph_n30_p0.1_idx9.gpickle,30,0.1,9,9,37
./random_graph_db/graph_db_node_30/02_p0.2/02_graph_n30_p0.2_idx1.gpickle,30,0.2,1,11,95
./random_graph_db/graph_db_node_30/02_p0.2/02_graph_n30_p0.2_idx10.gpickle,30,0.2,10,11,75
./random_graph_db/graph_db_node_30/02_p0.2/02_graph_n30_p0.2_idx2.gpickle,30,0.2,2,12,117
./random_graph_db/graph_db_node_30/02_p0.2/02_graph_n30_p0.2_idx3.gpickle,30,0.2,3,11,101
./random_graph_db/graph_db_node_30/02_p0.2/02_graph_n30_p0.2_idx4.gpickle,30,0.2,4,11,87
./random_graph_db/graph_db_node_30/02_p0.2/02_graph_n30_p0.2_idx5.gpickle,30,0.2,5,10,54
./random_graph_db/graph_db_node_30/02_p0.2/02_graph_n30_p0.2_idx6.gpickle,30,0.2,6,12,87
./random_graph_db/graph_db_node_30/02_p0.2/02_graph_n30_p0.2_idx7.gpickle,30,0.2,7,11,85
./random_graph_db/graph_db_node_30/02_p0.2/02_graph_n30_p0.2_idx8.gpickle,30,0.2,8,11,74
./random_graph_db/graph_db_node_30/02_p0.2/02_graph_n30_p0.2_idx9.gpickle,30,0.2,9,12,100
./random_graph_db/graph_db_node_30/03_p0.3/03_graph_n30_p0.3_idx1.gpickle,30,0.3,1,14,160
./random_graph_db/graph_db_node_30/03_p0.3/03_graph_n30_p0.3_idx10.gpickle,30,0.3,10,13,149
./random_graph_db/graph_db_node_30/03_p0.3/03_graph_n30_p0.3_idx2.gpickle,30,0.3,2,13,140
./random_graph_db/graph_db_node_30/03_p0.3/03_graph_n30_p0.3_idx3.gpickle,30,0.3,3,12,147
./random_graph_db/graph_db_node_30/03_p0.3/03_graph_n30_p0.3_idx4.gpickle,30,0.3,4,12,114
./random_graph_db/graph_db_node_30/03_p0.3/03_graph_n30_p0.3_idx5.gpickle,30,0.3,5,13,134
./random_graph_db/graph_db_node_30/03_p0.3/03_graph_n30_p0.3_idx6.gpickle,30,0.3,6,12,137
./random_graph_db/graph_db_node_30/03_p0.3/03_graph_n30_p0.3_idx7.gpickle,30,0.3,7,13,126
./random_graph_db/graph_db_node_30/03_p0.3/03_graph_n30_p0.3_idx8.gpickle,30,0.3,8,12,115
./random_graph_db/graph_db_node_30/03_p0.3/03_graph_n30_p0.3_idx9.gpickle,30,0.3,9,13,159
./random_graph_db/graph_db_node_30/04_p0.4/04_graph_n30_p0.4_idx1.gpickle,30,0.4,1,13,168
./random_graph_db/graph_db_node_30/04_p0.4/04_graph_n30_p0.4_idx10.gpickle,30,0.4,10,14,176
./random_graph_db/graph_db_node_30/04_p0.4/04_graph_n30_p0.4_idx2.gpickle,30,0.4,2,14,170
./random_graph_db/graph_db_node_30/04_p0.4/04_graph_n30_p0.4_idx3.gpickle,30,0.4,3,13,187
./random_graph_db/graph_db_node_30/04_p0.4/04_graph_n30_p0.4_idx4.gpickle,30,0.4,4,14,174
./random_graph_db/graph_db_node_30/04_p0.4/04_graph_n30_p0.4_idx5.gpickle,30,0.4,5,13,161
./random_graph_db/graph_db_node_30/04_p0.4/04_graph_n30_p0.4_idx6.gpickle,30,0.4,6,12,154
./random_graph_db/graph_db_node_30/04_p0.4/04_graph_n30_p0.4_idx7.gpickle,30,0.4,7,14,173
./random_graph_db/graph_db_node_30/04_p0.4/04_graph_n30_p0.4_idx8.gpickle,30,0.4,8,13,167
./random_graph_db/graph_db_node_30/04_p0.4/04_graph_n30_p0.4_idx9.gpickle,30,0.4,9,13,178
./random_graph_db/graph_db_node_30/05_p0.45/05_graph_n30_p0.45_idx1.gpickle,30,0.45,1,14,157
./random_graph_db/graph_db_node_30/05_p0.45/05_graph_n30_p0.45_idx10.gpickle,30,0.45,10,12,159
./random_graph_db/graph_db_node_30/05_p0.45/05_graph_n30_p0.45_idx2.gpickle,30,0.45,2,14,180
./random_graph_db/graph_db_node_30/05_p0.45/05_graph_n30_p0.45_idx3.gpickle,30,0.45,3,14,187
./random_graph_db/graph_db_node_30/05_p0.45/05_graph_n30_p0.45_idx4.gpickle,30,0.45,4,13,156
./random_graph_db/graph_db_node_30/05_p0.45/05_graph_n30_p0.45_idx5.gpickle,30,0.45,5,13,177
./random_graph_db/graph_db_node_30/05_p0.45/05_graph_n30_p0.45_idx6.gpickle,30,0.45,6,14,162
./random_graph_db/graph_db_node_30/05_p0.45/05_graph_n30_p0.45_idx7.gpickle,30,0.45,7,14,175
./random_graph_db/graph_db_node_30/05_p0.45/05_graph_n30_p0.45_idx8.gpickle,30,0.45,8,14,198
./random_graph_db/graph_db_node_30/05_p0.45/05_graph_n30_p0.45_idx9.gpickle,30,0.45,9,13,171
./random_graph_db/graph_db_node_30/06_p0.5/06_graph_n30_p0.5_idx1.gpickle,30,0.5,1,14,198
./random_graph_db/graph_db_node_30/06_p0.5/06_graph_n30_p0.5_idx10.gpickle,30,0.5,10,13,166
./random_graph_db/graph_db_node_30/06_p0.5/06_graph_n30_p0.5_idx2.gpickle,30,0.5,2,13,168
./random_graph_db/graph_db_node_30/06_p0.5/06_graph_n30_p0.5_idx3.gpickle,30,0.5,3,13,186
./random_graph_db/graph_db_node_30/06_p0.5/06_graph_n30_p0.5_idx4.gpickle,30,0.5,4,14,189
./random_graph_db/graph_db_node_30/06_p0.5/06_graph_n30_p0.5_idx5.gpickle,30,0.5,5,13,163
./random_graph_db/graph_db_node_30/06_p0.5/06_graph_n30_p0.5_idx6.gpickle,30,0.5,6,14,187
./random_graph_db/graph_db_node_30/06_p0.5/06_graph_n30_p0.5_idx7.gpickle,30,0.5,7,13,175
./random_graph_db/graph_db_node_30/06_p0.5/06_graph_n30_p0.5_idx8.gpickle,30,0.5,8,14,184
./random_graph_db/graph_db_node_30/06_p0.5/06_graph_n30_p0.5_idx9.gpickle,30,0.5,9,13,178
./random_graph_db/graph_db_node_30/07_p0.55/07_graph_n30_p0.55_idx1.gpickle,30,0.55,1,14,178
./random_graph_db/graph_db_node_30/07_p0.55/07_graph_n30_p0.55_idx10.gpickle,30,0.55,10,13,182
./random_graph_db/graph_db_node_30/07_p0.55/07_graph_n30_p0.55_idx2.gpickle,30,0.55,2,13,169
./random_graph_db/graph_db_node_30/07_p0.55/07_graph_n30_p0.55_idx3.gpickle,30,0.55,3,14,185
./random_graph_db/graph_db_node_30/07_p0.55/07_graph_n30_p0.55_idx4.gpickle,30,0.55,4,13,173
./random_graph_db/graph_db_node_30/07_p0.55/07_graph_n30_p0.55_idx5.gpickle,30,0.55,5,13,185
./random_graph_db/graph_db_node_30/07_p0.55/07_graph_n30_p0.55_idx6.gpickle,30,0.55,6,14,178
./random_graph_db/graph_db_node_30/07_p0.55/07_graph_n30_p0.55_idx7.gpickle,30,0.55,7,13,181
./random_graph_db/graph_db_node_30/07_p0.55/07_graph_n30_p0.55_idx8.gpickle,30,0.55,8,14,170
./random_graph_db/graph_db_node_30/07_p0.55/07_graph_n30_p0.55_idx9.gpickle,30,0.55,9,14,153
./random_graph_db/graph_db_node_30/08_p0.6/08_graph_n30_p0.6_idx1.gpickle,30,0.6,1,14,205
./random_graph_db/graph_db_node_30/08_p0.6/08_graph_n30_p0.6_idx10.gpickle,30,0.6,10,14,185
./random_graph_db/graph_db_node_30/08_p0.6/08_graph_n30_p0.6_idx2.gpickle,30,0.6,2,13,173
./random_graph_db/graph_db_node_30/08_p0.6/08_graph_n30_p0.6_idx3.gpickle,30,0.6,3,13,183
./random_graph_db/graph_db_node_30/08_p0.6/08_graph_n30_p0.6_idx4.gpickle,30,0.6,4,13,174
./random_graph_db/graph_db_node_30/08_p0.6/08_graph_n30_p0.6_idx5.gpickle,30,0.6,5,14,187
./random_graph_db/graph_db_node_30/08_p0.6/08_graph_n30_p0.6_idx6.gpickle,30,0.6,6,14,175
./random_graph_db/graph_db_node_30/08_p0.6/08_graph_n30_p0.6_idx7.gpickle,30,0.6,7,13,165
./random_graph_db/graph_db_node_30/08_p0.6/08_graph_n30_p0.6_idx8.gpickle,30,0.6,8,14,179
./random_graph_db/graph_db_node_30/08_p0.6/08_graph_n30_p0.6_idx9.gpickle,30,0.6,9,14,159
./random_graph_db/graph_db_node_30/09_p0.65/09_graph_n30_p0.65_idx1.gpickle,30,0.65,1,13,162
./random_graph_db/graph_db_node_30/09_p0.65/09_graph_n30_p0.65_idx10.gpickle,30,0.65,10,13,175
./random_graph_db/graph_db_node_30/09_p0.65/09_graph_n30_p0.65_idx2.gpickle,30,0.65,2,14,182
./random_graph_db/graph_db_node_30/09_p0.65/09_graph_n30_p0.65_idx3.gpickle,30,0.65,3,13,188
./random_graph_db/graph_db_node_30/09_p0.65/09_graph_n30_p0.65_idx4.gpickle,30,0.65,4,14,182
./random_graph_db/graph_db_node_30/09_p0.65/09_graph_n30_p0.65_idx5.gpickle,30,0.65,5,13,162
./random_graph_db/graph_db_node_30/09_p0.65/09_graph_n30_p0.65_idx6.gpickle,30,0.65,6,14,166
./random_graph_db/graph_db_node_30/09_p0.65/09_graph_n30_p0.65_idx7.gpickle,30,0.65,7,13,154
./random_graph_db/graph_db_node_30/09_p0.65/09_graph_n30_p0.65_idx8.gpickle,30,0.65,8,14,169
./random_graph_db/graph_db_node_30/09_p0.65/09_graph_n30_p0.65_idx9.gpickle,30,0.65,9,13,173
./random_graph_db/graph_db_node_30/10_p0.7/10_graph_n30_p0.7_idx1.gpickle,30,0.7,1,13,154
./random_graph_db/graph_db_node_30/10_p0.7/10_graph_n30_p0.7_idx10.gpickle,30,0.7,10,14,180
./random_graph_db/graph_db_node_30/10_p0.7/10_graph_n30_p0.7_idx2.gpickle,30,0.7,2,13,150
./random_graph_db/graph_db_node_30/10_p0.7/10_graph_n30_p0.7_idx3.gpickle,30,0.7,3,13,173
./random_graph_db/graph_db_node_30/10_p0.7/10_graph_n30_p0.7_idx4.gpickle,30,0.7,4,14,178
./random_graph_db/graph_db_node_30/10_p0.7/10_graph_n30_p0.7_idx5.gpickle,30,0.7,5,14,171
./random_graph_db/graph_db_node_30/10_p0.7/10_graph_n30_p0.7_idx6.gpickle,30,0.7,6,13,162
./random_graph_db/graph_db_node_30/10_p0.7/10_graph_n30_p0.7_idx7.gpickle,30,0.7,7,13,153
./random_graph_db/graph_db_node_30/10_p0.7/10_graph_n30_p0.7_idx8.gpickle,30,0.7,8,13,173
./random_graph_db/graph_db_node_30/10_p0.7/10_graph_n30_p0.7_idx9.gpickle,30,0.7,9,13,159
./random_graph_db/graph_db_node_30/11_p0.8/11_graph_n30_p0.8_idx1.gpickle,30,0.8,1,13,119
./random_graph_db/graph_db_node_30/11_p0.8/11_graph_n30_p0.8_idx10.gpickle,30,0.8,10,13,158
./random_graph_db/graph_db_node_30/11_p0.8/11_graph_n30_p0.8_idx2.gpickle,30,0.8,2,13,125
./random_graph_db/graph_db_node_30/11_p0.8/11_graph_n30_p0.8_idx3.gpickle,30,0.8,3,12,101
./random_graph_db/graph_db_node_30/11_p0.8/11_graph_n30_p0.8_idx4.gpickle,30,0.8,4,14,167
./random_graph_db/graph_db_node_30/11_p0.8/11_graph_n30_p0.8_idx5.gpickle,30,0.8,5,12,95
./random_graph_db/graph_db_node_30/11_p0.8/11_graph_n30_p0.8_idx6.gpickle,30,0.8,6,13,117
./random_graph_db/graph_db_node_30/11_p0.8/11_graph_n30_p0.8_idx7.gpickle,30,0.8,7,12,131
./random_graph_db/graph_db_node_30/11_p0.8/11_graph_n30_p0.8_idx8.gpickle,30,0.8,8,12,127
./random_graph_db/graph_db_node_30/11_p0.8/11_graph_n30_p0.8_idx9.gpickle,30,0.8,9,12,143
./random_graph_db/graph_db_node_30/12_p0.9/12_graph_n30_p0.9_idx1.gpickle,30,0.9,1,8,59
./random_graph_db/graph_db_node_30/12_p0.9/12_graph_n30_p0.9_idx10.gpickle,30,0.9,10,13,72
./random_graph_db/graph_db_node_30/12_p0.9/12_graph_n30_p0.9_idx2.gpickle,30,0.9,2,10,54
./random_graph_db/graph_db_node_30/12_p0.9/12_graph_n30_p0.9_idx3.gpickle,30,0.9,3,11,73
./random_graph_db/graph_db_node_30/12_p0.9/12_graph_n30_p0.9_idx4.gpickle,30,0.9,4,11,68
./random_graph_db/graph_db_node_30/12_p0.9/12_graph_n30_p0.9_idx5.gpickle,30,0.9,5,9,47
./random_graph_db/graph_db_node_30/12_p0.9/12_graph_n30_p0.9_idx6.gpickle,30,0.9,6,10,56
./random_graph_db/graph_db_node_30/12_p0.9/12_graph_n30_p0.9_idx7.gpickle,30,0.9,7,10,37
./random_graph_db/graph_db_node_30/12_p0.9/12_graph_n30_p0.9_idx8.gpickle,30,0.9,8,10,68
./random_graph_db/graph_db_node_30/12_p0.9/12_graph_n30_p0.9_idx9.gpickle,30,0.9,9,10,58
./random_graph_db/graph_db_node_6/01_p0.1/01_graph_n6_p0.1_idx1.gpickle,6,0.1,1,1,0
./random_graph_db/graph_db_node_6/01_p0.1/01_graph_n6_p0.1_idx10.gpickle,6,0.1,10,1,0
./random_graph_db/graph_db_node_6/01_p0.1/01_graph_n6_p0.1_idx2.gpickle,6,0.1,2,1,0
./random_graph_db/graph_db_node_6/01_p0.1/01_graph_n6_p0.1_idx3.gpickle,6,0.1,3,1,0
./random_graph_db/graph_db_node_6/01_p0.1/01_graph_n6_p0.1_idx4.gpickle,6,0.1,4,1,0
./random_graph_db/graph_db_node_6/01_p0.1/01_graph_n6_p0.1_idx5.gpickle,6,0.1,5,1,0
./random_graph_db/graph_db_node_6/01_p0.1/01_graph_n6_p0.1_idx6.gpickle,6,0.1,6,1,0
./random_graph_db/graph_db_node_6/01_p0.1/01_graph_n6_p0.1_idx7.gpickle,6,0.1,7,1,0
./random_graph_db/graph_db_node_6/01_p0.1/01_graph_n6_p0.1_idx8.gpickle,6,0.1,8,1,0
./random_graph_db/graph_db_node_6/01_p0.1/01_graph_n6_p0.1_idx9.gpickle,6,0.1,9,2,2
./random_graph_db/graph_db_node_6/02_p0.2/02_graph_n6_p0.2_idx1.gpickle,6,0.2,1,1,0
./random_graph_db/graph_db_node_6/02_p0.2/02_graph_n6_p0.2_idx10.gpickle,6,0.2,10,1,0
./random_graph_db/graph_db_node_6/02_p0.2/02_graph_n6_p0.2_idx2.gpickle,6,0.2,2,2,2
./random_graph_db/graph_db_node_6/02_p0.2/02_graph_n6_p0.2_idx3.gpickle,6,0.2,3,2,2
./random_graph_db/graph_db_node_6/02_p0.2/02_graph_n6_p0.2_idx4.gpickle,6,0.2,4,2,2
./random_graph_db/graph_db_node_6/02_p0.2/02_graph_n6_p0.2_idx5.gpickle,6,0.2,5,2,2
./random_graph_db/graph_db_node_6/02_p0.2/02_graph_n6_p0.2_idx6.gpickle,6,0.2,6,1,0
./random_graph_db/graph_db_node_6/02_p0.2/02_graph_n6_p0.2_idx7.gpickle,6,0.2,7,1,0
./random_graph_db/graph_db_node_6/02_p0.2/02_graph_n6_p0.2_idx8.gpickle,6,0.2,8,1,0
./random_graph_db/graph_db_node_6/02_p0.2/02_graph_n6_p0.2_idx9.gpickle,6,0.2,9,1,0
./random_graph_db/graph_db_node_6/03_p0.3/03_graph_n6_p0.3_idx1.gpickle,6,0.3,1,1,0
./random_graph_db/graph_db_node_6/03_p0.3/03_graph_n6_p0.3_idx10.gpickle,6,0.3,10,2,2
./random_graph_db/graph_db_node_6/03_p0.3/03_graph_n6_p0.3_idx2.gpickle,6,0.3,2,2,2
./random_graph_db/graph_db_node_6/03_p0.3/03_graph_n6_p0.3_idx3.gpickle,6,0.3,3,1,0
./random_graph_db/graph_db_node_6/03_p0.3/03_graph_n6_p0.3_idx4.gpickle,6,0.3,4,2,2
./random_graph_db/graph_db_node_6/03_p0.3/03_graph_n6_p0.3_idx5.gpickle,6,0.3,5,1,0
./random_graph_db/graph_db_node_6/03_p0.3/03_graph_n6_p0.3_idx6.gpickle,6,0.3,6,1,0
./random_graph_db/graph_db_node_6/03_p0.3/03_graph_n6_p0.3_idx7.gpickle,6,0.3,7,2,2
./random_graph_db/graph_db_node_6/03_p0.3/03_graph_n6_p0.3_idx8.gpickle,6,0.3,8,1,0
./random_graph_db/graph_db_node_6/03_p0.3/03_graph_n6_p0.3_idx9.gpickle,6,0.3,9,1,0
./random_graph_db/graph_db_node_6/04_p0.4/04_graph_n6_p0.4_idx1.gpickle,6,0.4,1,1,0
./random_graph_db/graph_db_node_6/04_p0.4/04_graph_n6_p0.4_idx10.gpickle,6,0.4,10,1,0
./random_graph_db/graph_db_node_6/04_p0.4/04_graph_n6_p0.4_idx2.gpickle,6,0.4,2,2,2
./random_graph_db/graph_db_node_6/04_p0.4/04_graph_n6_p0.4_idx3.gpickle,6,0.4,3,1,0
./random_graph_db/graph_db_node_6/04_p0.4/04_graph_n6_p0.4_idx4.gpickle,6,0.4,4,2,2
./random_graph_db/graph_db_node_6/04_p0.4/04_graph_n6_p0.4_idx5.gpickle,6,0.4,5,1,0
./random_graph_db/graph_db_node_6/04_p0.4/04_graph_n6_p0.4_idx6.gpickle,6,0.4,6,1,0
./random_graph_db/graph_db_node_6/04_p0.4/04_graph_n6_p0.4_idx7.gpickle,6,0.4,7,1,0
./random_graph_db/graph_db_node_6/04_p0.4/04_graph_n6_p0.4_idx8.gpickle,6,0.4,8,2,2
./random_graph_db/graph_db_node_6/04_p0.4/04_graph_n6_p0.4_idx9.gpickle,6,0.4,9,2,2
./random_graph_db/graph_db_node_6/05_p0.45/05_graph_n6_p0.45_idx1.gpickle,6,0.45,1,1,0
./random_graph_db/graph_db_node_6/05_p0.45/05_graph_n6_p0.45_idx10.gpickle,6,0.45,10,2,2
./random_graph_db/graph_db_node_6/05_p0.45/05_graph_n6_p0.45_idx2.gpickle,6,0.45,2,2,2
./random_graph_db/graph_db_node_6/05_p0.45/05_graph_n6_p0.45_idx3.gpickle,6,0.45,3,1,0
./random_graph_db/graph_db_node_6/05_p0.45/05_graph_n6_p0.45_idx4.gpickle,6,0.45,4,1,0
./random_graph_db/graph_db_node_6/05_p0.45/05_graph_n6_p0.45_idx5.gpickle,6,0.45,5,2,3
./random_graph_db/graph_db_node_6/05_p0.45/05_graph_n6_p0.45_idx6.gpickle,6,0.45,6,1,0
./random_graph_db/graph_db_node_6/05_p0.45/05_graph_n6_p0.45_idx7.gpickle,6,0.45,7,1,0
./random_graph_db/graph_db_node_6/05_p0.45/05_graph_n6_p0.45_idx8.gpickle,6,0.45,8,2,2
./random_graph_db/graph_db_node_6/05_p0.45/05_graph_n6_p0.45_idx9.gpickle,6,0.45,9,1,0
./random_graph_db/graph_db_node_6/06_p0.5/06_graph_n6_p0.5_idx1.gpickle,6,0.5,1,1,0
./random_graph_db/graph_db_node_6/06_p0.5/06_graph_n6_p0.5_idx10.gpickle,6,0.5,10,2,2
./random_graph_db/graph_db_node_6/06_p0.5/06_graph_n6_p0.5_idx2.gpickle,6,0.5,2,1,0
./random_graph_db/graph_db_node_6/06_p0.5/06_graph_n6_p0.5_idx3.gpickle,6,0.5,3,2,2
./random_graph_db/graph_db_node_6/06_p0.5/06_graph_n6_p0.5_idx4.gpickle,6,0.5,4,2,2
./random_graph_db/graph_db_node_6/06_p0.5/06_graph_n6_p0.5_idx5.gpickle,6,0.5,5,2,2
./random_graph_db/graph_db_node_6/06_p0.5/06_graph_n6_p0.5_idx6.gpickle,6,0.5,6,2,2
./random_graph_db/graph_db_node_6/06_p0.5/06_graph_n6_p0.5_idx7.gpickle,6,0.5,7,1,0
./random_graph_db/graph_db_node_6/06_p0.5/06_graph_n6_p0.5_idx8.gpickle,6,0.5,8,1,0
./random_graph_db/graph_db_node_6/06_p0.5/06_graph_n6_p0.5_idx9.gpickle,6,0.5,9,2,3
./random_graph_db/graph_db_node_6/07_p0.55/07_graph_n6_p0.55_idx1.gpickle,6,0.55,1,2,2
./random_graph_db/graph_db_node_6/07_p0.55/07_graph_n6_p0.55_idx10.gpickle,6,0.55,10,1,0
./random_graph_db/graph_db_node_6/07_p0.55/07_graph_n6_p0.55_idx2.gpickle,6,0.55,2,1,0
./random_graph_db/graph_db_node_6/07_p0.55/07_graph_n6_p0.55_idx3.gpickle,6,0.55,3,1,0
./random_graph_db/graph_db_node_6/07_p0.55/07_graph_n6_p0.55_idx4.gpickle,6,0.55,4,1,0
./random_graph_db/graph_db_node_6/07_p0.55/07_graph_n6_p0.55_idx5.gpickle,6,0.55,5,2,2
./random_graph_db/graph_db_node_6/07_p0.55/07_graph_n6_p0.55_idx6.gpickle,6,0.55,6,1,0
./random_graph_db/graph_db_node_6/07_p0.55/07_graph_n6_p0.55_idx7.gpickle,6,0.55,7,2,2
./random_graph_db/graph_db_node_6/07_p0.55/07_graph_n6_p0.55_idx8.gpickle,6,0.55,8,2,2
./random_graph_db/graph_db_node_6/07_p0.55/07_graph_n6_p0.55_idx9.gpickle,6,0.55,9,2,3
./random_graph_db/graph_db_node_6/08_p0.6/08_graph_n6_p0.6_idx1.gpickle,6,0.6,1,2,2
./random_graph_db/graph_db_node_6/08_p0.6/08_graph_n6_p0.6_idx10.gpickle,6,0.6,10,2,2
./random_graph_db/graph_db_node_6/08_p0.6/08_graph_n6_p0.6_idx2.gpickle,6,0.6,2,2,2
./random_graph_db/graph_db_node_6/08_p0.6/08_graph_n6_p0.6_idx3.gpickle,6,0.6,3,2,3
./random_graph_db/graph_db_node_6/08_p0.6/08_graph_n6_p0.6_idx4.gpickle,6,0.6,4,2,2
./random_graph_db/graph_db_node_6/08_p0.6/08_graph_n6_p0.6_idx5.gpickle,6,0.6,5,2,2
./random_graph_db/graph_db_node_6/08_p0.6/08_graph_n6_p0.6_idx6.gpickle,6,0.6,6,1,0
./random_graph_db/graph_db_node_6/08_p0.6/08_graph_n6_p0.6_idx7.gpickle,6,0.6,7,1,0
./random_graph_db/graph_db_node_6/08_p0.6/08_graph_n6_p0.6_idx8.gpickle,6,0.6,8,2,2
./random_graph_db/graph_db_node_6/08_p0.6/08_graph_n6_p0.6_idx9.gpickle,6,0.6,9,1,0
./random_graph_db/graph_db_node_6/09_p0.65/09_graph_n6_p0.65_idx1.gpickle,6,0.65,1,2,2
./random_graph_db/graph_db_node_6/09_p0.65/09_graph_n6_p0.65_idx10.gpickle,6,0.65,10,1,0
./random_graph_db/graph_db_node_6/09_p0.65/09_graph_n6_p0.65_idx2.gpickle,6,0.65,2,1,0
./random_graph_db/graph_db_node_6/09_p0.65/09_graph_n6_p0.65_idx3.gpickle,6,0.65,3,2,2
./random_graph_db/graph_db_node_6/09_p0.65/09_graph_n6_p0.65_idx4.gpickle,6,0.65,4,1,0
./random_graph_db/graph_db_node_6/09_p0.65/09_graph_n6_p0.65_idx5.gpickle,6,0.65,5,2,4
./random_graph_db/graph_db_node_6/09_p0.65/09_graph_n6_p0.65_idx6.gpickle,6,0.65,6,3,6
./random_graph_db/graph_db_node_6/09_p0.65/09_graph_n6_p0.65_idx7.gpickle,6,0.65,7,2,2
./random_graph_db/graph_db_node_6/09_p0.65/09_graph_n6_p0.65_idx8.gpickle,6,0.65,8,2,2
./random_graph_db/graph_db_node_6/09_p0.65/09_graph_n6_p0.65_idx9.gpickle,6,0.65,9,2,2
./random_graph_db/graph_db_node_6/10_p0.7/10_graph_n6_p0.7_idx1.gpickle,6,0.7,1,1,0
./random_graph_db/graph_db_node_6/10_p0.7/10_graph_n6_p0.7_idx10.gpickle,6,0.7,10,2,2
./random_graph_db/graph_db_node_6/10_p0.7/10_graph_n6_p0.7_idx2.gpickle,6,0.7,2,1,0
./random_graph_db/graph_db_node_6/10_p0.7/10_graph_n6_p0.7_idx3.gpickle,6,0.7,3,2,4
./random_graph_db/graph_db_node_6/10_p0.7/10_graph_n6_p0.7_idx4.gpickle,6,0.7,4,1,0
./random_graph_db/graph_db_node_6/10_p0.7/10_graph_n6_p0.7_idx5.gpickle,6,0.7,5,1,0
./random_graph_db/graph_db_node_6/10_p0.7/10_graph_n6_p0.7_idx6.gpickle,6,0.7,6,1,0
./random_graph_db/graph_db_node_6/10_p0.7/10_graph_n6_p0.7_idx7.gpickle,6,0.7,7,2,2
./random_graph_db/graph_db_node_6/10_p0.7/10_graph_n6_p0.7_idx8.gpickle,6,0.7,8,2,2
./random_graph_db/graph_db_node_6/10_p0.7/10_graph_n6_p0.7_idx9.gpickle,6,0.7,9,1,0
./random_graph_db/graph_db_node_6/11_p0.8/11_graph_n6_p0.8_idx1.gpickle,6,0.8,1,2,2
./random_graph_db/graph_db_node_6/11_p0.8/11_graph_n6_p0.8_idx10.gpickle,6,0.8,10,2,2
./random_graph_db/graph_db_node_6/11_p0.8/11_graph_n6_p0.8_idx2.gpickle,6,0.8,2,1,0
./random_graph_db/graph_db_node_6/11_p0.8/11_graph_n6_p0.8_idx3.gpickle,6,0.8,3,1,0
./random_graph_db/graph_db_node_6/11_p0.8/11_graph_n6_p0.8_idx4.gpickle,6,0.8,4,2,3
./random_graph_db/graph_db_node_6/11_p0.8/11_graph_n6_p0.8_idx5.gpickle,6,0.8,5,1,0
./random_graph_db/graph_db_node_6/11_p0.8/11_graph_n6_p0.8_idx6.gpickle,6,0.8,6,2,2
./random_graph_db/graph_db_node_6/11_p0.8/11_graph_n6_p0.8_idx7.gpickle,6,0.8,7,2,2
./random_graph_db/graph_db_node_6/11_p0.8/11_graph_n6_p0.8_idx8.gpickle,6,0.8,8,1,0
./random_graph_db/graph_db_node_6/11_p0.8/11_graph_n6_p0.8_idx9.gpickle,6,0.8,9,1,0
./random_graph_db/graph_db_node_6/12_p0.9/12_graph_n6_p0.9_idx1.gpickle,6,0.9,1,1,0
./random_graph_db/graph_db_node_6/12_p0.9/12_graph_n6_p0.9_idx10.gpickle,6,0.9,10,2,3
./random_graph_db/graph_db_node_6/12_p0.9/12_graph_n6_p0.9_idx2.gpickle,6,0.9,2,1,0
./random_graph_db/graph_db_node_6/12_p0.9/12_graph_n6_p0.9_idx3.gpickle,6,0.9,3,1,0
./random_graph_db/graph_db_node_6/12_p0.9/12_graph_n6_p0.9_idx4.gpickle,6,0.9,4,1,0
./random_graph_db/graph_db_node_6/12_p0.9/12_graph_n6_p0.9_idx5.gpickle,6,0.9,5,1,0
./random_graph_db/graph_db_node_6/12_p0.9/12_graph_n6_p0.9_idx6.gpickle,6,0.9,6,2,2
./random_graph_db/graph_db_node_6/12_p0.9/12_graph_n6_p0.9_idx7.gpickle,6,0.9,7,1,0
./random_graph_db/graph_db_node_6/12_p0.9/12_graph_n6_p0.9_idx8.gpickle,6,0.9,8,2,2
./random_graph_db/graph_db_node_6/12_p0.9/12_graph_n6_p0.9_idx9.gpickle,6,0.9,9,2,2
./random_graph_db/graph_db_node_7/01_p0.1/01_graph_n7_p0.1_idx1.gpickle,7,0.1,1,1,0
./random_graph_db/graph_db_node_7/01_p0.1/01_graph_n7_p0.1_idx10.gpickle,7,0.1,10,1,0
./random_graph_db/graph_db_node_7/01_p0.1/01_graph_n7_p0.1_idx2.gpickle,7,0.1,2,2,2
./random_graph_db/graph_db_node_7/01_p0.1/01_graph_n7_p0.1_idx3.gpickle,7,0.1,3,2,2
./random_graph_db/graph_db_node_7/01_p0.1/01_graph_n7_p0.1_idx4.gpickle,7,0.1,4,1,0
./random_graph_db/graph_db_node_7/01_p0.1/01_graph_n7_p0.1_idx5.gpickle,7,0.1,5,2,2
./random_graph_db/graph_db_node_7/01_p0.1/01_graph_n7_p0.1_idx6.gpickle,7,0.1,6,1,0
./random_graph_db/graph_db_node_7/01_p0.1/01_graph_n7_p0.1_idx7.gpickle,7,0.1,7,1,0
./random_graph_db/graph_db_node_7/01_p0.1/01_graph_n7_p0.1_idx8.gpickle,7,0.1,8,1,0
./random_graph_db/graph_db_node_7/01_p0.1/01_graph_n7_p0.1_idx9.gpickle,7,0.1,9,2,1
./random_graph_db/graph_db_node_7/02_p0.2/02_graph_n7_p0.2_idx1.gpickle,7,0.2,1,2,2
./random_graph_db/graph_db_node_7/02_p0.2/02_graph_n7_p0.2_idx10.gpickle,7,0.2,10,2,2
./random_graph_db/graph_db_node_7/02_p0.2/02_graph_n7_p0.2_idx2.gpickle,7,0.2,2,1,0
./random_graph_db/graph_db_node_7/02_p0.2/02_graph_n7_p0.2_idx3.gpickle,7,0.2,3,1,0
./random_graph_db/graph_db_node_7/02_p0.2/02_graph_n7_p0.2_idx4.gpickle,7,0.2,4,1,0
./random_graph_db/graph_db_node_7/02_p0.2/02_graph_n7_p0.2_idx5.gpickle,7,0.2,5,1,0
./random_graph_db/graph_db_node_7/02_p0.2/02_graph_n7_p0.2_idx6.gpickle,7,0.2,6,1,0
./random_graph_db/graph_db_node_7/02_p0.2/02_graph_n7_p0.2_idx7.gpickle,7,0.2,7,2,2
./random_graph_db/graph_db_node_7/02_p0.2/02_graph_n7_p0.2_idx8.gpickle,7,0.2,8,2,2
./random_graph_db/graph_db_node_7/02_p0.2/02_graph_n7_p0.2_idx9.gpickle,7,0.2,9,1,0
./random_graph_db/graph_db_node_7/03_p0.3/03_graph_n7_p0.3_idx1.gpickle,7,0.3,1,1,0
./random_graph_db/graph_db_node_7/03_p0.3/03_graph_n7_p0.3_idx10.gpickle,7,0.3,10,2,1
./random_graph_db/graph_db_node_7/03_p0.3/03_graph_n7_p0.3_idx2.gpickle,7,0.3,2,2,1
./random_graph_db/graph_db_node_7/03_p0.3/03_graph_n7_p0.3_idx3.gpickle,7,0.3,3,1,0
./random_graph_db/graph_db_node_7/03_p0.3/03_graph_n7_p0.3_idx4.gpickle,7,0.3,4,2,2
./random_graph_db/graph_db_node_7/03_p0.3/03_graph_n7_p0.3_idx5.gpickle,7,0.3,5,2,2
./random_graph_db/graph_db_node_7/03_p0.3/03_graph_n7_p0.3_idx6.gpickle,7,0.3,6,3,7
./random_graph_db/graph_db_node_7/03_p0.3/03_graph_n7_p0.3_idx7.gpickle,7,0.3,7,3,5
./random_graph_db/graph_db_node_7/03_p0.3/03_graph_n7_p0.3_idx8.gpickle,7,0.3,8,1,0
./random_graph_db/graph_db_node_7/03_p0.3/03_graph_n7_p0.3_idx9.gpickle,7,0.3,9,2,2
./random_graph_db/graph_db_node_7/04_p0.4/04_graph_n7_p0.4_idx1.gpickle,7,0.4,1,2,2
./random_graph_db/graph_db_node_7/04_p0.4/04_graph_n7_p0.4_idx10.gpickle,7,0.4,10,3,4
./random_graph_db/graph_db_node_7/04_p0.4/04_graph_n7_p0.4_idx2.gpickle,7,0.4,2,2,2
./random_graph_db/graph_db_node_7/04_p0.4/04_graph_n7_p0.4_idx3.gpickle,7,0.4,3,2,3
./random_graph_db/graph_db_node_7/04_p0.4/04_graph_n7_p0.4_idx4.gpickle,7,0.4,4,2,3
./random_graph_db/graph_db_node_7/04_p0.4/04_graph_n7_p0.4_idx5.gpickle,7,0.4,5,2,2
./random_graph_db/graph_db_node_7/04_p0.4/04_graph_n7_p0.4_idx6.gpickle,7,0.4,6,2,3
./random_graph_db/graph_db_node_7/04_p0.4/04_graph_n7_p0.4_idx7.gpickle,7,0.4,7,2,2
./random_graph_db/graph_db_node_7/04_p0.4/04_graph_n7_p0.4_idx8.gpickle,7,0.4,8,1,0
./random_graph_db/graph_db_node_7/04_p0.4/04_graph_n7_p0.4_idx9.gpickle,7,0.4,9,1,0
./random_graph_db/graph_db_node_7/05_p0.45/05_graph_n7_p0.45_idx1.gpickle,7,0.45,1,2,2
./random_graph_db/graph_db_node_7/05_p0.45/05_graph_n7_p0.45_idx10.gpickle,7,0.45,10,2,3
./random_graph_db/graph_db_node_7/05_p0.45/05_graph_n7_p0.45_idx2.gpickle,7,0.45,2,1,0
./random_graph_db/graph_db_node_7/05_p0.45/05_graph_n7_p0.45_idx3.gpickle,7,0.45,3,1,0
./random_graph_db/graph_db_node_7/05_p0.45/05_graph_n7_p0.45_idx4.gpickle,7,0.45,4,2,3
./random_graph_db/graph_db_node_7/05_p0.45/05_graph_n7_p0.45_idx5.gpickle,7,0.45,5,3,5
./random_graph_db/graph_db_node_7/05_p0.45/05_graph_n7_p0.45_idx6.gpickle,7,0.45,6,2,3
./random_graph_db/graph_db_node_7/05_p0.45/05_graph_n7_p0.45_idx7.gpickle,7,0.45,7,2,2
./random_graph_db/graph_db_node_7/05_p0.45/05_graph_n7_p0.45_idx8.gpickle,7,0.45,8,3,5
./random_graph_db/graph_db_node_7/05_p0.45/05_graph_n7_p0.45_idx9.gpickle,7,0.45,9,3,5
./random_graph_db/graph_db_node_7/06_p0.5/06_graph_n7_p0.5_idx1.gpickle,7,0.5,1,2,2
./random_graph_db/graph_db_node_7/06_p0.5/06_graph_n7_p0.5_idx10.gpickle,7,0.5,10,1,0
./random_graph_db/graph_db_node_7/06_p0.5/06_graph_n7_p0.5_idx2.gpickle,7,0.5,2,3,6
./random_graph_db/graph_db_node_7/06_p0.5/06_graph_n7_p0.5_idx3.gpickle,7,0.5,3,2,2
./random_graph_db/graph_db_node_7/06_p0.5/06_graph_n7_p0.5_idx4.gpickle,7,0.5,4,2,2
./random_graph_db/graph_db_node_7/06_p0.5/06_graph_n7_p0.5_idx5.gpickle,7,0.5,5,2,2
./random_graph_db/graph_db_node_7/06_p0.5/06_graph_n7_p0.5_idx6.gpickle,7,0.5,6,2,4
./random_graph_db/graph_db_node_7/06_p0.5/06_graph_n7_p0.5_idx7.gpickle,7,0.5,7,2,2
./random_graph_db/graph_db_node_7/06_p0.5/06_graph_n7_p0.5_idx8.gpickle,7,0.5,8,2,4
./random_graph_db/graph_db_node_7/06_p0.5/06_graph_n7_p0.5_idx9.gpickle,7,0.5,9,1,0
./random_graph_db/graph_db_node_7/07_p0.55/07_graph_n7_p0.55_idx1.gpickle,7,0.55,1,1,0
./random_graph_db/graph_db_node_7/07_p0.55/07_graph_n7_p0.55_idx10.gpickle,7,0.55,10,3,5
./random_graph_db/graph_db_node_7/07_p0.55/07_graph_n7_p0.55_idx2.gpickle,7,0.55,2,2,2
./random_graph_db/graph_db_node_7/07_p0.55/07_graph_n7_p0.55_idx3.gpickle,7,0.55,3,2,4
./random_graph_db/graph_db_node_7/07_p0.55/07_graph_n7_p0.55_idx4.gpickle,7,0.55,4,2,2
./random_graph_db/graph_db_node_7/07_p0.55/07_graph_n7_p0.55_idx5.gpickle,7,0.55,5,2,4
./random_graph_db/graph_db_node_7/07_p0.55/07_graph_n7_p0.55_idx6.gpickle,7,0.55,6,2,3
./random_graph_db/graph_db_node_7/07_p0.55/07_graph_n7_p0.55_idx7.gpickle,7,0.55,7,2,2
./random_graph_db/graph_db_node_7/07_p0.55/07_graph_n7_p0.55_idx8.gpickle,7,0.55,8,2,2
./random_graph_db/graph_db_node_7/07_p0.55/07_graph_n7_p0.55_idx9.gpickle,7,0.55,9,2,2
./random_graph_db/graph_db_node_7/08_p0.6/08_graph_n7_p0.6_idx1.gpickle,7,0.6,1,3,5
./random_graph_db/graph_db_node_7/08_p0.6/08_graph_n7_p0.6_idx10.gpickle,7,0.6,10,2,3
./random_graph_db/graph_db_node_7/08_p0.6/08_graph_n7_p0.6_idx2.gpickle,7,0.6,2,1,0
./random_graph_db/graph_db_node_7/08_p0.6/08_graph_n7_p0.6_idx3.gpickle,7,0.6,3,2,3
./random_graph_db/graph_db_node_7/08_p0.6/08_graph_n7_p0.6_idx4.gpickle,7,0.6,4,3,5
./random_graph_db/graph_db_node_7/08_p0.6/08_graph_n7_p0.6_idx5.gpickle,7,0.6,5,1,0
./random_graph_db/graph_db_node_7/08_p0.6/08_graph_n7_p0.6_idx6.gpickle,7,0.6,6,2,3
./random_graph_db/graph_db_node_7/08_p0.6/08_graph_n7_p0.6_idx7.gpickle,7,0.6,7,3,6
./random_graph_db/graph_db_node_7/08_p0.6/08_graph_n7_p0.6_idx8.gpickle,7,0.6,8,3,4
./random_graph_db/graph_db_node_7/08_p0.6/08_graph_n7_p0.6_idx9.gpickle,7,0.6,9,2,2
./random_graph_db/graph_db_node_7/09_p0.65/09_graph_n7_p0.65_idx1.gpickle,7,0.65,1,2,4
./random_graph_db/graph_db_node_7/09_p0.65/09_graph_n7_p0.65_idx10.gpickle,7,0.65,10,2,2
./random_graph_db/graph_db_node_7/09_p0.65/09_graph_n7_p0.65_idx2.gpickle,7,0.65,2,3,5
./random_graph_db/graph_db_node_7/09_p0.65/09_graph_n7_p0.65_idx3.gpickle,7,0.65,3,2,4
./random_graph_db/graph_db_node_7/09_p0.65/09_graph_n7_p0.65_idx4.gpickle,7,0.65,4,2,2
./random_graph_db/graph_db_node_7/09_p0.65/09_graph_n7_p0.65_idx5.gpickle,7,0.65,5,1,0
./random_graph_db/graph_db_node_7/09_p0.65/09_graph_n7_p0.65_idx6.gpickle,7,0.65,6,3,5
./random_graph_db/graph_db_node_7/09_p0.65/09_graph_n7_p0.65_idx7.gpickle,7,0.65,7,2,2
./random_graph_db/graph_db_node_7/09_p0.65/09_graph_n7_p0.65_idx8.gpickle,7,0.65,8,2,4
./random_graph_db/graph_db_node_7/09_p0.65/09_graph_n7_p0.65_idx9.gpickle,7,0.65,9,3,6
./random_graph_db/graph_db_node_7/10_p0.7/10_graph_n7_p0.7_idx1.gpickle,7,0.7,1,2,4
./random_graph_db/graph_db_node_7/10_p0.7/10_graph_n7_p0.7_idx10.gpickle,7,0.7,10,3,5
./random_graph_db/graph_db_node_7/10_p0.7/10_graph_n7_p0.7_idx2.gpickle,7,0.7,2,3,6
./random_graph_db/graph_db_node_7/10_p0.7/10_graph_n7_p0.7_idx3.gpickle,7,0.7,3,3,7
./random_graph_db/graph_db_node_7/10_p0.7/10_graph_n7_p0.7_idx4.gpickle,7,0.7,4,2,3
./random_graph_db/graph_db_node_7/10_p0.7/10_graph_n7_p0.7_idx5.gpickle,7,0.7,5,2,3
./random_graph_db/graph_db_node_7/10_p0.7/10_graph_n7_p0.7_idx6.gpickle,7,0.7,6,2,2
./random_graph_db/graph_db_node_7/10_p0.7/10_graph_n7_p0.7_idx7.gpickle,7,0.7,7,2,2
./random_graph_db/graph_db_node_7/10_p0.7/10_graph_n7_p0.7_idx8.gpickle,7,0.7,8,1,0
./random_graph_db/graph_db_node_7/10_p0.7/10_graph_n7_p0.7_idx9.gpickle,7,0.7,9,2,3
./random_graph_db/graph_db_node_7/11_p0.8/11_graph_n7_p0.8_idx1.gpickle,7,0.8,1,2,2
./random_graph_db/graph_db_node_7/11_p0.8/11_graph_n7_p0.8_idx10.gpickle,7,0.8,10,2,2
./random_graph_db/graph_db_node_7/11_p0.8/11_graph_n7_p0.8_idx2.gpickle,7,0.8,2,2,4
./random_graph_db/graph_db_node_7/11_p0.8/11_graph_n7_p0.8_idx3.gpickle,7,0.8,3,3,6
./random_graph_db/graph_db_node_7/11_p0.8/11_graph_n7_p0.8_idx4.gpickle,7,0.8,4,2,2
./random_graph_db/graph_db_node_7/11_p0.8/11_graph_n7_p0.8_idx5.gpickle,7,0.8,5,2,3
./random_graph_db/graph_db_node_7/11_p0.8/11_graph_n7_p0.8_idx6.gpickle,7,0.8,6,1,0
./random_graph_db/graph_db_node_7/11_p0.8/11_graph_n7_p0.8_idx7.gpickle,7,0.8,7,3,5
./random_graph_db/graph_db_node_7/11_p0.8/11_graph_n7_p0.8_idx8.gpickle,7,0.8,8,1,0
./random_graph_db/graph_db_node_7/11_p0.8/11_graph_n7_p0.8_idx9.gpickle,7,0.8,9,3,6
./random_graph_db/graph_db_node_7/12_p0.9/12_graph_n7_p0.9_idx1.gpickle,7,0.9,1,1,0
./random_graph_db/graph_db_node_7/12_p0.9/12_graph_n7_p0.9_idx10.gpickle,7,0.9,10,2,2
./random_graph_db/graph_db_node_7/12_p0.9/12_graph_n7_p0.9_idx2.gpickle,7,0.9,2,2,2
./random_graph_db/graph_db_node_7/12_p0.9/12_graph_n7_p0.9_idx3.gpickle,7,0.9,3,1,0
./random_graph_db/graph_db_node_7/12_p0.9/12_graph_n7_p0.9_idx4.gpickle,7,0.9,4,1,0
./random_graph_db/graph_db_node_7/12_p0.9/12_graph_n7_p0.9_idx5.gpickle,7,0.9,5,1,0
./random_graph_db/graph_db_node_7/12_p0.9/12_graph_n7_p0.9_idx6.gpickle,7,0.9,6,2,4
./random_graph_db/graph_db_node_7/12_p0.9/12_graph_n7_p0.9_idx7.gpickle,7,0.9,7,2,2
./random_graph_db/graph_db_node_7/12_p0.9/12_graph_n7_p0.9_idx8.gpickle,7,0.9,8,1,0
./random_graph_db/graph_db_node_7/12_p0.9/12_graph_n7_p0.9_idx9.gpickle,7,0.9,9,2,2
./random_graph_db/graph_db_node_8/01_p0.1/01_graph_n8_p0.1_idx1.gpickle,8,0.1,1,1,0
./random_graph_db/graph_db_node_8/01_p0.1/01_graph_n8_p0.1_idx10.gpickle,8,0.1,10,2,2
./random_graph_db/graph_db_node_8/01_p0.1/01_graph_n8_p0.1_idx2.gpickle,8,0.1,2,2,3
./random_graph_db/graph_db_node_8/01_p0.1/01_graph_n8_p0.1_idx3.gpickle,8,0.1,3,1,0
./random_graph_db/graph_db_node_8/01_p0.1/01_graph_n8_p0.1_idx4.gpickle,8,0.1,4,2,2
./random_graph_db/graph_db_node_8/01_p0.1/01_graph_n8_p0.1_idx5.gpickle,8,0.1,5,2,1
./random_graph_db/graph_db_node_8/01_p0.1/01_graph_n8_p0.1_idx6.gpickle,8,0.1,6,1,0
./random_graph_db/graph_db_node_8/01_p0.1/01_graph_n8_p0.1_idx7.gpickle,8,0.1,7,1,0
./random_graph_db/graph_db_node_8/01_p0.1/01_graph_n8_p0.1_idx8.gpickle,8,0.1,8,3,5
./random_graph_db/graph_db_node_8/01_p0.1/01_graph_n8_p0.1_idx9.gpickle,8,0.1,9,1,0
./random_graph_db/graph_db_node_8/02_p0.2/02_graph_n8_p0.2_idx1.gpickle,8,0.2,1,2,1
./random_graph_db/graph_db_node_8/02_p0.2/02_graph_n8_p0.2_idx10.gpickle,8,0.2,10,2,2
./random_graph_db/graph_db_node_8/02_p0.2/02_graph_n8_p0.2_idx2.gpickle,8,0.2,2,1,0
./random_graph_db/graph_db_node_8/02_p0.2/02_graph_n8_p0.2_idx3.gpickle,8,0.2,3,1,0
./random_graph_db/graph_db_node_8/02_p0.2/02_graph_n8_p0.2_idx4.gpickle,8,0.2,4,2,3
./random_graph_db/graph_db_node_8/02_p0.2/02_graph_n8_p0.2_idx5.gpickle,8,0.2,5,1,0
./random_graph_db/graph_db_node_8/02_p0.2/02_graph_n8_p0.2_idx6.gpickle,8,0.2,6,1,0
./random_graph_db/graph_db_node_8/02_p0.2/02_graph_n8_p0.2_idx7.gpickle,8,0.2,7,1,0
./random_graph_db/graph_db_node_8/02_p0.2/02_graph_n8_p0.2_idx8.gpickle,8,0.2,8,1,0
./random_graph_db/graph_db_node_8/02_p0.2/02_graph_n8_p0.2_idx9.gpickle,8,0.2,9,1,0
./random_graph_db/graph_db_node_8/03_p0.3/03_graph_n8_p0.3_idx1.gpickle,8,0.3,1,1,0
./random_graph_db/graph_db_node_8/03_p0.3/03_graph_n8_p0.3_idx10.gpickle,8,0.3,10,2,3
./random_graph_db/graph_db_node_8/03_p0.3/03_graph_n8_p0.3_idx2.gpickle,8,0.3,2,3,5
./random_graph_db/graph_db_node_8/03_p0.3/03_graph_n8_p0.3_idx3.gpickle,8,0.3,3,2,2
./random_graph_db/graph_db_node_8/03_p0.3/03_graph_n8_p0.3_idx4.gpickle,8,0.3,4,2,1
./random_graph_db/graph_db_node_8/03_p0.3/03_graph_n8_p0.3_idx5.gpickle,8,0.3,5,3,5
./random_graph_db/graph_db_node_8/03_p0.3/03_graph_n8_p0.3_idx6.gpickle,8,0.3,6,2,4
./random_graph_db/graph_db_node_8/03_p0.3/03_graph_n8_p0.3_idx7.gpickle,8,0.3,7,2,3
./random_graph_db/graph_db_node_8/03_p0.3/03_graph_n8_p0.3_idx8.gpickle,8,0.3,8,2,2
./random_graph_db/graph_db_node_8/03_p0.3/03_graph_n8_p0.3_idx9.gpickle,8,0.3,9,3,6
./random_graph_db/graph_db_node_8/04_p0.4/04_graph_n8_p0.4_idx1.gpickle,8,0.4,1,3,6
./random_graph_db/graph_db_node_8/04_p0.4/04_graph_n8_p0.4_idx10.gpickle,8,0.4,10,2,3
./random_graph_db/graph_db_node_8/04_p0.4/04_graph_n8_p0.4_idx2.gpickle,8,0.4,2,3,5
./random_graph_db/graph_db_node_8/04_p0.4/04_graph_n8_p0.4_idx3.gpickle,8,0.4,3,2,3
./random_graph_db/graph_db_node_8/04_p0.4/04_graph_n8_p0.4_idx4.gpickle,8,0.4,4,2,1
./random_graph_db/graph_db_node_8/04_p0.4/04_graph_n8_p0.4_idx5.gpickle,8,0.4,5,1,0
./random_graph_db/graph_db_node_8/04_p0.4/04_graph_n8_p0.4_idx6.gpickle,8,0.4,6,2,4
./random_graph_db/graph_db_node_8/04_p0.4/04_graph_n8_p0.4_idx7.gpickle,8,0.4,7,3,6
./random_graph_db/graph_db_node_8/04_p0.4/04_graph_n8_p0.4_idx8.gpickle,8,0.4,8,3,5
./random_graph_db/graph_db_node_8/04_p0.4/04_graph_n8_p0.4_idx9.gpickle,8,0.4,9,2,3
./random_graph_db/graph_db_node_8/05_p0.45/05_graph_n8_p0.45_idx1.gpickle,8,0.45,1,1,0
./random_graph_db/graph_db_node_8/05_p0.45/05_graph_n8_p0.45_idx10.gpickle,8,0.45,10,2,3
./random_graph_db/graph_db_node_8/05_p0.45/05_graph_n8_p0.45_idx2.gpickle,8,0.45,2,2,2
./random_graph_db/graph_db_node_8/05_p0.45/05_graph_n8_p0.45_idx3.gpickle,8,0.45,3,3,6
./random_graph_db/graph_db_node_8/05_p0.45/05_graph_n8_p0.45_idx4.gpickle,8,0.45,4,2,3
./random_graph_db/graph_db_node_8/05_p0.45/05_graph_n8_p0.45_idx5.gpickle,8,0.45,5,3,8
./random_graph_db/graph_db_node_8/05_p0.45/05_graph_n8_p0.45_idx6.gpickle,8,0.45,6,3,8
./random_graph_db/graph_db_node_8/05_p0.45/05_graph_n8_p0.45_idx7.gpickle,8,0.45,7,3,6
./random_graph_db/graph_db_node_8/05_p0.45/05_graph_n8_p0.45_idx8.gpickle,8,0.45,8,2,2
./random_graph_db/graph_db_node_8/05_p0.45/05_graph_n8_p0.45_idx9.gpickle,8,0.45,9,3,6
./random_graph_db/graph_db_node_8/06_p0.5/06_graph_n8_p0.5_idx1.gpickle,8,0.5,1,3,8
./random_graph_db/graph_db_node_8/06_p0.5/06_graph_n8_p0.5_idx10.gpickle,8,0.5,10,2,2
./random_graph_db/graph_db_node_8/06_p0.5/06_graph_n8_p0.5_idx2.gpickle,8,0.5,2,2,2
./random_graph_db/graph_db_node_8/06_p0.5/06_graph_n8_p0.5_idx3.gpickle,8,0.5,3,3,6
./random_graph_db/graph_db_node_8/06_p0.5/06_graph_n8_p0.5_idx4.gpickle,8,0.5,4,3,4
./random_graph_db/graph_db_node_8/06_p0.5/06_graph_n8_p0.5_idx5.gpickle,8,0.5,5,2,2
./random_graph_db/graph_db_node_8/06_p0.5/06_graph_n8_p0.5_idx6.gpickle,8,0.5,6,3,5
./random_graph_db/graph_db_node_8/06_p0.5/06_graph_n8_p0.5_idx7.gpickle,8,0.5,7,2,2
./random_graph_db/graph_db_node_8/06_p0.5/06_graph_n8_p0.5_idx8.gpickle,8,0.5,8,2,2
./random_graph_db/graph_db_node_8/06_p0.5/06_graph_n8_p0.5_idx9.gpickle,8,0.5,9,3,7
./random_graph_db/graph_db_node_8/07_p0.55/07_graph_n8_p0.55_idx1.gpickle,8,0.55,1,3,7
./random_graph_db/graph_db_node_8/07_p0.55/07_graph_n8_p0.55_idx10.gpickle,8,0.55,10,2,3
./random_graph_db/graph_db_node_8/07_p0.55/07_graph_n8_p0.55_idx2.gpickle,8,0.55,2,2,4
./random_graph_db/graph_db_node_8/07_p0.55/07_graph_n8_p0.55_idx3.gpickle,8,0.55,3,3,5
./random_graph_db/graph_db_node_8/07_p0.55/07_graph_n8_p0.55_idx4.gpickle,8,0.55,4,2,4
./random_graph_db/graph_db_node_8/07_p0.55/07_graph_n8_p0.55_idx5.gpickle,8,0.55,5,3,9
./random_graph_db/graph_db_node_8/07_p0.55/07_graph_n8_p0.55_idx6.gpickle,8,0.55,6,2,4
./random_graph_db/graph_db_node_8/07_p0.55/07_graph_n8_p0.55_idx7.gpickle,8,0.55,7,3,6
./random_graph_db/graph_db_node_8/07_p0.55/07_graph_n8_p0.55_idx8.gpickle,8,0.55,8,3,5
./random_graph_db/graph_db_node_8/07_p0.55/07_graph_n8_p0.55_idx9.gpickle,8,0.55,9,3,6
./random_graph_db/graph_db_node_8/08_p0.6/08_graph_n8_p0.6_idx1.gpickle,8,0.6,1,2,2
./random_graph_db/graph_db_node_8/08_p0.6/08_graph_n8_p0.6_idx10.gpickle,8,0.6,10,2,6
./random_graph_db/graph_db_node_8/08_p0.6/08_graph_n8_p0.6_idx2.gpickle,8,0.6,2,3,7
./random_graph_db/graph_db_node_8/08_p0.6/08_graph_n8_p0.6_idx3.gpickle,8,0.6,3,3,6
./random_graph_db/graph_db_node_8/08_p0.6/08_graph_n8_p0.6_idx4.gpickle,8,0.6,4,3,6
./random_graph_db/graph_db_node_8/08_p0.6/08_graph_n8_p0.6_idx5.gpickle,8,0.6,5,3,6
./random_graph_db/graph_db_node_8/08_p0.6/08_graph_n8_p0.6_idx6.gpickle,8,0.6,6,2,4
./random_graph_db/graph_db_node_8/08_p0.6/08_graph_n8_p0.6_idx7.gpickle,8,0.6,7,3,5
./random_graph_db/graph_db_node_8/08_p0.6/08_graph_n8_p0.6_idx8.gpickle,8,0.6,8,3,5
./random_graph_db/graph_db_node_8/08_p0.6/08_graph_n8_p0.6_idx9.gpickle,8,0.6,9,3,5
./random_graph_db/graph_db_node_8/09_p0.65/09_graph_n8_p0.65_idx1.gpickle,8,0.65,1,3,7
./random_graph_db/graph_db_node_8/09_p0.65/09_graph_n8_p0.65_idx10.gpickle,8,0.65,10,3,6
./random_graph_db/graph_db_node_8/09_p0.65/09_graph_n8_p0.65_idx2.gpickle,8,0.65,2,2,4
./random_graph_db/graph_db_node_8/09_p0.65/09_graph_n8_p0.65_idx3.gpickle,8,0.65,3,3,6
./random_graph_db/graph_db_node_8/09_p0.65/09_graph_n8_p0.65_idx4.gpickle,8,0.65,4,3,8
./random_graph_db/graph_db_node_8/09_p0.65/09_graph_n8_p0.65_idx5.gpickle,8,0.65,5,2,3
./random_graph_db/graph_db_node_8/09_p0.65/09_graph_n8_p0.65_idx6.gpickle,8,0.65,6,3,8
./random_graph_db/graph_db_node_8/09_p0.65/09_graph_n8_p0.65_idx7.gpickle,8,0.65,7,2,3
./random_graph_db/graph_db_node_8/09_p0.65/09_graph_n8_p0.65_idx8.gpickle,8,0.65,8,2,2
./random_graph_db/graph_db_node_8/09_p0.65/09_graph_n8_p0.65_idx9.gpickle,8,0.65,9,3,7
./random_graph_db/graph_db_node_8/10_p0.7/10_graph_n8_p0.7_idx1.gpickle,8,0.7,1,3,8
./random_graph_db/graph_db_node_8/10_p0.7/10_graph_n8_p0.7_idx10.gpickle,8,0.7,10,2,4
./random_graph_db/graph_db_node_8/10_p0.7/10_graph_n8_p0.7_idx2.gpickle,8,0.7,2,3,6
./random_graph_db/graph_db_node_8/10_p0.7/10_graph_n8_p0.7_idx3.gpickle,8,0.7,3,3,6
./random_graph_db/graph_db_node_8/10_p0.7/10_graph_n8_p0.7_idx4.gpickle,8,0.7,4,3,6
./random_graph_db/graph_db_node_8/10_p0.7/10_graph_n8_p0.7_idx5.gpickle,8,0.7,5,3,6
./random_graph_db/graph_db_node_8/10_p0.7/10_graph_n8_p0.7_idx6.gpickle,8,0.7,6,2,5
./random_graph_db/graph_db_node_8/10_p0.7/10_graph_n8_p0.7_idx7.gpickle,8,0.7,7,3,6
./random_graph_db/graph_db_node_8/10_p0.7/10_graph_n8_p0.7_idx8.gpickle,8,0.7,8,2,3
./random_graph_db/graph_db_node_8/10_p0.7/10_graph_n8_p0.7_idx9.gpickle,8,0.7,9,3,5
./random_graph_db/graph_db_node_8/11_p0.8/11_graph_n8_p0.8_idx1.gpickle,8,0.8,1,2,2
./random_graph_db/graph_db_node_8/11_p0.8/11_graph_n8_p0.8_idx10.gpickle,8,0.8,10,3,5
./random_graph_db/graph_db_node_8/11_p0.8/11_graph_n8_p0.8_idx2.gpickle,8,0.8,2,2,4
./random_graph_db/graph_db_node_8/11_p0.8/11_graph_n8_p0.8_idx3.gpickle,8,0.8,3,3,4
./random_graph_db/graph_db_node_8/11_p0.8/11_graph_n8_p0.8_idx4.gpickle,8,0.8,4,2,2
./random_graph_db/graph_db_node_8/11_p0.8/11_graph_n8_p0.8_idx5.gpickle,8,0.8,5,2,4
./random_graph_db/graph_db_node_8/11_p0.8/11_graph_n8_p0.8_idx6.gpickle,8,0.8,6,1,0
./random_graph_db/graph_db_node_8/11_p0.8/11_graph_n8_p0.8_idx7.gpickle,8,0.8,7,2,3
./random_graph_db/graph_db_node_8/11_p0.8/11_graph_n8_p0.8_idx8.gpickle,8,0.8,8,3,4
./random_graph_db/graph_db_node_8/11_p0.8/11_graph_n8_p0.8_idx9.gpickle,8,0.8,9,2,1
./random_graph_db/graph_db_node_8/12_p0.9/12_graph_n8_p0.9_idx1.gpickle,8,0.9,1,1,0
./random_graph_db/graph_db_node_8/12_p0.9/12_graph_n8_p0.9_idx10.gpickle,8,0.9,10,2,4
./random_graph_db/graph_db_node_8/12_p0.9/12_graph_n8_p0.9_idx2.gpickle,8,0.9,2,2,2
./random_graph_db/graph_db_node_8/12_p0.9/12_graph_n8_p0.9_idx3.gpickle,8,0.9,3,2,1
./random_graph_db/graph_db_node_8/12_p0.9/12_graph_n8_p0.9_idx4.gpickle,8,0.9,4,1,0
./random_graph_db/graph_db_node_8/12_p0.9/12_graph_n8_p0.9_idx5.gpickle,8,0.9,5,1,0
./random_graph_db/graph_db_node_8/12_p0.9/12_graph_n8_p0.9_idx6.gpickle,8,0.9,6,2,2
./random_graph_db/graph_db_node_8/12_p0.9/12_graph_n8_p0.9_idx7.gpickle,8,0.9,7,1,0
./random_graph_db/graph_db_node_8/12_p0.9/12_graph_n8_p0.9_idx8.gpickle,8,0.9,8,1,0
./random_graph_db/graph_db_node_8/12_p0.9/12_graph_n8_p0.9_idx9.gpickle,8,0.9,9,1,0
./random_graph_db/graph_db_node_9/01_p0.1/01_graph_n9_p0.1_idx1.gpickle,9,0.1,1,2,2
./random_graph_db/graph_db_node_9/01_p0.1/01_graph_n9_p0.1_idx10.gpickle,9,0.1,10,2,1
./random_graph_db/graph_db_node_9/01_p0.1/01_graph_n9_p0.1_idx2.gpickle,9,0.1,2,2,2
./random_graph_db/graph_db_node_9/01_p0.1/01_graph_n9_p0.1_idx3.gpickle,9,0.1,3,2,2
./random_graph_db/graph_db_node_9/01_p0.1/01_graph_n9_p0.1_idx4.gpickle,9,0.1,4,1,0
./random_graph_db/graph_db_node_9/01_p0.1/01_graph_n9_p0.1_idx5.gpickle,9,0.1,5,2,1
./random_graph_db/graph_db_node_9/01_p0.1/01_graph_n9_p0.1_idx6.gpickle,9,0.1,6,1,0
./random_graph_db/graph_db_node_9/01_p0.1/01_graph_n9_p0.1_idx7.gpickle,9,0.1,7,1,0
./random_graph_db/graph_db_node_9/01_p0.1/01_graph_n9_p0.1_idx8.gpickle,9,0.1,8,2,2
./random_graph_db/graph_db_node_9/01_p0.1/01_graph_n9_p0.1_idx9.gpickle,9,0.1,9,1,0
./random_graph_db/graph_db_node_9/02_p0.2/02_graph_n9_p0.2_idx1.gpickle,9,0.2,1,3,6
./random_graph_db/graph_db_node_9/02_p0.2/02_graph_n9_p0.2_idx10.gpickle,9,0.2,10,2,2
./random_graph_db/graph_db_node_9/02_p0.2/02_graph_n9_p0.2_idx2.gpickle,9,0.2,2,3,4
./random_graph_db/graph_db_node_9/02_p0.2/02_graph_n9_p0.2_idx3.gpickle,9,0.2,3,2,3
./random_graph_db/graph_db_node_9/02_p0.2/02_graph_n9_p0.2_idx4.gpickle,9,0.2,4,2,5
./random_graph_db/graph_db_node_9/02_p0.2/02_graph_n9_p0.2_idx5.gpickle,9,0.2,5,2,3
./random_graph_db/graph_db_node_9/02_p0.2/02_graph_n9_p0.2_idx6.gpickle,9,0.2,6,2,3
./random_graph_db/graph_db_node_9/02_p0.2/02_graph_n9_p0.2_idx7.gpickle,9,0.2,7,2,2
./random_graph_db/graph_db_node_9/02_p0.2/02_graph_n9_p0.2_idx8.gpickle,9,0.2,8,1,0
./random_graph_db/graph_db_node_9/02_p0.2/02_graph_n9_p0.2_idx9.gpickle,9,0.2,9,2,3
./random_graph_db/graph_db_node_9/03_p0.3/03_graph_n9_p0.3_idx1.gpickle,9,0.3,1,3,6
./random_graph_db/graph_db_node_9/03_p0.3/03_graph_n9_p0.3_idx10.gpickle,9,0.3,10,3,5
./random_graph_db/graph_db_node_9/03_p0.3/03_graph_n9_p0.3_idx2.gpickle,9,0.3,2,3,8
./random_graph_db/graph_db_node_9/03_p0.3/03_graph_n9_p0.3_idx3.gpickle,9,0.3,3,2,2
./random_graph_db/graph_db_node_9/03_p0.3/03_graph_n9_p0.3_idx4.gpickle,9,0.3,4,3,6
./random_graph_db/graph_db_node_9/03_p0.3/03_graph_n9_p0.3_idx5.gpickle,9,0.3,5,3,7
./random_graph_db/graph_db_node_9/03_p0.3/03_graph_n9_p0.3_idx6.gpickle,9,0.3,6,1,0
./random_graph_db/graph_db_node_9/03_p0.3/03_graph_n9_p0.3_idx7.gpickle,9,0.3,7,4,12
./random_graph_db/graph_db_node_9/03_p0.3/03_graph_n9_p0.3_idx8.gpickle,9,0.3,8,2,2
./random_graph_db/graph_db_node_9/03_p0.3/03_graph_n9_p0.3_idx9.gpickle,9,0.3,9,3,6
./random_graph_db/graph_db_node_9/04_p0.4/04_graph_n9_p0.4_idx1.gpickle,9,0.4,1,3,5
./random_graph_db/graph_db_node_9/04_p0.4/04_graph_n9_p0.4_idx10.gpickle,9,0.4,10,3,5
./random_graph_db/graph_db_node_9/04_p0.4/04_graph_n9_p0.4_idx2.gpickle,9,0.4,2,4,7
./random_graph_db/graph_db_node_9/04_p0.4/04_graph_n9_p0.4_idx3.gpickle,9,0.4,3,2,2
./random_graph_db/graph_db_node_9/04_p0.4/04_graph_n9_p0.4_idx4.gpickle,9,0.4,4,2,3
./random_graph_db/graph_db_node_9/04_p0.4/04_graph_n9_p0.4_idx5.gpickle,9,0.4,5,2,2
./random_graph_db/graph_db_node_9/04_p0.4/04_graph_n9_p0.4_idx6.gpickle,9,0.4,6,3,5
./random_graph_db/graph_db_node_9/04_p0.4/04_graph_n9_p0.4_idx7.gpickle,9,0.4,7,2,4
./random_graph_db/graph_db_node_9/04_p0.4/04_graph_n9_p0.4_idx8.gpickle,9,0.4,8,3,7
./random_graph_db/graph_db_node_9/04_p0.4/04_graph_n9_p0.4_idx9.gpickle,9,0.4,9,3,9
./random_graph_db/graph_db_node_9/05_p0.45/05_graph_n9_p0.45_idx1.gpickle,9,0.45,1,4,15
./random_graph_db/graph_db_node_9/05_p0.45/05_graph_n9_p0.45_idx10.gpickle,9,0.45,10,3,6
./random_graph_db/graph_db_node_9/05_p0.45/05_graph_n9_p0.45_idx2.gpickle,9,0.45,2,3,8
./random_graph_db/graph_db_node_9/05_p0.45/05_graph_n9_p0.45_idx3.gpickle,9,0.45,3,2,3
./random_graph_db/graph_db_node_9/05_p0.45/05_graph_n9_p0.45_idx4.gpickle,9,0.45,4,3,9
./random_graph_db/graph_db_node_9/05_p0.45/05_graph_n9_p0.45_idx5.gpickle,9,0.45,5,3,8
./random_graph_db/graph_db_node_9/05_p0.45/05_graph_n9_p0.45_idx6.gpickle,9,0.45,6,3,5
./random_graph_db/graph_db_node_9/05_p0.45/05_graph_n9_p0.45_idx7.gpickle,9,0.45,7,4,12
./random_graph_db/graph_db_node_9/05_p0.45/05_graph_n9_p0.45_idx8.gpickle,9,0.45,8,3,6
./random_graph_db/graph_db_node_9/05_p0.45/05_graph_n9_p0.45_idx9.gpickle,9,0.45,9,3,7
./random_graph_db/graph_db_node_9/06_p0.5/06_graph_n9_p0.5_idx1.gpickle,9,0.5,1,3,5
./random_graph_db/graph_db_node_9/06_p0.5/06_graph_n9_p0.5_idx10.gpickle,9,0.5,10,3,7
./random_graph_db/graph_db_node_9/06_p0.5/06_graph_n9_p0.5_idx2.gpickle,9,0.5,2,3,5
./random_graph_db/graph_db_node_9/06_p0.5/06_graph_n9_p0.5_idx3.gpickle,9,0.5,3,3,7
./random_graph_db/graph_db_node_9/06_p0.5/06_graph_n9_p0.5_idx4.gpickle,9,0.5,4,2,3
./random_graph_db/graph_db_node_9/06_p0.5/06_graph_n9_p0.5_idx5.gpickle,9,0.5,5,3,8
./random_graph_db/graph_db_node_9/06_p0.5/06_graph_n9_p0.5_idx6.gpickle,9,0.5,6,3,6
./random_graph_db/graph_db_node_9/06_p0.5/06_graph_n9_p0.5_idx7.gpickle,9,0.5,7,2,2
./random_graph_db/graph_db_node_9/06_p0.5/06_graph_n9_p0.5_idx8.gpickle,9,0.5,8,3,10
./random_graph_db/graph_db_node_9/06_p0.5/06_graph_n9_p0.5_idx9.gpickle,9,0.5,9,3,7
./random_graph_db/graph_db_node_9/07_p0.55/07_graph_n9_p0.55_idx1.gpickle,9,0.55,1,3,6
./random_graph_db/graph_db_node_9/07_p0.55/07_graph_n9_p0.55_idx10.gpickle,9,0.55,10,3,9
./random_graph_db/graph_db_node_9/07_p0.55/07_graph_n9_p0.55_idx2.gpickle,9,0.55,2,2,2
./random_graph_db/graph_db_node_9/07_p0.55/07_graph_n9_p0.55_idx3.gpickle,9,0.55,3,4,12
./random_graph_db/graph_db_node_9/07_p0.55/07_graph_n9_p0.55_idx4.gpickle,9,0.55,4,3,6
./random_graph_db/graph_db_node_9/07_p0.55/07_graph_n9_p0.55_idx5.gpickle,9,0.55,5,2,4
./random_graph_db/graph_db_node_9/07_p0.55/07_graph_n9_p0.55_idx6.gpickle,9,0.55,6,2,4
./random_graph_db/graph_db_node_9/07_p0.55/07_graph_n9_p0.55_idx7.gpickle,9,0.55,7,3,8
./random_graph_db/graph_db_node_9/07_p0.55/07_graph_n9_p0.55_idx8.gpickle,9,0.55,8,3,10
./random_graph_db/graph_db_node_9/07_p0.55/07_graph_n9_p0.55_idx9.gpickle,9,0.55,9,4,15
./random_graph_db/graph_db_node_9/08_p0.6/08_graph_n9_p0.6_idx1.gpickle,9,0.6,1,3,12
./random_graph_db/graph_db_node_9/08_p0.6/08_graph_n9_p0.6_idx10.gpickle,9,0.6,10,4,12
./random_graph_db/graph_db_node_9/08_p0.6/08_graph_n9_p0.6_idx2.gpickle,9,0.6,2,4,14
./random_graph_db/graph_db_node_9/08_p0.6/08_graph_n9_p0.6_idx3.gpickle,9,0.6,3,3,8
./random_graph_db/graph_db_node_9/08_p0.6/08_graph_n9_p0.6_idx4.gpickle,9,0.6,4,3,10
./random_graph_db/graph_db_node_9/08_p0.6/08_graph_n9_p0.6_idx5.gpickle,9,0.6,5,2,4
./random_graph_db/graph_db_node_9/08_p0.6/08_graph_n9_p0.6_idx6.gpickle,9,0.6,6,3,8
./random_graph_db/graph_db_node_9/08_p0.6/08_graph_n9_p0.6_idx7.gpickle,9,0.6,7,3,7
./random_graph_db/graph_db_node_9/08_p0.6/08_graph_n9_p0.6_idx8.gpickle,9,0.6,8,2,2
./random_graph_db/graph_db_node_9/08_p0.6/08_graph_n9_p0.6_idx9.gpickle,9,0.6,9,2,3
./random_graph_db/graph_db_node_9/09_p0.65/09_graph_n9_p0.65_idx1.gpickle,9,0.65,1,4,12
./random_graph_db/graph_db_node_9/09_p0.65/09_graph_n9_p0.65_idx10.gpickle,9,0.65,10,3,8
./random_graph_db/graph_db_node_9/09_p0.65/09_graph_n9_p0.65_idx2.gpickle,9,0.65,2,4,8
./random_graph_db/graph_db_node_9/09_p0.65/09_graph_n9_p0.65_idx3.gpickle,9,0.65,3,3,9
./random_graph_db/graph_db_node_9/09_p0.65/09_graph_n9_p0.65_idx4.gpickle,9,0.65,4,3,9
./random_graph_db/graph_db_node_9/09_p0.65/09_graph_n9_p0.65_idx5.gpickle,9,0.65,5,3,8
./random_graph_db/graph_db_node_9/09_p0.65/09_graph_n9_p0.65_idx6.gpickle,9,0.65,6,3,5
./random_graph_db/graph_db_node_9/09_p0.65/09_graph_n9_p0.65_idx7.gpickle,9,0.65,7,2,6
./random_graph_db/graph_db_node_9/09_p0.65/09_graph_n9_p0.65_idx8.gpickle,9,0.65,8,3,4
./random_graph_db/graph_db_node_9/09_p0.65/09_graph_n9_p0.65_idx9.gpickle,9,0.65,9,2,3
./random_graph_db/graph_db_node_9/10_p0.7/10_graph_n9_p0.7_idx1.gpickle,9,0.7,1,3,6
./random_graph_db/graph_db_node_9/10_p0.7/10_graph_n9_p0.7_idx10.gpickle,9,0.7,10,3,8
./random_graph_db/graph_db_node_9/10_p0.7/10_graph_n9_p0.7_idx2.gpickle,9,0.7,2,3,6
./random_graph_db/graph_db_node_9/10_p0.7/10_graph_n9_p0.7_idx3.gpickle,9,0.7,3,2,3
./random_graph_db/graph_db_node_9/10_p0.7/10_graph_n9_p0.7_idx4.gpickle,9,0.7,4,3,5
./random_graph_db/graph_db_node_9/10_p0.7/10_graph_n9_p0.7_idx5.gpickle,9,0.7,5,3,9
./random_graph_db/graph_db_node_9/10_p0.7/10_graph_n9_p0.7_idx6.gpickle,9,0.7,6,3,7
./random_graph_db/graph_db_node_9/10_p0.7/10_graph_n9_p0.7_idx7.gpickle,9,0.7,7,3,8
./random_graph_db/graph_db_node_9/10_p0.7/10_graph_n9_p0.7_idx8.gpickle,9,0.7,8,4,15
./random_graph_db/graph_db_node_9/10_p0.7/10_graph_n9_p0.7_idx9.gpickle,9,0.7,9,3,7
./random_graph_db/graph_db_node_9/11_p0.8/11_graph_n9_p0.8_idx1.gpickle,9,0.8,1,2,3
./random_graph_db/graph_db_node_9/11_p0.8/11_graph_n9_p0.8_idx10.gpickle,9,0.8,10,2,3
./random_graph_db/graph_db_node_9/11_p0.8/11_graph_n9_p0.8_idx2.gpickle,9,0.8,2,2,2
./random_graph_db/graph_db_node_9/11_p0.8/11_graph_n9_p0.8_idx3.gpickle,9,0.8,3,2,4
./random_graph_db/graph_db_node_9/11_p0.8/11_graph_n9_p0.8_idx4.gpickle,9,0.8,4,4,7
./random_graph_db/graph_db_node_9/11_p0.8/11_graph_n9_p0.8_idx5.gpickle,9,0.8,5,3,7
./random_graph_db/graph_db_node_9/11_p0.8/11_graph_n9_p0.8_idx6.gpickle,9,0.8,6,3,7
./random_graph_db/graph_db_node_9/11_p0.8/11_graph_n9_p0.8_idx7.gpickle,9,0.8,7,3,8
./random_graph_db/graph_db_node_9/11_p0.8/11_graph_n9_p0.8_idx8.gpickle,9,0.8,8,2,5
./random_graph_db/graph_db_node_9/11_p0.8/11_graph_n9_p0.8_idx9.gpickle,9,0.8,9,2,6
./random_graph_db/graph_db_node_9/12_p0.9/12_graph_n9_p0.9_idx1.gpickle,9,0.9,1,2,2
./random_graph_db/graph_db_node_9/12_p0.9/12_graph_n9_p0.9_idx10.gpickle,9,0.9,10,2,2
./random_graph_db/graph_db_node_9/12_p0.9/12_graph_n9_p0.9_idx2.gpickle,9,0.9,2,2,1
./random_graph_db/graph_db_node_9/12_p0.9/12_graph_n9_p0.9_idx3.gpickle,9,0.9,3,3,4
./random_graph_db/graph_db_node_9/12_p0.9/12_graph_n9_p0.9_idx4.gpickle,9,0.9,4,3,4
./random_graph_db/graph_db_node_9/12_p0.9/12_graph_n9_p0.9_idx5.gpickle,9,0.9,5,2,1
./random_graph_db/graph_db_node_9/12_p0.9/12_graph_n9_p0.9_idx6.gpickle,9,0.9,6,1,0
./random_graph_db/graph_db_node_9/12_p0.9/12_graph_n9_p0.9_idx7.gpickle,9,0.9,7,3,2
./random_graph_db/graph_db_node_9/12_p0.9/12_graph_n9_p0.9_idx8.gpickle,9,0.9,8,3,6
./random_graph_db/graph_db_node_9/12_p0.9/12_graph_n9_p0.9_idx9.gpickle,9,0.9,9,2,2
