path,node_number,p,idx,num_emitters_naive,num_emitters_heu,cnots_naive,cnots_heu
./graph_db_node_6/p_0/graph_n6_p0_idx1.gpickle,6,0.000,1,2,2,1,1
./graph_db_node_6/p_0/graph_n6_p0_idx10.gpickle,6,0.000,10,2,2,2,2
./graph_db_node_6/p_0/graph_n6_p0_idx2.gpickle,6,0.000,2,2,2,1,1
./graph_db_node_6/p_0/graph_n6_p0_idx3.gpickle,6,0.000,3,1,1,0,0
./graph_db_node_6/p_0/graph_n6_p0_idx4.gpickle,6,0.000,4,2,2,2,1
./graph_db_node_6/p_0/graph_n6_p0_idx5.gpickle,6,0.000,5,2,2,1,1
./graph_db_node_6/p_0/graph_n6_p0_idx6.gpickle,6,0.000,6,2,2,1,1
./graph_db_node_6/p_0/graph_n6_p0_idx7.gpickle,6,0.000,7,2,2,1,1
./graph_db_node_6/p_0/graph_n6_p0_idx8.gpickle,6,0.000,8,2,2,2,1
./graph_db_node_6/p_0/graph_n6_p0_idx9.gpickle,6,0.000,9,3,3,4,3
./graph_db_node_6/p_0.1/graph_n6_p0.1_idx1.gpickle,6,0.100,1,2,2,1,1
./graph_db_node_6/p_0.1/graph_n6_p0.1_idx10.gpickle,6,0.100,10,1,1,0,0
./graph_db_node_6/p_0.1/graph_n6_p0.1_idx2.gpickle,6,0.100,2,3,3,3,2
./graph_db_node_6/p_0.1/graph_n6_p0.1_idx3.gpickle,6,0.100,3,2,2,1,1
./graph_db_node_6/p_0.1/graph_n6_p0.1_idx4.gpickle,6,0.100,4,2,2,3,2
./graph_db_node_6/p_0.1/graph_n6_p0.1_idx5.gpickle,6,0.100,5,2,2,1,1
./graph_db_node_6/p_0.1/graph_n6_p0.1_idx6.gpickle,6,0.100,6,2,2,1,1
./graph_db_node_6/p_0.1/graph_n6_p0.1_idx7.gpickle,6,0.100,7,2,2,1,1
./graph_db_node_6/p_0.1/graph_n6_p0.1_idx8.gpickle,6,0.100,8,2,2,1,1
./graph_db_node_6/p_0.1/graph_n6_p0.1_idx9.gpickle,6,0.100,9,2,2,2,2
./graph_db_node_6/p_0.2/graph_n6_p0.2_idx1.gpickle,6,0.200,1,2,2,2,2
./graph_db_node_6/p_0.2/graph_n6_p0.2_idx10.gpickle,6,0.200,10,2,2,2,1
./graph_db_node_6/p_0.2/graph_n6_p0.2_idx2.gpickle,6,0.200,2,3,3,4,3
./graph_db_node_6/p_0.2/graph_n6_p0.2_idx3.gpickle,6,0.200,3,2,2,3,2
./graph_db_node_6/p_0.2/graph_n6_p0.2_idx4.gpickle,6,0.200,4,3,3,3,3
./graph_db_node_6/p_0.2/graph_n6_p0.2_idx5.gpickle,6,0.200,5,2,2,2,1
./graph_db_node_6/p_0.2/graph_n6_p0.2_idx6.gpickle,6,0.200,6,3,3,2,2
./graph_db_node_6/p_0.2/graph_n6_p0.2_idx7.gpickle,6,0.200,7,2,2,1,1
./graph_db_node_6/p_0.2/graph_n6_p0.2_idx8.gpickle,6,0.200,8,2,2,1,1
./graph_db_node_6/p_0.2/graph_n6_p0.2_idx9.gpickle,6,0.200,9,2,2,2,1
./graph_db_node_6/p_0.3/graph_n6_p0.3_idx1.gpickle,6,0.300,1,3,3,2,2
./graph_db_node_6/p_0.3/graph_n6_p0.3_idx10.gpickle,6,0.300,10,2,2,2,2
./graph_db_node_6/p_0.3/graph_n6_p0.3_idx2.gpickle,6,0.300,2,2,2,2,1
./graph_db_node_6/p_0.3/graph_n6_p0.3_idx3.gpickle,6,0.300,3,2,2,1,1
./graph_db_node_6/p_0.3/graph_n6_p0.3_idx4.gpickle,6,0.300,4,3,3,3,3
./graph_db_node_6/p_0.3/graph_n6_p0.3_idx5.gpickle,6,0.300,5,2,2,1,1
./graph_db_node_6/p_0.3/graph_n6_p0.3_idx6.gpickle,6,0.300,6,2,2,3,1
./graph_db_node_6/p_0.3/graph_n6_p0.3_idx7.gpickle,6,0.300,7,3,3,3,3
./graph_db_node_6/p_0.3/graph_n6_p0.3_idx8.gpickle,6,0.300,8,3,3,2,2
./graph_db_node_6/p_0.3/graph_n6_p0.3_idx9.gpickle,6,0.300,9,2,2,2,1
./graph_db_node_6/p_0.4/graph_n6_p0.4_idx1.gpickle,6,0.400,1,2,2,1,1
./graph_db_node_6/p_0.4/graph_n6_p0.4_idx10.gpickle,6,0.400,10,2,2,2,1
./graph_db_node_6/p_0.4/graph_n6_p0.4_idx2.gpickle,6,0.400,2,3,3,5,3
./graph_db_node_6/p_0.4/graph_n6_p0.4_idx3.gpickle,6,0.400,3,3,3,2,2
./graph_db_node_6/p_0.4/graph_n6_p0.4_idx4.gpickle,6,0.400,4,3,3,6,4
./graph_db_node_6/p_0.4/graph_n6_p0.4_idx5.gpickle,6,0.400,5,2,2,2,2
./graph_db_node_6/p_0.4/graph_n6_p0.4_idx6.gpickle,6,0.400,6,2,2,1,1
./graph_db_node_6/p_0.4/graph_n6_p0.4_idx7.gpickle,6,0.400,7,3,3,2,2
./graph_db_node_6/p_0.4/graph_n6_p0.4_idx8.gpickle,6,0.400,8,2,2,2,2
./graph_db_node_6/p_0.4/graph_n6_p0.4_idx9.gpickle,6,0.400,9,2,2,2,2
./graph_db_node_6/p_0.45/graph_n6_p0.45_idx1.gpickle,6,0.450,1,3,3,3,2
./graph_db_node_6/p_0.45/graph_n6_p0.45_idx10.gpickle,6,0.450,10,3,3,5,4
./graph_db_node_6/p_0.45/graph_n6_p0.45_idx2.gpickle,6,0.450,2,2,2,2,2
./graph_db_node_6/p_0.45/graph_n6_p0.45_idx3.gpickle,6,0.450,3,3,3,2,2
./graph_db_node_6/p_0.45/graph_n6_p0.45_idx4.gpickle,6,0.450,4,2,2,2,1
./graph_db_node_6/p_0.45/graph_n6_p0.45_idx5.gpickle,6,0.450,5,2,2,2,2
./graph_db_node_6/p_0.45/graph_n6_p0.45_idx6.gpickle,6,0.450,6,2,2,1,1
./graph_db_node_6/p_0.45/graph_n6_p0.45_idx7.gpickle,6,0.450,7,3,3,3,2
./graph_db_node_6/p_0.45/graph_n6_p0.45_idx8.gpickle,6,0.450,8,2,2,2,2
./graph_db_node_6/p_0.45/graph_n6_p0.45_idx9.gpickle,6,0.450,9,3,3,2,2
./graph_db_node_6/p_0.5/graph_n6_p0.5_idx1.gpickle,6,0.500,1,3,3,2,2
./graph_db_node_6/p_0.5/graph_n6_p0.5_idx10.gpickle,6,0.500,10,2,2,1,1
./graph_db_node_6/p_0.5/graph_n6_p0.5_idx2.gpickle,6,0.500,2,3,3,2,2
./graph_db_node_6/p_0.5/graph_n6_p0.5_idx3.gpickle,6,0.500,3,2,2,2,2
./graph_db_node_6/p_0.5/graph_n6_p0.5_idx4.gpickle,6,0.500,4,2,2,3,3
./graph_db_node_6/p_0.5/graph_n6_p0.5_idx5.gpickle,6,0.500,5,3,3,3,3
./graph_db_node_6/p_0.5/graph_n6_p0.5_idx6.gpickle,6,0.500,6,2,2,2,1
./graph_db_node_6/p_0.5/graph_n6_p0.5_idx7.gpickle,6,0.500,7,3,3,2,2
./graph_db_node_6/p_0.5/graph_n6_p0.5_idx8.gpickle,6,0.500,8,2,2,3,1
./graph_db_node_6/p_0.5/graph_n6_p0.5_idx9.gpickle,6,0.500,9,2,2,2,2
./graph_db_node_6/p_0.55/graph_n6_p0.55_idx1.gpickle,6,0.550,1,3,3,3,3
./graph_db_node_6/p_0.55/graph_n6_p0.55_idx10.gpickle,6,0.550,10,3,3,2,2
./graph_db_node_6/p_0.55/graph_n6_p0.55_idx2.gpickle,6,0.550,2,3,3,2,2
./graph_db_node_6/p_0.55/graph_n6_p0.55_idx3.gpickle,6,0.550,3,2,2,1,1
./graph_db_node_6/p_0.55/graph_n6_p0.55_idx4.gpickle,6,0.550,4,2,2,1,1
./graph_db_node_6/p_0.55/graph_n6_p0.55_idx5.gpickle,6,0.550,5,2,2,3,3
./graph_db_node_6/p_0.55/graph_n6_p0.55_idx6.gpickle,6,0.550,6,3,3,3,3
./graph_db_node_6/p_0.55/graph_n6_p0.55_idx7.gpickle,6,0.550,7,2,2,3,2
./graph_db_node_6/p_0.55/graph_n6_p0.55_idx8.gpickle,6,0.550,8,2,2,2,2
./graph_db_node_6/p_0.55/graph_n6_p0.55_idx9.gpickle,6,0.550,9,2,2,3,2
./graph_db_node_6/p_0.6/graph_n6_p0.6_idx1.gpickle,6,0.600,1,2,2,3,3
./graph_db_node_6/p_0.6/graph_n6_p0.6_idx10.gpickle,6,0.600,10,2,2,2,1
./graph_db_node_6/p_0.6/graph_n6_p0.6_idx2.gpickle,6,0.600,2,3,3,5,4
./graph_db_node_6/p_0.6/graph_n6_p0.6_idx3.gpickle,6,0.600,3,2,2,3,3
./graph_db_node_6/p_0.6/graph_n6_p0.6_idx4.gpickle,6,0.600,4,2,2,3,2
./graph_db_node_6/p_0.6/graph_n6_p0.6_idx5.gpickle,6,0.600,5,3,3,3,3
./graph_db_node_6/p_0.6/graph_n6_p0.6_idx6.gpickle,6,0.600,6,2,2,1,1
./graph_db_node_6/p_0.6/graph_n6_p0.6_idx7.gpickle,6,0.600,7,2,2,3,1
./graph_db_node_6/p_0.6/graph_n6_p0.6_idx8.gpickle,6,0.600,8,3,3,3,3
./graph_db_node_6/p_0.6/graph_n6_p0.6_idx9.gpickle,6,0.600,9,2,2,1,1
./graph_db_node_6/p_0.65/graph_n6_p0.65_idx1.gpickle,6,0.650,1,3,3,3,3
./graph_db_node_6/p_0.65/graph_n6_p0.65_idx10.gpickle,6,0.650,10,2,2,2,2
./graph_db_node_6/p_0.65/graph_n6_p0.65_idx2.gpickle,6,0.650,2,2,2,1,1
./graph_db_node_6/p_0.65/graph_n6_p0.65_idx3.gpickle,6,0.650,3,2,2,3,3
./graph_db_node_6/p_0.65/graph_n6_p0.65_idx4.gpickle,6,0.650,4,3,3,2,2
./graph_db_node_6/p_0.65/graph_n6_p0.65_idx5.gpickle,6,0.650,5,3,3,3,3
./graph_db_node_6/p_0.65/graph_n6_p0.65_idx6.gpickle,6,0.650,6,3,3,4,4
./graph_db_node_6/p_0.65/graph_n6_p0.65_idx7.gpickle,6,0.650,7,3,3,4,4
./graph_db_node_6/p_0.65/graph_n6_p0.65_idx8.gpickle,6,0.650,8,3,3,3,3
./graph_db_node_6/p_0.65/graph_n6_p0.65_idx9.gpickle,6,0.650,9,2,2,2,2
./graph_db_node_6/p_0.7/graph_n6_p0.7_idx1.gpickle,6,0.700,1,2,2,1,1
./graph_db_node_6/p_0.7/graph_n6_p0.7_idx10.gpickle,6,0.700,10,3,3,3,3
./graph_db_node_6/p_0.7/graph_n6_p0.7_idx2.gpickle,6,0.700,2,2,2,2,1
./graph_db_node_6/p_0.7/graph_n6_p0.7_idx3.gpickle,6,0.700,3,2,2,2,2
./graph_db_node_6/p_0.7/graph_n6_p0.7_idx4.gpickle,6,0.700,4,3,3,2,2
./graph_db_node_6/p_0.7/graph_n6_p0.7_idx5.gpickle,6,0.700,5,3,3,2,2
./graph_db_node_6/p_0.7/graph_n6_p0.7_idx6.gpickle,6,0.700,6,2,2,1,1
./graph_db_node_6/p_0.7/graph_n6_p0.7_idx7.gpickle,6,0.700,7,2,2,3,2
./graph_db_node_6/p_0.7/graph_n6_p0.7_idx8.gpickle,6,0.700,8,3,3,4,3
./graph_db_node_6/p_0.7/graph_n6_p0.7_idx9.gpickle,6,0.700,9,2,2,1,1
./graph_db_node_6/p_0.8/graph_n6_p0.8_idx1.gpickle,6,0.800,1,2,2,1,1
./graph_db_node_6/p_0.8/graph_n6_p0.8_idx10.gpickle,6,0.800,10,2,2,2,2
./graph_db_node_6/p_0.8/graph_n6_p0.8_idx2.gpickle,6,0.800,2,2,2,2,2
./graph_db_node_6/p_0.8/graph_n6_p0.8_idx3.gpickle,6,0.800,3,2,2,1,1
./graph_db_node_6/p_0.8/graph_n6_p0.8_idx4.gpickle,6,0.800,4,2,2,3,2
./graph_db_node_6/p_0.8/graph_n6_p0.8_idx5.gpickle,6,0.800,5,2,2,1,1
./graph_db_node_6/p_0.8/graph_n6_p0.8_idx6.gpickle,6,0.800,6,2,2,3,3
./graph_db_node_6/p_0.8/graph_n6_p0.8_idx7.gpickle,6,0.800,7,1,1,0,0
./graph_db_node_6/p_0.8/graph_n6_p0.8_idx8.gpickle,6,0.800,8,3,3,4,3
./graph_db_node_6/p_0.8/graph_n6_p0.8_idx9.gpickle,6,0.800,9,1,1,0,0
./graph_db_node_6/p_0.9/graph_n6_p0.9_idx1.gpickle,6,0.900,1,2,2,1,1
./graph_db_node_6/p_0.9/graph_n6_p0.9_idx10.gpickle,6,0.900,10,2,2,2,2
./graph_db_node_6/p_0.9/graph_n6_p0.9_idx2.gpickle,6,0.900,2,2,2,1,1
./graph_db_node_6/p_0.9/graph_n6_p0.9_idx3.gpickle,6,0.900,3,1,1,0,0
./graph_db_node_6/p_0.9/graph_n6_p0.9_idx4.gpickle,6,0.900,4,2,2,2,1
./graph_db_node_6/p_0.9/graph_n6_p0.9_idx5.gpickle,6,0.900,5,2,2,1,1
./graph_db_node_6/p_0.9/graph_n6_p0.9_idx6.gpickle,6,0.900,6,2,2,1,1
./graph_db_node_6/p_0.9/graph_n6_p0.9_idx7.gpickle,6,0.900,7,2,2,1,1
./graph_db_node_6/p_0.9/graph_n6_p0.9_idx8.gpickle,6,0.900,8,2,2,2,1
./graph_db_node_6/p_0.9/graph_n6_p0.9_idx9.gpickle,6,0.900,9,3,3,4,3
./graph_db_node_7/p_0.1/graph_n7_p0.1_idx1.gpickle,7,0.100,1,2,2,1,1
./graph_db_node_7/p_0.1/graph_n7_p0.1_idx10.gpickle,7,0.100,10,2,2,1,1
./graph_db_node_7/p_0.1/graph_n7_p0.1_idx2.gpickle,7,0.100,2,2,2,2,1
./graph_db_node_7/p_0.1/graph_n7_p0.1_idx3.gpickle,7,0.100,3,3,3,4,3
./graph_db_node_7/p_0.1/graph_n7_p0.1_idx4.gpickle,7,0.100,4,3,3,3,3
./graph_db_node_7/p_0.1/graph_n7_p0.1_idx5.gpickle,7,0.100,5,3,3,5,4
./graph_db_node_7/p_0.1/graph_n7_p0.1_idx6.gpickle,7,0.100,6,2,2,1,1
./graph_db_node_7/p_0.1/graph_n7_p0.1_idx7.gpickle,7,0.100,7,3,3,2,2
./graph_db_node_7/p_0.1/graph_n7_p0.1_idx8.gpickle,7,0.100,8,2,2,1,1
./graph_db_node_7/p_0.1/graph_n7_p0.1_idx9.gpickle,7,0.100,9,3,3,4,2
./graph_db_node_7/p_0.2/graph_n7_p0.2_idx1.gpickle,7,0.200,1,2,2,2,2
./graph_db_node_7/p_0.2/graph_n7_p0.2_idx10.gpickle,7,0.200,10,3,3,3,2
./graph_db_node_7/p_0.2/graph_n7_p0.2_idx2.gpickle,7,0.200,2,3,3,3,2
./graph_db_node_7/p_0.2/graph_n7_p0.2_idx3.gpickle,7,0.200,3,3,3,3,2
./graph_db_node_7/p_0.2/graph_n7_p0.2_idx4.gpickle,7,0.200,4,3,3,2,2
./graph_db_node_7/p_0.2/graph_n7_p0.2_idx5.gpickle,7,0.200,5,2,2,2,2
./graph_db_node_7/p_0.2/graph_n7_p0.2_idx6.gpickle,7,0.200,6,2,2,2,1
./graph_db_node_7/p_0.2/graph_n7_p0.2_idx7.gpickle,7,0.200,7,3,3,4,3
./graph_db_node_7/p_0.2/graph_n7_p0.2_idx8.gpickle,7,0.200,8,2,2,2,1
./graph_db_node_7/p_0.2/graph_n7_p0.2_idx9.gpickle,7,0.200,9,2,2,2,1
./graph_db_node_7/p_0.3/graph_n7_p0.3_idx1.gpickle,7,0.300,1,3,3,3,2
./graph_db_node_7/p_0.3/graph_n7_p0.3_idx10.gpickle,7,0.300,10,3,3,2,2
./graph_db_node_7/p_0.3/graph_n7_p0.3_idx2.gpickle,7,0.300,2,3,3,2,2
./graph_db_node_7/p_0.3/graph_n7_p0.3_idx3.gpickle,7,0.300,3,3,3,4,2
./graph_db_node_7/p_0.3/graph_n7_p0.3_idx4.gpickle,7,0.300,4,2,2,2,2
./graph_db_node_7/p_0.3/graph_n7_p0.3_idx5.gpickle,7,0.300,5,2,2,3,3
./graph_db_node_7/p_0.3/graph_n7_p0.3_idx6.gpickle,7,0.300,6,3,3,5,4
./graph_db_node_7/p_0.3/graph_n7_p0.3_idx7.gpickle,7,0.300,7,3,3,5,5
./graph_db_node_7/p_0.3/graph_n7_p0.3_idx8.gpickle,7,0.300,8,3,3,2,2
./graph_db_node_7/p_0.3/graph_n7_p0.3_idx9.gpickle,7,0.300,9,2,2,2,2
./graph_db_node_7/p_0.4/graph_n7_p0.4_idx1.gpickle,7,0.400,1,3,3,5,3
./graph_db_node_7/p_0.4/graph_n7_p0.4_idx10.gpickle,7,0.400,10,3,3,5,5
./graph_db_node_7/p_0.4/graph_n7_p0.4_idx2.gpickle,7,0.400,2,2,2,2,1
./graph_db_node_7/p_0.4/graph_n7_p0.4_idx3.gpickle,7,0.400,3,2,2,3,3
./graph_db_node_7/p_0.4/graph_n7_p0.4_idx4.gpickle,7,0.400,4,2,2,3,3
./graph_db_node_7/p_0.4/graph_n7_p0.4_idx5.gpickle,7,0.400,5,3,3,6,5
./graph_db_node_7/p_0.4/graph_n7_p0.4_idx6.gpickle,7,0.400,6,3,3,4,4
./graph_db_node_7/p_0.4/graph_n7_p0.4_idx7.gpickle,7,0.400,7,3,3,4,4
./graph_db_node_7/p_0.4/graph_n7_p0.4_idx8.gpickle,7,0.400,8,3,3,3,2
./graph_db_node_7/p_0.4/graph_n7_p0.4_idx9.gpickle,7,0.400,9,3,3,3,3
./graph_db_node_7/p_0.45/graph_n7_p0.45_idx1.gpickle,7,0.450,1,3,3,4,4
./graph_db_node_7/p_0.45/graph_n7_p0.45_idx10.gpickle,7,0.450,10,3,3,3,3
./graph_db_node_7/p_0.45/graph_n7_p0.45_idx2.gpickle,7,0.450,2,3,3,3,2
./graph_db_node_7/p_0.45/graph_n7_p0.45_idx3.gpickle,7,0.450,3,3,3,3,2
./graph_db_node_7/p_0.45/graph_n7_p0.45_idx4.gpickle,7,0.450,4,2,2,3,3
./graph_db_node_7/p_0.45/graph_n7_p0.45_idx5.gpickle,7,0.450,5,3,3,4,4
./graph_db_node_7/p_0.45/graph_n7_p0.45_idx6.gpickle,7,0.450,6,3,3,6,4
./graph_db_node_7/p_0.45/graph_n7_p0.45_idx7.gpickle,7,0.450,7,3,3,5,4
./graph_db_node_7/p_0.45/graph_n7_p0.45_idx8.gpickle,7,0.450,8,2,2,2,2
./graph_db_node_7/p_0.45/graph_n7_p0.45_idx9.gpickle,7,0.450,9,3,3,6,6
./graph_db_node_7/p_0.5/graph_n7_p0.5_idx1.gpickle,7,0.500,1,3,3,6,5
./graph_db_node_7/p_0.5/graph_n7_p0.5_idx10.gpickle,7,0.500,10,3,3,4,3
./graph_db_node_7/p_0.5/graph_n7_p0.5_idx2.gpickle,7,0.500,2,3,3,7,6
./graph_db_node_7/p_0.5/graph_n7_p0.5_idx3.gpickle,7,0.500,3,3,3,4,4
./graph_db_node_7/p_0.5/graph_n7_p0.5_idx4.gpickle,7,0.500,4,3,3,5,4
./graph_db_node_7/p_0.5/graph_n7_p0.5_idx5.gpickle,7,0.500,5,3,3,3,3
./graph_db_node_7/p_0.5/graph_n7_p0.5_idx6.gpickle,7,0.500,6,2,2,4,3
./graph_db_node_7/p_0.5/graph_n7_p0.5_idx7.gpickle,7,0.500,7,2,2,3,3
./graph_db_node_7/p_0.5/graph_n7_p0.5_idx8.gpickle,7,0.500,8,3,3,5,4
./graph_db_node_7/p_0.5/graph_n7_p0.5_idx9.gpickle,7,0.500,9,2,2,1,1
./graph_db_node_7/p_0.55/graph_n7_p0.55_idx1.gpickle,7,0.550,1,3,3,4,3
./graph_db_node_7/p_0.55/graph_n7_p0.55_idx10.gpickle,7,0.550,10,3,3,5,5
./graph_db_node_7/p_0.55/graph_n7_p0.55_idx2.gpickle,7,0.550,2,3,3,5,3
./graph_db_node_7/p_0.55/graph_n7_p0.55_idx3.gpickle,7,0.550,3,3,3,3,3
./graph_db_node_7/p_0.55/graph_n7_p0.55_idx4.gpickle,7,0.550,4,3,3,3,2
./graph_db_node_7/p_0.55/graph_n7_p0.55_idx5.gpickle,7,0.550,5,3,3,6,4
./graph_db_node_7/p_0.55/graph_n7_p0.55_idx6.gpickle,7,0.550,6,3,3,4,4
./graph_db_node_7/p_0.55/graph_n7_p0.55_idx7.gpickle,7,0.550,7,3,3,4,4
./graph_db_node_7/p_0.55/graph_n7_p0.55_idx8.gpickle,7,0.550,8,3,3,3,3
./graph_db_node_7/p_0.55/graph_n7_p0.55_idx9.gpickle,7,0.550,9,3,3,3,3
./graph_db_node_7/p_0.6/graph_n7_p0.6_idx1.gpickle,7,0.600,1,3,3,5,6
./graph_db_node_7/p_0.6/graph_n7_p0.6_idx10.gpickle,7,0.600,10,3,3,4,3
./graph_db_node_7/p_0.6/graph_n7_p0.6_idx2.gpickle,7,0.600,2,2,2,2,2
./graph_db_node_7/p_0.6/graph_n7_p0.6_idx3.gpickle,7,0.600,3,3,3,4,3
./graph_db_node_7/p_0.6/graph_n7_p0.6_idx4.gpickle,7,0.600,4,3,3,5,3
./graph_db_node_7/p_0.6/graph_n7_p0.6_idx5.gpickle,7,0.600,5,3,3,3,2
./graph_db_node_7/p_0.6/graph_n7_p0.6_idx6.gpickle,7,0.600,6,3,3,4,4
./graph_db_node_7/p_0.6/graph_n7_p0.6_idx7.gpickle,7,0.600,7,3,3,5,5
./graph_db_node_7/p_0.6/graph_n7_p0.6_idx8.gpickle,7,0.600,8,3,3,3,4
./graph_db_node_7/p_0.6/graph_n7_p0.6_idx9.gpickle,7,0.600,9,3,3,3,2
./graph_db_node_7/p_0.65/graph_n7_p0.65_idx1.gpickle,7,0.650,1,3,3,6,5
./graph_db_node_7/p_0.65/graph_n7_p0.65_idx10.gpickle,7,0.650,10,3,3,4,4
./graph_db_node_7/p_0.65/graph_n7_p0.65_idx2.gpickle,7,0.650,2,3,3,4,4
./graph_db_node_7/p_0.65/graph_n7_p0.65_idx3.gpickle,7,0.650,3,3,3,4,3
./graph_db_node_7/p_0.65/graph_n7_p0.65_idx4.gpickle,7,0.650,4,3,3,3,2
./graph_db_node_7/p_0.65/graph_n7_p0.65_idx5.gpickle,7,0.650,5,2,2,1,1
./graph_db_node_7/p_0.65/graph_n7_p0.65_idx6.gpickle,7,0.650,6,3,3,4,4
./graph_db_node_7/p_0.65/graph_n7_p0.65_idx7.gpickle,7,0.650,7,3,3,2,2
./graph_db_node_7/p_0.65/graph_n7_p0.65_idx8.gpickle,7,0.650,8,3,3,4,3
./graph_db_node_7/p_0.65/graph_n7_p0.65_idx9.gpickle,7,0.650,9,3,3,6,6
./graph_db_node_7/p_0.7/graph_n7_p0.7_idx1.gpickle,7,0.700,1,3,3,6,5
./graph_db_node_7/p_0.7/graph_n7_p0.7_idx10.gpickle,7,0.700,10,3,3,3,3
./graph_db_node_7/p_0.7/graph_n7_p0.7_idx2.gpickle,7,0.700,2,3,3,5,5
./graph_db_node_7/p_0.7/graph_n7_p0.7_idx3.gpickle,7,0.700,3,3,3,5,5
./graph_db_node_7/p_0.7/graph_n7_p0.7_idx4.gpickle,7,0.700,4,3,3,3,3
./graph_db_node_7/p_0.7/graph_n7_p0.7_idx5.gpickle,7,0.700,5,3,3,3,3
./graph_db_node_7/p_0.7/graph_n7_p0.7_idx6.gpickle,7,0.700,6,3,3,4,6
./graph_db_node_7/p_0.7/graph_n7_p0.7_idx7.gpickle,7,0.700,7,2,2,2,2
./graph_db_node_7/p_0.7/graph_n7_p0.7_idx8.gpickle,7,0.700,8,2,2,1,1
./graph_db_node_7/p_0.7/graph_n7_p0.7_idx9.gpickle,7,0.700,9,2,2,2,2
./graph_db_node_7/p_0.8/graph_n7_p0.8_idx1.gpickle,7,0.800,1,2,2,2,2
./graph_db_node_7/p_0.8/graph_n7_p0.8_idx10.gpickle,7,0.800,10,3,3,4,3
./graph_db_node_7/p_0.8/graph_n7_p0.8_idx2.gpickle,7,0.800,2,3,3,4,4
./graph_db_node_7/p_0.8/graph_n7_p0.8_idx3.gpickle,7,0.800,3,3,3,7,5
./graph_db_node_7/p_0.8/graph_n7_p0.8_idx4.gpickle,7,0.800,4,3,3,3,3
./graph_db_node_7/p_0.8/graph_n7_p0.8_idx5.gpickle,7,0.800,5,3,3,6,5
./graph_db_node_7/p_0.8/graph_n7_p0.8_idx6.gpickle,7,0.800,6,2,2,1,1
./graph_db_node_7/p_0.8/graph_n7_p0.8_idx7.gpickle,7,0.800,7,3,3,5,5
./graph_db_node_7/p_0.8/graph_n7_p0.8_idx8.gpickle,7,0.800,8,3,3,4,3
./graph_db_node_7/p_0.8/graph_n7_p0.8_idx9.gpickle,7,0.800,9,2,2,3,2
./graph_db_node_7/p_0.9/graph_n7_p0.9_idx1.gpickle,7,0.900,1,3,3,2,2
./graph_db_node_7/p_0.9/graph_n7_p0.9_idx10.gpickle,7,0.900,10,2,2,2,2
./graph_db_node_7/p_0.9/graph_n7_p0.9_idx2.gpickle,7,0.900,2,3,3,3,3
./graph_db_node_7/p_0.9/graph_n7_p0.9_idx3.gpickle,7,0.900,3,2,2,1,1
./graph_db_node_7/p_0.9/graph_n7_p0.9_idx4.gpickle,7,0.900,4,1,1,0,0
./graph_db_node_7/p_0.9/graph_n7_p0.9_idx5.gpickle,7,0.900,5,3,3,2,2
./graph_db_node_7/p_0.9/graph_n7_p0.9_idx6.gpickle,7,0.900,6,3,3,4,4
./graph_db_node_7/p_0.9/graph_n7_p0.9_idx7.gpickle,7,0.900,7,3,3,3,3
./graph_db_node_7/p_0.9/graph_n7_p0.9_idx8.gpickle,7,0.900,8,2,2,2,2
./graph_db_node_7/p_0.9/graph_n7_p0.9_idx9.gpickle,7,0.900,9,3,3,6,5
./graph_db_node_8/p_0.1/graph_n8_p0.1_idx1.gpickle,8,0.100,1,3,3,3,2
./graph_db_node_8/p_0.1/graph_n8_p0.1_idx10.gpickle,8,0.100,10,3,3,3,2
./graph_db_node_8/p_0.1/graph_n8_p0.1_idx2.gpickle,8,0.100,2,3,3,6,4
./graph_db_node_8/p_0.1/graph_n8_p0.1_idx3.gpickle,8,0.100,3,3,3,2,2
./graph_db_node_8/p_0.1/graph_n8_p0.1_idx4.gpickle,8,0.100,4,3,3,4,4
./graph_db_node_8/p_0.1/graph_n8_p0.1_idx5.gpickle,8,0.100,5,4,4,4,3
./graph_db_node_8/p_0.1/graph_n8_p0.1_idx6.gpickle,8,0.100,6,3,3,2,2
./graph_db_node_8/p_0.1/graph_n8_p0.1_idx7.gpickle,8,0.100,7,3,3,3,3
./graph_db_node_8/p_0.1/graph_n8_p0.1_idx8.gpickle,8,0.100,8,4,4,7,5
./graph_db_node_8/p_0.1/graph_n8_p0.1_idx9.gpickle,8,0.100,9,3,3,2,2
./graph_db_node_8/p_0.2/graph_n8_p0.2_idx1.gpickle,8,0.200,1,3,3,4,2
./graph_db_node_8/p_0.2/graph_n8_p0.2_idx10.gpickle,8,0.200,10,4,4,4,4
./graph_db_node_8/p_0.2/graph_n8_p0.2_idx2.gpickle,8,0.200,2,3,3,4,2
./graph_db_node_8/p_0.2/graph_n8_p0.2_idx3.gpickle,8,0.200,3,3,3,3,3
./graph_db_node_8/p_0.2/graph_n8_p0.2_idx4.gpickle,8,0.200,4,3,3,5,4
./graph_db_node_8/p_0.2/graph_n8_p0.2_idx5.gpickle,8,0.200,5,3,3,3,2
./graph_db_node_8/p_0.2/graph_n8_p0.2_idx6.gpickle,8,0.200,6,4,4,3,3
./graph_db_node_8/p_0.2/graph_n8_p0.2_idx7.gpickle,8,0.200,7,3,3,3,2
./graph_db_node_8/p_0.2/graph_n8_p0.2_idx8.gpickle,8,0.200,8,3,3,3,2
./graph_db_node_8/p_0.2/graph_n8_p0.2_idx9.gpickle,8,0.200,9,2,2,3,3
./graph_db_node_8/p_0.3/graph_n8_p0.3_idx1.gpickle,8,0.300,1,3,3,4,3
./graph_db_node_8/p_0.3/graph_n8_p0.3_idx10.gpickle,8,0.300,10,3,3,5,4
./graph_db_node_8/p_0.3/graph_n8_p0.3_idx2.gpickle,8,0.300,2,3,3,6,5
./graph_db_node_8/p_0.3/graph_n8_p0.3_idx3.gpickle,8,0.300,3,3,3,4,2
./graph_db_node_8/p_0.3/graph_n8_p0.3_idx4.gpickle,8,0.300,4,2,2,2,2
./graph_db_node_8/p_0.3/graph_n8_p0.3_idx5.gpickle,8,0.300,5,3,3,8,4
./graph_db_node_8/p_0.3/graph_n8_p0.3_idx6.gpickle,8,0.300,6,3,3,6,4
./graph_db_node_8/p_0.3/graph_n8_p0.3_idx7.gpickle,8,0.300,7,3,3,5,5
./graph_db_node_8/p_0.3/graph_n8_p0.3_idx8.gpickle,8,0.300,8,2,2,2,2
./graph_db_node_8/p_0.3/graph_n8_p0.3_idx9.gpickle,8,0.300,9,3,3,4,4
./graph_db_node_8/p_0.4/graph_n8_p0.4_idx1.gpickle,8,0.400,1,4,4,8,6
./graph_db_node_8/p_0.4/graph_n8_p0.4_idx10.gpickle,8,0.400,10,3,3,3,3
./graph_db_node_8/p_0.4/graph_n8_p0.4_idx2.gpickle,8,0.400,2,4,4,7,5
./graph_db_node_8/p_0.4/graph_n8_p0.4_idx3.gpickle,8,0.400,3,3,3,3,3
./graph_db_node_8/p_0.4/graph_n8_p0.4_idx4.gpickle,8,0.400,4,3,3,2,2
./graph_db_node_8/p_0.4/graph_n8_p0.4_idx5.gpickle,8,0.400,5,2,2,3,2
./graph_db_node_8/p_0.4/graph_n8_p0.4_idx6.gpickle,8,0.400,6,2,2,3,3
./graph_db_node_8/p_0.4/graph_n8_p0.4_idx7.gpickle,8,0.400,7,4,4,8,7
./graph_db_node_8/p_0.4/graph_n8_p0.4_idx8.gpickle,8,0.400,8,3,3,7,6
./graph_db_node_8/p_0.4/graph_n8_p0.4_idx9.gpickle,8,0.400,9,3,3,6,5
./graph_db_node_8/p_0.45/graph_n8_p0.45_idx1.gpickle,8,0.450,1,3,3,2,2
./graph_db_node_8/p_0.45/graph_n8_p0.45_idx10.gpickle,8,0.450,10,3,3,4,3
./graph_db_node_8/p_0.45/graph_n8_p0.45_idx2.gpickle,8,0.450,2,3,3,4,3
./graph_db_node_8/p_0.45/graph_n8_p0.45_idx3.gpickle,8,0.450,3,3,3,7,8
./graph_db_node_8/p_0.45/graph_n8_p0.45_idx4.gpickle,8,0.450,4,3,3,6,4
./graph_db_node_8/p_0.45/graph_n8_p0.45_idx5.gpickle,8,0.450,5,4,4,5,5
./graph_db_node_8/p_0.45/graph_n8_p0.45_idx6.gpickle,8,0.450,6,3,3,8,8
./graph_db_node_8/p_0.45/graph_n8_p0.45_idx7.gpickle,8,0.450,7,4,4,7,6
./graph_db_node_8/p_0.45/graph_n8_p0.45_idx8.gpickle,8,0.450,8,3,3,5,4
./graph_db_node_8/p_0.45/graph_n8_p0.45_idx9.gpickle,8,0.450,9,3,3,6,4
./graph_db_node_8/p_0.5/graph_n8_p0.5_idx1.gpickle,8,0.500,1,3,3,6,6
./graph_db_node_8/p_0.5/graph_n8_p0.5_idx10.gpickle,8,0.500,10,3,3,5,3
./graph_db_node_8/p_0.5/graph_n8_p0.5_idx2.gpickle,8,0.500,2,3,3,4,3
./graph_db_node_8/p_0.5/graph_n8_p0.5_idx3.gpickle,8,0.500,3,3,3,6,5
./graph_db_node_8/p_0.5/graph_n8_p0.5_idx4.gpickle,8,0.500,4,4,4,6,6
./graph_db_node_8/p_0.5/graph_n8_p0.5_idx5.gpickle,8,0.500,5,3,3,6,6
./graph_db_node_8/p_0.5/graph_n8_p0.5_idx6.gpickle,8,0.500,6,3,3,4,4
./graph_db_node_8/p_0.5/graph_n8_p0.5_idx7.gpickle,8,0.500,7,2,2,3,3
./graph_db_node_8/p_0.5/graph_n8_p0.5_idx8.gpickle,8,0.500,8,3,3,4,3
./graph_db_node_8/p_0.5/graph_n8_p0.5_idx9.gpickle,8,0.500,9,3,3,8,7
./graph_db_node_8/p_0.55/graph_n8_p0.55_idx1.gpickle,8,0.550,1,3,3,9,7
./graph_db_node_8/p_0.55/graph_n8_p0.55_idx10.gpickle,8,0.550,10,3,3,6,7
./graph_db_node_8/p_0.55/graph_n8_p0.55_idx2.gpickle,8,0.550,2,3,3,4,4
./graph_db_node_8/p_0.55/graph_n8_p0.55_idx3.gpickle,8,0.550,3,3,3,6,5
./graph_db_node_8/p_0.55/graph_n8_p0.55_idx4.gpickle,8,0.550,4,3,3,4,4
./graph_db_node_8/p_0.55/graph_n8_p0.55_idx5.gpickle,8,0.550,5,4,4,4,4
./graph_db_node_8/p_0.55/graph_n8_p0.55_idx6.gpickle,8,0.550,6,4,4,7,5
./graph_db_node_8/p_0.55/graph_n8_p0.55_idx7.gpickle,8,0.550,7,3,3,5,4
./graph_db_node_8/p_0.55/graph_n8_p0.55_idx8.gpickle,8,0.550,8,3,3,7,6
./graph_db_node_8/p_0.55/graph_n8_p0.55_idx9.gpickle,8,0.550,9,3,3,7,6
./graph_db_node_8/p_0.6/graph_n8_p0.6_idx1.gpickle,8,0.600,1,3,3,5,5
./graph_db_node_8/p_0.6/graph_n8_p0.6_idx10.gpickle,8,0.600,10,3,3,8,6
./graph_db_node_8/p_0.6/graph_n8_p0.6_idx2.gpickle,8,0.600,2,3,3,8,6
./graph_db_node_8/p_0.6/graph_n8_p0.6_idx3.gpickle,8,0.600,3,4,4,9,7
./graph_db_node_8/p_0.6/graph_n8_p0.6_idx4.gpickle,8,0.600,4,4,4,6,7
./graph_db_node_8/p_0.6/graph_n8_p0.6_idx5.gpickle,8,0.600,5,3,3,6,6
./graph_db_node_8/p_0.6/graph_n8_p0.6_idx6.gpickle,8,0.600,6,4,4,4,4
./graph_db_node_8/p_0.6/graph_n8_p0.6_idx7.gpickle,8,0.600,7,4,4,6,6
./graph_db_node_8/p_0.6/graph_n8_p0.6_idx8.gpickle,8,0.600,8,3,3,6,5
./graph_db_node_8/p_0.6/graph_n8_p0.6_idx9.gpickle,8,0.600,9,4,4,7,7
./graph_db_node_8/p_0.65/graph_n8_p0.65_idx1.gpickle,8,0.650,1,4,4,6,6
./graph_db_node_8/p_0.65/graph_n8_p0.65_idx10.gpickle,8,0.650,10,3,3,5,6
./graph_db_node_8/p_0.65/graph_n8_p0.65_idx2.gpickle,8,0.650,2,3,3,5,6
./graph_db_node_8/p_0.65/graph_n8_p0.65_idx3.gpickle,8,0.650,3,3,3,7,7
./graph_db_node_8/p_0.65/graph_n8_p0.65_idx4.gpickle,8,0.650,4,3,3,5,4
./graph_db_node_8/p_0.65/graph_n8_p0.65_idx5.gpickle,8,0.650,5,3,3,5,6
./graph_db_node_8/p_0.65/graph_n8_p0.65_idx6.gpickle,8,0.650,6,3,3,7,6
./graph_db_node_8/p_0.65/graph_n8_p0.65_idx7.gpickle,8,0.650,7,4,4,6,5
./graph_db_node_8/p_0.65/graph_n8_p0.65_idx8.gpickle,8,0.650,8,3,3,4,3
./graph_db_node_8/p_0.65/graph_n8_p0.65_idx9.gpickle,8,0.650,9,3,3,5,5
./graph_db_node_8/p_0.7/graph_n8_p0.7_idx1.gpickle,8,0.700,1,4,4,6,5
./graph_db_node_8/p_0.7/graph_n8_p0.7_idx10.gpickle,8,0.700,10,3,3,9,8
./graph_db_node_8/p_0.7/graph_n8_p0.7_idx2.gpickle,8,0.700,2,4,4,7,6
./graph_db_node_8/p_0.7/graph_n8_p0.7_idx3.gpickle,8,0.700,3,3,3,6,4
./graph_db_node_8/p_0.7/graph_n8_p0.7_idx4.gpickle,8,0.700,4,3,3,4,4
./graph_db_node_8/p_0.7/graph_n8_p0.7_idx5.gpickle,8,0.700,5,4,4,6,6
./graph_db_node_8/p_0.7/graph_n8_p0.7_idx6.gpickle,8,0.700,6,3,3,7,7
./graph_db_node_8/p_0.7/graph_n8_p0.7_idx7.gpickle,8,0.700,7,3,3,6,6
./graph_db_node_8/p_0.7/graph_n8_p0.7_idx8.gpickle,8,0.700,8,3,3,5,5
./graph_db_node_8/p_0.7/graph_n8_p0.7_idx9.gpickle,8,0.700,9,3,3,5,5
./graph_db_node_8/p_0.8/graph_n8_p0.8_idx1.gpickle,8,0.800,1,3,3,2,2
./graph_db_node_8/p_0.8/graph_n8_p0.8_idx10.gpickle,8,0.800,10,3,3,3,3
./graph_db_node_8/p_0.8/graph_n8_p0.8_idx2.gpickle,8,0.800,2,3,3,4,4
./graph_db_node_8/p_0.8/graph_n8_p0.8_idx3.gpickle,8,0.800,3,3,3,6,5
./graph_db_node_8/p_0.8/graph_n8_p0.8_idx4.gpickle,8,0.800,4,3,3,7,4
./graph_db_node_8/p_0.8/graph_n8_p0.8_idx5.gpickle,8,0.800,5,2,2,4,4
./graph_db_node_8/p_0.8/graph_n8_p0.8_idx6.gpickle,8,0.800,6,2,2,1,1
./graph_db_node_8/p_0.8/graph_n8_p0.8_idx7.gpickle,8,0.800,7,3,3,4,4
./graph_db_node_8/p_0.8/graph_n8_p0.8_idx8.gpickle,8,0.800,8,3,3,3,3
./graph_db_node_8/p_0.8/graph_n8_p0.8_idx9.gpickle,8,0.800,9,3,3,2,2
./graph_db_node_8/p_0.9/graph_n8_p0.9_idx1.gpickle,8,0.900,1,2,2,2,2
./graph_db_node_8/p_0.9/graph_n8_p0.9_idx10.gpickle,8,0.900,10,3,3,3,3
./graph_db_node_8/p_0.9/graph_n8_p0.9_idx2.gpickle,8,0.900,2,3,3,4,3
./graph_db_node_8/p_0.9/graph_n8_p0.9_idx3.gpickle,8,0.900,3,3,3,2,2
./graph_db_node_8/p_0.9/graph_n8_p0.9_idx4.gpickle,8,0.900,4,2,2,1,1
./graph_db_node_8/p_0.9/graph_n8_p0.9_idx5.gpickle,8,0.900,5,3,3,3,3
./graph_db_node_8/p_0.9/graph_n8_p0.9_idx6.gpickle,8,0.900,6,3,3,3,3
./graph_db_node_8/p_0.9/graph_n8_p0.9_idx7.gpickle,8,0.900,7,2,2,1,1
./graph_db_node_8/p_0.9/graph_n8_p0.9_idx8.gpickle,8,0.900,8,3,3,3,2
./graph_db_node_8/p_0.9/graph_n8_p0.9_idx9.gpickle,8,0.900,9,1,1,0,0
./graph_db_node_9/p_0.1/graph_n9_p0.1_idx1.gpickle,9,0.100,1,3,3,4,3
./graph_db_node_9/p_0.1/graph_n9_p0.1_idx10.gpickle,9,0.100,10,3,3,4,4
./graph_db_node_9/p_0.1/graph_n9_p0.1_idx2.gpickle,9,0.100,2,3,3,3,2
./graph_db_node_9/p_0.1/graph_n9_p0.1_idx3.gpickle,9,0.100,3,4,4,7,6
./graph_db_node_9/p_0.1/graph_n9_p0.1_idx4.gpickle,9,0.100,4,3,3,2,2
./graph_db_node_9/p_0.1/graph_n9_p0.1_idx5.gpickle,9,0.100,5,3,3,3,3
./graph_db_node_9/p_0.1/graph_n9_p0.1_idx6.gpickle,9,0.100,6,3,3,3,2
./graph_db_node_9/p_0.1/graph_n9_p0.1_idx7.gpickle,9,0.100,7,4,4,4,3
./graph_db_node_9/p_0.1/graph_n9_p0.1_idx8.gpickle,9,0.100,8,3,3,3,3
./graph_db_node_9/p_0.1/graph_n9_p0.1_idx9.gpickle,9,0.100,9,4,4,4,3
./graph_db_node_9/p_0.2/graph_n9_p0.2_idx1.gpickle,9,0.200,1,3,3,6,5
./graph_db_node_9/p_0.2/graph_n9_p0.2_idx10.gpickle,9,0.200,10,3,3,4,4
./graph_db_node_9/p_0.2/graph_n9_p0.2_idx2.gpickle,9,0.200,2,4,4,5,4
./graph_db_node_9/p_0.2/graph_n9_p0.2_idx3.gpickle,9,0.200,3,3,3,6,3
./graph_db_node_9/p_0.2/graph_n9_p0.2_idx4.gpickle,9,0.200,4,4,4,8,7
./graph_db_node_9/p_0.2/graph_n9_p0.2_idx5.gpickle,9,0.200,5,4,4,5,4
./graph_db_node_9/p_0.2/graph_n9_p0.2_idx6.gpickle,9,0.200,6,3,3,5,4
./graph_db_node_9/p_0.2/graph_n9_p0.2_idx7.gpickle,9,0.200,7,3,3,4,4
./graph_db_node_9/p_0.2/graph_n9_p0.2_idx8.gpickle,9,0.200,8,3,3,5,3
./graph_db_node_9/p_0.2/graph_n9_p0.2_idx9.gpickle,9,0.200,9,4,4,7,4
./graph_db_node_9/p_0.3/graph_n9_p0.3_idx1.gpickle,9,0.300,1,3,3,5,4
./graph_db_node_9/p_0.3/graph_n9_p0.3_idx10.gpickle,9,0.300,10,4,4,10,5
./graph_db_node_9/p_0.3/graph_n9_p0.3_idx2.gpickle,9,0.300,2,4,4,8,8
./graph_db_node_9/p_0.3/graph_n9_p0.3_idx3.gpickle,9,0.300,3,3,3,4,2
./graph_db_node_9/p_0.3/graph_n9_p0.3_idx4.gpickle,9,0.300,4,4,4,9,7
./graph_db_node_9/p_0.3/graph_n9_p0.3_idx5.gpickle,9,0.300,5,4,4,7,6
./graph_db_node_9/p_0.3/graph_n9_p0.3_idx6.gpickle,9,0.300,6,3,3,3,2
./graph_db_node_9/p_0.3/graph_n9_p0.3_idx7.gpickle,9,0.300,7,4,4,5,5
./graph_db_node_9/p_0.3/graph_n9_p0.3_idx8.gpickle,9,0.300,8,4,4,6,5
./graph_db_node_9/p_0.3/graph_n9_p0.3_idx9.gpickle,9,0.300,9,4,4,6,6
./graph_db_node_9/p_0.4/graph_n9_p0.4_idx1.gpickle,9,0.400,1,4,4,5,5
./graph_db_node_9/p_0.4/graph_n9_p0.4_idx10.gpickle,9,0.400,10,4,4,9,7
./graph_db_node_9/p_0.4/graph_n9_p0.4_idx2.gpickle,9,0.400,2,3,3,7,7
./graph_db_node_9/p_0.4/graph_n9_p0.4_idx3.gpickle,9,0.400,3,4,4,4,4
./graph_db_node_9/p_0.4/graph_n9_p0.4_idx4.gpickle,9,0.400,4,3,3,6,6
./graph_db_node_9/p_0.4/graph_n9_p0.4_idx5.gpickle,9,0.400,5,4,4,6,4
./graph_db_node_9/p_0.4/graph_n9_p0.4_idx6.gpickle,9,0.400,6,3,3,4,4
./graph_db_node_9/p_0.4/graph_n9_p0.4_idx7.gpickle,9,0.400,7,3,3,7,6
./graph_db_node_9/p_0.4/graph_n9_p0.4_idx8.gpickle,9,0.400,8,4,4,6,6
./graph_db_node_9/p_0.4/graph_n9_p0.4_idx9.gpickle,9,0.400,9,3,3,8,6
./graph_db_node_9/p_0.45/graph_n9_p0.45_idx1.gpickle,9,0.450,1,4,4,11,10
./graph_db_node_9/p_0.45/graph_n9_p0.45_idx10.gpickle,9,0.450,10,4,4,7,7
./graph_db_node_9/p_0.45/graph_n9_p0.45_idx2.gpickle,9,0.450,2,4,4,10,10
./graph_db_node_9/p_0.45/graph_n9_p0.45_idx3.gpickle,9,0.450,3,4,4,9,7
./graph_db_node_9/p_0.45/graph_n9_p0.45_idx4.gpickle,9,0.450,4,4,4,11,8
./graph_db_node_9/p_0.45/graph_n9_p0.45_idx5.gpickle,9,0.450,5,4,4,9,6
./graph_db_node_9/p_0.45/graph_n9_p0.45_idx6.gpickle,9,0.450,6,4,4,6,7
./graph_db_node_9/p_0.45/graph_n9_p0.45_idx7.gpickle,9,0.450,7,4,4,8,8
./graph_db_node_9/p_0.45/graph_n9_p0.45_idx8.gpickle,9,0.450,8,4,4,6,5
./graph_db_node_9/p_0.45/graph_n9_p0.45_idx9.gpickle,9,0.450,9,4,4,10,9
./graph_db_node_9/p_0.5/graph_n9_p0.5_idx1.gpickle,9,0.500,1,4,4,9,7
./graph_db_node_9/p_0.5/graph_n9_p0.5_idx10.gpickle,9,0.500,10,4,4,10,9
./graph_db_node_9/p_0.5/graph_n9_p0.5_idx2.gpickle,9,0.500,2,3,3,6,6
./graph_db_node_9/p_0.5/graph_n9_p0.5_idx3.gpickle,9,0.500,3,4,4,8,9
./graph_db_node_9/p_0.5/graph_n9_p0.5_idx4.gpickle,9,0.500,4,4,4,6,4
./graph_db_node_9/p_0.5/graph_n9_p0.5_idx5.gpickle,9,0.500,5,4,4,7,7
./graph_db_node_9/p_0.5/graph_n9_p0.5_idx6.gpickle,9,0.500,6,4,4,9,6
./graph_db_node_9/p_0.5/graph_n9_p0.5_idx7.gpickle,9,0.500,7,3,3,5,4
./graph_db_node_9/p_0.5/graph_n9_p0.5_idx8.gpickle,9,0.500,8,4,4,11,10
./graph_db_node_9/p_0.5/graph_n9_p0.5_idx9.gpickle,9,0.500,9,3,3,8,7
./graph_db_node_9/p_0.55/graph_n9_p0.55_idx1.gpickle,9,0.550,1,4,4,7,7
./graph_db_node_9/p_0.55/graph_n9_p0.55_idx10.gpickle,9,0.550,10,3,3,11,6
./graph_db_node_9/p_0.55/graph_n9_p0.55_idx2.gpickle,9,0.550,2,4,4,4,4
./graph_db_node_9/p_0.55/graph_n9_p0.55_idx3.gpickle,9,0.550,3,3,3,8,9
./graph_db_node_9/p_0.55/graph_n9_p0.55_idx4.gpickle,9,0.550,4,4,4,11,8
./graph_db_node_9/p_0.55/graph_n9_p0.55_idx5.gpickle,9,0.550,5,3,3,6,5
./graph_db_node_9/p_0.55/graph_n9_p0.55_idx6.gpickle,9,0.550,6,3,3,7,7
./graph_db_node_9/p_0.55/graph_n9_p0.55_idx7.gpickle,9,0.550,7,4,4,10,8
./graph_db_node_9/p_0.55/graph_n9_p0.55_idx8.gpickle,9,0.550,8,4,4,7,7
./graph_db_node_9/p_0.55/graph_n9_p0.55_idx9.gpickle,9,0.550,9,4,4,11,10
./graph_db_node_9/p_0.6/graph_n9_p0.6_idx1.gpickle,9,0.600,1,4,4,10,7
./graph_db_node_9/p_0.6/graph_n9_p0.6_idx10.gpickle,9,0.600,10,4,4,8,7
./graph_db_node_9/p_0.6/graph_n9_p0.6_idx2.gpickle,9,0.600,2,4,4,9,9
./graph_db_node_9/p_0.6/graph_n9_p0.6_idx3.gpickle,9,0.600,3,4,4,6,7
./graph_db_node_9/p_0.6/graph_n9_p0.6_idx4.gpickle,9,0.600,4,4,4,9,8
./graph_db_node_9/p_0.6/graph_n9_p0.6_idx5.gpickle,9,0.600,5,3,3,6,6
./graph_db_node_9/p_0.6/graph_n9_p0.6_idx6.gpickle,9,0.600,6,4,4,9,8
./graph_db_node_9/p_0.6/graph_n9_p0.6_idx7.gpickle,9,0.600,7,4,4,10,9
./graph_db_node_9/p_0.6/graph_n9_p0.6_idx8.gpickle,9,0.600,8,4,4,5,4
./graph_db_node_9/p_0.6/graph_n9_p0.6_idx9.gpickle,9,0.600,9,4,4,7,6
./graph_db_node_9/p_0.65/graph_n9_p0.65_idx1.gpickle,9,0.650,1,4,4,9,8
./graph_db_node_9/p_0.65/graph_n9_p0.65_idx10.gpickle,9,0.650,10,3,3,8,4
./graph_db_node_9/p_0.65/graph_n9_p0.65_idx2.gpickle,9,0.650,2,3,3,6,5
./graph_db_node_9/p_0.65/graph_n9_p0.65_idx3.gpickle,9,0.650,3,4,4,10,9
./graph_db_node_9/p_0.65/graph_n9_p0.65_idx4.gpickle,9,0.650,4,4,4,8,7
./graph_db_node_9/p_0.65/graph_n9_p0.65_idx5.gpickle,9,0.650,5,4,4,12,11
./graph_db_node_9/p_0.65/graph_n9_p0.65_idx6.gpickle,9,0.650,6,3,3,4,4
./graph_db_node_9/p_0.65/graph_n9_p0.65_idx7.gpickle,9,0.650,7,4,4,7,5
./graph_db_node_9/p_0.65/graph_n9_p0.65_idx8.gpickle,9,0.650,8,4,4,7,6
./graph_db_node_9/p_0.65/graph_n9_p0.65_idx9.gpickle,9,0.650,9,4,4,6,5
./graph_db_node_9/p_0.7/graph_n9_p0.7_idx1.gpickle,9,0.700,1,4,4,10,8
./graph_db_node_9/p_0.7/graph_n9_p0.7_idx10.gpickle,9,0.700,10,4,4,9,9
./graph_db_node_9/p_0.7/graph_n9_p0.7_idx2.gpickle,9,0.700,2,4,4,7,7
./graph_db_node_9/p_0.7/graph_n9_p0.7_idx3.gpickle,9,0.700,3,3,3,4,4
./graph_db_node_9/p_0.7/graph_n9_p0.7_idx4.gpickle,9,0.700,4,4,4,6,6
./graph_db_node_9/p_0.7/graph_n9_p0.7_idx5.gpickle,9,0.700,5,4,4,8,8
./graph_db_node_9/p_0.7/graph_n9_p0.7_idx6.gpickle,9,0.700,6,4,4,9,7
./graph_db_node_9/p_0.7/graph_n9_p0.7_idx7.gpickle,9,0.700,7,3,3,10,6
./graph_db_node_9/p_0.7/graph_n9_p0.7_idx8.gpickle,9,0.700,8,4,4,9,8
./graph_db_node_9/p_0.7/graph_n9_p0.7_idx9.gpickle,9,0.700,9,4,4,8,9
./graph_db_node_9/p_0.8/graph_n9_p0.8_idx1.gpickle,9,0.800,1,3,3,5,5
./graph_db_node_9/p_0.8/graph_n9_p0.8_idx10.gpickle,9,0.800,10,4,4,6,5
./graph_db_node_9/p_0.8/graph_n9_p0.8_idx2.gpickle,9,0.800,2,3,3,5,4
./graph_db_node_9/p_0.8/graph_n9_p0.8_idx3.gpickle,9,0.800,3,4,4,5,5
./graph_db_node_9/p_0.8/graph_n9_p0.8_idx4.gpickle,9,0.800,4,4,4,5,5
./graph_db_node_9/p_0.8/graph_n9_p0.8_idx5.gpickle,9,0.800,5,4,4,11,10
./graph_db_node_9/p_0.8/graph_n9_p0.8_idx6.gpickle,9,0.800,6,4,4,8,6
./graph_db_node_9/p_0.8/graph_n9_p0.8_idx7.gpickle,9,0.800,7,3,3,6,6
./graph_db_node_9/p_0.8/graph_n9_p0.8_idx8.gpickle,9,0.800,8,4,4,6,6
./graph_db_node_9/p_0.8/graph_n9_p0.8_idx9.gpickle,9,0.800,9,4,4,7,5
./graph_db_node_9/p_0.9/graph_n9_p0.9_idx1.gpickle,9,0.900,1,3,3,3,3
./graph_db_node_9/p_0.9/graph_n9_p0.9_idx10.gpickle,9,0.900,10,2,2,1,1
./graph_db_node_9/p_0.9/graph_n9_p0.9_idx2.gpickle,9,0.900,2,4,4,3,3
./graph_db_node_9/p_0.9/graph_n9_p0.9_idx3.gpickle,9,0.900,3,3,3,5,5
./graph_db_node_9/p_0.9/graph_n9_p0.9_idx4.gpickle,9,0.900,4,4,4,5,5
./graph_db_node_9/p_0.9/graph_n9_p0.9_idx5.gpickle,9,0.900,5,4,4,3,3
./graph_db_node_9/p_0.9/graph_n9_p0.9_idx6.gpickle,9,0.900,6,3,3,2,2
./graph_db_node_9/p_0.9/graph_n9_p0.9_idx7.gpickle,9,0.900,7,3,3,5,3
./graph_db_node_9/p_0.9/graph_n9_p0.9_idx8.gpickle,9,0.900,8,3,3,5,5
./graph_db_node_9/p_0.9/graph_n9_p0.9_idx9.gpickle,9,0.900,9,3,3,6,5
./graph_db_node_10/p_0.1/graph_n10_p0.1_idx1.gpickle,10,0.100,1,3,3,4,3
./graph_db_node_10/p_0.1/graph_n10_p0.1_idx10.gpickle,10,0.100,10,4,4,5,3
./graph_db_node_10/p_0.1/graph_n10_p0.1_idx2.gpickle,10,0.100,2,5,5,7,6
./graph_db_node_10/p_0.1/graph_n10_p0.1_idx3.gpickle,10,0.100,3,4,4,3,3
./graph_db_node_10/p_0.1/graph_n10_p0.1_idx4.gpickle,10,0.100,4,3,3,6,3
./graph_db_node_10/p_0.1/graph_n10_p0.1_idx5.gpickle,10,0.100,5,4,4,4,4
./graph_db_node_10/p_0.1/graph_n10_p0.1_idx6.gpickle,10,0.100,6,3,3,5,4
./graph_db_node_10/p_0.1/graph_n10_p0.1_idx7.gpickle,10,0.100,7,4,4,9,8
./graph_db_node_10/p_0.1/graph_n10_p0.1_idx8.gpickle,10,0.100,8,4,4,8,4
./graph_db_node_10/p_0.1/graph_n10_p0.1_idx9.gpickle,10,0.100,9,3,3,6,5
./graph_db_node_10/p_0.2/graph_n10_p0.2_idx1.gpickle,10,0.200,1,4,4,5,5
./graph_db_node_10/p_0.2/graph_n10_p0.2_idx10.gpickle,10,0.200,10,4,4,7,4
./graph_db_node_10/p_0.2/graph_n10_p0.2_idx2.gpickle,10,0.200,2,3,3,3,2
./graph_db_node_10/p_0.2/graph_n10_p0.2_idx3.gpickle,10,0.200,3,5,5,7,7
./graph_db_node_10/p_0.2/graph_n10_p0.2_idx4.gpickle,10,0.200,4,3,3,7,5
./graph_db_node_10/p_0.2/graph_n10_p0.2_idx5.gpickle,10,0.200,5,4,4,9,7
./graph_db_node_10/p_0.2/graph_n10_p0.2_idx6.gpickle,10,0.200,6,4,4,10,7
./graph_db_node_10/p_0.2/graph_n10_p0.2_idx7.gpickle,10,0.200,7,4,4,4,3
./graph_db_node_10/p_0.2/graph_n10_p0.2_idx8.gpickle,10,0.200,8,4,4,5,4
./graph_db_node_10/p_0.2/graph_n10_p0.2_idx9.gpickle,10,0.200,9,4,4,5,5
./graph_db_node_10/p_0.3/graph_n10_p0.3_idx1.gpickle,10,0.300,1,5,5,10,7
./graph_db_node_10/p_0.3/graph_n10_p0.3_idx10.gpickle,10,0.300,10,3,3,7,5
./graph_db_node_10/p_0.3/graph_n10_p0.3_idx2.gpickle,10,0.300,2,4,4,9,7
./graph_db_node_10/p_0.3/graph_n10_p0.3_idx3.gpickle,10,0.300,3,3,3,6,6
./graph_db_node_10/p_0.3/graph_n10_p0.3_idx4.gpickle,10,0.300,4,4,4,5,5
./graph_db_node_10/p_0.3/graph_n10_p0.3_idx5.gpickle,10,0.300,5,3,3,4,4
./graph_db_node_10/p_0.3/graph_n10_p0.3_idx6.gpickle,10,0.300,6,4,4,10,8
./graph_db_node_10/p_0.3/graph_n10_p0.3_idx7.gpickle,10,0.300,7,4,4,7,7
./graph_db_node_10/p_0.3/graph_n10_p0.3_idx8.gpickle,10,0.300,8,4,4,7,5
./graph_db_node_10/p_0.3/graph_n10_p0.3_idx9.gpickle,10,0.300,9,4,4,10,8
./graph_db_node_10/p_0.4/graph_n10_p0.4_idx1.gpickle,10,0.400,1,4,4,11,10
./graph_db_node_10/p_0.4/graph_n10_p0.4_idx10.gpickle,10,0.400,10,5,5,9,8
./graph_db_node_10/p_0.4/graph_n10_p0.4_idx2.gpickle,10,0.400,2,5,5,12,11
./graph_db_node_10/p_0.4/graph_n10_p0.4_idx3.gpickle,10,0.400,3,5,5,12,9
./graph_db_node_10/p_0.4/graph_n10_p0.4_idx4.gpickle,10,0.400,4,5,5,11,11
./graph_db_node_10/p_0.4/graph_n10_p0.4_idx5.gpickle,10,0.400,5,4,4,8,5
./graph_db_node_10/p_0.4/graph_n10_p0.4_idx6.gpickle,10,0.400,6,4,4,7,5
./graph_db_node_10/p_0.4/graph_n10_p0.4_idx7.gpickle,10,0.400,7,4,4,11,10
./graph_db_node_10/p_0.4/graph_n10_p0.4_idx8.gpickle,10,0.400,8,4,4,8,6
./graph_db_node_10/p_0.4/graph_n10_p0.4_idx9.gpickle,10,0.400,9,5,5,8,6
./graph_db_node_10/p_0.45/graph_n10_p0.45_idx1.gpickle,10,0.450,1,5,5,16,12
./graph_db_node_10/p_0.45/graph_n10_p0.45_idx10.gpickle,10,0.450,10,5,5,11,9
./graph_db_node_10/p_0.45/graph_n10_p0.45_idx2.gpickle,10,0.450,2,5,5,11,9
./graph_db_node_10/p_0.45/graph_n10_p0.45_idx3.gpickle,10,0.450,3,4,4,6,5
./graph_db_node_10/p_0.45/graph_n10_p0.45_idx4.gpickle,10,0.450,4,5,5,9,7
./graph_db_node_10/p_0.45/graph_n10_p0.45_idx5.gpickle,10,0.450,5,4,4,9,12
./graph_db_node_10/p_0.45/graph_n10_p0.45_idx6.gpickle,10,0.450,6,4,4,9,9
./graph_db_node_10/p_0.45/graph_n10_p0.45_idx7.gpickle,10,0.450,7,4,4,6,5
./graph_db_node_10/p_0.45/graph_n10_p0.45_idx8.gpickle,10,0.450,8,4,4,11,9
./graph_db_node_10/p_0.45/graph_n10_p0.45_idx9.gpickle,10,0.450,9,4,4,9,10
./graph_db_node_10/p_0.5/graph_n10_p0.5_idx1.gpickle,10,0.500,1,4,4,11,8
./graph_db_node_10/p_0.5/graph_n10_p0.5_idx10.gpickle,10,0.500,10,4,4,11,8
./graph_db_node_10/p_0.5/graph_n10_p0.5_idx2.gpickle,10,0.500,2,4,4,11,10
./graph_db_node_10/p_0.5/graph_n10_p0.5_idx3.gpickle,10,0.500,3,4,4,9,8
./graph_db_node_10/p_0.5/graph_n10_p0.5_idx4.gpickle,10,0.500,4,4,4,10,10
./graph_db_node_10/p_0.5/graph_n10_p0.5_idx5.gpickle,10,0.500,5,4,4,7,6
./graph_db_node_10/p_0.5/graph_n10_p0.5_idx6.gpickle,10,0.500,6,4,4,13,10
./graph_db_node_10/p_0.5/graph_n10_p0.5_idx7.gpickle,10,0.500,7,3,3,7,7
./graph_db_node_10/p_0.5/graph_n10_p0.5_idx8.gpickle,10,0.500,8,4,4,13,11
./graph_db_node_10/p_0.5/graph_n10_p0.5_idx9.gpickle,10,0.500,9,4,4,13,11
./graph_db_node_10/p_0.55/graph_n10_p0.55_idx1.gpickle,10,0.550,1,4,4,12,10
./graph_db_node_10/p_0.55/graph_n10_p0.55_idx10.gpickle,10,0.550,10,5,5,14,11
./graph_db_node_10/p_0.55/graph_n10_p0.55_idx2.gpickle,10,0.550,2,5,5,10,9
./graph_db_node_10/p_0.55/graph_n10_p0.55_idx3.gpickle,10,0.550,3,5,5,10,10
./graph_db_node_10/p_0.55/graph_n10_p0.55_idx4.gpickle,10,0.550,4,5,5,9,9
./graph_db_node_10/p_0.55/graph_n10_p0.55_idx5.gpickle,10,0.550,5,4,4,12,6
./graph_db_node_10/p_0.55/graph_n10_p0.55_idx6.gpickle,10,0.550,6,4,4,10,9
./graph_db_node_10/p_0.55/graph_n10_p0.55_idx7.gpickle,10,0.550,7,4,4,11,11
./graph_db_node_10/p_0.55/graph_n10_p0.55_idx8.gpickle,10,0.550,8,4,4,9,7
./graph_db_node_10/p_0.55/graph_n10_p0.55_idx9.gpickle,10,0.550,9,4,4,6,6
./graph_db_node_10/p_0.6/graph_n10_p0.6_idx1.gpickle,10,0.600,1,5,5,13,11
./graph_db_node_10/p_0.6/graph_n10_p0.6_idx10.gpickle,10,0.600,10,5,5,11,11
./graph_db_node_10/p_0.6/graph_n10_p0.6_idx2.gpickle,10,0.600,2,4,4,10,9
./graph_db_node_10/p_0.6/graph_n10_p0.6_idx3.gpickle,10,0.600,3,4,4,8,6
./graph_db_node_10/p_0.6/graph_n10_p0.6_idx4.gpickle,10,0.600,4,4,4,10,9
./graph_db_node_10/p_0.6/graph_n10_p0.6_idx5.gpickle,10,0.600,5,5,5,11,11
./graph_db_node_10/p_0.6/graph_n10_p0.6_idx6.gpickle,10,0.600,6,4,4,15,9
./graph_db_node_10/p_0.6/graph_n10_p0.6_idx7.gpickle,10,0.600,7,4,4,12,9
./graph_db_node_10/p_0.6/graph_n10_p0.6_idx8.gpickle,10,0.600,8,4,4,10,9
./graph_db_node_10/p_0.6/graph_n10_p0.6_idx9.gpickle,10,0.600,9,3,3,9,9
./graph_db_node_10/p_0.65/graph_n10_p0.65_idx1.gpickle,10,0.650,1,4,4,11,11
./graph_db_node_10/p_0.65/graph_n10_p0.65_idx10.gpickle,10,0.650,10,4,4,6,6
./graph_db_node_10/p_0.65/graph_n10_p0.65_idx2.gpickle,10,0.650,2,4,4,11,10
./graph_db_node_10/p_0.65/graph_n10_p0.65_idx3.gpickle,10,0.650,3,5,5,9,8
./graph_db_node_10/p_0.65/graph_n10_p0.65_idx4.gpickle,10,0.650,4,5,5,12,13
./graph_db_node_10/p_0.65/graph_n10_p0.65_idx5.gpickle,10,0.650,5,4,4,9,8
./graph_db_node_10/p_0.65/graph_n10_p0.65_idx6.gpickle,10,0.650,6,4,4,8,6
./graph_db_node_10/p_0.65/graph_n10_p0.65_idx7.gpickle,10,0.650,7,4,4,11,9
./graph_db_node_10/p_0.65/graph_n10_p0.65_idx8.gpickle,10,0.650,8,4,4,9,7
./graph_db_node_10/p_0.65/graph_n10_p0.65_idx9.gpickle,10,0.650,9,4,4,12,10
./graph_db_node_10/p_0.7/graph_n10_p0.7_idx1.gpickle,10,0.700,1,5,5,9,8
./graph_db_node_10/p_0.7/graph_n10_p0.7_idx10.gpickle,10,0.700,10,4,4,9,9
./graph_db_node_10/p_0.7/graph_n10_p0.7_idx2.gpickle,10,0.700,2,4,4,10,8
./graph_db_node_10/p_0.7/graph_n10_p0.7_idx3.gpickle,10,0.700,3,4,4,9,7
./graph_db_node_10/p_0.7/graph_n10_p0.7_idx4.gpickle,10,0.700,4,4,4,11,9
./graph_db_node_10/p_0.7/graph_n10_p0.7_idx5.gpickle,10,0.700,5,4,4,11,10
./graph_db_node_10/p_0.7/graph_n10_p0.7_idx6.gpickle,10,0.700,6,5,5,14,12
./graph_db_node_10/p_0.7/graph_n10_p0.7_idx7.gpickle,10,0.700,7,4,4,13,12
./graph_db_node_10/p_0.7/graph_n10_p0.7_idx8.gpickle,10,0.700,8,4,4,12,10
./graph_db_node_10/p_0.7/graph_n10_p0.7_idx9.gpickle,10,0.700,9,4,4,13,13
./graph_db_node_10/p_0.8/graph_n10_p0.8_idx1.gpickle,10,0.800,1,4,4,7,5
./graph_db_node_10/p_0.8/graph_n10_p0.8_idx10.gpickle,10,0.800,10,4,4,8,6
./graph_db_node_10/p_0.8/graph_n10_p0.8_idx2.gpickle,10,0.800,2,3,3,4,3
./graph_db_node_10/p_0.8/graph_n10_p0.8_idx3.gpickle,10,0.800,3,5,5,10,9
./graph_db_node_10/p_0.8/graph_n10_p0.8_idx4.gpickle,10,0.800,4,4,4,11,6
./graph_db_node_10/p_0.8/graph_n10_p0.8_idx5.gpickle,10,0.800,5,4,4,7,5
./graph_db_node_10/p_0.8/graph_n10_p0.8_idx6.gpickle,10,0.800,6,4,4,6,5
./graph_db_node_10/p_0.8/graph_n10_p0.8_idx7.gpickle,10,0.800,7,5,5,7,7
./graph_db_node_10/p_0.8/graph_n10_p0.8_idx8.gpickle,10,0.800,8,4,4,4,4
./graph_db_node_10/p_0.8/graph_n10_p0.8_idx9.gpickle,10,0.800,9,4,4,11,7
./graph_db_node_10/p_0.9/graph_n10_p0.9_idx1.gpickle,10,0.900,1,4,4,5,4
./graph_db_node_10/p_0.9/graph_n10_p0.9_idx10.gpickle,10,0.900,10,3,3,3,3
./graph_db_node_10/p_0.9/graph_n10_p0.9_idx2.gpickle,10,0.900,2,4,4,3,3
./graph_db_node_10/p_0.9/graph_n10_p0.9_idx3.gpickle,10,0.900,3,4,4,5,4
./graph_db_node_10/p_0.9/graph_n10_p0.9_idx4.gpickle,10,0.900,4,4,4,7,5
./graph_db_node_10/p_0.9/graph_n10_p0.9_idx5.gpickle,10,0.900,5,3,3,4,4
./graph_db_node_10/p_0.9/graph_n10_p0.9_idx6.gpickle,10,0.900,6,3,3,2,2
./graph_db_node_10/p_0.9/graph_n10_p0.9_idx7.gpickle,10,0.900,7,3,3,3,3
./graph_db_node_10/p_0.9/graph_n10_p0.9_idx8.gpickle,10,0.900,8,4,4,6,5
./graph_db_node_10/p_0.9/graph_n10_p0.9_idx9.gpickle,10,0.900,9,3,3,4,3
./graph_db_node_11/p_0.1/graph_n11_p0.1_idx1.gpickle,11,0.100,1,3,3,4,2
./graph_db_node_11/p_0.1/graph_n11_p0.1_idx10.gpickle,11,0.100,10,4,4,3,3
./graph_db_node_11/p_0.1/graph_n11_p0.1_idx2.gpickle,11,0.100,2,4,4,6,5
./graph_db_node_11/p_0.1/graph_n11_p0.1_idx3.gpickle,11,0.100,3,3,3,5,3
./graph_db_node_11/p_0.1/graph_n11_p0.1_idx4.gpickle,11,0.100,4,3,3,4,3
./graph_db_node_11/p_0.1/graph_n11_p0.1_idx5.gpickle,11,0.100,5,5,5,6,6
./graph_db_node_11/p_0.1/graph_n11_p0.1_idx6.gpickle,11,0.100,6,4,4,7,7
./graph_db_node_11/p_0.1/graph_n11_p0.1_idx7.gpickle,11,0.100,7,3,3,4,3
./graph_db_node_11/p_0.1/graph_n11_p0.1_idx8.gpickle,11,0.100,8,4,4,7,3
./graph_db_node_11/p_0.1/graph_n11_p0.1_idx9.gpickle,11,0.100,9,3,3,3,3
./graph_db_node_11/p_0.2/graph_n11_p0.2_idx1.gpickle,11,0.200,1,5,5,10,7
./graph_db_node_11/p_0.2/graph_n11_p0.2_idx10.gpickle,11,0.200,10,4,4,7,8
./graph_db_node_11/p_0.2/graph_n11_p0.2_idx2.gpickle,11,0.200,2,4,4,6,5
./graph_db_node_11/p_0.2/graph_n11_p0.2_idx3.gpickle,11,0.200,3,4,4,7,7
./graph_db_node_11/p_0.2/graph_n11_p0.2_idx4.gpickle,11,0.200,4,4,4,9,9
./graph_db_node_11/p_0.2/graph_n11_p0.2_idx5.gpickle,11,0.200,5,5,5,13,10
./graph_db_node_11/p_0.2/graph_n11_p0.2_idx6.gpickle,11,0.200,6,5,5,4,4
./graph_db_node_11/p_0.2/graph_n11_p0.2_idx7.gpickle,11,0.200,7,3,3,4,4
./graph_db_node_11/p_0.2/graph_n11_p0.2_idx8.gpickle,11,0.200,8,4,4,4,4
./graph_db_node_11/p_0.2/graph_n11_p0.2_idx9.gpickle,11,0.200,9,4,4,7,5
./graph_db_node_11/p_0.3/graph_n11_p0.3_idx1.gpickle,11,0.300,1,5,5,7,6
./graph_db_node_11/p_0.3/graph_n11_p0.3_idx10.gpickle,11,0.300,10,5,5,14,11
./graph_db_node_11/p_0.3/graph_n11_p0.3_idx2.gpickle,11,0.300,2,4,4,11,8
./graph_db_node_11/p_0.3/graph_n11_p0.3_idx3.gpickle,11,0.300,3,4,4,13,10
./graph_db_node_11/p_0.3/graph_n11_p0.3_idx4.gpickle,11,0.300,4,4,4,11,7
./graph_db_node_11/p_0.3/graph_n11_p0.3_idx5.gpickle,11,0.300,5,5,5,10,9
./graph_db_node_11/p_0.3/graph_n11_p0.3_idx6.gpickle,11,0.300,6,5,5,13,12
./graph_db_node_11/p_0.3/graph_n11_p0.3_idx7.gpickle,11,0.300,7,5,5,10,7
./graph_db_node_11/p_0.3/graph_n11_p0.3_idx8.gpickle,11,0.300,8,5,5,10,8
./graph_db_node_11/p_0.3/graph_n11_p0.3_idx9.gpickle,11,0.300,9,4,4,10,10
./graph_db_node_11/p_0.4/graph_n11_p0.4_idx1.gpickle,11,0.400,1,5,5,12,11
./graph_db_node_11/p_0.4/graph_n11_p0.4_idx10.gpickle,11,0.400,10,5,5,16,12
./graph_db_node_11/p_0.4/graph_n11_p0.4_idx2.gpickle,11,0.400,2,5,5,10,9
./graph_db_node_11/p_0.4/graph_n11_p0.4_idx3.gpickle,11,0.400,3,5,5,12,11
./graph_db_node_11/p_0.4/graph_n11_p0.4_idx4.gpickle,11,0.400,4,5,5,14,15
./graph_db_node_11/p_0.4/graph_n11_p0.4_idx5.gpickle,11,0.400,5,5,5,16,12
./graph_db_node_11/p_0.4/graph_n11_p0.4_idx6.gpickle,11,0.400,6,4,4,11,10
./graph_db_node_11/p_0.4/graph_n11_p0.4_idx7.gpickle,11,0.400,7,5,5,13,11
./graph_db_node_11/p_0.4/graph_n11_p0.4_idx8.gpickle,11,0.400,8,4,4,13,10
./graph_db_node_11/p_0.4/graph_n11_p0.4_idx9.gpickle,11,0.400,9,5,5,12,9
./graph_db_node_11/p_0.45/graph_n11_p0.45_idx1.gpickle,11,0.450,1,5,5,13,13
./graph_db_node_11/p_0.45/graph_n11_p0.45_idx10.gpickle,11,0.450,10,5,5,14,9
./graph_db_node_11/p_0.45/graph_n11_p0.45_idx2.gpickle,11,0.450,2,5,5,14,14
./graph_db_node_11/p_0.45/graph_n11_p0.45_idx3.gpickle,11,0.450,3,5,5,15,10
./graph_db_node_11/p_0.45/graph_n11_p0.45_idx4.gpickle,11,0.450,4,5,5,11,10
./graph_db_node_11/p_0.45/graph_n11_p0.45_idx5.gpickle,11,0.450,5,5,5,14,14
./graph_db_node_11/p_0.45/graph_n11_p0.45_idx6.gpickle,11,0.450,6,5,5,13,13
./graph_db_node_11/p_0.45/graph_n11_p0.45_idx7.gpickle,11,0.450,7,5,5,10,10
./graph_db_node_11/p_0.45/graph_n11_p0.45_idx8.gpickle,11,0.450,8,4,4,13,11
./graph_db_node_11/p_0.45/graph_n11_p0.45_idx9.gpickle,11,0.450,9,5,5,13,14
./graph_db_node_11/p_0.5/graph_n11_p0.5_idx1.gpickle,11,0.500,1,5,5,15,10
./graph_db_node_11/p_0.5/graph_n11_p0.5_idx10.gpickle,11,0.500,10,5,5,16,11
./graph_db_node_11/p_0.5/graph_n11_p0.5_idx2.gpickle,11,0.500,2,5,5,11,10
./graph_db_node_11/p_0.5/graph_n11_p0.5_idx3.gpickle,11,0.500,3,5,5,10,8
./graph_db_node_11/p_0.5/graph_n11_p0.5_idx4.gpickle,11,0.500,4,4,4,9,7
./graph_db_node_11/p_0.5/graph_n11_p0.5_idx5.gpickle,11,0.500,5,5,5,13,12
./graph_db_node_11/p_0.5/graph_n11_p0.5_idx6.gpickle,11,0.500,6,5,5,15,13
./graph_db_node_11/p_0.5/graph_n11_p0.5_idx7.gpickle,11,0.500,7,4,4,13,12
./graph_db_node_11/p_0.5/graph_n11_p0.5_idx8.gpickle,11,0.500,8,5,5,17,11
./graph_db_node_11/p_0.5/graph_n11_p0.5_idx9.gpickle,11,0.500,9,5,5,17,14
./graph_db_node_11/p_0.55/graph_n11_p0.55_idx1.gpickle,11,0.550,1,5,5,16,17
./graph_db_node_11/p_0.55/graph_n11_p0.55_idx10.gpickle,11,0.550,10,5,5,14,12
./graph_db_node_11/p_0.55/graph_n11_p0.55_idx2.gpickle,11,0.550,2,5,5,14,13
./graph_db_node_11/p_0.55/graph_n11_p0.55_idx3.gpickle,11,0.550,3,4,4,16,11
./graph_db_node_11/p_0.55/graph_n11_p0.55_idx4.gpickle,11,0.550,4,4,4,11,10
./graph_db_node_11/p_0.55/graph_n11_p0.55_idx5.gpickle,11,0.550,5,5,5,13,11
./graph_db_node_11/p_0.55/graph_n11_p0.55_idx6.gpickle,11,0.550,6,5,5,14,13
./graph_db_node_11/p_0.55/graph_n11_p0.55_idx7.gpickle,11,0.550,7,4,4,12,14
./graph_db_node_11/p_0.55/graph_n11_p0.55_idx8.gpickle,11,0.550,8,5,5,14,10
./graph_db_node_11/p_0.55/graph_n11_p0.55_idx9.gpickle,11,0.550,9,5,5,15,14
./graph_db_node_11/p_0.6/graph_n11_p0.6_idx1.gpickle,11,0.600,1,5,5,15,11
./graph_db_node_11/p_0.6/graph_n11_p0.6_idx10.gpickle,11,0.600,10,5,5,15,15
./graph_db_node_11/p_0.6/graph_n11_p0.6_idx2.gpickle,11,0.600,2,5,5,12,11
./graph_db_node_11/p_0.6/graph_n11_p0.6_idx3.gpickle,11,0.600,3,5,5,14,11
./graph_db_node_11/p_0.6/graph_n11_p0.6_idx4.gpickle,11,0.600,4,5,5,15,13
./graph_db_node_11/p_0.6/graph_n11_p0.6_idx5.gpickle,11,0.600,5,5,5,15,12
./graph_db_node_11/p_0.6/graph_n11_p0.6_idx6.gpickle,11,0.600,6,5,5,16,15
./graph_db_node_11/p_0.6/graph_n11_p0.6_idx7.gpickle,11,0.600,7,4,4,13,11
./graph_db_node_11/p_0.6/graph_n11_p0.6_idx8.gpickle,11,0.600,8,5,5,14,13
./graph_db_node_11/p_0.6/graph_n11_p0.6_idx9.gpickle,11,0.600,9,5,5,12,15
./graph_db_node_11/p_0.65/graph_n11_p0.65_idx1.gpickle,11,0.650,1,4,4,12,13
./graph_db_node_11/p_0.65/graph_n11_p0.65_idx10.gpickle,11,0.650,10,5,5,11,12
./graph_db_node_11/p_0.65/graph_n11_p0.65_idx2.gpickle,11,0.650,2,4,4,16,15
./graph_db_node_11/p_0.65/graph_n11_p0.65_idx3.gpickle,11,0.650,3,5,5,13,12
./graph_db_node_11/p_0.65/graph_n11_p0.65_idx4.gpickle,11,0.650,4,4,4,13,10
./graph_db_node_11/p_0.65/graph_n11_p0.65_idx5.gpickle,11,0.650,5,5,5,13,13
./graph_db_node_11/p_0.65/graph_n11_p0.65_idx6.gpickle,11,0.650,6,5,5,17,14
./graph_db_node_11/p_0.65/graph_n11_p0.65_idx7.gpickle,11,0.650,7,5,5,10,11
./graph_db_node_11/p_0.65/graph_n11_p0.65_idx8.gpickle,11,0.650,8,5,5,17,14
./graph_db_node_11/p_0.65/graph_n11_p0.65_idx9.gpickle,11,0.650,9,4,4,12,12
./graph_db_node_11/p_0.7/graph_n11_p0.7_idx1.gpickle,11,0.700,1,5,5,8,7
./graph_db_node_11/p_0.7/graph_n11_p0.7_idx10.gpickle,11,0.700,10,4,4,13,11
./graph_db_node_11/p_0.7/graph_n11_p0.7_idx2.gpickle,11,0.700,2,5,5,14,13
./graph_db_node_11/p_0.7/graph_n11_p0.7_idx3.gpickle,11,0.700,3,5,5,11,10
./graph_db_node_11/p_0.7/graph_n11_p0.7_idx4.gpickle,11,0.700,4,5,5,15,14
./graph_db_node_11/p_0.7/graph_n11_p0.7_idx5.gpickle,11,0.700,5,4,4,10,7
./graph_db_node_11/p_0.7/graph_n11_p0.7_idx6.gpickle,11,0.700,6,4,4,14,12
./graph_db_node_11/p_0.7/graph_n11_p0.7_idx7.gpickle,11,0.700,7,5,5,14,13
./graph_db_node_11/p_0.7/graph_n11_p0.7_idx8.gpickle,11,0.700,8,4,4,10,9
./graph_db_node_11/p_0.7/graph_n11_p0.7_idx9.gpickle,11,0.700,9,5,5,11,10
./graph_db_node_11/p_0.8/graph_n11_p0.8_idx1.gpickle,11,0.800,1,4,4,11,9
./graph_db_node_11/p_0.8/graph_n11_p0.8_idx10.gpickle,11,0.800,10,4,4,8,7
./graph_db_node_11/p_0.8/graph_n11_p0.8_idx2.gpickle,11,0.800,2,4,4,5,4
./graph_db_node_11/p_0.8/graph_n11_p0.8_idx3.gpickle,11,0.800,3,4,4,6,5
./graph_db_node_11/p_0.8/graph_n11_p0.8_idx4.gpickle,11,0.800,4,4,4,9,9
./graph_db_node_11/p_0.8/graph_n11_p0.8_idx5.gpickle,11,0.800,5,5,5,12,10
./graph_db_node_11/p_0.8/graph_n11_p0.8_idx6.gpickle,11,0.800,6,4,4,8,8
./graph_db_node_11/p_0.8/graph_n11_p0.8_idx7.gpickle,11,0.800,7,5,5,9,7
./graph_db_node_11/p_0.8/graph_n11_p0.8_idx8.gpickle,11,0.800,8,5,5,11,10
./graph_db_node_11/p_0.8/graph_n11_p0.8_idx9.gpickle,11,0.800,9,4,4,9,7
./graph_db_node_11/p_0.9/graph_n11_p0.9_idx1.gpickle,11,0.900,1,3,3,6,4
./graph_db_node_11/p_0.9/graph_n11_p0.9_idx10.gpickle,11,0.900,10,4,4,8,6
./graph_db_node_11/p_0.9/graph_n11_p0.9_idx2.gpickle,11,0.900,2,3,3,5,3
./graph_db_node_11/p_0.9/graph_n11_p0.9_idx3.gpickle,11,0.900,3,4,4,11,8
./graph_db_node_11/p_0.9/graph_n11_p0.9_idx4.gpickle,11,0.900,4,4,4,9,8
./graph_db_node_11/p_0.9/graph_n11_p0.9_idx5.gpickle,11,0.900,5,4,4,8,6
./graph_db_node_11/p_0.9/graph_n11_p0.9_idx6.gpickle,11,0.900,6,3,3,2,2
./graph_db_node_11/p_0.9/graph_n11_p0.9_idx7.gpickle,11,0.900,7,4,4,5,4
./graph_db_node_11/p_0.9/graph_n11_p0.9_idx8.gpickle,11,0.900,8,4,4,6,4
./graph_db_node_11/p_0.9/graph_n11_p0.9_idx9.gpickle,11,0.900,9,5,5,7,7
./graph_db_node_12/p_0.1/graph_n12_p0.1_idx1.gpickle,12,0.100,1,5,5,11,8
./graph_db_node_12/p_0.1/graph_n12_p0.1_idx10.gpickle,12,0.100,10,3,3,5,4
./graph_db_node_12/p_0.1/graph_n12_p0.1_idx2.gpickle,12,0.100,2,4,4,4,4
./graph_db_node_12/p_0.1/graph_n12_p0.1_idx3.gpickle,12,0.100,3,4,4,5,3
./graph_db_node_12/p_0.1/graph_n12_p0.1_idx4.gpickle,12,0.100,4,3,3,8,5
./graph_db_node_12/p_0.1/graph_n12_p0.1_idx5.gpickle,12,0.100,5,5,5,5,5
./graph_db_node_12/p_0.1/graph_n12_p0.1_idx6.gpickle,12,0.100,6,5,5,8,7
./graph_db_node_12/p_0.1/graph_n12_p0.1_idx7.gpickle,12,0.100,7,4,4,8,7
./graph_db_node_12/p_0.1/graph_n12_p0.1_idx8.gpickle,12,0.100,8,5,5,7,4
./graph_db_node_12/p_0.1/graph_n12_p0.1_idx9.gpickle,12,0.100,9,3,3,3,3
./graph_db_node_12/p_0.2/graph_n12_p0.2_idx1.gpickle,12,0.200,1,6,6,11,10
./graph_db_node_12/p_0.2/graph_n12_p0.2_idx10.gpickle,12,0.200,10,4,4,11,6
./graph_db_node_12/p_0.2/graph_n12_p0.2_idx2.gpickle,12,0.200,2,5,5,9,6
./graph_db_node_12/p_0.2/graph_n12_p0.2_idx3.gpickle,12,0.200,3,4,4,9,8
./graph_db_node_12/p_0.2/graph_n12_p0.2_idx4.gpickle,12,0.200,4,5,5,10,8
./graph_db_node_12/p_0.2/graph_n12_p0.2_idx5.gpickle,12,0.200,5,5,5,7,7
./graph_db_node_12/p_0.2/graph_n12_p0.2_idx6.gpickle,12,0.200,6,5,5,15,16
./graph_db_node_12/p_0.2/graph_n12_p0.2_idx7.gpickle,12,0.200,7,3,3,9,7
./graph_db_node_12/p_0.2/graph_n12_p0.2_idx8.gpickle,12,0.200,8,4,4,6,5
./graph_db_node_12/p_0.2/graph_n12_p0.2_idx9.gpickle,12,0.200,9,4,4,6,6
./graph_db_node_12/p_0.3/graph_n12_p0.3_idx1.gpickle,12,0.300,1,6,6,18,15
./graph_db_node_12/p_0.3/graph_n12_p0.3_idx10.gpickle,12,0.300,10,6,6,11,10
./graph_db_node_12/p_0.3/graph_n12_p0.3_idx2.gpickle,12,0.300,2,4,4,10,10
./graph_db_node_12/p_0.3/graph_n12_p0.3_idx3.gpickle,12,0.300,3,5,5,8,9
./graph_db_node_12/p_0.3/graph_n12_p0.3_idx4.gpickle,12,0.300,4,4,4,8,8
./graph_db_node_12/p_0.3/graph_n12_p0.3_idx5.gpickle,12,0.300,5,4,4,5,4
./graph_db_node_12/p_0.3/graph_n12_p0.3_idx6.gpickle,12,0.300,6,4,4,9,8
./graph_db_node_12/p_0.3/graph_n12_p0.3_idx7.gpickle,12,0.300,7,5,5,12,14
./graph_db_node_12/p_0.3/graph_n12_p0.3_idx8.gpickle,12,0.300,8,5,5,11,11
./graph_db_node_12/p_0.3/graph_n12_p0.3_idx9.gpickle,12,0.300,9,5,5,13,14
./graph_db_node_12/p_0.4/graph_n12_p0.4_idx1.gpickle,12,0.400,1,6,6,16,16
./graph_db_node_12/p_0.4/graph_n12_p0.4_idx10.gpickle,12,0.400,10,5,5,21,19
./graph_db_node_12/p_0.4/graph_n12_p0.4_idx2.gpickle,12,0.400,2,5,5,16,16
./graph_db_node_12/p_0.4/graph_n12_p0.4_idx3.gpickle,12,0.400,3,5,5,14,13
./graph_db_node_12/p_0.4/graph_n12_p0.4_idx4.gpickle,12,0.400,4,5,5,13,11
./graph_db_node_12/p_0.4/graph_n12_p0.4_idx5.gpickle,12,0.400,5,5,5,17,10
./graph_db_node_12/p_0.4/graph_n12_p0.4_idx6.gpickle,12,0.400,6,5,5,17,14
./graph_db_node_12/p_0.4/graph_n12_p0.4_idx7.gpickle,12,0.400,7,5,5,16,14
./graph_db_node_12/p_0.4/graph_n12_p0.4_idx8.gpickle,12,0.400,8,6,6,15,14
./graph_db_node_12/p_0.4/graph_n12_p0.4_idx9.gpickle,12,0.400,9,6,6,18,14
./graph_db_node_12/p_0.45/graph_n12_p0.45_idx1.gpickle,12,0.450,1,6,6,21,15
./graph_db_node_12/p_0.45/graph_n12_p0.45_idx10.gpickle,12,0.450,10,5,5,17,15
./graph_db_node_12/p_0.45/graph_n12_p0.45_idx2.gpickle,12,0.450,2,5,5,19,17
./graph_db_node_12/p_0.45/graph_n12_p0.45_idx3.gpickle,12,0.450,3,5,5,16,10
./graph_db_node_12/p_0.45/graph_n12_p0.45_idx4.gpickle,12,0.450,4,5,5,17,14
./graph_db_node_12/p_0.45/graph_n12_p0.45_idx5.gpickle,12,0.450,5,5,5,19,17
./graph_db_node_12/p_0.45/graph_n12_p0.45_idx6.gpickle,12,0.450,6,6,6,17,16
./graph_db_node_12/p_0.45/graph_n12_p0.45_idx7.gpickle,12,0.450,7,4,4,14,11
./graph_db_node_12/p_0.45/graph_n12_p0.45_idx8.gpickle,12,0.450,8,5,5,19,15
./graph_db_node_12/p_0.45/graph_n12_p0.45_idx9.gpickle,12,0.450,9,5,5,19,15
./graph_db_node_12/p_0.5/graph_n12_p0.5_idx1.gpickle,12,0.500,1,6,6,17,18
./graph_db_node_12/p_0.5/graph_n12_p0.5_idx10.gpickle,12,0.500,10,4,4,14,15
./graph_db_node_12/p_0.5/graph_n12_p0.5_idx2.gpickle,12,0.500,2,5,5,19,13
./graph_db_node_12/p_0.5/graph_n12_p0.5_idx3.gpickle,12,0.500,3,6,6,17,16
./graph_db_node_12/p_0.5/graph_n12_p0.5_idx4.gpickle,12,0.500,4,6,6,22,16
./graph_db_node_12/p_0.5/graph_n12_p0.5_idx5.gpickle,12,0.500,5,6,6,20,18
./graph_db_node_12/p_0.5/graph_n12_p0.5_idx6.gpickle,12,0.500,6,5,5,11,12
./graph_db_node_12/p_0.5/graph_n12_p0.5_idx7.gpickle,12,0.500,7,6,6,11,11
./graph_db_node_12/p_0.5/graph_n12_p0.5_idx8.gpickle,12,0.500,8,5,5,17,18
./graph_db_node_12/p_0.5/graph_n12_p0.5_idx9.gpickle,12,0.500,9,5,5,15,14
./graph_db_node_12/p_0.55/graph_n12_p0.55_idx1.gpickle,12,0.550,1,6,6,16,17
./graph_db_node_12/p_0.55/graph_n12_p0.55_idx10.gpickle,12,0.550,10,5,5,18,17
./graph_db_node_12/p_0.55/graph_n12_p0.55_idx2.gpickle,12,0.550,2,6,6,15,13
./graph_db_node_12/p_0.55/graph_n12_p0.55_idx3.gpickle,12,0.550,3,5,5,19,16
./graph_db_node_12/p_0.55/graph_n12_p0.55_idx4.gpickle,12,0.550,4,6,6,19,14
./graph_db_node_12/p_0.55/graph_n12_p0.55_idx5.gpickle,12,0.550,5,5,5,12,12
./graph_db_node_12/p_0.55/graph_n12_p0.55_idx6.gpickle,12,0.550,6,5,5,17,15
./graph_db_node_12/p_0.55/graph_n12_p0.55_idx7.gpickle,12,0.550,7,5,5,18,16
./graph_db_node_12/p_0.55/graph_n12_p0.55_idx8.gpickle,12,0.550,8,6,6,16,15
./graph_db_node_12/p_0.55/graph_n12_p0.55_idx9.gpickle,12,0.550,9,6,6,16,17
./graph_db_node_12/p_0.6/graph_n12_p0.6_idx1.gpickle,12,0.600,1,5,5,18,14
./graph_db_node_12/p_0.6/graph_n12_p0.6_idx10.gpickle,12,0.600,10,6,6,15,14
./graph_db_node_12/p_0.6/graph_n12_p0.6_idx2.gpickle,12,0.600,2,5,5,15,15
./graph_db_node_12/p_0.6/graph_n12_p0.6_idx3.gpickle,12,0.600,3,5,5,16,17
./graph_db_node_12/p_0.6/graph_n12_p0.6_idx4.gpickle,12,0.600,4,6,6,17,16
./graph_db_node_12/p_0.6/graph_n12_p0.6_idx5.gpickle,12,0.600,5,5,5,17,17
./graph_db_node_12/p_0.6/graph_n12_p0.6_idx6.gpickle,12,0.600,6,6,6,18,16
./graph_db_node_12/p_0.6/graph_n12_p0.6_idx7.gpickle,12,0.600,7,5,5,20,13
./graph_db_node_12/p_0.6/graph_n12_p0.6_idx8.gpickle,12,0.600,8,4,4,14,14
./graph_db_node_12/p_0.6/graph_n12_p0.6_idx9.gpickle,12,0.600,9,6,6,17,15
./graph_db_node_12/p_0.65/graph_n12_p0.65_idx1.gpickle,12,0.650,1,4,4,12,11
./graph_db_node_12/p_0.65/graph_n12_p0.65_idx10.gpickle,12,0.650,10,5,5,17,18
./graph_db_node_12/p_0.65/graph_n12_p0.65_idx2.gpickle,12,0.650,2,5,5,17,15
./graph_db_node_12/p_0.65/graph_n12_p0.65_idx3.gpickle,12,0.650,3,5,5,17,15
./graph_db_node_12/p_0.65/graph_n12_p0.65_idx4.gpickle,12,0.650,4,6,6,20,16
./graph_db_node_12/p_0.65/graph_n12_p0.65_idx5.gpickle,12,0.650,5,5,5,18,15
./graph_db_node_12/p_0.65/graph_n12_p0.65_idx6.gpickle,12,0.650,6,6,6,15,14
./graph_db_node_12/p_0.65/graph_n12_p0.65_idx7.gpickle,12,0.650,7,6,6,16,16
./graph_db_node_12/p_0.65/graph_n12_p0.65_idx8.gpickle,12,0.650,8,5,5,20,16
./graph_db_node_12/p_0.65/graph_n12_p0.65_idx9.gpickle,12,0.650,9,4,4,18,13
./graph_db_node_12/p_0.7/graph_n12_p0.7_idx1.gpickle,12,0.700,1,5,5,10,10
./graph_db_node_12/p_0.7/graph_n12_p0.7_idx10.gpickle,12,0.700,10,5,5,14,12
./graph_db_node_12/p_0.7/graph_n12_p0.7_idx2.gpickle,12,0.700,2,5,5,14,16
./graph_db_node_12/p_0.7/graph_n12_p0.7_idx3.gpickle,12,0.700,3,4,4,10,10
./graph_db_node_12/p_0.7/graph_n12_p0.7_idx4.gpickle,12,0.700,4,5,5,14,12
./graph_db_node_12/p_0.7/graph_n12_p0.7_idx5.gpickle,12,0.700,5,5,5,16,14
./graph_db_node_12/p_0.7/graph_n12_p0.7_idx6.gpickle,12,0.700,6,5,5,16,15
./graph_db_node_12/p_0.7/graph_n12_p0.7_idx7.gpickle,12,0.700,7,5,5,18,16
./graph_db_node_12/p_0.7/graph_n12_p0.7_idx8.gpickle,12,0.700,8,5,5,19,18
./graph_db_node_12/p_0.7/graph_n12_p0.7_idx9.gpickle,12,0.700,9,5,5,22,17
./graph_db_node_12/p_0.8/graph_n12_p0.8_idx1.gpickle,12,0.800,1,5,5,9,7
./graph_db_node_12/p_0.8/graph_n12_p0.8_idx10.gpickle,12,0.800,10,5,5,12,5
./graph_db_node_12/p_0.8/graph_n12_p0.8_idx2.gpickle,12,0.800,2,6,6,9,7
./graph_db_node_12/p_0.8/graph_n12_p0.8_idx3.gpickle,12,0.800,3,5,5,14,14
./graph_db_node_12/p_0.8/graph_n12_p0.8_idx4.gpickle,12,0.800,4,5,5,12,11
./graph_db_node_12/p_0.8/graph_n12_p0.8_idx5.gpickle,12,0.800,5,5,5,12,13
./graph_db_node_12/p_0.8/graph_n12_p0.8_idx6.gpickle,12,0.800,6,4,4,10,10
./graph_db_node_12/p_0.8/graph_n12_p0.8_idx7.gpickle,12,0.800,7,4,4,11,10
./graph_db_node_12/p_0.8/graph_n12_p0.8_idx8.gpickle,12,0.800,8,5,5,17,13
./graph_db_node_12/p_0.8/graph_n12_p0.8_idx9.gpickle,12,0.800,9,4,4,16,13
./graph_db_node_12/p_0.9/graph_n12_p0.9_idx1.gpickle,12,0.900,1,4,4,5,4
./graph_db_node_12/p_0.9/graph_n12_p0.9_idx10.gpickle,12,0.900,10,5,5,11,8
./graph_db_node_12/p_0.9/graph_n12_p0.9_idx2.gpickle,12,0.900,2,4,4,6,6
./graph_db_node_12/p_0.9/graph_n12_p0.9_idx3.gpickle,12,0.900,3,5,5,11,11
./graph_db_node_12/p_0.9/graph_n12_p0.9_idx4.gpickle,12,0.900,4,5,5,9,7
./graph_db_node_12/p_0.9/graph_n12_p0.9_idx5.gpickle,12,0.900,5,5,5,7,6
./graph_db_node_12/p_0.9/graph_n12_p0.9_idx6.gpickle,12,0.900,6,3,3,5,3
./graph_db_node_12/p_0.9/graph_n12_p0.9_idx7.gpickle,12,0.900,7,4,4,6,5
./graph_db_node_12/p_0.9/graph_n12_p0.9_idx8.gpickle,12,0.900,8,5,5,5,5
./graph_db_node_12/p_0.9/graph_n12_p0.9_idx9.gpickle,12,0.900,9,5,5,7,5
./graph_db_node_13/p_0.1/graph_n13_p0.1_idx1.gpickle,13,0.100,1,4,4,5,5
./graph_db_node_13/p_0.1/graph_n13_p0.1_idx10.gpickle,13,0.100,10,4,4,7,6
./graph_db_node_13/p_0.1/graph_n13_p0.1_idx2.gpickle,13,0.100,2,4,4,8,4
./graph_db_node_13/p_0.1/graph_n13_p0.1_idx3.gpickle,13,0.100,3,5,5,11,8
./graph_db_node_13/p_0.1/graph_n13_p0.1_idx4.gpickle,13,0.100,4,4,4,4,4
./graph_db_node_13/p_0.1/graph_n13_p0.1_idx5.gpickle,13,0.100,5,6,6,12,9
./graph_db_node_13/p_0.1/graph_n13_p0.1_idx6.gpickle,13,0.100,6,5,5,12,9
./graph_db_node_13/p_0.1/graph_n13_p0.1_idx7.gpickle,13,0.100,7,5,5,7,8
./graph_db_node_13/p_0.1/graph_n13_p0.1_idx8.gpickle,13,0.100,8,5,5,11,7
./graph_db_node_13/p_0.1/graph_n13_p0.1_idx9.gpickle,13,0.100,9,4,4,6,5
./graph_db_node_13/p_0.2/graph_n13_p0.2_idx1.gpickle,13,0.200,1,5,5,15,10
./graph_db_node_13/p_0.2/graph_n13_p0.2_idx10.gpickle,13,0.200,10,5,5,4,4
./graph_db_node_13/p_0.2/graph_n13_p0.2_idx2.gpickle,13,0.200,2,6,6,13,10
./graph_db_node_13/p_0.2/graph_n13_p0.2_idx3.gpickle,13,0.200,3,4,4,5,4
./graph_db_node_13/p_0.2/graph_n13_p0.2_idx4.gpickle,13,0.200,4,6,6,15,9
./graph_db_node_13/p_0.2/graph_n13_p0.2_idx5.gpickle,13,0.200,5,5,5,10,7
./graph_db_node_13/p_0.2/graph_n13_p0.2_idx6.gpickle,13,0.200,6,5,5,11,9
./graph_db_node_13/p_0.2/graph_n13_p0.2_idx7.gpickle,13,0.200,7,5,5,10,7
./graph_db_node_13/p_0.2/graph_n13_p0.2_idx8.gpickle,13,0.200,8,4,4,9,7
./graph_db_node_13/p_0.2/graph_n13_p0.2_idx9.gpickle,13,0.200,9,5,5,15,14
./graph_db_node_13/p_0.3/graph_n13_p0.3_idx1.gpickle,13,0.300,1,5,5,23,15
./graph_db_node_13/p_0.3/graph_n13_p0.3_idx10.gpickle,13,0.300,10,6,6,20,14
./graph_db_node_13/p_0.3/graph_n13_p0.3_idx2.gpickle,13,0.300,2,6,6,16,11
./graph_db_node_13/p_0.3/graph_n13_p0.3_idx3.gpickle,13,0.300,3,6,6,11,10
./graph_db_node_13/p_0.3/graph_n13_p0.3_idx4.gpickle,13,0.300,4,5,5,17,11
./graph_db_node_13/p_0.3/graph_n13_p0.3_idx5.gpickle,13,0.300,5,5,5,12,12
./graph_db_node_13/p_0.3/graph_n13_p0.3_idx6.gpickle,13,0.300,6,4,4,10,8
./graph_db_node_13/p_0.3/graph_n13_p0.3_idx7.gpickle,13,0.300,7,5,5,10,10
./graph_db_node_13/p_0.3/graph_n13_p0.3_idx8.gpickle,13,0.300,8,5,5,18,13
./graph_db_node_13/p_0.3/graph_n13_p0.3_idx9.gpickle,13,0.300,9,5,5,15,11
./graph_db_node_13/p_0.4/graph_n13_p0.4_idx1.gpickle,13,0.400,1,5,5,19,16
./graph_db_node_13/p_0.4/graph_n13_p0.4_idx10.gpickle,13,0.400,10,5,5,21,19
./graph_db_node_13/p_0.4/graph_n13_p0.4_idx2.gpickle,13,0.400,2,6,6,19,14
./graph_db_node_13/p_0.4/graph_n13_p0.4_idx3.gpickle,13,0.400,3,6,6,20,16
./graph_db_node_13/p_0.4/graph_n13_p0.4_idx4.gpickle,13,0.400,4,6,6,23,20
./graph_db_node_13/p_0.4/graph_n13_p0.4_idx5.gpickle,13,0.400,5,5,5,18,15
./graph_db_node_13/p_0.4/graph_n13_p0.4_idx6.gpickle,13,0.400,6,6,6,22,20
./graph_db_node_13/p_0.4/graph_n13_p0.4_idx7.gpickle,13,0.400,7,6,6,21,21
./graph_db_node_13/p_0.4/graph_n13_p0.4_idx8.gpickle,13,0.400,8,5,5,23,17
./graph_db_node_13/p_0.4/graph_n13_p0.4_idx9.gpickle,13,0.400,9,5,5,18,17
./graph_db_node_13/p_0.45/graph_n13_p0.45_idx1.gpickle,13,0.450,1,5,5,18,17
./graph_db_node_13/p_0.45/graph_n13_p0.45_idx10.gpickle,13,0.450,10,6,6,21,17
./graph_db_node_13/p_0.45/graph_n13_p0.45_idx2.gpickle,13,0.450,2,5,5,18,14
./graph_db_node_13/p_0.45/graph_n13_p0.45_idx3.gpickle,13,0.450,3,6,6,23,17
./graph_db_node_13/p_0.45/graph_n13_p0.45_idx4.gpickle,13,0.450,4,6,6,18,17
./graph_db_node_13/p_0.45/graph_n13_p0.45_idx5.gpickle,13,0.450,5,6,6,22,20
./graph_db_node_13/p_0.45/graph_n13_p0.45_idx6.gpickle,13,0.450,6,6,6,24,14
./graph_db_node_13/p_0.45/graph_n13_p0.45_idx7.gpickle,13,0.450,7,6,6,24,21
./graph_db_node_13/p_0.45/graph_n13_p0.45_idx8.gpickle,13,0.450,8,5,5,23,20
./graph_db_node_13/p_0.45/graph_n13_p0.45_idx9.gpickle,13,0.450,9,6,6,22,16
./graph_db_node_13/p_0.5/graph_n13_p0.5_idx1.gpickle,13,0.500,1,6,6,23,23
./graph_db_node_13/p_0.5/graph_n13_p0.5_idx10.gpickle,13,0.500,10,5,5,18,20
./graph_db_node_13/p_0.5/graph_n13_p0.5_idx2.gpickle,13,0.500,2,6,6,19,20
./graph_db_node_13/p_0.5/graph_n13_p0.5_idx3.gpickle,13,0.500,3,6,6,24,21
./graph_db_node_13/p_0.5/graph_n13_p0.5_idx4.gpickle,13,0.500,4,6,6,20,20
./graph_db_node_13/p_0.5/graph_n13_p0.5_idx5.gpickle,13,0.500,5,6,6,19,20
./graph_db_node_13/p_0.5/graph_n13_p0.5_idx6.gpickle,13,0.500,6,6,6,24,19
./graph_db_node_13/p_0.5/graph_n13_p0.5_idx7.gpickle,13,0.500,7,5,5,21,17
./graph_db_node_13/p_0.5/graph_n13_p0.5_idx8.gpickle,13,0.500,8,6,6,25,19
./graph_db_node_13/p_0.5/graph_n13_p0.5_idx9.gpickle,13,0.500,9,6,6,22,20
./graph_db_node_13/p_0.55/graph_n13_p0.55_idx1.gpickle,13,0.550,1,6,6,26,21
./graph_db_node_13/p_0.55/graph_n13_p0.55_idx10.gpickle,13,0.550,10,6,6,25,20
./graph_db_node_13/p_0.55/graph_n13_p0.55_idx2.gpickle,13,0.550,2,6,6,18,16
./graph_db_node_13/p_0.55/graph_n13_p0.55_idx3.gpickle,13,0.550,3,6,6,23,19
./graph_db_node_13/p_0.55/graph_n13_p0.55_idx4.gpickle,13,0.550,4,6,6,20,19
./graph_db_node_13/p_0.55/graph_n13_p0.55_idx5.gpickle,13,0.550,5,6,6,19,19
./graph_db_node_13/p_0.55/graph_n13_p0.55_idx6.gpickle,13,0.550,6,6,6,20,19
./graph_db_node_13/p_0.55/graph_n13_p0.55_idx7.gpickle,13,0.550,7,6,6,19,17
./graph_db_node_13/p_0.55/graph_n13_p0.55_idx8.gpickle,13,0.550,8,5,5,19,14
./graph_db_node_13/p_0.55/graph_n13_p0.55_idx9.gpickle,13,0.550,9,6,6,21,19
./graph_db_node_13/p_0.6/graph_n13_p0.6_idx1.gpickle,13,0.600,1,6,6,24,22
./graph_db_node_13/p_0.6/graph_n13_p0.6_idx10.gpickle,13,0.600,10,6,6,23,22
./graph_db_node_13/p_0.6/graph_n13_p0.6_idx2.gpickle,13,0.600,2,6,6,17,13
./graph_db_node_13/p_0.6/graph_n13_p0.6_idx3.gpickle,13,0.600,3,6,6,21,20
./graph_db_node_13/p_0.6/graph_n13_p0.6_idx4.gpickle,13,0.600,4,6,6,17,15
./graph_db_node_13/p_0.6/graph_n13_p0.6_idx5.gpickle,13,0.600,5,6,6,15,15
./graph_db_node_13/p_0.6/graph_n13_p0.6_idx6.gpickle,13,0.600,6,6,6,22,20
./graph_db_node_13/p_0.6/graph_n13_p0.6_idx7.gpickle,13,0.600,7,5,5,21,18
./graph_db_node_13/p_0.6/graph_n13_p0.6_idx8.gpickle,13,0.600,8,6,6,25,21
./graph_db_node_13/p_0.6/graph_n13_p0.6_idx9.gpickle,13,0.600,9,6,6,20,17
./graph_db_node_13/p_0.65/graph_n13_p0.65_idx1.gpickle,13,0.650,1,6,6,20,21
./graph_db_node_13/p_0.65/graph_n13_p0.65_idx10.gpickle,13,0.650,10,6,6,23,20
./graph_db_node_13/p_0.65/graph_n13_p0.65_idx2.gpickle,13,0.650,2,6,6,21,14
./graph_db_node_13/p_0.65/graph_n13_p0.65_idx3.gpickle,13,0.650,3,5,5,20,18
./graph_db_node_13/p_0.65/graph_n13_p0.65_idx4.gpickle,13,0.650,4,6,6,19,20
./graph_db_node_13/p_0.65/graph_n13_p0.65_idx5.gpickle,13,0.650,5,6,6,21,17
./graph_db_node_13/p_0.65/graph_n13_p0.65_idx6.gpickle,13,0.650,6,5,5,21,18
./graph_db_node_13/p_0.65/graph_n13_p0.65_idx7.gpickle,13,0.650,7,6,6,20,20
./graph_db_node_13/p_0.65/graph_n13_p0.65_idx8.gpickle,13,0.650,8,6,6,18,19
./graph_db_node_13/p_0.65/graph_n13_p0.65_idx9.gpickle,13,0.650,9,6,6,16,12
./graph_db_node_13/p_0.7/graph_n13_p0.7_idx1.gpickle,13,0.700,1,5,5,19,16
./graph_db_node_13/p_0.7/graph_n13_p0.7_idx10.gpickle,13,0.700,10,5,5,19,14
./graph_db_node_13/p_0.7/graph_n13_p0.7_idx2.gpickle,13,0.700,2,6,6,20,16
./graph_db_node_13/p_0.7/graph_n13_p0.7_idx3.gpickle,13,0.700,3,6,6,13,10
./graph_db_node_13/p_0.7/graph_n13_p0.7_idx4.gpickle,13,0.700,4,6,6,22,19
./graph_db_node_13/p_0.7/graph_n13_p0.7_idx5.gpickle,13,0.700,5,6,6,18,20
./graph_db_node_13/p_0.7/graph_n13_p0.7_idx6.gpickle,13,0.700,6,6,6,18,18
./graph_db_node_13/p_0.7/graph_n13_p0.7_idx7.gpickle,13,0.700,7,5,5,18,14
./graph_db_node_13/p_0.7/graph_n13_p0.7_idx8.gpickle,13,0.700,8,5,5,19,18
./graph_db_node_13/p_0.7/graph_n13_p0.7_idx9.gpickle,13,0.700,9,6,6,17,14
./graph_db_node_13/p_0.8/graph_n13_p0.8_idx1.gpickle,13,0.800,1,5,5,9,8
./graph_db_node_13/p_0.8/graph_n13_p0.8_idx10.gpickle,13,0.800,10,5,5,12,12
./graph_db_node_13/p_0.8/graph_n13_p0.8_idx2.gpickle,13,0.800,2,5,5,11,8
./graph_db_node_13/p_0.8/graph_n13_p0.8_idx3.gpickle,13,0.800,3,5,5,16,11
./graph_db_node_13/p_0.8/graph_n13_p0.8_idx4.gpickle,13,0.800,4,6,6,19,16
./graph_db_node_13/p_0.8/graph_n13_p0.8_idx5.gpickle,13,0.800,5,5,5,15,10
./graph_db_node_13/p_0.8/graph_n13_p0.8_idx6.gpickle,13,0.800,6,5,5,15,11
./graph_db_node_13/p_0.8/graph_n13_p0.8_idx7.gpickle,13,0.800,7,5,5,11,9
./graph_db_node_13/p_0.8/graph_n13_p0.8_idx8.gpickle,13,0.800,8,5,5,18,14
./graph_db_node_13/p_0.8/graph_n13_p0.8_idx9.gpickle,13,0.800,9,5,5,16,15
./graph_db_node_13/p_0.9/graph_n13_p0.9_idx1.gpickle,13,0.900,1,6,6,8,6
./graph_db_node_13/p_0.9/graph_n13_p0.9_idx10.gpickle,13,0.900,10,5,5,16,12
./graph_db_node_13/p_0.9/graph_n13_p0.9_idx2.gpickle,13,0.900,2,4,4,5,4
./graph_db_node_13/p_0.9/graph_n13_p0.9_idx3.gpickle,13,0.900,3,6,6,13,10
./graph_db_node_13/p_0.9/graph_n13_p0.9_idx4.gpickle,13,0.900,4,5,5,20,17
./graph_db_node_13/p_0.9/graph_n13_p0.9_idx5.gpickle,13,0.900,5,5,5,6,6
./graph_db_node_13/p_0.9/graph_n13_p0.9_idx6.gpickle,13,0.900,6,3,3,4,4
./graph_db_node_13/p_0.9/graph_n13_p0.9_idx7.gpickle,13,0.900,7,3,3,6,6
./graph_db_node_13/p_0.9/graph_n13_p0.9_idx8.gpickle,13,0.900,8,5,5,6,5
./graph_db_node_13/p_0.9/graph_n13_p0.9_idx9.gpickle,13,0.900,9,5,5,9,7
./graph_db_node_14/p_0.1/graph_n14_p0.1_idx1.gpickle,14,0.100,1,5,5,8,7
./graph_db_node_14/p_0.1/graph_n14_p0.1_idx10.gpickle,14,0.100,10,4,4,9,6
./graph_db_node_14/p_0.1/graph_n14_p0.1_idx2.gpickle,14,0.100,2,6,6,7,5
./graph_db_node_14/p_0.1/graph_n14_p0.1_idx3.gpickle,14,0.100,3,3,3,5,4
./graph_db_node_14/p_0.1/graph_n14_p0.1_idx4.gpickle,14,0.100,4,5,5,10,8
./graph_db_node_14/p_0.1/graph_n14_p0.1_idx5.gpickle,14,0.100,5,5,5,4,4
./graph_db_node_14/p_0.1/graph_n14_p0.1_idx6.gpickle,14,0.100,6,6,6,7,6
./graph_db_node_14/p_0.1/graph_n14_p0.1_idx7.gpickle,14,0.100,7,7,7,11,8
./graph_db_node_14/p_0.1/graph_n14_p0.1_idx8.gpickle,14,0.100,8,6,6,13,11
./graph_db_node_14/p_0.1/graph_n14_p0.1_idx9.gpickle,14,0.100,9,5,5,11,12
./graph_db_node_14/p_0.2/graph_n14_p0.2_idx1.gpickle,14,0.200,1,6,6,13,12
./graph_db_node_14/p_0.2/graph_n14_p0.2_idx10.gpickle,14,0.200,10,5,5,16,11
./graph_db_node_14/p_0.2/graph_n14_p0.2_idx2.gpickle,14,0.200,2,6,6,13,11
./graph_db_node_14/p_0.2/graph_n14_p0.2_idx3.gpickle,14,0.200,3,6,6,11,7
./graph_db_node_14/p_0.2/graph_n14_p0.2_idx4.gpickle,14,0.200,4,6,6,15,12
./graph_db_node_14/p_0.2/graph_n14_p0.2_idx5.gpickle,14,0.200,5,6,6,12,11
./graph_db_node_14/p_0.2/graph_n14_p0.2_idx6.gpickle,14,0.200,6,6,6,10,10
./graph_db_node_14/p_0.2/graph_n14_p0.2_idx7.gpickle,14,0.200,7,5,5,8,7
./graph_db_node_14/p_0.2/graph_n14_p0.2_idx8.gpickle,14,0.200,8,4,4,12,10
./graph_db_node_14/p_0.2/graph_n14_p0.2_idx9.gpickle,14,0.200,9,6,6,19,13
./graph_db_node_14/p_0.3/graph_n14_p0.3_idx1.gpickle,14,0.300,1,5,5,17,13
./graph_db_node_14/p_0.3/graph_n14_p0.3_idx10.gpickle,14,0.300,10,6,6,21,19
./graph_db_node_14/p_0.3/graph_n14_p0.3_idx2.gpickle,14,0.300,2,6,6,14,13
./graph_db_node_14/p_0.3/graph_n14_p0.3_idx3.gpickle,14,0.300,3,6,6,15,13
./graph_db_node_14/p_0.3/graph_n14_p0.3_idx4.gpickle,14,0.300,4,6,6,24,15
./graph_db_node_14/p_0.3/graph_n14_p0.3_idx5.gpickle,14,0.300,5,6,6,20,20
./graph_db_node_14/p_0.3/graph_n14_p0.3_idx6.gpickle,14,0.300,6,6,6,20,15
./graph_db_node_14/p_0.3/graph_n14_p0.3_idx7.gpickle,14,0.300,7,6,6,17,14
./graph_db_node_14/p_0.3/graph_n14_p0.3_idx8.gpickle,14,0.300,8,7,7,15,15
./graph_db_node_14/p_0.3/graph_n14_p0.3_idx9.gpickle,14,0.300,9,6,6,29,25
./graph_db_node_14/p_0.4/graph_n14_p0.4_idx1.gpickle,14,0.400,1,6,6,23,23
./graph_db_node_14/p_0.4/graph_n14_p0.4_idx10.gpickle,14,0.400,10,6,6,26,19
./graph_db_node_14/p_0.4/graph_n14_p0.4_idx2.gpickle,14,0.400,2,7,7,25,22
./graph_db_node_14/p_0.4/graph_n14_p0.4_idx3.gpickle,14,0.400,3,7,7,23,22
./graph_db_node_14/p_0.4/graph_n14_p0.4_idx4.gpickle,14,0.400,4,6,6,24,24
./graph_db_node_14/p_0.4/graph_n14_p0.4_idx5.gpickle,14,0.400,5,6,6,21,19
./graph_db_node_14/p_0.4/graph_n14_p0.4_idx6.gpickle,14,0.400,6,6,6,21,17
./graph_db_node_14/p_0.4/graph_n14_p0.4_idx7.gpickle,14,0.400,7,6,6,22,18
./graph_db_node_14/p_0.4/graph_n14_p0.4_idx8.gpickle,14,0.400,8,6,6,19,18
./graph_db_node_14/p_0.4/graph_n14_p0.4_idx9.gpickle,14,0.400,9,6,6,22,20
./graph_db_node_14/p_0.45/graph_n14_p0.45_idx1.gpickle,14,0.450,1,6,6,25,25
./graph_db_node_14/p_0.45/graph_n14_p0.45_idx10.gpickle,14,0.450,10,6,6,22,24
./graph_db_node_14/p_0.45/graph_n14_p0.45_idx2.gpickle,14,0.450,2,6,6,25,21
./graph_db_node_14/p_0.45/graph_n14_p0.45_idx3.gpickle,14,0.450,3,5,5,19,18
./graph_db_node_14/p_0.45/graph_n14_p0.45_idx4.gpickle,14,0.450,4,6,6,26,18
./graph_db_node_14/p_0.45/graph_n14_p0.45_idx5.gpickle,14,0.450,5,7,7,27,22
./graph_db_node_14/p_0.45/graph_n14_p0.45_idx6.gpickle,14,0.450,6,6,6,24,25
./graph_db_node_14/p_0.45/graph_n14_p0.45_idx7.gpickle,14,0.450,7,5,5,13,12
./graph_db_node_14/p_0.45/graph_n14_p0.45_idx8.gpickle,14,0.450,8,6,6,24,25
./graph_db_node_14/p_0.45/graph_n14_p0.45_idx9.gpickle,14,0.450,9,6,6,22,18
./graph_db_node_14/p_0.5/graph_n14_p0.5_idx1.gpickle,14,0.500,1,7,7,23,20
./graph_db_node_14/p_0.5/graph_n14_p0.5_idx10.gpickle,14,0.500,10,7,7,21,23
./graph_db_node_14/p_0.5/graph_n14_p0.5_idx2.gpickle,14,0.500,2,6,6,22,23
./graph_db_node_14/p_0.5/graph_n14_p0.5_idx3.gpickle,14,0.500,3,6,6,22,21
./graph_db_node_14/p_0.5/graph_n14_p0.5_idx4.gpickle,14,0.500,4,6,6,21,20
./graph_db_node_14/p_0.5/graph_n14_p0.5_idx5.gpickle,14,0.500,5,7,7,26,21
./graph_db_node_14/p_0.5/graph_n14_p0.5_idx6.gpickle,14,0.500,6,7,7,23,23
./graph_db_node_14/p_0.5/graph_n14_p0.5_idx7.gpickle,14,0.500,7,5,5,24,21
./graph_db_node_14/p_0.5/graph_n14_p0.5_idx8.gpickle,14,0.500,8,6,6,23,19
./graph_db_node_14/p_0.5/graph_n14_p0.5_idx9.gpickle,14,0.500,9,6,6,19,17
./graph_db_node_14/p_0.55/graph_n14_p0.55_idx1.gpickle,14,0.550,1,6,6,23,18
./graph_db_node_14/p_0.55/graph_n14_p0.55_idx10.gpickle,14,0.550,10,6,6,25,24
./graph_db_node_14/p_0.55/graph_n14_p0.55_idx2.gpickle,14,0.550,2,6,6,26,22
./graph_db_node_14/p_0.55/graph_n14_p0.55_idx3.gpickle,14,0.550,3,6,6,25,19
./graph_db_node_14/p_0.55/graph_n14_p0.55_idx4.gpickle,14,0.550,4,6,6,28,24
./graph_db_node_14/p_0.55/graph_n14_p0.55_idx5.gpickle,14,0.550,5,6,6,22,22
./graph_db_node_14/p_0.55/graph_n14_p0.55_idx6.gpickle,14,0.550,6,6,6,25,24
./graph_db_node_14/p_0.55/graph_n14_p0.55_idx7.gpickle,14,0.550,7,6,6,27,25
./graph_db_node_14/p_0.55/graph_n14_p0.55_idx8.gpickle,14,0.550,8,7,7,25,22
./graph_db_node_14/p_0.55/graph_n14_p0.55_idx9.gpickle,14,0.550,9,6,6,24,19
./graph_db_node_14/p_0.6/graph_n14_p0.6_idx1.gpickle,14,0.600,1,6,6,25,18
./graph_db_node_14/p_0.6/graph_n14_p0.6_idx10.gpickle,14,0.600,10,6,6,21,19
./graph_db_node_14/p_0.6/graph_n14_p0.6_idx2.gpickle,14,0.600,2,6,6,21,18
./graph_db_node_14/p_0.6/graph_n14_p0.6_idx3.gpickle,14,0.600,3,6,6,27,24
./graph_db_node_14/p_0.6/graph_n14_p0.6_idx4.gpickle,14,0.600,4,6,6,25,21
./graph_db_node_14/p_0.6/graph_n14_p0.6_idx5.gpickle,14,0.600,5,6,6,23,20
./graph_db_node_14/p_0.6/graph_n14_p0.6_idx6.gpickle,14,0.600,6,6,6,27,25
./graph_db_node_14/p_0.6/graph_n14_p0.6_idx7.gpickle,14,0.600,7,6,6,28,28
./graph_db_node_14/p_0.6/graph_n14_p0.6_idx8.gpickle,14,0.600,8,6,6,22,19
./graph_db_node_14/p_0.6/graph_n14_p0.6_idx9.gpickle,14,0.600,9,6,6,24,20
./graph_db_node_14/p_0.65/graph_n14_p0.65_idx1.gpickle,14,0.650,1,6,6,19,18
./graph_db_node_14/p_0.65/graph_n14_p0.65_idx10.gpickle,14,0.650,10,7,7,27,21
./graph_db_node_14/p_0.65/graph_n14_p0.65_idx2.gpickle,14,0.650,2,6,6,27,21
./graph_db_node_14/p_0.65/graph_n14_p0.65_idx3.gpickle,14,0.650,3,6,6,25,21
./graph_db_node_14/p_0.65/graph_n14_p0.65_idx4.gpickle,14,0.650,4,6,6,19,23
./graph_db_node_14/p_0.65/graph_n14_p0.65_idx5.gpickle,14,0.650,5,5,5,27,21
./graph_db_node_14/p_0.65/graph_n14_p0.65_idx6.gpickle,14,0.650,6,6,6,26,22
./graph_db_node_14/p_0.65/graph_n14_p0.65_idx7.gpickle,14,0.650,7,6,6,26,19
./graph_db_node_14/p_0.65/graph_n14_p0.65_idx8.gpickle,14,0.650,8,6,6,28,24
./graph_db_node_14/p_0.65/graph_n14_p0.65_idx9.gpickle,14,0.650,9,7,7,23,21
./graph_db_node_14/p_0.7/graph_n14_p0.7_idx1.gpickle,14,0.700,1,6,6,23,21
./graph_db_node_14/p_0.7/graph_n14_p0.7_idx10.gpickle,14,0.700,10,6,6,29,22
./graph_db_node_14/p_0.7/graph_n14_p0.7_idx2.gpickle,14,0.700,2,6,6,28,24
./graph_db_node_14/p_0.7/graph_n14_p0.7_idx3.gpickle,14,0.700,3,6,6,20,16
./graph_db_node_14/p_0.7/graph_n14_p0.7_idx4.gpickle,14,0.700,4,6,6,21,17
./graph_db_node_14/p_0.7/graph_n14_p0.7_idx5.gpickle,14,0.700,5,6,6,22,19
./graph_db_node_14/p_0.7/graph_n14_p0.7_idx6.gpickle,14,0.700,6,6,6,19,16
./graph_db_node_14/p_0.7/graph_n14_p0.7_idx7.gpickle,14,0.700,7,6,6,24,21
./graph_db_node_14/p_0.7/graph_n14_p0.7_idx8.gpickle,14,0.700,8,7,7,25,24
./graph_db_node_14/p_0.7/graph_n14_p0.7_idx9.gpickle,14,0.700,9,6,6,25,20
./graph_db_node_14/p_0.8/graph_n14_p0.8_idx1.gpickle,14,0.800,1,6,6,15,12
./graph_db_node_14/p_0.8/graph_n14_p0.8_idx10.gpickle,14,0.800,10,6,6,15,17
./graph_db_node_14/p_0.8/graph_n14_p0.8_idx2.gpickle,14,0.800,2,5,5,14,13
./graph_db_node_14/p_0.8/graph_n14_p0.8_idx3.gpickle,14,0.800,3,6,6,23,20
./graph_db_node_14/p_0.8/graph_n14_p0.8_idx4.gpickle,14,0.800,4,6,6,24,20
./graph_db_node_14/p_0.8/graph_n14_p0.8_idx5.gpickle,14,0.800,5,7,7,16,17
./graph_db_node_14/p_0.8/graph_n14_p0.8_idx6.gpickle,14,0.800,6,6,6,17,14
./graph_db_node_14/p_0.8/graph_n14_p0.8_idx7.gpickle,14,0.800,7,6,6,17,16
./graph_db_node_14/p_0.8/graph_n14_p0.8_idx8.gpickle,14,0.800,8,6,6,13,14
./graph_db_node_14/p_0.8/graph_n14_p0.8_idx9.gpickle,14,0.800,9,6,6,22,21
./graph_db_node_14/p_0.9/graph_n14_p0.9_idx1.gpickle,14,0.900,1,5,5,7,7
./graph_db_node_14/p_0.9/graph_n14_p0.9_idx10.gpickle,14,0.900,10,6,6,15,10
./graph_db_node_14/p_0.9/graph_n14_p0.9_idx2.gpickle,14,0.900,2,4,4,9,5
./graph_db_node_14/p_0.9/graph_n14_p0.9_idx3.gpickle,14,0.900,3,6,6,13,12
./graph_db_node_14/p_0.9/graph_n14_p0.9_idx4.gpickle,14,0.900,4,5,5,22,16
./graph_db_node_14/p_0.9/graph_n14_p0.9_idx5.gpickle,14,0.900,5,6,6,8,7
./graph_db_node_14/p_0.9/graph_n14_p0.9_idx6.gpickle,14,0.900,6,4,4,5,5
./graph_db_node_14/p_0.9/graph_n14_p0.9_idx7.gpickle,14,0.900,7,5,5,7,6
./graph_db_node_14/p_0.9/graph_n14_p0.9_idx8.gpickle,14,0.900,8,5,5,11,10
./graph_db_node_14/p_0.9/graph_n14_p0.9_idx9.gpickle,14,0.900,9,5,5,12,9
./graph_db_node_15/p_0.1/graph_n15_p0.1_idx1.gpickle,15,0.100,1,5,5,9,6
./graph_db_node_15/p_0.1/graph_n15_p0.1_idx10.gpickle,15,0.100,10,7,7,18,12
./graph_db_node_15/p_0.1/graph_n15_p0.1_idx2.gpickle,15,0.100,2,6,6,10,9
./graph_db_node_15/p_0.1/graph_n15_p0.1_idx3.gpickle,15,0.100,3,5,5,9,6
./graph_db_node_15/p_0.1/graph_n15_p0.1_idx4.gpickle,15,0.100,4,5,5,5,4
./graph_db_node_15/p_0.1/graph_n15_p0.1_idx5.gpickle,15,0.100,5,7,7,9,9
./graph_db_node_15/p_0.1/graph_n15_p0.1_idx6.gpickle,15,0.100,6,5,5,7,7
./graph_db_node_15/p_0.1/graph_n15_p0.1_idx7.gpickle,15,0.100,7,5,5,12,6
./graph_db_node_15/p_0.1/graph_n15_p0.1_idx8.gpickle,15,0.100,8,5,5,7,5
./graph_db_node_15/p_0.1/graph_n15_p0.1_idx9.gpickle,15,0.100,9,5,5,13,8
./graph_db_node_15/p_0.2/graph_n15_p0.2_idx1.gpickle,15,0.200,1,6,6,16,14
./graph_db_node_15/p_0.2/graph_n15_p0.2_idx10.gpickle,15,0.200,10,6,6,10,11
./graph_db_node_15/p_0.2/graph_n15_p0.2_idx2.gpickle,15,0.200,2,5,5,14,12
./graph_db_node_15/p_0.2/graph_n15_p0.2_idx3.gpickle,15,0.200,3,6,6,22,15
./graph_db_node_15/p_0.2/graph_n15_p0.2_idx4.gpickle,15,0.200,4,5,5,11,11
./graph_db_node_15/p_0.2/graph_n15_p0.2_idx5.gpickle,15,0.200,5,6,6,16,9
./graph_db_node_15/p_0.2/graph_n15_p0.2_idx6.gpickle,15,0.200,6,4,4,16,11
./graph_db_node_15/p_0.2/graph_n15_p0.2_idx7.gpickle,15,0.200,7,5,5,13,7
./graph_db_node_15/p_0.2/graph_n15_p0.2_idx8.gpickle,15,0.200,8,5,5,13,12
./graph_db_node_15/p_0.2/graph_n15_p0.2_idx9.gpickle,15,0.200,9,6,6,17,12
./graph_db_node_15/p_0.3/graph_n15_p0.3_idx1.gpickle,15,0.300,1,6,6,23,23
./graph_db_node_15/p_0.3/graph_n15_p0.3_idx10.gpickle,15,0.300,10,6,6,21,20
./graph_db_node_15/p_0.3/graph_n15_p0.3_idx2.gpickle,15,0.300,2,6,6,19,15
./graph_db_node_15/p_0.3/graph_n15_p0.3_idx3.gpickle,15,0.300,3,6,6,15,21
./graph_db_node_15/p_0.3/graph_n15_p0.3_idx4.gpickle,15,0.300,4,7,7,23,25
./graph_db_node_15/p_0.3/graph_n15_p0.3_idx5.gpickle,15,0.300,5,7,7,21,20
./graph_db_node_15/p_0.3/graph_n15_p0.3_idx6.gpickle,15,0.300,6,6,6,15,11
./graph_db_node_15/p_0.3/graph_n15_p0.3_idx7.gpickle,15,0.300,7,6,6,22,18
./graph_db_node_15/p_0.3/graph_n15_p0.3_idx8.gpickle,15,0.300,8,7,7,27,25
./graph_db_node_15/p_0.3/graph_n15_p0.3_idx9.gpickle,15,0.300,9,6,6,25,23
./graph_db_node_15/p_0.4/graph_n15_p0.4_idx1.gpickle,15,0.400,1,6,6,32,25
./graph_db_node_15/p_0.4/graph_n15_p0.4_idx10.gpickle,15,0.400,10,6,6,26,24
./graph_db_node_15/p_0.4/graph_n15_p0.4_idx2.gpickle,15,0.400,2,7,7,27,23
./graph_db_node_15/p_0.4/graph_n15_p0.4_idx3.gpickle,15,0.400,3,6,6,29,26
./graph_db_node_15/p_0.4/graph_n15_p0.4_idx4.gpickle,15,0.400,4,7,7,28,24
./graph_db_node_15/p_0.4/graph_n15_p0.4_idx5.gpickle,15,0.400,5,7,7,29,24
./graph_db_node_15/p_0.4/graph_n15_p0.4_idx6.gpickle,15,0.400,6,5,5,27,23
./graph_db_node_15/p_0.4/graph_n15_p0.4_idx7.gpickle,15,0.400,7,7,7,23,24
./graph_db_node_15/p_0.4/graph_n15_p0.4_idx8.gpickle,15,0.400,8,6,6,27,24
./graph_db_node_15/p_0.4/graph_n15_p0.4_idx9.gpickle,15,0.400,9,7,7,33,26
./graph_db_node_15/p_0.45/graph_n15_p0.45_idx1.gpickle,15,0.450,1,7,7,26,25
./graph_db_node_15/p_0.45/graph_n15_p0.45_idx10.gpickle,15,0.450,10,7,7,25,29
./graph_db_node_15/p_0.45/graph_n15_p0.45_idx2.gpickle,15,0.450,2,6,6,29,25
./graph_db_node_15/p_0.45/graph_n15_p0.45_idx3.gpickle,15,0.450,3,7,7,26,24
./graph_db_node_15/p_0.45/graph_n15_p0.45_idx4.gpickle,15,0.450,4,7,7,22,22
./graph_db_node_15/p_0.45/graph_n15_p0.45_idx5.gpickle,15,0.450,5,6,6,26,22
./graph_db_node_15/p_0.45/graph_n15_p0.45_idx6.gpickle,15,0.450,6,7,7,33,28
./graph_db_node_15/p_0.45/graph_n15_p0.45_idx7.gpickle,15,0.450,7,6,6,25,21
./graph_db_node_15/p_0.45/graph_n15_p0.45_idx8.gpickle,15,0.450,8,7,7,30,20
./graph_db_node_15/p_0.45/graph_n15_p0.45_idx9.gpickle,15,0.450,9,6,6,24,23
./graph_db_node_15/p_0.5/graph_n15_p0.5_idx1.gpickle,15,0.500,1,7,7,29,21
./graph_db_node_15/p_0.5/graph_n15_p0.5_idx10.gpickle,15,0.500,10,6,6,28,23
./graph_db_node_15/p_0.5/graph_n15_p0.5_idx2.gpickle,15,0.500,2,7,7,26,27
./graph_db_node_15/p_0.5/graph_n15_p0.5_idx3.gpickle,15,0.500,3,7,7,26,23
./graph_db_node_15/p_0.5/graph_n15_p0.5_idx4.gpickle,15,0.500,4,7,7,31,27
./graph_db_node_15/p_0.5/graph_n15_p0.5_idx5.gpickle,15,0.500,5,7,7,25,26
./graph_db_node_15/p_0.5/graph_n15_p0.5_idx6.gpickle,15,0.500,6,7,7,34,29
./graph_db_node_15/p_0.5/graph_n15_p0.5_idx7.gpickle,15,0.500,7,7,7,30,23
./graph_db_node_15/p_0.5/graph_n15_p0.5_idx8.gpickle,15,0.500,8,7,7,27,26
./graph_db_node_15/p_0.5/graph_n15_p0.5_idx9.gpickle,15,0.500,9,7,7,28,24
./graph_db_node_15/p_0.55/graph_n15_p0.55_idx1.gpickle,15,0.550,1,7,7,31,26
./graph_db_node_15/p_0.55/graph_n15_p0.55_idx10.gpickle,15,0.550,10,7,7,29,26
./graph_db_node_15/p_0.55/graph_n15_p0.55_idx2.gpickle,15,0.550,2,7,7,27,29
./graph_db_node_15/p_0.55/graph_n15_p0.55_idx3.gpickle,15,0.550,3,7,7,26,24
./graph_db_node_15/p_0.55/graph_n15_p0.55_idx4.gpickle,15,0.550,4,7,7,31,23
./graph_db_node_15/p_0.55/graph_n15_p0.55_idx5.gpickle,15,0.550,5,6,6,29,28
./graph_db_node_15/p_0.55/graph_n15_p0.55_idx6.gpickle,15,0.550,6,7,7,28,25
./graph_db_node_15/p_0.55/graph_n15_p0.55_idx7.gpickle,15,0.550,7,7,7,26,28
./graph_db_node_15/p_0.55/graph_n15_p0.55_idx8.gpickle,15,0.550,8,6,6,28,29
./graph_db_node_15/p_0.55/graph_n15_p0.55_idx9.gpickle,15,0.550,9,7,7,36,25
./graph_db_node_15/p_0.6/graph_n15_p0.6_idx1.gpickle,15,0.600,1,7,7,34,30
./graph_db_node_15/p_0.6/graph_n15_p0.6_idx10.gpickle,15,0.600,10,7,7,28,26
./graph_db_node_15/p_0.6/graph_n15_p0.6_idx2.gpickle,15,0.600,2,7,7,28,22
./graph_db_node_15/p_0.6/graph_n15_p0.6_idx3.gpickle,15,0.600,3,7,7,28,24
./graph_db_node_15/p_0.6/graph_n15_p0.6_idx4.gpickle,15,0.600,4,7,7,29,24
./graph_db_node_15/p_0.6/graph_n15_p0.6_idx5.gpickle,15,0.600,5,7,7,28,26
./graph_db_node_15/p_0.6/graph_n15_p0.6_idx6.gpickle,15,0.600,6,7,7,28,25
./graph_db_node_15/p_0.6/graph_n15_p0.6_idx7.gpickle,15,0.600,7,7,7,25,23
./graph_db_node_15/p_0.6/graph_n15_p0.6_idx8.gpickle,15,0.600,8,6,6,27,26
./graph_db_node_15/p_0.6/graph_n15_p0.6_idx9.gpickle,15,0.600,9,7,7,26,27
./graph_db_node_15/p_0.65/graph_n15_p0.65_idx1.gpickle,15,0.650,1,6,6,22,21
./graph_db_node_15/p_0.65/graph_n15_p0.65_idx10.gpickle,15,0.650,10,6,6,26,26
./graph_db_node_15/p_0.65/graph_n15_p0.65_idx2.gpickle,15,0.650,2,7,7,28,23
./graph_db_node_15/p_0.65/graph_n15_p0.65_idx3.gpickle,15,0.650,3,7,7,29,23
./graph_db_node_15/p_0.65/graph_n15_p0.65_idx4.gpickle,15,0.650,4,7,7,28,22
./graph_db_node_15/p_0.65/graph_n15_p0.65_idx5.gpickle,15,0.650,5,7,7,30,27
./graph_db_node_15/p_0.65/graph_n15_p0.65_idx6.gpickle,15,0.650,6,7,7,28,24
./graph_db_node_15/p_0.65/graph_n15_p0.65_idx7.gpickle,15,0.650,7,7,7,29,22
./graph_db_node_15/p_0.65/graph_n15_p0.65_idx8.gpickle,15,0.650,8,7,7,26,23
./graph_db_node_15/p_0.65/graph_n15_p0.65_idx9.gpickle,15,0.650,9,6,6,31,23
./graph_db_node_15/p_0.7/graph_n15_p0.7_idx1.gpickle,15,0.700,1,6,6,27,23
./graph_db_node_15/p_0.7/graph_n15_p0.7_idx10.gpickle,15,0.700,10,7,7,31,24
./graph_db_node_15/p_0.7/graph_n15_p0.7_idx2.gpickle,15,0.700,2,7,7,25,29
./graph_db_node_15/p_0.7/graph_n15_p0.7_idx3.gpickle,15,0.700,3,7,7,26,22
./graph_db_node_15/p_0.7/graph_n15_p0.7_idx4.gpickle,15,0.700,4,7,7,29,24
./graph_db_node_15/p_0.7/graph_n15_p0.7_idx5.gpickle,15,0.700,5,7,7,28,24
./graph_db_node_15/p_0.7/graph_n15_p0.7_idx6.gpickle,15,0.700,6,7,7,28,22
./graph_db_node_15/p_0.7/graph_n15_p0.7_idx7.gpickle,15,0.700,7,6,6,23,23
./graph_db_node_15/p_0.7/graph_n15_p0.7_idx8.gpickle,15,0.700,8,6,6,28,25
./graph_db_node_15/p_0.7/graph_n15_p0.7_idx9.gpickle,15,0.700,9,7,7,32,29
./graph_db_node_15/p_0.8/graph_n15_p0.8_idx1.gpickle,15,0.800,1,7,7,23,16
./graph_db_node_15/p_0.8/graph_n15_p0.8_idx10.gpickle,15,0.800,10,6,6,27,24
./graph_db_node_15/p_0.8/graph_n15_p0.8_idx2.gpickle,15,0.800,2,5,5,20,21
./graph_db_node_15/p_0.8/graph_n15_p0.8_idx3.gpickle,15,0.800,3,7,7,24,25
./graph_db_node_15/p_0.8/graph_n15_p0.8_idx4.gpickle,15,0.800,4,7,7,31,31
./graph_db_node_15/p_0.8/graph_n15_p0.8_idx5.gpickle,15,0.800,5,7,7,25,20
./graph_db_node_15/p_0.8/graph_n15_p0.8_idx6.gpickle,15,0.800,6,7,7,24,22
./graph_db_node_15/p_0.8/graph_n15_p0.8_idx7.gpickle,15,0.800,7,6,6,22,17
./graph_db_node_15/p_0.8/graph_n15_p0.8_idx8.gpickle,15,0.800,8,6,6,15,15
./graph_db_node_15/p_0.8/graph_n15_p0.8_idx9.gpickle,15,0.800,9,6,6,24,16
./graph_db_node_15/p_0.9/graph_n15_p0.9_idx1.gpickle,15,0.900,1,3,3,7,6
./graph_db_node_15/p_0.9/graph_n15_p0.9_idx10.gpickle,15,0.900,10,7,7,20,15
./graph_db_node_15/p_0.9/graph_n15_p0.9_idx2.gpickle,15,0.900,2,5,5,15,12
./graph_db_node_15/p_0.9/graph_n15_p0.9_idx3.gpickle,15,0.900,3,7,7,19,11
./graph_db_node_15/p_0.9/graph_n15_p0.9_idx4.gpickle,15,0.900,4,7,7,28,24
./graph_db_node_15/p_0.9/graph_n15_p0.9_idx5.gpickle,15,0.900,5,4,4,11,9
./graph_db_node_15/p_0.9/graph_n15_p0.9_idx6.gpickle,15,0.900,6,4,4,6,6
./graph_db_node_15/p_0.9/graph_n15_p0.9_idx7.gpickle,15,0.900,7,4,4,8,6
./graph_db_node_15/p_0.9/graph_n15_p0.9_idx8.gpickle,15,0.900,8,4,4,13,12
./graph_db_node_15/p_0.9/graph_n15_p0.9_idx9.gpickle,15,0.900,9,5,5,12,11
./graph_db_node_16/p_0.1/graph_n16_p0.1_idx1.gpickle,16,0.100,1,5,5,4,4
./graph_db_node_16/p_0.1/graph_n16_p0.1_idx10.gpickle,16,0.100,10,5,5,9,9
./graph_db_node_16/p_0.1/graph_n16_p0.1_idx2.gpickle,16,0.100,2,6,6,15,11
./graph_db_node_16/p_0.1/graph_n16_p0.1_idx3.gpickle,16,0.100,3,7,7,14,8
./graph_db_node_16/p_0.1/graph_n16_p0.1_idx4.gpickle,16,0.100,4,5,5,12,10
./graph_db_node_16/p_0.1/graph_n16_p0.1_idx5.gpickle,16,0.100,5,6,6,11,11
./graph_db_node_16/p_0.1/graph_n16_p0.1_idx6.gpickle,16,0.100,6,6,6,11,8
./graph_db_node_16/p_0.1/graph_n16_p0.1_idx7.gpickle,16,0.100,7,7,7,17,13
./graph_db_node_16/p_0.1/graph_n16_p0.1_idx8.gpickle,16,0.100,8,7,7,14,12
./graph_db_node_16/p_0.1/graph_n16_p0.1_idx9.gpickle,16,0.100,9,6,6,11,9
./graph_db_node_16/p_0.2/graph_n16_p0.2_idx1.gpickle,16,0.200,1,7,7,23,16
./graph_db_node_16/p_0.2/graph_n16_p0.2_idx10.gpickle,16,0.200,10,6,6,9,7
./graph_db_node_16/p_0.2/graph_n16_p0.2_idx2.gpickle,16,0.200,2,6,6,17,13
./graph_db_node_16/p_0.2/graph_n16_p0.2_idx3.gpickle,16,0.200,3,8,8,23,21
./graph_db_node_16/p_0.2/graph_n16_p0.2_idx4.gpickle,16,0.200,4,6,6,17,15
./graph_db_node_16/p_0.2/graph_n16_p0.2_idx5.gpickle,16,0.200,5,6,6,16,14
./graph_db_node_16/p_0.2/graph_n16_p0.2_idx6.gpickle,16,0.200,6,6,6,15,14
./graph_db_node_16/p_0.2/graph_n16_p0.2_idx7.gpickle,16,0.200,7,6,6,17,12
./graph_db_node_16/p_0.2/graph_n16_p0.2_idx8.gpickle,16,0.200,8,5,5,17,12
./graph_db_node_16/p_0.2/graph_n16_p0.2_idx9.gpickle,16,0.200,9,7,7,20,16
./graph_db_node_16/p_0.3/graph_n16_p0.3_idx1.gpickle,16,0.300,1,5,5,30,23
./graph_db_node_16/p_0.3/graph_n16_p0.3_idx10.gpickle,16,0.300,10,6,6,26,22
./graph_db_node_16/p_0.3/graph_n16_p0.3_idx2.gpickle,16,0.300,2,8,8,22,18
./graph_db_node_16/p_0.3/graph_n16_p0.3_idx3.gpickle,16,0.300,3,6,6,27,28
./graph_db_node_16/p_0.3/graph_n16_p0.3_idx4.gpickle,16,0.300,4,7,7,30,26
./graph_db_node_16/p_0.3/graph_n16_p0.3_idx5.gpickle,16,0.300,5,8,8,31,23
./graph_db_node_16/p_0.3/graph_n16_p0.3_idx6.gpickle,16,0.300,6,6,6,25,21
./graph_db_node_16/p_0.3/graph_n16_p0.3_idx7.gpickle,16,0.300,7,8,8,24,21
./graph_db_node_16/p_0.3/graph_n16_p0.3_idx8.gpickle,16,0.300,8,8,8,32,29
./graph_db_node_16/p_0.3/graph_n16_p0.3_idx9.gpickle,16,0.300,9,7,7,26,24
./graph_db_node_16/p_0.4/graph_n16_p0.4_idx1.gpickle,16,0.400,1,7,7,33,26
./graph_db_node_16/p_0.4/graph_n16_p0.4_idx10.gpickle,16,0.400,10,8,8,30,28
./graph_db_node_16/p_0.4/graph_n16_p0.4_idx2.gpickle,16,0.400,2,7,7,31,30
./graph_db_node_16/p_0.4/graph_n16_p0.4_idx3.gpickle,16,0.400,3,7,7,30,26
./graph_db_node_16/p_0.4/graph_n16_p0.4_idx4.gpickle,16,0.400,4,8,8,28,25
./graph_db_node_16/p_0.4/graph_n16_p0.4_idx5.gpickle,16,0.400,5,7,7,32,26
./graph_db_node_16/p_0.4/graph_n16_p0.4_idx6.gpickle,16,0.400,6,7,7,27,30
./graph_db_node_16/p_0.4/graph_n16_p0.4_idx7.gpickle,16,0.400,7,7,7,28,24
./graph_db_node_16/p_0.4/graph_n16_p0.4_idx8.gpickle,16,0.400,8,7,7,34,27
./graph_db_node_16/p_0.4/graph_n16_p0.4_idx9.gpickle,16,0.400,9,6,6,33,25
./graph_db_node_16/p_0.45/graph_n16_p0.45_idx1.gpickle,16,0.450,1,7,7,36,34
./graph_db_node_16/p_0.45/graph_n16_p0.45_idx10.gpickle,16,0.450,10,7,7,29,25
./graph_db_node_16/p_0.45/graph_n16_p0.45_idx2.gpickle,16,0.450,2,7,7,31,29
./graph_db_node_16/p_0.45/graph_n16_p0.45_idx3.gpickle,16,0.450,3,8,8,30,29
./graph_db_node_16/p_0.45/graph_n16_p0.45_idx4.gpickle,16,0.450,4,7,7,34,31
./graph_db_node_16/p_0.45/graph_n16_p0.45_idx5.gpickle,16,0.450,5,7,7,30,26
./graph_db_node_16/p_0.45/graph_n16_p0.45_idx6.gpickle,16,0.450,6,7,7,32,27
./graph_db_node_16/p_0.45/graph_n16_p0.45_idx7.gpickle,16,0.450,7,6,6,28,25
./graph_db_node_16/p_0.45/graph_n16_p0.45_idx8.gpickle,16,0.450,8,7,7,36,31
./graph_db_node_16/p_0.45/graph_n16_p0.45_idx9.gpickle,16,0.450,9,7,7,29,24
./graph_db_node_16/p_0.5/graph_n16_p0.5_idx1.gpickle,16,0.500,1,7,7,30,28
./graph_db_node_16/p_0.5/graph_n16_p0.5_idx10.gpickle,16,0.500,10,7,7,37,32
./graph_db_node_16/p_0.5/graph_n16_p0.5_idx2.gpickle,16,0.500,2,7,7,34,25
./graph_db_node_16/p_0.5/graph_n16_p0.5_idx3.gpickle,16,0.500,3,7,7,32,30
./graph_db_node_16/p_0.5/graph_n16_p0.5_idx4.gpickle,16,0.500,4,7,7,35,28
./graph_db_node_16/p_0.5/graph_n16_p0.5_idx5.gpickle,16,0.500,5,7,7,37,29
./graph_db_node_16/p_0.5/graph_n16_p0.5_idx6.gpickle,16,0.500,6,7,7,27,25
./graph_db_node_16/p_0.5/graph_n16_p0.5_idx7.gpickle,16,0.500,7,8,8,35,31
./graph_db_node_16/p_0.5/graph_n16_p0.5_idx8.gpickle,16,0.500,8,7,7,34,28
./graph_db_node_16/p_0.5/graph_n16_p0.5_idx9.gpickle,16,0.500,9,8,8,32,32
./graph_db_node_16/p_0.55/graph_n16_p0.55_idx1.gpickle,16,0.550,1,8,8,34,26
./graph_db_node_16/p_0.55/graph_n16_p0.55_idx10.gpickle,16,0.550,10,7,7,29,29
./graph_db_node_16/p_0.55/graph_n16_p0.55_idx2.gpickle,16,0.550,2,7,7,29,25
./graph_db_node_16/p_0.55/graph_n16_p0.55_idx3.gpickle,16,0.550,3,8,8,29,31
./graph_db_node_16/p_0.55/graph_n16_p0.55_idx4.gpickle,16,0.550,4,7,7,35,29
./graph_db_node_16/p_0.55/graph_n16_p0.55_idx5.gpickle,16,0.550,5,7,7,34,27
./graph_db_node_16/p_0.55/graph_n16_p0.55_idx6.gpickle,16,0.550,6,7,7,34,27
./graph_db_node_16/p_0.55/graph_n16_p0.55_idx7.gpickle,16,0.550,7,8,8,29,29
./graph_db_node_16/p_0.55/graph_n16_p0.55_idx8.gpickle,16,0.550,8,7,7,35,28
./graph_db_node_16/p_0.55/graph_n16_p0.55_idx9.gpickle,16,0.550,9,7,7,30,25
./graph_db_node_16/p_0.6/graph_n16_p0.6_idx1.gpickle,16,0.600,1,7,7,30,30
./graph_db_node_16/p_0.6/graph_n16_p0.6_idx10.gpickle,16,0.600,10,7,7,35,29
./graph_db_node_16/p_0.6/graph_n16_p0.6_idx2.gpickle,16,0.600,2,8,8,31,32
./graph_db_node_16/p_0.6/graph_n16_p0.6_idx3.gpickle,16,0.600,3,7,7,32,25
./graph_db_node_16/p_0.6/graph_n16_p0.6_idx4.gpickle,16,0.600,4,8,8,30,24
./graph_db_node_16/p_0.6/graph_n16_p0.6_idx5.gpickle,16,0.600,5,7,7,31,28
./graph_db_node_16/p_0.6/graph_n16_p0.6_idx6.gpickle,16,0.600,6,7,7,27,23
./graph_db_node_16/p_0.6/graph_n16_p0.6_idx7.gpickle,16,0.600,7,7,7,33,31
./graph_db_node_16/p_0.6/graph_n16_p0.6_idx8.gpickle,16,0.600,8,7,7,28,27
./graph_db_node_16/p_0.6/graph_n16_p0.6_idx9.gpickle,16,0.600,9,8,8,31,34
./graph_db_node_16/p_0.65/graph_n16_p0.65_idx1.gpickle,16,0.650,1,7,7,33,28
./graph_db_node_16/p_0.65/graph_n16_p0.65_idx10.gpickle,16,0.650,10,7,7,30,27
./graph_db_node_16/p_0.65/graph_n16_p0.65_idx2.gpickle,16,0.650,2,7,7,33,32
./graph_db_node_16/p_0.65/graph_n16_p0.65_idx3.gpickle,16,0.650,3,7,7,29,27
./graph_db_node_16/p_0.65/graph_n16_p0.65_idx4.gpickle,16,0.650,4,8,8,33,32
./graph_db_node_16/p_0.65/graph_n16_p0.65_idx5.gpickle,16,0.650,5,8,8,39,34
./graph_db_node_16/p_0.65/graph_n16_p0.65_idx6.gpickle,16,0.650,6,7,7,39,28
./graph_db_node_16/p_0.65/graph_n16_p0.65_idx7.gpickle,16,0.650,7,8,8,40,29
./graph_db_node_16/p_0.65/graph_n16_p0.65_idx8.gpickle,16,0.650,8,7,7,32,33
./graph_db_node_16/p_0.65/graph_n16_p0.65_idx9.gpickle,16,0.650,9,8,8,28,24
./graph_db_node_16/p_0.7/graph_n16_p0.7_idx1.gpickle,16,0.700,1,7,7,26,19
./graph_db_node_16/p_0.7/graph_n16_p0.7_idx10.gpickle,16,0.700,10,7,7,32,24
./graph_db_node_16/p_0.7/graph_n16_p0.7_idx2.gpickle,16,0.700,2,6,6,29,26
./graph_db_node_16/p_0.7/graph_n16_p0.7_idx3.gpickle,16,0.700,3,7,7,29,26
./graph_db_node_16/p_0.7/graph_n16_p0.7_idx4.gpickle,16,0.700,4,7,7,43,32
./graph_db_node_16/p_0.7/graph_n16_p0.7_idx5.gpickle,16,0.700,5,7,7,32,28
./graph_db_node_16/p_0.7/graph_n16_p0.7_idx6.gpickle,16,0.700,6,7,7,28,27
./graph_db_node_16/p_0.7/graph_n16_p0.7_idx7.gpickle,16,0.700,7,6,6,29,24
./graph_db_node_16/p_0.7/graph_n16_p0.7_idx8.gpickle,16,0.700,8,7,7,30,32
./graph_db_node_16/p_0.7/graph_n16_p0.7_idx9.gpickle,16,0.700,9,7,7,35,29
./graph_db_node_16/p_0.8/graph_n16_p0.8_idx1.gpickle,16,0.800,1,6,6,18,16
./graph_db_node_16/p_0.8/graph_n16_p0.8_idx10.gpickle,16,0.800,10,6,6,25,18
./graph_db_node_16/p_0.8/graph_n16_p0.8_idx2.gpickle,16,0.800,2,6,6,18,15
./graph_db_node_16/p_0.8/graph_n16_p0.8_idx3.gpickle,16,0.800,3,7,7,30,26
./graph_db_node_16/p_0.8/graph_n16_p0.8_idx4.gpickle,16,0.800,4,7,7,30,26
./graph_db_node_16/p_0.8/graph_n16_p0.8_idx5.gpickle,16,0.800,5,7,7,20,19
./graph_db_node_16/p_0.8/graph_n16_p0.8_idx6.gpickle,16,0.800,6,6,6,22,23
./graph_db_node_16/p_0.8/graph_n16_p0.8_idx7.gpickle,16,0.800,7,8,8,28,25
./graph_db_node_16/p_0.8/graph_n16_p0.8_idx8.gpickle,16,0.800,8,7,7,23,20
./graph_db_node_16/p_0.8/graph_n16_p0.8_idx9.gpickle,16,0.800,9,6,6,22,17
./graph_db_node_16/p_0.9/graph_n16_p0.9_idx1.gpickle,16,0.900,1,5,5,10,9
./graph_db_node_16/p_0.9/graph_n16_p0.9_idx10.gpickle,16,0.900,10,7,7,30,12
./graph_db_node_16/p_0.9/graph_n16_p0.9_idx2.gpickle,16,0.900,2,5,5,13,12
./graph_db_node_16/p_0.9/graph_n16_p0.9_idx3.gpickle,16,0.900,3,6,6,18,12
./graph_db_node_16/p_0.9/graph_n16_p0.9_idx4.gpickle,16,0.900,4,7,7,16,16
./graph_db_node_16/p_0.9/graph_n16_p0.9_idx5.gpickle,16,0.900,5,5,5,11,10
./graph_db_node_16/p_0.9/graph_n16_p0.9_idx6.gpickle,16,0.900,6,5,5,7,6
./graph_db_node_16/p_0.9/graph_n16_p0.9_idx7.gpickle,16,0.900,7,7,7,10,10
./graph_db_node_16/p_0.9/graph_n16_p0.9_idx8.gpickle,16,0.900,8,6,6,16,13
./graph_db_node_16/p_0.9/graph_n16_p0.9_idx9.gpickle,16,0.900,9,6,6,16,15
./graph_db_node_17/p_0.1/graph_n17_p0.1_idx1.gpickle,17,0.100,1,6,6,10,8
./graph_db_node_17/p_0.1/graph_n17_p0.1_idx10.gpickle,17,0.100,10,6,6,11,9
./graph_db_node_17/p_0.1/graph_n17_p0.1_idx2.gpickle,17,0.100,2,5,5,6,5
./graph_db_node_17/p_0.1/graph_n17_p0.1_idx3.gpickle,17,0.100,3,6,6,11,10
./graph_db_node_17/p_0.1/graph_n17_p0.1_idx4.gpickle,17,0.100,4,6,6,12,9
./graph_db_node_17/p_0.1/graph_n17_p0.1_idx5.gpickle,17,0.100,5,7,7,22,13
./graph_db_node_17/p_0.1/graph_n17_p0.1_idx6.gpickle,17,0.100,6,6,6,9,8
./graph_db_node_17/p_0.1/graph_n17_p0.1_idx7.gpickle,17,0.100,7,8,8,11,9
./graph_db_node_17/p_0.1/graph_n17_p0.1_idx8.gpickle,17,0.100,8,7,7,19,11
./graph_db_node_17/p_0.1/graph_n17_p0.1_idx9.gpickle,17,0.100,9,5,5,14,7
./graph_db_node_17/p_0.2/graph_n17_p0.2_idx1.gpickle,17,0.200,1,8,8,23,20
./graph_db_node_17/p_0.2/graph_n17_p0.2_idx10.gpickle,17,0.200,10,6,6,16,11
./graph_db_node_17/p_0.2/graph_n17_p0.2_idx2.gpickle,17,0.200,2,6,6,29,24
./graph_db_node_17/p_0.2/graph_n17_p0.2_idx3.gpickle,17,0.200,3,7,7,29,24
./graph_db_node_17/p_0.2/graph_n17_p0.2_idx4.gpickle,17,0.200,4,7,7,15,12
./graph_db_node_17/p_0.2/graph_n17_p0.2_idx5.gpickle,17,0.200,5,8,8,35,28
./graph_db_node_17/p_0.2/graph_n17_p0.2_idx6.gpickle,17,0.200,6,7,7,27,21
./graph_db_node_17/p_0.2/graph_n17_p0.2_idx7.gpickle,17,0.200,7,7,7,17,18
./graph_db_node_17/p_0.2/graph_n17_p0.2_idx8.gpickle,17,0.200,8,8,8,22,20
./graph_db_node_17/p_0.2/graph_n17_p0.2_idx9.gpickle,17,0.200,9,7,7,28,22
./graph_db_node_17/p_0.3/graph_n17_p0.3_idx1.gpickle,17,0.300,1,6,6,26,22
./graph_db_node_17/p_0.3/graph_n17_p0.3_idx10.gpickle,17,0.300,10,7,7,30,28
./graph_db_node_17/p_0.3/graph_n17_p0.3_idx2.gpickle,17,0.300,2,8,8,36,28
./graph_db_node_17/p_0.3/graph_n17_p0.3_idx3.gpickle,17,0.300,3,7,7,29,32
./graph_db_node_17/p_0.3/graph_n17_p0.3_idx4.gpickle,17,0.300,4,7,7,37,30
./graph_db_node_17/p_0.3/graph_n17_p0.3_idx5.gpickle,17,0.300,5,7,7,35,26
./graph_db_node_17/p_0.3/graph_n17_p0.3_idx6.gpickle,17,0.300,6,7,7,38,26
./graph_db_node_17/p_0.3/graph_n17_p0.3_idx7.gpickle,17,0.300,7,8,8,32,30
./graph_db_node_17/p_0.3/graph_n17_p0.3_idx8.gpickle,17,0.300,8,8,8,38,25
./graph_db_node_17/p_0.3/graph_n17_p0.3_idx9.gpickle,17,0.300,9,7,7,40,28
./graph_db_node_17/p_0.4/graph_n17_p0.4_idx1.gpickle,17,0.400,1,8,8,33,35
./graph_db_node_17/p_0.4/graph_n17_p0.4_idx10.gpickle,17,0.400,10,7,7,34,29
./graph_db_node_17/p_0.4/graph_n17_p0.4_idx2.gpickle,17,0.400,2,8,8,36,30
./graph_db_node_17/p_0.4/graph_n17_p0.4_idx3.gpickle,17,0.400,3,8,8,39,28
./graph_db_node_17/p_0.4/graph_n17_p0.4_idx4.gpickle,17,0.400,4,7,7,42,37
./graph_db_node_17/p_0.4/graph_n17_p0.4_idx5.gpickle,17,0.400,5,7,7,37,31
./graph_db_node_17/p_0.4/graph_n17_p0.4_idx6.gpickle,17,0.400,6,7,7,39,33
./graph_db_node_17/p_0.4/graph_n17_p0.4_idx7.gpickle,17,0.400,7,8,8,39,29
./graph_db_node_17/p_0.4/graph_n17_p0.4_idx8.gpickle,17,0.400,8,7,7,42,37
./graph_db_node_17/p_0.4/graph_n17_p0.4_idx9.gpickle,17,0.400,9,8,8,35,26
./graph_db_node_17/p_0.45/graph_n17_p0.45_idx1.gpickle,17,0.450,1,7,7,40,35
./graph_db_node_17/p_0.45/graph_n17_p0.45_idx10.gpickle,17,0.450,10,8,8,35,31
./graph_db_node_17/p_0.45/graph_n17_p0.45_idx2.gpickle,17,0.450,2,8,8,41,38
./graph_db_node_17/p_0.45/graph_n17_p0.45_idx3.gpickle,17,0.450,3,7,7,34,32
./graph_db_node_17/p_0.45/graph_n17_p0.45_idx4.gpickle,17,0.450,4,8,8,41,35
./graph_db_node_17/p_0.45/graph_n17_p0.45_idx5.gpickle,17,0.450,5,8,8,38,36
./graph_db_node_17/p_0.45/graph_n17_p0.45_idx6.gpickle,17,0.450,6,7,7,36,37
./graph_db_node_17/p_0.45/graph_n17_p0.45_idx7.gpickle,17,0.450,7,8,8,33,29
./graph_db_node_17/p_0.45/graph_n17_p0.45_idx8.gpickle,17,0.450,8,8,8,36,32
./graph_db_node_17/p_0.45/graph_n17_p0.45_idx9.gpickle,17,0.450,9,8,8,40,36
./graph_db_node_17/p_0.5/graph_n17_p0.5_idx1.gpickle,17,0.500,1,8,8,41,28
./graph_db_node_17/p_0.5/graph_n17_p0.5_idx10.gpickle,17,0.500,10,8,8,42,32
./graph_db_node_17/p_0.5/graph_n17_p0.5_idx2.gpickle,17,0.500,2,8,8,40,34
./graph_db_node_17/p_0.5/graph_n17_p0.5_idx3.gpickle,17,0.500,3,8,8,43,34
./graph_db_node_17/p_0.5/graph_n17_p0.5_idx4.gpickle,17,0.500,4,8,8,45,40
./graph_db_node_17/p_0.5/graph_n17_p0.5_idx5.gpickle,17,0.500,5,8,8,38,34
./graph_db_node_17/p_0.5/graph_n17_p0.5_idx6.gpickle,17,0.500,6,8,8,35,36
./graph_db_node_17/p_0.5/graph_n17_p0.5_idx7.gpickle,17,0.500,7,7,7,39,30
./graph_db_node_17/p_0.5/graph_n17_p0.5_idx8.gpickle,17,0.500,8,7,7,36,34
./graph_db_node_17/p_0.5/graph_n17_p0.5_idx9.gpickle,17,0.500,9,8,8,39,33
./graph_db_node_17/p_0.55/graph_n17_p0.55_idx1.gpickle,17,0.550,1,7,7,39,35
./graph_db_node_17/p_0.55/graph_n17_p0.55_idx10.gpickle,17,0.550,10,8,8,35,35
./graph_db_node_17/p_0.55/graph_n17_p0.55_idx2.gpickle,17,0.550,2,8,8,36,38
./graph_db_node_17/p_0.55/graph_n17_p0.55_idx3.gpickle,17,0.550,3,8,8,37,37
./graph_db_node_17/p_0.55/graph_n17_p0.55_idx4.gpickle,17,0.550,4,7,7,43,35
./graph_db_node_17/p_0.55/graph_n17_p0.55_idx5.gpickle,17,0.550,5,8,8,42,38
./graph_db_node_17/p_0.55/graph_n17_p0.55_idx6.gpickle,17,0.550,6,7,7,36,35
./graph_db_node_17/p_0.55/graph_n17_p0.55_idx7.gpickle,17,0.550,7,8,8,39,40
./graph_db_node_17/p_0.55/graph_n17_p0.55_idx8.gpickle,17,0.550,8,8,8,40,35
./graph_db_node_17/p_0.55/graph_n17_p0.55_idx9.gpickle,17,0.550,9,6,6,34,33
./graph_db_node_17/p_0.6/graph_n17_p0.6_idx1.gpickle,17,0.600,1,8,8,38,36
./graph_db_node_17/p_0.6/graph_n17_p0.6_idx10.gpickle,17,0.600,10,8,8,31,35
./graph_db_node_17/p_0.6/graph_n17_p0.6_idx2.gpickle,17,0.600,2,8,8,41,37
./graph_db_node_17/p_0.6/graph_n17_p0.6_idx3.gpickle,17,0.600,3,8,8,42,27
./graph_db_node_17/p_0.6/graph_n17_p0.6_idx4.gpickle,17,0.600,4,8,8,40,31
./graph_db_node_17/p_0.6/graph_n17_p0.6_idx5.gpickle,17,0.600,5,8,8,39,39
./graph_db_node_17/p_0.6/graph_n17_p0.6_idx6.gpickle,17,0.600,6,8,8,41,33
./graph_db_node_17/p_0.6/graph_n17_p0.6_idx7.gpickle,17,0.600,7,8,8,36,32
./graph_db_node_17/p_0.6/graph_n17_p0.6_idx8.gpickle,17,0.600,8,8,8,35,32
./graph_db_node_17/p_0.6/graph_n17_p0.6_idx9.gpickle,17,0.600,9,8,8,39,33
./graph_db_node_17/p_0.65/graph_n17_p0.65_idx1.gpickle,17,0.650,1,7,7,38,36
./graph_db_node_17/p_0.65/graph_n17_p0.65_idx10.gpickle,17,0.650,10,7,7,35,31
./graph_db_node_17/p_0.65/graph_n17_p0.65_idx2.gpickle,17,0.650,2,8,8,37,33
./graph_db_node_17/p_0.65/graph_n17_p0.65_idx3.gpickle,17,0.650,3,8,8,38,36
./graph_db_node_17/p_0.65/graph_n17_p0.65_idx4.gpickle,17,0.650,4,8,8,37,31
./graph_db_node_17/p_0.65/graph_n17_p0.65_idx5.gpickle,17,0.650,5,7,7,34,31
./graph_db_node_17/p_0.65/graph_n17_p0.65_idx6.gpickle,17,0.650,6,8,8,32,34
./graph_db_node_17/p_0.65/graph_n17_p0.65_idx7.gpickle,17,0.650,7,8,8,41,32
./graph_db_node_17/p_0.65/graph_n17_p0.65_idx8.gpickle,17,0.650,8,8,8,37,36
./graph_db_node_17/p_0.65/graph_n17_p0.65_idx9.gpickle,17,0.650,9,8,8,40,34
./graph_db_node_17/p_0.7/graph_n17_p0.7_idx1.gpickle,17,0.700,1,8,8,30,27
./graph_db_node_17/p_0.7/graph_n17_p0.7_idx10.gpickle,17,0.700,10,8,8,39,35
./graph_db_node_17/p_0.7/graph_n17_p0.7_idx2.gpickle,17,0.700,2,7,7,45,34
./graph_db_node_17/p_0.7/graph_n17_p0.7_idx3.gpickle,17,0.700,3,7,7,30,31
./graph_db_node_17/p_0.7/graph_n17_p0.7_idx4.gpickle,17,0.700,4,8,8,36,32
./graph_db_node_17/p_0.7/graph_n17_p0.7_idx5.gpickle,17,0.700,5,8,8,34,34
./graph_db_node_17/p_0.7/graph_n17_p0.7_idx6.gpickle,17,0.700,6,7,7,35,28
./graph_db_node_17/p_0.7/graph_n17_p0.7_idx7.gpickle,17,0.700,7,7,7,45,34
./graph_db_node_17/p_0.7/graph_n17_p0.7_idx8.gpickle,17,0.700,8,8,8,38,30
./graph_db_node_17/p_0.7/graph_n17_p0.7_idx9.gpickle,17,0.700,9,8,8,37,33
./graph_db_node_17/p_0.8/graph_n17_p0.8_idx1.gpickle,17,0.800,1,8,8,35,26
./graph_db_node_17/p_0.8/graph_n17_p0.8_idx10.gpickle,17,0.800,10,8,8,31,30
./graph_db_node_17/p_0.8/graph_n17_p0.8_idx2.gpickle,17,0.800,2,6,6,19,15
./graph_db_node_17/p_0.8/graph_n17_p0.8_idx3.gpickle,17,0.800,3,8,8,38,31
./graph_db_node_17/p_0.8/graph_n17_p0.8_idx4.gpickle,17,0.800,4,7,7,39,26
./graph_db_node_17/p_0.8/graph_n17_p0.8_idx5.gpickle,17,0.800,5,8,8,30,24
./graph_db_node_17/p_0.8/graph_n17_p0.8_idx6.gpickle,17,0.800,6,7,7,32,21
./graph_db_node_17/p_0.8/graph_n17_p0.8_idx7.gpickle,17,0.800,7,6,6,21,19
./graph_db_node_17/p_0.8/graph_n17_p0.8_idx8.gpickle,17,0.800,8,6,6,26,22
./graph_db_node_17/p_0.8/graph_n17_p0.8_idx9.gpickle,17,0.800,9,7,7,29,27
./graph_db_node_17/p_0.9/graph_n17_p0.9_idx1.gpickle,17,0.900,1,6,6,17,12
./graph_db_node_17/p_0.9/graph_n17_p0.9_idx10.gpickle,17,0.900,10,6,6,14,11
./graph_db_node_17/p_0.9/graph_n17_p0.9_idx2.gpickle,17,0.900,2,7,7,20,13
./graph_db_node_17/p_0.9/graph_n17_p0.9_idx3.gpickle,17,0.900,3,7,7,23,15
./graph_db_node_17/p_0.9/graph_n17_p0.9_idx4.gpickle,17,0.900,4,7,7,26,23
./graph_db_node_17/p_0.9/graph_n17_p0.9_idx5.gpickle,17,0.900,5,5,5,10,8
./graph_db_node_17/p_0.9/graph_n17_p0.9_idx6.gpickle,17,0.900,6,6,6,5,5
./graph_db_node_17/p_0.9/graph_n17_p0.9_idx7.gpickle,17,0.900,7,5,5,12,10
./graph_db_node_17/p_0.9/graph_n17_p0.9_idx8.gpickle,17,0.900,8,4,4,13,12
./graph_db_node_17/p_0.9/graph_n17_p0.9_idx9.gpickle,17,0.900,9,7,7,22,15
./graph_db_node_18/p_0.1/graph_n18_p0.1_idx1.gpickle,18,0.100,1,6,6,7,7
./graph_db_node_18/p_0.1/graph_n18_p0.1_idx10.gpickle,18,0.100,10,7,7,13,12
./graph_db_node_18/p_0.1/graph_n18_p0.1_idx2.gpickle,18,0.100,2,7,7,16,9
./graph_db_node_18/p_0.1/graph_n18_p0.1_idx3.gpickle,18,0.100,3,6,6,15,13
./graph_db_node_18/p_0.1/graph_n18_p0.1_idx4.gpickle,18,0.100,4,7,7,10,9
./graph_db_node_18/p_0.1/graph_n18_p0.1_idx5.gpickle,18,0.100,5,7,7,11,7
./graph_db_node_18/p_0.1/graph_n18_p0.1_idx6.gpickle,18,0.100,6,5,5,6,6
./graph_db_node_18/p_0.1/graph_n18_p0.1_idx7.gpickle,18,0.100,7,6,6,17,7
./graph_db_node_18/p_0.1/graph_n18_p0.1_idx8.gpickle,18,0.100,8,7,7,15,10
./graph_db_node_18/p_0.1/graph_n18_p0.1_idx9.gpickle,18,0.100,9,7,7,11,9
./graph_db_node_18/p_0.2/graph_n18_p0.2_idx1.gpickle,18,0.200,1,8,8,26,23
./graph_db_node_18/p_0.2/graph_n18_p0.2_idx10.gpickle,18,0.200,10,8,8,27,22
./graph_db_node_18/p_0.2/graph_n18_p0.2_idx2.gpickle,18,0.200,2,8,8,29,27
./graph_db_node_18/p_0.2/graph_n18_p0.2_idx3.gpickle,18,0.200,3,8,8,26,23
./graph_db_node_18/p_0.2/graph_n18_p0.2_idx4.gpickle,18,0.200,4,8,8,29,24
./graph_db_node_18/p_0.2/graph_n18_p0.2_idx5.gpickle,18,0.200,5,8,8,29,25
./graph_db_node_18/p_0.2/graph_n18_p0.2_idx6.gpickle,18,0.200,6,7,7,21,19
./graph_db_node_18/p_0.2/graph_n18_p0.2_idx7.gpickle,18,0.200,7,7,7,22,16
./graph_db_node_18/p_0.2/graph_n18_p0.2_idx8.gpickle,18,0.200,8,7,7,29,19
./graph_db_node_18/p_0.2/graph_n18_p0.2_idx9.gpickle,18,0.200,9,7,7,30,28
./graph_db_node_18/p_0.3/graph_n18_p0.3_idx1.gpickle,18,0.300,1,9,9,42,34
./graph_db_node_18/p_0.3/graph_n18_p0.3_idx10.gpickle,18,0.300,10,8,8,39,31
./graph_db_node_18/p_0.3/graph_n18_p0.3_idx2.gpickle,18,0.300,2,7,7,38,29
./graph_db_node_18/p_0.3/graph_n18_p0.3_idx3.gpickle,18,0.300,3,8,8,40,33
./graph_db_node_18/p_0.3/graph_n18_p0.3_idx4.gpickle,18,0.300,4,8,8,36,28
./graph_db_node_18/p_0.3/graph_n18_p0.3_idx5.gpickle,18,0.300,5,8,8,36,29
./graph_db_node_18/p_0.3/graph_n18_p0.3_idx6.gpickle,18,0.300,6,8,8,37,34
./graph_db_node_18/p_0.3/graph_n18_p0.3_idx7.gpickle,18,0.300,7,8,8,39,33
./graph_db_node_18/p_0.3/graph_n18_p0.3_idx8.gpickle,18,0.300,8,8,8,40,29
./graph_db_node_18/p_0.3/graph_n18_p0.3_idx9.gpickle,18,0.300,9,8,8,38,31
./graph_db_node_18/p_0.4/graph_n18_p0.4_idx1.gpickle,18,0.400,1,8,8,38,34
./graph_db_node_18/p_0.4/graph_n18_p0.4_idx10.gpickle,18,0.400,10,8,8,45,40
./graph_db_node_18/p_0.4/graph_n18_p0.4_idx2.gpickle,18,0.400,2,8,8,39,35
./graph_db_node_18/p_0.4/graph_n18_p0.4_idx3.gpickle,18,0.400,3,8,8,39,34
./graph_db_node_18/p_0.4/graph_n18_p0.4_idx4.gpickle,18,0.400,4,9,9,42,35
./graph_db_node_18/p_0.4/graph_n18_p0.4_idx5.gpickle,18,0.400,5,8,8,44,38
./graph_db_node_18/p_0.4/graph_n18_p0.4_idx6.gpickle,18,0.400,6,8,8,38,27
./graph_db_node_18/p_0.4/graph_n18_p0.4_idx7.gpickle,18,0.400,7,9,9,38,29
./graph_db_node_18/p_0.4/graph_n18_p0.4_idx8.gpickle,18,0.400,8,8,8,41,38
./graph_db_node_18/p_0.4/graph_n18_p0.4_idx9.gpickle,18,0.400,9,8,8,45,35
./graph_db_node_18/p_0.45/graph_n18_p0.45_idx1.gpickle,18,0.450,1,8,8,41,35
./graph_db_node_18/p_0.45/graph_n18_p0.45_idx10.gpickle,18,0.450,10,8,8,40,36
./graph_db_node_18/p_0.45/graph_n18_p0.45_idx2.gpickle,18,0.450,2,8,8,46,43
./graph_db_node_18/p_0.45/graph_n18_p0.45_idx3.gpickle,18,0.450,3,9,9,48,38
./graph_db_node_18/p_0.45/graph_n18_p0.45_idx4.gpickle,18,0.450,4,8,8,38,37
./graph_db_node_18/p_0.45/graph_n18_p0.45_idx5.gpickle,18,0.450,5,8,8,47,42
./graph_db_node_18/p_0.45/graph_n18_p0.45_idx6.gpickle,18,0.450,6,9,9,43,43
./graph_db_node_18/p_0.45/graph_n18_p0.45_idx7.gpickle,18,0.450,7,8,8,43,36
./graph_db_node_18/p_0.45/graph_n18_p0.45_idx8.gpickle,18,0.450,8,9,9,48,38
./graph_db_node_18/p_0.45/graph_n18_p0.45_idx9.gpickle,18,0.450,9,8,8,45,37
./graph_db_node_18/p_0.5/graph_n18_p0.5_idx1.gpickle,18,0.500,1,8,8,43,42
./graph_db_node_18/p_0.5/graph_n18_p0.5_idx10.gpickle,18,0.500,10,9,9,48,40
./graph_db_node_18/p_0.5/graph_n18_p0.5_idx2.gpickle,18,0.500,2,7,7,38,39
./graph_db_node_18/p_0.5/graph_n18_p0.5_idx3.gpickle,18,0.500,3,8,8,34,38
./graph_db_node_18/p_0.5/graph_n18_p0.5_idx4.gpickle,18,0.500,4,9,9,44,41
./graph_db_node_18/p_0.5/graph_n18_p0.5_idx5.gpickle,18,0.500,5,8,8,38,31
./graph_db_node_18/p_0.5/graph_n18_p0.5_idx6.gpickle,18,0.500,6,8,8,49,40
./graph_db_node_18/p_0.5/graph_n18_p0.5_idx7.gpickle,18,0.500,7,8,8,36,32
./graph_db_node_18/p_0.5/graph_n18_p0.5_idx8.gpickle,18,0.500,8,9,9,44,37
./graph_db_node_18/p_0.5/graph_n18_p0.5_idx9.gpickle,18,0.500,9,9,9,44,43
./graph_db_node_18/p_0.55/graph_n18_p0.55_idx1.gpickle,18,0.550,1,8,8,46,39
./graph_db_node_18/p_0.55/graph_n18_p0.55_idx10.gpickle,18,0.550,10,8,8,45,45
./graph_db_node_18/p_0.55/graph_n18_p0.55_idx2.gpickle,18,0.550,2,8,8,39,39
./graph_db_node_18/p_0.55/graph_n18_p0.55_idx3.gpickle,18,0.550,3,8,8,42,31
./graph_db_node_18/p_0.55/graph_n18_p0.55_idx4.gpickle,18,0.550,4,8,8,42,38
./graph_db_node_18/p_0.55/graph_n18_p0.55_idx5.gpickle,18,0.550,5,8,8,45,37
./graph_db_node_18/p_0.55/graph_n18_p0.55_idx6.gpickle,18,0.550,6,8,8,43,43
./graph_db_node_18/p_0.55/graph_n18_p0.55_idx7.gpickle,18,0.550,7,9,9,42,38
./graph_db_node_18/p_0.55/graph_n18_p0.55_idx8.gpickle,18,0.550,8,8,8,41,38
./graph_db_node_18/p_0.55/graph_n18_p0.55_idx9.gpickle,18,0.550,9,8,8,45,40
./graph_db_node_18/p_0.6/graph_n18_p0.6_idx1.gpickle,18,0.600,1,8,8,42,36
./graph_db_node_18/p_0.6/graph_n18_p0.6_idx10.gpickle,18,0.600,10,8,8,40,40
./graph_db_node_18/p_0.6/graph_n18_p0.6_idx2.gpickle,18,0.600,2,8,8,41,36
./graph_db_node_18/p_0.6/graph_n18_p0.6_idx3.gpickle,18,0.600,3,9,9,42,40
./graph_db_node_18/p_0.6/graph_n18_p0.6_idx4.gpickle,18,0.600,4,8,8,43,41
./graph_db_node_18/p_0.6/graph_n18_p0.6_idx5.gpickle,18,0.600,5,8,8,42,40
./graph_db_node_18/p_0.6/graph_n18_p0.6_idx6.gpickle,18,0.600,6,8,8,46,42
./graph_db_node_18/p_0.6/graph_n18_p0.6_idx7.gpickle,18,0.600,7,8,8,46,40
./graph_db_node_18/p_0.6/graph_n18_p0.6_idx8.gpickle,18,0.600,8,8,8,42,39
./graph_db_node_18/p_0.6/graph_n18_p0.6_idx9.gpickle,18,0.600,9,8,8,42,40
./graph_db_node_18/p_0.65/graph_n18_p0.65_idx1.gpickle,18,0.650,1,9,9,39,38
./graph_db_node_18/p_0.65/graph_n18_p0.65_idx10.gpickle,18,0.650,10,9,9,42,41
./graph_db_node_18/p_0.65/graph_n18_p0.65_idx2.gpickle,18,0.650,2,9,9,44,36
./graph_db_node_18/p_0.65/graph_n18_p0.65_idx3.gpickle,18,0.650,3,7,7,40,37
./graph_db_node_18/p_0.65/graph_n18_p0.65_idx4.gpickle,18,0.650,4,8,8,45,39
./graph_db_node_18/p_0.65/graph_n18_p0.65_idx5.gpickle,18,0.650,5,8,8,45,37
./graph_db_node_18/p_0.65/graph_n18_p0.65_idx6.gpickle,18,0.650,6,8,8,39,37
./graph_db_node_18/p_0.65/graph_n18_p0.65_idx7.gpickle,18,0.650,7,8,8,38,34
./graph_db_node_18/p_0.65/graph_n18_p0.65_idx8.gpickle,18,0.650,8,9,9,47,35
./graph_db_node_18/p_0.65/graph_n18_p0.65_idx9.gpickle,18,0.650,9,8,8,45,35
./graph_db_node_18/p_0.7/graph_n18_p0.7_idx1.gpickle,18,0.700,1,8,8,34,36
./graph_db_node_18/p_0.7/graph_n18_p0.7_idx10.gpickle,18,0.700,10,8,8,39,34
./graph_db_node_18/p_0.7/graph_n18_p0.7_idx2.gpickle,18,0.700,2,9,9,46,30
./graph_db_node_18/p_0.7/graph_n18_p0.7_idx3.gpickle,18,0.700,3,8,8,37,27
./graph_db_node_18/p_0.7/graph_n18_p0.7_idx4.gpickle,18,0.700,4,8,8,35,40
./graph_db_node_18/p_0.7/graph_n18_p0.7_idx5.gpickle,18,0.700,5,9,9,46,40
./graph_db_node_18/p_0.7/graph_n18_p0.7_idx6.gpickle,18,0.700,6,8,8,46,38
./graph_db_node_18/p_0.7/graph_n18_p0.7_idx7.gpickle,18,0.700,7,9,9,46,35
./graph_db_node_18/p_0.7/graph_n18_p0.7_idx8.gpickle,18,0.700,8,9,9,42,42
./graph_db_node_18/p_0.7/graph_n18_p0.7_idx9.gpickle,18,0.700,9,8,8,40,38
./graph_db_node_18/p_0.8/graph_n18_p0.8_idx1.gpickle,18,0.800,1,6,6,33,31
./graph_db_node_18/p_0.8/graph_n18_p0.8_idx10.gpickle,18,0.800,10,7,7,32,29
./graph_db_node_18/p_0.8/graph_n18_p0.8_idx2.gpickle,18,0.800,2,7,7,28,21
./graph_db_node_18/p_0.8/graph_n18_p0.8_idx3.gpickle,18,0.800,3,9,9,40,36
./graph_db_node_18/p_0.8/graph_n18_p0.8_idx4.gpickle,18,0.800,4,7,7,32,30
./graph_db_node_18/p_0.8/graph_n18_p0.8_idx5.gpickle,18,0.800,5,7,7,27,26
./graph_db_node_18/p_0.8/graph_n18_p0.8_idx6.gpickle,18,0.800,6,8,8,37,29
./graph_db_node_18/p_0.8/graph_n18_p0.8_idx7.gpickle,18,0.800,7,8,8,42,30
./graph_db_node_18/p_0.8/graph_n18_p0.8_idx8.gpickle,18,0.800,8,7,7,36,26
./graph_db_node_18/p_0.8/graph_n18_p0.8_idx9.gpickle,18,0.800,9,7,7,25,27
./graph_db_node_18/p_0.9/graph_n18_p0.9_idx1.gpickle,18,0.900,1,6,6,14,11
./graph_db_node_18/p_0.9/graph_n18_p0.9_idx10.gpickle,18,0.900,10,6,6,14,11
./graph_db_node_18/p_0.9/graph_n18_p0.9_idx2.gpickle,18,0.900,2,7,7,15,13
./graph_db_node_18/p_0.9/graph_n18_p0.9_idx3.gpickle,18,0.900,3,7,7,35,24
./graph_db_node_18/p_0.9/graph_n18_p0.9_idx4.gpickle,18,0.900,4,8,8,36,31
./graph_db_node_18/p_0.9/graph_n18_p0.9_idx5.gpickle,18,0.900,5,6,6,13,14
./graph_db_node_18/p_0.9/graph_n18_p0.9_idx6.gpickle,18,0.900,6,7,7,10,9
./graph_db_node_18/p_0.9/graph_n18_p0.9_idx7.gpickle,18,0.900,7,5,5,12,12
./graph_db_node_18/p_0.9/graph_n18_p0.9_idx8.gpickle,18,0.900,8,7,7,21,20
./graph_db_node_18/p_0.9/graph_n18_p0.9_idx9.gpickle,18,0.900,9,6,6,19,18
./graph_db_node_19/p_0.1/graph_n19_p0.1_idx1.gpickle,19,0.100,1,7,7,23,12
./graph_db_node_19/p_0.1/graph_n19_p0.1_idx10.gpickle,19,0.100,10,7,7,20,14
./graph_db_node_19/p_0.1/graph_n19_p0.1_idx2.gpickle,19,0.100,2,5,5,10,6
./graph_db_node_19/p_0.1/graph_n19_p0.1_idx3.gpickle,19,0.100,3,6,6,11,8
./graph_db_node_19/p_0.1/graph_n19_p0.1_idx4.gpickle,19,0.100,4,7,7,12,9
./graph_db_node_19/p_0.1/graph_n19_p0.1_idx5.gpickle,19,0.100,5,7,7,14,12
./graph_db_node_19/p_0.1/graph_n19_p0.1_idx6.gpickle,19,0.100,6,6,6,11,9
./graph_db_node_19/p_0.1/graph_n19_p0.1_idx7.gpickle,19,0.100,7,6,6,14,13
./graph_db_node_19/p_0.1/graph_n19_p0.1_idx8.gpickle,19,0.100,8,7,7,11,8
./graph_db_node_19/p_0.1/graph_n19_p0.1_idx9.gpickle,19,0.100,9,8,8,23,19
./graph_db_node_19/p_0.2/graph_n19_p0.2_idx1.gpickle,19,0.200,1,8,8,21,22
./graph_db_node_19/p_0.2/graph_n19_p0.2_idx10.gpickle,19,0.200,10,8,8,22,16
./graph_db_node_19/p_0.2/graph_n19_p0.2_idx2.gpickle,19,0.200,2,8,8,36,35
./graph_db_node_19/p_0.2/graph_n19_p0.2_idx3.gpickle,19,0.200,3,8,8,26,21
./graph_db_node_19/p_0.2/graph_n19_p0.2_idx4.gpickle,19,0.200,4,8,8,20,17
./graph_db_node_19/p_0.2/graph_n19_p0.2_idx5.gpickle,19,0.200,5,8,8,28,19
./graph_db_node_19/p_0.2/graph_n19_p0.2_idx6.gpickle,19,0.200,6,8,8,30,22
./graph_db_node_19/p_0.2/graph_n19_p0.2_idx7.gpickle,19,0.200,7,7,7,30,23
./graph_db_node_19/p_0.2/graph_n19_p0.2_idx8.gpickle,19,0.200,8,8,8,29,20
./graph_db_node_19/p_0.2/graph_n19_p0.2_idx9.gpickle,19,0.200,9,7,7,28,26
./graph_db_node_19/p_0.3/graph_n19_p0.3_idx1.gpickle,19,0.300,1,9,9,31,28
./graph_db_node_19/p_0.3/graph_n19_p0.3_idx10.gpickle,19,0.300,10,8,8,43,30
./graph_db_node_19/p_0.3/graph_n19_p0.3_idx2.gpickle,19,0.300,2,9,9,39,34
./graph_db_node_19/p_0.3/graph_n19_p0.3_idx3.gpickle,19,0.300,3,9,9,44,37
./graph_db_node_19/p_0.3/graph_n19_p0.3_idx4.gpickle,19,0.300,4,8,8,39,35
./graph_db_node_19/p_0.3/graph_n19_p0.3_idx5.gpickle,19,0.300,5,8,8,38,31
./graph_db_node_19/p_0.3/graph_n19_p0.3_idx6.gpickle,19,0.300,6,9,9,42,37
./graph_db_node_19/p_0.3/graph_n19_p0.3_idx7.gpickle,19,0.300,7,9,9,34,31
./graph_db_node_19/p_0.3/graph_n19_p0.3_idx8.gpickle,19,0.300,8,9,9,48,46
./graph_db_node_19/p_0.3/graph_n19_p0.3_idx9.gpickle,19,0.300,9,9,9,50,42
./graph_db_node_19/p_0.4/graph_n19_p0.4_idx1.gpickle,19,0.400,1,9,9,44,41
./graph_db_node_19/p_0.4/graph_n19_p0.4_idx10.gpickle,19,0.400,10,9,9,43,41
./graph_db_node_19/p_0.4/graph_n19_p0.4_idx2.gpickle,19,0.400,2,9,9,52,44
./graph_db_node_19/p_0.4/graph_n19_p0.4_idx3.gpickle,19,0.400,3,8,8,44,36
./graph_db_node_19/p_0.4/graph_n19_p0.4_idx4.gpickle,19,0.400,4,9,9,44,42
./graph_db_node_19/p_0.4/graph_n19_p0.4_idx5.gpickle,19,0.400,5,8,8,43,41
./graph_db_node_19/p_0.4/graph_n19_p0.4_idx6.gpickle,19,0.400,6,9,9,49,42
./graph_db_node_19/p_0.4/graph_n19_p0.4_idx7.gpickle,19,0.400,7,8,8,49,42
./graph_db_node_19/p_0.4/graph_n19_p0.4_idx8.gpickle,19,0.400,8,9,9,54,37
./graph_db_node_19/p_0.4/graph_n19_p0.4_idx9.gpickle,19,0.400,9,9,9,48,42
./graph_db_node_19/p_0.45/graph_n19_p0.45_idx1.gpickle,19,0.450,1,8,8,45,44
./graph_db_node_19/p_0.45/graph_n19_p0.45_idx10.gpickle,19,0.450,10,9,9,49,45
./graph_db_node_19/p_0.45/graph_n19_p0.45_idx2.gpickle,19,0.450,2,9,9,55,44
./graph_db_node_19/p_0.45/graph_n19_p0.45_idx3.gpickle,19,0.450,3,9,9,45,39
./graph_db_node_19/p_0.45/graph_n19_p0.45_idx4.gpickle,19,0.450,4,8,8,36,38
./graph_db_node_19/p_0.45/graph_n19_p0.45_idx5.gpickle,19,0.450,5,9,9,51,43
./graph_db_node_19/p_0.45/graph_n19_p0.45_idx6.gpickle,19,0.450,6,9,9,41,38
./graph_db_node_19/p_0.45/graph_n19_p0.45_idx7.gpickle,19,0.450,7,7,7,35,35
./graph_db_node_19/p_0.45/graph_n19_p0.45_idx8.gpickle,19,0.450,8,8,8,51,41
./graph_db_node_19/p_0.45/graph_n19_p0.45_idx9.gpickle,19,0.450,9,9,9,44,41
./graph_db_node_19/p_0.5/graph_n19_p0.5_idx1.gpickle,19,0.500,1,9,9,50,41
./graph_db_node_19/p_0.5/graph_n19_p0.5_idx10.gpickle,19,0.500,10,9,9,54,43
./graph_db_node_19/p_0.5/graph_n19_p0.5_idx2.gpickle,19,0.500,2,9,9,48,45
./graph_db_node_19/p_0.5/graph_n19_p0.5_idx3.gpickle,19,0.500,3,9,9,50,44
./graph_db_node_19/p_0.5/graph_n19_p0.5_idx4.gpickle,19,0.500,4,9,9,55,45
./graph_db_node_19/p_0.5/graph_n19_p0.5_idx5.gpickle,19,0.500,5,9,9,51,44
./graph_db_node_19/p_0.5/graph_n19_p0.5_idx6.gpickle,19,0.500,6,9,9,51,45
./graph_db_node_19/p_0.5/graph_n19_p0.5_idx7.gpickle,19,0.500,7,9,9,51,44
./graph_db_node_19/p_0.5/graph_n19_p0.5_idx8.gpickle,19,0.500,8,9,9,40,37
./graph_db_node_19/p_0.5/graph_n19_p0.5_idx9.gpickle,19,0.500,9,9,9,40,37
./graph_db_node_19/p_0.55/graph_n19_p0.55_idx1.gpickle,19,0.550,1,9,9,44,36
./graph_db_node_19/p_0.55/graph_n19_p0.55_idx10.gpickle,19,0.550,10,9,9,47,45
./graph_db_node_19/p_0.55/graph_n19_p0.55_idx2.gpickle,19,0.550,2,9,9,52,44
./graph_db_node_19/p_0.55/graph_n19_p0.55_idx3.gpickle,19,0.550,3,9,9,50,44
./graph_db_node_19/p_0.55/graph_n19_p0.55_idx4.gpickle,19,0.550,4,9,9,50,47
./graph_db_node_19/p_0.55/graph_n19_p0.55_idx5.gpickle,19,0.550,5,9,9,44,40
./graph_db_node_19/p_0.55/graph_n19_p0.55_idx6.gpickle,19,0.550,6,8,8,47,42
./graph_db_node_19/p_0.55/graph_n19_p0.55_idx7.gpickle,19,0.550,7,9,9,46,44
./graph_db_node_19/p_0.55/graph_n19_p0.55_idx8.gpickle,19,0.550,8,8,8,49,47
./graph_db_node_19/p_0.55/graph_n19_p0.55_idx9.gpickle,19,0.550,9,8,8,56,44
./graph_db_node_19/p_0.6/graph_n19_p0.6_idx1.gpickle,19,0.600,1,9,9,46,47
./graph_db_node_19/p_0.6/graph_n19_p0.6_idx10.gpickle,19,0.600,10,9,9,50,45
./graph_db_node_19/p_0.6/graph_n19_p0.6_idx2.gpickle,19,0.600,2,8,8,42,40
./graph_db_node_19/p_0.6/graph_n19_p0.6_idx3.gpickle,19,0.600,3,9,9,47,43
./graph_db_node_19/p_0.6/graph_n19_p0.6_idx4.gpickle,19,0.600,4,9,9,50,49
./graph_db_node_19/p_0.6/graph_n19_p0.6_idx5.gpickle,19,0.600,5,9,9,52,45
./graph_db_node_19/p_0.6/graph_n19_p0.6_idx6.gpickle,19,0.600,6,9,9,52,45
./graph_db_node_19/p_0.6/graph_n19_p0.6_idx7.gpickle,19,0.600,7,8,8,54,48
./graph_db_node_19/p_0.6/graph_n19_p0.6_idx8.gpickle,19,0.600,8,9,9,53,45
./graph_db_node_19/p_0.6/graph_n19_p0.6_idx9.gpickle,19,0.600,9,9,9,50,39
./graph_db_node_19/p_0.65/graph_n19_p0.65_idx1.gpickle,19,0.650,1,9,9,50,43
./graph_db_node_19/p_0.65/graph_n19_p0.65_idx10.gpickle,19,0.650,10,9,9,41,41
./graph_db_node_19/p_0.65/graph_n19_p0.65_idx2.gpickle,19,0.650,2,8,8,47,42
./graph_db_node_19/p_0.65/graph_n19_p0.65_idx3.gpickle,19,0.650,3,9,9,47,44
./graph_db_node_19/p_0.65/graph_n19_p0.65_idx4.gpickle,19,0.650,4,8,8,52,41
./graph_db_node_19/p_0.65/graph_n19_p0.65_idx5.gpickle,19,0.650,5,9,9,43,39
./graph_db_node_19/p_0.65/graph_n19_p0.65_idx6.gpickle,19,0.650,6,9,9,48,46
./graph_db_node_19/p_0.65/graph_n19_p0.65_idx7.gpickle,19,0.650,7,9,9,47,41
./graph_db_node_19/p_0.65/graph_n19_p0.65_idx8.gpickle,19,0.650,8,9,9,50,35
./graph_db_node_19/p_0.65/graph_n19_p0.65_idx9.gpickle,19,0.650,9,9,9,48,51
./graph_db_node_19/p_0.7/graph_n19_p0.7_idx1.gpickle,19,0.700,1,8,8,44,38
./graph_db_node_19/p_0.7/graph_n19_p0.7_idx10.gpickle,19,0.700,10,9,9,41,40
./graph_db_node_19/p_0.7/graph_n19_p0.7_idx2.gpickle,19,0.700,2,8,8,48,34
./graph_db_node_19/p_0.7/graph_n19_p0.7_idx3.gpickle,19,0.700,3,8,8,50,43
./graph_db_node_19/p_0.7/graph_n19_p0.7_idx4.gpickle,19,0.700,4,9,9,50,45
./graph_db_node_19/p_0.7/graph_n19_p0.7_idx5.gpickle,19,0.700,5,9,9,50,39
./graph_db_node_19/p_0.7/graph_n19_p0.7_idx6.gpickle,19,0.700,6,9,9,42,45
./graph_db_node_19/p_0.7/graph_n19_p0.7_idx7.gpickle,19,0.700,7,9,9,51,43
./graph_db_node_19/p_0.7/graph_n19_p0.7_idx8.gpickle,19,0.700,8,9,9,44,41
./graph_db_node_19/p_0.7/graph_n19_p0.7_idx9.gpickle,19,0.700,9,8,8,44,39
./graph_db_node_19/p_0.8/graph_n19_p0.8_idx1.gpickle,19,0.800,1,7,7,38,39
./graph_db_node_19/p_0.8/graph_n19_p0.8_idx10.gpickle,19,0.800,10,8,8,43,40
./graph_db_node_19/p_0.8/graph_n19_p0.8_idx2.gpickle,19,0.800,2,7,7,37,33
./graph_db_node_19/p_0.8/graph_n19_p0.8_idx3.gpickle,19,0.800,3,9,9,50,40
./graph_db_node_19/p_0.8/graph_n19_p0.8_idx4.gpickle,19,0.800,4,8,8,46,40
./graph_db_node_19/p_0.8/graph_n19_p0.8_idx5.gpickle,19,0.800,5,8,8,28,27
./graph_db_node_19/p_0.8/graph_n19_p0.8_idx6.gpickle,19,0.800,6,7,7,30,30
./graph_db_node_19/p_0.8/graph_n19_p0.8_idx7.gpickle,19,0.800,7,8,8,44,31
./graph_db_node_19/p_0.8/graph_n19_p0.8_idx8.gpickle,19,0.800,8,9,9,46,38
./graph_db_node_19/p_0.8/graph_n19_p0.8_idx9.gpickle,19,0.800,9,8,8,31,31
./graph_db_node_19/p_0.9/graph_n19_p0.9_idx1.gpickle,19,0.900,1,6,6,17,16
./graph_db_node_19/p_0.9/graph_n19_p0.9_idx10.gpickle,19,0.900,10,7,7,17,16
./graph_db_node_19/p_0.9/graph_n19_p0.9_idx2.gpickle,19,0.900,2,6,6,16,15
./graph_db_node_19/p_0.9/graph_n19_p0.9_idx3.gpickle,19,0.900,3,6,6,28,20
./graph_db_node_19/p_0.9/graph_n19_p0.9_idx4.gpickle,19,0.900,4,8,8,35,27
./graph_db_node_19/p_0.9/graph_n19_p0.9_idx5.gpickle,19,0.900,5,6,6,16,15
./graph_db_node_19/p_0.9/graph_n19_p0.9_idx6.gpickle,19,0.900,6,4,4,11,9
./graph_db_node_19/p_0.9/graph_n19_p0.9_idx7.gpickle,19,0.900,7,6,6,16,11
./graph_db_node_19/p_0.9/graph_n19_p0.9_idx8.gpickle,19,0.900,8,7,7,26,24
./graph_db_node_19/p_0.9/graph_n19_p0.9_idx9.gpickle,19,0.900,9,7,7,26,20
./graph_db_node_20/p_0.1/graph_n20_p0.1_idx1.gpickle,20,0.100,1,7,7,11,8
./graph_db_node_20/p_0.1/graph_n20_p0.1_idx10.gpickle,20,0.100,10,5,5,22,16
./graph_db_node_20/p_0.1/graph_n20_p0.1_idx2.gpickle,20,0.100,2,8,8,15,13
./graph_db_node_20/p_0.1/graph_n20_p0.1_idx3.gpickle,20,0.100,3,6,6,21,15
./graph_db_node_20/p_0.1/graph_n20_p0.1_idx4.gpickle,20,0.100,4,8,8,14,12
./graph_db_node_20/p_0.1/graph_n20_p0.1_idx5.gpickle,20,0.100,5,9,9,21,18
./graph_db_node_20/p_0.1/graph_n20_p0.1_idx6.gpickle,20,0.100,6,7,7,11,10
./graph_db_node_20/p_0.1/graph_n20_p0.1_idx7.gpickle,20,0.100,7,8,8,12,11
./graph_db_node_20/p_0.1/graph_n20_p0.1_idx8.gpickle,20,0.100,8,8,8,19,18
./graph_db_node_20/p_0.1/graph_n20_p0.1_idx9.gpickle,20,0.100,9,7,7,16,13
./graph_db_node_20/p_0.2/graph_n20_p0.2_idx1.gpickle,20,0.200,1,8,8,32,29
./graph_db_node_20/p_0.2/graph_n20_p0.2_idx10.gpickle,20,0.200,10,6,6,34,21
./graph_db_node_20/p_0.2/graph_n20_p0.2_idx2.gpickle,20,0.200,2,9,9,46,34
./graph_db_node_20/p_0.2/graph_n20_p0.2_idx3.gpickle,20,0.200,3,9,9,32,26
./graph_db_node_20/p_0.2/graph_n20_p0.2_idx4.gpickle,20,0.200,4,8,8,26,22
./graph_db_node_20/p_0.2/graph_n20_p0.2_idx5.gpickle,20,0.200,5,7,7,30,20
./graph_db_node_20/p_0.2/graph_n20_p0.2_idx6.gpickle,20,0.200,6,9,9,43,33
./graph_db_node_20/p_0.2/graph_n20_p0.2_idx7.gpickle,20,0.200,7,8,8,31,26
./graph_db_node_20/p_0.2/graph_n20_p0.2_idx8.gpickle,20,0.200,8,9,9,23,22
./graph_db_node_20/p_0.2/graph_n20_p0.2_idx9.gpickle,20,0.200,9,8,8,34,27
./graph_db_node_20/p_0.3/graph_n20_p0.3_idx1.gpickle,20,0.300,1,9,9,42,41
./graph_db_node_20/p_0.3/graph_n20_p0.3_idx10.gpickle,20,0.300,10,9,9,49,38
./graph_db_node_20/p_0.3/graph_n20_p0.3_idx2.gpickle,20,0.300,2,8,8,44,36
./graph_db_node_20/p_0.3/graph_n20_p0.3_idx3.gpickle,20,0.300,3,9,9,55,45
./graph_db_node_20/p_0.3/graph_n20_p0.3_idx4.gpickle,20,0.300,4,9,9,36,34
./graph_db_node_20/p_0.3/graph_n20_p0.3_idx5.gpickle,20,0.300,5,8,8,49,41
./graph_db_node_20/p_0.3/graph_n20_p0.3_idx6.gpickle,20,0.300,6,9,9,57,50
./graph_db_node_20/p_0.3/graph_n20_p0.3_idx7.gpickle,20,0.300,7,8,8,47,41
./graph_db_node_20/p_0.3/graph_n20_p0.3_idx8.gpickle,20,0.300,8,9,9,44,36
./graph_db_node_20/p_0.3/graph_n20_p0.3_idx9.gpickle,20,0.300,9,9,9,54,50
./graph_db_node_20/p_0.4/graph_n20_p0.4_idx1.gpickle,20,0.400,1,10,10,56,45
./graph_db_node_20/p_0.4/graph_n20_p0.4_idx10.gpickle,20,0.400,10,9,9,54,45
./graph_db_node_20/p_0.4/graph_n20_p0.4_idx2.gpickle,20,0.400,2,9,9,59,52
./graph_db_node_20/p_0.4/graph_n20_p0.4_idx3.gpickle,20,0.400,3,9,9,53,46
./graph_db_node_20/p_0.4/graph_n20_p0.4_idx4.gpickle,20,0.400,4,10,10,59,46
./graph_db_node_20/p_0.4/graph_n20_p0.4_idx5.gpickle,20,0.400,5,10,10,53,49
./graph_db_node_20/p_0.4/graph_n20_p0.4_idx6.gpickle,20,0.400,6,9,9,50,45
./graph_db_node_20/p_0.4/graph_n20_p0.4_idx7.gpickle,20,0.400,7,10,10,50,42
./graph_db_node_20/p_0.4/graph_n20_p0.4_idx8.gpickle,20,0.400,8,9,9,46,44
./graph_db_node_20/p_0.4/graph_n20_p0.4_idx9.gpickle,20,0.400,9,9,9,51,46
./graph_db_node_20/p_0.45/graph_n20_p0.45_idx1.gpickle,20,0.450,1,9,9,56,47
./graph_db_node_20/p_0.45/graph_n20_p0.45_idx10.gpickle,20,0.450,10,9,9,53,50
./graph_db_node_20/p_0.45/graph_n20_p0.45_idx2.gpickle,20,0.450,2,9,9,51,45
./graph_db_node_20/p_0.45/graph_n20_p0.45_idx3.gpickle,20,0.450,3,9,9,53,47
./graph_db_node_20/p_0.45/graph_n20_p0.45_idx4.gpickle,20,0.450,4,9,9,58,52
./graph_db_node_20/p_0.45/graph_n20_p0.45_idx5.gpickle,20,0.450,5,10,10,54,56
./graph_db_node_20/p_0.45/graph_n20_p0.45_idx6.gpickle,20,0.450,6,9,9,53,50
./graph_db_node_20/p_0.45/graph_n20_p0.45_idx7.gpickle,20,0.450,7,9,9,49,45
./graph_db_node_20/p_0.45/graph_n20_p0.45_idx8.gpickle,20,0.450,8,8,8,55,49
./graph_db_node_20/p_0.45/graph_n20_p0.45_idx9.gpickle,20,0.450,9,9,9,51,45
./graph_db_node_20/p_0.5/graph_n20_p0.5_idx1.gpickle,20,0.500,1,9,9,53,49
./graph_db_node_20/p_0.5/graph_n20_p0.5_idx10.gpickle,20,0.500,10,10,10,50,43
./graph_db_node_20/p_0.5/graph_n20_p0.5_idx2.gpickle,20,0.500,2,9,9,54,52
./graph_db_node_20/p_0.5/graph_n20_p0.5_idx3.gpickle,20,0.500,3,9,9,49,46
./graph_db_node_20/p_0.5/graph_n20_p0.5_idx4.gpickle,20,0.500,4,10,10,55,49
./graph_db_node_20/p_0.5/graph_n20_p0.5_idx5.gpickle,20,0.500,5,9,9,54,51
./graph_db_node_20/p_0.5/graph_n20_p0.5_idx6.gpickle,20,0.500,6,9,9,57,49
./graph_db_node_20/p_0.5/graph_n20_p0.5_idx7.gpickle,20,0.500,7,9,9,54,47
./graph_db_node_20/p_0.5/graph_n20_p0.5_idx8.gpickle,20,0.500,8,9,9,49,45
./graph_db_node_20/p_0.5/graph_n20_p0.5_idx9.gpickle,20,0.500,9,9,9,53,45
./graph_db_node_20/p_0.55/graph_n20_p0.55_idx1.gpickle,20,0.550,1,9,9,55,50
./graph_db_node_20/p_0.55/graph_n20_p0.55_idx10.gpickle,20,0.550,10,9,9,49,45
./graph_db_node_20/p_0.55/graph_n20_p0.55_idx2.gpickle,20,0.550,2,9,9,56,50
./graph_db_node_20/p_0.55/graph_n20_p0.55_idx3.gpickle,20,0.550,3,10,10,57,51
./graph_db_node_20/p_0.55/graph_n20_p0.55_idx4.gpickle,20,0.550,4,9,9,59,47
./graph_db_node_20/p_0.55/graph_n20_p0.55_idx5.gpickle,20,0.550,5,10,10,51,45
./graph_db_node_20/p_0.55/graph_n20_p0.55_idx6.gpickle,20,0.550,6,9,9,56,44
./graph_db_node_20/p_0.55/graph_n20_p0.55_idx7.gpickle,20,0.550,7,9,9,51,38
./graph_db_node_20/p_0.55/graph_n20_p0.55_idx8.gpickle,20,0.550,8,9,9,52,50
./graph_db_node_20/p_0.55/graph_n20_p0.55_idx9.gpickle,20,0.550,9,9,9,51,43
./graph_db_node_20/p_0.6/graph_n20_p0.6_idx1.gpickle,20,0.600,1,9,9,47,44
./graph_db_node_20/p_0.6/graph_n20_p0.6_idx10.gpickle,20,0.600,10,9,9,49,48
./graph_db_node_20/p_0.6/graph_n20_p0.6_idx2.gpickle,20,0.600,2,9,9,51,53
./graph_db_node_20/p_0.6/graph_n20_p0.6_idx3.gpickle,20,0.600,3,9,9,60,43
./graph_db_node_20/p_0.6/graph_n20_p0.6_idx4.gpickle,20,0.600,4,10,10,57,55
./graph_db_node_20/p_0.6/graph_n20_p0.6_idx5.gpickle,20,0.600,5,9,9,40,45
./graph_db_node_20/p_0.6/graph_n20_p0.6_idx6.gpickle,20,0.600,6,9,9,49,45
./graph_db_node_20/p_0.6/graph_n20_p0.6_idx7.gpickle,20,0.600,7,9,9,58,50
./graph_db_node_20/p_0.6/graph_n20_p0.6_idx8.gpickle,20,0.600,8,9,9,52,46
./graph_db_node_20/p_0.6/graph_n20_p0.6_idx9.gpickle,20,0.600,9,9,9,52,46
./graph_db_node_20/p_0.65/graph_n20_p0.65_idx1.gpickle,20,0.650,1,10,10,55,47
./graph_db_node_20/p_0.65/graph_n20_p0.65_idx10.gpickle,20,0.650,10,10,10,58,52
./graph_db_node_20/p_0.65/graph_n20_p0.65_idx2.gpickle,20,0.650,2,8,8,50,47
./graph_db_node_20/p_0.65/graph_n20_p0.65_idx3.gpickle,20,0.650,3,9,9,60,53
./graph_db_node_20/p_0.65/graph_n20_p0.65_idx4.gpickle,20,0.650,4,9,9,56,52
./graph_db_node_20/p_0.65/graph_n20_p0.65_idx5.gpickle,20,0.650,5,10,10,57,44
./graph_db_node_20/p_0.65/graph_n20_p0.65_idx6.gpickle,20,0.650,6,10,10,50,48
./graph_db_node_20/p_0.65/graph_n20_p0.65_idx7.gpickle,20,0.650,7,9,9,56,53
./graph_db_node_20/p_0.65/graph_n20_p0.65_idx8.gpickle,20,0.650,8,9,9,55,51
./graph_db_node_20/p_0.65/graph_n20_p0.65_idx9.gpickle,20,0.650,9,9,9,60,53
./graph_db_node_20/p_0.7/graph_n20_p0.7_idx1.gpickle,20,0.700,1,9,9,55,41
./graph_db_node_20/p_0.7/graph_n20_p0.7_idx10.gpickle,20,0.700,10,10,10,48,49
./graph_db_node_20/p_0.7/graph_n20_p0.7_idx2.gpickle,20,0.700,2,10,10,52,46
./graph_db_node_20/p_0.7/graph_n20_p0.7_idx3.gpickle,20,0.700,3,9,9,62,43
./graph_db_node_20/p_0.7/graph_n20_p0.7_idx4.gpickle,20,0.700,4,8,8,52,47
./graph_db_node_20/p_0.7/graph_n20_p0.7_idx5.gpickle,20,0.700,5,9,9,51,49
./graph_db_node_20/p_0.7/graph_n20_p0.7_idx6.gpickle,20,0.700,6,9,9,55,44
./graph_db_node_20/p_0.7/graph_n20_p0.7_idx7.gpickle,20,0.700,7,9,9,58,49
./graph_db_node_20/p_0.7/graph_n20_p0.7_idx8.gpickle,20,0.700,8,10,10,55,49
./graph_db_node_20/p_0.7/graph_n20_p0.7_idx9.gpickle,20,0.700,9,10,10,53,46
./graph_db_node_20/p_0.8/graph_n20_p0.8_idx1.gpickle,20,0.800,1,9,9,48,33
./graph_db_node_20/p_0.8/graph_n20_p0.8_idx10.gpickle,20,0.800,10,9,9,52,46
./graph_db_node_20/p_0.8/graph_n20_p0.8_idx2.gpickle,20,0.800,2,8,8,39,27
./graph_db_node_20/p_0.8/graph_n20_p0.8_idx3.gpickle,20,0.800,3,9,9,49,42
./graph_db_node_20/p_0.8/graph_n20_p0.8_idx4.gpickle,20,0.800,4,9,9,46,37
./graph_db_node_20/p_0.8/graph_n20_p0.8_idx5.gpickle,20,0.800,5,8,8,38,25
./graph_db_node_20/p_0.8/graph_n20_p0.8_idx6.gpickle,20,0.800,6,9,9,53,45
./graph_db_node_20/p_0.8/graph_n20_p0.8_idx7.gpickle,20,0.800,7,9,9,53,43
./graph_db_node_20/p_0.8/graph_n20_p0.8_idx8.gpickle,20,0.800,8,9,9,49,40
./graph_db_node_20/p_0.8/graph_n20_p0.8_idx9.gpickle,20,0.800,9,9,9,54,41
./graph_db_node_20/p_0.9/graph_n20_p0.9_idx1.gpickle,20,0.900,1,7,7,24,16
./graph_db_node_20/p_0.9/graph_n20_p0.9_idx10.gpickle,20,0.900,10,7,7,36,26
./graph_db_node_20/p_0.9/graph_n20_p0.9_idx2.gpickle,20,0.900,2,5,5,13,12
./graph_db_node_20/p_0.9/graph_n20_p0.9_idx3.gpickle,20,0.900,3,8,8,42,33
./graph_db_node_20/p_0.9/graph_n20_p0.9_idx4.gpickle,20,0.900,4,7,7,32,22
./graph_db_node_20/p_0.9/graph_n20_p0.9_idx5.gpickle,20,0.900,5,6,6,15,15
./graph_db_node_20/p_0.9/graph_n20_p0.9_idx6.gpickle,20,0.900,6,6,6,16,13
./graph_db_node_20/p_0.9/graph_n20_p0.9_idx7.gpickle,20,0.900,7,6,6,16,10
./graph_db_node_20/p_0.9/graph_n20_p0.9_idx8.gpickle,20,0.900,8,6,6,26,28
./graph_db_node_20/p_0.9/graph_n20_p0.9_idx9.gpickle,20,0.900,9,8,8,38,27
./graph_db_node_21/p_0.1/graph_n21_p0.1_idx1.gpickle,21,0.100,1,7,7,9,7
./graph_db_node_21/p_0.1/graph_n21_p0.1_idx10.gpickle,21,0.100,10,6,6,13,12
./graph_db_node_21/p_0.1/graph_n21_p0.1_idx2.gpickle,21,0.100,2,8,8,19,12
./graph_db_node_21/p_0.1/graph_n21_p0.1_idx3.gpickle,21,0.100,3,9,9,11,9
./graph_db_node_21/p_0.1/graph_n21_p0.1_idx4.gpickle,21,0.100,4,8,8,15,10
./graph_db_node_21/p_0.1/graph_n21_p0.1_idx5.gpickle,21,0.100,5,8,8,33,21
./graph_db_node_21/p_0.1/graph_n21_p0.1_idx6.gpickle,21,0.100,6,8,8,20,15
./graph_db_node_21/p_0.1/graph_n21_p0.1_idx7.gpickle,21,0.100,7,8,8,25,16
./graph_db_node_21/p_0.1/graph_n21_p0.1_idx8.gpickle,21,0.100,8,6,6,8,7
./graph_db_node_21/p_0.1/graph_n21_p0.1_idx9.gpickle,21,0.100,9,8,8,19,8
./graph_db_node_21/p_0.2/graph_n21_p0.2_idx1.gpickle,21,0.200,1,8,8,43,35
./graph_db_node_21/p_0.2/graph_n21_p0.2_idx10.gpickle,21,0.200,10,9,9,31,31
./graph_db_node_21/p_0.2/graph_n21_p0.2_idx2.gpickle,21,0.200,2,9,9,46,35
./graph_db_node_21/p_0.2/graph_n21_p0.2_idx3.gpickle,21,0.200,3,9,9,45,37
./graph_db_node_21/p_0.2/graph_n21_p0.2_idx4.gpickle,21,0.200,4,10,10,49,34
./graph_db_node_21/p_0.2/graph_n21_p0.2_idx5.gpickle,21,0.200,5,7,7,34,32
./graph_db_node_21/p_0.2/graph_n21_p0.2_idx6.gpickle,21,0.200,6,9,9,38,36
./graph_db_node_21/p_0.2/graph_n21_p0.2_idx7.gpickle,21,0.200,7,10,10,41,32
./graph_db_node_21/p_0.2/graph_n21_p0.2_idx8.gpickle,21,0.200,8,8,8,38,24
./graph_db_node_21/p_0.2/graph_n21_p0.2_idx9.gpickle,21,0.200,9,9,9,34,34
./graph_db_node_21/p_0.3/graph_n21_p0.3_idx1.gpickle,21,0.300,1,10,10,49,43
./graph_db_node_21/p_0.3/graph_n21_p0.3_idx10.gpickle,21,0.300,10,10,10,60,46
./graph_db_node_21/p_0.3/graph_n21_p0.3_idx2.gpickle,21,0.300,2,10,10,64,42
./graph_db_node_21/p_0.3/graph_n21_p0.3_idx3.gpickle,21,0.300,3,9,9,56,51
./graph_db_node_21/p_0.3/graph_n21_p0.3_idx4.gpickle,21,0.300,4,10,10,48,38
./graph_db_node_21/p_0.3/graph_n21_p0.3_idx5.gpickle,21,0.300,5,10,10,61,54
./graph_db_node_21/p_0.3/graph_n21_p0.3_idx6.gpickle,21,0.300,6,10,10,48,48
./graph_db_node_21/p_0.3/graph_n21_p0.3_idx7.gpickle,21,0.300,7,10,10,48,45
./graph_db_node_21/p_0.3/graph_n21_p0.3_idx8.gpickle,21,0.300,8,9,9,42,42
./graph_db_node_21/p_0.3/graph_n21_p0.3_idx9.gpickle,21,0.300,9,10,10,64,53
./graph_db_node_21/p_0.4/graph_n21_p0.4_idx1.gpickle,21,0.400,1,9,9,58,45
./graph_db_node_21/p_0.4/graph_n21_p0.4_idx10.gpickle,21,0.400,10,9,9,60,55
./graph_db_node_21/p_0.4/graph_n21_p0.4_idx2.gpickle,21,0.400,2,10,10,67,59
./graph_db_node_21/p_0.4/graph_n21_p0.4_idx3.gpickle,21,0.400,3,10,10,61,55
./graph_db_node_21/p_0.4/graph_n21_p0.4_idx4.gpickle,21,0.400,4,10,10,57,58
./graph_db_node_21/p_0.4/graph_n21_p0.4_idx5.gpickle,21,0.400,5,10,10,63,55
./graph_db_node_21/p_0.4/graph_n21_p0.4_idx6.gpickle,21,0.400,6,10,10,70,50
./graph_db_node_21/p_0.4/graph_n21_p0.4_idx7.gpickle,21,0.400,7,10,10,63,50
./graph_db_node_21/p_0.4/graph_n21_p0.4_idx8.gpickle,21,0.400,8,9,9,65,55
./graph_db_node_21/p_0.4/graph_n21_p0.4_idx9.gpickle,21,0.400,9,9,9,61,52
./graph_db_node_21/p_0.45/graph_n21_p0.45_idx1.gpickle,21,0.450,1,10,10,64,59
./graph_db_node_21/p_0.45/graph_n21_p0.45_idx10.gpickle,21,0.450,10,10,10,63,55
./graph_db_node_21/p_0.45/graph_n21_p0.45_idx2.gpickle,21,0.450,2,10,10,65,57
./graph_db_node_21/p_0.45/graph_n21_p0.45_idx3.gpickle,21,0.450,3,9,9,52,51
./graph_db_node_21/p_0.45/graph_n21_p0.45_idx4.gpickle,21,0.450,4,9,9,60,55
./graph_db_node_21/p_0.45/graph_n21_p0.45_idx5.gpickle,21,0.450,5,9,9,57,57
./graph_db_node_21/p_0.45/graph_n21_p0.45_idx6.gpickle,21,0.450,6,10,10,60,56
./graph_db_node_21/p_0.45/graph_n21_p0.45_idx7.gpickle,21,0.450,7,9,9,63,50
./graph_db_node_21/p_0.45/graph_n21_p0.45_idx8.gpickle,21,0.450,8,10,10,65,52
./graph_db_node_21/p_0.45/graph_n21_p0.45_idx9.gpickle,21,0.450,9,10,10,69,56
./graph_db_node_21/p_0.5/graph_n21_p0.5_idx1.gpickle,21,0.500,1,10,10,61,55
./graph_db_node_21/p_0.5/graph_n21_p0.5_idx10.gpickle,21,0.500,10,10,10,66,56
./graph_db_node_21/p_0.5/graph_n21_p0.5_idx2.gpickle,21,0.500,2,10,10,65,53
./graph_db_node_21/p_0.5/graph_n21_p0.5_idx3.gpickle,21,0.500,3,9,9,66,50
./graph_db_node_21/p_0.5/graph_n21_p0.5_idx4.gpickle,21,0.500,4,10,10,63,54
./graph_db_node_21/p_0.5/graph_n21_p0.5_idx5.gpickle,21,0.500,5,10,10,60,47
./graph_db_node_21/p_0.5/graph_n21_p0.5_idx6.gpickle,21,0.500,6,10,10,60,54
./graph_db_node_21/p_0.5/graph_n21_p0.5_idx7.gpickle,21,0.500,7,9,9,57,54
./graph_db_node_21/p_0.5/graph_n21_p0.5_idx8.gpickle,21,0.500,8,9,9,65,57
./graph_db_node_21/p_0.5/graph_n21_p0.5_idx9.gpickle,21,0.500,9,10,10,59,50
./graph_db_node_21/p_0.55/graph_n21_p0.55_idx1.gpickle,21,0.550,1,10,10,59,53
./graph_db_node_21/p_0.55/graph_n21_p0.55_idx10.gpickle,21,0.550,10,10,10,64,53
./graph_db_node_21/p_0.55/graph_n21_p0.55_idx2.gpickle,21,0.550,2,10,10,62,52
./graph_db_node_21/p_0.55/graph_n21_p0.55_idx3.gpickle,21,0.550,3,10,10,60,56
./graph_db_node_21/p_0.55/graph_n21_p0.55_idx4.gpickle,21,0.550,4,10,10,68,56
./graph_db_node_21/p_0.55/graph_n21_p0.55_idx5.gpickle,21,0.550,5,10,10,66,57
./graph_db_node_21/p_0.55/graph_n21_p0.55_idx6.gpickle,21,0.550,6,10,10,56,49
./graph_db_node_21/p_0.55/graph_n21_p0.55_idx7.gpickle,21,0.550,7,9,9,54,53
./graph_db_node_21/p_0.55/graph_n21_p0.55_idx8.gpickle,21,0.550,8,10,10,62,59
./graph_db_node_21/p_0.55/graph_n21_p0.55_idx9.gpickle,21,0.550,9,10,10,57,58
./graph_db_node_21/p_0.6/graph_n21_p0.6_idx1.gpickle,21,0.600,1,10,10,54,46
./graph_db_node_21/p_0.6/graph_n21_p0.6_idx10.gpickle,21,0.600,10,10,10,60,57
./graph_db_node_21/p_0.6/graph_n21_p0.6_idx2.gpickle,21,0.600,2,10,10,64,51
./graph_db_node_21/p_0.6/graph_n21_p0.6_idx3.gpickle,21,0.600,3,10,10,60,51
./graph_db_node_21/p_0.6/graph_n21_p0.6_idx4.gpickle,21,0.600,4,10,10,56,52
./graph_db_node_21/p_0.6/graph_n21_p0.6_idx5.gpickle,21,0.600,5,10,10,69,55
./graph_db_node_21/p_0.6/graph_n21_p0.6_idx6.gpickle,21,0.600,6,10,10,60,58
./graph_db_node_21/p_0.6/graph_n21_p0.6_idx7.gpickle,21,0.600,7,10,10,65,50
./graph_db_node_21/p_0.6/graph_n21_p0.6_idx8.gpickle,21,0.600,8,10,10,61,53
./graph_db_node_21/p_0.6/graph_n21_p0.6_idx9.gpickle,21,0.600,9,9,9,65,54
./graph_db_node_21/p_0.65/graph_n21_p0.65_idx1.gpickle,21,0.650,1,9,9,61,53
./graph_db_node_21/p_0.65/graph_n21_p0.65_idx10.gpickle,21,0.650,10,10,10,58,51
./graph_db_node_21/p_0.65/graph_n21_p0.65_idx2.gpickle,21,0.650,2,10,10,57,56
./graph_db_node_21/p_0.65/graph_n21_p0.65_idx3.gpickle,21,0.650,3,9,9,52,56
./graph_db_node_21/p_0.65/graph_n21_p0.65_idx4.gpickle,21,0.650,4,9,9,57,55
./graph_db_node_21/p_0.65/graph_n21_p0.65_idx5.gpickle,21,0.650,5,10,10,57,47
./graph_db_node_21/p_0.65/graph_n21_p0.65_idx6.gpickle,21,0.650,6,9,9,60,54
./graph_db_node_21/p_0.65/graph_n21_p0.65_idx7.gpickle,21,0.650,7,10,10,57,54
./graph_db_node_21/p_0.65/graph_n21_p0.65_idx8.gpickle,21,0.650,8,10,10,61,46
./graph_db_node_21/p_0.65/graph_n21_p0.65_idx9.gpickle,21,0.650,9,10,10,61,53
./graph_db_node_21/p_0.7/graph_n21_p0.7_idx1.gpickle,21,0.700,1,8,8,50,45
./graph_db_node_21/p_0.7/graph_n21_p0.7_idx10.gpickle,21,0.700,10,10,10,63,54
./graph_db_node_21/p_0.7/graph_n21_p0.7_idx2.gpickle,21,0.700,2,10,10,56,57
./graph_db_node_21/p_0.7/graph_n21_p0.7_idx3.gpickle,21,0.700,3,10,10,59,50
./graph_db_node_21/p_0.7/graph_n21_p0.7_idx4.gpickle,21,0.700,4,9,9,60,46
./graph_db_node_21/p_0.7/graph_n21_p0.7_idx5.gpickle,21,0.700,5,10,10,65,60
./graph_db_node_21/p_0.7/graph_n21_p0.7_idx6.gpickle,21,0.700,6,10,10,61,51
./graph_db_node_21/p_0.7/graph_n21_p0.7_idx7.gpickle,21,0.700,7,10,10,64,54
./graph_db_node_21/p_0.7/graph_n21_p0.7_idx8.gpickle,21,0.700,8,10,10,61,54
./graph_db_node_21/p_0.7/graph_n21_p0.7_idx9.gpickle,21,0.700,9,10,10,67,56
./graph_db_node_21/p_0.8/graph_n21_p0.8_idx1.gpickle,21,0.800,1,10,10,45,34
./graph_db_node_21/p_0.8/graph_n21_p0.8_idx10.gpickle,21,0.800,10,9,9,58,51
./graph_db_node_21/p_0.8/graph_n21_p0.8_idx2.gpickle,21,0.800,2,9,9,52,37
./graph_db_node_21/p_0.8/graph_n21_p0.8_idx3.gpickle,21,0.800,3,9,9,62,48
./graph_db_node_21/p_0.8/graph_n21_p0.8_idx4.gpickle,21,0.800,4,9,9,51,45
./graph_db_node_21/p_0.8/graph_n21_p0.8_idx5.gpickle,21,0.800,5,8,8,52,39
./graph_db_node_21/p_0.8/graph_n21_p0.8_idx6.gpickle,21,0.800,6,10,10,46,35
./graph_db_node_21/p_0.8/graph_n21_p0.8_idx7.gpickle,21,0.800,7,9,9,43,42
./graph_db_node_21/p_0.8/graph_n21_p0.8_idx8.gpickle,21,0.800,8,9,9,44,41
./graph_db_node_21/p_0.8/graph_n21_p0.8_idx9.gpickle,21,0.800,9,9,9,56,37
./graph_db_node_21/p_0.9/graph_n21_p0.9_idx1.gpickle,21,0.900,1,7,7,24,21
./graph_db_node_21/p_0.9/graph_n21_p0.9_idx10.gpickle,21,0.900,10,8,8,35,22
./graph_db_node_21/p_0.9/graph_n21_p0.9_idx2.gpickle,21,0.900,2,8,8,18,17
./graph_db_node_21/p_0.9/graph_n21_p0.9_idx3.gpickle,21,0.900,3,8,8,38,33
./graph_db_node_21/p_0.9/graph_n21_p0.9_idx4.gpickle,21,0.900,4,9,9,36,28
./graph_db_node_21/p_0.9/graph_n21_p0.9_idx5.gpickle,21,0.900,5,7,7,36,23
./graph_db_node_21/p_0.9/graph_n21_p0.9_idx6.gpickle,21,0.900,6,6,6,17,12
./graph_db_node_21/p_0.9/graph_n21_p0.9_idx7.gpickle,21,0.900,7,8,8,12,11
./graph_db_node_21/p_0.9/graph_n21_p0.9_idx8.gpickle,21,0.900,8,8,8,31,20
./graph_db_node_21/p_0.9/graph_n21_p0.9_idx9.gpickle,21,0.900,9,8,8,42,30
./graph_db_node_22/p_0.1/graph_n22_p0.1_idx1.gpickle,22,0.100,1,8,8,19,13
./graph_db_node_22/p_0.1/graph_n22_p0.1_idx10.gpickle,22,0.100,10,9,9,28,20
./graph_db_node_22/p_0.1/graph_n22_p0.1_idx2.gpickle,22,0.100,2,7,7,17,12
./graph_db_node_22/p_0.1/graph_n22_p0.1_idx3.gpickle,22,0.100,3,9,9,23,13
./graph_db_node_22/p_0.1/graph_n22_p0.1_idx4.gpickle,22,0.100,4,8,8,27,16
./graph_db_node_22/p_0.1/graph_n22_p0.1_idx5.gpickle,22,0.100,5,7,7,18,12
./graph_db_node_22/p_0.1/graph_n22_p0.1_idx6.gpickle,22,0.100,6,7,7,24,19
./graph_db_node_22/p_0.1/graph_n22_p0.1_idx7.gpickle,22,0.100,7,7,7,16,17
./graph_db_node_22/p_0.1/graph_n22_p0.1_idx8.gpickle,22,0.100,8,7,7,21,19
./graph_db_node_22/p_0.1/graph_n22_p0.1_idx9.gpickle,22,0.100,9,8,8,39,25
./graph_db_node_22/p_0.2/graph_n22_p0.2_idx1.gpickle,22,0.200,1,10,10,44,36
./graph_db_node_22/p_0.2/graph_n22_p0.2_idx10.gpickle,22,0.200,10,9,9,46,32
./graph_db_node_22/p_0.2/graph_n22_p0.2_idx2.gpickle,22,0.200,2,10,10,52,43
./graph_db_node_22/p_0.2/graph_n22_p0.2_idx3.gpickle,22,0.200,3,10,10,49,53
./graph_db_node_22/p_0.2/graph_n22_p0.2_idx4.gpickle,22,0.200,4,9,9,44,29
./graph_db_node_22/p_0.2/graph_n22_p0.2_idx5.gpickle,22,0.200,5,9,9,31,25
./graph_db_node_22/p_0.2/graph_n22_p0.2_idx6.gpickle,22,0.200,6,11,11,30,27
./graph_db_node_22/p_0.2/graph_n22_p0.2_idx7.gpickle,22,0.200,7,10,10,42,34
./graph_db_node_22/p_0.2/graph_n22_p0.2_idx8.gpickle,22,0.200,8,10,10,38,28
./graph_db_node_22/p_0.2/graph_n22_p0.2_idx9.gpickle,22,0.200,9,10,10,46,34
./graph_db_node_22/p_0.3/graph_n22_p0.3_idx1.gpickle,22,0.300,1,10,10,61,48
./graph_db_node_22/p_0.3/graph_n22_p0.3_idx10.gpickle,22,0.300,10,10,10,60,51
./graph_db_node_22/p_0.3/graph_n22_p0.3_idx2.gpickle,22,0.300,2,11,11,47,41
./graph_db_node_22/p_0.3/graph_n22_p0.3_idx3.gpickle,22,0.300,3,10,10,56,47
./graph_db_node_22/p_0.3/graph_n22_p0.3_idx4.gpickle,22,0.300,4,11,11,56,42
./graph_db_node_22/p_0.3/graph_n22_p0.3_idx5.gpickle,22,0.300,5,10,10,53,48
./graph_db_node_22/p_0.3/graph_n22_p0.3_idx6.gpickle,22,0.300,6,11,11,56,45
./graph_db_node_22/p_0.3/graph_n22_p0.3_idx7.gpickle,22,0.300,7,10,10,61,49
./graph_db_node_22/p_0.3/graph_n22_p0.3_idx8.gpickle,22,0.300,8,10,10,60,51
./graph_db_node_22/p_0.3/graph_n22_p0.3_idx9.gpickle,22,0.300,9,10,10,64,60
./graph_db_node_22/p_0.4/graph_n22_p0.4_idx1.gpickle,22,0.400,1,11,11,68,55
./graph_db_node_22/p_0.4/graph_n22_p0.4_idx10.gpickle,22,0.400,10,11,11,66,49
./graph_db_node_22/p_0.4/graph_n22_p0.4_idx2.gpickle,22,0.400,2,10,10,64,61
./graph_db_node_22/p_0.4/graph_n22_p0.4_idx3.gpickle,22,0.400,3,10,10,72,61
./graph_db_node_22/p_0.4/graph_n22_p0.4_idx4.gpickle,22,0.400,4,10,10,74,55
./graph_db_node_22/p_0.4/graph_n22_p0.4_idx5.gpickle,22,0.400,5,11,11,69,55
./graph_db_node_22/p_0.4/graph_n22_p0.4_idx6.gpickle,22,0.400,6,10,10,70,58
./graph_db_node_22/p_0.4/graph_n22_p0.4_idx7.gpickle,22,0.400,7,11,11,70,60
./graph_db_node_22/p_0.4/graph_n22_p0.4_idx8.gpickle,22,0.400,8,10,10,64,53
./graph_db_node_22/p_0.4/graph_n22_p0.4_idx9.gpickle,22,0.400,9,10,10,61,56
./graph_db_node_22/p_0.45/graph_n22_p0.45_idx1.gpickle,22,0.450,1,10,10,68,57
./graph_db_node_22/p_0.45/graph_n22_p0.45_idx10.gpickle,22,0.450,10,10,10,68,65
./graph_db_node_22/p_0.45/graph_n22_p0.45_idx2.gpickle,22,0.450,2,10,10,63,60
./graph_db_node_22/p_0.45/graph_n22_p0.45_idx3.gpickle,22,0.450,3,10,10,79,66
./graph_db_node_22/p_0.45/graph_n22_p0.45_idx4.gpickle,22,0.450,4,10,10,73,61
./graph_db_node_22/p_0.45/graph_n22_p0.45_idx5.gpickle,22,0.450,5,10,10,74,61
./graph_db_node_22/p_0.45/graph_n22_p0.45_idx6.gpickle,22,0.450,6,10,10,62,55
./graph_db_node_22/p_0.45/graph_n22_p0.45_idx7.gpickle,22,0.450,7,10,10,60,54
./graph_db_node_22/p_0.45/graph_n22_p0.45_idx8.gpickle,22,0.450,8,9,9,66,62
./graph_db_node_22/p_0.45/graph_n22_p0.45_idx9.gpickle,22,0.450,9,10,10,54,52
./graph_db_node_22/p_0.5/graph_n22_p0.5_idx1.gpickle,22,0.500,1,10,10,70,64
./graph_db_node_22/p_0.5/graph_n22_p0.5_idx10.gpickle,22,0.500,10,11,11,65,62
./graph_db_node_22/p_0.5/graph_n22_p0.5_idx2.gpickle,22,0.500,2,9,9,67,58
./graph_db_node_22/p_0.5/graph_n22_p0.5_idx3.gpickle,22,0.500,3,10,10,66,66
./graph_db_node_22/p_0.5/graph_n22_p0.5_idx4.gpickle,22,0.500,4,10,10,68,61
./graph_db_node_22/p_0.5/graph_n22_p0.5_idx5.gpickle,22,0.500,5,10,10,75,64
./graph_db_node_22/p_0.5/graph_n22_p0.5_idx6.gpickle,22,0.500,6,11,11,67,58
./graph_db_node_22/p_0.5/graph_n22_p0.5_idx7.gpickle,22,0.500,7,10,10,63,52
./graph_db_node_22/p_0.5/graph_n22_p0.5_idx8.gpickle,22,0.500,8,10,10,72,63
./graph_db_node_22/p_0.5/graph_n22_p0.5_idx9.gpickle,22,0.500,9,11,11,71,57
./graph_db_node_22/p_0.55/graph_n22_p0.55_idx1.gpickle,22,0.550,1,11,11,72,59
./graph_db_node_22/p_0.55/graph_n22_p0.55_idx10.gpickle,22,0.550,10,10,10,66,58
./graph_db_node_22/p_0.55/graph_n22_p0.55_idx2.gpickle,22,0.550,2,10,10,65,61
./graph_db_node_22/p_0.55/graph_n22_p0.55_idx3.gpickle,22,0.550,3,10,10,69,64
./graph_db_node_22/p_0.55/graph_n22_p0.55_idx4.gpickle,22,0.550,4,11,11,70,59
./graph_db_node_22/p_0.55/graph_n22_p0.55_idx5.gpickle,22,0.550,5,11,11,67,65
./graph_db_node_22/p_0.55/graph_n22_p0.55_idx6.gpickle,22,0.550,6,11,11,72,58
./graph_db_node_22/p_0.55/graph_n22_p0.55_idx7.gpickle,22,0.550,7,11,11,72,58
./graph_db_node_22/p_0.55/graph_n22_p0.55_idx8.gpickle,22,0.550,8,10,10,67,60
./graph_db_node_22/p_0.55/graph_n22_p0.55_idx9.gpickle,22,0.550,9,11,11,69,54
./graph_db_node_22/p_0.6/graph_n22_p0.6_idx1.gpickle,22,0.600,1,10,10,62,55
./graph_db_node_22/p_0.6/graph_n22_p0.6_idx10.gpickle,22,0.600,10,11,11,71,57
./graph_db_node_22/p_0.6/graph_n22_p0.6_idx2.gpickle,22,0.600,2,10,10,67,55
./graph_db_node_22/p_0.6/graph_n22_p0.6_idx3.gpickle,22,0.600,3,10,10,73,59
./graph_db_node_22/p_0.6/graph_n22_p0.6_idx4.gpickle,22,0.600,4,11,11,64,53
./graph_db_node_22/p_0.6/graph_n22_p0.6_idx5.gpickle,22,0.600,5,10,10,60,60
./graph_db_node_22/p_0.6/graph_n22_p0.6_idx6.gpickle,22,0.600,6,10,10,61,63
./graph_db_node_22/p_0.6/graph_n22_p0.6_idx7.gpickle,22,0.600,7,10,10,71,64
./graph_db_node_22/p_0.6/graph_n22_p0.6_idx8.gpickle,22,0.600,8,10,10,68,58
./graph_db_node_22/p_0.6/graph_n22_p0.6_idx9.gpickle,22,0.600,9,10,10,67,57
./graph_db_node_22/p_0.65/graph_n22_p0.65_idx1.gpickle,22,0.650,1,10,10,76,61
./graph_db_node_22/p_0.65/graph_n22_p0.65_idx10.gpickle,22,0.650,10,11,11,61,61
./graph_db_node_22/p_0.65/graph_n22_p0.65_idx2.gpickle,22,0.650,2,11,11,69,62
./graph_db_node_22/p_0.65/graph_n22_p0.65_idx3.gpickle,22,0.650,3,10,10,66,61
./graph_db_node_22/p_0.65/graph_n22_p0.65_idx4.gpickle,22,0.650,4,11,11,62,56
./graph_db_node_22/p_0.65/graph_n22_p0.65_idx5.gpickle,22,0.650,5,11,11,64,58
./graph_db_node_22/p_0.65/graph_n22_p0.65_idx6.gpickle,22,0.650,6,11,11,66,58
./graph_db_node_22/p_0.65/graph_n22_p0.65_idx7.gpickle,22,0.650,7,9,9,73,61
./graph_db_node_22/p_0.65/graph_n22_p0.65_idx8.gpickle,22,0.650,8,9,9,71,55
./graph_db_node_22/p_0.65/graph_n22_p0.65_idx9.gpickle,22,0.650,9,10,10,75,67
./graph_db_node_22/p_0.7/graph_n22_p0.7_idx1.gpickle,22,0.700,1,10,10,62,52
./graph_db_node_22/p_0.7/graph_n22_p0.7_idx10.gpickle,22,0.700,10,9,9,67,59
./graph_db_node_22/p_0.7/graph_n22_p0.7_idx2.gpickle,22,0.700,2,10,10,61,51
./graph_db_node_22/p_0.7/graph_n22_p0.7_idx3.gpickle,22,0.700,3,9,9,63,51
./graph_db_node_22/p_0.7/graph_n22_p0.7_idx4.gpickle,22,0.700,4,10,10,68,57
./graph_db_node_22/p_0.7/graph_n22_p0.7_idx5.gpickle,22,0.700,5,10,10,69,56
./graph_db_node_22/p_0.7/graph_n22_p0.7_idx6.gpickle,22,0.700,6,10,10,64,60
./graph_db_node_22/p_0.7/graph_n22_p0.7_idx7.gpickle,22,0.700,7,11,11,65,61
./graph_db_node_22/p_0.7/graph_n22_p0.7_idx8.gpickle,22,0.700,8,11,11,67,59
./graph_db_node_22/p_0.7/graph_n22_p0.7_idx9.gpickle,22,0.700,9,10,10,69,58
./graph_db_node_22/p_0.8/graph_n22_p0.8_idx1.gpickle,22,0.800,1,10,10,54,45
./graph_db_node_22/p_0.8/graph_n22_p0.8_idx10.gpickle,22,0.800,10,11,11,66,49
./graph_db_node_22/p_0.8/graph_n22_p0.8_idx2.gpickle,22,0.800,2,8,8,46,30
./graph_db_node_22/p_0.8/graph_n22_p0.8_idx3.gpickle,22,0.800,3,10,10,56,48
./graph_db_node_22/p_0.8/graph_n22_p0.8_idx4.gpickle,22,0.800,4,9,9,56,40
./graph_db_node_22/p_0.8/graph_n22_p0.8_idx5.gpickle,22,0.800,5,10,10,50,34
./graph_db_node_22/p_0.8/graph_n22_p0.8_idx6.gpickle,22,0.800,6,9,9,62,54
./graph_db_node_22/p_0.8/graph_n22_p0.8_idx7.gpickle,22,0.800,7,10,10,56,42
./graph_db_node_22/p_0.8/graph_n22_p0.8_idx8.gpickle,22,0.800,8,10,10,61,42
./graph_db_node_22/p_0.8/graph_n22_p0.8_idx9.gpickle,22,0.800,9,10,10,55,48
./graph_db_node_22/p_0.9/graph_n22_p0.9_idx1.gpickle,22,0.900,1,8,8,31,22
./graph_db_node_22/p_0.9/graph_n22_p0.9_idx10.gpickle,22,0.900,10,8,8,40,28
./graph_db_node_22/p_0.9/graph_n22_p0.9_idx2.gpickle,22,0.900,2,8,8,26,22
./graph_db_node_22/p_0.9/graph_n22_p0.9_idx3.gpickle,22,0.900,3,9,9,47,38
./graph_db_node_22/p_0.9/graph_n22_p0.9_idx4.gpickle,22,0.900,4,10,10,53,51
./graph_db_node_22/p_0.9/graph_n22_p0.9_idx5.gpickle,22,0.900,5,6,6,20,19
./graph_db_node_22/p_0.9/graph_n22_p0.9_idx6.gpickle,22,0.900,6,7,7,21,15
./graph_db_node_22/p_0.9/graph_n22_p0.9_idx7.gpickle,22,0.900,7,7,7,23,25
./graph_db_node_22/p_0.9/graph_n22_p0.9_idx8.gpickle,22,0.900,8,8,8,33,29
./graph_db_node_22/p_0.9/graph_n22_p0.9_idx9.gpickle,22,0.900,9,9,9,37,26
./graph_db_node_23/p_0.1/graph_n23_p0.1_idx1.gpickle,23,0.100,1,9,9,20,16
./graph_db_node_23/p_0.1/graph_n23_p0.1_idx10.gpickle,23,0.100,10,9,9,32,26
./graph_db_node_23/p_0.1/graph_n23_p0.1_idx2.gpickle,23,0.100,2,9,9,38,34
./graph_db_node_23/p_0.1/graph_n23_p0.1_idx3.gpickle,23,0.100,3,11,11,24,19
./graph_db_node_23/p_0.1/graph_n23_p0.1_idx4.gpickle,23,0.100,4,8,8,25,17
./graph_db_node_23/p_0.1/graph_n23_p0.1_idx5.gpickle,23,0.100,5,8,8,25,15
./graph_db_node_23/p_0.1/graph_n23_p0.1_idx6.gpickle,23,0.100,6,8,8,38,23
./graph_db_node_23/p_0.1/graph_n23_p0.1_idx7.gpickle,23,0.100,7,8,8,20,13
./graph_db_node_23/p_0.1/graph_n23_p0.1_idx8.gpickle,23,0.100,8,10,10,25,21
./graph_db_node_23/p_0.1/graph_n23_p0.1_idx9.gpickle,23,0.100,9,8,8,23,14
./graph_db_node_23/p_0.2/graph_n23_p0.2_idx1.gpickle,23,0.200,1,9,9,54,39
./graph_db_node_23/p_0.2/graph_n23_p0.2_idx10.gpickle,23,0.200,10,11,11,65,46
./graph_db_node_23/p_0.2/graph_n23_p0.2_idx2.gpickle,23,0.200,2,10,10,58,49
./graph_db_node_23/p_0.2/graph_n23_p0.2_idx3.gpickle,23,0.200,3,10,10,59,47
./graph_db_node_23/p_0.2/graph_n23_p0.2_idx4.gpickle,23,0.200,4,10,10,50,37
./graph_db_node_23/p_0.2/graph_n23_p0.2_idx5.gpickle,23,0.200,5,9,9,45,33
./graph_db_node_23/p_0.2/graph_n23_p0.2_idx6.gpickle,23,0.200,6,10,10,37,33
./graph_db_node_23/p_0.2/graph_n23_p0.2_idx7.gpickle,23,0.200,7,9,9,43,44
./graph_db_node_23/p_0.2/graph_n23_p0.2_idx8.gpickle,23,0.200,8,10,10,38,26
./graph_db_node_23/p_0.2/graph_n23_p0.2_idx9.gpickle,23,0.200,9,10,10,52,46
./graph_db_node_23/p_0.3/graph_n23_p0.3_idx1.gpickle,23,0.300,1,10,10,74,75
./graph_db_node_23/p_0.3/graph_n23_p0.3_idx10.gpickle,23,0.300,10,11,11,63,50
./graph_db_node_23/p_0.3/graph_n23_p0.3_idx2.gpickle,23,0.300,2,11,11,72,63
./graph_db_node_23/p_0.3/graph_n23_p0.3_idx3.gpickle,23,0.300,3,10,10,70,58
./graph_db_node_23/p_0.3/graph_n23_p0.3_idx4.gpickle,23,0.300,4,11,11,63,48
./graph_db_node_23/p_0.3/graph_n23_p0.3_idx5.gpickle,23,0.300,5,11,11,66,64
./graph_db_node_23/p_0.3/graph_n23_p0.3_idx6.gpickle,23,0.300,6,10,10,68,57
./graph_db_node_23/p_0.3/graph_n23_p0.3_idx7.gpickle,23,0.300,7,11,11,73,67
./graph_db_node_23/p_0.3/graph_n23_p0.3_idx8.gpickle,23,0.300,8,11,11,75,58
./graph_db_node_23/p_0.3/graph_n23_p0.3_idx9.gpickle,23,0.300,9,10,10,69,67
./graph_db_node_23/p_0.4/graph_n23_p0.4_idx1.gpickle,23,0.400,1,11,11,77,69
./graph_db_node_23/p_0.4/graph_n23_p0.4_idx10.gpickle,23,0.400,10,11,11,75,66
./graph_db_node_23/p_0.4/graph_n23_p0.4_idx2.gpickle,23,0.400,2,11,11,73,62
./graph_db_node_23/p_0.4/graph_n23_p0.4_idx3.gpickle,23,0.400,3,10,10,73,73
./graph_db_node_23/p_0.4/graph_n23_p0.4_idx4.gpickle,23,0.400,4,11,11,76,70
./graph_db_node_23/p_0.4/graph_n23_p0.4_idx5.gpickle,23,0.400,5,11,11,80,67
./graph_db_node_23/p_0.4/graph_n23_p0.4_idx6.gpickle,23,0.400,6,10,10,67,63
./graph_db_node_23/p_0.4/graph_n23_p0.4_idx7.gpickle,23,0.400,7,10,10,73,69
./graph_db_node_23/p_0.4/graph_n23_p0.4_idx8.gpickle,23,0.400,8,11,11,79,64
./graph_db_node_23/p_0.4/graph_n23_p0.4_idx9.gpickle,23,0.400,9,11,11,66,66
./graph_db_node_23/p_0.45/graph_n23_p0.45_idx1.gpickle,23,0.450,1,11,11,75,66
./graph_db_node_23/p_0.45/graph_n23_p0.45_idx10.gpickle,23,0.450,10,11,11,81,60
./graph_db_node_23/p_0.45/graph_n23_p0.45_idx2.gpickle,23,0.450,2,11,11,76,70
./graph_db_node_23/p_0.45/graph_n23_p0.45_idx3.gpickle,23,0.450,3,11,11,76,70
./graph_db_node_23/p_0.45/graph_n23_p0.45_idx4.gpickle,23,0.450,4,10,10,77,71
./graph_db_node_23/p_0.45/graph_n23_p0.45_idx5.gpickle,23,0.450,5,11,11,86,67
./graph_db_node_23/p_0.45/graph_n23_p0.45_idx6.gpickle,23,0.450,6,10,10,77,58
./graph_db_node_23/p_0.45/graph_n23_p0.45_idx7.gpickle,23,0.450,7,10,10,71,61
./graph_db_node_23/p_0.45/graph_n23_p0.45_idx8.gpickle,23,0.450,8,11,11,70,64
./graph_db_node_23/p_0.45/graph_n23_p0.45_idx9.gpickle,23,0.450,9,10,10,70,68
./graph_db_node_23/p_0.5/graph_n23_p0.5_idx1.gpickle,23,0.500,1,11,11,84,71
./graph_db_node_23/p_0.5/graph_n23_p0.5_idx10.gpickle,23,0.500,10,11,11,77,59
./graph_db_node_23/p_0.5/graph_n23_p0.5_idx2.gpickle,23,0.500,2,10,10,71,62
./graph_db_node_23/p_0.5/graph_n23_p0.5_idx3.gpickle,23,0.500,3,10,10,73,63
./graph_db_node_23/p_0.5/graph_n23_p0.5_idx4.gpickle,23,0.500,4,11,11,77,65
./graph_db_node_23/p_0.5/graph_n23_p0.5_idx5.gpickle,23,0.500,5,10,10,80,70
./graph_db_node_23/p_0.5/graph_n23_p0.5_idx6.gpickle,23,0.500,6,11,11,76,67
./graph_db_node_23/p_0.5/graph_n23_p0.5_idx7.gpickle,23,0.500,7,11,11,84,65
./graph_db_node_23/p_0.5/graph_n23_p0.5_idx8.gpickle,23,0.500,8,11,11,72,66
./graph_db_node_23/p_0.5/graph_n23_p0.5_idx9.gpickle,23,0.500,9,11,11,87,71
./graph_db_node_23/p_0.55/graph_n23_p0.55_idx1.gpickle,23,0.550,1,11,11,72,59
./graph_db_node_23/p_0.55/graph_n23_p0.55_idx10.gpickle,23,0.550,10,11,11,70,68
./graph_db_node_23/p_0.55/graph_n23_p0.55_idx2.gpickle,23,0.550,2,11,11,79,71
./graph_db_node_23/p_0.55/graph_n23_p0.55_idx3.gpickle,23,0.550,3,11,11,77,67
./graph_db_node_23/p_0.55/graph_n23_p0.55_idx4.gpickle,23,0.550,4,11,11,72,68
./graph_db_node_23/p_0.55/graph_n23_p0.55_idx5.gpickle,23,0.550,5,9,9,73,66
./graph_db_node_23/p_0.55/graph_n23_p0.55_idx6.gpickle,23,0.550,6,10,10,84,65
./graph_db_node_23/p_0.55/graph_n23_p0.55_idx7.gpickle,23,0.550,7,10,10,79,64
./graph_db_node_23/p_0.55/graph_n23_p0.55_idx8.gpickle,23,0.550,8,11,11,75,65
./graph_db_node_23/p_0.55/graph_n23_p0.55_idx9.gpickle,23,0.550,9,10,10,67,68
./graph_db_node_23/p_0.6/graph_n23_p0.6_idx1.gpickle,23,0.600,1,11,11,83,68
./graph_db_node_23/p_0.6/graph_n23_p0.6_idx10.gpickle,23,0.600,10,11,11,74,69
./graph_db_node_23/p_0.6/graph_n23_p0.6_idx2.gpickle,23,0.600,2,10,10,78,65
./graph_db_node_23/p_0.6/graph_n23_p0.6_idx3.gpickle,23,0.600,3,11,11,77,66
./graph_db_node_23/p_0.6/graph_n23_p0.6_idx4.gpickle,23,0.600,4,10,10,74,62
./graph_db_node_23/p_0.6/graph_n23_p0.6_idx5.gpickle,23,0.600,5,11,11,82,70
./graph_db_node_23/p_0.6/graph_n23_p0.6_idx6.gpickle,23,0.600,6,10,10,79,59
./graph_db_node_23/p_0.6/graph_n23_p0.6_idx7.gpickle,23,0.600,7,10,10,80,66
./graph_db_node_23/p_0.6/graph_n23_p0.6_idx8.gpickle,23,0.600,8,11,11,75,61
./graph_db_node_23/p_0.6/graph_n23_p0.6_idx9.gpickle,23,0.600,9,11,11,75,65
./graph_db_node_23/p_0.65/graph_n23_p0.65_idx1.gpickle,23,0.650,1,11,11,74,59
./graph_db_node_23/p_0.65/graph_n23_p0.65_idx10.gpickle,23,0.650,10,11,11,82,70
./graph_db_node_23/p_0.65/graph_n23_p0.65_idx2.gpickle,23,0.650,2,11,11,80,72
./graph_db_node_23/p_0.65/graph_n23_p0.65_idx3.gpickle,23,0.650,3,11,11,67,64
./graph_db_node_23/p_0.65/graph_n23_p0.65_idx4.gpickle,23,0.650,4,10,10,75,67
./graph_db_node_23/p_0.65/graph_n23_p0.65_idx5.gpickle,23,0.650,5,11,11,76,64
./graph_db_node_23/p_0.65/graph_n23_p0.65_idx6.gpickle,23,0.650,6,10,10,73,60
./graph_db_node_23/p_0.65/graph_n23_p0.65_idx7.gpickle,23,0.650,7,11,11,72,67
./graph_db_node_23/p_0.65/graph_n23_p0.65_idx8.gpickle,23,0.650,8,10,10,78,74
./graph_db_node_23/p_0.65/graph_n23_p0.65_idx9.gpickle,23,0.650,9,11,11,72,67
./graph_db_node_23/p_0.7/graph_n23_p0.7_idx1.gpickle,23,0.700,1,11,11,69,64
./graph_db_node_23/p_0.7/graph_n23_p0.7_idx10.gpickle,23,0.700,10,11,11,68,60
./graph_db_node_23/p_0.7/graph_n23_p0.7_idx2.gpickle,23,0.700,2,10,10,77,64
./graph_db_node_23/p_0.7/graph_n23_p0.7_idx3.gpickle,23,0.700,3,10,10,79,60
./graph_db_node_23/p_0.7/graph_n23_p0.7_idx4.gpickle,23,0.700,4,11,11,83,66
./graph_db_node_23/p_0.7/graph_n23_p0.7_idx5.gpickle,23,0.700,5,11,11,77,68
./graph_db_node_23/p_0.7/graph_n23_p0.7_idx6.gpickle,23,0.700,6,11,11,70,60
./graph_db_node_23/p_0.7/graph_n23_p0.7_idx7.gpickle,23,0.700,7,11,11,71,66
./graph_db_node_23/p_0.7/graph_n23_p0.7_idx8.gpickle,23,0.700,8,10,10,72,68
./graph_db_node_23/p_0.7/graph_n23_p0.7_idx9.gpickle,23,0.700,9,11,11,80,70
./graph_db_node_23/p_0.8/graph_n23_p0.8_idx1.gpickle,23,0.800,1,11,11,77,52
./graph_db_node_23/p_0.8/graph_n23_p0.8_idx10.gpickle,23,0.800,10,11,11,72,64
./graph_db_node_23/p_0.8/graph_n23_p0.8_idx2.gpickle,23,0.800,2,10,10,57,40
./graph_db_node_23/p_0.8/graph_n23_p0.8_idx3.gpickle,23,0.800,3,10,10,72,53
./graph_db_node_23/p_0.8/graph_n23_p0.8_idx4.gpickle,23,0.800,4,11,11,62,55
./graph_db_node_23/p_0.8/graph_n23_p0.8_idx5.gpickle,23,0.800,5,10,10,56,52
./graph_db_node_23/p_0.8/graph_n23_p0.8_idx6.gpickle,23,0.800,6,11,11,69,46
./graph_db_node_23/p_0.8/graph_n23_p0.8_idx7.gpickle,23,0.800,7,11,11,63,53
./graph_db_node_23/p_0.8/graph_n23_p0.8_idx8.gpickle,23,0.800,8,10,10,64,46
./graph_db_node_23/p_0.8/graph_n23_p0.8_idx9.gpickle,23,0.800,9,11,11,66,53
./graph_db_node_23/p_0.9/graph_n23_p0.9_idx1.gpickle,23,0.900,1,9,9,41,28
./graph_db_node_23/p_0.9/graph_n23_p0.9_idx10.gpickle,23,0.900,10,9,9,41,32
./graph_db_node_23/p_0.9/graph_n23_p0.9_idx2.gpickle,23,0.900,2,8,8,27,22
./graph_db_node_23/p_0.9/graph_n23_p0.9_idx3.gpickle,23,0.900,3,9,9,51,46
./graph_db_node_23/p_0.9/graph_n23_p0.9_idx4.gpickle,23,0.900,4,9,9,57,44
./graph_db_node_23/p_0.9/graph_n23_p0.9_idx5.gpickle,23,0.900,5,9,9,31,29
./graph_db_node_23/p_0.9/graph_n23_p0.9_idx6.gpickle,23,0.900,6,8,8,20,20
./graph_db_node_23/p_0.9/graph_n23_p0.9_idx7.gpickle,23,0.900,7,8,8,26,21
./graph_db_node_23/p_0.9/graph_n23_p0.9_idx8.gpickle,23,0.900,8,10,10,40,30
./graph_db_node_23/p_0.9/graph_n23_p0.9_idx9.gpickle,23,0.900,9,10,10,36,24
./graph_db_node_24/p_0.1/graph_n24_p0.1_idx1.gpickle,24,0.100,1,9,9,23,19
./graph_db_node_24/p_0.1/graph_n24_p0.1_idx10.gpickle,24,0.100,10,9,9,28,26
./graph_db_node_24/p_0.1/graph_n24_p0.1_idx2.gpickle,24,0.100,2,9,9,26,19
./graph_db_node_24/p_0.1/graph_n24_p0.1_idx3.gpickle,24,0.100,3,10,10,30,23
./graph_db_node_24/p_0.1/graph_n24_p0.1_idx4.gpickle,24,0.100,4,9,9,20,15
./graph_db_node_24/p_0.1/graph_n24_p0.1_idx5.gpickle,24,0.100,5,7,7,28,21
./graph_db_node_24/p_0.1/graph_n24_p0.1_idx6.gpickle,24,0.100,6,8,8,24,19
./graph_db_node_24/p_0.1/graph_n24_p0.1_idx7.gpickle,24,0.100,7,9,9,21,13
./graph_db_node_24/p_0.1/graph_n24_p0.1_idx8.gpickle,24,0.100,8,10,10,26,20
./graph_db_node_24/p_0.1/graph_n24_p0.1_idx9.gpickle,24,0.100,9,9,9,19,14
./graph_db_node_24/p_0.2/graph_n24_p0.2_idx1.gpickle,24,0.200,1,10,10,47,41
./graph_db_node_24/p_0.2/graph_n24_p0.2_idx10.gpickle,24,0.200,10,11,11,71,47
./graph_db_node_24/p_0.2/graph_n24_p0.2_idx2.gpickle,24,0.200,2,9,9,57,52
./graph_db_node_24/p_0.2/graph_n24_p0.2_idx3.gpickle,24,0.200,3,11,11,56,48
./graph_db_node_24/p_0.2/graph_n24_p0.2_idx4.gpickle,24,0.200,4,9,9,53,41
./graph_db_node_24/p_0.2/graph_n24_p0.2_idx5.gpickle,24,0.200,5,10,10,57,48
./graph_db_node_24/p_0.2/graph_n24_p0.2_idx6.gpickle,24,0.200,6,10,10,39,34
./graph_db_node_24/p_0.2/graph_n24_p0.2_idx7.gpickle,24,0.200,7,11,11,61,46
./graph_db_node_24/p_0.2/graph_n24_p0.2_idx8.gpickle,24,0.200,8,10,10,60,56
./graph_db_node_24/p_0.2/graph_n24_p0.2_idx9.gpickle,24,0.200,9,10,10,55,47
./graph_db_node_24/p_0.3/graph_n24_p0.3_idx1.gpickle,24,0.300,1,10,10,74,53
./graph_db_node_24/p_0.3/graph_n24_p0.3_idx10.gpickle,24,0.300,10,12,12,78,64
./graph_db_node_24/p_0.3/graph_n24_p0.3_idx2.gpickle,24,0.300,2,11,11,76,60
./graph_db_node_24/p_0.3/graph_n24_p0.3_idx3.gpickle,24,0.300,3,11,11,74,67
./graph_db_node_24/p_0.3/graph_n24_p0.3_idx4.gpickle,24,0.300,4,11,11,70,59
./graph_db_node_24/p_0.3/graph_n24_p0.3_idx5.gpickle,24,0.300,5,11,11,71,65
./graph_db_node_24/p_0.3/graph_n24_p0.3_idx6.gpickle,24,0.300,6,12,12,70,63
./graph_db_node_24/p_0.3/graph_n24_p0.3_idx7.gpickle,24,0.300,7,11,11,80,71
./graph_db_node_24/p_0.3/graph_n24_p0.3_idx8.gpickle,24,0.300,8,12,12,77,57
./graph_db_node_24/p_0.3/graph_n24_p0.3_idx9.gpickle,24,0.300,9,12,12,77,63
./graph_db_node_24/p_0.4/graph_n24_p0.4_idx1.gpickle,24,0.400,1,10,10,87,72
./graph_db_node_24/p_0.4/graph_n24_p0.4_idx10.gpickle,24,0.400,10,12,12,73,78
./graph_db_node_24/p_0.4/graph_n24_p0.4_idx2.gpickle,24,0.400,2,11,11,83,71
./graph_db_node_24/p_0.4/graph_n24_p0.4_idx3.gpickle,24,0.400,3,11,11,85,71
./graph_db_node_24/p_0.4/graph_n24_p0.4_idx4.gpickle,24,0.400,4,11,11,77,77
./graph_db_node_24/p_0.4/graph_n24_p0.4_idx5.gpickle,24,0.400,5,11,11,90,69
./graph_db_node_24/p_0.4/graph_n24_p0.4_idx6.gpickle,24,0.400,6,11,11,84,65
./graph_db_node_24/p_0.4/graph_n24_p0.4_idx7.gpickle,24,0.400,7,12,12,87,71
./graph_db_node_24/p_0.4/graph_n24_p0.4_idx8.gpickle,24,0.400,8,11,11,88,78
./graph_db_node_24/p_0.4/graph_n24_p0.4_idx9.gpickle,24,0.400,9,11,11,74,71
./graph_db_node_24/p_0.45/graph_n24_p0.45_idx1.gpickle,24,0.450,1,11,11,74,71
./graph_db_node_24/p_0.45/graph_n24_p0.45_idx10.gpickle,24,0.450,10,11,11,83,77
./graph_db_node_24/p_0.45/graph_n24_p0.45_idx2.gpickle,24,0.450,2,11,11,75,71
./graph_db_node_24/p_0.45/graph_n24_p0.45_idx3.gpickle,24,0.450,3,11,11,84,72
./graph_db_node_24/p_0.45/graph_n24_p0.45_idx4.gpickle,24,0.450,4,11,11,82,73
./graph_db_node_24/p_0.45/graph_n24_p0.45_idx5.gpickle,24,0.450,5,11,11,82,78
./graph_db_node_24/p_0.45/graph_n24_p0.45_idx6.gpickle,24,0.450,6,12,12,79,80
./graph_db_node_24/p_0.45/graph_n24_p0.45_idx7.gpickle,24,0.450,7,11,11,80,75
./graph_db_node_24/p_0.45/graph_n24_p0.45_idx8.gpickle,24,0.450,8,12,12,80,74
./graph_db_node_24/p_0.45/graph_n24_p0.45_idx9.gpickle,24,0.450,9,12,12,81,74
./graph_db_node_24/p_0.5/graph_n24_p0.5_idx1.gpickle,24,0.500,1,12,12,80,71
./graph_db_node_24/p_0.5/graph_n24_p0.5_idx10.gpickle,24,0.500,10,11,11,82,79
./graph_db_node_24/p_0.5/graph_n24_p0.5_idx2.gpickle,24,0.500,2,12,12,79,68
./graph_db_node_24/p_0.5/graph_n24_p0.5_idx3.gpickle,24,0.500,3,11,11,86,79
./graph_db_node_24/p_0.5/graph_n24_p0.5_idx4.gpickle,24,0.500,4,11,11,86,68
./graph_db_node_24/p_0.5/graph_n24_p0.5_idx5.gpickle,24,0.500,5,11,11,72,69
./graph_db_node_24/p_0.5/graph_n24_p0.5_idx6.gpickle,24,0.500,6,12,12,74,73
./graph_db_node_24/p_0.5/graph_n24_p0.5_idx7.gpickle,24,0.500,7,11,11,91,78
./graph_db_node_24/p_0.5/graph_n24_p0.5_idx8.gpickle,24,0.500,8,12,12,82,69
./graph_db_node_24/p_0.5/graph_n24_p0.5_idx9.gpickle,24,0.500,9,12,12,75,75
./graph_db_node_24/p_0.55/graph_n24_p0.55_idx1.gpickle,24,0.550,1,11,11,85,75
./graph_db_node_24/p_0.55/graph_n24_p0.55_idx10.gpickle,24,0.550,10,11,11,86,72
./graph_db_node_24/p_0.55/graph_n24_p0.55_idx2.gpickle,24,0.550,2,12,12,80,64
./graph_db_node_24/p_0.55/graph_n24_p0.55_idx3.gpickle,24,0.550,3,11,11,81,70
./graph_db_node_24/p_0.55/graph_n24_p0.55_idx4.gpickle,24,0.550,4,11,11,80,65
./graph_db_node_24/p_0.55/graph_n24_p0.55_idx5.gpickle,24,0.550,5,11,11,83,74
./graph_db_node_24/p_0.55/graph_n24_p0.55_idx6.gpickle,24,0.550,6,12,12,88,69
./graph_db_node_24/p_0.55/graph_n24_p0.55_idx7.gpickle,24,0.550,7,11,11,75,75
./graph_db_node_24/p_0.55/graph_n24_p0.55_idx8.gpickle,24,0.550,8,12,12,73,68
./graph_db_node_24/p_0.55/graph_n24_p0.55_idx9.gpickle,24,0.550,9,12,12,82,71
./graph_db_node_24/p_0.6/graph_n24_p0.6_idx1.gpickle,24,0.600,1,11,11,76,65
./graph_db_node_24/p_0.6/graph_n24_p0.6_idx10.gpickle,24,0.600,10,12,12,79,71
./graph_db_node_24/p_0.6/graph_n24_p0.6_idx2.gpickle,24,0.600,2,12,12,84,63
./graph_db_node_24/p_0.6/graph_n24_p0.6_idx3.gpickle,24,0.600,3,12,12,84,73
./graph_db_node_24/p_0.6/graph_n24_p0.6_idx4.gpickle,24,0.600,4,11,11,82,70
./graph_db_node_24/p_0.6/graph_n24_p0.6_idx5.gpickle,24,0.600,5,11,11,87,74
./graph_db_node_24/p_0.6/graph_n24_p0.6_idx6.gpickle,24,0.600,6,11,11,74,76
./graph_db_node_24/p_0.6/graph_n24_p0.6_idx7.gpickle,24,0.600,7,11,11,78,79
./graph_db_node_24/p_0.6/graph_n24_p0.6_idx8.gpickle,24,0.600,8,11,11,80,77
./graph_db_node_24/p_0.6/graph_n24_p0.6_idx9.gpickle,24,0.600,9,12,12,79,69
./graph_db_node_24/p_0.65/graph_n24_p0.65_idx1.gpickle,24,0.650,1,11,11,78,64
./graph_db_node_24/p_0.65/graph_n24_p0.65_idx10.gpickle,24,0.650,10,11,11,86,65
./graph_db_node_24/p_0.65/graph_n24_p0.65_idx2.gpickle,24,0.650,2,12,12,78,75
./graph_db_node_24/p_0.65/graph_n24_p0.65_idx3.gpickle,24,0.650,3,12,12,79,74
./graph_db_node_24/p_0.65/graph_n24_p0.65_idx4.gpickle,24,0.650,4,11,11,86,74
./graph_db_node_24/p_0.65/graph_n24_p0.65_idx5.gpickle,24,0.650,5,12,12,88,74
./graph_db_node_24/p_0.65/graph_n24_p0.65_idx6.gpickle,24,0.650,6,11,11,87,75
./graph_db_node_24/p_0.65/graph_n24_p0.65_idx7.gpickle,24,0.650,7,11,11,80,74
./graph_db_node_24/p_0.65/graph_n24_p0.65_idx8.gpickle,24,0.650,8,11,11,85,69
./graph_db_node_24/p_0.65/graph_n24_p0.65_idx9.gpickle,24,0.650,9,12,12,88,74
./graph_db_node_24/p_0.7/graph_n24_p0.7_idx1.gpickle,24,0.700,1,10,10,84,77
./graph_db_node_24/p_0.7/graph_n24_p0.7_idx10.gpickle,24,0.700,10,10,10,79,72
./graph_db_node_24/p_0.7/graph_n24_p0.7_idx2.gpickle,24,0.700,2,11,11,83,70
./graph_db_node_24/p_0.7/graph_n24_p0.7_idx3.gpickle,24,0.700,3,11,11,89,71
./graph_db_node_24/p_0.7/graph_n24_p0.7_idx4.gpickle,24,0.700,4,10,10,90,71
./graph_db_node_24/p_0.7/graph_n24_p0.7_idx5.gpickle,24,0.700,5,11,11,87,76
./graph_db_node_24/p_0.7/graph_n24_p0.7_idx6.gpickle,24,0.700,6,11,11,78,70
./graph_db_node_24/p_0.7/graph_n24_p0.7_idx7.gpickle,24,0.700,7,10,10,85,73
./graph_db_node_24/p_0.7/graph_n24_p0.7_idx8.gpickle,24,0.700,8,11,11,86,77
./graph_db_node_24/p_0.7/graph_n24_p0.7_idx9.gpickle,24,0.700,9,11,11,78,64
./graph_db_node_24/p_0.8/graph_n24_p0.8_idx1.gpickle,24,0.800,1,11,11,75,62
./graph_db_node_24/p_0.8/graph_n24_p0.8_idx10.gpickle,24,0.800,10,11,11,74,61
./graph_db_node_24/p_0.8/graph_n24_p0.8_idx2.gpickle,24,0.800,2,10,10,64,58
./graph_db_node_24/p_0.8/graph_n24_p0.8_idx3.gpickle,24,0.800,3,11,11,87,63
./graph_db_node_24/p_0.8/graph_n24_p0.8_idx4.gpickle,24,0.800,4,12,12,82,66
./graph_db_node_24/p_0.8/graph_n24_p0.8_idx5.gpickle,24,0.800,5,11,11,59,43
./graph_db_node_24/p_0.8/graph_n24_p0.8_idx6.gpickle,24,0.800,6,10,10,54,49
./graph_db_node_24/p_0.8/graph_n24_p0.8_idx7.gpickle,24,0.800,7,10,10,72,53
./graph_db_node_24/p_0.8/graph_n24_p0.8_idx8.gpickle,24,0.800,8,10,10,75,61
./graph_db_node_24/p_0.8/graph_n24_p0.8_idx9.gpickle,24,0.800,9,11,11,70,60
./graph_db_node_24/p_0.9/graph_n24_p0.9_idx1.gpickle,24,0.900,1,10,10,43,33
./graph_db_node_24/p_0.9/graph_n24_p0.9_idx10.gpickle,24,0.900,10,9,9,54,35
./graph_db_node_24/p_0.9/graph_n24_p0.9_idx2.gpickle,24,0.900,2,10,10,28,28
./graph_db_node_24/p_0.9/graph_n24_p0.9_idx3.gpickle,24,0.900,3,10,10,47,40
./graph_db_node_24/p_0.9/graph_n24_p0.9_idx4.gpickle,24,0.900,4,9,9,47,47
./graph_db_node_24/p_0.9/graph_n24_p0.9_idx5.gpickle,24,0.900,5,9,9,23,21
./graph_db_node_24/p_0.9/graph_n24_p0.9_idx6.gpickle,24,0.900,6,9,9,30,25
./graph_db_node_24/p_0.9/graph_n24_p0.9_idx7.gpickle,24,0.900,7,8,8,38,32
./graph_db_node_24/p_0.9/graph_n24_p0.9_idx8.gpickle,24,0.900,8,10,10,31,28
./graph_db_node_24/p_0.9/graph_n24_p0.9_idx9.gpickle,24,0.900,9,10,10,47,43
./graph_db_node_25/p_0.1/graph_n25_p0.1_idx1.gpickle,25,0.100,1,10,10,24,25
./graph_db_node_25/p_0.1/graph_n25_p0.1_idx10.gpickle,25,0.100,10,8,8,29,24
./graph_db_node_25/p_0.1/graph_n25_p0.1_idx2.gpickle,25,0.100,2,10,10,36,24
./graph_db_node_25/p_0.1/graph_n25_p0.1_idx3.gpickle,25,0.100,3,9,9,28,22
./graph_db_node_25/p_0.1/graph_n25_p0.1_idx4.gpickle,25,0.100,4,9,9,26,25
./graph_db_node_25/p_0.1/graph_n25_p0.1_idx5.gpickle,25,0.100,5,10,10,35,27
./graph_db_node_25/p_0.1/graph_n25_p0.1_idx6.gpickle,25,0.100,6,9,9,35,31
./graph_db_node_25/p_0.1/graph_n25_p0.1_idx7.gpickle,25,0.100,7,10,10,33,28
./graph_db_node_25/p_0.1/graph_n25_p0.1_idx8.gpickle,25,0.100,8,9,9,13,11
./graph_db_node_25/p_0.1/graph_n25_p0.1_idx9.gpickle,25,0.100,9,10,10,36,26
./graph_db_node_25/p_0.2/graph_n25_p0.2_idx1.gpickle,25,0.200,1,11,11,53,45
./graph_db_node_25/p_0.2/graph_n25_p0.2_idx10.gpickle,25,0.200,10,12,12,76,59
./graph_db_node_25/p_0.2/graph_n25_p0.2_idx2.gpickle,25,0.200,2,11,11,67,53
./graph_db_node_25/p_0.2/graph_n25_p0.2_idx3.gpickle,25,0.200,3,11,11,67,59
./graph_db_node_25/p_0.2/graph_n25_p0.2_idx4.gpickle,25,0.200,4,11,11,54,40
./graph_db_node_25/p_0.2/graph_n25_p0.2_idx5.gpickle,25,0.200,5,12,12,72,56
./graph_db_node_25/p_0.2/graph_n25_p0.2_idx6.gpickle,25,0.200,6,11,11,65,54
./graph_db_node_25/p_0.2/graph_n25_p0.2_idx7.gpickle,25,0.200,7,12,12,66,48
./graph_db_node_25/p_0.2/graph_n25_p0.2_idx8.gpickle,25,0.200,8,11,11,63,50
./graph_db_node_25/p_0.2/graph_n25_p0.2_idx9.gpickle,25,0.200,9,11,11,65,53
./graph_db_node_25/p_0.3/graph_n25_p0.3_idx1.gpickle,25,0.300,1,12,12,91,72
./graph_db_node_25/p_0.3/graph_n25_p0.3_idx10.gpickle,25,0.300,10,12,12,79,63
./graph_db_node_25/p_0.3/graph_n25_p0.3_idx2.gpickle,25,0.300,2,11,11,78,61
./graph_db_node_25/p_0.3/graph_n25_p0.3_idx3.gpickle,25,0.300,3,11,11,81,80
./graph_db_node_25/p_0.3/graph_n25_p0.3_idx4.gpickle,25,0.300,4,12,12,82,62
./graph_db_node_25/p_0.3/graph_n25_p0.3_idx5.gpickle,25,0.300,5,12,12,69,76
./graph_db_node_25/p_0.3/graph_n25_p0.3_idx6.gpickle,25,0.300,6,11,11,95,69
./graph_db_node_25/p_0.3/graph_n25_p0.3_idx7.gpickle,25,0.300,7,12,12,80,69
./graph_db_node_25/p_0.3/graph_n25_p0.3_idx8.gpickle,25,0.300,8,11,11,93,70
./graph_db_node_25/p_0.3/graph_n25_p0.3_idx9.gpickle,25,0.300,9,11,11,90,81
./graph_db_node_25/p_0.4/graph_n25_p0.4_idx1.gpickle,25,0.400,1,12,12,94,80
./graph_db_node_25/p_0.4/graph_n25_p0.4_idx10.gpickle,25,0.400,10,12,12,94,79
./graph_db_node_25/p_0.4/graph_n25_p0.4_idx2.gpickle,25,0.400,2,11,11,92,81
./graph_db_node_25/p_0.4/graph_n25_p0.4_idx3.gpickle,25,0.400,3,12,12,87,80
./graph_db_node_25/p_0.4/graph_n25_p0.4_idx4.gpickle,25,0.400,4,12,12,83,73
./graph_db_node_25/p_0.4/graph_n25_p0.4_idx5.gpickle,25,0.400,5,12,12,91,80
./graph_db_node_25/p_0.4/graph_n25_p0.4_idx6.gpickle,25,0.400,6,12,12,98,78
./graph_db_node_25/p_0.4/graph_n25_p0.4_idx7.gpickle,25,0.400,7,11,11,84,80
./graph_db_node_25/p_0.4/graph_n25_p0.4_idx8.gpickle,25,0.400,8,12,12,88,86
./graph_db_node_25/p_0.4/graph_n25_p0.4_idx9.gpickle,25,0.400,9,12,12,91,72
./graph_db_node_25/p_0.45/graph_n25_p0.45_idx1.gpickle,25,0.450,1,12,12,96,81
./graph_db_node_25/p_0.45/graph_n25_p0.45_idx10.gpickle,25,0.450,10,11,11,78,72
./graph_db_node_25/p_0.45/graph_n25_p0.45_idx2.gpickle,25,0.450,2,11,11,84,77
./graph_db_node_25/p_0.45/graph_n25_p0.45_idx3.gpickle,25,0.450,3,11,11,90,83
./graph_db_node_25/p_0.45/graph_n25_p0.45_idx4.gpickle,25,0.450,4,12,12,91,84
./graph_db_node_25/p_0.45/graph_n25_p0.45_idx5.gpickle,25,0.450,5,12,12,84,73
./graph_db_node_25/p_0.45/graph_n25_p0.45_idx6.gpickle,25,0.450,6,12,12,89,79
./graph_db_node_25/p_0.45/graph_n25_p0.45_idx7.gpickle,25,0.450,7,11,11,90,80
./graph_db_node_25/p_0.45/graph_n25_p0.45_idx8.gpickle,25,0.450,8,12,12,87,69
./graph_db_node_25/p_0.45/graph_n25_p0.45_idx9.gpickle,25,0.450,9,12,12,87,75
./graph_db_node_25/p_0.5/graph_n25_p0.5_idx1.gpickle,25,0.500,1,12,12,100,79
./graph_db_node_25/p_0.5/graph_n25_p0.5_idx10.gpickle,25,0.500,10,12,12,93,83
./graph_db_node_25/p_0.5/graph_n25_p0.5_idx2.gpickle,25,0.500,2,12,12,93,82
./graph_db_node_25/p_0.5/graph_n25_p0.5_idx3.gpickle,25,0.500,3,11,11,84,73
./graph_db_node_25/p_0.5/graph_n25_p0.5_idx4.gpickle,25,0.500,4,12,12,88,82
./graph_db_node_25/p_0.5/graph_n25_p0.5_idx5.gpickle,25,0.500,5,11,11,82,69
./graph_db_node_25/p_0.5/graph_n25_p0.5_idx6.gpickle,25,0.500,6,12,12,90,81
./graph_db_node_25/p_0.5/graph_n25_p0.5_idx7.gpickle,25,0.500,7,12,12,84,82
./graph_db_node_25/p_0.5/graph_n25_p0.5_idx8.gpickle,25,0.500,8,11,11,90,86
./graph_db_node_25/p_0.5/graph_n25_p0.5_idx9.gpickle,25,0.500,9,11,11,85,77
./graph_db_node_25/p_0.55/graph_n25_p0.55_idx1.gpickle,25,0.550,1,12,12,103,79
./graph_db_node_25/p_0.55/graph_n25_p0.55_idx10.gpickle,25,0.550,10,12,12,90,79
./graph_db_node_25/p_0.55/graph_n25_p0.55_idx2.gpickle,25,0.550,2,12,12,93,78
./graph_db_node_25/p_0.55/graph_n25_p0.55_idx3.gpickle,25,0.550,3,12,12,89,78
./graph_db_node_25/p_0.55/graph_n25_p0.55_idx4.gpickle,25,0.550,4,12,12,85,81
./graph_db_node_25/p_0.55/graph_n25_p0.55_idx5.gpickle,25,0.550,5,12,12,91,73
./graph_db_node_25/p_0.55/graph_n25_p0.55_idx6.gpickle,25,0.550,6,12,12,92,74
./graph_db_node_25/p_0.55/graph_n25_p0.55_idx7.gpickle,25,0.550,7,12,12,93,77
./graph_db_node_25/p_0.55/graph_n25_p0.55_idx8.gpickle,25,0.550,8,12,12,88,76
./graph_db_node_25/p_0.55/graph_n25_p0.55_idx9.gpickle,25,0.550,9,12,12,90,84
./graph_db_node_25/p_0.6/graph_n25_p0.6_idx1.gpickle,25,0.600,1,12,12,92,71
./graph_db_node_25/p_0.6/graph_n25_p0.6_idx10.gpickle,25,0.600,10,12,12,93,81
./graph_db_node_25/p_0.6/graph_n25_p0.6_idx2.gpickle,25,0.600,2,12,12,80,79
./graph_db_node_25/p_0.6/graph_n25_p0.6_idx3.gpickle,25,0.600,3,11,11,90,86
./graph_db_node_25/p_0.6/graph_n25_p0.6_idx4.gpickle,25,0.600,4,11,11,92,76
./graph_db_node_25/p_0.6/graph_n25_p0.6_idx5.gpickle,25,0.600,5,11,11,88,80
./graph_db_node_25/p_0.6/graph_n25_p0.6_idx6.gpickle,25,0.600,6,12,12,91,74
./graph_db_node_25/p_0.6/graph_n25_p0.6_idx7.gpickle,25,0.600,7,12,12,93,76
./graph_db_node_25/p_0.6/graph_n25_p0.6_idx8.gpickle,25,0.600,8,12,12,96,74
./graph_db_node_25/p_0.6/graph_n25_p0.6_idx9.gpickle,25,0.600,9,11,11,84,88
./graph_db_node_25/p_0.65/graph_n25_p0.65_idx1.gpickle,25,0.650,1,11,11,83,68
./graph_db_node_25/p_0.65/graph_n25_p0.65_idx10.gpickle,25,0.650,10,12,12,83,76
./graph_db_node_25/p_0.65/graph_n25_p0.65_idx2.gpickle,25,0.650,2,11,11,87,76
./graph_db_node_25/p_0.65/graph_n25_p0.65_idx3.gpickle,25,0.650,3,12,12,78,82
./graph_db_node_25/p_0.65/graph_n25_p0.65_idx4.gpickle,25,0.650,4,12,12,82,70
./graph_db_node_25/p_0.65/graph_n25_p0.65_idx5.gpickle,25,0.650,5,12,12,84,78
./graph_db_node_25/p_0.65/graph_n25_p0.65_idx6.gpickle,25,0.650,6,12,12,91,76
./graph_db_node_25/p_0.65/graph_n25_p0.65_idx7.gpickle,25,0.650,7,11,11,93,85
./graph_db_node_25/p_0.65/graph_n25_p0.65_idx8.gpickle,25,0.650,8,12,12,92,78
./graph_db_node_25/p_0.65/graph_n25_p0.65_idx9.gpickle,25,0.650,9,12,12,84,81
./graph_db_node_25/p_0.7/graph_n25_p0.7_idx1.gpickle,25,0.700,1,11,11,81,73
./graph_db_node_25/p_0.7/graph_n25_p0.7_idx10.gpickle,25,0.700,10,12,12,82,80
./graph_db_node_25/p_0.7/graph_n25_p0.7_idx2.gpickle,25,0.700,2,12,12,92,79
./graph_db_node_25/p_0.7/graph_n25_p0.7_idx3.gpickle,25,0.700,3,12,12,92,84
./graph_db_node_25/p_0.7/graph_n25_p0.7_idx4.gpickle,25,0.700,4,12,12,85,75
./graph_db_node_25/p_0.7/graph_n25_p0.7_idx5.gpickle,25,0.700,5,12,12,82,76
./graph_db_node_25/p_0.7/graph_n25_p0.7_idx6.gpickle,25,0.700,6,12,12,77,68
./graph_db_node_25/p_0.7/graph_n25_p0.7_idx7.gpickle,25,0.700,7,12,12,96,73
./graph_db_node_25/p_0.7/graph_n25_p0.7_idx8.gpickle,25,0.700,8,12,12,97,76
./graph_db_node_25/p_0.7/graph_n25_p0.7_idx9.gpickle,25,0.700,9,12,12,98,79
./graph_db_node_25/p_0.8/graph_n25_p0.8_idx1.gpickle,25,0.800,1,11,11,75,62
./graph_db_node_25/p_0.8/graph_n25_p0.8_idx10.gpickle,25,0.800,10,12,12,89,73
./graph_db_node_25/p_0.8/graph_n25_p0.8_idx2.gpickle,25,0.800,2,11,11,82,61
./graph_db_node_25/p_0.8/graph_n25_p0.8_idx3.gpickle,25,0.800,3,12,12,85,57
./graph_db_node_25/p_0.8/graph_n25_p0.8_idx4.gpickle,25,0.800,4,11,11,80,75
./graph_db_node_25/p_0.8/graph_n25_p0.8_idx5.gpickle,25,0.800,5,11,11,83,60
./graph_db_node_25/p_0.8/graph_n25_p0.8_idx6.gpickle,25,0.800,6,12,12,74,49
./graph_db_node_25/p_0.8/graph_n25_p0.8_idx7.gpickle,25,0.800,7,11,11,78,49
./graph_db_node_25/p_0.8/graph_n25_p0.8_idx8.gpickle,25,0.800,8,11,11,71,57
./graph_db_node_25/p_0.8/graph_n25_p0.8_idx9.gpickle,25,0.800,9,11,11,97,71
./graph_db_node_25/p_0.9/graph_n25_p0.9_idx1.gpickle,25,0.900,1,8,8,30,26
./graph_db_node_25/p_0.9/graph_n25_p0.9_idx10.gpickle,25,0.900,10,10,10,49,39
./graph_db_node_25/p_0.9/graph_n25_p0.9_idx2.gpickle,25,0.900,2,9,9,27,26
./graph_db_node_25/p_0.9/graph_n25_p0.9_idx3.gpickle,25,0.900,3,12,12,63,45
./graph_db_node_25/p_0.9/graph_n25_p0.9_idx4.gpickle,25,0.900,4,11,11,53,44
./graph_db_node_25/p_0.9/graph_n25_p0.9_idx5.gpickle,25,0.900,5,10,10,40,24
./graph_db_node_25/p_0.9/graph_n25_p0.9_idx6.gpickle,25,0.900,6,10,10,27,23
./graph_db_node_25/p_0.9/graph_n25_p0.9_idx7.gpickle,25,0.900,7,8,8,41,29
./graph_db_node_25/p_0.9/graph_n25_p0.9_idx8.gpickle,25,0.900,8,11,11,34,42
./graph_db_node_25/p_0.9/graph_n25_p0.9_idx9.gpickle,25,0.900,9,10,10,52,37
./graph_db_node_26/p_0.1/graph_n26_p0.1_idx1.gpickle,26,0.100,1,11,11,36,28
./graph_db_node_26/p_0.1/graph_n26_p0.1_idx10.gpickle,26,0.100,10,6,6,18,15
./graph_db_node_26/p_0.1/graph_n26_p0.1_idx2.gpickle,26,0.100,2,9,9,25,15
./graph_db_node_26/p_0.1/graph_n26_p0.1_idx3.gpickle,26,0.100,3,9,9,36,19
./graph_db_node_26/p_0.1/graph_n26_p0.1_idx4.gpickle,26,0.100,4,10,10,25,19
./graph_db_node_26/p_0.1/graph_n26_p0.1_idx5.gpickle,26,0.100,5,9,9,26,19
./graph_db_node_26/p_0.1/graph_n26_p0.1_idx6.gpickle,26,0.100,6,9,9,29,44
./graph_db_node_26/p_0.1/graph_n26_p0.1_idx7.gpickle,26,0.100,7,9,9,27,17
./graph_db_node_26/p_0.1/graph_n26_p0.1_idx8.gpickle,26,0.100,8,10,10,43,24
./graph_db_node_26/p_0.1/graph_n26_p0.1_idx9.gpickle,26,0.100,9,9,9,37,33
./graph_db_node_26/p_0.2/graph_n26_p0.2_idx1.gpickle,26,0.200,1,10,10,65,42
./graph_db_node_26/p_0.2/graph_n26_p0.2_idx10.gpickle,26,0.200,10,12,12,77,60
./graph_db_node_26/p_0.2/graph_n26_p0.2_idx2.gpickle,26,0.200,2,10,10,78,51
./graph_db_node_26/p_0.2/graph_n26_p0.2_idx3.gpickle,26,0.200,3,12,12,81,66
./graph_db_node_26/p_0.2/graph_n26_p0.2_idx4.gpickle,26,0.200,4,11,11,69,50
./graph_db_node_26/p_0.2/graph_n26_p0.2_idx5.gpickle,26,0.200,5,9,9,71,58
./graph_db_node_26/p_0.2/graph_n26_p0.2_idx6.gpickle,26,0.200,6,10,10,74,65
./graph_db_node_26/p_0.2/graph_n26_p0.2_idx7.gpickle,26,0.200,7,11,11,81,61
./graph_db_node_26/p_0.2/graph_n26_p0.2_idx8.gpickle,26,0.200,8,10,10,49,41
./graph_db_node_26/p_0.2/graph_n26_p0.2_idx9.gpickle,26,0.200,9,12,12,66,53
./graph_db_node_26/p_0.3/graph_n26_p0.3_idx1.gpickle,26,0.300,1,13,13,95,78
./graph_db_node_26/p_0.3/graph_n26_p0.3_idx10.gpickle,26,0.300,10,13,13,95,92
./graph_db_node_26/p_0.3/graph_n26_p0.3_idx2.gpickle,26,0.300,2,12,12,93,86
./graph_db_node_26/p_0.3/graph_n26_p0.3_idx3.gpickle,26,0.300,3,12,12,95,76
./graph_db_node_26/p_0.3/graph_n26_p0.3_idx4.gpickle,26,0.300,4,12,12,73,60
./graph_db_node_26/p_0.3/graph_n26_p0.3_idx5.gpickle,26,0.300,5,13,13,100,72
./graph_db_node_26/p_0.3/graph_n26_p0.3_idx6.gpickle,26,0.300,6,13,13,96,68
./graph_db_node_26/p_0.3/graph_n26_p0.3_idx7.gpickle,26,0.300,7,12,12,95,90
./graph_db_node_26/p_0.3/graph_n26_p0.3_idx8.gpickle,26,0.300,8,12,12,112,77
./graph_db_node_26/p_0.3/graph_n26_p0.3_idx9.gpickle,26,0.300,9,12,12,98,79
./graph_db_node_26/p_0.4/graph_n26_p0.4_idx1.gpickle,26,0.400,1,13,13,106,84
./graph_db_node_26/p_0.4/graph_n26_p0.4_idx10.gpickle,26,0.400,10,12,12,107,74
./graph_db_node_26/p_0.4/graph_n26_p0.4_idx2.gpickle,26,0.400,2,13,13,95,86
./graph_db_node_26/p_0.4/graph_n26_p0.4_idx3.gpickle,26,0.400,3,12,12,98,88
./graph_db_node_26/p_0.4/graph_n26_p0.4_idx4.gpickle,26,0.400,4,12,12,107,86
./graph_db_node_26/p_0.4/graph_n26_p0.4_idx5.gpickle,26,0.400,5,13,13,99,82
./graph_db_node_26/p_0.4/graph_n26_p0.4_idx6.gpickle,26,0.400,6,13,13,100,83
./graph_db_node_26/p_0.4/graph_n26_p0.4_idx7.gpickle,26,0.400,7,12,12,96,93
./graph_db_node_26/p_0.4/graph_n26_p0.4_idx8.gpickle,26,0.400,8,13,13,101,88
./graph_db_node_26/p_0.4/graph_n26_p0.4_idx9.gpickle,26,0.400,9,12,12,94,85
./graph_db_node_26/p_0.45/graph_n26_p0.45_idx1.gpickle,26,0.450,1,12,12,107,89
./graph_db_node_26/p_0.45/graph_n26_p0.45_idx10.gpickle,26,0.450,10,12,12,103,93
./graph_db_node_26/p_0.45/graph_n26_p0.45_idx2.gpickle,26,0.450,2,12,12,98,91
./graph_db_node_26/p_0.45/graph_n26_p0.45_idx3.gpickle,26,0.450,3,13,13,102,83
./graph_db_node_26/p_0.45/graph_n26_p0.45_idx4.gpickle,26,0.450,4,12,12,98,96
./graph_db_node_26/p_0.45/graph_n26_p0.45_idx5.gpickle,26,0.450,5,12,12,103,88
./graph_db_node_26/p_0.45/graph_n26_p0.45_idx6.gpickle,26,0.450,6,12,12,98,88
./graph_db_node_26/p_0.45/graph_n26_p0.45_idx7.gpickle,26,0.450,7,11,11,90,84
./graph_db_node_26/p_0.45/graph_n26_p0.45_idx8.gpickle,26,0.450,8,12,12,105,92
./graph_db_node_26/p_0.45/graph_n26_p0.45_idx9.gpickle,26,0.450,9,13,13,100,80
./graph_db_node_26/p_0.5/graph_n26_p0.5_idx1.gpickle,26,0.500,1,12,12,103,87
./graph_db_node_26/p_0.5/graph_n26_p0.5_idx10.gpickle,26,0.500,10,12,12,98,86
./graph_db_node_26/p_0.5/graph_n26_p0.5_idx2.gpickle,26,0.500,2,12,12,111,94
./graph_db_node_26/p_0.5/graph_n26_p0.5_idx3.gpickle,26,0.500,3,12,12,96,81
./graph_db_node_26/p_0.5/graph_n26_p0.5_idx4.gpickle,26,0.500,4,12,12,104,87
./graph_db_node_26/p_0.5/graph_n26_p0.5_idx5.gpickle,26,0.500,5,12,12,101,88
./graph_db_node_26/p_0.5/graph_n26_p0.5_idx6.gpickle,26,0.500,6,12,12,92,83
./graph_db_node_26/p_0.5/graph_n26_p0.5_idx7.gpickle,26,0.500,7,12,12,94,92
./graph_db_node_26/p_0.5/graph_n26_p0.5_idx8.gpickle,26,0.500,8,13,13,107,83
./graph_db_node_26/p_0.5/graph_n26_p0.5_idx9.gpickle,26,0.500,9,12,12,96,78
./graph_db_node_26/p_0.55/graph_n26_p0.55_idx1.gpickle,26,0.550,1,12,12,99,91
./graph_db_node_26/p_0.55/graph_n26_p0.55_idx10.gpickle,26,0.550,10,12,12,92,87
./graph_db_node_26/p_0.55/graph_n26_p0.55_idx2.gpickle,26,0.550,2,12,12,98,90
./graph_db_node_26/p_0.55/graph_n26_p0.55_idx3.gpickle,26,0.550,3,12,12,96,87
./graph_db_node_26/p_0.55/graph_n26_p0.55_idx4.gpickle,26,0.550,4,13,13,98,88
./graph_db_node_26/p_0.55/graph_n26_p0.55_idx5.gpickle,26,0.550,5,12,12,106,86
./graph_db_node_26/p_0.55/graph_n26_p0.55_idx6.gpickle,26,0.550,6,12,12,97,96
./graph_db_node_26/p_0.55/graph_n26_p0.55_idx7.gpickle,26,0.550,7,12,12,102,90
./graph_db_node_26/p_0.55/graph_n26_p0.55_idx8.gpickle,26,0.550,8,12,12,92,88
./graph_db_node_26/p_0.55/graph_n26_p0.55_idx9.gpickle,26,0.550,9,12,12,93,87
./graph_db_node_26/p_0.6/graph_n26_p0.6_idx1.gpickle,26,0.600,1,12,12,104,87
./graph_db_node_26/p_0.6/graph_n26_p0.6_idx10.gpickle,26,0.600,10,12,12,91,95
./graph_db_node_26/p_0.6/graph_n26_p0.6_idx2.gpickle,26,0.600,2,13,13,99,82
./graph_db_node_26/p_0.6/graph_n26_p0.6_idx3.gpickle,26,0.600,3,12,12,92,73
./graph_db_node_26/p_0.6/graph_n26_p0.6_idx4.gpickle,26,0.600,4,13,13,95,81
./graph_db_node_26/p_0.6/graph_n26_p0.6_idx5.gpickle,26,0.600,5,13,13,100,82
./graph_db_node_26/p_0.6/graph_n26_p0.6_idx6.gpickle,26,0.600,6,13,13,103,84
./graph_db_node_26/p_0.6/graph_n26_p0.6_idx7.gpickle,26,0.600,7,12,12,97,90
./graph_db_node_26/p_0.6/graph_n26_p0.6_idx8.gpickle,26,0.600,8,12,12,103,90
./graph_db_node_26/p_0.6/graph_n26_p0.6_idx9.gpickle,26,0.600,9,12,12,98,85
./graph_db_node_26/p_0.65/graph_n26_p0.65_idx1.gpickle,26,0.650,1,12,12,84,77
./graph_db_node_26/p_0.65/graph_n26_p0.65_idx10.gpickle,26,0.650,10,13,13,95,81
./graph_db_node_26/p_0.65/graph_n26_p0.65_idx2.gpickle,26,0.650,2,12,12,101,93
./graph_db_node_26/p_0.65/graph_n26_p0.65_idx3.gpickle,26,0.650,3,13,13,93,79
./graph_db_node_26/p_0.65/graph_n26_p0.65_idx4.gpickle,26,0.650,4,12,12,97,79
./graph_db_node_26/p_0.65/graph_n26_p0.65_idx5.gpickle,26,0.650,5,12,12,100,90
./graph_db_node_26/p_0.65/graph_n26_p0.65_idx6.gpickle,26,0.650,6,12,12,100,86
./graph_db_node_26/p_0.65/graph_n26_p0.65_idx7.gpickle,26,0.650,7,12,12,94,90
./graph_db_node_26/p_0.65/graph_n26_p0.65_idx8.gpickle,26,0.650,8,13,13,96,87
./graph_db_node_26/p_0.65/graph_n26_p0.65_idx9.gpickle,26,0.650,9,13,13,100,91
./graph_db_node_26/p_0.7/graph_n26_p0.7_idx1.gpickle,26,0.700,1,12,12,93,77
./graph_db_node_26/p_0.7/graph_n26_p0.7_idx10.gpickle,26,0.700,10,13,13,104,80
./graph_db_node_26/p_0.7/graph_n26_p0.7_idx2.gpickle,26,0.700,2,12,12,98,79
./graph_db_node_26/p_0.7/graph_n26_p0.7_idx3.gpickle,26,0.700,3,12,12,93,86
./graph_db_node_26/p_0.7/graph_n26_p0.7_idx4.gpickle,26,0.700,4,12,12,105,81
./graph_db_node_26/p_0.7/graph_n26_p0.7_idx5.gpickle,26,0.700,5,12,12,94,89
./graph_db_node_26/p_0.7/graph_n26_p0.7_idx6.gpickle,26,0.700,6,12,12,89,80
./graph_db_node_26/p_0.7/graph_n26_p0.7_idx7.gpickle,26,0.700,7,12,12,100,79
./graph_db_node_26/p_0.7/graph_n26_p0.7_idx8.gpickle,26,0.700,8,12,12,94,75
./graph_db_node_26/p_0.7/graph_n26_p0.7_idx9.gpickle,26,0.700,9,12,12,88,81
./graph_db_node_26/p_0.8/graph_n26_p0.8_idx1.gpickle,26,0.800,1,12,12,96,76
./graph_db_node_26/p_0.8/graph_n26_p0.8_idx10.gpickle,26,0.800,10,12,12,90,75
./graph_db_node_26/p_0.8/graph_n26_p0.8_idx2.gpickle,26,0.800,2,12,12,79,57
./graph_db_node_26/p_0.8/graph_n26_p0.8_idx3.gpickle,26,0.800,3,12,12,100,91
./graph_db_node_26/p_0.8/graph_n26_p0.8_idx4.gpickle,26,0.800,4,12,12,95,74
./graph_db_node_26/p_0.8/graph_n26_p0.8_idx5.gpickle,26,0.800,5,12,12,91,72
./graph_db_node_26/p_0.8/graph_n26_p0.8_idx6.gpickle,26,0.800,6,12,12,81,57
./graph_db_node_26/p_0.8/graph_n26_p0.8_idx7.gpickle,26,0.800,7,12,12,83,65
./graph_db_node_26/p_0.8/graph_n26_p0.8_idx8.gpickle,26,0.800,8,11,11,84,89
./graph_db_node_26/p_0.8/graph_n26_p0.8_idx9.gpickle,26,0.800,9,12,12,92,64
./graph_db_node_26/p_0.9/graph_n26_p0.9_idx1.gpickle,26,0.900,1,11,11,56,41
./graph_db_node_26/p_0.9/graph_n26_p0.9_idx10.gpickle,26,0.900,10,9,9,39,41
./graph_db_node_26/p_0.9/graph_n26_p0.9_idx2.gpickle,26,0.900,2,9,9,52,40
./graph_db_node_26/p_0.9/graph_n26_p0.9_idx3.gpickle,26,0.900,3,12,12,71,59
./graph_db_node_26/p_0.9/graph_n26_p0.9_idx4.gpickle,26,0.900,4,11,11,64,54
./graph_db_node_26/p_0.9/graph_n26_p0.9_idx5.gpickle,26,0.900,5,9,9,40,33
./graph_db_node_26/p_0.9/graph_n26_p0.9_idx6.gpickle,26,0.900,6,7,7,36,27
./graph_db_node_26/p_0.9/graph_n26_p0.9_idx7.gpickle,26,0.900,7,11,11,40,34
./graph_db_node_26/p_0.9/graph_n26_p0.9_idx8.gpickle,26,0.900,8,11,11,49,32
./graph_db_node_26/p_0.9/graph_n26_p0.9_idx9.gpickle,26,0.900,9,10,10,60,49
./graph_db_node_27/p_0.1/graph_n27_p0.1_idx1.gpickle,27,0.100,1,10,10,49,34
./graph_db_node_27/p_0.1/graph_n27_p0.1_idx10.gpickle,27,0.100,10,12,12,49,40
./graph_db_node_27/p_0.1/graph_n27_p0.1_idx2.gpickle,27,0.100,2,11,11,25,19
./graph_db_node_27/p_0.1/graph_n27_p0.1_idx3.gpickle,27,0.100,3,8,8,33,23
./graph_db_node_27/p_0.1/graph_n27_p0.1_idx4.gpickle,27,0.100,4,8,8,30,27
./graph_db_node_27/p_0.1/graph_n27_p0.1_idx5.gpickle,27,0.100,5,8,8,30,21
./graph_db_node_27/p_0.1/graph_n27_p0.1_idx6.gpickle,27,0.100,6,8,8,32,23
./graph_db_node_27/p_0.1/graph_n27_p0.1_idx7.gpickle,27,0.100,7,10,10,23,20
./graph_db_node_27/p_0.1/graph_n27_p0.1_idx8.gpickle,27,0.100,8,11,11,35,24
./graph_db_node_27/p_0.1/graph_n27_p0.1_idx9.gpickle,27,0.100,9,11,11,39,38
./graph_db_node_27/p_0.2/graph_n27_p0.2_idx1.gpickle,27,0.200,1,12,12,74,57
./graph_db_node_27/p_0.2/graph_n27_p0.2_idx10.gpickle,27,0.200,10,12,12,81,79
./graph_db_node_27/p_0.2/graph_n27_p0.2_idx2.gpickle,27,0.200,2,12,12,86,68
./graph_db_node_27/p_0.2/graph_n27_p0.2_idx3.gpickle,27,0.200,3,13,13,88,65
./graph_db_node_27/p_0.2/graph_n27_p0.2_idx4.gpickle,27,0.200,4,12,12,70,61
./graph_db_node_27/p_0.2/graph_n27_p0.2_idx5.gpickle,27,0.200,5,11,11,69,56
./graph_db_node_27/p_0.2/graph_n27_p0.2_idx6.gpickle,27,0.200,6,9,9,74,46
./graph_db_node_27/p_0.2/graph_n27_p0.2_idx7.gpickle,27,0.200,7,11,11,79,52
./graph_db_node_27/p_0.2/graph_n27_p0.2_idx8.gpickle,27,0.200,8,10,10,69,44
./graph_db_node_27/p_0.2/graph_n27_p0.2_idx9.gpickle,27,0.200,9,12,12,83,66
./graph_db_node_27/p_0.3/graph_n27_p0.3_idx1.gpickle,27,0.300,1,12,12,101,90
./graph_db_node_27/p_0.3/graph_n27_p0.3_idx10.gpickle,27,0.300,10,13,13,111,87
./graph_db_node_27/p_0.3/graph_n27_p0.3_idx2.gpickle,27,0.300,2,13,13,101,92
./graph_db_node_27/p_0.3/graph_n27_p0.3_idx3.gpickle,27,0.300,3,13,13,101,95
./graph_db_node_27/p_0.3/graph_n27_p0.3_idx4.gpickle,27,0.300,4,13,13,104,87
./graph_db_node_27/p_0.3/graph_n27_p0.3_idx5.gpickle,27,0.300,5,12,12,97,76
./graph_db_node_27/p_0.3/graph_n27_p0.3_idx6.gpickle,27,0.300,6,13,13,93,82
./graph_db_node_27/p_0.3/graph_n27_p0.3_idx7.gpickle,27,0.300,7,13,13,92,82
./graph_db_node_27/p_0.3/graph_n27_p0.3_idx8.gpickle,27,0.300,8,12,12,107,87
./graph_db_node_27/p_0.3/graph_n27_p0.3_idx9.gpickle,27,0.300,9,13,13,104,94
./graph_db_node_27/p_0.4/graph_n27_p0.4_idx1.gpickle,27,0.400,1,13,13,101,88
./graph_db_node_27/p_0.4/graph_n27_p0.4_idx10.gpickle,27,0.400,10,13,13,110,92
./graph_db_node_27/p_0.4/graph_n27_p0.4_idx2.gpickle,27,0.400,2,12,12,99,91
./graph_db_node_27/p_0.4/graph_n27_p0.4_idx3.gpickle,27,0.400,3,12,12,117,104
./graph_db_node_27/p_0.4/graph_n27_p0.4_idx4.gpickle,27,0.400,4,12,12,108,91
./graph_db_node_27/p_0.4/graph_n27_p0.4_idx5.gpickle,27,0.400,5,13,13,109,91
./graph_db_node_27/p_0.4/graph_n27_p0.4_idx6.gpickle,27,0.400,6,13,13,105,95
./graph_db_node_27/p_0.4/graph_n27_p0.4_idx7.gpickle,27,0.400,7,12,12,107,87
./graph_db_node_27/p_0.4/graph_n27_p0.4_idx8.gpickle,27,0.400,8,13,13,98,89
./graph_db_node_27/p_0.4/graph_n27_p0.4_idx9.gpickle,27,0.400,9,13,13,114,86
./graph_db_node_27/p_0.45/graph_n27_p0.45_idx1.gpickle,27,0.450,1,13,13,111,95
./graph_db_node_27/p_0.45/graph_n27_p0.45_idx10.gpickle,27,0.450,10,13,13,108,87
./graph_db_node_27/p_0.45/graph_n27_p0.45_idx2.gpickle,27,0.450,2,13,13,104,97
./graph_db_node_27/p_0.45/graph_n27_p0.45_idx3.gpickle,27,0.450,3,13,13,113,98
./graph_db_node_27/p_0.45/graph_n27_p0.45_idx4.gpickle,27,0.450,4,13,13,115,103
./graph_db_node_27/p_0.45/graph_n27_p0.45_idx5.gpickle,27,0.450,5,13,13,102,94
./graph_db_node_27/p_0.45/graph_n27_p0.45_idx6.gpickle,27,0.450,6,13,13,97,94
./graph_db_node_27/p_0.45/graph_n27_p0.45_idx7.gpickle,27,0.450,7,13,13,108,88
./graph_db_node_27/p_0.45/graph_n27_p0.45_idx8.gpickle,27,0.450,8,12,12,109,90
./graph_db_node_27/p_0.45/graph_n27_p0.45_idx9.gpickle,27,0.450,9,13,13,114,100
./graph_db_node_27/p_0.5/graph_n27_p0.5_idx1.gpickle,27,0.500,1,13,13,114,96
./graph_db_node_27/p_0.5/graph_n27_p0.5_idx10.gpickle,27,0.500,10,13,13,97,91
./graph_db_node_27/p_0.5/graph_n27_p0.5_idx2.gpickle,27,0.500,2,13,13,111,95
./graph_db_node_27/p_0.5/graph_n27_p0.5_idx3.gpickle,27,0.500,3,13,13,118,92
./graph_db_node_27/p_0.5/graph_n27_p0.5_idx4.gpickle,27,0.500,4,13,13,94,92
./graph_db_node_27/p_0.5/graph_n27_p0.5_idx5.gpickle,27,0.500,5,13,13,110,98
./graph_db_node_27/p_0.5/graph_n27_p0.5_idx6.gpickle,27,0.500,6,13,13,105,105
./graph_db_node_27/p_0.5/graph_n27_p0.5_idx7.gpickle,27,0.500,7,13,13,112,101
./graph_db_node_27/p_0.5/graph_n27_p0.5_idx8.gpickle,27,0.500,8,13,13,103,91
./graph_db_node_27/p_0.5/graph_n27_p0.5_idx9.gpickle,27,0.500,9,12,12,112,94
./graph_db_node_27/p_0.55/graph_n27_p0.55_idx1.gpickle,27,0.550,1,13,13,105,90
./graph_db_node_27/p_0.55/graph_n27_p0.55_idx10.gpickle,27,0.550,10,13,13,111,91
./graph_db_node_27/p_0.55/graph_n27_p0.55_idx2.gpickle,27,0.550,2,13,13,106,91
./graph_db_node_27/p_0.55/graph_n27_p0.55_idx3.gpickle,27,0.550,3,13,13,109,90
./graph_db_node_27/p_0.55/graph_n27_p0.55_idx4.gpickle,27,0.550,4,12,12,110,92
./graph_db_node_27/p_0.55/graph_n27_p0.55_idx5.gpickle,27,0.550,5,13,13,118,89
./graph_db_node_27/p_0.55/graph_n27_p0.55_idx6.gpickle,27,0.550,6,13,13,110,101
./graph_db_node_27/p_0.55/graph_n27_p0.55_idx7.gpickle,27,0.550,7,12,12,102,92
./graph_db_node_27/p_0.55/graph_n27_p0.55_idx8.gpickle,27,0.550,8,12,12,110,96
./graph_db_node_27/p_0.55/graph_n27_p0.55_idx9.gpickle,27,0.550,9,12,12,111,92
./graph_db_node_27/p_0.6/graph_n27_p0.6_idx1.gpickle,27,0.600,1,13,13,111,88
./graph_db_node_27/p_0.6/graph_n27_p0.6_idx10.gpickle,27,0.600,10,13,13,104,93
./graph_db_node_27/p_0.6/graph_n27_p0.6_idx2.gpickle,27,0.600,2,13,13,106,90
./graph_db_node_27/p_0.6/graph_n27_p0.6_idx3.gpickle,27,0.600,3,12,12,106,99
./graph_db_node_27/p_0.6/graph_n27_p0.6_idx4.gpickle,27,0.600,4,13,13,108,92
./graph_db_node_27/p_0.6/graph_n27_p0.6_idx5.gpickle,27,0.600,5,12,12,100,97
./graph_db_node_27/p_0.6/graph_n27_p0.6_idx6.gpickle,27,0.600,6,12,12,105,105
./graph_db_node_27/p_0.6/graph_n27_p0.6_idx7.gpickle,27,0.600,7,13,13,99,85
./graph_db_node_27/p_0.6/graph_n27_p0.6_idx8.gpickle,27,0.600,8,12,12,108,94
./graph_db_node_27/p_0.6/graph_n27_p0.6_idx9.gpickle,27,0.600,9,12,12,112,91
./graph_db_node_27/p_0.65/graph_n27_p0.65_idx1.gpickle,27,0.650,1,12,12,101,84
./graph_db_node_27/p_0.65/graph_n27_p0.65_idx10.gpickle,27,0.650,10,13,13,115,90
./graph_db_node_27/p_0.65/graph_n27_p0.65_idx2.gpickle,27,0.650,2,13,13,106,91
./graph_db_node_27/p_0.65/graph_n27_p0.65_idx3.gpickle,27,0.650,3,13,13,110,92
./graph_db_node_27/p_0.65/graph_n27_p0.65_idx4.gpickle,27,0.650,4,12,12,112,90
./graph_db_node_27/p_0.65/graph_n27_p0.65_idx5.gpickle,27,0.650,5,13,13,108,90
./graph_db_node_27/p_0.65/graph_n27_p0.65_idx6.gpickle,27,0.650,6,12,12,109,94
./graph_db_node_27/p_0.65/graph_n27_p0.65_idx7.gpickle,27,0.650,7,13,13,105,91
./graph_db_node_27/p_0.65/graph_n27_p0.65_idx8.gpickle,27,0.650,8,13,13,98,92
./graph_db_node_27/p_0.65/graph_n27_p0.65_idx9.gpickle,27,0.650,9,13,13,111,95
./graph_db_node_27/p_0.7/graph_n27_p0.7_idx1.gpickle,27,0.700,1,13,13,103,81
./graph_db_node_27/p_0.7/graph_n27_p0.7_idx10.gpickle,27,0.700,10,13,13,117,89
./graph_db_node_27/p_0.7/graph_n27_p0.7_idx2.gpickle,27,0.700,2,13,13,104,93
./graph_db_node_27/p_0.7/graph_n27_p0.7_idx3.gpickle,27,0.700,3,13,13,109,97
./graph_db_node_27/p_0.7/graph_n27_p0.7_idx4.gpickle,27,0.700,4,12,12,110,83
./graph_db_node_27/p_0.7/graph_n27_p0.7_idx5.gpickle,27,0.700,5,12,12,95,94
./graph_db_node_27/p_0.7/graph_n27_p0.7_idx6.gpickle,27,0.700,6,12,12,106,95
./graph_db_node_27/p_0.7/graph_n27_p0.7_idx7.gpickle,27,0.700,7,13,13,116,95
./graph_db_node_27/p_0.7/graph_n27_p0.7_idx8.gpickle,27,0.700,8,13,13,99,91
./graph_db_node_27/p_0.7/graph_n27_p0.7_idx9.gpickle,27,0.700,9,12,12,100,96
./graph_db_node_27/p_0.8/graph_n27_p0.8_idx1.gpickle,27,0.800,1,12,12,99,74
./graph_db_node_27/p_0.8/graph_n27_p0.8_idx10.gpickle,27,0.800,10,12,12,96,84
./graph_db_node_27/p_0.8/graph_n27_p0.8_idx2.gpickle,27,0.800,2,13,13,103,78
./graph_db_node_27/p_0.8/graph_n27_p0.8_idx3.gpickle,27,0.800,3,13,13,111,80
./graph_db_node_27/p_0.8/graph_n27_p0.8_idx4.gpickle,27,0.800,4,13,13,87,81
./graph_db_node_27/p_0.8/graph_n27_p0.8_idx5.gpickle,27,0.800,5,13,13,102,86
./graph_db_node_27/p_0.8/graph_n27_p0.8_idx6.gpickle,27,0.800,6,11,11,90,70
./graph_db_node_27/p_0.8/graph_n27_p0.8_idx7.gpickle,27,0.800,7,12,12,91,78
./graph_db_node_27/p_0.8/graph_n27_p0.8_idx8.gpickle,27,0.800,8,12,12,96,75
./graph_db_node_27/p_0.8/graph_n27_p0.8_idx9.gpickle,27,0.800,9,12,12,92,81
./graph_db_node_27/p_0.9/graph_n27_p0.9_idx1.gpickle,27,0.900,1,11,11,78,49
./graph_db_node_27/p_0.9/graph_n27_p0.9_idx10.gpickle,27,0.900,10,11,11,58,43
./graph_db_node_27/p_0.9/graph_n27_p0.9_idx2.gpickle,27,0.900,2,11,11,56,43
./graph_db_node_27/p_0.9/graph_n27_p0.9_idx3.gpickle,27,0.900,3,12,12,72,57
./graph_db_node_27/p_0.9/graph_n27_p0.9_idx4.gpickle,27,0.900,4,12,12,70,57
./graph_db_node_27/p_0.9/graph_n27_p0.9_idx5.gpickle,27,0.900,5,11,11,54,31
./graph_db_node_27/p_0.9/graph_n27_p0.9_idx6.gpickle,27,0.900,6,11,11,47,40
./graph_db_node_27/p_0.9/graph_n27_p0.9_idx7.gpickle,27,0.900,7,12,12,46,40
./graph_db_node_27/p_0.9/graph_n27_p0.9_idx8.gpickle,27,0.900,8,12,12,63,52
./graph_db_node_27/p_0.9/graph_n27_p0.9_idx9.gpickle,27,0.900,9,10,10,65,48
./graph_db_node_28/p_0.1/graph_n28_p0.1_idx1.gpickle,28,0.100,1,12,12,55,42
./graph_db_node_28/p_0.1/graph_n28_p0.1_idx10.gpickle,28,0.100,10,8,8,47,41
./graph_db_node_28/p_0.1/graph_n28_p0.1_idx2.gpickle,28,0.100,2,11,11,38,28
./graph_db_node_28/p_0.1/graph_n28_p0.1_idx3.gpickle,28,0.100,3,9,9,41,33
./graph_db_node_28/p_0.1/graph_n28_p0.1_idx4.gpickle,28,0.100,4,12,12,44,32
./graph_db_node_28/p_0.1/graph_n28_p0.1_idx5.gpickle,28,0.100,5,10,10,41,22
./graph_db_node_28/p_0.1/graph_n28_p0.1_idx6.gpickle,28,0.100,6,12,12,34,24
./graph_db_node_28/p_0.1/graph_n28_p0.1_idx7.gpickle,28,0.100,7,12,12,47,39
./graph_db_node_28/p_0.1/graph_n28_p0.1_idx8.gpickle,28,0.100,8,9,9,30,22
./graph_db_node_28/p_0.1/graph_n28_p0.1_idx9.gpickle,28,0.100,9,11,11,29,22
./graph_db_node_28/p_0.2/graph_n28_p0.2_idx1.gpickle,28,0.200,1,10,10,77,57
./graph_db_node_28/p_0.2/graph_n28_p0.2_idx10.gpickle,28,0.200,10,12,12,99,76
./graph_db_node_28/p_0.2/graph_n28_p0.2_idx2.gpickle,28,0.200,2,13,13,102,92
./graph_db_node_28/p_0.2/graph_n28_p0.2_idx3.gpickle,28,0.200,3,13,13,91,74
./graph_db_node_28/p_0.2/graph_n28_p0.2_idx4.gpickle,28,0.200,4,13,13,73,54
./graph_db_node_28/p_0.2/graph_n28_p0.2_idx5.gpickle,28,0.200,5,13,13,84,69
./graph_db_node_28/p_0.2/graph_n28_p0.2_idx6.gpickle,28,0.200,6,12,12,85,67
./graph_db_node_28/p_0.2/graph_n28_p0.2_idx7.gpickle,28,0.200,7,13,13,97,74
./graph_db_node_28/p_0.2/graph_n28_p0.2_idx8.gpickle,28,0.200,8,11,11,80,57
./graph_db_node_28/p_0.2/graph_n28_p0.2_idx9.gpickle,28,0.200,9,12,12,89,72
./graph_db_node_28/p_0.3/graph_n28_p0.3_idx1.gpickle,28,0.300,1,14,14,110,91
./graph_db_node_28/p_0.3/graph_n28_p0.3_idx10.gpickle,28,0.300,10,14,14,115,106
./graph_db_node_28/p_0.3/graph_n28_p0.3_idx2.gpickle,28,0.300,2,14,14,115,101
./graph_db_node_28/p_0.3/graph_n28_p0.3_idx3.gpickle,28,0.300,3,14,14,103,99
./graph_db_node_28/p_0.3/graph_n28_p0.3_idx4.gpickle,28,0.300,4,13,13,107,89
./graph_db_node_28/p_0.3/graph_n28_p0.3_idx5.gpickle,28,0.300,5,13,13,110,98
./graph_db_node_28/p_0.3/graph_n28_p0.3_idx6.gpickle,28,0.300,6,13,13,117,83
./graph_db_node_28/p_0.3/graph_n28_p0.3_idx7.gpickle,28,0.300,7,12,12,116,103
./graph_db_node_28/p_0.3/graph_n28_p0.3_idx8.gpickle,28,0.300,8,12,12,106,81
./graph_db_node_28/p_0.3/graph_n28_p0.3_idx9.gpickle,28,0.300,9,13,13,117,109
./graph_db_node_28/p_0.4/graph_n28_p0.4_idx1.gpickle,28,0.400,1,14,14,128,101
./graph_db_node_28/p_0.4/graph_n28_p0.4_idx10.gpickle,28,0.400,10,14,14,118,97
./graph_db_node_28/p_0.4/graph_n28_p0.4_idx2.gpickle,28,0.400,2,14,14,121,92
./graph_db_node_28/p_0.4/graph_n28_p0.4_idx3.gpickle,28,0.400,3,14,14,130,96
./graph_db_node_28/p_0.4/graph_n28_p0.4_idx4.gpickle,28,0.400,4,13,13,127,102
./graph_db_node_28/p_0.4/graph_n28_p0.4_idx5.gpickle,28,0.400,5,13,13,105,103
./graph_db_node_28/p_0.4/graph_n28_p0.4_idx6.gpickle,28,0.400,6,13,13,115,98
./graph_db_node_28/p_0.4/graph_n28_p0.4_idx7.gpickle,28,0.400,7,14,14,117,102
./graph_db_node_28/p_0.4/graph_n28_p0.4_idx8.gpickle,28,0.400,8,13,13,109,100
./graph_db_node_28/p_0.4/graph_n28_p0.4_idx9.gpickle,28,0.400,9,13,13,117,106
./graph_db_node_28/p_0.45/graph_n28_p0.45_idx1.gpickle,28,0.450,1,13,13,110,104
./graph_db_node_28/p_0.45/graph_n28_p0.45_idx10.gpickle,28,0.450,10,13,13,116,97
./graph_db_node_28/p_0.45/graph_n28_p0.45_idx2.gpickle,28,0.450,2,13,13,114,102
./graph_db_node_28/p_0.45/graph_n28_p0.45_idx3.gpickle,28,0.450,3,12,12,120,108
./graph_db_node_28/p_0.45/graph_n28_p0.45_idx4.gpickle,28,0.450,4,13,13,112,109
./graph_db_node_28/p_0.45/graph_n28_p0.45_idx5.gpickle,28,0.450,5,13,13,120,100
./graph_db_node_28/p_0.45/graph_n28_p0.45_idx6.gpickle,28,0.450,6,12,12,117,99
./graph_db_node_28/p_0.45/graph_n28_p0.45_idx7.gpickle,28,0.450,7,13,13,118,104
./graph_db_node_28/p_0.45/graph_n28_p0.45_idx8.gpickle,28,0.450,8,14,14,120,101
./graph_db_node_28/p_0.45/graph_n28_p0.45_idx9.gpickle,28,0.450,9,13,13,113,108
./graph_db_node_28/p_0.5/graph_n28_p0.5_idx1.gpickle,28,0.500,1,13,13,121,107
./graph_db_node_28/p_0.5/graph_n28_p0.5_idx10.gpickle,28,0.500,10,12,12,104,101
./graph_db_node_28/p_0.5/graph_n28_p0.5_idx2.gpickle,28,0.500,2,13,13,110,93
./graph_db_node_28/p_0.5/graph_n28_p0.5_idx3.gpickle,28,0.500,3,13,13,121,95
./graph_db_node_28/p_0.5/graph_n28_p0.5_idx4.gpickle,28,0.500,4,14,14,103,101
./graph_db_node_28/p_0.5/graph_n28_p0.5_idx5.gpickle,28,0.500,5,12,12,120,96
./graph_db_node_28/p_0.5/graph_n28_p0.5_idx6.gpickle,28,0.500,6,13,13,110,99
./graph_db_node_28/p_0.5/graph_n28_p0.5_idx7.gpickle,28,0.500,7,13,13,118,105
./graph_db_node_28/p_0.5/graph_n28_p0.5_idx8.gpickle,28,0.500,8,13,13,118,97
./graph_db_node_28/p_0.5/graph_n28_p0.5_idx9.gpickle,28,0.500,9,13,13,113,111
./graph_db_node_28/p_0.55/graph_n28_p0.55_idx1.gpickle,28,0.550,1,14,14,121,99
./graph_db_node_28/p_0.55/graph_n28_p0.55_idx10.gpickle,28,0.550,10,13,13,119,105
./graph_db_node_28/p_0.55/graph_n28_p0.55_idx2.gpickle,28,0.550,2,13,13,116,100
./graph_db_node_28/p_0.55/graph_n28_p0.55_idx3.gpickle,28,0.550,3,13,13,122,106
./graph_db_node_28/p_0.55/graph_n28_p0.55_idx4.gpickle,28,0.550,4,13,13,124,103
./graph_db_node_28/p_0.55/graph_n28_p0.55_idx5.gpickle,28,0.550,5,14,14,120,102
./graph_db_node_28/p_0.55/graph_n28_p0.55_idx6.gpickle,28,0.550,6,13,13,116,104
./graph_db_node_28/p_0.55/graph_n28_p0.55_idx7.gpickle,28,0.550,7,13,13,110,107
./graph_db_node_28/p_0.55/graph_n28_p0.55_idx8.gpickle,28,0.550,8,14,14,116,108
./graph_db_node_28/p_0.55/graph_n28_p0.55_idx9.gpickle,28,0.550,9,13,13,107,106
./graph_db_node_28/p_0.6/graph_n28_p0.6_idx1.gpickle,28,0.600,1,13,13,117,103
./graph_db_node_28/p_0.6/graph_n28_p0.6_idx10.gpickle,28,0.600,10,14,14,113,103
./graph_db_node_28/p_0.6/graph_n28_p0.6_idx2.gpickle,28,0.600,2,13,13,110,100
./graph_db_node_28/p_0.6/graph_n28_p0.6_idx3.gpickle,28,0.600,3,13,13,112,96
./graph_db_node_28/p_0.6/graph_n28_p0.6_idx4.gpickle,28,0.600,4,13,13,116,107
./graph_db_node_28/p_0.6/graph_n28_p0.6_idx5.gpickle,28,0.600,5,13,13,118,102
./graph_db_node_28/p_0.6/graph_n28_p0.6_idx6.gpickle,28,0.600,6,14,14,117,102
./graph_db_node_28/p_0.6/graph_n28_p0.6_idx7.gpickle,28,0.600,7,14,14,109,103
./graph_db_node_28/p_0.6/graph_n28_p0.6_idx8.gpickle,28,0.600,8,13,13,115,106
./graph_db_node_28/p_0.6/graph_n28_p0.6_idx9.gpickle,28,0.600,9,14,14,117,94
./graph_db_node_28/p_0.65/graph_n28_p0.65_idx1.gpickle,28,0.650,1,14,14,115,98
./graph_db_node_28/p_0.65/graph_n28_p0.65_idx10.gpickle,28,0.650,10,13,13,105,97
./graph_db_node_28/p_0.65/graph_n28_p0.65_idx2.gpickle,28,0.650,2,13,13,107,103
./graph_db_node_28/p_0.65/graph_n28_p0.65_idx3.gpickle,28,0.650,3,13,13,123,103
./graph_db_node_28/p_0.65/graph_n28_p0.65_idx4.gpickle,28,0.650,4,13,13,124,103
./graph_db_node_28/p_0.65/graph_n28_p0.65_idx5.gpickle,28,0.650,5,13,13,111,101
./graph_db_node_28/p_0.65/graph_n28_p0.65_idx6.gpickle,28,0.650,6,13,13,115,104
./graph_db_node_28/p_0.65/graph_n28_p0.65_idx7.gpickle,28,0.650,7,13,13,112,108
./graph_db_node_28/p_0.65/graph_n28_p0.65_idx8.gpickle,28,0.650,8,13,13,114,101
./graph_db_node_28/p_0.65/graph_n28_p0.65_idx9.gpickle,28,0.650,9,13,13,114,115
./graph_db_node_28/p_0.7/graph_n28_p0.7_idx1.gpickle,28,0.700,1,13,13,112,95
./graph_db_node_28/p_0.7/graph_n28_p0.7_idx10.gpickle,28,0.700,10,14,14,119,104
./graph_db_node_28/p_0.7/graph_n28_p0.7_idx2.gpickle,28,0.700,2,14,14,123,94
./graph_db_node_28/p_0.7/graph_n28_p0.7_idx3.gpickle,28,0.700,3,12,12,115,98
./graph_db_node_28/p_0.7/graph_n28_p0.7_idx4.gpickle,28,0.700,4,13,13,109,101
./graph_db_node_28/p_0.7/graph_n28_p0.7_idx5.gpickle,28,0.700,5,14,14,123,104
./graph_db_node_28/p_0.7/graph_n28_p0.7_idx6.gpickle,28,0.700,6,13,13,117,97
./graph_db_node_28/p_0.7/graph_n28_p0.7_idx7.gpickle,28,0.700,7,13,13,110,101
./graph_db_node_28/p_0.7/graph_n28_p0.7_idx8.gpickle,28,0.700,8,14,14,113,101
./graph_db_node_28/p_0.7/graph_n28_p0.7_idx9.gpickle,28,0.700,9,13,13,116,97
./graph_db_node_28/p_0.8/graph_n28_p0.8_idx1.gpickle,28,0.800,1,13,13,115,102
./graph_db_node_28/p_0.8/graph_n28_p0.8_idx10.gpickle,28,0.800,10,13,13,101,83
./graph_db_node_28/p_0.8/graph_n28_p0.8_idx2.gpickle,28,0.800,2,14,14,105,84
./graph_db_node_28/p_0.8/graph_n28_p0.8_idx3.gpickle,28,0.800,3,13,13,119,89
./graph_db_node_28/p_0.8/graph_n28_p0.8_idx4.gpickle,28,0.800,4,13,13,111,78
./graph_db_node_28/p_0.8/graph_n28_p0.8_idx5.gpickle,28,0.800,5,13,13,95,88
./graph_db_node_28/p_0.8/graph_n28_p0.8_idx6.gpickle,28,0.800,6,13,13,100,72
./graph_db_node_28/p_0.8/graph_n28_p0.8_idx7.gpickle,28,0.800,7,14,14,103,86
./graph_db_node_28/p_0.8/graph_n28_p0.8_idx8.gpickle,28,0.800,8,12,12,111,94
./graph_db_node_28/p_0.8/graph_n28_p0.8_idx9.gpickle,28,0.800,9,12,12,119,96
./graph_db_node_28/p_0.9/graph_n28_p0.9_idx1.gpickle,28,0.900,1,11,11,56,46
./graph_db_node_28/p_0.9/graph_n28_p0.9_idx10.gpickle,28,0.900,10,12,12,59,62
./graph_db_node_28/p_0.9/graph_n28_p0.9_idx2.gpickle,28,0.900,2,11,11,52,41
./graph_db_node_28/p_0.9/graph_n28_p0.9_idx3.gpickle,28,0.900,3,12,12,93,71
./graph_db_node_28/p_0.9/graph_n28_p0.9_idx4.gpickle,28,0.900,4,12,12,67,61
./graph_db_node_28/p_0.9/graph_n28_p0.9_idx5.gpickle,28,0.900,5,11,11,55,41
./graph_db_node_28/p_0.9/graph_n28_p0.9_idx6.gpickle,28,0.900,6,11,11,51,33
./graph_db_node_28/p_0.9/graph_n28_p0.9_idx7.gpickle,28,0.900,7,10,10,41,32
./graph_db_node_28/p_0.9/graph_n28_p0.9_idx8.gpickle,28,0.900,8,12,12,77,51
./graph_db_node_28/p_0.9/graph_n28_p0.9_idx9.gpickle,28,0.900,9,10,10,70,62
./graph_db_node_29/p_0.1/graph_n29_p0.1_idx1.gpickle,29,0.100,1,13,13,55,41
./graph_db_node_29/p_0.1/graph_n29_p0.1_idx10.gpickle,29,0.100,10,13,13,60,46
./graph_db_node_29/p_0.1/graph_n29_p0.1_idx2.gpickle,29,0.100,2,11,11,31,21
./graph_db_node_29/p_0.1/graph_n29_p0.1_idx3.gpickle,29,0.100,3,11,11,46,29
./graph_db_node_29/p_0.1/graph_n29_p0.1_idx4.gpickle,29,0.100,4,10,10,43,30
./graph_db_node_29/p_0.1/graph_n29_p0.1_idx5.gpickle,29,0.100,5,11,11,28,26
./graph_db_node_29/p_0.1/graph_n29_p0.1_idx6.gpickle,29,0.100,6,12,12,35,25
./graph_db_node_29/p_0.1/graph_n29_p0.1_idx7.gpickle,29,0.100,7,11,11,46,30
./graph_db_node_29/p_0.1/graph_n29_p0.1_idx8.gpickle,29,0.100,8,12,12,47,38
./graph_db_node_29/p_0.1/graph_n29_p0.1_idx9.gpickle,29,0.100,9,11,11,49,29
./graph_db_node_29/p_0.2/graph_n29_p0.2_idx1.gpickle,29,0.200,1,13,13,93,74
./graph_db_node_29/p_0.2/graph_n29_p0.2_idx10.gpickle,29,0.200,10,13,13,101,87
./graph_db_node_29/p_0.2/graph_n29_p0.2_idx2.gpickle,29,0.200,2,14,14,108,76
./graph_db_node_29/p_0.2/graph_n29_p0.2_idx3.gpickle,29,0.200,3,13,13,121,96
./graph_db_node_29/p_0.2/graph_n29_p0.2_idx4.gpickle,29,0.200,4,13,13,79,68
./graph_db_node_29/p_0.2/graph_n29_p0.2_idx5.gpickle,29,0.200,5,11,11,84,63
./graph_db_node_29/p_0.2/graph_n29_p0.2_idx6.gpickle,29,0.200,6,13,13,103,76
./graph_db_node_29/p_0.2/graph_n29_p0.2_idx7.gpickle,29,0.200,7,14,14,90,65
./graph_db_node_29/p_0.2/graph_n29_p0.2_idx8.gpickle,29,0.200,8,12,12,99,59
./graph_db_node_29/p_0.2/graph_n29_p0.2_idx9.gpickle,29,0.200,9,13,13,94,72
./graph_db_node_29/p_0.3/graph_n29_p0.3_idx1.gpickle,29,0.300,1,14,14,122,98
./graph_db_node_29/p_0.3/graph_n29_p0.3_idx10.gpickle,29,0.300,10,14,14,136,96
./graph_db_node_29/p_0.3/graph_n29_p0.3_idx2.gpickle,29,0.300,2,13,13,128,96
./graph_db_node_29/p_0.3/graph_n29_p0.3_idx3.gpickle,29,0.300,3,13,13,113,107
./graph_db_node_29/p_0.3/graph_n29_p0.3_idx4.gpickle,29,0.300,4,14,14,112,104
./graph_db_node_29/p_0.3/graph_n29_p0.3_idx5.gpickle,29,0.300,5,13,13,109,83
./graph_db_node_29/p_0.3/graph_n29_p0.3_idx6.gpickle,29,0.300,6,14,14,97,93
./graph_db_node_29/p_0.3/graph_n29_p0.3_idx7.gpickle,29,0.300,7,14,14,127,101
./graph_db_node_29/p_0.3/graph_n29_p0.3_idx8.gpickle,29,0.300,8,14,14,121,98
./graph_db_node_29/p_0.3/graph_n29_p0.3_idx9.gpickle,29,0.300,9,14,14,120,110
./graph_db_node_29/p_0.4/graph_n29_p0.4_idx1.gpickle,29,0.400,1,14,14,131,103
./graph_db_node_29/p_0.4/graph_n29_p0.4_idx10.gpickle,29,0.400,10,13,13,126,113
./graph_db_node_29/p_0.4/graph_n29_p0.4_idx2.gpickle,29,0.400,2,14,14,133,115
./graph_db_node_29/p_0.4/graph_n29_p0.4_idx3.gpickle,29,0.400,3,14,14,128,109
./graph_db_node_29/p_0.4/graph_n29_p0.4_idx4.gpickle,29,0.400,4,14,14,128,95
./graph_db_node_29/p_0.4/graph_n29_p0.4_idx5.gpickle,29,0.400,5,14,14,119,107
./graph_db_node_29/p_0.4/graph_n29_p0.4_idx6.gpickle,29,0.400,6,14,14,123,106
./graph_db_node_29/p_0.4/graph_n29_p0.4_idx7.gpickle,29,0.400,7,14,14,135,116
./graph_db_node_29/p_0.4/graph_n29_p0.4_idx8.gpickle,29,0.400,8,14,14,134,115
./graph_db_node_29/p_0.4/graph_n29_p0.4_idx9.gpickle,29,0.400,9,14,14,117,112
./graph_db_node_29/p_0.45/graph_n29_p0.45_idx1.gpickle,29,0.450,1,14,14,132,105
./graph_db_node_29/p_0.45/graph_n29_p0.45_idx10.gpickle,29,0.450,10,14,14,130,109
./graph_db_node_29/p_0.45/graph_n29_p0.45_idx2.gpickle,29,0.450,2,14,14,120,102
./graph_db_node_29/p_0.45/graph_n29_p0.45_idx3.gpickle,29,0.450,3,13,13,121,110
./graph_db_node_29/p_0.45/graph_n29_p0.45_idx4.gpickle,29,0.450,4,14,14,129,117
./graph_db_node_29/p_0.45/graph_n29_p0.45_idx5.gpickle,29,0.450,5,14,14,122,104
./graph_db_node_29/p_0.45/graph_n29_p0.45_idx6.gpickle,29,0.450,6,14,14,127,104
./graph_db_node_29/p_0.45/graph_n29_p0.45_idx7.gpickle,29,0.450,7,14,14,130,104
./graph_db_node_29/p_0.45/graph_n29_p0.45_idx8.gpickle,29,0.450,8,14,14,127,113
./graph_db_node_29/p_0.45/graph_n29_p0.45_idx9.gpickle,29,0.450,9,14,14,125,111
./graph_db_node_29/p_0.5/graph_n29_p0.5_idx1.gpickle,29,0.500,1,13,13,124,113
./graph_db_node_29/p_0.5/graph_n29_p0.5_idx10.gpickle,29,0.500,10,13,13,127,115
./graph_db_node_29/p_0.5/graph_n29_p0.5_idx2.gpickle,29,0.500,2,14,14,137,108
./graph_db_node_29/p_0.5/graph_n29_p0.5_idx3.gpickle,29,0.500,3,14,14,129,109
./graph_db_node_29/p_0.5/graph_n29_p0.5_idx4.gpickle,29,0.500,4,13,13,113,105
./graph_db_node_29/p_0.5/graph_n29_p0.5_idx5.gpickle,29,0.500,5,14,14,135,113
./graph_db_node_29/p_0.5/graph_n29_p0.5_idx6.gpickle,29,0.500,6,14,14,127,109
./graph_db_node_29/p_0.5/graph_n29_p0.5_idx7.gpickle,29,0.500,7,14,14,123,115
./graph_db_node_29/p_0.5/graph_n29_p0.5_idx8.gpickle,29,0.500,8,14,14,120,110
./graph_db_node_29/p_0.5/graph_n29_p0.5_idx9.gpickle,29,0.500,9,13,13,120,106
./graph_db_node_29/p_0.55/graph_n29_p0.55_idx1.gpickle,29,0.550,1,13,13,123,102
./graph_db_node_29/p_0.55/graph_n29_p0.55_idx10.gpickle,29,0.550,10,14,14,125,109
./graph_db_node_29/p_0.55/graph_n29_p0.55_idx2.gpickle,29,0.550,2,13,13,130,110
./graph_db_node_29/p_0.55/graph_n29_p0.55_idx3.gpickle,29,0.550,3,14,14,138,114
./graph_db_node_29/p_0.55/graph_n29_p0.55_idx4.gpickle,29,0.550,4,14,14,129,115
./graph_db_node_29/p_0.55/graph_n29_p0.55_idx5.gpickle,29,0.550,5,13,13,118,111
./graph_db_node_29/p_0.55/graph_n29_p0.55_idx6.gpickle,29,0.550,6,14,14,125,109
./graph_db_node_29/p_0.55/graph_n29_p0.55_idx7.gpickle,29,0.550,7,14,14,128,106
./graph_db_node_29/p_0.55/graph_n29_p0.55_idx8.gpickle,29,0.550,8,14,14,123,114
./graph_db_node_29/p_0.55/graph_n29_p0.55_idx9.gpickle,29,0.550,9,14,14,117,114
./graph_db_node_29/p_0.6/graph_n29_p0.6_idx1.gpickle,29,0.600,1,14,14,127,108
./graph_db_node_29/p_0.6/graph_n29_p0.6_idx10.gpickle,29,0.600,10,14,14,117,94
./graph_db_node_29/p_0.6/graph_n29_p0.6_idx2.gpickle,29,0.600,2,13,13,121,109
./graph_db_node_29/p_0.6/graph_n29_p0.6_idx3.gpickle,29,0.600,3,13,13,133,105
./graph_db_node_29/p_0.6/graph_n29_p0.6_idx4.gpickle,29,0.600,4,13,13,128,111
./graph_db_node_29/p_0.6/graph_n29_p0.6_idx5.gpickle,29,0.600,5,14,14,128,110
./graph_db_node_29/p_0.6/graph_n29_p0.6_idx6.gpickle,29,0.600,6,13,13,129,113
./graph_db_node_29/p_0.6/graph_n29_p0.6_idx7.gpickle,29,0.600,7,14,14,128,111
./graph_db_node_29/p_0.6/graph_n29_p0.6_idx8.gpickle,29,0.600,8,13,13,116,107
./graph_db_node_29/p_0.6/graph_n29_p0.6_idx9.gpickle,29,0.600,9,14,14,116,114
./graph_db_node_29/p_0.65/graph_n29_p0.65_idx1.gpickle,29,0.650,1,13,13,123,107
./graph_db_node_29/p_0.65/graph_n29_p0.65_idx10.gpickle,29,0.650,10,13,13,124,110
./graph_db_node_29/p_0.65/graph_n29_p0.65_idx2.gpickle,29,0.650,2,14,14,125,107
./graph_db_node_29/p_0.65/graph_n29_p0.65_idx3.gpickle,29,0.650,3,14,14,118,109
./graph_db_node_29/p_0.65/graph_n29_p0.65_idx4.gpickle,29,0.650,4,14,14,129,103
./graph_db_node_29/p_0.65/graph_n29_p0.65_idx5.gpickle,29,0.650,5,13,13,122,108
./graph_db_node_29/p_0.65/graph_n29_p0.65_idx6.gpickle,29,0.650,6,13,13,128,104
./graph_db_node_29/p_0.65/graph_n29_p0.65_idx7.gpickle,29,0.650,7,13,13,122,112
./graph_db_node_29/p_0.65/graph_n29_p0.65_idx8.gpickle,29,0.650,8,13,13,127,123
./graph_db_node_29/p_0.65/graph_n29_p0.65_idx9.gpickle,29,0.650,9,14,14,127,103
./graph_db_node_29/p_0.7/graph_n29_p0.7_idx1.gpickle,29,0.700,1,14,14,124,115
./graph_db_node_29/p_0.7/graph_n29_p0.7_idx10.gpickle,29,0.700,10,14,14,120,110
./graph_db_node_29/p_0.7/graph_n29_p0.7_idx2.gpickle,29,0.700,2,14,14,119,105
./graph_db_node_29/p_0.7/graph_n29_p0.7_idx3.gpickle,29,0.700,3,14,14,127,106
./graph_db_node_29/p_0.7/graph_n29_p0.7_idx4.gpickle,29,0.700,4,14,14,122,104
./graph_db_node_29/p_0.7/graph_n29_p0.7_idx5.gpickle,29,0.700,5,14,14,126,112
./graph_db_node_29/p_0.7/graph_n29_p0.7_idx6.gpickle,29,0.700,6,14,14,116,111
./graph_db_node_29/p_0.7/graph_n29_p0.7_idx7.gpickle,29,0.700,7,14,14,125,114
./graph_db_node_29/p_0.7/graph_n29_p0.7_idx8.gpickle,29,0.700,8,14,14,127,102
./graph_db_node_29/p_0.7/graph_n29_p0.7_idx9.gpickle,29,0.700,9,14,14,125,101
./graph_db_node_29/p_0.8/graph_n29_p0.8_idx1.gpickle,29,0.800,1,13,13,112,95
./graph_db_node_29/p_0.8/graph_n29_p0.8_idx10.gpickle,29,0.800,10,14,14,116,106
./graph_db_node_29/p_0.8/graph_n29_p0.8_idx2.gpickle,29,0.800,2,14,14,108,103
./graph_db_node_29/p_0.8/graph_n29_p0.8_idx3.gpickle,29,0.800,3,13,13,111,94
./graph_db_node_29/p_0.8/graph_n29_p0.8_idx4.gpickle,29,0.800,4,14,14,117,92
./graph_db_node_29/p_0.8/graph_n29_p0.8_idx5.gpickle,29,0.800,5,13,13,97,87
./graph_db_node_29/p_0.8/graph_n29_p0.8_idx6.gpickle,29,0.800,6,13,13,114,80
./graph_db_node_29/p_0.8/graph_n29_p0.8_idx7.gpickle,29,0.800,7,13,13,119,95
./graph_db_node_29/p_0.8/graph_n29_p0.8_idx8.gpickle,29,0.800,8,13,13,119,100
./graph_db_node_29/p_0.8/graph_n29_p0.8_idx9.gpickle,29,0.800,9,14,14,127,96
./graph_db_node_29/p_0.9/graph_n29_p0.9_idx1.gpickle,29,0.900,1,13,13,63,40
./graph_db_node_29/p_0.9/graph_n29_p0.9_idx10.gpickle,29,0.900,10,12,12,60,42
./graph_db_node_29/p_0.9/graph_n29_p0.9_idx2.gpickle,29,0.900,2,11,11,65,53
./graph_db_node_29/p_0.9/graph_n29_p0.9_idx3.gpickle,29,0.900,3,14,14,86,63
./graph_db_node_29/p_0.9/graph_n29_p0.9_idx4.gpickle,29,0.900,4,11,11,69,56
./graph_db_node_29/p_0.9/graph_n29_p0.9_idx5.gpickle,29,0.900,5,10,10,42,38
./graph_db_node_29/p_0.9/graph_n29_p0.9_idx6.gpickle,29,0.900,6,9,9,47,44
./graph_db_node_29/p_0.9/graph_n29_p0.9_idx7.gpickle,29,0.900,7,11,11,45,43
./graph_db_node_29/p_0.9/graph_n29_p0.9_idx8.gpickle,29,0.900,8,13,13,75,50
./graph_db_node_29/p_0.9/graph_n29_p0.9_idx9.gpickle,29,0.900,9,13,13,86,60
./graph_db_node_30/p_0.1/graph_n30_p0.1_idx1.gpickle,30,0.100,1,13,13,43,31
./graph_db_node_30/p_0.1/graph_n30_p0.1_idx10.gpickle,30,0.100,10,13,13,60,45
./graph_db_node_30/p_0.1/graph_n30_p0.1_idx2.gpickle,30,0.100,2,12,12,47,40
./graph_db_node_30/p_0.1/graph_n30_p0.1_idx3.gpickle,30,0.100,3,12,12,58,41
./graph_db_node_30/p_0.1/graph_n30_p0.1_idx4.gpickle,30,0.100,4,11,11,50,36
./graph_db_node_30/p_0.1/graph_n30_p0.1_idx5.gpickle,30,0.100,5,11,11,58,37
./graph_db_node_30/p_0.1/graph_n30_p0.1_idx6.gpickle,30,0.100,6,12,12,57,42
./graph_db_node_30/p_0.1/graph_n30_p0.1_idx7.gpickle,30,0.100,7,10,10,35,27
./graph_db_node_30/p_0.1/graph_n30_p0.1_idx8.gpickle,30,0.100,8,12,12,63,41
./graph_db_node_30/p_0.1/graph_n30_p0.1_idx9.gpickle,30,0.100,9,12,12,50,33
./graph_db_node_30/p_0.2/graph_n30_p0.2_idx1.gpickle,30,0.200,1,13,13,97,79
./graph_db_node_30/p_0.2/graph_n30_p0.2_idx10.gpickle,30,0.200,10,14,14,98,76
./graph_db_node_30/p_0.2/graph_n30_p0.2_idx2.gpickle,30,0.200,2,13,13,124,86
./graph_db_node_30/p_0.2/graph_n30_p0.2_idx3.gpickle,30,0.200,3,15,15,98,84
./graph_db_node_30/p_0.2/graph_n30_p0.2_idx4.gpickle,30,0.200,4,14,14,107,85
./graph_db_node_30/p_0.2/graph_n30_p0.2_idx5.gpickle,30,0.200,5,14,14,98,54
./graph_db_node_30/p_0.2/graph_n30_p0.2_idx6.gpickle,30,0.200,6,14,14,97,78
./graph_db_node_30/p_0.2/graph_n30_p0.2_idx7.gpickle,30,0.200,7,14,14,110,84
./graph_db_node_30/p_0.2/graph_n30_p0.2_idx8.gpickle,30,0.200,8,15,15,109,85
./graph_db_node_30/p_0.2/graph_n30_p0.2_idx9.gpickle,30,0.200,9,14,14,96,84
./graph_db_node_30/p_0.3/graph_n30_p0.3_idx1.gpickle,30,0.300,1,14,14,130,105
./graph_db_node_30/p_0.3/graph_n30_p0.3_idx10.gpickle,30,0.300,10,14,14,127,106
./graph_db_node_30/p_0.3/graph_n30_p0.3_idx2.gpickle,30,0.300,2,14,14,134,123
./graph_db_node_30/p_0.3/graph_n30_p0.3_idx3.gpickle,30,0.300,3,14,14,130,104
./graph_db_node_30/p_0.3/graph_n30_p0.3_idx4.gpickle,30,0.300,4,14,14,141,111
./graph_db_node_30/p_0.3/graph_n30_p0.3_idx5.gpickle,30,0.300,5,14,14,137,113
./graph_db_node_30/p_0.3/graph_n30_p0.3_idx6.gpickle,30,0.300,6,14,14,115,88
./graph_db_node_30/p_0.3/graph_n30_p0.3_idx7.gpickle,30,0.300,7,15,15,136,103
./graph_db_node_30/p_0.3/graph_n30_p0.3_idx8.gpickle,30,0.300,8,15,15,123,85
./graph_db_node_30/p_0.3/graph_n30_p0.3_idx9.gpickle,30,0.300,9,14,14,133,120
./graph_db_node_30/p_0.4/graph_n30_p0.4_idx1.gpickle,30,0.400,1,15,15,142,119
./graph_db_node_30/p_0.4/graph_n30_p0.4_idx10.gpickle,30,0.400,10,14,14,133,115
./graph_db_node_30/p_0.4/graph_n30_p0.4_idx2.gpickle,30,0.400,2,14,14,132,127
./graph_db_node_30/p_0.4/graph_n30_p0.4_idx3.gpickle,30,0.400,3,15,15,139,122
./graph_db_node_30/p_0.4/graph_n30_p0.4_idx4.gpickle,30,0.400,4,15,15,134,117
./graph_db_node_30/p_0.4/graph_n30_p0.4_idx5.gpickle,30,0.400,5,13,13,136,120
./graph_db_node_30/p_0.4/graph_n30_p0.4_idx6.gpickle,30,0.400,6,14,14,137,107
./graph_db_node_30/p_0.4/graph_n30_p0.4_idx7.gpickle,30,0.400,7,15,15,140,123
./graph_db_node_30/p_0.4/graph_n30_p0.4_idx8.gpickle,30,0.400,8,15,15,141,123
./graph_db_node_30/p_0.4/graph_n30_p0.4_idx9.gpickle,30,0.400,9,14,14,141,117
./graph_db_node_30/p_0.45/graph_n30_p0.45_idx1.gpickle,30,0.450,1,14,14,141,118
./graph_db_node_30/p_0.45/graph_n30_p0.45_idx10.gpickle,30,0.450,10,14,14,137,115
./graph_db_node_30/p_0.45/graph_n30_p0.45_idx2.gpickle,30,0.450,2,13,13,129,118
./graph_db_node_30/p_0.45/graph_n30_p0.45_idx3.gpickle,30,0.450,3,13,13,134,122
./graph_db_node_30/p_0.45/graph_n30_p0.45_idx4.gpickle,30,0.450,4,14,14,145,120
./graph_db_node_30/p_0.45/graph_n30_p0.45_idx5.gpickle,30,0.450,5,14,14,132,115
./graph_db_node_30/p_0.45/graph_n30_p0.45_idx6.gpickle,30,0.450,6,14,14,132,125
./graph_db_node_30/p_0.45/graph_n30_p0.45_idx7.gpickle,30,0.450,7,14,14,134,125
./graph_db_node_30/p_0.45/graph_n30_p0.45_idx8.gpickle,30,0.450,8,13,13,139,125
./graph_db_node_30/p_0.45/graph_n30_p0.45_idx9.gpickle,30,0.450,9,15,15,139,119
./graph_db_node_30/p_0.5/graph_n30_p0.5_idx1.gpickle,30,0.500,1,15,15,144,117
./graph_db_node_30/p_0.5/graph_n30_p0.5_idx10.gpickle,30,0.500,10,14,14,144,122
./graph_db_node_30/p_0.5/graph_n30_p0.5_idx2.gpickle,30,0.500,2,14,14,144,112
./graph_db_node_30/p_0.5/graph_n30_p0.5_idx3.gpickle,30,0.500,3,14,14,130,119
./graph_db_node_30/p_0.5/graph_n30_p0.5_idx4.gpickle,30,0.500,4,15,15,128,120
./graph_db_node_30/p_0.5/graph_n30_p0.5_idx5.gpickle,30,0.500,5,14,14,131,120
./graph_db_node_30/p_0.5/graph_n30_p0.5_idx6.gpickle,30,0.500,6,14,14,146,115
./graph_db_node_30/p_0.5/graph_n30_p0.5_idx7.gpickle,30,0.500,7,15,15,128,113
./graph_db_node_30/p_0.5/graph_n30_p0.5_idx8.gpickle,30,0.500,8,14,14,142,120
./graph_db_node_30/p_0.5/graph_n30_p0.5_idx9.gpickle,30,0.500,9,14,14,133,122
./graph_db_node_30/p_0.55/graph_n30_p0.55_idx1.gpickle,30,0.550,1,14,14,143,119
./graph_db_node_30/p_0.55/graph_n30_p0.55_idx10.gpickle,30,0.550,10,14,14,134,119
./graph_db_node_30/p_0.55/graph_n30_p0.55_idx2.gpickle,30,0.550,2,14,14,139,126
./graph_db_node_30/p_0.55/graph_n30_p0.55_idx3.gpickle,30,0.550,3,14,14,135,119
./graph_db_node_30/p_0.55/graph_n30_p0.55_idx4.gpickle,30,0.550,4,15,15,140,113
./graph_db_node_30/p_0.55/graph_n30_p0.55_idx5.gpickle,30,0.550,5,14,14,137,121
./graph_db_node_30/p_0.55/graph_n30_p0.55_idx6.gpickle,30,0.550,6,15,15,132,117
./graph_db_node_30/p_0.55/graph_n30_p0.55_idx7.gpickle,30,0.550,7,15,15,138,114
./graph_db_node_30/p_0.55/graph_n30_p0.55_idx8.gpickle,30,0.550,8,14,14,136,116
./graph_db_node_30/p_0.55/graph_n30_p0.55_idx9.gpickle,30,0.550,9,15,15,136,117
./graph_db_node_30/p_0.6/graph_n30_p0.6_idx1.gpickle,30,0.600,1,14,14,145,115
./graph_db_node_30/p_0.6/graph_n30_p0.6_idx10.gpickle,30,0.600,10,14,14,124,118
./graph_db_node_30/p_0.6/graph_n30_p0.6_idx2.gpickle,30,0.600,2,14,14,133,128
./graph_db_node_30/p_0.6/graph_n30_p0.6_idx3.gpickle,30,0.600,3,14,14,141,124
./graph_db_node_30/p_0.6/graph_n30_p0.6_idx4.gpickle,30,0.600,4,15,15,135,115
./graph_db_node_30/p_0.6/graph_n30_p0.6_idx5.gpickle,30,0.600,5,15,15,136,113
./graph_db_node_30/p_0.6/graph_n30_p0.6_idx6.gpickle,30,0.600,6,14,14,126,117
./graph_db_node_30/p_0.6/graph_n30_p0.6_idx7.gpickle,30,0.600,7,14,14,126,121
./graph_db_node_30/p_0.6/graph_n30_p0.6_idx8.gpickle,30,0.600,8,14,14,133,119
./graph_db_node_30/p_0.6/graph_n30_p0.6_idx9.gpickle,30,0.600,9,14,14,133,121
./graph_db_node_30/p_0.65/graph_n30_p0.65_idx1.gpickle,30,0.650,1,14,14,137,115
./graph_db_node_30/p_0.65/graph_n30_p0.65_idx10.gpickle,30,0.650,10,14,14,144,117
./graph_db_node_30/p_0.65/graph_n30_p0.65_idx2.gpickle,30,0.650,2,14,14,131,116
./graph_db_node_30/p_0.65/graph_n30_p0.65_idx3.gpickle,30,0.650,3,14,14,146,124
./graph_db_node_30/p_0.65/graph_n30_p0.65_idx4.gpickle,30,0.650,4,14,14,142,125
./graph_db_node_30/p_0.65/graph_n30_p0.65_idx5.gpickle,30,0.650,5,14,14,137,123
./graph_db_node_30/p_0.65/graph_n30_p0.65_idx6.gpickle,30,0.650,6,15,15,133,121
./graph_db_node_30/p_0.65/graph_n30_p0.65_idx7.gpickle,30,0.650,7,14,14,135,124
./graph_db_node_30/p_0.65/graph_n30_p0.65_idx8.gpickle,30,0.650,8,13,13,131,125
./graph_db_node_30/p_0.65/graph_n30_p0.65_idx9.gpickle,30,0.650,9,14,14,138,120
./graph_db_node_30/p_0.7/graph_n30_p0.7_idx1.gpickle,30,0.700,1,14,14,132,125
./graph_db_node_30/p_0.7/graph_n30_p0.7_idx10.gpickle,30,0.700,10,14,14,129,125
./graph_db_node_30/p_0.7/graph_n30_p0.7_idx2.gpickle,30,0.700,2,15,15,133,121
./graph_db_node_30/p_0.7/graph_n30_p0.7_idx3.gpickle,30,0.700,3,15,15,141,108
./graph_db_node_30/p_0.7/graph_n30_p0.7_idx4.gpickle,30,0.700,4,14,14,140,115
./graph_db_node_30/p_0.7/graph_n30_p0.7_idx5.gpickle,30,0.700,5,15,15,134,111
./graph_db_node_30/p_0.7/graph_n30_p0.7_idx6.gpickle,30,0.700,6,14,14,138,117
./graph_db_node_30/p_0.7/graph_n30_p0.7_idx7.gpickle,30,0.700,7,14,14,137,125
./graph_db_node_30/p_0.7/graph_n30_p0.7_idx8.gpickle,30,0.700,8,14,14,136,114
./graph_db_node_30/p_0.7/graph_n30_p0.7_idx9.gpickle,30,0.700,9,15,15,132,105
./graph_db_node_30/p_0.8/graph_n30_p0.8_idx1.gpickle,30,0.800,1,14,14,119,104
./graph_db_node_30/p_0.8/graph_n30_p0.8_idx10.gpickle,30,0.800,10,15,15,135,115
./graph_db_node_30/p_0.8/graph_n30_p0.8_idx2.gpickle,30,0.800,2,14,14,111,86
./graph_db_node_30/p_0.8/graph_n30_p0.8_idx3.gpickle,30,0.800,3,13,13,134,113
./graph_db_node_30/p_0.8/graph_n30_p0.8_idx4.gpickle,30,0.800,4,14,14,132,101
./graph_db_node_30/p_0.8/graph_n30_p0.8_idx5.gpickle,30,0.800,5,14,14,119,90
./graph_db_node_30/p_0.8/graph_n30_p0.8_idx6.gpickle,30,0.800,6,13,13,129,95
./graph_db_node_30/p_0.8/graph_n30_p0.8_idx7.gpickle,30,0.800,7,14,14,139,107
./graph_db_node_30/p_0.8/graph_n30_p0.8_idx8.gpickle,30,0.800,8,13,13,124,100
./graph_db_node_30/p_0.8/graph_n30_p0.8_idx9.gpickle,30,0.800,9,14,14,130,114
./graph_db_node_30/p_0.9/graph_n30_p0.9_idx1.gpickle,30,0.900,1,13,13,66,50
./graph_db_node_30/p_0.9/graph_n30_p0.9_idx10.gpickle,30,0.900,10,13,13,73,51
./graph_db_node_30/p_0.9/graph_n30_p0.9_idx2.gpickle,30,0.900,2,13,13,82,56
./graph_db_node_30/p_0.9/graph_n30_p0.9_idx3.gpickle,30,0.900,3,13,13,99,70
./graph_db_node_30/p_0.9/graph_n30_p0.9_idx4.gpickle,30,0.900,4,12,12,89,64
./graph_db_node_30/p_0.9/graph_n30_p0.9_idx5.gpickle,30,0.900,5,10,10,61,38
./graph_db_node_30/p_0.9/graph_n30_p0.9_idx6.gpickle,30,0.900,6,13,13,70,54
./graph_db_node_30/p_0.9/graph_n30_p0.9_idx7.gpickle,30,0.900,7,12,12,50,35
./graph_db_node_30/p_0.9/graph_n30_p0.9_idx8.gpickle,30,0.900,8,12,12,87,63
./graph_db_node_30/p_0.9/graph_n30_p0.9_idx9.gpickle,30,0.900,9,14,14,86,57
