587	2	10	(9,9,1)	-	1	(0,0,0,0,126)	(0,0,0,210)	(0,0,120)	(0,45)	(512,511,0,0,0,0,0,0,0,0,0)	yes	(0-9)(1-9)(2-9)(3-9)(4-9)(5-9)(6-9)(7-9)(8-9)	-
588	6	10	(9,8,1)	-	2	(0,0,0,70,56)	(0,0,112,98)	(0,56,64)	(16,29)	(638,255,128,0,0,0,0,0,0,0,0)	yes	(0-9,7-8)(1-9)(2-9)(3-9)(4-9)(5-9)(6-9)(8-9)	-
589	6	10	(9,7,1)	-	2	(0,0,0,105,21)	(0,0,168,42)	(0,84,36)	(21,24)	(701,256,0,0,63,0,0,0,0,0,0)	yes	(0-9,6-8)(1-9,7-8)(2-9)(3-9)(4-9)(5-9)(8-9)	-
590	16	10	(9,7,1)	-	2	(0,0,0,105,21)	(0,0,168,42)	(0,84,36)	(23,22)	(638,254,127,0,0,0,0,0,0,0,0)	yes	(0-9,7-8)(1-9,6-8)(2-9)(3-9)(4-9)(5-9)(7-9)	-
591	6	10	(9,6,1)	-	2	(0,0,0,120,6)	(0,0,194,16)	(0,96,24)	(24,21)	(728,255,0,0,0,0,0,0,32,0,0)	yes	(0-9,5-8)(1-9,6-8)(2-9,7-8)(3-9)(4-9)(8-9)	-
592	16	10	(9,6,1)	-	2	(0,0,0,120,6)	(0,0,194,16)	(0,99,21)	(27,18)	(728,224,0,0,31,32,0,0,0,0,0)	yes	(0-9,7-8)(1-9,5-8)(2-9,6-8)(3-9)(4-9)(7-9)	-
593	4	10	(9,5,1)	-	2	(0,0,0,125,1)	(0,0,200,10)	(0,100,20)	(25,20)	(737,256,0,0,0,0,0,0,0,0,0)	yes	(0-8,1-9)(2-9,5-8)(3-9,6-8)(4-9,7-8)(8-9)	-
594	16	10	(9,5,1)	-	2	(0,0,0,125,1)	(0,0,204,6)	(0,106,14)	(29,16)	(728,248,0,0,0,0,0,0,31,0,0)	yes	(0-9,7-8)(1-9,4-8)(2-9,5-8)(3-9,6-8)(7-9)	-
595	10	10	(9,7,1)	-	3	(0,0,40,60,26)	(0,60,104,46)	(24,64,32)	(28,17)	(792,96,64,0,32,31,0,0,0,0,0)	yes	(0-9,5-7,6-8)(1-9)(2-9)(3-9)(4-9)(7-9)(8-9)	-
596	16	10	(9,6,1)	-	3	(0,0,40,80,6)	(0,60,134,16)	(24,74,22)	(28,17)	(732,126,126,0,32,0,0,0,0,0,0)	yes	(0-9,7-8)(1-9,5-7,6-8)(2-9)(3-9)(4-9)(8-9)	-
597	44	10	(9,6,1)	-	3	(0,0,40,80,6)	(0,60,134,16)	(24,75,21)	(29,16)	(667,222,94,32,0,0,0,0,0,0,0)	yes	(0-9,5-7,6-8)(1-9,7-8)(2-9)(3-9)(4-9)(6-9)	-
598	16	10	(9,6,1)	-	3	(0,0,60,55,11)	(0,90,100,20)	(30,74,16)	(31,14)	(773,128,64,0,31,0,0,0,16,0,0)	yes	(0-9,4-7,5-8)(1-9,6-8)(2-9)(3-9)(7-9)(8-9)	-
599	44	10	(9,6,1)	-	3	(0,0,60,55,11)	(0,90,100,20)	(34,70,16)	(33,12)	(757,126,95,0,0,0,31,0,0,0,0)	yes	(0-9,5-7,6-8)(1-9,4-8)(2-9)(3-9)(6-9)(7-9)	-
600	16	10	(9,5,1)	-	3	(0,0,60,65,1)	(0,90,112,8)	(30,76,14)	(31,14)	(773,128,64,0,30,0,0,0,15,0,0)	yes	(0-9,7-8)(1-9,4-7,5-8)(2-9,6-8)(3-9)(8-9)	-
601	16	10	(9,5,1)	-	3	(0,0,60,65,1)	(0,90,113,7)	(30,79,11)	(31,14)	(791,128,45,0,32,0,0,0,0,0,15)	yes	(0-9,7-8)(1-9,4-8,6-7)(2-9,5-8)(3-9)(7-9)	-
602	44	10	(9,5,1)	-	3	(0,0,60,65,1)	(0,90,114,6)	(30,79,11)	(32,13)	(728,217,0,0,31,31,0,0,0,0,0)	yes	(0-9,4-8,6-7)(1-9,7-8)(2-9,5-8)(3-9)(6-9)	-
603	44	10	(9,5,1)	-	3	(0,0,60,65,1)	(0,90,114,6)	(34,74,12)	(33,12)	(747,124,109,0,16,0,15,0,0,0,0)	yes	(0-9,4-7,6-8)(1-9,7-8)(2-9,5-8)(3-9)(6-9)	-
604	16	10	(9,5,1)	-	3	(0,0,68,54,4)	(0,96,106,8)	(32,76,12)	(32,13)	(798,120,56,0,0,0,0,0,24,0,8)	yes	(0-9,3-7,4-8)(1-9,5-8)(2-9,6-8)(7-9)(8-9)	-
605	44	10	(9,5,1)	-	3	(0,0,68,54,4)	(0,102,100,8)	(38,73,9)	(35,10)	(801,112,53,0,8,8,0,0,14,0,0)	yes	(0-9,3-7,6-8)(1-9,4-8)(2-9,5-8)(6-9)(7-9)	-
606	10	10	(9,4,1)	-	3	(0,0,68,56,2)	(0,96,112,2)	(32,80,8)	(32,13)	(786,126,64,0,0,0,0,0,28,0,0)	yes	(2-9,7-8)(0-7,1-8,3-9)(4-9,5-8)(6-8,7-9)	-
607	25	10	(9,4,1)	-	3	(0,0,68,57,1)	(0,96,112,2)	(32,80,8)	(33,12)	(721,240,0,0,0,0,0,0,44,16,0)	yes	(0-8,3-9,6-7)(1-8,7-9)(2-8,4-9)(5-9,6-8)	-
608	44	10	(9,4,1)	-	3	(0,0,68,57,1)	(0,102,104,4)	(38,74,8)	(35,10)	(775,120,63,0,30,0,0,0,15,8,0)	yes	(0-9,5-6,7-8)(1-9,2-8)(3-8,6-9)(4-8,7-9)	-
609	44	10	(9,5,1)	-	3	(0,0,80,45,1)	(0,120,83,7)	(40,69,11)	(33,12)	(743,128,109,0,15,0,15,0,0,0,0)	yes	(0-9,4-7,6-8)(1-9,5-8,6-7)(2-9)(3-9)(8-9)	-
610	26	10	(9,5,1)	-	3	(0,0,80,45,1)	(0,120,84,6)	(44,64,12)	(33,12)	(762,108,92,0,31,16,0,0,0,0,0)	yes	(0-9,5-7,6-8)(1-9,4-6,7-8)(2-9)(3-9)(8-9)	-
611	120	10	(9,5,1)	-	3	(0,0,80,45,1)	(0,120,84,6)	(44,65,11)	(34,11)	(697,202,63,31,0,15,0,0,0,0,0)	yes	(0-9,5-7,6-8)(1-9,4-6,7-8)(2-9)(3-9)(5-9)	-
612	10	10	(9,5,1)	-	3	(0,0,90,30,6)	(0,126,75,9)	(36,78,6)	(33,12)	(809,128,0,0,64,0,0,0,9,0,0)	yes	(0-9,3-7,4-8)(1-9,5-8,6-7)(2-9)(7-9)(8-9)	-
613	44	10	(9,5,1)	-	3	(0,0,90,30,6)	(0,132,69,9)	(42,72,6)	(35,10)	(767,128,64,0,30,0,0,0,24,0,0)	yes	(0-9,4-8,6-7)(1-9,3-7,5-8)(2-9)(6-9)(8-9)	-
614	66	10	(9,5,1)	-	3	(0,0,90,30,6)	(0,134,67,9)	(48,66,6)	(37,8)	(739,123,122,0,0,0,0,0,20,4,0)	yes	(0-9,5-7,6-8)(1-9,3-7,4-8)(2-9)(5-9)(6-9)	-
615	16	10	(9,4,1)	-	3	(0,0,90,33,3)	(0,126,80,4)	(36,78,6)	(33,12)	(809,128,0,0,55,0,0,0,16,0,0)	yes	(0-7,2-9,5-8)(1-7,3-9,6-8)(4-9,7-8)(8-9)	-
616	44	10	(9,4,1)	-	3	(0,0,90,35,1)	(0,132,75,3)	(42,73,5)	(35,10)	(785,128,45,0,24,0,0,0,16,0,7)	yes	(0-9,3-8,6-7)(1-9,7-8)(2-9,4-8,5-7)(6-9)	-
617	44	10	(9,4,1)	-	3	(0,0,98,25,3)	(0,138,68,4)	(44,70,6)	(35,10)	(775,126,56,0,24,0,0,0,23,0,0)	yes	(0-9,2-8,6-7)(1-9,3-8,5-7)(4-8,6-9)(8-9)	-
618	44	10	(9,4,1)	-	3	(0,0,98,26,2)	(0,138,70,2)	(44,71,5)	(35,10)	(789,112,56,0,14,14,0,0,19,0,8)	yes	(0-9,3-8,6-7)(1-9,5-7,6-8)(2-9,4-8)(7-9)	-
619	40	10	(9,4,1)	-	3	(0,0,98,27,1)	(0,144,64,2)	(50,64,6)	(35,10)	(792,108,52,0,15,16,0,0,17,0,12)	yes	(0-9,5-6,7-8)(1-9,3-8,6-7)(2-9,4-8)(7-9)	-
620	120	10	(9,4,1)	-	3	(0,0,98,27,1)	(0,144,64,2)	(50,65,5)	(36,9)	(727,214,0,0,23,22,0,0,15,15,0)	yes	(0-9,5-6,7-8)(1-9,3-8,6-7)(2-9,4-8)(5-9)	-
621	120	10	(9,4,1)	-	3	(0,0,98,27,1)	(0,146,61,3)	(52,63,5)	(37,8)	(757,111,84,16,15,0,7,0,21,0,0)	yes	(0-9,5-8,6-7)(1-9,3-7,6-8)(2-9,4-8)(5-9)	-
622	44	10	(9,4,1)	-	3	(0,0,99,24,3)	(0,144,62,4)	(45,72,3)	(36,9)	(809,112,0,0,65,16,0,0,0,0,0)	yes	(0-9,4-7,6-8)(1-9,2-8,5-7)(3-8,6-9)(7-9)	-
623	120	10	(9,4,1)	-	3	(0,0,101,22,3)	(0,150,56,4)	(53,64,3)	(38,7)	(781,109,53,0,35,15,0,0,4,3,0)	yes	(0-9,5-7,6-8)(1-9,2-7,3-8)(4-8,5-9)(6-9)	-
624	14	10	(9,3,1)	-	3	(0,0,108,18,0)	(0,162,45,3)	(54,63,3)	(36,9)	(836,91,0,0,48,27,0,0,0,0,0)	yes	(2-7,3-8,6-9)(0-6,4-8,7-9)(1-6,5-7,8-9)	-
625	66	10	(9,3,1)	-	3	(0,0,110,14,2)	(0,162,46,2)	(56,62,2)	(38,7)	(801,89,40,9,28,22,0,0,14,0,8)	yes	(0-9,5-7,6-8)(1-7,3-8,5-9)(2-7,4-8,6-9)	-
626	14	10	(9,6,1)	-	4	(0,24,48,42,12)	(32,84,72,22)	(56,48,16)	(36,9)	(878,32,24,0,24,24,0,0,8,0,0)	yes	(0-9,3-6,4-7,5-8)(1-9)(2-9)(6-9)(7-9)(8-9)	-
627	44	10	(9,5,1)	-	4	(0,24,60,38,4)	(32,96,74,8)	(56,54,10)	(36,9)	(806,55,86,0,38,0,8,0,8,7,0)	yes	(0-9,5-6,7-8)(1-9,3-7,4-8)(2-9)(6-9)(8-9)	-
628	120	10	(9,5,1)	-	4	(0,24,60,38,4)	(32,98,72,8)	(58,53,9)	(37,8)	(787,80,62,38,15,0,0,8,19,0,0)	yes	(0-9,3-8,4-6,5-7)(1-9,7-8)(2-9)(5-9)(6-9)	-
629	26	10	(9,4,1)	-	4	(0,24,72,28,2)	(32,108,66,4)	(56,56,8)	(36,9)	(830,44,60,0,46,14,0,0,10,0,4)	yes	(0-9,1-8,4-6,5-7)(2-8,6-9)(3-8,7-9)(8-9)	-
630	44	10	(9,4,1)	-	4	(0,24,72,28,2)	(32,108,68,2)	(56,58,6)	(36,9)	(800,61,94,0,38,0,0,0,6,0,0)	yes	(0-9,4-6,7-8)(1-9,5-7,6-8)(2-9,3-8)(7-9)	-
631	120	10	(9,4,1)	-	4	(0,24,72,29,1)	(32,110,66,2)	(58,56,6)	(37,8)	(769,92,83,24,15,0,7,8,9,2,0)	yes	(0-9,5-6,7-8)(1-9,3-7,6-8)(2-9,4-8)(5-9)	-
632	72	10	(9,4,1)	-	4	(0,24,72,29,1)	(32,112,64,2)	(60,54,6)	(37,8)	(761,108,92,0,22,8,0,0,6,12,0)	yes	(0-9,3-6,4-7,5-8)(1-9,6-8)(2-9,7-8)(5-9)	-
633	120	10	(9,4,1)	-	4	(0,24,82,18,2)	(32,122,54,2)	(60,55,5)	(37,8)	(763,104,93,14,8,0,8,0,5,6,8)	yes	(0-9,5-7,6-8)(1-9,3-7,4-8,5-6)(2-9)(8-9)	-
634	112	10	(9,4,1)	-	4	(0,24,82,19,1)	(32,124,52,2)	(62,52,6)	(37,8)	(761,108,82,16,8,0,22,0,10,0,3)	yes	(0-9,3-7,4-6,5-8)(1-9,5-6,7-8)(2-9)(8-9)	-
635	328	10	(9,4,1)	-	4	(0,24,82,19,1)	(32,126,50,2)	(64,51,5)	(38,7)	(722,167,54,30,8,7,0,8,8,6,0)	yes	(0-9,3-8,4-5,6-7)(1-9,5-6,7-8)(2-9)(4-9)	-
636	26	10	(9,5,1)	-	4	(0,36,52,33,5)	(36,108,56,10)	(60,52,8)	(37,8)	(849,48,32,0,40,16,0,0,20,0,0)	yes	(0-9,2-8,4-6,5-7)(1-9,3-8)(6-9)(7-9)(8-9)	-
637	72	10	(9,5,1)	-	4	(0,36,52,33,5)	(44,100,56,10)	(68,44,8)	(39,6)	(839,48,40,0,27,14,16,0,16,0,0)	yes	(0-9,3-6,4-7,5-8)(1-9,2-8)(5-9)(6-9)(7-9)	-
638	25	10	(9,4,1)	-	4	(0,36,52,37,1)	(36,108,60,6)	(60,52,8)	(37,8)	(820,64,56,0,37,0,0,0,24,0,0)	yes	(2-8,4-6,7-9)(0-9,3-8,5-7)(1-9,6-8)(8-9)	-
639	44	10	(9,4,1)	-	4	(0,36,54,35,1)	(36,114,55,5)	(60,55,5)	(37,8)	(821,64,53,0,44,0,0,0,22,0,7)	yes	(0-9,4-6,7-8)(1-9,2-8,5-7)(3-8,6-9)(7-9)	-
640	120	10	(9,4,1)	-	4	(0,36,56,33,1)	(36,114,56,4)	(62,53,5)	(38,7)	(799,84,32,21,43,8,0,0,14,4,0)	yes	(0-9,2-6,3-8,5-7)(1-9,7-8)(4-8,5-9)(6-9)	-
641	120	10	(9,4,1)	-	4	(0,36,56,33,1)	(44,104,58,4)	(68,46,6)	(39,6)	(814,60,70,0,24,0,18,0,10,2,0)	yes	(0-9,2-7,4-5,6-8)(1-9,7-8)(3-8,5-9)(6-9)	-
642	72	10	(9,4,1)	-	4	(0,36,60,28,2)	(44,108,54,4)	(68,47,5)	(39,6)	(833,42,56,0,41,16,0,0,8,0,4)	yes	(0-9,3-6,4-7,5-8)(1-8,5-9)(2-8,6-9)(7-9)	-
643	44	10	(9,4,1)	-	4	(0,36,64,23,3)	(36,120,50,4)	(60,56,4)	(37,8)	(816,64,64,0,42,0,0,0,23,0,0)	yes	(0-9,3-8,6-7)(1-9,2-6,4-8,5-7)(7-9)(8-9)	-
644	26	10	(9,4,1)	-	4	(0,36,66,22,2)	(36,126,43,5)	(60,56,4)	(37,8)	(827,64,50,0,41,0,0,0,16,0,12)	yes	(0-9,1-6,2-7,3-8)(4-8,5-7,6-9)(7-9)(8-9)	-
645	25	10	(9,3,1)	-	4	(0,36,66,23,1)	(36,126,44,4)	(60,58,2)	(37,8)	(836,64,48,0,41,0,0,0,6,0,16)	yes	(0-6,5-8,7-9)(2-7,4-9,6-8)(1-6,3-7,8-9)	-
646	120	10	(9,4,1)	-	4	(0,36,67,20,3)	(36,126,44,4)	(63,54,3)	(38,7)	(772,112,48,16,44,0,0,0,13,0,0)	yes	(0-9,2-7,3-8,5-6)(1-9,4-8,6-7)(5-9)(8-9)	-
647	120	10	(9,4,1)	-	4	(0,36,68,19,3)	(44,116,46,4)	(68,48,4)	(39,6)	(793,60,81,0,51,0,4,0,11,2,7)	yes	(0-9,5-6,7-8)(1-9,2-7,3-6,4-8)(5-9)(8-9)	-
648	328	10	(9,4,1)	-	4	(0,36,69,18,3)	(44,120,42,4)	(71,46,3)	(40,5)	(758,105,66,15,42,4,0,0,4,3,9)	yes	(0-9,3-7,4-8,5-6)(1-9,2-8,6-7)(4-9)(5-9)	-
649	120	10	(9,3,1)	-	4	(0,36,69,20,1)	(36,132,39,3)	(63,55,2)	(38,7)	(785,112,42,0,37,16,0,0,3,0,10)	yes	(0-7,2-9,4-8,5-6)(1-7,5-9,6-8)(3-9,7-8)	-
650	112	10	(9,3,1)	-	4	(0,36,71,18,1)	(36,132,40,2)	(65,52,3)	(38,7)	(795,98,49,0,24,24,0,0,7,0,7)	yes	(0-7,5-9,6-8)(1-7,2-8,4-5,6-9)(3-8,7-9)	-
651	120	10	(9,3,1)	-	4	(0,36,72,16,2)	(44,120,44,2)	(68,49,3)	(39,6)	(809,56,78,0,31,6,6,0,10,0,8)	yes	(0-9,1-8,4-5,6-7)(3-7,5-9,6-8)(2-8,7-9)	-
652	72	10	(9,3,1)	-	4	(0,36,72,18,0)	(36,138,33,3)	(66,51,3)	(38,7)	(797,91,41,9,32,18,0,0,16,0,6)	yes	(0-7,1-8,4-6,5-9)(2-8,5-6,7-9)(3-7,8-9)	-
653	172	10	(9,3,1)	-	4	(0,36,74,15,1)	(36,138,34,2)	(68,50,2)	(39,6)	(742,178,9,0,36,30,0,0,0,14,0)	yes	(0-9,2-8,4-6,5-7)(3-8,5-9,6-7)(1-9,4-8)	-
654	328	10	(9,3,1)	-	4	(0,36,76,12,2)	(44,128,36,2)	(72,46,2)	(40,5)	(778,89,72,20,13,5,4,0,12,6,10)	yes	(0-9,3-6,4-8,5-7)(1-8,4-9,6-7)(2-8,5-9)	-
655	120	10	(9,4,1)	-	4	(0,48,50,27,1)	(48,116,41,5)	(70,45,5)	(39,6)	(802,60,77,0,37,0,7,0,14,4,3)	yes	(0-9,2-5,4-6,7-8)(1-9,3-8,6-7)(5-9)(8-9)	-
656	72	10	(9,4,1)	-	4	(0,48,52,25,1)	(56,106,44,4)	(74,40,6)	(39,6)	(809,52,70,0,44,8,0,0,13,4,3)	yes	(0-9,2-5,4-7,6-8)(1-9,3-6,7-8)(5-9)(8-9)	-
657	328	10	(9,4,1)	-	4	(0,48,52,25,1)	(56,108,42,4)	(76,39,5)	(40,5)	(788,77,53,29,29,4,0,3,13,3,2)	yes	(0-9,3-5,4-7,6-8)(1-9,2-8,6-7)(4-9)(5-9)	-
658	112	10	(9,4,1)	-	4	(0,48,54,22,2)	(48,120,37,5)	(70,46,4)	(39,6)	(808,64,66,0,29,0,22,0,14,0,6)	yes	(0-9,2-6,3-8,5-7)(1-7,4-8,5-9)(6-9)(8-9)	-
659	120	10	(9,3,1)	-	4	(0,48,54,23,1)	(48,120,39,3)	(70,47,3)	(39,6)	(810,64,68,0,32,0,17,0,14,0,2)	yes	(1-7,3-8,4-5,6-9)(2-7,5-9,6-8)(0-9,7-8)	-
660	120	10	(9,3,1)	-	4	(0,48,56,21,1)	(48,126,32,4)	(70,48,2)	(39,6)	(803,64,74,0,36,0,14,0,14,0,6)	yes	(1-8,3-7,4-6,5-9)(0-9,5-6,7-8)(2-8,7-9)	-
661	328	10	(9,3,1)	-	4	(0,48,59,18,1)	(48,128,31,3)	(73,45,2)	(40,5)	(772,95,56,14,33,16,7,0,11,0,6)	yes	(0-9,1-8,4-7,5-6)(3-6,4-9,7-8)(2-8,5-9)	-
662	112	10	(9,3,1)	-	4	(0,48,60,17,1)	(56,114,38,2)	(74,42,4)	(39,6)	(809,52,74,0,35,8,10,0,9,4,8)	yes	(0-7,5-9,6-8)(2-9,3-6,4-5,7-8)(1-7,8-9)	-
663	328	10	(9,3,1)	-	4	(0,48,60,17,1)	(56,116,36,2)	(76,41,3)	(40,5)	(781,81,65,21,22,12,7,4,6,2,5)	yes	(0-9,3-4,5-7,6-8)(1-8,4-9,6-7)(2-8,5-9)	-
664	312	10	(9,3,1)	-	4	(0,48,61,16,1)	(56,118,34,2)	(77,40,3)	(40,5)	(773,95,65,14,20,13,15,0,5,0,3)	yes	(4-9,5-8,6-7)(0-8,2-7,3-4,5-9)(1-8,6-9)	-
665	174	10	(9,4,1)	-	4	(0,52,50,22,2)	(60,110,35,5)	(80,36,4)	(41,4)	(797,59,78,0,17,4,38,0,8,0,4)	yes	(0-9,1-6,4-7,5-8)(2-7,3-8,4-9)(5-9)(6-9)	-
666	328	10	(9,3,1)	-	4	(0,52,54,19,1)	(60,114,33,3)	(80,37,3)	(41,4)	(796,55,83,4,30,0,15,4,15,0,2)	yes	(0-9,3-5,4-8,6-7)(2-7,4-9,5-8)(1-8,6-9)	-
667	72	10	(9,3,1)	-	4	(0,60,44,21,1)	(60,114,33,3)	(74,43,3)	(39,6)	(813,56,69,0,44,8,0,0,11,0,3)	yes	(0-8,2-7,4-6,5-9)(3-5,6-9,7-8)(1-8,7-9)	-
668	328	10	(9,3,1)	-	4	(0,60,47,18,1)	(60,120,27,3)	(77,41,2)	(40,5)	(769,104,59,16,29,8,6,0,10,0,5)	yes	(0-9,1-8,4-7,5-6)(2-8,3-5,4-9,6-7)(8-9)	-
669	36	10	(9,4,1)	-	4	(0,60,48,15,3)	(68,102,36,4)	(74,42,4)	(39,6)	(842,40,48,0,34,20,0,0,6,0,12)	yes	(0-8,3-6,4-7,5-9)(1-8,2-5,6-9)(7-9)(8-9)	-
670	196	10	(9,3,1)	-	4	(0,60,48,17,1)	(68,106,34,2)	(78,39,3)	(40,5)	(779,86,72,12,25,10,0,0,8,11,4)	yes	(0-8,3-5,4-9,6-7)(2-4,5-9,7-8)(1-8,6-9)	-
671	174	10	(9,3,1)	-	4	(0,60,48,18,0)	(60,122,25,3)	(78,39,3)	(40,5)	(766,91,82,18,14,5,6,0,18,7,6)	yes	(0-8,2-6,4-9,5-7)(1-8,3-7,4-6,5-9)(8-9)	-
672	304	10	(9,3,1)	-	4	(0,60,51,14,1)	(68,110,30,2)	(79,38,3)	(40,5)	(787,76,56,26,21,18,3,4,10,0,8)	yes	(0-8,2-6,4-9,5-7)(1-8,3-4,5-9,6-7)(8-9)	-
673	896	10	(9,3,1)	-	4	(0,60,52,13,1)	(68,114,26,2)	(82,36,2)	(41,4)	(746,130,46,25,20,21,0,4,5,6,8)	yes	(0-9,3-4,5-6,7-8)(1-9,2-8,4-5,6-7)(3-9)	-
674	172	10	(9,3,1)	-	4	(0,64,42,19,1)	(64,118,24,4)	(80,38,2)	(41,4)	(781,63,92,0,40,0,16,0,6,0,6)	yes	(1-8,2-7,4-6,5-9)(0-9,3-6,4-8,5-7)(8-9)	-
675	196	10	(9,3,1)	-	4	(0,68,40,17,1)	(76,104,27,3)	(84,33,3)	(41,4)	(799,46,73,8,46,7,11,0,11,2,5)	yes	(2-5,3-6,4-9,7-8)(0-8,1-4,5-9,6-7)(8-9)	-
676	896	10	(9,3,1)	-	4	(0,68,41,16,1)	(76,108,23,3)	(87,31,2)	(42,3)	(762,87,70,21,30,13,7,0,7,4,6)	yes	(0-9,3-8,4-6,5-7)(1-8,2-7,3-9,5-6)(4-9)	-
677	196	10	(9,3,1)	-	4	(0,72,36,18,0)	(80,106,21,3)	(90,27,3)	(42,3)	(764,69,104,15,3,18,6,0,28,3,0)	yes	(0-6,3-9,4-7,5-8)(1-7,2-8,3-6,4-9)(5-9)	-
678	18	10	(9,5,1)	-	5	(16,32,48,24,6)	(80,72,48,10)	(80,32,8)	(40,5)	(882,10,24,0,44,12,0,0,24,0,0)	yes	(0-9,1-5,2-6,3-7,4-8)(5-9)(6-9)(7-9)(8-9)	-
679	72	10	(9,4,1)	-	5	(16,32,56,20,2)	(80,80,46,4)	(80,34,6)	(40,5)	(844,20,52,0,52,5,4,0,20,4,6)	yes	(0-9,3-5,4-6,7-8)(1-7,2-8,5-9)(6-9)(8-9)	-
680	66	10	(9,3,1)	-	5	(16,32,60,16,2)	(80,84,44,2)	(80,36,4)	(40,5)	(826,27,68,0,56,0,8,0,18,1,0)	yes	(0-7,5-8,6-9)(1-9,3-5,4-6,7-8)(2-8,7-9)	-
681	196	10	(9,4,1)	-	5	(16,36,52,20,2)	(84,80,42,4)	(84,31,5)	(41,4)	(831,26,50,18,41,6,4,4,14,6,7)	yes	(0-9,1-8,2-5,3-6,4-7)(4-9,7-8)(5-9)(6-9)	-
682	172	10	(9,3,1)	-	5	(16,36,56,17,1)	(84,84,40,2)	(84,32,4)	(41,4)	(814,36,64,12,38,4,16,8,11,0,4)	yes	(0-8,3-4,5-9,6-7)(2-5,4-8,7-9)(1-9,6-8)	-
683	328	10	(9,3,1)	-	5	(16,36,60,12,2)	(84,88,36,2)	(84,33,3)	(41,4)	(794,46,85,6,39,8,16,0,7,0,3)	yes	(0-9,2-4,5-7,6-8)(1-8,3-5,4-9,6-7)(8-9)	-
684	196	10	(9,3,1)	-	5	(16,40,52,17,1)	(88,82,38,2)	(86,30,4)	(41,4)	(815,40,61,12,36,4,21,4,9,2,2)	yes	(2-5,3-6,4-9,7-8)(1-7,4-8,5-9)(0-8,6-9)	-
685	312	10	(9,3,1)	-	5	(16,40,56,13,1)	(88,86,34,2)	(86,30,4)	(41,4)	(796,50,77,8,37,2,22,0,6,2,5)	yes	(4-9,5-8,6-7)(0-8,1-7,2-5,3-4,6-9)(8-9)	-
686	464	10	(9,3,1)	-	5	(16,40,58,10,2)	(88,90,30,2)	(88,30,2)	(42,3)	(769,61,97,15,24,12,16,0,6,0,6)	yes	(0-9,1-8,2-7,3-5,4-6)(3-9,5-7,6-8)(4-9)	-
687	100	10	(9,4,1)	-	5	(16,44,48,15,3)	(92,78,36,4)	(86,30,4)	(41,4)	(817,40,58,8,42,12,18,0,7,0,0)	yes	(0-8,1-5,2-6,3-7,4-9)(4-8,5-9)(6-9)(7-9)	-
688	896	10	(9,3,1)	-	5	(16,44,52,13,1)	(92,86,30,2)	(90,27,3)	(42,3)	(781,65,68,23,30,7,12,5,6,3,9)	yes	(0-9,1-8,2-4,3-7,5-6)(3-9,5-8,6-7)(4-9)	-
689	64	10	(9,3,1)	-	5	(16,48,48,13,1)	(96,80,32,2)	(88,28,4)	(41,4)	(797,49,84,0,48,6,0,0,8,8,4)	yes	(1-7,3-6,4-8,5-9)(0-4,2-5,6-9,7-8)(8-9)	-
690	848	10	(9,3,1)	-	5	(16,48,49,12,1)	(96,84,28,2)	(91,26,3)	(42,3)	(773,75,63,32,21,11,15,5,2,2,7)	yes	(0-5,3-9,4-8,6-7)(1-8,2-7,3-6,4-9)(5-9)	-
691	536	10	(9,3,1)	-	5	(16,52,44,13,1)	(100,80,28,2)	(92,25,3)	(42,3)	(782,63,72,22,30,5,8,6,11,6,2)	yes	(0-8,1-4,2-5,3-9,6-7)(3-7,4-9,6-8)(5-9)	-
692	1246	10	(9,2,1)	-	5	(16,56,42,11,1)	(104,82,22,2)	(96,22,2)	(43,2)	(751,91,73,26,20,18,10,6,8,0,4)	yes	(0-9,1-8,2-3,4-6,5-7)(2-4,3-5,6-9,7-8)	-
693	10	10	(10,7,1)	-	2	(0,0,0,120,6)	(0,0,194,16)	(0,100,20)	(28,17)	(732,222,0,0,32,31,0,0,0,0,0)	yes	(0-9,6-8)(1-9,7-8)(2-9,5-8)(3-9)(4-9)(6-9)(7-9)	-
694	16	10	(10,6,1)	-	2	(0,0,0,125,1)	(0,0,205,5)	(0,109,11)	(31,14)	(728,254,0,0,0,0,0,0,31,0,0)	yes	(0-9,6-8)(1-9,7-8)(2-9,4-8)(3-9,5-8)(6-9)(7-9)	-
695	10	10	(10,5,1)	-	2	(0,0,0,126,0)	(0,0,208,2)	(0,112,8)	(32,13)	(750,240,0,0,0,0,0,0,0,0,0)	yes	(1-9,6-8)(2-9,7-8)(0-8,3-9)(4-8,6-9)(5-8,7-9)	-
696	10	10	(10,7,1)	-	3	(0,0,40,80,6)	(0,60,134,16)	(24,76,20)	(28,17)	(764,94,128,0,0,31,0,0,0,0,0)	no	(0-9,7-8)(1-9,5-7,6-8)(2-9)(3-9)(4-9)(7-9)(8-9)	-
697	21	10	(10,7,1)	-	3	(0,0,40,80,6)	(0,60,134,16)	(24,76,20)	(30,15)	(604,348,32,31,0,0,0,0,0,0,0)	no	(0-9,5-7,6-8)(1-9,7-8)(2-9)(3-9)(4-9)(5-9)(6-9)	-
698	16	10	(10,6,1)	-	3	(0,0,60,65,1)	(0,90,115,5)	(30,79,11)	(31,14)	(773,128,63,0,30,0,0,0,16,0,0)	no	(0-9,7-8)(1-9,4-7,5-8)(2-9,6-8)(3-9)(7-9)(8-9)	-
699	44	10	(10,6,2)	-	3	(0,0,60,65,1)	(0,90,115,5)	(34,75,11)	(33,12)	(742,126,110,0,15,0,16,0,0,0,0)	yes	(0-9,4-7,5-8)(1-9,6-8)(2-9,7-8)(3-9)(5-9)(6-9)	-
700	66	10	(10,6,1)	-	3	(0,0,60,65,1)	(0,90,115,5)	(34,76,10)	(34,11)	(694,222,62,0,0,31,0,0,0,0,0)	no	(0-9,5-7,6-8)(1-9,7-8)(2-9,4-8)(3-9)(5-9)(6-9)	-
701	26	10	(10,6,1)	-	3	(0,0,68,54,4)	(0,104,98,8)	(40,72,8)	(36,9)	(806,110,56,0,8,8,0,0,0,0,0)	yes	(0-9,3-7,5-8)(1-9,6-8)(2-9,4-8)(5-9)(6-9)(7-9)	-
702	10	10	(10,5,1)	-	3	(0,0,68,58,0)	(0,96,112,2)	(32,80,8)	(32,13)	(800,112,64,0,0,0,0,0,32,0,0)	no	(2-9,7-8)(0-7,1-8,3-9)(4-9,5-8)(6-8,7-9)(8-9)	-
703	44	10	(10,5,1)	-	3	(0,0,68,58,0)	(0,102,107,1)	(38,76,6)	(35,10)	(772,120,60,0,30,0,0,0,21,8,0)	yes	(0-9,7-8)(1-9,3-7,6-8)(2-9,4-8)(5-8,6-9)(7-9)	-
704	66	10	(10,5,1)	-	3	(0,0,68,58,0)	(0,102,107,1)	(38,77,5)	(36,9)	(712,240,0,0,30,0,0,0,22,7,0)	no	(0-9,5-7,6-8)(1-9,7-8)(2-9,3-8)(4-8,5-9)(6-9)	-
705	44	10	(10,5,1)	-	3	(0,0,68,58,0)	(0,104,104,2)	(40,74,6)	(36,9)	(782,116,62,0,30,0,0,0,8,7,0)	yes	(0-9,3-7,5-8)(1-9,6-8)(2-9,7-8)(4-8,5-9)(6-9)	-
706	44	10	(10,5,1)	-	3	(0,0,70,55,1)	(0,108,99,3)	(42,73,5)	(37,8)	(790,126,60,0,0,0,0,0,22,0,0)	yes	(0-9,4-5,6-8)(1-9,7-8)(2-8,5-9)(3-8,6-9)(7-9)	-
707	26	10	(10,5,1)	-	3	(0,0,80,45,1)	(0,120,84,6)	(40,70,10)	(33,12)	(762,112,90,0,31,16,0,0,0,0,0)	yes	(0-9,4-8,5-7)(1-9,5-8,6-7)(2-9,6-8)(3-9)(7-9)	-
708	28	10	(10,5,1)	-	3	(0,0,80,45,1)	(0,120,84,6)	(44,66,10)	(33,12)	(779,108,94,0,0,16,0,0,15,0,0)	no	(0-9,5-8,6-7)(1-9,4-7,6-8)(2-9,7-8)(3-9)(6-9)	-
709	44	10	(10,6,1)	-	3	(0,0,80,45,1)	(0,120,85,5)	(44,65,11)	(33,12)	(742,128,109,0,15,0,16,0,0,0,0)	no	(0-9,5-6,7-8)(1-9,4-8,6-7)(2-9)(3-9)(7-9)(8-9)	-
710	132	10	(10,6,1)	-	3	(0,0,80,45,1)	(0,120,85,5)	(44,66,10)	(34,11)	(694,205,63,30,0,16,0,0,0,0,0)	no	(0-9,5-6,7-8)(1-9,4-8,6-7)(2-9)(3-9)(5-9)(8-9)	-
711	114	10	(10,6,1)	-	3	(0,0,80,45,1)	(0,120,85,5)	(46,64,10)	(35,10)	(648,298,15,16,31,0,0,0,0,0,0)	yes	(0-9,4-7,5-8)(1-9,6-7)(2-9,6-8)(3-9)(4-9)(5-9)	-
712	10	10	(10,5,1)	-	3	(0,0,90,36,0)	(0,126,83,1)	(36,78,6)	(33,12)	(809,128,0,0,48,0,0,0,23,0,0)	no	(0-9,7-8)(1-9,3-7,4-8)(2-9,5-8,6-7)(7-9)(8-9)	-
713	44	10	(10,5,2)	-	3	(0,0,90,36,0)	(0,132,76,2)	(42,73,5)	(35,10)	(792,124,45,0,23,0,0,0,9,0,11)	yes	(0-9,7-8)(1-9,4-8,6-7)(2-9,3-7,5-8)(6-9)(8-9)	-
714	72	10	(10,5,1)	-	3	(0,0,90,36,0)	(0,134,75,1)	(48,68,4)	(37,8)	(767,123,94,0,0,0,0,0,5,4,0)	no	(0-9,5-7,6-8)(1-9,7-8)(2-9,3-7,4-8)(5-9)(6-9)	-
715	44	10	(10,4,1)	-	3	(0,0,98,27,1)	(0,138,71,1)	(44,71,5)	(35,10)	(772,126,56,0,24,0,8,0,26,0,0)	yes	(0-9,2-8,5-7)(3-8,5-9,6-7)(1-9,4-8)(6-9,7-8)	-
716	44	10	(10,4,1)	-	3	(0,0,98,27,1)	(0,144,65,1)	(50,65,5)	(35,10)	(772,128,63,0,22,0,0,0,17,0,0)	no	(0-9,2-8,6-7)(1-9,5-6,7-8)(3-8,6-9)(4-8,7-9)	-
717	44	10	(10,5,1)	-	3	(0,0,98,28,0)	(0,144,64,2)	(50,65,5)	(35,10)	(803,108,53,0,7,16,0,0,19,0,0)	no	(0-9,3-8,6-7)(1-9,5-7,6-8)(2-9,4-8)(6-9)(7-9)	-
718	44	10	(10,5,1)	-	3	(0,0,98,28,0)	(0,144,65,1)	(50,64,6)	(35,10)	(772,128,52,0,22,0,8,0,30,0,0)	no	(0-9,3-6,7-8)(1-9,4-8,6-7)(2-9,5-8)(7-9)(8-9)	-
719	132	10	(10,5,1)	-	3	(0,0,98,28,0)	(0,144,65,1)	(50,65,5)	(36,9)	(712,229,0,0,38,8,0,0,15,13,0)	no	(0-9,5-6,7-8)(1-9,3-8,6-7)(2-9,4-8)(5-9)(8-9)	-
720	132	10	(10,5,1)	-	3	(0,0,98,28,0)	(0,146,63,1)	(52,64,4)	(37,8)	(761,111,82,16,15,0,8,0,18,0,0)	no	(0-9,5-8,6-7)(1-9,3-8,4-7)(2-9,6-8)(5-9)(7-9)	-
721	120	10	(10,5,2)	-	3	(0,0,98,28,0)	(0,148,60,2)	(54,61,5)	(37,8)	(761,108,85,14,15,0,8,0,14,2,1)	yes	(0-9,4-8,6-7)(1-9,3-6,5-8)(2-9,7-8)(4-9)(5-9)	-
722	372	10	(10,5,1)	-	3	(0,0,98,28,0)	(0,148,61,1)	(56,60,4)	(38,7)	(705,217,31,15,15,0,0,15,7,3,0)	yes	(0-9,4-7,5-8)(1-9,6-8)(2-9,3-8,6-7)(4-9)(5-9)	-
723	26	10	(10,4,1)	-	3	(0,0,99,27,0)	(0,144,65,1)	(45,72,3)	(36,9)	(800,124,0,0,73,0,0,0,3,0,0)	yes	(0-9,3-8,6-7)(1-9,2-7,6-8)(4-8,7-9)(5-7,8-9)	-
724	132	10	(10,4,1)	-	3	(0,0,101,25,0)	(0,150,60,0)	(53,65,2)	(38,7)	(766,124,59,0,44,0,0,0,4,3,0)	no	(3-8,5-7,6-9)(0-7,4-8,5-9)(1-9,6-8)(2-9,7-8)	-
725	26	10	(10,5,1)	-	3	(0,0,102,21,3)	(0,150,56,4)	(48,70,2)	(37,8)	(819,112,0,0,42,16,0,0,18,0,0)	yes	(0-9,3-7,5-8)(1-9,4-7,6-8)(2-8,5-9)(6-9)(7-9)	-
726	72	10	(10,5,1)	-	3	(0,0,102,21,3)	(0,154,52,4)	(56,62,2)	(39,6)	(791,108,54,0,15,14,0,0,14,4,0)	yes	(0-9,4-7,5-8)(1-9,2-7,6-8)(3-8,4-9)(5-9)(6-9)	-
727	44	10	(10,4,1)	-	3	(0,0,102,23,1)	(0,150,58,2)	(48,70,2)	(37,8)	(803,128,0,0,51,0,0,0,25,0,0)	yes	(0-7,4-8,5-9)(1-7,5-8,6-9)(2-9,6-8)(3-9,7-8)	-
728	72	10	(10,4,1)	-	3	(0,0,103,23,0)	(0,156,53,1)	(57,60,3)	(38,7)	(769,118,56,0,42,0,0,0,9,6,0)	yes	(0-5,2-9,7-8)(3-9,5-7,6-8)(1-8,6-9)(4-8,7-9)	-
729	198	10	(10,4,1)	-	3	(0,0,103,23,0)	(0,156,54,0)	(59,59,2)	(39,6)	(711,231,0,0,44,0,0,0,6,8,0)	yes	(0-8,4-9,5-7)(1-8,6-9)(2-9,4-8,6-7)(3-9,5-8)	-
730	120	10	(10,4,1)	-	3	(0,0,104,21,1)	(0,158,50,2)	(58,60,2)	(39,6)	(775,120,58,0,21,0,0,0,21,8,0)	yes	(0-9,4-8,6-7)(3-7,4-9,5-8)(1-8,5-9)(2-8,6-9)	-
731	26	10	(10,4,1)	-	3	(0,0,108,16,2)	(0,152,56,2)	(48,68,4)	(36,9)	(806,110,0,0,62,14,0,0,22,0,0)	yes	(1-9,2-8,5-7)(3-8,5-9,6-7)(0-7,4-8,6-9)(8-9)	-
732	72	10	(10,4,2)	-	3	(0,0,108,17,1)	(0,160,48,2)	(56,60,4)	(37,8)	(773,96,74,16,22,8,0,0,12,8,0)	yes	(0-9,4-8,5-7)(1-9,5-8,6-7)(2-9,3-7,6-8)(4-9)	-
733	28	10	(10,4,1)	-	3	(0,0,108,18,0)	(0,162,47,1)	(54,63,3)	(36,9)	(809,109,0,0,64,15,0,0,4,0,0)	no	(1-9,4-7,6-8)(0-8,2-9,6-7)(3-8,5-7,6-9)(8-9)	-
734	72	10	(10,4,1)	-	3	(0,0,110,16,0)	(0,162,48,0)	(56,62,2)	(38,7)	(775,111,40,9,54,0,0,0,14,0,0)	no	(1-8,5-7,6-9)(0-7,2-8,3-9)(4-9,5-8,6-7)(8-9)	-
735	120	10	(10,4,2)	-	3	(0,0,113,12,1)	(0,168,41,1)	(59,59,2)	(38,7)	(787,100,37,12,35,12,4,0,18,0,3)	yes	(0-9,4-7,6-8)(1-9,2-8,5-7)(3-8,4-9,6-7)(5-9)	-
736	198	10	(10,4,1)	-	3	(0,0,113,13,0)	(0,172,38,0)	(65,54,1)	(40,5)	(762,100,80,24,24,0,0,0,7,0,0)	yes	(0-9,4-7,5-8)(1-9,3-8,6-7)(2-7,4-9,6-8)(5-9)	-
737	72	10	(10,4,1)	-	3	(0,0,114,10,2)	(0,170,38,2)	(60,59,1)	(39,6)	(809,98,0,0,65,28,0,0,4,0,0)	yes	(0-9,4-8,6-7)(2-7,4-9,5-8)(1-8,3-7,5-9)(6-9)	-
738	56	10	(10,5,1)	-	3<4	(0,0,100,25,1)	(0,150,54,6)	(54,56,10)	(35,10)	(664,236,76,16,15,0,0,0,0,0,0)	no	(0-9,4-8,5-7)(1-9,4-6,5-8)(2-9,6-7)(3-9)(8-9)	-
739	28	10	(10,6,1)	-	4	(0,24,60,38,4)	(32,100,70,8)	(56,56,8)	(36,9)	(814,46,88,0,32,15,0,0,8,0,8)	no	(0-9,3-6,7-8)(1-9,4-7,5-8)(2-9)(6-9)(7-9)(8-9)	-
740	56	10	(10,6,1)	-	4	(0,24,60,38,4)	(32,100,70,8)	(60,52,8)	(38,7)	(770,112,32,68,0,0,0,7,16,0,0)	no	(0-9,3-4,5-7,6-8)(1-9,7-8)(2-9)(4-9)(5-9)(6-9)	-
741	44	10	(10,5,1)	-	4	(0,24,72,30,0)	(32,112,64,2)	(56,58,6)	(36,9)	(802,52,94,0,46,0,0,0,8,7,0)	no	(0-9,3-6,7-8)(1-9,4-7,6-8)(2-9,5-8)(7-9)(8-9)	-
742	26	10	(10,5,1)	-	4	(0,24,72,30,0)	(32,112,64,2)	(56,60,4)	(36,9)	(836,45,60,0,48,7,0,0,4,0,4)	yes	(0-9,5-7,6-8)(1-9,4-6,7-8)(2-9,3-8)(6-9)(7-9)	-
743	66	10	(10,5,1)	-	4	(0,24,72,30,0)	(32,112,65,1)	(60,54,6)	(37,8)	(738,120,120,0,8,8,0,0,15,0,0)	yes	(0-9,3-6,7-8)(1-9,4-7,5-8)(2-9,6-8)(5-9)(7-9)	-
744	132	10	(10,5,1)	-	4	(0,24,72,30,0)	(32,114,63,1)	(58,58,4)	(37,8)	(763,96,85,22,15,0,7,8,14,0,2)	no	(0-9,5-6,7-8)(1-9,4-7,6-8)(2-9,3-8)(5-9)(7-9)	-
745	114	10	(10,5,1)	-	4	(0,24,72,30,0)	(32,114,63,1)	(60,56,4)	(38,7)	(732,112,128,7,0,0,8,7,18,0,0)	yes	(0-9,4-6,7-8)(1-9,5-7,6-8)(2-9,3-8)(4-9)(5-9)	-
746	176	10	(10,5,1)	-	4	(0,24,72,30,0)	(32,114,63,1)	(62,53,5)	(38,7)	(722,153,84,23,0,0,8,7,8,4,0)	no	(0-9,3-6,4-7,5-8)(1-9,6-8)(2-9,7-8)(4-9)(5-9)	-
747	120	10	(10,4,2)	-	4	(0,24,82,19,1)	(32,124,53,1)	(62,53,5)	(37,8)	(750,126,92,0,7,0,15,0,20,0,0)	yes	(0-9,4-8,5-7)(1-9,3-4,5-8,6-7)(2-9,6-8)(7-9)	-
748	120	10	(10,4,1)	-	4	(0,24,82,19,1)	(32,126,51,1)	(64,51,5)	(37,8)	(757,111,93,16,7,0,7,0,10,0,10)	no	(0-9,3-8,4-5,6-7)(1-9,5-7,6-8)(2-9,7-8)(6-9)	-
749	72	10	(10,5,1)	-	4	(0,24,82,20,0)	(32,126,51,1)	(60,56,4)	(37,8)	(739,120,112,0,22,0,0,0,12,4,0)	no	(0-9,5-7,6-8)(1-9,3-7,4-8,5-6)(2-9)(7-9)(8-9)	-
750	66	10	(10,5,1)	-	4	(0,24,82,20,0)	(32,126,51,1)	(64,50,6)	(37,8)	(739,123,104,0,24,0,0,0,18,4,0)	no	(0-9,3-5,4-6,7-8)(1-9,5-7,6-8)(2-9)(7-9)(8-9)	-
751	120	10	(10,5,1)	-	4	(0,24,82,20,0)	(32,128,48,2)	(62,53,5)	(37,8)	(770,92,77,30,23,0,0,0,16,2,0)	no	(0-9,5-6,7-8)(1-9,3-8,4-6,5-7)(2-9)(7-9)(8-9)	-
752	372	10	(10,5,1)	-	4	(0,24,82,20,0)	(32,128,49,1)	(64,52,4)	(38,7)	(704,185,70,15,7,8,0,7,12,3,0)	yes	(0-9,4-5,7-8)(1-9,3-8,5-6)(2-9,6-7)(4-9)(8-9)	-
753	352	10	(10,5,1)	-	4	(0,24,82,20,0)	(32,128,49,1)	(66,49,5)	(38,7)	(707,184,67,15,8,8,0,7,10,4,0)	no	(0-9,4-6,5-8)(1-9,3-5,7-8)(2-9,6-7)(4-9)(8-9)	-
754	542	10	(10,5,1)	-	4	(0,24,82,20,0)	(32,130,47,1)	(68,48,4)	(39,6)	(673,247,30,30,0,0,15,0,11,3,0)	no	(0-9,3-7,4-8,5-6)(1-9,5-7,6-8)(2-9)(3-9)(4-9)	-
755	28	10	(10,4,1)	-	4	(0,24,84,16,2)	(32,124,52,2)	(56,60,4)	(36,9)	(820,46,96,0,16,15,0,0,6,0,0)	no	(0-9,1-8,6-7)(2-8,5-7,6-9)(3-8,4-6,7-9)(8-9)	-
756	76	10	(10,4,1)	-	4	(0,24,84,17,1)	(32,128,48,2)	(60,56,4)	(37,8)	(788,92,78,16,0,8,0,0,15,4,0)	no	(0-9,5-6,7-8)(1-9,4-8,6-7)(2-9,3-7,6-8)(5-9)	-
757	56	10	(10,4,1)	-	4	(0,24,92,8,2)	(32,136,40,2)	(64,52,4)	(38,7)	(734,160,46,14,32,0,0,0,14,12,0)	no	(0-9,1-8,4-6,5-7)(2-8,4-9,6-7)(3-8,5-9)(8-9)	-
758	176	10	(10,4,1)	-	4	(0,24,92,9,1)	(32,138,39,1)	(66,50,4)	(38,7)	(728,153,68,16,8,14,8,0,12,5,0)	no	(0-9,4-8,5-7)(1-9,5-8,6-7)(2-9,3-8,4-6)(7-9)	-
759	352	10	(10,4,1)	-	4	(0,24,92,9,1)	(32,140,37,1)	(68,48,4)	(38,7)	(719,178,54,22,0,15,0,0,19,3,0)	no	(0-9,4-5,7-8)(1-9,4-8,6-7)(2-9,3-8,5-6)(7-9)	-
760	154	10	(10,4,1)	-	4	(0,24,92,9,1)	(32,142,34,2)	(70,46,4)	(39,6)	(697,200,43,40,7,0,0,8,10,4,0)	no	(0-9,3-8,4-6,5-7)(1-9,4-8,6-7)(2-9,5-8)(3-9)	-
761	44	10	(10,5,1)	-	4	(0,36,58,31,1)	(36,114,57,3)	(60,55,5)	(37,8)	(817,64,56,0,42,0,0,0,26,0,0)	no	(0-9,2-6,7-8)(1-9,3-7,4-8)(5-8,6-9)(7-9)(8-9)	-
762	120	10	(10,5,2)	-	4	(0,36,58,31,1)	(44,106,57,3)	(68,47,5)	(39,6)	(807,62,70,0,31,0,18,0,16,0,0)	yes	(0-9,2-7,3-4,5-8)(1-9,6-8)(4-9,7-8)(5-9)(6-9)	-
763	176	10	(10,5,1)	-	4	(0,36,58,31,1)	(44,108,55,3)	(70,46,4)	(40,5)	(794,87,46,23,12,8,14,0,16,0,0)	no	(0-9,3-6,4-7,5-8)(1-9,7-8)(2-8,4-9)(5-9)(6-9)	-
764	16	10	(10,4,1)	-	4	(0,36,60,30,0)	(36,120,53,1)	(60,58,2)	(37,8)	(843,48,30,0,47,16,0,0,24,0,0)	yes	(1-9,5-7,6-8)(2-9,4-6,7-8)(0-8,6-9)(3-8,7-9)	-
765	72	10	(10,4,1)	-	4	(0,36,62,28,0)	(36,120,54,0)	(62,56,2)	(38,7)	(784,88,32,24,60,0,0,0,16,6,0)	no	(1-8,5-6,7-9)(0-7,2-8,6-9)(3-9,5-8)(4-9,7-8)	-
766	63	10	(10,4,1)	-	4	(0,36,62,28,0)	(36,120,54,0)	(64,54,2)	(39,6)	(756,112,33,16,84,0,0,0,0,0,14)	yes	(0-8,4-6,7-9)(1-8,5-7,6-9)(2-9,4-8)(3-9,5-8)	-
767	120	10	(10,4,1)	-	4	(0,36,62,28,0)	(44,110,55,1)	(68,48,4)	(39,6)	(793,60,86,0,51,0,0,0,6,2,7)	yes	(1-9,4-5,7-8)(0-7,5-9,6-8)(2-8,6-9)(3-8,7-9)	-
768	176	10	(10,4,1)	-	4	(0,36,62,28,0)	(44,112,53,1)	(70,47,3)	(40,5)	(776,89,58,27,36,0,0,0,6,5,4)	no	(0-9,3-5,4-8,6-7)(4-9,7-8)(1-8,5-9)(2-8,6-9)	-
769	72	10	(10,4,1)	-	4	(0,36,64,25,1)	(44,112,53,1)	(68,49,3)	(39,6)	(812,48,60,0,52,14,4,0,17,0,0)	yes	(0-8,2-6,3-7,4-9)(4-8,5-9)(1-8,6-9)(5-8,7-9)	-
770	28	10	(10,5,1)	-	4	(0,36,70,17,3)	(36,126,44,4)	(60,58,2)	(37,8)	(839,48,64,0,22,16,0,0,22,0,0)	no	(0-9,2-6,7-8)(1-9,3-6,4-7,5-8)(6-9)(7-9)(8-9)	-
771	56	10	(10,5,1)	-	4	(0,36,70,17,3)	(36,132,38,4)	(66,52,2)	(39,6)	(733,176,16,16,52,0,0,0,16,0,0)	no	(0-9,2-8,4-6,5-7)(1-9,3-8,6-7)(4-9)(5-9)(8-9)	-
772	76	10	(10,5,1)	-	4	(0,36,70,17,3)	(44,122,40,4)	(68,50,2)	(39,6)	(806,44,86,0,44,14,0,0,6,4,7)	no	(0-9,5-6,7-8)(1-9,2-6,3-7,4-8)(5-9)(7-9)(8-9)	-
773	154	10	(10,5,1)	-	4	(0,36,70,17,3)	(44,124,38,4)	(74,44,2)	(41,4)	(727,164,39,14,40,0,0,0,8,8,7)	no	(0-9,3-6,4-7,5-8)(1-9,2-6,7-8)(3-9)(4-9)(5-9)	-
774	25	10	(10,4,1)	-	4	(0,36,70,19,1)	(36,126,48,0)	(60,58,2)	(37,8)	(814,64,64,0,43,0,0,0,20,0,0)	yes	(2-8,4-6,7-9)(0-9,3-8,6-7)(1-9,5-7,6-8)(8-9)	-
775	28	10	(10,4,1)	-	4	(0,36,70,20,0)	(36,126,47,1)	(60,56,4)	(37,8)	(819,64,62,0,33,0,0,0,24,0,0)	no	(0-6,1-7,8-9)(2-8,3-9,6-7)(4-9,7-8)(5-8,7-9)	-
776	120	10	(10,4,2)	-	4	(0,36,71,19,0)	(36,132,41,1)	(65,52,3)	(38,7)	(778,108,53,0,37,14,0,0,8,4,3)	yes	(3-8,5-9,6-7)(0-9,2-6,4-8,5-7)(1-9,7-8)(8-9)	-
777	44	10	(10,4,1)	-	4	(0,36,72,17,1)	(36,132,40,2)	(60,58,2)	(37,8)	(821,64,56,0,44,0,0,0,18,0,6)	no	(0-9,3-7,6-8)(1-8,4-7,6-9)(2-8,5-6,7-9)(8-9)	-
778	66	10	(10,3,1)	-	4	(0,36,72,18,0)	(36,138,34,2)	(66,52,2)	(38,7)	(798,100,48,0,24,18,0,0,6,0,8)	yes	(0-6,4-8,7-9)(1-6,2-7,4-9,5-8)(3-7,5-9,6-8)	-
779	132	10	(10,4,1)	-	4	(0,36,73,17,0)	(36,132,42,0)	(63,55,2)	(38,7)	(766,124,49,0,44,0,6,0,15,0,0)	no	(3-8,5-7,6-9)(0-7,1-9,4-8,5-6)(2-9,7-8)(8-9)	-
780	120	10	(10,4,2)	-	4	(0,36,74,15,1)	(44,122,43,1)	(68,49,3)	(39,6)	(802,60,80,0,33,0,14,0,12,2,0)	yes	(0-9,4-8,6-7)(1-9,2-6,3-7,5-8)(4-9,7-8)(5-9)	-
781	66	10	(10,3,1)	-	4	(0,36,74,16,0)	(36,138,34,2)	(68,50,2)	(38,7)	(815,89,40,9,20,22,0,0,8,0,0)	no	(3-6,5-8,7-9)(1-5,6-9,7-8)(0-7,2-5,4-6,8-9)	-
782	120	10	(10,4,1)	-	4	(0,36,74,16,0)	(36,138,35,1)	(68,49,3)	(38,7)	(778,109,49,0,37,15,7,0,11,0,3)	no	(0-9,2-8,4-5,6-7)(1-9,5-7,6-8)(3-8,6-9)(7-9)	-
783	176	10	(10,4,1)	-	4	(0,36,74,16,0)	(36,138,35,1)	(68,50,2)	(39,6)	(742,166,21,0,45,20,0,0,7,4,3)	no	(0-9,2-8,4-6,5-7)(1-9,7-8)(3-8,4-9,6-7)(5-9)	-
784	132	10	(10,4,1)	-	4	(0,36,74,16,0)	(44,126,40,0)	(68,51,1)	(39,6)	(796,60,84,0,39,0,8,0,15,2,4)	no	(0-9,5-7,6-8)(1-9,3-6,7-8)(2-8,4-7,5-9)(6-9)	-
785	372	10	(10,4,1)	-	4	(0,36,75,15,0)	(44,128,38,0)	(71,48,1)	(40,5)	(752,120,76,0,31,4,7,0,8,3,1)	yes	(0-9,5-8,6-7)(1-9,4-6,7-8)(2-8,3-7,4-9)(5-9)	-
786	352	10	(10,4,1)	-	4	(0,36,75,15,0)	(44,128,38,0)	(73,45,2)	(40,5)	(761,108,81,0,24,16,0,0,6,1,2)	no	(0-9,2-6,4-8,5-7)(1-9,7-8)(3-8,4-9,6-7)(5-9)	-
787	76	10	(10,4,1)	-	4	(0,36,76,14,0)	(36,138,35,1)	(66,51,3)	(38,7)	(778,109,41,9,42,0,6,0,17,0,0)	no	(2-9,5-6,7-8)(0-6,1-8,3-9,5-7)(4-8,7-9)(8-9)	-
788	194	10	(10,4,1)	-	4	(0,36,76,14,0)	(36,138,36,0)	(68,50,2)	(39,6)	(720,200,9,0,58,6,0,0,0,8,6)	yes	(2-8,4-6,5-9)(0-9,3-8,5-7)(1-9,4-8,6-7)(8-9)	-
789	120	10	(10,4,1)	-	4	(0,36,77,12,1)	(36,138,35,1)	(65,53,2)	(38,7)	(787,100,44,12,37,10,0,0,11,0,3)	no	(0-9,5-8,6-7)(1-9,2-8,4-6,5-7)(3-8,6-9)(7-9)	-
790	352	10	(10,4,1)	-	4	(0,36,77,13,0)	(36,144,29,1)	(71,47,2)	(39,6)	(733,183,12,0,42,25,0,0,3,10,0)	no	(0-9,4-5,7-8)(1-9,2-8,6-7)(3-8,4-9,5-6)(7-9)	-
791	76	10	(10,4,1)	-	4	(0,36,78,10,2)	(44,130,34,2)	(68,51,1)	(39,6)	(820,42,84,0,18,20,0,0,12,0,12)	no	(0-9,5-8,6-7)(1-8,3-6,4-7,5-9)(2-8,6-9)(7-9)	-
792	372	10	(10,4,1)	-	4	(0,36,78,12,0)	(44,132,34,0)	(72,47,1)	(40,5)	(756,104,90,9,15,6,3,0,21,1,0)	yes	(0-9,4-8,6-7)(1-9,3-7,5-8)(2-8,4-9,5-6)(7-9)	-
793	352	10	(10,4,1)	-	4	(0,36,78,12,0)	(44,132,34,0)	(74,44,2)	(40,5)	(758,107,83,11,17,0,7,0,15,4,2)	no	(0-9,3-6,4-8,5-7)(1-9,2-8,6-7)(4-9,5-8)(7-9)	-
794	328	10	(10,4,2)	-	4	(0,36,79,10,1)	(44,132,33,1)	(73,45,2)	(40,5)	(767,96,70,24,21,4,6,0,10,0,5)	yes	(0-9,2-5,3-8,6-7)(1-9,4-8,5-6)(3-9,7-8)(4-9)	-
795	1052	10	(10,4,1)	-	4	(0,36,79,11,0)	(44,136,30,0)	(77,42,1)	(41,4)	(712,188,45,11,24,3,0,7,5,3,1)	no	(0-9,3-7,4-8,5-6)(1-9,5-7,6-8)(2-8,3-9)(4-9)	-
796	154	10	(10,4,1)	-	4	(0,36,80,8,2)	(44,136,28,2)	(76,43,1)	(41,4)	(749,142,39,14,22,18,0,0,8,12,7)	no	(0-9,3-8,4-6,5-7)(1-8,3-9,6-7)(2-8,4-9)(5-9)	-
797	300	10	(10,4,1)	-	4	(0,36,84,5,1)	(48,130,31,1)	(74,42,4)	(39,6)	(699,202,31,39,14,0,8,0,11,8,0)	yes	(0-9,3-8,4-7,5-6)(1-9,3-6,4-8,5-7)(2-9)(8-9)	-
798	42	10	(10,5,1)	-	4	(0,40,56,28,2)	(48,108,50,4)	(72,44,4)	(40,5)	(850,42,28,0,40,14,0,0,28,0,0)	yes	(0-9,2-6,3-7,4-8)(4-9,5-8)(1-8,5-9)(6-9)(7-9)	-
799	66	10	(10,4,1)	-	4	(0,40,56,30,0)	(48,108,52,2)	(72,44,4)	(40,5)	(816,56,60,0,46,0,0,0,16,4,0)	yes	(0-9,2-6,3-7,4-8)(4-9,5-8)(5-9,6-8)(1-8,7-9)	-
800	72	10	(10,4,1)	-	4	(0,40,72,12,2)	(48,124,36,2)	(72,46,2)	(40,5)	(824,52,52,0,40,5,4,0,24,2,6)	yes	(0-9,4-8,6-7)(2-6,3-7,4-9,5-8)(1-8,5-9)(7-9)	-
801	196	10	(10,4,1)	-	4	(0,40,74,10,2)	(48,130,30,2)	(76,43,1)	(41,4)	(789,94,38,14,37,10,0,0,10,6,5)	yes	(0-9,1-7,3-6,4-8)(3-9,5-8,6-7)(2-8,4-9)(5-9)	-
802	72	10	(10,4,1)	-	4	(0,48,52,25,1)	(48,118,40,4)	(70,46,4)	(39,6)	(809,56,70,0,42,8,0,0,13,0,3)	yes	(0-9,2-8,3-4,5-7)(1-9,5-8,6-7)(4-9,6-8)(7-9)	-
803	76	10	(10,4,1)	-	4	(0,48,52,25,1)	(56,110,40,4)	(74,42,4)	(39,6)	(815,52,74,0,34,8,0,0,16,4,4)	no	(0-9,2-5,4-8,6-7)(1-9,3-7,6-8)(5-9,7-8)(6-9)	-
804	120	10	(10,5,1)	-	4	(0,48,54,23,1)	(56,108,43,3)	(74,41,5)	(39,6)	(802,60,77,0,37,0,7,0,14,4,6)	no	(0-9,2-6,4-5,7-8)(1-9,3-8,6-7)(5-9)(7-9)(8-9)	-
805	352	10	(10,5,1)	-	4	(0,48,54,23,1)	(56,110,41,3)	(76,40,4)	(40,5)	(785,80,53,29,31,4,0,3,16,0,2)	no	(0-9,2-5,4-6,7-8)(1-9,3-8,6-7)(4-9)(5-9)(8-9)	-
806	300	10	(10,5,1)	-	4	(0,48,54,23,1)	(60,106,41,3)	(80,36,4)	(41,4)	(774,102,30,48,24,0,0,4,15,0,2)	yes	(0-9,2-3,4-6,5-7)(1-9,6-8)(3-9,7-8)(4-9)(5-9)	-
807	120	10	(10,4,2)	-	4	(0,48,56,22,0)	(48,122,38,2)	(70,47,3)	(39,6)	(812,60,68,0,36,0,9,0,10,4,11)	yes	(0-7,2-6,3-8,5-9)(4-8,5-7,6-9)(1-9,7-8)(8-9)	-
808	120	10	(10,4,2)	-	4	(0,48,60,17,1)	(48,126,34,2)	(70,48,2)	(39,6)	(799,64,80,0,37,0,8,0,12,0,6)	yes	(0-9,1-6,2-7,4-8)(3-7,4-9,5-8)(5-9,6-8)(7-9)	-
809	120	10	(10,4,1)	-	4	(0,48,60,18,0)	(56,118,34,2)	(74,43,3)	(39,6)	(811,52,75,0,36,8,6,0,10,4,6)	no	(0-9,1-8,4-5,6-7)(3-7,5-9,6-8)(2-8,6-9)(7-9)	-
810	120	10	(10,4,1)	-	4	(0,48,62,15,1)	(48,128,32,2)	(70,48,2)	(39,6)	(796,60,78,0,44,0,10,0,16,4,0)	no	(1-9,5-6,7-8)(0-7,2-8,4-6,5-9)(3-8,7-9)(8-9)	-
811	64	10	(10,4,1)	-	4	(0,48,62,15,1)	(48,128,32,2)	(70,48,2)	(39,6)	(818,56,64,0,40,4,0,0,10,0,12)	yes	(0-8,1-6,2-7,4-9)(3-7,4-8,5-9)(5-8,6-9)(7-9)	-
812	72	10	(10,3,1)	-	4	(0,48,62,15,1)	(48,132,27,3)	(70,49,1)	(39,6)	(819,56,63,0,42,8,6,0,9,0,5)	yes	(0-8,1-7,3-6,4-9)(4-8,5-9,6-7)(2-7,5-8,6-9)	-
813	120	10	(10,4,1)	-	4	(0,48,62,15,1)	(56,116,37,1)	(74,43,3)	(39,6)	(805,60,76,0,30,0,16,0,13,4,2)	no	(0-9,5-8,6-7)(1-9,3-7,4-5,6-8)(2-8,6-9)(7-9)	-
814	132	10	(10,4,1)	-	4	(0,48,62,16,0)	(48,128,34,0)	(70,49,1)	(39,6)	(800,60,80,0,41,0,9,0,10,4,0)	no	(0-9,5-7,6-8)(1-9,2-8,3-7,4-6)(5-8,6-9)(7-9)	-
815	120	10	(10,4,1)	-	4	(0,48,62,16,0)	(56,116,37,1)	(74,42,4)	(39,6)	(793,60,82,0,44,0,4,0,19,4,4)	no	(0-6,1-9,3-5,7-8)(2-9,5-7,6-8)(4-8,7-9)(8-9)	-
816	352	10	(10,4,1)	-	4	(0,48,62,16,0)	(56,118,35,1)	(76,41,3)	(40,5)	(770,85,70,21,35,5,3,3,4,5,4)	no	(0-9,3-4,5-7,6-8)(1-8,4-9,6-7)(2-8,5-9)(8-9)	-
817	176	10	(10,4,1)	-	4	(0,48,63,14,1)	(48,132,28,2)	(73,46,1)	(40,5)	(769,112,50,0,41,16,6,0,9,0,6)	no	(0-9,2-7,4-8,5-6)(3-7,4-9,6-8)(1-8,5-9)(7-9)	-
818	372	10	(10,4,1)	-	4	(0,48,63,15,0)	(48,130,32,0)	(73,46,1)	(40,5)	(756,108,60,14,52,3,0,0,8,0,7)	yes	(0-9,5-8,6-7)(1-9,3-7,4-5,6-8)(2-8,4-9)(7-9)	-
819	328	10	(10,4,2)	-	4	(0,48,63,15,0)	(56,120,33,1)	(77,40,3)	(40,5)	(755,100,76,14,39,7,2,0,6,4,4)	yes	(0-9,2-6,3-5,7-8)(1-9,4-8,6-7)(4-9,5-8)(7-9)	-
820	352	10	(10,4,1)	-	4	(0,48,63,15,0)	(56,120,34,0)	(77,41,2)	(40,5)	(764,102,69,14,22,9,14,0,5,0,2)	no	(0-9,2-6,4-8,5-7)(1-9,3-7,6-8)(4-9,5-8)(7-9)	-
821	120	10	(10,4,1)	-	4	(0,48,64,13,1)	(56,118,36,0)	(74,44,2)	(39,6)	(801,64,70,0,35,0,18,0,21,0,0)	yes	(0-9,3-5,4-7,6-8)(1-9,5-6,7-8)(2-8,6-9)(7-9)	-
822	372	10	(10,4,1)	-	4	(0,48,64,14,0)	(56,122,32,0)	(76,43,1)	(40,5)	(764,90,69,21,34,3,9,3,15,1,1)	yes	(0-9,4-6,7-8)(1-9,3-7,5-8)(2-8,4-9,5-6)(7-9)	-
823	484	10	(10,4,1)	-	4	(0,48,64,14,0)	(56,124,29,1)	(80,38,2)	(41,4)	(730,145,48,28,30,6,0,0,9,8,5)	no	(0-9,3-7,4-8,5-6)(1-9,2-5,6-8)(3-9,7-8)(4-9)	-
824	352	10	(10,4,1)	-	4	(0,48,65,13,0)	(56,122,32,0)	(77,41,2)	(40,5)	(758,102,61,14,48,5,2,0,15,3,3)	no	(0-9,3-6,4-5,7-8)(1-9,5-8,6-7)(2-8,4-9)(7-9)	-
825	1052	10	(10,4,1)	-	4	(0,48,65,13,0)	(56,124,30,0)	(79,40,1)	(41,4)	(730,134,51,35,36,7,0,0,5,10,1)	no	(0-9,3-7,4-6,5-8)(1-9,5-6,7-8)(2-8,3-9)(4-9)	-
826	984	10	(10,4,1)	-	4	(0,48,65,13,0)	(60,118,32,0)	(81,37,2)	(41,4)	(738,131,52,36,24,6,2,0,6,10,1)	yes	(0-9,2-5,3-8,4-7)(1-9,5-8,6-7)(3-9,6-8)(4-9)	-
827	196	10	(10,3,2)	-	4	(0,48,66,11,1)	(48,136,24,2)	(74,45,1)	(40,5)	(779,84,70,14,27,16,0,0,4,7,6)	yes	(0-9,3-4,5-7,6-8)(1-9,4-7,5-8)(2-8,3-9,6-7)	-
828	72	10	(10,3,1)	-	4	(0,48,66,12,0)	(56,124,28,2)	(74,45,1)	(39,6)	(839,48,59,0,30,8,6,0,4,0,8)	yes	(4-7,5-9,6-8)(1-5,6-9,7-8)(0-8,2-5,3-6,7-9)	-
829	328	10	(10,3,3)	-	4	(0,48,67,10,1)	(56,124,29,1)	(77,41,2)	(40,5)	(768,100,69,9,24,12,8,3,12,0,3)	yes	(0-9,2-6,3-7,4-8)(3-9,4-7,5-8)(1-9,5-7,6-8)	-
830	352	10	(10,3,1)	-	4	(0,48,68,10,0)	(48,140,21,1)	(76,43,1)	(40,5)	(782,89,59,11,27,20,7,0,9,0,3)	no	(0-9,1-6,4-8,5-7)(3-8,4-9,6-7)(2-6,5-9,7-8)	-
831	194	10	(10,3,1)	-	4	(0,48,70,8,0)	(56,132,21,1)	(78,41,1)	(40,5)	(769,91,74,18,20,5,6,0,18,4,6)	no	(4-8,5-9,6-7)(1-9,2-7,4-5,6-8)(0-8,3-7,6-9)	-
832	484	10	(10,3,1)	-	4	(0,48,71,6,1)	(56,132,21,1)	(81,38,1)	(41,4)	(746,131,48,17,20,29,4,0,5,5,2)	no	(0-9,3-7,4-6,5-8)(3-9,4-7,6-8)(1-9,2-8,5-7)	-
833	194	10	(10,4,1)	-	4	(0,52,54,20,0)	(60,114,35,1)	(80,38,2)	(41,4)	(809,59,70,0,17,4,34,0,4,0,4)	no	(0-9,3-4,5-7,6-8)(4-9,7-8)(1-7,2-8,5-9)(6-9)	-
834	328	10	(10,4,2)	-	4	(0,52,58,15,1)	(60,118,30,2)	(80,38,2)	(41,4)	(781,58,97,0,38,4,15,0,9,1,1)	yes	(0-9,1-7,3-8,5-6)(2-6,3-9,4-8)(4-9,7-8)(5-9)	-
835	352	10	(10,4,1)	-	4	(0,52,58,16,0)	(60,118,31,1)	(80,38,2)	(41,4)	(796,55,83,4,38,0,7,4,11,0,6)	no	(0-9,2-5,4-8,6-7)(1-8,3-7,4-9)(5-9,6-8)(7-9)	-
836	484	10	(10,4,1)	-	4	(0,52,59,14,1)	(60,122,26,2)	(83,36,1)	(42,3)	(756,105,73,0,30,15,8,0,13,5,0)	no	(0-9,3-7,4-6,5-8)(1-7,3-9,6-8)(2-8,4-9)(5-9)	-
837	198	10	(10,3,1)	-	4	(0,52,64,10,0)	(60,126,24,0)	(80,40,0)	(41,4)	(799,54,80,4,28,0,26,4,14,1,0)	yes	(0-9,1-6,4-7,5-8)(3-8,4-9,6-7)(2-7,5-9,6-8)	-
838	542	10	(10,3,1)	-	4	(0,52,66,8,0)	(60,130,20,0)	(84,36,0)	(42,3)	(757,89,86,26,18,0,10,5,8,0,6)	no	(1-7,3-4,5-9,6-8)(3-7,4-8,6-9)(0-9,2-8,5-7)	-
839	328	10	(10,4,2)	-	4	(0,56,52,18,0)	(64,114,30,2)	(82,35,3)	(41,4)	(795,52,80,4,39,2,15,2,12,2,3)	yes	(0-9,2-5,3-8,6-7)(1-7,3-9,4-8)(4-9,6-8)(5-9)	-
840	180	10	(10,4,1)	-	4	(0,56,54,15,1)	(64,116,28,2)	(82,36,2)	(41,4)	(799,52,76,0,36,8,24,0,7,0,2)	yes	(0-7,2-6,3-9,4-8)(3-7,4-9,5-8)(1-8,5-9)(6-9)	-
841	984	10	(10,4,1)	-	4	(0,56,54,16,0)	(68,112,29,1)	(86,32,2)	(42,3)	(779,81,54,28,25,3,12,7,12,0,4)	yes	(0-9,1-5,3-8,4-6)(3-9,7-8)(2-8,4-9,6-7)(5-9)	-
842	196	10	(10,3,2)	-	4	(0,56,56,13,1)	(64,118,26,2)	(82,36,2)	(41,4)	(811,48,63,4,36,4,21,4,13,2,2)	yes	(0-6,1-9,3-7,5-8)(3-9,4-7,6-8)(2-8,4-9,5-7)	-
843	528	10	(10,3,1)	-	4	(0,56,61,9,0)	(68,120,22,0)	(87,32,1)	(42,3)	(769,98,60,6,25,14,10,6,19,0,1)	yes	(0-6,3-7,4-9,5-8)(2-9,3-8,4-7)(1-8,5-9,6-7)	-
844	72	10	(10,4,1)	-	4	(0,60,48,18,0)	(60,118,31,1)	(74,44,2)	(39,6)	(806,56,74,0,45,8,0,0,12,0,0)	yes	(0-9,2-5,4-7,6-8)(1-9,3-6,7-8)(5-8,6-9)(7-9)	-
845	76	10	(10,3,1)	-	4	(0,60,50,15,1)	(60,120,27,3)	(74,45,1)	(39,6)	(833,56,63,0,22,8,6,0,18,0,1)	no	(0-5,2-6,4-8,7-9)(3-7,5-6,8-9)(1-5,6-9,7-8)	-
846	120	10	(10,4,1)	-	4	(0,60,50,15,1)	(60,120,28,2)	(74,44,2)	(39,6)	(802,64,74,0,39,0,14,0,11,0,4)	no	(0-9,1-5,2-8,6-7)(3-8,4-7,6-9)(5-6,7-9)(8-9)	-
847	328	10	(10,3,2)	-	4	(0,60,50,16,0)	(60,124,24,2)	(78,40,2)	(40,5)	(776,86,68,23,21,7,4,0,15,2,6)	yes	(0-6,3-4,5-7,8-9)(2-8,4-9,6-7)(1-6,5-8,7-9)	-
848	172	10	(10,3,1)	-	4	(0,60,51,15,0)	(68,112,29,1)	(81,36,3)	(40,5)	(771,84,76,24,19,12,6,0,12,0,2)	yes	(2-6,4-9,7-8)(0-7,3-4,5-9,6-8)(1-7,5-8,6-9)	-
849	72	10	(10,4,1)	-	4	(0,60,52,13,1)	(68,106,35,1)	(74,43,3)	(39,6)	(806,56,74,0,42,8,0,0,12,0,3)	no	(4-6,5-9,7-8)(0-7,1-8,3-5,6-9)(2-8,7-9)(8-9)	-
850	352	10	(10,4,1)	-	4	(0,60,52,14,0)	(68,110,32,0)	(78,40,2)	(40,5)	(761,99,80,14,27,3,0,0,13,1,2)	no	(0-9,2-6,4-5,7-8)(1-9,3-7,5-8)(4-9,6-8)(7-9)	-
851	182	10	(10,3,1)	-	4	(0,60,52,14,0)	(68,114,27,1)	(82,35,3)	(40,5)	(760,109,68,0,44,11,0,0,10,4,2)	no	(2-4,3-5,6-7,8-9)(0-6,5-9,7-8)(1-6,4-8,7-9)	-
852	328	10	(10,3,1)	-	4	(0,60,52,14,0)	(68,116,24,2)	(80,38,2)	(40,5)	(785,81,61,22,23,15,3,0,11,2,5)	no	(0-8,3-5,4-9,6-7)(4-5,6-8,7-9)(1-8,2-7,6-9)	-
853	300	10	(10,4,1)	-	4	(0,60,52,14,0)	(72,106,32,0)	(82,36,2)	(41,4)	(738,124,78,20,18,4,3,4,2,8,5)	yes	(0-9,3-6,4-7,5-8)(1-9,2-5,6-8)(3-9,7-8)(4-9)	-
854	352	10	(10,4,1)	-	4	(0,60,53,12,1)	(60,126,22,2)	(77,42,1)	(40,5)	(766,104,62,16,32,8,3,0,7,0,11)	no	(0-9,1-8,4-5,6-7)(2-8,3-7,4-9,5-6)(7-9)(8-9)	-
855	198	10	(10,4,1)	-	4	(0,60,53,13,0)	(60,124,26,0)	(77,42,1)	(40,5)	(750,124,64,0,51,0,0,0,8,0,6)	yes	(0-9,4-7,5-8)(1-9,2-7,3-8,4-6)(5-6,7-9)(8-9)	-
856	72	10	(10,4,1)	-	4	(0,60,54,11,1)	(68,112,28,2)	(74,44,2)	(39,6)	(823,48,68,0,26,16,0,0,17,0,12)	no	(1-6,5-9,7-8)(0-5,3-7,4-8,6-9)(2-6,7-9)(8-9)	-
857	208	10	(10,3,1)	-	4	(0,60,54,11,1)	(68,116,24,2)	(78,41,1)	(40,5)	(788,84,70,14,8,15,0,0,15,4,10)	no	(4-9,5-8,6-7)(0-8,3-7,4-5,6-9)(1-8,2-6,7-9)	-
858	194	10	(10,3,1)	-	4	(0,60,54,12,0)	(60,128,21,1)	(78,41,1)	(40,5)	(782,91,66,18,14,5,6,0,10,7,6)	no	(0-6,4-9,7-8)(1-6,3-8,4-7,5-9)(2-7,5-8,6-9)	-
859	328	10	(10,4,1)	-	4	(0,60,54,12,0)	(68,114,27,1)	(80,37,3)	(40,5)	(755,107,69,11,37,0,10,3,11,2,6)	no	(0-9,3-6,4-5,7-8)(1-9,2-5,4-7,6-8)(7-9)(8-9)	-
860	328	10	(10,4,1)	-	4	(0,60,55,10,1)	(68,114,27,1)	(79,39,2)	(40,5)	(773,88,62,24,30,10,3,0,9,0,4)	no	(0-9,3-6,4-5,7-8)(1-9,2-8,4-6,5-7)(7-9)(8-9)	-
861	328	10	(10,3,1)	-	4	(0,60,55,10,1)	(68,114,27,1)	(79,39,2)	(40,5)	(775,92,66,14,23,16,4,0,9,0,9)	no	(4-9,5-8,6-7)(0-8,3-4,5-7,6-9)(1-8,2-6,7-9)	-
862	352	10	(10,4,1)	-	4	(0,60,55,11,0)	(68,114,28,0)	(79,39,2)	(40,5)	(758,98,70,16,41,6,3,0,10,6,0)	no	(0-9,3-6,4-8,5-7)(1-9,2-8,4-5,6-7)(7-9)(8-9)	-
863	968	10	(10,4,1)	-	4	(0,60,55,11,0)	(68,118,23,1)	(83,35,2)	(41,4)	(727,141,59,26,24,12,2,3,4,4,6)	no	(0-9,3-4,5-8,6-7)(1-9,2-7,4-5,6-8)(3-9)(8-9)	-
864	1052	10	(10,4,1)	-	4	(0,60,56,10,0)	(68,118,24,0)	(82,37,1)	(41,4)	(718,158,58,12,34,8,2,0,10,8,2)	no	(0-9,3-4,5-6,7-8)(1-9,2-8,4-5,6-7)(3-9)(8-9)	-
865	984	10	(10,4,1)	-	4	(0,60,56,10,0)	(72,112,26,0)	(84,34,2)	(41,4)	(732,135,57,29,23,10,2,0,9,13,1)	yes	(0-9,2-7,3-4,6-8)(1-9,4-5,7-8)(3-9,5-6)(8-9)	-
866	352	10	(10,3,1)	-	4	(0,60,57,9,0)	(68,120,21,1)	(79,40,1)	(40,5)	(769,96,68,12,23,14,7,4,11,0,5)	no	(3-6,5-8,7-9)(1-7,4-9,6-8)(0-8,2-7,4-5,6-9)	-
867	1498	10	(10,4,1)	-	4	(0,60,57,9,0)	(74,113,23,0)	(87,32,1)	(42,3)	(695,192,43,14,41,4,1,0,8,6,2)	yes	(0-9,2-7,3-8,4-5)(1-9,4-6,5-7)(2-9,6-8)(3-9)	-
868	968	10	(10,3,1)	-	4	(0,60,59,6,1)	(68,122,19,1)	(83,36,1)	(41,4)	(743,134,49,24,20,19,0,3,9,3,5)	no	(0-9,3-7,4-5,6-8)(2-8,3-9,4-7,5-6)(1-9,7-8)	-
869	196	10	(10,3,1)	-	4	(0,64,46,15,1)	(64,122,21,3)	(80,39,1)	(41,4)	(795,56,79,0,40,7,15,0,11,0,3)	yes	(1-9,2-8,3-6,4-7)(0-6,3-8,4-9,5-7)(5-9,7-8)	-
870	107	10	(10,3,1)	-	4	(0,64,50,12,0)	(64,124,22,0)	(80,40,0)	(41,4)	(781,63,96,0,40,0,8,0,16,0,0)	yes	(0-6,3-8,4-9,5-7)(1-7,4-6,8-9)(2-9,5-8,6-7)	-
871	300	10	(10,4,1)	-	4	(0,66,47,12,1)	(66,123,19,2)	(82,37,1)	(41,4)	(738,152,32,8,57,0,12,0,1,0,8)	yes	(0-9,1-8,3-6,4-7)(2-8,3-9,5-6)(4-9,5-7)(8-9)	-
872	984	10	(10,3,1)	-	4	(0,66,50,10,0)	(66,127,16,1)	(83,36,1)	(41,4)	(741,142,37,20,35,10,3,8,3,6,7)	yes	(0-9,3-7,4-5,6-8)(1-9,3-8,4-7,5-6)(2-8,7-9)	-
873	300	10	(10,3,1)	-	4	(0,66,51,9,0)	(74,117,18,1)	(84,35,1)	(41,4)	(744,110,83,10,14,30,4,4,9,0,5)	yes	(0-9,3-7,4-6,5-8)(1-9,3-5,4-7,6-8)(2-8,7-9)	-
874	984	10	(10,3,1)	-	4	(0,66,52,8,0)	(74,119,16,1)	(85,34,1)	(41,4)	(734,141,54,14,24,22,3,4,7,3,3)	yes	(0-9,3-7,4-5,6-8)(1-9,3-4,5-6,7-8)(2-8,7-9)	-
875	828	10	(10,3,1)	-	4	(0,66,54,5,1)	(78,115,16,1)	(89,30,1)	(42,3)	(723,165,31,20,36,14,4,0,3,8,5)	yes	(0-9,2-8,3-6,4-7)(2-9,3-8,5-6)(1-9,4-8,5-7)	-
876	208	10	(10,3,1)	-	4	(0,68,42,15,1)	(76,110,21,3)	(84,35,1)	(41,4)	(805,48,75,8,39,8,3,0,18,0,4)	no	(2-8,3-5,4-9,6-7)(0-9,1-7,4-5,6-8)(6-9,7-8)	-
877	328	10	(10,4,1)	-	4	(0,68,44,13,1)	(76,108,24,2)	(84,34,2)	(41,4)	(780,62,88,0,48,0,17,0,4,2,6)	no	(0-9,1-6,4-5,7-8)(2-8,3-5,4-9,6-7)(7-9)(8-9)	-
878	968	10	(10,4,1)	-	4	(0,68,45,12,1)	(76,112,20,2)	(87,32,1)	(42,3)	(753,93,80,16,30,13,7,2,5,1,9)	no	(0-9,3-7,4-5,6-8)(1-7,2-8,3-9,5-6)(4-9)(8-9)	-
879	352	10	(10,3,1)	-	4	(0,68,48,10,0)	(76,112,22,0)	(84,35,1)	(41,4)	(787,54,86,8,42,0,15,0,8,2,3)	no	(0-8,1-6,3-4,7-9)(4-9,5-7,6-8)(2-7,5-8,6-9)	-
880	968	10	(10,3,1)	-	4	(0,68,48,10,0)	(76,116,17,1)	(88,31,1)	(42,3)	(762,87,79,18,24,7,9,8,7,0,5)	no	(0-6,3-7,4-9,5-8)(1-9,2-8,3-6,4-7)(5-9,7-8)	-
881	1052	10	(10,3,1)	-	4	(0,68,49,9,0)	(76,116,18,0)	(87,33,0)	(42,3)	(749,106,78,8,29,8,13,2,9,1,4)	no	(0-9,3-4,5-7,6-8)(2-8,3-5,4-9,6-7)(1-7,8-9)	-
882	828	10	(10,4,1)	-	4	(0,70,43,12,1)	(82,107,19,2)	(92,27,1)	(43,2)	(734,134,54,7,42,6,12,8,4,0,3)	yes	(0-9,2-5,3-7,4-8)(1-5,2-9,6-7)(3-9,6-8)(4-9)	-
883	118	10	(10,3,1)	-	4	(0,72,40,13,1)	(80,104,24,2)	(84,34,2)	(41,4)	(809,41,68,8,46,10,8,0,10,4,2)	yes	(0-9,2-6,3-7,5-8)(1-5,3-9,4-7,6-8)(4-9,7-8)	-
884	536	10	(10,3,2)	-	4	(0,72,42,11,1)	(80,110,18,2)	(88,31,1)	(42,3)	(772,79,72,20,22,13,10,0,9,8,4)	yes	(0-9,2-8,4-7,5-6)(1-7,2-9,3-8,4-5)(3-9,6-8)	-
885	532	10	(10,3,1)	-	4	(0,72,42,12,0)	(80,112,17,1)	(90,29,1)	(42,3)	(768,69,100,19,3,14,12,0,17,5,0)	no	(1-8,2-9,3-6,4-7)(0-6,3-7,4-8,5-9)(5-7,8-9)	-
886	984	10	(10,3,1)	-	4	(0,72,45,9,0)	(84,106,20,0)	(89,30,1)	(42,3)	(759,86,77,24,27,9,7,0,12,4,3)	yes	(0-6,3-7,4-9,5-8)(2-8,3-4,5-9,6-7)(1-9,7-8)	-
887	1498	10	(10,3,1)	-	4	(0,72,47,7,0)	(86,109,15,0)	(93,27,0)	(43,2)	(720,146,65,19,21,7,8,4,7,8,0)	yes	(1-8,2-4,3-5,7-9)(2-3,5-8,6-9)(0-9,4-6,7-8)	-
888	107	10	(10,3,1)	-	4	(0,76,36,14,0)	(84,104,21,1)	(88,30,2)	(41,4)	(797,46,82,8,39,3,12,0,19,6,0)	yes	(0-6,2-4,5-9,7-8)(3-5,6-8,7-9)(1-7,4-8,6-9)	-
889	464	10	(10,3,2)	-	4	(0,76,36,14,0)	(84,106,18,2)	(90,28,2)	(42,3)	(764,70,88,26,23,6,12,0,14,0,4)	yes	(0-9,3-8,4-5,6-7)(1-6,2-5,3-9,7-8)(4-8,7-9)	-
890	528	10	(10,3,1)	-	4	(0,76,41,9,0)	(88,104,18,0)	(91,28,1)	(42,3)	(758,88,69,20,38,10,12,0,6,4,0)	yes	(4-8,5-9,6-7)(0-6,2-9,3-4,7-8)(1-8,3-5,7-9)	-
891	776	10	(10,3,1)	-	4	(0,76,42,8,0)	(90,105,15,0)	(94,26,0)	(43,2)	(721,133,68,24,26,14,0,12,4,0,4)	yes	(1-8,2-4,3-5,6-9)(2-6,3-7,4-8,5-9)(0-9,7-8)	-
892	2712	10	(10,3,1)	-	4	(0,78,38,10,0)	(90,105,14,1)	(95,24,1)	(43,2)	(735,116,73,16,30,6,8,12,7,1,3)	yes	(0-9,2-6,3-8,5-7)(1-7,2-9,4-8)(3-9,4-6,5-8)	-
893	154	10	(10,4,1)	-	4<5	(0,60,48,17,1)	(68,112,26,4)	(84,32,4)	(41,4)	(763,100,60,8,38,16,3,0,8,4,8)	no	(0-9,2-3,4-8,5-7)(1-9,4-6,5-8)(3-9,6-7)(8-9)	-
894	154	10	(10,3,1)	-	4<5	(0,72,40,13,1)	(72,120,15,3)	(84,35,1)	(41,4)	(745,120,73,8,37,0,12,0,6,0,7)	no	(0-9,2-8,3-7,4-6)(1-9,3-5,7-8)(4-7,5-6,8-9)	-
895	140	10	(10,4,1)	-	4<5	(0,72,42,11,1)	(80,106,22,2)	(84,34,2)	(41,4)	(776,80,52,36,32,8,0,4,11,0,12)	no	(0-5,1-8,3-9,4-7)(2-8,3-6,4-9)(5-9,6-7)(8-9)	-
896	464	10	(10,3,1)	-	4<5	(0,72,42,12,0)	(80,108,21,1)	(86,32,2)	(41,4)	(749,116,68,18,16,14,7,4,7,4,7)	no	(0-9,2-6,3-8,4-7)(1-9,4-8,5-7)(3-5,6-8,7-9)	-
897	944	10	(10,3,1)	-	4<5	(0,72,43,11,0)	(80,110,19,1)	(87,31,2)	(41,4)	(737,138,54,20,23,17,3,4,4,4,3)	no	(0-9,2-6,3-8,5-7)(1-9,3-4,7-8)(4-5,6-8,7-9)	-
898	420	10	(10,3,1)	-	4<5	(0,72,44,9,1)	(80,112,16,2)	(88,31,1)	(42,3)	(727,146,48,20,37,13,0,4,1,7,4)	no	(0-9,2-3,4-8,5-7)(1-9,3-8,4-6)(2-9,5-8,6-7)	-
899	420	10	(10,3,1)	-	4<5	(0,84,28,13,1)	(92,102,13,3)	(94,25,1)	(43,2)	(737,104,92,15,16,4,22,0,16,0,0)	no	(0-9,2-7,3-8,4-6)(1-7,2-9,3-5,4-8)(5-6,8-9)	-
900	1428	10	(10,3,1)	-	4<5	(0,84,34,8,0)	(92,106,11,1)	(92,27,1)	(42,3)	(712,170,37,25,29,17,8,0,2,6,4)	no	(0-9,2-8,3-7,4-6)(1-9,2-6,3-8,4-5)(5-7,8-9)	-
901	46	10	(10,5,1)	-	5	(16,40,48,20,2)	(80,88,38,4)	(80,36,4)	(40,5)	(852,18,52,0,46,10,0,0,20,0,12)	no	(0-9,3-5,4-6,7-8)(1-7,2-8,5-9)(6-9)(7-9)(8-9)	-
902	91	10	(10,5,1)	-	5	(16,40,48,20,2)	(88,80,38,4)	(88,28,4)	(42,3)	(826,34,30,34,38,6,0,4,28,12,0)	no	(0-9,1-5,2-6,3-7,4-8)(3-9,7-8)(4-9)(5-9)(6-9)	-
903	66	10	(10,4,1)	-	5	(16,40,52,18,0)	(80,92,36,2)	(80,36,4)	(40,5)	(826,23,68,0,60,0,8,0,16,5,0)	no	(1-9,3-5,4-6,7-8)(0-7,5-8,6-9)(2-8,7-9)(8-9)	-
904	72	10	(10,4,1)	-	5	(16,40,52,18,0)	(80,96,32,2)	(80,38,2)	(40,5)	(838,21,56,0,62,3,4,0,22,1,2)	yes	(0-9,2-5,4-7,6-8)(3-6,5-9,7-8)(1-8,6-9)(7-9)	-
905	172	10	(10,4,1)	-	5	(16,40,54,16,0)	(88,84,37,1)	(86,30,4)	(41,4)	(810,42,64,16,26,2,36,0,2,2,4)	yes	(0-9,1-5,2-6,7-8)(3-7,4-9,6-8)(4-8,5-9)(7-9)	-
906	76	10	(10,4,1)	-	5	(16,40,56,12,2)	(80,96,32,2)	(80,38,2)	(40,5)	(836,20,68,0,54,6,4,0,12,2,6)	no	(0-9,5-6,7-8)(1-5,3-7,4-8,6-9)(2-6,7-9)(8-9)	-
907	328	10	(10,3,2)	-	5	(16,40,58,11,1)	(88,88,33,1)	(86,31,3)	(41,4)	(792,56,80,0,41,6,19,0,8,0,2)	yes	(1-8,2-6,3-4,7-9)(4-9,5-8,6-7)(0-9,5-7,6-8)	-
908	154	10	(10,4,1)	-	5	(16,40,60,8,2)	(88,92,28,2)	(88,30,2)	(42,3)	(768,68,94,5,32,12,14,0,2,4,8)	no	(0-9,3-5,4-6,7-8)(1-7,2-8,3-9,5-6)(4-9)(8-9)	-
909	20	10	(10,3,1)	-	5	(16,40,60,10,0)	(80,100,30,0)	(80,40,0)	(40,5)	(852,21,60,0,40,0,20,0,0,5,0)	no	(0-5,6-8,7-9)(2-7,5-6,8-9)(1-6,3-9,4-8,5-7)	-
910	352	10	(10,4,1)	-	5	(16,44,50,16,0)	(84,94,31,1)	(84,34,2)	(41,4)	(803,36,77,14,45,2,8,8,13,0,2)	no	(0-9,3-4,5-6,7-8)(2-7,4-9,6-8)(1-8,5-9)(7-9)	-
911	300	10	(10,4,1)	-	5	(16,44,50,16,0)	(88,90,31,1)	(88,30,2)	(42,3)	(790,40,88,18,34,0,24,3,2,0,8)	yes	(0-9,1-5,3-6,7-8)(3-9,4-7,6-8)(2-8,4-9)(5-9)	-
912	464	10	(10,4,1)	-	5	(16,44,50,16,0)	(92,84,33,1)	(90,27,3)	(42,3)	(796,51,62,25,28,3,18,11,8,1,4)	no	(0-9,1-7,2-5,3-6,4-8)(3-9,6-8)(4-9,7-8)(5-9)	-
913	196	10	(10,4,2)	-	5	(16,44,52,13,1)	(92,82,35,1)	(86,31,3)	(41,4)	(796,56,81,0,39,6,13,0,7,0,3)	yes	(1-5,2-6,3-9,7-8)(0-7,3-8,4-9)(4-8,5-9)(6-9)	-
914	208	10	(10,4,1)	-	5	(16,44,54,10,2)	(84,98,26,2)	(84,35,1)	(41,4)	(797,38,94,6,36,16,12,0,0,0,10)	no	(0-9,1-6,4-5,7-8)(2-7,3-8,4-9,5-6)(7-9)(8-9)	-
915	328	10	(10,3,1)	-	5	(16,44,54,11,1)	(92,86,31,1)	(88,29,3)	(41,4)	(795,51,84,8,34,4,13,0,10,0,8)	no	(4-9,5-8,6-7)(2-5,3-4,6-8,7-9)(0-8,1-7,6-9)	-
916	194	10	(10,4,1)	-	5	(16,44,54,12,0)	(84,98,27,1)	(84,34,2)	(41,4)	(789,52,86,0,45,8,12,0,10,0,4)	no	(0-9,1-4,5-7,6-8)(2-7,3-8,4-9,5-6)(7-9)(8-9)	-
917	182	10	(10,4,1)	-	5	(16,44,54,12,0)	(92,86,31,1)	(88,28,4)	(41,4)	(787,51,96,0,33,12,0,0,28,0,4)	no	(0-9,1-4,2-5,3-6,7-8)(4-9,5-7,6-8)(7-9)(8-9)	-
918	420	10	(10,4,1)	-	5	(16,44,56,8,2)	(92,92,24,2)	(92,27,1)	(43,2)	(747,86,95,12,19,22,15,0,3,0,9)	no	(0-9,1-5,2-6,3-7,4-8)(2-9,5-6,7-8)(3-9)(4-9)	-
919	194	10	(10,3,1)	-	5	(16,44,56,10,0)	(84,102,24,0)	(84,36,0)	(41,4)	(782,52,100,0,41,8,12,0,10,0,0)	yes	(3-6,4-8,7-9)(0-8,5-9,6-7)(1-9,2-7,4-5,6-8)	-
920	484	10	(10,3,1)	-	5	(16,44,58,7,1)	(92,92,25,1)	(90,28,2)	(42,3)	(770,71,92,4,26,11,16,4,4,1,10)	no	(3-9,4-7,6-8)(0-6,2-8,4-9,5-7)(1-9,3-5,7-8)	-
921	208	10	(10,3,1)	-	5	(16,48,48,13,1)	(88,94,26,2)	(86,32,2)	(41,4)	(821,32,67,16,39,4,5,8,10,0,4)	no	(4-9,5-8,6-7)(2-7,3-4,5-9,6-8)(0-9,1-6,7-8)	-
922	286	10	(10,4,1)	-	5	(16,48,48,13,1)	(96,82,31,1)	(90,28,2)	(42,3)	(792,54,64,20,36,9,20,0,6,5,0)	no	(1-5,2-6,3-9,4-8)(4-9,7-8)(0-8,3-7,5-9)(6-9)	-
923	328	10	(10,4,1)	-	5	(16,48,48,14,0)	(88,94,26,2)	(86,31,3)	(41,4)	(796,44,80,14,41,2,10,0,12,2,7)	no	(0-9,1-4,5-6,7-8)(2-7,3-6,4-9,5-8)(7-9)(8-9)	-
924	196	10	(10,3,1)	-	5	(16,48,50,12,0)	(88,100,20,2)	(86,33,1)	(41,4)	(814,34,66,14,46,2,10,8,14,2,1)	yes	(1-6,3-5,4-9,7-8)(4-5,6-8,7-9)(0-8,2-7,6-9)	-
925	984	10	(10,4,1)	-	5	(16,48,50,12,0)	(92,92,25,1)	(90,28,2)	(42,3)	(772,69,76,19,38,10,6,2,4,3,8)	yes	(0-9,1-4,3-5,7-8)(2-8,3-9,5-6)(4-9,6-7)(8-9)	-
926	944	10	(10,4,1)	-	5	(16,48,50,12,0)	(96,86,27,1)	(92,25,3)	(42,3)	(775,69,74,16,33,10,10,5,7,5,4)	no	(0-9,1-7,2-4,3-5,6-8)(3-9,5-6,7-8)(4-9)(8-9)	-
927	352	10	(10,3,1)	-	5	(16,48,52,10,0)	(88,98,24,0)	(86,33,1)	(41,4)	(781,60,97,0,39,2,16,0,6,0,4)	no	(1-6,4-9,7-8)(2-8,3-4,5-9,6-7)(0-7,5-8,6-9)	-
928	896	10	(10,3,3)	-	5	(16,48,53,8,1)	(96,88,25,1)	(91,27,2)	(42,3)	(761,88,72,21,25,10,14,5,5,0,6)	yes	(0-9,1-6,2-5,3-8,4-7)(3-9,4-6,7-8)(5-8,7-9)	-
929	172	10	(10,3,1)	-	5	(16,48,54,7,1)	(96,86,28,0)	(88,30,2)	(41,4)	(783,63,92,0,36,0,16,0,10,0,8)	yes	(1-6,2-4,5-9,7-8)(3-5,6-7,8-9)(0-7,4-8,6-9)	-
930	968	10	(10,3,1)	-	5	(16,48,54,7,1)	(96,90,23,1)	(92,26,2)	(42,3)	(769,79,77,12,28,11,14,3,9,0,5)	no	(3-9,5-7,6-8)(0-6,1-9,3-4,7-8)(2-8,4-5,7-9)	-
931	542	10	(10,3,1)	-	5	(16,48,54,8,0)	(88,102,20,0)	(88,32,0)	(42,3)	(755,69,107,17,30,2,14,0,12,0,0)	no	(2-8,3-5,4-7,6-9)(1-9,3-7,4-6,5-8)(0-7,8-9)	-
932	984	10	(10,3,1)	-	5	(16,48,54,8,0)	(92,96,22,0)	(90,29,1)	(42,3)	(759,74,99,13,27,3,19,0,10,0,2)	yes	(0-6,3-7,4-9,5-8)(2-8,3-9,4-5,6-7)(1-9,7-8)	-
933	488	10	(10,3,1)	-	5	(16,48,54,8,0)	(96,90,24,0)	(92,26,2)	(42,3)	(763,75,97,5,28,8,18,4,2,0,4)	no	(0-9,1-5,2-6,3-8,4-7)(3-9,5-7,6-8)(4-9,7-8)	-
934	200	10	(10,4,1)	-	5	(16,52,46,11,1)	(92,92,24,2)	(86,32,2)	(41,4)	(803,44,80,8,34,10,12,0,6,0,7)	no	(0-6,1-5,4-9,7-8)(2-7,3-8,4-6,5-9)(7-9)(8-9)	-
935	1428	10	(10,4,1)	-	5	(16,52,46,12,0)	(100,86,23,1)	(96,22,2)	(43,2)	(761,85,58,36,31,7,10,2,6,7,6)	no	(0-9,1-2,3-7,4-8,5-6)(2-9,5-7,6-8)(3-9)(4-9)	-
936	476	10	(10,3,2)	-	5	(16,52,47,11,0)	(100,84,25,1)	(93,24,3)	(42,3)	(767,82,68,24,24,13,6,0,18,4,4)	yes	(1-5,3-7,4-9,6-8)(0-4,2-6,3-8,7-9)(5-7,8-9)	-
937	196	10	(10,4,1)	-	5	(16,52,48,9,1)	(100,80,29,1)	(88,29,3)	(41,4)	(799,46,77,8,43,7,11,0,5,2,10)	no	(0-6,3-5,4-9,7-8)(1-8,2-4,5-9,6-7)(7-9)(8-9)	-
938	420	10	(10,3,1)	-	5	(16,52,48,9,1)	(100,88,20,2)	(96,22,2)	(43,2)	(761,84,72,24,28,0,5,14,14,4,6)	no	(2-8,3-5,4-6,7-9)(1-7,2-9,3-8,5-6)(0-9,4-8)	-
939	984	10	(10,3,1)	-	5	(16,52,49,9,0)	(96,92,22,0)	(91,28,1)	(42,3)	(759,88,76,22,21,11,18,4,3,0,3)	yes	(0-6,1-9,4-7,5-8)(2-8,3-7,4-9)(3-5,6-7,8-9)	-
940	928	10	(10,3,1)	-	5	(16,52,49,9,0)	(100,86,24,0)	(93,25,2)	(42,3)	(770,78,71,28,17,13,20,0,0,2,4)	no	(0-9,1-6,2-5,3-8,4-7)(3-9,5-8,6-7)(4-8,7-9)	-
941	532	10	(10,3,1)	-	5	(16,52,50,8,0)	(92,100,17,1)	(90,29,1)	(42,3)	(758,67,103,15,35,4,12,0,8,0,4)	no	(0-6,3-7,4-8,5-9)(2-9,3-6,4-5,7-8)(1-8,7-9)	-
942	542	10	(10,3,1)	-	5	(16,52,50,8,0)	(92,100,18,0)	(90,30,0)	(42,3)	(752,89,90,4,36,7,22,0,4,2,2)	no	(0-9,3-4,5-7,6-8)(1-8,3-5,4-6,7-9)(2-7,8-9)	-
943	1320	10	(10,3,1)	-	5	(16,52,51,6,1)	(100,90,19,1)	(95,24,1)	(43,2)	(743,101,77,25,18,20,6,4,3,0,11)	no	(0-9,1-7,2-6,3-8,4-5)(2-9,4-7,5-8)(3-9,6-8)	-
944	1488	10	(10,3,1)	-	5	(16,54,49,7,0)	(96,98,16,0)	(94,26,0)	(43,2)	(730,102,100,18,27,6,10,0,7,0,4)	yes	(0-8,2-7,3-6,5-9)(2-3,4-8,7-9)(1-9,4-5,6-8)	-
945	124	10	(10,3,1)	-	5	(16,56,40,13,1)	(96,88,24,2)	(88,30,2)	(41,4)	(818,41,68,8,36,6,8,0,13,4,6)	no	(1-8,3-5,4-9,6-7)(0-7,2-4,5-9,6-8)(6-9,7-8)	-
946	392	10	(10,4,1)	-	5	(16,56,42,11,1)	(104,82,22,2)	(96,22,2)	(43,2)	(761,80,66,32,30,0,18,10,6,0,2)	no	(0-8,1-5,2-9,3-6,4-7)(2-8,3-9,6-7)(4-9)(5-9)	-
947	572	10	(10,4,1)	-	5	(16,56,44,9,1)	(104,80,25,1)	(92,26,2)	(42,3)	(779,67,76,18,29,12,4,2,11,3,6)	no	(1-4,2-5,3-9,7-8)(0-8,3-6,4-9)(5-9,6-7)(8-9)	-
948	496	10	(10,3,1)	-	5	(16,56,44,10,0)	(104,82,23,1)	(94,23,3)	(42,3)	(760,87,78,5,38,6,18,6,3,4,2)	no	(1-5,3-4,6-9,7-8)(0-4,2-6,5-8,7-9)(3-7,8-9)	-
949	896	10	(10,3,1)	-	5	(16,56,45,8,1)	(104,82,23,1)	(93,25,2)	(42,3)	(763,80,78,26,22,12,11,2,5,2,6)	no	(0-9,1-6,2-5,3-4,7-8)(4-6,5-8,7-9)(3-7,8-9)	-
950	968	10	(10,3,1)	-	5	(16,56,45,9,0)	(96,96,17,1)	(91,28,1)	(42,3)	(755,89,75,23,33,6,8,6,9,1,3)	no	(0-6,2-8,3-7,5-9)(1-9,3-6,4-5,7-8)(4-7,8-9)	-
951	984	10	(10,3,1)	-	5	(16,56,46,8,0)	(100,90,20,0)	(92,27,1)	(42,3)	(756,85,94,13,24,2,16,1,9,3,4)	yes	(0-6,2-8,3-7,4-9)(1-9,3-5,7-8)(4-5,6-7,8-9)	-
952	944	10	(10,3,1)	-	5	(16,56,47,7,0)	(104,84,22,0)	(93,25,2)	(42,3)	(756,86,78,22,34,8,3,2,10,5,5)	no	(2-5,3-9,4-8,6-7)(0-9,1-6,3-4,7-8)(5-8,7-9)	-
953	2760	10	(10,3,1)	-	5	(16,56,47,7,0)	(104,88,18,0)	(97,22,1)	(43,2)	(741,111,64,28,20,18,7,6,8,1,2)	no	(0-9,1-7,2-6,3-8,4-5)(2-9,4-6,5-8)(3-9,7-8)	-
954	828	10	(10,3,1)	-	5	(16,58,43,9,0)	(102,91,16,1)	(96,23,1)	(43,2)	(736,110,82,22,16,10,10,10,6,0,4)	yes	(0-9,1-7,2-5,3-6,4-8)(2-9,4-7,5-8)(3-9,6-8)	-
955	568	10	(10,3,1)	-	5	(16,60,38,11,1)	(100,90,18,2)	(92,27,1)	(42,3)	(779,63,84,20,22,12,10,4,5,2,9)	no	(2-9,3-6,4-5,7-8)(0-6,1-8,3-4,7-9)(5-7,8-9)	-
956	464	10	(10,3,1)	-	5	(16,60,38,12,0)	(100,90,18,2)	(92,26,2)	(42,3)	(769,69,81,23,28,8,12,4,8,0,4)	no	(0-9,3-5,4-6,7-8)(1-6,2-5,4-8,7-9)(3-7,8-9)	-
957	1280	10	(10,3,1)	-	5	(16,60,40,10,0)	(108,82,19,1)	(98,20,2)	(43,2)	(752,88,75,31,21,5,12,10,7,4,4)	no	(1-6,2-9,3-8,5-7)(0-7,3-9,4-8)(2-4,5-8,6-9)	-
958	480	10	(10,3,1)	-	5	(16,60,42,8,0)	(108,80,22,0)	(94,24,2)	(42,3)	(768,69,80,30,23,2,19,2,9,1,4)	no	(0-9,1-5,2-6,3-8,4-7)(3-4,6-8,7-9)(5-7,8-9)	-
959	2640	10	(10,3,1)	-	5	(16,60,43,6,1)	(108,84,17,1)	(97,22,1)	(43,2)	(739,106,77,26,13,22,6,5,8,1,8)	no	(0-9,1-7,2-3,4-8,5-6)(2-9,3-4,5-7,6-8)(8-9)	-
960	2760	10	(10,3,1)	-	5	(16,60,43,7,0)	(108,84,18,0)	(97,22,1)	(43,2)	(738,106,71,38,19,10,6,3,5,9,3)	no	(0-9,1-7,2-6,3-5,4-8)(2-9,4-5,6-8)(3-9,7-8)	-
961	2712	10	(10,3,1)	-	5	(16,62,40,8,0)	(106,89,14,1)	(97,22,1)	(43,2)	(730,116,76,25,22,11,12,5,3,3,2)	yes	(0-9,2-3,5-8,6-7)(1-7,2-9,3-4,6-8)(4-5,8-9)	-
962	1488	10	(10,3,1)	-	5	(16,62,41,7,0)	(104,92,14,0)	(96,24,0)	(43,2)	(725,121,89,8,23,8,22,4,3,1,4)	yes	(0-9,2-3,4-6,7-8)(1-8,2-4,3-5,6-9)(5-7,8-9)	-
963	252	10	(10,3,1)	-	5	(16,64,36,9,1)	(112,78,18,2)	(98,20,2)	(43,2)	(761,81,75,19,23,15,18,4,6,4,2)	no	(1-7,2-8,3-5,6-9)(0-6,2-4,3-8,7-9)(4-5,8-9)	-
964	2592	10	(10,3,1)	-	5	(16,64,37,9,0)	(112,80,17,1)	(99,19,2)	(43,2)	(742,104,70,27,19,17,10,10,5,0,2)	no	(1-6,2-9,4-8,5-7)(0-7,2-3,5-8,6-9)(3-4,8-9)	-
965	2760	10	(10,3,1)	-	5	(16,64,40,6,0)	(112,82,16,0)	(98,21,1)	(43,2)	(736,103,83,25,21,12,11,1,11,2,2)	no	(0-9,1-7,2-3,4-5,6-8)(2-9,3-4,5-6,7-8)(8-9)	-
966	1148	10	(10,3,1)	-	5	(16,68,32,9,1)	(116,78,14,2)	(102,17,1)	(44,1)	(730,111,69,38,17,10,12,7,9,1,4)	no	(0-4,1-9,2-7,3-8,5-6)(1-6,2-9,4-5,7-8)(3-9)	-
967	4114	10	(10,3,1)	-	5	(16,68,36,6,0)	(116,82,12,0)	(102,18,0)	(44,1)	(707,139,82,19,22,12,10,4,6,0,6)	no	(0-9,1-8,2-7,3-5,4-6)(1-9,3-4,5-7,6-8)(2-9)	-
968	3940	10	(10,3,1)	-	5	(16,72,30,8,0)	(120,78,11,1)	(104,15,1)	(44,1)	(714,138,62,32,19,11,16,6,3,3,4)	no	(0-4,1-9,2-7,3-8,5-6)(1-4,2-9,5-7,6-8)(3-9)	-
969	828	10	(10,3,1)	-	5	(24,44,52,5,1)	(112,76,21,1)	(98,20,2)	(43,2)	(755,88,80,11,24,18,13,4,12,0,4)	yes	(2-8,3-6,4-5,7-9)(0-9,1-7,2-5,3-8,4-6)(8-9)	-
970	486	10	(10,4,1)	-	5	(24,48,44,9,1)	(116,68,25,1)	(98,20,2)	(43,2)	(777,65,59,41,25,5,20,2,4,8,0)	yes	(0-4,1-5,2-9,3-7,6-8)(2-6,3-9,7-8)(4-9)(5-9)	-
971	1320	10	(10,3,1)	-	5	(24,48,47,7,0)	(116,72,22,0)	(99,19,2)	(43,2)	(760,83,62,44,17,6,14,4,6,13,2)	yes	(0-6,1-7,2-4,3-9,5-8)(2-3,4-8,5-9)(6-8,7-9)	-
972	412	10	(10,3,1)	-	5	(24,52,42,8,0)	(120,68,22,0)	(100,18,2)	(43,2)	(757,86,71,33,17,2,14,22,4,0,2)	yes	(0-6,1-7,2-9,3-5,4-8)(2-4,3-9,5-8)(6-8,7-9)	-
973	1334	10	(10,3,1)	-	5	(24,52,44,6,0)	(120,70,20,0)	(100,18,2)	(43,2)	(745,93,79,26,26,10,6,10,7,6,0)	yes	(0-7,1-6,2-3,4-8,5-9)(2-4,3-5,6-9,7-8)(8-9)	-
974	2256	10	(10,3,1)	-	5	(24,54,42,5,1)	(122,71,16,1)	(103,16,1)	(44,1)	(729,113,75,29,10,27,8,2,11,0,1)	yes	(1-9,2-7,3-8,4-5)(0-4,1-5,2-9,6-7)(3-9,6-8)	-
975	3924	10	(10,3,1)	-	5	(28,54,39,5,0)	(130,65,15,0)	(105,14,1)	(44,1)	(725,118,64,42,18,12,8,10,7,3,1)	yes	(1-9,2-7,3-8,4-5)(0-1,2-9,4-6,5-7)(3-9,6-8)	-
976	1206	10	(10,2,1)	-	5	(30,61,30,5,0)	(140,60,10,0)	(110,10,0)	(45,0)	(695,143,80,40,10,10,10,5,10,0,10)	yes	(0-1,2-8,3-5,4-6,7-9)(0-2,1-9,3-4,5-7,6-8)	-
977	10	10	(11,6,1)	-	2	(0,0,0,126,0)	(0,0,209,1)	(0,114,6)	(33,12)	(746,248,0,0,0,0,0,0,0,0,0)	yes	(0-9,5-8)(1-9,6-8)(2-9,7-8)(3-8,5-9)(4-8,6-9)(7-9)	-
978	36	10	(11,6,1)	-	3	(0,0,68,58,0)	(0,104,105,1)	(40,76,4)	(37,8)	(714,244,0,0,30,0,0,0,7,8,0)	no	(0-9,4-7,5-8)(1-9,6-8)(2-9,7-8)(3-8,4-9)(5-9)(6-9)	-
979	26	10	(11,5,2)	-	3	(0,0,70,56,0)	(0,108,101,1)	(42,74,4)	(37,8)	(792,124,56,0,0,0,0,0,28,0,0)	yes	(0-9,3-4,5-8)(4-9,6-8)(5-9,7-8)(1-8,6-9)(2-8,7-9)	-
980	36	10	(11,5,1)	-	3	(0,0,70,56,0)	(0,108,102,0)	(42,76,2)	(38,7)	(730,240,0,0,0,0,0,0,28,0,0)	no	(0-8,4-9,6-7)(1-8,5-9)(4-8,7-9)(2-9,5-8)(3-9,6-8)	-
981	132	10	(11,5,1)	-	3	(0,0,98,28,0)	(0,148,61,1)	(54,62,4)	(37,8)	(759,110,85,14,15,0,7,0,15,2,0)	no	(0-9,3-7,6-8)(1-9,5-8,6-7)(2-9,7-8)(4-8,5-9)(6-9)	-
982	66	10	(11,5,1)	-	3	(0,0,102,24,0)	(0,154,56,0)	(56,63,1)	(39,6)	(777,122,60,0,23,0,0,0,14,4,0)	no	(0-9,2-7,5-8)(1-9,4-7,6-8)(4-9,7-8)(3-8,5-9)(6-9)	-
983	66	10	(11,5,1)	-	3	(0,0,103,23,0)	(0,156,54,0)	(57,61,2)	(38,7)	(766,121,56,0,42,0,0,0,10,6,0)	no	(0-9,5-8,6-7)(1-9,4-6,7-8)(2-8,5-9)(3-8,6-9)(7-9)	-
984	132	10	(11,5,1)	-	3	(0,0,104,22,0)	(0,158,52,0)	(58,61,1)	(39,6)	(779,120,56,0,21,0,0,0,19,8,0)	no	(0-9,4-8,6-7)(1-9,2-7,5-8)(4-9,6-8)(3-8,5-9)(7-9)	-
985	198	10	(11,5,1)	-	3	(0,0,104,22,0)	(0,160,50,0)	(62,57,1)	(40,5)	(720,232,0,0,22,0,0,0,18,9,0)	yes	(0-9,3-8,5-6)(1-9,4-8,6-7)(3-9,7-8)(2-8,4-9)(5-9)	-
986	66	10	(11,5,2)	-	3	(0,0,108,18,0)	(0,160,49,1)	(56,60,4)	(37,8)	(765,104,74,16,23,8,0,0,19,0,0)	no	(0-9,4-7,5-8)(1-9,5-7,6-8)(2-9,3-8,6-7)(4-9)(8-9)	-
987	114	10	(11,5,2)	-	3	(0,0,108,18,0)	(0,162,47,1)	(60,56,4)	(38,7)	(750,92,114,23,0,0,8,7,16,4,0)	yes	(0-9,3-7,4-8)(1-9,5-7,6-8)(2-9,5-8,6-7)(3-9)(4-9)	-
988	14	10	(11,5,1)	-	3	(0,0,108,18,0)	(0,164,42,4)	(56,60,4)	(36,9)	(836,93,0,0,48,21,0,0,0,0,0)	yes	(0-9,5-7,6-8)(1-9,5-8,6-7)(2-9,3-7,4-8)(5-9)(6-9)	-
989	132	10	(11,4,1)	-	3	(0,0,113,13,0)	(0,168,42,0)	(59,59,2)	(38,7)	(775,112,37,12,47,0,3,0,18,0,0)	no	(0-7,2-9,6-8)(1-7,4-8,6-9)(5-7,8-9)(3-9,5-8,6-7)	-
990	66	10	(11,4,1)	-	3	(0,0,114,12,0)	(0,170,40,0)	(60,59,1)	(39,6)	(777,126,0,0,97,0,0,0,3,0,0)	no	(1-7,4-9,5-8)(0-9,2-7,6-8)(3-8,4-7,6-9)(5-9,7-8)	-
991	204	10	(11,5,2)	-	3	(0,0,114,12,0)	(0,174,36,0)	(66,53,1)	(40,5)	(771,95,82,22,0,0,0,0,31,5,0)	yes	(0-9,3-8,5-7)(1-9,4-8,6-7)(2-7,3-9,6-8)(4-9)(5-9)	-
992	24	10	(11,5,1)	-	3	(0,0,116,8,2)	(0,176,32,2)	(64,56,0)	(40,5)	(826,94,0,0,28,24,0,0,32,4,0)	yes	(0-9,3-7,5-8)(3-9,4-7,6-8)(1-7,2-8,4-9)(5-9)(6-9)	-
993	66	10	(11,4,1)	-	3	(0,0,116,10,0)	(0,174,36,0)	(64,54,2)	(39,6)	(756,110,33,16,88,0,0,0,0,0,14)	yes	(0-8,4-7,6-9)(1-8,5-9,6-7)(2-9,4-8,5-7)(3-9,6-8)	-
994	372	10	(11,4,2)	-	3	(0,0,117,9,0)	(0,178,32,0)	(67,52,1)	(40,5)	(765,109,37,15,67,0,0,0,7,3,7)	yes	(0-9,3-7,6-8)(1-9,4-8,5-7)(3-9,4-7,5-8)(2-8,6-9)	-
995	16	10	(11,4,1)	-	3	(0,0,118,6,2)	(0,174,35,1)	(60,58,2)	(37,8)	(825,108,0,0,15,16,0,0,40,0,0)	yes	(1-9,5-8,6-7)(2-9,5-7,6-8)(0-8,4-7,5-9)(3-8,6-9)	-
996	72	10	(11,4,1)	-	3	(0,0,118,7,1)	(0,178,31,1)	(64,55,1)	(39,6)	(800,108,0,0,54,14,0,0,29,4,0)	yes	(0-7,3-8,5-9)(3-7,4-8,6-9)(1-9,4-7,5-8)(2-9,6-8)	-
997	198	10	(11,4,1)	-	3	(0,0,118,8,0)	(0,182,28,0)	(70,50,0)	(41,4)	(774,108,40,14,48,0,0,0,15,4,0)	yes	(1-8,3-7,5-9)(3-8,4-7,6-9)(0-7,4-9,5-8)(2-9,6-8)	-
998	57	10	(11,6,1)	-	3<4	(0,0,100,25,1)	(0,150,55,5)	(56,54,10)	(35,10)	(663,238,75,16,16,0,0,0,0,0,0)	no	(0-9,4-6,7-8)(1-9,4-7,5-8)(2-9,5-6)(3-9)(7-9)(8-9)	-
999	28	10	(11,6,1)	(5,13,2)	4	(0,24,72,30,0)	(32,116,60,2)	(56,60,4)	(36,9)	(826,45,64,0,44,15,0,0,16,0,0)	no	(0-9,5-7,6-8)(1-9,4-6,7-8)(2-9,3-8)(6-9)(7-9)(8-9)	(0-9,4-7,6-8)(1-9,3-6,4-8,5-7)(2-9,7-8)(4-9,5-8,6-7)(5-9)
1000	87	10	(11,6,1)	-	4	(0,24,72,30,0)	(32,116,61,1)	(64,52,4)	(39,6)	(704,172,98,8,0,0,7,8,8,0,0)	no	(0-9,3-8,4-6,5-7)(1-9,6-8)(2-9,7-8)(3-9)(4-9)(5-9)	-
1001	72	10	(11,5,2)	-	4	(0,24,82,20,0)	(32,126,51,1)	(64,52,4)	(37,8)	(799,91,58,32,0,0,16,0,5,4,0)	no	(0-9,5-6,7-8)(1-9,5-7,6-8)(2-9,3-7,4-8)(5-9)(6-9)	-
1002	132	10	(11,5,2)	-	4	(0,24,82,20,0)	(32,128,49,1)	(62,54,4)	(37,8)	(762,110,85,14,7,0,23,0,7,2,0)	no	(0-9,4-7,6-8)(1-9,3-6,4-8,5-7)(2-9,5-8)(6-9)(7-9)	-
1003	372	10	(11,5,1)	-	4	(0,24,82,20,0)	(32,130,47,1)	(66,50,4)	(38,7)	(718,172,54,30,7,7,0,8,10,3,2)	no	(0-9,3-8,4-5,6-7)(1-9,5-7,6-8)(2-9,7-8)(4-9)(6-9)	-
1004	26	10	(11,5,1)	-	4	(0,24,84,18,0)	(32,128,48,2)	(56,60,4)	(36,9)	(826,45,92,0,16,7,0,0,12,0,4)	no	(0-9,3-6,7-8)(1-9,5-8,6-7)(2-9,4-7,6-8)(7-9)(8-9)	-
1005	72	10	(11,5,1)	-	4	(0,24,84,18,0)	(32,128,49,1)	(60,56,4)	(37,8)	(780,104,74,16,8,0,0,0,12,8,0)	no	(0-9,3-7,6-8)(1-9,5-6,7-8)(2-9,4-8,6-7)(5-9)(8-9)	-
1006	114	10	(11,5,1)	-	4	(0,24,84,18,0)	(32,130,47,1)	(64,52,4)	(38,7)	(750,152,54,23,0,0,0,0,10,8,8)	no	(0-9,4-7,6-8)(1-9,5-8,6-7)(2-9,3-6,7-8)(4-9)(5-9)	-
1007	372	10	(11,5,2)	-	4	(0,24,92,10,0)	(32,142,35,1)	(68,48,4)	(38,7)	(706,190,54,15,23,0,0,7,10,6,0)	no	(0-9,4-6,7-8)(1-9,4-7,5-8)(2-9,3-8,5-6)(7-9)(8-9)	-
1008	114	10	(11,5,1)	-	4	(0,24,92,10,0)	(32,142,35,1)	(68,48,4)	(38,7)	(732,140,72,39,8,0,0,7,10,4,0)	no	(0-9,4-8,6-7)(1-9,3-8,4-6,5-7)(2-9,5-8)(6-9)(7-9)	-
1009	112	10	(11,5,1)	-	4	(0,24,92,10,0)	(32,144,32,2)	(68,48,4)	(38,7)	(726,139,78,35,8,0,0,7,14,4,2)	no	(0-9,5-7,6-8)(1-9,4-6,7-8)(2-9,3-8,4-5)(6-9)(7-9)	-
1010	542	10	(11,5,1)	-	4	(0,24,92,10,0)	(32,144,33,1)	(72,44,4)	(39,6)	(674,237,38,30,0,8,7,0,12,6,0)	no	(0-9,4-5,7-8)(1-9,3-8,6-7)(2-9,4-8,5-6)(3-9)(7-9)	-
1011	264	10	(11,5,1)	-	4	(0,24,92,10,0)	(32,144,33,1)	(72,44,4)	(39,6)	(689,208,53,30,0,8,7,0,10,4,0)	no	(0-9,3-8,4-6,5-7)(1-9,4-8,6-7)(2-9,5-8)(3-9)(7-9)	-
1012	17	10	(11,5,1)	-	4	(0,36,64,26,0)	(36,120,53,1)	(60,58,2)	(37,8)	(851,48,30,0,33,16,0,0,36,0,0)	no	(1-9,5-7,6-8)(2-9,4-6,7-8)(0-8,6-9)(3-8,7-9)(8-9)	-
1013	176	10	(11,5,2)	-	4	(0,36,64,26,0)	(44,114,52,0)	(70,48,2)	(40,5)	(770,90,58,26,40,0,4,0,16,4,0)	no	(0-9,2-6,3-7,4-8)(1-9,5-8)(3-9,6-8)(4-9,7-8)(5-9)	-
1014	162	10	(11,5,1)	-	4	(0,36,64,26,0)	(44,116,50,0)	(72,47,1)	(41,4)	(752,112,66,14,40,0,0,0,16,0,7)	no	(0-9,3-8,4-6,5-7)(1-9,6-8)(3-9,7-8)(2-8,4-9)(5-9)	-
1015	72	10	(11,4,2)	-	4	(0,36,74,16,0)	(36,138,36,0)	(68,50,2)	(38,7)	(775,111,48,15,44,0,0,0,8,0,0)	no	(0-8,5-6,7-9)(1-8,2-9,4-5,6-7)(3-9,5-7,6-8)(8-9)	-
1016	44	10	(11,5,1)	(4,13,1)	4	(0,36,76,13,1)	(36,132,42,0)	(60,58,2)	(37,8)	(814,64,62,0,42,0,0,0,23,0,0)	no	(0-9,2-6,7-8)(1-9,3-8,6-7)(4-8,5-7,6-9)(7-9)(8-9)	(4-7,5-9,6-8)(0-6,2-9,4-8,5-7)(4-9,5-8,6-7)(1-6,3-9,7-8)
1017	72	10	(11,4,1)	-	4	(0,36,76,14,0)	(36,138,36,0)	(66,52,2)	(38,7)	(766,118,56,0,48,0,0,0,8,6,0)	no	(0-8,4-6,7-9)(1-8,2-9,4-7,5-6)(3-9,5-7,6-8)(8-9)	-
1018	132	10	(11,5,2)	-	4	(0,36,76,14,0)	(44,128,38,0)	(68,51,1)	(39,6)	(801,58,84,0,40,0,8,0,8,4,0)	no	(0-9,4-7,6-8)(1-9,3-6,7-8)(2-8,4-9,5-7)(5-9)(6-9)	-
1019	264	10	(11,5,1)	-	4	(0,36,76,14,0)	(44,132,34,0)	(76,43,1)	(41,4)	(731,166,53,0,20,14,0,0,10,6,0)	no	(0-9,3-6,4-8,5-7)(1-9,7-8)(2-8,3-9,6-7)(4-9)(5-9)	-
1020	132	10	(11,4,1)	-	4	(0,36,77,13,0)	(36,138,36,0)	(65,53,2)	(38,7)	(775,110,44,12,46,0,3,0,11,0,0)	no	(4-7,5-9,6-8)(0-9,2-8,6-7)(1-9,5-6,7-8)(3-8,7-9)	-
1021	17	10	(11,4,1)	-	4	(0,36,78,12,0)	(36,138,35,1)	(60,58,2)	(37,8)	(834,48,60,0,32,16,0,0,12,0,0)	no	(0-6,1-7,8-9)(2-7,5-9,6-8)(6-9,7-8)(3-6,4-8,7-9)	-
1022	372	10	(11,4,1)	-	4	(0,36,79,11,0)	(36,144,30,0)	(71,47,2)	(39,6)	(723,194,12,0,52,12,0,0,3,8,4)	no	(0-9,5-7,6-8)(1-9,2-8,4-5,6-7)(4-9,7-8)(3-8,6-9)	-
1023	372	10	(11,4,2)	-	4	(0,36,79,11,0)	(44,134,32,0)	(73,46,1)	(40,5)	(752,108,85,12,24,4,4,0,11,0,1)	yes	(0-9,3-7,4-6,5-8)(1-9,5-6,7-8)(2-7,3-9,4-8)(6-9)	-
1024	352	10	(11,4,1)	-	4	(0,36,79,11,0)	(44,134,32,0)	(75,43,2)	(40,5)	(755,108,84,10,23,2,6,0,10,0,2)	no	(0-9,4-7,6-8)(1-9,3-4,5-8,6-7)(5-9,7-8)(2-8,6-9)	-
1025	372	10	(11,4,1)	-	4	(0,36,79,11,0)	(44,136,30,0)	(75,44,1)	(40,5)	(763,98,74,22,24,2,4,2,9,0,6)	no	(0-9,2-8,4-7,5-6)(1-9,5-8,6-7)(3-7,4-9,6-8)(5-9)	-
1026	114	10	(11,4,1)	-	4	(0,36,80,10,0)	(36,144,30,0)	(70,48,2)	(39,6)	(741,160,12,16,60,12,0,0,3,0,4)	no	(0-9,4-6,7-8)(1-9,5-7,6-8)(2-8,4-9,6-7)(3-8,5-9)	-
1027	132	10	(11,4,1)	-	4	(0,36,80,10,0)	(44,132,34,0)	(68,51,1)	(39,6)	(793,60,92,0,41,0,2,0,13,2,0)	no	(4-7,5-9,6-8)(1-9,5-8,6-7)(0-6,2-9,7-8)(3-8,7-9)	-
1028	372	10	(11,5,1)	-	4	(0,36,80,10,0)	(44,136,30,0)	(74,45,1)	(40,5)	(771,95,73,22,19,0,5,0,13,5,6)	no	(0-9,4-8,6-7)(1-9,2-8,3-6,5-7)(4-9,5-8)(6-9)(7-9)	-
1029	1052	10	(11,5,2)	-	4	(0,36,80,10,0)	(44,138,28,0)	(78,41,1)	(41,4)	(713,188,44,11,20,0,1,7,12,8,0)	no	(0-9,2-8,4-6,5-7)(1-9,3-8,6-7)(2-9,5-8)(3-9)(4-9)	-
1030	372	10	(11,4,1)	-	4	(0,36,81,9,0)	(44,136,30,0)	(73,46,1)	(40,5)	(760,107,72,15,32,2,2,0,8,1,3)	no	(3-8,4-9,6-7)(0-9,2-6,4-7,5-8)(5-9,6-8)(1-9,7-8)	-
1031	76	10	(11,4,1)	-	4	(0,36,82,7,1)	(44,134,31,1)	(68,51,1)	(39,6)	(812,44,92,0,26,14,4,0,6,4,0)	no	(0-8,4-9,6-7)(2-6,3-7,4-8,5-9)(1-8,6-9)(5-8,7-9)	-
1032	70	10	(11,4,1)	-	4	(0,36,82,8,0)	(36,150,23,1)	(72,46,2)	(39,6)	(745,146,9,16,60,24,0,0,10,0,6)	no	(1-9,5-7,6-8)(2-9,4-6,7-8)(0-8,4-5,6-9)(3-8,7-9)	-
1033	264	10	(11,4,1)	-	4	(0,36,82,8,0)	(44,140,26,0)	(78,41,1)	(41,4)	(725,164,55,0,22,20,0,0,15,2,8)	no	(1-8,3-7,4-5,6-9)(2-8,3-9,4-7)(5-9,6-8)(0-9,7-8)	-
1034	1052	10	(11,4,1)	-	4	(0,36,83,7,0)	(44,142,24,0)	(79,40,1)	(41,4)	(709,188,44,0,31,17,1,0,6,12,1)	no	(0-9,3-4,7-8)(1-9,3-7,4-5,6-8)(5-8,6-9)(2-8,7-9)	-
1035	154	10	(11,4,1)	-	4	(0,36,84,5,1)	(44,142,23,1)	(78,41,1)	(41,4)	(736,152,40,14,24,16,4,0,13,8,4)	no	(0-9,2-8,4-6,5-7)(2-9,3-8,6-7)(1-9,4-8)(3-9,5-8)	-
1036	156	10	(11,4,1)	-	4	(0,36,84,5,1)	(48,132,29,1)	(76,40,4)	(39,6)	(704,178,83,8,15,0,0,0,19,0,0)	no	(0-9,3-5,4-8,6-7)(1-9,3-7,4-5,6-8)(2-9,7-8)(6-9)	-
1037	542	10	(11,5,1)	-	4	(0,36,84,6,0)	(48,134,27,1)	(76,40,4)	(39,6)	(683,211,54,30,8,0,7,0,11,8,0)	no	(0-9,3-5,4-6,7-8)(1-9,3-4,5-7,6-8)(2-9)(7-9)(8-9)	-
1038	174	10	(11,5,1)	-	4	(0,36,84,6,0)	(48,134,27,1)	(76,40,4)	(39,6)	(689,176,106,7,8,0,7,0,15,6,0)	no	(0-9,3-7,4-8,5-6)(1-9,3-4,5-8,6-7)(2-9)(7-9)(8-9)	-
1039	94	10	(11,5,1)	-	4	(0,40,58,28,0)	(48,112,49,1)	(74,44,2)	(41,4)	(792,92,28,28,32,0,0,0,30,2,0)	no	(0-9,2-6,3-7,4-8)(3-9,5-8)(4-9,7-8)(1-8,5-9)(6-9)	-
1040	46	10	(11,5,1)	-	4	(0,40,76,8,2)	(48,132,28,2)	(72,48,0)	(40,5)	(840,38,56,0,30,16,0,0,20,4,8)	no	(0-9,4-8,6-7)(2-6,3-7,4-9,5-8)(1-8,5-9)(6-9)(7-9)	-
1041	91	10	(11,5,1)	-	4	(0,40,76,8,2)	(48,136,24,2)	(80,40,0)	(42,3)	(762,146,14,12,30,6,0,0,20,20,0)	no	(0-9,2-8,4-6,5-7)(2-9,3-8,6-7)(1-8,3-9)(4-9)(5-9)	-
1042	72	10	(11,4,1)	-	4	(0,40,76,10,0)	(48,132,30,0)	(72,48,0)	(40,5)	(816,54,56,0,50,0,8,0,20,4,0)	no	(1-8,4-9,6-7)(2-6,3-7,4-8,5-9)(5-8,7-9)(0-9,6-8)	-
1043	198	10	(11,4,1)	-	4	(0,40,76,10,0)	(48,134,28,0)	(76,44,0)	(41,4)	(764,112,56,0,46,10,0,0,9,2,4)	yes	(2-8,3-7,5-9)(0-7,3-4,5-8,6-9)(4-9,6-8)(1-9,7-8)	-
1044	176	10	(11,4,1)	-	4	(0,40,76,10,0)	(48,134,28,0)	(78,41,1)	(41,4)	(765,116,54,0,38,8,3,0,15,2,2)	no	(1-4,2-8,3-7,5-9)(4-7,5-8,6-9)(3-9,6-8)(0-9,7-8)	-
1045	542	10	(11,4,1)	-	4	(0,40,78,8,0)	(48,140,22,0)	(82,38,0)	(42,3)	(720,196,14,0,47,6,0,0,8,12,0)	no	(1-8,2-4,3-5,6-9)(2-3,4-8,7-9)(5-9,6-8)(0-9,7-8)	-
1046	132	10	(11,4,1)	-	4	(0,48,64,14,0)	(48,130,32,0)	(70,49,1)	(39,6)	(789,64,82,0,50,0,2,0,20,0,3)	no	(0-9,5-7,6-8)(1-6,4-9,7-8)(2-8,4-7,5-9)(3-8,6-9)	-
1047	132	10	(11,4,1)	-	4	(0,48,64,14,0)	(56,122,32,0)	(74,45,1)	(39,6)	(807,64,69,0,28,0,23,0,14,0,0)	no	(0-9,5-8,6-7)(3-7,5-9,6-8)(1-8,4-5,6-9)(2-8,7-9)	-
1048	94	10	(11,4,2)	-	4	(0,48,65,13,0)	(48,134,27,1)	(73,46,1)	(40,5)	(762,124,36,0,67,0,0,0,7,4,12)	no	(0-7,4-8,6-9)(1-7,4-9,5-8)(3-9,5-6,7-8)(2-8,7-9)	-
1049	352	10	(11,4,1)	-	4	(0,48,65,13,0)	(56,122,32,0)	(77,41,2)	(40,5)	(752,105,78,14,39,5,0,0,10,1,3)	no	(0-8,4-9,6-7)(2-6,3-4,5-9,7-8)(1-8,6-9)(5-8,7-9)	-
1050	372	10	(11,4,1)	-	4	(0,48,65,13,0)	(56,124,30,0)	(77,42,1)	(40,5)	(763,103,57,14,40,5,7,2,11,3,5)	no	(0-9,5-8,6-7)(3-7,4-9,6-8)(1-8,4-5,6-9)(2-8,7-9)	-
1051	120	10	(11,5,1)	(4,13,2)	4	(0,48,66,11,1)	(56,120,34,0)	(74,44,2)	(39,6)	(799,56,78,0,42,0,10,0,16,8,6)	no	(0-9,2-5,3-7,6-8)(1-9,5-6,7-8)(4-8,6-9)(7-9)(8-9)	(0-3,4-7,5-9,6-8)(4-8,5-7,6-9)(1-9,3-4,5-8,6-7)(2-9,7-8)
1052	132	10	(11,5,1)	-	4	(0,48,66,12,0)	(56,120,34,0)	(74,45,1)	(39,6)	(832,56,57,0,17,0,31,0,6,8,0)	no	(0-9,5-7,6-8)(1-9,3-7,4-6,5-8)(2-8,5-9)(6-9)(7-9)	-
1053	372	10	(11,5,1)	-	4	(0,48,66,12,0)	(56,124,30,0)	(76,43,1)	(40,5)	(760,87,74,21,45,3,2,4,8,4,3)	no	(0-9,4-5,7-8)(1-9,2-7,6-8)(3-8,4-9,5-6)(7-9)(8-9)	-
1054	528	10	(11,5,1)	-	4	(0,48,66,12,0)	(56,126,28,0)	(80,39,1)	(41,4)	(728,147,48,28,30,8,0,0,12,4,5)	no	(0-9,3-8,4-5,6-7)(1-9,2-7,5-8)(3-9,6-8)(4-9)(7-9)	-
1055	72	10	(11,4,1)	-	4	(0,48,66,12,0)	(56,128,24,2)	(74,45,1)	(39,6)	(826,48,69,0,32,8,0,0,12,0,4)	no	(0-8,5-9,6-7)(3-6,5-8,7-9)(1-9,2-5,4-6,7-8)(8-9)	-
1056	754	10	(11,5,1)	-	4	(0,48,66,12,0)	(60,122,28,0)	(84,35,1)	(42,3)	(710,180,22,50,20,3,0,0,8,11,2)	no	(0-9,2-8,3-5,4-6)(1-9,5-8,6-7)(2-9,7-8)(3-9)(4-9)	-
1057	132	10	(11,4,2)	-	4	(0,48,68,10,0)	(48,134,28,0)	(70,49,1)	(39,6)	(800,60,81,0,40,0,7,0,12,4,3)	no	(2-8,4-9,6-7)(1-6,3-8,4-7,5-9)(0-9,5-7,6-8)(8-9)	-
1058	198	10	(11,4,2)	-	4	(0,48,68,10,0)	(48,136,26,0)	(74,45,1)	(40,5)	(756,100,84,14,32,3,0,0,6,3,6)	yes	(0-9,4-7,6-8)(1-8,3-6,4-9,5-7)(2-8,3-7,5-9)(8-9)	-
1059	132	10	(11,4,1)	-	4	(0,48,68,10,0)	(56,126,28,0)	(74,45,1)	(39,6)	(796,64,85,0,34,0,7,0,14,0,2)	no	(0-9,5-8,6-7)(1-8,3-6,4-7,5-9)(2-8,5-7,6-9)(8-9)	-
1060	176	10	(11,4,2)	-	4	(0,48,69,9,0)	(48,142,19,1)	(77,42,1)	(40,5)	(774,88,64,20,28,16,0,0,11,0,6)	no	(0-9,3-7,6-8)(1-8,3-9,4-7,5-6)(2-8,4-9,5-7)(6-9)	-
1061	352	10	(11,4,4)	-	4	(0,48,69,9,0)	(56,126,28,0)	(77,41,2)	(40,5)	(761,101,73,11,30,6,8,3,7,3,3)	no	(0-6,1-9,3-7,4-8)(2-9,4-7,5-8)(3-9,5-7,6-8)(8-9)	-
1062	372	10	(11,4,4)	-	4	(0,48,69,9,0)	(56,128,26,0)	(77,42,1)	(40,5)	(758,108,72,10,28,4,8,3,12,0,0)	yes	(0-9,5-6,7-8)(1-9,2-8,4-6,5-7)(3-7,4-9,6-8)(5-9)	-
1063	72	10	(11,4,2)	-	4	(0,48,70,6,2)	(56,124,29,1)	(74,44,2)	(39,6)	(812,52,68,0,41,8,8,0,12,4,0)	yes	(0-9,3-4,5-7,6-8)(1-9,5-8,6-7)(2-8,4-7,5-9)(6-9)	-
1064	72	10	(11,4,1)	-	4	(0,48,70,7,1)	(48,136,25,1)	(70,49,1)	(39,6)	(806,56,70,0,44,8,4,0,16,0,3)	no	(1-7,4-9,6-8)(0-6,2-8,4-7,5-9)(3-8,5-7,6-9)(8-9)	-
1065	220	10	(11,4,1)	-	4	(0,48,70,8,0)	(56,132,21,1)	(78,41,1)	(40,5)	(768,93,74,14,25,4,2,0,18,9,4)	no	(0-9,3-8,4-6,5-7)(1-9,5-8,6-7)(2-7,4-9,6-8)(5-9)	-
1066	300	10	(11,4,2)	-	4	(0,48,70,8,0)	(60,124,26,0)	(82,36,2)	(41,4)	(732,142,80,4,20,0,3,4,4,8,5)	yes	(0-9,2-4,5-8,6-7)(1-9,3-7,6-8)(3-9,4-8,5-7)(6-9)	-
1067	198	10	(11,4,1)	-	4	(0,48,71,7,0)	(48,142,20,0)	(77,42,1)	(40,5)	(759,100,72,20,35,0,6,0,6,0,6)	no	(0-9,3-8,4-7,5-6)(1-9,5-7,6-8)(2-7,4-8,5-9)(6-9)	-
1068	1052	10	(11,4,3)	-	4	(0,48,71,7,0)	(56,132,22,0)	(81,38,1)	(41,4)	(728,141,62,26,24,5,3,4,4,5,0)	no	(0-9,2-8,3-6,4-7)(1-9,4-8,5-7)(2-9,5-8,6-7)(3-9)	-
1069	372	10	(11,4,1)	-	4	(0,48,72,6,0)	(48,142,20,0)	(76,43,1)	(40,5)	(756,109,56,11,57,0,6,3,6,0,7)	no	(0-9,4-7,6-8)(1-7,2-8,4-9,5-6)(3-8,5-7,6-9)(8-9)	-
1070	186	10	(11,4,1)	-	4	(0,48,72,6,0)	(56,132,22,0)	(78,41,1)	(40,5)	(765,95,72,18,22,7,0,0,29,1,0)	no	(0-9,5-7,6-8)(2-8,4-9,6-7)(1-7,3-8,4-5,6-9)(8-9)	-
1071	528	10	(11,4,1)	-	4	(0,48,73,5,0)	(56,134,20,0)	(81,38,1)	(41,4)	(731,146,48,15,32,19,0,3,8,2,6)	no	(0-9,3-6,4-7,5-8)(1-9,3-7,6-8)(2-8,4-9,5-7)(8-9)	-
1072	1052	10	(11,4,2)	-	4	(0,48,74,4,0)	(56,136,18,0)	(82,37,1)	(41,4)	(724,141,56,30,32,13,0,0,6,4,2)	no	(0-9,3-8,4-5,6-7)(1-9,5-7,6-8)(2-7,3-9,4-8)(6-9)	-
1073	528	10	(11,4,1)	-	4	(0,48,74,4,0)	(56,138,16,0)	(84,35,1)	(41,4)	(737,141,49,18,23,19,3,0,9,5,0)	no	(0-9,3-8,6-7)(1-9,2-7,4-6,5-8)(3-9,4-8,5-7)(6-9)	-
1074	352	10	(11,4,1)	-	4	(0,48,75,2,1)	(56,134,20,0)	(79,40,1)	(40,5)	(770,96,59,12,34,12,6,0,14,2,0)	no	(0-9,5-8,6-7)(1-9,3-7,4-5,6-8)(2-8,4-7,5-9)(6-9)	-
1075	754	10	(11,4,1)	-	4	(0,48,75,3,0)	(60,134,16,0)	(87,32,1)	(42,3)	(704,186,36,22,37,0,2,0,9,10,0)	no	(0-9,2-7,3-8,4-5)(1-9,4-7,6-8)(2-9,5-8,6-7)(3-9)	-
1076	352	10	(11,4,2)	-	4	(0,52,62,12,0)	(60,122,28,0)	(80,39,1)	(41,4)	(780,58,100,0,45,4,6,0,3,1,7)	no	(0-7,2-6,3-9,4-8)(3-7,4-9,5-8)(1-9,6-8)(5-9,7-8)	-
1077	528	10	(11,4,1)	-	4	(0,52,63,11,0)	(60,126,24,0)	(83,37,0)	(42,3)	(749,118,67,0,43,2,10,0,5,5,6)	no	(2-8,3-7,4-6,5-9)(0-7,3-9,5-8)(4-9,6-8)(1-9,7-8)	-
1078	204	10	(11,4,2)	-	4	(0,52,66,8,0)	(60,128,22,0)	(80,40,0)	(41,4)	(789,59,92,0,37,4,12,0,5,0,6)	yes	(0-9,3-8,6-7)(1-6,3-9,4-8,5-7)(2-7,4-9,6-8)(5-9)	-
1079	198	10	(11,4,1)	-	4	(0,52,68,6,0)	(60,130,20,0)	(80,40,0)	(41,4)	(787,54,82,4,56,0,8,4,12,1,0)	no	(2-8,4-7,6-9)(0-7,1-6,4-8,5-9)(3-9,5-7,6-8)(8-9)	-
1080	296	10	(11,4,1)	-	4	(0,52,68,6,0)	(60,134,16,0)	(86,34,0)	(42,3)	(773,95,70,0,20,23,4,0,16,4,0)	no	(0-9,3-8,4-6,5-7)(2-7,3-9,6-8)(1-6,4-9,7-8)(5-9)	-
1081	1052	10	(11,4,2)	-	4	(0,52,69,5,0)	(60,134,16,0)	(85,35,0)	(42,3)	(747,95,92,25,24,2,3,0,8,1,7)	no	(0-9,2-8,4-7,5-6)(2-9,3-8,6-7)(1-7,3-9,5-8)(4-9)	-
1082	352	10	(11,4,1)	-	4	(0,56,54,16,0)	(64,116,29,1)	(82,36,2)	(41,4)	(793,54,82,4,41,2,13,2,12,0,2)	no	(0-9,1-7,3-4,6-8)(4-9,5-8,6-7)(5-9,7-8)(2-8,6-9)	-
1083	176	10	(11,4,1)	-	4	(0,56,56,14,0)	(64,118,28,0)	(82,37,1)	(41,4)	(790,58,81,0,38,4,24,0,6,2,2)	no	(1-6,2-8,3-7,4-9)(0-7,4-8,5-9)(3-9,5-8)(6-9,7-8)	-
1084	260	10	(11,4,2)	-	4	(0,56,57,13,0)	(64,122,23,1)	(85,34,1)	(42,3)	(751,110,64,0,46,8,12,0,7,9,0)	no	(2-8,4-9,6-7)(1-7,2-9,3-8,4-5)(0-9,5-8)(3-9,6-8)	-
1085	176	10	(11,4,2)	-	4	(0,56,58,12,0)	(64,120,25,1)	(82,36,2)	(41,4)	(804,50,68,4,37,2,22,4,15,2,0)	no	(0-6,1-9,3-7,5-8)(3-9,4-7,6-8)(2-8,4-9,5-7)(8-9)	-
1086	516	10	(11,4,2)	-	4	(0,56,58,12,0)	(68,116,26,0)	(86,33,1)	(42,3)	(763,86,67,24,34,6,16,0,3,1,4)	yes	(1-7,2-8,4-9,5-6)(2-9,3-8,4-5)(0-9,6-8)(3-9,7-8)	-
1087	754	10	(11,4,1)	-	4	(0,56,59,11,0)	(68,120,22,0)	(89,31,0)	(43,2)	(731,143,40,24,34,6,12,0,4,8,4)	no	(0-8,2-3,5-6,7-9)(3-8,4-9)(2-4,5-8,6-9)(1-9,7-8)	-
1088	196	10	(11,4,2)	-	4	(0,56,62,7,1)	(64,124,21,1)	(82,37,1)	(41,4)	(790,52,89,0,47,10,7,0,3,0,3)	yes	(0-8,3-9,6-7)(1-6,3-8,4-9,5-7)(2-7,4-8,5-9)(6-9)	-
1089	372	10	(11,4,2)	-	4	(0,56,62,8,0)	(64,126,20,0)	(82,38,0)	(41,4)	(789,54,83,4,42,2,17,2,14,0,0)	yes	(0-9,3-8,6-7)(1-6,3-9,4-8,5-7)(2-7,4-9,5-8)(6-9)	-
1090	984	10	(11,4,3)	-	4	(0,56,63,7,0)	(68,122,20,0)	(87,32,1)	(42,3)	(759,101,70,10,31,9,7,3,7,2,4)	yes	(0-9,1-5,2-8,4-7)(2-9,3-8,6-7)(3-9,5-7,6-8)(4-9)	-
1091	286	10	(11,4,1)	-	4	(0,56,64,5,1)	(64,130,15,1)	(86,34,0)	(42,3)	(768,94,60,0,40,21,8,0,10,7,0)	no	(2-9,3-8,5-7)(3-9,4-8,6-7)(0-8,1-7,2-6,4-9)(5-9)	-
1092	1052	10	(11,4,2)	-	4	(0,56,64,6,0)	(64,130,16,0)	(86,34,0)	(42,3)	(755,95,70,15,41,3,11,7,8,2,0)	no	(0-9,3-5,4-8,6-7)(3-9,5-7,6-8)(1-8,2-7,4-9)(6-9)	-
1093	1476	10	(11,4,1)	-	4	(0,56,65,5,0)	(68,128,14,0)	(91,29,0)	(43,2)	(735,143,45,15,28,8,3,13,11,3,4)	no	(0-9,2-8,3-7,4-5)(2-9,5-8,6-7)(1-7,3-9,6-8)(4-9)	-
1094	38	10	(11,3,1)	-	4	(0,60,48,18,0)	(60,122,24,4)	(74,45,1)	(39,6)	(845,48,45,0,42,12,0,0,0,0,12)	yes	(0-9,2-7,4-5,6-8)(1-9,3-8,4-6,5-7)(4-9,5-8,6-7)	-
1095	76	10	(11,5,1)	(4,13,1)	4	(0,60,52,14,0)	(68,110,31,1)	(74,44,2)	(39,6)	(809,56,70,0,39,8,4,0,16,0,4)	no	(0-9,2-5,4-7,6-8)(1-9,3-6,7-8)(5-8,6-9)(7-9)(8-9)	(2-6,3-5,4-7,8-9)(4-8,5-9,6-7)(0-7,4-9,6-8)(1-7,5-8,6-9)
1096	220	10	(11,5,1)	(4,12,2)	4	(0,60,52,14,0)	(68,114,27,1)	(78,41,1)	(40,5)	(768,89,76,16,29,8,0,0,12,7,4)	no	(0-9,3-7,4-5,6-8)(1-9,2-6,7-8)(4-9,5-8)(6-9)(7-9)	(0-8,3-6,4-9,5-7)(4-8,5-9,6-7)(1-8,2-5,4-7,6-9)(8-9)
1097	72	10	(11,4,1)	-	4	(0,60,54,12,0)	(60,124,25,1)	(74,44,2)	(39,6)	(806,56,68,0,46,8,4,0,18,0,0)	no	(0-9,5-6,7-8)(1-9,2-5,4-8,6-7)(6-8,7-9)(3-7,8-9)	-
1098	132	10	(11,4,1)	-	4	(0,60,54,12,0)	(60,124,26,0)	(74,45,1)	(39,6)	(801,64,75,0,37,0,15,0,11,0,0)	no	(0-9,5-7,6-8)(1-8,5-9,6-7)(2-8,3-6,4-5,7-9)(8-9)	-
1099	204	10	(11,4,2)	-	4	(0,60,54,12,0)	(60,126,24,0)	(78,41,1)	(40,5)	(771,81,80,28,11,11,6,0,16,1,0)	yes	(0-9,3-7,4-8,5-6)(1-9,2-6,3-8,4-7)(5-8,6-9)(7-9)	-
1100	76	10	(11,4,1)	-	4	(0,60,54,12,0)	(68,116,24,2)	(74,45,1)	(39,6)	(829,48,59,0,33,16,6,0,12,0,4)	no	(1-7,5-9,6-8)(2-7,5-8,6-9)(0-8,3-5,4-6,7-9)(8-9)	-
1101	352	10	(11,4,3)	-	4	(0,60,54,12,0)	(68,116,26,0)	(82,36,2)	(40,5)	(767,101,66,15,27,8,7,0,13,2,0)	no	(0-9,2-6,4-8,5-7)(1-9,3-4,5-8,6-7)(5-9,7-8)(6-9)	-
1102	324	10	(11,5,1)	-	4	(0,60,54,12,0)	(72,110,28,0)	(82,37,1)	(41,4)	(734,124,79,20,16,12,3,4,12,0,6)	no	(0-9,3-5,4-6,7-8)(1-9,2-7,5-8)(3-9,6-8)(4-9)(7-9)	-
1103	300	10	(11,4,2)	-	4	(0,60,54,12,0)	(72,114,23,1)	(88,30,2)	(42,3)	(794,44,94,6,22,4,20,7,10,0,8)	yes	(0-9,1-2,3-7,4-8)(2-9,5-7,6-8)(3-9,5-8,6-7)(4-9)	-
1104	220	10	(11,5,1)	-	4	(0,60,54,12,0)	(76,106,28,0)	(86,33,1)	(42,3)	(718,152,78,12,16,4,4,3,10,0,0)	yes	(0-9,2-5,4-7,6-8)(1-9,3-6,5-8)(2-9,7-8)(3-9)(4-9)	-
1105	352	10	(11,4,2)	-	4	(0,60,55,11,0)	(68,116,26,0)	(81,37,2)	(40,5)	(764,92,73,24,31,2,3,0,12,2,0)	no	(0-9,5-8,6-7)(1-9,3-6,4-5,7-8)(2-8,4-7,5-9)(6-9)	-
1106	352	10	(11,4,4)	-	4	(0,60,56,10,0)	(60,130,19,1)	(78,41,1)	(40,5)	(774,89,71,20,20,7,4,0,12,2,11)	no	(0-7,3-9,4-8,5-6)(1-7,2-6,3-8,4-9)(5-8,6-9)(7-9)	-
1107	352	10	(11,4,2)	-	4	(0,60,56,10,0)	(68,116,26,0)	(80,38,2)	(40,5)	(755,104,69,14,43,0,6,0,15,4,0)	no	(0-9,2-5,3-7,6-8)(1-9,3-8,4-7,5-6)(4-8,6-9)(7-9)	-
1108	372	10	(11,4,1)	-	4	(0,60,56,10,0)	(68,118,24,0)	(80,39,1)	(40,5)	(780,84,61,27,25,8,3,3,11,1,6)	no	(0-9,2-8,4-6,5-7)(1-9,3-6,4-7,5-8)(5-9,7-8)(6-9)	-
1109	352	10	(11,4,2)	-	4	(0,60,57,9,0)	(68,116,26,0)	(79,39,2)	(40,5)	(764,99,70,12,33,10,3,0,8,1,2)	no	(4-9,5-8,6-7)(0-9,3-5,4-7,6-8)(1-9,2-6,7-8)(8-9)	-
1110	372	10	(11,5,1)	(4,12,1)	4	(0,60,57,9,0)	(68,118,24,0)	(79,40,1)	(40,5)	(751,108,74,12,42,2,3,4,6,0,5)	no	(0-9,4-8,6-7)(1-9,2-8,3-7,5-6)(4-5,6-9)(7-9)(8-9)	(3-9,5-6,7-8)(2-5,3-7,4-9,6-8)(0-8,4-7,5-9)(1-8,6-9)
1111	372	10	(11,4,1)	-	4	(0,60,57,9,0)	(68,118,24,0)	(79,40,1)	(40,5)	(766,100,67,15,30,8,4,0,7,0,6)	no	(0-9,5-7,6-8)(1-9,2-8,3-5,6-7)(4-9,7-8)(4-6,5-9)	-
1112	1052	10	(11,4,2)	-	4	(0,60,57,9,0)	(68,120,22,0)	(83,36,1)	(41,4)	(725,143,57,29,26,10,2,0,12,4,1)	no	(0-9,2-7,3-4,6-8)(1-9,5-6,7-8)(3-9,4-8,5-7)(6-9)	-
1113	188	10	(11,4,2)	-	4	(0,60,57,9,0)	(68,122,19,1)	(81,38,1)	(40,5)	(783,88,64,20,17,12,6,0,4,4,2)	no	(0-9,3-8,4-6,5-7)(1-9,2-7,4-5,6-8)(5-9,7-8)(6-9)	-
1114	1008	10	(11,4,1)	-	4	(0,60,57,9,0)	(72,114,24,0)	(85,33,2)	(41,4)	(725,148,60,12,29,17,0,0,11,5,1)	no	(0-9,3-5,4-8,6-7)(1-9,2-4,5-7,6-8)(3-9,7-8)(6-9)	-
1115	1052	10	(11,4,1)	-	4	(0,60,57,9,0)	(72,116,22,0)	(85,34,1)	(41,4)	(737,134,51,26,24,18,0,5,6,3,5)	no	(0-9,3-5,4-8,6-7)(1-9,2-7,4-5,6-8)(3-9,7-8)(6-9)	-
1116	120	10	(11,4,1)	-	4	(0,60,58,7,1)	(68,112,30,0)	(74,44,2)	(39,6)	(798,64,76,0,37,0,12,0,16,0,0)	no	(0-6,5-7,8-9)(1-9,3-8,4-5,6-7)(2-9,7-8)(6-8,7-9)	-
1117	76	10	(11,4,1)	-	4	(0,60,58,7,1)	(68,116,25,1)	(74,45,1)	(39,6)	(815,56,70,0,30,8,4,0,19,0,3)	no	(0-8,5-9,6-7)(4-7,5-8,6-9)(1-8,2-5,3-6,7-9)(8-9)	-
1118	372	10	(11,4,1)	-	4	(0,60,58,8,0)	(68,118,24,0)	(78,41,1)	(40,5)	(760,102,79,14,24,0,9,0,9,1,4)	no	(3-8,4-9,6-7)(0-9,5-7,6-8)(1-9,2-6,4-5,7-8)(8-9)	-
1119	194	10	(11,3,2)	-	4	(0,60,58,8,0)	(68,120,21,1)	(82,37,1)	(40,5)	(817,75,44,28,10,11,8,0,2,4,0)	no	(0-9,3-7,4-5,6-8)(1-9,2-8,4-7,5-6)(4-9,5-8,6-7)	-
1120	352	10	(11,3,1)	-	4	(0,60,58,8,0)	(68,122,19,1)	(80,39,1)	(40,5)	(786,83,59,23,19,10,15,0,8,2,3)	no	(0-9,5-6,7-8)(1-9,3-6,4-7,5-8)(2-8,3-7,4-6,5-9)	-
1121	312	10	(11,4,1)	-	4	(0,60,58,8,0)	(72,114,24,0)	(84,34,2)	(41,4)	(737,140,60,8,36,8,0,0,11,0,1)	no	(0-9,2-5,3-7,6-8)(1-9,4-8,6-7)(3-9,5-6,7-8)(4-9)	-
1122	1052	10	(11,5,1)	-	4	(0,60,58,8,0)	(72,116,22,0)	(84,35,1)	(41,4)	(725,141,62,26,23,13,0,4,6,5,6)	no	(0-9,3-4,5-6,7-8)(1-9,2-8,4-5,6-7)(3-9)(7-9)(8-9)	-
1123	540	10	(11,4,2)	-	4	(0,60,58,8,0)	(72,118,20,0)	(88,31,1)	(42,3)	(780,45,105,6,38,5,10,4,10,0,4)	yes	(2-9,3-8,5-7)(0-2,3-9,4-8,6-7)(1-7,4-9,6-8)(5-9)	-
1124	1550	10	(11,5,1)	-	4	(0,60,58,8,0)	(74,115,21,0)	(88,31,1)	(42,3)	(695,192,43,14,41,4,0,0,9,7,3)	no	(0-9,2-6,3-7,4-8)(1-9,4-6,5-8)(2-9,5-7)(3-9)(8-9)	-
1125	198	10	(11,4,1)	-	4	(0,60,59,7,0)	(60,130,20,0)	(77,42,1)	(40,5)	(747,124,70,0,39,0,6,0,17,0,6)	no	(0-7,4-6,8-9)(1-7,4-8,5-9)(3-9,5-6,7-8)(2-8,7-9)	-
1126	1052	10	(11,4,1)	-	4	(0,60,59,7,0)	(72,116,22,0)	(83,36,1)	(41,4)	(737,132,58,30,19,14,2,0,6,3,1)	no	(0-9,3-5,4-7,6-8)(1-9,2-8,6-7)(3-9,5-6,7-8)(4-9)	-
1127	372	10	(11,4,1)	-	4	(0,60,60,6,0)	(68,122,20,0)	(80,39,1)	(40,5)	(758,109,70,11,28,0,10,3,18,0,1)	no	(0-9,5-6,7-8)(1-9,3-7,4-5,6-8)(2-8,4-7,5-9)(6-9)	-
1128	352	10	(11,4,1)	-	4	(0,60,61,4,1)	(68,120,22,0)	(79,40,1)	(40,5)	(776,86,59,26,23,10,14,0,9,0,2)	no	(0-9,1-6,4-5,7-8)(2-8,4-9,6-7)(3-8,5-7,6-9)(8-9)	-
1129	372	10	(11,4,1)	-	4	(0,60,61,5,0)	(68,122,20,0)	(79,40,1)	(40,5)	(755,104,75,12,31,4,11,0,9,2,5)	no	(0-9,5-6,7-8)(1-8,4-7,6-9)(2-8,3-6,4-5,7-9)(8-9)	-
1130	1052	10	(11,4,2)	-	4	(0,60,61,5,0)	(68,124,18,0)	(83,36,1)	(41,4)	(718,159,63,10,30,6,2,4,5,7,1)	no	(0-9,5-7,6-8)(1-9,2-7,3-8,4-6)(3-9,4-5,7-8)(6-9)	-
1131	1056	10	(11,4,1)	-	4	(0,60,62,4,0)	(68,126,16,0)	(84,35,1)	(41,4)	(728,144,60,22,23,12,2,3,4,1,6)	no	(0-9,2-7,3-8,4-6)(1-9,5-6,7-8)(3-9,4-8,5-7)(6-9)	-
1132	1056	10	(11,4,1)	-	4	(0,60,63,3,0)	(72,122,16,0)	(85,34,1)	(41,4)	(728,140,65,21,18,14,1,4,12,2,4)	no	(0-9,3-8,4-5,6-7)(1-9,5-6,7-8)(2-7,3-9,4-8)(6-9)	-
1133	1534	10	(11,4,1)	-	4	(0,60,63,3,0)	(74,121,15,0)	(89,30,1)	(42,3)	(695,198,43,22,20,4,8,0,5,2,5)	no	(0-9,2-7,3-8,4-5)(1-9,4-6,7-8)(2-9,5-7,6-8)(3-9)	-
1134	38	10	(11,4,1)	-	4	(0,64,44,18,0)	(64,124,18,4)	(80,38,2)	(40,5)	(842,45,24,0,54,9,0,0,30,3,6)	yes	(0-9,1-4,5-7,6-8)(4-9,5-8,6-7)(2-7,3-8,5-9)(6-9)	-
1135	64	10	(11,3,1)	-	4	(0,64,52,9,1)	(64,128,16,2)	(80,40,0)	(41,4)	(813,49,60,0,40,14,16,0,16,0,0)	yes	(0-9,1-8,2-6,3-7)(2-8,3-9,4-7,5-6)(4-9,5-8,6-7)	-
1136	194	10	(11,4,2)	-	4	(0,64,52,10,0)	(64,126,20,0)	(80,40,0)	(41,4)	(785,63,88,0,41,0,14,0,13,0,0)	yes	(1-8,4-6,7-9)(2-6,3-7,4-9,5-8)(0-9,5-7,6-8)(8-9)	-
1137	300	10	(11,3,2)	-	4	(0,66,51,9,0)	(66,129,14,1)	(84,35,1)	(41,4)	(756,108,69,12,14,28,4,4,9,4,3)	yes	(0-9,2-6,3-8,4-7)(1-9,2-7,3-6,5-8)(4-8,5-7,6-9)	-
1138	1008	10	(11,3,1)	-	4	(0,66,53,7,0)	(74,121,14,1)	(86,33,1)	(41,4)	(733,148,46,17,30,13,3,4,5,6,4)	no	(0-9,3-8,4-7,5-6)(1-9,3-4,5-7,6-8)(2-8,5-9,6-7)	-
1139	312	10	(11,3,1)	-	4	(0,66,53,7,0)	(74,121,14,1)	(86,33,1)	(41,4)	(759,114,46,26,39,10,0,4,2,4,2)	no	(0-9,3-8,4-7,5-6)(1-9,2-8,3-6,5-7)(4-8,5-9,6-7)	-
1140	324	10	(11,4,1)	-	4	(0,66,55,5,0)	(74,119,17,0)	(84,35,1)	(41,4)	(731,122,71,20,39,12,3,0,5,0,8)	no	(1-8,3-7,4-6,5-9)(2-8,3-5,4-7,6-9)(0-9,7-8)(8-9)	-
1141	1052	10	(11,4,1)	-	4	(0,66,55,5,0)	(74,121,15,0)	(86,33,1)	(41,4)	(724,159,47,17,33,3,4,4,9,5,0)	no	(0-9,3-8,4-5,6-7)(1-9,3-5,4-7,6-8)(2-8,6-9)(7-9)	-
1142	1052	10	(11,4,1)	-	4	(0,66,56,4,0)	(74,121,15,0)	(85,34,1)	(41,4)	(718,155,59,9,34,11,6,3,6,10,1)	no	(0-9,3-4,5-6,7-8)(1-9,3-7,4-5,6-8)(2-8,7-9)(8-9)	-
1143	1052	10	(11,4,1)	-	4	(0,66,56,4,0)	(74,121,15,0)	(85,34,1)	(41,4)	(724,141,56,26,35,10,3,3,6,4,3)	no	(0-9,3-5,4-8,6-7)(1-9,3-8,4-7,5-6)(2-8,6-9)(7-9)	-
1144	300	10	(11,4,1)	-	4	(0,66,57,2,1)	(78,115,17,0)	(86,33,1)	(41,4)	(750,116,46,28,45,4,0,4,4,8,0)	yes	(0-9,3-5,4-7,6-8)(1-9,3-6,4-5,7-8)(2-8,6-9)(7-9)	-
1145	1056	10	(11,4,1)	-	4	(0,66,57,3,0)	(74,123,13,0)	(86,33,1)	(41,4)	(725,147,49,22,33,15,2,0,13,3,1)	no	(0-9,3-7,4-5,6-8)(1-9,2-8,4-7,5-6)(3-8,6-9)(7-9)	-
1146	1476	10	(11,4,1)	-	4	(0,66,57,3,0)	(78,119,13,0)	(90,29,1)	(42,3)	(701,187,31,28,36,4,2,3,4,10,3)	no	(0-9,2-8,3-7,4-5)(1-9,4-8,6-7)(2-9,3-8,5-6)(7-9)	-
1147	1498	10	(11,4,1)	-	4	(0,66,57,3,0)	(80,116,14,0)	(90,29,1)	(42,3)	(692,193,39,21,40,6,0,3,4,9,3)	yes	(0-9,3-4,5-6,7-8)(1-9,2-8,4-5,6-7)(2-9,3-8)(7-9)	-
1148	924	10	(11,4,1)	-	4	(0,66,58,2,0)	(82,115,13,0)	(91,28,1)	(42,3)	(709,166,55,16,30,13,0,0,16,2,2)	yes	(0-9,2-8,4-6,5-7)(1-9,3-8,6-7)(2-9,3-5,4-8)(7-9)	-
1149	352	10	(11,4,2)	-	4	(0,68,50,8,0)	(76,114,20,0)	(84,35,1)	(41,4)	(781,61,85,0,53,0,12,0,12,2,1)	no	(0-9,1-7,3-5,6-8)(4-9,5-6,7-8)(2-8,4-7,6-9)(8-9)	-
1150	372	10	(11,4,1)	-	4	(0,68,50,8,0)	(76,116,18,0)	(84,36,0)	(41,4)	(783,64,84,0,44,0,18,0,9,0,6)	no	(0-9,5-6,7-8)(2-6,3-7,4-9,5-8)(1-8,4-7,5-9)(6-9)	-
1151	372	10	(11,4,1)	-	4	(0,68,50,8,0)	(76,116,18,0)	(84,36,0)	(41,4)	(800,54,75,8,37,0,15,0,12,2,3)	no	(0-9,1-8,4-6,5-7)(2-7,3-6,4-8,5-9)(5-8,6-9)(7-9)	-
1152	220	10	(11,4,1)	-	4	(0,68,50,8,0)	(76,118,15,1)	(84,36,0)	(41,4)	(805,48,64,8,41,8,14,0,19,0,4)	no	(0-9,3-6,4-7,5-8)(1-7,2-5,4-9,6-8)(5-9,7-8)(6-9)	-
1153	1052	10	(11,4,2)	-	4	(0,68,51,7,0)	(76,118,16,0)	(87,33,0)	(42,3)	(743,112,81,4,35,7,10,0,6,2,6)	no	(0-9,2-8,4-5,6-7)(1-7,2-9,3-8,5-6)(3-9,7-8)(4-9)	-
1154	1056	10	(11,4,1)	-	4	(0,68,52,6,0)	(76,120,14,0)	(88,32,0)	(42,3)	(753,93,90,13,23,8,10,6,5,0,6)	no	(0-9,3-8,4-7,5-6)(2-6,3-9,7-8)(1-8,4-9,5-7)(6-9)	-
1155	1052	10	(11,3,2)	-	4	(0,68,52,6,0)	(76,120,14,0)	(88,32,0)	(42,3)	(761,87,80,18,21,10,14,3,9,2,2)	no	(1-9,2-8,4-7,5-6)(3-9,5-8,6-7)(0-7,3-6,4-8,5-9)	-
1156	1476	10	(11,4,1)	-	4	(0,70,50,6,0)	(82,115,13,0)	(93,27,0)	(43,2)	(728,146,57,11,20,10,13,12,4,1,3)	no	(0-9,2-8,3-6,4-7)(2-9,5-6,7-8)(1-7,3-9,5-8)(4-9)	-
1157	124	10	(11,3,1)	-	4	(0,72,44,9,1)	(80,112,16,2)	(84,36,0)	(41,4)	(826,41,60,8,32,10,8,0,19,4,4)	no	(3-9,5-6,7-8)(2-8,3-6,4-9,5-7)(0-9,1-7,4-6,5-8)	-
1158	484	10	(11,4,2)	-	4	(0,72,45,9,0)	(80,114,15,1)	(89,30,1)	(42,3)	(758,88,80,22,22,11,6,2,13,0,4)	no	(0-9,2-8,4-7,5-6)(1-6,2-9,3-8,5-7)(3-9,4-8)(7-9)	-
1159	196	10	(11,4,1)	-	4	(0,72,46,7,1)	(80,110,19,1)	(84,35,1)	(41,4)	(793,56,75,0,47,7,19,0,7,0,4)	no	(0-8,1-5,3-9,6-7)(2-7,3-8,4-9,5-6)(4-8,6-9)(7-9)	-
1160	352	10	(11,4,2)	-	4	(0,72,46,8,0)	(80,110,20,0)	(84,35,1)	(41,4)	(783,55,86,8,48,0,14,0,11,0,2)	no	(0-9,1-5,4-8,6-7)(2-6,3-9,7-8)(3-8,4-9,5-7)(6-9)	-
1161	516	10	(11,3,1)	-	4	(0,72,46,8,0)	(84,108,18,0)	(90,29,1)	(42,3)	(757,87,84,22,17,9,13,0,12,4,4)	yes	(2-9,3-8,4-5,6-7)(1-8,5-7,6-9)(0-7,3-9,4-6,5-8)	-
1162	540	10	(11,3,1)	-	4	(0,72,47,7,0)	(84,110,16,0)	(91,28,1)	(42,3)	(752,98,80,14,32,4,8,2,11,0,5)	no	(0-4,3-8,5-6,7-9)(2-9,5-7,6-8)(1-8,3-9,4-5,6-7)	-
1163	572	10	(11,4,1)	-	4	(0,72,48,5,1)	(80,116,13,1)	(88,32,0)	(42,3)	(763,85,82,14,25,16,4,2,7,3,8)	no	(0-8,2-9,4-5,6-7)(1-7,2-8,3-9,5-6)(3-8,4-9)(7-9)	-
1164	1052	10	(11,4,2)	-	4	(0,72,48,6,0)	(80,116,14,0)	(88,32,0)	(42,3)	(743,103,93,9,28,4,9,1,9,3,5)	no	(0-9,2-8,4-5,6-7)(1-7,2-9,3-8,5-6)(3-9,4-8)(7-9)	-
1165	576	10	(11,4,1)	-	4	(0,72,48,6,0)	(80,118,12,0)	(90,30,0)	(42,3)	(764,69,104,22,3,11,16,0,8,1,10)	no	(0-9,3-8,4-6,5-7)(1-6,2-7,3-9,4-8)(5-8,6-9)(7-9)	-
1166	1008	10	(11,4,1)	-	4	(0,72,48,6,0)	(84,110,16,0)	(90,29,1)	(42,3)	(747,107,77,5,38,4,15,5,4,2,2)	no	(0-9,2-5,3-8,6-7)(1-8,3-9,4-7,5-6)(4-8,6-9)(7-9)	-
1167	1052	10	(11,3,1)	-	4	(0,72,48,6,0)	(84,112,14,0)	(90,30,0)	(42,3)	(777,81,60,23,30,11,7,3,10,4,3)	no	(2-7,3-9,4-8,5-6)(0-9,1-8,3-6,5-7)(4-9,5-8,6-7)	-
1168	1056	10	(11,4,1)	-	4	(0,72,49,5,0)	(84,112,14,0)	(89,31,0)	(42,3)	(751,89,84,21,31,8,9,4,6,1,4)	no	(0-9,3-5,4-8,6-7)(2-6,3-9,7-8)(1-8,4-9,5-7)(6-9)	-
1169	1052	10	(11,4,1)	-	4	(0,72,49,5,0)	(84,112,14,0)	(89,31,0)	(42,3)	(753,91,76,25,33,2,13,4,7,1,3)	no	(0-9,3-8,4-5,6-7)(2-7,3-9,4-8,5-6)(1-8,6-9)(7-9)	-
1170	3004	10	(11,4,1)	-	4	(0,72,50,4,0)	(86,113,11,0)	(94,26,0)	(43,2)	(715,150,71,16,20,8,5,6,6,4,5)	no	(0-9,2-8,3-6,4-7)(1-8,2-9,5-7)(3-9,4-8,5-6)(7-9)	-
1171	2932	10	(11,4,2)	-	4	(0,74,47,5,0)	(88,110,12,0)	(94,26,0)	(43,2)	(717,148,67,13,21,11,11,7,6,4,2)	yes	(0-9,1-7,2-8,4-5)(1-9,3-8,4-7,5-6)(2-9,6-8)(3-9)	-
1172	924	10	(11,4,1)	-	4	(0,74,47,5,0)	(90,107,13,0)	(94,26,0)	(43,2)	(733,122,74,13,23,14,14,4,5,0,0)	yes	(0-9,2-7,4-6,5-8)(2-9,3-5,7-8)(1-7,3-9,6-8)(4-9)	-
1173	112	10	(11,4,1)	-	4	(0,76,38,12,0)	(84,106,19,1)	(88,30,2)	(41,4)	(786,56,80,0,60,8,0,0,11,0,8)	no	(0-8,2-4,5-7,6-9)(3-5,6-8,7-9)(1-9,4-6,7-8)(8-9)	-
1174	352	10	(11,4,1)	-	4	(0,76,40,10,0)	(84,108,18,0)	(88,31,1)	(41,4)	(790,54,82,8,43,0,12,0,15,2,1)	no	(0-9,1-8,4-6,5-7)(2-7,3-4,5-9,6-8)(5-8,6-9)(7-9)	-
1175	968	10	(11,4,4)	-	4	(0,76,40,10,0)	(84,110,15,1)	(90,29,1)	(42,3)	(758,75,95,17,27,10,12,0,9,0,5)	no	(0-9,2-5,4-7,6-8)(1-7,3-9,4-8,5-6)(3-8,6-9)(7-9)	-
1176	540	10	(11,4,1)	-	4	(0,76,43,7,0)	(88,106,16,0)	(91,28,1)	(42,3)	(745,100,79,4,46,16,2,0,12,4,0)	no	(0-3,1-8,4-5,7-9)(3-7,5-8,6-9)(2-9,4-6,7-8)(8-9)	-
1177	1052	10	(11,4,1)	-	4	(0,76,43,7,0)	(88,108,14,0)	(91,29,0)	(42,3)	(753,95,72,14,35,13,12,2,9,3,4)	no	(0-9,3-5,4-8,6-7)(2-7,3-9,4-5,6-8)(1-8,6-9)(7-9)	-
1178	486	10	(11,4,1)	-	4	(0,76,44,5,1)	(88,110,11,1)	(94,26,0)	(43,2)	(747,121,53,7,35,9,18,8,2,8,0)	yes	(0-8,1-9,3-5,4-6)(1-8,2-9,5-7)(2-8,3-9,6-7)(4-9)	-
1179	119	10	(11,3,1)	-	4	(0,76,44,6,0)	(84,112,13,1)	(88,32,0)	(41,4)	(837,46,56,8,21,3,16,0,4,6,0)	no	(1-7,3-9,4-6,5-8)(4-8,5-9,6-7)(0-6,2-8,4-9,5-7)	-
1180	542	10	(11,3,2)	-	4	(0,76,44,6,0)	(84,114,12,0)	(90,30,0)	(42,3)	(760,70,92,28,24,4,20,0,8,0,2)	no	(1-8,2-6,3-9,5-7)(0-9,2-8,3-7,4-6)(4-7,5-6,8-9)	-
1181	802	10	(11,4,1)	-	4	(0,76,44,6,0)	(90,107,13,0)	(94,26,0)	(43,2)	(709,145,80,12,26,14,0,12,4,2,0)	no	(1-8,2-4,3-7,5-9)(3-5,4-8,6-9)(0-9,2-6,7-8)(8-9)	-
1182	576	10	(11,3,1)	-	4	(0,76,48,2,0)	(88,114,8,0)	(92,28,0)	(42,3)	(760,85,77,14,31,14,10,5,11,1,0)	no	(1-8,2-9,3-6,5-7)(4-9,5-8,6-7)(0-7,3-8,4-6,5-9)	-
1183	802	10	(11,3,1)	-	4	(0,76,48,2,0)	(90,113,7,0)	(96,24,0)	(43,2)	(729,125,72,20,21,10,21,0,4,0,4)	no	(0-9,1-8,2-6,3-7)(2-8,3-9,4-6,5-7)(4-9,5-8,6-7)	-
1184	2952	10	(11,4,1)	-	4	(0,78,42,6,0)	(90,109,11,0)	(95,25,0)	(43,2)	(727,126,76,12,31,5,14,7,4,1,7)	no	(0-9,2-8,3-6,5-7)(1-7,2-9,4-8)(3-9,4-6,5-8)(7-9)	-
1185	2952	10	(11,3,1)	-	4	(0,78,45,3,0)	(90,113,7,0)	(96,24,0)	(43,2)	(740,110,74,21,17,15,14,7,6,0,2)	no	(0-9,2-7,3-8,4-6)(1-8,2-9,3-7,5-6)(4-8,5-7,6-9)	-
1186	540	10	(11,3,2)	-	4	(0,80,38,8,0)	(92,102,16,0)	(92,27,1)	(42,3)	(765,67,87,36,21,2,14,0,9,0,4)	yes	(2-9,3-7,4-8,5-6)(0-9,1-5,2-7,6-8)(3-8,4-7,6-9)	-
1187	2178	10	(11,4,1)	-	4	(0,80,40,6,0)	(98,101,11,0)	(100,20,0)	(44,1)	(704,168,54,8,35,6,8,14,7,0,2)	yes	(0-9,1-8,2-6,3-7)(1-9,4-8,5-7)(2-9,4-6,5-8)(3-9)	-
1188	828	10	(11,3,3)	-	4	(0,82,35,9,0)	(94,103,12,1)	(96,23,1)	(43,2)	(746,92,92,26,10,10,6,10,8,0,6)	yes	(0-1,2-7,3-8,4-9)(1-2,3-7,5-8,6-9)(4-7,5-9,6-8)	-
1189	2932	10	(11,3,3)	-	4	(0,82,39,5,0)	(96,104,10,0)	(96,24,0)	(43,2)	(726,113,88,28,18,9,11,2,5,4,3)	yes	(1-9,2-7,3-8,5-6)(1-7,2-6,3-9,4-8)(0-7,4-9,5-8)	-
1190	104	10	(11,3,1)	-	4	(0,84,24,18,0)	(84,110,12,4)	(86,33,1)	(41,4)	(818,42,60,6,42,6,12,0,18,6,3)	yes	(0-4,3-5,6-8,7-9)(2-9,3-4,5-6,7-8)(1-8,5-7,6-9)	-
1191	612	10	(11,3,1)	-	4	(0,84,34,8,0)	(92,108,9,1)	(92,28,0)	(42,3)	(766,84,66,13,43,10,4,5,14,8,0)	yes	(2-8,3-9,4-6,5-7)(0-9,3-4,5-8,6-7)(1-7,5-9,6-8)	-
1192	1644	10	(11,3,1)	-	4	(0,84,40,2,0)	(100,104,6,0)	(98,22,0)	(43,2)	(734,112,76,16,30,16,4,8,8,0,4)	yes	(1-9,2-7,3-6,4-8)(2-3,4-6,5-9,7-8)(0-8,5-6,7-9)	-
1193	4184	10	(11,3,1)	-	4	(0,86,37,3,0)	(104,100,6,0)	(102,18,0)	(44,1)	(712,144,71,15,26,11,8,6,6,6,1)	yes	(1-8,2-7,3-4,6-9)(1-7,2-9,3-5,4-8)(0-7,5-9,6-8)	-
1194	156	10	(11,5,1)	-	4<5	(0,60,50,15,1)	(72,108,27,3)	(86,30,4)	(41,4)	(764,102,60,8,32,16,3,0,20,0,7)	no	(0-9,2-3,4-5,7-8)(1-9,5-7,6-8)(3-9,4-6)(7-9)(8-9)	-
1195	308	10	(11,3,1)	-	4<5	(0,72,44,10,0)	(80,114,14,2)	(86,33,1)	(41,4)	(738,132,58,20,17,26,0,4,8,4,4)	no	(0-9,2-8,4-7,5-6)(1-9,3-4,5-7,6-8)(3-6,5-9,7-8)	-
1196	308	10	(11,4,1)	-	4<5	(0,72,46,8,0)	(80,112,17,1)	(86,32,2)	(41,4)	(718,154,55,20,35,4,5,0,6,10,5)	no	(0-9,2-3,5-7,6-8)(1-9,4-6,7-8)(3-8,4-5,6-9)(7-9)	-
1197	300	10	(11,4,1)	-	4<5	(0,72,46,8,0)	(84,106,20,0)	(88,30,2)	(41,4)	(735,140,60,20,17,16,0,4,2,8,0)	no	(0-9,2-3,4-8,6-7)(1-9,3-8,4-6,5-7)(5-8,6-9)(7-9)	-
1198	1052	10	(11,4,1)	-	4<5	(0,72,47,7,0)	(80,114,16,0)	(87,32,1)	(41,4)	(728,144,58,21,28,9,3,4,4,3,1)	no	(0-9,3-5,4-7,6-8)(1-9,2-6,4-5,7-8)(3-8,6-9)(7-9)	-
1199	984	10	(11,4,2)	-	4<5	(0,72,47,7,0)	(84,106,20,0)	(87,31,2)	(41,4)	(732,135,56,26,26,12,4,3,5,9,2)	no	(0-9,3-8,4-5,6-7)(1-9,2-3,5-7,6-8)(4-8,6-9)(7-9)	-
1200	154	10	(11,4,1)	-	4<5	(0,72,48,5,1)	(80,112,17,1)	(84,35,1)	(41,4)	(748,104,80,8,27,16,11,0,9,0,8)	no	(3-4,5-8,7-9)(0-7,1-9,3-5,6-8)(2-9,4-6,7-8)(8-9)	-
1201	528	10	(11,4,1)	-	4<5	(0,72,48,6,0)	(80,114,16,0)	(86,33,1)	(41,4)	(725,136,81,6,26,12,5,0,12,4,2)	no	(0-9,3-7,4-5,6-8)(1-9,2-6,4-8,5-7)(3-8,6-9)(7-9)	-
1202	754	10	(11,4,1)	-	4<5	(0,72,48,6,0)	(84,110,16,0)	(90,29,1)	(42,3)	(698,180,50,17,40,4,2,3,0,12,2)	no	(0-9,2-5,3-8,4-7)(1-9,4-8,6-7)(2-9,3-6,5-8)(7-9)	-
1203	3004	10	(11,4,1)	-	4<5	(0,72,49,5,0)	(86,109,15,0)	(91,28,1)	(42,3)	(692,197,32,24,39,6,1,0,12,4,2)	no	(0-9,2-3,4-5,7-8)(1-9,3-8,6-7)(2-9,4-8,5-6)(7-9)	-
1204	156	10	(11,4,1)	-	4<5	(0,78,37,10,1)	(78,117,13,2)	(86,33,1)	(41,4)	(747,120,64,8,54,0,0,0,8,0,8)	no	(0-9,1-6,3-5,7-8)(3-7,4-8,6-9)(2-6,4-5,7-9)(8-9)	-
1205	300	10	(11,3,1)	-	4<5	(0,78,39,9,0)	(86,109,14,1)	(88,31,1)	(41,4)	(756,134,43,18,12,22,0,0,5,8,11)	no	(0-9,2-8,3-5,6-7)(1-9,3-6,4-5,7-8)(4-7,5-9,6-8)	-
1206	984	10	(11,3,1)	-	4<5	(0,78,40,8,0)	(86,109,14,1)	(87,32,1)	(41,4)	(742,133,49,25,22,17,0,4,8,3,6)	no	(0-9,2-8,3-5,6-7)(1-9,3-4,5-6,7-8)(4-7,5-9,6-8)	-
1207	426	10	(11,3,1)	-	4<5	(0,78,42,5,1)	(90,105,14,1)	(91,28,1)	(42,3)	(734,125,77,16,25,11,0,3,10,0,4)	no	(2-9,3-4,5-8,6-7)(0-9,3-5,4-7,6-8)(1-9,2-6,7-8)	-
1208	222	10	(11,4,1)	-	4<5	(0,84,33,9,0)	(92,104,13,1)	(91,28,1)	(42,3)	(737,112,88,4,36,8,4,4,10,0,8)	no	(0-7,2-9,4-6,5-8)(1-7,2-8,3-9)(3-5,4-9,6-8)(7-9)	-
1209	1436	10	(11,3,1)	-	4<5	(0,84,35,7,0)	(92,108,9,1)	(93,26,1)	(42,3)	(710,178,29,28,26,22,4,0,3,6,5)	no	(0-9,2-6,3-4,7-8)(1-9,3-8,4-5,6-7)(2-8,5-7,6-9)	-
1210	704	10	(11,3,1)	-	4<5	(0,84,35,7,0)	(92,108,9,1)	(93,26,1)	(42,3)	(722,150,52,22,28,14,7,0,4,4,7)	no	(0-9,2-6,3-8,4-7)(1-9,2-8,3-5,6-7)(4-8,5-7,6-9)	-
1211	1472	10	(11,3,1)	-	4<5	(0,84,36,6,0)	(96,104,9,1)	(94,25,1)	(42,3)	(713,169,43,22,25,17,4,0,5,8,2)	no	(0-9,2-4,5-8,6-7)(1-9,2-3,4-7,6-8)(3-5,6-9,7-8)	-
1212	474	10	(11,3,1)	-	4<5	(0,84,36,6,0)	(96,104,9,1)	(94,25,1)	(42,3)	(716,155,59,10,37,15,4,0,8,6,0)	no	(0-9,3-8,4-5,6-7)(1-9,2-7,6-8)(2-3,4-8,5-7,6-9)	-
1213	1508	10	(11,4,1)	-	4<5	(0,84,39,3,0)	(96,104,10,0)	(93,26,1)	(42,3)	(695,182,33,46,27,8,5,0,1,10,4)	no	(0-9,3-7,4-8,5-6)(1-9,2-3,5-7,6-8)(2-4,7-9)(8-9)	-
1214	1498	10	(11,4,1)	-	4<5	(0,84,39,3,0)	(98,101,11,0)	(93,26,1)	(42,3)	(695,178,56,14,40,6,5,0,5,6,7)	no	(0-9,2-4,3-5,7-8)(1-9,2-3,5-7,6-8)(4-6,7-9)(8-9)	-
1215	426	10	(11,4,1)	-	4<5	(0,86,29,10,1)	(98,97,13,2)	(96,23,1)	(43,2)	(736,108,92,7,17,8,27,0,9,4,0)	no	(0-9,2-3,4-5,7-8)(1-3,2-9,5-7,6-8)(4-6,7-9)(8-9)	-
1216	252	10	(11,3,1)	-	4<5	(0,88,28,9,1)	(96,102,10,2)	(94,26,0)	(43,2)	(749,97,85,15,21,7,16,0,12,4,0)	no	(0-7,1-9,3-8,4-6)(1-7,2-9,3-5,4-8)(2-7,5-6,8-9)	-
1217	754	10	(11,3,1)	-	4<5	(0,88,32,6,0)	(100,100,10,0)	(96,24,0)	(43,2)	(722,127,92,12,18,2,8,12,11,3,0)	no	(1-8,2-9,3-6,4-7)(2-8,3-4,5-6,7-9)(0-9,5-7,6-8)	-
1218	1534	10	(11,3,1)	-	4<5	(0,88,33,5,0)	(102,99,9,0)	(97,23,0)	(43,2)	(716,144,75,19,15,3,10,12,11,3,0)	no	(2-8,3-5,4-6,7-9)(0-9,1-8,3-4,6-7)(2-9,5-7,6-8)	-
1219	194	10	(11,4,2)	-	5	(16,44,54,12,0)	(92,90,27,1)	(88,30,2)	(41,4)	(811,43,68,16,29,4,24,0,2,0,8)	no	(0-9,1-4,5-8,6-7)(2-7,3-5,4-9,6-8)(5-9,7-8)(6-9)	-
1220	76	10	(11,5,1)	(4,13,2)	5	(16,48,44,18,0)	(80,100,28,2)	(80,38,2)	(40,5)	(834,21,60,0,62,6,0,0,20,1,2)	no	(0-9,1-5,4-7,6-8)(3-6,5-9,7-8)(2-8,6-9)(7-9)(8-9)	(0-3,4-8,5-7,6-9)(4-9,5-8,6-7)(2-4,3-7,5-9,6-8)(1-7,8-9)
1221	23	10	(11,4,1)	-	5	(16,48,44,18,0)	(80,108,18,4)	(80,40,0)	(40,5)	(870,12,28,0,68,10,0,0,12,0,0)	yes	(0-8,3-6,4-7,5-9)(5-8,6-9)(2-5,6-8,7-9)(1-9,7-8)	-
1222	222	10	(11,5,1)	-	5	(16,48,46,16,0)	(96,84,29,1)	(94,24,2)	(43,2)	(790,56,54,30,32,0,20,4,22,0,0)	no	(0-9,1-2,3-8,4-6,5-7)(2-9,6-8)(3-9,7-8)(4-9)(5-9)	-
1223	72	10	(11,4,1)	-	5	(16,48,48,14,0)	(80,104,24,2)	(80,38,2)	(40,5)	(838,19,68,0,46,3,8,0,20,3,2)	no	(0-6,1-9,2-5,7-8)(4-8,5-9,6-7)(6-8,7-9)(3-7,8-9)	-
1224	352	10	(11,4,2)	-	5	(16,48,50,12,0)	(88,96,25,1)	(86,32,2)	(41,4)	(796,50,79,6,36,6,22,0,6,0,4)	no	(0-9,1-3,4-7,6-8)(2-6,3-9,4-8,5-7)(5-8,6-9)(7-9)	-
1225	188	10	(11,4,1)	-	5	(16,48,50,12,0)	(88,96,25,1)	(86,32,2)	(41,4)	(818,34,64,20,38,0,10,4,8,4,4)	no	(2-8,3-4,5-9,6-7)(4-9,5-7,6-8)(0-9,1-6,7-8)(8-9)	-
1226	240	10	(11,4,2)	-	5	(16,48,50,12,0)	(96,84,30,0)	(90,28,2)	(42,3)	(776,66,80,14,38,2,8,6,10,2,0)	no	(0-6,1-7,2-9,4-8)(2-3,4-9,5-8)(3-8,5-9)(6-8,7-9)	-
1227	28	10	(11,5,1)	-	5	(16,48,52,8,2)	(80,104,24,2)	(80,40,0)	(40,5)	(856,14,64,0,48,8,0,0,0,4,16)	no	(0-9,5-6,7-8)(2-6,3-7,4-8,5-9)(1-5,6-9)(7-9)(8-9)	-
1228	98	10	(11,5,1)	-	5	(16,48,52,8,2)	(88,100,20,2)	(88,32,0)	(42,3)	(768,58,110,4,32,18,8,0,4,8,2)	no	(0-9,3-5,4-6,7-8)(1-7,2-8,3-9,5-6)(4-9)(7-9)(8-9)	-
1229	105	10	(11,5,1)	-	5	(16,48,52,8,2)	(96,92,20,2)	(96,24,0)	(44,1)	(730,114,76,12,32,24,0,0,8,0,16)	no	(0-9,1-5,2-6,3-7,4-8)(1-9,5-6,7-8)(2-9)(3-9)(4-9)	-
1230	72	10	(11,4,1)	-	5	(16,48,52,10,0)	(80,108,22,0)	(80,40,0)	(40,5)	(826,23,76,0,60,0,4,0,8,5,0)	no	(0-9,5-8,6-7)(4-7,5-9,6-8)(1-8,2-5,3-6,7-9)(8-9)	-
1231	107	10	(11,3,1)	-	5	(16,48,54,6,2)	(96,86,27,1)	(88,30,2)	(41,4)	(791,52,88,0,39,7,16,0,15,4,0)	yes	(1-3,4-8,5-7,6-9)(0-9,2-4,5-8,6-7)(3-7,5-9,6-8)	-
1232	352	10	(11,4,2)	-	5	(16,48,54,8,0)	(88,100,22,0)	(86,33,1)	(41,4)	(784,54,91,0,45,6,17,0,4,2,1)	no	(0-9,5-8,6-7)(2-6,3-5,4-9,7-8)(1-8,4-7,5-9)(6-9)	-
1233	198	10	(11,3,1)	-	5	(16,48,54,8,0)	(88,102,20,0)	(86,34,0)	(41,4)	(802,46,82,10,30,2,22,4,7,0,0)	yes	(1-8,3-5,4-6,7-9)(0-7,5-8,6-9)(2-9,3-6,4-5,7-8)	-
1234	64	10	(11,3,1)	-	5	(16,48,58,4,0)	(96,92,22,0)	(88,32,0)	(41,4)	(829,55,64,0,12,8,16,0,18,0,0)	yes	(4-5,6-7,8-9)(2-9,3-8,4-6,5-7)(0-6,1-7,4-9,5-8)	-
1235	119	10	(11,4,1)	-	5	(16,52,44,14,0)	(84,104,21,1)	(84,36,0)	(41,4)	(801,32,70,16,67,8,0,0,11,4,0)	no	(0-8,3-7,4-5,6-9)(2-6,4-8,7-9)(5-9,6-8)(1-9,7-8)	-
1236	174	10	(11,4,1)	-	5	(16,52,46,12,0)	(88,100,22,0)	(88,32,0)	(42,3)	(774,40,96,19,64,0,4,1,10,0,0)	no	(1-8,3-5,4-6,7-9)(0-7,3-8,5-9)(4-8,6-9)(2-9,7-8)	-
1237	117	10	(11,4,1)	-	5	(16,52,46,12,0)	(92,96,22,0)	(92,28,0)	(43,2)	(762,40,132,12,36,0,9,8,0,0,0)	yes	(0-8,2-5,4-7,6-9)(2-8,3-6,5-9)(3-8,7-9)(1-9,4-8)	-
1238	984	10	(11,4,1)	-	5	(16,52,46,12,0)	(96,90,23,1)	(92,26,2)	(42,3)	(776,67,72,24,33,7,11,4,6,3,6)	no	(0-9,1-8,2-4,3-5,6-7)(3-9,5-7,6-8)(4-9,7-8)(6-9)	-
1239	300	10	(11,4,1)	-	5	(16,52,46,12,0)	(96,90,23,1)	(92,26,2)	(42,3)	(804,48,64,30,26,0,4,13,8,0,10)	no	(0-9,2-3,4-7,6-8)(3-9,5-8,6-7)(1-6,4-9,7-8)(5-9)	-
1240	420	10	(11,4,1)	-	5	(16,52,46,12,0)	(100,84,26,0)	(94,25,1)	(43,2)	(770,64,74,28,38,0,17,2,9,0,2)	no	(1-7,2-8,3-9,4-6)(2-9,5-8)(3-5,4-9,6-8)(0-9,7-8)	-
1241	208	10	(11,4,2)	-	5	(16,52,50,7,1)	(92,96,21,1)	(86,33,1)	(41,4)	(798,52,81,0,39,10,7,0,14,0,5)	no	(3-9,5-8,6-7)(0-5,1-6,2-7,3-8,4-9)(4-8,6-9)(7-9)	-
1242	372	10	(11,4,1)	-	5	(16,52,50,8,0)	(84,108,18,0)	(84,36,0)	(41,4)	(779,48,110,0,37,12,6,0,12,0,2)	no	(0-9,5-7,6-8)(1-6,4-9,7-8)(2-7,3-8,4-5,6-9)(8-9)	-
1243	352	10	(11,4,2)	-	5	(16,52,50,8,0)	(92,96,22,0)	(86,33,1)	(41,4)	(784,58,94,0,41,4,10,0,9,0,3)	no	(2-5,3-9,4-8,6-7)(0-6,4-9,7-8)(1-7,3-8,5-9)(6-9)	-
1244	352	10	(11,4,1)	-	5	(16,52,50,8,0)	(92,98,20,0)	(88,31,1)	(41,4)	(789,46,92,12,39,0,10,4,13,1,5)	no	(0-9,3-4,5-7,6-8)(1-8,2-6,4-7,5-9)(5-8,6-9)(7-9)	-
1245	1008	10	(11,4,2)	-	5	(16,52,50,8,0)	(96,94,19,1)	(92,26,2)	(42,3)	(761,80,86,10,33,7,11,5,8,3,4)	no	(0-9,2-3,4-8,6-7)(3-9,5-7,6-8)(1-8,4-5,6-9)(7-9)	-
1246	312	10	(11,4,1)	-	5	(16,52,50,8,0)	(96,94,19,1)	(92,26,2)	(42,3)	(772,68,92,11,26,4,6,10,18,0,0)	no	(0-9,2-3,4-8,6-7)(1-8,3-9,4-6,5-7)(5-8,6-9)(7-9)	-
1247	984	10	(11,3,1)	-	5	(16,52,51,7,0)	(96,94,20,0)	(91,28,1)	(42,3)	(753,91,83,17,26,11,13,5,3,0,3)	yes	(0-9,1-5,2-7,3-6,4-8)(2-9,4-6,7-8)(3-8,5-7,6-9)	-
1248	944	10	(11,4,4)	-	5	(16,52,51,7,0)	(100,88,22,0)	(93,25,2)	(42,3)	(757,91,77,13,31,15,8,1,7,2,3)	no	(0-6,1-4,2-9,3-8,5-7)(2-8,3-9,6-7)(4-9,5-8)(7-9)	-
1249	328	10	(11,4,1)	-	5	(16,52,52,5,1)	(100,84,26,0)	(88,30,2)	(41,4)	(781,58,97,0,36,4,16,0,7,2,6)	no	(4-9,5-7,6-8)(2-5,3-4,6-9,7-8)(0-6,1-8,7-9)(8-9)	-
1250	198	10	(11,3,1)	-	5	(16,52,52,6,0)	(92,98,20,0)	(88,32,0)	(41,4)	(835,38,64,12,24,0,6,12,2,1,16)	no	(0-9,3-8,4-5,6-7)(4-7,5-9,6-8)(1-6,2-7,4-9,5-8)	-
1251	528	10	(11,4,1)	-	5	(16,52,52,6,0)	(92,102,16,0)	(90,30,0)	(42,3)	(754,77,104,0,38,10,16,0,2,3,6)	no	(0-9,3-5,4-7,6-8)(2-6,3-9,7-8)(1-8,4-9,5-7)(6-9)	-
1252	542	10	(11,3,1)	-	5	(16,52,52,6,0)	(92,102,16,0)	(90,30,0)	(42,3)	(756,71,104,14,32,1,18,0,10,0,2)	no	(0-8,2-3,4-6,7-9)(2-8,3-9,4-7,5-6)(1-9,5-7,6-8)	-
1253	504	10	(11,4,1)	-	5	(16,52,52,6,0)	(96,96,18,0)	(92,27,1)	(42,3)	(757,69,105,18,31,2,4,0,19,0,0)	no	(0-9,2-5,4-8,6-7)(3-9,5-7,6-8)(1-8,3-4,6-9)(7-9)	-
1254	542	10	(11,3,1)	-	5	(16,52,52,6,0)	(96,98,16,0)	(92,28,0)	(42,3)	(765,65,102,19,20,4,16,0,8,0,12)	no	(0-7,3-8,4-9,5-6)(1-8,3-4,5-7,6-9)(2-9,5-8,6-7)	-
1255	754	10	(11,4,1)	-	5	(16,52,52,6,0)	(96,98,16,0)	(94,26,0)	(43,2)	(732,100,104,12,19,10,22,0,0,0,6)	no	(0-9,2-8,4-5,6-7)(2-9,3-6,7-8)(1-7,3-9,5-8)(4-9)	-
1256	352	10	(11,4,1)	-	5	(16,52,52,6,0)	(100,88,22,0)	(88,31,1)	(41,4)	(803,50,72,8,33,4,23,0,7,2,4)	no	(4-9,5-7,6-8)(0-8,1-7,2-6,3-4,5-9)(5-8,6-9)(7-9)	-
1257	704	10	(11,4,1)	-	5	(16,52,52,6,0)	(100,92,18,0)	(96,23,1)	(43,2)	(739,102,94,6,23,12,20,0,3,2,7)	no	(0-9,1-5,2-6,3-8,4-7)(2-9,7-8)(3-9,5-8,6-7)(4-9)	-
1258	196	10	(11,4,1)	-	5	(16,56,42,12,0)	(88,104,16,2)	(86,33,1)	(41,4)	(807,34,70,18,50,2,4,4,13,2,3)	no	(1-8,3-5,4-7,6-9)(4-5,6-8,7-9)(0-6,2-9,7-8)(8-9)	-
1259	308	10	(11,4,1)	-	5	(16,56,44,10,0)	(96,96,16,2)	(92,26,2)	(42,3)	(764,67,98,11,30,4,12,6,10,1,8)	no	(0-9,2-3,5-7,6-8)(3-9,4-6,7-8)(1-8,4-5,6-9)(7-9)	-
1260	372	10	(11,4,1)	-	5	(16,56,46,8,0)	(88,106,16,0)	(86,34,0)	(41,4)	(786,54,88,6,49,2,10,0,3,0,7)	no	(0-9,5-8,6-7)(1-8,2-7,4-6,5-9)(3-5,4-8,6-9)(7-9)	-
1261	220	10	(11,4,1)	-	5	(16,56,46,8,0)	(88,108,13,1)	(86,34,0)	(41,4)	(804,42,85,6,42,4,3,8,3,2,2)	no	(0-9,3-6,4-7,5-8)(1-7,5-9,6-8)(2-5,4-8,6-9)(7-9)	-
1262	352	10	(11,4,1)	-	5	(16,56,46,8,0)	(96,94,20,0)	(88,31,1)	(41,4)	(792,55,81,8,37,0,21,0,5,0,5)	no	(0-9,2-6,4-8,5-7)(1-7,3-4,5-9,6-8)(5-8,6-9)(7-9)	-
1263	532	10	(11,3,2)	-	5	(16,56,46,8,0)	(104,88,17,1)	(94,25,1)	(42,3)	(793,57,60,33,23,8,20,4,1,4,6)	no	(1-8,3-4,5-6,7-9)(0-4,2-9,5-7,6-8)(3-5,6-7,8-9)	-
1264	1436	10	(11,4,1)	-	5	(16,56,46,8,0)	(104,88,17,1)	(98,20,2)	(43,2)	(750,92,78,27,18,8,12,8,10,0,6)	no	(0-9,1-3,4-5,7-8)(2-9,4-8,6-7)(2-8,3-9,5-6)(7-9)	-
1265	704	10	(11,4,1)	-	5	(16,56,46,8,0)	(104,88,17,1)	(98,20,2)	(43,2)	(757,86,76,20,29,4,8,10,13,4,3)	no	(0-9,1-3,2-8,4-6,5-7)(2-9,4-8,6-7)(3-9,5-8)(7-9)	-
1266	984	10	(11,3,1)	-	5	(16,56,47,7,0)	(100,92,18,0)	(93,26,1)	(42,3)	(756,90,79,23,27,8,11,1,5,2,6)	no	(0-4,3-8,5-6,7-9)(1-9,2-8,3-5,6-7)(4-5,6-9,7-8)	-
1267	984	10	(11,3,4)	-	5	(16,56,47,7,0)	(100,92,18,0)	(93,26,1)	(42,3)	(761,84,77,25,24,8,9,6,12,2,0)	yes	(0-9,1-5,2-7,3-8,4-6)(2-8,3-7,6-9)(4-8,5-6,7-9)	-
1268	984	10	(11,4,1)	-	5	(16,56,47,7,0)	(100,92,18,0)	(93,26,1)	(42,3)	(764,81,75,28,22,9,9,5,7,2,6)	no	(0-9,2-5,3-8,6-7)(1-6,3-9,4-7,5-8)(4-8,6-9)(7-9)	-
1269	464	10	(11,4,2)	-	5	(16,56,47,7,0)	(104,84,22,0)	(93,25,2)	(42,3)	(770,77,68,28,23,14,10,0,8,4,8)	no	(1-4,3-9,5-8,6-7)(0-7,2-5,4-9,6-8)(3-8,6-9)(7-9)	-
1270	308	10	(11,4,1)	-	5	(16,56,48,5,1)	(96,98,15,1)	(90,30,0)	(42,3)	(774,62,96,8,28,18,4,0,10,2,10)	no	(3-9,5-8,6-7)(1-6,2-7,3-8,4-9)(0-8,4-5,6-9)(7-9)	-
1271	420	10	(11,4,2)	-	5	(16,56,48,5,1)	(104,88,17,1)	(96,23,1)	(43,2)	(738,104,91,6,23,12,22,0,5,0,7)	no	(1-9,3-6,4-7,5-8)(0-5,1-8,2-9,6-7)(2-8,3-9)(4-9)	-
1272	542	10	(11,4,1)	-	5	(16,56,48,6,0)	(92,104,14,0)	(90,30,0)	(42,3)	(746,83,108,4,34,13,10,0,2,2,4)	no	(1-9,3-5,4-6,7-8)(0-7,3-4,5-8,6-9)(2-8,7-9)(8-9)	-
1273	1052	10	(11,4,1)	-	5	(16,56,48,6,0)	(92,104,14,0)	(90,30,0)	(42,3)	(757,69,106,12,31,9,12,0,5,0,6)	no	(0-9,3-5,4-8,6-7)(2-6,3-9,4-7,5-8)(1-8,6-9)(7-9)	-
1274	1052	10	(11,4,1)	-	5	(16,56,48,6,0)	(96,100,14,0)	(92,28,0)	(42,3)	(761,75,83,16,40,8,13,4,5,1,3)	no	(0-9,3-5,4-7,6-8)(2-6,3-9,4-5,7-8)(1-8,6-9)(7-9)	-
1275	186	10	(11,3,1)	-	5	(16,56,48,6,0)	(96,102,11,1)	(92,28,0)	(42,3)	(788,50,104,1,18,2,32,3,10,4,0)	yes	(2-8,3-5,4-9,6-7)(3-9,5-7,6-8)(0-9,1-7,4-6,5-8)	-
1276	984	10	(11,4,1)	-	5	(16,56,48,6,0)	(100,92,18,0)	(92,27,1)	(42,3)	(763,73,97,12,27,5,14,2,11,0,3)	no	(0-8,1-4,3-9,6-7)(2-6,3-8,4-9,5-7)(5-8,6-9)(7-9)	-
1277	968	10	(11,4,1)	(3,12,1)	5	(16,56,49,4,1)	(104,86,20,0)	(93,26,1)	(42,3)	(760,82,74,29,24,10,20,1,4,2,1)	no	(0-9,1-5,2-7,3-4,6-8)(3-9,5-6,7-8)(4-8,6-9)(7-9)	(0-9,1-3,2-7,4-5,6-8)(2-9,3-8,4-6,5-7)(4-9,5-8,6-7)
1278	1052	10	(11,3,2)	-	5	(16,56,49,5,0)	(96,100,14,0)	(91,29,0)	(42,3)	(745,102,84,14,28,6,15,3,5,0,5)	no	(0-9,2-8,4-6,5-7)(1-8,2-3,4-7,6-9)(3-7,5-6,8-9)	-
1279	1476	10	(11,4,1)	-	5	(16,56,49,5,0)	(100,96,14,0)	(95,25,0)	(43,2)	(726,115,89,18,25,14,6,2,4,1,4)	no	(0-9,2-8,3-5,6-7)(1-7,2-9,4-8)(3-9,4-6,5-8)(7-9)	-
1280	2808	10	(11,4,2)	-	5	(16,56,49,5,0)	(104,90,16,0)	(97,22,1)	(43,2)	(727,123,78,16,21,21,8,2,4,2,4)	no	(0-9,1-4,3-6,7-8)(2-9,4-8,5-7)(2-8,3-9,5-6)(7-9)	-
1281	1408	10	(11,4,1)	-	5	(16,56,49,5,0)	(104,90,16,0)	(97,22,1)	(43,2)	(736,108,78,22,26,10,9,5,5,4,4)	no	(0-9,1-6,2-8,3-5,4-7)(2-9,5-8,6-7)(3-9,4-8)(7-9)	-
1282	542	10	(11,3,1)	-	5	(16,56,50,4,0)	(96,102,12,0)	(92,28,0)	(42,3)	(779,57,91,21,28,4,10,6,2,4,8)	no	(2-7,3-5,4-9,6-8)(3-9,5-6,7-8)(0-9,1-8,4-6,5-7)	-
1283	968	10	(11,3,1)	-	5	(16,56,51,2,1)	(104,88,18,0)	(93,26,1)	(42,3)	(755,88,81,21,30,8,7,3,7,0,5)	no	(4-5,6-9,7-8)(0-4,3-8,5-6,7-9)(1-9,2-8,3-6,5-7)	-
1284	1052	10	(11,3,1)	-	5	(16,56,51,3,0)	(104,92,14,0)	(93,27,0)	(42,3)	(756,94,74,18,25,6,16,5,11,4,4)	no	(3-9,5-6,7-8)(0-9,3-4,5-7,6-8)(1-8,2-7,4-6,5-9)	-
1285	3004	10	(11,4,1)	-	5	(16,58,47,5,0)	(100,98,12,0)	(96,24,0)	(43,2)	(727,105,102,9,29,9,16,0,5,1,4)	no	(0-9,2-4,3-5,7-8)(2-9,4-8,6-7)(1-8,3-9,5-6)(7-9)	-
1286	208	10	(11,4,1)	-	5	(16,60,38,12,0)	(92,100,16,2)	(86,33,1)	(41,4)	(807,42,66,10,45,6,14,4,10,0,2)	no	(2-7,3-5,4-9,6-8)(4-5,6-9,7-8)(0-8,1-6,7-9)(8-9)	-
1287	111	10	(11,4,1)	-	5	(16,60,40,10,0)	(100,88,21,1)	(88,30,2)	(41,4)	(797,46,74,8,53,3,12,0,7,6,2)	no	(1-7,3-5,4-8,6-9)(2-4,6-8,7-9)(0-6,5-9,7-8)(8-9)	-
1288	520	10	(11,3,1)	-	5	(16,60,41,9,0)	(100,94,15,1)	(93,26,1)	(42,3)	(769,88,52,26,42,0,12,6,0,7,8)	no	(4-5,6-8,7-9)(0-4,3-7,5-6,8-9)(1-8,2-9,3-6,5-7)	-
1289	208	10	(11,4,1)	-	5	(16,60,42,7,1)	(100,90,19,1)	(88,31,1)	(41,4)	(802,48,75,8,41,8,7,0,10,0,8)	no	(0-4,1-6,5-9,7-8)(2-7,3-8,4-5,6-9)(5-6,7-9)(8-9)	-
1290	968	10	(11,3,1)	-	5	(16,60,42,8,0)	(100,94,15,1)	(92,27,1)	(42,3)	(766,73,82,22,24,5,26,2,3,2,2)	no	(1-5,3-8,4-6,7-9)(0-9,2-7,4-5,6-8)(2-8,3-7,6-9)	-
1291	612	10	(11,4,1)	(3,12,1)	5	(16,60,42,8,0)	(100,96,13,1)	(92,28,0)	(42,3)	(768,68,88,19,31,8,6,3,14,6,0)	yes	(0-9,2-7,3-5,6-8)(1-6,3-9,4-5,7-8)(4-8,6-9)(7-9)	(2-9,3-7,4-5,6-8)(0-9,1-8,2-3,4-6,5-7)(4-9,5-8,6-7)
1292	488	10	(11,3,2)	-	5	(16,60,42,8,0)	(108,82,20,0)	(96,22,2)	(42,3)	(767,87,73,11,32,8,12,0,12,4,0)	no	(0-9,1-3,2-4,5-6,7-8)(3-7,5-8,6-9)(4-8,5-9,6-7)	-
1293	684	10	(11,4,1)	-	5	(16,60,42,8,0)	(108,84,18,0)	(98,21,1)	(43,2)	(758,82,73,28,26,4,23,6,4,2,0)	no	(1-5,2-9,3-8,4-7)(2-6,3-9,7-8)(0-8,4-9,6-7)(5-9)	-
1294	984	10	(11,4,2)	-	5	(16,60,43,7,0)	(104,88,18,0)	(93,26,1)	(42,3)	(761,85,73,26,30,6,10,2,5,2,6)	no	(3-9,5-8,6-7)(1-7,2-3,4-9,6-8)(0-8,4-5,6-9)(7-9)	-
1295	944	10	(11,3,1)	-	5	(16,60,43,7,0)	(108,82,20,0)	(95,23,2)	(42,3)	(760,87,75,20,30,9,7,0,13,2,2)	no	(4-5,6-9,7-8)(0-4,1-9,2-8,3-7,5-6)(3-6,5-8,7-9)	-
1296	616	10	(11,4,1)	-	5	(16,60,44,5,1)	(108,88,13,1)	(100,20,0)	(44,1)	(724,118,82,15,26,19,8,0,2,4,16)	no	(1-9,3-6,4-7,5-8)(1-8,2-9,6-7)(0-8,2-5,3-9)(4-9)	-
1297	984	10	(11,4,1)	-	5	(16,60,44,6,0)	(104,88,18,0)	(92,27,1)	(42,3)	(754,82,94,13,31,5,13,1,9,3,1)	no	(3-5,4-9,7-8)(0-7,1-4,5-9,6-8)(2-8,3-6,7-9)(8-9)	-
1298	1008	10	(11,3,1)	-	5	(16,60,44,6,0)	(104,90,16,0)	(94,25,1)	(42,3)	(756,87,86,11,31,6,19,1,7,0,3)	no	(0-4,1-9,5-6,7-8)(3-6,5-7,8-9)(2-8,3-9,4-5,6-7)	-
1299	488	10	(11,3,1)	-	5	(16,60,44,6,0)	(108,82,20,0)	(94,24,2)	(42,3)	(758,88,80,8,37,2,18,8,6,2,0)	no	(0-4,2-6,5-9,7-8)(1-5,3-7,4-8,6-9)(2-7,3-6,8-9)	-
1300	2760	10	(11,4,2)	-	5	(16,60,44,6,0)	(108,86,16,0)	(98,21,1)	(43,2)	(740,98,86,22,25,7,12,8,5,0,3)	no	(1-9,2-8,4-6,5-7)(0-1,2-9,3-8,6-7)(3-9,5-8)(4-9)	-
1301	1056	10	(11,4,1)	-	5	(16,60,45,5,0)	(96,102,12,0)	(91,29,0)	(42,3)	(743,97,89,18,32,8,6,1,7,1,5)	no	(0-9,3-5,4-7,6-8)(1-7,2-6,3-9,5-8)(4-8,6-9)(7-9)	-
1302	1008	10	(11,4,1)	-	5	(16,60,45,5,0)	(104,90,16,0)	(93,26,1)	(42,3)	(744,97,91,11,32,8,7,1,11,5,1)	no	(0-9,2-3,4-8,6-7)(1-8,5-7,6-9)(3-6,4-5,7-9)(8-9)	-
1303	1052	10	(11,3,1)	-	5	(16,60,45,5,0)	(104,92,14,0)	(93,27,0)	(42,3)	(751,96,83,18,23,8,13,1,6,4,9)	no	(1-8,3-4,5-6,7-9)(3-9,5-7,6-8)(0-9,2-7,4-6,5-8)	-
1304	4164	10	(11,4,1)	-	5	(16,60,45,5,0)	(108,90,12,0)	(101,19,0)	(44,1)	(709,147,66,18,32,13,4,0,8,6,6)	no	(0-9,1-8,2-7,3-6,4-5)(1-9,4-8,5-6)(2-9,7-8)(3-9)	-
1305	1498	10	(11,3,2)	-	5	(16,60,46,4,0)	(102,97,11,0)	(96,24,0)	(43,2)	(722,128,76,27,17,15,2,12,2,0,4)	yes	(0-7,1-5,2-6,3-8,4-9)(1-7,3-9,5-8)(2-7,4-8,6-9)	-
1306	2808	10	(11,3,3)	-	5	(16,60,46,4,0)	(108,88,14,0)	(98,21,1)	(43,2)	(732,120,67,28,24,9,7,9,5,4,1)	no	(0-9,2-8,3-6,5-7)(1-5,2-9,4-7,6-8)(3-9,4-6,7-8)	-
1307	1056	10	(11,3,1)	-	5	(16,60,47,3,0)	(100,100,10,0)	(93,27,0)	(42,3)	(749,97,83,18,32,7,6,0,8,1,5)	no	(0-9,3-6,4-5,7-8)(3-9,5-7,6-8)(1-8,2-7,4-6,5-9)	-
1308	544	10	(11,3,1)	-	5	(16,60,48,2,0)	(96,106,8,0)	(92,28,0)	(42,3)	(751,69,113,19,32,0,10,0,6,0,8)	no	(1-8,2-9,4-5,6-7)(3-8,5-7,6-9)(0-7,3-6,4-9,5-8)	-
1309	924	10	(11,4,1)	-	5	(16,62,43,5,0)	(102,97,11,0)	(96,24,0)	(43,2)	(725,116,91,20,21,12,7,4,1,0,10)	yes	(0-9,3-6,4-7,5-8)(1-7,2-9,4-8)(2-5,3-9,6-8)(7-9)	-
1310	876	10	(11,4,1)	-	5	(16,62,43,5,0)	(110,85,15,0)	(98,21,1)	(43,2)	(727,118,78,23,29,4,12,8,2,0,6)	no	(0-9,1-6,2-4,3-5,7-8)(2-9,4-8,6-7)(3-9,5-8)(7-9)	-
1311	1476	10	(11,3,1)	-	5	(16,62,45,3,0)	(106,95,9,0)	(98,22,0)	(43,2)	(726,130,71,22,10,20,11,10,2,2,3)	no	(2-8,3-6,4-9,5-7)(0-9,2-3,4-6,7-8)(1-8,5-6,7-9)	-
1312	3004	10	(11,3,1)	-	5	(16,62,46,2,0)	(104,98,8,0)	(97,23,0)	(43,2)	(721,117,96,24,21,4,4,5,8,1,5)	no	(1-8,2-9,3-7,5-6)(0-9,2-4,3-8,6-7)(4-7,5-8,6-9)	-
1313	71	10	(11,3,1)	-	5	(16,64,36,9,1)	(96,96,16,2)	(88,32,0)	(41,4)	(841,33,60,16,32,6,0,0,6,0,8)	no	(4-5,6-7,8-9)(1-7,3-9,4-6,5-8)(0-6,2-8,4-7,5-9)	-
1314	584	10	(11,3,1)	-	5	(16,64,38,8,0)	(104,92,13,1)	(94,25,1)	(42,3)	(769,60,100,17,32,4,8,1,7,6,7)	no	(0-4,2-9,5-6,7-8)(3-5,6-8,7-9)(1-8,3-7,4-5,6-9)	-
1315	984	10	(11,3,1)	-	5	(16,64,39,7,0)	(108,86,16,0)	(95,24,1)	(42,3)	(765,80,75,28,27,8,8,1,6,2,7)	no	(1-9,2-8,4-5,6-7)(0-4,3-6,5-8,7-9)(3-5,6-9,7-8)	-
1316	616	10	(11,4,1)	-	5	(16,64,40,5,1)	(104,92,13,1)	(92,28,0)	(42,3)	(770,73,90,10,18,19,8,2,14,0,9)	no	(3-9,5-6,7-8)(1-7,2-8,3-4,6-9)(0-6,4-5,7-9)(8-9)	-
1317	1052	10	(11,4,1)	-	5	(16,64,40,6,0)	(100,98,12,0)	(92,28,0)	(42,3)	(753,86,97,9,27,7,12,2,6,1,8)	no	(0-9,3-8,4-5,6-7)(2-8,3-5,4-7,6-9)(1-6,7-9)(8-9)	-
1318	542	10	(11,3,1)	-	5	(16,64,40,6,0)	(100,98,12,0)	(92,28,0)	(42,3)	(757,81,95,13,22,10,18,0,10,0,2)	no	(0-7,1-9,3-8,5-6)(4-6,5-7,8-9)(2-8,3-5,4-9,6-7)	-
1319	984	10	(11,4,1)	-	5	(16,64,40,6,0)	(108,86,16,0)	(94,25,1)	(42,3)	(759,75,90,22,27,5,16,0,6,3,5)	no	(0-9,3-8,4-5,6-7)(2-3,4-8,5-7,6-9)(1-6,7-9)(8-9)	-
1320	984	10	(11,3,1)	-	5	(16,64,40,6,0)	(108,86,16,0)	(94,25,1)	(42,3)	(768,72,82,25,22,7,16,3,6,0,7)	no	(1-9,2-8,4-5,6-7)(0-4,3-8,5-6,7-9)(3-7,5-8,6-9)	-
1321	1368	10	(11,4,1)	-	5	(16,64,40,6,0)	(112,82,16,0)	(98,21,1)	(43,2)	(747,92,80,29,22,11,7,2,7,4,9)	no	(1-3,2-9,5-8,6-7)(0-7,2-8,3-9,4-5)(4-9,6-8)(7-9)	-
1322	2932	10	(11,3,2)	-	5	(16,64,41,5,0)	(106,93,11,0)	(97,23,0)	(43,2)	(724,126,81,16,18,14,15,3,6,1,2)	yes	(0-9,2-3,5-6,7-8)(2-8,3-5,4-9,6-7)(1-8,4-7,6-9)	-
1323	984	10	(11,4,1)	-	5	(16,64,41,5,0)	(108,86,16,0)	(93,26,1)	(42,3)	(758,83,76,22,31,13,13,3,3,2,4)	no	(3-9,4-8,6-7)(0-3,2-8,5-7,6-9)(1-6,4-5,7-9)(8-9)	-
1324	2952	10	(11,4,1)	-	5	(16,64,41,5,0)	(108,90,12,0)	(97,23,0)	(43,2)	(727,111,77,39,25,8,8,3,2,6,1)	no	(0-9,2-6,3-5,7-8)(1-7,2-9,4-8)(3-9,4-6,5-8)(7-9)	-
1325	2808	10	(11,3,2)	-	5	(16,64,41,5,0)	(112,84,14,0)	(99,20,1)	(43,2)	(733,114,76,21,22,13,9,8,7,3,3)	no	(0-9,2-3,4-6,7-8)(2-4,3-8,5-7,6-9)(1-8,5-6,7-9)	-
1326	2760	10	(11,3,3)	-	5	(16,64,41,5,0)	(112,84,14,0)	(99,20,1)	(43,2)	(739,108,71,33,15,12,10,8,5,5,1)	no	(1-7,2-9,3-6,4-8)(0-1,2-7,4-9,5-8)(3-7,5-9,6-8)	-
1327	1476	10	(11,3,1)	-	5	(16,64,42,4,0)	(108,92,10,0)	(98,22,0)	(43,2)	(735,105,90,18,20,7,14,8,8,1,4)	no	(0-9,2-7,3-8,5-6)(1-8,2-4,3-7,6-9)(4-6,5-7,8-9)	-
1328	1408	10	(11,3,1)	-	5	(16,64,42,4,0)	(112,86,12,0)	(100,19,1)	(43,2)	(744,97,86,23,20,10,10,5,4,0,5)	no	(2-9,3-7,4-6,5-8)(0-9,1-5,2-7,6-8)(3-8,4-7,6-9)	-
1329	544	10	(11,3,1)	-	5	(16,64,44,2,0)	(108,92,10,0)	(94,26,0)	(42,3)	(752,79,98,20,20,4,24,2,6,1,2)	no	(3-5,6-9,7-8)(0-9,3-4,5-7,6-8)(1-8,2-7,4-6,5-9)	-
1330	1508	10	(11,3,1)	-	5	(16,64,44,2,0)	(108,94,8,0)	(98,22,0)	(43,2)	(721,132,76,17,21,19,6,4,9,0,4)	no	(0-9,1-8,2-6,3-7,4-5)(2-8,5-7,6-9)(3-8,4-6,7-9)	-
1331	1550	10	(11,3,1)	-	5	(16,64,44,2,0)	(110,91,9,0)	(98,22,0)	(43,2)	(720,133,69,22,24,16,6,10,4,1,4)	no	(2-8,3-9,6-7)(0-9,3-5,4-7,6-8)(1-8,2-4,5-7,6-9)	-
1332	2760	10	(11,3,1)	-	5	(16,66,37,7,0)	(110,87,12,1)	(98,21,1)	(43,2)	(730,110,86,19,28,10,8,5,3,0,9)	no	(2-9,3-8,4-5,6-7)(0-9,1-5,2-3,4-7,6-8)(6-9,7-8)	-
1333	852	10	(11,3,1)	-	5	(16,66,37,7,0)	(110,87,12,1)	(98,21,1)	(43,2)	(745,98,82,26,16,8,17,4,3,0,6)	no	(2-9,3-8,4-5,6-7)(0-9,1-5,2-7,6-8)(3-9,4-6,7-8)	-
1334	2848	10	(11,3,1)	-	5	(16,66,39,5,0)	(114,83,13,0)	(100,19,1)	(43,2)	(735,110,79,22,25,8,12,6,3,0,4)	no	(2-9,3-4,5-8,6-7)(0-9,1-5,2-3,4-7,6-8)(6-9,7-8)	-
1335	2592	10	(11,4,1)	-	5	(16,66,39,5,0)	(114,85,11,0)	(102,18,0)	(44,1)	(709,142,69,34,17,9,11,0,5,7,3)	no	(0-9,1-5,2-6,3-7,4-8)(1-9,4-5,6-8)(2-9,7-8)(3-9)	-
1336	3004	10	(11,4,1)	-	5	(16,66,40,4,0)	(108,92,10,0)	(97,23,0)	(43,2)	(714,130,92,14,22,8,13,7,2,1,3)	no	(0-9,2-3,4-7,5-8)(1-8,2-9,3-4,6-7)(5-6,7-9)(8-9)	-
1337	2848	10	(11,4,1)	-	5	(16,66,40,4,0)	(114,83,13,0)	(99,20,1)	(43,2)	(720,125,86,14,26,7,11,8,3,6,3)	no	(0-9,1-6,2-3,4-5,7-8)(2-9,3-4,5-8,6-7)(7-9)(8-9)	-
1338	2848	10	(11,3,1)	-	5	(16,66,40,4,0)	(114,83,13,0)	(99,20,1)	(43,2)	(725,128,74,14,27,14,10,5,4,2,4)	no	(2-4,3-9,5-8,6-7)(1-5,2-9,3-7,6-8)(0-9,4-6,7-8)	-
1339	2952	10	(11,3,1)	-	5	(16,66,41,3,0)	(110,91,9,0)	(98,22,0)	(43,2)	(726,122,78,25,13,19,11,7,3,0,3)	no	(0-9,2-3,4-6,7-8)(2-9,3-7,4-8,5-6)(1-8,5-7,6-9)	-
1340	584	10	(11,4,1)	(3,12,1)	5	(16,68,32,10,0)	(108,86,15,1)	(94,25,1)	(42,3)	(771,72,82,17,28,8,12,3,9,4,5)	no	(1-7,3-9,4-5,6-8)(0-6,2-3,4-9,7-8)(5-8,6-9)(7-9)	(1-3,4-7,5-9,6-8)(0-9,2-6,4-8,5-7)(2-7,3-6,4-9,5-8)
1341	618	10	(11,4,1)	-	5	(16,68,33,9,0)	(116,80,13,1)	(103,16,1)	(44,1)	(737,100,82,20,26,4,22,3,7,0,12)	no	(0-5,1-9,2-8,3-6,4-7)(1-5,2-9,6-8)(3-9,7-8)(4-9)	-
1342	462	10	(11,3,1)	-	5	(16,68,34,8,0)	(116,78,15,1)	(100,18,2)	(43,2)	(735,102,85,27,18,10,6,16,3,0,10)	no	(0-4,2-6,5-9,7-8)(1-5,2-3,6-8,7-9)(3-7,4-8,6-9)	-
1343	420	10	(11,4,1)	-	5	(16,68,36,5,1)	(116,78,15,1)	(98,21,1)	(43,2)	(737,100,91,15,26,8,11,0,14,4,7)	no	(1-6,2-9,3-5,7-8)(0-8,2-4,3-9,6-7)(4-5,7-9)(8-9)	-
1344	2932	10	(11,3,1)	-	5	(16,68,37,5,0)	(114,85,11,0)	(99,21,0)	(43,2)	(734,113,72,26,22,17,7,3,13,1,4)	no	(0-9,2-5,3-8,6-7)(2-4,6-9,7-8)(1-8,3-4,5-6,7-9)	-
1345	2760	10	(11,3,2)	-	5	(16,68,37,5,0)	(116,80,14,0)	(99,20,1)	(43,2)	(738,103,78,34,14,13,10,5,6,3,3)	no	(1-7,2-6,3-9,4-8)(0-1,2-7,3-6,4-9,5-8)(5-9,7-8)	-
1346	1498	10	(11,3,1)	-	5	(16,68,38,4,0)	(114,85,11,0)	(98,22,0)	(43,2)	(731,113,76,26,20,22,8,6,0,0,8)	no	(0-9,2-4,3-8,6-7)(2-8,5-7,6-9)(1-8,3-5,4-6,7-9)	-
1347	2816	10	(11,3,1)	-	5	(16,68,38,4,0)	(116,82,12,0)	(100,19,1)	(43,2)	(734,115,74,23,20,15,9,5,9,1,3)	no	(0-9,2-7,3-6,5-8)(1-5,2-9,4-6,7-8)(3-8,4-7,6-9)	-
1348	4164	10	(11,3,1)	-	5	(16,68,39,3,0)	(116,86,8,0)	(103,17,0)	(44,1)	(709,143,71,26,23,5,9,6,7,7,4)	no	(1-9,2-7,3-5,4-8)(1-7,2-6,3-9,5-8)(0-7,4-9,6-8)	-
1349	1534	10	(11,3,1)	-	5	(16,68,40,2,0)	(108,96,6,0)	(98,22,0)	(43,2)	(709,141,84,20,19,10,10,2,4,5,2)	yes	(1-8,2-6,3-7,4-9)(2-3,4-6,5-8,7-9)(0-9,5-7,6-8)	-
1350	1524	10	(11,3,1)	-	5	(16,68,40,2,0)	(114,87,9,0)	(98,22,0)	(43,2)	(719,121,86,28,18,14,6,8,3,0,2)	no	(2-8,5-6,7-9)(0-8,2-4,3-9,6-7)(1-9,3-5,4-7,6-8)	-
1351	1328	10	(11,3,1)	-	5	(16,68,40,2,0)	(116,88,6,0)	(104,16,0)	(44,1)	(707,169,49,7,28,16,14,6,4,8,3)	no	(1-8,2-7,4-6,5-9)(1-7,2-9,3-8)(0-7,3-5,4-8,6-9)	-
1352	828	10	(11,3,1)	-	5	(16,70,31,9,0)	(114,83,12,1)	(100,19,1)	(43,2)	(756,94,68,30,14,18,7,8,0,0,15)	no	(0-9,2-5,3-8,6-7)(1-5,2-8,4-7,6-9)(3-6,4-8,7-9)	-
1353	2712	10	(11,3,1)	-	5	(16,70,32,8,0)	(114,83,12,1)	(99,20,1)	(43,2)	(736,106,75,33,19,10,9,9,8,3,2)	no	(0-9,2-8,3-5,6-7)(1-5,2-4,6-8,7-9)(3-8,4-7,6-9)	-
1354	2932	10	(11,4,1)	-	5	(16,70,35,5,0)	(112,88,10,0)	(98,22,0)	(43,2)	(726,110,96,17,19,13,13,3,6,2,6)	no	(0-9,2-3,4-5,7-8)(1-8,2-9,3-4,6-7)(5-6,7-9)(8-9)	-
1355	2932	10	(11,3,1)	-	5	(16,70,35,5,0)	(112,88,10,0)	(98,22,0)	(43,2)	(737,101,87,25,18,15,10,0,9,1,8)	no	(0-9,2-3,5-8,6-7)(2-8,4-7,6-9)(1-8,3-4,5-6,7-9)	-
1356	3004	10	(11,3,1)	-	5	(16,70,36,4,0)	(112,90,8,0)	(99,21,0)	(43,2)	(726,120,80,20,19,16,17,2,6,2,2)	no	(2-4,3-7,5-6,8-9)(0-9,1-8,2-5,6-7)(3-8,4-7,6-9)	-
1357	8404	10	(11,4,1)	-	5	(16,70,36,4,0)	(118,83,9,0)	(103,17,0)	(44,1)	(697,155,80,15,22,11,9,6,7,1,4)	no	(0-9,1-7,2-6,3-8)(1-9,3-4,5-8)(2-9,4-7,5-6)(8-9)	-
1358	2856	10	(11,3,1)	-	5	(16,70,37,3,0)	(118,81,11,0)	(100,19,1)	(43,2)	(725,121,78,20,27,13,8,5,4,3,3)	no	(1-5,2-9,3-6,7-8)(0-9,2-7,3-4,6-8)(4-7,5-8,6-9)	-
1359	2952	10	(11,3,1)	-	5	(16,70,38,2,0)	(114,89,7,0)	(99,21,0)	(43,2)	(725,115,86,26,19,8,11,9,6,1,2)	no	(0-9,2-3,4-6,7-8)(2-4,3-7,5-8,6-9)(1-8,5-6,7-9)	-
1360	266	10	(11,3,1)	-	5	(16,72,28,9,1)	(112,86,10,2)	(98,22,0)	(43,2)	(756,81,85,27,23,11,4,4,19,0,1)	no	(2-4,3-5,6-7,8-9)(1-9,2-3,4-7,6-8)(0-8,5-7,6-9)	-
1361	840	10	(11,3,1)	-	5	(16,72,28,10,0)	(112,86,10,2)	(98,21,1)	(43,2)	(733,102,87,30,15,18,5,4,9,0,6)	no	(0-9,2-5,3-6,7-8)(1-5,3-4,6-8,7-9)(2-8,4-7,6-9)	-
1362	1232	10	(11,4,1)	-	5	(16,72,32,5,1)	(120,78,11,1)	(102,18,0)	(44,1)	(715,127,81,25,20,14,8,0,13,6,0)	no	(1-9,2-6,3-7,4-8)(0-8,1-5,2-9,6-7)(3-9,4-5)(8-9)	-
1363	2808	10	(11,3,1)	-	5	(16,72,33,5,0)	(120,78,12,0)	(101,18,1)	(43,2)	(738,106,76,26,21,15,9,6,4,2,3)	no	(0-9,1-5,2-3,4-6,7-8)(3-4,6-8,7-9)(2-8,5-7,6-9)	-
1364	1408	10	(11,3,1)	-	5	(16,72,34,4,0)	(120,78,12,0)	(100,19,1)	(43,2)	(732,104,88,22,22,11,13,0,11,4,5)	no	(3-8,5-6,7-9)(0-9,1-5,2-7,3-4,6-8)(2-8,4-7,6-9)	-
1365	2952	10	(11,3,1)	-	5	(16,72,35,3,0)	(116,86,8,0)	(99,21,0)	(43,2)	(726,111,86,27,21,12,11,7,3,1,2)	no	(0-9,3-6,4-5,7-8)(2-8,4-7,6-9)(1-8,2-3,5-6,7-9)	-
1366	4246	10	(11,3,1)	-	5	(16,72,36,2,0)	(120,84,6,0)	(104,16,0)	(44,1)	(697,163,69,23,15,12,4,16,1,2,7)	no	(1-9,2-7,3-4,5-8)(1-7,2-8,3-5,6-9)(0-7,4-6,8-9)	-
1367	8404	10	(11,3,1)	-	5	(16,74,33,3,0)	(122,81,7,0)	(104,16,0)	(44,1)	(700,154,73,23,20,12,7,7,3,3,6)	no	(1-9,2-7,3-4,5-8)(1-7,3-9,4-5,6-8)(0-7,2-6,8-9)	-
1368	3956	10	(11,3,2)	-	5	(16,76,27,7,0)	(124,76,9,1)	(105,14,1)	(44,1)	(712,135,73,30,13,18,10,6,2,2,8)	no	(1-7,2-3,4-8,5-9)(0-1,2-4,3-5,6-9,7-8)(6-8,7-9)	-
1369	1936	10	(11,3,1)	-	5	(16,76,27,7,0)	(124,76,9,1)	(105,14,1)	(44,1)	(722,117,78,34,16,12,6,8,9,2,8)	no	(0-1,2-7,3-9,6-8)(1-2,3-7,4-9,5-8)(4-6,5-9,7-8)	-
1370	890	10	(11,3,1)	-	5	(16,76,28,6,0)	(116,88,5,1)	(100,20,0)	(43,2)	(745,98,76,22,31,5,13,4,10,8,0)	no	(1-9,2-3,4-6,7-8)(2-4,3-5,6-8,7-9)(0-8,5-7,6-9)	-
1371	4114	10	(11,3,2)	-	5	(16,76,30,4,0)	(124,78,8,0)	(104,16,0)	(44,1)	(704,146,72,28,17,18,8,2,6,0,6)	no	(1-7,2-9,3-4,6-8)(1-9,2-3,4-5,7-8)(0-7,5-6,8-9)	-
1372	4164	10	(11,3,1)	-	5	(16,76,30,4,0)	(124,78,8,0)	(104,16,0)	(44,1)	(706,138,81,24,20,12,8,5,8,5,2)	no	(0-7,1-5,2-9,4-8)(1-7,3-5,4-9,6-8)(2-6,3-9,7-8)	-
1373	8328	10	(11,3,1)	-	5	(16,76,31,3,0)	(124,80,6,0)	(105,15,0)	(44,1)	(705,155,61,25,17,18,10,8,4,1,6)	no	(0-7,1-9,2-6,5-8)(1-7,2-9,3-8,4-5)(3-9,4-6,7-8)	-
1374	8404	10	(11,3,1)	-	5	(16,78,28,4,0)	(126,77,7,0)	(105,15,0)	(44,1)	(702,147,76,26,11,21,11,1,7,5,3)	no	(1-7,2-9,3-5,6-8)(1-4,3-9,5-6,7-8)(0-7,2-4,8-9)	-
1375	8472	10	(11,3,1)	-	5	(16,78,30,2,0)	(126,79,5,0)	(105,15,0)	(44,1)	(699,154,65,33,21,12,7,4,4,6,5)	no	(0-7,1-9,2-6,3-5,4-8)(1-7,2-9,4-5,6-8)(3-9,7-8)	-
1376	426	10	(11,3,1)	-	5	(24,48,48,5,1)	(116,74,19,1)	(100,18,2)	(43,2)	(761,84,78,4,40,2,26,0,5,4,4)	no	(2-3,4-8,5-9,6-7)(0-9,1-5,2-4,3-7,6-8)(6-9,7-8)	-
1377	416	10	(11,3,2)	-	5	(24,48,48,6,0)	(116,74,20,0)	(100,18,2)	(43,2)	(765,74,75,33,19,0,14,18,4,2,6)	yes	(0-4,1-5,2-9,3-8,6-7)(2-6,5-9,7-8)(3-6,4-8,7-9)	-
1378	1472	10	(11,4,1)	-	5	(24,52,44,6,0)	(116,78,15,1)	(100,18,2)	(43,2)	(747,90,90,8,27,14,14,6,4,6,6)	no	(0-9,1-2,3-5,4-6,7-8)(2-9,3-4,5-7,6-8)(7-9)(8-9)	-
1379	474	10	(11,4,1)	-	5	(24,52,44,6,0)	(116,78,15,1)	(100,18,2)	(43,2)	(751,82,104,3,15,6,34,0,12,2,0)	no	(0-9,1-2,3-7,4-8,5-6)(2-9,3-4,5-8,6-7)(7-9)(8-9)	-
1380	828	10	(11,3,1)	-	5	(24,54,45,2,1)	(122,71,17,0)	(100,19,1)	(43,2)	(739,100,83,22,29,16,5,2,4,0,3)	yes	(0-9,1-5,2-4,3-6,7-8)(2-3,6-8,7-9)(4-7,5-8,6-9)	-
1381	255	10	(11,4,1)	-	5	(24,56,40,5,1)	(124,66,19,1)	(100,18,2)	(43,2)	(768,69,83,3,48,17,2,0,14,0,2)	no	(1-3,2-9,4-5,7-8)(0-2,3-9,5-7,6-8)(4-6,7-9)(8-9)	-
1382	824	10	(11,3,1)	-	5	(24,56,40,6,0)	(124,68,18,0)	(102,16,2)	(43,2)	(754,92,64,34,32,4,6,10,4,0,2)	no	(0-5,2-8,4-9,6-7)(1-4,3-7,5-8,6-9)(2-6,3-8,7-9)	-
1383	1932	10	(11,4,1)	-	5	(24,56,40,6,0)	(124,70,16,0)	(104,15,1)	(44,1)	(743,92,63,56,15,3,20,2,0,14,4)	no	(1-9,2-8,3-5,4-6)(0-1,2-9,5-8,6-7)(3-9,7-8)(4-9)	-
1384	2672	10	(11,3,1)	-	5	(24,56,41,5,0)	(124,68,18,0)	(101,17,2)	(43,2)	(740,104,71,26,26,16,6,7,5,4,3)	no	(0-5,2-8,4-9,6-7)(1-4,2-3,6-9,7-8)(3-6,5-8,7-9)	-
1385	1988	10	(11,3,1)	-	5	(24,56,43,3,0)	(124,74,12,0)	(105,14,1)	(44,1)	(735,108,67,38,17,8,8,12,12,5,0)	no	(1-7,2-8,3-9,4-5)(0-1,2-7,4-8,6-9)(3-7,5-9,6-8)	-
1386	1488	10	(11,3,1)	-	5	(24,58,41,3,0)	(120,80,10,0)	(100,20,0)	(43,2)	(739,97,81,30,27,6,6,12,10,3,2)	yes	(0-9,2-3,4-6,7-8)(2-4,3-5,6-7,8-9)(1-8,5-7,6-9)	-
1387	528	10	(11,4,1)	-	5	(24,60,36,5,1)	(116,82,11,1)	(98,22,0)	(43,2)	(752,77,105,19,8,17,10,8,16,0,0)	no	(2-9,3-6,4-5,7-8)(0-7,1-8,2-5,3-9,4-6)(7-9)(8-9)	-
1388	840	10	(11,4,1)	-	5	(24,60,36,6,0)	(124,70,16,0)	(100,19,1)	(43,2)	(743,98,81,25,19,14,8,6,11,0,5)	no	(0-4,2-9,3-6,7-8)(1-7,3-9,5-8)(2-5,4-9,6-8)(7-9)	-
1389	2760	10	(11,3,1)	-	5	(24,60,37,5,0)	(124,72,14,0)	(101,18,1)	(43,2)	(743,102,68,40,16,9,7,9,8,5,2)	no	(0-9,1-5,2-4,3-8,6-7)(2-8,3-7,6-9)(4-6,5-8,7-9)	-
1390	2760	10	(11,3,1)	-	5	(24,60,37,5,0)	(124,72,14,0)	(101,18,1)	(43,2)	(744,102,70,34,20,13,6,5,5,2,7)	no	(0-9,1-5,2-8,3-4,6-7)(2-4,6-8,7-9)(3-7,5-8,6-9)	-
1391	2760	10	(11,4,1)	-	5	(24,60,38,4,0)	(124,72,14,0)	(100,19,1)	(43,2)	(739,97,82,30,21,12,9,6,7,1,5)	no	(1-3,2-9,4-5,7-8)(0-8,2-4,3-9,6-7)(5-6,7-9)(8-9)	-
1392	1508	10	(11,3,1)	-	5	(24,60,39,3,0)	(116,86,8,0)	(99,21,0)	(43,2)	(730,107,92,20,15,16,14,4,8,0,2)	no	(1-8,2-4,3-6,7-9)(0-9,2-3,5-7,6-8)(4-7,5-6,8-9)	-
1393	2816	10	(11,3,1)	-	5	(24,60,39,3,0)	(124,74,12,0)	(101,18,1)	(43,2)	(734,107,78,28,23,12,9,6,5,3,3)	no	(4-6,5-8,7-9)(0-9,1-5,2-7,3-4,6-8)(2-8,3-7,6-9)	-
1394	478	10	(11,3,1)	-	5	(24,60,40,2,0)	(120,82,8,0)	(100,20,0)	(43,2)	(721,112,97,27,15,4,26,0,2,0,8)	yes	(1-8,2-6,3-5,7-9)(0-9,4-7,6-8)(2-4,3-6,5-7,8-9)	-
1395	1164	10	(11,3,1)	-	5	(24,62,34,5,1)	(130,65,14,1)	(105,14,1)	(44,1)	(731,105,84,31,10,16,8,3,21,0,0)	no	(0-1,2-3,4-5,6-9,7-8)(1-2,4-6,5-8,7-9)(3-7,8-9)	-
1396	4184	10	(11,3,1)	-	5	(24,62,37,3,0)	(124,78,8,0)	(104,16,0)	(44,1)	(706,140,78,28,13,20,6,4,6,2,4)	yes	(0-7,2-9,3-8,4-5)(1-7,3-9,6-8)(1-2,4-9,5-6,7-8)	-
1397	3936	10	(11,3,1)	-	5	(24,62,37,3,0)	(130,69,11,0)	(106,13,1)	(44,1)	(720,124,78,26,9,17,17,7,6,1,5)	no	(1-7,2-9,3-8,4-5)(0-1,2-7,4-9,6-8)(3-9,5-6,7-8)	-
1398	1050	10	(11,4,1)	-	5	(24,64,32,5,1)	(132,66,11,1)	(108,12,0)	(45,0)	(711,129,76,32,12,20,6,0,20,4,0)	no	(0-9,1-6,2-7,3-8,4-5)(0-5,1-9,4-6,7-8)(2-9)(3-9)	-
1399	1992	10	(11,3,1)	-	5	(24,64,34,4,0)	(132,66,12,0)	(106,13,1)	(44,1)	(719,122,73,38,15,8,14,10,0,7,5)	no	(1-7,2-5,3-9,4-8)(0-1,2-7,4-9,6-8)(3-6,5-9,7-8)	-
1400	8404	10	(11,3,1)	-	5	(24,66,34,2,0)	(130,73,7,0)	(105,15,0)	(44,1)	(698,145,85,21,23,15,5,2,5,5,6)	no	(1-7,2-9,3-4,6-8)(1-2,3-9,4-5,7-8)(0-7,5-6,8-9)	-
1401	2592	10	(11,3,1)	-	5	(24,66,34,2,0)	(130,73,7,0)	(105,15,0)	(44,1)	(701,144,87,18,17,17,9,2,2,6,7)	no	(0-7,1-2,3-9,4-6,5-8)(1-7,2-9,3-5,6-8)(4-9,7-8)	-
1402	4028	10	(11,3,1)	-	5	(24,68,28,6,0)	(132,68,9,1)	(106,13,1)	(44,1)	(715,121,88,29,15,11,9,0,15,5,2)	no	(1-2,3-5,6-9,7-8)(0-1,3-4,5-8,7-9)(2-7,4-6,8-9)	-
1403	1296	10	(11,3,1)	-	5	(24,68,28,6,0)	(132,68,9,1)	(106,13,1)	(44,1)	(720,119,88,19,16,14,19,0,6,2,6)	no	(0-1,2-7,3-8,4-9,5-6)(1-2,3-4,5-9,7-8)(6-8,7-9)	-
1404	4100	10	(11,3,1)	-	5	(24,68,31,3,0)	(136,64,10,0)	(107,12,1)	(44,1)	(705,140,72,36,17,8,13,4,6,9,0)	no	(1-7,3-8,4-9,5-6)(0-1,2-3,6-9,7-8)(2-4,5-8,7-9)	-
1405	11704	10	(11,3,1)	-	5	(24,72,27,3,0)	(140,64,6,0)	(111,9,0)	(45,0)	(690,161,70,27,15,18,8,4,10,6,0)	no	(0-4,1-5,2-6,3-9,7-8)(0-3,1-2,4-8,6-9)(5-8,7-9)	-
1406	3980	10	(11,3,2)	-	5	(28,56,39,3,0)	(132,66,12,0)	(106,13,1)	(44,1)	(714,132,73,28,19,11,12,10,1,4,7)	yes	(1-7,3-9,4-5,6-8)(0-1,2-9,3-4,5-6,7-8)(2-7,8-9)	-
1407	4028	10	(11,4,1)	-	5	(28,58,36,4,0)	(134,63,13,0)	(106,13,1)	(44,1)	(723,116,74,38,20,8,8,5,11,5,1)	no	(1-9,2-6,3-7,4-8)(0-1,2-9,4-6,5-8)(3-9,5-7)(8-9)	-
1408	4044	10	(11,3,1)	-	5	(28,58,37,3,0)	(134,65,11,0)	(107,12,1)	(44,1)	(725,120,64,44,12,12,10,10,6,4,2)	no	(1-7,2-8,4-5,6-9)(0-1,2-7,3-9,4-6,5-8)(3-7,8-9)	-
1409	4080	10	(11,3,1)	-	5	(28,62,33,3,0)	(138,61,11,0)	(107,12,1)	(44,1)	(707,137,82,20,21,9,12,8,9,3,3)	no	(0-1,2-4,3-5,6-9,7-8)(2-3,4-6,5-8,7-9)(1-7,8-9)	-
1410	7944	10	(11,3,1)	-	5	(28,62,33,3,0)	(138,61,11,0)	(107,12,1)	(44,1)	(715,127,71,38,19,13,4,9,6,3,5)	no	(1-7,3-9,4-5,6-8)(0-1,2-3,4-9,5-6,7-8)(2-7,8-9)	-
1411	2178	10	(11,3,1)	-	5	(28,62,34,2,0)	(134,69,7,0)	(106,14,0)	(44,1)	(705,133,83,33,18,16,2,6,8,6,0)	yes	(0-7,1-5,2-6,3-8,4-9)(1-3,2-4,5-9,7-8)(6-8,7-9)	-
1412	4114	10	(11,3,1)	-	5	(28,66,28,4,0)	(136,66,8,0)	(106,14,0)	(44,1)	(711,127,84,33,11,20,4,2,16,2,1)	no	(1-3,2-4,5-9,7-8)(1-2,3-5,6-8,7-9)(0-7,4-6,8-9)	-
1413	5830	10	(11,3,1)	-	5	(28,66,29,3,0)	(142,61,7,0)	(111,9,0)	(45,0)	(692,158,63,40,17,5,9,11,8,6,4)	no	(0-5,1-2,3-9,7-8)(0-2,4-8,6-9)(1-6,3-4,5-8,7-9)	-
1414	4208	10	(11,3,1)	-	5	(28,66,30,2,0)	(136,68,6,0)	(106,14,0)	(44,1)	(698,143,87,22,18,19,7,2,6,0,10)	no	(0-7,1-5,2-6,3-9,4-8)(1-2,3-4,6-9,7-8)(5-8,7-9)	-
1415	6170	10	(11,3,1)	-	5	(28,70,26,2,0)	(146,59,5,0)	(112,8,0)	(45,0)	(679,181,49,48,14,6,12,4,10,8,0)	no	(0-6,1-5,2-9,4-8)(0-4,1-7,3-8,5-9)(2-3,6-9,7-8)	-
1416	11798	10	(11,3,1)	-	5	(30,69,24,3,0)	(148,56,6,0)	(112,8,0)	(45,0)	(683,167,69,37,11,13,8,6,8,5,6)	no	(0-2,1-6,4-9,5-8)(0-1,3-4,6-8,7-9)(2-7,3-5,8-9)	-
1417	568	10	(11,4,1)	-	5	(32,52,36,6,0)	(136,58,16,0)	(106,13,1)	(44,1)	(750,90,65,49,8,0,29,4,3,12,0)	yes	(1-9,2-5,4-7,6-8)(0-1,2-9,3-6,5-8)(3-9,7-8)(4-9)	-
1418	2448	10	(11,3,1)	-	5	(32,54,38,2,0)	(138,61,11,0)	(107,12,1)	(44,1)	(723,114,80,32,15,15,15,4,3,2,7)	yes	(1-7,2-9,4-6,5-8)(0-1,2-7,3-9,6-8)(3-5,4-9,7-8)	-
1419	5992	10	(11,3,1)	-	5	(34,61,29,2,0)	(148,56,6,0)	(112,8,0)	(45,0)	(683,164,74,33,16,12,0,13,6,10,2)	yes	(0-3,1-7,2-6,4-8,5-9)(0-4,1-2,3-5,6-9,7-8)(8-9)	-
1420	3656	10	(11,3,1)	-	5	(36,58,30,2,0)	(148,56,6,0)	(112,8,0)	(45,0)	(691,166,56,33,19,16,4,10,13,0,2)	yes	(0-6,1-7,2-9,3-5,4-8)(0-1,2-4,3-9,6-8)(5-8,7-9)	-
1421	280	10	(11,3,1)	-	5<6	(16,84,16,9,1)	(132,68,8,2)	(108,12,0)	(45,0)	(705,145,38,78,6,0,8,16,0,17,0)	no	(0-1,2-3,4-8,5-9)(0-4,2-5,6-9,7-8)(1-7,3-6,8-9)	-
1422	28	10	(12,5,1)	-	3	(0,0,108,18,0)	(0,164,44,2)	(56,60,4)	(36,9)	(810,109,0,0,60,15,0,0,8,0,0)	no	(0-9,5-7,6-8)(1-9,5-8,6-7)(2-9,7-8)(3-7,4-8,5-9)(6-9)	-
1423	37	10	(12,6,1)	-	3	(0,0,108,18,0)	(0,164,45,1)	(64,52,4)	(39,6)	(752,96,114,24,0,0,7,8,0,0,0)	yes	(0-9,4-8,6-7)(1-9,3-7,6-8)(2-9,5-7)(3-9,5-8)(4-9)(6-9)	-
1424	21	10	(12,5,1)	-	3	(0,0,116,10,0)	(0,176,34,0)	(64,56,0)	(40,5)	(798,118,0,0,56,0,0,0,32,4,0)	no	(0-9,3-7,5-8)(3-9,4-7,6-8)(4-9,7-8)(1-7,2-8,5-9)(6-9)	-
1425	25	10	(12,5,1)	(4,14,1)	3	(0,0,118,7,1)	(0,174,36,0)	(60,58,2)	(37,8)	(805,128,0,0,24,0,0,0,50,0,0)	no	(0-9,5-7,6-8)(1-9,5-8,6-7)(2-8,4-7,5-9)(3-8,6-9)(7-9)	(0-8,2-9,4-5,6-7)(4-6,5-8,7-9)(1-8,3-9,4-7,5-6)(4-8,5-7,6-9)
1426	17	10	(12,5,1)	-	3	(0,0,118,8,0)	(0,174,35,1)	(60,58,2)	(37,8)	(833,108,0,0,9,16,0,0,44,0,0)	no	(1-9,5-8,6-7)(2-9,5-7,6-8)(0-8,4-7,5-9)(3-8,6-9)(8-9)	-
1427	66	10	(12,5,1)	-	3	(0,0,118,8,0)	(0,178,32,0)	(64,55,1)	(39,6)	(786,122,0,0,68,0,0,0,30,4,0)	no	(0-9,3-8,5-7)(1-9,4-8,6-7)(2-7,3-9,5-8)(4-9,6-8)(7-9)	-
1428	160	10	(12,5,1)	-	3	(0,0,118,8,0)	(0,182,28,0)	(72,47,1)	(41,4)	(776,108,38,14,44,0,0,0,16,4,7)	yes	(0-9,3-7,6-8)(1-9,4-8,6-7)(3-9,5-8)(2-8,4-9,5-7)(6-9)	-
1429	66	10	(12,4,1)	-	3	(0,0,122,4,0)	(0,188,22,0)	(72,48,0)	(41,4)	(775,119,0,0,96,0,0,0,10,8,0)	yes	(2-7,4-9,6-8)(2-8,3-7,5-9)(0-8,4-7,6-9)(1-9,3-8,5-7)	-
1430	108	10	(12,4,1)	-	3	(0,0,123,3,0)	(0,192,18,0)	(77,43,0)	(42,3)	(786,118,0,0,72,0,0,0,21,9,0)	yes	(0-7,4-9,6-8)(3-7,5-8,6-9)(2-9,3-8,4-7)(1-8,5-9,6-7)	-
1431	14	10	(12,5,1)	-	4	(0,24,84,18,0)	(32,132,42,4)	(56,60,4)	(36,9)	(842,29,96,0,0,21,0,0,16,0,0)	no	(0-9,3-5,4-6,7-8)(1-9,5-7,6-8)(2-9,5-8,6-7)(7-9)(8-9)	-
1432	46	10	(12,6,1)	-	4	(0,24,84,18,0)	(32,132,45,1)	(68,48,4)	(39,6)	(722,212,24,24,0,0,0,0,8,0,7)	no	(0-9,3-6,7-8)(1-9,5-8,6-7)(2-9,4-7,6-8)(3-9)(4-9)(5-9)	-
1433	57	10	(12,5,2)	-	4	(0,24,92,10,0)	(32,142,35,1)	(72,44,4)	(38,7)	(778,136,44,7,0,32,0,0,4,0,0)	no	(0-9,4-5,6-7)(1-9,3-6,4-7,5-8)(2-9,6-8)(4-9,7-8)(5-9)	-
1434	186	10	(12,5,2)	-	4	(0,24,92,10,0)	(32,144,33,1)	(70,46,4)	(38,7)	(727,155,70,14,7,15,8,0,12,2,0)	no	(0-9,5-8,6-7)(1-9,4-5,6-8)(2-9,3-6,7-8)(4-7,5-9)(8-9)	-
1435	170	10	(12,6,1)	-	4	(0,24,92,10,0)	(32,146,31,1)	(74,42,4)	(39,6)	(695,204,47,36,7,0,0,8,8,0,0)	no	(0-9,3-8,6-7)(1-9,4-6,5-7)(2-9,4-8)(3-9,5-8)(6-9)(7-9)	-
1436	36	10	(12,4,2)	-	4	(0,36,80,10,0)	(36,150,24,0)	(76,42,2)	(39,6)	(744,174,15,16,32,0,0,0,24,0,0)	no	(0-8,4-5,6-9)(1-8,2-9,4-6,5-7)(4-8,7-9)(3-9,5-8,6-7)	-
1437	17	10	(12,4,1)	-	4	(0,36,82,6,2)	(36,138,35,1)	(60,58,2)	(37,8)	(834,48,60,0,24,16,0,0,20,0,0)	no	(2-9,5-6,7-8)(0-5,1-8,3-9,6-7)(6-8,7-9)(4-8,5-7,6-9)	-
1438	103	10	(12,4,1)	-	4	(0,36,82,8,0)	(36,150,24,0)	(74,44,2)	(39,6)	(735,169,24,0,48,12,0,0,12,8,8)	no	(0-7,5-9,6-8)(2-8,5-7,6-9)(3-8,4-5,7-9)(1-7,4-6,8-9)	-
1439	170	10	(12,5,1)	-	4	(0,36,82,8,0)	(44,140,26,0)	(78,41,1)	(41,4)	(731,168,43,14,28,0,0,0,12,4,0)	no	(0-9,3-8,6-7)(1-9,5-7,6-8)(3-9,4-6,7-8)(2-8,4-9)(5-9)	-
1440	264	10	(12,5,1)	-	4	(0,36,84,6,0)	(44,144,22,0)	(80,39,1)	(41,4)	(722,166,54,0,26,14,4,0,16,6,3)	no	(0-9,2-8,4-6,5-7)(1-9,3-8,4-7)(2-9,5-8)(3-9,6-8)(7-9)	-
1441	170	10	(12,5,1)	-	4	(0,36,84,6,0)	(44,144,22,0)	(80,39,1)	(41,4)	(743,152,39,14,24,16,0,0,12,4,3)	no	(0-9,3-8,6-7)(1-9,2-8,4-6,5-7)(3-9,4-8)(5-8,6-9)(7-9)	-
1442	74	10	(12,5,1)	-	4	(0,36,84,6,0)	(48,134,27,1)	(76,40,4)	(39,6)	(701,168,90,21,8,0,7,0,15,0,0)	yes	(0-9,3-8,4-6,5-7)(1-9,3-5,4-8,6-7)(2-9,7-8)(5-9)(6-9)	-
1443	340	10	(12,5,1)	-	4	(0,36,84,6,0)	(48,136,25,1)	(78,38,4)	(39,6)	(694,212,31,36,15,0,8,0,11,2,0)	no	(0-9,3-6,4-8,5-7)(1-9,3-7,4-6,5-8)(2-9,7-8)(5-9)(6-9)	-
1444	33	10	(12,5,1)	-	4	(0,40,60,26,0)	(48,116,46,0)	(76,44,0)	(42,3)	(768,112,42,12,36,0,0,0,36,0,0)	no	(0-8,2-4,3-5,6-9)(2-8,7-9)(3-8,4-9)(5-9,6-8)(1-9,7-8)	-
1445	198	10	(12,4,1)	-	4	(0,40,78,8,0)	(48,138,24,0)	(78,42,0)	(41,4)	(782,100,40,14,42,8,0,0,11,4,4)	no	(0-8,2-5,3-9,6-7)(3-8,4-9,5-6)(4-8,7-9)(1-9,5-7,6-8)	-
1446	142	10	(12,5,1)	-	4	(0,40,78,8,0)	(48,140,22,0)	(82,38,0)	(42,3)	(740,166,28,0,32,6,0,0,24,14,0)	no	(0-9,4-8,6-7)(2-9,3-7,5-8)(2-6,3-9,7-8)(1-8,4-9)(5-9)	-
1447	76	10	(12,4,1)	-	4	(0,48,70,8,0)	(56,128,25,1)	(74,44,2)	(39,6)	(809,52,72,0,41,8,4,0,14,4,4)	no	(0-9,5-6,7-8)(4-8,5-7,6-9)(1-6,5-8,7-9)(2-6,3-7,8-9)	-
1448	372	10	(12,4,1)	-	4	(0,48,71,7,0)	(56,130,24,0)	(77,42,1)	(40,5)	(757,105,74,12,34,2,4,3,6,3,6)	no	(1-8,3-6,4-7,5-9)(4-8,5-7,6-9)(0-9,5-8,6-7)(2-8,7-9)	-
1449	120	10	(12,4,1)	-	4	(0,48,72,5,1)	(56,126,28,0)	(74,44,2)	(39,6)	(796,60,82,0,39,0,8,0,15,4,4)	no	(4-7,5-8,6-9)(0-4,1-9,5-7,6-8)(3-8,5-9,6-7)(2-9,7-8)	-
1450	198	10	(12,5,1)	-	4	(0,48,72,6,0)	(56,132,22,0)	(78,41,1)	(40,5)	(760,98,84,14,20,3,0,0,20,6,2)	no	(0-9,2-7,4-6,5-8)(1-9,5-7,6-8)(3-8,4-9,6-7)(5-9)(8-9)	-
1451	320	10	(12,5,3)	-	4	(0,48,72,6,0)	(60,128,22,0)	(82,37,1)	(41,4)	(728,140,79,4,24,8,3,4,12,2,8)	yes	(0-9,5-6,7-8)(1-9,2-8,3-6,5-7)(3-9,4-7,6-8)(4-9)(5-9)	-
1452	484	10	(12,5,2)	-	4	(0,48,72,6,0)	(60,130,20,0)	(86,33,1)	(42,3)	(708,180,54,20,16,0,4,3,10,4,0)	no	(0-9,3-4,5-8,6-7)(1-9,2-7,6-8)(2-9,4-8,5-7)(3-9)(6-9)	-
1453	186	10	(12,4,1)	-	4	(0,48,74,4,0)	(56,138,16,0)	(82,37,1)	(40,5)	(772,109,54,0,28,15,8,0,19,0,0)	no	(0-9,3-7,4-8,5-6)(4-9,5-8,6-7)(1-8,4-7,5-9)(2-8,6-9)	-
1454	372	10	(12,4,1)	-	4	(0,48,75,3,0)	(56,136,18,0)	(79,40,1)	(40,5)	(757,106,56,12,50,2,7,4,12,2,4)	no	(3-8,5-9,6-7)(4-7,5-8,6-9)(0-7,1-9,4-5,6-8)(2-9,7-8)	-
1455	1052	10	(12,4,4)	-	4	(0,48,75,3,0)	(56,138,16,0)	(83,36,1)	(41,4)	(725,137,58,29,32,12,2,0,9,8,0)	no	(2-8,3-9,4-7,5-6)(4-8,5-7,6-9)(0-9,3-7,5-8)(1-9,6-8)	-
1456	102	10	(12,5,1)	-	4	(0,48,76,2,0)	(56,136,18,0)	(82,37,1)	(40,5)	(811,95,40,0,14,22,0,0,20,1,0)	no	(0-9,3-8,4-5,6-7)(1-9,4-7,5-8)(2-7,4-9,6-8)(5-9)(6-9)	-
1457	548	10	(12,5,1)	-	4	(0,48,76,2,0)	(56,140,14,0)	(84,35,1)	(41,4)	(728,150,47,16,36,12,0,4,7,5,6)	no	(0-9,3-7,6-8)(1-9,4-8,5-6)(2-8,3-9,4-7)(5-7,6-9)(8-9)	-
1458	782	10	(12,5,2)	-	4	(0,48,76,2,0)	(60,136,14,0)	(88,31,1)	(42,3)	(705,183,36,22,37,4,0,0,13,8,2)	no	(0-9,3-8,4-5,6-7)(1-9,2-7,6-8)(2-9,4-7,5-8)(3-9)(6-9)	-
1459	204	10	(12,4,2)	-	4	(0,52,70,4,0)	(60,132,18,0)	(80,40,0)	(41,4)	(775,59,100,0,55,4,0,0,9,0,0)	no	(1-6,4-9,7-8)(0-9,5-8,6-7)(4-7,5-9,6-8)(2-7,3-8,6-9)	-
1460	542	10	(12,4,1)	-	4	(0,52,70,4,0)	(60,136,14,0)	(86,34,0)	(42,3)	(748,94,90,24,22,1,8,0,13,3,6)	no	(0-9,5-8,6-7)(1-7,3-9,4-8,5-6)(3-7,4-9,6-8)(2-8,5-9)	-
1461	306	10	(12,4,1)	-	4	(0,52,72,2,0)	(60,138,12,0)	(86,34,0)	(42,3)	(749,117,62,0,52,1,8,0,12,4,0)	no	(0-9,4-7,6-8)(3-9,7-8)(4-9,5-8,6-7)(1-7,2-8,3-6,5-9)	-
1462	264	10	(12,5,2)	-	4	(0,56,59,11,0)	(64,124,22,0)	(85,35,0)	(42,3)	(748,113,64,0,48,8,12,0,11,6,0)	no	(0-9,2-8,4-5,6-7)(1-7,2-9,3-8)(3-9,5-8)(4-9,6-8)(7-9)	-
1463	176	10	(12,4,2)	-	4	(0,56,64,6,0)	(64,126,20,0)	(82,37,1)	(41,4)	(779,56,92,0,61,4,3,0,4,2,0)	no	(2-7,3-9,6-8)(0-6,1-9,3-8,5-7)(4-9,5-8,6-7)(4-8,7-9)	-
1464	372	10	(12,4,1)	-	4	(0,56,64,6,0)	(64,128,18,0)	(82,38,0)	(41,4)	(785,52,87,4,52,2,11,2,8,2,3)	no	(0-9,5-8,6-7)(4-7,5-9,6-8)(1-8,2-7,3-5,6-9)(4-8,7-9)	-
1465	276	10	(12,4,1)	-	4	(0,56,66,4,0)	(64,132,14,0)	(86,34,0)	(42,3)	(752,110,60,0,54,7,4,0,16,5,0)	no	(0-9,3-7,6-8)(1-8,2-6,3-9,4-7)(2-7,4-9,5-8)(5-7,8-9)	-
1466	1052	10	(12,4,3)	-	4	(0,56,67,3,0)	(64,134,12,0)	(87,33,0)	(42,3)	(745,101,74,13,50,9,3,0,8,2,0)	no	(1-7,2-9,5-8)(1-4,2-7,3-9,6-8)(3-7,4-8,5-9)(0-8,6-9)	-
1467	264	10	(12,4,1)	-	4	(0,56,67,3,0)	(64,136,10,0)	(89,31,0)	(42,3)	(758,105,62,0,38,16,8,0,19,2,0)	no	(0-9,2-8,4-6,5-7)(2-9,3-8,6-7)(1-7,3-9,4-8)(5-8,6-9)	-
1468	568	10	(12,4,2)	-	4	(0,56,67,3,0)	(68,128,14,0)	(87,33,0)	(42,3)	(743,104,80,12,45,8,4,0,5,3,1)	yes	(0-7,3-8,4-6,5-9)(4-9,5-8,6-7)(2-9,3-6,7-8)(1-8,7-9)	-
1469	1516	10	(12,4,2)	-	4	(0,56,68,2,0)	(68,132,10,0)	(92,28,0)	(43,2)	(721,151,51,19,37,5,2,6,6,3,2)	no	(0-9,3-5,4-7,6-8)(2-9,3-8,6-7)(2-8,4-9,5-7)(1-8,6-9)	-
1470	754	10	(12,4,1)	-	4	(0,56,68,2,0)	(68,132,10,0)	(92,28,0)	(43,2)	(723,151,52,12,36,4,4,12,4,6,0)	no	(1-4,2-9,3-7,5-8)(2-7,4-9,6-8)(1-7,3-8,5-9)(0-8,6-9)	-
1471	822	10	(12,4,1)	-	4	(0,56,69,1,0)	(68,134,8,0)	(93,27,0)	(43,2)	(724,148,52,12,38,6,0,12,7,7,4)	no	(0-8,3-6,7-9)(2-8,4-9,5-7)(2-9,3-8,4-6)(1-9,5-6,7-8)	-
1472	38	10	(12,4,2)	-	4	(0,60,48,18,0)	(68,114,24,4)	(74,45,1)	(39,6)	(842,40,57,0,28,20,0,0,16,0,0)	no	(4-9,5-6,7-8)(0-5,6-7,8-9)(1-5,6-8,7-9)(2-7,3-8,6-9)	-
1473	76	10	(12,4,2)	-	4	(0,60,54,12,0)	(60,128,20,2)	(74,45,1)	(39,6)	(819,56,57,0,49,8,0,0,4,0,12)	no	(0-8,2-4,5-9,6-7)(4-7,5-8,6-9)(1-9,3-4,5-7,6-8)(8-9)	-
1474	198	10	(12,4,1)	-	4	(0,60,57,9,0)	(68,120,22,0)	(81,38,1)	(40,5)	(760,96,86,20,18,4,6,0,11,4,2)	no	(2-6,3-7,4-9,5-8)(0-8,4-6,5-9)(4-8,5-7,6-9)(1-8,7-9)	-
1475	72	10	(12,4,1)	-	4	(0,60,58,6,2)	(68,112,29,1)	(74,44,2)	(39,6)	(812,56,60,0,40,8,12,0,20,0,0)	no	(0-4,1-6,5-7,8-9)(2-9,5-8,6-7)(3-9,4-5,7-8)(6-8,7-9)	-
1476	132	10	(12,4,1)	-	4	(0,60,58,8,0)	(68,116,26,0)	(74,45,1)	(39,6)	(804,64,73,0,35,0,13,0,13,0,0)	no	(2-8,5-7,6-9)(0-5,6-7,8-9)(1-9,5-6,7-8)(3-8,4-6,7-9)	-
1477	204	10	(12,5,3)	-	4	(0,60,58,8,0)	(68,118,24,0)	(82,37,1)	(40,5)	(814,79,42,18,15,20,0,0,14,1,0)	no	(0-9,2-8,4-7,5-6)(1-9,3-6,4-8,5-7)(4-9,7-8)(5-9)(6-9)	-
1478	220	10	(12,4,1)	-	4	(0,60,58,8,0)	(68,120,21,1)	(78,41,1)	(40,5)	(768,89,78,14,28,11,2,0,10,3,0)	no	(0-7,3-6,4-8,5-9)(4-7,5-8,6-9)(2-5,6-8,7-9)(1-7,8-9)	-
1479	372	10	(12,5,2)	(4,13,3)	4	(0,60,59,7,0)	(68,120,22,0)	(79,40,1)	(40,5)	(766,97,71,13,31,12,0,0,10,1,1)	no	(0-9,5-8,6-7)(1-9,2-7,3-5,6-8)(4-9,7-8)(4-6,5-9)(8-9)	(2-8,4-9,6-7)(4-5,6-9,7-8)(0-6,3-4,5-8,7-9)(1-6,5-7,8-9)
1480	204	10	(12,4,3)	-	4	(0,60,60,6,0)	(60,132,18,0)	(78,41,1)	(40,5)	(768,87,76,22,20,8,4,0,20,4,0)	no	(3-9,4-6,7-8)(1-7,3-6,4-9,5-8)(0-8,5-6,7-9)(2-7,8-9)	-
1481	372	10	(12,4,5)	-	4	(0,60,60,6,0)	(68,124,18,0)	(82,37,1)	(40,5)	(766,101,69,16,28,7,4,0,7,2,5)	no	(0-9,4-8,5-6)(1-8,4-9,6-7)(2-8,3-6,4-7,5-9)(5-7,8-9)	-
1482	340	10	(12,5,1)	-	4	(0,60,60,6,0)	(72,118,20,0)	(84,35,1)	(41,4)	(733,140,61,8,46,4,0,0,4,4,4)	no	(0-9,5-6,7-8)(1-9,2-5,4-8,6-7)(3-9,6-8)(3-7,4-9)(5-9)	-
1483	476	10	(12,5,1)	-	4	(0,60,60,6,0)	(76,114,20,0)	(88,31,1)	(42,3)	(714,180,36,23,30,4,0,0,6,0,4)	no	(0-9,2-5,3-7,6-8)(1-9,4-8,6-7)(2-9,5-6,7-8)(3-9)(4-9)	-
1484	372	10	(12,4,2)	-	4	(0,60,61,5,0)	(68,124,18,0)	(81,38,1)	(40,5)	(763,94,75,22,29,2,5,0,8,2,4)	no	(0-8,2-7,4-9,5-6)(4-8,5-9,6-7)(1-8,3-5,4-7,6-9)(8-9)	-
1485	372	10	(12,4,1)	-	4	(0,60,62,4,0)	(68,124,18,0)	(80,39,1)	(40,5)	(757,109,70,11,27,0,16,0,12,0,7)	no	(1-9,5-8,6-7)(4-7,5-9,6-8)(0-6,2-9,4-5,7-8)(3-7,8-9)	-
1486	372	10	(12,4,2)	-	4	(0,60,62,4,0)	(68,124,18,0)	(80,39,1)	(40,5)	(777,87,63,25,27,5,4,0,12,3,4)	no	(0-7,5-8,6-9)(1-9,4-7,6-8)(2-9,4-5,7-8)(3-8,5-6,7-9)	-
1487	1052	10	(12,4,6)	-	4	(0,60,62,4,0)	(68,126,16,0)	(84,35,1)	(41,4)	(725,147,62,22,24,7,2,4,5,2,4)	no	(2-9,3-8,4-7,5-6)(0-9,2-6,3-7,4-8)(1-9,5-7,6-8)(8-9)	-
1488	1052	10	(12,4,6)	-	4	(0,60,62,4,0)	(72,122,16,0)	(86,33,1)	(41,4)	(737,140,52,26,17,12,0,3,12,4,2)	no	(0-9,3-7,4-6,5-8)(2-5,3-9,4-7,6-8)(1-9,5-6,7-8)(8-9)	-
1489	178	10	(12,4,1)	-	4	(0,60,62,4,0)	(72,124,14,0)	(88,32,0)	(42,3)	(764,48,118,3,52,8,4,1,12,0,0)	yes	(0-6,1-8,4-7,5-9)(3-8,5-7,6-9)(3-7,4-9,5-8)(2-9,6-8)	-
1490	254	10	(12,4,1)	-	4	(0,60,62,4,0)	(72,126,12,0)	(92,28,0)	(43,2)	(738,102,92,4,44,8,1,8,4,0,0)	no	(0-8,2-3,4-7,6-9)(2-8,5-9,6-7)(3-9,4-8,5-7)(1-9,6-8)	-
1491	754	10	(12,4,3)	-	4	(0,60,62,4,0)	(72,126,12,0)	(92,28,0)	(43,2)	(740,102,90,4,35,10,8,8,4,0,4)	no	(1-8,2-7,3-4,5-9)(1-7,3-8,6-9)(0-7,2-9,5-8)(4-9,6-8)	-
1492	352	10	(12,4,2)	-	4	(0,60,63,2,1)	(68,122,20,0)	(79,40,1)	(40,5)	(770,90,62,24,33,6,2,0,14,0,5)	no	(2-5,3-9,4-7,6-8)(0-8,3-7,4-9,5-6)(1-8,5-9,6-7)(8-9)	-
1493	1052	10	(12,4,2)	-	4	(0,60,63,3,0)	(72,122,16,0)	(85,34,1)	(41,4)	(728,141,64,21,23,9,1,3,5,8,4)	no	(0-9,5-8,6-7)(1-9,3-7,4-5,6-8)(3-9,4-6,7-8)(2-8,5-9)	-
1494	1096	10	(12,5,1)	-	4	(0,60,64,2,0)	(72,124,14,0)	(86,33,1)	(41,4)	(721,156,63,11,28,7,0,4,5,9,4)	no	(0-9,5-6,7-8)(1-9,3-7,4-5,6-8)(2-8,3-9,4-7)(5-9)(6-9)	-
1495	1594	10	(12,5,1)	-	4	(0,60,64,2,0)	(74,123,13,0)	(90,29,1)	(42,3)	(695,198,43,22,20,4,7,0,5,4,7)	no	(0-9,2-7,3-8,4-6)(1-9,5-6,7-8)(2-9,4-7,5-8)(3-9)(6-9)	-
1496	76	10	(12,4,1)	-	4	(0,64,48,14,0)	(64,124,20,2)	(80,38,2)	(40,5)	(830,51,24,0,62,6,4,0,28,3,2)	no	(0-4,1-7,5-8,6-9)(4-7,5-9,6-8)(5-7,8-9)(2-8,3-9,6-7)	-
1497	24	10	(12,4,1)	-	4	(0,64,48,14,0)	(64,128,16,2)	(80,40,0)	(40,5)	(846,50,24,0,48,6,0,0,24,0,0)	yes	(0-8,4-9,5-7)(4-8,5-9,6-7)(2-7,3-4,5-8,6-9)(1-9,6-8)	-
1498	94	10	(12,5,1)	-	4	(0,64,50,12,0)	(80,108,21,1)	(94,24,2)	(43,2)	(814,48,50,6,32,0,20,8,30,0,4)	yes	(0-9,1-2,4-8,6-7)(2-9,3-7,6-8)(3-9,5-7)(4-9,5-8)(6-9)	-
1499	119	10	(12,4,1)	-	4	(0,64,54,8,0)	(64,134,11,1)	(84,36,0)	(41,4)	(787,100,0,0,87,16,0,0,15,8,0)	no	(0-8,3-4,5-9,6-7)(3-8,5-7,6-9)(2-7,4-9,5-8)(1-9,6-8)	-
1500	412	10	(12,4,1)	-	4	(0,64,56,6,0)	(80,114,16,0)	(94,25,1)	(43,2)	(788,52,76,4,50,4,13,2,11,0,4)	yes	(1-5,2-7,3-8,6-9)(2-9,4-8,6-7)(0-9,4-7,5-8)(3-9,6-8)	-
1501	320	10	(12,4,2)	-	4	(0,66,55,5,0)	(66,131,13,0)	(84,35,1)	(41,4)	(749,116,53,20,37,16,3,0,3,4,12)	yes	(0-9,1-8,4-7,5-6)(3-9,5-7,6-8)(3-6,4-9,7-8)(2-8,5-9)	-
1502	1052	10	(12,4,6)	-	4	(0,66,56,4,0)	(74,123,13,0)	(87,32,1)	(41,4)	(728,149,55,16,26,12,4,4,7,2,1)	no	(0-9,2-8,3-7,5-6)(1-9,2-6,4-8,5-7)(3-8,4-7,5-9)(6-9)	-
1503	1052	10	(12,4,3)	-	4	(0,66,57,3,0)	(74,123,13,0)	(86,33,1)	(41,4)	(722,149,50,23,35,13,2,0,13,3,1)	no	(3-9,5-7,6-8)(0-7,1-8,4-6,5-9)(2-8,3-7,4-5,6-9)(8-9)	-
1504	340	10	(12,4,1)	-	4	(0,66,57,3,0)	(74,123,13,0)	(86,33,1)	(41,4)	(746,126,62,8,32,20,0,0,9,4,0)	no	(1-8,3-9,4-7,5-6)(2-8,3-6,4-9,5-7)(0-9,5-8,6-7)(8-9)	-
1505	320	10	(12,4,2)	-	4	(0,66,57,3,0)	(78,119,13,0)	(88,31,1)	(41,4)	(743,122,69,10,24,16,3,4,14,2,6)	yes	(0-9,3-7,4-6,5-8)(1-9,3-5,4-8,6-7)(2-6,4-9,7-8)(5-9)	-
1506	1096	10	(12,4,1)	-	4	(0,66,58,2,0)	(74,125,11,0)	(87,32,1)	(41,4)	(722,152,58,10,31,15,4,4,5,6,4)	no	(0-9,5-6,7-8)(3-9,4-6,5-8)(1-8,3-7,5-9)(2-8,4-7,6-9)	-
1507	1052	10	(12,4,1)	-	4	(0,66,58,2,0)	(78,119,13,0)	(87,32,1)	(41,4)	(728,135,56,26,29,14,6,4,8,6,0)	no	(0-9,3-7,4-6,5-8)(1-9,3-4,5-6,7-8)(5-9,6-8)(2-8,7-9)	-
1508	1096	10	(12,4,1)	-	4	(0,66,58,2,0)	(78,121,11,0)	(89,30,1)	(41,4)	(736,145,42,21,34,4,4,7,8,7,0)	no	(0-9,3-8,4-6,5-7)(1-9,3-4,5-8,6-7)(2-6,4-9,7-8)(5-9)	-
1509	920	10	(12,4,2)	-	4	(0,66,58,2,0)	(78,121,11,0)	(91,28,1)	(42,3)	(705,174,53,16,32,7,2,0,14,2,2)	no	(0-9,2-6,3-8,5-7)(1-9,3-6,4-7,5-8)(2-7,4-8,5-9)(6-9)	-
1510	3004	10	(12,4,2)	-	4	(0,66,58,2,0)	(80,118,12,0)	(91,28,1)	(42,3)	(692,196,33,24,40,6,1,0,11,5,2)	no	(0-9,2-8,4-7,5-6)(1-9,3-4,5-7,6-8)(2-9,3-8,6-7)(5-9)	-
1511	952	10	(12,4,1)	-	4	(0,66,58,2,0)	(82,117,11,0)	(93,26,1)	(42,3)	(714,176,34,20,37,5,3,0,7,0,6)	no	(0-9,2-8,4-7,5-6)(1-9,3-6,4-8,5-7)(2-9,3-8,6-7)(5-9)	-
1512	312	10	(12,5,1)	(4,13,1)	4	(0,66,59,0,1)	(78,117,15,0)	(86,33,1)	(41,4)	(740,124,62,8,31,28,0,0,15,0,4)	no	(0-9,3-5,4-7,6-8)(1-9,3-6,4-5,7-8)(2-8,6-9)(7-9)(8-9)	(2-4,3-7,5-8,6-9)(0-9,2-3,5-7,6-8)(4-8,5-9,6-7)(1-9,7-8)
1513	1544	10	(12,5,1)	-	4	(0,66,59,1,0)	(82,117,11,0)	(92,27,1)	(42,3)	(702,184,33,28,36,4,2,4,6,8,1)	no	(0-9,2-8,3-5,6-7)(1-9,3-8,4-7,5-6)(2-9,4-8)(6-9)(7-9)	-
1514	220	10	(12,4,2)	-	4	(0,68,52,6,0)	(76,120,13,1)	(84,36,0)	(41,4)	(813,46,60,8,38,7,20,0,14,2,0)	no	(0-7,5-6,8-9)(1-5,3-9,4-7,6-8)(4-5,6-9,7-8)(2-8,7-9)	-
1515	372	10	(12,4,1)	-	4	(0,68,54,4,0)	(76,120,14,0)	(84,36,0)	(41,4)	(786,62,81,0,43,0,19,0,14,2,1)	no	(0-9,1-6,4-7,5-8)(4-8,5-9,6-7)(2-8,5-6,7-9)(3-7,8-9)	-
1516	1052	10	(12,4,7)	-	4	(0,68,54,4,0)	(76,122,12,0)	(88,32,0)	(42,3)	(755,92,86,14,23,9,10,5,9,0,3)	no	(0-9,3-8,4-7,5-6)(2-9,5-7,6-8)(1-7,2-8,3-9,4-6)(5-9)	-
1517	920	10	(12,4,2)	-	4	(0,70,53,3,0)	(82,119,9,0)	(94,26,0)	(43,2)	(745,118,72,7,9,18,16,12,7,0,0)	no	(0-9,2-8,3-7,5-6)(1-8,2-9,4-6,5-7)(3-9,4-7,6-8)(5-9)	-
1518	220	10	(12,5,2)	(4,13,2)	4	(0,72,46,8,0)	(80,114,15,1)	(84,36,0)	(41,4)	(809,44,64,8,48,11,10,0,12,0,0)	no	(0-9,2-6,3-8,5-7)(1-5,3-9,4-8,6-7)(4-9,7-8)(5-9)(6-9)	(1-6,3-4,5-8,7-9)(0-4,3-7,5-9,6-8)(4-5,6-9,7-8)(2-7,8-9)
1519	372	10	(12,4,3)	-	4	(0,72,48,6,0)	(80,114,16,0)	(84,36,0)	(41,4)	(798,55,71,8,44,0,17,0,11,0,2)	no	(0-6,5-8,7-9)(1-5,2-9,4-7,6-8)(4-5,6-9,7-8)(3-7,8-9)	-
1520	1052	10	(12,4,5)	-	4	(0,72,49,5,0)	(80,118,12,0)	(89,31,0)	(42,3)	(748,92,92,23,22,6,8,1,8,1,5)	no	(0-9,1-7,2-8,5-6)(2-9,3-8,4-5,6-7)(3-9,4-7,6-8)(5-9)	-
1521	1052	10	(12,4,4)	-	4	(0,72,49,5,0)	(84,114,12,0)	(91,29,0)	(42,3)	(759,88,81,21,20,10,9,3,9,1,6)	no	(0-9,2-8,4-7,5-6)(1-6,2-9,3-8,5-7)(3-9,4-8,6-7)(5-9)	-
1522	198	10	(12,4,1)	-	4	(0,72,50,4,0)	(80,116,14,0)	(84,36,0)	(41,4)	(777,63,80,0,68,0,12,0,6,0,0)	no	(4-7,5-9,6-8)(0-8,5-7,6-9)(2-5,3-6,4-8,7-9)(1-7,8-9)	-
1523	1052	10	(12,4,2)	-	4	(0,72,50,4,0)	(84,114,12,0)	(90,30,0)	(42,3)	(750,90,90,23,21,6,9,1,10,2,8)	no	(0-9,5-8,6-7)(1-7,3-9,4-5,6-8)(2-8,3-7,4-6,5-9)(8-9)	-
1524	1052	10	(12,4,3)	-	4	(0,72,50,4,0)	(84,114,12,0)	(90,30,0)	(42,3)	(773,85,65,21,29,7,6,7,7,2,5)	no	(2-7,3-9,4-6,5-8)(1-5,3-7,4-9,6-8)(0-9,5-6,7-8)(8-9)	-
1525	528	10	(12,4,1)	-	4	(0,72,51,3,0)	(80,120,10,0)	(89,31,0)	(42,3)	(745,97,90,20,27,6,8,0,5,0,8)	no	(0-9,1-7,2-8,4-6)(2-9,3-8,4-7,5-6)(3-9,7-8)(5-8,6-9)	-
1526	1052	10	(12,4,2)	-	4	(0,72,51,3,0)	(84,114,12,0)	(89,31,0)	(42,3)	(748,95,82,21,28,7,15,0,8,0,3)	no	(2-7,3-5,4-9,6-8)(4-8,5-9,6-7)(0-9,3-6,7-8)(1-8,7-9)	-
1527	1096	10	(12,4,1)	-	4	(0,72,52,2,0)	(84,116,10,0)	(90,30,0)	(42,3)	(739,111,83,4,39,7,14,0,7,0,3)	no	(0-9,3-7,4-8,5-6)(1-5,3-9,6-8)(4-9,7-8)(2-8,5-9,6-7)	-
1528	552	10	(12,4,1)	-	4	(0,72,52,2,0)	(84,116,10,0)	(90,30,0)	(42,3)	(743,95,94,20,27,3,7,2,10,2,6)	no	(0-9,2-8,4-5,6-7)(1-7,2-9,3-8,4-6)(3-9,7-8)(5-8,6-9)	-
1529	1578	10	(12,4,1)	-	4	(0,72,53,1,0)	(86,117,7,0)	(95,25,0)	(43,2)	(710,154,77,13,18,10,4,6,4,1,10)	no	(0-8,2-9,3-7,4-6)(2-8,5-6,7-9)(3-8,4-9,5-7)(1-9,6-8)	-
1530	234	10	(12,4,1)	-	4	(0,72,54,0,0)	(80,124,6,0)	(90,30,0)	(42,3)	(767,69,86,24,18,9,18,0,16,0,0)	no	(0-7,3-6,8-9)(3-7,4-8,5-9)(2-9,4-6,7-8)(1-8,5-6,7-9)	-
1531	3004	10	(12,4,2)	-	4	(0,74,48,4,0)	(88,112,10,0)	(95,25,0)	(43,2)	(717,147,69,12,21,11,11,7,6,5,2)	no	(0-9,1-8,4-7,5-6)(2-9,3-4,5-7,6-8)(2-8,3-9,6-7)(5-9)	-
1532	952	10	(12,4,1)	-	4	(0,74,49,3,0)	(90,111,9,0)	(96,24,0)	(43,2)	(757,122,42,13,38,2,6,16,2,0,4)	no	(0-9,2-5,4-8,6-7)(2-9,5-6,7-8)(1-5,3-9,6-8)(3-7,4-9)	-
1533	3004	10	(12,4,2)	-	4	(0,74,50,2,0)	(88,114,8,0)	(95,25,0)	(43,2)	(712,151,75,9,20,11,10,9,4,2,4)	no	(1-9,2-7,3-8,5-6)(1-7,2-5,3-9,4-8)(0-9,6-8)(4-9,7-8)	-
1534	1544	10	(12,4,1)	-	4	(0,74,50,2,0)	(90,111,9,0)	(95,25,0)	(43,2)	(720,150,53,19,30,2,18,6,2,3,4)	no	(0-9,2-8,3-4,6-7)(2-9,3-8,4-7,5-6)(5-8,6-9)(1-8,7-9)	-
1535	106	10	(12,4,1)	-	4	(0,76,42,8,0)	(84,112,14,0)	(88,32,0)	(41,4)	(785,64,92,0,33,0,16,0,13,0,0)	no	(0-9,5-7,6-8)(2-6,3-7,4-9,5-8)(1-8,4-6,5-9)(4-8,7-9)	-
1536	122	10	(12,4,1)	-	4	(0,76,42,8,0)	(84,114,11,1)	(88,32,0)	(41,4)	(808,56,70,0,32,8,16,0,6,0,0)	no	(0-8,2-6,4-9,5-7)(4-8,5-9,6-7)(1-9,3-7,4-6,5-8)(8-9)	-
1537	103	10	(12,5,1)	-	4	(0,76,44,6,0)	(84,110,16,0)	(88,32,0)	(41,4)	(831,49,58,8,24,4,4,0,26,2,0)	no	(0-9,1-8,4-6,5-7)(2-6,3-7,4-9,5-8)(4-8,5-9)(6-9)(7-9)	-
1538	544	10	(12,4,2)	-	4	(0,76,44,6,0)	(84,114,12,0)	(90,30,0)	(42,3)	(750,77,110,14,22,11,16,0,2,0,6)	no	(2-8,4-6,7-9)(0-6,2-9,3-8,5-7)(1-7,4-9,5-8)(3-9,6-8)	-
1539	372	10	(12,4,1)	-	4	(0,76,46,4,0)	(84,116,10,0)	(88,32,0)	(41,4)	(791,54,80,8,45,0,12,0,9,2,6)	no	(0-9,2-7,4-8,5-6)(4-9,5-8,6-7)(1-8,3-5,4-7,6-9)(8-9)	-
1540	1052	10	(12,4,6)	-	4	(0,76,46,4,0)	(84,116,10,0)	(90,30,0)	(42,3)	(756,75,96,20,28,7,14,0,8,0,4)	no	(0-9,1-7,2-6,3-8)(2-9,3-6,4-8,5-7)(4-6,5-8,7-9)(8-9)	-
1541	754	10	(12,4,1)	-	4	(0,76,47,3,0)	(88,114,8,0)	(95,25,0)	(43,2)	(721,147,60,12,26,4,16,12,4,6,0)	no	(0-8,1-7,2-6,4-9)(2-7,3-6,4-8,5-9)(1-9,5-8)(3-9,7-8)	-
1542	1052	10	(12,4,2)	-	4	(0,76,48,2,0)	(88,114,8,0)	(92,28,0)	(42,3)	(760,91,71,11,30,12,16,4,10,2,3)	no	(0-9,3-7,4-6,5-8)(3-9,5-6,7-8)(1-6,2-8,4-7,5-9)(8-9)	-
1543	498	10	(12,4,1)	-	4	(0,76,48,2,0)	(92,110,8,0)	(96,24,0)	(43,2)	(732,122,81,7,18,12,10,16,6,2,4)	yes	(0-8,1-7,2-6,3-9)(1-5,2-7,3-8,4-9)(4-8,5-9)(6-9,7-8)	-
1544	596	10	(12,4,1)	-	4	(0,76,50,0,0)	(88,116,6,0)	(92,28,0)	(42,3)	(747,97,77,4,52,12,8,5,4,2,0)	no	(1-8,5-7,6-9)(3-8,4-9,5-6)(0-5,2-9,3-7,6-8)(4-7,8-9)	-
1545	832	10	(12,4,1)	-	4	(0,76,50,0,0)	(90,115,5,0)	(96,24,0)	(43,2)	(717,137,84,8,21,10,21,0,4,2,0)	no	(1-8,2-6,3-9,5-7)(2-8,4-9,6-7)(0-9,3-7,4-6,5-8)(8-9)	-
1546	3032	10	(12,4,3)	-	4	(0,78,47,1,0)	(90,115,5,0)	(96,24,0)	(43,2)	(735,115,74,20,23,9,14,9,2,1,6)	no	(0-9,1-8,4-7,5-6)(2-9,3-6,4-8,5-7)(2-7,3-9,6-8)(5-9)	-
1547	552	10	(12,4,4)	-	4	(0,80,40,6,0)	(92,104,14,0)	(92,27,1)	(42,3)	(756,77,91,18,38,9,0,0,12,1,6)	no	(3-6,5-7,8-9)(0-5,3-8,4-9,6-7)(2-9,4-6,7-8)(1-8,7-9)	-
1548	1052	10	(12,4,4)	-	4	(0,80,42,4,0)	(92,108,10,0)	(92,28,0)	(42,3)	(758,74,96,27,19,3,12,0,12,0,9)	no	(0-9,1-8,4-7,5-6)(2-5,3-9,4-8,6-7)(3-7,4-9,6-8)(5-9)	-
1549	1052	10	(12,4,2)	-	4	(0,80,42,4,0)	(92,108,10,0)	(92,28,0)	(42,3)	(759,79,94,17,19,8,14,0,10,0,10)	no	(2-9,3-8,4-7,5-6)(0-5,2-8,3-9,6-7)(1-7,4-8,5-9)(6-9)	-
1550	576	10	(12,4,2)	-	4	(0,80,44,2,0)	(92,110,8,0)	(92,28,0)	(42,3)	(753,81,99,15,27,8,10,0,6,1,6)	no	(1-6,2-7,3-9,5-8)(4-7,5-9,6-8)(0-5,3-6,4-9,7-8)(8-9)	-
1551	2274	10	(12,4,1)	-	4	(0,80,46,0,0)	(98,109,3,0)	(102,18,0)	(44,1)	(716,156,54,12,21,6,24,8,7,0,2)	no	(0-9,1-8,2-6,3-7)(1-9,4-8,6-7)(2-9,4-6,5-7)(3-9,5-8)	-
1552	1476	10	(12,4,3)	-	4	(0,82,41,3,0)	(94,109,7,0)	(96,24,0)	(43,2)	(735,98,102,22,17,12,0,6,4,0,11)	no	(1-9,2-7,4-6,5-8)(0-6,1-8,2-9,3-7)(3-9,4-8,5-7)(6-9)	-
1553	920	10	(12,4,2)	-	4	(0,82,41,3,0)	(94,109,7,0)	(96,24,0)	(43,2)	(735,100,101,20,15,14,3,4,3,0,14)	no	(0-9,3-5,4-8,6-7)(1-5,2-9,4-7,6-8)(2-7,3-8,5-9)(6-9)	-
1554	3004	10	(12,4,4)	-	4	(0,82,41,3,0)	(96,106,8,0)	(96,24,0)	(43,2)	(717,122,98,15,21,11,7,5,4,3,3)	no	(1-9,2-7,3-8,4-5)(1-7,2-9,6-8)(0-8,3-7,4-6,5-9)(8-9)	-
1555	3004	10	(12,4,4)	-	4	(0,82,42,2,0)	(96,108,6,0)	(97,23,0)	(43,2)	(723,117,91,19,25,13,5,2,6,0,6)	no	(0-9,2-8,3-6,5-7)(1-7,2-9,4-6,5-8)(3-8,4-7,5-9)(6-9)	-
1556	208	10	(12,4,3)	-	4	(0,84,30,12,0)	(84,112,12,2)	(86,33,1)	(41,4)	(801,50,66,6,43,6,20,0,12,0,4)	no	(0-8,3-4,5-9,6-7)(2-4,3-7,5-8,6-9)(1-9,5-7,6-8)(8-9)	-
1557	220	10	(12,4,2)	-	4	(0,84,32,10,0)	(84,114,11,1)	(86,34,0)	(41,4)	(808,46,69,6,46,8,5,0,11,2,2)	no	(0-9,3-6,4-7,5-8)(1-8,2-6,4-9,5-7)(3-7,4-8,5-9)(6-9)	-
1558	94	10	(12,4,1)	-	4	(0,84,33,9,0)	(84,116,9,1)	(91,28,1)	(42,3)	(779,48,108,12,30,0,4,4,12,0,16)	yes	(0-5,2-9,3-8,6-7)(1-5,3-9,4-7,6-8)(2-7,4-8,5-9)(6-9)	-
1559	624	10	(12,4,1)	-	4	(0,84,36,6,0)	(92,110,7,1)	(92,28,0)	(42,3)	(758,90,68,9,51,9,6,7,5,5,4)	no	(1-8,3-7,4-6,5-9)(0-6,3-4,5-8,7-9)(2-9,5-6,7-8)(8-9)	-
1560	202	10	(12,3,1)	-	4	(0,84,36,6,0)	(96,104,9,1)	(94,25,1)	(42,3)	(728,129,69,12,43,15,4,0,6,0,4)	yes	(0-9,3-6,4-5,7-8)(1-9,2-8,4-6,5-7)(2-5,3-8,4-9,6-7)	-
1561	1052	10	(12,4,1)	-	4	(0,84,38,4,0)	(92,110,8,0)	(92,28,0)	(42,3)	(748,101,72,9,46,5,11,2,9,4,2)	no	(0-9,1-6,4-7,5-8)(3-9,5-6,7-8)(2-8,3-4,5-9,6-7)(8-9)	-
1562	1052	10	(12,4,1)	-	4	(0,84,39,3,0)	(92,112,6,0)	(93,27,0)	(42,3)	(753,90,72,17,45,12,7,1,6,3,2)	no	(0-9,3-7,4-5,6-8)(4-9,5-8,6-7)(1-8,2-7,3-4,5-9)(6-9)	-
1563	216	10	(12,4,1)	-	4	(0,84,39,3,0)	(96,108,6,0)	(95,25,0)	(42,3)	(768,88,63,12,39,15,0,0,18,0,0)	yes	(0-9,3-5,4-7,6-8)(4-9,5-8,6-7)(1-7,2-8,3-4,5-9)(6-9)	-
1564	1498	10	(12,4,5)	-	4	(0,84,39,3,0)	(98,105,7,0)	(97,23,0)	(43,2)	(723,115,89,19,27,14,6,4,7,1,4)	yes	(0-9,2-8,4-7,5-6)(0-7,1-9,3-8,4-6)(1-7,2-9,5-8)(3-9)	-
1565	1550	10	(12,3,1)	-	4	(0,84,40,2,0)	(98,107,5,0)	(98,22,0)	(43,2)	(723,115,87,20,30,12,10,2,7,0,2)	no	(0-8,2-7,4-5,6-9)(1-9,3-7,4-6,5-8)(2-8,3-9,4-7,5-6)	-
1566	3088	10	(12,4,1)	-	4	(0,84,41,1,0)	(100,106,4,0)	(99,21,0)	(43,2)	(732,124,70,14,28,3,14,12,5,1,7)	no	(0-9,1-7,2-8,5-6)(2-9,3-6,4-8,5-7)(3-8,4-7,5-9)(6-9)	-
1567	234	10	(12,3,1)	-	4	(0,84,42,0,0)	(96,108,6,0)	(96,24,0)	(42,3)	(815,85,33,12,27,0,0,15,3,0,12)	no	(1-8,3-4,5-9,6-7)(0-7,3-5,4-8,6-9)(2-9,3-7,4-5,6-8)	-
1568	1676	10	(12,4,1)	-	4	(0,84,42,0,0)	(100,106,4,0)	(98,22,0)	(43,2)	(726,122,72,18,40,2,10,10,4,1,2)	no	(0-8,2-3,4-6,7-9)(2-7,3-6,4-8,5-9)(1-9,5-6,7-8)(8-9)	-
1569	74	10	(12,3,1)	-	4	(0,84,42,0,0)	(104,96,10,0)	(96,24,0)	(42,3)	(834,31,78,25,0,0,12,3,6,1,0)	yes	(0-7,3-4,5-9,6-8)(1-8,3-5,4-7,6-9)(2-9,3-6,4-8,5-7)	-
1570	868	10	(12,4,3)	-	4	(0,86,35,5,0)	(102,97,11,0)	(98,21,1)	(43,2)	(737,98,90,23,21,10,12,8,4,0,6)	yes	(0-9,3-7,4-8,5-6)(1-4,2-9,5-7,6-8)(2-6,3-9,7-8)(5-9)	-
1571	2572	10	(12,4,2)	-	4	(0,86,37,3,0)	(106,97,7,0)	(102,18,0)	(44,1)	(713,142,73,16,27,7,9,4,7,7,1)	yes	(0-9,1-8,2-5,6-7)(1-9,3-7,4-5,6-8)(2-9,3-8,4-7)(6-9)	-
1572	4376	10	(12,4,1)	-	4	(0,86,40,0,0)	(104,104,2,0)	(103,17,0)	(44,1)	(707,151,74,10,26,9,9,9,5,2,6)	no	(0-9,1-7,2-8,3-6)(1-9,3-7,4-6,5-8)(2-9,4-8,5-7)(6-9)	-
1573	186	10	(12,3,2)	-	4	(0,88,28,10,0)	(96,102,11,1)	(92,28,0)	(42,3)	(796,34,96,17,22,2,32,3,6,4,0)	yes	(1-9,2-7,4-6,5-8)(2-6,3-7,4-8,5-9)(0-8,3-6,4-9,5-7)	-
1574	776	10	(12,3,4)	-	4	(0,88,34,4,0)	(102,101,7,0)	(98,22,0)	(43,2)	(728,123,64,32,23,12,8,12,4,3,0)	yes	(0-6,2-8,3-7,5-9)(0-7,1-6,3-9,4-8)(1-7,2-6,4-9,5-8)	-
1575	4352	10	(12,4,2)	-	4	(0,88,37,1,0)	(108,98,4,0)	(103,17,0)	(44,1)	(705,150,71,14,31,8,8,11,6,0,4)	yes	(0-9,2-8,3-4,6-7)(1-9,3-5,4-7,6-8)(1-7,2-9,5-8)(6-9)	-
1576	262	10	(12,4,1)	-	4	(0,92,25,9,0)	(108,92,9,1)	(103,16,1)	(44,1)	(773,44,110,12,18,4,26,3,11,0,12)	yes	(0-4,1-9,3-8,6-7)(1-4,2-9,5-7,6-8)(2-7,3-9,5-8)(6-9)	-
1577	1334	10	(12,3,2)	-	4	(0,92,32,2,0)	(112,94,4,0)	(104,16,0)	(44,1)	(713,159,51,5,36,14,12,4,6,8,3)	yes	(1-8,2-5,4-9,6-7)(1-5,2-9,3-6,7-8)(0-5,3-8,4-6,7-9)	-
1578	8	10	(12,4,1)	-	4	(0,96,0,30,0)	(80,120,0,10)	(80,40,0)	(40,5)	(870,38,0,0,80,10,0,0,0,0,0)	yes	(1-5,3-7,4-8,6-9)(2-6,4-9,5-8)(0-4,6-8,7-9)(5-9,7-8)	-
1579	267	10	(12,3,1)	-	4	(0,96,30,0,0)	(120,90,0,0)	(110,10,0)	(45,0)	(690,213,15,0,40,0,30,10,0,15,0)	yes	(0-6,1-8,2-7,3-9)(0-7,1-6,4-8,5-9)(2-9,3-6,4-7,5-8)	-
1580	156	10	(12,4,2)	-	4<5	(0,72,46,8,0)	(84,108,18,0)	(90,28,2)	(41,4)	(749,114,83,8,27,0,12,0,8,0,0)	no	(0-9,2-3,4-5,6-7)(1-9,3-6,4-7,5-8)(4-9,6-8)(5-9,7-8)	-
1581	504	10	(12,4,2)	-	4<5	(0,72,48,6,0)	(84,108,18,0)	(88,30,2)	(41,4)	(728,134,81,6,22,14,3,0,17,2,5)	no	(3-7,5-8,6-9)(0-9,2-3,5-7,6-8)(1-9,4-5,7-8)(4-6,8-9)	-
1582	528	10	(12,4,1)	-	4<5	(0,72,48,6,0)	(84,110,16,0)	(88,31,1)	(41,4)	(740,120,74,19,17,12,6,4,14,1,6)	no	(2-5,3-9,4-7,6-8)(0-8,3-4,5-9,6-7)(1-8,5-7,6-9)(8-9)	-
1583	462	10	(12,4,1)	-	4<5	(0,72,48,6,0)	(84,112,13,1)	(90,29,1)	(42,3)	(682,211,34,16,42,7,0,3,4,5,4)	no	(0-9,2-8,4-7,5-6)(1-9,3-4,5-7,6-8)(2-9,3-6,7-8)(5-9)	-
1584	1052	10	(12,5,2)	(4,13,2)	4<5	(0,72,49,5,0)	(84,110,16,0)	(87,32,1)	(41,4)	(728,137,59,26,27,12,2,4,7,6,1)	no	(0-9,3-7,4-5,6-8)(1-9,2-6,3-5,7-8)(4-8,6-9)(7-9)(8-9)	(4-9,5-7,6-8)(0-8,3-4,5-9,6-7)(2-5,3-7,4-8,6-9)(1-8,7-9)
1585	340	10	(12,5,1)	-	4<5	(0,72,50,4,0)	(84,112,14,0)	(88,31,1)	(41,4)	(715,160,58,20,35,4,4,0,4,4,5)	no	(0-9,5-8,6-7)(1-9,2-5,3-6,4-7)(3-8,5-9)(4-8,6-9)(7-9)	-
1586	476	10	(12,5,1)	-	4<5	(0,72,50,4,0)	(88,108,14,0)	(92,27,1)	(42,3)	(690,204,38,16,32,7,0,4,4,15,0)	no	(0-9,2-3,4-8,6-7)(1-9,3-8,4-6,5-7)(2-9,5-8)(6-9)(7-9)	-
1587	156	10	(12,3,2)	-	4<5	(0,78,41,7,0)	(86,109,14,1)	(90,29,1)	(41,4)	(808,84,48,16,19,20,0,0,2,0,0)	no	(0-9,3-4,5-7,6-8)(1-9,3-5,4-8,6-7)(2-8,3-9,4-7,5-6)	-
1588	504	10	(12,4,3)	-	4<5	(0,78,41,7,0)	(86,111,12,1)	(88,31,1)	(41,4)	(748,122,60,14,25,20,7,0,7,2,3)	no	(0-9,1-8,4-6,5-7)(2-8,3-5,4-9,6-7)(3-4,5-9,7-8)(6-9)	-
1589	528	10	(12,4,1)	-	4<5	(0,78,43,5,0)	(86,111,13,0)	(88,31,1)	(41,4)	(740,130,62,14,29,10,7,0,8,4,0)	no	(3-9,5-6,7-8)(0-8,3-4,5-9,6-7)(1-8,2-5,4-7,6-9)(8-9)	-
1590	1052	10	(12,4,2)	-	4<5	(0,78,44,4,0)	(86,111,13,0)	(87,32,1)	(41,4)	(722,154,56,14,33,3,5,4,9,7,1)	no	(3-6,4-8,7-9)(0-9,2-7,3-5,6-8)(1-9,4-5,7-8)(6-7,8-9)	-
1591	1052	10	(12,4,1)	-	4<5	(0,78,44,4,0)	(90,107,13,0)	(89,30,1)	(41,4)	(737,137,53,27,21,12,1,3,10,2,1)	no	(0-9,3-7,4-5,6-8)(1-9,3-4,5-8,6-7)(2-6,4-9,7-8)(5-9)	-
1592	300	10	(12,4,1)	-	4<5	(0,78,45,2,1)	(90,103,17,0)	(86,33,1)	(41,4)	(753,92,78,28,27,4,8,4,11,0,2)	no	(0-6,3-7,4-5,8-9)(1-9,3-5,4-8,6-7)(2-9,7-8)(6-8,7-9)	-
1593	340	10	(12,4,1)	-	4<5	(0,78,45,3,0)	(86,113,11,0)	(88,31,1)	(41,4)	(716,166,55,8,36,8,0,0,7,4,12)	no	(0-9,5-6,7-8)(1-8,3-7,4-6,5-9)(2-8,3-5,4-7,6-9)(8-9)	-
1594	1052	10	(12,4,1)	-	4<5	(0,78,45,3,0)	(90,107,13,0)	(88,31,1)	(41,4)	(734,127,74,15,22,11,8,0,8,4,8)	no	(3-6,5-8,7-9)(0-5,1-9,4-7,6-8)(2-9,3-4,5-6,7-8)(8-9)	-
1595	1534	10	(12,4,2)	-	4<5	(0,78,45,3,0)	(92,106,12,0)	(92,27,1)	(42,3)	(698,179,59,18,24,9,6,0,2,4,5)	no	(0-9,3-4,5-6,7-8)(1-9,3-5,4-8,6-7)(2-9,6-8)(2-7,5-9)	-
1596	952	10	(12,4,1)	-	4<5	(0,78,46,2,0)	(94,105,11,0)	(93,26,1)	(42,3)	(699,182,55,20,24,6,2,3,3,6,9)	no	(0-9,2-6,3-5,7-8)(1-9,4-5,6-7)(2-9,3-7,6-8)(4-8,5-9)	-
1597	754	10	(12,4,2)	-	4<5	(0,84,39,3,0)	(96,104,10,0)	(93,26,1)	(42,3)	(704,162,63,14,40,4,7,0,2,10,6)	no	(2-5,3-7,4-8,6-9)(0-9,2-7,3-6,5-8)(1-9,4-7,6-8)(8-9)	-
1598	484	10	(12,4,1)	-	4<5	(0,84,39,3,0)	(96,106,8,0)	(95,24,1)	(42,3)	(711,164,58,12,41,4,4,0,2,0,2)	no	(0-9,2-8,4-6,5-7)(1-9,3-5,4-8,6-7)(2-7,3-8,5-9)(6-9)	-
1599	1534	10	(12,4,2)	-	4<5	(0,84,39,3,0)	(98,103,9,0)	(95,24,1)	(42,3)	(704,180,45,22,29,8,4,0,5,0,3)	no	(0-9,2-7,3-8,5-6)(1-9,2-4,5-7,6-8)(3-4,5-9,7-8)(6-9)	-
1600	1564	10	(12,4,2)	-	4<5	(0,84,40,2,0)	(96,106,8,0)	(94,25,1)	(42,3)	(696,188,34,25,38,11,0,3,8,5,3)	no	(0-9,2-6,3-8,5-7)(1-9,2-8,4-5,6-7)(3-4,5-9,7-8)(6-9)	-
1601	1550	10	(12,5,1)	(4,13,4)	4<5	(0,84,40,2,0)	(98,103,9,0)	(94,25,1)	(42,3)	(689,188,52,14,42,6,2,3,7,6,2)	no	(0-9,2-6,3-5,7-8)(1-9,3-6,4-7,5-8)(2-4,6-9)(7-9)(8-9)	(2-8,3-6,4-7,5-9)(0-9,3-7,4-8,5-6)(2-5,4-9,6-8)(1-9,7-8)
1602	1550	10	(12,4,1)	-	4<5	(0,84,40,2,0)	(98,103,9,0)	(94,25,1)	(42,3)	(692,183,50,17,44,6,2,3,6,6,1)	no	(0-9,2-6,3-8,5-7)(1-9,3-4,5-8,6-7)(2-8,4-7,5-9)(6-9)	-
1603	3004	10	(12,4,2)	-	4<5	(0,84,40,2,0)	(98,103,9,0)	(94,25,1)	(42,3)	(692,191,40,24,33,9,2,3,10,4,3)	no	(2-7,4-8,6-9)(0-9,2-5,3-7,6-8)(1-9,3-6,4-5,7-8)(8-9)	-
1604	462	10	(12,4,1)	-	4<5	(0,84,40,2,0)	(100,100,10,0)	(94,25,1)	(42,3)	(706,162,63,4,43,16,0,3,8,2,4)	no	(2-7,3-5,4-8,6-9)(0-9,2-4,5-8,6-7)(1-9,3-7,6-8)(8-9)	-
1605	1578	10	(12,4,1)	-	4<5	(0,84,41,1,0)	(98,105,7,0)	(95,24,1)	(42,3)	(692,186,47,18,41,8,3,4,6,4,1)	no	(0-9,5-8,6-7)(1-9,2-5,3-6,4-7)(2-7,3-8,5-9)(4-8,6-9)	-
1606	3088	10	(12,4,1)	-	4<5	(0,84,41,1,0)	(100,102,8,0)	(95,24,1)	(42,3)	(696,185,41,25,32,11,1,4,6,7,3)	no	(0-9,2-8,3-6,5-7)(1-9,2-6,4-7,5-8)(3-4,5-9,7-8)(6-9)	-
1607	462	10	(12,4,1)	-	4<5	(0,88,32,6,0)	(100,102,7,1)	(96,24,0)	(43,2)	(720,138,75,19,15,6,4,24,5,0,0)	no	(0-9,2-7,4-6,5-8)(1-7,2-9,3-5,6-8)(3-4,5-9,7-8)(6-9)	-
1608	3004	10	(12,4,3)	-	4<5	(0,90,32,4,0)	(104,98,8,0)	(97,23,0)	(43,2)	(713,148,73,12,23,11,9,7,8,1,1)	no	(0-9,2-8,3-4,6-7)(1-9,3-6,4-5,7-8)(1-8,2-9,5-7)(6-9)	-
1609	952	10	(12,4,1)	-	4<5	(0,90,33,3,0)	(106,97,7,0)	(98,22,0)	(43,2)	(717,144,76,13,15,16,2,12,11,0,0)	no	(0-9,2-7,3-8,5-6)(2-9,3-5,4-6,7-8)(1-7,4-8,5-9)(6-9)	-
1610	255	10	(12,4,1)	-	4<5	(0,92,28,5,1)	(104,96,9,1)	(96,24,0)	(43,2)	(750,101,73,7,42,13,8,0,10,0,0)	no	(0-8,1-9,3-4,6-7)(1-8,2-9,4-6,5-7)(2-8,3-5,6-9)(7-9)	-
1611	116	10	(12,4,1)	-	4<5	(0,96,21,9,0)	(104,96,9,1)	(95,24,1)	(42,3)	(749,136,48,12,34,8,0,0,6,0,4)	no	(0-5,2-9,4-8,6-7)(1-5,2-6,3-9,7-8)(3-7,4-9,6-8)(5-9)	-
1612	452	10	(12,4,1)	-	4<5	(0,96,23,7,0)	(104,98,7,1)	(95,24,1)	(42,3)	(731,128,72,20,29,8,0,4,8,0,8)	no	(0-7,2-9,3-8,5-6)(1-7,2-8,4-6,5-9)(3-5,4-8,6-9)(7-9)	-
1613	908	10	(12,3,1)	-	4<5	(0,96,24,6,0)	(108,94,7,1)	(96,23,1)	(42,3)	(727,147,37,38,31,11,7,0,3,2,6)	no	(0-9,3-8,4-5,6-7)(1-9,2-5,4-6,7-8)(2-7,3-5,4-9,6-8)	-
1614	112	10	(12,4,2)	-	5	(16,52,50,6,2)	(100,82,27,1)	(88,30,2)	(41,4)	(790,56,76,0,52,8,16,0,7,0,4)	no	(0-6,2-4,5-9,7-8)(3-5,6-7,8-9)(6-8,7-9)(1-7,4-8,6-9)	-
1615	122	10	(12,4,1)	-	5	(16,52,50,8,0)	(100,90,19,1)	(88,32,0)	(41,4)	(828,40,50,16,28,8,28,0,6,0,0)	no	(4-9,5-8,6-7)(1-4,3-6,5-9,7-8)(2-5,4-8,6-9)(0-8,7-9)	-
1616	156	10	(12,4,2)	-	5	(16,52,50,8,0)	(104,86,19,1)	(96,22,2)	(42,3)	(798,64,64,3,32,16,10,0,6,8,8)	no	(0-9,2-3,4-5,6-8)(1-8,3-9,4-6,5-7)(4-9,7-8)(5-9,6-7)	-
1617	198	10	(12,4,2)	-	5	(16,52,52,6,0)	(92,102,16,0)	(88,32,0)	(41,4)	(807,38,74,20,42,0,8,4,8,1,4)	no	(0-8,2-7,4-9,5-6)(4-8,5-7,6-9)(1-9,3-4,5-8,6-7)(8-9)	-
1618	172	10	(12,4,2)	-	5	(16,52,54,3,1)	(100,86,24,0)	(88,30,2)	(41,4)	(780,61,86,0,51,0,16,0,8,2,4)	no	(1-4,3-9,5-8,6-7)(2-3,4-7,5-9,6-8)(0-8,5-7,6-9)(8-9)	-
1619	204	10	(12,4,1)	-	5	(16,52,54,4,0)	(100,92,18,0)	(88,32,0)	(41,4)	(797,64,76,0,29,0,28,0,9,0,2)	no	(4-9,5-7,6-8)(4-8,5-9,6-7)(0-8,1-4,2-7,3-5,6-9)(8-9)	-
1620	38	10	(12,4,1)	-	5	(16,56,36,18,0)	(80,108,18,4)	(80,38,2)	(40,5)	(846,13,72,0,38,9,0,0,20,3,6)	no	(0-4,3-6,5-8,7-9)(4-7,5-9,6-8)(2-5,6-9,7-8)(1-7,8-9)	-
1621	23	10	(12,5,1)	-	5	(16,56,36,18,0)	(80,108,18,4)	(80,40,0)	(40,5)	(872,12,44,0,36,10,0,0,36,0,0)	no	(0-8,3-6,4-7,5-9)(5-8,6-9)(2-5,6-8,7-9)(1-9,7-8)(8-9)	-
1622	116	10	(12,5,1)	-	5	(16,56,42,12,0)	(104,84,21,1)	(98,20,2)	(43,2)	(804,64,30,42,32,0,0,6,18,0,2)	no	(0-9,1-2,3-6,7-8)(2-9,5-8,6-7)(3-9,4-7,6-8)(4-9)(5-9)	-
1623	159	10	(12,5,1)	-	5	(16,56,42,12,0)	(104,84,22,0)	(98,22,0)	(44,1)	(764,64,88,12,42,8,2,8,12,0,12)	no	(0-9,1-8,2-5,3-6,4-7)(1-9,5-8)(2-9,6-8)(3-9,7-8)(4-9)	-
1624	72	10	(12,5,1)	(4,14,1)	5	(16,56,44,10,0)	(80,112,18,0)	(80,40,0)	(40,5)	(818,24,80,0,64,0,0,0,16,4,0)	no	(0-9,3-5,4-6,7-8)(2-7,5-9,6-8)(1-8,5-7,6-9)(7-9)(8-9)	(0-5,3-6,4-9,7-8)(1-9,3-7,4-6,5-8)(2-8,3-9,6-7)(4-7,5-9,6-8)
1625	46	10	(12,4,1)	-	5	(16,56,44,10,0)	(80,116,12,2)	(80,40,0)	(40,5)	(850,14,60,0,52,7,0,0,16,4,4)	no	(1-8,5-7,6-9)(0-5,6-8,7-9)(2-9,5-6,7-8)(3-6,4-7,8-9)	-
1626	198	10	(12,4,1)	-	5	(16,56,46,8,0)	(88,106,16,0)	(86,34,0)	(41,4)	(796,46,68,14,56,2,16,0,3,0,6)	no	(1-8,3-6,4-7,5-9)(4-6,5-8,7-9)(0-5,2-9,3-7,6-8)(8-9)	-
1627	111	10	(12,4,2)	-	5	(16,56,46,8,0)	(96,94,19,1)	(88,30,2)	(41,4)	(787,52,84,0,61,7,0,0,7,4,6)	no	(2-4,3-8,5-7,6-9)(0-5,1-3,6-8,7-9)(4-9,5-6,7-8)(8-9)	-
1628	119	10	(12,3,1)	-	5	(16,56,46,8,0)	(96,94,19,1)	(88,32,0)	(41,4)	(839,44,54,8,17,3,28,0,0,8,0)	no	(1-8,3-5,4-7,6-9)(0-7,3-6,4-5,8-9)(2-9,3-7,4-6,5-8)	-
1629	504	10	(12,4,2)	-	5	(16,56,46,8,0)	(100,92,17,1)	(94,24,2)	(42,3)	(769,72,87,4,36,9,11,2,12,4,4)	no	(0-9,2-3,4-6,5-8)(3-9,4-7,6-8)(5-9,7-8)(1-8,5-7,6-9)	-
1630	372	10	(12,4,1)	-	5	(16,56,48,6,0)	(88,108,14,0)	(86,34,0)	(41,4)	(782,48,98,6,46,6,10,0,5,2,2)	no	(1-9,5-8,6-7)(4-7,5-9,6-8)(0-6,3-8,4-5,7-9)(2-7,8-9)	-
1631	283	10	(12,5,1)	-	5	(16,56,48,6,0)	(104,92,14,0)	(100,20,0)	(44,1)	(722,130,72,12,36,4,12,0,8,8,8)	no	(0-9,1-8,2-7,3-5,4-6)(1-9,7-8)(2-9,5-7,6-8)(3-9)(4-9)	-
1632	198	10	(12,4,1)	-	5	(16,56,50,4,0)	(88,110,12,0)	(86,34,0)	(41,4)	(796,44,86,10,48,2,2,4,7,2,4)	no	(1-9,5-6,7-8)(4-7,5-9,6-8)(0-6,3-8,4-5,7-9)(2-7,8-9)	-
1633	120	10	(12,4,1)	-	5	(16,56,50,4,0)	(96,100,14,0)	(88,32,0)	(41,4)	(791,55,88,0,28,8,24,0,12,0,0)	no	(1-8,3-5,4-7,6-9)(4-8,5-9,6-7)(0-9,2-4,5-7,6-8)(8-9)	-
1634	272	10	(12,4,2)	-	5	(16,56,50,4,0)	(96,100,14,0)	(90,30,0)	(42,3)	(752,80,108,0,30,8,16,0,10,2,0)	no	(2-7,3-9,4-5,6-8)(3-8,4-9,6-7)(0-6,1-9,7-8)(5-8,7-9)	-
1635	178	10	(12,4,1)	-	5	(16,56,52,2,0)	(96,104,10,0)	(92,28,0)	(42,3)	(778,52,118,2,18,4,12,2,20,0,0)	yes	(2-8,3-9,4-7,5-6)(4-9,5-7,6-8)(0-9,1-5,3-6,7-8)(8-9)	-
1636	122	10	(12,4,1)	-	5	(16,60,42,8,0)	(84,114,11,1)	(84,36,0)	(41,4)	(786,40,116,0,22,20,0,0,25,0,0)	no	(2-6,5-9,7-8)(1-9,4-8,6-7)(4-5,6-8,7-9)(0-8,3-7,6-9)	-
1637	220	10	(12,4,1)	-	5	(16,60,42,8,0)	(92,104,13,1)	(86,34,0)	(41,4)	(797,50,77,2,45,6,15,4,9,0,2)	no	(2-6,3-9,4-7,5-8)(1-5,3-7,4-9,6-8)(5-9,7-8)(0-8,6-9)	-
1638	452	10	(12,5,1)	-	5	(16,60,42,8,0)	(108,86,15,1)	(100,18,2)	(43,2)	(762,88,61,24,45,0,2,6,12,0,6)	no	(0-9,1-3,2-8,6-7)(2-9,4-6,5-7)(3-9,4-8)(5-8,6-9)(7-9)	-
1639	372	10	(12,4,2)	-	5	(16,60,44,6,0)	(92,104,14,0)	(86,34,0)	(41,4)	(786,56,88,2,45,0,16,4,6,0,2)	no	(3-9,5-8,6-7)(1-5,3-7,4-9,6-8)(0-6,2-8,4-7,5-9)(8-9)	-
1640	1052	10	(12,4,1)	-	5	(16,60,44,6,0)	(96,102,12,0)	(92,28,0)	(42,3)	(756,74,93,17,40,8,10,2,0,2,4)	no	(0-9,3-4,5-8,6-7)(2-5,3-9,4-7,6-8)(5-9,7-8)(1-8,6-9)	-
1641	352	10	(12,4,2)	-	5	(16,60,44,6,0)	(100,92,18,0)	(88,31,1)	(41,4)	(788,54,87,4,41,0,14,4,11,2,2)	no	(0-4,2-6,5-9,7-8)(1-8,3-5,4-7,6-9)(6-8,7-9)(5-7,8-9)	-
1642	119	10	(12,4,1)	-	5	(16,60,44,6,0)	(100,96,13,1)	(88,32,0)	(41,4)	(829,30,56,24,37,3,8,0,10,6,4)	no	(1-5,2-6,4-8,7-9)(4-9,5-8,6-7)(0-4,3-7,5-9,6-8)(8-9)	-
1643	984	10	(12,4,7)	-	5	(16,60,45,5,0)	(104,90,16,0)	(93,26,1)	(42,3)	(761,81,76,25,26,13,11,4,8,0,2)	no	(0-7,1-6,2-4,3-9,5-8)(3-7,5-9,6-8)(4-8,5-7,6-9)(8-9)	-
1644	1056	10	(12,4,1)	-	5	(16,60,45,5,0)	(104,92,14,0)	(93,27,0)	(42,3)	(758,86,70,30,27,6,21,1,3,4,4)	no	(1-5,3-9,4-8,6-7)(2-6,3-4,5-9,7-8)(5-8,6-9)(0-8,7-9)	-
1645	1476	10	(12,4,1)	-	5	(16,60,45,5,0)	(104,94,12,0)	(97,23,0)	(43,2)	(735,107,79,25,26,11,8,6,7,3,3)	no	(0-9,1-7,4-8,5-6)(2-9,3-4,5-7,6-8)(2-8,3-9,6-7)(5-9)	-
1646	204	10	(12,4,1)	-	5	(16,60,46,4,0)	(92,108,10,0)	(88,32,0)	(41,4)	(779,59,104,0,33,4,8,0,17,0,0)	no	(1-8,2-4,5-7,6-9)(3-5,4-8,7-9)(0-9,4-6,5-8)(6-7,8-9)	-
1647	340	10	(12,4,1)	-	5	(16,60,46,4,0)	(96,104,10,0)	(92,28,0)	(42,3)	(750,76,114,4,32,12,8,0,10,0,0)	no	(0-9,5-8,6-7)(1-5,3-9,4-7,6-8)(3-6,4-9,7-8)(2-8,5-9)	-
1648	372	10	(12,4,1)	-	5	(16,60,46,4,0)	(100,96,14,0)	(88,32,0)	(41,4)	(804,46,76,12,36,0,16,4,5,2,4)	no	(4-9,5-7,6-8)(4-8,5-9,6-7)(0-8,1-6,2-4,3-5,7-9)(8-9)	-
1649	542	10	(12,3,1)	-	5	(16,60,46,4,0)	(100,98,12,0)	(92,28,0)	(42,3)	(761,77,83,18,35,4,20,5,5,0,0)	no	(0-5,1-6,2-7,3-9,4-8)(1-8,2-9,3-7,5-6)(4-6,5-7,8-9)	-
1650	476	10	(12,4,1)	-	5	(16,60,46,4,0)	(100,100,10,0)	(96,24,0)	(43,2)	(730,100,117,6,10,18,12,0,6,0,9)	no	(0-9,2-3,4-8,6-7)(2-9,3-8,4-6,5-7)(5-8,6-9)(1-8,7-9)	-
1651	1052	10	(12,3,1)	-	5	(16,60,46,4,0)	(104,94,12,0)	(94,26,0)	(42,3)	(783,63,74,29,26,5,7,7,9,0,2)	no	(1-8,3-7,4-5,6-9)(0-9,2-6,4-8,5-7)(2-7,3-6,4-9,5-8)	-
1652	754	10	(12,4,1)	-	5	(16,60,46,4,0)	(104,94,12,0)	(96,24,0)	(43,2)	(738,94,102,14,19,16,10,0,6,0,12)	no	(2-5,3-9,4-8,6-7)(1-7,2-9,3-6,5-8)(0-9,6-8)(4-9,7-8)	-
1653	704	10	(12,4,2)	-	5	(16,60,46,4,0)	(108,88,14,0)	(98,21,1)	(43,2)	(732,108,96,0,32,12,16,0,6,2,3)	no	(0-6,1-9,2-7,3-8)(1-7,2-5,3-9,4-8)(5-9,6-8)(4-9,7-8)	-
1654	452	10	(12,4,1)	-	5	(16,60,46,4,0)	(108,88,14,0)	(98,21,1)	(43,2)	(745,96,89,14,31,8,7,0,9,4,1)	no	(0-9,1-5,2-8,6-7)(2-9,3-6,4-7,5-8)(3-9,6-8)(4-9,7-8)	-
1655	968	10	(12,4,3)	-	5	(16,60,47,2,1)	(108,84,18,0)	(93,26,1)	(42,3)	(754,88,84,15,27,14,11,5,5,0,5)	no	(0-4,1-6,2-9,3-8,5-7)(2-8,3-9,4-5,6-7)(5-9,7-8)(6-9)	-
1656	1052	10	(12,4,4)	-	5	(16,60,47,3,0)	(96,104,10,0)	(91,29,0)	(42,3)	(741,101,88,14,34,7,7,3,9,0,2)	no	(3-6,4-8,7-9)(1-7,2-9,4-6,5-8)(0-9,2-3,5-6,7-8)(8-9)	-
1657	1052	10	(12,4,4)	-	5	(16,60,47,3,0)	(100,100,10,0)	(93,27,0)	(42,3)	(752,96,81,15,27,6,13,5,6,1,4)	no	(1-6,2-9,3-7,5-8)(2-7,3-9,4-5,6-8)(0-8,4-7,5-9)(6-9)	-
1658	568	10	(12,4,3)	-	5	(16,60,47,3,0)	(100,100,10,0)	(93,27,0)	(42,3)	(753,86,86,24,22,9,12,4,6,0,4)	yes	(0-9,1-5,4-7,6-8)(2-6,3-8,4-9,5-7)(3-7,4-8,5-9)(6-9)	-
1659	1008	10	(12,4,2)	-	5	(16,60,47,3,0)	(104,92,14,0)	(93,26,1)	(42,3)	(743,97,88,13,35,6,10,4,6,3,3)	no	(1-5,3-7,4-8,6-9)(2-4,3-9,5-7,6-8)(0-9,5-6,7-8)(8-9)	-
1660	1052	10	(12,4,2)	-	5	(16,60,47,3,0)	(104,94,12,0)	(93,27,0)	(42,3)	(753,95,79,16,28,6,13,5,9,1,3)	no	(3-9,5-8,6-7)(4-7,5-9,6-8)(0-7,1-8,2-5,3-4,6-9)(8-9)	-
1661	542	10	(12,4,2)	-	5	(16,60,48,2,0)	(96,106,8,0)	(92,28,0)	(42,3)	(757,69,99,19,37,0,18,0,3,0,6)	no	(1-8,5-6,7-9)(3-8,4-9,5-7)(0-5,2-9,3-7,6-8)(4-6,8-9)	-
1662	542	10	(12,4,1)	-	5	(16,60,48,2,0)	(100,102,8,0)	(94,26,0)	(42,3)	(759,76,104,14,20,0,16,0,10,0,6)	no	(0-9,1-8,2-7,3-4,5-6)(4-9,5-8,6-7)(3-7,4-8,5-9)(6-9)	-
1663	484	10	(12,4,1)	-	5	(16,60,48,2,0)	(104,98,8,0)	(98,22,0)	(43,2)	(764,70,108,10,14,2,23,8,2,0,0)	no	(0-9,1-5,2-8,3-6,4-7)(2-9,5-7,6-8)(3-9,5-6,7-8)(4-9)	-
1664	542	10	(12,3,1)	-	5	(16,60,48,2,0)	(108,90,12,0)	(94,26,0)	(42,3)	(782,70,66,20,26,10,20,6,8,0,4)	no	(2-6,3-7,4-5,8-9)(0-9,1-8,4-6,5-7)(2-7,3-6,4-8,5-9)	-
1665	276	10	(12,4,1)	-	5	(16,60,48,2,0)	(112,84,14,0)	(96,23,1)	(42,3)	(790,61,67,16,34,11,4,0,18,4,6)	no	(2-8,3-9,4-5,6-7)(0-3,1-7,4-9,5-8)(4-7,5-9,6-8)(6-9)	-
1666	596	10	(12,4,1)	-	5	(16,60,50,0,0)	(100,104,6,0)	(94,26,0)	(42,3)	(754,75,102,14,31,1,14,0,14,0,4)	no	(0-9,2-8,4-5,6-7)(3-9,4-7,5-8)(1-7,4-9,6-8)(3-6,5-9)	-
1667	737	10	(12,4,1)	-	5	(16,62,47,0,1)	(110,89,11,0)	(98,22,0)	(43,2)	(728,123,64,32,19,20,8,4,6,1,4)	no	(0-9,2-3,5-8,6-7)(1-7,2-9,4-5,6-8)(3-8,4-7,5-9)(6-9)	-
1668	182	10	(12,4,1)	-	5	(16,64,36,10,0)	(96,104,8,2)	(92,28,0)	(42,3)	(774,50,86,23,54,1,0,9,12,4,0)	no	(1-8,3-6,4-7,5-9)(3-4,5-8,6-9)(0-5,6-8,7-9)(2-9,7-8)	-
1669	220	10	(12,4,1)	-	5	(16,64,38,8,0)	(88,112,9,1)	(86,34,0)	(41,4)	(799,42,79,10,50,4,1,4,14,2,2)	no	(0-9,3-5,4-6,7-8)(2-8,5-9,6-7)(4-5,6-8,7-9)(1-7,8-9)	-
1670	624	10	(12,5,1)	(4,13,3)	5	(16,64,38,8,0)	(104,92,13,1)	(92,28,0)	(42,3)	(766,72,76,19,49,7,6,3,5,3,4)	no	(0-9,2-7,3-4,6-8)(1-6,3-9,4-5,7-8)(5-8,6-9)(7-9)(8-9)	(2-6,3-7,4-9,5-8)(4-7,5-9,6-8)(0-7,1-5,4-8,6-9)(3-8,7-9)
1671	194	10	(12,4,1)	-	5	(16,64,40,6,0)	(96,102,12,0)	(88,32,0)	(41,4)	(793,47,82,16,45,0,8,0,9,0,4)	no	(1-8,3-5,4-6,7-9)(4-8,5-9,6-7)(0-9,2-4,5-7,6-8)(8-9)	-
1672	192	10	(12,4,1)	-	5	(16,64,40,6,0)	(96,106,7,1)	(92,28,0)	(42,3)	(778,50,100,3,48,2,12,1,8,4,2)	no	(1-8,3-7,4-6,5-9)(0-7,5-8,6-9)(2-9,3-5,4-7,6-8)(8-9)	-
1673	252	10	(12,4,1)	-	5	(16,64,40,6,0)	(100,102,7,1)	(96,24,0)	(43,2)	(719,98,125,8,22,12,16,0,1,2,2)	no	(0-8,2-3,5-7,6-9)(2-8,4-6,7-9)(3-9,4-5,6-8)(1-9,7-8)	-
1674	192	10	(12,4,1)	-	5	(16,64,40,6,0)	(104,94,11,1)	(92,28,0)	(42,3)	(780,66,60,17,58,6,12,3,6,0,0)	no	(2-6,3-8,4-7,5-9)(3-7,5-8,6-9)(0-7,1-5,4-9,6-8)(8-9)	-
1675	1008	10	(12,4,5)	-	5	(16,64,40,6,0)	(108,88,14,0)	(96,23,1)	(42,3)	(765,83,75,16,38,5,10,4,4,2,5)	no	(0-9,2-3,4-6,5-7)(1-6,4-9,7-8)(3-7,4-8,5-9)(5-8,6-9)	-
1676	440	10	(12,4,1)	-	5	(16,64,40,6,0)	(112,84,14,0)	(100,19,1)	(43,2)	(761,80,68,36,30,0,12,6,10,0,0)	no	(0-9,1-5,2-8,6-7)(2-9,3-6,4-7,5-8)(3-8,6-9)(4-8,7-9)	-
1677	1052	10	(12,4,4)	-	5	(16,64,41,5,0)	(100,100,10,0)	(93,27,0)	(42,3)	(756,90,74,25,30,6,14,1,4,1,6)	no	(0-9,2-7,3-8,5-6)(2-8,3-7,4-6,5-9)(1-5,4-8,6-9)(7-9)	-
1678	1008	10	(12,4,3)	-	5	(16,64,41,5,0)	(108,88,14,0)	(95,24,1)	(42,3)	(752,92,77,20,38,4,11,2,5,2,4)	no	(1-8,2-3,5-6,7-9)(4-7,5-8,6-9)(0-5,3-9,4-6,7-8)(8-9)	-
1679	1052	10	(12,4,3)	-	5	(16,64,42,4,0)	(100,100,10,0)	(92,28,0)	(42,3)	(757,79,91,17,31,4,17,4,5,0,2)	no	(2-9,5-6,7-8)(0-6,1-7,2-8,3-9,4-5)(3-8,4-7,5-9)(6-9)	-
1680	1052	10	(12,4,1)	-	5	(16,64,42,4,0)	(100,100,10,0)	(92,28,0)	(42,3)	(767,65,85,20,42,2,16,3,4,2,1)	no	(1-7,3-9,4-6,5-8)(3-7,5-9,6-8)(0-5,2-8,4-7,6-9)(8-9)	-
1681	542	10	(12,4,1)	-	5	(16,64,42,4,0)	(104,96,10,0)	(94,26,0)	(42,3)	(759,72,108,14,22,2,12,2,6,0,10)	no	(0-9,2-6,4-8,5-7)(4-9,5-8,6-7)(1-8,3-4,5-9)(3-7,6-9)	-
1682	1008	10	(12,4,2)	-	5	(16,64,42,4,0)	(108,88,14,0)	(94,25,1)	(42,3)	(754,91,77,7,48,6,15,2,3,0,4)	no	(2-4,3-9,5-8,6-7)(3-7,5-9,6-8)(0-9,1-5,4-6,7-8)(8-9)	-
1683	1008	10	(12,4,2)	-	5	(16,64,42,4,0)	(108,88,14,0)	(94,25,1)	(42,3)	(759,81,82,17,38,2,12,4,8,2,3)	no	(2-4,3-7,5-8,6-9)(3-9,5-7,6-8)(0-9,1-5,4-6,7-8)(8-9)	-
1684	516	10	(12,4,1)	-	5	(16,64,42,4,0)	(108,88,14,0)	(94,25,1)	(42,3)	(763,61,96,22,37,3,13,0,6,4,4)	no	(3-9,5-8,6-7)(2-3,4-9,5-6,7-8)(0-6,1-8,4-7,5-9)(8-9)	-
1685	504	10	(12,4,1)	-	5	(16,64,42,4,0)	(108,90,12,0)	(96,23,1)	(42,3)	(767,75,91,8,31,7,11,0,8,4,5)	no	(0-9,1-8,2-3,4-6,5-7)(4-9,5-8,6-7)(3-7,4-8,5-9)(6-9)	-
1686	2104	10	(12,4,2)	-	5	(16,64,42,4,0)	(112,88,10,0)	(102,18,0)	(44,1)	(706,136,93,6,28,12,14,0,4,0,11)	no	(0-4,1-5,2-9,6-8)(0-1,2-3,5-9,7-8)(3-8,6-9)(4-8,7-9)	-
1687	1062	10	(12,4,1)	-	5	(16,64,42,4,0)	(112,88,10,0)	(102,18,0)	(44,1)	(716,126,84,13,32,9,12,0,6,6,6)	no	(0-8,1-7,2-5,3-6,4-9)(1-9,2-7,4-8)(3-9,6-8)(5-9,7-8)	-
1688	540	10	(12,4,3)	-	5	(16,64,42,4,0)	(116,78,16,0)	(96,23,1)	(42,3)	(788,69,65,18,17,17,10,4,15,0,8)	no	(0-8,3-9,4-5,6-7)(1-6,2-3,4-9,5-7)(4-8,5-9)(6-9,7-8)	-
1689	1052	10	(12,4,1)	-	5	(16,64,43,3,0)	(100,102,8,0)	(93,27,0)	(42,3)	(749,92,82,22,37,6,5,0,6,3,4)	no	(0-9,1-8,4-5,6-7)(2-6,3-8,4-9,5-7)(3-7,4-8,5-9)(6-9)	-
1690	1052	10	(12,4,1)	-	5	(16,64,43,3,0)	(104,96,10,0)	(93,27,0)	(42,3)	(751,93,89,13,21,12,11,2,12,1,1)	no	(0-9,2-5,4-7,6-8)(3-9,5-6,7-8)(1-8,3-4,5-9,6-7)(8-9)	-
1691	528	10	(12,4,2)	-	5	(16,64,43,3,0)	(104,96,10,0)	(93,27,0)	(42,3)	(760,89,62,24,38,10,14,0,7,0,4)	no	(1-6,3-9,4-7,5-8)(4-6,5-9,7-8)(0-5,2-8,3-7,6-9)(8-9)	-
1692	1052	10	(12,4,1)	-	5	(16,64,43,3,0)	(108,90,12,0)	(93,27,0)	(42,3)	(753,88,84,19,23,12,16,4,7,0,2)	no	(4-6,5-9,7-8)(3-7,5-8,6-9)(0-5,1-8,2-6,3-4,7-9)(8-9)	-
1693	1052	10	(12,4,3)	-	5	(16,64,43,3,0)	(108,92,10,0)	(95,25,0)	(42,3)	(759,88,83,19,19,12,14,1,6,3,2)	no	(0-9,2-6,4-8,5-7)(1-8,3-5,4-9,6-7)(3-4,5-9,7-8)(6-9)	-
1694	2808	10	(12,4,8)	-	5	(16,64,43,3,0)	(112,86,12,0)	(99,20,1)	(43,2)	(727,121,79,22,19,11,8,9,7,3,0)	no	(0-9,3-8,4-7,5-6)(1-3,2-9,5-8,6-7)(2-7,4-8,5-9)(6-9)	-
1695	544	10	(12,4,2)	-	5	(16,64,44,2,0)	(100,102,8,0)	(92,28,0)	(42,3)	(753,77,95,18,38,4,10,5,6,0,0)	no	(1-6,2-7,3-9,5-8)(4-7,5-9,6-8)(0-5,3-6,4-8,7-9)(8-9)	-
1696	596	10	(12,4,1)	-	5	(16,64,44,2,0)	(104,98,8,0)	(94,26,0)	(42,3)	(750,95,86,4,38,7,16,0,5,0,6)	no	(0-9,3-6,4-7,5-8)(1-4,2-5,3-9,6-7)(4-9,6-8)(5-9,7-8)	-
1697	3004	10	(12,4,5)	-	5	(16,64,44,2,0)	(106,97,7,0)	(98,22,0)	(43,2)	(721,127,76,26,20,16,2,11,5,1,1)	no	(0-9,1-7,3-6,5-8)(2-9,3-8,4-5,6-7)(2-8,4-7,5-9)(6-9)	-
1698	542	10	(12,3,3)	-	5	(16,64,44,2,0)	(108,90,12,0)	(96,24,0)	(42,3)	(815,69,57,13,14,12,2,2,10,0,0)	no	(1-7,3-4,5-9,6-8)(0-9,3-6,4-8,5-7)(2-8,3-7,4-5,6-9)	-
1699	1052	10	(12,4,1)	-	5	(16,64,44,2,0)	(108,92,10,0)	(94,26,0)	(42,3)	(766,74,83,21,25,8,16,1,12,0,1)	no	(0-9,1-8,4-5,6-7)(2-6,3-8,4-9,5-7)(3-4,5-9,7-8)(6-9)	-
1700	1056	10	(12,4,1)	-	5	(16,64,44,2,0)	(108,92,10,0)	(94,26,0)	(42,3)	(766,77,78,24,22,1,27,2,6,2,3)	no	(0-8,3-9,4-5,6-7)(1-6,2-5,4-9,7-8)(3-8,4-7,5-9)(6-9)	-
1701	1056	10	(12,4,1)	-	5	(16,64,44,2,0)	(108,92,10,0)	(94,26,0)	(42,3)	(781,67,68,25,33,7,12,3,3,4,4)	no	(1-7,3-6,4-9,5-8)(2-6,3-8,4-7,5-9)(0-5,4-8,6-9)(7-9)	-
1702	3032	10	(12,4,4)	-	5	(16,64,44,2,0)	(108,94,8,0)	(98,22,0)	(43,2)	(723,123,74,28,27,12,7,6,2,1,5)	no	(0-9,2-3,5-8,6-7)(1-5,2-9,4-7,6-8)(3-7,4-8,5-9)(6-9)	-
1703	1550	10	(12,4,1)	-	5	(16,64,44,2,0)	(110,91,9,0)	(98,22,0)	(43,2)	(720,130,68,28,27,13,2,12,4,1,6)	no	(0-9,3-4,5-6,7-8)(2-9,5-7,6-8)(1-7,2-8,3-9,4-6)(5-9)	-
1704	1096	10	(12,4,1)	-	5	(16,64,45,1,0)	(100,104,6,0)	(93,27,0)	(42,3)	(734,104,95,12,38,4,8,0,7,3,1)	no	(2-8,5-7,6-9)(3-9,4-6,5-8)(0-9,1-5,3-7,6-8)(4-7,8-9)	-
1705	1564	10	(12,4,2)	-	5	(16,64,46,0,0)	(108,96,6,0)	(98,22,0)	(43,2)	(707,147,82,14,24,7,10,4,8,1,2)	no	(0-9,2-8,3-7,4-6)(3-8,5-7,6-9)(1-8,2-6,4-5,7-9)(8-9)	-
1706	924	10	(12,4,1)	-	5	(16,66,39,5,0)	(110,89,11,0)	(98,22,0)	(43,2)	(731,110,75,33,25,6,17,4,5,0,4)	no	(2-9,3-5,4-8,6-7)(1-7,2-4,5-8,6-9)(3-9,6-8)(0-9,7-8)	-
1707	1488	10	(12,3,4)	-	5	(16,66,41,3,0)	(108,94,8,0)	(98,22,0)	(43,2)	(723,131,72,26,16,12,10,6,7,2,2)	yes	(0-7,1-6,2-8,3-9)(0-1,2-6,3-7,4-9,5-8)(4-7,5-6,8-9)	-
1708	2198	10	(12,4,2)	-	5	(16,66,42,2,0)	(114,89,7,0)	(103,17,0)	(44,1)	(697,170,54,23,31,6,7,6,0,12,2)	no	(0-9,1-6,2-7,4-8)(1-9,3-4,5-8,6-7)(2-9,5-7,6-8)(3-9)	-
1709	1474	10	(12,3,1)	-	5	(16,66,43,0,1)	(114,85,11,0)	(98,22,0)	(43,2)	(727,115,82,32,12,16,4,10,5,0,6)	no	(0-8,1-9,2-6,3-7,4-5)(2-8,3-9,4-7,5-6)(4-8,5-9,6-7)	-
1710	1544	10	(12,4,1)	-	5	(16,66,43,1,0)	(106,99,5,0)	(98,22,0)	(43,2)	(711,138,84,18,17,16,5,8,4,4,2)	no	(0-9,2-3,4-6,7-8)(2-8,3-6,4-9,5-7)(1-8,5-6,7-9)(8-9)	-
1711	920	10	(12,4,1)	-	5	(16,66,43,1,0)	(110,95,5,0)	(100,20,0)	(43,2)	(736,110,88,12,14,16,8,14,5,0,5)	no	(0-9,2-8,4-6,5-7)(2-9,3-5,4-8,6-7)(1-7,3-8,5-9)(6-9)	-
1712	3092	10	(12,4,1)	-	5	(16,66,44,0,0)	(108,98,4,0)	(99,21,0)	(43,2)	(720,118,91,22,28,5,8,3,8,2,2)	no	(0-9,2-8,3-7,5-6)(2-9,4-5,6-7)(1-6,3-9,7-8)(4-8,5-9)	-
1713	104	10	(12,4,2)	-	5	(16,68,24,18,0)	(92,102,12,4)	(86,33,1)	(41,4)	(817,34,64,14,48,6,0,0,15,6,3)	no	(1-6,3-4,5-8,7-9)(2-4,3-7,5-9,6-8)(0-5,6-9,7-8)(8-9)	-
1714	592	10	(12,4,3)	-	5	(16,68,34,8,0)	(108,88,13,1)	(94,25,1)	(42,3)	(768,76,76,13,42,9,8,1,4,6,4)	no	(1-6,3-9,4-7,5-8)(2-4,3-7,5-9,6-8)(0-5,6-9,7-8)(8-9)	-
1715	624	10	(12,4,1)	-	5	(16,68,36,6,0)	(100,102,7,1)	(92,28,0)	(42,3)	(759,74,104,9,22,13,6,3,13,5,1)	no	(0-9,3-6,4-5,7-8)(2-8,3-5,4-9,6-7)(6-8,7-9)(1-7,8-9)	-
1716	1052	10	(12,4,1)	-	5	(16,68,37,5,0)	(108,92,10,0)	(95,25,0)	(42,3)	(758,88,76,27,31,4,10,1,2,3,9)	no	(0-9,1-8,4-7,5-6)(2-6,3-5,4-9,7-8)(3-7,4-8,5-9)(6-9)	-
1717	984	10	(12,4,2)	-	5	(16,68,37,5,0)	(112,84,14,0)	(95,24,1)	(42,3)	(764,79,80,24,21,13,8,1,9,2,5)	no	(3-9,5-8,6-7)(2-3,4-7,5-9,6-8)(0-6,1-5,4-9,7-8)(8-9)	-
1718	528	10	(12,4,2)	-	5	(16,68,37,5,0)	(112,84,14,0)	(95,24,1)	(42,3)	(768,78,68,24,29,16,10,0,8,3,5)	no	(1-6,3-8,4-9,5-7)(0-3,2-7,4-6,5-9)(4-8,6-9)(5-8,7-9)	-
1719	1052	10	(12,4,1)	-	5	(16,68,38,4,0)	(104,96,10,0)	(92,28,0)	(42,3)	(750,86,100,6,24,8,19,4,11,0,0)	no	(0-6,3-5,4-8,7-9)(2-7,3-9,4-5,6-8)(1-9,7-8)(6-7,8-9)	-
1720	542	10	(12,3,1)	-	5	(16,68,38,4,0)	(108,90,12,0)	(96,24,0)	(42,3)	(817,65,51,20,23,2,2,13,1,0,8)	no	(0-9,3-4,5-7,6-8)(1-7,3-5,4-8,6-9)(2-8,3-7,4-6,5-9)	-
1721	542	10	(12,5,1)	(4,13,1)	5	(16,68,38,4,0)	(108,92,10,0)	(94,26,0)	(42,3)	(750,78,106,14,24,11,14,2,2,1,6)	no	(0-9,3-4,5-7,6-8)(1-8,2-7,4-6,5-9)(3-5,6-9)(7-9)(8-9)	(1-8,2-6,4-9,5-7)(4-8,5-9,6-7)(0-9,3-4,5-6,7-8)(3-7,8-9)
1722	1052	10	(12,4,1)	-	5	(16,68,38,4,0)	(108,92,10,0)	(94,26,0)	(42,3)	(761,77,89,18,26,11,11,0,8,0,7)	no	(0-9,1-8,4-5,6-7)(2-5,3-9,4-7,6-8)(3-6,4-9,7-8)(5-9)	-
1723	1052	10	(12,4,1)	-	5	(16,68,38,4,0)	(108,92,10,0)	(94,26,0)	(42,3)	(765,77,84,20,27,3,17,4,3,0,7)	no	(0-8,1-5,4-9,6-7)(2-6,3-7,4-8,5-9)(3-8,4-5,6-9)(7-9)	-
1724	3004	10	(12,4,3)	-	5	(16,68,38,4,0)	(110,91,9,0)	(98,22,0)	(43,2)	(723,117,93,16,23,8,16,4,3,0,2)	no	(0-9,3-8,4-5,6-7)(1-5,2-9,4-7,6-8)(2-3,5-9,7-8)(6-9)	-
1725	3004	10	(12,4,3)	-	5	(16,68,38,4,0)	(114,87,9,0)	(100,20,0)	(43,2)	(741,100,79,28,19,12,13,7,4,0,8)	no	(0-9,2-3,5-8,6-7)(1-7,2-9,4-5,6-8)(3-4,5-9,7-8)(6-9)	-
1726	2808	10	(12,3,3)	-	5	(16,68,38,4,0)	(116,82,12,0)	(100,19,1)	(43,2)	(737,111,71,27,23,11,9,7,5,3,4)	no	(0-1,3-8,5-6,7-9)(2-5,3-9,4-8,6-7)(1-5,2-7,4-9,6-8)	-
1727	1052	10	(12,4,1)	-	5	(16,68,39,3,0)	(108,92,10,0)	(93,27,0)	(42,3)	(751,89,81,20,32,11,12,3,6,0,3)	no	(3-9,5-8,6-7)(4-7,5-9,6-8)(0-9,1-6,2-5,3-4,7-8)(8-9)	-
1728	2952	10	(12,4,2)	(3,13,1)	5	(16,68,39,3,0)	(112,90,8,0)	(99,21,0)	(43,2)	(730,111,76,34,22,11,10,8,3,4,0)	no	(1-9,3-4,5-7,6-8)(0-6,1-7,2-9,4-8)(2-7,3-9,5-8)(6-9)	(2-7,3-4,5-8,6-9)(0-3,1-7,2-9,4-5,6-8)(1-3,4-6,5-9,7-8)
1729	1052	10	(12,4,1)	-	5	(16,68,40,2,0)	(108,94,8,0)	(94,26,0)	(42,3)	(753,78,91,22,36,2,11,2,8,2,4)	no	(0-5,2-8,3-6,7-9)(4-7,5-8,6-9)(1-9,3-4,5-6,7-8)(8-9)	-
1730	3004	10	(12,4,4)	-	5	(16,68,40,2,0)	(110,93,7,0)	(98,22,0)	(43,2)	(714,136,83,19,18,10,10,8,5,0,3)	no	(1-9,2-8,3-6,4-7)(0-7,1-8,2-9,5-6)(3-8,4-5,6-9)(7-9)	-
1731	1534	10	(12,3,1)	-	5	(16,68,40,2,0)	(110,93,7,0)	(98,22,0)	(43,2)	(736,100,86,31,24,5,17,0,0,0,6)	no	(0-5,1-8,3-6,7-9)(1-5,2-9,4-7,6-8)(2-5,3-7,4-6,8-9)	-
1732	1476	10	(12,4,1)	-	5	(16,68,40,2,0)	(112,90,8,0)	(98,22,0)	(43,2)	(726,111,97,10,30,7,8,10,5,1,1)	no	(2-6,3-5,4-8,7-9)(1-7,2-9,3-6,5-8)(0-9,4-6,7-8)(8-9)	-
1733	1516	10	(12,4,1)	-	5	(16,68,40,2,0)	(112,92,6,0)	(100,20,0)	(43,2)	(740,95,89,26,22,10,9,4,7,1,3)	no	(0-9,2-8,3-6,5-7)(1-5,2-9,4-8,6-7)(3-8,4-7,5-9)(6-9)	-
1734	1550	10	(12,4,1)	-	5	(16,68,40,2,0)	(114,87,9,0)	(98,22,0)	(43,2)	(719,125,86,14,20,26,6,2,6,1,2)	no	(0-9,2-8,3-5,6-7)(2-4,3-8,5-7,6-9)(1-8,4-6,7-9)(8-9)	-
1735	1534	10	(12,3,2)	-	5	(16,68,40,2,0)	(114,89,7,0)	(100,20,0)	(43,2)	(765,85,62,38,23,6,7,10,8,0,2)	no	(1-8,2-9,4-5,6-7)(0-9,3-7,4-6,5-8)(2-6,3-9,4-8,5-7)	-
1736	1448	10	(12,4,1)	-	5	(16,68,40,2,0)	(116,84,10,0)	(100,19,1)	(43,2)	(734,106,87,15,30,9,10,4,6,2,4)	no	(1-5,2-7,3-8,6-9)(2-9,3-7,4-6,5-8)(0-9,4-7,6-8)(8-9)	-
1737	1096	10	(12,4,1)	-	5	(16,68,41,1,0)	(108,96,6,0)	(95,25,0)	(42,3)	(744,94,88,18,37,6,8,0,6,3,4)	no	(0-9,1-8,4-5,6-7)(2-6,3-5,4-9,7-8)(3-7,4-8,5-9)(6-9)	-
1738	3032	10	(12,4,2)	-	5	(16,68,41,1,0)	(112,92,6,0)	(99,21,0)	(43,2)	(716,126,87,24,23,8,6,9,7,0,0)	no	(0-9,5-8,6-7)(1-5,2-9,3-6,4-7)(2-7,3-8,5-9)(4-8,6-9)	-
1739	2198	10	(12,4,1)	-	5	(16,68,42,0,0)	(116,90,4,0)	(104,16,0)	(44,1)	(684,198,43,14,29,8,18,4,2,6,0)	no	(0-9,1-8,4-5,6-7)(1-9,2-7,3-6,4-8)(2-9,3-8,5-7)(6-9)	-
1740	2270	10	(12,4,1)	-	5	(16,68,42,0,0)	(116,90,4,0)	(104,16,0)	(44,1)	(697,165,66,18,31,5,4,4,9,6,2)	no	(0-9,1-6,2-7,3-8,4-5)(1-9,5-8,6-7)(2-9,4-7,6-8)(3-9)	-
1741	426	10	(12,3,2)	-	5	(16,70,33,7,0)	(122,75,12,1)	(102,17,1)	(43,2)	(786,68,56,26,23,24,5,2,11,0,8)	no	(0-9,1-3,2-6,4-5,7-8)(2-3,4-7,5-9,6-8)(4-9,5-8,6-7)	-
1742	3004	10	(12,4,2)	-	5	(16,70,36,4,0)	(112,90,8,0)	(99,21,0)	(43,2)	(725,118,82,23,24,11,11,4,3,5,5)	no	(0-9,2-4,5-8,6-7)(1-5,2-9,3-6,7-8)(3-8,4-7,5-9)(6-9)	-
1743	2848	10	(12,3,5)	-	5	(16,70,36,4,0)	(118,81,11,0)	(101,18,1)	(43,2)	(736,113,74,25,19,15,11,2,4,1,3)	no	(1-3,4-7,5-9,6-8)(0-9,2-6,4-8,5-7)(2-7,3-8,4-9,5-6)	-
1744	952	10	(12,4,1)	-	5	(16,70,37,3,0)	(110,93,7,0)	(98,22,0)	(43,2)	(725,116,100,12,21,6,14,2,3,4,0)	no	(0-9,2-7,4-5,6-8)(1-5,2-9,3-8,6-7)(3-9,4-6,7-8)(5-9)	-
1745	3004	10	(12,4,2)	-	5	(16,70,37,3,0)	(112,90,8,0)	(98,22,0)	(43,2)	(728,110,95,17,18,9,15,6,4,0,7)	no	(2-9,3-4,5-8,6-7)(1-7,3-9,4-5,6-8)(0-9,2-6,7-8)(8-9)	-
1746	2848	10	(12,4,5)	-	5	(16,70,37,3,0)	(118,81,11,0)	(100,19,1)	(43,2)	(723,126,78,19,24,11,9,4,8,2,4)	no	(0-5,1-9,3-8,6-7)(1-8,2-9,4-7,5-6)(2-8,3-4,6-9)(7-9)	-
1747	908	10	(12,4,1)	-	5	(16,70,37,3,0)	(118,81,11,0)	(100,19,1)	(43,2)	(736,106,86,19,22,8,13,4,9,4,0)	no	(0-9,1-4,5-6,7-8)(2-9,3-8,4-5,6-7)(2-7,3-9,6-8)(5-9)	-
1748	3004	10	(12,4,1)	-	5	(16,70,38,2,0)	(112,92,6,0)	(99,21,0)	(43,2)	(722,111,93,21,28,10,8,7,4,1,2)	no	(0-9,3-6,4-8,5-7)(2-9,5-8,6-7)(1-7,2-4,3-8,5-9)(6-9)	-
1749	3004	10	(12,3,1)	-	5	(16,70,38,2,0)	(112,92,6,0)	(99,21,0)	(43,2)	(723,122,82,28,19,6,12,4,7,0,4)	no	(1-8,2-7,4-5,6-9)(0-9,3-8,4-7,5-6)(2-9,3-6,4-8,5-7)	-
1750	3004	10	(12,3,1)	-	5	(16,70,38,2,0)	(112,92,6,0)	(99,21,0)	(43,2)	(735,112,68,36,19,9,13,8,3,0,5)	no	(0-9,3-6,4-5,7-8)(1-8,2-9,4-6,5-7)(2-7,3-5,4-9,6-8)	-
1751	3088	10	(12,4,1)	-	5	(16,70,38,2,0)	(114,89,7,0)	(99,21,0)	(43,2)	(717,132,83,13,21,15,18,2,1,2,4)	no	(0-9,3-4,5-6,7-8)(1-5,2-9,6-7)(3-9,4-7,6-8)(2-8,5-9)	-
1752	3004	10	(12,3,1)	-	5	(16,70,38,2,0)	(116,86,8,0)	(99,21,0)	(43,2)	(724,119,84,26,17,10,13,4,7,1,2)	no	(1-4,2-8,5-6,7-9)(1-5,2-9,3-8,6-7)(0-5,3-9,4-7,6-8)	-
1753	3004	10	(12,3,3)	-	5	(16,70,38,2,0)	(120,82,8,0)	(101,19,0)	(43,2)	(738,115,67,25,19,13,11,6,11,3,1)	no	(1-8,2-9,4-5,6-7)(0-9,3-7,4-8,5-6)(2-3,4-9,5-7,6-8)	-
1754	3032	10	(12,3,3)	-	5	(16,70,39,1,0)	(114,91,5,0)	(100,20,0)	(43,2)	(723,127,70,31,19,10,14,5,5,2,4)	no	(0-9,2-7,4-5,6-8)(2-9,3-7,4-8,5-6)(1-8,3-6,4-9,5-7)	-
1755	3004	10	(12,4,1)	-	5	(16,70,39,1,0)	(116,88,6,0)	(100,20,0)	(43,2)	(726,125,70,26,18,17,8,9,5,1,3)	no	(0-9,1-8,2-7,3-4,5-6)(2-8,3-7,4-6,5-9)(5-8,6-9)(7-9)	-
1756	4300	10	(12,4,2)	-	5	(16,70,39,1,0)	(118,87,5,0)	(104,16,0)	(44,1)	(692,165,71,28,11,14,10,1,10,2,1)	no	(0-9,2-5,3-7,6-8)(1-9,3-8,4-6,5-7)(1-8,2-9,4-7)(6-9)	-
1757	624	10	(12,4,1)	-	5	(16,72,30,8,0)	(104,96,9,1)	(92,28,0)	(42,3)	(765,72,90,13,32,13,4,1,13,5,1)	no	(2-6,3-9,4-7,5-8)(0-7,3-4,5-9,6-8)(1-5,6-9,7-8)(8-9)	-
1758	186	10	(12,3,1)	-	5	(16,72,32,6,0)	(112,86,11,1)	(96,24,0)	(42,3)	(826,54,56,25,16,2,0,2,4,0,20)	no	(0-7,3-4,5-8,6-9)(2-9,3-5,4-7,6-8)(1-8,3-7,4-6,5-9)	-
1759	504	10	(12,3,1)	-	5	(16,72,32,6,0)	(116,86,7,1)	(100,20,0)	(43,2)	(749,90,63,47,20,8,20,8,0,2,4)	no	(0-8,3-7,4-6,5-9)(2-3,4-7,5-6,8-9)(1-9,2-6,4-8,5-7)	-
1760	630	10	(12,4,1)	-	5	(16,72,33,5,0)	(120,80,10,0)	(103,17,0)	(44,1)	(732,100,88,19,35,4,16,0,6,0,10)	no	(0-7,1-9,2-8,3-5,4-6)(1-7,2-9,5-8)(3-9,6-8)(4-9,7-8)	-
1761	1056	10	(12,4,1)	-	5	(16,72,34,4,0)	(108,94,8,0)	(94,26,0)	(42,3)	(748,90,99,9,26,2,17,5,7,1,5)	no	(2-5,3-9,4-7,6-8)(1-6,3-4,5-9,7-8)(0-8,5-7,6-9)(8-9)	-
1762	4306	10	(12,4,1)	-	5	(16,72,34,4,0)	(120,82,8,0)	(104,16,0)	(44,1)	(704,142,85,16,21,12,8,8,7,0,8)	no	(0-9,2-4,5-8,6-7)(1-9,3-7,6-8)(1-5,2-9,3-4,7-8)(6-9)	-
1763	3004	10	(12,4,3)	-	5	(16,72,35,3,0)	(114,89,7,0)	(99,21,0)	(43,2)	(719,128,84,19,20,5,18,6,6,1,2)	no	(1-9,2-8,3-4,6-7)(2-9,5-6,7-8)(0-7,1-8,3-9,4-5)(6-9)	-
1764	1046	10	(12,4,1)	-	5	(16,72,35,3,0)	(120,84,6,0)	(105,15,0)	(44,1)	(724,123,76,16,22,16,19,0,6,2,8)	no	(0-8,1-9,2-6,4-7)(1-5,2-9,3-8,6-7)(3-9,5-6,7-8)(4-9)	-
1765	3004	10	(12,3,1)	-	5	(16,72,36,2,0)	(118,85,7,0)	(100,20,0)	(43,2)	(726,123,70,30,21,15,2,8,9,2,4)	no	(0-9,2-7,4-6,5-8)(2-9,3-6,4-8,5-7)(1-8,3-5,4-9,6-7)	-
1766	3004	10	(12,4,3)	-	5	(16,72,36,2,0)	(118,85,7,0)	(100,20,0)	(43,2)	(727,118,74,30,18,17,11,5,4,3,3)	no	(2-9,5-8,6-7)(1-6,3-8,4-7,5-9)(0-8,2-3,4-5,6-9)(7-9)	-
1767	3004	10	(12,3,1)	-	5	(16,72,36,2,0)	(118,85,7,0)	(100,20,0)	(43,2)	(729,116,75,27,23,11,12,8,5,2,3)	no	(0-9,3-7,4-5,6-8)(1-8,2-9,4-6,5-7)(2-7,3-6,4-9,5-8)	-
1768	802	10	(12,3,1)	-	5	(16,72,36,2,0)	(118,85,7,0)	(100,20,0)	(43,2)	(742,105,68,28,18,16,25,0,2,5,0)	no	(2-8,3-9,4-5,6-7)(0-9,3-7,4-8,5-6)(1-8,2-6,4-9,5-7)	-
1769	4164	10	(12,4,2)	-	5	(16,72,36,2,0)	(120,84,6,0)	(104,16,0)	(44,1)	(706,140,78,23,23,12,10,2,7,5,1)	no	(1-9,4-8,6-7)(0-7,1-8,2-9,3-4,5-6)(2-7,3-9,5-8)(6-9)	-
1770	2292	10	(12,4,1)	-	5	(16,72,36,2,0)	(122,81,7,0)	(104,16,0)	(44,1)	(696,168,66,12,19,24,6,4,5,4,6)	no	(0-9,1-6,2-4,3-5,7-8)(1-9,5-8,6-7)(2-9,4-7,6-8)(3-9)	-
1771	3088	10	(12,4,1)	-	5	(16,72,37,1,0)	(112,94,4,0)	(99,21,0)	(43,2)	(710,132,96,18,19,6,13,4,2,0,7)	no	(0-9,1-7,2-8,5-6)(2-9,3-6,4-5,7-8)(3-8,4-7,5-9)(6-9)	-
1772	3004	10	(12,4,2)	-	5	(16,72,37,1,0)	(114,91,5,0)	(99,21,0)	(43,2)	(716,125,93,14,19,14,13,5,5,1,3)	no	(0-9,3-4,5-8,6-7)(2-9,3-6,4-5,7-8)(1-7,2-8,5-9)(6-9)	-
1773	3088	10	(12,3,1)	-	5	(16,72,37,1,0)	(116,90,4,0)	(101,19,0)	(43,2)	(724,127,81,18,21,7,11,6,6,3,2)	no	(2-9,3-6,4-5,7-8)(0-9,2-7,4-6,5-8)(1-8,3-7,4-9,5-6)	-
1774	4372	10	(12,4,1)	-	5	(16,72,37,1,0)	(120,86,4,0)	(105,15,0)	(44,1)	(706,146,69,24,28,10,8,1,9,6,3)	no	(0-9,1-8,2-5,6-7)(1-9,3-6,4-8,5-7)(2-9,3-8,4-7)(6-9)	-
1775	3088	10	(12,4,1)	-	5	(16,72,38,0,0)	(116,90,4,0)	(100,20,0)	(43,2)	(710,138,79,23,24,12,7,4,5,3,4)	no	(0-9,3-4,5-6,7-8)(2-9,3-8,4-5,6-7)(1-7,2-8,5-9)(6-9)	-
1776	1380	10	(12,4,3)	-	5	(16,74,29,7,0)	(118,81,10,1)	(100,19,1)	(43,2)	(738,102,80,22,26,12,14,2,8,1,6)	no	(0-8,3-4,5-9,6-7)(1-4,2-7,5-8,6-9)(2-5,3-6,7-9)(8-9)	-
1777	1428	10	(12,4,1)	-	5	(16,74,31,5,0)	(122,77,11,0)	(102,17,1)	(43,2)	(744,96,76,26,29,12,8,4,11,1,2)	no	(2-9,3-8,4-6,5-7)(0-7,1-4,2-3,5-9,6-8)(5-8,6-9)(7-9)	-
1778	2848	10	(12,4,2)	-	5	(16,74,32,4,0)	(122,77,11,0)	(101,18,1)	(43,2)	(727,117,80,20,27,6,10,11,6,3,2)	no	(0-9,2-8,4-6,5-7)(1-4,3-7,5-9,6-8)(2-3,5-8,6-9)(7-9)	-
1779	952	10	(12,4,1)	-	5	(16,74,33,3,0)	(114,91,5,0)	(100,20,0)	(43,2)	(736,108,85,24,14,16,6,4,5,0,10)	no	(0-9,2-5,3-8,6-7)(2-8,3-6,4-7,5-9)(1-5,4-8,6-9)(7-9)	-
1780	2952	10	(12,3,1)	-	5	(16,74,33,3,0)	(118,85,7,0)	(100,20,0)	(43,2)	(729,112,87,26,12,18,11,3,8,0,4)	no	(1-8,2-7,4-5,6-9)(0-9,3-7,4-6,5-8)(2-9,3-6,4-8,5-7)	-
1781	1476	10	(12,4,1)	-	5	(16,74,33,3,0)	(118,85,7,0)	(100,20,0)	(43,2)	(741,104,76,26,16,22,6,0,9,2,11)	no	(2-9,3-7,4-8,5-6)(0-7,1-6,2-8,5-9)(3-8,4-5,6-9)(7-9)	-
1782	2932	10	(12,3,2)	-	5	(16,74,33,3,0)	(120,82,8,0)	(100,20,0)	(43,2)	(731,112,83,28,10,18,10,3,8,1,6)	no	(0-9,3-5,4-6,7-8)(1-8,2-9,4-7,5-6)(2-6,3-7,4-8,5-9)	-
1783	2684	10	(12,4,1)	-	5	(16,74,33,3,0)	(122,81,7,0)	(104,16,0)	(44,1)	(715,138,79,10,23,13,6,7,13,0,6)	no	(0-9,1-6,3-5,7-8)(1-9,4-8,6-7)(2-9,4-5,6-8)(2-7,3-9)	-
1784	3004	10	(12,4,1)	-	5	(16,74,34,2,0)	(116,88,6,0)	(99,21,0)	(43,2)	(717,120,92,18,24,15,10,4,3,1,3)	no	(0-9,3-6,4-5,7-8)(2-8,4-7,6-9)(1-8,2-3,5-6,7-9)(8-9)	-
1785	3004	10	(12,4,2)	-	5	(16,74,34,2,0)	(116,88,6,0)	(99,21,0)	(43,2)	(718,119,97,18,15,18,12,2,3,2,3)	no	(3-6,5-8,7-9)(1-7,2-9,3-4,6-8)(0-9,2-6,4-5,7-8)(8-9)	-
1786	2952	10	(12,4,2)	-	5	(16,74,34,2,0)	(118,85,7,0)	(99,21,0)	(43,2)	(722,116,90,24,19,13,10,4,5,1,3)	no	(2-9,3-4,5-6,7-8)(0-7,2-3,4-8,6-9)(1-6,5-8,7-9)(8-9)	-
1787	2936	10	(12,4,1)	-	5	(16,74,34,2,0)	(122,79,9,0)	(101,18,1)	(43,2)	(723,118,90,16,18,19,10,3,3,4,6)	no	(0-9,1-3,5-6,7-8)(2-9,4-5,6-8)(2-7,3-8,5-9)(4-7,6-9)	-
1788	2592	10	(12,4,2)	-	5	(16,74,34,2,0)	(122,83,5,0)	(105,15,0)	(44,1)	(712,135,81,17,15,23,9,6,5,2,4)	no	(0-9,3-6,4-7,5-8)(0-7,1-9,2-5,4-8)(1-7,2-9,6-8)(3-9)	-
1789	3092	10	(12,4,1)	-	5	(16,74,35,1,0)	(116,90,4,0)	(100,20,0)	(43,2)	(715,131,87,15,24,9,14,4,6,1,1)	no	(0-9,2-7,3-6,5-8)(1-5,2-9,4-6,7-8)(3-8,4-7,5-9)(6-9)	-
1790	3088	10	(12,4,1)	-	5	(16,74,35,1,0)	(118,87,5,0)	(100,20,0)	(43,2)	(717,127,83,21,21,16,5,11,4,1,1)	no	(0-9,2-3,5-6,7-8)(2-9,3-8,4-5,6-7)(1-7,4-8,5-9)(6-9)	-
1791	8716	10	(12,4,1)	-	5	(16,74,36,0,0)	(122,85,3,0)	(105,15,0)	(44,1)	(687,179,65,21,15,11,9,11,2,6,1)	no	(0-9,1-8,2-7,3-5,4-6)(1-9,3-6,7-8)(2-9,4-8,5-7)(6-9)	-
1792	612	10	(12,4,1)	-	5	(16,76,26,8,0)	(108,94,7,1)	(94,26,0)	(42,3)	(771,71,78,20,41,5,2,4,5,4,6)	no	(4-9,5-8,6-7)(0-7,3-6,4-8,5-9)(1-4,2-5,3-8,6-9)(7-9)	-
1793	924	10	(12,4,1)	-	5	(16,76,28,6,0)	(112,92,5,1)	(98,22,0)	(43,2)	(720,118,98,16,12,14,17,6,2,0,5)	no	(0-9,2-7,4-6,5-8)(1-7,3-4,5-9,6-8)(2-8,3-5,6-9)(7-9)	-
1794	1498	10	(12,3,2)	-	5	(16,76,30,4,0)	(118,85,7,0)	(100,20,0)	(43,2)	(740,106,68,30,19,27,6,2,6,2,4)	no	(1-8,2-7,4-9,5-6)(1-6,2-9,3-8,5-7)(0-5,3-9,4-8,6-7)	-
1795	1508	10	(12,3,1)	-	5	(16,76,30,4,0)	(120,82,8,0)	(100,20,0)	(43,2)	(728,118,76,30,7,23,18,0,6,0,4)	no	(0-5,1-2,6-8,7-9)(2-7,3-8,4-9,5-6)(1-6,3-9,4-8,5-7)	-
1796	1476	10	(12,4,2)	-	5	(16,76,30,4,0)	(120,82,8,0)	(100,20,0)	(43,2)	(735,103,84,24,26,9,10,2,12,1,6)	no	(2-9,5-6,7-8)(1-6,3-9,4-7,5-8)(0-8,2-4,3-7,5-9)(6-9)	-
1797	2932	10	(12,4,2)	-	5	(16,76,31,3,0)	(118,85,7,0)	(99,21,0)	(43,2)	(724,116,86,27,16,14,12,1,7,0,5)	no	(1-9,3-8,4-5,6-7)(0-7,1-8,2-9,3-4,5-6)(2-8,6-9)(7-9)	-
1798	3004	10	(12,4,1)	-	5	(16,76,31,3,0)	(122,81,7,0)	(101,19,0)	(43,2)	(732,113,75,26,23,11,10,5,7,6,6)	no	(0-8,2-9,3-6,5-7)(1-7,2-4,5-9,6-8)(3-4,5-8,6-9)(7-9)	-
1799	3004	10	(12,4,1)	-	5	(16,76,32,2,0)	(118,87,5,0)	(100,20,0)	(43,2)	(723,112,88,28,30,4,8,2,9,1,3)	no	(0-9,3-4,5-8,6-7)(1-8,2-7,4-6,5-9)(2-8,3-5,6-9)(7-9)	-
1800	3024	10	(12,4,2)	-	5	(16,76,32,2,0)	(120,84,6,0)	(100,20,0)	(43,2)	(720,119,85,31,21,9,9,2,6,3,3)	no	(2-9,3-7,4-8,5-6)(0-7,1-6,2-4,3-8,5-9)(5-8,6-9)(7-9)	-
1801	3088	10	(12,3,1)	-	5	(16,76,33,1,0)	(120,86,4,0)	(101,19,0)	(43,2)	(722,121,82,22,26,11,11,3,5,2,4)	no	(0-9,2-7,4-6,5-8)(1-8,3-6,4-7,5-9)(2-9,3-5,4-8,6-7)	-
1802	1612	10	(12,3,1)	-	5	(16,76,33,1,0)	(120,86,4,0)	(101,19,0)	(43,2)	(730,108,80,30,23,16,0,8,8,3,4)	no	(2-4,3-6,5-8,7-9)(4-5,6-9,7-8)(0-8,1-9,2-7,3-5,4-6)	-
1803	8716	10	(12,4,1)	-	5	(16,76,33,1,0)	(124,82,4,0)	(105,15,0)	(44,1)	(692,166,75,14,23,11,7,6,7,4,4)	no	(0-9,1-8,3-6,5-7)(1-9,2-5,4-6,7-8)(2-9,3-8,4-7)(6-9)	-
1804	8668	10	(12,4,1)	-	5	(16,76,33,1,0)	(126,79,5,0)	(105,15,0)	(44,1)	(692,165,73,16,27,8,8,6,5,6,3)	no	(0-9,2-5,3-8,6-7)(1-9,4-6,7-8)(1-8,2-9,3-4,5-7)(6-9)	-
1805	1676	10	(12,3,1)	-	5	(16,76,34,0,0)	(124,82,4,0)	(102,18,0)	(43,2)	(736,100,76,28,33,11,14,0,8,0,6)	no	(1-9,3-6,4-5,7-8)(0-8,2-7,4-6,5-9)(2-3,4-8,5-6,7-9)	-
1806	872	10	(12,3,1)	-	5	(16,76,34,0,0)	(128,76,6,0)	(102,18,0)	(43,2)	(741,105,58,40,19,20,8,8,9,1,4)	no	(0-9,1-8,2-6,3-7,4-5)(2-3,4-8,5-6,7-9)(4-9,5-7,6-8)	-
1807	3004	10	(12,4,1)	-	5	(16,78,28,4,0)	(120,84,6,0)	(101,19,0)	(43,2)	(731,111,81,29,18,12,11,5,3,2,8)	no	(0-9,2-8,3-6,5-7)(1-7,2-4,5-9,6-8)(3-4,5-8,6-9)(7-9)	-
1808	3004	10	(12,3,1)	-	5	(16,78,29,3,0)	(120,84,6,0)	(100,20,0)	(43,2)	(722,114,92,29,18,7,8,5,9,1,3)	no	(0-9,2-7,4-5,6-8)(1-8,3-6,4-7,5-9)(2-9,3-5,4-8,6-7)	-
1809	908	10	(12,4,1)	-	5	(16,78,29,3,0)	(126,75,9,0)	(102,17,1)	(43,2)	(723,120,86,15,20,18,18,0,5,0,3)	no	(0-9,1-4,5-8,6-7)(2-6,3-7,5-9)(2-8,4-5,6-9)(3-8,7-9)	-
1810	3004	10	(12,4,1)	-	5	(16,78,30,2,0)	(120,86,4,0)	(101,19,0)	(43,2)	(725,121,81,21,19,13,10,7,5,3,2)	no	(0-9,1-8,2-4,3-6,5-7)(2-7,3-4,5-9,6-8)(5-8,6-9)(7-9)	-
1811	8404	10	(12,3,1)	-	5	(16,78,30,2,0)	(126,79,5,0)	(105,15,0)	(44,1)	(695,159,73,21,23,11,10,5,2,5,4)	no	(1-5,2-6,4-9,7-8)(3-7,5-6,8-9)(0-5,1-9,2-8,3-4,6-7)	-
1812	8404	10	(12,4,4)	-	5	(16,78,30,2,0)	(126,79,5,0)	(105,15,0)	(44,1)	(696,159,73,19,19,16,10,6,4,2,3)	no	(0-9,2-7,3-4,6-8)(1-9,2-8,3-7,5-6)(1-8,4-5,6-9)(7-9)	-
1813	8524	10	(12,3,1)	-	5	(16,78,30,2,0)	(126,79,5,0)	(105,15,0)	(44,1)	(698,154,78,25,16,10,6,5,9,3,4)	no	(1-9,2-5,4-8,6-7)(1-5,3-4,6-9,7-8)(0-5,2-8,3-6,7-9)	-
1814	8600	10	(12,3,2)	-	5	(16,78,31,1,0)	(126,81,3,0)	(106,14,0)	(44,1)	(705,154,57,32,20,11,13,4,4,7,3)	no	(1-5,2-6,3-9,7-8)(1-9,3-7,4-8,5-6)(0-5,2-8,4-9,6-7)	-
1815	3004	10	(12,3,1)	-	5	(16,78,31,1,0)	(128,76,6,0)	(102,18,0)	(43,2)	(732,113,73,31,15,13,16,4,8,2,5)	no	(0-9,1-8,2-3,4-7,5-6)(4-8,5-7,6-9)(2-7,3-6,4-9,5-8)	-
1816	98	10	(12,4,1)	-	5	(16,80,12,18,0)	(104,96,6,4)	(92,28,0)	(42,3)	(778,56,86,13,54,3,0,3,8,12,0)	no	(1-6,2-7,3-8,5-9)(3-4,5-8,6-9)(0-5,6-8,7-9)(4-9,7-8)	-
1817	324	10	(12,4,1)	-	5	(16,80,21,9,0)	(128,72,9,1)	(107,12,1)	(44,1)	(757,100,40,44,30,12,0,0,7,0,20)	no	(0-5,1-9,2-6,7-8)(1-5,2-9,4-8,6-7)(3-9,6-8)(3-7,4-9)	-
1818	890	10	(12,3,1)	-	5	(16,80,22,8,0)	(120,82,7,1)	(100,20,0)	(43,2)	(751,88,74,26,35,11,9,0,6,12,0)	no	(0-5,1-3,2-4,6-8,7-9)(1-2,4-9,5-6,7-8)(3-8,5-7,6-9)	-
1819	908	10	(12,4,1)	-	5	(16,80,24,6,0)	(116,90,3,1)	(100,20,0)	(43,2)	(738,102,90,10,24,15,17,4,2,6,4)	no	(0-8,2-4,5-7,6-9)(2-3,6-8,7-9)(1-9,3-5,4-6,7-8)(8-9)	-
1820	880	10	(12,4,1)	-	5	(16,80,24,6,0)	(120,84,5,1)	(100,20,0)	(43,2)	(749,84,91,18,28,12,9,4,8,4,4)	no	(1-6,2-9,3-7,5-8)(0-5,3-9,4-7,6-8)(2-4,5-9,7-8)(6-9)	-
1821	2604	10	(12,3,1)	-	5	(16,80,24,6,0)	(124,80,5,1)	(104,16,0)	(44,1)	(696,148,86,19,20,20,2,3,5,4,5)	no	(1-2,4-8,5-6,7-9)(1-5,3-4,6-7,8-9)(0-5,2-9,3-7,6-8)	-
1822	798	10	(12,3,1)	-	5	(16,80,24,6,0)	(124,80,5,1)	(104,16,0)	(44,1)	(702,154,82,15,10,12,12,5,2,16,0)	no	(1-5,2-9,3-6,7-8)(0-5,3-4,6-8,7-9)(1-8,2-5,4-7,6-9)	-
1823	8524	10	(12,4,2)	-	5	(16,80,27,3,0)	(128,76,6,0)	(105,15,0)	(44,1)	(691,159,82,17,16,17,11,6,3,1,7)	no	(0-9,1-5,2-8,3-4,6-7)(1-9,2-5,4-7,6-8)(3-8,6-9)(7-9)	-
1824	4164	10	(12,4,2)	-	5	(16,80,27,3,0)	(128,76,6,0)	(105,15,0)	(44,1)	(699,148,86,19,12,21,10,2,6,0,0)	no	(1-9,2-4,3-8,6-7)(0-7,2-9,3-5,6-8)(1-8,4-5,6-9)(7-9)	-
1825	2092	10	(12,4,1)	-	5	(16,80,27,3,0)	(128,76,6,0)	(105,15,0)	(44,1)	(707,134,90,22,15,15,6,2,15,0,1)	no	(1-9,3-4,5-6,7-8)(0-6,1-8,2-9,5-7)(2-7,3-9,4-8)(6-9)	-
1826	4164	10	(12,3,2)	-	5	(16,80,27,3,0)	(128,76,6,0)	(105,15,0)	(44,1)	(708,136,81,30,13,12,9,3,9,5,3)	no	(0-9,2-7,3-6,4-8)(1-7,2-9,4-6,5-8)(0-1,3-7,5-6,8-9)	-
1827	3032	10	(12,3,1)	-	5	(16,80,28,2,0)	(124,82,4,0)	(102,18,0)	(43,2)	(730,117,74,29,26,6,8,5,4,4,5)	no	(1-8,2-7,4-6,5-9)(0-9,3-7,4-8,5-6)(2-6,3-5,4-9,7-8)	-
1828	8524	10	(12,3,1)	-	5	(16,80,28,2,0)	(128,78,4,0)	(106,14,0)	(44,1)	(701,148,78,21,20,18,6,5,3,5,4)	no	(1-9,2-4,5-6,7-8)(1-5,2-9,3-8,6-7)(0-5,3-4,6-8,7-9)	-
1829	2684	10	(12,3,1)	-	5	(16,80,28,2,0)	(128,78,4,0)	(106,14,0)	(44,1)	(719,145,59,7,27,30,3,4,10,0,7)	no	(1-5,2-8,3-9,6-7)(1-9,2-5,4-7,6-8)(0-5,3-6,4-9,7-8)	-
1830	8696	10	(12,3,1)	-	5	(16,80,29,1,0)	(130,77,3,0)	(107,13,0)	(44,1)	(706,155,61,21,18,21,8,5,5,6,4)	no	(1-9,2-4,5-6,7-8)(1-5,2-9,3-8,6-7)(0-5,3-9,4-7,6-8)	-
1831	1594	10	(12,3,1)	-	5	(16,80,30,0,0)	(126,81,3,0)	(102,18,0)	(43,2)	(724,109,85,34,26,8,12,2,6,0,2)	no	(0-9,3-6,4-7,5-8)(2-5,3-7,4-8,6-9)(1-8,2-7,4-9,5-6)	-
1832	4500	10	(12,4,1)	-	5	(16,80,30,0,0)	(128,80,2,0)	(106,14,0)	(44,1)	(691,170,67,14,28,9,10,12,2,3,4)	no	(0-9,1-8,2-6,3-7,4-5)(1-9,2-8,4-6,5-7)(3-8,6-9)(7-9)	-
1833	4476	10	(12,4,1)	-	5	(16,80,30,0,0)	(130,77,3,0)	(106,14,0)	(44,1)	(688,171,69,17,28,10,7,4,7,5,3)	no	(0-9,1-8,2-4,3-5,6-7)(1-9,2-8,4-6,5-7)(3-8,6-9)(7-9)	-
1834	2684	10	(12,4,1)	-	5	(16,82,25,3,0)	(130,75,5,0)	(106,14,0)	(44,1)	(703,148,84,10,11,30,4,8,5,0,6)	no	(0-9,1-5,3-8,6-7)(1-9,2-8,3-6,4-7)(2-5,4-8,6-9)(7-9)	-
1835	8404	10	(12,3,4)	-	5	(16,82,25,3,0)	(130,75,5,0)	(106,14,0)	(44,1)	(704,153,62,29,19,16,8,5,7,3,2)	no	(2-4,3-8,5-6,7-9)(1-5,3-4,6-7,8-9)(0-5,1-7,2-9,6-8)	-
1836	8600	10	(12,3,3)	-	5	(16,82,27,1,0)	(130,77,3,0)	(106,14,0)	(44,1)	(691,163,75,27,11,16,7,8,1,3,8)	no	(1-5,2-6,3-9,7-8)(2-3,4-8,5-6,7-9)(0-5,1-8,4-9,6-7)	-
1837	8696	10	(12,4,1)	-	5	(16,82,27,1,0)	(130,77,3,0)	(106,14,0)	(44,1)	(695,157,78,12,28,12,8,8,6,1,5)	no	(0-9,1-8,3-5,6-7)(1-9,2-6,3-8,4-7)(2-8,4-5,6-9)(7-9)	-
1838	1244	10	(12,4,1)	-	5	(16,84,19,7,0)	(132,70,7,1)	(107,12,1)	(44,1)	(726,110,87,28,11,18,10,3,10,0,8)	no	(1-9,2-5,3-8,6-7)(0-5,1-8,2-9,3-6,4-7)(4-8,6-9)(7-9)	-
1839	8716	10	(12,3,1)	-	5	(16,84,25,1,0)	(132,76,2,0)	(107,13,0)	(44,1)	(697,155,74,27,20,7,8,10,4,3,4)	no	(1-5,2-6,3-7,8-9)(1-8,2-9,4-7,5-6)(0-5,3-9,4-8,6-7)	-
1840	4372	10	(12,3,1)	-	5	(16,84,25,1,0)	(132,76,2,0)	(107,13,0)	(44,1)	(706,136,86,21,22,12,11,2,5,4,4)	no	(1-5,2-6,3-9,7-8)(2-9,3-7,4-8,5-6)(0-5,1-8,4-9,6-7)	-
1841	8668	10	(12,3,1)	-	5	(16,84,25,1,0)	(134,73,3,0)	(107,13,0)	(44,1)	(699,153,74,22,21,12,10,8,2,6,2)	no	(2-8,3-4,5-6,7-9)(1-5,2-9,3-8,6-7)(0-5,1-9,4-7,6-8)	-
1842	202	10	(12,4,1)	-	5	(24,52,44,6,0)	(116,78,15,1)	(100,18,2)	(43,2)	(763,84,80,9,19,0,38,0,12,0,4)	yes	(0-9,1-2,3-8,4-6,5-7)(2-9,3-5,4-8,6-7)(5-9,7-8)(6-9)	-
1843	908	10	(12,4,1)	-	5	(24,56,40,6,0)	(120,76,13,1)	(102,16,2)	(43,2)	(757,94,68,12,33,6,21,8,1,2,6)	no	(0-9,1-2,3-6,4-8,5-7)(2-9,3-7,4-6,5-8)(5-9,7-8)(6-9)	-
1844	824	10	(12,4,3)	-	5	(24,56,42,4,0)	(120,76,14,0)	(100,19,1)	(43,2)	(743,96,89,17,21,10,16,2,11,0,5)	yes	(0-8,2-9,4-7,5-6)(1-2,3-9,5-7,6-8)(3-6,4-9,7-8)(5-9)	-
1845	828	10	(12,4,1)	-	5	(24,58,41,2,1)	(126,67,17,0)	(100,19,1)	(43,2)	(736,106,75,22,41,2,5,13,5,0,3)	no	(0-7,1-5,2-4,3-8,6-9)(2-3,6-8,7-9)(4-9,5-6,7-8)(8-9)	-
1846	852	10	(12,4,1)	-	5	(24,58,43,0,1)	(126,69,15,0)	(100,19,1)	(43,2)	(728,114,87,19,19,6,22,0,6,4,4)	no	(2-3,4-7,5-8,6-9)(1-5,2-4,6-8,7-9)(0-9,3-6,7-8)(8-9)	-
1847	232	10	(12,3,2)	-	5	(24,60,36,6,0)	(128,66,16,0)	(104,14,2)	(43,2)	(763,82,79,3,57,0,8,0,4,2,0)	no	(2-8,3-9,4-5,6-7)(0-2,1-3,4-6,5-9,7-8)(4-9,5-7,6-8)	-
1848	2808	10	(12,3,5)	-	5	(24,60,38,4,0)	(124,74,12,0)	(102,17,1)	(43,2)	(747,91,76,38,25,6,7,6,5,3,3)	no	(0-9,2-7,4-5,6-8)(1-8,3-7,4-6,5-9)(2-6,3-5,4-9,7-8)	-
1849	706	10	(12,4,2)	-	5	(24,60,38,4,0)	(128,66,16,0)	(102,16,2)	(43,2)	(740,94,94,12,23,14,18,0,8,4,4)	no	(0-3,4-8,5-9,6-7)(1-4,3-7,5-8,6-9)(2-5,7-9)(2-6,8-9)	-
1850	1224	10	(12,4,2)	-	5	(24,60,38,4,0)	(128,70,12,0)	(106,13,1)	(44,1)	(744,92,71,45,16,2,21,4,1,12,2)	no	(1-9,4-8,6-7)(0-1,2-9,3-4,5-7,6-8)(2-7,3-9,5-8)(6-9)	-
1851	2808	10	(12,4,5)	-	5	(24,60,39,3,0)	(124,74,12,0)	(101,18,1)	(43,2)	(735,104,80,31,22,9,6,11,5,2,4)	no	(2-9,3-4,5-8,6-7)(1-6,3-8,4-7,5-9)(0-5,2-8,6-9)(7-9)	-
1852	484	10	(12,3,1)	-	5	(24,60,40,2,0)	(116,88,6,0)	(100,20,0)	(43,2)	(733,102,97,19,19,4,26,0,0,0,12)	no	(1-8,2-7,4-5,6-9)(0-9,3-7,4-6,5-8)(2-5,3-6,4-7,8-9)	-
1853	2044	10	(12,4,2)	-	5	(24,60,40,2,0)	(128,72,10,0)	(106,13,1)	(44,1)	(728,109,81,30,21,9,10,4,10,5,2)	no	(1-9,3-8,4-5,6-7)(0-1,2-9,4-7,6-8)(2-7,3-9,5-8)(6-9)	-
1854	868	10	(12,3,1)	-	5	(24,62,37,3,0)	(126,73,11,0)	(102,17,1)	(43,2)	(741,98,92,8,27,14,16,2,2,0,6)	yes	(0-9,1-3,2-4,5-8,6-7)(2-6,3-7,4-8,5-9)(4-9,5-7,6-8)	-
1855	3004	10	(12,3,1)	-	5	(24,62,38,2,0)	(124,78,8,0)	(101,19,0)	(43,2)	(736,108,71,28,24,15,12,5,6,4,3)	no	(1-8,2-7,4-5,6-9)(2-3,4-7,5-6,8-9)(0-9,3-6,4-8,5-7)	-
1856	2848	10	(12,4,2)	-	5	(24,62,38,2,0)	(126,73,11,0)	(101,18,1)	(43,2)	(722,122,80,23,22,11,12,4,6,5,2)	no	(0-8,2-9,4-6,5-7)(1-2,3-7,5-9,6-8)(3-4,5-8,6-9)(7-9)	-
1857	2952	10	(12,4,1)	(3,13,1)	5	(24,62,38,2,0)	(126,75,9,0)	(101,19,0)	(43,2)	(738,105,64,45,18,6,20,6,2,6,1)	no	(1-6,2-9,3-8,5-7)(0-7,2-4,5-9,6-8)(3-4,5-8,6-9)(7-9)	(0-3,1-2,4-9,5-7,6-8)(1-6,3-4,5-8,7-9)(2-4,3-5,6-7,8-9)
1858	920	10	(12,3,1)	-	5	(24,62,39,1,0)	(126,77,7,0)	(102,18,0)	(43,2)	(740,94,96,24,14,12,10,8,9,0,3)	no	(0-9,3-6,4-5,7-8)(1-8,2-7,4-6,5-9)(2-5,3-7,4-8,6-9)	-
1859	616	10	(12,4,1)	-	5	(24,64,33,5,0)	(132,68,10,0)	(109,11,0)	(45,0)	(722,112,75,33,30,0,18,0,12,8,0)	no	(0-2,1-8,3-5,4-6,7-9)(0-1,2-9,3-8)(4-8,5-9)(6-9,7-8)	-
1860	880	10	(12,4,1)	-	5	(24,64,34,4,0)	(128,70,12,0)	(102,17,1)	(43,2)	(740,104,86,26,17,4,4,6,12,0,8)	no	(2-9,5-6,7-8)(0-5,1-2,3-9,4-8,6-7)(3-7,4-9,6-8)(5-9)	-
1861	1408	10	(12,4,1)	(3,13,1)	5	(24,64,34,4,0)	(128,70,12,0)	(102,17,1)	(43,2)	(745,90,91,18,23,12,16,2,4,0,7)	no	(0-6,1-4,2-9,3-8,5-7)(2-3,4-7,5-9,6-8)(5-8,6-9)(7-9)	(0-1,2-3,4-7,5-8,6-9)(2-4,3-8,5-6,7-9)(1-8,3-9,4-6,5-7)
1862	2808	10	(12,4,2)	-	5	(24,64,35,3,0)	(128,70,12,0)	(101,18,1)	(43,2)	(735,102,79,32,22,14,7,4,7,5,2)	no	(0-6,2-9,3-8,5-7)(1-2,4-7,5-9,6-8)(3-4,5-8,6-9)(7-9)	-
1863	952	10	(12,3,1)	-	5	(24,64,36,2,0)	(124,80,6,0)	(102,18,0)	(43,2)	(732,112,84,20,33,4,7,4,5,0,8)	no	(2-7,3-6,4-5,8-9)(0-9,2-5,4-6,7-8)(1-8,3-7,4-9,5-6)	-
1864	2896	10	(12,4,1)	-	5	(24,64,36,2,0)	(128,72,10,0)	(102,17,1)	(43,2)	(733,105,86,19,28,13,7,6,5,4,3)	no	(2-9,5-6,7-8)(1-2,3-9,4-5,6-8)(0-8,3-7,5-9)(4-7,6-9)	-
1865	1510	10	(12,4,1)	-	5	(24,64,36,2,0)	(132,72,6,0)	(110,10,0)	(45,0)	(709,137,64,40,18,4,10,8,12,11,0)	no	(0-9,1-7,2-5,6-8)(0-8,1-9,3-6,4-7)(2-9,4-8,5-7)(3-9)	-
1866	2508	10	(12,3,1)	-	5	(24,64,37,0,1)	(132,68,10,0)	(105,15,0)	(44,1)	(708,141,77,16,26,19,1,9,5,0,9)	no	(2-4,3-8,5-6,7-9)(1-5,3-4,6-7,8-9)(0-5,1-9,2-7,6-8)	-
1867	2848	10	(12,3,1)	-	5	(24,66,32,4,0)	(130,69,11,0)	(103,16,1)	(43,2)	(743,102,68,33,24,17,6,4,3,2,8)	no	(0-9,1-3,2-6,4-5,7-8)(4-9,5-8,6-7)(2-4,3-7,5-9,6-8)	-
1868	2932	10	(12,4,1)	-	5	(24,66,33,3,0)	(124,78,8,0)	(100,20,0)	(43,2)	(730,104,92,21,24,9,12,11,2,1,1)	no	(1-7,2-3,5-8,6-9)(3-4,6-8,7-9)(0-9,2-6,4-5,7-8)(8-9)	-
1869	2848	10	(12,4,1)	-	5	(24,66,33,3,0)	(130,69,11,0)	(102,17,1)	(43,2)	(733,105,87,21,25,7,12,7,7,1,6)	no	(0-8,1-4,2-3,5-9,6-7)(4-7,5-8,6-9)(2-5,3-6,7-9)(8-9)	-
1870	3004	10	(12,4,1)	-	5	(24,66,34,2,0)	(124,80,6,0)	(101,19,0)	(43,2)	(727,114,84,24,23,8,8,10,6,2,2)	no	(0-9,1-6,2-7,3-4,5-8)(3-7,5-9,6-8)(2-8,4-5,6-9)(7-9)	-
1871	3004	10	(12,4,1)	-	5	(24,66,34,2,0)	(124,80,6,0)	(101,19,0)	(43,2)	(728,113,85,24,22,13,7,4,4,3,3)	no	(0-9,1-6,2-8,3-4,5-7)(2-4,3-7,5-9,6-8)(5-8,6-9)(7-9)	-
1872	2572	10	(12,3,2)	-	5	(24,66,34,2,0)	(126,79,5,0)	(105,15,0)	(44,1)	(709,138,87,12,19,13,11,4,6,4,9)	yes	(0-5,1-9,2-6,3-8,4-7)(1-5,3-6,4-8,7-9)(2-7,5-6,8-9)	-
1873	2936	10	(12,3,1)	-	5	(24,66,34,2,0)	(130,71,9,0)	(103,16,1)	(43,2)	(738,107,75,22,29,9,10,7,3,4,3)	no	(2-4,3-8,5-9,6-7)(0-9,1-3,2-6,4-8,5-7)(4-9,5-6,7-8)	-
1874	2440	10	(12,3,2)	-	5	(24,66,34,2,0)	(134,67,9,0)	(107,12,1)	(44,1)	(727,118,76,28,7,15,19,6,7,2,7)	no	(1-5,3-6,4-9,7-8)(0-1,2-8,5-6,7-9)(2-5,3-9,4-8,6-7)	-
1875	270	10	(12,4,1)	-	5	(24,68,28,5,1)	(124,76,9,1)	(100,20,0)	(43,2)	(757,73,105,3,27,17,12,0,18,0,0)	no	(2-4,3-6,5-9,7-8)(0-7,1-8,2-5,3-4,6-9)(5-6,7-9)(8-9)	-
1876	552	10	(12,3,1)	-	5	(24,68,28,6,0)	(132,68,9,1)	(106,13,1)	(44,1)	(734,113,74,21,12,22,17,0,10,0,6)	yes	(0-1,2-5,3-9,4-7,6-8)(1-2,4-9,5-6,7-8)(3-6,5-7,8-9)	-
1877	2052	10	(12,3,1)	-	5	(24,68,31,3,0)	(136,64,10,0)	(107,12,1)	(44,1)	(714,125,86,22,20,9,9,12,7,3,6)	no	(0-1,2-8,5-6,7-9)(2-3,4-9,5-7,6-8)(1-5,3-9,4-8,6-7)	-
1878	924	10	(12,4,1)	-	5	(24,68,32,2,0)	(124,80,6,0)	(100,20,0)	(43,2)	(717,120,96,11,27,12,17,0,6,0,1)	no	(0-9,2-6,3-5,7-8)(1-7,4-8,6-9)(2-4,3-6,5-8,7-9)(8-9)	-
1879	904	10	(12,4,1)	-	5	(24,68,32,2,0)	(132,68,10,0)	(102,17,1)	(43,2)	(741,96,76,31,26,12,16,0,4,0,7)	no	(2-9,5-8,6-7)(1-2,3-6,4-7,5-9)(0-5,3-8,6-9)(4-8,7-9)	-
1880	1508	10	(12,3,1)	-	5	(24,68,32,2,0)	(132,70,8,0)	(102,18,0)	(43,2)	(733,116,72,26,7,29,12,2,9,0,8)	no	(1-8,3-7,4-5,6-9)(2-3,4-6,5-8,7-9)(0-9,2-6,4-8,5-7)	-
1881	8524	10	(12,3,1)	-	5	(24,68,32,2,0)	(132,72,6,0)	(106,14,0)	(44,1)	(702,150,68,23,27,15,8,4,4,6,3)	no	(2-9,3-4,5-6,7-8)(1-5,3-9,4-8,6-7)(0-5,1-2,6-8,7-9)	-
1882	3088	10	(12,4,1)	-	5	(24,68,33,1,0)	(124,82,4,0)	(101,19,0)	(43,2)	(710,129,94,22,18,9,14,4,3,2,3)	no	(0-9,3-4,5-8,6-7)(2-7,3-8,4-6,5-9)(1-5,2-8,6-9)(7-9)	-
1883	1488	10	(12,3,1)	-	5	(24,70,29,3,0)	(132,70,8,0)	(102,18,0)	(43,2)	(731,113,80,30,9,20,10,0,13,0,6)	no	(2-3,4-5,6-8,7-9)(0-9,1-8,4-6,5-7)(2-6,3-7,4-8,5-9)	-
1884	4184	10	(12,3,1)	-	5	(24,70,29,3,0)	(132,72,6,0)	(106,14,0)	(44,1)	(714,124,85,31,10,21,6,4,12,2,0)	no	(1-3,2-8,5-6,7-9)(1-2,4-9,5-7,6-8)(0-5,3-9,4-8,6-7)	-
1885	2684	10	(12,3,1)	-	5	(24,70,30,2,0)	(134,71,5,0)	(107,13,0)	(44,1)	(709,150,68,10,28,19,3,6,9,6,2)	no	(1-2,3-9,5-6,7-8)(1-5,2-9,4-8,6-7)(0-5,3-7,4-9,6-8)	-
1886	8668	10	(12,4,1)	-	5	(24,70,31,1,0)	(132,74,4,0)	(106,14,0)	(44,1)	(688,159,85,22,18,9,11,2,8,4,2)	no	(0-9,1-3,2-7,4-5,6-8)(1-9,3-8,4-7,5-6)(2-8,6-9)(7-9)	-
1887	4412	10	(12,4,1)	-	5	(24,70,31,1,0)	(132,74,4,0)	(106,14,0)	(44,1)	(689,161,80,20,20,18,0,9,3,4,6)	no	(0-9,1-4,2-5,3-8,6-7)(1-9,2-8,3-7,5-6)(4-8,6-9)(7-9)	-
1888	4376	10	(12,3,1)	-	5	(24,70,32,0,0)	(132,76,2,0)	(107,13,0)	(44,1)	(707,139,80,24,14,15,15,5,4,2,6)	no	(0-5,1-9,2-6,7-8)(1-7,3-8,4-9,5-6)(2-9,3-6,4-8,5-7)	-
1889	285	10	(12,4,1)	-	5	(24,72,20,10,0)	(124,76,9,1)	(100,20,0)	(43,2)	(759,65,92,17,51,3,13,2,4,6,0)	no	(1-7,3-9,4-5,6-8)(0-6,2-3,4-9,7-8)(2-8,6-9)(5-8,7-9)	-
1890	912	10	(12,4,1)	-	5	(24,72,24,6,0)	(124,80,5,1)	(100,20,0)	(43,2)	(743,82,104,22,23,9,9,4,8,3,0)	no	(1-7,2-3,4-8,6-9)(2-4,3-5,6-8,7-9)(0-6,5-9,7-8)(8-9)	-
1891	776	10	(12,3,1)	-	5	(24,72,26,4,0)	(130,73,7,0)	(102,18,0)	(43,2)	(733,111,80,24,12,30,8,0,8,2,4)	no	(1-8,2-7,4-5,6-9)(0-9,3-5,4-8,6-7)(2-4,3-6,5-8,7-9)	-
1892	2952	10	(12,4,1)	-	5	(24,72,27,3,0)	(128,76,6,0)	(101,19,0)	(43,2)	(729,107,87,28,17,18,9,2,8,1,2)	no	(2-9,5-8,6-7)(1-6,3-7,4-8,5-9)(0-5,2-4,3-8,6-9)(7-9)	-
1893	1498	10	(12,4,1)	-	5	(24,72,27,3,0)	(130,73,7,0)	(101,19,0)	(43,2)	(729,112,81,31,12,19,8,2,11,1,4)	no	(1-7,2-4,5-9,6-8)(0-8,3-4,5-7,6-9)(2-5,3-6,7-9)(8-9)	-
1894	4164	10	(12,3,1)	-	5	(24,72,27,3,0)	(136,68,6,0)	(107,13,0)	(44,1)	(719,124,72,39,13,14,6,8,12,1,2)	no	(1-3,2-9,5-6,7-8)(1-9,2-6,4-8,5-7)(0-5,3-8,4-9,6-7)	-
1895	1316	10	(12,3,1)	-	5	(24,72,27,3,0)	(140,62,8,0)	(109,10,1)	(44,1)	(730,114,60,46,32,2,4,0,5,8,7)	no	(1-5,2-9,3-7,6-8)(0-1,4-9,5-6,7-8)(2-6,3-9,4-8,5-7)	-
1896	2970	10	(12,4,1)	-	5	(24,72,27,3,0)	(140,64,6,0)	(111,9,0)	(45,0)	(700,142,76,34,13,11,8,8,14,6,0)	no	(0-9,2-6,3-4,7-8)(0-8,1-9,4-7,5-6)(1-7,2-9,5-8)(3-9)	-
1897	8524	10	(12,3,1)	-	5	(24,72,28,2,0)	(136,68,6,0)	(106,14,0)	(44,1)	(696,149,77,34,19,10,4,5,7,5,3)	no	(1-5,2-6,3-9,7-8)(1-3,4-8,5-6,7-9)(0-5,2-4,6-7,8-9)	-
1898	4246	10	(12,3,1)	-	5	(24,72,28,2,0)	(136,68,6,0)	(106,14,0)	(44,1)	(700,142,87,28,16,8,10,2,4,10,3)	no	(0-2,3-9,4-6,7-8)(0-1,2-8,5-7,6-9)(1-3,4-7,5-6,8-9)	-
1899	1328	10	(12,3,1)	-	5	(24,72,28,2,0)	(136,68,6,0)	(106,14,0)	(44,1)	(700,154,69,26,22,16,8,0,2,8,3)	no	(0-6,1-3,4-8,7-9)(1-6,2-7,4-9,5-8)(0-2,3-7,5-9,6-8)	-
1900	2124	10	(12,4,1)	-	5	(24,72,28,2,0)	(136,68,6,0)	(106,14,0)	(44,1)	(701,132,101,18,17,15,8,1,8,4,9)	no	(1-9,3-4,5-7,6-8)(0-6,2-9,7-8)(1-7,2-5,3-9,4-8)(6-9)	-
1901	4164	10	(12,4,1)	-	5	(24,72,28,2,0)	(136,68,6,0)	(106,14,0)	(44,1)	(705,133,84,32,17,13,7,5,7,1,7)	no	(1-9,2-4,3-8,6-7)(0-7,1-8,2-9,5-6)(3-5,4-8,6-9)(7-9)	-
1902	4212	10	(12,3,2)	-	5	(24,72,28,2,0)	(140,62,8,0)	(108,11,1)	(44,1)	(704,138,80,32,12,15,10,5,6,5,4)	no	(1-5,3-9,4-7,6-8)(0-1,2-3,4-9,5-6,7-8)(2-6,5-7,8-9)	-
1903	816	10	(12,3,1)	-	5	(24,72,30,0,0)	(130,77,3,0)	(102,18,0)	(43,2)	(711,131,92,16,16,24,0,12,4,0,0)	no	(2-4,3-5,6-9,7-8)(0-9,1-8,4-5,6-7)(2-6,3-7,4-8,5-9)	-
1904	8404	10	(12,3,2)	-	5	(24,74,26,2,0)	(138,67,5,0)	(107,13,0)	(44,1)	(700,142,83,27,18,13,10,5,3,7,4)	no	(0-5,1-2,3-4,6-9,7-8)(2-8,5-6,7-9)(1-6,3-9,4-8,5-7)	-
1905	8524	10	(12,3,1)	-	5	(24,74,26,2,0)	(138,67,5,0)	(107,13,0)	(44,1)	(703,148,72,29,15,15,9,4,8,4,2)	no	(0-5,2-6,3-9,7-8)(1-8,2-4,5-6,7-9)(1-5,3-4,6-7,8-9)	-
1906	4236	10	(12,4,1)	-	5	(24,74,26,2,0)	(138,67,5,0)	(107,13,0)	(44,1)	(704,136,76,37,23,9,9,5,3,4,4)	no	(1-9,2-5,3-8,6-7)(0-7,1-4,2-9,3-5,6-8)(4-8,6-9)(7-9)	-
1907	2684	10	(12,3,1)	-	5	(24,74,26,2,0)	(138,67,5,0)	(107,13,0)	(44,1)	(709,136,78,22,33,6,8,5,1,6,5)	no	(0-5,1-4,2-6,3-9,7-8)(1-5,2-8,3-6,7-9)(4-7,5-6,8-9)	-
1908	4300	10	(12,3,1)	-	5	(24,74,27,1,0)	(138,69,3,0)	(108,12,0)	(44,1)	(710,134,77,35,11,7,16,6,5,8,3)	no	(0-5,1-2,3-7,4-9,6-8)(3-9,5-6,7-8)(1-6,2-9,4-8,5-7)	-
1909	2496	10	(12,3,1)	-	5	(24,76,20,6,0)	(140,62,7,1)	(108,11,1)	(44,1)	(722,123,75,29,13,8,21,4,12,2,0)	no	(0-1,2-5,3-6,4-9,7-8)(1-2,3-8,5-6,7-9)(4-6,5-7,8-9)	-
1910	3656	10	(12,3,2)	-	5	(24,76,24,2,0)	(144,62,4,0)	(112,8,0)	(45,0)	(695,168,58,17,21,16,8,14,11,2,0)	no	(0-1,2-7,3-8,6-9)(0-2,1-3,4-8,5-6,7-9)(4-6,5-7,8-9)	-
1911	8696	10	(12,3,1)	-	5	(24,76,25,1,0)	(138,69,3,0)	(107,13,0)	(44,1)	(689,159,82,30,13,11,5,4,8,4,4)	no	(0-5,1-8,2-4,3-6,7-9)(1-5,2-6,3-9,7-8)(4-7,5-6,8-9)	-
1912	8668	10	(12,3,1)	-	5	(24,76,25,1,0)	(138,69,3,0)	(107,13,0)	(44,1)	(689,166,72,24,19,17,4,6,2,5,7)	no	(1-5,2-6,4-9,7-8)(3-7,5-6,8-9)(0-5,1-8,2-9,3-4,6-7)	-
1913	8716	10	(12,3,1)	-	5	(24,76,26,0,0)	(140,68,2,0)	(108,12,0)	(44,1)	(694,151,78,31,18,12,11,3,6,3,3)	no	(0-5,1-2,6-9,7-8)(2-8,3-7,4-9,5-6)(1-6,3-9,4-8,5-7)	-
1914	4500	10	(12,3,1)	-	5	(24,76,26,0,0)	(140,68,2,0)	(108,12,0)	(44,1)	(699,146,77,27,20,18,6,8,3,2,4)	no	(0-5,1-6,2-9,3-4,7-8)(3-8,5-6,7-9)(1-8,2-6,4-9,5-7)	-
1915	24352	10	(12,3,1)	-	5	(24,78,24,0,0)	(146,63,1,0)	(113,7,0)	(45,0)	(685,173,64,25,18,10,11,12,6,4,5)	no	(0-9,1-7,2-6,3-8)(0-1,2-9,3-7,4-6,5-8)(4-7,5-6,8-9)	-
1916	7976	10	(12,3,1)	-	5	(28,60,36,2,0)	(136,64,10,0)	(107,12,1)	(44,1)	(712,135,73,29,17,14,6,10,7,2,5)	no	(0-1,3-9,5-6,7-8)(1-5,2-9,4-8,6-7)(2-5,3-4,6-8,7-9)	-
1917	4164	10	(12,4,1)	-	5	(28,62,34,2,0)	(138,63,9,0)	(108,11,1)	(44,1)	(723,118,74,40,14,8,10,5,10,6,2)	no	(1-9,2-7,3-8,4-6)(0-1,2-9,5-6,7-8)(3-9,4-7,5-8)(6-9)	-
1918	4076	10	(12,3,2)	-	5	(28,64,31,3,0)	(140,60,10,0)	(108,11,1)	(44,1)	(716,130,69,37,12,12,15,7,3,6,4)	no	(0-5,2-3,6-8,7-9)(1-7,3-8,4-9,5-6)(1-6,2-4,5-7,8-9)	-
1919	4152	10	(12,3,2)	-	5	(28,66,29,3,0)	(142,59,9,0)	(109,10,1)	(44,1)	(722,123,67,40,21,9,7,2,6,4,5)	no	(1-5,2-3,6-9,7-8)(0-1,4-8,5-6,7-9)(2-4,3-6,5-7,8-9)	-
1920	2178	10	(12,4,1)	-	5	(28,66,30,2,0)	(138,65,7,0)	(106,14,0)	(44,1)	(699,141,77,37,30,4,2,6,2,8,6)	no	(1-3,2-6,4-9,7-8)(0-7,2-4,3-8,5-9)(1-5,6-8,7-9)(8-9)	-
1921	4246	10	(12,3,2)	-	5	(28,66,30,2,0)	(140,64,6,0)	(108,12,0)	(44,1)	(721,125,67,39,12,12,12,14,5,0,3)	no	(1-3,4-9,5-6,7-8)(1-2,3-8,5-7,6-9)(0-5,2-4,6-7,8-9)	-
1922	4184	10	(12,4,1)	-	5	(28,66,30,2,0)	(142,59,9,0)	(108,11,1)	(44,1)	(703,142,82,22,17,10,13,8,6,6,3)	no	(1-9,2-6,3-5,7-8)(0-1,4-7,5-8,6-9)(2-4,3-6,7-9)(8-9)	-
1923	8112	10	(12,3,1)	-	5	(28,66,30,2,0)	(142,59,9,0)	(108,11,1)	(44,1)	(706,138,81,26,14,11,13,4,12,6,0)	no	(1-5,2-3,6-9,7-8)(0-1,4-7,5-6,8-9)(2-6,3-8,4-9,5-7)	-
1924	4188	10	(12,3,1)	-	5	(28,66,30,2,0)	(142,59,9,0)	(108,11,1)	(44,1)	(706,140,72,31,22,7,10,9,4,9,2)	no	(1-5,3-4,6-8,7-9)(0-1,2-9,5-6,7-8)(2-6,3-9,4-8,5-7)	-
1925	4352	10	(12,3,2)	-	5	(28,66,31,1,0)	(136,70,4,0)	(107,13,0)	(44,1)	(698,146,84,22,21,12,10,3,6,4,7)	yes	(0-5,1-7,4-9,6-8)(1-2,3-9,5-6,7-8)(2-4,3-6,5-7,8-9)	-
1926	2274	10	(12,3,1)	-	5	(28,66,32,0,0)	(138,69,3,0)	(108,12,0)	(44,1)	(709,129,83,35,13,16,11,4,8,0,0)	no	(0-5,1-6,2-7,8-9)(1-8,3-9,4-7,5-6)(2-9,3-6,4-8,5-7)	-
1927	8404	10	(12,3,1)	-	5	(28,68,28,2,0)	(138,67,5,0)	(107,13,0)	(44,1)	(705,139,80,27,16,16,7,9,3,5,5)	no	(0-5,1-2,6-9,7-8)(1-7,3-8,4-9,5-6)(2-4,3-6,5-7,8-9)	-
1928	4396	10	(12,3,1)	-	5	(28,68,30,0,0)	(138,69,3,0)	(107,13,0)	(44,1)	(693,155,75,27,21,15,7,4,3,6,6)	no	(0-5,3-9,4-6,7-8)(1-3,2-7,5-6,8-9)(1-6,2-9,4-8,5-7)	-
1929	8328	10	(12,4,1)	(3,13,1)	5	(28,70,25,3,0)	(140,64,6,0)	(107,13,0)	(44,1)	(708,130,79,39,16,15,6,2,6,7,3)	no	(0-7,1-9,2-4,6-8)(1-3,2-9,5-6,7-8)(3-8,4-5,6-9)(7-9)	(0-7,1-9,2-3,4-5,6-8)(0-9,1-3,2-8,4-6,5-7)(4-9,5-8,6-7)
1930	11836	10	(12,4,1)	-	5	(28,70,26,2,0)	(146,59,5,0)	(112,8,0)	(45,0)	(688,162,69,34,14,8,9,12,11,1,4)	no	(0-9,1-6,3-7,4-8)(0-8,1-9,2-4,5-7)(2-9,3-8,5-6)(7-9)	-
1931	8524	10	(12,4,1)	-	5	(28,70,27,1,0)	(140,66,4,0)	(107,13,0)	(44,1)	(691,154,82,23,21,14,8,4,6,4,3)	no	(0-9,1-3,2-6,4-5,7-8)(1-2,3-7,4-8,6-9)(5-6,7-9)(8-9)	-
1932	4244	10	(12,3,1)	-	5	(28,70,27,1,0)	(146,57,7,0)	(109,10,1)	(44,1)	(706,138,77,30,14,16,9,7,6,4,6)	no	(1-5,6-9,7-8)(0-1,2-8,3-7,4-9,5-6)(2-6,3-9,4-8,5-7)	-
1933	4476	10	(12,3,1)	-	5	(28,70,28,0,0)	(142,65,3,0)	(108,12,0)	(44,1)	(695,150,77,30,22,12,6,4,7,6,2)	no	(0-5,1-6,4-9,7-8)(2-4,3-8,5-6,7-9)(1-3,2-6,5-7,8-9)	-
1934	4396	10	(12,3,1)	-	5	(28,70,28,0,0)	(144,62,4,0)	(108,12,0)	(44,1)	(702,145,69,36,17,17,6,8,2,6,4)	no	(0-5,2-7,3-9,6-8)(1-3,4-9,5-6,7-8)(1-6,2-4,5-7,8-9)	-
1935	8404	10	(12,3,1)	-	5	(28,72,23,3,0)	(142,63,5,0)	(108,12,0)	(44,1)	(715,124,78,36,14,21,6,1,13,1,0)	no	(1-4,2-9,5-6,7-8)(1-2,3-6,5-7,8-9)(0-5,3-9,4-8,6-7)	-
1936	8404	10	(12,4,1)	-	5	(28,72,24,2,0)	(142,63,5,0)	(107,13,0)	(44,1)	(698,142,81,41,7,17,6,3,9,3,0)	no	(1-9,3-6,4-5,7-8)(0-8,1-2,5-7,6-9)(2-3,4-6,7-9)(8-9)	-
1937	8696	10	(12,3,1)	-	5	(28,72,25,1,0)	(142,65,3,0)	(108,12,0)	(44,1)	(696,156,71,20,27,17,6,3,6,5,5)	no	(0-5,1-4,2-6,3-9,7-8)(1-2,4-8,5-6,7-9)(3-6,5-7,8-9)	-
1938	24144	10	(12,3,3)	-	5	(28,74,23,1,0)	(150,57,3,0)	(113,7,0)	(45,0)	(676,181,65,28,20,10,6,10,6,7,4)	no	(0-2,1-8,3-4,5-7,6-9)(0-1,2-6,3-8,7-9)(4-7,5-6,8-9)	-
1939	8744	10	(12,3,1)	-	5	(28,74,24,0,0)	(144,64,2,0)	(108,12,0)	(44,1)	(688,158,81,28,16,16,6,3,4,5,7)	no	(0-5,1-2,3-9,4-6,7-8)(1-7,5-6,8-9)(2-9,3-6,4-8,5-7)	-
1940	4378	10	(12,3,1)	-	5	(28,74,24,0,0)	(146,61,3,0)	(108,12,0)	(44,1)	(681,169,77,29,14,18,6,4,4,4,3)	no	(0-5,1-3,2-4,6-9,7-8)(2-7,3-8,4-9,5-6)(1-6,5-7,8-9)	-
1941	6398	10	(12,3,1)	-	5	(28,74,24,0,0)	(150,59,1,0)	(114,6,0)	(45,0)	(687,173,49,48,10,6,18,4,10,6,0)	no	(0-7,1-6,2-8,3-9)(0-1,2-6,3-7,4-9,5-8)(4-6,5-7,8-9)	-
1942	6270	10	(12,3,1)	-	5	(28,76,21,1,0)	(152,56,2,0)	(114,6,0)	(45,0)	(686,162,72,33,20,5,8,9,8,8,1)	no	(1-7,2-8,3-9,4-6)(0-1,3-6,5-8,7-9)(0-2,4-7,5-6,8-9)	-
1943	12050	10	(12,3,1)	-	5	(30,73,21,2,0)	(152,54,4,0)	(113,7,0)	(45,0)	(677,181,62,33,14,11,9,8,9,6,2)	no	(0-3,1-9,4-6,7-8)(0-4,2-7,5-8,6-9)(1-2,3-7,5-6,8-9)	-
1944	12354	10	(12,3,1)	-	5	(30,77,18,1,0)	(156,52,2,0)	(114,6,0)	(45,0)	(673,186,62,31,17,12,8,3,13,4,4)	no	(0-2,1-8,3-6,7-9)(0-1,2-9,3-7,4-8,5-6)(4-7,5-9,6-8)	-
1945	1224	10	(12,4,1)	-	5	(32,56,34,4,0)	(140,58,12,0)	(108,11,1)	(44,1)	(744,98,56,60,8,0,28,1,2,8,4)	no	(0-2,1-9,3-7,6-8)(1-5,2-9,4-8,6-7)(3-9,5-6,7-8)(4-9)	-
1946	2504	10	(12,3,1)	-	5	(32,58,34,2,0)	(142,59,9,0)	(109,10,1)	(44,1)	(734,108,65,52,20,1,6,0,11,4,3)	no	(0-1,2-9,5-6,7-8)(1-5,3-9,4-8,6-7)(2-5,3-7,4-9,6-8)	-
1947	4072	10	(12,4,1)	-	5	(32,58,35,1,0)	(142,59,9,0)	(108,11,1)	(44,1)	(717,121,78,34,22,8,9,7,5,5,5)	no	(0-2,1-9,3-8,6-7)(1-8,2-9,4-7,5-6)(3-5,4-8,6-9)(7-9)	-
1948	1248	10	(12,4,1)	-	5	(32,60,32,2,0)	(144,56,10,0)	(108,11,1)	(44,1)	(712,130,76,26,26,10,13,5,7,0,4)	no	(0-5,1-9,2-4,3-8,6-7)(1-3,2-9,5-7,6-8)(4-8,6-9)(7-9)	-
1949	1260	10	(12,4,1)	-	5	(32,60,32,2,0)	(144,56,10,0)	(108,11,1)	(44,1)	(726,112,77,34,21,7,7,11,8,5,4)	no	(1-9,2-3,4-8,6-7)(0-1,2-9,3-8,4-6,5-7)(5-8,6-9)(7-9)	-
1950	2528	10	(12,3,1)	-	5	(32,62,30,2,0)	(146,55,9,0)	(109,10,1)	(44,1)	(719,122,77,38,11,10,9,13,3,4,4)	no	(1-5,2-7,4-6,8-9)(0-1,2-5,3-6,4-9,7-8)(3-8,5-6,7-9)	-
1951	2572	10	(12,3,1)	-	5	(32,62,31,1,0)	(142,63,5,0)	(108,12,0)	(44,1)	(725,110,83,31,20,11,8,9,6,7,1)	yes	(0-5,1-9,2-7,3-4,6-8)(3-9,5-6,7-8)(1-6,2-9,4-8,5-7)	-
1952	318	10	(12,4,1)	-	5	(32,64,24,6,0)	(140,60,10,0)	(106,14,0)	(44,1)	(726,102,105,9,34,8,7,5,5,0,12)	no	(2-9,3-5,4-6,7-8)(0-7,1-8,3-9)(1-2,4-9,5-8)(6-8,7-9)	-
1953	1328	10	(12,3,1)	-	5	(32,64,28,2,0)	(144,60,6,0)	(108,12,0)	(44,1)	(715,125,77,33,12,28,8,4,6,0,1)	no	(1-8,2-4,5-6,7-9)(3-9,5-7,6-8)(0-5,1-3,2-8,4-9,6-7)	-
1954	1866	10	(12,4,1)	-	5	(32,64,28,2,0)	(148,56,6,0)	(112,8,0)	(45,0)	(700,138,85,27,16,8,12,8,10,8,0)	no	(0-9,1-6,2-4,3-5,7-8)(0-7,1-9,4-8)(2-9,5-8,6-7)(3-9)	-
1955	8280	10	(12,3,1)	-	5	(32,64,29,1,0)	(148,54,8,0)	(109,10,1)	(44,1)	(705,133,86,29,15,13,5,10,8,7,1)	no	(1-5,2-6,3-9,7-8)(0-1,2-3,4-8,5-6,7-9)(4-6,5-7,8-9)	-
1956	2592	10	(12,4,1)	-	5	(32,66,26,2,0)	(142,63,5,0)	(107,13,0)	(44,1)	(710,125,86,35,10,19,8,4,9,0,1)	no	(1-9,2-5,3-8,6-7)(0-6,2-9,3-7,4-8)(1-4,5-8,6-9)(7-9)	-
1957	4402	10	(12,3,1)	-	5	(32,68,26,0,0)	(144,64,2,0)	(108,12,0)	(44,1)	(691,147,89,29,17,16,2,6,4,4,7)	no	(0-5,3-4,6-8,7-9)(1-7,2-9,3-8,5-6)(1-8,2-6,4-9,5-7)	-
1958	12688	10	(12,3,1)	-	5	(32,72,22,0,0)	(156,52,2,0)	(114,6,0)	(45,0)	(678,168,78,27,23,7,4,12,9,4,1)	no	(0-9,2-7,3-8,4-6)(1-6,2-3,5-8,7-9)(0-1,4-7,5-6,8-9)	-
1959	23860	10	(12,3,1)	-	5	(34,67,23,2,0)	(154,51,5,0)	(113,7,0)	(45,0)	(680,170,67,39,14,10,7,7,12,3,3)	no	(0-5,1-4,2-3,6-9,7-8)(0-1,2-6,4-8,7-9)(3-7,5-6,8-9)	-
1960	12194	10	(12,3,1)	-	5	(34,69,21,2,0)	(156,50,4,0)	(114,6,0)	(45,0)	(688,162,63,41,16,10,4,12,11,3,2)	no	(0-2,1-3,6-9,7-8)(1-5,2-6,4-8,7-9)(0-4,3-6,5-7,8-9)	-
1961	12398	10	(12,3,1)	-	5	(34,69,23,0,0)	(156,52,2,0)	(114,6,0)	(45,0)	(671,186,66,31,16,10,8,7,7,8,3)	no	(0-6,1-3,4-9,7-8)(1-6,2-7,4-8,5-9)(0-2,3-8,5-7,6-9)	-
1962	24388	10	(12,3,1)	-	5	(34,71,20,1,0)	(158,49,3,0)	(114,6,0)	(45,0)	(673,182,66,34,14,11,4,13,7,8,1)	no	(0-1,2-4,3-9,5-6,7-8)(0-3,1-7,4-8,6-9)(2-6,5-7,8-9)	-
1963	546	10	(12,3,1)	-	5	(36,56,33,0,1)	(152,48,10,0)	(112,8,0)	(45,0)	(699,145,88,6,30,8,0,24,8,0,4)	yes	(0-3,1-4,2-6,5-8,7-9)(0-2,1-5,6-7,8-9)(3-9,4-7,6-8)	-
1964	2204	10	(12,3,1)	-	5	(36,60,30,0,0)	(150,57,3,0)	(113,7,0)	(45,0)	(669,205,39,42,9,15,6,7,12,9,0)	yes	(0-6,2-7,3-8,4-9)(0-2,1-3,4-6,5-8,7-9)(1-6,5-7,8-9)	-
1965	7368	10	(12,4,1)	-	5	(36,64,24,2,0)	(154,51,5,0)	(113,7,0)	(45,0)	(688,158,77,22,27,9,7,9,4,8,2)	no	(0-9,1-3,2-4,5-6,7-8)(0-6,1-9,3-8,5-7)(2-9,4-8)(7-9)	-
1966	7460	10	(12,3,1)	-	5	(36,66,22,2,0)	(156,50,4,0)	(114,6,0)	(45,0)	(695,162,56,36,17,11,6,13,12,1,3)	no	(0-3,2-9,4-6,7-8)(0-1,3-6,5-8,7-9)(1-2,4-7,5-6,8-9)	-
1967	12292	10	(12,3,1)	-	5	(36,66,24,0,0)	(156,52,2,0)	(114,6,0)	(45,0)	(677,181,58,35,20,7,8,10,11,3,3)	no	(0-8,1-2,3-7,4-9,5-6)(0-3,1-8,4-6,7-9)(2-6,5-7,8-9)	-
1968	4438	10	(12,3,1)	-	5	(36,66,24,0,0)	(158,49,3,0)	(114,6,0)	(45,0)	(671,183,76,21,18,8,9,9,12,3,3)	no	(0-3,1-6,5-9,7-8)(0-6,2-5,4-8,7-9)(1-4,2-6,3-7,8-9)	-
1969	24464	10	(12,3,1)	-	5	(36,68,21,1,0)	(158,49,3,0)	(114,6,0)	(45,0)	(677,177,63,38,15,8,7,12,11,2,2)	no	(0-1,3-9,5-6,7-8)(1-6,2-8,3-4,7-9)(0-2,4-6,5-7,8-9)	-
1970	6248	10	(12,3,1)	-	5	(38,63,25,0,0)	(156,52,2,0)	(114,6,0)	(45,0)	(671,183,68,34,16,8,4,11,12,2,4)	yes	(0-6,1-7,3-8,4-9)(0-3,1-2,4-6,5-7,8-9)(2-9,5-8,6-7)	-
1971	191	10	(12,4,1)	-	5	(40,56,24,6,0)	(152,48,10,0)	(112,8,0)	(45,0)	(743,101,66,14,48,0,4,12,24,0,0)	yes	(0-8,1-9,2-5,3-6,4-7)(0-1,2-9,5-8)(3-9,6-8)(4-9,7-8)	-
1972	1232	10	(12,3,1)	-	5<6	(24,68,28,6,0)	(132,68,9,1)	(106,13,1)	(44,1)	(710,138,67,39,13,9,13,6,4,9,4)	no	(0-1,4-8,5-6,7-9)(2-5,3-4,6-7,8-9)(1-5,2-9,3-7,6-8)	-
1973	546	10	(12,4,1)	-	5<6	(24,76,20,5,1)	(144,56,9,1)	(110,10,0)	(45,0)	(704,141,62,48,11,8,8,20,4,1,0)	no	(0-9,1-6,2-3,7-8)(0-5,1-9,3-7,4-8)(2-4,5-6,7-9)(8-9)	-
1974	523	10	(12,3,1)	-	5<6	(24,80,18,4,0)	(148,56,6,0)	(112,8,0)	(45,0)	(687,163,54,64,6,3,2,12,12,10,0)	no	(0-6,1-7,2-9,4-8)(0-3,1-2,4-6,5-7,8-9)(3-8,5-9,6-7)	-
1975	3794	10	(12,3,1)	-	5<6	(28,78,14,6,0)	(148,58,3,1)	(112,8,0)	(45,0)	(679,174,65,37,16,7,5,11,8,11,0)	no	(0-4,2-6,5-9,7-8)(0-1,2-3,6-8,7-9)(1-5,3-7,4-8,6-9)	-
1976	6022	10	(12,3,1)	-	5<6	(28,78,17,3,0)	(154,51,5,0)	(113,7,0)	(45,0)	(682,167,64,48,10,9,3,11,10,7,2)	no	(0-3,1-6,4-8,7-9)(0-4,1-2,3-9,5-7,6-8)(2-7,5-6,8-9)	-
1977	6124	10	(12,3,1)	-	5<6	(30,77,16,3,0)	(156,50,4,0)	(114,6,0)	(45,0)	(685,171,56,42,14,8,12,10,8,2,4)	no	(0-5,1-3,2-6,4-8,7-9)(0-2,1-4,6-7,8-9)(3-9,5-7,6-8)	-
1978	12238	10	(12,3,1)	-	5<6	(34,71,20,1,0)	(158,49,3,0)	(114,6,0)	(45,0)	(669,189,64,34,13,12,5,6,12,9,0)	no	(0-6,2-4,5-8,7-9)(1-7,3-5,4-9,6-8)(0-1,2-6,3-7,8-9)	-
1979	2112	10	(12,3,1)	-	5<6	(36,66,24,0,0)	(158,49,3,0)	(114,6,0)	(45,0)	(678,173,66,35,19,12,6,3,12,9,0)	no	(1-8,3-7,4-5,6-9)(0-6,2-3,4-8,7-9)(0-1,2-6,5-7,8-9)	-
1980	37	10	(13,5,1)	-	3	(0,0,120,6,0)	(0,188,22,0)	(76,44,0)	(42,3)	(796,100,42,12,0,0,0,0,48,12,0)	yes	(0-8,4-7,6-9)(2-8,5-9,6-7)(2-9,3-8,5-7)(1-9,4-8)(3-9,6-8)	-
1981	9	10	(13,7,1)	-	3<4	(0,0,100,25,1)	(0,150,55,5)	(60,50,10)	(35,10)	(752,166,0,80,0,0,15,0,0,0,0)	no	(0-9,4-5,6-7)(1-9,4-7,5-8)(2-9,6-8)(3-9,7-8)(4-9)(5-9)(6-9)	-
1982	63	10	(13,6,3)	-	4	(0,24,92,10,0)	(32,146,31,1)	(72,44,4)	(38,7)	(724,176,48,15,28,0,0,0,16,0,0)	no	(0-9,4-5,6-8)(1-9,4-6,7-8)(2-9,3-8,5-7)(4-9,6-7)(5-9)(8-9)	-
1983	39	10	(13,5,3)	-	4	(0,36,84,6,0)	(36,150,24,0)	(76,42,2)	(39,6)	(788,142,9,16,24,0,0,0,0,32,0)	no	(0-8,4-5,6-9)(1-8,4-6,7-9)(2-9,4-8,5-7)(3-9,5-8,6-7)(8-9)	-
1984	170	10	(13,5,2)	-	4	(0,36,84,6,0)	(44,146,20,0)	(82,37,1)	(41,4)	(734,156,40,14,28,12,0,0,15,4,4)	no	(0-9,4-8,5-6)(1-9,3-8,4-7)(3-9,5-7,6-8)(2-8,4-9,6-7)(5-9)	-
1985	46	10	(13,5,2)	-	4	(0,36,84,6,0)	(48,134,27,1)	(80,36,4)	(39,6)	(773,156,0,21,48,0,0,0,3,0,7)	no	(0-9,3-5,4-7,6-8)(1-9,3-6,4-8,5-7)(2-9,5-6,7-8)(3-9)(4-9)	-
1986	100	10	(13,5,1)	-	4	(0,40,80,6,0)	(48,144,18,0)	(84,36,0)	(42,3)	(756,156,14,12,36,0,0,0,12,20,0)	no	(0-9,2-8,6-7)(2-9,3-8,4-6,5-7)(1-8,3-9)(4-8,6-9)(5-8,7-9)	-
1987	108	10	(13,5,2)	-	4	(0,48,76,2,0)	(56,140,14,0)	(82,37,1)	(40,5)	(760,121,44,0,58,0,0,0,20,6,4)	no	(0-9,4-8,5-7)(1-9,5-8,6-7)(3-7,4-9,6-8)(2-8,4-6,5-9)(7-9)	-
1988	292	10	(13,4,1)	-	4	(0,56,69,1,0)	(64,138,8,0)	(89,31,0)	(42,3)	(749,114,60,0,54,4,4,0,19,5,0)	no	(0-9,2-8,3-7,5-6)(4-9,5-7,6-8)(3-8,4-7,5-9)(1-7,4-8,6-9)	-
1989	198	10	(13,4,2)	-	4	(0,60,63,3,0)	(68,126,16,0)	(81,38,1)	(40,5)	(763,92,76,20,31,4,2,0,12,4,0)	no	(4-7,5-9,6-8)(2-4,3-5,6-7,8-9)(0-6,4-9,7-8)(1-6,5-8,7-9)	-
1990	216	10	(13,5,4)	-	4	(0,60,64,2,0)	(68,128,14,0)	(82,37,1)	(40,5)	(748,117,78,0,42,4,0,0,12,3,4)	no	(0-9,4-5,7-8)(1-9,4-8,6-7)(2-8,3-7,4-9,5-6)(5-9,6-8)(7-9)	-
1991	444	10	(13,4,2)	-	4	(0,60,66,0,0)	(72,132,6,0)	(94,26,0)	(43,2)	(729,107,98,0,37,16,12,0,5,1,0)	no	(1-9,2-8,6-7)(1-6,2-9,3-8,4-7)(3-9,5-7,6-8)(0-7,4-9,5-8)	-
1992	24	10	(13,5,1)	-	4	(0,64,52,10,0)	(64,128,16,2)	(80,40,0)	(40,5)	(856,46,24,0,40,6,0,0,32,4,0)	no	(0-8,4-9,5-7)(4-8,5-9,6-7)(2-7,3-4,5-8,6-9)(1-9,6-8)(8-9)	-
1993	42	10	(13,5,1)	(4,15,2)	4	(0,64,52,10,0)	(64,128,18,0)	(80,40,0)	(40,5)	(818,56,32,0,76,0,0,0,18,6,0)	no	(0-9,3-4,5-7,6-8)(4-9,5-8,6-7)(2-7,4-8,5-9)(1-8,6-9)(7-9)	(0-8,2-6,4-9,5-7)(1-9,2-8,3-6,4-7)(2-7,3-8,4-6,5-9)(3-7,5-6,8-9)
1994	103	10	(13,5,1)	(4,15,1)	4	(0,64,56,6,0)	(64,134,12,0)	(84,36,0)	(41,4)	(778,108,0,0,96,12,0,0,9,4,0)	no	(0-9,3-4,5-7,6-8)(3-9,5-8,6-7)(2-7,4-8,5-9)(1-8,6-9)(7-9)	(2-8,3-9,4-5,6-7)(2-3,4-6,5-8,7-9)(0-8,1-9,4-7,5-6)(4-8,5-7,6-9)
1995	333	10	(13,5,1)	-	4	(0,64,58,4,0)	(80,120,10,0)	(98,22,0)	(44,1)	(760,100,52,4,54,4,2,8,12,8,8)	no	(0-9,2-5,4-7,6-8)(1-9,3-8,6-7)(1-7,2-9,4-8)(3-9,5-8)(6-9)	-
1996	370	10	(13,4,1)	-	4	(0,64,61,1,0)	(80,124,6,0)	(99,21,0)	(44,1)	(746,110,60,0,53,9,12,0,6,6,6)	no	(1-8,5-9,6-7)(1-2,3-8,4-7,6-9)(2-9,3-7,5-8)(0-7,4-9,6-8)	-
1997	324	10	(13,4,2)	-	4	(0,66,57,3,0)	(78,119,13,0)	(88,31,1)	(41,4)	(737,118,83,12,16,20,5,4,12,0,6)	no	(3-8,4-9,5-7)(0-9,3-5,4-8,6-7)(2-7,3-9,4-6,5-8)(1-9,6-8)	-
1998	340	10	(13,4,3)	-	4	(0,66,57,3,0)	(78,121,11,0)	(90,29,1)	(41,4)	(742,148,40,8,42,0,12,0,8,2,0)	no	(0-9,3-8,4-7,5-6)(1-9,3-6,4-8,5-7)(3-9,5-8,6-7)(2-8,4-9)	-
1999	340	10	(13,5,3)	-	4	(0,66,59,1,0)	(78,119,13,0)	(90,29,1)	(41,4)	(797,116,26,10,27,0,0,20,1,2,2)	no	(0-9,3-4,5-8,6-7)(1-9,3-6,4-8,5-7)(2-6,3-9,7-8)(4-9)(5-9)	-
2000	340	10	(13,5,1)	-	4	(0,66,59,1,0)	(78,121,11,0)	(88,31,1)	(41,4)	(727,126,71,20,45,4,6,0,3,4,8)	no	(0-9,3-7,4-8,5-6)(1-9,3-6,4-7,5-8)(4-9,7-8)(2-8,5-9)(6-9)	-
2001	340	10	(13,5,2)	-	4	(0,66,59,1,0)	(78,121,11,0)	(88,31,1)	(41,4)	(733,130,59,20,47,0,4,0,7,6,6)	no	(0-9,3-6,4-7,5-8)(1-9,3-4,5-7,6-8)(2-8,4-9,6-7)(5-9)(8-9)	-
2002	1578	10	(13,5,7)	-	4	(0,66,59,1,0)	(80,120,10,0)	(92,27,1)	(42,3)	(692,193,39,21,40,6,2,4,4,8,1)	no	(0-9,3-6,4-7,5-8)(1-9,2-7,4-8,5-6)(2-9,3-7,6-8)(4-9)(5-9)	-
2003	584	10	(13,4,3)	-	4	(0,72,53,1,0)	(84,118,8,0)	(91,29,0)	(42,3)	(738,108,100,4,25,6,6,0,12,1,7)	no	(0-9,3-8,4-6,5-7)(3-7,4-9,6-8)(2-8,4-5,7-9)(1-7,5-6,8-9)	-
2004	3092	10	(13,4,5)	-	4	(0,74,51,1,0)	(88,116,6,0)	(96,24,0)	(43,2)	(712,152,73,10,20,11,10,9,4,3,4)	no	(0-9,3-8,4-5,6-7)(2-9,4-7,5-8)(2-7,3-9,6-8)(1-8,4-9,5-6)	-
2005	103	10	(13,5,1)	(4,17,1)	4	(0,76,48,2,0)	(84,118,8,0)	(88,32,0)	(41,4)	(793,49,78,8,48,4,8,0,18,2,0)	no	(0-9,4-6,7-8)(1-6,2-7,4-9,5-8)(3-8,4-7,5-9)(5-6,7-9)(8-9)	(2-3,4-8,5-9,6-7)(2-4,3-8,5-7,6-9)(0-8,1-9,2-7,3-5,4-6)(2-8,3-6,4-5,7-9)
2006	542	10	(13,4,5)	-	4	(0,76,48,2,0)	(84,118,8,0)	(90,30,0)	(42,3)	(752,77,100,18,29,7,16,0,2,0,6)	no	(0-8,3-6,7-9)(2-8,3-9,4-6,5-7)(1-9,2-7,6-8)(4-7,5-6,8-9)	-
2007	484	10	(13,4,1)	-	4	(0,76,48,2,0)	(88,116,6,0)	(96,24,0)	(43,2)	(728,130,77,7,26,4,10,16,6,2,0)	no	(1-9,5-6,7-8)(1-8,2-9,3-6,5-7)(0-8,3-9,4-6)(2-8,4-7,5-9)	-
2008	476	10	(13,4,1)	-	4	(0,76,48,2,0)	(92,112,6,0)	(98,22,0)	(43,2)	(738,132,57,8,26,8,18,8,4,0,5)	no	(0-8,1-9,4-7,5-6)(1-8,2-9,3-6,5-7)(2-8,3-9,6-7)(4-9,5-8)	-
2009	820	10	(13,4,1)	-	4	(0,76,49,1,0)	(92,112,6,0)	(97,23,0)	(43,2)	(722,144,64,12,18,8,20,12,3,4,0)	no	(0-8,3-6,4-5,7-9)(2-8,3-7,4-6,5-9)(2-9,4-8,5-6)(1-9,7-8)	-
2010	112	10	(13,4,1)	-	4	(0,76,50,0,0)	(84,120,6,0)	(88,32,0)	(41,4)	(777,64,76,0,73,0,0,0,17,0,0)	no	(0-9,2-6,4-8,5-7)(4-6,5-8,7-9)(1-8,4-9,6-7)(3-7,5-9,6-8)	-
2011	596	10	(13,4,4)	-	4	(0,80,46,0,0)	(92,112,6,0)	(92,28,0)	(42,3)	(744,81,107,17,32,6,8,0,7,0,6)	no	(2-8,3-4,5-7,6-9)(3-7,5-9,6-8)(0-9,4-5,7-8)(1-7,4-6,8-9)	-
2012	3092	10	(13,4,6)	-	4	(0,82,44,0,0)	(96,110,4,0)	(97,23,0)	(43,2)	(714,123,102,14,23,11,6,3,4,0,6)	no	(0-9,2-7,4-8,5-6)(2-9,3-6,4-7,5-8)(3-9,5-7,6-8)(1-8,4-9)	-
2013	220	10	(13,4,2)	-	4	(0,84,34,8,0)	(84,116,9,1)	(86,34,0)	(41,4)	(795,50,71,6,57,6,5,0,15,0,2)	no	(2-8,3-6,4-9,5-7)(2-6,3-8,4-7,5-9)(1-7,4-8,6-9)(0-9,5-8)	-
2014	372	10	(13,4,1)	-	4	(0,84,36,6,0)	(84,116,10,0)	(86,34,0)	(41,4)	(783,56,76,6,64,0,12,0,7,0,3)	no	(0-4,3-7,5-9,6-8)(4-8,5-7,6-9)(1-9,3-4,5-8,6-7)(2-8,7-9)	-
2015	528	10	(13,4,2)	-	4	(0,84,39,3,0)	(92,112,6,0)	(93,27,0)	(42,3)	(755,92,66,18,47,7,4,2,13,4,0)	no	(0-9,2-7,4-8,5-6)(2-9,3-7,4-6,5-8)(3-6,4-9,7-8)(1-8,5-9)	-
2016	220	10	(13,4,2)	-	4	(0,84,39,3,0)	(100,100,10,0)	(95,24,1)	(42,3)	(727,132,76,12,39,0,4,0,10,0,0)	yes	(0-9,2-7,4-6,5-8)(1-9,3-7,4-5,6-8)(2-5,3-6,4-9,7-8)(8-9)	-
2017	460	10	(13,4,3)	-	4	(0,84,40,2,0)	(96,106,8,0)	(94,25,1)	(42,3)	(714,140,75,4,51,8,4,3,6,4,4)	no	(0-9,3-6,4-5,7-8)(1-9,2-8,4-6,5-7)(2-5,3-8,4-9,6-7)(8-9)	-
2018	596	10	(13,4,2)	-	4	(0,84,40,2,0)	(96,110,4,0)	(96,24,0)	(42,3)	(762,107,51,8,46,0,12,7,8,2,2)	no	(1-9,2-8,3-7,5-6)(0-7,3-9,4-5,6-8)(3-8,4-7,5-9)(4-8,6-9)	-
2019	548	10	(13,4,1)	-	4	(0,84,41,1,0)	(92,114,4,0)	(93,27,0)	(42,3)	(745,101,68,8,57,14,4,0,10,0,0)	no	(0-9,4-8,6-7)(3-7,5-9,6-8)(1-7,2-8,4-5,6-9)(3-4,5-8,7-9)	-
2020	584	10	(13,4,1)	-	4	(0,84,41,1,0)	(96,110,4,0)	(95,25,0)	(42,3)	(759,96,53,16,58,5,4,0,7,6,8)	no	(1-8,3-5,4-7,6-9)(4-8,5-9,6-7)(2-9,3-4,5-7,6-8)(0-7,8-9)	-
2021	1534	10	(13,4,4)	-	4	(0,84,41,1,0)	(98,107,5,0)	(97,23,0)	(43,2)	(713,125,97,11,27,10,12,6,3,1,2)	no	(1-8,2-9,3-7)(0-1,3-8,4-7,5-9)(0-2,4-8,5-7,6-9)(6-7,8-9)	-
2022	1594	10	(13,4,3)	-	4	(0,84,42,0,0)	(98,109,3,0)	(98,22,0)	(43,2)	(713,125,99,8,26,12,16,4,3,0,0)	no	(1-8,2-7,4-5,6-9)(2-9,3-8,4-7,5-6)(3-7,4-8,5-9)(0-9,6-8)	-
2023	188	10	(13,4,1)	-	4	(0,84,42,0,0)	(104,100,6,0)	(96,24,0)	(42,3)	(772,47,130,11,12,0,4,3,24,1,8)	no	(1-8,3-7,4-5,6-9)(0-7,3-8,4-9,5-6)(2-9,3-5,4-7,6-8)(8-9)	-
2024	234	10	(13,4,1)	-	4	(0,84,42,0,0)	(104,100,6,0)	(96,24,0)	(42,3)	(773,45,128,15,15,0,0,0,22,0,6)	no	(2-7,3-8,4-9,5-6)(1-6,3-9,4-8,5-7)(0-9,3-6,4-7,5-8)(8-9)	-
2025	920	10	(13,4,1)	-	4	(0,86,37,3,0)	(102,101,7,0)	(98,22,0)	(43,2)	(735,98,89,27,23,10,15,4,7,0,2)	no	(2-9,3-8,4-6,5-7)(1-7,2-6,4-8,5-9)(3-6,4-9,5-8)(0-9,7-8)	-
2026	1516	10	(13,4,3)	-	4	(0,86,39,1,0)	(102,103,5,0)	(98,22,0)	(43,2)	(730,101,93,24,28,8,11,6,2,1,7)	no	(2-8,3-5,4-9,6-7)(0-9,1-7,4-8,5-6)(2-9,4-5,6-8)(3-9,7-8)	-
2027	2168	10	(13,4,2)	-	4	(0,86,40,0,0)	(106,101,3,0)	(103,17,0)	(44,1)	(707,148,76,11,35,4,6,4,7,4,4)	no	(1-9,2-8,3-7,5-6)(0-8,2-9,4-6,5-7)(1-7,4-8,5-9)(3-8,6-9)	-
2028	174	10	(13,4,2)	-	4	(0,88,32,6,0)	(96,104,10,0)	(92,28,0)	(42,3)	(784,44,106,10,32,4,4,2,20,0,0)	no	(1-8,2-9,3-7,4-6)(3-9,4-8,5-6)(0-9,2-6,4-7,5-8)(5-7,8-9)	-
2029	192	10	(13,4,3)	-	4	(0,88,32,6,0)	(96,106,7,1)	(92,28,0)	(42,3)	(776,42,100,11,58,6,4,1,10,0,0)	no	(2-8,3-7,4-9,5-6)(1-6,2-7,4-8,5-9)(0-7,3-9,4-6,5-8)(8-9)	-
2030	542	10	(13,4,3)	-	4	(0,88,34,4,0)	(96,106,8,0)	(92,28,0)	(42,3)	(765,45,115,15,42,0,18,0,8,0,0)	no	(2-7,3-8,4-9,5-6)(1-7,2-6,4-8,5-9)(0-9,3-7,4-6,5-8)(8-9)	-
2031	1524	10	(13,4,10)	-	4	(0,88,36,2,0)	(102,103,5,0)	(98,22,0)	(43,2)	(722,131,70,18,27,18,2,14,4,1,2)	no	(0-8,1-9,3-6,5-7)(0-6,1-7,2-9,4-8)(2-6,3-9,4-7,5-8)(8-9)	-
2032	816	10	(13,4,3)	-	4	(0,88,38,0,0)	(102,105,3,0)	(98,22,0)	(43,2)	(716,131,80,20,21,18,4,12,2,1,4)	no	(0-8,2-7,4-6,5-9)(2-8,3-9,4-7,5-6)(1-9,3-6,4-8,5-7)(8-9)	-
2033	4464	10	(13,4,1)	-	4	(0,88,38,0,0)	(108,100,2,0)	(104,16,0)	(44,1)	(707,148,71,14,31,8,8,12,6,0,3)	no	(1-9,3-7,4-8,5-6)(1-7,2-9,3-6,5-8)(0-8,4-7,5-9)(2-8,6-9)	-
2034	220	10	(13,4,2)	-	4	(0,92,28,6,0)	(108,92,10,0)	(98,22,0)	(43,2)	(772,42,136,12,6,0,19,8,6,0,0)	yes	(0-9,1-6,3-8,4-7)(1-9,4-6,5-7)(2-9,4-8,5-6)(2-7,3-9,5-8)	-
2035	618	10	(13,4,1)	-	4	(0,92,31,3,0)	(108,98,4,0)	(103,17,0)	(44,1)	(760,52,120,7,27,4,20,0,10,0,14)	no	(1-5,2-7,3-8,6-9)(0-5,1-9,4-8,6-7)(2-9,4-7,5-8)(3-9,6-8)	-
2036	1188	10	(13,4,3)	-	4	(0,92,34,0,0)	(112,96,2,0)	(104,16,0)	(44,1)	(676,190,74,16,10,16,12,0,6,0,0)	yes	(0-9,3-6,4-5,7-8)(1-9,2-7,4-6,5-8)(1-5,2-9,3-7,6-8)(4-9)	-
2037	1148	10	(13,4,2)	-	4	(0,92,34,0,0)	(112,96,2,0)	(104,16,0)	(44,1)	(706,164,54,4,40,6,16,8,3,8,2)	no	(1-9,3-6,4-7,5-8)(1-7,2-9,4-8,5-6)(0-8,2-6,3-7,5-9)(8-9)	-
2038	924	10	(13,4,4)	-	4	(0,94,29,3,0)	(110,95,5,0)	(100,20,0)	(43,2)	(742,98,86,14,28,10,4,14,9,0,7)	yes	(0-9,1-6,4-7,5-8)(1-9,2-6,4-8,5-7)(2-7,3-8,4-9)(3-6,5-9)	-
2039	24	10	(13,4,1)	-	4	(0,96,12,18,0)	(80,120,6,4)	(80,40,0)	(40,5)	(858,44,0,0,68,13,0,0,24,0,0)	no	(0-6,3-5,4-9,7-8)(4-8,5-9,6-7)(2-4,6-8,7-9)(1-7,5-8,6-9)	-
2040	622	10	(13,4,1)	-	4	(0,96,27,3,0)	(120,86,4,0)	(109,11,0)	(45,0)	(736,94,99,5,24,6,18,12,12,4,0)	yes	(0-2,1-8,4-7,6-9)(0-1,2-9,3-8,6-7)(3-9,4-8,5-7)(5-9,6-8)	-
2041	2572	10	(13,4,5)	-	4	(0,98,26,2,0)	(118,89,3,0)	(105,15,0)	(44,1)	(718,105,115,9,19,19,9,2,9,0,2)	yes	(1-9,3-7,4-6,5-8)(0-5,2-9,4-7,6-8)(1-5,2-6,3-9,7-8)(8-9)	-
2042	2262	10	(13,4,1)	-	4	(0,102,24,0,0)	(128,82,0,0)	(111,9,0)	(45,0)	(698,143,99,0,16,25,9,3,11,3,0)	yes	(0-9,2-7,4-8,5-6)(0-8,1-9,3-6,5-7)(1-6,2-9,3-8,4-7)(5-9)	-
2043	24	10	(13,6,1)	-	4<5	(0,60,50,15,1)	(80,100,27,3)	(90,26,4)	(41,4)	(798,78,44,40,0,0,27,0,20,0,0)	no	(0-9,2-3,4-5,6-7)(1-9,4-7,5-8)(3-9,6-8)(4-9,7-8)(5-9)(6-9)	-
2044	24	10	(13,4,1)	-	4<5	(0,60,60,5,1)	(80,100,29,1)	(80,36,4)	(39,6)	(783,78,80,40,0,0,7,0,11,0,0)	no	(0-9,3-8,4-7,5-6)(1-9,3-6,4-8,5-7)(2-9,3-4,5-8,6-7)(8-9)	-
2045	170	10	(13,5,3)	-	4<5	(0,72,50,4,0)	(84,110,16,0)	(90,29,1)	(41,4)	(806,84,51,16,20,0,0,20,0,2,8)	no	(0-9,3-4,5-7,6-8)(1-9,2-6,3-7,4-8)(3-9,5-8,6-7)(4-9)(5-9)	-
2046	784	10	(13,5,3)	-	4<5	(0,72,50,4,0)	(88,108,14,0)	(92,27,1)	(42,3)	(697,182,50,17,34,8,0,4,10,9,2)	no	(0-9,2-6,3-7,5-8)(1-9,3-4,5-7,6-8)(2-9,4-8,6-7)(5-9)(8-9)	-
2047	168	10	(13,5,3)	-	4<5	(0,72,50,4,0)	(92,100,18,0)	(90,28,2)	(41,4)	(768,86,87,8,13,24,4,0,8,8,3)	no	(0-9,2-3,4-5,6-8)(1-9,4-6,7-8)(3-8,4-9,5-7)(5-9,6-7)(8-9)	-
2048	494	10	(13,5,2)	-	4<5	(0,72,50,4,0)	(92,104,14,0)	(94,25,1)	(42,3)	(724,148,56,20,27,7,0,3,16,8,0)	no	(0-9,2-3,4-5,6-7)(1-9,3-6,4-7,5-8)(2-9,6-8)(4-9,7-8)(5-9)	-
2049	170	10	(13,4,3)	-	4<5	(0,78,43,5,0)	(86,113,11,0)	(90,29,1)	(41,4)	(749,116,72,8,49,0,0,0,4,0,0)	no	(0-9,3-5,4-7,6-8)(1-9,3-7,4-6,5-8)(3-9,5-6,7-8)(2-8,4-9)	-
2050	320	10	(13,4,3)	-	4<5	(0,78,45,3,0)	(90,107,13,0)	(88,31,1)	(41,4)	(728,146,53,22,27,12,0,4,10,2,9)	no	(0-6,3-7,4-8,5-9)(1-8,3-4,5-7,6-9)(2-8,4-5,7-9)(6-7,8-9)	-
2051	1096	10	(13,4,2)	-	4<5	(0,78,46,2,0)	(90,109,11,0)	(89,30,1)	(41,4)	(724,152,57,14,35,5,1,4,4,7,5)	no	(4-8,5-6,7-9)(0-9,3-4,5-8,6-7)(1-9,2-6,4-5,7-8)(3-7,8-9)	-
2052	1536	10	(13,4,3)	-	4<5	(0,78,46,2,0)	(94,105,11,0)	(93,26,1)	(42,3)	(706,160,75,14,20,11,5,0,6,2,11)	no	(0-9,2-8,3-6,4-5)(1-9,3-7,4-6,5-8)(2-9,5-7,6-8)(4-9,7-8)	-
2053	494	10	(13,4,2)	-	4<5	(0,78,46,2,0)	(98,101,11,0)	(95,24,1)	(42,3)	(730,128,85,16,18,4,0,3,14,0,2)	no	(0-9,3-4,5-8,6-7)(1-9,3-5,4-7,6-8)(2-9,4-8,5-6)(2-7,3-9)	-
2054	1610	10	(13,5,1)	-	4<5	(0,78,47,1,0)	(96,104,10,0)	(94,25,1)	(42,3)	(700,177,61,18,18,9,6,0,8,11,1)	no	(0-9,2-7,4-5,6-8)(1-9,3-4,5-8,6-7)(2-9,3-6,7-8)(4-9)(5-9)	-
2055	1594	10	(13,4,6)	-	4<5	(0,84,40,2,0)	(98,105,7,0)	(96,23,1)	(42,3)	(704,186,31,30,26,11,4,0,7,4,4)	no	(0-9,2-4,3-7,5-8)(1-9,2-7,4-5,6-8)(3-6,4-9,7-8)(5-6,8-9)	-
2056	768	10	(13,4,1)	-	4<5	(0,84,40,2,0)	(100,102,8,0)	(96,23,1)	(42,3)	(715,156,59,22,27,3,7,0,12,4,4)	no	(2-7,3-8,4-9,5-6)(2-3,4-8,5-9,6-7)(0-9,4-7,5-8)(1-9,6-8)	-
2057	1578	10	(13,4,4)	-	4<5	(0,84,41,1,0)	(98,105,7,0)	(95,24,1)	(42,3)	(692,194,35,24,39,6,0,4,8,8,2)	no	(4-8,5-9,6-7)(2-6,3-7,4-9,5-8)(0-9,2-4,3-5,6-8)(1-9,7-8)	-
2058	1568	10	(13,4,1)	-	4<5	(0,84,41,1,0)	(100,102,8,0)	(95,24,1)	(42,3)	(691,186,52,14,36,14,2,4,8,2,1)	no	(2-6,3-7,4-8,5-9)(0-9,2-3,4-6,5-8)(4-9,5-7,6-8)(1-9,7-8)	-
2059	476	10	(13,5,1)	(4,15,3)	4<5	(0,84,41,1,0)	(100,102,8,0)	(95,24,1)	(42,3)	(702,172,62,4,43,4,0,4,7,8,6)	no	(0-9,2-7,4-6,5-8)(1-9,3-5,4-7,6-8)(2-8,3-7,5-9)(6-9)(8-9)	(2-9,3-5,4-6,7-8)(0-9,2-3,5-8,6-7)(1-9,2-7,3-4,6-8)(4-8,5-7,6-9)
2060	1610	10	(13,4,1)	-	4<5	(0,84,41,1,0)	(102,101,7,0)	(97,22,1)	(42,3)	(709,172,44,26,23,12,7,0,7,8,0)	no	(0-9,3-5,4-6,7-8)(1-9,2-5,3-7,4-8)(2-6,3-9,5-7)(4-9,6-8)	-
2061	1626	10	(13,5,1)	-	4<5	(0,84,42,0,0)	(102,101,7,0)	(96,23,1)	(42,3)	(694,183,36,45,22,12,6,0,6,7,0)	no	(0-9,3-8,4-7,5-6)(1-9,2-5,3-6,4-8)(4-9,7-8)(2-7,5-9)(6-9)	-
2062	1628	10	(13,5,3)	-	4<5	(0,84,42,0,0)	(104,98,8,0)	(96,23,1)	(42,3)	(703,165,62,14,30,16,6,0,7,6,1)	no	(0-9,2-8,4-7,5-6)(1-9,3-6,4-8,5-7)(2-3,4-9,7-8)(5-9)(6-9)	-
2063	814	10	(13,5,1)	-	4<5	(0,84,42,0,0)	(104,98,8,0)	(96,23,1)	(42,3)	(709,153,69,14,30,12,4,0,10,10,4)	no	(0-9,3-8,4-5,6-7)(1-9,2-3,4-7,5-8)(2-7,4-9,6-8)(5-9)(6-9)	-
2064	24	10	(13,5,1)	-	4<5	(0,90,25,10,1)	(90,105,13,2)	(90,29,1)	(41,4)	(821,88,0,40,42,0,8,0,0,0,0)	no	(0-9,1-6,3-4,5-7)(2-6,3-9,4-8)(3-7,4-9,5-8)(5-9,7-8)(6-9)	-
2065	66	10	(13,5,1)	-	4<5	(0,90,25,10,1)	(110,85,13,2)	(100,19,1)	(43,2)	(798,68,34,40,10,20,26,0,10,0,0)	no	(0-9,2-3,4-5,6-7)(1-3,2-9,4-7,5-8)(4-9,6-8)(5-9,7-8)(6-9)	-
2066	168	10	(13,4,3)	-	4<5	(0,90,29,7,0)	(98,101,10,1)	(90,29,1)	(41,4)	(754,112,60,8,50,8,0,0,10,0,8)	no	(0-9,1-7,3-4,5-8)(3-9,4-6,7-8)(2-7,3-5,4-9,6-8)(5-6,8-9)	-
2067	66	10	(13,4,1)	-	4<5	(0,90,30,5,1)	(110,85,14,1)	(95,24,1)	(42,3)	(783,77,70,35,1,11,7,0,10,0,0)	no	(0-8,2-9,3-4,5-6)(2-8,3-9,4-7)(1-8,3-6,4-9,5-7)(5-9,6-7)	-
2068	1536	10	(13,4,3)	-	4<5	(0,90,33,3,0)	(106,97,7,0)	(98,22,0)	(43,2)	(721,129,91,6,18,12,9,8,12,2,1)	no	(2-7,3-9,4-5,6-8)(2-4,3-8,5-9,6-7)(0-9,5-6,7-8)(1-8,7-9)	-
2069	494	10	(13,4,2)	-	4<5	(0,90,33,3,0)	(110,93,7,0)	(100,20,0)	(43,2)	(743,108,82,16,19,4,12,0,17,0,4)	no	(0-9,1-5,3-4,6-7)(2-9,3-7,4-8,5-6)(2-5,3-9,6-8)(4-9,7-8)	-
2070	784	10	(13,4,1)	-	4<5	(0,92,32,2,0)	(108,96,6,0)	(98,22,0)	(43,2)	(717,134,88,0,28,18,10,0,8,4,0)	no	(2-8,3-4,5-7,6-9)(0-9,5-8,6-7)(2-9,3-5,4-6,7-8)(1-8,7-9)	-
2071	476	10	(13,4,1)	-	4<5	(0,92,32,2,0)	(108,96,6,0)	(98,22,0)	(43,2)	(718,144,71,7,18,36,0,0,8,0,4)	no	(1-9,5-6,7-8)(1-8,2-9,3-5,4-6)(0-8,3-7,5-9)(2-8,4-7,6-9)	-
2072	1610	10	(13,4,1)	-	4<5	(0,92,33,1,0)	(110,95,5,0)	(99,21,0)	(43,2)	(712,150,73,7,22,20,8,0,12,4,2)	no	(0-8,3-7,4-6,5-9)(2-8,3-6,4-5,7-9)(2-9,4-8,5-7)(1-9,6-8)	-
2073	124	10	(13,4,2)	-	4<5	(0,96,24,6,0)	(108,92,9,1)	(98,21,1)	(42,3)	(809,93,9,48,33,3,0,0,0,0,4)	no	(0-9,2-3,4-7,5-6)(1-9,2-4,3-5,6-8)(2-9,3-6,4-8,5-7)(7-8)	-
2074	484	10	(13,4,1)	-	4<5	(0,96,27,3,0)	(108,94,8,0)	(95,24,1)	(42,3)	(714,140,88,12,23,4,8,0,11,0,10)	no	(2-7,3-5,4-6,8-9)(0-9,2-5,3-8,6-7)(1-9,4-5,7-8)(6-8,7-9)	-
2075	952	10	(13,4,1)	-	4<5	(0,96,27,3,0)	(112,90,8,0)	(97,22,1)	(42,3)	(723,152,41,40,28,2,6,0,6,0,2)	no	(0-9,3-6,4-8,5-7)(1-9,2-5,3-7,4-6)(2-6,3-9,7-8)(4-9,5-8)	-
2076	1594	10	(13,4,1)	-	4<5	(0,96,28,2,0)	(110,93,7,0)	(96,23,1)	(42,3)	(704,165,57,25,29,6,8,0,4,5,9)	no	(0-9,2-7,4-6,5-8)(1-9,3-6,4-5,7-8)(2-6,3-8,4-9,5-7)(8-9)	-
2077	952	10	(13,4,2)	-	4<5	(0,96,28,2,0)	(112,90,8,0)	(96,23,1)	(42,3)	(705,166,57,20,31,8,9,0,2,5,8)	no	(2-8,3-7,4-9,5-6)(0-9,3-8,4-5,6-7)(1-9,2-6,4-8,5-7)(8-9)	-
2078	168	10	(13,5,3)	-	5	(16,60,42,8,0)	(104,90,15,1)	(96,22,2)	(42,3)	(774,80,72,6,46,0,6,0,10,8,4)	no	(0-9,1-3,4-5,6-8)(3-9,4-6,7-8)(2-8,4-9,5-7)(5-9,6-7)(8-9)	-
2079	194	10	(13,4,2)	-	5	(16,60,46,4,0)	(100,96,14,0)	(88,32,0)	(41,4)	(780,64,96,0,37,0,12,0,14,0,0)	no	(4-8,5-7,6-9)(2-4,3-5,6-8,7-9)(4-6,5-9,7-8)(0-7,1-6,8-9)	-
2080	100	10	(13,4,2)	-	5	(16,60,46,4,0)	(104,96,10,0)	(96,24,0)	(42,3)	(804,56,30,35,60,0,0,3,18,0,0)	no	(1-8,3-4,5-6,7-9)(0-7,3-8,4-6,5-9)(2-9,3-5,4-8)(6-9,7-8)	-
2081	198	10	(13,4,1)	-	5	(16,60,48,2,0)	(100,98,12,0)	(88,32,0)	(41,4)	(803,49,68,8,40,4,26,0,8,2,0)	no	(2-6,4-9,7-8)(0-9,3-4,5-8,6-7)(4-5,6-8,7-9)(1-8,5-7,6-9)	-
2082	296	10	(13,4,2)	-	5	(16,60,48,2,0)	(112,86,12,0)	(96,24,0)	(42,3)	(798,57,60,25,20,6,32,0,7,0,0)	no	(0-5,1-6,2-7,3-8,4-9)(3-6,4-8,7-9)(3-9,4-7,5-8)(5-9,6-8)	-
2083	84	10	(13,4,1)	-	5	(16,60,50,0,0)	(92,112,6,0)	(88,32,0)	(41,4)	(785,51,104,0,33,12,0,0,23,0,0)	no	(1-6,4-9,7-8)(0-9,5-8,6-7)(4-7,5-9,6-8)(2-7,3-8,4-5,6-9)	-
2084	66	10	(13,5,1)	-	5	(16,60,50,0,0)	(104,96,10,0)	(96,24,0)	(42,3)	(816,55,90,1,6,0,12,3,6,1,0)	no	(0-9,1-7,2-8,3-5,4-6)(3-9,4-7,5-8)(3-7,4-9,6-8)(5-9)(6-9)	-
2085	182	10	(13,4,1)	-	5	(16,60,50,0,0)	(104,100,6,0)	(96,24,0)	(42,3)	(766,55,122,3,30,0,14,3,10,1,8)	no	(2-8,3-5,4-7,6-9)(0-7,3-8,4-6,5-9)(3-7,4-9,5-8)(1-9,6-8)	-
2086	46	10	(13,4,1)	-	5	(16,64,32,14,0)	(80,116,12,2)	(80,40,0)	(40,5)	(842,18,76,0,28,7,0,0,32,0,4)	no	(4-7,5-8,6-9)(2-5,3-4,6-8,7-9)(4-6,5-9,7-8)(0-6,1-7,8-9)	-
2087	28	10	(13,5,1)	(4,15,1)	5	(16,64,36,10,0)	(80,120,8,2)	(80,40,0)	(40,5)	(846,14,48,0,72,8,0,0,16,4,0)	no	(0-9,5-6,7-8)(4-7,5-9,6-8)(2-8,5-7,6-9)(1-5,3-6,7-9)(8-9)	(2-7,3-4,5-8,6-9)(0-3,4-5,6-8,7-9)(4-8,5-9,6-7)(1-6,3-5,4-9,7-8)
2088	119	10	(13,4,1)	-	5	(16,64,38,8,0)	(96,102,11,1)	(88,32,0)	(41,4)	(811,44,74,8,37,3,8,0,6,8,4)	no	(1-5,3-8,4-7,6-9)(0-7,3-9,4-8,5-6)(2-6,3-7,4-9,5-8)(8-9)	-
2089	284	10	(13,4,1)	-	5	(16,64,40,6,0)	(100,100,10,0)	(94,26,0)	(42,3)	(771,58,79,22,58,2,4,4,7,2,0)	no	(4-9,5-8,6-7)(4-7,5-9,6-8)(0-6,2-8,3-4,7-9)(1-7,3-5,8-9)	-
2090	198	10	(13,5,1)	(4,16,1)	5	(16,64,42,4,0)	(88,114,8,0)	(86,34,0)	(41,4)	(782,44,92,14,56,2,0,0,17,2,0)	no	(0-9,5-7,6-8)(4-6,5-9,7-8)(1-8,3-7,4-5,6-9)(2-6,7-9)(8-9)	(0-5,3-9,4-6,7-8)(1-3,4-7,5-6,8-9)(2-3,4-5,6-8,7-9)(2-4,3-8,5-7,6-9)
2091	405	10	(13,4,1)	-	5	(16,64,42,4,0)	(104,98,8,0)	(98,22,0)	(43,2)	(730,101,98,4,37,16,12,0,10,0,0)	no	(2-8,5-7,6-9)(3-9,5-8,6-7)(1-9,2-3,4-5,7-8)(0-8,4-6,7-9)	-
2092	267	10	(13,4,2)	-	5	(16,64,42,4,0)	(108,94,8,0)	(100,20,0)	(43,2)	(752,94,73,8,32,20,16,0,10,0,6)	no	(0-8,2-3,4-5,7-9)(2-8,4-7,6-9)(3-9,4-6,5-8)(1-9,5-6,7-8)	-
2093	452	10	(13,4,2)	-	5	(16,64,42,4,0)	(112,86,12,0)	(100,19,1)	(43,2)	(739,100,96,14,24,8,15,0,3,0,3)	no	(1-3,2-8,4-9,6-7)(0-9,3-8,4-7,5-6)(4-8,5-9)(2-9,5-7,6-8)	-
2094	356	10	(13,5,1)	-	5	(16,64,42,4,0)	(112,88,10,0)	(102,18,0)	(44,1)	(728,124,78,6,28,18,0,0,18,8,4)	no	(0-9,1-5,2-8,6-7)(1-9,4-7,6-8)(2-9,3-6,7-8)(3-9,5-8)(4-9)	-
2095	532	10	(13,4,1)	-	5	(16,64,43,3,0)	(104,96,10,0)	(93,27,0)	(42,3)	(750,89,80,24,33,10,12,0,6,0,2)	no	(0-8,1-6,4-9,5-7)(4-8,5-9,6-7)(2-4,3-7,5-8,6-9)(3-8,7-9)	-
2096	188	10	(13,5,1)	(4,14,1)	5	(16,64,44,2,0)	(96,108,6,0)	(92,28,0)	(42,3)	(774,52,94,4,50,4,24,0,4,0,0)	no	(0-9,3-8,4-6,5-7)(4-8,5-9,6-7)(1-8,2-7,3-5,6-9)(7-9)(8-9)	(0-8,3-6,4-7,5-9)(2-6,5-8,7-9)(1-9,2-7,4-5,6-8)(3-7,4-6,8-9)
2097	160	10	(13,4,1)	-	5	(16,64,44,2,0)	(104,96,10,0)	(92,28,0)	(42,3)	(754,88,86,2,46,0,28,2,0,0,0)	no	(0-5,1-9,3-6,7-8)(4-7,5-6,8-9)(2-8,3-9,6-7)(4-9,5-7,6-8)	-
2098	296	10	(13,3,1)	-	5	(16,64,44,2,0)	(108,90,12,0)	(96,24,0)	(42,3)	(822,57,59,16,12,6,16,1,1,8,0)	no	(2-3,4-6,5-8,7-9)(2-4,3-5,6-9,7-8)(0-8,1-9,2-7,3-6,4-5)	-
2099	542	10	(13,4,1)	-	5	(16,64,44,2,0)	(108,92,10,0)	(94,26,0)	(42,3)	(756,70,104,14,30,3,16,2,10,1,4)	no	(1-8,3-4,5-9,6-7)(4-8,5-7,6-9)(2-5,3-7,4-9,6-8)(0-9,7-8)	-
2100	306	10	(13,4,1)	-	5	(16,64,44,2,0)	(108,94,8,0)	(96,24,0)	(42,3)	(766,75,87,12,34,4,12,3,13,0,4)	no	(1-9,3-7,4-6,5-8)(0-7,3-5,4-9,6-8)(3-4,5-9,7-8)(2-8,6-9)	-
2101	126	10	(13,5,1)	-	5	(16,64,44,2,0)	(112,92,6,0)	(104,16,0)	(44,1)	(762,82,92,4,32,0,8,8,0,0,24)	no	(0-9,1-5,2-8,3-6,4-7)(1-9,5-6,7-8)(2-9,5-7,6-8)(3-9)(4-9)	-
2102	67	10	(13,4,1)	-	5	(16,64,46,0,0)	(96,108,6,0)	(88,32,0)	(41,4)	(771,55,96,0,68,8,0,0,10,0,0)	no	(0-6,4-8,7-9)(4-6,5-7,8-9)(2-8,5-9,6-7)(1-9,3-7,4-5,6-8)	-
2103	596	10	(13,4,4)	-	5	(16,64,46,0,0)	(104,100,6,0)	(94,26,0)	(42,3)	(769,73,90,16,25,7,6,6,9,4,0)	no	(0-7,4-5,8-9)(3-7,5-8,6-9)(2-9,4-6,7-8)(1-8,3-4,5-6,7-9)	-
2104	779	10	(13,4,1)	-	5	(16,66,43,1,0)	(110,93,7,0)	(98,22,0)	(43,2)	(704,143,84,20,27,6,8,8,0,3,4)	no	(2-9,3-7,4-5,6-8)(2-3,4-8,5-7,6-9)(1-8,5-9,6-7)(0-9,7-8)	-
2105	220	10	(13,4,2)	-	5	(16,68,32,10,0)	(92,106,11,1)	(86,34,0)	(41,4)	(805,46,69,6,42,8,13,0,16,2,2)	no	(0-6,3-4,5-7,8-9)(4-9,5-8,6-7)(1-9,2-4,3-5,7-8)(6-8,7-9)	-
2106	672	10	(13,5,1)	-	5	(16,68,38,4,0)	(116,86,8,0)	(104,16,0)	(44,1)	(724,124,78,7,30,17,16,0,2,4,10)	no	(0-9,1-5,2-8,6-7)(1-9,3-6,4-7,5-8)(2-9,3-8)(4-8,6-9)(7-9)	-
2107	1052	10	(13,4,7)	-	5	(16,68,39,3,0)	(104,98,8,0)	(93,27,0)	(42,3)	(753,92,75,22,33,2,14,6,10,1,1)	no	(0-6,3-4,5-7,8-9)(1-9,2-5,4-8,6-7)(3-5,4-9,7-8)(6-8,7-9)	-
2108	1056	10	(13,4,4)	-	5	(16,68,39,3,0)	(108,94,8,0)	(95,25,0)	(42,3)	(758,86,81,21,30,9,6,1,6,0,4)	no	(0-9,3-7,4-8,5-6)(1-7,3-9,4-6,5-8)(2-6,3-5,4-9,7-8)(8-9)	-
2109	540	10	(13,4,3)	-	5	(16,68,39,3,0)	(112,86,12,0)	(95,24,1)	(42,3)	(753,90,78,14,38,10,8,6,8,1,3)	no	(0-3,1-5,2-6,4-7,8-9)(4-8,5-7,6-9)(3-4,5-9,7-8)(6-8,7-9)	-
2110	564	10	(13,5,1)	(4,14,4)	5	(16,68,40,2,0)	(108,94,8,0)	(94,26,0)	(42,3)	(742,99,96,0,34,7,24,0,4,0,2)	no	(0-9,2-4,5-8,6-7)(1-5,3-9,4-7,6-8)(3-6,4-9,7-8)(5-9)(8-9)	(0-5,3-6,4-9,7-8)(1-9,3-4,5-8,6-7)(3-5,6-8,7-9)(2-8,4-7,6-9)
2111	1052	10	(13,4,4)	-	5	(16,68,40,2,0)	(108,94,8,0)	(94,26,0)	(42,3)	(765,75,77,26,35,1,13,4,6,0,5)	no	(0-9,3-8,4-7,5-6)(1-6,3-7,4-9,5-8)(4-5,6-8,7-9)(2-7,8-9)	-
2112	542	10	(13,4,3)	-	5	(16,68,40,2,0)	(108,94,8,0)	(94,26,0)	(42,3)	(778,65,80,24,27,5,8,12,2,0,4)	no	(1-7,2-8,4-6,5-9)(0-6,3-8,4-5,7-9)(3-9,4-8,5-7)(2-9,6-8)	-
2113	1096	10	(13,4,6)	-	5	(16,68,40,2,0)	(108,96,6,0)	(96,24,0)	(42,3)	(754,91,90,8,33,6,10,3,3,2,6)	no	(1-9,3-5,4-6,7-8)(0-7,3-9,4-8,5-6)(2-8,3-7,4-9)(5-9,6-8)	-
2114	476	10	(13,4,1)	-	5	(16,68,40,2,0)	(108,96,6,0)	(98,22,0)	(43,2)	(752,74,99,16,34,0,20,4,0,0,13)	no	(2-7,3-8,4-6,5-9)(2-8,5-7,6-9)(0-9,1-8,3-5,6-7)(4-8,7-9)	-
2115	288	10	(13,4,2)	-	5	(16,68,40,2,0)	(112,88,10,0)	(96,23,1)	(42,3)	(753,87,91,0,46,1,14,0,11,5,0)	no	(3-7,5-6,8-9)(0-3,4-7,5-8,6-9)(2-9,4-8,5-7)(1-8,4-9,6-7)	-
2116	484	10	(13,4,1)	-	5	(16,68,40,2,0)	(112,90,8,0)	(98,22,0)	(43,2)	(752,86,68,30,50,2,7,4,0,0,8)	no	(1-6,2-9,3-7,5-8)(4-9,5-7,6-8)(0-9,2-5,4-8,6-7)(3-9,7-8)	-
2117	1052	10	(13,4,6)	-	5	(16,68,40,2,0)	(116,84,10,0)	(96,24,0)	(42,3)	(784,71,62,24,33,6,7,5,10,0,3)	no	(0-6,1-7,2-5,3-9,4-8)(3-6,4-9,5-8)(3-7,5-9,6-8)(4-7,8-9)	-
2118	584	10	(13,4,2)	-	5	(16,68,41,1,0)	(100,106,4,0)	(93,27,0)	(42,3)	(744,98,84,16,27,9,18,0,12,0,0)	no	(0-7,3-4,5-6,8-9)(4-8,5-9,6-7)(2-9,3-5,4-6,7-8)(1-8,7-9)	-
2119	1536	10	(13,4,1)	-	5	(16,68,41,1,0)	(116,88,6,0)	(101,19,0)	(43,2)	(741,111,60,21,35,11,11,8,7,3,3)	no	(2-9,3-8,4-6,5-7)(2-3,4-8,5-9,6-7)(1-7,4-9,5-8)(0-9,6-8)	-
2120	1096	10	(13,4,2)	-	5	(16,68,42,0,0)	(108,96,6,0)	(94,26,0)	(42,3)	(746,85,100,11,36,7,11,1,7,2,2)	no	(0-9,3-4,5-8,6-7)(3-7,4-8,6-9)(2-8,5-6,7-9)(1-7,4-5,8-9)	-
2121	1578	10	(13,4,3)	-	5	(16,68,42,0,0)	(110,97,3,0)	(100,20,0)	(43,2)	(718,129,74,24,29,16,0,12,2,3,2)	no	(0-5,1-9,3-6,7-8)(1-8,2-9,4-7,5-6)(3-8,4-9,5-7)(2-8,6-9)	-
2122	1594	10	(13,4,4)	-	5	(16,68,42,0,0)	(114,91,5,0)	(100,20,0)	(43,2)	(757,93,74,24,19,12,11,8,0,1,4)	no	(2-6,3-9,4-8,5-7)(1-7,2-9,4-5,6-8)(0-9,3-5,4-6,7-8)(8-9)	-
2123	1114	10	(13,4,1)	-	5	(16,68,42,0,0)	(116,90,4,0)	(104,16,0)	(44,1)	(684,192,46,24,24,10,18,0,2,0,2)	no	(1-9,3-8,4-7,5-6)(2-9,5-7,6-8)(1-8,2-4,3-7,5-9)(0-8,6-9)	-
2124	178	10	(13,4,1)	-	5	(16,68,42,0,0)	(120,80,10,0)	(96,24,0)	(42,3)	(800,47,54,41,20,0,40,3,2,1,0)	no	(0-5,3-6,4-8,7-9)(1-6,3-7,4-9,5-8)(2-7,3-4,5-9,6-8)(8-9)	-
2125	952	10	(13,5,1)	(4,14,1)	5	(16,70,39,1,0)	(110,97,3,0)	(100,20,0)	(43,2)	(730,112,87,20,25,8,4,12,2,2,2)	no	(0-9,2-7,4-6,5-8)(2-9,3-5,4-7,6-8)(1-8,3-7,5-9)(6-9)(8-9)	(2-7,3-6,4-8,5-9)(3-7,4-9,6-8)(2-8,3-9,5-7)(0-9,1-8,4-5,6-7)
2126	4284	10	(13,4,5)	-	5	(16,70,39,1,0)	(118,87,5,0)	(104,16,0)	(44,1)	(690,167,71,28,15,9,13,2,3,5,2)	no	(1-9,3-7,4-5,6-8)(2-9,3-6,4-8,5-7)(1-7,2-8,5-9)(0-8,6-9)	-
2127	3092	10	(13,4,7)	-	5	(16,70,40,0,0)	(112,94,4,0)	(99,21,0)	(43,2)	(728,119,71,30,20,12,18,3,0,2,5)	no	(2-7,3-6,4-8,5-9)(3-8,5-7,6-9)(0-9,2-6,4-5,7-8)(1-8,7-9)	-
2128	3092	10	(13,4,9)	-	5	(16,70,40,0,0)	(116,90,4,0)	(101,19,0)	(43,2)	(730,121,76,18,20,12,13,7,4,3,4)	no	(0-9,3-4,5-8,6-7)(1-6,3-9,4-8,5-7)(2-7,3-6,4-9)(2-8,5-9)	-
2129	192	10	(13,4,3)	-	5	(16,72,28,10,0)	(104,94,11,1)	(92,28,0)	(42,3)	(790,58,52,25,52,2,20,3,0,4,2)	no	(1-7,2-5,4-8,6-9)(2-4,3-5,6-8,7-9)(0-6,3-4,5-9,7-8)(8-9)	-
2130	192	10	(13,4,1)	-	5	(16,72,32,6,0)	(112,90,7,1)	(96,24,0)	(42,3)	(786,70,80,11,26,2,8,0,4,8,14)	no	(1-8,3-7,4-6,5-9)(0-7,3-4,5-8,6-9)(2-9,3-5,4-7,6-8)(8-9)	-
2131	192	10	(13,4,2)	-	5	(16,72,32,6,0)	(120,78,11,1)	(96,24,0)	(42,3)	(814,46,60,17,26,18,8,2,8,8,2)	no	(0-7,1-5,2-6,3-9,4-8)(3-7,4-9,5-8)(3-4,5-9,6-8)(6-9,7-8)	-
2132	1052	10	(13,4,3)	-	5	(16,72,34,4,0)	(108,94,8,0)	(94,26,0)	(42,3)	(754,88,87,12,35,2,14,4,3,0,9)	no	(0-6,3-4,5-7,8-9)(4-9,5-8,6-7)(1-9,3-5,4-6,7-8)(2-8,7-9)	-
2133	1052	10	(13,4,2)	-	5	(16,72,35,3,0)	(112,90,8,0)	(95,25,0)	(42,3)	(753,90,84,20,29,8,9,2,5,1,5)	no	(1-5,2-6,4-8,7-9)(0-9,3-4,5-8,6-7)(4-5,6-9,7-8)(3-7,8-9)	-
2134	1052	10	(13,4,3)	-	5	(16,72,35,3,0)	(112,90,8,0)	(95,25,0)	(42,3)	(759,82,77,26,26,12,15,0,6,1,3)	no	(1-7,3-8,4-5,6-9)(3-9,4-8,5-6)(0-9,2-6,3-5,7-8)(4-7,8-9)	-
2135	542	10	(13,5,1)	(4,16,1)	5	(16,72,36,2,0)	(108,96,6,0)	(94,26,0)	(42,3)	(748,78,98,22,37,1,10,2,6,3,4)	no	(0-9,3-5,4-6,7-8)(2-7,3-4,5-9,6-8)(1-8,5-7,6-9)(7-9)(8-9)	(0-7,1-2,3-4,5-8,6-9)(1-3,4-5,6-8,7-9)(4-8,5-9,6-7)(2-6,3-5,4-9,7-8)
2136	564	10	(13,4,1)	-	5	(16,72,36,2,0)	(108,98,4,0)	(96,24,0)	(42,3)	(751,95,89,8,38,0,8,3,6,4,2)	no	(1-8,3-5,4-7,6-9)(0-7,3-8,4-9,5-6)(2-9,3-7,4-6,5-8)(8-9)	-
2137	340	10	(13,4,1)	-	5	(16,72,36,2,0)	(112,92,6,0)	(96,24,0)	(42,3)	(764,72,98,19,26,0,4,3,16,0,4)	no	(2-8,3-7,4-6,5-9)(3-8,4-7,6-9)(0-7,1-9,3-5,4-8)(5-6,8-9)	-
2138	576	10	(13,4,4)	-	5	(16,72,36,2,0)	(116,84,10,0)	(96,23,1)	(42,3)	(746,95,89,4,34,9,22,0,9,0,0)	no	(3-7,4-5,8-9)(0-3,4-7,5-8,6-9)(2-9,4-6,7-8)(1-8,5-6,7-9)	-
2139	542	10	(13,4,1)	-	5	(16,72,36,2,0)	(116,86,8,0)	(96,24,0)	(42,3)	(767,69,94,23,22,0,12,0,12,0,10)	no	(0-9,3-7,4-8,5-6)(2-6,3-9,4-7,5-8)(1-7,3-5,4-9,6-8)(8-9)	-
2140	1516	10	(13,5,1)	(4,14,2)	5	(16,72,36,2,0)	(116,88,6,0)	(100,20,0)	(43,2)	(737,98,80,27,41,4,6,6,3,2,2)	no	(0-9,1-6,2-7,5-8)(2-9,3-7,4-5,6-8)(3-8,4-7,5-9)(6-9)(8-9)	(0-6,3-8,4-9,5-7)(2-7,4-8,5-9)(1-7,2-3,5-8,6-9)(3-4,6-8,7-9)
2141	3004	10	(13,4,6)	-	5	(16,72,36,2,0)	(118,85,7,0)	(100,20,0)	(43,2)	(729,119,76,21,20,17,12,4,5,1,4)	no	(0-8,1-9,3-7,5-6)(1-4,2-9,5-8,6-7)(2-7,3-9,4-5,6-8)(8-9)	-
2142	1096	10	(13,4,1)	-	5	(16,72,37,1,0)	(108,98,4,0)	(95,25,0)	(42,3)	(741,99,89,14,36,3,11,2,8,3,2)	no	(0-9,3-4,5-8,6-7)(4-7,5-9,6-8)(1-8,3-5,4-6,7-9)(2-7,8-9)	-
2143	1096	10	(13,4,1)	-	5	(16,72,37,1,0)	(112,92,6,0)	(95,25,0)	(42,3)	(746,92,85,18,33,11,11,0,10,0,3)	no	(1-6,3-7,4-8,5-9)(4-9,5-7,6-8)(0-9,2-5,3-4,7-8)(6-7,8-9)	-
2144	3072	10	(13,4,5)	-	5	(16,72,37,1,0)	(116,88,6,0)	(99,21,0)	(43,2)	(715,127,88,22,26,5,7,5,7,2,4)	no	(2-9,3-7,4-8,5-6)(1-7,3-5,4-9,6-8)(0-9,2-6,4-5,7-8)(8-9)	-
2145	1580	10	(13,4,1)	-	5	(16,72,37,1,0)	(116,90,4,0)	(101,19,0)	(43,2)	(728,120,75,15,37,7,7,7,6,4,4)	no	(0-9,2-3,4-8,5-7)(2-9,5-8,6-7)(3-7,4-9,6-8)(1-8,4-6,5-9)	-
2146	3092	10	(13,4,8)	-	5	(16,72,37,1,0)	(118,87,5,0)	(101,19,0)	(43,2)	(732,116,79,22,15,15,12,4,5,3,6)	no	(2-9,3-5,4-8,6-7)(4-6,5-8,7-9)(0-9,1-7,2-5,3-4,6-8)(8-9)	-
2147	3092	10	(13,4,6)	-	5	(16,72,38,0,0)	(114,93,3,0)	(100,20,0)	(43,2)	(712,141,78,16,22,11,12,7,4,2,3)	no	(0-9,3-6,4-8,5-7)(2-9,3-7,4-5,6-8)(1-8,2-7,4-9,5-6)(8-9)	-
2148	596	10	(13,4,1)	-	5	(16,72,38,0,0)	(116,88,6,0)	(96,24,0)	(42,3)	(776,77,63,17,43,8,6,2,10,4,2)	no	(1-6,3-9,4-7,5-8)(0-5,2-7,4-9,6-8)(3-4,5-9,7-8)(3-6,8-9)	-
2149	1594	10	(13,4,1)	-	5	(16,72,38,0,0)	(118,87,5,0)	(100,20,0)	(43,2)	(738,98,78,32,28,7,19,2,2,1,2)	no	(0-9,1-7,2-6,3-8,4-5)(2-9,4-7,5-8)(3-9,6-8)(4-9,5-6,7-8)	-
2150	840	10	(13,4,1)	-	5	(16,72,38,0,0)	(122,85,3,0)	(106,14,0)	(44,1)	(744,116,56,36,19,2,14,0,1,12,6)	no	(0-9,1-8,4-5,6-7)(1-9,2-6,4-8,5-7)(2-9,3-7,4-6,5-8)(3-9)	-
2151	952	10	(13,4,1)	-	5	(16,74,33,3,0)	(118,85,7,0)	(100,20,0)	(43,2)	(737,102,86,25,21,10,12,4,9,0,4)	no	(1-7,3-9,4-8,5-6)(0-9,3-6,4-7,5-8)(2-5,4-9,6-8)(2-9,7-8)	-
2152	3004	10	(13,4,10)	-	5	(16,74,34,2,0)	(120,84,6,0)	(101,19,0)	(43,2)	(735,115,76,28,14,8,8,8,8,2,9)	no	(0-9,1-7,2-6,3-4,5-8)(2-9,4-5,6-8)(3-6,4-9,7-8)(5-7,8-9)	-
2153	3092	10	(13,4,6)	-	5	(16,74,35,1,0)	(116,90,4,0)	(100,20,0)	(43,2)	(717,128,88,17,20,12,13,2,5,2,4)	no	(2-6,3-7,4-5,8-9)(2-8,5-9,6-7)(0-9,3-5,4-6,7-8)(1-8,7-9)	-
2154	3072	10	(13,4,2)	-	5	(16,74,35,1,0)	(118,87,5,0)	(100,20,0)	(43,2)	(715,129,81,25,23,11,8,7,4,3,2)	no	(1-8,2-3,5-9,6-7)(3-9,5-7,6-8)(0-9,4-5,7-8)(2-7,4-6,8-9)	-
2155	3032	10	(13,4,11)	-	5	(16,74,35,1,0)	(118,87,5,0)	(100,20,0)	(43,2)	(722,118,92,21,14,15,12,5,6,0,2)	no	(0-7,3-8,4-5,6-9)(1-6,2-5,4-8,7-9)(2-9,3-5,4-7,6-8)(8-9)	-
2156	1558	10	(13,4,2)	-	5	(16,74,35,1,0)	(118,87,5,0)	(100,20,0)	(43,2)	(723,119,87,22,25,4,12,0,13,1,2)	no	(0-9,1-7,2-6,3-4,5-8)(2-9,3-7,4-5,6-8)(4-9,5-6,7-8)(8-9)	-
2157	1536	10	(13,4,2)	-	5	(16,74,35,1,0)	(118,87,5,0)	(100,20,0)	(43,2)	(734,113,70,22,30,14,17,2,2,1,2)	no	(2-9,3-7,4-8,5-6)(1-7,3-6,4-9,5-8)(0-9,2-5,4-7,6-8)(8-9)	-
2158	3004	10	(13,4,6)	-	5	(16,74,35,1,0)	(120,84,6,0)	(100,20,0)	(43,2)	(724,119,82,24,21,13,10,6,6,1,1)	no	(0-9,3-4,5-8,6-7)(1-7,2-8,4-9,5-6)(2-7,3-8,4-6,5-9)(8-9)	-
2159	2198	10	(13,4,2)	-	5	(16,74,36,0,0)	(122,85,3,0)	(105,15,0)	(44,1)	(687,168,79,13,16,24,7,6,2,0,5)	no	(0-9,2-8,3-7,5-6)(0-8,1-9,2-4,6-7)(3-9,4-7,5-8)(1-8,6-9)	-
2160	2262	10	(13,4,2)	-	5	(16,74,36,0,0)	(122,85,3,0)	(105,15,0)	(44,1)	(713,146,55,36,16,11,13,4,6,6,6)	no	(0-9,3-6,4-5,7-8)(1-9,2-8,4-6,5-7)(1-7,2-9,3-5,6-8)(4-9)	-
2161	624	10	(13,4,2)	-	5	(16,76,28,6,0)	(108,96,5,1)	(94,26,0)	(42,3)	(760,77,96,10,27,8,10,8,6,3,4)	no	(0-6,3-5,4-7,8-9)(2-9,3-4,5-8,6-7)(4-6,5-9,7-8)(1-8,7-9)	-
2162	285	10	(13,4,2)	-	5	(16,76,28,6,0)	(112,94,3,1)	(100,20,0)	(43,2)	(749,73,106,3,47,7,13,4,4,6,0)	no	(2-9,3-4,5-7,6-8)(1-2,3-9,5-6,7-8)(0-5,1-8,6-9)(4-8,7-9)	-
2163	568	10	(13,4,1)	-	5	(16,76,31,3,0)	(112,92,6,0)	(95,25,0)	(42,3)	(750,90,86,20,33,5,4,0,13,6,1)	no	(1-6,3-4,5-9,7-8)(0-5,3-7,4-8,6-9)(2-8,4-5,7-9)(6-7,8-9)	-
2164	1052	10	(13,4,1)	-	5	(16,76,31,3,0)	(112,92,6,0)	(95,25,0)	(42,3)	(756,84,76,25,36,8,10,3,4,1,6)	no	(0-9,1-7,2-6,3-4,5-8)(3-9,4-7,6-8)(3-5,4-9,7-8)(5-6,8-9)	-
2165	3004	10	(13,4,6)	-	5	(16,76,32,2,0)	(118,87,5,0)	(100,20,0)	(43,2)	(724,120,79,30,24,5,7,5,10,1,3)	no	(2-8,3-9,4-7,5-6)(1-6,3-8,4-9,5-7)(0-8,2-7,3-4,5-9)(6-9)	-
2166	3004	10	(13,4,6)	-	5	(16,76,32,2,0)	(118,87,5,0)	(100,20,0)	(43,2)	(732,116,75,19,19,22,11,10,1,0,2)	no	(0-8,1-9,2-6,5-7)(1-7,2-9,3-6,5-8)(3-9,4-5,7-8)(4-6,8-9)	-
2167	542	10	(13,4,1)	-	5	(16,76,32,2,0)	(120,82,8,0)	(96,24,0)	(42,3)	(785,61,73,17,33,10,16,0,7,4,2)	no	(1-6,3-8,4-7,5-9)(2-7,3-6,4-9,5-8)(0-5,3-4,6-8,7-9)(8-9)	-
2168	1534	10	(13,3,2)	-	5	(16,76,32,2,0)	(126,77,7,0)	(102,18,0)	(43,2)	(772,76,58,36,26,19,7,0,6,8,2)	no	(2-7,3-4,5-9,6-8)(1-6,3-5,4-8,7-9)(0-3,1-7,2-6,4-5,8-9)	-
2169	3160	10	(13,4,5)	-	5	(16,76,33,1,0)	(120,86,4,0)	(101,19,0)	(43,2)	(719,127,88,14,23,8,10,8,3,4,4)	no	(0-9,2-3,4-5,7-8)(2-9,3-7,4-6,5-8)(1-8,4-9,6-7)(5-9,6-8)	-
2170	3088	10	(13,4,3)	-	5	(16,76,33,1,0)	(120,86,4,0)	(101,19,0)	(43,2)	(720,128,88,20,21,0,7,9,6,1,6)	no	(2-5,3-7,4-8,6-9)(0-6,2-9,4-7,5-8)(1-7,3-9,4-5,6-8)(8-9)	-
2171	3072	10	(13,4,3)	-	5	(16,76,33,1,0)	(120,86,4,0)	(101,19,0)	(43,2)	(724,120,75,26,32,10,6,2,13,0,0)	no	(0-9,2-6,4-7,5-8)(2-5,3-7,4-9,6-8)(1-7,3-8,4-6,5-9)(8-9)	-
2172	3092	10	(13,4,1)	-	5	(16,76,33,1,0)	(122,83,5,0)	(101,19,0)	(43,2)	(726,116,80,24,25,16,11,2,5,0,3)	no	(1-7,3-8,4-9,5-6)(2-9,3-6,4-8,5-7)(0-9,2-6,4-5,7-8)(8-9)	-
2173	1578	10	(13,4,4)	-	5	(16,76,33,1,0)	(122,85,3,0)	(103,17,0)	(43,2)	(735,124,61,23,30,8,6,10,3,0,4)	no	(0-7,3-9,4-8,5-6)(2-3,4-9,5-7,6-8)(1-8,2-4,3-7,5-9)(6-9)	-
2174	1104	10	(13,4,1)	-	5	(16,76,33,1,0)	(124,82,4,0)	(105,15,0)	(44,1)	(714,128,83,12,32,9,14,4,8,4,3)	no	(1-9,2-5,3-8,6-7)(1-6,2-9,7-8)(3-9,4-7,6-8)(0-8,4-9,5-7)	-
2175	706	10	(13,4,1)	-	5	(16,76,33,1,0)	(124,84,2,0)	(107,13,0)	(44,1)	(735,100,88,20,30,4,8,3,13,0,8)	no	(0-8,1-9,4-6,5-7)(1-8,2-9,3-5,6-7)(2-7,3-9,5-8)(4-9,6-8)	-
2176	1600	10	(13,4,1)	-	5	(16,76,34,0,0)	(118,89,3,0)	(100,20,0)	(43,2)	(705,129,117,8,17,4,8,4,9,3,6)	no	(0-8,2-7,4-6,5-9)(2-8,3-6,4-5,7-9)(3-9,4-8,5-7)(1-9,6-8)	-
2177	3092	10	(13,4,3)	-	5	(16,76,34,0,0)	(118,89,3,0)	(100,20,0)	(43,2)	(709,135,92,13,26,6,12,5,7,0,2)	no	(0-5,1-7,2-8,6-9)(2-9,3-8,4-7,5-6)(1-9,4-6,5-8)(3-9,7-8)	-
2178	840	10	(13,4,1)	-	5	(16,76,34,0,0)	(118,89,3,0)	(100,20,0)	(43,2)	(716,125,96,8,24,16,13,0,4,5,0)	no	(0-9,3-7,4-8,5-6)(2-8,3-9,4-5,6-7)(1-8,2-6,4-9,5-7)(8-9)	-
2179	1578	10	(13,4,1)	-	5	(16,76,34,0,0)	(118,89,3,0)	(100,20,0)	(43,2)	(726,121,78,11,23,30,10,4,2,1,0)	no	(0-9,3-6,4-7,5-8)(2-9,3-7,4-5,6-8)(1-8,2-7,4-9,5-6)(8-9)	-
2180	3088	10	(13,4,4)	-	5	(16,76,34,0,0)	(120,86,4,0)	(100,20,0)	(43,2)	(708,134,92,17,27,7,5,4,9,2,4)	no	(0-9,3-4,5-7,6-8)(2-8,5-9,6-7)(1-6,2-9,4-5,7-8)(3-8,7-9)	-
2181	816	10	(13,4,2)	-	5	(16,76,34,0,0)	(122,85,3,0)	(102,18,0)	(43,2)	(725,123,68,18,42,14,4,10,2,2,4)	no	(0-9,3-4,5-8,6-7)(1-7,2-5,4-9,6-8)(2-6,3-8,4-7,5-9)(8-9)	-
2182	3156	10	(13,4,1)	-	5	(16,76,34,0,0)	(122,85,3,0)	(102,18,0)	(43,2)	(730,121,73,16,31,5,15,6,6,1,5)	no	(0-9,3-4,5-6,7-8)(2-9,3-5,4-8,6-7)(1-5,2-7,3-9,6-8)(4-9)	-
2183	794	10	(13,5,1)	(4,14,1)	5	(16,76,34,0,0)	(124,82,4,0)	(102,18,0)	(43,2)	(729,119,64,28,31,14,4,12,5,1,4)	no	(0-9,1-8,2-3,4-6,5-7)(2-6,3-7,4-9,5-8)(4-8,5-9)(6-9)(7-9)	(1-6,3-8,4-9,5-7)(3-9,4-7,6-8)(0-9,2-3,5-6,7-8)(2-7,4-5,8-9)
2184	4470	10	(13,4,1)	-	5	(16,76,34,0,0)	(124,84,2,0)	(106,14,0)	(44,1)	(694,166,68,24,18,8,9,12,2,4,4)	no	(0-9,1-8,4-5,6-7)(1-9,2-7,3-5,4-6)(2-9,5-6,7-8)(3-8,4-9)	-
2185	4372	10	(13,4,2)	-	5	(16,76,34,0,0)	(124,84,2,0)	(106,14,0)	(44,1)	(703,141,79,23,26,14,11,2,3,1,4)	no	(1-9,5-8,6-7)(1-7,2-9,3-8,4-5)(2-6,3-9,7-8)(0-8,4-6,5-9)	-
2186	454	10	(13,4,3)	-	5	(16,78,27,5,0)	(126,75,9,0)	(104,15,1)	(43,2)	(756,96,60,19,55,0,0,4,10,4,1)	no	(0-9,1-2,3-4,5-7,6-8)(3-9,4-8,6-7)(2-6,3-7,4-9,5-8)(5-9)	-
2187	1536	10	(13,4,2)	-	5	(16,78,29,3,0)	(118,87,5,0)	(100,20,0)	(43,2)	(723,117,89,10,35,11,15,0,4,1,2)	no	(4-8,5-6,7-9)(2-6,3-7,4-9,5-8)(0-9,1-7,2-4,3-5,6-8)(8-9)	-
2188	3004	10	(13,4,5)	-	5	(16,78,29,3,0)	(120,84,6,0)	(100,20,0)	(43,2)	(719,126,82,27,16,11,9,7,9,1,1)	no	(1-7,2-9,4-8,5-6)(4-9,5-7,6-8)(0-9,2-6,3-4,7-8)(3-5,8-9)	-
2189	1536	10	(13,4,1)	-	5	(16,78,29,3,0)	(122,83,5,0)	(102,18,0)	(43,2)	(740,98,75,32,32,8,11,2,6,2,4)	no	(2-8,3-5,4-9,6-7)(2-3,4-8,5-6,7-9)(0-9,1-7,4-5,6-8)(8-9)	-
2190	494	10	(13,4,2)	-	5	(16,78,29,3,0)	(122,83,5,0)	(102,18,0)	(43,2)	(771,80,60,28,36,12,6,2,5,0,2)	no	(0-9,1-3,4-5,6-7)(2-6,3-9,4-7,5-8)(2-3,4-9,6-8)(5-9,7-8)	-
2191	3004	10	(13,4,8)	-	5	(16,78,30,2,0)	(124,80,6,0)	(101,19,0)	(43,2)	(730,113,74,36,15,12,19,3,3,2,1)	no	(4-8,5-6,7-9)(0-6,3-7,4-9,5-8)(1-7,2-9,3-4,6-8)(2-5,8-9)	-
2192	3072	10	(13,4,1)	-	5	(16,78,31,1,0)	(118,89,3,0)	(100,20,0)	(43,2)	(709,121,111,13,20,10,12,1,6,2,3)	no	(2-7,5-9,6-8)(2-3,4-8,5-7,6-9)(0-9,3-6,4-5,7-8)(1-8,7-9)	-
2193	1544	10	(13,4,1)	-	5	(16,78,31,1,0)	(118,89,3,0)	(100,20,0)	(43,2)	(729,114,83,16,23,18,8,4,10,2,4)	no	(2-7,3-6,4-5,8-9)(0-9,2-6,3-8,5-7)(4-6,5-9,7-8)(1-8,7-9)	-
2194	3092	10	(13,4,4)	-	5	(16,78,31,1,0)	(120,88,2,0)	(102,18,0)	(43,2)	(728,121,69,27,29,11,4,6,5,6,5)	no	(0-9,3-8,4-5,6-7)(2-7,3-9,4-8,5-6)(1-6,2-3,4-9,7-8)(5-9)	-
2195	920	10	(13,4,1)	-	5	(16,78,31,1,0)	(122,83,5,0)	(100,20,0)	(43,2)	(733,118,74,12,25,20,12,2,9,0,4)	no	(1-6,2-5,3-7,8-9)(2-9,3-5,4-8,6-7)(0-9,4-5,7-8)(6-8,7-9)	-
2196	3160	10	(13,4,5)	-	5	(16,78,31,1,0)	(122,85,3,0)	(102,18,0)	(43,2)	(726,120,83,18,25,7,14,2,7,2,5)	no	(0-9,2-6,3-5,4-7)(3-9,5-6,7-8)(1-6,2-7,3-8,4-9)(4-8,5-9)	-
2197	1536	10	(13,4,1)	-	5	(16,78,31,1,0)	(126,79,5,0)	(102,18,0)	(43,2)	(739,110,75,20,24,6,16,4,8,0,8)	no	(0-8,1-7,2-9,3-5,4-6)(2-7,3-9,4-8,5-6)(3-8,4-9,6-7)(5-9)	-
2198	952	10	(13,4,1)	-	5	(16,78,31,1,0)	(126,79,5,0)	(102,18,0)	(43,2)	(751,96,60,32,31,6,18,4,5,0,6)	no	(0-9,3-5,4-8,6-7)(2-9,3-7,4-5,6-8)(1-5,2-6,3-9,7-8)(4-9)	-
2199	1536	10	(13,4,1)	-	5	(16,78,31,1,0)	(126,79,5,0)	(102,18,0)	(43,2)	(769,72,76,28,24,14,6,6,7,1,3)	no	(2-6,3-9,4-8,5-7)(0-8,1-6,2-7,3-5,4-9)(3-8,4-7,5-9)(6-9)	-
2200	8836	10	(13,4,6)	-	5	(16,78,31,1,0)	(128,78,4,0)	(106,14,0)	(44,1)	(699,156,73,17,22,14,9,6,8,4,1)	no	(1-2,3-8,5-9,6-7)(1-8,2-7,4-5,6-9)(0-8,3-5,4-6,7-9)(8-9)	-
2201	3156	10	(13,4,1)	-	5	(16,78,32,0,0)	(120,88,2,0)	(101,19,0)	(43,2)	(711,132,87,16,32,6,12,3,5,2,1)	no	(0-9,2-7,4-5,6-8)(2-9,3-5,4-8,6-7)(3-6,4-9,7-8)(1-8,5-9)	-
2202	3156	10	(13,4,1)	-	5	(16,78,32,0,0)	(120,88,2,0)	(101,19,0)	(43,2)	(713,131,86,15,30,8,12,4,6,0,2)	no	(1-8,2-7,4-6,5-9)(2-9,3-5,4-8,6-7)(0-9,3-6,4-7,5-8)(8-9)	-
2203	3156	10	(13,4,1)	-	5	(16,78,32,0,0)	(124,84,2,0)	(103,17,0)	(43,2)	(731,113,67,37,28,9,12,1,3,8,1)	no	(0-9,3-5,4-7,6-8)(2-7,3-9,4-8,5-6)(1-6,2-3,4-9,7-8)(5-9)	-
2204	3092	10	(13,4,4)	-	5	(16,78,32,0,0)	(128,78,4,0)	(103,17,0)	(43,2)	(734,115,70,32,18,9,12,6,9,3,1)	no	(0-9,3-8,4-7,5-6)(2-4,3-9,5-7,6-8)(1-6,2-3,4-9,7-8)(5-9)	-
2205	8	10	(13,5,1)	-	5	(16,80,0,30,0)	(80,120,0,10)	(80,40,0)	(40,5)	(872,6,80,0,0,10,0,0,40,0,0)	no	(1-5,3-7,4-8,6-9)(2-6,4-9,5-8)(0-4,6-8,7-9)(5-9,7-8)(8-9)	-
2206	196	10	(13,4,1)	-	5	(16,80,20,10,0)	(104,100,4,2)	(92,28,0)	(42,3)	(770,66,94,7,28,6,16,9,12,0,2)	no	(0-5,3-6,4-7,8-9)(2-9,3-4,5-6,7-8)(6-8,7-9)(1-8,5-7,6-9)	-
2207	624	10	(13,4,1)	-	5	(16,80,22,8,0)	(112,90,7,1)	(94,26,0)	(42,3)	(770,63,94,12,31,10,14,0,8,5,2)	no	(0-8,2-6,4-9,5-7)(3-7,4-8,5-9)(1-5,3-4,6-9,7-8)(6-7,8-9)	-
2208	1476	10	(13,4,4)	-	5	(16,80,27,3,0)	(124,80,6,0)	(101,19,0)	(43,2)	(729,110,82,32,17,10,10,8,4,4,2)	no	(2-9,3-4,5-7,6-8)(1-5,3-9,4-6,7-8)(0-8,2-6,3-7,4-9)(5-9)	-
2209	1568	10	(13,4,1)	-	5	(16,80,28,2,0)	(120,86,4,0)	(100,20,0)	(43,2)	(706,138,94,15,19,8,10,10,4,0,4)	no	(2-7,3-6,4-5,8-9)(2-4,3-8,5-9,6-7)(0-9,5-6,7-8)(1-8,7-9)	-
2210	3004	10	(13,4,3)	-	5	(16,80,28,2,0)	(122,83,5,0)	(100,20,0)	(43,2)	(722,104,104,24,23,7,14,3,1,0,5)	no	(1-9,2-7,4-8,5-6)(2-9,3-4,5-8,6-7)(0-8,1-7,3-6,4-9)(5-9)	-
2211	754	10	(13,4,2)	-	5	(16,80,28,2,0)	(124,80,6,0)	(100,20,0)	(43,2)	(728,101,102,12,28,8,18,0,5,5,4)	no	(0-9,1-6,2-4,3-8,5-7)(3-7,5-9,6-8)(2-8,5-6,7-9)(4-7,8-9)	-
2212	802	10	(13,4,2)	-	5	(16,80,28,2,0)	(126,79,5,0)	(102,18,0)	(43,2)	(730,111,76,32,13,22,20,0,2,2,4)	no	(0-5,3-9,4-7,6-8)(1-6,3-8,4-9,5-7)(2-3,5-9,7-8)(2-4,6-9)	-
2213	3004	10	(13,4,4)	-	5	(16,80,28,2,0)	(126,79,5,0)	(102,18,0)	(43,2)	(731,120,71,26,21,11,11,4,7,2,4)	no	(0-9,3-8,4-7,5-6)(1-6,3-9,4-8,5-7)(2-3,4-9,6-8)(2-7,5-9)	-
2214	952	10	(13,4,1)	-	5	(16,80,28,2,0)	(128,76,6,0)	(102,18,0)	(43,2)	(733,114,83,20,11,20,8,2,14,0,4)	no	(0-9,2-8,3-4,5-6)(1-5,2-9,3-6,4-7)(3-9,5-7,6-8)(4-9,7-8)	-
2215	833	10	(13,4,1)	-	5	(16,80,28,2,0)	(128,76,6,0)	(102,18,0)	(43,2)	(739,101,70,36,21,18,8,0,11,3,8)	no	(2-9,5-7,6-8)(0-6,1-7,2-3,4-9,5-8)(3-8,4-6,5-9)(4-8,7-9)	-
2216	1640	10	(13,4,1)	-	5	(16,80,29,1,0)	(120,88,2,0)	(101,19,0)	(43,2)	(724,114,78,32,23,12,14,4,2,3,2)	no	(0-8,3-6,4-5,7-9)(2-7,5-8,6-9)(1-9,3-5,4-6,7-8)(2-4,8-9)	-
2217	3088	10	(13,4,2)	-	5	(16,80,29,1,0)	(124,82,4,0)	(101,19,0)	(43,2)	(719,120,86,27,25,9,9,3,5,0,6)	no	(2-9,3-6,4-8,5-7)(1-7,2-6,4-9,5-8)(0-9,3-4,5-6,7-8)(8-9)	-
2218	3088	10	(13,4,3)	-	5	(16,80,29,1,0)	(124,82,4,0)	(101,19,0)	(43,2)	(721,122,76,32,23,10,13,1,7,2,1)	no	(1-9,2-8,4-5,6-7)(2-9,3-4,5-7,6-8)(0-7,1-8,3-6,4-9)(5-9)	-
2219	840	10	(13,3,1)	-	5	(16,80,30,0,0)	(122,85,3,0)	(104,16,0)	(43,2)	(797,97,48,14,13,6,5,2,0,16,0)	no	(0-9,1-8,2-3,4-5,6-7)(2-4,3-6,5-9,7-8)(2-5,3-7,4-8,6-9)	-
2220	824	10	(13,4,1)	-	5	(16,80,30,0,0)	(124,84,2,0)	(102,18,0)	(43,2)	(713,133,78,16,34,16,4,8,4,1,0)	no	(0-9,2-3,5-7,6-8)(2-6,3-7,4-9,5-8)(1-8,4-6,5-9)(4-8,7-9)	-
2221	1712	10	(13,4,2)	-	5	(16,80,30,0,0)	(124,84,2,0)	(102,18,0)	(43,2)	(724,110,92,18,26,9,20,2,5,1,0)	no	(0-8,2-3,4-6,7-9)(2-7,3-6,4-8,5-9)(1-9,5-6,7-8)(4-5,8-9)	-
2222	832	10	(13,3,3)	-	5	(16,80,30,0,0)	(126,79,5,0)	(104,16,0)	(43,2)	(802,85,52,24,8,6,1,4,8,0,0)	no	(2-5,3-6,4-8,7-9)(0-8,1-9,2-6,3-7,4-5)(2-7,3-4,5-9,6-8)	-
2223	3092	10	(13,4,4)	-	5	(16,80,30,0,0)	(126,81,3,0)	(102,18,0)	(43,2)	(725,120,75,27,23,11,11,3,8,3,5)	no	(2-9,3-5,4-7,6-8)(0-7,1-6,4-9,5-8)(2-5,3-4,6-9,7-8)(8-9)	-
2224	1676	10	(13,4,1)	-	5	(16,80,30,0,0)	(128,78,4,0)	(102,18,0)	(43,2)	(727,121,72,22,21,19,8,10,6,2,2)	no	(1-7,2-6,4-8,5-9)(2-3,4-9,5-8,6-7)(0-9,3-4,5-7,6-8)(8-9)	-
2225	8716	10	(13,4,8)	-	5	(16,80,30,0,0)	(128,80,2,0)	(106,14,0)	(44,1)	(687,174,68,18,20,13,13,5,6,2,1)	no	(0-9,3-8,4-6,5-7)(1-9,2-6,3-5,4-8)(1-6,4-9,7-8)(2-7,5-9)	-
2226	4402	10	(13,4,2)	-	5	(16,80,30,0,0)	(128,80,2,0)	(106,14,0)	(44,1)	(688,169,73,20,15,17,13,6,1,0,4)	no	(0-8,2-3,4-6,7-9)(0-9,1-8,2-6,5-7)(3-7,4-9,5-8)(1-9,6-8)	-
2227	8852	10	(13,4,2)	-	5	(16,80,30,0,0)	(128,80,2,0)	(106,14,0)	(44,1)	(690,163,83,18,18,8,8,6,7,4,3)	no	(0-9,1-8,4-5,6-7)(1-9,2-7,3-4,5-6)(2-9,5-7,6-8)(3-8,4-9)	-
2228	2310	10	(13,4,1)	-	5	(16,80,30,0,0)	(128,80,2,0)	(106,14,0)	(44,1)	(702,154,74,14,14,28,8,0,6,4,8)	no	(0-9,3-8,4-5,6-7)(1-9,3-5,4-6,7-8)(1-5,2-9,6-8)(2-7,4-9)	-
2229	2262	10	(13,4,1)	-	5	(16,80,30,0,0)	(128,80,2,0)	(106,14,0)	(44,1)	(710,150,64,10,25,22,13,0,12,4,0)	no	(1-9,2-7,4-8,5-6)(1-7,2-6,3-8,5-9)(0-8,3-7,4-5,6-9)(8-9)	-
2230	4378	10	(13,4,3)	-	5	(16,80,30,0,0)	(130,77,3,0)	(106,14,0)	(44,1)	(686,172,68,22,25,10,10,4,5,4,2)	no	(1-9,5-7,6-8)(2-8,3-7,4-6,5-9)(0-8,1-3,2-7,4-5,6-9)(8-9)	-
2231	8836	10	(13,4,4)	-	5	(16,80,30,0,0)	(130,77,3,0)	(106,14,0)	(44,1)	(692,160,79,23,19,8,5,7,9,5,3)	no	(0-9,3-8,4-5,6-7)(1-9,3-4,5-6,7-8)(1-5,2-9,6-8)(2-7,4-9)	-
2232	4556	10	(13,4,2)	-	5	(16,80,30,0,0)	(130,79,1,0)	(108,12,0)	(44,1)	(713,145,64,29,13,10,14,2,7,4,9)	no	(0-9,1-6,2-7,3-8,4-5)(1-9,2-6,4-7,5-8)(3-6,4-9,7-8)(5-9)	-
2233	462	10	(13,4,3)	-	5	(16,82,21,7,0)	(126,75,8,1)	(102,17,1)	(43,2)	(739,104,86,14,26,8,14,0,9,0,10)	no	(0-9,2-3,4-5,6-8)(1-3,2-8,4-9,5-7)(4-6,5-9,7-8)(6-7,8-9)	-
2234	1488	10	(13,4,2)	-	5	(16,82,25,3,0)	(124,80,6,0)	(100,20,0)	(43,2)	(726,107,95,16,24,10,20,4,3,1,2)	no	(1-9,2-3,5-8,6-7)(1-4,2-7,5-9,6-8)(0-8,3-4,5-7,6-9)(8-9)	-
2235	952	10	(13,4,1)	-	5	(16,82,25,3,0)	(126,79,5,0)	(102,18,0)	(43,2)	(727,108,95,21,15,24,9,0,7,0,6)	no	(2-8,3-6,4-7,5-9)(1-7,3-8,4-9,5-6)(2-5,4-8,6-9)(0-9,7-8)	-
2236	4324	10	(13,4,3)	-	5	(16,82,25,3,0)	(130,75,5,0)	(106,14,0)	(44,1)	(703,142,79,22,23,13,12,4,6,1,4)	no	(1-8,2-3,5-9,6-7)(1-2,3-7,5-8,6-9)(0-8,4-5,7-9)(4-6,8-9)	-
2237	1372	10	(13,4,2)	-	5	(16,82,25,3,0)	(134,71,5,0)	(108,12,0)	(44,1)	(733,116,58,32,28,13,13,3,5,1,8)	no	(0-9,1-2,4-5,6-7)(1-9,3-6,4-7,5-8)(2-3,4-9,6-8)(5-9,7-8)	-
2238	3092	10	(13,4,2)	-	5	(16,82,27,1,0)	(124,84,2,0)	(102,18,0)	(43,2)	(722,126,79,19,26,10,9,6,5,1,4)	no	(0-9,2-7,3-6,4-5)(1-6,3-9,4-8,5-7)(2-8,4-9,6-7)(3-8,5-9)	-
2239	3072	10	(13,4,1)	-	5	(16,82,27,1,0)	(126,81,3,0)	(102,18,0)	(43,2)	(722,126,78,21,24,10,8,7,8,1,3)	no	(0-9,3-4,5-8,6-7)(2-3,4-9,5-7,6-8)(1-7,2-8,4-6,5-9)(8-9)	-
2240	3088	10	(13,4,1)	-	5	(16,82,27,1,0)	(126,81,3,0)	(102,18,0)	(43,2)	(724,118,81,23,24,14,12,4,4,2,2)	no	(2-5,3-8,4-9,6-7)(1-7,2-6,4-8,5-9)(0-9,3-6,4-7,5-8)(8-9)	-
2241	1580	10	(13,4,1)	-	5	(16,82,27,1,0)	(126,81,3,0)	(102,18,0)	(43,2)	(727,114,88,18,28,8,9,0,10,2,4)	no	(0-9,3-5,4-7,6-8)(2-6,3-9,4-8,5-7)(1-6,2-7,3-8,4-9)(5-9)	-
2242	8568	10	(13,4,10)	-	5	(16,82,27,1,0)	(130,77,3,0)	(106,14,0)	(44,1)	(694,160,73,28,9,19,9,6,2,3,6)	no	(1-9,2-3,5-6,7-8)(1-6,2-9,4-8,5-7)(0-8,3-7,4-6,5-9)(8-9)	-
2243	8852	10	(13,4,1)	-	5	(16,82,28,0,0)	(130,79,1,0)	(107,13,0)	(44,1)	(693,161,75,19,20,15,11,7,2,0,4)	no	(0-9,1-6,2-5,3-8,4-7)(1-9,3-5,4-8,6-7)(2-6,4-9,7-8)(5-9)	-
2244	8856	10	(13,4,2)	-	5	(16,82,28,0,0)	(130,79,1,0)	(107,13,0)	(44,1)	(699,159,62,29,19,12,12,7,3,2,4)	no	(0-9,1-6,4-8,5-7)(1-9,2-4,3-5,7-8)(3-8,4-9,6-7)(2-6,5-9)	-
2245	8836	10	(13,4,4)	-	5	(16,82,28,0,0)	(132,76,2,0)	(107,13,0)	(44,1)	(694,160,70,22,26,12,8,7,5,2,3)	no	(0-9,2-6,4-8,5-7)(1-9,3-4,5-8,6-7)(1-6,2-3,4-9,7-8)(5-9)	-
2246	912	10	(13,4,2)	-	5	(16,84,20,6,0)	(120,86,3,1)	(100,20,0)	(43,2)	(737,98,98,10,19,21,13,4,4,3,0)	no	(1-2,3-8,5-7,6-9)(0-5,1-3,2-4,6-8,7-9)(4-9,5-6,7-8)(8-9)	-
2247	672	10	(13,4,1)	-	5	(16,84,23,3,0)	(132,74,4,0)	(107,13,0)	(44,1)	(740,108,54,35,34,12,8,0,11,0,8)	no	(0-5,1-9,2-8,6-7)(2-9,3-6,4-7,5-8)(1-5,3-9,6-8)(4-9,7-8)	-
2248	1398	10	(13,4,1)	-	5	(16,84,24,2,0)	(132,74,4,0)	(106,14,0)	(44,1)	(686,172,81,18,12,4,12,14,0,8,1)	no	(1-9,3-8,4-6,5-7)(1-2,4-8,5-9,6-7)(0-8,2-7,3-5,6-9)(8-9)	-
2249	8524	10	(13,4,9)	-	5	(16,84,24,2,0)	(132,74,4,0)	(106,14,0)	(44,1)	(695,162,70,19,21,14,11,6,3,5,3)	no	(0-9,1-8,2-7,3-4,5-6)(0-8,1-9,4-5,6-7)(2-8,3-7,5-9)(6-9)	-
2250	1384	10	(13,4,1)	-	5	(16,84,24,2,0)	(132,74,4,0)	(106,14,0)	(44,1)	(696,158,79,18,20,6,8,14,0,8,3)	no	(0-9,2-7,4-5,6-8)(1-9,3-4,5-6,7-8)(1-6,2-9,3-8,5-7)(4-9)	-
2251	2214	10	(13,4,2)	-	5	(16,84,24,2,0)	(132,74,4,0)	(106,14,0)	(44,1)	(704,144,76,23,29,9,6,4,4,6,4)	no	(0-8,1-6,4-9,5-7)(1-8,2-7,4-6,5-9)(2-8,3-4,6-9)(3-5,7-9)	-
2252	726	10	(13,3,2)	-	5	(16,84,24,2,0)	(136,70,4,0)	(108,12,0)	(44,1)	(765,83,57,29,46,2,8,4,2,0,6)	no	(1-3,4-5,6-9,7-8)(2-3,4-6,5-8,7-9)(0-3,1-8,2-9,4-7,5-6)	-
2253	8716	10	(13,3,1)	-	5	(16,84,25,1,0)	(132,76,2,0)	(107,13,0)	(44,1)	(697,163,64,19,30,9,7,8,4,6,3)	no	(0-3,1-8,2-6,4-9,5-7)(1-7,3-4,5-8,6-9)(2-4,3-5,6-8,7-9)	-
2254	8668	10	(13,4,6)	-	5	(16,84,25,1,0)	(134,73,3,0)	(107,13,0)	(44,1)	(700,160,58,27,21,17,10,7,1,7,2)	no	(0-6,1-9,4-8,5-7)(1-6,2-9,3-4,7-8)(2-8,3-5,4-9,6-7)(5-9)	-
2255	3160	10	(13,4,1)	-	5	(16,84,26,0,0)	(128,80,2,0)	(102,18,0)	(43,2)	(709,134,86,15,31,9,9,7,6,1,1)	no	(0-9,2-7,4-8,5-6)(3-6,4-9,5-8)(1-8,2-3,4-7,6-9)(5-7,8-9)	-
2256	904	10	(13,4,1)	-	5	(16,84,26,0,0)	(128,80,2,0)	(102,18,0)	(43,2)	(719,127,74,20,29,17,8,8,3,1,4)	no	(0-9,3-7,4-8,5-6)(2-3,4-9,5-7,6-8)(1-8,2-6,4-5,7-9)(8-9)	-
2257	3088	10	(13,4,1)	-	5	(16,86,22,2,0)	(130,77,3,0)	(103,17,0)	(43,2)	(731,111,77,29,26,11,7,4,6,2,5)	no	(0-9,2-7,3-4,5-6)(1-6,3-9,4-8,5-7)(2-3,4-9,6-8)(5-9,7-8)	-
2258	4324	10	(13,4,1)	-	5	(16,86,22,2,0)	(134,73,3,0)	(107,13,0)	(44,1)	(706,136,82,24,29,6,8,5,6,2,5)	no	(1-9,2-8,4-6,5-7)(0-7,1-2,3-6,4-9,5-8)(3-7,4-8,5-9)(6-9)	-
2259	2684	10	(13,4,2)	-	5	(16,86,22,2,0)	(134,73,3,0)	(107,13,0)	(44,1)	(724,123,60,33,38,8,5,5,2,6,7)	no	(0-9,1-8,2-5,6-7)(0-7,1-9,3-5,6-8)(2-9,4-6,7-8)(3-9,4-5)	-
2260	3092	10	(13,4,1)	-	5	(16,86,23,1,0)	(128,80,2,0)	(102,18,0)	(43,2)	(722,104,101,23,28,8,11,2,6,1,2)	no	(0-9,1-7,4-6,5-8)(2-5,3-6,4-9,7-8)(2-6,3-8,4-7,5-9)(8-9)	-
2261	8836	10	(13,3,5)	-	5	(16,86,23,1,0)	(136,72,2,0)	(108,12,0)	(44,1)	(703,156,60,23,21,22,12,3,4,2,4)	no	(2-9,3-4,5-7,6-8)(0-3,1-7,2-6,4-5,8-9)(1-3,4-6,5-9,7-8)	-
2262	4512	10	(13,4,2)	-	5	(16,86,24,0,0)	(134,75,1,0)	(107,13,0)	(44,1)	(681,179,78,13,16,13,10,2,11,4,3)	no	(0-9,2-8,4-7,5-6)(1-5,2-6,3-7,4-9)(1-7,4-8,5-9)(3-8,6-9)	-
2263	8852	10	(13,4,2)	-	5	(16,86,24,0,0)	(134,75,1,0)	(107,13,0)	(44,1)	(687,163,86,16,17,13,9,7,4,3,4)	no	(0-9,3-8,4-5,6-7)(1-9,2-6,4-8,5-7)(1-6,2-8,3-7,4-9)(5-9)	-
2264	4428	10	(13,4,2)	-	5	(16,86,24,0,0)	(134,75,1,0)	(107,13,0)	(44,1)	(692,157,88,11,20,13,9,4,8,6,3)	no	(1-9,2-7,3-5,6-8)(1-7,2-6,4-8,5-9)(0-8,3-7,4-5,6-9)(8-9)	-
2265	8836	10	(13,4,3)	-	5	(16,86,24,0,0)	(136,72,2,0)	(107,13,0)	(44,1)	(687,162,86,17,17,12,9,7,7,3,2)	no	(0-9,3-7,4-6,5-8)(1-9,2-3,4-8,5-7)(2-8,4-9,6-7)(1-6,5-9)	-
2266	8836	10	(13,4,4)	-	5	(16,86,24,0,0)	(136,72,2,0)	(107,13,0)	(44,1)	(688,169,71,20,18,17,9,7,5,4,1)	no	(0-9,2-8,4-6,5-7)(1-9,3-5,4-8,6-7)(1-6,2-3,4-9,7-8)(5-9)	-
2267	1344	10	(13,4,1)	-	5	(16,88,19,3,0)	(136,70,4,0)	(107,13,0)	(44,1)	(715,118,95,27,22,10,6,0,10,0,0)	no	(0-5,2-8,4-7,6-9)(1-5,2-9,3-8,6-7)(3-6,4-8,7-9)(1-9,5-8)	-
2268	4512	10	(13,4,3)	-	5	(16,88,21,1,0)	(136,72,2,0)	(107,13,0)	(44,1)	(679,175,79,19,22,9,10,2,7,4,2)	no	(0-9,2-5,4-7,6-8)(1-8,3-6,4-9,5-7)(1-7,2-3,4-8,5-9)(6-9)	-
2269	4412	10	(13,4,1)	-	5	(16,88,21,1,0)	(136,72,2,0)	(107,13,0)	(44,1)	(688,155,89,17,31,5,7,4,6,4,1)	no	(0-9,2-6,4-8,5-7)(1-9,3-4,5-8,6-7)(1-6,2-8,3-7,4-9)(5-9)	-
2270	4372	10	(13,4,2)	-	5	(16,88,21,1,0)	(136,72,2,0)	(107,13,0)	(44,1)	(703,133,93,27,18,9,7,2,12,2,3)	no	(0-5,2-7,3-8,6-9)(1-9,3-7,4-6,5-8)(1-5,2-9,4-7,6-8)(8-9)	-
2271	2684	10	(13,4,2)	-	5	(16,90,18,2,0)	(138,69,3,0)	(107,13,0)	(44,1)	(704,143,81,27,13,11,12,0,8,10,2)	no	(0-9,2-8,3-7,5-6)(0-8,1-9,2-7,3-5,4-6)(1-8,4-7,5-9)(6-9)	-
2272	8836	10	(13,4,1)	-	5	(16,90,19,1,0)	(140,68,2,0)	(108,12,0)	(44,1)	(700,142,87,27,11,16,10,2,8,4,3)	no	(1-9,2-8,4-5,6-7)(0-8,1-6,2-9,3-4,5-7)(3-6,4-9,7-8)(5-9)	-
2273	124	10	(13,4,2)	-	5	(24,52,44,6,0)	(124,70,15,1)	(104,14,2)	(43,2)	(797,72,48,9,33,0,30,0,12,0,3)	no	(0-9,1-2,3-5,4-7,6-8)(2-9,3-6,4-8,5-7)(3-9,5-6,7-8)(4-9)	-
2274	876	10	(13,4,5)	-	5	(24,62,37,3,0)	(126,73,11,0)	(102,17,1)	(43,2)	(735,106,92,18,13,12,18,2,4,0,8)	no	(2-6,3-7,4-8,5-9)(1-3,4-9,5-7,6-8)(0-9,2-4,5-6,7-8)(8-9)	-
2275	908	10	(13,4,3)	-	5	(24,62,39,1,0)	(134,65,11,0)	(104,15,1)	(43,2)	(781,72,62,24,20,10,11,18,5,0,2)	no	(2-9,3-6,4-8,5-7)(0-8,1-2,3-9,4-7,5-6)(3-8,4-9,6-7)(5-9)	-
2276	121	10	(13,4,1)	-	5	(24,64,32,6,0)	(124,76,9,1)	(100,20,0)	(43,2)	(747,79,108,3,43,5,13,6,8,0,0)	yes	(0-6,1-7,2-8,3-5,4-9)(2-5,4-8,6-9)(4-5,6-8,7-9)(3-9,7-8)	-
2277	452	10	(13,4,3)	-	5	(24,64,36,2,0)	(136,62,12,0)	(104,15,1)	(43,2)	(785,64,73,6,32,10,17,10,6,0,0)	no	(2-9,3-4,5-6,7-8)(1-2,3-9,4-7,6-8)(0-8,3-6,4-9,5-7)(5-9)	-
2278	740	10	(13,4,2)	-	5	(24,64,37,1,0)	(128,76,6,0)	(105,15,0)	(44,1)	(705,128,105,12,17,15,12,0,9,2,6)	no	(0-7,1-8,2-6,4-9)(2-9,3-8,6-7)(1-6,3-4,5-9,7-8)(5-8,7-9)	-
2279	924	10	(13,3,1)	-	5	(24,66,33,3,0)	(126,77,7,0)	(102,18,0)	(43,2)	(748,84,92,20,28,12,6,8,9,0,1)	yes	(0-3,1-6,2-4,5-8,7-9)(2-7,3-4,5-9,6-8)(1-4,3-5,6-9,7-8)	-
2280	868	10	(13,4,4)	-	5	(24,66,33,3,0)	(130,69,11,0)	(102,17,1)	(43,2)	(732,112,76,20,32,12,7,9,4,0,3)	no	(0-7,1-3,2-9,4-6,5-8)(4-7,5-9,6-8)(2-4,3-5,6-9,7-8)(8-9)	-
2281	908	10	(13,4,3)	-	5	(24,66,33,3,0)	(130,71,9,0)	(104,15,1)	(43,2)	(749,100,76,19,35,0,12,0,5,2,1)	no	(0-9,1-2,3-4,5-8,6-7)(2-6,3-9,4-8,5-7)(3-6,4-9,7-8)(5-9)	-
2282	3004	10	(13,4,4)	-	5	(24,66,34,2,0)	(124,80,6,0)	(101,19,0)	(43,2)	(728,110,81,32,24,8,10,5,9,1,0)	no	(1-7,3-8,4-9,5-6)(2-6,3-5,4-8,7-9)(0-9,2-4,5-7,6-8)(8-9)	-
2283	3092	10	(13,4,7)	-	5	(24,66,35,1,0)	(124,82,4,0)	(102,18,0)	(43,2)	(730,104,94,26,23,8,5,6,3,3,9)	no	(0-9,3-6,4-5,7-8)(2-6,3-9,4-8,5-7)(1-3,2-8,4-9,6-7)(5-9)	-
2284	908	10	(13,4,1)	-	5	(24,66,35,1,0)	(130,71,9,0)	(102,17,1)	(43,2)	(724,120,86,11,26,6,27,0,4,0,6)	no	(3-8,4-7,6-9)(0-9,1-3,2-7,4-8,5-6)(2-6,4-9,5-8)(5-9,7-8)	-
2285	908	10	(13,4,1)	-	5	(24,66,35,1,0)	(130,71,9,0)	(102,17,1)	(43,2)	(734,106,86,11,34,4,21,0,6,2,8)	no	(0-9,1-3,2-4,5-8,6-7)(4-9,5-7,6-8)(2-6,3-8,4-7,5-9)(8-9)	-
2286	920	10	(13,4,1)	-	5	(24,66,35,1,0)	(130,73,7,0)	(102,18,0)	(43,2)	(737,100,76,24,43,10,10,3,5,0,4)	no	(0-7,2-8,4-9,5-6)(1-6,3-5,4-8,7-9)(2-5,3-9,4-6,7-8)(8-9)	-
2287	920	10	(13,4,2)	-	5	(24,68,32,2,0)	(120,86,4,0)	(100,20,0)	(43,2)	(729,112,92,3,33,10,17,0,10,0,3)	no	(0-9,2-4,5-6,7-8)(1-7,3-5,4-9,6-8)(2-8,4-6,5-9)(3-8,7-9)	-
2288	794	10	(13,4,2)	-	5	(24,68,32,2,0)	(128,76,6,0)	(102,18,0)	(43,2)	(738,95,92,16,25,12,26,0,4,0,4)	no	(2-4,3-9,5-7,6-8)(1-6,3-5,4-9,7-8)(0-8,2-3,4-7,5-9)(6-9)	-
2289	666	10	(13,4,1)	-	5	(24,68,32,2,0)	(132,72,6,0)	(106,14,0)	(44,1)	(718,102,115,11,36,4,7,7,3,0,8)	no	(1-8,5-9,6-7)(0-5,1-2,3-8,4-7,6-9)(2-9,3-7,5-8)(4-9,6-8)	-
2290	1254	10	(13,4,3)	-	5	(24,68,33,0,1)	(136,64,10,0)	(105,15,0)	(44,1)	(705,141,79,30,10,19,6,3,7,8,0)	no	(0-9,1-8,2-3,4-6,5-7)(0-8,1-9,2-4,3-5,6-7)(5-9,7-8)(6-9)	-
2291	3042	10	(13,4,3)	-	5	(24,68,33,1,0)	(136,70,4,0)	(111,9,0)	(45,0)	(700,142,82,20,23,11,8,6,12,6,2)	no	(0-8,3-6,7-9)(1-9,2-8,4-6,5-7)(0-1,2-9,3-8,5-6)(4-9,7-8)	-
2292	798	10	(13,4,1)	-	5	(24,68,34,0,0)	(132,72,6,0)	(102,18,0)	(43,2)	(731,111,66,44,22,10,8,8,8,1,0)	no	(0-7,1-6,2-9,3-5,4-8)(2-3,4-9,5-7,6-8)(4-5,6-9,7-8)(8-9)	-
2293	117	10	(13,3,1)	-	5	(24,68,34,0,0)	(136,64,10,0)	(104,16,0)	(43,2)	(811,84,54,3,20,0,1,6,3,0,24)	yes	(2-3,4-8,5-9,6-7)(2-4,3-5,6-9,7-8)(0-9,1-8,2-7,3-6,4-5)	-
2294	3004	10	(13,4,3)	-	5	(24,70,30,2,0)	(128,76,6,0)	(101,19,0)	(43,2)	(726,111,89,27,14,11,16,6,5,2,2)	no	(1-6,2-4,5-7,8-9)(3-8,5-9,6-7)(0-9,2-5,3-4,7-8)(6-8,7-9)	-
2295	3088	10	(13,4,1)	-	5	(24,70,30,2,0)	(130,75,5,0)	(103,17,0)	(43,2)	(745,95,65,45,25,5,18,1,3,6,1)	no	(0-9,2-4,3-6,5-7)(3-9,4-6,5-8)(1-3,2-8,4-9,6-7)(5-9,7-8)	-
2296	3004	10	(13,4,5)	-	5	(24,70,30,2,0)	(132,72,6,0)	(103,17,0)	(43,2)	(740,108,67,41,18,8,9,6,3,2,7)	no	(0-8,3-9,4-7,5-6)(1-6,2-5,3-8,4-9)(3-4,5-9,7-8)(2-7,6-9)	-
2297	2936	10	(13,4,3)	-	5	(24,70,30,2,0)	(134,67,9,0)	(103,16,1)	(43,2)	(730,112,80,21,23,16,12,4,6,3,2)	no	(0-9,1-3,2-6,4-5,7-8)(4-9,5-7,6-8)(2-4,3-8,5-9,6-7)(8-9)	-
2298	3092	10	(13,4,1)	-	5	(24,70,31,1,0)	(128,78,4,0)	(102,18,0)	(43,2)	(727,110,87,21,28,9,13,6,4,1,1)	no	(2-5,3-8,4-6,7-9)(1-7,2-6,4-8,5-9)(3-5,4-9,6-8)(0-9,7-8)	-
2299	952	10	(13,3,1)	-	5	(24,70,31,1,0)	(130,73,7,0)	(104,16,0)	(43,2)	(810,76,49,22,15,2,7,3,0,16,0)	no	(2-3,4-5,6-9,7-8)(0-9,1-8,2-5,3-7,4-6)(2-7,3-6,4-8,5-9)	-
2300	3032	10	(13,4,5)	-	5	(24,70,31,1,0)	(130,75,5,0)	(102,18,0)	(43,2)	(727,112,86,23,22,14,7,5,8,2,4)	no	(2-7,3-9,4-6,5-8)(0-6,1-5,2-8,3-7,4-9)(3-8,4-7,5-9)(6-9)	-
2301	952	10	(13,4,1)	-	5	(24,70,31,1,0)	(130,75,5,0)	(102,18,0)	(43,2)	(729,110,85,29,18,10,13,4,6,0,4)	no	(4-8,5-9,6-7)(1-7,2-6,4-9,5-8)(0-9,2-4,3-5,7-8)(3-6,8-9)	-
2302	920	10	(13,4,2)	-	5	(24,70,31,1,0)	(130,75,5,0)	(102,18,0)	(43,2)	(729,118,84,18,25,4,6,14,3,0,7)	no	(0-9,3-5,4-6,7-8)(1-7,2-8,4-9,5-6)(2-4,3-8,5-9,6-7)(8-9)	-
2303	3072	10	(13,4,1)	-	5	(24,70,31,1,0)	(130,75,5,0)	(102,18,0)	(43,2)	(730,109,87,19,25,7,17,4,6,2,3)	no	(2-3,4-8,5-6,7-9)(4-9,5-8,6-7)(0-9,1-7,2-4,3-5,6-8)(8-9)	-
2304	3004	10	(13,4,2)	-	5	(24,70,31,1,0)	(132,72,6,0)	(102,18,0)	(43,2)	(731,113,75,29,19,15,10,7,6,0,3)	no	(2-3,4-8,5-6,7-9)(0-7,1-6,4-9,5-8)(2-5,3-4,6-9,7-8)(8-9)	-
2305	4388	10	(13,4,2)	-	5	(24,70,31,1,0)	(134,71,5,0)	(106,14,0)	(44,1)	(686,163,79,24,23,11,2,9,5,3,3)	no	(1-9,2-7,4-5,6-8)(1-3,4-8,5-9,6-7)(0-8,2-3,5-7,6-9)(8-9)	-
2306	3092	10	(13,4,2)	-	5	(24,70,32,0,0)	(132,74,4,0)	(103,17,0)	(43,2)	(729,115,84,27,17,7,10,5,6,4,3)	no	(1-6,3-9,4-8,5-7)(0-8,3-5,4-9,6-7)(2-4,3-8,5-9)(2-7,6-9)	-
2307	908	10	(13,4,3)	-	5	(24,72,22,8,0)	(124,78,7,1)	(100,20,0)	(43,2)	(750,76,94,26,32,9,9,0,2,10,4)	no	(1-2,3-6,5-8,7-9)(1-3,4-7,5-9,6-8)(0-5,2-4,6-9,7-8)(8-9)	-
2308	340	10	(13,4,2)	-	5	(24,72,24,6,0)	(144,56,9,1)	(110,9,1)	(44,1)	(791,69,36,21,51,6,15,0,12,0,2)	no	(0-1,2-3,4-6,5-8,7-9)(1-2,3-4,5-9,6-7)(3-5,4-7,6-8)(8-9)	-
2309	1508	10	(13,4,1)	-	5	(24,72,27,3,0)	(128,76,6,0)	(101,19,0)	(43,2)	(728,110,78,36,22,13,8,2,5,4,2)	no	(0-5,3-9,4-7,6-8)(1-6,3-8,4-9,5-7)(2-7,3-4,5-9)(2-8,6-9)	-
2310	267	10	(13,3,2)	-	5	(24,72,28,2,0)	(128,76,6,0)	(104,16,0)	(43,2)	(809,70,69,3,15,12,0,0,24,0,0)	no	(2-3,4-5,6-8,7-9)(2-4,3-6,5-7,8-9)(0-9,1-8,2-6,3-5,4-7)	-
2311	952	10	(13,4,1)	-	5	(24,72,28,2,0)	(128,78,4,0)	(102,18,0)	(43,2)	(722,120,97,16,23,0,16,4,1,0,2)	no	(0-9,3-6,4-5,7-8)(1-7,2-8,4-9,5-6)(2-5,3-8,4-6,7-9)(8-9)	-
2312	1536	10	(13,4,1)	-	5	(24,72,28,2,0)	(128,78,4,0)	(102,18,0)	(43,2)	(731,100,109,8,18,14,15,0,7,2,4)	no	(0-9,2-4,5-8,6-7)(1-7,2-3,4-9,6-8)(3-8,4-5,7-9)(5-6,8-9)	-
2313	802	10	(13,3,3)	-	5	(24,72,28,2,0)	(130,73,7,0)	(104,16,0)	(43,2)	(807,69,60,28,11,6,1,8,0,0,8)	no	(0-9,1-8,2-3,4-5,6-7)(2-4,3-6,5-8,7-9)(2-7,3-5,4-8,6-9)	-
2314	802	10	(13,4,1)	-	5	(24,72,28,2,0)	(130,75,5,0)	(102,18,0)	(43,2)	(721,125,76,32,14,14,8,12,4,3,0)	no	(1-8,2-4,5-9,6-7)(3-5,4-8,6-9)(0-9,2-6,4-5,7-8)(3-7,8-9)	-
2315	1524	10	(13,4,2)	-	5	(24,72,28,2,0)	(130,75,5,0)	(102,18,0)	(43,2)	(727,113,88,22,18,16,10,8,4,0,2)	no	(2-9,3-8,4-6,5-7)(0-7,1-6,4-8,5-9)(2-4,3-5,6-8,7-9)(8-9)	-
2316	3004	10	(13,4,1)	-	5	(24,72,28,2,0)	(130,75,5,0)	(102,18,0)	(43,2)	(732,107,92,22,20,6,10,5,5,0,10)	no	(0-9,1-7,2-3,4-5,6-8)(2-5,4-9,7-8)(3-8,4-6,5-9)(6-7,8-9)	-
2317	1550	10	(13,4,2)	-	5	(24,72,28,2,0)	(130,75,5,0)	(102,18,0)	(43,2)	(733,101,85,36,19,14,4,2,8,1,6)	no	(0-6,3-9,4-5,7-8)(1-5,3-8,4-9,6-7)(2-3,4-8,5-9)(2-7,6-9)	-
2318	1334	10	(13,3,1)	-	5	(24,72,28,2,0)	(132,74,4,0)	(106,14,0)	(44,1)	(706,144,79,18,20,14,12,4,2,8,1)	yes	(0-7,2-8,4-5,6-9)(1-7,3-9,4-6,5-8)(0-5,1-6,2-9,3-8,4-7)	-
2319	1240	10	(13,4,3)	-	5	(24,72,28,2,0)	(140,62,8,0)	(108,11,1)	(44,1)	(722,122,80,14,22,14,17,9,7,0,4)	no	(0-1,2-8,3-7,4-6,5-9)(4-7,5-8,6-9)(1-5,2-6,3-8,7-9)(8-9)	-
2320	609	10	(13,4,1)	-	5	(24,72,28,2,0)	(140,66,4,0)	(112,8,0)	(45,0)	(719,113,96,6,40,0,10,6,20,0,0)	no	(0-8,1-3,4-7,6-9)(0-2,1-8,5-9,6-7)(2-9,4-8,5-7)(3-9,6-8)	-
2321	1548	10	(13,4,2)	-	5	(24,72,29,1,0)	(128,78,4,0)	(101,19,0)	(43,2)	(716,121,90,26,17,12,16,4,0,3,4)	no	(1-6,2-5,3-8,7-9)(4-7,5-9,6-8)(0-9,2-4,3-5,7-8)(6-7,8-9)	-
2322	1534	10	(13,4,2)	-	5	(24,72,29,1,0)	(130,75,5,0)	(101,19,0)	(43,2)	(721,118,87,25,16,13,12,6,7,4,2)	no	(2-3,4-6,5-7,8-9)(0-9,2-4,5-8,6-7)(3-5,6-9,7-8)(1-8,7-9)	-
2323	3156	10	(13,4,1)	-	5	(24,72,29,1,0)	(130,77,3,0)	(103,17,0)	(43,2)	(727,117,82,22,24,14,7,3,5,1,7)	no	(0-9,3-6,4-5,7-8)(2-4,3-9,5-7,6-8)(1-3,2-8,4-9,6-7)(5-9)	-
2324	8836	10	(13,4,7)	-	5	(24,72,29,1,0)	(134,73,3,0)	(107,13,0)	(44,1)	(698,148,83,17,24,14,8,6,5,1,5)	no	(0-9,1-2,3-6,4-7,5-8)(1-9,2-7,4-8,5-6)(3-7,4-9,6-8)(5-9)	-
2325	2704	10	(13,4,1)	-	5	(24,72,29,1,0)	(136,70,4,0)	(107,13,0)	(44,1)	(701,146,83,18,18,16,8,9,6,0,4)	no	(0-9,2-5,4-7,6-8)(1-9,3-5,4-8,6-7)(1-6,2-7,3-8,4-9)(5-9)	-
2326	2700	10	(13,4,2)	-	5	(24,72,29,1,0)	(136,70,4,0)	(107,13,0)	(44,1)	(709,136,81,18,24,14,8,5,8,2,6)	no	(0-9,1-2,3-6,4-8,5-7)(1-9,3-4,5-8,6-7)(2-7,4-9,6-8)(5-9)	-
2327	1578	10	(13,4,2)	-	5	(24,72,30,0,0)	(130,77,3,0)	(102,18,0)	(43,2)	(717,123,92,13,20,24,8,7,2,0,0)	no	(2-4,3-9,5-6,7-8)(0-7,1-6,4-9,5-8)(2-8,3-5,4-6,7-9)(8-9)	-
2328	3088	10	(13,4,1)	-	5	(24,72,30,0,0)	(132,74,4,0)	(102,18,0)	(43,2)	(715,129,84,21,21,8,17,7,4,1,2)	no	(0-7,3-5,4-8,6-9)(1-6,2-3,5-8,7-9)(2-9,4-5,6-8)(4-7,8-9)	-
2329	3004	10	(13,4,1)	-	5	(24,74,26,2,0)	(128,78,4,0)	(101,19,0)	(43,2)	(721,115,91,22,21,12,13,6,3,1,4)	no	(2-7,3-6,4-5,8-9)(0-9,2-3,5-7,6-8)(4-6,5-9,7-8)(1-8,7-9)	-
2330	4324	10	(13,4,4)	-	5	(24,74,26,2,0)	(138,67,5,0)	(107,13,0)	(44,1)	(706,132,87,25,26,5,8,7,7,4,4)	no	(1-9,3-4,5-6,7-8)(2-7,3-6,4-8,5-9)(0-8,1-2,5-7,6-9)(8-9)	-
2331	1372	10	(13,3,2)	-	5	(24,74,26,2,0)	(142,63,5,0)	(109,11,0)	(44,1)	(733,112,72,32,15,8,19,3,7,0,6)	no	(2-8,3-4,5-9,6-7)(1-3,4-5,6-9,7-8)(0-3,1-2,4-6,5-8,7-9)	-
2332	4544	10	(13,4,1)	-	5	(24,74,27,1,0)	(138,69,3,0)	(108,12,0)	(44,1)	(708,141,67,28,23,14,12,10,3,1,1)	no	(0-9,1-2,4-8,5-6)(1-9,2-8,3-4,5-7)(4-9,6-7)(3-6,5-9,7-8)	-
2333	4284	10	(13,4,2)	-	5	(24,74,27,1,0)	(138,69,3,0)	(108,12,0)	(44,1)	(712,128,72,45,13,11,14,8,2,3,3)	no	(1-9,2-8,4-6,5-7)(0-7,1-3,2-9,4-8,5-6)(3-6,4-9,7-8)(5-9)	-
2334	4336	10	(13,4,3)	-	5	(24,74,28,0,0)	(134,75,1,0)	(107,13,0)	(44,1)	(702,143,87,13,19,15,13,4,9,2,5)	no	(1-9,2-7,4-8,5-6)(0-8,1-6,2-9,3-4,5-7)(3-6,4-9,7-8)(5-9)	-
2335	3092	10	(13,4,1)	-	5	(24,74,28,0,0)	(136,70,4,0)	(103,17,0)	(43,2)	(729,112,71,35,26,13,14,2,3,2,1)	no	(1-5,3-9,4-8,6-7)(0-6,2-3,4-9,5-8)(3-4,5-9,7-8)(2-7,6-9)	-
2336	3092	10	(13,4,1)	-	5	(24,74,28,0,0)	(136,70,4,0)	(103,17,0)	(43,2)	(729,114,77,22,24,16,13,4,8,2,1)	no	(2-9,3-4,5-7,6-8)(0-8,1-5,2-6,3-9,4-7)(3-8,4-9,6-7)(5-9)	-
2337	4376	10	(13,4,3)	-	5	(24,74,28,0,0)	(136,72,2,0)	(107,13,0)	(44,1)	(706,136,84,24,17,16,7,5,8,4,4)	no	(0-5,1-9,4-7,6-8)(2-9,3-7,4-8,5-6)(1-8,2-7,3-6,4-9)(5-9)	-
2338	300	10	(13,4,1)	-	5	(24,76,20,6,0)	(124,82,3,1)	(100,20,0)	(43,2)	(748,77,106,3,40,11,13,0,8,0,0)	no	(2-6,3-7,4-5,8-9)(1-9,2-3,4-7,6-8)(6-9,7-8)(0-8,5-6,7-9)	-
2339	1332	10	(13,4,1)	-	5	(24,76,23,3,0)	(144,58,8,0)	(109,10,1)	(44,1)	(723,112,94,14,18,12,21,2,12,0,1)	no	(0-1,2-8,3-6,4-7,5-9)(2-6,5-8,7-9)(1-5,3-9,4-6,7-8)(8-9)	-
2340	3032	10	(13,4,1)	-	5	(24,76,24,2,0)	(132,74,4,0)	(102,18,0)	(43,2)	(727,104,95,23,23,13,12,2,4,4,1)	no	(1-6,2-9,4-8,5-7)(0-7,3-5,4-9,6-8)(2-5,3-4,6-9,7-8)(8-9)	-
2341	952	10	(13,4,1)	-	5	(24,76,24,2,0)	(132,74,4,0)	(102,18,0)	(43,2)	(735,100,80,23,37,16,9,0,6,0,0)	no	(0-9,2-4,5-6,7-8)(1-7,3-6,4-9,5-8)(2-5,3-4,6-8,7-9)(8-9)	-
2342	2214	10	(13,4,1)	-	5	(24,76,24,2,0)	(140,66,4,0)	(108,12,0)	(44,1)	(709,144,72,12,25,20,14,6,3,4,0)	no	(0-7,1-9,2-8,3-5,4-6)(1-2,4-9,5-8,6-7)(3-7,4-8,5-9)(6-9)	-
2343	1334	10	(13,3,1)	-	5	(24,76,24,2,0)	(140,66,4,0)	(108,12,0)	(44,1)	(717,127,73,33,12,26,8,4,8,0,1)	no	(1-6,3-4,5-9,7-8)(2-9,3-5,4-8,6-7)(0-3,1-8,2-6,4-5,7-9)	-
2344	1840	10	(13,4,2)	-	5	(24,76,24,2,0)	(144,62,4,0)	(112,8,0)	(45,0)	(708,134,75,35,12,6,14,8,14,6,0)	no	(0-9,1-8,4-7,5-6)(1-9,2-8,3-6,5-7)(0-2,3-8,6-9)(4-8,7-9)	-
2345	3088	10	(13,4,1)	-	5	(24,76,25,1,0)	(136,70,4,0)	(103,17,0)	(43,2)	(726,111,85,27,21,17,10,1,10,0,0)	no	(2-4,3-9,5-6,7-8)(1-6,3-8,4-9,5-7)(0-8,2-7,3-4,5-9)(6-9)	-
2346	3088	10	(13,4,1)	-	5	(24,76,25,1,0)	(136,70,4,0)	(103,17,0)	(43,2)	(726,118,73,32,21,12,13,2,8,2,3)	no	(2-9,3-4,5-8,6-7)(0-5,1-4,2-6,3-9,7-8)(3-7,4-9,6-8)(5-9)	-
2347	8668	10	(13,4,7)	-	5	(24,76,25,1,0)	(138,69,3,0)	(107,13,0)	(44,1)	(691,154,87,30,10,7,11,4,5,7,5)	no	(1-9,3-7,4-8,5-6)(1-3,2-6,5-9,7-8)(0-8,2-7,4-5,6-9)(8-9)	-
2348	8524	10	(13,4,4)	-	5	(24,76,25,1,0)	(140,66,4,0)	(107,13,0)	(44,1)	(690,153,84,25,20,15,7,1,6,6,4)	no	(1-9,2-7,4-6,5-8)(1-2,3-7,5-9,6-8)(0-8,3-4,5-7,6-9)(8-9)	-
2349	8648	10	(13,4,4)	-	5	(24,76,25,1,0)	(140,66,4,0)	(107,13,0)	(44,1)	(692,159,76,28,15,10,8,9,6,4,4)	no	(1-9,3-5,4-6,7-8)(0-7,2-6,4-9,5-8)(1-7,2-3,4-8,5-9)(6-9)	-
2350	4384	10	(13,4,1)	-	5	(24,76,25,1,0)	(140,66,4,0)	(107,13,0)	(44,1)	(693,149,85,23,28,5,6,9,6,1,5)	no	(1-8,3-4,5-9,6-7)(1-2,3-7,5-8,6-9)(0-8,2-6,4-5,7-9)(8-9)	-
2351	2208	10	(13,4,1)	-	5	(24,76,25,1,0)	(140,66,4,0)	(107,13,0)	(44,1)	(696,147,86,18,24,12,6,6,9,4,5)	no	(0-5,1-8,2-3,4-7,6-9)(1-9,3-8,5-6)(4-8,7-9)(2-9,5-8,6-7)	-
2352	4324	10	(13,4,1)	-	5	(24,76,25,1,0)	(144,62,4,0)	(109,11,0)	(44,1)	(722,124,63,33,20,21,13,5,4,3,3)	no	(1-9,2-8,4-6,5-7)(1-3,4-9,5-8,6-7)(0-7,2-3,4-8,5-9)(6-9)	-
2353	840	10	(13,4,1)	-	5	(24,76,26,0,0)	(130,79,1,0)	(102,18,0)	(43,2)	(699,145,96,4,28,14,12,4,2,1,4)	no	(1-8,2-7,4-5,6-9)(3-5,4-8,7-9)(0-9,2-4,5-8,6-7)(3-6,8-9)	-
2354	1602	10	(13,4,1)	-	5	(24,76,26,0,0)	(132,76,2,0)	(102,18,0)	(43,2)	(697,147,96,10,27,0,16,6,5,3,4)	no	(1-8,3-7,4-6,5-9)(2-6,4-8,7-9)(0-9,2-3,4-5,6-8)(5-7,8-9)	-
2355	1628	10	(13,4,1)	-	5	(24,76,26,0,0)	(132,76,2,0)	(102,18,0)	(43,2)	(701,146,88,8,28,14,10,4,6,2,4)	no	(1-8,3-7,4-5,6-9)(2-6,4-8,7-9)(0-9,2-3,4-6,5-8)(5-7,8-9)	-
2356	2592	10	(13,3,2)	-	5	(24,78,21,3,0)	(142,63,5,0)	(108,12,0)	(44,1)	(717,122,83,33,12,13,8,5,8,9,1)	no	(0-3,1-6,2-8,4-7,5-9)(1-9,3-4,5-8,6-7)(2-7,3-5,4-9,6-8)	-
2357	2572	10	(13,4,2)	-	5	(24,78,22,2,0)	(138,69,3,0)	(107,13,0)	(44,1)	(716,121,88,29,10,15,10,4,15,0,1)	no	(1-9,2-8,4-5,6-7)(2-5,3-7,4-9,6-8)(0-4,1-7,3-8,5-9)(6-9)	-
2358	8668	10	(13,4,2)	-	5	(24,78,23,1,0)	(140,68,2,0)	(108,12,0)	(44,1)	(695,152,78,27,16,14,14,3,4,3,3)	no	(0-7,1-9,4-8,5-6)(2-6,3-8,4-9,5-7)(1-3,2-8,4-7,5-9)(6-9)	-
2359	8836	10	(13,3,4)	-	5	(24,78,23,1,0)	(140,68,2,0)	(108,12,0)	(44,1)	(699,147,84,23,15,16,7,4,8,1,6)	no	(2-9,3-4,5-8,6-7)(1-3,4-5,6-9,7-8)(0-3,1-7,2-8,4-6,5-9)	-
2360	4412	10	(13,4,1)	-	5	(24,78,23,1,0)	(140,68,2,0)	(108,12,0)	(44,1)	(702,144,76,24,22,20,5,4,4,6,4)	no	(1-9,2-7,3-6,5-8)(1-7,2-4,5-9,6-8)(0-8,3-7,4-5,6-9)(8-9)	-
2361	8940	10	(13,4,1)	-	5	(24,78,23,1,0)	(142,65,3,0)	(108,12,0)	(44,1)	(697,151,76,26,18,16,7,9,3,3,4)	no	(0-9,2-7,4-5,6-8)(1-9,3-4,5-8,6-7)(1-2,3-6,4-9,7-8)(5-9)	-
2362	8768	10	(13,4,1)	-	5	(24,78,23,1,0)	(142,65,3,0)	(108,12,0)	(44,1)	(700,148,80,18,26,9,9,8,7,2,3)	no	(0-8,2-5,4-9,6-7)(1-7,3-6,4-8,5-9)(1-8,2-3,4-5,6-9)(7-9)	-
2363	2704	10	(13,4,1)	-	5	(24,78,23,1,0)	(142,65,3,0)	(108,12,0)	(44,1)	(702,153,74,17,14,22,11,6,5,0,5)	no	(0-9,1-6,2-8,3-5,4-7)(1-9,2-4,5-7,6-8)(3-8,4-9,6-7)(5-9)	-
2364	8600	10	(13,4,6)	-	5	(24,78,23,1,0)	(142,65,3,0)	(108,12,0)	(44,1)	(703,135,83,36,14,16,6,6,4,1,6)	no	(1-9,2-8,4-6,5-7)(0-5,1-3,2-9,4-8,6-7)(3-6,4-9,7-8)(5-9)	-
2365	2700	10	(13,3,1)	-	5	(24,78,23,1,0)	(142,65,3,0)	(108,12,0)	(44,1)	(708,135,86,19,12,24,13,4,1,0,7)	no	(2-7,3-4,5-9,6-8)(1-3,4-5,6-9,7-8)(0-3,1-8,2-5,4-6,7-9)	-
2366	4524	10	(13,4,1)	-	5	(24,78,24,0,0)	(140,70,0,0)	(109,11,0)	(44,1)	(703,144,74,44,10,2,11,3,6,6,4)	no	(0-9,1-8,4-5,6-7)(1-6,2-7,3-5,4-9)(2-8,4-7,5-9)(3-8,6-9)	-
2367	8852	10	(13,3,1)	-	5	(24,78,24,0,0)	(142,67,1,0)	(109,11,0)	(44,1)	(700,143,78,31,21,13,9,4,7,2,1)	no	(0-3,1-9,2-4,5-7,6-8)(1-6,3-4,5-8,7-9)(2-6,3-5,4-9,7-8)	-
2368	4428	10	(13,4,1)	-	5	(24,78,24,0,0)	(142,67,1,0)	(109,11,0)	(44,1)	(708,141,71,29,15,15,12,4,7,8,2)	no	(1-9,2-8,4-5,6-7)(0-7,1-8,2-6,3-5,4-9)(3-8,4-7,5-9)(6-9)	-
2369	6172	10	(13,3,1)	-	5	(24,78,24,0,0)	(146,63,1,0)	(113,7,0)	(45,0)	(683,187,50,18,25,9,16,11,6,7,0)	no	(0-7,1-9,2-8,3-6,4-5)(1-7,2-9,4-6,5-8)(0-8,3-5,4-7,6-9)	-
2370	566	10	(13,4,1)	-	5	(24,80,16,6,0)	(132,74,3,1)	(102,18,0)	(43,2)	(742,89,101,15,30,7,4,8,10,2,0)	no	(1-7,3-5,4-8,6-9)(0-6,2-4,5-8,7-9)(2-9,4-5,6-8)(3-9,7-8)	-
2371	1954	10	(13,4,1)	-	5	(24,80,19,3,0)	(148,58,4,0)	(113,7,0)	(45,0)	(706,138,73,25,32,6,2,12,12,4,0)	no	(0-9,1-2,3-8,6-7)(0-8,1-9,2-3,4-6,5-7)(4-8,6-9)(5-8,7-9)	-
2372	2684	10	(13,3,1)	-	5	(24,80,20,2,0)	(144,62,4,0)	(108,12,0)	(44,1)	(708,142,69,26,31,10,9,2,5,4,2)	no	(0-7,3-6,4-5,8-9)(0-8,1-7,2-5,3-9,4-6)(1-8,2-9,4-7,5-6)	-
2373	8940	10	(13,3,1)	-	5	(24,80,21,1,0)	(144,64,2,0)	(109,11,0)	(44,1)	(704,150,65,28,20,15,11,7,7,0,1)	no	(2-8,3-4,5-6,7-9)(0-3,1-7,2-6,4-5,8-9)(1-3,4-6,5-9,7-8)	-
2374	2252	10	(13,4,1)	-	5	(24,80,21,1,0)	(144,64,2,0)	(109,11,0)	(44,1)	(706,134,89,20,30,4,3,3,9,8,5)	no	(0-9,1-3,2-8,4-5,6-7)(1-7,2-3,4-9,5-8)(4-7,5-9,6-8)(6-9)	-
2375	8716	10	(13,3,4)	-	5	(24,80,21,1,0)	(144,64,2,0)	(109,11,0)	(44,1)	(708,135,70,38,23,12,7,8,3,3,4)	no	(0-3,1-7,2-5,4-8,6-9)(2-7,3-4,5-9,6-8)(1-8,3-5,4-9,6-7)	-
2376	4512	10	(13,4,2)	-	5	(24,80,21,1,0)	(144,64,2,0)	(109,11,0)	(44,1)	(708,138,70,25,28,16,10,6,6,2,0)	no	(1-9,3-6,4-7,5-8)(2-8,3-5,4-9,6-7)(0-7,1-2,4-8,5-9)(6-9)	-
2377	1412	10	(13,4,1)	-	5	(24,80,21,1,0)	(144,64,2,0)	(109,11,0)	(44,1)	(712,118,116,14,11,6,10,1,10,0,11)	no	(1-9,3-7,4-5,6-8)(0-4,2-9,5-6,7-8)(1-8,2-6,3-9,5-7)(4-9)	-
2378	4372	10	(13,4,1)	-	5	(24,80,21,1,0)	(144,64,2,0)	(109,11,0)	(44,1)	(715,127,73,33,26,7,10,4,8,2,7)	no	(1-9,3-8,4-5,6-7)(1-8,2-6,4-9,5-7)(0-4,2-8,3-7,5-9)(6-9)	-
2379	2356	10	(13,4,1)	-	5	(24,80,22,0,0)	(142,67,1,0)	(108,12,0)	(44,1)	(672,188,78,18,9,22,4,2,3,16,0)	no	(0-9,1-6,4-8,5-7)(1-9,2-4,3-5,6-7)(2-7,4-9,6-8)(3-8,5-9)	-
2380	4600	10	(13,4,1)	-	5	(24,80,22,0,0)	(142,67,1,0)	(108,12,0)	(44,1)	(679,172,85,20,19,8,8,5,4,6,3)	no	(0-9,1-6,4-5,7-8)(1-9,2-4,3-5,6-7)(2-7,4-9,6-8)(3-8,5-9)	-
2381	8836	10	(13,4,1)	-	5	(24,80,22,0,0)	(142,67,1,0)	(108,12,0)	(44,1)	(683,159,95,12,22,16,7,3,7,2,4)	no	(0-9,3-7,4-8,5-6)(1-6,2-8,4-9,5-7)(1-8,2-3,4-7,5-9)(6-9)	-
2382	8836	10	(13,4,2)	-	5	(24,80,22,0,0)	(142,67,1,0)	(108,12,0)	(44,1)	(683,160,93,12,24,14,7,5,7,2,4)	no	(1-9,2-3,5-8,6-7)(1-6,2-9,4-5,7-8)(0-8,3-7,4-6,5-9)(8-9)	-
2383	2336	10	(13,4,1)	-	5	(24,80,22,0,0)	(144,64,2,0)	(108,12,0)	(44,1)	(674,189,70,14,22,15,8,8,4,4,0)	no	(0-9,3-8,4-5,6-7)(1-9,2-3,4-7,5-8)(2-7,4-9,6-8)(1-6,5-9)	-
2384	8940	10	(13,4,1)	-	5	(24,80,22,0,0)	(144,64,2,0)	(108,12,0)	(44,1)	(680,170,88,16,18,7,10,11,4,3,2)	no	(0-9,2-8,4-5,6-7)(1-9,3-5,4-7,6-8)(1-6,2-3,4-9,7-8)(5-9)	-
2385	4608	10	(13,4,1)	-	5	(24,80,22,0,0)	(144,64,2,0)	(108,12,0)	(44,1)	(681,169,83,25,13,9,11,5,4,10,2)	no	(0-9,1-6,2-3,4-7,5-8)(1-9,2-4,3-5,6-7)(4-9,6-8)(5-9,7-8)	-
2386	4500	10	(13,4,2)	-	5	(24,80,22,0,0)	(144,64,2,0)	(108,12,0)	(44,1)	(690,148,94,22,15,17,9,4,4,2,4)	no	(1-8,3-6,4-7,5-9)(2-7,3-4,5-8,6-9)(0-5,1-6,2-8,7-9)(8-9)	-
2387	4608	10	(13,3,1)	-	5	(24,80,22,0,0)	(148,60,2,0)	(110,10,0)	(44,1)	(722,123,64,32,21,18,10,11,8,2,0)	no	(0-3,1-2,4-6,5-8,7-9)(1-8,3-4,5-9,6-7)(2-9,3-5,4-7,6-8)	-
2388	3288	10	(13,3,1)	-	5	(24,80,22,0,0)	(148,62,0,0)	(114,6,0)	(45,0)	(686,181,51,24,24,12,6,14,4,10,0)	no	(0-6,1-7,2-9,3-8,4-5)(0-9,3-7,4-6,5-8)(1-9,2-8,4-7,5-6)	-
2389	1674	10	(13,4,1)	-	5	(24,80,22,0,0)	(148,62,0,0)	(114,6,0)	(45,0)	(699,147,68,36,24,2,10,8,8,10,0)	no	(0-9,1-7,2-5,6-8)(0-8,1-9,3-6,5-7)(2-9,4-5,7-8)(3-9,4-6)	-
2390	1398	10	(13,3,1)	-	5	(24,80,22,0,0)	(152,54,4,0)	(110,10,0)	(44,1)	(728,127,52,25,24,21,16,11,2,4,4)	no	(0-3,1-2,4-7,5-8,6-9)(1-7,3-4,5-9,6-8)(2-8,3-5,4-9,6-7)	-
2391	7300	10	(13,4,3)	-	5	(24,82,18,2,0)	(150,57,3,0)	(113,7,0)	(45,0)	(692,154,81,20,17,13,11,11,4,6,0)	no	(0-9,2-8,4-7,5-6)(0-1,3-8,5-7,6-9)(1-2,3-6,4-8,7-9)(8-9)	-
2392	8836	10	(13,4,1)	-	5	(24,82,19,1,0)	(144,64,2,0)	(108,12,0)	(44,1)	(692,152,87,21,23,9,8,3,8,4,2)	no	(1-9,2-4,5-6,7-8)(1-7,3-5,4-9,6-8)(0-4,2-8,3-7,5-9)(6-9)	-
2393	2704	10	(13,3,1)	-	5	(24,82,19,1,0)	(150,57,3,0)	(110,10,0)	(44,1)	(719,117,74,44,12,21,15,0,5,2,2)	no	(0-3,1-9,2-8,4-6,5-7)(2-9,3-4,5-8,6-7)(1-7,3-5,4-9,6-8)	-
2394	8960	10	(13,3,1)	-	5	(24,84,17,1,0)	(148,60,2,0)	(109,11,0)	(44,1)	(703,140,77,35,15,11,14,4,5,2,3)	no	(2-9,3-4,5-7,6-8)(1-3,4-5,6-9,7-8)(0-3,1-7,2-5,4-6,8-9)	-
2395	12504	10	(13,4,1)	-	5	(24,84,18,0,0)	(152,58,0,0)	(114,6,0)	(45,0)	(686,165,76,18,21,10,9,12,11,3,0)	no	(0-9,1-7,2-8,5-6)(0-8,1-9,2-7,3-5,4-6)(3-7,4-8,5-9)(6-9)	-
2396	4140	10	(13,4,8)	-	5	(28,64,33,1,0)	(140,62,8,0)	(108,11,1)	(44,1)	(710,136,77,27,17,12,10,5,9,3,3)	no	(0-2,1-9,4-7,5-6)(2-9,3-4,5-8,6-7)(3-6,4-9,7-8)(1-8,5-9)	-
2397	1188	10	(13,3,2)	-	5	(28,66,32,0,0)	(136,72,2,0)	(108,12,0)	(44,1)	(712,137,58,48,16,9,12,8,2,8,2)	yes	(0-3,1-6,2-7,4-9,5-8)(2-5,3-4,6-8,7-9)(1-4,3-5,6-9,7-8)	-
2398	4272	10	(13,3,4)	-	5	(28,70,26,2,0)	(146,57,7,0)	(110,9,1)	(44,1)	(720,126,69,34,26,7,7,3,2,6,10)	no	(0-1,2-4,3-7,5-8,6-9)(1-8,3-9,4-6,5-7)(2-3,4-8,5-6,7-9)	-
2399	4352	10	(13,4,4)	-	5	(28,70,27,1,0)	(140,66,4,0)	(107,13,0)	(44,1)	(692,146,96,20,19,12,6,5,6,2,7)	no	(2-3,4-8,5-6,7-9)(1-9,3-4,5-8,6-7)(0-5,1-6,2-9,7-8)(8-9)	-
2400	4240	10	(13,4,7)	-	5	(28,70,27,1,0)	(146,57,7,0)	(109,10,1)	(44,1)	(706,136,85,24,14,12,10,9,8,6,3)	no	(0-1,2-8,3-7,4-6,5-9)(4-7,5-8,6-9)(1-5,2-6,3-9,7-8)(8-9)	-
2401	4464	10	(13,4,4)	-	5	(28,70,28,0,0)	(140,68,2,0)	(108,12,0)	(44,1)	(695,150,86,26,12,12,7,11,6,0,5)	no	(1-9,2-8,4-7,5-6)(2-7,3-6,4-9,5-8)(0-4,1-8,3-7,5-9)(6-9)	-
2402	4402	10	(13,3,2)	-	5	(28,70,28,0,0)	(140,68,2,0)	(108,12,0)	(44,1)	(701,147,75,22,23,16,12,3,3,4,4)	no	(0-3,1-6,2-7,4-8,5-9)(1-8,3-4,5-7,6-9)(2-4,3-5,6-7,8-9)	-
2403	2274	10	(13,4,1)	-	5	(28,70,28,0,0)	(142,65,3,0)	(108,12,0)	(44,1)	(703,137,77,39,25,4,11,4,2,2,6)	no	(1-6,2-9,4-7,5-8)(0-5,1-8,3-9,6-7)(2-7,3-6,4-8,5-9)(8-9)	-
2404	8404	10	(13,4,4)	-	5	(28,72,24,2,0)	(142,63,5,0)	(107,13,0)	(44,1)	(698,143,82,32,16,14,4,8,7,3,3)	no	(1-2,4-6,5-9,7-8)(1-3,2-7,5-8,6-9)(0-5,3-6,4-8,7-9)(8-9)	-
2405	8524	10	(13,3,1)	-	5	(28,72,24,2,0)	(146,59,5,0)	(109,11,0)	(44,1)	(721,129,59,39,13,23,5,8,11,1,1)	no	(1-6,3-4,5-8,7-9)(2-8,3-5,4-9,6-7)(0-3,1-2,4-5,6-9,7-8)	-
2406	4388	10	(13,4,2)	-	5	(28,72,25,1,0)	(142,65,3,0)	(108,12,0)	(44,1)	(693,153,87,16,16,18,10,6,5,3,2)	no	(0-8,1-6,2-3,4-9,5-7)(1-3,2-7,4-6,5-9)(4-8,6-9)(5-8,7-9)	-
2407	8568	10	(13,4,5)	-	5	(28,72,25,1,0)	(142,65,3,0)	(108,12,0)	(44,1)	(703,141,73,40,13,15,6,7,4,4,5)	no	(0-4,1-9,2-7,3-8,5-6)(1-3,4-9,5-8,6-7)(2-8,4-7,5-9)(6-9)	-
2408	4512	10	(13,3,1)	-	5	(28,72,26,0,0)	(142,67,1,0)	(109,11,0)	(44,1)	(707,139,76,23,22,17,11,4,5,4,1)	no	(0-3,1-8,2-6,4-9,5-7)(1-6,3-4,5-8,7-9)(2-4,3-5,6-9,7-8)	-
2409	8836	10	(13,3,1)	-	5	(28,72,26,0,0)	(144,64,2,0)	(109,11,0)	(44,1)	(706,143,71,24,26,12,7,9,5,6,2)	no	(0-3,1-7,2-6,4-9,5-8)(1-9,3-4,5-7,6-8)(2-4,3-5,6-9,7-8)	-
2410	8716	10	(13,3,1)	-	5	(28,72,26,0,0)	(146,61,3,0)	(109,11,0)	(44,1)	(708,144,64,33,16,15,10,9,2,8,3)	no	(0-3,1-6,2-7,4-8,5-9)(2-5,3-4,6-9,7-8)(1-8,3-5,4-9,6-7)	-
2411	4306	10	(13,4,1)	-	5	(28,74,22,2,0)	(144,62,4,0)	(108,12,0)	(44,1)	(698,142,89,24,19,12,5,8,8,0,8)	no	(1-8,2-5,4-9,6-7)(1-7,3-6,4-8,5-9)(0-4,2-3,5-8,6-9)(7-9)	-
2412	8524	10	(13,4,4)	-	5	(28,74,22,2,0)	(144,62,4,0)	(108,12,0)	(44,1)	(702,144,71,38,16,16,4,6,7,0,5)	no	(1-9,2-7,4-5,6-8)(1-3,2-6,5-9,7-8)(0-8,3-4,5-7,6-9)(8-9)	-
2413	8524	10	(13,4,3)	-	5	(28,74,22,2,0)	(144,62,4,0)	(108,12,0)	(44,1)	(704,143,74,31,14,16,10,6,6,4,3)	no	(1-6,2-3,5-8,7-9)(0-5,1-9,4-7,6-8)(2-9,3-4,5-6,7-8)(8-9)	-
2414	4316	10	(13,4,1)	-	5	(28,74,22,2,0)	(150,53,7,0)	(110,9,1)	(44,1)	(710,136,77,23,14,17,17,6,4,4,3)	no	(0-2,1-9,3-7,4-6,5-8)(1-7,2-5,4-9,6-8)(3-4,5-9,7-8)(6-9)	-
2415	4504	10	(13,4,3)	-	5	(28,74,23,1,0)	(144,64,2,0)	(109,11,0)	(44,1)	(701,141,93,20,18,5,9,5,6,4,9)	no	(0-9,1-3,4-8,5-6)(1-8,2-6,4-9,5-7)(2-3,5-9,7-8)(4-7,6-9)	-
2416	8668	10	(13,4,3)	-	5	(28,74,23,1,0)	(146,61,3,0)	(109,11,0)	(44,1)	(705,140,73,32,20,14,10,8,3,2,4)	no	(1-9,3-6,4-7,5-8)(2-8,3-5,4-9,6-7)(0-4,1-2,5-9,7-8)(6-9)	-
2417	8668	10	(13,3,1)	-	5	(28,74,23,1,0)	(146,61,3,0)	(109,11,0)	(44,1)	(709,140,64,38,15,18,8,11,2,3,3)	no	(0-3,1-7,2-6,4-9,5-8)(1-6,3-4,5-7,8-9)(2-4,3-5,6-8,7-9)	-
2418	8668	10	(13,4,1)	-	5	(28,74,23,1,0)	(146,61,3,0)	(109,11,0)	(44,1)	(710,139,68,34,18,10,6,14,4,4,5)	no	(1-8,2-7,4-9,5-6)(0-6,1-7,2-3,4-8,5-9)(3-4,5-8,6-9)(7-9)	-
2419	12104	10	(13,4,7)	-	5	(28,74,23,1,0)	(150,57,3,0)	(113,7,0)	(45,0)	(676,178,70,27,21,10,3,9,8,8,1)	no	(0-9,3-8,4-6,5-7)(1-9,2-7,4-5,6-8)(0-7,1-8,2-3,5-9)(6-9)	-
2420	6118	10	(13,4,1)	-	5	(28,74,23,1,0)	(150,57,3,0)	(113,7,0)	(45,0)	(684,166,74,29,13,9,10,10,12,4,0)	no	(0-8,2-9,3-7,5-6)(0-1,2-8,4-6,7-9)(1-9,3-8,5-7)(4-9,6-8)	-
2421	8836	10	(13,4,4)	-	5	(28,74,24,0,0)	(142,67,1,0)	(108,12,0)	(44,1)	(687,162,80,17,25,14,7,5,8,3,3)	no	(1-9,2-7,3-5,6-8)(1-2,4-6,5-9,7-8)(0-8,3-7,4-5,6-9)(8-9)	-
2422	2258	10	(13,5,1)	(4,14,1)	5	(28,74,24,0,0)	(144,64,2,0)	(108,12,0)	(44,1)	(678,168,90,12,24,18,4,8,0,1,6)	no	(0-9,1-2,3-4,5-6,7-8)(2-8,3-6,4-7,5-9)(1-5,6-9)(7-9)(8-9)	(1-8,3-5,4-7,6-9)(1-3,4-8,5-9,6-7)(2-9,5-6,7-8)(0-7,2-4,8-9)
2423	8716	10	(13,4,4)	-	5	(28,74,24,0,0)	(144,64,2,0)	(108,12,0)	(44,1)	(691,153,81,32,13,15,7,4,6,5,4)	no	(1-9,2-7,3-6,5-8)(1-2,4-6,5-9,7-8)(0-5,3-8,4-7,6-9)(8-9)	-
2424	4476	10	(13,4,2)	-	5	(28,74,24,0,0)	(146,61,3,0)	(108,12,0)	(44,1)	(689,158,77,30,18,10,8,10,5,3,2)	no	(1-8,2-4,5-9,6-7)(1-3,4-7,5-8,6-9)(0-5,2-8,3-6,7-9)(8-9)	-
2425	4556	10	(13,3,2)	-	5	(28,74,24,0,0)	(146,63,1,0)	(110,10,0)	(44,1)	(708,142,74,34,14,8,9,6,4,1,6)	no	(0-3,1-6,2-4,5-8,7-9)(2-8,3-4,5-9,6-7)(1-4,3-5,6-9,7-8)	-
2426	2354	10	(13,3,1)	-	5	(28,74,24,0,0)	(146,63,1,0)	(110,10,0)	(44,1)	(709,134,75,27,26,19,4,8,3,2,4)	no	(0-3,1-9,2-7,4-6,5-8)(2-8,3-4,5-9,6-7)(1-6,3-5,4-7,8-9)	-
2427	2310	10	(13,3,1)	-	5	(28,74,24,0,0)	(148,60,2,0)	(110,10,0)	(44,1)	(714,129,74,34,13,15,23,0,2,6,1)	no	(0-3,1-7,2-5,4-9,6-8)(2-8,3-4,5-9,6-7)(1-4,3-5,6-9,7-8)	-
2428	4514	10	(13,3,1)	-	5	(28,74,24,0,0)	(148,60,2,0)	(110,10,0)	(44,1)	(715,131,66,30,23,20,10,5,7,0,2)	no	(0-3,1-2,4-8,5-9,6-7)(2-9,3-4,5-7,6-8)(1-8,3-5,4-6,7-9)	-
2429	8836	10	(13,3,4)	-	5	(28,74,24,0,0)	(150,57,3,0)	(110,10,0)	(44,1)	(719,127,65,33,18,18,15,6,5,1,4)	no	(0-3,1-2,4-8,5-7,6-9)(1-8,3-4,5-9,6-7)(2-6,3-5,4-9,7-8)	-
2430	8648	10	(13,4,1)	-	5	(28,76,21,1,0)	(146,61,3,0)	(108,12,0)	(44,1)	(686,157,83,33,15,10,9,4,4,6,4)	no	(1-9,2-7,4-5,6-8)(1-2,3-6,5-9,7-8)(0-8,3-4,5-7,6-9)(8-9)	-
2431	8696	10	(13,4,2)	-	5	(28,76,21,1,0)	(146,61,3,0)	(108,12,0)	(44,1)	(690,156,82,21,25,8,9,4,10,4,2)	no	(1-8,2-3,5-9,6-7)(1-2,3-7,5-8,6-9)(0-5,4-8,7-9)(4-6,8-9)	-
2432	8940	10	(13,4,1)	-	5	(28,76,22,0,0)	(146,63,1,0)	(109,11,0)	(44,1)	(689,157,79,27,21,12,12,3,2,1,7)	no	(0-9,2-8,4-7,5-6)(1-5,3-6,4-9,7-8)(1-7,2-3,4-8,5-9)(6-9)	-
2433	8852	10	(13,3,1)	-	5	(28,76,22,0,0)	(146,63,1,0)	(109,11,0)	(44,1)	(692,160,73,21,28,11,8,6,2,5,3)	no	(0-3,1-6,2-5,4-9,7-8)(2-9,3-4,5-8,6-7)(1-4,3-5,6-8,7-9)	-
2434	4524	10	(13,4,2)	-	5	(28,76,22,0,0)	(146,63,1,0)	(109,11,0)	(44,1)	(693,161,65,28,29,10,13,0,0,6,3)	no	(1-9,2-8,4-6,5-7)(2-6,3-5,4-9,7-8)(0-7,1-8,3-4,5-9)(6-9)	-
2435	8856	10	(13,3,1)	-	5	(28,76,22,0,0)	(146,63,1,0)	(109,11,0)	(44,1)	(695,154,76,26,20,14,6,3,8,6,3)	no	(0-3,1-6,2-7,4-9,5-8)(1-8,3-4,5-7,6-9)(2-4,3-5,6-7,8-9)	-
2436	8852	10	(13,4,1)	-	5	(28,76,22,0,0)	(146,63,1,0)	(109,11,0)	(44,1)	(696,154,73,24,22,17,9,3,6,2,2)	no	(0-9,2-6,4-5,7-8)(1-5,2-8,3-6,4-9)(1-8,4-7,5-9)(3-7,6-9)	-
2437	8836	10	(13,4,4)	-	5	(28,76,22,0,0)	(148,60,2,0)	(109,11,0)	(44,1)	(693,155,76,28,19,12,11,3,5,5,4)	no	(1-9,2-8,4-7,5-6)(1-2,3-6,4-9,5-8)(0-4,5-9,7-8)(3-7,6-9)	-
2438	8836	10	(13,4,1)	-	5	(28,76,22,0,0)	(148,60,2,0)	(109,11,0)	(44,1)	(699,152,69,26,18,22,10,4,4,3,2)	no	(0-9,3-5,4-6,7-8)(1-6,2-8,4-9,5-7)(1-8,2-3,4-7,5-9)(6-9)	-
2439	8824	10	(13,3,1)	-	5	(28,78,19,1,0)	(148,60,2,0)	(109,11,0)	(44,1)	(695,152,71,31,28,9,8,3,4,6,3)	no	(0-3,1-8,2-6,4-9,5-7)(1-9,3-4,5-8,6-7)(2-4,3-5,6-8,7-9)	-
2440	8744	10	(13,4,1)	-	5	(28,78,19,1,0)	(148,60,2,0)	(109,11,0)	(44,1)	(699,142,84,30,17,13,7,5,6,3,4)	no	(0-5,1-9,2-7,3-6,4-8)(2-9,3-4,5-8,6-7)(1-6,4-9,7-8)(5-9)	-
2441	8716	10	(13,4,1)	-	5	(28,78,19,1,0)	(148,60,2,0)	(109,11,0)	(44,1)	(701,141,78,40,10,15,9,2,8,2,2)	no	(1-9,2-6,4-5,7-8)(1-7,3-6,4-9,5-8)(0-4,2-8,3-7,5-9)(6-9)	-
2442	4524	10	(13,3,1)	-	5	(28,78,20,0,0)	(152,56,2,0)	(110,10,0)	(44,1)	(704,147,66,28,20,23,12,2,4,0,3)	no	(0-3,1-6,2-8,4-7,5-9)(1-7,3-4,5-8,6-9)(2-6,3-5,4-9,7-8)	-
2443	12464	10	(13,3,1)	-	5	(28,78,20,0,0)	(154,55,1,0)	(114,6,0)	(45,0)	(672,182,72,27,17,14,5,8,2,9,3)	no	(0-7,2-8,4-5,6-9)(1-7,3-9,4-6,5-8)(0-8,1-9,2-3,4-7,5-6)	-
2444	6322	10	(13,3,4)	-	5	(28,78,20,0,0)	(154,55,1,0)	(114,6,0)	(45,0)	(672,195,53,27,22,10,6,9,12,5,2)	no	(0-7,2-8,4-6,5-9)(0-8,1-9,2-3,4-7,5-6)(1-6,3-9,4-8,5-7)	-
2445	24720	10	(13,4,4)	-	5	(28,78,20,0,0)	(154,55,1,0)	(114,6,0)	(45,0)	(673,186,66,24,17,15,8,8,7,5,2)	no	(0-9,2-8,4-7,5-6)(1-9,2-7,3-6,5-8)(0-8,1-4,3-7,5-9)(6-9)	-
2446	6330	10	(13,4,1)	-	5	(28,80,17,1,0)	(156,52,2,0)	(114,6,0)	(45,0)	(676,174,76,25,20,5,12,11,8,2,3)	no	(0-2,1-8,3-6,7-9)(0-1,2-9,3-8,4-6,5-7)(4-9,5-6,7-8)(8-9)	-
2447	8960	10	(13,4,1)	-	5	(28,80,18,0,0)	(150,59,1,0)	(109,11,0)	(44,1)	(677,167,93,14,24,9,10,2,9,2,5)	no	(0-9,2-8,4-5,6-7)(1-5,3-6,4-9,7-8)(1-7,2-3,4-8,5-9)(6-9)	-
2448	6474	10	(13,4,1)	-	5	(28,80,18,0,0)	(156,54,0,0)	(115,5,0)	(45,0)	(683,163,77,34,14,7,14,4,8,2,5)	no	(0-9,3-5,4-8,6-7)(0-6,1-9,2-8,3-7,4-5)(1-7,2-9,6-8)(5-9)	-
2449	12824	10	(13,3,2)	-	5	(28,80,18,0,0)	(156,54,0,0)	(115,5,0)	(45,0)	(683,176,56,36,20,6,6,16,6,6,1)	no	(0-8,3-7,4-5,6-9)(1-9,2-8,4-7,5-6)(0-9,1-7,2-5,3-6,4-8)	-
2450	2356	10	(13,4,1)	-	5	(28,82,16,0,0)	(154,55,1,0)	(110,10,0)	(44,1)	(691,154,81,29,8,27,4,8,1,4,2)	no	(0-3,4-6,5-7,8-9)(1-6,2-8,3-4,5-9)(1-9,2-7,3-5,4-8)(6-7)	-
2451	1718	10	(13,3,1)	-	5	(28,82,16,0,0)	(160,50,0,0)	(116,4,0)	(45,0)	(696,147,74,24,35,8,8,6,8,1,4)	no	(0-6,1-8,2-7,3-9,4-5)(2-9,3-8,4-6,5-7)(0-7,1-6,4-9,5-8)	-
2452	12342	10	(13,3,2)	-	5	(30,77,18,1,0)	(156,52,2,0)	(114,6,0)	(45,0)	(673,190,59,26,20,10,7,12,8,6,2)	no	(1-4,2-9,5-6,7-8)(0-7,3-8,4-5,6-9)(0-6,1-8,2-5,3-9,4-7)	-
2453	12646	10	(13,3,1)	-	5	(30,81,15,0,0)	(160,50,0,0)	(115,5,0)	(45,0)	(669,197,55,27,19,14,9,6,9,5,2)	no	(0-7,2-9,4-5,6-8)(1-7,3-8,4-6,5-9)(0-5,1-8,2-6,3-9,4-7)	-
2454	588	10	(13,3,1)	-	5	(32,60,31,3,0)	(144,56,10,0)	(109,10,1)	(44,1)	(754,80,68,42,36,4,2,0,3,12,9)	yes	(0-1,2-3,4-9,5-8,6-7)(1-6,3-7,4-8,5-9)(2-4,3-9,5-7,6-8)	-
2455	1276	10	(13,4,1)	-	5	(32,64,29,1,0)	(148,54,8,0)	(109,10,1)	(44,1)	(723,112,91,22,11,12,17,9,11,2,3)	no	(1-8,2-7,4-6,5-9)(0-1,3-7,5-8,6-9)(2-9,3-5,4-7,6-8)(8-9)	-
2456	2572	10	(13,4,1)	-	5	(32,66,27,1,0)	(146,59,5,0)	(108,12,0)	(44,1)	(719,116,81,31,28,13,8,1,1,7,6)	no	(1-7,3-8,4-6,5-9)(1-2,3-6,5-8,7-9)(0-5,2-6,4-9,7-8)(8-9)	-
2457	4336	10	(13,4,1)	-	5	(32,66,28,0,0)	(146,61,3,0)	(109,11,0)	(44,1)	(722,115,69,49,19,7,12,2,4,10,4)	no	(0-4,1-9,2-8,3-7,5-6)(1-8,2-6,4-9,5-7)(3-8,4-7,5-9)(6-9)	-
2458	2584	10	(13,3,1)	-	5	(32,68,23,3,0)	(152,50,8,0)	(111,8,1)	(44,1)	(739,106,52,46,32,6,13,4,2,2,3)	no	(0-1,2-3,4-8,5-6,7-9)(2-4,3-6,5-7,8-9)(1-5,3-7,4-9,6-8)	-
2459	2584	10	(13,4,2)	-	5	(32,68,24,2,0)	(152,50,8,0)	(110,9,1)	(44,1)	(711,138,74,24,13,16,19,4,7,1,1)	no	(0-3,1-9,2-8,4-5,6-7)(2-9,3-4,5-6,7-8)(1-7,4-9,6-8)(5-9)	-
2460	1864	10	(13,4,1)	-	5	(32,68,24,2,0)	(152,54,4,0)	(114,6,0)	(45,0)	(712,140,57,32,28,6,12,0,18,6,1)	no	(0-9,1-5,3-8,6-7)(0-4,1-9,5-6,7-8)(2-9,4-5,6-8)(2-7,3-9)	-
2461	3128	10	(13,4,1)	-	5	(32,68,25,1,0)	(152,54,4,0)	(113,7,0)	(45,0)	(691,151,78,34,12,10,6,18,6,5,2)	no	(0-9,1-3,2-8,6-7)(0-8,1-9,4-7,5-6)(2-5,3-8,6-9)(4-8,7-9)	-
2462	4300	10	(13,4,1)	-	5	(32,70,23,1,0)	(146,61,3,0)	(108,12,0)	(44,1)	(702,135,84,35,19,8,6,8,5,6,4)	no	(1-8,3-6,4-7,5-9)(2-6,5-8,7-9)(0-5,1-2,3-9,4-6,7-8)(8-9)	-
2463	2684	10	(13,4,1)	-	5	(32,70,23,1,0)	(146,61,3,0)	(108,12,0)	(44,1)	(707,132,85,28,16,10,11,8,7,6,2)	no	(1-9,3-7,4-6,5-8)(2-7,5-9,6-8)(0-8,1-2,3-5,4-7,6-9)(8-9)	-
2464	2684	10	(13,3,1)	-	5	(32,70,23,1,0)	(154,51,5,0)	(110,10,0)	(44,1)	(724,120,73,21,21,27,11,2,9,0,0)	no	(0-3,1-2,4-7,5-9,6-8)(1-9,3-4,5-8,6-7)(2-6,3-5,4-9,7-8)	-
2465	8836	10	(13,4,3)	-	5	(32,70,24,0,0)	(148,60,2,0)	(109,11,0)	(44,1)	(698,144,79,30,18,18,9,3,3,5,3)	no	(0-8,1-9,4-5,6-7)(1-3,2-9,4-6,5-8)(3-6,4-9,7-8)(2-7,5-9)	-
2466	8716	10	(13,4,2)	-	5	(32,70,24,0,0)	(150,57,3,0)	(109,11,0)	(44,1)	(701,138,83,33,15,16,7,7,2,5,3)	no	(0-4,1-9,2-3,5-6,7-8)(2-8,3-5,4-9,6-7)(1-8,4-7,5-9)(6-9)	-
2467	1344	10	(13,4,1)	-	5	(32,72,20,2,0)	(148,58,4,0)	(108,12,0)	(44,1)	(698,140,105,7,15,19,5,2,16,0,4)	no	(1-9,5-8,6-7)(2-8,3-6,4-7,5-9)(0-5,1-2,3-8,6-9)(4-8,7-9)	-
2468	2684	10	(13,3,1)	-	5	(32,72,20,2,0)	(152,54,4,0)	(110,10,0)	(44,1)	(718,117,92,25,12,26,4,2,14,0,0)	no	(1-9,3-4,5-8,6-7)(2-7,3-5,4-9,6-8)(0-3,1-6,2-9,4-5,7-8)	-
2469	2704	10	(13,4,1)	-	5	(32,72,21,1,0)	(148,60,2,0)	(109,11,0)	(44,1)	(702,135,92,21,27,4,10,5,7,6,0)	no	(0-9,2-6,4-8,5-7)(1-5,2-8,4-9,6-7)(1-8,3-4,5-9)(3-7,6-9)	-
2470	8696	10	(13,4,2)	-	5	(32,72,21,1,0)	(150,57,3,0)	(109,11,0)	(44,1)	(700,141,77,43,10,17,4,2,11,3,0)	no	(0-5,2-8,4-9,6-7)(1-7,3-6,4-8,5-9)(1-8,2-3,4-5,6-9)(7-9)	-
2471	1976	10	(13,4,1)	-	5	(32,72,21,1,0)	(156,52,2,0)	(115,5,0)	(45,0)	(714,126,76,28,24,4,13,6,14,6,0)	no	(0-9,1-8,2-6,3-7,4-5)(0-4,1-9,5-7,6-8)(2-9,5-6,7-8)(3-9)	-
2472	8852	10	(13,3,1)	-	5	(32,72,22,0,0)	(152,56,2,0)	(110,10,0)	(44,1)	(709,127,82,39,12,17,7,8,4,0,6)	no	(0-3,1-6,2-4,5-7,8-9)(1-7,3-4,5-8,6-9)(2-7,3-5,4-9,6-8)	-
2473	2684	10	(13,4,1)	-	5	(32,74,18,2,0)	(150,57,3,0)	(109,11,0)	(44,1)	(702,145,68,45,18,8,9,1,7,0,0)	no	(1-9,2-8,4-5,6-7)(0-5,1-7,2-9,3-4,6-8)(3-6,4-9,7-8)(5-9)	-
2474	2684	10	(13,4,1)	-	5	(32,74,18,2,0)	(150,57,3,0)	(109,11,0)	(44,1)	(712,133,74,31,17,19,4,4,13,0,0)	no	(1-5,2-8,4-9,6-7)(0-4,1-8,2-6,3-7,5-9)(3-8,4-5,6-9)(7-9)	-
2475	8836	10	(13,3,1)	-	5	(32,74,19,1,0)	(152,56,2,0)	(110,10,0)	(44,1)	(708,129,82,36,16,15,5,8,7,1,3)	no	(0-3,1-9,2-5,4-8,6-7)(2-7,3-4,5-9,6-8)(1-6,3-5,4-9,7-8)	-
2476	8852	10	(13,4,1)	-	5	(32,74,20,0,0)	(150,59,1,0)	(109,11,0)	(44,1)	(687,152,87,35,17,7,8,3,5,6,3)	no	(1-9,2-8,4-7,5-6)(2-6,3-5,4-9,7-8)(0-4,1-8,3-7,5-9)(6-9)	-
2477	12480	10	(13,4,1)	-	5	(32,74,20,0,0)	(158,51,1,0)	(115,5,0)	(45,0)	(689,156,69,37,25,5,10,4,8,7,1)	no	(0-9,1-4,2-7,3-8,5-6)(0-8,1-9,3-5,6-7)(2-8,4-7,5-9)(6-9)	-
2478	7564	10	(13,3,1)	-	5	(32,76,17,1,0)	(160,48,2,0)	(115,5,0)	(45,0)	(700,147,63,36,25,9,7,9,12,1,2)	no	(0-8,1-9,2-7,3-5,4-6)(0-9,3-8,4-7,5-6)(1-6,2-9,4-8,5-7)	-
2479	24364	10	(13,4,5)	-	5	(34,71,20,1,0)	(158,49,3,0)	(114,6,0)	(45,0)	(673,182,68,31,14,10,9,10,7,7,2)	no	(0-9,2-3,5-8,6-7)(0-3,1-7,2-8,4-6,5-9)(1-8,4-5,6-9)(7-9)	-
2480	24708	10	(13,3,5)	-	5	(34,73,18,1,0)	(160,48,2,0)	(115,5,0)	(45,0)	(682,171,67,32,17,10,6,10,13,2,2)	no	(0-9,1-3,2-8,4-7,5-6)(0-6,1-7,2-3,4-8,5-9)(4-9,5-8,6-7)	-
2481	25020	10	(13,3,1)	-	5	(34,75,17,0,0)	(162,47,1,0)	(115,5,0)	(45,0)	(668,188,66,34,16,10,7,8,6,5,4)	no	(0-8,3-7,4-5,6-9)(1-8,2-9,4-6,5-7)(0-9,1-6,2-3,4-7,5-8)	-
2482	25036	10	(13,3,3)	-	5	(34,75,17,0,0)	(162,47,1,0)	(115,5,0)	(45,0)	(669,188,66,30,18,8,9,7,11,5,2)	no	(0-8,1-6,2-9,3-7,4-5)(0-9,1-8,2-3,4-7,5-6)(4-9,5-8,6-7)	-
2483	24972	10	(13,4,1)	-	5	(34,77,14,1,0)	(164,44,2,0)	(115,5,0)	(45,0)	(670,186,63,37,13,9,12,8,8,5,1)	no	(0-9,1-4,5-6,7-8)(0-8,1-9,2-6,3-4,5-7)(2-8,3-7,5-9)(6-9)	-
2484	12798	10	(13,3,1)	-	5	(34,77,15,0,0)	(164,46,0,0)	(116,4,0)	(45,0)	(678,174,67,39,12,10,13,4,4,7,4)	no	(0-9,1-7,2-8,3-6,4-5)(0-7,2-5,4-6,8-9)(1-8,3-9,4-7,5-6)	-
2485	12914	10	(13,3,1)	-	5	(34,81,11,0,0)	(168,42,0,0)	(116,4,0)	(45,0)	(664,196,67,23,16,14,11,7,8,6,1)	no	(0-7,2-8,4-5,6-9)(1-7,3-9,4-6,5-8)(0-8,1-9,2-6,3-5,4-7)	-
2486	1107	10	(13,4,1)	-	5	(36,60,29,0,1)	(156,44,10,0)	(112,8,0)	(45,0)	(691,169,52,26,34,4,20,0,4,8,4)	no	(0-2,1-8,3-4,5-7,6-9)(0-1,3-5,6-8,7-9)(2-9,4-6,7-8)(8-9)	-
2487	6166	10	(13,4,3)	-	5	(36,66,24,0,0)	(156,52,2,0)	(114,6,0)	(45,0)	(667,198,53,41,7,14,8,1,16,8,0)	no	(0-9,2-7,4-8,5-6)(0-3,1-9,5-8,6-7)(1-4,2-8,3-7,5-9)(6-9)	-
2488	2290	10	(13,4,1)	-	5	(36,66,24,0,0)	(158,49,3,0)	(114,6,0)	(45,0)	(671,191,51,42,19,3,6,15,6,9,0)	no	(0-9,1-3,2-4,5-7,6-8)(1-9,5-8,6-7)(0-6,2-9,3-7,4-8)(5-9)	-
2489	6150	10	(13,4,1)	-	5	(36,68,21,1,0)	(160,46,4,0)	(114,6,0)	(45,0)	(675,175,66,44,14,2,10,10,10,6,0)	no	(0-9,1-8,3-6,5-7)(0-4,2-7,5-9,6-8)(1-4,2-3,5-8,6-9)(7-9)	-
2490	6462	10	(13,3,1)	-	5	(36,68,22,0,0)	(158,51,1,0)	(115,5,0)	(45,0)	(681,185,48,33,20,12,8,11,4,10,0)	no	(0-9,1-6,2-7,3-4,5-8)(0-8,1-9,4-6,5-7)(2-9,3-5,4-8,6-7)	-
2491	7584	10	(13,4,1)	(3,14,1)	5	(36,70,19,1,0)	(160,48,2,0)	(115,5,0)	(45,0)	(694,161,53,46,13,11,5,13,12,3,0)	no	(0-9,1-4,2-8,3-6,5-7)(0-8,1-9,2-5,6-7)(3-8,4-7,5-9)(6-9)	(0-8,1-6,2-3,4-9,5-7)(0-9,1-7,2-4,3-6,5-8)(2-8,3-9,4-7,5-6)
2492	3836	10	(13,3,1)	-	5	(36,70,19,1,0)	(162,45,3,0)	(115,5,0)	(45,0)	(691,157,72,32,17,5,10,14,11,1,0)	no	(0-9,1-8,2-3,4-5,6-7)(4-7,5-9,6-8)(0-7,1-9,2-5,3-6,4-8)	-
2493	12872	10	(13,3,2)	-	5	(36,70,20,0,0)	(162,47,1,0)	(116,4,0)	(45,0)	(693,167,50,39,18,8,9,10,11,5,2)	no	(0-8,2-9,4-5,6-7)(0-9,1-7,2-3,4-6,5-8)(1-9,3-6,4-8,5-7)	-
2494	7628	10	(13,4,1)	-	5	(36,72,16,2,0)	(162,45,3,0)	(115,5,0)	(45,0)	(692,166,51,37,27,4,11,13,1,7,3)	no	(0-9,2-3,5-6,7-8)(1-9,4-5,6-7)(0-7,2-9,3-4,6-8)(1-8,5-9)	-
2495	12732	10	(13,3,2)	-	5	(36,72,18,0,0)	(162,47,1,0)	(115,5,0)	(45,0)	(667,193,66,28,15,7,9,11,12,3,2)	no	(0-7,1-8,2-6,3-9,4-5)(1-5,2-9,4-6,7-8)(0-4,3-8,5-6,7-9)	-
2496	12556	10	(13,4,1)	-	5	(36,72,18,0,0)	(162,47,1,0)	(115,5,0)	(45,0)	(673,180,72,24,22,7,9,13,6,4,3)	no	(0-9,2-3,5-8,6-7)(1-9,4-5,6-8)(0-6,1-7,2-9,3-8)(4-7,5-9)	-
2497	12508	10	(13,4,1)	-	5	(36,72,18,0,0)	(162,47,1,0)	(115,5,0)	(45,0)	(675,182,60,38,13,8,10,13,11,1,0)	no	(0-9,1-8,2-7,3-4,5-6)(0-8,3-7,4-6,5-9)(1-5,2-8,6-9)(7-9)	-
2498	25040	10	(13,3,1)	-	5	(36,72,18,0,0)	(162,47,1,0)	(115,5,0)	(45,0)	(676,179,61,41,13,6,8,15,7,7,0)	no	(0-9,1-8,2-3,4-7,5-6)(0-6,2-9,4-8,5-7)(1-7,3-5,4-9,6-8)	-
2499	25328	10	(13,3,1)	-	5	(36,74,16,0,0)	(164,46,0,0)	(116,4,0)	(45,0)	(684,174,50,46,17,10,5,10,10,4,2)	no	(0-9,2-6,4-5,7-8)(0-7,1-8,2-9,3-5,4-6)(1-9,3-8,4-7,5-6)	-
2500	25020	10	(13,3,1)	-	5	(38,69,19,0,0)	(162,47,1,0)	(115,5,0)	(45,0)	(668,188,66,34,16,7,8,9,11,3,2)	no	(0-7,3-8,4-5,6-9)(1-8,2-9,4-7,5-6)(0-9,1-6,2-3,4-8,5-7)	-
2501	24972	10	(13,4,2)	-	5	(38,69,19,0,0)	(164,44,2,0)	(115,5,0)	(45,0)	(668,184,70,35,14,9,8,8,11,4,2)	no	(0-9,1-8,2-6,3-4,5-7)(0-1,2-8,3-7,4-6,5-9)(5-8,6-9)(7-9)	-
2502	12562	10	(13,3,1)	-	5	(38,69,19,0,0)	(164,44,2,0)	(115,5,0)	(45,0)	(669,182,74,30,17,5,12,9,9,4,0)	no	(1-5,2-9,4-6,7-8)(0-9,3-8,4-7,5-6)(0-6,1-7,2-3,4-8,5-9)	-
2503	25284	10	(13,3,1)	-	5	(38,71,17,0,0)	(166,43,1,0)	(116,4,0)	(45,0)	(680,170,66,39,16,10,8,8,9,4,2)	no	(0-9,1-6,2-3,4-5,7-8)(0-8,2-9,4-6,5-7)(1-8,3-7,4-9,5-6)	-
2504	12846	10	(13,3,1)	-	5	(38,75,13,0,0)	(168,42,0,0)	(116,4,0)	(45,0)	(662,195,69,30,15,8,6,13,11,2,2)	no	(1-4,3-8,5-7,6-9)(0-6,2-9,4-5,7-8)(0-7,1-8,2-5,3-9,4-6)	-
2505	1170	10	(13,4,1)	-	5	(40,64,20,2,0)	(160,46,4,0)	(114,6,0)	(45,0)	(709,133,68,30,28,8,20,0,12,0,4)	no	(0-9,1-3,4-8,6-7)(1-9,2-8,4-6,5-7)(0-2,5-8,6-9)(3-8,7-9)	-
2506	3858	10	(13,3,1)	-	5	(40,64,21,1,0)	(162,45,3,0)	(115,5,0)	(45,0)	(691,149,86,28,13,9,8,12,11,5,0)	yes	(0-6,1-8,2-3,4-5,7-9)(0-7,1-3,2-9,4-6,5-8)(4-7,5-9,6-8)	-
2507	12840	10	(13,3,1)	-	5	(40,70,15,1,0)	(168,40,2,0)	(116,4,0)	(45,0)	(684,163,68,39,16,10,8,11,6,6,1)	no	(0-9,1-3,2-8,4-5,6-7)(2-3,4-7,5-9,6-8)(0-6,1-7,4-9,5-8)	-
2508	1198	10	(13,3,1)	-	5	(44,64,17,1,0)	(168,40,2,0)	(116,4,0)	(45,0)	(693,141,92,34,8,4,16,16,4,0,0)	yes	(0-4,1-9,2-7,3-8,5-6)(0-8,2-9,4-6,5-7)(1-6,3-5,4-7,8-9)	-
2509	210	10	(13,4,1)	-	5<6	(24,76,16,10,0)	(128,76,4,2)	(104,16,0)	(44,1)	(706,114,112,26,24,8,0,2,6,0,16)	no	(1-8,3-6,4-7,5-9)(1-2,3-4,5-8,6-9)(0-5,6-8,7-9)(2-9,7-8)	-
2510	399	10	(13,3,1)	-	5<6	(24,76,20,6,0)	(140,64,5,1)	(108,12,0)	(44,1)	(736,122,40,43,10,40,0,12,2,0,8)	no	(2-7,3-4,5-9,6-8)(1-6,3-5,4-8,7-9)(0-3,1-2,4-5,6-9,7-8)	-
2511	1114	10	(13,4,1)	-	5<6	(24,76,24,2,0)	(140,66,4,0)	(108,12,0)	(44,1)	(706,149,54,44,8,17,20,8,2,0,2)	no	(1-9,3-5,4-7,6-8)(1-2,4-9,5-8,6-7)(0-4,2-8,3-7,5-9)(6-9)	-
2512	1302	10	(13,4,1)	-	5<6	(24,80,16,6,0)	(136,70,3,1)	(106,14,0)	(44,1)	(700,143,77,34,19,9,7,6,9,4,2)	no	(1-8,3-5,4-9,6-7)(0-6,1-7,2-3,4-8,5-9)(2-4,5-8,6-9)(7-9)	-
2513	4378	10	(13,3,1)	-	5<6	(24,80,20,2,0)	(142,65,3,0)	(108,12,0)	(44,1)	(695,159,63,35,16,14,12,4,6,4,2)	no	(0-3,1-6,2-7,4-8,5-9)(2-5,3-4,6-9,7-8)(1-4,3-5,6-7,8-9)	-
2514	616	10	(13,4,1)	-	5<6	(24,84,12,6,0)	(148,58,3,1)	(112,8,0)	(45,0)	(689,160,51,67,3,6,8,9,12,8,0)	no	(0-9,3-6,4-8,5-7)(0-8,1-9,2-5,6-7)(1-4,2-3,5-9,7-8)(6-9)	-
2515	2052	10	(13,4,3)	-	5<6	(32,60,32,2,0)	(144,56,10,0)	(108,11,1)	(44,1)	(717,115,90,23,31,7,6,5,8,3,6)	no	(0-1,2-9,3-7,4-5,6-8)(1-8,2-3,5-9,6-7)(4-8,5-7,6-9)(8-9)	-
2516	4080	10	(13,4,5)	-	5<6	(32,62,30,2,0)	(146,55,9,0)	(109,10,1)	(44,1)	(719,119,84,28,15,12,10,10,8,2,5)	no	(1-8,2-3,5-9,6-7)(0-1,3-7,5-8,6-9)(2-5,4-8,7-9)(4-6,8-9)	-
2517	2064	10	(13,4,1)	-	5<6	(32,64,28,2,0)	(148,54,8,0)	(110,9,1)	(44,1)	(730,103,87,26,30,2,11,2,5,8,7)	no	(1-9,2-8,4-6,5-7)(0-2,1-3,4-9,5-8,6-7)(3-7,4-8,5-9)(6-9)	-
2518	4220	10	(13,4,2)	-	5<6	(32,64,29,1,0)	(148,54,8,0)	(109,10,1)	(44,1)	(702,145,75,26,21,11,9,7,7,6,4)	no	(1-8,2-6,4-9,5-7)(0-1,3-7,4-6,5-9)(2-3,4-8,6-9)(5-8,7-9)	-
2519	609	10	(13,4,1)	-	5<6	(32,72,16,6,0)	(148,58,3,1)	(112,8,0)	(45,0)	(693,137,111,4,28,8,1,2,24,4,0)	no	(1-9,2-3,5-7,6-8)(0-1,2-9,4-6,7-8)(0-8,4-5,6-9)(3-8,7-9)	-
2520	1894	10	(13,4,1)	-	5<6	(32,76,16,2,0)	(160,46,4,0)	(114,6,0)	(45,0)	(685,164,72,33,17,4,11,11,8,4,2)	no	(0-9,1-4,5-6,7-8)(0-8,1-9,2-5,3-6)(2-7,4-8,5-9)(3-7,6-9)	-
2521	12194	10	(13,4,2)	-	5<6	(34,73,17,2,0)	(160,46,4,0)	(114,6,0)	(45,0)	(676,180,57,43,14,8,10,8,10,6,0)	no	(0-8,1-3,2-5,4-7,6-9)(0-2,3-4,6-8,7-9)(1-9,5-6,7-8)(8-9)	-
2522	6444	10	(13,3,1)	-	5<6	(34,77,15,0,0)	(164,46,0,0)	(116,4,0)	(45,0)	(673,188,56,41,10,14,4,8,10,8,0)	no	(0-4,1-7,2-9,3-8,5-6)(0-8,1-9,4-5,6-7)(2-6,3-5,4-7,8-9)	-
2523	25180	10	(13,3,1)	-	5<6	(34,79,12,1,0)	(166,43,1,0)	(116,4,0)	(45,0)	(676,183,56,37,18,11,8,7,8,8,0)	no	(0-8,1-9,2-3,4-5,6-7)(4-6,5-9,7-8)(0-9,1-7,2-5,3-6,4-8)	-
2524	4228	10	(13,4,1)	-	5<6	(36,60,29,1,0)	(152,50,8,0)	(110,9,1)	(44,1)	(718,116,89,28,20,5,11,8,11,3,2)	no	(1-9,2-7,4-5,6-8)(0-1,2-9,3-4,5-8,6-7)(3-6,4-9,7-8)(5-9)	-
2525	4304	10	(13,3,1)	-	5<6	(36,62,27,1,0)	(154,49,7,0)	(111,8,1)	(44,1)	(721,122,76,30,21,10,9,4,4,7,5)	no	(1-5,3-6,4-7,8-9)(0-1,2-4,3-8,5-6,7-9)(2-3,4-9,5-7,6-8)	-
2526	4336	10	(13,4,1)	-	5<6	(36,62,28,0,0)	(154,49,7,0)	(110,9,1)	(44,1)	(704,139,76,33,18,6,16,6,5,8,1)	no	(1-9,3-8,4-7,5-6)(0-1,2-5,3-6,4-9,7-8)(2-7,4-8,5-9)(6-9)	-
2527	6126	10	(13,4,1)	-	5<6	(36,68,21,1,0)	(158,49,3,0)	(114,6,0)	(45,0)	(676,175,65,39,22,4,6,5,12,7,2)	no	(0-9,1-3,5-8,6-7)(1-9,2-5,4-7,6-8)(0-4,2-7,3-8,5-9)(6-9)	-
2528	6138	10	(13,4,2)	-	5<6	(36,70,18,2,0)	(160,46,4,0)	(114,6,0)	(45,0)	(680,164,81,28,16,11,7,12,2,11,1)	no	(0-2,3-8,5-9,6-7)(0-1,2-7,5-8,6-9)(1-3,4-5,7-9)(4-6,8-9)	-
2529	12276	10	(13,4,1)	-	5<6	(36,72,16,2,0)	(162,45,3,0)	(115,5,0)	(45,0)	(688,160,67,38,16,7,13,9,9,3,1)	no	(0-9,1-8,2-4,3-6,5-7)(0-1,2-7,3-4,5-9,6-8)(5-8,6-9)(7-9)	-
2530	12444	10	(13,3,1)	-	5<6	(36,74,15,1,0)	(164,44,2,0)	(115,5,0)	(45,0)	(664,192,68,34,14,5,13,3,12,8,0)	no	(0-8,1-6,2-9,3-7,4-5)(2-3,4-7,5-9,6-8)(0-9,1-5,4-8,6-7)	-
2531	12716	10	(13,3,1)	-	5<6	(36,74,15,1,0)	(164,44,2,0)	(115,5,0)	(45,0)	(666,186,72,35,14,8,3,12,8,9,0)	no	(0-4,1-6,2-3,5-8,7-9)(4-5,6-9,7-8)(0-7,1-5,2-8,3-9,4-6)	-
2532	7700	10	(13,4,1)	-	5<6	(36,76,12,2,0)	(166,41,3,0)	(115,5,0)	(45,0)	(677,180,60,34,19,12,11,5,5,3,5)	no	(0-9,3-4,5-8,6-7)(0-3,1-6,2-7,5-9)(1-8,4-5,6-9)(2-8,7-9)	-
2533	6452	10	(13,3,1)	-	5<6	(36,78,12,0,0)	(168,42,0,0)	(116,4,0)	(45,0)	(663,197,58,36,24,5,8,4,8,6,4)	no	(0-4,2-9,5-7,6-8)(0-9,1-8,2-6,3-7,4-5)(1-5,3-8,4-6,7-9)	-
2534	6428	10	(13,3,1)	-	5<6	(36,78,12,0,0)	(170,39,1,0)	(116,4,0)	(45,0)	(661,201,57,33,23,8,6,5,14,3,2)	no	(1-9,2-8,4-7,5-6)(0-9,1-6,2-3,4-8,5-7)(0-5,3-7,4-9,6-8)	-
2535	12518	10	(13,4,2)	-	5<6	(38,69,19,0,0)	(164,44,2,0)	(115,5,0)	(45,0)	(663,195,70,27,16,7,7,13,6,8,1)	no	(0-9,2-3,5-8,6-7)(1-8,3-7,4-6,5-9)(0-1,2-8,4-5,6-9)(7-9)	-
2536	24940	10	(13,3,1)	-	5<6	(38,69,19,0,0)	(164,44,2,0)	(115,5,0)	(45,0)	(670,184,68,33,15,8,9,10,10,5,1)	no	(0-9,1-8,2-3,4-5,6-7)(0-7,2-9,4-8,5-6)(1-6,3-5,4-9,7-8)	-
2537	24796	10	(13,4,1)	-	5<6	(38,71,16,1,0)	(164,44,2,0)	(115,5,0)	(45,0)	(668,188,66,33,17,8,6,9,12,4,2)	no	(0-9,3-4,5-8,6-7)(1-8,2-6,3-7,5-9)(0-1,2-8,4-5,6-9)(7-9)	-
2538	39	10	(13,5,1)	-	5<6	(40,40,40,5,1)	(140,50,19,1)	(104,14,2)	(43,2)	(817,33,62,15,51,1,13,0,0,0,0)	no	(1-3,2-9,4-5,6-7)(0-2,3-9,4-7,5-8)(4-9,6-8)(5-9,7-8)(6-9)	-
2539	66	10	(13,4,1)	-	5<6	(40,40,40,5,1)	(140,50,19,1)	(104,14,2)	(43,2)	(827,24,44,20,51,10,22,0,0,0,0)	no	(2-6,3-9,4-8,5-7)(0-6,1-2,3-7,4-9,5-8)(3-4,5-9,7-8)(6-9)	-
2540	244	10	(13,4,3)	-	5<6	(40,44,40,2,0)	(144,50,16,0)	(104,14,2)	(43,2)	(763,58,93,19,45,8,2,0,12,10,2)	no	(0-2,3-9,4-5,7-8)(1-3,4-7,5-9,6-8)(2-8,4-6,7-9)(5-6,8-9)	-
2541	180	10	(13,4,1)	-	5<6	(40,50,30,5,1)	(150,45,14,1)	(109,10,1)	(44,1)	(782,57,53,66,0,0,40,0,0,5,0)	no	(1-9,2-3,4-5,6-7)(0-2,1-3,4-9,5-8)(4-7,5-9,6-8)(6-9,7-8)	-
2542	1296	10	(13,4,2)	-	5<6	(40,52,32,2,0)	(152,48,10,0)	(110,9,1)	(44,1)	(743,82,95,28,32,1,5,1,8,9,2)	no	(0-2,1-9,4-5,6-7)(2-9,3-6,4-7,5-8)(1-3,4-9,6-8)(5-9,7-8)	-
2543	1300	10	(13,3,2)	-	5<6	(40,54,30,2,0)	(154,47,9,0)	(111,8,1)	(44,1)	(745,80,85,50,17,0,13,3,6,0,6)	no	(0-1,2-4,3-9,5-6,7-8)(1-3,4-7,5-9,6-8)(2-3,4-8,5-7,6-9)	-
2544	4340	10	(13,4,3)	-	5<6	(40,56,30,0,0)	(156,46,8,0)	(110,9,1)	(44,1)	(707,127,88,29,23,3,9,11,11,3,2)	no	(1-9,2-3,4-8,5-6)(0-1,2-8,3-6,4-9,5-7)(5-9,7-8)(4-7,6-9)	-
2545	2172	10	(13,4,1)	-	5<6	(40,56,30,0,0)	(156,46,8,0)	(110,9,1)	(44,1)	(715,108,104,18,31,2,9,10,11,3,2)	no	(1-9,3-8,4-5,6-7)(0-1,2-7,4-9,5-8)(2-3,4-7,5-9,6-8)(6-9)	-
2546	1971	10	(13,3,2)	-	5<6	(40,64,20,2,0)	(164,42,4,0)	(116,4,0)	(45,0)	(717,132,54,43,12,28,2,7,2,10,8)	no	(0-8,1-9,2-3,4-5,6-7)(0-2,1-3,4-6,5-9,7-8)(4-9,5-7,6-8)	-
2547	12452	10	(13,4,1)	-	5<6	(40,68,17,1,0)	(166,41,3,0)	(115,5,0)	(45,0)	(676,177,60,42,16,6,13,9,8,4,2)	no	(0-1,4-7,5-9,6-8)(0-2,3-8,5-7,6-9)(1-5,2-6,3-4,7-9)(8-9)	-
2548	6486	10	(13,3,1)	-	5<6	(40,68,18,0,0)	(166,43,1,0)	(116,4,0)	(45,0)	(682,175,59,34,15,15,11,5,10,6,0)	no	(0-8,1-9,2-3,4-5,6-7)(1-7,2-9,4-8,5-6)(0-6,3-8,4-9,5-7)	-
2549	6592	10	(13,3,1)	-	5<6	(40,72,14,0,0)	(170,39,1,0)	(116,4,0)	(45,0)	(653,211,70,18,19,6,3,21,8,4,0)	no	(0-4,1-5,2-3,6-9,7-8)(2-9,3-8,4-5,6-7)(0-6,1-7,4-8,5-9)	-
2550	3420	10	(13,3,1)	-	5<6	(40,72,14,0,0)	(172,36,2,0)	(116,4,0)	(45,0)	(663,191,68,34,18,1,12,14,8,4,0)	no	(0-6,1-7,2-9,3-8,4-5)(0-3,1-2,4-6,5-7,8-9)(4-8,5-9,6-7)	-
2551	12734	10	(13,3,2)	-	5<6	(42,65,19,0,0)	(168,40,2,0)	(116,4,0)	(45,0)	(682,166,67,39,18,10,4,11,11,3,1)	no	(0-9,1-2,3-7,4-5,6-8)(0-3,1-9,2-8,4-7,5-6)(4-9,5-8,6-7)	-
2552	12622	10	(13,3,1)	-	5<6	(42,67,16,1,0)	(168,40,2,0)	(116,4,0)	(45,0)	(681,174,60,37,15,13,9,11,4,6,2)	no	(1-3,4-5,6-8,7-9)(0-7,1-8,2-3,4-6,5-9)(0-6,2-9,4-8,5-7)	-
2553	25444	10	(13,3,1)	-	5<6	(42,69,15,0,0)	(170,39,1,0)	(116,4,0)	(45,0)	(664,190,71,31,16,7,7,13,8,5,1)	no	(0-9,1-5,2-3,4-6,7-8)(0-8,2-9,4-7,5-6)(1-7,3-6,4-8,5-9)	-
2554	12750	10	(13,3,1)	-	5<6	(42,69,15,0,0)	(172,36,2,0)	(116,4,0)	(45,0)	(665,185,72,38,12,4,15,8,8,5,1)	no	(0-6,1-3,2-9,4-7,5-8)(0-2,4-8,5-9,6-7)(1-7,3-8,4-9,5-6)	-
2555	6582	10	(13,3,1)	-	5<6	(44,66,16,0,0)	(170,39,1,0)	(116,4,0)	(45,0)	(661,193,76,28,15,8,3,15,4,8,2)	no	(0-7,3-8,4-5,6-9)(1-5,2-9,4-8,6-7)(0-4,1-6,2-3,5-8,7-9)	-
2556	13052	10	(13,3,1)	-	5<6	(44,66,16,0,0)	(172,36,2,0)	(116,4,0)	(45,0)	(665,183,77,33,15,7,5,17,5,4,2)	no	(0-9,3-8,4-5,6-7)(0-1,2-3,4-7,5-9,6-8)(1-6,2-7,4-9,5-8)	-
2557	6462	10	(13,3,1)	-	5<6	(46,63,17,0,0)	(172,36,2,0)	(116,4,0)	(45,0)	(665,188,64,45,12,6,6,17,0,8,2)	no	(0-3,1-2,4-5,6-7,8-9)(1-7,2-9,4-6,5-8)(0-6,3-8,4-7,5-9)	-
2558	36	10	(14,5,1)	(4,20,1)	4	(0,64,58,4,0)	(64,140,6,0)	(88,32,0)	(41,4)	(783,119,0,0,72,0,0,0,30,8,0)	no	(0-9,3-4,5-7,6-8)(3-9,4-8,6-7)(3-7,4-9,5-8)(1-7,2-8,5-9)(6-9)	(0-1,2-9,3-4,5-6,7-8)(0-2,1-4,3-9,5-8,6-7)(0-3,1-7,2-4,5-9,6-8)(0-4,1-8,2-3,5-7,6-9)
2559	476	10	(14,4,2)	-	4	(0,84,41,1,0)	(100,102,8,0)	(95,24,1)	(42,3)	(714,140,78,4,51,0,4,4,7,8,2)	no	(4-9,5-6,7-8)(0-9,2-5,3-8,6-7)(1-9,3-5,4-7,6-8)(2-7,4-8,6-9)	-
2560	27	10	(14,5,1)	-	4	(0,84,42,0,0)	(112,84,14,0)	(98,21,1)	(42,3)	(848,25,63,28,0,0,28,0,0,7,0)	yes	(0-9,2-6,3-8,4-7)(1-9,2-7,3-6,5-8)(2-9,4-8,5-6)(3-9,5-7)(4-9)	-
2561	182	10	(14,4,2)	-	4	(0,88,36,2,0)	(96,108,6,0)	(92,28,0)	(42,3)	(760,56,110,4,52,0,24,0,0,0,0)	no	(2-6,4-8,7-9)(2-7,3-6,4-9,5-8)(0-9,1-8,4-6,5-7)(3-7,5-9,6-8)	-
2562	476	10	(14,4,3)	-	4	(0,92,32,2,0)	(108,96,6,0)	(98,22,0)	(43,2)	(744,50,147,12,34,0,8,0,4,0,9)	no	(1-8,2-7,4-9,5-6)(1-7,3-6,4-8,5-9)(0-7,2-9,4-6,5-8)(3-7,8-9)	-
2563	1152	10	(14,4,4)	-	4	(0,92,34,0,0)	(112,96,2,0)	(104,16,0)	(44,1)	(676,190,74,16,10,16,12,0,6,0,0)	no	(1-7,2-9,4-8,5-6)(1-8,3-6,4-9,5-7)(2-6,3-8,4-7,5-9)(0-7,8-9)	-
2564	1544	10	(14,4,4)	-	4	(0,94,31,1,0)	(110,97,3,0)	(100,20,0)	(43,2)	(733,104,84,14,41,6,7,12,2,2,6)	no	(0-8,3-9,4-7,5-6)(1-6,3-8,4-9,5-7)(2-7,3-6,4-8,5-9)(2-8,7-9)	-
2565	952	10	(14,4,2)	-	4	(0,94,31,1,0)	(110,97,3,0)	(100,20,0)	(43,2)	(734,106,87,12,37,6,6,12,2,0,4)	no	(0-9,3-8,4-7,5-6)(1-8,3-9,4-6,5-7)(2-7,3-6,4-9,5-8)(2-8,7-9)	-
2566	28	10	(14,4,1)	-	4	(0,96,16,14,0)	(80,120,8,2)	(80,40,0)	(40,5)	(838,50,0,0,96,8,0,0,16,0,0)	no	(1-7,3-9,4-6,5-8)(4-7,5-6,8-9)(4-8,5-9,6-7)(0-6,2-8,4-9,5-7)	-
2567	70	10	(14,5,1)	-	4	(0,96,24,6,0)	(120,80,10,0)	(104,16,0)	(44,1)	(802,34,84,12,32,8,8,8,0,0,24)	yes	(0-9,2-6,4-7,5-8)(1-9,3-7,4-5,6-8)(1-5,2-9,4-6,7-8)(3-9)(8-9)	-
2568	562	10	(14,4,1)	-	4	(0,96,30,0,0)	(120,90,0,0)	(110,10,0)	(45,0)	(729,103,102,0,24,6,18,12,12,3,4)	no	(0-9,1-8,3-6,5-7)(1-9,2-7,4-6,5-8)(2-8,3-7,5-9)(0-7,4-8,6-9)	-
2569	2168	10	(14,4,5)	-	4	(0,98,28,0,0)	(118,91,1,0)	(105,15,0)	(44,1)	(707,114,123,3,22,14,11,4,6,0,4)	no	(1-9,3-6,4-7,5-8)(2-7,3-8,4-9,5-6)(0-7,2-8,4-6,5-9)(1-8,7-9)	-
2570	121	10	(14,4,2)	-	4	(0,100,20,6,0)	(112,94,3,1)	(100,20,0)	(43,2)	(753,43,138,9,39,5,13,4,8,0,0)	yes	(1-8,3-5,4-9,6-7)(0-3,2-6,4-8,5-9)(1-6,3-4,5-8,7-9)(2-9,7-8)	-
2571	68	10	(14,4,1)	-	4	(0,104,18,4,0)	(124,82,4,0)	(104,16,0)	(43,2)	(795,48,60,9,64,0,3,4,27,0,0)	yes	(0-8,2-5,3-4,6-9)(2-6,3-5,4-8,7-9)(2-4,3-7,5-9,6-8)(1-9,7-8)	-
2572	314	10	(14,4,1)	-	4	(0,104,19,3,0)	(128,78,4,0)	(107,13,0)	(44,1)	(771,44,100,12,46,4,8,3,13,0,12)	yes	(1-8,3-5,4-9,6-7)(1-7,2-8,4-6,5-9)(2-4,3-8,5-6,7-9)(0-7,8-9)	-
2573	322	10	(14,4,1)	-	4	(0,108,16,2,0)	(136,72,2,0)	(112,8,0)	(45,0)	(743,49,138,10,36,0,16,0,16,0,0)	yes	(1-9,3-5,4-7,6-8)(0-4,2-9,5-6,7-8)(0-8,1-5,2-4,6-9)(3-8,7-9)	-
2574	46	10	(14,5,3)	-	4<5	(0,60,60,6,0)	(80,102,27,1)	(80,36,4)	(39,6)	(767,92,96,21,0,0,0,0,19,12,7)	no	(0-9,3-5,4-6,7-8)(1-9,3-7,4-8,5-6)(2-9,3-4,5-7,6-8)(7-9)(8-9)	-
2575	170	10	(14,5,2)	-	4<5	(0,72,50,4,0)	(92,102,16,0)	(90,29,1)	(41,4)	(779,76,63,36,22,8,0,4,19,2,0)	no	(0-9,2-5,3-8,4-7)(1-9,3-6,4-8,5-7)(3-9,5-8,6-7)(4-9,6-8)(7-9)	-
2576	324	10	(14,4,3)	-	4<5	(0,78,45,3,0)	(90,107,13,0)	(88,31,1)	(41,4)	(728,146,55,24,21,12,0,4,12,2,7)	no	(3-9,5-6,7-8)(0-9,3-5,4-8,6-7)(1-9,4-7,6-8)(2-8,3-4,5-7,6-9)	-
2577	340	10	(14,5,4)	-	4<5	(0,78,47,1,0)	(98,99,13,0)	(90,29,1)	(41,4)	(767,80,88,26,12,12,2,4,11,4,0)	no	(0-9,3-7,4-6,5-8)(1-9,3-4,5-7,6-8)(2-5,3-9,4-8,6-7)(7-9)(8-9)	-
2578	276	10	(14,5,4)	-	4<5	(0,84,42,0,0)	(98,105,7,0)	(98,21,1)	(42,3)	(778,137,21,21,14,0,28,0,0,0,0)	no	(0-9,2-5,3-8,4-7)(1-9,2-7,3-6,4-8)(2-9,5-6)(3-9,5-8,6-7)(4-9)	-
2579	170	10	(14,4,2)	-	4<5	(0,90,31,5,0)	(98,101,11,0)	(90,29,1)	(41,4)	(749,120,60,8,48,0,4,0,16,0,0)	no	(3-6,4-8,7-9)(0-9,3-8,4-6,5-7)(1-9,5-8,6-7)(2-8,3-7,4-5,6-9)	-
2580	340	10	(14,4,4)	-	4<5	(0,90,33,3,0)	(102,97,11,0)	(90,29,1)	(41,4)	(742,116,72,8,46,4,6,0,8,0,4)	no	(4-6,5-8,7-9)(0-9,3-8,4-5,6-7)(1-9,3-7,6-8)(2-8,3-5,4-7,6-9)	-
2581	494	10	(14,4,3)	-	4<5	(0,90,34,2,0)	(110,89,11,0)	(95,24,1)	(42,3)	(730,108,109,7,25,8,4,0,7,0,6)	no	(0-8,3-9,4-6,5-7)(1-8,3-5,4-9,6-7)(2-8,3-4,5-6,7-9)(2-7,8-9)	-
2582	494	10	(14,5,5)	-	4<5	(0,94,29,3,0)	(114,89,7,0)	(100,20,0)	(43,2)	(767,92,62,11,34,16,8,0,10,4,0)	no	(0-9,1-5,3-8,4-6)(2-9,3-7,5-8)(2-5,3-9,4-7,6-8)(4-9,6-7)(8-9)	-
2583	128	10	(14,4,3)	-	4<5	(0,96,24,6,0)	(116,84,9,1)	(98,21,1)	(42,3)	(758,121,57,12,19,11,0,0,16,12,4)	no	(0-7,2-8,3-5,4-9)(1-7,2-9,3-8,4-6)(2-7,3-4,5-8,6-9)(5-6,8-9)	-
2584	220	10	(14,4,1)	-	4<5	(0,96,27,3,0)	(112,88,10,0)	(95,24,1)	(42,3)	(718,140,90,12,13,4,4,0,19,0,12)	no	(2-4,3-8,5-6,7-9)(0-7,3-5,4-9,6-8)(2-3,4-5,6-9,7-8)(1-7,8-9)	-
2585	494	10	(14,4,3)	-	4<5	(0,96,28,2,0)	(116,86,8,0)	(98,21,1)	(42,3)	(730,124,84,20,21,4,0,3,15,4,0)	no	(0-9,2-3,4-7,5-8)(1-9,2-4,3-5,6-8)(2-9,5-6,7-8)(3-7,4-6,8-9)	-
2586	494	10	(14,4,2)	-	4<5	(0,96,28,2,0)	(116,88,6,0)	(100,20,0)	(43,2)	(767,94,57,7,44,16,8,0,3,6,4)	no	(1-9,3-4,5-8,6-7)(1-8,2-9,3-6,4-7)(0-8,3-9,5-6)(2-8,4-9,5-7)	-
2587	1610	10	(14,4,2)	-	4<5	(0,96,29,1,0)	(114,89,7,0)	(97,22,1)	(42,3)	(706,160,62,24,26,8,7,0,5,10,4)	no	(3-8,4-6,7-9)(0-7,2-3,4-9,5-8)(2-4,3-5,6-9,7-8)(1-7,5-6,8-9)	-
2588	988	10	(14,5,2)	(4,15,4)	4<5	(0,96,29,1,0)	(116,86,8,0)	(97,22,1)	(42,3)	(709,160,62,20,21,14,3,0,9,8,8)	no	(0-9,3-8,4-7,5-6)(1-9,2-5,3-6,4-8)(2-8,3-9,6-7)(4-9,5-7)(8-9)	(2-9,3-6,4-5,7-8)(0-9,2-7,3-8,4-6)(1-9,3-4,5-8,6-7)(2-8,5-7,6-9)
2589	39	10	(14,5,1)	-	4<5	(0,100,20,5,1)	(120,80,9,1)	(100,20,0)	(43,2)	(827,57,0,35,51,21,5,0,0,0,0)	no	(0-6,1-9,3-4,5-7)(1-6,2-9,3-7,4-8)(2-6,3-9,5-8)(4-9,7-8)(5-9)	-
2590	100	10	(14,5,3)	-	5	(16,68,38,4,0)	(104,96,10,0)	(96,24,0)	(42,3)	(826,56,46,19,28,0,0,1,22,0,0)	no	(1-8,3-4,5-6,7-9)(0-7,3-8,4-6,5-9)(3-5,4-8,6-9)(2-9,7-8)(8-9)	-
2591	306	10	(14,4,1)	-	5	(16,68,40,2,0)	(112,90,8,0)	(96,24,0)	(42,3)	(764,75,76,13,58,0,8,0,9,4,2)	no	(0-5,1-8,3-6,7-9)(2-9,3-8,4-6,5-7)(3-7,4-9,6-8)(4-7,5-6,8-9)	-
2592	174	10	(14,4,1)	-	5	(16,68,42,0,0)	(120,80,10,0)	(96,24,0)	(42,3)	(794,55,58,33,32,0,20,3,12,1,0)	no	(0-5,3-8,4-7,6-9)(3-5,6-7,8-9)(1-9,3-4,5-6,7-8)(2-8,4-6,7-9)	-
2593	24	10	(14,4,2)	-	5	(16,72,20,18,0)	(80,120,6,4)	(80,40,0)	(40,5)	(858,12,64,0,20,13,0,0,40,0,0)	no	(2-5,3-6,4-9,7-8)(0-3,4-8,5-9,6-7)(1-4,6-8,7-9)(3-7,5-8,6-9)	-
2594	162	10	(14,4,1)	-	5	(16,72,32,6,0)	(104,96,10,0)	(92,28,0)	(42,3)	(774,76,58,10,58,4,20,2,4,0,0)	no	(2-9,3-5,4-6,7-8)(4-7,5-6,8-9)(1-8,2-4,3-9,6-7)(0-9,5-7,6-8)	-
2595	528	10	(14,4,2)	-	5	(16,72,35,3,0)	(104,100,6,0)	(93,27,0)	(42,3)	(750,92,78,22,31,7,14,2,12,0,0)	no	(2-9,3-5,4-6,7-8)(0-9,3-4,5-8,6-7)(2-5,6-8,7-9)(1-8,4-7,6-9)	-
2596	1056	10	(14,4,5)	-	5	(16,72,35,3,0)	(112,90,8,0)	(95,25,0)	(42,3)	(757,86,81,21,26,9,10,5,10,0,2)	no	(2-4,3-8,5-6,7-9)(1-5,3-9,4-7,6-8)(2-3,4-5,6-9,7-8)(0-7,8-9)	-
2597	227	10	(14,5,1)	-	5	(16,72,36,2,0)	(120,84,6,0)	(104,16,0)	(44,1)	(750,98,68,8,40,16,4,4,20,0,4)	no	(0-9,1-7,4-6,5-8)(1-9,3-5,7-8)(2-9,5-7,6-8)(2-8,3-9,6-7)(4-9)	-
2598	596	10	(14,4,3)	-	5	(16,72,38,0,0)	(116,88,6,0)	(96,24,0)	(42,3)	(761,69,97,18,31,2,14,1,12,2,2)	no	(0-9,3-6,4-7,5-8)(1-7,3-8,4-6,5-9)(2-8,3-9,4-5,6-7)(6-8,7-9)	-
2599	220	10	(14,4,2)	-	5	(16,76,28,6,0)	(116,84,10,0)	(98,22,0)	(43,2)	(768,82,48,36,42,0,15,8,0,0,12)	no	(1-7,2-5,4-8,6-9)(0-7,3-6,4-9,5-8)(1-4,3-7,5-9,6-8)(2-7,8-9)	-
2600	1096	10	(14,4,2)	-	5	(16,76,32,2,0)	(116,88,6,0)	(96,24,0)	(42,3)	(749,91,87,11,39,4,15,2,8,0,0)	no	(0-5,3-7,4-6,8-9)(1-9,3-8,4-7,5-6)(2-8,3-9,6-7)(4-9,5-7,6-8)	-
2601	257	10	(14,5,2)	(4,15,1)	5	(16,76,32,2,0)	(116,90,4,0)	(100,20,0)	(43,2)	(740,66,119,23,30,4,20,0,2,2,2)	no	(1-9,2-4,5-7,6-8)(1-3,2-9,5-8,6-7)(0-7,3-8,5-9)(4-8,6-9)(7-9)	(3-8,5-7,6-9)(1-9,3-4,5-8,6-7)(2-6,3-9,4-5,7-8)(0-8,2-5,4-6,7-9)
2602	405	10	(14,5,1)	(4,18,1)	5	(16,76,32,2,0)	(116,92,2,0)	(102,18,0)	(43,2)	(739,104,86,0,38,20,8,0,8,0,4)	no	(0-9,3-7,4-5,6-8)(2-6,3-9,4-7,5-8)(2-7,3-8,4-9)(1-8,5-9)(6-9)	(0-1,2-8,3-4,5-6,7-9)(0-2,1-9,3-5,4-7,6-8)(1-7,3-6,4-5,8-9)(2-9,3-7,4-6,5-8)
2603	584	10	(14,4,2)	-	5	(16,76,33,1,0)	(112,94,4,0)	(95,25,0)	(42,3)	(743,92,88,20,36,5,10,4,10,0,1)	no	(3-9,4-6,7-8)(0-9,3-8,4-5,6-7)(4-9,5-7,6-8)(1-8,2-7,3-5,6-9)	-
2604	182	10	(14,4,1)	-	5	(16,76,34,0,0)	(120,84,6,0)	(96,24,0)	(42,3)	(754,87,82,3,52,0,22,1,6,1,0)	no	(0-5,3-6,4-8,7-9)(1-9,3-8,4-7,5-6)(2-8,3-9,6-7)(4-9,5-7,6-8)	-
2605	188	10	(14,4,1)	-	5	(16,76,34,0,0)	(120,84,6,0)	(96,24,0)	(42,3)	(760,79,66,11,76,0,12,1,2,1,0)	no	(0-5,3-6,4-8,7-9)(3-7,5-6,8-9)(1-8,4-9,6-7)(2-9,3-4,5-7,6-8)	-
2606	457	10	(14,4,1)	-	5	(16,76,34,0,0)	(120,88,2,0)	(102,18,0)	(43,2)	(739,91,86,16,37,16,12,0,11,2,4)	no	(2-7,3-9,4-5,6-8)(3-8,4-7,5-9)(2-3,4-8,5-7,6-9)(0-8,1-9,6-7)	-
2607	848	10	(14,4,5)	-	5	(16,76,34,0,0)	(122,87,1,0)	(104,16,0)	(43,2)	(739,119,64,16,39,2,15,0,4,4,4)	no	(0-9,3-7,4-5,6-8)(2-6,3-5,4-9,7-8)(2-3,5-8,6-9)(1-8,2-4,7-9)	-
2608	395	10	(14,4,2)	-	5	(16,78,31,1,0)	(130,75,5,0)	(104,16,0)	(43,2)	(756,96,69,16,26,16,16,0,10,0,0)	no	(2-8,3-6,4-9,5-7)(1-7,2-9,3-8,4-5)(2-7,3-9,4-8,5-6)(0-9,6-8)	-
2609	3092	10	(14,4,11)	-	5	(16,78,32,0,0)	(124,82,4,0)	(101,19,0)	(43,2)	(722,116,86,28,23,10,9,4,7,0,2)	no	(3-9,4-8,6-7)(1-7,3-5,4-9,6-8)(0-4,2-7,3-8,5-9)(2-8,5-6,7-9)	-
2610	542	10	(14,5,2)	(4,15,2)	5	(16,80,26,4,0)	(112,92,6,0)	(94,26,0)	(42,3)	(752,72,106,10,37,2,16,6,6,0,2)	no	(0-9,1-5,4-7,6-8)(4-9,5-6,7-8)(2-8,3-4,5-7,6-9)(3-6,7-9)(8-9)	(0-5,1-8,2-4,3-9,6-7)(2-3,4-7,5-6,8-9)(3-8,5-7,6-9)(4-6,5-8,7-9)
2611	596	10	(14,4,2)	-	5	(16,80,28,2,0)	(116,90,4,0)	(96,24,0)	(42,3)	(747,95,91,5,36,4,14,4,11,0,0)	no	(3-7,5-6,8-9)(0-5,3-8,4-9,6-7)(2-9,3-4,5-7,6-8)(1-8,4-7,6-9)	-
2612	340	10	(14,4,2)	-	5	(16,80,28,2,0)	(120,84,6,0)	(96,24,0)	(42,3)	(776,72,74,11,44,0,16,9,2,0,0)	no	(0-5,3-7,4-6,8-9)(3-9,5-6,7-8)(1-9,4-7,6-8)(2-8,3-4,5-7,6-9)	-
2613	1610	10	(14,4,2)	-	5	(16,80,29,1,0)	(122,87,1,0)	(103,17,0)	(43,2)	(729,126,71,9,30,24,6,2,1,6,2)	no	(0-9,3-8,4-7,5-6)(2-3,4-8,5-9,6-7)(1-7,2-4,3-9,5-8)(6-9,7-8)	-
2614	3072	10	(14,4,9)	-	5	(16,80,29,1,0)	(124,82,4,0)	(101,19,0)	(43,2)	(721,124,76,26,25,13,13,3,3,0,3)	no	(2-3,4-6,5-9,7-8)(0-3,1-8,2-7,4-5,6-9)(3-4,6-8,7-9)(5-7,8-9)	-
2615	686	10	(14,5,1)	-	5	(16,80,29,1,0)	(128,80,2,0)	(107,13,0)	(44,1)	(732,104,84,11,39,8,18,4,2,0,8)	no	(0-9,1-8,4-6,5-7)(1-9,2-8,3-5,6-7)(2-7,3-8,5-9)(4-8,6-9)(7-9)	-
2616	840	10	(14,4,1)	-	5	(16,80,30,0,0)	(122,87,1,0)	(102,18,0)	(43,2)	(713,137,76,12,32,14,12,4,6,2,0)	no	(1-7,2-3,5-9,6-8)(3-7,4-8,6-9)(2-4,3-9,5-8,6-7)(0-9,4-5,7-8)	-
2617	1610	10	(14,4,1)	-	5	(16,80,30,0,0)	(126,81,3,0)	(102,18,0)	(43,2)	(736,103,76,24,34,8,19,0,4,5,0)	no	(1-7,3-8,4-5,6-9)(2-3,4-8,5-9,6-7)(0-9,3-4,5-7,6-8)(2-7,8-9)	-
2618	1610	10	(14,4,8)	-	5	(16,80,30,0,0)	(126,81,3,0)	(102,18,0)	(43,2)	(758,89,72,25,26,14,7,6,0,3,4)	no	(1-8,3-5,4-6,7-9)(2-8,3-4,5-9,6-7)(0-3,2-9,4-8,5-7)(1-9,6-8)	-
2619	848	10	(14,4,5)	-	5	(16,80,30,0,0)	(126,83,1,0)	(104,16,0)	(43,2)	(734,115,88,16,18,4,15,0,8,4,4)	no	(0-8,2-7,3-5,4-9)(2-4,3-8,5-6,7-9)(2-3,5-8,6-9)(1-9,4-6,7-8)	-
2620	2204	10	(14,4,2)	-	5	(16,80,30,0,0)	(128,80,2,0)	(106,14,0)	(44,1)	(700,156,78,10,12,30,8,0,6,4,8)	no	(1-9,2-7,4-6,5-8)(1-7,3-8,4-9,5-6)(2-8,3-4,5-7,6-9)(0-7,8-9)	-
2621	1600	10	(14,4,6)	-	5	(16,80,30,0,0)	(130,77,3,0)	(104,16,0)	(43,2)	(736,112,83,20,24,0,10,8,6,0,6)	no	(0-6,2-9,3-7,4-8)(1-7,2-3,4-9,5-8)(2-6,3-8,5-9)(4-6,5-7,8-9)	-
2622	466	10	(14,4,2)	-	5	(16,82,23,5,0)	(130,71,9,0)	(104,15,1)	(43,2)	(751,96,68,16,40,16,8,0,6,0,5)	no	(0-2,3-7,4-8,5-9)(2-3,4-9,5-7,6-8)(1-9,5-8,6-7)(3-8,4-6,7-9)	-
2623	924	10	(14,4,3)	-	5	(16,82,25,3,0)	(122,83,5,0)	(100,20,0)	(43,2)	(735,112,72,22,27,16,6,2,13,2,4)	no	(1-4,3-6,5-8,7-9)(1-7,2-4,5-9,6-8)(2-5,3-4,6-9,7-8)(0-7,8-9)	-
2624	494	10	(14,4,2)	-	5	(16,82,25,3,0)	(126,79,5,0)	(102,18,0)	(43,2)	(732,120,82,6,33,0,22,0,6,0,6)	no	(1-9,2-7,3-4,5-8)(2-9,3-5,4-6,7-8)(1-7,3-9,6-8)(0-8,4-9,5-6)	-
2625	494	10	(14,4,2)	-	5	(16,82,25,3,0)	(130,75,5,0)	(104,16,0)	(43,2)	(751,104,58,24,42,0,16,0,6,0,7)	no	(1-7,2-8,4-9,5-6)(2-7,3-9,4-6,5-8)(2-9,3-5,6-8)(0-9,3-4,7-8)	-
2626	3004	10	(14,4,11)	-	5	(16,82,26,2,0)	(124,82,4,0)	(101,19,0)	(43,2)	(723,117,82,26,22,14,10,6,5,1,2)	no	(2-3,4-9,5-8,6-7)(0-6,3-8,4-7,5-9)(1-8,3-4,5-6,7-9)(2-7,8-9)	-
2627	384	10	(14,5,2)	-	5	(16,82,27,1,0)	(126,79,5,0)	(104,16,0)	(43,2)	(804,83,52,16,14,12,1,0,12,0,0)	no	(0-8,2-9,3-4,5-6)(1-6,2-8,3-9,5-7)(2-7,3-8,4-9)(4-7,5-9)(6-9)	-
2628	1536	10	(14,4,3)	-	5	(16,82,27,1,0)	(126,81,3,0)	(102,18,0)	(43,2)	(718,121,84,28,23,12,10,6,4,0,2)	no	(3-8,4-6,7-9)(0-9,1-6,2-3,4-8,5-7)(3-4,5-9,7-8)(2-7,5-6,8-9)	-
2629	988	10	(14,4,1)	-	5	(16,82,27,1,0)	(126,81,3,0)	(102,18,0)	(43,2)	(738,106,78,20,27,10,16,2,7,2,0)	no	(0-9,2-7,3-8,5-6)(3-9,4-8,5-7)(2-8,3-5,4-9,6-7)(1-8,4-6,7-9)	-
2630	952	10	(14,4,4)	-	5	(16,82,27,1,0)	(130,75,5,0)	(102,18,0)	(43,2)	(766,70,86,28,20,16,4,4,3,2,2)	no	(0-6,3-5,4-8,7-9)(2-7,3-4,5-9,6-8)(2-3,4-5,6-9,7-8)(1-7,8-9)	-
2631	3156	10	(14,4,6)	-	5	(16,82,28,0,0)	(124,84,2,0)	(101,19,0)	(43,2)	(710,132,86,21,24,12,15,0,2,2,5)	no	(1-8,3-5,4-7,6-9)(2-8,3-4,5-9,6-7)(0-7,2-9,4-8,5-6)(1-9,7-8)	-
2632	3156	10	(14,4,6)	-	5	(16,82,28,0,0)	(128,80,2,0)	(103,17,0)	(43,2)	(723,126,77,24,21,8,8,6,11,3,3)	no	(3-9,4-8,6-7)(2-4,3-7,5-9,6-8)(0-7,1-8,2-3,4-5,6-9)(5-8,7-9)	-
2633	8988	10	(14,4,7)	-	5	(16,82,28,0,0)	(132,76,2,0)	(107,13,0)	(44,1)	(697,156,77,19,19,15,6,7,8,2,4)	no	(1-8,2-7,4-9,5-6)(4-8,5-9,6-7)(1-7,2-4,3-8,6-9)(0-7,3-5,8-9)	-
2634	74	10	(14,4,1)	-	5	(16,84,20,6,0)	(128,78,3,1)	(104,16,0)	(43,2)	(783,99,28,9,59,1,0,0,12,12,3)	no	(0-8,2-4,3-6,5-9)(2-3,4-7,5-8,6-9)(2-5,3-4,6-8,7-9)(1-9,7-8)	-
2635	564	10	(14,4,2)	-	5	(16,84,24,2,0)	(120,86,4,0)	(96,24,0)	(42,3)	(749,79,93,9,54,4,14,0,6,0,0)	no	(0-5,3-6,4-9,7-8)(3-8,5-6,7-9)(1-9,4-7,6-8)(2-8,3-4,5-7,6-9)	-
2636	988	10	(14,4,1)	-	5	(16,84,24,2,0)	(128,78,4,0)	(102,18,0)	(43,2)	(720,134,85,12,21,2,12,8,5,0,9)	no	(2-7,3-9,4-6,5-8)(1-8,3-7,4-9,5-6)(0-9,3-5,4-7,6-8)(2-8,7-9)	-
2637	1348	10	(14,4,2)	-	5	(16,84,24,2,0)	(132,74,4,0)	(106,14,0)	(44,1)	(683,176,88,10,6,8,14,14,1,8,0)	no	(0-7,2-6,4-9,5-8)(2-7,3-4,5-9,6-8)(1-5,3-8,4-7,6-9)(1-7,8-9)	-
2638	1544	10	(14,4,2)	-	5	(16,84,25,1,0)	(124,84,2,0)	(101,19,0)	(43,2)	(710,127,94,16,20,20,14,0,2,3,2)	no	(1-8,3-6,4-9,5-7)(1-2,4-8,5-9,6-7)(2-6,3-9,4-7,5-8)(0-7,8-9)	-
2639	840	10	(14,4,2)	-	5	(16,84,26,0,0)	(126,83,1,0)	(102,18,0)	(43,2)	(706,133,92,16,27,14,12,4,2,0,0)	no	(2-4,3-7,5-6,8-9)(2-3,4-7,5-8,6-9)(0-9,3-5,4-6,7-8)(1-8,7-9)	-
2640	867	10	(14,4,1)	-	5	(16,84,26,0,0)	(128,80,2,0)	(102,18,0)	(43,2)	(717,121,86,20,33,8,8,8,4,1,4)	no	(0-8,2-3,4-6,7-9)(1-9,2-7,4-8,5-6)(4-7,5-9,6-8)(3-6,5-7,8-9)	-
2641	3156	10	(14,4,3)	-	5	(16,84,26,0,0)	(130,77,3,0)	(102,18,0)	(43,2)	(721,112,97,19,25,8,15,0,8,2,2)	no	(2-3,4-9,5-8,6-7)(2-7,3-4,5-9,6-8)(0-9,3-5,4-6,7-8)(1-7,8-9)	-
2642	4538	10	(14,4,1)	-	5	(16,84,26,0,0)	(134,75,1,0)	(108,12,0)	(44,1)	(700,150,73,22,25,16,8,8,3,0,3)	no	(1-9,3-4,5-8,6-7)(2-9,3-6,4-8,5-7)(0-8,1-7,3-9,5-6)(2-8,4-9)	-
2643	1246	10	(14,4,3)	-	5	(16,84,26,0,0)	(136,72,2,0)	(108,12,0)	(44,1)	(744,102,78,24,26,4,8,0,6,8,8)	no	(1-8,2-5,3-9,4-6)(2-8,3-7,4-9,5-6)(0-8,1-7,3-4,5-9)(6-7,8-9)	-
2644	608	10	(14,4,1)	-	5	(16,84,26,0,0)	(136,72,2,0)	(108,12,0)	(44,1)	(754,88,76,24,34,6,4,0,6,8,10)	no	(1-8,3-9,4-7,5-6)(2-8,3-6,4-9,5-7)(0-8,1-6,2-7,3-4,5-9)(8-9)	-
2645	494	10	(14,5,3)	-	5	(16,86,21,3,0)	(126,79,5,0)	(104,16,0)	(43,2)	(806,84,46,15,19,8,0,12,0,0,14)	no	(0-9,2-6,3-4,5-7)(2-9,3-7,4-8)(1-2,3-9,5-8,6-7)(4-9,6-8)(5-9)	-
2646	1408	10	(14,5,3)	-	5	(16,86,21,3,0)	(138,67,5,0)	(108,12,0)	(44,1)	(723,128,65,15,27,25,17,0,4,2,5)	no	(0-9,1-2,4-5,6-8)(1-9,2-3,4-6,7-8)(3-8,4-9,5-7)(5-9,6-7)(8-9)	-
2647	3160	10	(14,4,12)	-	5	(16,86,23,1,0)	(130,77,3,0)	(102,18,0)	(43,2)	(718,121,92,8,37,7,16,3,3,1,3)	no	(1-9,2-7,3-4,5-8)(2-9,3-6,4-8,5-7)(0-8,1-7,3-9,5-6)(4-9,6-8)	-
2648	1580	10	(14,4,4)	-	5	(16,86,23,1,0)	(130,77,3,0)	(102,18,0)	(43,2)	(723,111,96,6,44,5,14,0,6,1,1)	no	(3-8,4-9,5-7)(2-3,4-7,5-8,6-9)(0-3,2-7,5-9,6-8)(1-9,4-6,7-8)	-
2649	1580	10	(14,4,2)	-	5	(16,86,23,1,0)	(134,73,3,0)	(104,16,0)	(43,2)	(739,106,65,28,39,8,12,0,7,2,4)	no	(2-8,3-9,4-5,6-7)(1-7,2-9,4-8,5-6)(2-3,4-9,6-8)(0-9,3-5,7-8)	-
2650	3156	10	(14,4,1)	-	5	(16,86,24,0,0)	(132,76,2,0)	(103,17,0)	(43,2)	(724,120,73,24,32,8,16,4,3,2,4)	no	(2-7,3-8,4-9,5-6)(1-6,3-9,4-7,5-8)(0-9,2-3,4-6,7-8)(5-7,8-9)	-
2651	4408	10	(14,4,4)	-	5	(16,86,24,0,0)	(134,75,1,0)	(107,13,0)	(44,1)	(683,175,79,14,17,12,10,3,8,7,2)	no	(1-8,2-9,4-7,5-6)(1-7,3-5,4-9,6-8)(2-5,3-8,4-6,7-9)(0-7,8-9)	-
2652	8852	10	(14,4,19)	-	5	(16,86,24,0,0)	(134,75,1,0)	(107,13,0)	(44,1)	(689,169,73,12,25,15,9,4,8,4,1)	no	(1-7,2-5,4-6,8-9)(1-5,2-8,3-9,6-7)(0-9,5-6,7-8)(3-6,4-8,7-9)	-
2653	2262	10	(14,4,2)	-	5	(16,86,24,0,0)	(134,75,1,0)	(107,13,0)	(44,1)	(713,132,67,30,31,7,14,6,6,0,4)	no	(0-9,2-8,4-7,5-6)(0-8,1-7,3-6,5-9)(1-8,2-7,4-5,6-9)(3-8,7-9)	-
2654	4580	10	(14,4,4)	-	5	(16,86,24,0,0)	(136,72,2,0)	(107,13,0)	(44,1)	(687,166,77,30,11,7,11,8,3,6,6)	no	(1-5,3-9,4-6,7-8)(0-8,2-6,3-5,4-9)(2-8,3-7,5-9)(1-8,4-7,6-9)	-
2655	4580	10	(14,4,11)	-	5	(16,86,24,0,0)	(138,71,1,0)	(109,11,0)	(44,1)	(712,145,65,26,16,12,12,2,9,6,4)	no	(1-5,2-8,3-9,4-6)(2-5,3-7,4-9,6-8)(0-8,1-7,3-4,5-9)(6-7,8-9)	-
2656	2240	10	(14,4,1)	-	5	(16,86,24,0,0)	(138,71,1,0)	(109,11,0)	(44,1)	(722,125,71,30,21,8,10,2,10,6,6)	no	(1-7,2-5,3-9,6-8)(1-5,2-8,3-6,4-9)(3-7,4-8,5-9)(0-8,4-7,6-9)	-
2657	870	10	(14,5,1)	-	5	(16,88,20,2,0)	(140,66,4,0)	(108,12,0)	(44,1)	(708,154,68,4,16,40,4,8,4,0,4)	no	(0-9,3-4,5-7,6-8)(1-9,2-8,3-5,4-6)(2-9,5-8,6-7)(1-7,3-9)(4-9)	-
2658	3156	10	(14,4,1)	-	5	(16,88,21,1,0)	(130,79,1,0)	(103,17,0)	(43,2)	(722,121,87,14,26,13,10,7,2,2,4)	no	(0-9,3-7,4-6,5-8)(2-4,3-8,5-9,6-7)(2-3,4-5,6-9,7-8)(1-8,7-9)	-
2659	3160	10	(14,4,2)	-	5	(16,88,21,1,0)	(132,76,2,0)	(103,17,0)	(43,2)	(722,116,83,23,32,12,8,4,3,2,4)	no	(2-7,3-4,5-9,6-8)(2-3,4-9,5-8,6-7)(0-9,3-5,4-6,7-8)(1-8,7-9)	-
2660	4408	10	(14,4,4)	-	5	(16,88,21,1,0)	(136,72,2,0)	(107,13,0)	(44,1)	(679,174,83,16,19,12,10,3,6,4,2)	no	(1-7,2-5,3-8,4-9)(1-9,3-4,5-8,6-7)(2-9,4-6,7-8)(0-7,5-6,8-9)	-
2661	716	10	(14,4,1)	-	5	(16,88,21,1,0)	(136,72,2,0)	(107,13,0)	(44,1)	(732,116,56,28,41,4,6,11,18,0,0)	no	(1-5,2-8,3-6,7-9)(1-8,2-9,4-7,5-6)(0-9,3-8,6-7)(4-8,5-7,6-9)	-
2662	8968	10	(14,4,7)	-	5	(16,88,22,0,0)	(138,71,1,0)	(108,12,0)	(44,1)	(690,166,71,22,20,14,10,5,5,3,1)	no	(2-6,3-9,4-7,5-8)(2-5,3-6,4-9,7-8)(1-8,3-7,5-9)(0-8,1-4,6-9)	-
2663	8968	10	(14,4,7)	-	5	(16,88,22,0,0)	(138,71,1,0)	(108,12,0)	(44,1)	(691,164,70,27,18,11,11,4,8,4,0)	no	(1-8,3-9,4-7,5-6)(2-5,3-7,4-9,6-8)(1-7,2-3,4-8,5-9)(0-8,6-9)	-
2664	8988	10	(14,4,13)	-	5	(16,88,22,0,0)	(138,71,1,0)	(108,12,0)	(44,1)	(694,165,65,16,28,17,10,4,6,3,1)	no	(1-9,3-8,4-5,6-7)(2-9,3-4,5-7,6-8)(0-8,1-4,2-7,3-9,5-6)(8-9)	-
2665	2366	10	(14,4,1)	-	5	(16,88,22,0,0)	(140,68,2,0)	(108,12,0)	(44,1)	(705,145,74,14,29,19,8,6,4,6,0)	no	(1-9,3-5,4-6,7-8)(2-8,3-9,4-7,5-6)(0-8,2-6,3-7,4-9)(1-8,5-9)	-
2666	1372	10	(14,4,5)	-	5	(16,90,18,2,0)	(142,65,3,0)	(109,11,0)	(44,1)	(730,113,79,31,16,8,5,3,16,0,9)	no	(0-5,1-9,2-8,3-4,6-7)(2-9,3-7,4-8,5-6)(1-5,2-7,3-9,6-8)(4-9)	-
2667	4564	10	(14,4,1)	-	5	(16,90,20,0,0)	(142,67,1,0)	(109,11,0)	(44,1)	(706,140,74,21,28,19,9,2,6,4,0)	no	(1-9,3-5,4-8,6-7)(2-6,3-9,4-7,5-8)(1-6,2-8,3-7,4-9)(0-8,5-9)	-
2668	566	10	(14,4,2)	-	5	(16,92,12,6,0)	(128,80,1,1)	(102,18,0)	(43,2)	(740,89,109,7,24,19,2,4,12,2,0)	no	(2-6,3-5,4-9,7-8)(1-9,2-5,4-8,6-7)(4-5,6-8,7-9)(0-8,3-7,6-9)	-
2669	744	10	(14,4,3)	-	5	(16,92,16,2,0)	(144,62,4,0)	(108,12,0)	(44,1)	(721,123,69,17,54,10,0,0,6,8,2)	no	(0-3,1-8,4-5,6-9)(1-3,2-9,4-8,5-7)(2-3,4-6,5-8,7-9)(6-7,8-9)	-
2670	8988	10	(14,4,2)	-	5	(16,92,18,0,0)	(142,67,1,0)	(108,12,0)	(44,1)	(691,149,90,27,19,6,7,6,11,2,1)	no	(2-8,3-6,4-9,5-7)(1-7,2-6,4-8,5-9)(1-8,3-4,5-6,7-9)(0-7,8-9)	-
2671	2844	10	(14,4,1)	-	5	(16,96,13,1,0)	(148,60,2,0)	(109,11,0)	(44,1)	(701,140,82,22,31,15,2,6,6,0,2)	no	(1-9,3-4,5-8,6-7)(0-8,1-7,2-9,3-5,4-6)(3-9,5-7,6-8)(2-8,4-9)	-
2672	876	10	(14,4,7)	-	5	(24,66,33,3,0)	(130,69,11,0)	(102,17,1)	(43,2)	(736,106,76,30,26,8,3,9,8,2,7)	no	(0-1,2-4,3-6,5-8,7-9)(4-7,5-9,6-8)(2-5,3-4,6-9,7-8)(1-7,8-9)	-
2673	952	10	(14,4,5)	-	5	(24,66,35,1,0)	(134,69,7,0)	(104,16,0)	(43,2)	(785,66,45,50,26,4,15,6,6,0,0)	no	(0-7,1-6,2-8,3-4,5-9)(2-9,3-8,4-7)(2-3,5-8,6-9)(4-9,5-7,6-8)	-
2674	254	10	(14,4,1)	-	5	(24,68,34,0,0)	(132,70,8,0)	(104,16,0)	(43,2)	(811,62,74,21,6,0,1,6,1,0,24)	no	(0-1,2-7,3-8,4-9)(1-2,3-9,4-5,6-8)(1-3,2-9,4-6,5-7)(5-8,6-7)	-
2675	484	10	(14,4,2)	-	5	(24,68,34,0,0)	(140,62,8,0)	(104,16,0)	(43,2)	(785,54,78,15,22,18,29,6,3,0,0)	no	(1-6,2-8,3-9,4-7)(2-4,3-8,5-7,6-9)(0-7,2-9,3-5,4-8)(5-9,6-8)	-
2676	220	10	(14,4,1)	-	5	(24,68,34,0,0)	(144,56,10,0)	(104,16,0)	(43,2)	(781,60,94,3,8,24,25,6,9,0,0)	no	(2-8,3-4,5-7,6-9)(0-7,1-6,2-9,3-5,4-8)(2-3,4-7,5-9,6-8)(8-9)	-
2677	924	10	(14,4,3)	-	5	(24,70,29,3,0)	(130,73,7,0)	(102,18,0)	(43,2)	(747,86,80,20,45,14,6,1,7,0,4)	no	(0-9,2-4,5-6,7-8)(4-5,6-7,8-9)(1-5,3-4,6-8,7-9)(2-7,3-8,6-9)	-
2678	952	10	(14,4,6)	-	5	(24,70,31,1,0)	(130,75,5,0)	(102,18,0)	(43,2)	(727,114,77,29,30,6,13,6,4,0,2)	no	(1-8,3-4,5-7,6-9)(2-4,3-5,6-8,7-9)(0-3,1-4,2-9,5-6,7-8)(8-9)	-
2679	74	10	(14,4,2)	-	5	(24,72,24,6,0)	(140,60,9,1)	(104,16,0)	(43,2)	(825,47,6,27,83,1,0,6,0,12,1)	no	(0-6,1-7,2-8,3-9,4-5)(2-3,4-8,6-9)(2-4,3-5,6-8,7-9)(5-9,7-8)	-
2680	1550	10	(14,4,5)	-	5	(24,72,28,2,0)	(130,75,5,0)	(102,18,0)	(43,2)	(727,116,78,26,18,23,10,2,4,2,2)	no	(2-6,3-5,4-9,7-8)(4-7,5-6,8-9)(1-8,2-4,5-9,6-7)(0-9,3-7,6-8)	-
2681	3072	10	(14,4,4)	-	5	(24,72,29,1,0)	(132,74,4,0)	(103,17,0)	(43,2)	(732,112,80,31,18,6,10,7,4,2,5)	no	(0-7,3-9,4-8,5-6)(3-8,4-7,6-9)(1-6,2-3,5-9,7-8)(2-4,5-8,7-9)	-
2682	2768	10	(14,4,4)	-	5	(24,72,29,1,0)	(140,66,4,0)	(109,11,0)	(44,1)	(733,120,57,26,23,14,22,5,3,0,3)	no	(1-9,3-8,4-7,5-6)(1-2,3-9,4-8,5-7)(2-8,3-6,4-9)(0-8,5-9,6-7)	-
2683	1594	10	(14,4,5)	-	5	(24,72,30,0,0)	(130,77,3,0)	(102,18,0)	(43,2)	(721,111,103,20,15,12,6,8,8,4,2)	no	(2-3,4-8,5-6,7-9)(1-9,3-7,4-5,6-8)(2-4,3-5,6-9,7-8)(0-7,8-9)	-
2684	848	10	(14,4,4)	-	5	(24,72,30,0,0)	(130,79,1,0)	(104,16,0)	(43,2)	(735,103,100,16,29,0,7,0,4,3,4)	no	(1-8,2-3,4-5,7-9)(2-7,3-5,4-8,6-9)(0-9,2-4,3-6,5-8)(6-7,8-9)	-
2685	800	10	(14,4,1)	-	5	(24,72,30,0,0)	(132,74,4,0)	(102,18,0)	(43,2)	(717,127,84,20,19,13,12,12,3,1,0)	no	(2-3,4-6,5-9,7-8)(4-5,6-7,8-9)(0-9,2-7,3-5,6-8)(1-8,4-7,6-9)	-
2686	1594	10	(14,4,6)	-	5	(24,72,30,0,0)	(138,67,5,0)	(104,16,0)	(43,2)	(773,70,66,30,31,15,9,2,2,8,4)	no	(1-6,2-9,4-5,7-8)(0-7,2-5,3-8,6-9)(2-3,4-8,5-6,7-9)(3-4,8-9)	-
2687	952	10	(14,4,1)	-	5	(24,72,30,0,0)	(140,64,6,0)	(104,16,0)	(43,2)	(738,108,83,18,19,12,12,4,13,0,4)	no	(2-8,3-9,4-5,6-7)(1-7,2-9,4-8,5-6)(3-6,4-9,5-8)(0-9,2-3,7-8)	-
2688	952	10	(14,4,3)	-	5	(24,72,30,0,0)	(140,64,6,0)	(104,16,0)	(43,2)	(742,108,83,4,25,12,16,4,13,0,4)	no	(2-8,3-7,4-5,6-9)(2-9,3-8,4-7,5-6)(0-7,1-6,2-5,3-9,4-8)(8-9)	-
2689	838	10	(14,4,2)	-	5	(24,72,30,0,0)	(140,68,2,0)	(112,8,0)	(45,0)	(689,143,110,0,30,10,12,0,8,1,8)	no	(0-8,2-3,5-9,6-7)(1-7,2-8,4-5,6-9)(1-9,4-7,5-8)(0-7,3-9,6-8)	-
2690	924	10	(14,4,4)	-	5	(24,74,25,3,0)	(130,75,5,0)	(102,18,0)	(43,2)	(731,112,82,28,27,0,2,14,3,0,9)	no	(0-6,1-5,2-3,4-9,7-8)(2-7,3-8,4-6,5-9)(3-4,6-8,7-9)(5-7,8-9)	-
2691	932	10	(14,4,4)	-	5	(24,74,25,3,0)	(138,63,9,0)	(104,15,1)	(43,2)	(732,116,84,12,23,8,12,8,7,0,7)	no	(0-2,3-7,4-5,8-9)(2-3,4-9,5-7,6-8)(1-9,4-6,7-8)(3-8,5-6,7-9)	-
2692	1558	10	(14,4,2)	-	5	(24,74,27,1,0)	(130,77,3,0)	(102,18,0)	(43,2)	(717,125,84,20,30,8,10,6,5,2,0)	no	(2-8,3-9,4-6,5-7)(0-7,1-6,2-3,4-8,5-9)(2-4,3-5,6-9,7-8)(8-9)	-
2693	3088	10	(14,4,9)	-	5	(24,74,27,1,0)	(130,77,3,0)	(102,18,0)	(43,2)	(720,116,93,16,27,14,8,7,4,2,1)	no	(2-3,4-6,5-9,7-8)(2-4,3-7,5-8,6-9)(1-8,3-6,4-5,7-9)(0-7,8-9)	-
2694	920	10	(14,4,4)	-	5	(24,74,27,1,0)	(134,71,5,0)	(102,18,0)	(43,2)	(732,92,110,10,22,18,20,1,1,0,0)	no	(1-5,3-8,4-6,7-9)(2-4,6-7,8-9)(0-9,3-4,5-7,6-8)(2-7,5-8,6-9)	-
2695	988	10	(14,4,1)	-	5	(24,74,27,1,0)	(138,67,5,0)	(104,16,0)	(43,2)	(730,128,69,12,39,4,11,0,8,0,8)	no	(1-7,2-8,3-9,4-5)(2-9,3-8,4-6)(0-9,2-5,3-6,7-8)(4-7,5-6,8-9)	-
2696	3156	10	(14,4,6)	-	5	(24,74,28,0,0)	(132,76,2,0)	(103,17,0)	(43,2)	(718,129,81,23,25,5,8,7,6,2,4)	no	(0-7,3-9,4-8,5-6)(2-4,3-7,5-9,6-8)(2-3,4-5,6-9,7-8)(1-8,7-9)	-
2697	128	10	(14,4,1)	-	5	(24,76,20,6,0)	(124,82,3,1)	(100,20,0)	(43,2)	(756,79,90,9,40,5,13,0,16,0,0)	no	(2-6,3-7,4-5,8-9)(1-9,2-5,4-6,7-8)(3-5,6-8,7-9)(0-8,4-7,6-9)	-
2698	494	10	(14,4,3)	-	5	(24,76,24,2,0)	(136,70,4,0)	(104,16,0)	(43,2)	(776,64,81,12,39,14,10,0,5,0,1)	no	(0-9,2-6,4-5,7-8)(1-7,2-9,3-6,4-8)(2-4,3-9,5-8)(3-5,6-8,7-9)	-
2699	3156	10	(14,4,2)	-	5	(24,76,25,1,0)	(134,73,3,0)	(103,17,0)	(43,2)	(723,118,83,19,26,19,12,0,6,0,2)	no	(2-7,3-4,5-9,6-8)(1-5,3-8,4-9,6-7)(0-9,2-3,5-6,7-8)(4-8,7-9)	-
2700	3092	10	(14,4,7)	-	5	(24,76,25,1,0)	(134,73,3,0)	(103,17,0)	(43,2)	(724,122,85,19,25,4,9,8,4,2,5)	no	(1-5,3-9,4-6,7-8)(2-4,3-8,5-9,6-7)(2-3,4-5,6-8,7-9)(0-7,8-9)	-
2701	2696	10	(14,4,4)	-	5	(24,76,25,1,0)	(140,66,4,0)	(107,13,0)	(44,1)	(700,148,78,18,32,8,2,9,5,8,4)	no	(1-8,3-5,4-9,6-7)(1-7,2-6,4-8,5-9)(2-4,3-6,5-8,7-9)(0-7,8-9)	-
2702	3156	10	(14,4,2)	-	5	(24,76,26,0,0)	(138,69,3,0)	(104,16,0)	(43,2)	(728,118,84,18,24,6,13,5,5,4,2)	no	(2-8,3-7,4-9,5-6)(0-7,1-6,2-5,3-9,4-8)(2-3,4-7,5-8,6-9)(8-9)	-
2703	1610	10	(14,4,1)	-	5	(24,76,26,0,0)	(138,69,3,0)	(104,16,0)	(43,2)	(765,75,76,31,25,8,9,7,6,2,0)	no	(2-8,3-5,4-7,6-9)(1-6,3-9,4-8,5-7)(0-7,2-3,5-9,6-8)(2-4,8-9)	-
2704	2296	10	(14,4,5)	-	5	(24,76,26,0,0)	(140,68,2,0)	(108,12,0)	(44,1)	(706,140,78,20,18,22,14,4,1,4,4)	no	(4-9,5-6,7-8)(0-7,1-8,2-4,3-6,5-9)(1-6,2-8,3-4,7-9)(5-7,8-9)	-
2705	3088	10	(14,4,2)	-	5	(24,78,22,2,0)	(134,73,3,0)	(103,17,0)	(43,2)	(727,113,85,25,22,13,8,3,5,3,4)	no	(1-6,3-7,4-8,5-9)(2-4,3-9,5-8,6-7)(2-3,4-5,6-9,7-8)(0-8,7-9)	-
2706	3092	10	(14,4,4)	-	5	(24,78,23,1,0)	(132,76,2,0)	(102,18,0)	(43,2)	(719,114,97,16,27,10,13,5,3,2,4)	no	(1-5,3-6,4-8,7-9)(2-4,3-7,5-8,6-9)(2-3,4-6,5-9,7-8)(0-7,8-9)	-
2707	952	10	(14,5,2)	(4,15,1)	5	(24,78,23,1,0)	(134,73,3,0)	(102,18,0)	(43,2)	(726,110,93,9,31,18,11,0,8,0,2)	no	(4-9,5-8,6-7)(1-6,2-7,4-8,5-9)(0-8,2-4,3-7,6-9)(3-5,7-9)(8-9)	(2-5,3-4,6-7,8-9)(2-6,3-9,4-5,7-8)(1-9,5-7,6-8)(0-7,3-8,4-6,5-9)
2708	3160	10	(14,4,6)	-	5	(24,78,23,1,0)	(138,69,3,0)	(104,16,0)	(43,2)	(729,110,85,28,22,9,10,4,5,0,7)	no	(0-9,2-3,4-7,6-8)(1-7,2-9,3-5,4-8)(2-6,3-9,4-5,7-8)(5-6,8-9)	-
2709	952	10	(14,4,1)	-	5	(24,78,23,1,0)	(142,63,5,0)	(104,16,0)	(43,2)	(769,76,70,24,33,10,4,13,5,0,0)	no	(2-8,3-5,4-7,6-9)(1-6,3-8,4-9,5-7)(0-7,2-3,5-9,6-8)(2-4,8-9)	-
2710	2696	10	(14,4,6)	-	5	(24,78,23,1,0)	(142,65,3,0)	(108,12,0)	(44,1)	(699,159,64,23,20,20,8,8,1,4,3)	no	(1-6,3-5,4-9,7-8)(1-7,2-8,4-6,5-9)(2-4,3-8,5-6,7-9)(0-7,8-9)	-
2711	2696	10	(14,4,1)	-	5	(24,78,23,1,0)	(142,65,3,0)	(108,12,0)	(44,1)	(703,161,54,23,26,16,6,10,3,6,3)	no	(0-7,3-5,4-9,6-8)(1-6,2-8,4-7,5-9)(2-4,3-8,5-7,6-9)(1-7,8-9)	-
2712	3156	10	(14,4,1)	-	5	(24,78,24,0,0)	(136,72,2,0)	(103,17,0)	(43,2)	(718,117,90,22,28,12,10,5,3,1,3)	no	(1-7,3-5,4-8,6-9)(2-4,3-9,5-8,6-7)(2-3,4-6,5-9,7-8)(0-8,7-9)	-
2713	3156	10	(14,4,2)	-	5	(24,78,24,0,0)	(136,72,2,0)	(103,17,0)	(43,2)	(718,124,79,26,25,9,17,5,3,1,1)	no	(2-3,4-8,5-6,7-9)(2-4,3-7,5-8,6-9)(1-9,3-6,4-5,7-8)(0-7,8-9)	-
2714	118	10	(14,4,2)	-	5	(24,80,18,4,0)	(136,70,4,0)	(104,16,0)	(43,2)	(747,84,108,9,35,0,3,0,12,0,0)	yes	(0-8,2-5,3-7,6-9)(2-8,3-5,4-6,7-9)(2-6,3-8,4-7,5-9)(1-9,4-8)	-
2715	726	10	(14,3,2)	-	5	(24,80,20,2,0)	(148,58,4,0)	(110,10,0)	(44,1)	(772,68,60,30,54,2,0,8,10,0,0)	no	(2-3,4-5,6-8,7-9)(0-8,1-9,2-4,3-6,5-7)(0-9,1-8,2-6,3-5,4-7)	-
2716	3160	10	(14,4,1)	-	5	(24,80,21,1,0)	(136,72,2,0)	(103,17,0)	(43,2)	(716,122,88,25,20,11,15,6,3,0,2)	no	(2-7,3-5,4-6,8-9)(1-8,3-4,5-9,6-7)(0-9,2-3,4-5,7-8)(6-8,7-9)	-
2717	3160	10	(14,4,1)	-	5	(24,80,21,1,0)	(136,72,2,0)	(103,17,0)	(43,2)	(718,119,87,22,29,11,10,4,5,2,3)	no	(0-9,3-8,4-5,6-7)(2-3,4-9,5-7,6-8)(1-8,3-4,5-6,7-9)(2-7,8-9)	-
2718	1578	10	(14,4,2)	-	5	(24,80,21,1,0)	(138,69,3,0)	(103,17,0)	(43,2)	(722,102,105,31,13,6,16,8,3,0,2)	no	(0-9,3-4,5-7,6-8)(3-8,5-9,6-7)(1-6,2-3,4-8,7-9)(2-7,4-5,8-9)	-
2719	2354	10	(14,4,2)	-	5	(24,80,22,0,0)	(142,67,1,0)	(108,12,0)	(44,1)	(678,178,80,16,13,26,2,0,5,10,4)	no	(2-4,3-9,5-7,6-8)(0-7,1-6,4-9,5-8)(2-8,3-5,4-7,6-9)(1-7,8-9)	-
2720	4580	10	(14,4,5)	-	5	(24,80,22,0,0)	(142,67,1,0)	(108,12,0)	(44,1)	(680,170,88,12,18,20,3,6,5,6,2)	no	(1-9,3-6,4-5,7-8)(2-8,3-9,4-6,5-7)(0-8,1-5,2-3,4-9,6-7)(8-9)	-
2721	4506	10	(14,4,2)	-	5	(24,80,22,0,0)	(142,67,1,0)	(108,12,0)	(44,1)	(682,168,83,22,20,10,7,4,6,0,8)	no	(1-9,2-8,4-7,5-6)(1-7,3-6,4-8,5-9)(2-5,3-4,6-9,7-8)(0-7,8-9)	-
2722	8968	10	(14,4,7)	-	5	(24,80,22,0,0)	(142,67,1,0)	(108,12,0)	(44,1)	(690,158,87,14,21,11,8,9,4,7,2)	no	(0-7,2-6,4-9,5-8)(4-7,5-9,6-8)(1-8,2-5,3-4,7-9)(1-7,3-6,8-9)	-
2723	4514	10	(14,4,3)	-	5	(24,80,22,0,0)	(144,64,2,0)	(108,12,0)	(44,1)	(682,167,86,22,12,11,12,4,6,6,4)	no	(0-8,3-5,4-6,7-9)(1-8,2-4,5-9,6-7)(1-9,2-3,4-8,5-7)(0-9,6-8)	-
2724	2304	10	(14,5,1)	-	5	(24,80,22,0,0)	(144,66,0,0)	(110,10,0)	(44,1)	(712,132,71,34,30,8,5,3,5,4,2)	no	(0-9,1-6,2-8,3-4,5-7)(1-7,2-6,3-9,4-8)(3-7,4-9,5-8)(5-9)(6-9)	-
2725	4676	10	(14,4,4)	-	5	(24,80,22,0,0)	(146,63,1,0)	(110,10,0)	(44,1)	(716,132,75,26,18,6,18,3,6,2,7)	no	(0-9,2-3,4-5,7-8)(1-9,2-5,3-7,4-6)(1-4,2-9,5-8,6-7)(3-9,6-8)	-
2726	660	10	(14,4,1)	-	5	(24,80,22,0,0)	(152,54,4,0)	(110,10,0)	(44,1)	(741,113,61,18,25,13,20,0,6,12,3)	no	(0-9,2-5,3-8,4-6)(1-9,2-8,3-6,5-7)(2-9,4-5,7-8)(1-4,3-9,6-7)	-
2727	988	10	(14,4,1)	-	5	(24,82,19,1,0)	(142,65,3,0)	(104,16,0)	(43,2)	(737,108,70,20,39,12,12,0,3,4,3)	no	(0-9,1-7,2-6,3-5,4-8)(2-9,5-8,6-7)(2-4,3-9,7-8)(3-6,4-5,8-9)	-
2728	4412	10	(14,4,6)	-	5	(24,82,19,1,0)	(144,64,2,0)	(108,12,0)	(44,1)	(696,144,85,27,18,16,8,3,2,10,3)	no	(0-9,2-4,5-8,6-7)(1-4,3-7,5-9,6-8)(0-1,2-8,3-4,5-7,6-9)(8-9)	-
2729	2704	10	(14,4,3)	-	5	(24,82,19,1,0)	(146,61,3,0)	(108,12,0)	(44,1)	(699,145,88,17,19,16,11,0,8,4,2)	no	(0-8,3-4,5-9,6-7)(0-9,1-8,2-4,3-6,5-7)(2-5,4-8,6-9)(1-9,7-8)	-
2730	2684	10	(14,4,4)	-	5	(24,82,19,1,0)	(146,61,3,0)	(108,12,0)	(44,1)	(703,136,91,22,12,16,13,4,7,4,2)	no	(1-7,2-6,4-5,8-9)(1-6,3-9,4-7,5-8)(0-4,3-6,5-9,7-8)(2-8,7-9)	-
2731	2700	10	(14,4,3)	-	5	(24,82,19,1,0)	(146,61,3,0)	(108,12,0)	(44,1)	(709,129,90,19,23,14,11,0,6,6,4)	no	(2-6,3-8,4-7,5-9)(1-3,4-9,5-8,6-7)(0-3,1-9,2-4,5-7,6-8)(8-9)	-
2732	4480	10	(14,4,4)	-	5	(24,82,19,1,0)	(146,63,1,0)	(110,10,0)	(44,1)	(714,133,69,31,26,4,17,5,3,2,2)	no	(1-9,3-7,4-8,5-6)(2-6,3-9,4-7,5-8)(1-2,3-6,4-9,7-8)(0-8,5-9)	-
2733	2768	10	(14,4,4)	-	5	(24,82,19,1,0)	(150,57,3,0)	(110,10,0)	(44,1)	(723,133,63,31,15,2,24,0,10,2,5)	no	(0-5,1-9,2-6,3-8,4-7)(1-5,2-9,3-6,4-8)(2-7,3-9,5-6)(4-9,7-8)	-
2734	2768	10	(14,4,3)	-	5	(24,82,19,1,0)	(150,57,3,0)	(110,10,0)	(44,1)	(763,83,54,39,38,8,6,4,1,0,8)	no	(2-9,3-4,5-6,7-8)(1-2,3-9,4-6,5-7)(0-2,1-7,3-8,4-9)(5-9,6-8)	-
2735	8988	10	(14,4,8)	-	5	(24,82,20,0,0)	(144,66,0,0)	(109,11,0)	(44,1)	(689,157,82,22,21,16,9,5,2,0,7)	no	(1-9,3-8,4-5,6-7)(2-6,3-9,4-7,5-8)(1-6,2-3,4-9,7-8)(0-8,5-9)	-
2736	9100	10	(14,4,2)	-	5	(24,82,20,0,0)	(146,63,1,0)	(109,11,0)	(44,1)	(690,169,65,21,21,18,11,4,5,5,0)	no	(1-9,2-3,4-5,7-8)(1-7,3-9,4-8,5-6)(2-8,4-9,6-7)(0-8,3-6,5-9)	-
2737	9096	10	(14,4,6)	-	5	(24,82,20,0,0)	(146,63,1,0)	(109,11,0)	(44,1)	(691,163,69,30,19,7,14,7,4,2,4)	no	(1-9,3-5,4-7,6-8)(2-4,3-9,5-6,7-8)(0-8,2-3,4-9,6-7)(1-8,5-9)	-
2738	9100	10	(14,4,3)	-	5	(24,82,20,0,0)	(146,63,1,0)	(109,11,0)	(44,1)	(692,155,84,24,14,9,13,9,2,6,3)	no	(1-5,3-9,4-6,7-8)(2-8,3-7,4-9,5-6)(0-8,1-7,2-6,3-4,5-9)(8-9)	-
2739	9096	10	(14,4,5)	-	5	(24,82,20,0,0)	(146,63,1,0)	(109,11,0)	(44,1)	(693,159,73,27,15,14,14,5,4,2,2)	no	(1-7,3-9,4-6,5-8)(1-5,2-8,3-7,4-9)(0-8,3-4,5-9,6-7)(2-6,8-9)	-
2740	8852	10	(14,4,13)	-	5	(24,82,20,0,0)	(146,63,1,0)	(109,11,0)	(44,1)	(698,142,83,30,19,13,10,5,4,3,1)	no	(1-9,3-8,4-5,6-7)(2-9,3-4,5-7,6-8)(0-8,1-7,2-5,3-9,4-6)(8-9)	-
2741	4480	10	(14,4,1)	-	5	(24,82,20,0,0)	(146,63,1,0)	(109,11,0)	(44,1)	(701,140,81,23,28,12,8,4,8,0,7)	no	(0-7,1-9,3-4,6-8)(1-2,4-7,5-8,6-9)(2-8,3-5,4-9,6-7)(5-9,7-8)	-
2742	568	10	(14,4,1)	-	5	(24,84,12,6,0)	(132,76,1,1)	(102,18,0)	(43,2)	(741,93,97,7,33,19,6,0,10,0,0)	no	(2-7,3-5,4-6,8-9)(1-9,2-4,5-6,7-8)(4-5,6-8,7-9)(0-8,3-7,6-9)	-
2743	259	10	(14,4,1)	-	5	(24,84,12,6,0)	(148,58,3,1)	(112,8,0)	(45,0)	(713,115,99,24,16,12,5,2,24,0,0)	no	(1-5,2-8,4-9,6-7)(0-1,3-7,4-8,5-9)(0-4,2-7,5-8,6-9)(3-9,6-8)	-
2744	8836	10	(14,4,8)	-	5	(24,84,17,1,0)	(146,63,1,0)	(109,11,0)	(44,1)	(697,146,82,27,19,11,11,6,4,5,2)	no	(1-9,3-8,4-5,6-7)(2-5,3-9,4-7,6-8)(0-8,1-7,2-3,4-9,5-6)(8-9)	-
2745	2700	10	(14,4,3)	-	5	(24,84,17,1,0)	(148,60,2,0)	(109,11,0)	(44,1)	(694,143,100,17,19,6,16,3,5,4,2)	no	(1-4,2-7,3-9,6-8)(1-7,2-5,3-8,4-9)(0-8,3-7,4-6,5-9)(5-6,8-9)	-
2746	2288	10	(14,4,2)	-	5	(24,84,17,1,0)	(148,60,2,0)	(109,11,0)	(44,1)	(697,148,77,18,32,14,10,5,5,0,4)	no	(1-9,2-3,5-6,7-8)(1-2,4-9,5-7,6-8)(3-8,4-7,5-9)(0-7,4-8,6-9)	-
2747	2696	10	(14,4,2)	-	5	(24,84,17,1,0)	(148,60,2,0)	(109,11,0)	(44,1)	(697,151,70,33,26,10,8,3,0,8,3)	no	(0-3,1-8,2-7,4-9,5-6)(3-5,4-8,6-9)(1-6,2-8,3-4,7-9)(5-7,8-9)	-
2748	8940	10	(14,4,4)	-	5	(24,84,17,1,0)	(148,60,2,0)	(109,11,0)	(44,1)	(697,153,72,28,21,12,11,5,5,3,3)	no	(2-4,3-8,5-9,6-7)(1-3,4-9,5-7,6-8)(0-3,1-9,2-6,4-5,7-8)(8-9)	-
2749	1432	10	(14,4,1)	-	5	(24,84,17,1,0)	(148,60,2,0)	(109,11,0)	(44,1)	(705,140,76,14,48,8,3,3,1,8,3)	no	(1-6,2-8,4-7,5-9)(0-4,3-7,5-8,6-9)(1-7,3-9,4-5,6-8)(2-7,8-9)	-
2750	4612	10	(14,4,4)	-	5	(24,84,18,0,0)	(148,62,0,0)	(110,10,0)	(44,1)	(699,149,80,25,23,4,8,5,5,7,3)	no	(1-5,2-4,3-9,6-8)(1-7,2-5,3-8,4-9)(0-8,3-7,4-6,5-9)(6-7,8-9)	-
2751	4564	10	(14,4,1)	-	5	(24,84,18,0,0)	(148,62,0,0)	(110,10,0)	(44,1)	(707,140,67,27,30,12,13,5,3,1,7)	no	(1-9,2-6,3-4,5-8)(3-9,4-6,7-8)(1-7,3-8,4-9,5-6)(0-8,2-7,5-9)	-
2752	8968	10	(14,4,5)	-	5	(24,84,18,0,0)	(150,59,1,0)	(110,10,0)	(44,1)	(706,139,73,31,18,12,15,4,5,6,3)	no	(0-5,1-9,2-3,4-8,6-7)(2-9,3-8,4-7,5-6)(1-7,2-5,3-9,6-8)(4-9)	-
2753	2336	10	(14,4,2)	-	5	(24,84,18,0,0)	(152,56,2,0)	(110,10,0)	(44,1)	(709,142,67,13,34,21,10,8,1,4,3)	no	(2-6,3-5,4-8,7-9)(0-3,1-2,4-9,5-8,6-7)(1-9,3-4,5-6,7-8)(8-9)	-
2754	1384	10	(14,4,1)	-	5	(24,84,18,0,0)	(152,56,2,0)	(110,10,0)	(44,1)	(717,129,81,10,39,3,8,3,6,12,5)	no	(1-9,3-5,4-8,6-7)(2-5,3-9,4-7,6-8)(0-8,1-2,3-7,4-9,5-6)(8-9)	-
2755	6340	10	(14,4,5)	-	5	(24,84,18,0,0)	(152,58,0,0)	(114,6,0)	(45,0)	(677,178,74,19,18,9,15,8,6,6,2)	no	(0-9,2-4,5-8,6-7)(1-8,3-6,4-9,5-7)(0-7,1-6,2-8,3-4,5-9)(8-9)	-
2756	3202	10	(14,4,2)	-	5	(24,84,18,0,0)	(152,58,0,0)	(114,6,0)	(45,0)	(696,148,78,20,27,5,12,12,12,2,0)	no	(0-9,3-7,4-5,6-8)(0-7,1-8,2-6,5-9)(1-7,3-5,4-8,6-9)(2-7,8-9)	-
2757	6292	10	(14,4,3)	-	5	(24,84,18,0,0)	(154,55,1,0)	(114,6,0)	(45,0)	(681,169,76,20,22,7,18,5,7,5,2)	no	(0-7,1-8,2-6,5-9)(0-4,1-7,5-8,6-9)(3-8,4-5,7-9)(2-7,3-6,8-9)	-
2758	8988	10	(14,4,3)	-	5	(24,86,16,0,0)	(148,62,0,0)	(109,11,0)	(44,1)	(687,153,89,22,24,10,7,6,8,3,2)	no	(1-9,3-6,4-8,5-7)(2-6,3-9,4-7,5-8)(0-8,1-6,2-5,3-7,4-9)(8-9)	-
2759	9100	10	(14,4,2)	-	5	(24,86,16,0,0)	(150,59,1,0)	(109,11,0)	(44,1)	(684,159,88,26,17,9,9,5,7,4,4)	no	(1-9,2-5,3-4,7-8)(1-6,2-8,3-9,4-7)(0-8,3-5,4-9,6-7)(5-6,8-9)	-
2760	9096	10	(14,4,2)	-	5	(24,86,16,0,0)	(150,59,1,0)	(109,11,0)	(44,1)	(685,162,78,30,20,10,8,4,7,4,3)	no	(1-5,3-9,4-7,6-8)(2-8,3-5,4-9,6-7)(0-8,1-7,2-4,3-6,5-9)(8-9)	-
2761	6624	10	(14,4,2)	-	5	(24,86,16,0,0)	(156,54,0,0)	(115,5,0)	(45,0)	(686,163,75,20,26,11,9,7,9,4,0)	no	(0-9,2-5,3-4,7-8)(0-6,1-9,3-5,4-7)(1-4,2-9,5-8,6-7)(3-9,6-8)	-
2762	1162	10	(14,4,1)	-	5	(24,88,12,2,0)	(156,52,2,0)	(114,6,0)	(45,0)	(711,133,74,16,34,4,22,0,16,0,0)	no	(0-9,1-7,4-8,5-6)(0-7,1-8,2-5,3-6,4-9)(2-8,4-7,5-9)(3-8,6-9)	-
2763	4692	10	(14,4,1)	-	5	(24,88,14,0,0)	(152,58,0,0)	(110,10,0)	(44,1)	(692,149,81,27,26,14,5,8,5,0,1)	no	(1-9,3-6,4-8,5-7)(2-5,3-9,4-6,7-8)(0-8,1-5,2-6,3-7,4-9)(8-9)	-
2764	2792	10	(14,4,2)	-	5	(24,90,10,2,0)	(154,55,1,0)	(111,9,0)	(44,1)	(719,124,72,30,29,6,13,4,6,1,2)	no	(0-9,2-7,3-5,4-8)(2-9,3-8,4-7,5-6)(1-2,3-9,6-7)(1-5,4-9,6-8)	-
2765	2796	10	(14,4,1)	-	5	(24,90,11,1,0)	(154,55,1,0)	(110,10,0)	(44,1)	(702,134,84,28,26,16,4,6,7,0,2)	no	(1-9,2-6,3-8,4-5)(1-5,2-9,3-4,7-8)(0-8,3-9,4-6,5-7)(6-7,8-9)	-
2766	2304	10	(14,4,9)	-	5	(28,70,28,0,0)	(140,68,2,0)	(108,12,0)	(44,1)	(708,137,72,36,14,17,4,14,0,6,4)	no	(0-4,2-6,5-8,7-9)(1-9,3-5,4-7,6-8)(1-6,3-9,4-5,7-8)(2-7,8-9)	-
2767	4464	10	(14,4,6)	-	5	(28,74,24,0,0)	(144,64,2,0)	(108,12,0)	(44,1)	(689,150,100,16,16,12,11,3,6,2,3)	no	(1-6,2-7,4-8,5-9)(4-7,5-8,6-9)(0-4,1-8,2-6,3-5,7-9)(3-7,8-9)	-
2768	1188	10	(14,4,3)	-	5	(28,74,24,0,0)	(144,64,2,0)	(108,12,0)	(44,1)	(704,137,78,28,28,13,4,8,0,8,2)	no	(0-4,3-6,5-9,7-8)(1-5,2-8,4-7,6-9)(2-6,3-5,4-8,7-9)(1-7,8-9)	-
2769	4612	10	(14,4,9)	-	5	(28,74,24,0,0)	(144,66,0,0)	(110,10,0)	(44,1)	(711,138,71,27,28,5,11,7,2,3,3)	no	(0-9,1-5,2-7,3-8,4-6)(2-9,3-7,4-8,5-6)(1-2,3-9,5-7,6-8)(4-9)	-
2770	4396	10	(14,3,1)	-	5	(28,76,20,2,0)	(146,61,3,0)	(109,11,0)	(44,1)	(713,129,65,49,20,9,8,6,1,10,1)	no	(0-9,1-7,2-3,4-6,5-8)(0-8,1-9,2-7,3-4,5-6)(2-9,3-5,4-8,6-7)	-
2771	8668	10	(14,4,9)	-	5	(28,76,21,1,0)	(144,64,2,0)	(108,12,0)	(44,1)	(695,148,83,28,15,13,9,6,6,6,2)	no	(1-8,2-6,4-7,5-9)(1-3,4-9,5-8,6-7)(2-9,3-4,5-6,7-8)(0-7,8-9)	-
2772	4388	10	(14,4,3)	-	5	(28,76,21,1,0)	(146,61,3,0)	(108,12,0)	(44,1)	(689,159,79,26,16,16,4,6,7,9,1)	no	(1-2,4-9,5-6,7-8)(2-8,3-6,4-7,5-9)(1-3,4-6,5-8,7-9)(0-7,8-9)	-
2773	4580	10	(14,4,5)	-	5	(28,76,22,0,0)	(144,66,0,0)	(109,11,0)	(44,1)	(692,161,69,24,22,18,7,8,5,0,4)	no	(2-8,3-5,4-9,6-7)(4-7,5-9,6-8)(1-9,2-5,3-4,7-8)(0-7,1-6,8-9)	-
2774	8816	10	(14,4,6)	-	5	(28,76,22,0,0)	(146,63,1,0)	(109,11,0)	(44,1)	(701,144,79,27,18,12,10,7,6,4,2)	no	(2-4,3-8,5-9,6-7)(0-3,1-9,4-5,6-8)(2-9,3-4,5-6,7-8)(1-7,8-9)	-
2775	4644	10	(14,4,3)	-	5	(28,76,22,0,0)	(148,62,0,0)	(111,9,0)	(44,1)	(717,131,63,36,28,8,11,6,1,2,6)	no	(0-9,1-6,2-5,3-4,7-8)(2-9,3-8,4-6,5-7)(1-5,2-7,3-9,6-8)(4-9)	-
2776	4580	10	(14,4,8)	-	5	(28,76,22,0,0)	(150,59,1,0)	(111,9,0)	(44,1)	(718,135,61,38,17,8,17,4,2,4,2)	no	(2-9,3-4,5-8,6-7)(0-6,1-2,3-9,4-8,5-7)(1-3,2-6,4-9,7-8)(5-9)	-
2777	2292	10	(14,3,1)	-	5	(28,78,18,2,0)	(150,57,3,0)	(110,10,0)	(44,1)	(719,113,89,25,16,34,2,0,10,2,0)	no	(0-6,1-9,2-3,4-7,5-8)(0-8,1-7,2-4,3-6,5-9)(2-5,3-7,4-6,8-9)	-
2778	8816	10	(14,4,5)	-	5	(28,78,19,1,0)	(148,60,2,0)	(109,11,0)	(44,1)	(695,150,81,22,22,13,12,4,4,5,2)	no	(1-6,3-5,4-9,7-8)(1-8,2-4,5-9,6-7)(2-3,4-8,5-6,7-9)(0-7,8-9)	-
2779	8768	10	(14,4,3)	-	5	(28,78,19,1,0)	(148,60,2,0)	(109,11,0)	(44,1)	(695,153,72,29,27,11,6,4,4,6,3)	no	(1-4,2-6,5-9,7-8)(1-2,3-8,4-7,6-9)(4-8,5-6,7-9)(0-7,3-5,8-9)	-
2780	8716	10	(14,4,9)	-	5	(28,78,19,1,0)	(148,60,2,0)	(109,11,0)	(44,1)	(704,139,75,34,20,14,7,4,7,2,3)	no	(1-9,2-5,4-6,7-8)(0-7,1-5,2-8,3-6,4-9)(3-8,5-6,7-9)(4-7,8-9)	-
2781	4592	10	(14,4,2)	-	5	(28,78,20,0,0)	(148,62,0,0)	(110,10,0)	(44,1)	(700,144,77,20,31,16,14,2,0,0,6)	no	(1-9,3-7,4-8,5-6)(2-4,3-9,5-8,6-7)(0-8,1-6,2-3,4-9,5-7)(8-9)	-
2782	4608	10	(14,4,2)	-	5	(28,78,20,0,0)	(148,62,0,0)	(110,10,0)	(44,1)	(700,146,87,22,19,4,7,6,10,4,3)	no	(1-5,3-9,4-7,6-8)(2-5,3-6,4-9,7-8)(0-8,1-6,2-7,3-4,5-9)(8-9)	-
2783	4612	10	(14,4,3)	-	5	(28,78,20,0,0)	(148,62,0,0)	(110,10,0)	(44,1)	(701,148,79,27,20,3,7,6,6,11,3)	no	(1-5,2-4,3-9,6-8)(2-5,3-6,4-9,7-8)(0-8,1-7,3-4,5-9)(6-7,8-9)	-
2784	8968	10	(14,4,8)	-	5	(28,78,20,0,0)	(150,59,1,0)	(110,10,0)	(44,1)	(701,148,65,36,21,15,9,5,5,3,3)	no	(2-8,3-4,5-6,7-9)(0-3,1-7,2-6,4-8,5-9)(1-4,3-5,6-9,7-8)(8-9)	-
2785	4580	10	(14,4,2)	-	5	(28,78,20,0,0)	(150,59,1,0)	(110,10,0)	(44,1)	(701,156,59,29,19,17,15,8,3,0,3)	no	(1-7,2-9,3-4,5-6)(2-8,3-9,4-6,5-7)(0-6,1-2,3-8,4-9)(5-9,7-8)	-
2786	4506	10	(14,4,2)	-	5	(28,78,20,0,0)	(150,59,1,0)	(110,10,0)	(44,1)	(703,135,86,27,21,16,6,4,9,0,2)	no	(1-9,2-5,3-8,6-7)(0-3,2-7,4-9,6-8)(1-6,3-4,5-9,7-8)(4-5,8-9)	-
2787	4600	10	(14,4,1)	-	5	(28,78,20,0,0)	(150,59,1,0)	(110,10,0)	(44,1)	(704,141,77,27,15,22,9,4,6,2,2)	no	(2-5,3-9,4-8,6-7)(2-7,3-6,4-9,5-8)(0-8,1-4,3-7,5-9)(1-6,8-9)	-
2788	4556	10	(14,4,5)	-	5	(28,78,20,0,0)	(150,59,1,0)	(110,10,0)	(44,1)	(704,142,84,32,12,4,9,2,8,4,8)	no	(1-8,3-9,4-5,6-7)(1-4,3-8,5-7,6-9)(0-3,2-8,4-6,7-9)(2-5,8-9)	-
2789	8988	10	(14,4,12)	-	5	(28,78,20,0,0)	(150,59,1,0)	(110,10,0)	(44,1)	(704,150,60,32,21,19,6,3,7,6,5)	no	(0-3,1-6,2-8,4-9,5-7)(1-7,2-6,3-8,5-9)(3-4,6-9,7-8)(4-5,8-9)	-
2790	2356	10	(14,4,1)	-	5	(28,78,20,0,0)	(150,59,1,0)	(110,10,0)	(44,1)	(707,140,67,37,16,17,8,8,3,6,3)	no	(1-6,2-5,3-9,4-8)(1-4,2-7,3-8,5-9)(0-3,4-5,6-9,7-8)(6-7,8-9)	-
2791	8940	10	(14,4,7)	-	5	(28,78,20,0,0)	(152,56,2,0)	(110,10,0)	(44,1)	(707,144,65,27,22,19,8,7,5,4,3)	no	(1-7,3-8,4-5,6-9)(0-3,1-2,4-9,5-7,6-8)(2-6,3-4,5-9,7-8)(8-9)	-
2792	8852	10	(14,4,13)	-	5	(28,78,20,0,0)	(152,56,2,0)	(110,10,0)	(44,1)	(709,141,65,32,18,19,7,5,8,4,5)	no	(1-7,3-8,4-6,5-9)(2-7,3-4,5-8,6-9)(0-3,1-9,2-6,4-5,7-8)(8-9)	-
2793	6170	10	(14,4,10)	-	5	(28,78,20,0,0)	(154,55,1,0)	(114,6,0)	(45,0)	(672,195,53,27,20,14,6,5,14,5,2)	no	(1-9,3-5,4-6,7-8)(0-8,1-5,2-9,6-7)(0-4,3-8,5-7,6-9)(2-4,8-9)	-
2794	8960	10	(14,4,8)	-	5	(28,80,17,1,0)	(150,59,1,0)	(110,10,0)	(44,1)	(701,145,80,29,20,4,9,3,9,5,5)	no	(1-9,3-5,4-8,6-7)(2-5,3-9,4-6,7-8)(0-8,1-2,3-7,4-9,5-6)(8-9)	-
2795	8836	10	(14,4,8)	-	5	(28,80,17,1,0)	(152,56,2,0)	(110,10,0)	(44,1)	(706,141,70,33,18,20,5,5,9,0,2)	no	(2-7,3-8,4-6,5-9)(0-3,1-7,2-5,4-8,6-9)(1-6,3-4,5-8,7-9)(8-9)	-
2796	8836	10	(14,4,9)	-	5	(28,80,17,1,0)	(152,56,2,0)	(110,10,0)	(44,1)	(709,132,83,28,12,20,6,5,11,0,6)	no	(0-3,1-6,2-8,4-7,5-9)(2-6,3-8,4-9,5-7)(1-7,3-4,5-8,6-9)(8-9)	-
2797	8988	10	(14,4,4)	-	5	(28,80,18,0,0)	(148,62,0,0)	(109,11,0)	(44,1)	(687,162,79,18,25,12,11,6,4,4,4)	no	(1-9,3-4,5-6,7-8)(2-9,3-7,4-5,6-8)(1-7,2-6,3-9,5-8)(0-8,4-9)	-
2798	8940	10	(14,4,2)	-	5	(28,80,18,0,0)	(150,59,1,0)	(109,11,0)	(44,1)	(678,171,80,22,25,9,9,4,5,4,5)	no	(2-4,3-9,5-7,6-8)(1-5,3-6,4-9,7-8)(0-8,1-2,3-4,5-9,6-7)(8-9)	-
2799	8940	10	(14,4,3)	-	5	(28,80,18,0,0)	(150,59,1,0)	(109,11,0)	(44,1)	(686,159,81,25,23,11,6,5,11,2,3)	no	(1-2,4-9,5-8,6-7)(4-7,5-9,6-8)(1-9,2-6,3-4,7-8)(0-7,3-5,8-9)	-
2800	8856	10	(14,4,7)	-	5	(28,80,18,0,0)	(150,59,1,0)	(109,11,0)	(44,1)	(690,154,84,26,18,11,9,5,5,7,3)	no	(1-9,3-8,4-7,5-6)(0-3,1-7,2-6,4-9,5-8)(3-9,4-5,6-8)(2-9,7-8)	-
2801	8852	10	(14,4,3)	-	5	(28,80,18,0,0)	(150,59,1,0)	(109,11,0)	(44,1)	(691,154,77,33,15,16,8,4,7,2,3)	no	(4-7,5-9,6-8)(2-9,3-6,4-8,5-7)(0-4,1-9,2-6,3-5,7-8)(1-8,7-9)	-
2802	4512	10	(14,4,1)	-	5	(28,80,18,0,0)	(150,59,1,0)	(109,11,0)	(44,1)	(695,148,84,23,18,16,8,8,6,0,6)	no	(2-4,3-9,5-6,7-8)(1-6,3-8,4-7,5-9)(0-3,1-4,2-8,5-7,6-9)(8-9)	-
2803	9096	10	(14,4,4)	-	5	(28,80,18,0,0)	(152,58,0,0)	(111,9,0)	(44,1)	(709,140,66,34,27,9,8,2,7,2,2)	no	(0-9,2-7,3-5,4-8)(1-5,2-9,3-8,4-6)(1-2,3-9,5-6,7-8)(4-9,6-7)	-
2804	9096	10	(14,4,1)	-	5	(28,80,18,0,0)	(152,58,0,0)	(111,9,0)	(44,1)	(710,142,65,30,26,9,8,6,7,1,2)	no	(0-9,1-2,3-4,5-7,6-8)(2-9,3-8,4-7,5-6)(1-5,2-8,3-9,6-7)(4-9)	-
2805	9096	10	(14,4,5)	-	5	(28,80,18,0,0)	(154,55,1,0)	(111,9,0)	(44,1)	(712,133,66,32,24,26,6,0,9,2,0)	no	(0-6,1-3,2-9,4-5,7-8)(1-2,3-9,4-8,5-6)(2-8,3-7,4-9)(5-9,6-7)	-
2806	4580	10	(14,4,4)	-	5	(28,80,18,0,0)	(156,52,2,0)	(111,9,0)	(44,1)	(716,131,56,44,24,14,8,12,4,2,0)	no	(2-9,3-4,5-8,6-7)(2-7,3-9,4-8,5-6)(0-6,1-2,4-9,7-8)(1-3,5-9)	-
2807	4576	10	(14,4,4)	-	5	(28,82,15,1,0)	(152,56,2,0)	(109,11,0)	(44,1)	(682,169,77,20,24,9,8,11,9,0,4)	no	(1-2,3-8,4-7,5-9)(2-3,4-9,5-8,6-7)(1-9,4-6,7-8)(0-7,5-6,8-9)	-
2808	2408	10	(14,4,3)	-	5	(28,82,16,0,0)	(150,59,1,0)	(112,8,0)	(44,1)	(783,108,57,13,13,3,1,0,12,0,0)	no	(0-1,2-6,3-7,4-5,8-9)(1-2,3-8,4-6,5-9)(1-3,2-9,4-8,5-7)(6-7)	-
2809	1246	10	(14,4,3)	-	5	(28,82,16,0,0)	(152,56,2,0)	(112,8,0)	(44,1)	(786,105,50,24,10,1,2,8,0,0,8)	no	(0-1,2-6,3-7,4-8,5-9)(1-2,3-9,4-7,5-8)(1-3,2-8,4-9,5-6)(6-7)	-
2810	9096	10	(14,4,3)	-	5	(28,82,16,0,0)	(152,58,0,0)	(110,10,0)	(44,1)	(686,160,82,25,18,16,9,4,4,0,4)	no	(1-5,2-4,3-9,6-8)(3-5,4-9,7-8)(0-8,1-7,2-3,4-6,5-9)(6-7,8-9)	-
2811	4594	10	(14,5,1)	(4,15,3)	5	(28,82,16,0,0)	(152,58,0,0)	(110,10,0)	(44,1)	(686,167,70,28,16,19,11,6,1,0,3)	no	(0-9,3-5,4-6,7-8)(1-5,2-6,3-9,4-7)(1-7,3-8,4-9)(2-8,5-9)(6-9)	(2-3,4-9,5-7,6-8)(2-8,3-4,5-9,6-7)(0-8,1-2,3-5,4-6,7-9)(1-7,8-9)
2812	4692	10	(14,4,1)	-	5	(28,82,16,0,0)	(152,58,0,0)	(110,10,0)	(44,1)	(688,166,72,19,22,15,15,6,2,1,2)	no	(1-9,3-6,4-8,5-7)(2-5,3-9,4-7,6-8)(0-8,1-5,2-6,3-7,4-9)(8-9)	-
2813	9096	10	(14,4,2)	-	5	(28,82,16,0,0)	(152,58,0,0)	(110,10,0)	(44,1)	(689,162,74,21,23,17,8,6,7,0,2)	no	(1-9,3-5,4-8,6-7)(2-4,3-9,5-6,7-8)(1-7,2-3,4-9,6-8)(0-8,5-9)	-
2814	9100	10	(14,4,2)	-	5	(28,82,16,0,0)	(152,58,0,0)	(110,10,0)	(44,1)	(691,158,72,28,23,13,10,4,5,3,2)	no	(1-9,2-3,4-8,5-6)(1-6,3-9,4-7,5-8)(0-8,2-5,4-9,6-7)(3-7,8-9)	-
2815	9100	10	(14,4,1)	-	5	(28,82,16,0,0)	(152,58,0,0)	(110,10,0)	(44,1)	(693,151,79,26,25,13,6,6,6,2,3)	no	(1-5,2-4,3-9,7-8)(1-7,2-6,3-8,4-9)(0-8,3-6,4-7,5-9)(5-6,8-9)	-
2816	4600	10	(14,4,2)	-	5	(28,82,16,0,0)	(154,55,1,0)	(110,10,0)	(44,1)	(693,149,78,39,13,16,6,6,3,4,2)	no	(0-3,1-8,2-7,4-9,5-6)(3-5,4-8,6-9)(1-6,2-9,3-4,7-8)(5-7,8-9)	-
2817	8988	10	(14,4,1)	-	5	(28,82,16,0,0)	(154,55,1,0)	(110,10,0)	(44,1)	(693,159,71,22,23,18,10,5,3,3,2)	no	(1-9,3-7,4-8,5-6)(2-5,3-9,4-6,7-8)(0-8,1-5,2-3,4-9,6-7)(8-9)	-
2818	4644	10	(14,4,1)	-	5	(28,84,14,0,0)	(156,54,0,0)	(111,9,0)	(44,1)	(699,150,79,24,22,5,9,4,7,10,2)	no	(0-9,1-6,2-5,3-8,4-7)(1-5,2-9,3-6,4-8)(2-7,3-9,5-8)(4-9,6-7)	-
2819	9096	10	(14,4,1)	-	5	(28,84,14,0,0)	(158,51,1,0)	(111,9,0)	(44,1)	(703,140,76,28,23,15,12,6,2,3,1)	no	(2-9,3-6,4-8,5-7)(1-7,2-4,3-9,5-6)(0-6,1-2,3-8,4-9)(5-9,7-8)	-
2820	9100	10	(14,4,2)	-	5	(28,84,14,0,0)	(158,51,1,0)	(111,9,0)	(44,1)	(704,143,70,27,24,18,13,3,2,2,4)	no	(2-9,3-4,5-7,6-8)(2-8,3-9,4-7,5-6)(0-6,1-2,3-8,4-9)(1-7,5-9)	-
2821	9100	10	(14,4,1)	-	5	(28,84,14,0,0)	(158,51,1,0)	(111,9,0)	(44,1)	(705,146,64,29,23,13,12,7,6,6,1)	no	(1-9,2-5,3-4,6-7)(0-5,1-7,2-9,3-6,4-8)(3-9,5-6,7-8)(2-8,4-9)	-
2822	12668	10	(14,4,1)	-	5	(28,84,14,0,0)	(160,50,0,0)	(115,5,0)	(45,0)	(662,198,72,20,16,13,5,11,6,8,2)	no	(0-9,1-6,2-8,3-4,5-7)(1-8,3-9,4-7,5-6)(0-6,2-7,3-8,4-9)(5-9)	-
2823	12588	10	(14,4,9)	-	5	(28,84,14,0,0)	(160,50,0,0)	(115,5,0)	(45,0)	(662,198,73,18,17,11,10,7,7,8,2)	no	(2-5,3-6,4-9,7-8)(0-8,1-4,5-9,6-7)(0-5,1-8,2-7,3-4,6-9)(8-9)	-
2824	6542	10	(14,4,1)	-	5	(28,84,14,0,0)	(160,50,0,0)	(115,5,0)	(45,0)	(673,175,79,28,16,9,10,10,4,4,3)	no	(0-9,2-6,4-5,7-8)(0-7,1-9,3-5,6-8)(2-9,4-8,6-7)(1-8,3-7,5-9)	-
2825	12952	10	(14,4,4)	-	5	(28,84,14,0,0)	(160,50,0,0)	(115,5,0)	(45,0)	(675,182,67,23,18,12,13,11,6,4,1)	no	(0-9,1-7,2-4,3-5,6-8)(0-4,1-8,5-9,6-7)(2-8,3-4,5-7,6-9)(8-9)	-
2826	9100	10	(14,4,1)	-	5	(28,86,12,0,0)	(156,54,0,0)	(110,10,0)	(44,1)	(675,167,93,23,14,16,5,3,7,7,2)	no	(1-9,2-3,4-8,5-6)(1-6,3-9,4-5,7-8)(0-8,2-5,4-9,6-7)(3-7,8-9)	-
2827	6622	10	(14,4,2)	-	5	(28,86,12,0,0)	(164,46,0,0)	(116,4,0)	(45,0)	(675,177,71,30,17,8,16,4,7,4,2)	no	(1-5,3-7,4-9,6-8)(0-8,2-4,5-9,6-7)(0-4,1-8,2-7,3-5,6-9)(8-9)	-
2828	3440	10	(14,4,1)	-	5	(28,86,12,0,0)	(164,46,0,0)	(116,4,0)	(45,0)	(688,153,78,30,27,4,8,14,6,1,2)	no	(1-9,3-5,4-7,6-8)(0-8,1-5,2-9,6-7)(0-4,3-8,5-7,6-9)(2-4,8-9)	-
2829	12626	10	(14,4,12)	-	5	(30,81,15,0,0)	(160,50,0,0)	(115,5,0)	(45,0)	(670,199,53,23,19,14,11,9,8,5,2)	no	(0-9,3-6,4-8,5-7)(1-9,2-6,3-7,4-5)(0-7,1-8,2-5,3-9)(4-9,6-8)	-
2830	604	10	(14,4,2)	-	5	(32,64,27,3,0)	(148,52,10,0)	(109,10,1)	(44,1)	(741,84,110,10,10,12,23,2,16,0,3)	no	(1-5,3-9,4-6,7-8)(0-4,2-5,6-7,8-9)(3-5,6-8,7-9)(1-7,2-8,6-9)	-
2831	1272	10	(14,4,6)	-	5	(32,64,29,1,0)	(148,54,8,0)	(109,10,1)	(44,1)	(729,106,83,22,23,14,13,9,5,6,3)	no	(1-9,3-7,4-6,5-8)(0-1,2-3,4-7,5-9,6-8)(2-4,3-5,6-9,7-8)(8-9)	-
2832	1384	10	(14,4,1)	-	5	(32,68,26,0,0)	(152,54,4,0)	(110,10,0)	(44,1)	(722,131,58,25,20,21,18,11,2,0,4)	no	(2-8,3-5,4-6,7-9)(0-3,1-2,4-8,5-7,6-9)(3-4,5-9,6-8)(1-9,7-8)	-
2833	2592	10	(14,4,3)	-	5	(32,70,21,3,0)	(146,59,5,0)	(108,12,0)	(44,1)	(715,124,75,39,24,9,6,1,3,11,6)	no	(0-7,2-5,4-8,6-9)(0-1,2-7,3-6,4-9,5-8)(1-4,3-7,5-9,6-8)(8-9)	-
2834	2700	10	(14,4,5)	-	5	(32,70,23,1,0)	(150,57,3,0)	(110,10,0)	(44,1)	(727,107,74,44,16,15,17,2,3,2,4)	no	(1-5,2-9,3-6,4-8)(0-2,1-7,3-9,4-6,5-8)(2-3,4-9,6-7)(5-9,7-8)	-
2835	628	10	(14,4,2)	-	5	(32,72,19,3,0)	(148,58,4,0)	(109,11,0)	(44,1)	(722,96,134,10,11,0,12,1,10,0,15)	yes	(1-8,2-5,4-9,6-7)(2-8,3-6,4-7,5-9)(1-4,3-8,5-7,6-9)(0-7,8-9)	-
2836	2696	10	(14,4,1)	-	5	(32,72,21,1,0)	(148,60,2,0)	(109,11,0)	(44,1)	(705,137,72,35,34,4,4,5,2,8,5)	no	(1-9,3-5,4-7,6-8)(1-6,2-8,4-9,5-7)(2-4,3-8,5-9,6-7)(0-7,8-9)	-
2837	1384	10	(14,4,1)	-	5	(32,72,22,0,0)	(152,56,2,0)	(110,10,0)	(44,1)	(705,143,85,10,31,5,8,7,4,8,5)	no	(1-9,2-6,4-5,7-8)(1-2,3-9,4-6,5-8)(0-8,3-7,4-9)(3-8,5-9,6-7)	-
2838	2696	10	(14,4,1)	-	5	(32,72,22,0,0)	(156,50,4,0)	(110,10,0)	(44,1)	(720,123,74,27,18,19,8,13,0,6,6)	no	(1-7,3-8,4-6,5-9)(2-6,3-4,5-8,7-9)(0-3,1-2,4-5,6-9,7-8)(8-9)	-
2839	2744	10	(14,4,2)	-	5	(32,74,19,1,0)	(154,53,3,0)	(110,10,0)	(44,1)	(708,146,70,30,20,5,9,1,6,5,11)	no	(1-9,3-4,5-7,6-8)(1-2,3-9,5-6,7-8)(0-8,2-5,3-6,4-9)(4-7,8-9)	-
2840	2696	10	(14,4,1)	-	5	(32,74,19,1,0)	(154,53,3,0)	(110,10,0)	(44,1)	(715,123,82,32,10,25,9,6,4,0,4)	no	(2-6,3-8,4-7,5-9)(1-7,3-4,5-8,6-9)(0-3,1-5,2-7,4-9,6-8)(8-9)	-
2841	4428	10	(14,4,2)	-	5	(32,74,20,0,0)	(150,59,1,0)	(109,11,0)	(44,1)	(699,144,80,31,16,6,11,12,9,4,0)	no	(1-6,2-5,4-8,7-9)(0-4,1-9,2-6,3-7,5-8)(3-6,5-9,7-8)(4-7,8-9)	-
2842	8836	10	(14,4,6)	-	5	(32,74,20,0,0)	(152,56,2,0)	(109,11,0)	(44,1)	(688,151,91,27,15,12,6,7,8,4,3)	no	(0-4,2-9,5-8,6-7)(1-2,4-7,5-9,6-8)(1-6,3-9,4-5,7-8)(3-7,8-9)	-
2843	892	10	(14,4,2)	-	5	(32,76,15,3,0)	(160,46,4,0)	(115,5,0)	(45,0)	(726,110,84,16,32,4,13,2,18,6,0)	no	(0-9,1-8,2-5,3-6,4-7)(0-8,4-9,5-7)(1-4,2-8,5-9,6-7)(3-8,6-9)	-
2844	1372	10	(14,4,1)	-	5	(32,76,17,1,0)	(152,56,2,0)	(109,11,0)	(44,1)	(695,152,81,23,19,8,15,0,12,6,1)	no	(1-8,3-6,4-7,5-9)(4-8,5-7,6-9)(0-4,1-9,2-5,3-8,6-7)(2-8,7-9)	-
2845	2704	10	(14,4,1)	-	5	(32,76,17,1,0)	(152,56,2,0)	(109,11,0)	(44,1)	(696,143,92,23,15,14,9,5,9,2,1)	no	(1-8,3-4,5-6,7-9)(1-6,2-9,4-8,5-7)(2-6,3-5,4-9,7-8)(0-7,8-9)	-
2846	2768	10	(14,4,1)	-	5	(32,76,17,1,0)	(156,52,2,0)	(111,9,0)	(44,1)	(716,131,74,35,17,6,7,11,2,0,9)	no	(0-9,2-6,3-5,4-8)(2-9,3-7,4-5,6-8)(1-2,3-9,6-7)(1-5,4-9,7-8)	-
2847	4480	10	(14,4,1)	-	5	(32,76,17,1,0)	(156,52,2,0)	(111,9,0)	(44,1)	(724,114,65,44,28,13,8,4,4,2,5)	no	(1-4,2-9,3-6,5-7)(0-2,3-9,4-6,5-8)(1-8,2-3,4-9,6-7)(5-9,7-8)	-
2848	2042	10	(14,4,1)	-	5	(32,76,17,1,0)	(160,48,2,0)	(115,5,0)	(45,0)	(704,140,66,36,26,10,1,11,12,6,0)	no	(0-8,1-7,3-6,5-9)(0-7,2-3,5-8,6-9)(1-9,2-7,4-5,6-8)(4-7,8-9)	-
2849	4594	10	(14,4,1)	-	5	(32,76,18,0,0)	(152,58,0,0)	(110,10,0)	(44,1)	(692,148,86,24,22,16,6,6,3,4,2)	no	(1-9,2-3,4-5,7-8)(1-7,3-9,4-8,5-6)(3-8,4-9,6-7)(0-8,2-6,5-9)	-
2850	8988	10	(14,4,3)	-	5	(32,76,18,0,0)	(154,55,1,0)	(110,10,0)	(44,1)	(694,150,79,30,20,10,11,6,5,3,0)	no	(0-3,1-7,2-8,4-5,6-9)(1-6,3-8,4-9,5-7)(2-7,3-4,5-9,6-8)(8-9)	-
2851	8968	10	(14,4,3)	-	5	(32,76,18,0,0)	(154,55,1,0)	(110,10,0)	(44,1)	(696,143,86,29,18,15,5,7,4,5,2)	no	(1-9,3-4,5-6,7-8)(2-5,3-9,4-7,6-8)(0-8,1-6,2-3,4-9,5-7)(8-9)	-
2852	8988	10	(14,4,3)	-	5	(32,76,18,0,0)	(154,55,1,0)	(110,10,0)	(44,1)	(696,148,71,41,20,13,5,2,5,5,5)	no	(1-9,3-8,4-6,5-7)(2-9,3-4,5-6,7-8)(0-8,1-7,2-6,3-9,4-5)(8-9)	-
2853	8968	10	(14,4,1)	-	5	(32,76,18,0,0)	(154,55,1,0)	(110,10,0)	(44,1)	(699,141,82,32,16,14,7,10,4,3,2)	no	(1-5,3-9,4-8,6-7)(2-7,3-5,4-9,6-8)(0-8,1-7,2-4,3-6,5-9)(8-9)	-
2854	344	10	(14,4,1)	-	5	(32,76,18,0,0)	(156,50,4,0)	(112,8,0)	(44,1)	(811,73,64,6,12,8,1,3,12,0,0)	no	(0-1,2-6,3-7,4-5,8-9)(1-2,3-8,4-9,5-7)(1-3,2-9,4-6,5-8)(6-7)	-
2855	8940	10	(14,4,2)	-	5	(32,76,18,0,0)	(156,52,2,0)	(110,10,0)	(44,1)	(696,149,77,28,18,16,12,3,4,7,1)	no	(1-7,3-9,4-5,6-8)(2-5,3-8,4-9,6-7)(0-8,1-2,3-7,4-6,5-9)(8-9)	-
2856	3228	10	(14,4,1)	-	5	(32,76,18,0,0)	(160,50,0,0)	(116,4,0)	(45,0)	(708,138,58,46,17,6,18,4,8,6,4)	no	(0-9,1-8,3-4,5-6)(0-8,2-5,4-9,6-7)(1-7,3-8,5-9)(2-8,4-7,6-9)	-
2857	1384	10	(14,4,1)	-	5	(32,78,15,1,0)	(154,53,3,0)	(112,8,0)	(44,1)	(795,91,55,20,12,5,0,10,0,0,5)	no	(0-1,2-6,3-7,4-9,5-8)(1-2,3-8,4-7,5-9)(1-3,2-9,4-5,6-8)(6-7)	-
2858	8940	10	(14,4,1)	-	5	(32,78,15,1,0)	(154,55,1,0)	(110,10,0)	(44,1)	(698,145,71,42,20,11,5,6,5,3,4)	no	(1-9,3-8,4-7,5-6)(1-6,3-9,4-8,5-7)(0-8,2-3,4-9,6-7)(2-5,8-9)	-
2859	2796	10	(14,4,1)	-	5	(32,78,15,1,0)	(154,55,1,0)	(110,10,0)	(44,1)	(702,136,82,28,26,14,6,4,7,2,2)	no	(1-9,2-7,3-4,6-8)(1-6,2-9,3-5,4-8)(3-9,5-6,7-8)(0-8,4-9,5-7)	-
2860	9096	10	(14,4,1)	-	5	(32,78,16,0,0)	(156,54,0,0)	(111,9,0)	(44,1)	(702,141,83,30,19,6,6,8,5,4,5)	no	(0-9,1-6,2-8,3-4,5-7)(2-9,3-6,4-7,5-8)(1-5,2-6,3-9,7-8)(4-9)	-
2861	9100	10	(14,4,1)	-	5	(32,78,16,0,0)	(158,51,1,0)	(111,9,0)	(44,1)	(704,138,76,33,16,18,10,10,0,1,3)	no	(0-6,1-7,2-9,3-8,4-5)(1-2,3-9,4-6,5-7)(2-3,4-9,6-8)(5-9,7-8)	-
2862	9096	10	(14,4,1)	-	5	(32,78,16,0,0)	(158,51,1,0)	(111,9,0)	(44,1)	(705,144,63,37,18,16,10,6,5,5,2)	no	(0-5,1-9,2-4,3-8,6-7)(2-9,3-5,4-6,7-8)(1-7,2-5,3-9,6-8)(4-9)	-
2863	6376	10	(14,4,1)	-	5	(32,78,16,0,0)	(162,47,1,0)	(115,5,0)	(45,0)	(681,163,76,32,21,7,4,15,11,1,0)	no	(0-9,1-4,2-5,3-7,6-8)(0-4,1-8,5-9,6-7)(2-8,3-4,5-7,6-9)(8-9)	-
2864	2844	10	(14,4,1)	-	5	(32,80,13,1,0)	(160,48,2,0)	(111,9,0)	(44,1)	(709,138,67,26,33,11,9,8,4,2,3)	no	(1-9,2-8,3-4,5-6)(1-5,2-9,3-6,4-7)(0-2,3-9,5-7,6-8)(4-9,7-8)	-
2865	9128	10	(14,4,1)	-	5	(32,80,14,0,0)	(156,54,0,0)	(110,10,0)	(44,1)	(683,158,90,23,18,11,9,7,8,3,2)	no	(1-9,2-5,3-4,7-8)(3-9,5-7,6-8)(0-8,1-5,2-6,3-7,4-9)(4-6,8-9)	-
2866	9096	10	(14,4,1)	-	5	(32,80,14,0,0)	(156,54,0,0)	(110,10,0)	(44,1)	(684,154,90,29,20,8,6,6,10,2,2)	no	(2-6,3-9,4-5,7-8)(1-5,3-8,4-9,6-7)(0-8,1-7,2-4,3-6,5-9)(8-9)	-
2867	7748	10	(14,4,3)	-	5	(32,82,11,1,0)	(166,43,1,0)	(116,4,0)	(45,0)	(689,151,87,19,28,4,12,9,3,8,2)	no	(0-9,1-8,3-5,4-7)(0-6,2-8,4-9,5-7)(2-4,3-8,5-9,6-7)(1-6,8-9)	-
2868	6600	10	(14,4,1)	-	5	(32,82,12,0,0)	(168,42,0,0)	(117,3,0)	(45,0)	(704,139,65,33,34,3,9,8,12,4,1)	no	(0-9,1-6,2-8,3-4,5-7)(0-6,1-7,3-9,4-8)(2-6,3-7,4-9,5-8)(5-9)	-
2869	24996	10	(14,4,19)	-	5	(34,75,17,0,0)	(162,47,1,0)	(115,5,0)	(45,0)	(670,188,62,34,17,7,10,10,7,6,1)	no	(0-8,2-6,4-5,7-9)(0-1,3-7,5-9,6-8)(1-5,2-9,3-6,7-8)(4-7,8-9)	-
2870	12738	10	(14,4,3)	-	5	(34,77,15,0,0)	(164,46,0,0)	(116,4,0)	(45,0)	(678,181,63,26,20,10,10,11,5,6,2)	no	(0-4,1-8,2-7,3-5,6-9)(4-8,5-9,6-7)(0-9,1-5,2-4,3-7,6-8)(8-9)	-
2871	25292	10	(14,3,1)	-	5	(34,77,15,0,0)	(164,46,0,0)	(116,4,0)	(45,0)	(680,177,56,44,12,12,6,9,9,6,0)	no	(2-3,4-6,5-7,8-9)(0-9,1-8,2-4,3-7,5-6)(0-7,1-6,2-9,3-4,5-8)	-
2872	12766	10	(14,3,3)	-	5	(34,77,15,0,0)	(164,46,0,0)	(116,4,0)	(45,0)	(682,177,56,34,21,8,6,15,10,0,3)	no	(0-6,1-7,2-3,4-9,5-8)(2-4,3-6,5-7,8-9)(0-8,1-9,2-5,3-7,4-6)	-
2873	25556	10	(14,4,3)	-	5	(34,81,11,0,0)	(168,42,0,0)	(116,4,0)	(45,0)	(665,195,64,28,15,12,13,6,8,5,2)	no	(0-9,3-8,4-5,6-7)(0-6,1-5,2-8,3-9,4-7)(1-8,2-6,3-7,4-9)(5-9)	-
2874	25604	10	(14,4,4)	-	5	(34,81,11,0,0)	(168,42,0,0)	(116,4,0)	(45,0)	(667,191,59,40,13,13,6,11,4,6,2)	no	(0-9,1-6,2-8,3-5,4-7)(1-5,3-9,4-8,6-7)(0-6,2-7,3-8,4-9)(5-9)	-
2875	12910	10	(14,4,3)	-	5	(34,81,11,0,0)	(168,42,0,0)	(116,4,0)	(45,0)	(668,192,60,29,21,10,8,11,9,4,1)	no	(0-8,2-5,4-9,6-7)(1-6,3-7,4-8,5-9)(0-5,1-8,2-7,3-4,6-9)(8-9)	-
2876	25564	10	(14,4,2)	-	5	(34,81,11,0,0)	(168,42,0,0)	(116,4,0)	(45,0)	(670,189,57,37,17,8,12,9,9,3,2)	no	(0-9,3-5,4-6,7-8)(0-6,1-5,2-8,3-9,4-7)(1-8,2-6,3-7,4-9)(5-9)	-
2877	6498	10	(14,4,3)	-	5	(36,72,18,0,0)	(162,47,1,0)	(115,5,0)	(45,0)	(661,201,67,26,11,17,0,13,8,9,0)	no	(0-8,2-6,4-9,5-7)(1-8,3-4,5-9,6-7)(1-5,2-9,3-7,4-8)(0-9,6-8)	-
2878	12540	10	(14,4,6)	-	5	(36,72,18,0,0)	(162,47,1,0)	(115,5,0)	(45,0)	(668,190,69,27,14,9,8,12,10,4,2)	no	(0-9,2-8,4-5,6-7)(1-7,3-5,4-9,6-8)(0-6,1-8,2-4,3-7,5-9)(8-9)	-
2879	7652	10	(14,4,3)	-	5	(36,74,15,1,0)	(164,44,2,0)	(115,5,0)	(45,0)	(686,169,65,27,14,11,17,16,3,3,0)	no	(0-9,1-8,2-5,3-6,4-7)(0-6,1-4,2-8,3-9,5-7)(3-8,4-9,6-7)(5-9)	-
2880	3884	10	(14,4,2)	-	5	(36,74,15,1,0)	(166,41,3,0)	(115,5,0)	(45,0)	(681,167,72,34,19,3,12,10,9,3,0)	no	(0-1,2-8,3-5,4-6,7-9)(0-2,4-8,5-7,6-9)(3-4,5-9,6-8)(1-9,7-8)	-
2881	6618	10	(14,3,1)	-	5	(36,74,16,0,0)	(164,46,0,0)	(116,4,0)	(45,0)	(674,195,46,32,21,13,8,9,6,4,4)	no	(0-9,1-7,2-4,3-6,5-8)(2-6,3-8,4-7,5-9)(0-6,1-8,2-7,3-5,4-9)	-
2882	6642	10	(14,4,2)	-	5	(36,74,16,0,0)	(166,43,1,0)	(116,4,0)	(45,0)	(683,175,54,33,28,6,12,5,10,6,0)	no	(0-9,3-4,5-6,7-8)(1-8,2-5,4-9,6-7)(1-3,2-8,4-7,5-9)(0-8,6-9)	-
2883	7776	10	(14,4,1)	-	5	(36,76,13,1,0)	(166,43,1,0)	(116,4,0)	(45,0)	(691,159,65,33,26,4,8,11,7,8,0)	no	(0-9,3-5,4-7,6-8)(0-8,1-9,2-4,6-7)(1-6,2-8,4-9,5-7)(3-8,5-9)	-
2884	1175	10	(14,4,2)	-	5	(36,76,13,1,0)	(168,40,2,0)	(116,4,0)	(45,0)	(701,137,80,38,12,4,16,16,4,0,0)	no	(0-9,2-4,3-7,6-8)(1-9,2-3,4-8,5-7)(0-5,3-9,6-7)(1-6,4-9,5-8)	-
2885	13144	10	(14,4,3)	-	5	(36,76,14,0,0)	(168,42,0,0)	(117,3,0)	(45,0)	(693,166,52,32,24,11,8,9,10,6,2)	no	(0-9,1-6,3-8,4-5)(0-6,1-8,2-5,3-9,4-7)(2-6,4-9,7-8)(3-7,5-9)	-
2886	12852	10	(14,4,1)	-	5	(36,78,12,0,0)	(168,42,0,0)	(116,4,0)	(45,0)	(662,201,60,30,17,9,11,6,11,4,2)	no	(0-8,3-9,4-7,5-6)(0-7,1-5,2-6,3-8,4-9)(1-7,2-8,3-4,5-9)(6-9)	-
2887	12772	10	(14,4,2)	-	5	(36,78,12,0,0)	(168,42,0,0)	(116,4,0)	(45,0)	(663,199,60,33,14,10,9,11,7,5,2)	no	(0-9,1-7,2-6,3-4,5-8)(1-9,3-8,4-6,5-7)(0-6,2-5,3-9,7-8)(4-9)	-
2888	6474	10	(14,4,1)	-	5	(36,78,12,0,0)	(168,42,0,0)	(116,4,0)	(45,0)	(671,179,67,42,17,4,8,12,4,6,2)	no	(0-9,2-6,3-5,4-7)(1-5,2-8,3-9,6-7)(0-6,1-7,3-8,4-9)(4-8,5-9)	-
2889	12820	10	(14,4,1)	-	5	(36,78,12,0,0)	(168,42,0,0)	(116,4,0)	(45,0)	(671,189,51,46,11,11,10,13,6,3,0)	no	(0-9,3-4,5-7,6-8)(1-8,2-5,4-9,6-7)(1-4,2-8,3-6,5-9)(0-8,7-9)	-
2890	25584	10	(14,4,2)	-	5	(36,78,12,0,0)	(168,42,0,0)	(116,4,0)	(45,0)	(676,181,58,36,15,11,12,14,6,2,2)	no	(0-8,3-5,4-9,6-7)(0-5,2-7,4-8,6-9)(1-8,2-5,3-4,7-9)(1-6,8-9)	-
2891	25244	10	(14,4,14)	-	5	(38,71,17,0,0)	(166,43,1,0)	(116,4,0)	(45,0)	(679,174,60,43,17,7,7,12,8,3,1)	no	(0-9,1-7,2-4,3-8,5-6)(1-9,2-3,4-7,5-8)(0-5,3-9,6-8)(4-9,6-7)	-
2892	12850	10	(14,3,1)	-	5	(38,73,15,0,0)	(168,42,0,0)	(117,3,0)	(45,0)	(688,164,55,45,24,9,6,6,8,2,4)	no	(0-9,1-7,2-3,4-5,6-8)(0-8,1-9,2-4,3-7,5-6)(2-9,3-4,5-8,6-7)	-
2893	12846	10	(14,3,5)	-	5	(38,73,15,0,0)	(168,42,0,0)	(117,3,0)	(45,0)	(693,156,61,35,29,11,6,8,4,6,2)	no	(0-9,1-7,2-3,4-8,5-6)(0-8,1-9,2-7,3-5,4-6)(2-9,3-6,4-7,5-8)	-
2894	12850	10	(14,4,2)	-	5	(38,75,13,0,0)	(168,42,0,0)	(116,4,0)	(45,0)	(662,193,70,34,14,10,5,11,4,6,2)	no	(0-8,2-7,4-6,5-9)(0-9,1-6,2-8,3-4,5-7)(3-5,4-8,7-9)(1-9,6-8)	-
2895	25508	10	(14,4,5)	-	5	(38,75,13,0,0)	(168,42,0,0)	(116,4,0)	(45,0)	(664,191,69,34,13,9,6,11,11,3,2)	no	(0-9,1-4,5-8,6-7)(2-5,3-7,4-9,6-8)(0-6,1-8,2-7,3-4,5-9)(8-9)	-
2896	12846	10	(14,4,5)	-	5	(38,75,13,0,0)	(168,42,0,0)	(116,4,0)	(45,0)	(665,187,75,31,12,9,10,8,9,5,2)	no	(0-8,3-9,4-6,5-7)(0-6,1-8,2-5,3-7,4-9)(1-7,2-4,3-8,5-9)(6-9)	-
2897	25508	10	(14,4,2)	-	5	(38,75,13,0,0)	(170,39,1,0)	(116,4,0)	(45,0)	(664,192,66,33,15,8,15,7,7,3,2)	no	(0-9,1-3,2-5,4-6,7-8)(2-9,3-4,5-8,6-7)(1-8,4-9,5-7)(0-8,6-9)	-
2898	25836	10	(14,4,1)	-	5	(38,77,11,0,0)	(172,38,0,0)	(117,3,0)	(45,0)	(675,176,68,34,21,8,11,6,5,4,3)	no	(0-9,1-7,2-5,3-4,6-8)(0-5,1-9,2-3,4-8,6-7)(3-9,5-6,7-8)(4-9)	-
2899	25820	10	(14,4,2)	-	5	(38,77,11,0,0)	(172,38,0,0)	(117,3,0)	(45,0)	(677,177,61,37,19,10,9,9,7,5,1)	no	(0-9,1-8,2-6,3-4,5-7)(0-6,1-5,2-8,3-9,4-7)(3-8,4-9,6-7)(5-9)	-
2900	26132	10	(14,4,1)	-	5	(38,81,7,0,0)	(176,34,0,0)	(117,3,0)	(45,0)	(660,195,69,32,13,9,14,11,5,3,2)	no	(0-9,3-4,5-8,6-7)(0-7,1-9,2-5,3-8,4-6)(1-5,2-6,3-9,7-8)(4-9)	-
2901	1968	10	(14,4,1)	-	5	(40,68,17,1,0)	(164,44,2,0)	(115,5,0)	(45,0)	(704,138,63,45,18,2,18,16,6,2,0)	no	(0-2,1-9,3-7,4-6,5-8)(1-7,5-9,6-8)(0-7,2-8,3-5,6-9)(4-7,8-9)	-
2902	3800	10	(14,4,2)	-	5	(40,68,17,1,0)	(166,41,3,0)	(115,5,0)	(45,0)	(675,183,59,37,14,8,13,9,8,6,0)	no	(0-9,2-5,4-6,7-8)(0-1,3-8,5-9,6-7)(1-4,3-5,6-8,7-9)(2-7,8-9)	-
2903	3918	10	(14,4,1)	-	5	(40,68,17,1,0)	(166,41,3,0)	(115,5,0)	(45,0)	(681,165,84,18,21,7,10,10,13,3,0)	no	(0-2,1-8,3-4,5-7,6-9)(0-1,4-8,5-9,6-7)(2-9,3-5,4-7,6-8)(8-9)	-
2904	7768	10	(14,3,1)	-	5	(40,68,17,1,0)	(170,37,3,0)	(117,3,0)	(45,0)	(717,135,47,31,38,15,11,1,7,7,1)	no	(0-1,2-3,4-5,6-9,7-8)(0-9,1-8,2-5,3-7,4-6)(2-7,3-6,4-8,5-9)	-
2905	1757	10	(14,3,2)	-	5	(40,68,18,0,0)	(164,46,0,0)	(116,4,0)	(45,0)	(677,179,60,36,24,0,12,8,8,8,0)	yes	(0-6,1-7,2-3,4-9,5-8)(2-5,3-4,6-7,8-9)(0-9,1-8,2-6,3-7,4-5)	-
2906	7672	10	(14,4,3)	-	5	(40,70,15,1,0)	(168,40,2,0)	(116,4,0)	(45,0)	(681,172,71,25,18,10,12,12,3,6,2)	no	(0-9,3-5,4-7,6-8)(1-6,2-8,4-9,5-7)(0-1,2-4,3-8,5-9,6-7)(8-9)	-
2907	636	10	(14,4,1)	-	5	(40,72,12,2,0)	(168,40,2,0)	(116,4,0)	(45,0)	(711,145,38,46,32,8,16,0,8,0,8)	no	(0-8,1-5,4-9,6-7)(0-4,1-8,2-6,3-7,5-9)(2-8,4-5,6-9)(3-8,7-9)	-
2908	25440	10	(14,4,5)	-	5	(40,72,14,0,0)	(170,39,1,0)	(116,4,0)	(45,0)	(660,193,75,32,9,11,7,10,11,4,1)	no	(0-9,2-4,5-7,6-8)(1-6,3-5,4-9,7-8)(0-1,2-8,3-4,5-9,6-7)(8-9)	-
2909	13236	10	(14,3,1)	-	5	(40,74,12,0,0)	(172,38,0,0)	(117,3,0)	(45,0)	(677,175,68,29,22,11,10,6,5,7,2)	no	(0-9,1-8,2-3,4-7,5-6)(0-7,1-6,2-5,3-4,8-9)(2-6,3-8,4-9,5-7)	-
2910	6756	10	(14,4,2)	-	5	(40,74,12,0,0)	(172,38,0,0)	(117,3,0)	(45,0)	(681,164,77,28,22,7,9,14,4,5,0)	no	(0-6,1-8,2-5,3-9,4-7)(1-6,3-7,4-9,5-8)(0-7,2-4,3-8,5-9)(6-9)	-
2911	13256	10	(14,4,1)	-	5	(40,74,12,0,0)	(172,38,0,0)	(117,3,0)	(45,0)	(681,165,74,31,20,11,6,12,6,4,1)	no	(0-9,1-5,2-8,3-4,6-7)(0-6,1-7,2-5,3-9,4-8)(3-7,4-9,6-8)(5-9)	-
2912	13352	10	(14,3,1)	-	5	(40,76,10,0,0)	(176,34,0,0)	(118,2,0)	(45,0)	(694,150,62,41,29,12,6,5,4,6,1)	no	(0-7,1-9,2-3,4-5,6-8)(0-9,1-8,2-4,3-7,5-6)(2-9,3-8,4-6,5-7)	-
2913	4142	10	(14,3,1)	-	5	(40,76,10,0,0)	(178,31,1,0)	(118,2,0)	(45,0)	(705,132,74,29,32,14,10,0,12,2,0)	no	(0-7,1-9,2-3,4-8,5-6)(0-9,1-8,2-4,3-5,6-7)(2-9,3-7,4-5,6-8)	-
2914	2398	10	(14,4,1)	-	5	(44,68,13,1,0)	(172,36,2,0)	(116,4,0)	(45,0)	(679,181,52,36,26,2,20,0,12,2,0)	no	(0-8,1-6,2-7,3-5,4-9)(0-6,3-7,4-8,5-9)(1-9,2-4,5-8,6-7)(8-9)	-
2915	2418	10	(14,3,1)	-	5	(44,68,13,1,0)	(176,32,2,0)	(118,2,0)	(45,0)	(714,125,68,26,41,18,6,4,4,0,0)	no	(0-9,1-8,2-3,4-6,5-7)(0-7,1-9,2-4,3-5,6-8)(2-9,3-4,5-8,6-7)	-
2916	3996	10	(14,4,1)	-	5	(44,70,11,1,0)	(174,35,1,0)	(117,3,0)	(45,0)	(683,151,101,14,25,4,15,4,9,4,0)	no	(0-9,1-7,2-5,3-4,6-8)(0-6,1-9,2-3,4-8,5-7)(3-9,5-6,7-8)(4-9)	-
2917	13120	10	(14,4,1)	-	5	(44,72,10,0,0)	(176,34,0,0)	(117,3,0)	(45,0)	(659,189,78,36,11,8,4,19,4,3,1)	no	(0-9,1-8,2-6,3-4,5-7)(1-5,3-9,4-7,6-8)(0-6,2-7,3-8,4-9)(5-9)	-
2918	72	10	(14,4,1)	-	5	(56,28,42,0,0)	(168,28,14,0)	(112,7,1)	(44,1)	(834,9,43,14,63,7,21,0,0,0,21)	yes	(1-9,2-6,3-8,4-7)(0-1,2-9,3-6,5-8)(2-7,3-9,4-8,5-6)(4-9,5-7)	-
2919	939	10	(14,3,1)	-	5	(56,48,22,0,0)	(180,26,4,0)	(118,2,0)	(45,0)	(741,88,72,11,65,6,13,0,12,0,0)	yes	(0-1,2-3,4-8,5-9,6-7)(2-4,3-5,6-9,7-8)(0-9,1-8,2-7,3-6,4-5)	-
2920	1384	10	(14,4,2)	-	5<6	(24,84,16,2,0)	(148,60,2,0)	(110,10,0)	(44,1)	(711,146,57,34,21,16,8,3,4,2,4)	no	(1-9,3-5,4-7,6-8)(1-2,3-9,4-5,7-8)(0-8,2-5,3-6,4-9)(6-7,8-9)	-
2921	736	10	(14,4,4)	-	5<6	(28,70,28,0,0)	(154,49,7,0)	(112,7,1)	(44,1)	(764,93,57,21,21,14,21,0,0,7,7)	no	(1-9,2-7,3-4,5-6)(0-1,2-9,3-8,4-6,5-7)(3-9,5-8,6-7)(2-8,4-9)	-
2922	566	10	(14,4,1)	-	5<6	(32,68,22,4,0)	(144,60,6,0)	(108,12,0)	(44,1)	(728,90,102,24,38,0,14,8,2,0,4)	no	(2-8,3-6,4-7,5-9)(1-2,4-8,5-7,6-9)(0-4,3-5,6-8,7-9)(1-7,8-9)	-
2923	1114	10	(14,4,1)	-	5<6	(32,68,26,0,0)	(148,58,4,0)	(108,12,0)	(44,1)	(696,139,90,28,26,11,6,0,2,8,4)	no	(0-4,1-2,3-7,5-8,6-9)(4-7,5-9,6-8)(1-9,2-8,3-5,6-7)(4-8,7-9)	-
2924	2270	10	(14,3,1)	-	5<6	(32,68,26,0,0)	(152,54,4,0)	(110,10,0)	(44,1)	(726,117,69,24,27,20,12,5,4,6,3)	no	(0-1,2-3,4-6,5-8,7-9)(2-4,3-5,6-9,7-8)(0-8,1-9,2-7,3-6,4-5)	-
2925	4306	10	(14,4,1)	-	5<6	(32,72,20,2,0)	(148,58,4,0)	(108,12,0)	(44,1)	(692,144,97,24,19,6,9,2,12,2,4)	no	(1-9,2-6,4-7,5-8)(1-2,3-7,4-8,5-9)(0-4,3-5,6-8,7-9)(6-7,8-9)	-
2926	2214	10	(14,4,3)	-	5<6	(32,72,20,2,0)	(152,54,4,0)	(110,10,0)	(44,1)	(724,116,73,27,25,27,6,0,12,0,0)	no	(2-9,3-4,5-6,7-8)(0-6,1-2,3-9,4-8,5-7)(1-3,2-8,4-9,6-7)(5-9)	-
2927	8668	10	(14,4,3)	-	5<6	(32,72,21,1,0)	(150,57,3,0)	(109,11,0)	(44,1)	(702,141,76,33,22,11,6,6,7,3,3)	no	(2-8,3-4,5-7,6-9)(1-7,3-8,4-6,5-9)(0-3,1-2,4-5,6-8,7-9)(8-9)	-
2928	4470	10	(14,4,3)	-	5<6	(32,72,22,0,0)	(152,56,2,0)	(110,10,0)	(44,1)	(704,138,80,30,18,14,7,14,0,0,5)	no	(0-6,1-7,2-9,3-5,4-8)(2-4,3-9,5-7,6-8)(1-2,3-8,4-9,6-7)(5-9)	-
2929	4408	10	(14,4,2)	-	5<6	(32,72,22,0,0)	(152,56,2,0)	(110,10,0)	(44,1)	(706,143,66,34,15,25,9,4,4,0,3)	no	(2-8,3-4,5-9,6-7)(1-7,3-8,4-5,6-9)(0-3,1-4,2-6,5-8,7-9)(8-9)	-
2930	4324	10	(14,4,3)	-	5<6	(32,74,18,2,0)	(150,57,3,0)	(109,11,0)	(44,1)	(707,126,92,28,21,12,6,3,11,0,1)	no	(1-4,3-8,5-7,6-9)(0-3,1-7,2-6,4-8,5-9)(2-5,3-4,6-8,7-9)(8-9)	-
2931	4384	10	(14,4,1)	-	5<6	(32,74,19,1,0)	(154,53,3,0)	(110,10,0)	(44,1)	(710,144,61,28,23,15,11,5,7,3,6)	no	(1-2,3-8,5-6,7-9)(0-3,1-7,2-6,4-8,5-9)(3-4,6-9,7-8)(4-5,8-9)	-
2932	8836	10	(14,4,5)	-	5<6	(32,74,20,0,0)	(152,56,2,0)	(109,11,0)	(44,1)	(685,157,90,23,17,14,6,4,7,5,4)	no	(0-3,1-4,2-8,5-7,6-9)(2-5,3-8,4-9,6-7)(1-7,3-4,5-9,6-8)(8-9)	-
2933	4480	10	(14,4,1)	-	5<6	(32,74,20,0,0)	(154,55,1,0)	(111,9,0)	(44,1)	(715,124,87,32,16,5,10,6,4,0,9)	no	(2-9,3-5,4-7,6-8)(0-6,1-2,3-9,4-8,5-7)(1-7,2-6,3-8,4-9)(5-9)	-
2934	3072	10	(14,4,4)	-	5<6	(32,76,16,2,0)	(160,46,4,0)	(114,6,0)	(45,0)	(684,156,83,34,11,9,9,12,6,9,0)	no	(1-7,3-4,5-9,6-8)(0-8,5-7,6-9)(0-1,2-8,3-5,4-6,7-9)(2-7,8-9)	-
2935	4512	10	(14,4,1)	-	5<6	(32,76,17,1,0)	(152,56,2,0)	(109,11,0)	(44,1)	(686,153,92,23,22,9,7,4,7,6,3)	no	(2-6,3-5,4-7,8-9)(0-4,1-2,3-8,5-9,6-7)(1-9,5-6,7-8)(4-8,7-9)	-
2936	4538	10	(14,4,2)	-	5<6	(32,76,18,0,0)	(154,55,1,0)	(110,10,0)	(44,1)	(689,161,78,23,17,16,10,6,4,2,5)	no	(0-3,1-7,2-8,4-9,5-6)(1-4,2-6,3-8,5-9)(3-4,6-9,7-8)(5-7,8-9)	-
2937	4564	10	(14,4,1)	-	5<6	(32,78,16,0,0)	(158,51,1,0)	(111,9,0)	(44,1)	(708,130,87,20,24,13,12,2,8,4,4)	no	(1-9,2-8,3-4,5-7)(2-9,3-8,4-7,5-6)(0-5,2-7,3-9,6-8)(1-6,4-9)	-
2938	1190	10	(14,4,1)	-	5<6	(32,84,4,6,0)	(160,48,1,1)	(114,6,0)	(45,0)	(680,185,44,40,23,0,14,18,0,5,4)	no	(0-1,4-9,5-8,6-7)(2-6,3-7,4-8,5-9)(0-4,1-5,2-8,6-9)(3-8,7-9)	-
2939	4348	10	(14,4,3)	-	5<6	(36,66,23,1,0)	(158,45,7,0)	(111,8,1)	(44,1)	(712,130,80,24,16,14,16,10,2,7,1)	no	(0-1,2-4,3-9,5-7,6-8)(2-3,4-6,5-9,7-8)(1-8,3-5,4-7,6-9)(8-9)	-
2940	4524	10	(14,4,1)	-	5<6	(36,68,22,0,0)	(158,49,3,0)	(111,9,0)	(44,1)	(721,121,60,48,20,16,15,2,1,6,1)	no	(2-9,3-5,4-8,6-7)(1-5,2-6,3-9,4-7)(0-2,1-8,3-6,4-9)(5-9,7-8)	-
2941	840	10	(14,4,1)	(3,15,1)	5<6	(36,70,20,0,0)	(154,53,3,0)	(112,8,0)	(44,1)	(793,81,69,31,1,0,7,0,0,12,0)	no	(0-1,2-6,3-7,4-5,8-9)(1-2,3-8,4-6,5-9)(1-3,2-9,4-7,5-8)(6-7)	(0-1,2-9,3-7,4-6,5-8)(0-2,1-8,3-9,4-5,6-7)(0-3,1-9,2-6,4-8,5-7)
2942	4470	10	(14,4,1)	-	5<6	(36,70,20,0,0)	(156,52,2,0)	(110,10,0)	(44,1)	(700,136,86,34,20,12,7,2,4,6,2)	no	(1-4,3-9,5-6,7-8)(2-6,3-8,4-7,5-9)(0-3,1-5,4-8,6-9)(2-8,7-9)	-
2943	2310	10	(14,4,1)	-	5<6	(36,70,20,0,0)	(156,52,2,0)	(110,10,0)	(44,1)	(704,133,78,36,31,9,5,2,4,4,3)	no	(1-8,3-9,4-7,5-6)(2-6,3-8,4-5,7-9)(0-3,1-5,2-9,4-6,7-8)(8-9)	-
2944	8836	10	(14,4,1)	-	5<6	(36,72,17,1,0)	(156,52,2,0)	(110,10,0)	(44,1)	(698,142,88,24,19,15,6,7,5,3,2)	no	(2-5,3-8,4-6,7-9)(1-7,3-9,4-5,6-8)(0-3,1-4,2-9,5-6,7-8)(8-9)	-
2945	8988	10	(14,4,1)	-	5<6	(36,72,18,0,0)	(160,48,2,0)	(111,9,0)	(44,1)	(708,138,72,28,20,17,10,5,7,4,2)	no	(0-2,1-9,3-4,5-7,6-8)(2-9,3-8,4-7,5-6)(1-5,2-8,3-9,6-7)(4-9)	-
2946	8940	10	(14,4,1)	-	5<6	(36,74,15,1,0)	(160,48,2,0)	(111,9,0)	(44,1)	(707,135,78,31,15,22,8,2,9,0,0)	no	(2-9,3-6,4-5,7-8)(0-2,1-4,3-9,5-7,6-8)(1-8,2-3,4-9,6-7)(5-9)	-
2947	12524	10	(14,4,6)	-	5<6	(36,74,15,1,0)	(164,44,2,0)	(115,5,0)	(45,0)	(664,193,67,33,14,8,8,8,10,8,0)	no	(1-5,3-9,4-7,6-8)(2-6,3-8,4-9,5-7)(0-7,1-2,3-4,5-9)(0-8,6-9)	-
2948	12396	10	(14,4,3)	-	5<6	(36,74,15,1,0)	(164,44,2,0)	(115,5,0)	(45,0)	(669,187,65,34,17,8,6,7,14,6,0)	no	(0-1,2-4,3-8,5-7,6-9)(4-8,5-9,6-7)(0-7,1-4,2-9,3-5,6-8)(8-9)	-
2949	2126	10	(14,4,1)	-	5<6	(36,74,15,1,0)	(166,41,3,0)	(115,5,0)	(45,0)	(676,169,81,33,6,9,12,12,12,3,0)	no	(0-8,3-5,4-6,7-9)(0-1,2-8,3-4,5-9,6-7)(2-9,4-8,5-7)(1-9,6-8)	-
2950	4538	10	(14,4,1)	-	5<6	(36,74,16,0,0)	(158,51,1,0)	(110,10,0)	(44,1)	(681,155,104,17,19,8,8,2,12,2,4)	no	(1-9,3-8,4-6,5-7)(2-7,3-9,4-5,6-8)(0-3,1-6,4-8,5-9)(2-8,7-9)	-
2951	2354	10	(14,4,1)	-	5<6	(36,74,16,0,0)	(158,51,1,0)	(110,10,0)	(44,1)	(693,148,77,35,22,15,4,4,7,4,1)	no	(1-7,3-8,4-5,6-9)(2-5,3-9,4-8,6-7)(0-3,1-4,2-6,5-8,7-9)(8-9)	-
2952	12588	10	(14,4,4)	-	5<6	(36,76,13,1,0)	(166,43,1,0)	(116,4,0)	(45,0)	(679,178,57,37,23,1,16,5,10,4,2)	no	(1-6,2-5,4-9,7-8)(0-1,4-8,5-9,6-7)(0-8,2-7,3-4,6-9)(3-5,8-9)	-
2953	6422	10	(14,4,3)	-	5<6	(36,78,12,0,0)	(168,42,0,0)	(116,4,0)	(45,0)	(659,205,61,26,22,10,5,4,16,3,2)	no	(0-9,1-5,2-8,3-4,6-7)(1-8,3-9,4-6,5-7)(0-6,2-7,3-8,4-9)(5-9)	-
2954	6688	10	(14,3,3)	-	5<6	(36,78,12,0,0)	(174,35,1,0)	(118,2,0)	(45,0)	(704,157,38,36,24,28,5,8,0,9,4)	no	(0-1,2-3,4-6,5-8,7-9)(2-4,3-5,6-9,7-8)(0-9,1-8,2-7,3-4,5-6)	-
2955	12708	10	(14,4,2)	-	5<6	(36,80,9,1,0)	(170,39,1,0)	(116,4,0)	(45,0)	(664,191,67,32,22,4,8,10,8,5,2)	no	(0-8,1-6,4-9,5-7)(0-2,4-8,5-9,6-7)(1-9,2-5,3-4,7-8)(3-6,8-9)	-
2956	726	10	(14,3,1)	-	5<6	(36,82,6,2,0)	(174,35,1,0)	(118,2,0)	(45,0)	(711,138,45,41,43,0,26,0,0,4,0)	no	(0-9,1-7,2-4,3-6,5-8)(2-6,3-7,4-8,5-9)(0-6,1-8,2-7,3-5,4-9)	-
2957	12578	10	(14,4,4)	-	5<6	(38,73,14,1,0)	(168,40,2,0)	(116,4,0)	(45,0)	(680,180,45,45,26,6,5,8,12,5,0)	no	(0-8,1-3,2-7,4-9,5-6)(0-2,4-8,5-9,6-7)(1-9,3-6,4-7,5-8)(8-9)	-
2958	12798	10	(14,4,2)	-	5<6	(38,75,13,0,0)	(168,42,0,0)	(116,4,0)	(45,0)	(664,197,63,26,22,8,6,12,10,4,0)	no	(0-8,1-7,2-5,3-6,4-9)(0-6,2-7,4-8,5-9)(1-9,3-4,5-8,6-7)(8-9)	-
2959	25428	10	(14,4,5)	-	5<6	(38,75,13,0,0)	(170,39,1,0)	(116,4,0)	(45,0)	(667,186,72,28,17,11,5,13,9,4,1)	no	(0-9,1-2,3-4,5-8,6-7)(0-6,3-9,4-8,5-7)(1-8,2-7,3-6,4-9)(5-9)	-
2960	25380	10	(14,4,1)	-	5<6	(38,77,10,1,0)	(170,39,1,0)	(116,4,0)	(45,0)	(666,189,68,32,15,9,9,9,12,3,1)	no	(0-8,1-5,4-9,6-7)(2-6,3-7,4-8,5-9)(0-7,1-2,3-4,5-8,6-9)(8-9)	-
2961	12970	10	(14,4,2)	-	5<6	(38,77,11,0,0)	(172,38,0,0)	(117,3,0)	(45,0)	(673,179,71,29,21,8,9,6,10,5,1)	no	(0-7,1-5,2-6,3-9,4-8)(0-8,3-6,4-9,5-7)(1-8,2-4,3-7,5-9)(6-9)	-
2962	25748	10	(14,4,4)	-	5<6	(38,77,11,0,0)	(172,38,0,0)	(117,3,0)	(45,0)	(674,182,63,34,16,12,9,10,4,6,2)	no	(0-9,1-4,3-8,5-7)(2-5,3-9,4-8,6-7)(0-6,2-3,4-9,7-8)(1-6,5-9)	-
2963	128	10	(14,4,3)	-	5<6	(40,44,36,6,0)	(140,54,15,1)	(104,14,2)	(43,2)	(813,28,72,9,41,12,6,0,14,12,2)	no	(0-2,3-8,5-6,7-9)(2-7,4-9,5-8)(3-4,6-9,7-8)(1-7,3-5,4-6,8-9)	-
2964	452	10	(14,4,2)	-	5<6	(40,48,36,2,0)	(144,54,12,0)	(104,15,1)	(43,2)	(768,56,85,30,42,2,9,2,8,0,4)	no	(0-2,3-8,5-7,6-9)(3-9,4-8,6-7)(1-3,4-7,5-9,6-8)(2-7,4-5,8-9)	-
2965	908	10	(14,4,4)	-	5<6	(40,50,35,1,0)	(146,53,11,0)	(104,15,1)	(43,2)	(755,72,86,28,31,2,23,5,4,2,0)	no	(2-7,3-9,4-8,5-6)(0-2,3-8,4-7,5-9)(1-3,4-5,6-9,7-8)(6-8,7-9)	-
2966	348	10	(14,4,3)	-	5<6	(40,56,24,6,0)	(152,48,9,1)	(110,9,1)	(44,1)	(766,73,76,17,33,6,15,0,9,12,2)	no	(1-2,3-8,4-6,5-9)(0-1,3-9,4-8,5-7)(2-3,4-5,6-8,7-9)(6-7,8-9)	-
2967	267	10	(14,4,3)	-	5<6	(40,56,28,2,0)	(144,60,6,0)	(104,16,0)	(43,2)	(757,62,101,19,35,12,12,0,10,0,0)	no	(2-9,3-5,4-8,6-7)(0-6,1-7,2-4,3-9,5-8)(2-3,4-5,6-8,7-9)(8-9)	-
2968	1324	10	(14,4,5)	-	5<6	(40,58,26,2,0)	(158,43,9,0)	(111,8,1)	(44,1)	(732,104,86,19,21,12,20,2,8,0,7)	no	(0-1,3-9,4-6,5-8)(2-3,4-9,5-7,6-8)(1-3,5-9,7-8)(2-8,4-7,6-9)	-
2969	42	10	(14,5,1)	-	5<6	(40,60,20,5,1)	(140,60,9,1)	(104,16,0)	(43,2)	(844,13,84,15,0,21,21,0,0,0,0)	no	(2-9,3-8,4-7,5-6)(0-5,1-6,2-7,3-9,4-8)(2-3,4-9,7-8)(5-9)(6-9)	-
2970	84	10	(14,5,1)	-	5<6	(40,60,20,5,1)	(160,40,9,1)	(114,6,0)	(45,0)	(759,81,51,56,0,40,12,0,0,5,0)	no	(0-9,1-3,4-5,6-7)(0-2,1-9,4-7,5-8)(2-3,4-9,6-8)(5-9,7-8)(6-9)	-
2971	712	10	(14,4,2)	-	5<6	(40,60,24,2,0)	(156,48,6,0)	(110,10,0)	(44,1)	(736,90,94,15,38,10,8,9,8,0,4)	no	(1-8,3-9,4-5,6-7)(2-9,3-8,4-6,5-7)(0-3,1-2,4-8,6-9)(5-8,7-9)	-
2972	1328	10	(14,4,3)	-	5<6	(40,60,24,2,0)	(160,42,8,0)	(112,7,1)	(44,1)	(741,90,83,22,42,4,13,1,3,6,0)	no	(0-1,2-9,3-4,5-7,6-8)(1-2,3-9,4-8,6-7)(2-6,3-7,4-9,5-8)(5-9)	-
2973	2656	10	(14,4,2)	-	5<6	(40,60,25,1,0)	(160,42,8,0)	(111,8,1)	(44,1)	(721,116,83,22,23,18,8,6,7,7,1)	no	(1-9,3-6,4-8,5-7)(0-1,2-3,4-9,5-8,6-7)(2-8,3-7,4-6,5-9)(8-9)	-
2974	2270	10	(14,4,2)	-	5<6	(40,60,26,0,0)	(156,50,4,0)	(110,10,0)	(44,1)	(720,105,95,29,25,12,10,4,2,6,3)	no	(2-5,3-8,4-6,7-9)(0-3,1-2,4-8,5-7,6-9)(1-4,3-9,6-8)(5-9,7-8)	-
2975	1408	10	(14,4,3)	-	5<6	(40,62,22,2,0)	(154,51,5,0)	(109,11,0)	(44,1)	(728,100,78,47,25,4,10,0,13,4,2)	no	(1-2,3-8,4-9,6-7)(1-3,2-9,4-5,6-8)(0-3,4-6,5-9,7-8)(5-7,8-9)	-
2976	2684	10	(14,4,2)	-	5<6	(40,62,23,1,0)	(158,47,5,0)	(110,10,0)	(44,1)	(718,122,77,31,24,11,9,6,5,2,6)	no	(2-4,3-8,5-6,7-9)(1-7,3-9,4-6,5-8)(0-3,1-2,4-5,6-9,7-8)(8-9)	-
2977	989	10	(14,4,1)	-	5<6	(40,64,20,2,0)	(160,46,4,0)	(114,6,0)	(45,0)	(690,134,111,14,30,4,8,0,12,4,4)	no	(0-7,1-3,5-9,6-8)(2-8,5-7,6-9)(0-2,3-8,4-5,7-9)(1-7,4-6,8-9)	-
2978	8836	10	(14,4,6)	-	5<6	(40,64,22,0,0)	(158,49,3,0)	(110,10,0)	(44,1)	(702,134,86,31,23,7,11,3,6,5,3)	no	(1-6,3-8,4-5,7-9)(1-2,3-9,4-7,6-8)(0-3,2-4,5-9,7-8)(5-6,8-9)	-
2979	1398	10	(14,4,1)	-	5<6	(40,64,22,0,0)	(160,46,4,0)	(110,10,0)	(44,1)	(706,135,84,21,22,17,9,7,0,8,2)	no	(1-5,3-8,4-6,7-9)(2-6,3-9,4-7,5-8)(0-3,1-2,4-5,6-9,7-8)(8-9)	-
2980	1372	10	(14,4,2)	-	5<6	(40,66,18,2,0)	(158,49,3,0)	(111,9,0)	(44,1)	(729,101,97,31,17,4,17,1,2,0,0)	no	(1-3,2-9,4-5,6-7)(0-2,1-6,3-9,4-7,5-8)(2-3,4-9,6-8)(5-9,7-8)	-
2981	8988	10	(14,4,5)	-	5<6	(40,66,20,0,0)	(160,48,2,0)	(111,9,0)	(44,1)	(708,127,84,37,14,15,11,2,8,1,1)	no	(1-6,2-9,3-4,5-8)(2-6,3-9,4-8,5-7)(0-2,1-7,3-6,4-9)(5-9,7-8)	-
2982	726	10	(14,4,2)	(3,15,2)	5<6	(40,68,16,2,0)	(156,50,4,0)	(112,8,0)	(44,1)	(803,59,85,21,8,2,8,0,0,4,0)	no	(1-2,3-9,4-8,5-7)(1-3,2-8,4-5,6-7)(0-1,2-3,4-6,5-8,7-9)(6-9)	(0-1,2-3,4-5,6-7,8-9)(0-2,1-6,3-9,4-7,5-8)(0-3,1-7,2-8,4-6,5-9)
2983	1960	10	(14,4,2)	-	5<6	(40,68,16,2,0)	(168,38,4,0)	(116,4,0)	(45,0)	(711,130,71,34,17,20,4,11,2,10,0)	no	(0-9,2-5,3-4,6-7)(0-2,1-9,3-7,4-8,5-6)(1-5,3-9,6-8)(4-9,7-8)	-
2984	3812	10	(14,4,1)	-	5<6	(40,68,17,1,0)	(166,41,3,0)	(115,5,0)	(45,0)	(675,189,57,25,20,8,13,11,12,2,0)	no	(0-8,3-5,4-9,6-7)(1-6,2-7,4-8,5-9)(0-1,2-4,3-7,5-8,6-9)(8-9)	-
2985	4608	10	(14,4,1)	-	5<6	(40,68,18,0,0)	(160,48,2,0)	(110,10,0)	(44,1)	(688,149,94,23,22,3,10,10,10,3,0)	no	(2-7,3-8,4-5,6-9)(1-6,3-9,4-8,5-7)(0-3,1-2,4-6,5-8,7-9)(8-9)	-
2986	4514	10	(14,4,1)	-	5<6	(40,68,18,0,0)	(160,48,2,0)	(110,10,0)	(44,1)	(689,145,98,25,18,4,12,4,15,2,0)	no	(2-7,3-8,4-6,5-9)(1-6,3-9,4-8,5-7)(0-3,1-2,4-5,6-8,7-9)(8-9)	-
2987	6284	10	(14,4,2)	-	5<6	(40,68,18,0,0)	(166,43,1,0)	(116,4,0)	(45,0)	(680,181,53,36,13,19,11,1,12,6,0)	no	(0-8,3-7,4-9,5-6)(1-7,3-6,4-8,5-9)(0-1,2-8,4-7,6-9)(2-5,8-9)	-
2988	3916	10	(14,4,3)	-	5<6	(40,70,14,2,0)	(170,37,3,0)	(117,3,0)	(45,0)	(717,132,57,25,35,17,8,6,7,1,4)	no	(0-9,1-2,3-4,5-7,6-8)(0-1,3-9,4-8,6-7)(2-6,3-7,4-9,5-8)(5-9)	-
2989	6281	10	(14,4,1)	-	5<6	(40,70,15,1,0)	(168,40,2,0)	(116,4,0)	(45,0)	(683,171,54,42,28,2,8,7,12,5,0)	no	(0-2,1-8,3-5,4-6,7-9)(1-3,4-8,5-9,6-7)(0-9,2-4,5-7,6-8)(8-9)	-
2990	4564	10	(14,4,1)	-	5<6	(40,70,16,0,0)	(162,47,1,0)	(111,9,0)	(44,1)	(696,139,88,32,22,10,7,2,8,2,6)	no	(1-6,2-9,3-5,4-7)(1-8,2-6,3-9,5-7)(0-2,3-8,4-9,6-7)(4-8,5-9)	-
2991	12960	10	(14,3,2)	-	5<6	(40,70,16,0,0)	(170,39,1,0)	(117,3,0)	(45,0)	(689,171,54,31,20,14,6,11,10,4,2)	no	(0-6,1-8,2-3,4-5,7-9)(0-9,1-7,2-4,3-6,5-8)(2-6,3-5,4-7,8-9)	-
2992	6344	10	(14,4,1)	-	5<6	(40,70,16,0,0)	(170,39,1,0)	(117,3,0)	(45,0)	(693,162,57,37,14,19,3,8,12,6,2)	no	(0-6,1-2,3-9,4-8,5-7)(0-8,1-6,2-7,3-5,4-9)(3-8,4-7,5-9)(6-9)	-
2993	12780	10	(14,4,4)	-	5<6	(40,72,13,1,0)	(170,39,1,0)	(117,3,0)	(45,0)	(691,163,52,39,24,18,8,4,5,4,1)	no	(0-9,3-8,4-7,5-6)(0-1,2-4,3-9,5-7,6-8)(1-8,2-3,4-9,6-7)(5-9)	-
2994	6588	10	(14,4,3)	-	5<6	(40,72,14,0,0)	(170,39,1,0)	(116,4,0)	(45,0)	(660,195,76,25,17,4,10,9,10,7,0)	no	(0-6,1-8,2-4,3-9,5-7)(0-5,1-2,3-6,4-9,7-8)(3-8,4-7,5-9)(6-9)	-
2995	13028	10	(14,4,2)	-	5<6	(40,72,14,0,0)	(170,39,1,0)	(116,4,0)	(45,0)	(662,194,68,37,10,6,9,10,12,5,0)	no	(0-1,2-8,3-6,4-9,5-7)(4-8,5-9,6-7)(0-7,1-4,2-5,3-9,6-8)(8-9)	-
2996	6596	10	(14,4,2)	-	5<6	(40,72,14,0,0)	(170,39,1,0)	(116,4,0)	(45,0)	(663,189,77,30,12,8,6,12,11,4,0)	no	(0-9,3-5,4-8,6-7)(0-1,2-6,3-7,4-9,5-8)(2-4,5-9,7-8)(1-8,6-9)	-
2997	25408	10	(14,4,3)	-	5<6	(40,72,14,0,0)	(170,39,1,0)	(116,4,0)	(45,0)	(665,189,71,29,19,7,4,13,12,4,0)	no	(0-9,1-8,2-7,3-4,5-6)(0-6,1-4,2-5,3-9,7-8)(3-7,4-9,6-8)(5-9)	-
2998	25408	10	(14,4,8)	-	5<6	(40,72,14,0,0)	(170,39,1,0)	(116,4,0)	(45,0)	(665,191,67,32,18,4,11,10,9,5,1)	no	(1-9,2-4,5-7,6-8)(0-2,1-6,3-5,4-9,7-8)(0-8,3-4,5-9,6-7)(8-9)	-
2999	12816	10	(14,4,2)	-	5<6	(40,72,14,0,0)	(170,39,1,0)	(116,4,0)	(45,0)	(665,195,61,34,12,10,11,15,2,8,0)	no	(0-8,1-4,2-5,3-9,6-7)(0-6,1-2,3-5,4-9,7-8)(3-7,4-8,5-9)(6-9)	-
3000	6564	10	(14,4,1)	-	5<6	(40,72,14,0,0)	(172,36,2,0)	(116,4,0)	(45,0)	(665,185,75,31,14,7,13,9,10,4,0)	no	(1-7,3-5,4-9,6-8)(0-1,2-3,4-8,5-9,6-7)(0-8,2-4,5-7,6-9)(8-9)	-
3001	6678	10	(14,3,3)	-	5<6	(40,72,14,0,0)	(174,35,1,0)	(118,2,0)	(45,0)	(703,155,43,32,36,18,5,3,10,0,6)	no	(0-1,2-3,4-8,5-9,6-7)(2-4,3-5,6-9,7-8)(0-9,1-8,2-6,3-7,4-5)	-
3002	6688	10	(14,3,1)	-	5<6	(40,72,14,0,0)	(174,35,1,0)	(118,2,0)	(45,0)	(705,153,41,38,24,22,11,4,6,6,0)	no	(0-9,1-8,2-3,4-5,6-7)(0-1,2-4,3-6,5-9,7-8)(2-5,3-7,4-8,6-9)	-
3003	25712	10	(14,4,1)	-	5<6	(40,74,12,0,0)	(172,38,0,0)	(117,3,0)	(45,0)	(676,178,63,39,16,6,10,8,11,5,0)	no	(0-6,1-5,2-7,3-9,4-8)(0-8,3-6,4-9,5-7)(1-8,2-4,3-7,5-9)(6-9)	-
3004	25712	10	(14,4,1)	-	5<6	(40,74,12,0,0)	(172,38,0,0)	(117,3,0)	(45,0)	(676,180,59,39,17,10,7,8,10,6,0)	no	(0-9,3-4,5-7,6-8)(1-5,2-4,3-9,6-7)(0-6,1-8,3-7,4-9)(2-8,5-9)	-
3005	25672	10	(14,4,4)	-	5<6	(40,74,12,0,0)	(174,35,1,0)	(117,3,0)	(45,0)	(677,177,63,34,19,9,9,13,6,4,1)	no	(0-9,3-8,4-6,5-7)(0-1,2-4,3-9,5-6,7-8)(1-7,2-3,4-9,6-8)(5-9)	-
3006	631	10	(14,4,1)	-	5<6	(40,76,8,2,0)	(172,36,2,0)	(116,4,0)	(45,0)	(683,177,34,70,12,16,4,0,0,1,16)	no	(0-8,1-9,4-5,6-7)(0-4,2-9,3-5,6-8)(1-6,2-7,3-8,4-9)(5-9,7-8)	-
3007	13000	10	(14,4,1)	-	5<6	(40,78,8,0,0)	(176,34,0,0)	(117,3,0)	(45,0)	(654,209,65,25,16,13,6,10,11,3,1)	no	(0-9,3-5,4-8,6-7)(0-6,1-5,2-4,3-9,7-8)(1-8,2-6,3-7,4-9)(5-9)	-
3008	3496	10	(14,4,1)	-	5<6	(40,80,6,0,0)	(180,30,0,0)	(118,2,0)	(45,0)	(664,201,57,24,20,18,6,10,8,4,0)	no	(0-9,1-8,2-4,3-6,5-7)(1-7,2-6,3-5,4-8)(0-6,2-7,3-8,4-9)(5-9)	-
3009	12702	10	(14,4,2)	-	5<6	(42,69,15,0,0)	(170,39,1,0)	(116,4,0)	(45,0)	(663,196,58,45,11,6,11,4,12,5,2)	no	(0-1,2-9,3-8,4-6,5-7)(2-6,3-7,4-8,5-9)(0-4,1-5,6-8,7-9)(8-9)	-
3010	25428	10	(14,4,4)	-	5<6	(42,69,15,0,0)	(170,39,1,0)	(116,4,0)	(45,0)	(664,188,76,27,17,9,5,9,13,5,0)	no	(0-8,1-6,4-9,5-7)(0-2,4-8,5-9,6-7)(1-9,2-6,3-4,7-8)(3-5,8-9)	-
3011	12798	10	(14,4,3)	-	5<6	(42,69,15,0,0)	(170,39,1,0)	(116,4,0)	(45,0)	(669,187,60,38,19,5,13,6,11,4,1)	no	(0-2,4-9,5-7,6-8)(0-8,3-4,5-9,6-7)(1-8,2-4,3-6,7-9)(1-5,8-9)	-
3012	12726	10	(14,4,2)	-	5<6	(42,69,15,0,0)	(172,36,2,0)	(116,4,0)	(45,0)	(668,182,67,45,8,6,17,6,8,5,1)	no	(0-3,1-2,4-9,5-7,6-8)(4-8,5-9,6-7)(0-8,1-6,2-4,3-5,7-9)(8-9)	-
3013	12754	10	(14,4,2)	-	5<6	(42,71,12,1,0)	(172,36,2,0)	(116,4,0)	(45,0)	(669,190,53,44,14,7,12,12,7,5,0)	no	(0-2,1-8,3-5,4-6,7-9)(0-1,4-8,5-9,6-7)(2-9,3-4,5-7,6-8)(8-9)	-
3014	25660	10	(14,3,1)	-	5<6	(42,71,13,0,0)	(172,38,0,0)	(117,3,0)	(45,0)	(675,185,60,27,22,9,12,10,6,4,1)	no	(0-9,1-6,2-3,4-7,5-8)(0-7,1-8,2-5,3-6,4-9)(2-6,3-4,5-7,8-9)	-
3015	25644	10	(14,4,2)	-	5<6	(42,71,13,0,0)	(174,35,1,0)	(117,3,0)	(45,0)	(676,178,61,37,22,5,9,10,10,4,0)	no	(0-9,2-3,4-5,6-8)(1-8,3-9,4-6,5-7)(0-1,2-6,4-9,7-8)(3-7,5-9)	-
3016	25620	10	(14,3,1)	-	5<6	(42,73,10,1,0)	(174,35,1,0)	(117,3,0)	(45,0)	(677,178,59,36,21,11,9,8,6,5,2)	no	(0-9,1-8,2-3,4-7,5-6)(0-6,1-7,2-5,3-4,8-9)(2-6,3-8,4-9,5-7)	-
3017	13030	10	(14,3,1)	-	5<6	(42,73,11,0,0)	(176,34,0,0)	(118,2,0)	(45,0)	(687,170,46,43,30,8,8,8,4,5,2)	no	(0-8,1-9,2-3,4-6,5-7)(0-6,1-7,2-5,3-4,8-9)(2-9,3-8,4-7,5-6)	-
3018	13162	10	(14,3,3)	-	5<6	(42,73,11,0,0)	(176,34,0,0)	(118,2,0)	(45,0)	(688,160,61,41,26,10,7,4,8,3,3)	no	(0-7,1-9,2-3,4-5,6-8)(0-9,1-8,2-4,3-6,5-7)(2-9,3-7,4-8,5-6)	-
3019	13070	10	(14,4,2)	-	5<6	(42,75,9,0,0)	(176,34,0,0)	(117,3,0)	(45,0)	(652,206,77,20,17,5,8,13,13,2,0)	no	(0-4,3-9,5-7,6-8)(1-6,2-5,3-7,4-9)(0-3,1-7,4-8,5-9)(2-8,6-9)	-
3020	26012	10	(14,4,1)	-	5<6	(42,75,9,0,0)	(176,34,0,0)	(117,3,0)	(45,0)	(661,197,61,37,17,6,11,11,7,4,0)	no	(0-9,2-6,3-5,7-8)(1-5,2-4,3-9,6-8)(0-6,1-8,3-7,4-9)(4-7,5-9)	-
3021	6678	10	(14,3,2)	-	5<6	(42,79,4,1,0)	(180,30,0,0)	(118,2,0)	(45,0)	(669,185,64,36,16,14,10,0,12,6,0)	no	(0-6,1-7,2-3,4-9,5-8)(2-5,3-4,6-7,8-9)(0-8,1-9,2-6,3-7,4-5)	-
3022	6380	10	(14,4,1)	-	5<6	(44,62,20,0,0)	(168,40,2,0)	(116,4,0)	(45,0)	(693,141,83,30,33,0,8,10,10,1,3)	no	(0-9,1-8,2-3,4-7,5-6)(0-1,4-9,5-8,6-7)(2-8,3-7,5-9)(4-8,6-9)	-
3023	7868	10	(14,3,1)	-	5<6	(44,66,15,1,0)	(172,36,2,0)	(117,3,0)	(45,0)	(704,145,50,44,32,14,3,5,5,7,2)	no	(0-8,1-9,2-3,4-7,5-6)(0-9,1-7,2-4,3-5,6-8)(2-9,3-7,4-6,5-8)	-
3024	6558	10	(14,4,1)	-	5<6	(44,66,16,0,0)	(172,36,2,0)	(116,4,0)	(45,0)	(663,187,74,33,19,3,8,9,13,4,0)	no	(0-9,2-3,5-7,6-8)(0-1,2-6,3-7,4-9,5-8)(1-8,4-6,5-9)(4-8,7-9)	-
3025	12844	10	(14,4,1)	-	5<6	(44,68,14,0,0)	(174,35,1,0)	(117,3,0)	(45,0)	(677,174,67,34,19,9,13,3,10,5,0)	no	(0-9,3-4,5-6,7-8)(0-1,2-6,3-9,4-8,5-7)(1-8,2-3,4-9,6-7)(5-9)	-
3026	25624	10	(14,4,5)	-	5<6	(44,68,14,0,0)	(174,35,1,0)	(117,3,0)	(45,0)	(678,174,59,48,13,9,9,6,10,5,1)	no	(0-9,3-5,4-7,6-8)(0-1,2-4,3-9,5-6,7-8)(1-8,2-3,4-9,6-7)(5-9)	-
3027	12860	10	(14,4,2)	-	5<6	(44,68,14,0,0)	(174,35,1,0)	(117,3,0)	(45,0)	(684,159,70,43,19,7,5,10,10,5,0)	no	(0-9,1-8,2-6,3-5,4-7)(0-6,1-2,3-9,4-8,5-7)(3-8,4-9,6-7)(5-9)	-
3028	8020	10	(14,4,1)	-	5<6	(44,70,11,1,0)	(176,32,2,0)	(117,3,0)	(45,0)	(689,156,64,46,19,8,9,7,5,7,2)	no	(0-9,1-8,3-4,5-6)(1-9,2-5,3-6,4-7)(0-2,3-9,5-7,6-8)(4-9,7-8)	-
3029	25936	10	(14,4,1)	-	5<6	(44,72,10,0,0)	(176,34,0,0)	(117,3,0)	(45,0)	(653,204,75,24,19,4,4,15,12,3,0)	no	(0-9,3-4,5-8,6-7)(1-4,2-5,3-9,6-8)(0-6,1-8,3-7,4-9)(2-7,5-9)	-
3030	25952	10	(14,4,1)	-	5<6	(44,72,10,0,0)	(176,34,0,0)	(117,3,0)	(45,0)	(663,194,63,37,11,12,11,9,8,4,1)	no	(0-6,3-9,4-5,7-8)(0-8,1-5,2-7,3-6,4-9)(1-8,2-4,3-7,5-9)(6-9)	-
3031	25888	10	(14,4,1)	-	5<6	(44,72,10,0,0)	(178,31,1,0)	(117,3,0)	(45,0)	(664,191,60,46,10,5,14,12,7,4,0)	no	(0-6,1-2,3-9,4-8,5-7)(2-5,3-6,4-9,7-8)(0-8,1-4,3-7,5-9)(6-9)	-
3032	26208	10	(14,3,1)	-	5<6	(44,74,8,0,0)	(180,30,0,0)	(118,2,0)	(45,0)	(673,183,57,38,23,10,7,6,9,5,1)	no	(0-9,1-8,2-3,4-7,5-6)(0-6,1-7,2-5,3-4,8-9)(2-8,3-6,4-9,5-7)	-
3033	25740	10	(14,4,6)	-	5<6	(46,65,15,0,0)	(174,35,1,0)	(117,3,0)	(45,0)	(681,167,65,39,22,10,5,8,10,3,2)	no	(0-9,3-4,5-6,7-8)(0-2,1-9,3-5,4-8,6-7)(1-7,2-5,3-9,6-8)(4-9)	-
3034	13090	10	(14,3,2)	-	5<6	(46,67,13,0,0)	(176,34,0,0)	(118,2,0)	(45,0)	(690,158,62,41,17,22,4,4,6,2,3)	no	(0-6,1-9,2-3,4-8,5-7)(0-8,1-7,2-4,3-9,5-6)(2-5,3-4,6-7,8-9)	-
3035	13110	10	(14,3,1)	-	5<6	(46,67,13,0,0)	(176,34,0,0)	(118,2,0)	(45,0)	(692,159,56,40,21,22,2,7,5,4,1)	no	(0-9,1-8,2-3,4-6,5-7)(0-7,1-9,2-4,3-5,6-8)(2-9,3-7,4-8,5-6)	-
3036	13046	10	(14,4,2)	-	5<6	(46,69,11,0,0)	(176,34,0,0)	(117,3,0)	(45,0)	(659,194,72,38,9,9,8,9,8,4,3)	no	(0-9,3-5,4-7,6-8)(1-5,2-4,3-9,6-7)(0-6,2-3,4-9,7-8)(1-8,5-9)	-
3037	25884	10	(14,4,1)	-	5<6	(46,69,11,0,0)	(178,31,1,0)	(117,3,0)	(45,0)	(659,197,66,37,12,7,10,11,12,2,0)	no	(0-5,1-2,3-9,4-6,7-8)(0-7,1-8,2-6,3-5,4-9)(3-8,4-7,5-9)(6-9)	-
3038	25908	10	(14,4,1)	-	5<6	(46,69,11,0,0)	(178,31,1,0)	(117,3,0)	(45,0)	(662,187,79,29,13,5,14,15,6,2,1)	no	(0-9,1-2,3-4,5-7,6-8)(0-6,1-8,2-5,3-9,4-7)(3-8,4-9,6-7)(5-9)	-
3039	13246	10	(14,3,1)	-	5<6	(46,71,9,0,0)	(180,30,0,0)	(118,2,0)	(45,0)	(672,178,70,33,21,10,4,8,11,5,0)	no	(2-3,4-9,5-7,6-8)(0-7,1-9,2-4,3-8,5-6)(0-8,1-6,2-5,3-4,7-9)	-
3040	6652	10	(14,3,1)	-	5<6	(46,71,9,0,0)	(180,30,0,0)	(118,2,0)	(45,0)	(679,171,58,50,12,14,10,6,2,8,2)	no	(0-6,1-7,2-4,3-5,8-9)(0-9,1-8,2-5,3-4,6-7)(2-6,3-7,4-9,5-8)	-
3041	643	10	(14,4,2)	-	5<6	(48,56,20,2,0)	(168,38,4,0)	(116,4,0)	(45,0)	(721,101,92,12,64,4,0,0,6,8,0)	no	(0-8,1-3,4-5,6-9)(1-8,2-9,4-6,5-7)(0-2,4-8,7-9)(3-9,5-8,6-7)	-
3042	2037	10	(14,4,3)	-	5<6	(48,60,16,2,0)	(172,34,4,0)	(116,4,0)	(45,0)	(703,136,60,59,18,4,4,17,7,2,0)	no	(0-1,2-8,4-9,5-6)(0-2,1-3,4-8,5-9,6-7)(3-9,4-7,6-8)(5-7,8-9)	-
3043	25888	10	(14,4,1)	-	5<6	(48,66,12,0,0)	(178,31,1,0)	(117,3,0)	(45,0)	(661,193,65,42,11,5,13,11,8,3,1)	no	(0-9,1-2,3-4,5-8,6-7)(0-6,1-5,2-4,3-9,7-8)(3-7,4-9,6-8)(5-9)	-
3044	13170	10	(14,3,1)	-	5<6	(48,68,10,0,0)	(180,30,0,0)	(118,2,0)	(45,0)	(677,172,66,39,16,17,4,11,0,6,4)	no	(0-9,1-8,2-3,4-6,5-7)(0-6,1-7,2-4,3-5,8-9)(2-6,3-7,4-8,5-9)	-
3045	16	10	(15,5,1)	-	4	(0,64,62,0,0)	(64,140,6,0)	(88,32,0)	(41,4)	(821,103,0,0,48,0,0,0,6,24,0)	no	(1-8,4-7,5-9)(3-8,5-7,6-9)(4-9,5-8,6-7)(2-9,3-7,6-8)(0-7,3-4,8-9)	-
3046	119	10	(15,5,1)	-	4	(0,84,42,0,0)	(112,88,10,0)	(98,21,1)	(42,3)	(775,45,121,12,18,0,4,3,32,3,0)	no	(0-9,2-7,3-5,4-8)(1-9,2-8,3-7,5-6)(2-9,4-5,7-8)(3-9,6-7)(4-9,6-8)	-
3047	10	10	(15,5,1)	(4,17,1)	4	(0,96,20,10,0)	(80,120,10,0)	(80,40,0)	(40,5)	(810,58,0,0,140,0,0,0,0,0,0)	no	(0-9,2-6,4-8,5-7)(3-7,4-9,5-8)(4-7,5-9,6-8)(1-8,4-6,7-9)(5-6,8-9)	(2-4,3-6,5-8,7-9)(2-5,3-4,6-7,8-9)(0-8,1-9,2-6,3-7,4-5)(2-7,3-5,4-8,6-9)
3048	115	10	(15,5,1)	-	4	(0,96,28,2,0)	(120,84,6,0)	(104,16,0)	(44,1)	(770,42,100,12,56,8,0,0,16,0,8)	no	(0-9,2-8,4-5,6-7)(1-9,3-4,5-7,6-8)(2-9,4-6,7-8)(1-7,3-9,5-8)(6-9)	-
3049	254	10	(15,4,1)	-	4	(0,100,24,2,0)	(112,96,2,0)	(100,20,0)	(43,2)	(738,54,143,7,42,0,20,0,4,0,2)	no	(0-6,2-9,3-8,5-7)(2-7,3-6,4-8,5-9)(1-7,3-9,4-6,5-8)(1-8,4-9,6-7)	-
3050	279	10	(15,4,1)	-	4	(0,104,20,2,0)	(124,84,2,0)	(104,16,0)	(43,2)	(787,54,53,8,80,0,8,0,13,2,6)	no	(1-9,2-6,3-8,4-7)(2-8,3-9,4-6,5-7)(2-9,3-7,4-8,5-6)(0-8,5-9,6-7)	-
3051	682	10	(15,4,1)	-	4	(0,104,21,1,0)	(128,80,2,0)	(107,13,0)	(44,1)	(760,52,100,7,55,4,22,0,2,0,12)	no	(1-9,5-8,6-7)(2-9,3-7,4-5,6-8)(1-5,3-9,4-6,7-8)(0-5,2-6,4-7,8-9)	-
3052	72	10	(15,5,1)	-	4	(0,104,22,0,0)	(124,82,4,0)	(104,16,0)	(43,2)	(841,48,36,9,40,0,1,4,3,0,24)	no	(0-8,2-5,3-4,6-9)(2-6,3-5,4-8,7-9)(2-4,3-7,5-9,6-8)(1-9,7-8)(8-9)	-
3053	242	10	(15,4,1)	-	4	(0,108,18,0,0)	(136,74,0,0)	(112,8,0)	(45,0)	(729,59,152,0,36,0,16,0,16,4,0)	no	(0-6,1-7,4-8,5-9)(0-8,3-7,4-9,5-6)(1-9,2-6,3-8,4-7)(2-9,5-8,6-7)	-
3054	99	10	(15,5,3)	-	4<5	(0,84,42,0,0)	(100,102,8,0)	(98,21,1)	(42,3)	(794,103,45,16,12,0,28,0,0,1,0)	no	(0-9,3-6,4-8,5-7)(1-9,2-4,3-7,5-8)(2-9,6-8)(2-5,3-9,4-6,7-8)(8-9)	-
3055	269	10	(15,5,2)	-	4<5	(0,84,42,0,0)	(108,94,8,0)	(98,21,1)	(42,3)	(737,107,99,4,22,12,4,3,24,1,0)	no	(0-9,2-7,3-5,4-8)(1-9,2-8,3-7,4-6)(2-9,5-7,6-8)(3-9,5-8,6-7)(4-9)	-
3056	48	10	(15,5,1)	(4,16,1)	4<5	(0,90,35,0,1)	(110,85,15,0)	(90,29,1)	(41,4)	(783,68,70,40,10,20,6,0,1,0,0)	no	(0-9,3-4,5-6,7-8)(1-9,3-7,4-6,5-8)(4-7,5-9,6-8)(2-8,3-5,6-9)(7-9)	(0-9,3-7,4-6,5-8)(1-9,2-8,4-7,5-6)(2-3,4-8,5-9,6-7)(2-6,3-8,4-9,5-7)
3057	538	10	(15,5,2)	-	4<5	(0,96,30,0,0)	(120,82,8,0)	(98,21,1)	(42,3)	(722,121,101,10,11,22,4,0,18,1,0)	no	(0-9,2-4,3-7,5-8)(1-9,2-3,5-7,6-8)(2-9,3-5,4-8,6-7)(4-6,7-9)(8-9)	-
3058	238	10	(15,5,2)	-	4<5	(0,96,30,0,0)	(124,76,10,0)	(98,21,1)	(42,3)	(730,113,99,12,7,28,4,0,14,3,0)	no	(0-9,2-6,3-5,7-8)(1-9,4-7,6-8)(2-9,3-6,4-8,5-7)(2-4,3-9,5-8)(7-9)	-
3059	153	10	(15,5,2)	-	5	(16,72,38,0,0)	(120,88,2,0)	(104,16,0)	(43,2)	(765,82,68,3,60,4,3,4,21,0,0)	no	(2-9,3-8,4-5,6-7)(1-8,2-7,3-9,4-6)(0-7,2-5,4-9,6-8)(3-5,7-9)(8-9)	-
3060	284	10	(15,4,1)	-	5	(16,76,34,0,0)	(124,84,2,0)	(104,16,0)	(43,2)	(763,70,69,24,56,0,16,0,7,0,6)	no	(0-8,2-9,4-6,5-7)(1-9,2-8,3-6,4-7)(2-3,4-8,5-6,7-9)(3-7,5-9,6-8)	-
3061	68	10	(15,5,2)	-	5	(16,80,24,6,0)	(128,72,10,0)	(104,16,0)	(44,1)	(770,106,28,12,24,32,8,8,24,0,0)	no	(1-9,2-5,4-8,6-7)(2-9,3-6,4-7,5-8)(1-4,3-9,5-7,6-8)(0-9,7-8)(8-9)	-
3062	157	10	(15,5,1)	-	5	(16,80,30,0,0)	(120,88,2,0)	(104,16,0)	(43,2)	(811,74,60,3,20,8,1,4,1,0,24)	no	(1-8,3-6,4-7,5-9)(2-4,3-8,6-9)(2-3,5-8,7-9)(2-5,4-9,6-8)(0-9,7-8)	-
3063	396	10	(15,5,3)	-	5	(16,82,27,1,0)	(126,83,1,0)	(104,16,0)	(43,2)	(744,99,84,16,36,4,7,0,10,4,0)	no	(2-9,3-4,5-7,6-8)(2-7,3-9,5-8)(0-8,1-7,2-6,4-9)(3-6,4-5,7-9)(8-9)	-
3064	417	10	(15,4,1)	-	5	(16,86,23,1,0)	(130,79,1,0)	(104,16,0)	(43,2)	(734,112,81,0,48,16,4,0,8,0,2)	no	(0-9,2-8,3-6,4-7)(1-8,3-9,4-6,5-7)(2-5,3-7,4-8,6-9)(2-7,5-6,8-9)	-
3065	210	10	(15,4,1)	-	5	(16,88,16,6,0)	(120,86,3,1)	(96,24,0)	(42,3)	(760,78,88,4,48,10,8,0,12,0,0)	no	(0-4,3-5,6-8,7-9)(2-8,3-4,5-7,6-9)(4-5,6-7,8-9)(1-7,3-6,4-9,5-8)	-
3066	267	10	(15,5,1)	(4,16,2)	5	(16,88,20,2,0)	(132,76,2,0)	(104,16,0)	(43,2)	(758,86,61,24,46,16,0,0,14,0,2)	no	(0-9,2-7,3-5,4-8)(1-8,2-9,4-6,5-7)(2-8,3-9,6-7)(3-8,4-9,5-6)(7-9)	(2-3,4-5,6-8,7-9)(2-8,3-7,4-6,5-9)(0-8,2-9,4-7,5-6)(1-9,3-6,4-8,5-7)
3067	137	10	(15,4,1)	-	5	(16,88,22,0,0)	(140,66,4,0)	(104,16,0)	(43,2)	(759,64,60,57,52,0,9,4,3,0,0)	no	(2-8,3-5,4-6,7-9)(1-9,3-8,4-7,5-6)(0-8,2-4,3-9,6-7)(2-9,5-7,6-8)	-
3068	988	10	(15,4,4)	-	5	(16,90,19,1,0)	(134,73,3,0)	(102,18,0)	(43,2)	(723,100,104,22,39,0,6,0,7,4,6)	no	(0-5,3-4,6-8,7-9)(2-5,3-6,4-9,7-8)(3-9,5-8,6-7)(1-7,2-6,4-8,5-9)	-
3069	1624	10	(15,4,2)	-	5	(16,90,19,1,0)	(134,75,1,0)	(104,16,0)	(43,2)	(728,117,77,14,42,5,8,6,8,1,3)	no	(0-9,2-7,3-8,4-6)(2-9,3-6,4-7,5-8)(2-8,3-4,5-7,6-9)(1-8,5-6,7-9)	-
3070	4564	10	(15,4,6)	-	5	(16,90,20,0,0)	(142,67,1,0)	(109,11,0)	(44,1)	(703,150,76,9,20,28,8,3,6,3,4)	no	(2-9,3-4,5-8,6-7)(2-6,3-9,4-8,5-7)(1-8,2-7,3-6,4-9)(0-8,1-7,5-9)	-
3071	2284	10	(15,4,3)	-	5	(16,90,20,0,0)	(142,67,1,0)	(109,11,0)	(44,1)	(712,134,76,16,26,21,10,0,11,0,4)	no	(1-2,3-9,4-8,6-7)(1-7,2-3,5-9,6-8)(0-7,3-8,4-5,6-9)(2-4,5-8,7-9)	-
3072	76	10	(15,5,1)	-	5	(16,92,12,6,0)	(128,78,3,1)	(104,16,0)	(43,2)	(821,75,44,9,3,25,0,0,24,0,1)	no	(0-8,2-4,3-6,5-9)(2-3,4-7,5-8,6-9)(2-5,3-4,6-8,7-9)(1-9,7-8)(8-9)	-
3073	326	10	(15,5,2)	(4,16,1)	5	(16,92,15,3,0)	(140,66,4,0)	(107,13,0)	(44,1)	(740,112,52,24,41,8,2,15,18,0,0)	no	(1-7,3-5,4-9,6-8)(1-6,2-7,4-8,5-9)(2-4,3-7,5-8,6-9)(0-6,7-9)(8-9)	(1-5,3-8,4-6,7-9)(2-7,3-4,5-8,6-9)(1-6,2-5,3-9,7-8)(0-7,2-6,4-5,8-9)
3074	476	10	(15,5,3)	(4,17,1)	5	(16,92,16,2,0)	(132,76,2,0)	(102,18,0)	(43,2)	(726,88,109,31,34,4,2,0,12,0,0)	no	(0-9,1-8,4-7,5-6)(2-7,3-6,4-9,5-8)(3-7,5-9,6-8)(2-5,4-8,6-9)(7-9)	(0-9,1-3,2-8,4-5,6-7)(2-3,4-6,5-9,7-8)(0-2,1-9,3-8,4-7,5-6)(4-9,5-7,6-8)
3075	1216	10	(15,4,4)	-	5	(16,92,18,0,0)	(144,64,2,0)	(108,12,0)	(44,1)	(692,150,94,8,34,4,8,8,10,0,0)	no	(0-6,3-7,4-5,8-9)(1-6,3-9,4-7,5-8)(1-9,2-8,3-4,6-7)(2-6,5-9,7-8)	-
3076	630	10	(15,4,2)	-	5	(16,92,18,0,0)	(144,64,2,0)	(108,12,0)	(44,1)	(706,132,84,16,46,2,4,8,10,0,2)	no	(2-6,3-7,4-5,8-9)(0-6,2-9,3-8,4-7)(1-6,3-9,4-8,5-7)(1-8,5-9,6-7)	-
3077	1408	10	(15,4,4)	-	5	(16,94,14,2,0)	(146,61,3,0)	(109,11,0)	(44,1)	(724,113,82,22,31,16,5,0,7,4,6)	no	(1-2,3-8,5-7,6-9)(0-2,3-9,4-8,6-7)(2-3,4-7,5-9,6-8)(1-7,4-5,8-9)	-
3078	4564	10	(15,4,5)	-	5	(16,94,16,0,0)	(146,63,1,0)	(109,11,0)	(44,1)	(704,132,86,26,32,5,5,6,10,2,2)	no	(0-9,3-5,4-7,6-8)(0-7,1-9,3-4,5-8)(1-8,2-9,4-6,5-7)(2-8,3-9,6-7)	-
3079	542	10	(15,4,2)	-	5	(16,96,12,2,0)	(140,68,2,0)	(104,16,0)	(43,2)	(723,122,69,27,34,8,16,0,9,0,0)	no	(2-5,3-9,4-6,7-8)(1-9,2-8,3-4,6-7)(2-4,3-5,6-8,7-9)(0-8,5-7,6-9)	-
3080	273	10	(15,5,3)	-	5	(24,72,30,0,0)	(132,76,2,0)	(104,16,0)	(43,2)	(739,86,132,3,15,0,11,0,12,2,0)	no	(2-9,3-8,4-6,5-7)(2-7,3-9,4-5,6-8)(0-7,1-8,2-6,3-5,4-9)(7-9)(8-9)	-
3081	924	10	(15,4,4)	-	5	(24,78,21,3,0)	(134,71,5,0)	(102,18,0)	(43,2)	(732,102,92,20,22,14,18,1,3,0,4)	no	(0-6,1-5,2-4,3-9,7-8)(2-5,3-8,4-9,6-7)(1-3,6-8,7-9)(4-8,5-7,6-9)	-
3082	952	10	(15,4,3)	-	5	(24,78,23,1,0)	(134,73,3,0)	(102,18,0)	(43,2)	(728,94,109,9,33,18,9,0,6,0,0)	no	(0-9,3-6,4-5,7-8)(1-8,2-7,4-6,5-9)(4-7,5-6,8-9)(2-5,3-7,4-8,6-9)	-
3083	1414	10	(15,4,1)	-	5	(24,80,21,1,0)	(148,58,4,0)	(109,11,0)	(44,1)	(713,142,60,26,23,18,7,13,0,4,4)	no	(1-8,2-9,3-6,4-7)(1-7,2-8,3-9,4-5)(2-5,3-8,4-6,7-9)(0-7,5-6,8-9)	-
3084	1004	10	(15,4,1)	-	5	(24,80,22,0,0)	(140,68,2,0)	(104,16,0)	(43,2)	(720,126,85,16,26,0,24,0,6,0,7)	no	(2-3,4-6,5-8,7-9)(0-9,2-8,3-7,5-6)(2-4,3-9,5-7,6-8)(1-8,4-7,6-9)	-
3085	538	10	(15,4,2)	-	5	(24,80,22,0,0)	(140,68,2,0)	(104,16,0)	(43,2)	(767,64,92,19,31,6,17,0,0,4,8)	no	(0-9,2-6,3-8,5-7)(2-8,3-5,4-7,6-9)(1-8,4-6,7-9)(2-4,3-7,5-6,8-9)	-
3086	1600	10	(15,4,7)	-	5	(24,80,22,0,0)	(142,65,3,0)	(104,16,0)	(43,2)	(727,115,77,20,33,8,18,8,2,1,0)	no	(2-6,3-5,4-9,7-8)(2-4,3-9,5-8,6-7)(0-5,1-4,6-8,7-9)(2-8,3-7,6-9)	-
3087	518	10	(15,4,1)	-	5	(24,80,22,0,0)	(144,62,4,0)	(104,16,0)	(43,2)	(731,94,107,23,12,8,24,0,9,0,0)	no	(2-6,3-9,4-5,7-8)(2-9,3-7,4-6,5-8)(0-9,1-5,2-8,6-7)(3-8,4-7,6-9)	-
3088	510	10	(15,4,2)	-	5	(24,80,22,0,0)	(144,62,4,0)	(104,16,0)	(43,2)	(731,110,71,31,34,2,24,0,5,0,0)	no	(2-6,3-8,4-5,7-9)(2-9,5-6,7-8)(0-9,1-5,2-3,4-7,6-8)(3-7,4-8,6-9)	-
3089	238	10	(15,4,1)	-	5	(24,80,22,0,0)	(144,62,4,0)	(104,16,0)	(43,2)	(775,60,76,33,35,0,13,0,4,0,12)	no	(2-5,3-6,4-8,7-9)(2-3,4-7,5-6,8-9)(0-9,2-4,3-8,6-7)(1-8,5-7,6-9)	-
3090	1496	10	(15,4,3)	-	5	(24,80,22,0,0)	(148,60,2,0)	(110,10,0)	(44,1)	(723,125,77,16,25,3,22,2,6,10,1)	no	(2-8,3-5,4-7,6-9)(1-7,3-8,4-6,5-9)(2-9,3-7,5-8)(0-7,1-2,4-9,6-8)	-
3091	988	10	(15,4,3)	-	5	(24,82,19,1,0)	(142,65,3,0)	(104,16,0)	(43,2)	(764,78,74,23,33,18,4,0,2,4,4)	no	(1-5,2-7,3-8,6-9)(2-5,3-6,4-7,8-9)(0-9,2-8,3-4,6-7)(4-8,5-6,7-9)	-
3092	80	10	(15,4,2)	-	5	(24,84,12,6,0)	(140,66,3,1)	(104,16,0)	(43,2)	(810,47,60,9,44,25,0,0,0,0,1)	no	(2-6,3-7,4-5,8-9)(1-9,2-3,4-6,7-8)(2-4,3-5,6-8,7-9)(0-8,5-7,6-9)	-
3093	1000	10	(15,4,2)	-	5	(24,84,16,2,0)	(140,68,2,0)	(104,16,0)	(43,2)	(728,108,89,16,38,2,16,0,4,2,7)	no	(2-5,3-7,4-6,8-9)(1-8,2-9,4-7,5-6)(0-9,2-3,4-8,6-7)(3-8,5-7,6-9)	-
3094	1610	10	(15,4,2)	-	5	(24,84,17,1,0)	(138,71,1,0)	(103,17,0)	(43,2)	(716,106,107,23,23,16,8,0,3,5,4)	no	(2-5,3-6,4-9,7-8)(0-7,1-8,4-5,6-9)(3-9,5-7,6-8)(2-6,3-7,4-8,5-9)	-
3095	2332	10	(15,4,4)	-	5	(24,84,17,1,0)	(148,62,0,0)	(111,9,0)	(44,1)	(727,120,58,30,45,3,6,10,4,4,2)	no	(1-9,2-8,3-7,4-5)(1-8,2-9,3-5,4-6)(1-5,2-6,3-9,7-8)(0-8,4-9,6-7)	-
3096	526	10	(15,4,1)	-	5	(24,84,18,0,0)	(144,64,2,0)	(104,16,0)	(43,2)	(723,98,113,11,29,16,8,0,6,2,4)	no	(2-5,3-6,4-9,7-8)(2-4,3-8,5-6,7-9)(0-9,2-3,4-7,6-8)(1-8,5-7,6-9)	-
3097	2348	10	(15,4,4)	-	5	(24,84,18,0,0)	(148,62,0,0)	(110,10,0)	(44,1)	(703,134,87,16,32,18,13,0,1,0,6)	no	(0-6,1-9,2-5,3-8,4-7)(1-5,3-6,4-8,7-9)(2-8,3-9,6-7)(4-9,5-7,6-8)	-
3098	4670	10	(15,4,2)	-	5	(24,84,18,0,0)	(150,59,1,0)	(110,10,0)	(44,1)	(704,144,74,24,20,14,15,10,0,2,3)	no	(2-4,3-8,5-9,6-7)(1-7,3-9,4-8,5-6)(2-3,4-5,6-9,7-8)(0-7,1-2,8-9)	-
3099	2408	10	(15,4,10)	-	5	(24,84,18,0,0)	(150,59,1,0)	(110,10,0)	(44,1)	(748,90,74,36,35,0,2,0,9,10,4)	no	(0-7,2-8,3-6,5-9)(1-7,3-9,4-6,5-8)(2-3,4-9,7-8)(1-2,4-5,6-8,7-9)	-
3100	1464	10	(15,5,1)	(4,16,2)	5	(24,84,18,0,0)	(152,56,2,0)	(110,10,0)	(44,1)	(704,159,60,10,22,27,16,8,2,0,0)	no	(0-9,2-8,3-4,5-6)(1-9,2-7,3-6,4-8)(2-9,5-8,6-7)(1-5,3-9,7-8)(4-9)	(2-4,3-9,5-7,6-8)(1-5,3-4,6-7,8-9)(0-5,2-9,4-6,7-8)(1-6,2-8,3-5,7-9)
3101	1478	10	(15,4,1)	-	5	(24,84,18,0,0)	(152,56,2,0)	(110,10,0)	(44,1)	(710,143,70,10,26,23,14,8,2,4,0)	no	(2-8,3-4,5-9,6-7)(1-2,4-7,5-8,6-9)(1-7,2-3,4-9,6-8)(0-7,3-5,8-9)	-
3102	772	10	(15,4,2)	-	5	(24,84,18,0,0)	(152,56,2,0)	(110,10,0)	(44,1)	(754,75,95,26,26,3,6,0,10,4,13)	no	(0-7,1-2,3-8,4-6,5-9)(1-7,2-3,4-9,5-8)(2-4,3-5,6-9,7-8)(6-8,7-9)	-
3103	2380	10	(15,4,1)	-	5	(24,84,18,0,0)	(152,58,0,0)	(112,8,0)	(44,1)	(739,105,45,55,29,8,20,0,2,5,0)	no	(1-9,2-8,4-5,6-7)(1-3,2-9,4-7,5-8)(1-8,2-6,3-9,5-7)(0-8,3-6,4-9)	-
3104	344	10	(15,4,2)	-	5	(24,84,18,0,0)	(156,50,4,0)	(110,10,0)	(44,1)	(778,61,69,30,28,17,2,0,12,0,15)	no	(2-4,3-8,5-6,7-9)(1-7,2-3,4-9,6-8)(1-2,4-5,6-9,7-8)(0-7,3-5,8-9)	-
3105	1496	10	(15,4,4)	-	5	(24,84,18,0,0)	(156,52,2,0)	(112,8,0)	(44,1)	(742,103,62,34,23,12,18,5,8,0,0)	no	(1-9,2-5,3-8,6-7)(1-8,2-9,3-6,4-5)(1-7,2-8,3-9,4-6)(0-8,4-9,5-7)	-
3106	1646	10	(15,4,1)	-	5	(24,86,15,1,0)	(142,67,1,0)	(104,16,0)	(43,2)	(715,121,91,12,33,16,14,0,3,3,2)	no	(2-9,3-5,4-6,7-8)(2-3,4-8,5-6,7-9)(0-9,2-4,3-7,6-8)(1-8,5-7,6-9)	-
3107	2828	10	(15,4,5)	-	5	(24,86,15,1,0)	(154,53,3,0)	(110,10,0)	(44,1)	(713,141,63,17,29,24,13,4,2,0,2)	no	(1-2,3-8,4-9,5-7)(0-2,3-9,4-7,6-8)(2-3,4-5,6-9,7-8)(1-7,5-6,8-9)	-
3108	4580	10	(15,4,4)	-	5	(24,86,16,0,0)	(148,62,0,0)	(109,11,0)	(44,1)	(673,172,93,14,26,9,6,2,7,6,3)	no	(1-7,2-9,3-6,4-8)(2-5,3-7,4-6,8-9)(1-9,5-8,6-7)(0-6,3-5,4-9,7-8)	-
3109	984	10	(15,4,2)	-	5	(24,88,12,2,0)	(156,52,2,0)	(114,6,0)	(45,0)	(698,126,103,22,30,2,12,0,12,4,0)	no	(0-7,1-9,2-6,3-8,4-5)(0-9,2-5,3-7,4-8)(3-9,4-7,6-8)(1-8,5-9,6-7)	-
3110	836	10	(15,5,1)	-	5	(24,88,14,0,0)	(148,62,0,0)	(112,8,0)	(44,1)	(786,109,45,17,21,0,0,0,0,16,0)	no	(0-9,1-2,3-5,4-7,6-8)(1-9,2-6,4-8,5-7)(1-5,2-9,3-6,7-8)(3-9)(4-9)	-
3111	772	10	(15,5,5)	-	5	(24,88,14,0,0)	(152,56,2,0)	(112,8,0)	(44,1)	(795,99,46,16,18,2,1,1,12,0,0)	no	(1-9,2-3,4-5,6-7)(1-6,2-9,3-8,5-7)(0-1,2-7,3-9,4-8)(4-9,6-8)(5-9)	-
3112	4692	10	(15,4,10)	-	5	(24,88,14,0,0)	(152,58,0,0)	(110,10,0)	(44,1)	(690,151,88,19,25,14,8,4,5,3,1)	no	(1-7,2-4,3-8,6-9)(2-3,4-8,5-9,6-7)(0-9,1-2,3-7,4-5,6-8)(5-7,8-9)	-
3113	9252	10	(15,4,7)	-	5	(24,88,14,0,0)	(154,55,1,0)	(110,10,0)	(44,1)	(695,151,80,19,24,16,11,4,5,4,1)	no	(1-7,2-8,3-4,5-9)(1-2,3-9,5-8,6-7)(2-3,4-9,5-7,6-8)(0-7,4-6,8-9)	-
3114	2864	10	(15,4,1)	-	5	(24,88,14,0,0)	(156,52,2,0)	(110,10,0)	(44,1)	(703,141,80,20,24,15,14,4,1,8,1)	no	(0-7,2-9,3-8,4-6)(2-4,3-9,5-8,6-7)(1-7,2-8,3-5,4-9)(1-8,5-6,7-9)	-
3115	2860	10	(15,4,3)	-	5	(24,88,14,0,0)	(156,52,2,0)	(110,10,0)	(44,1)	(715,123,80,22,30,15,10,6,3,6,1)	no	(1-7,2-9,3-6,5-8)(1-8,2-7,3-9,4-6)(2-5,3-7,4-9,6-8)(0-8,4-5,7-9)	-
3116	2860	10	(15,4,1)	-	5	(24,90,12,0,0)	(158,51,1,0)	(111,9,0)	(44,1)	(720,116,75,34,22,15,12,4,9,0,5)	no	(2-8,3-6,4-7,5-9)(2-9,3-7,4-8,5-6)(1-7,3-9,4-6,5-8)(0-9,1-2,7-8)	-
3117	656	10	(15,4,2)	-	5	(24,92,8,2,0)	(164,44,2,0)	(116,4,0)	(45,0)	(709,125,76,22,60,0,4,0,4,8,0)	no	(0-8,1-7,2-9,3-4,5-6)(0-7,1-9,2-8,3-5,4-6)(2-7,3-8,5-9)(4-8,6-9)	-
3118	4736	10	(15,4,3)	-	5	(24,92,9,1,0)	(156,54,0,0)	(111,9,0)	(44,1)	(706,136,72,28,31,11,11,8,4,0,1)	no	(2-8,3-4,5-9,6-7)(1-2,4-7,5-8,6-9)(1-7,2-3,4-9,6-8)(0-9,3-5,7-8)	-
3119	4580	10	(15,4,8)	-	5	(28,80,18,0,0)	(148,62,0,0)	(109,11,0)	(44,1)	(686,161,83,14,32,10,5,6,6,6,4)	no	(1-2,3-9,4-7,6-8)(2-8,3-5,4-9,6-7)(0-8,2-3,4-5,7-9)(1-7,5-6,8-9)	-
3120	8836	10	(15,4,16)	-	5	(28,82,15,1,0)	(150,59,1,0)	(109,11,0)	(44,1)	(693,147,92,21,13,17,10,5,7,4,2)	no	(0-6,1-2,3-7,4-9,5-8)(2-8,4-7,5-9)(2-3,6-8,7-9)(1-7,3-5,4-6,8-9)	-
3121	672	10	(15,5,5)	-	5	(28,82,16,0,0)	(148,62,0,0)	(112,8,0)	(44,1)	(780,116,52,8,20,2,0,0,0,16,0)	no	(0-9,1-2,3-5,4-6,7-8)(1-9,2-6,3-8,4-7)(1-5,2-9,6-8)(3-9,5-7)(4-9)	-
3122	4692	10	(15,4,15)	-	5	(28,82,16,0,0)	(152,58,0,0)	(110,10,0)	(44,1)	(690,164,65,27,28,13,5,8,3,5,3)	no	(1-7,3-9,4-6,5-8)(2-8,3-7,4-9,5-6)(0-8,2-3,4-7,5-9)(1-2,6-8,7-9)	-
3123	4580	10	(15,4,10)	-	5	(28,82,16,0,0)	(154,55,1,0)	(110,10,0)	(44,1)	(699,146,83,15,23,19,9,8,1,6,2)	no	(0-5,1-3,2-9,4-6,7-8)(2-6,3-8,4-9,5-7)(1-2,3-6,5-8,7-9)(4-7,8-9)	-
3124	4756	10	(15,4,12)	-	5	(28,82,16,0,0)	(156,54,0,0)	(112,8,0)	(44,1)	(718,127,70,32,27,7,13,4,5,1,5)	no	(1-9,2-8,3-5,4-6)(1-3,2-9,4-7,5-8)(1-8,2-6,3-9,5-7)(0-8,4-9,6-7)	-
3125	4676	10	(15,4,10)	-	5	(28,82,16,0,0)	(158,51,1,0)	(112,8,0)	(44,1)	(719,133,63,37,17,6,19,2,5,4,2)	no	(0-1,2-9,3-8,4-6,5-7)(1-2,3-9,4-5,6-8)(1-3,4-9,5-6,7-8)(2-7,8-9)	-
3126	4544	10	(15,4,8)	-	5	(28,84,13,1,0)	(154,55,1,0)	(110,10,0)	(44,1)	(689,154,85,32,8,17,6,9,3,4,4)	no	(2-9,3-8,4-5,6-7)(2-7,3-9,4-6,5-8)(0-4,1-8,2-5,3-6,7-9)(1-7,8-9)	-
3127	9080	10	(15,4,9)	-	5	(28,84,13,1,0)	(154,55,1,0)	(110,10,0)	(44,1)	(692,156,76,20,28,11,11,7,5,1,3)	no	(1-7,2-8,4-9,5-6)(1-2,3-9,4-8,6-7)(0-9,2-3,4-5,7-8)(3-6,5-8,7-9)	-
3128	8940	10	(15,4,18)	-	5	(28,84,13,1,0)	(154,55,1,0)	(110,10,0)	(44,1)	(694,147,82,34,14,18,6,3,3,5,4)	no	(1-2,3-9,5-6,7-8)(0-8,3-4,5-9,6-7)(2-3,4-5,6-8,7-9)(1-7,2-4,8-9)	-
3129	9252	10	(15,4,9)	-	5	(28,84,14,0,0)	(156,54,0,0)	(111,9,0)	(44,1)	(697,150,71,30,25,13,11,4,5,0,2)	no	(1-3,2-9,4-8,6-7)(2-5,3-8,4-7,6-9)(0-8,1-2,3-6,4-5,7-9)(5-7,8-9)	-
3130	9252	10	(15,4,6)	-	5	(28,84,14,0,0)	(156,54,0,0)	(111,9,0)	(44,1)	(702,146,69,32,13,21,13,6,2,2,4)	no	(2-8,3-7,4-6,5-9)(2-9,3-6,4-8,5-7)(0-9,1-2,3-5,4-7,6-8)(1-7,8-9)	-
3131	4664	10	(15,4,5)	-	5	(28,86,11,1,0)	(156,54,0,0)	(111,9,0)	(44,1)	(698,146,87,20,26,3,8,6,4,8,5)	no	(1-9,2-6,3-5,7-8)(1-5,2-9,4-7,6-8)(1-2,3-9,4-6,5-8)(0-8,3-7,4-9)	-
3132	4592	10	(15,4,2)	-	5	(28,86,12,0,0)	(156,54,0,0)	(110,10,0)	(44,1)	(674,174,83,22,21,16,5,0,9,4,4)	no	(2-5,3-9,4-7,6-8)(4-9,5-8,6-7)(1-9,2-4,3-6,7-8)(0-6,1-8,3-5,7-9)	-
3133	4696	10	(15,4,7)	-	5	(28,86,12,0,0)	(156,54,0,0)	(110,10,0)	(44,1)	(679,170,83,16,25,10,9,5,13,0,1)	no	(0-7,1-3,2-5,4-9,6-8)(2-9,4-8,6-7)(1-2,3-4,5-9,7-8)(3-6,5-8,7-9)	-
3134	4692	10	(15,4,2)	-	5	(28,86,12,0,0)	(156,54,0,0)	(110,10,0)	(44,1)	(682,164,84,21,20,13,7,8,9,3,0)	no	(0-9,1-2,3-7,4-8,5-6)(1-7,2-8,3-5,4-9)(2-3,4-5,6-8,7-9)(6-7,8-9)	-
3135	4692	10	(15,4,7)	-	5	(28,86,12,0,0)	(156,54,0,0)	(110,10,0)	(44,1)	(684,164,77,23,28,7,7,11,5,5,1)	no	(1-7,2-5,3-6,8-9)(2-8,3-7,4-6,5-9)(1-5,3-9,4-8,6-7)(0-6,4-9,7-8)	-
3136	4756	10	(15,4,6)	-	5	(28,86,12,0,0)	(160,50,0,0)	(112,8,0)	(44,1)	(709,141,69,28,25,9,10,6,6,2,1)	no	(1-9,2-7,3-8,4-5)(1-4,2-9,3-5,6-8)(0-8,1-7,2-6,3-9)(4-7,5-6,8-9)	-
3137	9252	10	(15,4,5)	-	5	(28,88,10,0,0)	(160,50,0,0)	(111,9,0)	(44,1)	(691,157,70,29,26,15,8,2,7,5,0)	no	(0-9,2-8,3-6,5-7)(2-3,4-9,5-8,6-7)(1-7,3-8,4-6,5-9)(1-2,4-8,7-9)	-
3138	9252	10	(15,4,6)	-	5	(28,88,10,0,0)	(160,50,0,0)	(111,9,0)	(44,1)	(695,145,81,25,29,15,6,4,5,3,2)	no	(1-3,2-9,5-7,6-8)(1-2,4-8,5-9,6-7)(2-6,3-5,4-9,7-8)(0-8,3-4,7-9)	-
3139	9272	10	(15,4,3)	-	5	(28,90,7,1,0)	(160,50,0,0)	(111,9,0)	(44,1)	(688,156,79,25,27,11,10,4,6,2,1)	no	(0-9,2-8,4-7,5-6)(1-2,3-9,4-8,5-7)(1-7,2-3,4-9,6-8)(3-6,5-8,7-9)	-
3140	4736	10	(15,4,5)	-	5	(28,90,7,1,0)	(160,50,0,0)	(111,9,0)	(44,1)	(689,152,85,22,25,13,11,2,8,2,0)	no	(2-8,3-6,4-9,5-7)(1-2,3-9,5-8,6-7)(0-9,2-3,4-5,7-8)(1-7,4-6,8-9)	-
3141	6682	10	(15,4,6)	-	5	(28,90,8,0,0)	(168,42,0,0)	(116,4,0)	(45,0)	(665,181,85,26,11,14,10,6,9,4,0)	no	(0-8,2-5,4-9,6-7)(3-7,4-8,6-9)(0-6,1-8,4-5,7-9)(1-7,2-6,3-5,8-9)	-
3142	1766	10	(15,4,1)	-	5	(28,90,8,0,0)	(168,42,0,0)	(116,4,0)	(45,0)	(680,159,78,40,19,0,20,2,12,1,0)	no	(0-6,1-9,4-7,5-8)(1-6,2-7,4-5,8-9)(0-8,3-7,4-6,5-9)(2-8,3-9,6-7)	-
3143	2588	10	(15,4,10)	-	5	(30,81,15,0,0)	(160,50,0,0)	(115,5,0)	(45,0)	(670,203,50,20,15,20,10,10,10,5,0)	no	(0-5,1-7,2-8,6-9)(1-9,3-6,4-5,7-8)(2-9,5-7,6-8)(0-6,3-7,4-8,5-9)	-
3144	660	10	(15,4,1)	-	5	(32,72,22,0,0)	(160,46,4,0)	(112,8,0)	(44,1)	(746,93,68,46,7,12,24,5,6,0,0)	no	(0-1,2-8,3-6,4-5,7-9)(1-3,2-9,4-8,5-6)(1-2,3-7,4-9,6-8)(5-7,8-9)	-
3145	1384	10	(15,4,6)	-	5	(32,74,19,1,0)	(158,49,3,0)	(112,8,0)	(44,1)	(738,115,46,50,25,1,22,4,0,0,6)	no	(1-9,2-5,3-8,4-7)(1-8,2-9,3-6,5-7)(1-2,3-9,4-8,5-6)(0-8,4-9,6-7)	-
3146	2800	10	(15,4,5)	-	5	(32,74,20,0,0)	(154,55,1,0)	(111,9,0)	(44,1)	(721,120,80,26,21,10,15,4,6,3,0)	no	(1-9,2-6,3-5,4-8)(1-5,2-9,3-6,7-8)(0-8,1-7,3-9,4-6)(2-7,4-5,8-9)	-
3147	652	10	(15,4,1)	-	5	(32,76,15,3,0)	(152,54,4,0)	(109,11,0)	(44,1)	(717,132,66,18,48,8,1,3,3,12,3)	no	(1-6,3-9,4-5,7-8)(4-6,5-7,8-9)(0-4,2-6,5-8,7-9)(1-7,2-8,3-6,5-9)	-
3148	1364	10	(15,4,3)	-	5	(32,76,17,1,0)	(152,56,2,0)	(109,11,0)	(44,1)	(693,138,109,15,19,2,19,0,10,2,5)	no	(0-6,2-7,4-5,8-9)(1-4,3-9,5-7,6-8)(1-7,5-8,6-9)(2-8,3-7,4-6,5-9)	-
3149	2700	10	(15,4,2)	-	5	(32,76,17,1,0)	(152,56,2,0)	(109,11,0)	(44,1)	(696,137,102,21,15,10,11,5,9,0,5)	no	(0-6,1-5,2-4,3-9,7-8)(1-9,2-3,5-8,6-7)(3-7,4-9,6-8)(4-8,5-7,6-9)	-
3150	2864	10	(15,4,1)	-	5	(32,78,16,0,0)	(158,51,1,0)	(111,9,0)	(44,1)	(712,128,75,32,16,17,16,6,7,0,1)	no	(2-8,3-6,4-9,5-7)(1-2,3-8,4-7,6-9)(2-9,3-7,5-8)(0-9,1-7,4-5,6-8)	-
3151	2828	10	(15,4,1)	-	5	(32,80,13,1,0)	(160,48,2,0)	(111,9,0)	(44,1)	(708,145,59,34,22,14,15,2,2,6,3)	no	(2-8,3-7,4-9,5-6)(1-2,3-9,4-7,5-8)(1-7,2-9,3-5,6-8)(0-9,4-6,7-8)	-
3152	1978	10	(15,4,3)	-	5	(32,80,13,1,0)	(164,44,2,0)	(115,5,0)	(45,0)	(698,140,83,25,16,12,18,8,10,2,0)	no	(0-6,4-9,7-8)(0-2,1-8,3-4,5-7,6-9)(1-6,5-8,7-9)(2-7,3-6,4-5,8-9)	-
3153	2828	10	(15,4,2)	-	5	(32,80,14,0,0)	(160,48,2,0)	(110,10,0)	(44,1)	(689,159,76,29,20,3,12,11,11,2,0)	no	(0-6,2-5,3-8,7-9)(1-2,3-6,4-7,8-9)(1-8,3-4,5-9,6-7)(4-9,5-7,6-8)	-
3154	4632	10	(15,4,1)	-	5	(32,80,14,0,0)	(160,50,0,0)	(112,8,0)	(44,1)	(716,130,65,36,30,2,14,6,3,3,1)	no	(1-9,2-8,3-4,5-6)(1-7,2-9,3-5,6-8)(0-8,1-6,3-9,4-7)(2-7,4-5,8-9)	-
3155	2864	10	(15,4,1)	-	5	(32,80,14,0,0)	(164,44,2,0)	(112,8,0)	(44,1)	(718,125,60,44,23,16,17,1,1,2,4)	no	(1-8,2-9,3-7,4-5)(1-2,3-8,4-9,6-7)(0-1,2-6,3-9,5-8)(4-6,5-9,7-8)	-
3156	2860	10	(15,4,3)	-	5	(32,80,14,0,0)	(164,44,2,0)	(112,8,0)	(44,1)	(724,115,70,38,19,16,17,3,3,2,4)	no	(0-1,2-9,3-5,4-8,6-7)(1-2,3-6,4-9,5-8)(1-3,2-7,5-9,6-8)(4-7,8-9)	-
3157	1396	10	(15,4,2)	-	5	(32,82,10,2,0)	(158,51,1,0)	(111,9,0)	(44,1)	(706,128,104,10,29,4,6,2,11,9,2)	no	(2-5,3-8,4-6,7-9)(1-3,4-7,5-8,6-9)(2-6,3-9,4-5,7-8)(0-7,1-2,8-9)	-
3158	2796	10	(15,4,2)	-	5	(32,82,11,1,0)	(158,51,1,0)	(110,10,0)	(44,1)	(685,160,82,24,24,8,11,8,4,0,4)	no	(0-6,3-8,4-7,5-9)(1-8,3-6,4-9,5-7)(1-4,2-8,3-9,6-7)(2-5,6-8,7-9)	-
3159	1428	10	(15,4,2)	-	5	(32,82,11,1,0)	(162,47,1,0)	(112,8,0)	(44,1)	(715,126,78,26,31,10,8,2,5,5,0)	no	(1-9,2-7,3-4,5-8)(1-8,2-9,3-5,4-6)(1-2,3-9,5-7,6-8)(0-8,4-9,6-7)	-
3160	9252	10	(15,4,6)	-	5	(32,82,12,0,0)	(160,50,0,0)	(111,9,0)	(44,1)	(688,153,88,23,19,15,8,7,3,3,4)	no	(2-8,3-4,5-7,6-9)(1-2,3-8,4-7,5-9)(1-7,2-3,4-9,6-8)(0-9,5-6,7-8)	-
3161	9252	10	(15,4,1)	-	5	(32,82,12,0,0)	(160,50,0,0)	(111,9,0)	(44,1)	(691,151,80,29,23,11,10,5,5,3,2)	no	(1-2,3-9,5-7,6-8)(2-3,4-9,5-8,6-7)(1-7,2-8,3-4,5-9)(0-8,4-6,7-9)	-
3162	2860	10	(15,4,2)	-	5	(32,82,12,0,0)	(162,47,1,0)	(111,9,0)	(44,1)	(698,134,96,22,28,7,9,2,9,4,2)	no	(2-6,3-8,4-7,5-9)(1-3,2-9,4-8,6-7)(0-9,1-2,3-5,7-8)(4-5,6-8,7-9)	-
3163	4636	10	(15,4,1)	-	5	(32,84,9,1,0)	(160,50,0,0)	(111,9,0)	(44,1)	(692,152,75,27,35,3,8,7,7,4,1)	no	(0-9,2-3,4-8,6-7)(2-8,3-6,4-9,5-7)(1-2,3-4,5-8,7-9)(1-7,5-6,8-9)	-
3164	6568	10	(15,4,3)	-	5	(32,84,10,0,0)	(168,42,0,0)	(116,4,0)	(45,0)	(669,172,94,19,16,5,15,14,3,4,0)	no	(0-9,1-6,4-5,7-8)(1-8,3-6,4-9,5-7)(2-7,3-4,5-8,6-9)(0-8,2-6,7-9)	-
3165	2344	10	(15,4,1)	-	5	(32,86,8,0,0)	(172,38,0,0)	(117,3,0)	(45,0)	(688,147,87,25,30,6,9,6,7,3,3)	no	(0-7,1-8,2-6,3-4,5-9)(0-6,3-8,4-9,5-7)(1-6,2-9,3-7,5-8)(4-7,8-9)	-
3166	1629	10	(15,4,1)	-	5	(36,74,16,0,0)	(164,46,0,0)	(116,4,0)	(45,0)	(677,183,48,56,8,0,20,8,0,8,4)	no	(1-5,3-9,4-7,6-8)(0-6,3-8,4-9,5-7)(0-9,1-6,2-4,3-5,7-8)(2-8,7-9)	-
3167	2184	10	(15,4,1)	-	5	(36,78,12,0,0)	(168,42,0,0)	(116,4,0)	(45,0)	(655,204,81,11,17,6,18,9,0,12,0)	no	(1-6,3-7,4-9,5-8)(2-5,3-8,4-7,6-9)(0-8,2-9,3-4,5-7)(0-9,1-8,6-7)	-
3168	1691	10	(15,4,2)	-	5	(36,78,12,0,0)	(168,42,0,0)	(116,4,0)	(45,0)	(665,179,92,28,4,8,16,0,16,1,4)	no	(0-9,2-8,3-6,4-5)(1-6,2-9,3-8,5-7)(1-5,2-7,3-9,4-8)(0-7,4-9,6-8)	-
3169	2344	10	(15,4,2)	-	5	(36,78,12,0,0)	(168,42,0,0)	(116,4,0)	(45,0)	(666,199,60,24,15,9,12,19,6,3,0)	no	(0-6,3-7,4-5,8-9)(1-8,2-9,3-5,4-7)(0-5,1-6,4-9,7-8)(2-6,3-8,7-9)	-
3170	7852	10	(15,4,4)	-	5	(36,80,9,1,0)	(170,39,1,0)	(116,4,0)	(45,0)	(683,171,60,34,18,12,17,3,11,2,0)	no	(0-9,1-6,2-8,3-7,4-5)(0-5,1-9,3-8,4-7)(2-7,3-9,4-6,5-8)(6-8,7-9)	-
3171	1213	10	(15,4,2)	-	5	(36,80,9,1,0)	(172,36,2,0)	(116,4,0)	(45,0)	(693,161,40,58,28,0,16,0,12,0,0)	no	(0-6,3-5,4-7,8-9)(1-9,2-4,3-8,5-7)(2-5,3-9,4-6,7-8)(0-8,1-6,7-9)	-
3172	6822	10	(15,4,2)	-	5	(36,80,10,0,0)	(172,38,0,0)	(117,3,0)	(45,0)	(676,187,48,34,28,12,3,10,6,8,0)	no	(0-6,1-8,3-9,5-7)(2-9,3-5,4-8,6-7)(0-9,2-7,3-4,5-8)(1-9,4-6,7-8)	-
3173	4720	10	(15,4,2)	-	5	(36,84,6,0,0)	(176,34,0,0)	(117,3,0)	(45,0)	(665,198,58,24,24,8,12,15,6,3,0)	no	(0-7,1-6,3-4,8-9)(0-6,3-7,4-8,5-9)(2-9,3-5,7-8)(1-8,2-6,4-5,7-9)	-
3174	48	10	(15,3,1)	-	5	(36,90,0,0,0)	(180,30,0,0)	(120,0,0)	(45,0)	(737,211,0,0,30,0,0,0,0,0,0)	yes	(0-1,2-6,3-7,4-9,5-8)(0-2,1-8,3-9,4-6,5-7)(0-3,1-9,2-8,4-7,5-6)	-
3175	72	10	(15,4,1)	-	5	(36,90,0,0,0)	(180,30,0,0)	(120,0,0)	(45,0)	(737,211,0,0,30,0,0,0,0,0,0)	no	(0-1,2-6,3-7,4-8,5-9)(0-2,1-4,3-8,5-7)(0-3,1-5,2-9,4-6)(6-7,8-9)	-
3176	25780	10	(15,4,15)	-	5	(38,77,11,0,0)	(172,38,0,0)	(117,3,0)	(45,0)	(677,178,59,37,21,11,7,7,9,5,1)	no	(0-8,1-6,2-5,3-7,4-9)(2-8,3-9,4-6,5-7)(1-7,2-4,3-8,6-9)(0-9,5-8)	-
3177	25796	10	(15,4,27)	-	5	(38,77,11,0,0)	(172,38,0,0)	(117,3,0)	(45,0)	(678,173,66,35,21,8,8,9,10,3,0)	no	(0-7,1-8,2-3,4-6,5-9)(2-7,3-8,4-5,6-9)(0-9,1-7,2-4,3-6,5-8)(8-9)	-
3178	13134	10	(15,4,1)	-	5	(38,81,7,0,0)	(176,34,0,0)	(117,3,0)	(45,0)	(660,198,64,32,16,10,11,13,4,3,0)	no	(1-5,2-9,3-7,4-8)(0-8,2-6,3-9,4-7)(0-9,3-5,4-6,7-8)(1-8,5-6,7-9)	-
3179	26108	10	(15,4,6)	-	5	(38,81,7,0,0)	(176,34,0,0)	(117,3,0)	(45,0)	(661,193,69,34,12,12,10,9,9,2,2)	no	(2-8,3-9,4-7,5-6)(0-7,1-6,2-9,3-5,4-8)(0-9,2-7,3-4,5-8)(1-9,6-8)	-
3180	940	10	(15,4,1)	-	5	(40,68,15,3,0)	(164,42,4,0)	(115,5,0)	(45,0)	(722,122,54,44,36,0,1,15,12,6,0)	no	(0-9,2-6,3-5,7-8)(0-1,2-5,6-7,8-9)(4-5,6-8,7-9)(1-5,3-7,4-8,6-9)	-
3181	3338	10	(15,4,6)	-	5	(40,72,14,0,0)	(168,42,0,0)	(116,4,0)	(45,0)	(665,189,80,14,22,8,10,4,20,1,0)	no	(2-8,3-7,4-6,5-9)(0-6,1-7,2-9,3-5,4-8)(0-9,1-5,2-6,3-4,7-8)(8-9)	-
3182	835	10	(15,4,1)	-	5	(40,72,14,0,0)	(168,42,0,0)	(116,4,0)	(45,0)	(697,151,52,56,8,0,24,24,0,1,0)	no	(0-6,3-5,4-9,7-8)(0-8,1-7,2-4,3-6,5-9)(1-6,5-8,7-9)(2-6,4-7,8-9)	-
3183	7764	10	(15,4,5)	-	5	(40,74,11,1,0)	(172,36,2,0)	(116,4,0)	(45,0)	(671,182,69,32,16,10,12,5,9,4,2)	no	(0-6,2-5,4-9,7-8)(1-8,3-4,5-7,6-9)(2-3,4-6,5-8,7-9)(0-7,1-6,8-9)	-
3184	13064	10	(15,4,11)	-	5	(40,74,12,0,0)	(172,38,0,0)	(117,3,0)	(45,0)	(668,193,59,33,15,13,11,4,8,8,0)	no	(0-6,1-9,2-4,3-5,7-8)(1-3,2-9,4-6,5-8)(0-5,1-7,3-9,6-8)(2-7,4-9)	-
3185	6788	10	(15,4,5)	-	5	(40,74,12,0,0)	(172,38,0,0)	(117,3,0)	(45,0)	(672,189,52,39,17,13,10,4,10,6,0)	no	(0-9,3-7,4-6,5-8)(2-5,3-9,4-8,6-7)(0-6,1-9,2-4,3-5,7-8)(1-8,7-9)	-
3186	13228	10	(15,4,14)	-	5	(40,74,12,0,0)	(172,38,0,0)	(117,3,0)	(45,0)	(675,179,61,42,13,14,3,9,9,7,0)	no	(0-9,3-7,4-6,5-8)(1-9,3-5,4-7,6-8)(0-5,1-6,2-8,3-4,7-9)(2-7,8-9)	-
3187	4030	10	(15,4,5)	-	5	(40,76,9,1,0)	(174,35,1,0)	(117,3,0)	(45,0)	(677,165,97,8,23,8,15,4,9,2,4)	no	(0-9,1-7,2-3,4-8,5-6)(1-9,2-4,5-7,6-8)(0-6,2-9,3-4,7-8)(3-5,8-9)	-
3188	13016	10	(15,4,2)	-	5	(40,76,10,0,0)	(176,34,0,0)	(118,2,0)	(45,0)	(689,169,47,43,19,15,5,9,9,8,0)	no	(0-9,1-7,2-3,4-8,5-6)(0-7,1-6,2-9,3-4,5-8)(2-6,3-9,4-5,7-8)(8-9)	-
3189	13288	10	(15,4,14)	-	5	(40,76,10,0,0)	(176,34,0,0)	(118,2,0)	(45,0)	(691,161,58,37,21,10,12,7,9,5,2)	no	(1-9,2-5,4-6,7-8)(1-7,2-9,3-6,4-5)(0-5,1-8,2-7,3-9)(0-6,3-8,4-9)	-
3190	13032	10	(15,4,4)	-	5	(40,76,10,0,0)	(176,34,0,0)	(118,2,0)	(45,0)	(695,155,57,39,25,6,15,5,7,7,2)	no	(0-9,1-7,2-5,3-8,4-6)(0-7,1-6,2-9,3-5,4-8)(2-6,3-9,5-8)(4-9,7-8)	-
3191	8008	10	(15,4,4)	-	5	(40,76,10,0,0)	(178,31,1,0)	(118,2,0)	(45,0)	(708,138,56,42,21,16,8,6,14,2,2)	no	(0-9,1-4,2-8,3-7,5-6)(0-4,1-9,2-5,3-8,6-7)(1-7,2-9,4-5,6-8)(3-9)	-
3192	13016	10	(15,4,3)	-	5	(40,78,8,0,0)	(176,34,0,0)	(117,3,0)	(45,0)	(653,200,80,29,9,8,8,10,11,5,0)	no	(0-6,2-8,4-7,5-9)(1-7,2-9,3-8,4-6)(0-9,2-5,3-6,4-8)(1-5,3-9,7-8)	-
3193	26016	10	(15,4,3)	-	5	(40,78,8,0,0)	(176,34,0,0)	(117,3,0)	(45,0)	(653,204,73,26,17,9,6,9,11,4,1)	no	(1-6,3-8,4-9,5-7)(1-9,3-4,5-8,6-7)(0-9,2-4,3-6,7-8)(0-8,2-5,7-9)	-
3194	6820	10	(15,4,1)	-	5	(40,78,8,0,0)	(176,34,0,0)	(117,3,0)	(45,0)	(669,174,83,34,12,1,19,8,10,2,0)	no	(0-6,2-4,3-7,8-9)(1-9,2-5,3-8,4-7)(0-8,1-6,3-9,5-7)(4-8,5-9,6-7)	-
3195	3630	10	(15,4,2)	-	5	(40,80,6,0,0)	(180,30,0,0)	(118,2,0)	(45,0)	(669,187,62,30,28,4,10,10,8,4,0)	no	(0-9,1-7,2-4,3-6,5-8)(1-9,2-3,4-7,6-8)(0-6,2-9,3-5,7-8)(4-5,8-9)	-
3196	13516	10	(15,4,2)	-	5	(40,80,6,0,0)	(180,30,0,0)	(118,2,0)	(45,0)	(671,186,59,33,22,15,4,11,3,7,1)	no	(0-9,2-4,3-8,5-6)(1-9,2-3,4-7,5-8)(2-9,3-5,4-6,7-8)(0-7,1-6,8-9)	-
3197	13524	10	(15,4,1)	-	5	(40,80,6,0,0)	(180,30,0,0)	(118,2,0)	(45,0)	(673,176,71,33,19,10,10,5,11,3,1)	no	(0-7,1-6,2-8,3-4,5-9)(0-5,1-7,2-9,3-8,4-6)(2-7,3-5,4-8,6-9)(8-9)	-
3198	13544	10	(15,4,3)	-	5	(40,80,6,0,0)	(180,30,0,0)	(118,2,0)	(45,0)	(686,156,66,45,22,9,4,13,9,0,1)	no	(2-9,3-6,4-5,7-8)(0-5,1-7,2-8,3-9,4-6)(0-7,1-6,2-5,3-8,4-9)(8-9)	-
3199	4210	10	(15,4,1)	-	5	(40,80,6,0,0)	(182,27,1,0)	(118,2,0)	(45,0)	(695,144,70,35,38,0,8,12,6,2,0)	no	(0-8,1-7,2-3,4-5,6-9)(2-7,3-8,4-9,5-6)(0-7,1-9,2-4,3-5,6-8)(8-9)	-
3200	4100	10	(15,5,2)	(4,16,6)	5	(44,70,12,0,0)	(178,31,1,0)	(118,2,0)	(45,0)	(697,146,66,35,30,10,14,0,8,2,2)	no	(0-9,1-7,2-4,3-5,6-8)(0-6,2-9,3-8,4-7)(1-6,2-8,3-9,5-7)(4-9)(5-9)	(1-9,2-3,4-6,7-8)(2-9,3-8,4-7,5-6)(0-9,1-5,2-4,3-7,6-8)(0-8,5-7,6-9)
3201	2466	10	(15,4,1)	-	5	(44,72,9,1,0)	(180,28,2,0)	(118,2,0)	(45,0)	(700,149,46,44,53,0,4,0,6,6,0)	no	(0-8,1-7,2-3,4-6,5-9)(2-7,3-4,5-8,6-9)(0-7,1-9,2-4,3-5,6-8)(8-9)	-
3202	4040	10	(15,4,1)	-	5	(44,74,7,1,0)	(178,31,1,0)	(117,3,0)	(45,0)	(667,185,67,38,15,12,7,10,5,4,0)	no	(0-7,2-6,3-9,4-8)(1-9,2-5,4-7,6-8)(1-8,3-4,5-9,6-7)(0-9,3-5,7-8)	-
3203	13288	10	(15,4,2)	-	5	(44,74,8,0,0)	(180,30,0,0)	(118,2,0)	(45,0)	(674,174,64,43,23,6,6,12,5,3,0)	no	(0-9,2-3,5-8,6-7)(0-7,1-9,2-6,3-5,4-8)(2-9,4-7,6-8)(1-8,3-9,4-5)	-
3204	4164	10	(15,4,1)	-	5	(44,74,8,0,0)	(182,27,1,0)	(118,2,0)	(45,0)	(681,162,76,29,32,0,12,10,6,0,2)	no	(0-7,1-8,2-4,3-5,6-9)(2-7,3-8,4-6,5-9)(1-7,2-3,4-9,5-8)(0-9,6-8)	-
3205	752	10	(15,4,3)	-	5	(48,60,18,0,0)	(174,35,1,0)	(118,2,0)	(45,0)	(721,114,63,37,43,0,24,0,0,8,0)	yes	(0-2,1-9,3-6,4-8,5-7)(1-6,2-9,3-8,4-7)(0-1,2-7,3-9,5-6)(4-9,5-8)	-
3206	4646	10	(15,4,1)	-	5	(48,66,12,0,0)	(180,30,0,0)	(119,1,0)	(45,0)	(714,123,60,48,22,21,9,6,3,0,1)	no	(0-2,1-9,3-5,4-7,6-8)(1-5,2-9,3-6,4-8)(0-1,2-6,3-9,5-7)(4-9,7-8)	-
3207	685	10	(15,3,1)	-	5	(48,72,6,0,0)	(180,30,0,0)	(120,0,0)	(45,0)	(767,123,66,12,10,0,0,0,0,0,6)	no	(0-1,2-7,3-9,4-5,6-8)(0-2,1-4,3-8,5-9,6-7)(0-3,1-5,2-6,4-8,7-9)	-
3208	800	10	(15,3,1)	-	5	(48,72,6,0,0)	(182,27,1,0)	(120,0,0)	(45,0)	(777,112,69,1,18,0,1,0,0,0,0)	no	(0-1,2-3,4-5,6-8,7-9)(0-2,1-6,3-9,4-7,5-8)(0-3,1-7,2-8,4-6,5-9)	-
3209	70	10	(15,4,1)	-	5	(56,32,38,0,0)	(168,32,10,0)	(112,8,0)	(44,1)	(818,18,52,6,80,0,28,6,0,0,0)	yes	(1-8,2-5,3-7,6-9)(1-9,2-6,3-5,4-8)(0-1,2-4,6-8,7-9)(3-4,5-9,7-8)	-
3210	312	10	(15,4,1)	-	5	(56,36,34,0,0)	(168,32,10,0)	(112,7,1)	(44,1)	(781,17,119,6,53,7,5,1,15,0,9)	no	(0-1,2-8,3-7,4-5,6-9)(1-7,2-9,3-8,5-6)(2-7,3-5,4-9,6-8)(4-7,8-9)	-
3211	640	10	(15,4,2)	-	5	(56,40,30,0,0)	(172,28,10,0)	(112,7,1)	(44,1)	(732,105,77,22,30,3,26,12,1,0,3)	no	(0-1,2-7,3-5,4-8,6-9)(2-6,3-7,4-9,5-8)(2-4,3-6,5-9,7-8)(1-7,8-9)	-
3212	344	10	(15,4,2)	-	5	(56,44,26,0,0)	(168,38,4,0)	(112,8,0)	(44,1)	(785,21,112,9,56,0,13,0,0,0,12)	no	(1-9,2-8,4-7,5-6)(1-8,2-4,3-9,5-7)(0-1,2-3,4-9,6-8)(3-6,5-9,7-8)	-
3213	494	10	(15,4,1)	-	5	(56,48,22,0,0)	(180,26,4,0)	(118,2,0)	(45,0)	(765,40,96,11,63,6,13,2,14,0,0)	no	(0-8,2-5,3-4,6-9)(0-1,2-6,3-5,4-8,7-9)(2-4,3-7,5-9,6-8)(1-9,7-8)	-
3214	1888	10	(15,4,1)	-	5	(56,52,18,0,0)	(184,22,4,0)	(118,2,0)	(45,0)	(723,116,66,31,30,10,13,13,7,0,0)	no	(0-1,2-8,3-4,5-7,6-9)(0-7,1-6,2-9,3-5,4-8)(2-3,4-7,5-9,6-8)(8-9)	-
3215	8084	10	(15,4,3)	-	5	(56,56,14,0,0)	(184,24,2,0)	(118,2,0)	(45,0)	(691,144,79,40,16,11,8,10,12,1,0)	no	(0-1,2-8,3-7,4-5,6-9)(2-9,3-8,4-7,5-6)(0-7,1-6,2-5,3-9,4-8)(8-9)	-
3216	8140	10	(15,4,2)	-	5	(56,58,12,0,0)	(186,23,1,0)	(119,1,0)	(45,0)	(703,127,82,26,42,10,5,5,2,7,2)	no	(1-9,2-6,3-5,4-8)(0-1,2-9,3-8,4-6,5-7)(0-5,1-2,3-9,6-7)(4-9,7-8)	-
3217	1129	10	(15,4,1)	-	5<6	(24,84,16,2,0)	(144,64,2,0)	(108,12,0)	(44,1)	(686,166,74,20,24,16,4,12,0,5,6)	no	(2-5,3-7,4-6,8-9)(1-9,2-3,5-8,6-7)(1-4,3-6,5-9,7-8)(0-6,4-8,7-9)	-
3218	1414	10	(15,4,3)	-	5<6	(24,88,12,2,0)	(152,56,2,0)	(110,10,0)	(44,1)	(704,152,68,19,14,24,14,5,4,0,6)	no	(1-5,3-9,4-8,6-7)(1-2,3-6,5-8,7-9)(2-7,4-9,6-8)(0-6,3-4,5-9,7-8)	-
3219	80	10	(15,5,1)	-	5<6	(24,92,8,2,0)	(152,56,2,0)	(112,8,0)	(44,1)	(784,126,36,4,16,12,0,0,0,16,0)	no	(0-9,1-2,3-4,5-6,7-8)(1-9,2-8,3-6,4-7)(1-5,2-9,6-8)(3-9,5-7)(4-9)	-
3220	840	10	(15,4,5)	-	5<6	(28,78,20,0,0)	(158,49,3,0)	(112,8,0)	(44,1)	(771,77,37,51,37,18,5,0,0,12,0)	no	(1-9,2-5,3-6,4-8)(1-8,2-4,3-7,5-9)(0-1,2-3,4-5,6-9,7-8)(6-7,8-9)	-
3221	1246	10	(15,4,5)	-	5<6	(28,82,16,0,0)	(160,48,2,0)	(112,8,0)	(44,1)	(760,81,66,36,30,9,6,8,8,0,0)	no	(1-9,2-6,3-5,4-8)(1-8,2-4,3-7,5-9)(0-1,4-5,6-9,7-8)(2-7,3-6,8-9)	-
3222	2408	10	(15,4,4)	-	5<6	(28,86,12,0,0)	(162,47,1,0)	(112,8,0)	(44,1)	(755,84,71,33,29,15,5,4,0,0,9)	no	(1-9,2-8,3-7,5-6)(1-8,3-9,4-6,5-7)(0-1,2-3,4-8,5-9)(2-4,6-9,7-8)	-
3223	264	10	(15,5,3)	-	5<6	(32,64,30,0,0)	(156,46,8,0)	(112,7,1)	(44,1)	(778,75,55,14,45,1,23,0,0,4,15)	no	(0-1,2-9,4-7,6-8)(2-6,3-9,4-5,7-8)(1-8,2-3,4-9,5-6)(3-7,5-9)(8-9)	-
3224	608	10	(15,5,2)	-	5<6	(32,76,18,0,0)	(152,56,2,0)	(112,8,0)	(44,1)	(788,91,72,16,6,3,2,8,0,0,10)	no	(0-6,1-9,2-5,3-7,4-8)(1-4,2-9,3-8,5-7)(1-6,2-8,3-9)(4-9,6-7)(5-9)	-
3225	8968	10	(15,4,15)	-	5<6	(32,76,18,0,0)	(154,55,1,0)	(110,10,0)	(44,1)	(695,145,90,23,15,17,8,7,2,6,2)	no	(2-4,3-9,5-7,6-8)(1-3,4-8,5-9,6-7)(2-5,3-6,4-9,7-8)(0-6,1-8,7-9)	-
3226	4506	10	(15,4,5)	-	5<6	(32,76,18,0,0)	(154,55,1,0)	(110,10,0)	(44,1)	(695,153,72,31,19,18,6,4,6,2,4)	no	(0-1,2-9,3-8,4-6,5-7)(1-2,3-7,4-8,5-9)(1-3,4-5,6-8,7-9)(2-6,8-9)	-
3227	2336	10	(15,4,4)	-	5<6	(32,76,18,0,0)	(156,52,2,0)	(110,10,0)	(44,1)	(697,150,77,20,20,25,7,5,3,4,3)	no	(1-9,3-6,4-5,7-8)(0-3,1-2,4-9,5-8,6-7)(2-5,6-8,7-9)(3-8,4-7,6-9)	-
3228	630	10	(15,4,2)	-	5<6	(32,76,18,0,0)	(160,48,2,0)	(112,8,0)	(44,1)	(734,91,96,16,24,19,28,0,2,0,0)	no	(0-1,2-9,3-5,4-7,6-8)(1-3,2-6,4-9,7-8)(1-2,3-7,4-8,5-9)(5-8,6-9)	-
3229	4644	10	(15,4,3)	-	5<6	(32,78,16,0,0)	(156,54,0,0)	(111,9,0)	(44,1)	(698,153,77,22,26,4,6,8,6,4,7)	no	(2-6,3-8,4-7,5-9)(2-9,3-7,4-6,5-8)(0-9,1-2,4-5,7-8)(1-3,6-7,8-9)	-
3230	9100	10	(15,4,5)	-	5<6	(32,78,16,0,0)	(158,51,1,0)	(111,9,0)	(44,1)	(702,148,69,23,27,16,12,5,3,1,4)	no	(2-5,3-8,4-7,6-9)(1-3,2-9,4-8,6-7)(1-2,3-6,5-9,7-8)(0-8,4-5,7-9)	-
3231	4592	10	(15,4,2)	-	5<6	(32,80,14,0,0)	(156,54,0,0)	(110,10,0)	(44,1)	(682,166,79,22,23,16,7,0,11,4,2)	no	(0-6,1-5,2-4,3-7,8-9)(1-8,3-6,7-9)(2-3,4-8,5-9,6-7)(4-9,5-7,6-8)	-
3232	2380	10	(15,4,1)	-	5<6	(32,80,14,0,0)	(160,50,0,0)	(112,8,0)	(44,1)	(712,126,88,18,33,6,12,2,4,3,2)	no	(1-9,2-3,4-5,7-8)(1-7,2-9,3-6,5-8)(1-8,2-5,3-9,4-6)(0-8,4-9,6-7)	-
3233	4540	10	(15,4,2)	-	5<6	(32,82,11,1,0)	(158,51,1,0)	(110,10,0)	(44,1)	(682,164,82,21,29,1,11,9,11,1,1)	no	(0-6,2-5,3-7,8-9)(1-2,3-6,4-8,7-9)(1-8,3-4,5-9,6-7)(4-9,5-7,6-8)	-
3234	9252	10	(15,4,4)	-	5<6	(32,82,12,0,0)	(160,50,0,0)	(111,9,0)	(44,1)	(687,162,80,15,24,17,13,3,4,2,3)	no	(1-7,2-3,5-9,6-8)(2-8,3-5,4-9,6-7)(0-9,1-2,4-5,7-8)(3-8,4-6,7-9)	-
3235	2292	10	(15,4,5)	-	5<6	(36,70,18,2,0)	(154,53,3,0)	(110,10,0)	(44,1)	(711,133,69,33,24,20,8,4,0,2,6)	no	(0-6,2-9,3-4,7-8)(1-4,3-5,6-7,8-9)(4-5,6-8,7-9)(1-8,2-5,3-7,6-9)	-
3236	4580	10	(15,4,9)	-	5<6	(36,72,18,0,0)	(158,51,1,0)	(111,9,0)	(44,1)	(706,136,87,32,15,3,8,2,7,8,5)	no	(0-9,2-4,3-7,6-8)(2-9,4-8,5-7)(1-8,2-3,5-6,7-9)(1-7,3-5,4-6,8-9)	-
3237	4580	10	(15,4,7)	-	5<6	(36,72,18,0,0)	(160,48,2,0)	(111,9,0)	(44,1)	(708,137,68,38,18,14,12,6,4,4,0)	no	(0-4,1-2,3-9,5-7,6-8)(2-6,3-7,4-9,5-8)(1-3,2-8,5-9,6-7)(4-8,7-9)	-
3238	8968	10	(15,4,7)	-	5<6	(36,74,16,0,0)	(158,51,1,0)	(110,10,0)	(44,1)	(686,154,89,23,25,11,4,5,7,6,1)	no	(0-3,4-7,5-9,6-8)(1-8,2-5,4-9,6-7)(1-9,2-4,3-6,7-8)(3-8,5-6,7-9)	-
3239	4676	10	(15,4,2)	-	5<6	(36,74,16,0,0)	(162,47,1,0)	(112,8,0)	(44,1)	(712,129,88,25,21,2,14,4,4,2,6)	no	(1-3,2-8,4-6,5-9)(0-1,2-9,3-6,4-8,5-7)(1-2,4-5,6-8,7-9)(3-7,8-9)	-
3240	2432	10	(15,4,6)	-	5<6	(36,74,16,0,0)	(164,44,2,0)	(112,8,0)	(44,1)	(710,141,64,26,20,29,10,0,8,0,2)	no	(1-2,3-5,4-9,6-8)(1-3,2-4,6-9,7-8)(0-1,2-6,5-8,7-9)(3-7,4-5,8-9)	-
3241	9128	10	(15,4,4)	-	5<6	(36,76,14,0,0)	(162,47,1,0)	(111,9,0)	(44,1)	(692,151,81,28,21,12,9,6,5,3,3)	no	(0-6,1-2,3-9,4-8,5-7)(1-7,2-4,3-8,5-9)(2-3,4-5,6-8,7-9)(6-7,8-9)	-
3242	9096	10	(15,4,3)	-	5<6	(36,76,14,0,0)	(162,47,1,0)	(111,9,0)	(44,1)	(694,148,82,29,17,16,8,5,6,3,3)	no	(2-6,3-9,4-8,5-7)(0-5,2-8,3-7,4-9)(1-2,4-5,6-8,7-9)(1-3,6-7,8-9)	-
3243	9096	10	(15,4,7)	-	5<6	(36,76,14,0,0)	(162,47,1,0)	(111,9,0)	(44,1)	(696,152,68,34,20,16,10,4,6,1,3)	no	(0-5,2-9,3-8,4-7)(2-6,3-7,4-9,5-8)(1-2,4-6,5-9,7-8)(1-3,6-7,8-9)	-
3244	9100	10	(15,4,1)	-	5<6	(36,76,14,0,0)	(162,47,1,0)	(111,9,0)	(44,1)	(698,146,77,24,25,18,8,6,1,6,2)	no	(2-6,3-8,4-7,5-9)(1-3,2-9,4-8,5-7)(0-4,1-2,3-5,6-9,7-8)(6-8,7-9)	-
3245	4760	10	(15,4,1)	-	5<6	(36,78,12,0,0)	(164,46,0,0)	(112,8,0)	(44,1)	(700,147,72,39,18,2,13,4,4,6,7)	no	(1-9,2-3,4-5,6-8)(1-5,2-9,4-6,7-8)(0-8,1-4,2-6,3-9,5-7)(3-7,8-9)	-
3246	9252	10	(15,4,2)	-	5<6	(36,78,12,0,0)	(166,43,1,0)	(112,8,0)	(44,1)	(701,143,78,26,17,21,12,5,2,1,4)	no	(1-8,2-6,3-4,5-9)(1-2,3-9,5-8,6-7)(0-1,2-3,4-9,5-6,7-8)(4-7,8-9)	-
3247	9252	10	(15,4,1)	-	5<6	(36,80,10,0,0)	(164,46,0,0)	(111,9,0)	(44,1)	(680,163,85,24,22,12,7,6,9,4,0)	no	(0-9,2-3,4-8,6-7)(2-8,3-6,4-9,5-7)(1-2,3-8,4-5,7-9)(1-7,5-6,8-9)	-
3248	132	10	(15,4,1)	-	5<6	(40,50,35,0,1)	(150,45,15,0)	(104,15,1)	(43,2)	(767,84,53,60,0,0,34,0,0,0,0)	no	(2-5,3-4,6-7,8-9)(0-2,1-9,3-8,4-7,5-6)(4-8,5-7,6-9)(3-6,5-8,7-9)	-
3249	254	10	(15,4,1)	-	5<6	(40,52,34,0,0)	(148,54,8,0)	(104,16,0)	(43,2)	(761,78,50,41,54,0,17,6,1,0,0)	no	(0-5,1-4,2-8,3-6,7-9)(2-6,3-9,4-7,5-8)(2-7,5-9,6-8)(3-7,4-6,8-9)	-
3250	117	10	(15,4,1)	-	5<6	(40,52,34,0,0)	(152,48,10,0)	(104,16,0)	(43,2)	(753,100,30,51,56,0,9,6,3,0,0)	no	(0-4,1-5,2-6,3-8,7-9)(2-7,4-6,8-9)(3-9,5-8,6-7)(2-3,4-7,5-9,6-8)	-
3251	76	10	(15,5,3)	-	5<6	(40,56,24,6,0)	(140,60,9,1)	(104,16,0)	(43,2)	(839,15,86,27,3,1,0,6,28,0,1)	no	(1-7,2-8,3-5,6-9)(0-6,2-3,4-8,7-9)(3-9,4-5,6-8)(2-4,5-9,7-8)(8-9)	-
3252	832	10	(15,4,2)	-	5<6	(40,56,30,0,0)	(146,59,5,0)	(104,16,0)	(43,2)	(749,75,88,28,37,2,25,0,0,5,0)	no	(1-5,2-9,4-6,7-8)(2-6,3-7,4-8,5-9)(0-4,2-7,3-8,6-9)(3-6,5-7,8-9)	-
3253	988	10	(15,4,4)	-	5<6	(40,58,27,1,0)	(146,59,5,0)	(104,16,0)	(43,2)	(744,78,103,23,25,6,19,2,8,0,0)	no	(2-6,3-4,5-9,7-8)(1-5,2-8,4-6,7-9)(0-9,3-7,6-8)(2-3,4-7,5-8,6-9)	-
3254	952	10	(15,4,2)	-	5<6	(40,58,27,1,0)	(146,59,5,0)	(104,16,0)	(43,2)	(748,78,98,28,24,0,20,2,3,0,6)	no	(2-3,4-9,5-6,7-8)(0-5,1-4,2-8,3-7,6-9)(2-6,4-8,7-9)(3-6,5-7,8-9)	-
3255	494	10	(15,4,2)	-	5<6	(40,60,24,2,0)	(144,62,4,0)	(104,16,0)	(43,2)	(749,68,113,12,37,10,6,0,6,4,1)	no	(1-5,2-6,4-8,7-9)(2-8,3-7,4-6,5-9)(0-9,3-8,6-7)(2-3,4-7,5-8,6-9)	-
3256	840	10	(15,4,2)	-	5<6	(40,60,26,0,0)	(146,61,3,0)	(104,16,0)	(43,2)	(735,85,104,16,41,2,17,4,2,2,0)	no	(0-4,1-5,2-6,3-7,8-9)(2-8,4-6,7-9)(3-9,5-8,6-7)(2-3,4-7,5-9,6-8)	-
3257	744	10	(15,4,5)	-	5<6	(40,64,20,2,0)	(156,50,4,0)	(110,10,0)	(44,1)	(730,108,80,14,34,18,18,0,2,0,4)	no	(0-6,1-7,2-4,3-8,5-9)(0-7,1-6,2-3,4-9,5-8)(2-5,3-4,6-8,7-9)(8-9)	-
3258	1414	10	(15,4,4)	-	5<6	(40,64,21,1,0)	(156,50,4,0)	(109,11,0)	(44,1)	(716,114,80,49,15,2,13,6,17,0,0)	no	(0-6,1-2,4-8,7-9)(1-6,3-7,4-5,8-9)(2-9,3-4,5-8,6-7)(3-9,5-7,6-8)	-
3259	1384	10	(15,4,2)	-	5<6	(40,64,22,0,0)	(160,46,4,0)	(110,10,0)	(44,1)	(712,125,86,21,26,15,11,3,2,8,2)	no	(0-6,2-5,3-9,7-8)(1-9,3-5,4-8,6-7)(1-2,3-4,6-8,7-9)(4-7,5-8,6-9)	-
3260	2828	10	(15,4,4)	-	5<6	(40,66,19,1,0)	(158,49,3,0)	(110,10,0)	(44,1)	(718,123,77,21,33,10,13,0,12,2,2)	no	(2-8,3-9,4-5,6-7)(1-2,3-7,5-9,6-8)(0-2,1-3,4-8,7-9)(4-6,5-7,8-9)	-
3261	322	10	(15,4,3)	-	5<6	(40,68,12,6,0)	(164,42,3,1)	(116,4,0)	(45,0)	(745,107,41,4,84,12,0,0,8,12,1)	no	(0-8,2-4,3-6,5-9)(0-1,2-3,4-7,5-8,6-9)(2-5,3-4,6-8,7-9)(1-9,7-8)	-
3262	744	10	(15,4,5)	-	5<6	(40,68,16,2,0)	(164,42,4,0)	(112,8,0)	(44,1)	(735,91,105,5,24,30,10,0,10,0,0)	no	(1-8,3-9,4-5,6-7)(0-1,2-9,3-8,4-6,5-7)(1-2,4-9,6-8)(2-3,5-9,7-8)	-
3263	845	10	(15,5,1)	(4,16,1)	5<6	(40,68,16,2,0)	(164,44,2,0)	(116,4,0)	(45,0)	(708,121,96,4,45,8,14,4,8,1,0)	no	(0-9,3-7,4-5,6-8)(0-2,1-6,3-9,4-7,5-8)(1-7,2-8,4-9)(3-8,5-9)(6-9)	(0-5,1-3,2-6,4-8,7-9)(1-4,2-7,5-6,8-9)(0-2,3-9,5-8,6-7)(3-7,4-9,6-8)
3264	2768	10	(15,4,2)	-	5<6	(40,68,17,1,0)	(160,48,2,0)	(111,9,0)	(44,1)	(713,125,94,27,16,4,7,1,8,10,5)	no	(2-6,3-7,4-5,8-9)(1-3,2-9,4-7,5-8)(0-9,1-2,4-6,7-8)(3-8,5-6,7-9)	-
3265	2366	10	(15,4,2)	-	5<6	(40,68,18,0,0)	(164,44,2,0)	(112,8,0)	(44,1)	(723,110,82,24,29,22,10,0,8,0,2)	no	(1-8,2-9,4-7,5-6)(0-1,2-3,4-8,5-9,6-7)(1-2,3-6,4-9,5-8)(3-9,7-8)	-
3266	1408	10	(15,4,2)	-	5<6	(40,70,14,2,0)	(162,45,3,0)	(111,9,0)	(44,1)	(716,121,82,32,23,12,7,0,12,0,1)	no	(0-8,2-9,4-7,5-6)(2-8,3-7,4-6,5-9)(1-2,3-5,6-9,7-8)(1-7,3-4,8-9)	-
3267	2816	10	(15,4,2)	-	5<6	(40,70,15,1,0)	(162,45,3,0)	(110,10,0)	(44,1)	(690,152,89,25,17,5,11,4,17,2,0)	no	(0-6,2-5,3-9,7-8)(1-9,3-4,5-8,6-7)(1-2,3-7,4-9,6-8)(4-8,5-7,6-9)	-
3268	2828	10	(15,4,1)	-	5<6	(40,70,15,1,0)	(166,41,3,0)	(112,8,0)	(44,1)	(717,125,80,24,19,21,10,4,8,0,2)	no	(1-8,2-5,3-9,4-7)(1-2,3-8,4-9,5-6)(0-1,2-9,3-6,4-8,5-7)(6-7,8-9)	-
3269	9128	10	(15,4,13)	-	5<6	(40,70,16,0,0)	(162,47,1,0)	(111,9,0)	(44,1)	(696,140,88,32,18,11,8,5,8,3,1)	no	(2-6,3-5,4-8,7-9)(1-3,2-9,5-8,6-7)(0-9,1-2,4-6,7-8)(3-4,5-7,8-9)	-
3270	9096	10	(15,4,7)	-	5<6	(40,70,16,0,0)	(162,47,1,0)	(111,9,0)	(44,1)	(698,138,88,32,15,12,12,5,4,5,1)	no	(0-5,1-2,3-8,4-6,7-9)(1-7,2-3,5-8,6-9)(2-4,5-9,7-8)(3-4,6-7,8-9)	-
3271	4568	10	(15,4,6)	-	5<6	(40,70,16,0,0)	(162,47,1,0)	(111,9,0)	(44,1)	(699,130,99,26,22,11,7,2,10,0,5)	no	(0-9,1-2,3-8,4-7)(2-9,3-6,4-8,5-7)(1-3,2-5,6-8,7-9)(4-5,6-7,8-9)	-
3272	9100	10	(15,4,2)	-	5<6	(40,70,16,0,0)	(162,47,1,0)	(111,9,0)	(44,1)	(700,130,98,29,15,8,14,5,7,4,1)	no	(1-3,2-6,4-7,8-9)(2-8,3-9,4-6,5-7)(0-9,1-2,4-5,7-8)(3-5,6-8,7-9)	-
3273	2844	10	(15,4,1)	-	5<6	(40,72,13,1,0)	(164,44,2,0)	(111,9,0)	(44,1)	(693,140,100,26,16,11,7,2,6,6,4)	no	(2-9,3-7,4-6,5-8)(0-2,1-8,3-9,4-7,5-6)(1-7,2-8,3-5,4-9)(6-8,7-9)	-
3274	2828	10	(15,4,1)	-	5<6	(40,72,13,1,0)	(164,44,2,0)	(111,9,0)	(44,1)	(704,131,91,29,12,18,7,5,8,2,5)	no	(1-8,2-9,3-4,5-6)(1-2,3-9,5-7,6-8)(0-1,2-5,3-6,4-9,7-8)(4-7,8-9)	-
3275	3928	10	(15,4,6)	-	5<6	(40,72,13,1,0)	(172,36,2,0)	(117,3,0)	(45,0)	(698,163,48,35,17,20,3,14,4,8,3)	no	(2-5,3-7,4-6,8-9)(0-9,1-2,3-6,4-8,5-7)(0-6,1-9,3-4,7-8)(5-8,7-9)	-
3276	4756	10	(15,4,3)	-	5<6	(40,72,14,0,0)	(164,46,0,0)	(112,8,0)	(44,1)	(702,138,87,24,30,0,8,5,8,3,3)	no	(1-9,2-3,4-5,6-8)(1-7,2-9,3-5,4-8)(0-8,1-6,2-7,3-9)(4-6,5-7,8-9)	-
3277	2380	10	(15,4,1)	-	5<6	(40,72,14,0,0)	(164,46,0,0)	(112,8,0)	(44,1)	(708,119,110,12,31,1,8,4,7,7,4)	no	(1-9,2-3,4-6,5-8)(1-6,2-9,4-8,5-7)(0-8,1-7,2-6,3-9,4-5)(3-7,8-9)	-
3278	9252	10	(15,4,6)	-	5<6	(40,72,14,0,0)	(166,43,1,0)	(112,8,0)	(44,1)	(703,138,79,26,27,11,13,4,6,0,1)	no	(1-8,2-5,3-9,4-6)(0-1,2-9,3-8,4-7,5-6)(1-2,3-7,4-9,6-8)(5-7,8-9)	-
3279	6372	10	(15,4,4)	-	5<6	(40,72,14,0,0)	(170,39,1,0)	(116,4,0)	(45,0)	(654,217,48,37,17,6,8,9,12,3,2)	no	(0-9,3-7,4-6,5-8)(0-4,3-8,5-9,6-7)(1-8,2-5,3-4,7-9)(1-6,2-7,8-9)	-
3280	3208	10	(15,5,2)	-	5<6	(40,72,14,0,0)	(174,35,1,0)	(118,2,0)	(45,0)	(708,147,40,40,38,10,7,8,2,9,4)	no	(0-8,2-9,3-4,5-6)(1-6,2-8,3-9,5-7)(0-1,2-7,3-8,4-9)(4-7,5-9)(6-9)	-
3281	2135	10	(15,4,1)	-	5<6	(40,72,14,0,0)	(176,32,2,0)	(118,2,0)	(45,0)	(717,130,58,13,59,2,17,2,8,0,4)	no	(0-9,1-5,3-8,6-7)(1-9,2-6,3-7,4-5)(0-4,1-8,2-9,5-7)(2-8,3-9,4-6)	-
3282	9252	10	(15,4,1)	-	5<6	(40,74,12,0,0)	(164,46,0,0)	(111,9,0)	(44,1)	(682,153,96,30,14,5,10,10,9,3,0)	no	(1-3,2-6,4-7,8-9)(2-9,3-8,4-6,5-7)(0-9,1-2,4-5,7-8)(3-5,6-8,7-9)	-
3283	2860	10	(15,4,1)	-	5<6	(40,74,12,0,0)	(166,43,1,0)	(111,9,0)	(44,1)	(679,166,89,22,16,5,14,8,12,0,1)	no	(2-6,3-8,4-5,7-9)(1-3,2-9,4-8,6-7)(0-9,1-2,5-6,7-8)(3-5,4-7,8-9)	-
3284	1964	10	(15,4,1)	-	5<6	(40,76,8,2,0)	(172,36,2,0)	(116,4,0)	(45,0)	(672,188,53,40,20,8,12,11,0,0,6)	no	(0-9,3-7,4-8,5-6)(1-6,3-9,4-7,5-8)(0-5,1-9,2-3,7-8)(2-4,6-8,7-9)	-
3285	13000	10	(15,4,10)	-	5<6	(40,76,10,0,0)	(176,34,0,0)	(118,2,0)	(45,0)	(687,173,53,29,25,14,4,9,15,3,1)	no	(0-7,2-8,3-9,4-6)(1-7,2-9,4-8,5-6)(0-9,1-6,2-5,3-4,7-8)(3-5,8-9)	-
3286	6636	10	(15,4,3)	-	5<6	(40,76,10,0,0)	(176,34,0,0)	(118,2,0)	(45,0)	(692,158,68,23,28,9,9,9,11,5,1)	no	(0-9,1-7,2-4,3-8,5-6)(0-7,1-6,2-9,3-5,4-8)(2-5,3-9,6-8)(4-9,7-8)	-
3287	2010	10	(15,4,1)	-	5<6	(40,76,10,0,0)	(178,31,1,0)	(118,2,0)	(45,0)	(697,158,49,37,25,24,4,2,12,2,0)	no	(1-9,2-6,3-5,4-8)(0-6,2-9,4-7,5-8)(0-8,1-7,2-4,3-9)(3-6,5-7,8-9)	-
3288	6576	10	(15,4,4)	-	5<6	(40,78,7,1,0)	(176,34,0,0)	(118,2,0)	(45,0)	(689,165,48,46,26,8,14,4,4,4,2)	no	(0-5,1-9,2-8,3-4,6-7)(0-1,2-9,3-8,4-6,5-7)(1-6,2-5,3-9,7-8)(4-9)	-
3289	4028	10	(15,4,2)	-	5<6	(40,78,7,1,0)	(178,31,1,0)	(118,2,0)	(45,0)	(697,159,52,31,33,6,10,11,5,5,4)	no	(0-9,1-7,2-3,4-8,5-6)(0-7,2-9,4-6,5-8)(1-6,2-4,3-9,7-8)(3-5,8-9)	-
3290	13080	10	(15,4,4)	-	5<6	(40,78,8,0,0)	(176,34,0,0)	(117,3,0)	(45,0)	(658,199,71,27,15,11,7,10,10,5,0)	no	(0-9,1-5,2-3,4-6,7-8)(0-6,1-7,2-9,3-5,4-8)(2-7,3-9,4-5,6-8)(8-9)	-
3291	3412	10	(15,4,1)	-	5<6	(40,82,3,1,0)	(180,30,0,0)	(118,2,0)	(45,0)	(668,183,77,20,26,8,6,10,10,4,0)	no	(0-9,1-5,2-7,3-8,4-6)(0-6,2-9,3-7,5-8)(1-7,2-4,3-9,6-8)(4-5,8-9)	-
3292	13612	10	(15,4,2)	-	5<6	(40,82,4,0,0)	(184,26,0,0)	(119,1,0)	(45,0)	(689,169,49,37,20,17,5,15,9,2,1)	no	(0-9,1-2,3-8,4-5,6-7)(0-4,1-9,2-8,3-6,5-7)(1-5,2-9,4-6,7-8)(3-9)	-
3293	12886	10	(15,4,7)	-	5<6	(42,71,13,0,0)	(172,38,0,0)	(117,3,0)	(45,0)	(676,183,56,40,13,12,7,12,7,4,2)	no	(1-5,2-4,3-7,8-9)(0-3,4-8,5-7,6-9)(0-9,1-6,3-4,7-8)(2-6,5-8,7-9)	-
3294	25596	10	(15,4,12)	-	5<6	(42,73,10,1,0)	(174,35,1,0)	(117,3,0)	(45,0)	(678,175,61,39,18,10,8,9,9,4,1)	no	(0-9,2-3,5-7,6-8)(1-7,2-9,3-5,4-8)(0-1,2-6,3-9,4-5,7-8)(4-6,8-9)	-
3295	13022	10	(15,4,9)	-	5<6	(42,73,11,0,0)	(176,34,0,0)	(118,2,0)	(45,0)	(688,165,55,38,30,10,2,12,4,5,2)	no	(0-5,2-9,3-7,4-8)(0-6,1-7,2-3,4-9,5-8)(1-4,2-6,3-8,5-9)(6-8,7-9)	-
3296	13086	10	(15,4,10)	-	5<6	(42,73,11,0,0)	(176,34,0,0)	(118,2,0)	(45,0)	(688,167,49,44,26,12,8,6,3,6,0)	no	(2-9,3-7,4-6,5-8)(0-6,1-5,2-7,3-8,4-9)(0-7,1-4,2-3,5-9,6-8)(8-9)	-
3297	25932	10	(15,4,6)	-	5<6	(42,75,9,0,0)	(176,34,0,0)	(117,3,0)	(45,0)	(654,206,66,29,22,1,9,8,16,2,0)	no	(0-9,1-6,2-5,3-4,7-8)(1-8,3-7,4-6,5-9)(0-4,3-8,5-6,7-9)(2-7,8-9)	-
3298	13046	10	(15,4,4)	-	5<6	(42,75,9,0,0)	(176,34,0,0)	(117,3,0)	(45,0)	(655,206,63,31,22,0,12,10,7,7,0)	no	(0-7,2-5,4-6,8-9)(1-4,3-7,5-9,6-8)(0-6,1-9,3-4,7-8)(2-8,3-5,7-9)	-
3299	13066	10	(15,4,3)	-	5<6	(42,75,9,0,0)	(176,34,0,0)	(117,3,0)	(45,0)	(660,191,75,37,9,7,4,16,11,3,0)	no	(1-5,3-7,4-9,6-8)(2-6,3-8,4-7,5-9)(0-9,1-3,2-4,5-6,7-8)(0-8,7-9)	-
3300	25964	10	(15,4,4)	-	5<6	(42,75,9,0,0)	(176,34,0,0)	(117,3,0)	(45,0)	(661,195,71,27,15,9,10,14,7,3,1)	no	(2-8,3-9,4-6,5-7)(0-7,1-6,2-9,3-4,5-8)(0-9,1-7,2-4,3-5,6-8)(8-9)	-
3301	25956	10	(15,4,5)	-	5<6	(42,75,9,0,0)	(176,34,0,0)	(117,3,0)	(45,0)	(662,197,63,31,18,7,8,15,10,2,0)	no	(1-4,3-7,5-9,6-8)(0-6,3-8,4-9,5-7)(0-5,1-6,2-9,3-4,7-8)(2-8,7-9)	-
3302	4416	10	(15,4,4)	-	5<6	(42,75,9,0,0)	(176,34,0,0)	(117,3,0)	(45,0)	(663,197,51,50,16,0,12,12,9,0,0)	no	(2-6,3-7,4-8,5-9)(1-5,3-9,4-7,6-8)(0-9,1-3,2-4,5-6,7-8)(0-8,7-9)	-
3303	13066	10	(15,4,3)	-	5<6	(42,75,9,0,0)	(176,34,0,0)	(117,3,0)	(45,0)	(664,193,65,33,13,12,8,11,11,3,0)	no	(2-8,3-7,4-6,5-9)(0-6,1-7,2-9,3-5,4-8)(0-9,1-5,2-3,4-7,6-8)(8-9)	-
3304	25980	10	(15,4,6)	-	5<6	(42,75,9,0,0)	(176,34,0,0)	(117,3,0)	(45,0)	(666,186,67,39,14,9,10,8,7,6,1)	no	(0-6,1-7,2-5,3-9,4-8)(0-9,3-5,4-7,6-8)(2-8,3-4,5-9,6-7)(1-9,7-8)	-
3305	13198	10	(15,4,9)	-	5<6	(42,75,9,0,0)	(180,30,0,0)	(119,1,0)	(45,0)	(701,148,51,45,25,19,6,9,1,0,5)	no	(0-2,1-9,3-4,5-6,7-8)(1-5,2-9,3-8,4-7)(0-1,2-6,3-9,5-7)(4-9,6-8)	-
3306	6662	10	(15,4,4)	-	5<6	(42,77,7,0,0)	(180,30,0,0)	(118,2,0)	(45,0)	(677,171,66,40,24,2,10,12,6,0,4)	no	(0-6,1-7,2-8,3-9,4-5)(1-5,2-6,3-8,4-9)(0-4,2-9,3-7,5-8)(6-8,7-9)	-
3307	13170	10	(15,4,4)	-	5<6	(42,77,7,0,0)	(180,30,0,0)	(118,2,0)	(45,0)	(680,170,63,41,14,14,8,12,7,0,2)	no	(0-9,1-7,2-3,4-6,5-8)(0-6,1-5,2-9,3-8,4-7)(2-4,3-7,5-9,6-8)(8-9)	-
3308	13198	10	(15,4,4)	-	5<6	(42,79,4,1,0)	(180,30,0,0)	(118,2,0)	(45,0)	(672,176,72,37,11,16,8,6,7,7,0)	no	(0-7,1-4,2-9,3-8,5-6)(0-5,1-6,2-7,3-9,4-8)(2-6,3-7,4-9,5-8)(8-9)	-
3309	13330	10	(15,4,1)	-	5<6	(42,79,5,0,0)	(184,26,0,0)	(119,1,0)	(45,0)	(686,169,52,34,31,17,8,1,8,3,2)	no	(1-9,2-5,3-4,6-7)(0-5,1-6,2-9,3-8,4-7)(0-1,2-8,3-9,5-7)(4-9,6-8)	-
3310	6730	10	(15,4,1)	-	5<6	(42,81,3,0,0)	(184,26,0,0)	(118,2,0)	(45,0)	(649,213,66,24,24,2,6,19,10,0,0)	no	(0-9,1-6,2-7,3-8,4-5)(1-7,2-9,3-6,5-8)(0-5,2-4,3-9,7-8)(4-6,8-9)	-
3311	1219	10	(15,4,2)	-	5<6	(44,68,13,1,0)	(172,36,2,0)	(116,4,0)	(45,0)	(673,197,52,18,28,4,24,0,12,4,0)	no	(0-6,1-5,2-9,3-4,7-8)(0-4,2-5,6-7,8-9)(4-5,6-8,7-9)(1-8,3-7,6-9)	-
3312	7784	10	(15,4,1)	-	5<6	(44,68,13,1,0)	(172,36,2,0)	(116,4,0)	(45,0)	(677,174,73,26,18,8,16,5,11,4,0)	no	(0-9,1-6,2-4,3-8,5-7)(3-9,5-8,6-7)(0-5,1-3,2-6,4-9,7-8)(4-8,7-9)	-
3313	6690	10	(15,4,2)	-	5<6	(44,68,14,0,0)	(174,35,1,0)	(117,3,0)	(45,0)	(681,171,62,33,26,12,2,11,10,4,0)	no	(2-8,3-9,4-7,5-6)(0-6,1-2,3-8,4-9,5-7)(1-9,3-5,4-8,6-7)(0-9,7-8)	-
3314	6534	10	(15,4,1)	-	5<6	(44,70,12,0,0)	(176,34,0,0)	(118,2,0)	(45,0)	(687,167,50,48,26,4,10,7,6,2,4)	no	(0-4,1-7,2-8,3-6,5-9)(0-6,2-5,3-9,4-8)(1-5,2-4,6-9,7-8)(3-7,8-9)	-
3315	3324	10	(15,5,1)	(4,17,1)	5<6	(44,70,12,0,0)	(176,34,0,0)	(118,2,0)	(45,0)	(692,157,53,48,30,9,2,6,4,6,4)	no	(2-9,3-7,4-8,5-6)(0-5,1-6,2-8,3-9,4-7)(0-7,1-8,2-3,4-9)(5-9)(6-9)	(0-2,1-3,4-5,6-7,8-9)(0-8,3-7,4-6,5-9)(1-9,2-6,4-8,5-7)(2-7,3-5,4-9,6-8)
3316	13020	10	(15,4,5)	-	5<6	(44,70,12,0,0)	(176,34,0,0)	(118,2,0)	(45,0)	(696,143,71,41,24,10,7,5,7,5,2)	no	(0-7,1-6,2-8,3-9,4-5)(2-5,3-8,4-7,6-9)(1-7,2-9,3-4,5-8)(0-9,6-8)	-
3317	6562	10	(15,4,6)	-	5<6	(44,70,12,0,0)	(178,31,1,0)	(118,2,0)	(45,0)	(690,159,61,38,16,24,8,4,4,5,2)	no	(0-6,2-9,3-7,4-8)(1-7,2-3,4-9,5-8)(0-1,2-6,3-8,5-9)(4-6,5-7,8-9)	-
3318	13296	10	(15,4,7)	-	5<6	(44,70,12,0,0)	(178,31,1,0)	(118,2,0)	(45,0)	(692,162,57,31,27,11,8,8,10,6,1)	no	(0-1,2-8,3-5,4-7,6-9)(1-6,3-9,4-8,5-7)(0-7,2-3,5-9,6-8)(2-4,8-9)	-
3319	25904	10	(15,4,8)	-	5<6	(44,72,10,0,0)	(176,34,0,0)	(117,3,0)	(45,0)	(661,193,66,41,15,4,9,9,7,7,1)	no	(2-8,3-9,4-6,5-7)(1-4,3-7,5-8,6-9)(0-9,1-3,2-6,7-8)(0-5,4-7,8-9)	-
3320	12980	10	(15,4,2)	-	5<6	(44,72,10,0,0)	(176,34,0,0)	(117,3,0)	(45,0)	(663,192,70,27,19,8,6,16,11,1,0)	no	(0-6,1-5,2-4,3-7,8-9)(2-8,3-6,4-9,5-7)(0-9,1-6,3-4,7-8)(5-8,7-9)	-
3321	25936	10	(15,4,7)	-	5<6	(44,72,10,0,0)	(176,34,0,0)	(117,3,0)	(45,0)	(663,196,58,39,15,8,12,9,8,4,1)	no	(0-9,1-5,3-7,4-8)(3-9,5-8,6-7)(0-6,2-8,3-4,7-9)(1-6,2-7,4-5,8-9)	-
3322	12980	10	(15,4,3)	-	5<6	(44,72,10,0,0)	(178,31,1,0)	(117,3,0)	(45,0)	(666,186,67,38,12,6,17,13,3,5,0)	no	(0-9,1-2,3-7,4-5,6-8)(0-5,3-9,4-8,6-7)(1-9,2-6,3-4,7-8)(5-8,7-9)	-
3323	2102	10	(15,4,1)	-	5<6	(44,74,6,2,0)	(178,31,1,0)	(118,2,0)	(45,0)	(701,146,53,49,15,26,6,2,8,2,0)	no	(1-5,2-8,3-6,4-9)(1-7,2-6,4-8,5-9)(0-4,2-7,3-9,5-8)(0-6,3-7,8-9)	-
3324	13008	10	(15,4,2)	-	5<6	(44,74,7,1,0)	(178,31,1,0)	(117,3,0)	(45,0)	(661,198,56,44,15,2,11,15,8,3,0)	no	(1-5,3-7,4-8,6-9)(2-6,3-9,4-7,5-8)(0-9,1-2,3-5,4-6,7-8)(0-8,7-9)	-
3325	13340	10	(15,4,1)	-	5<6	(44,74,8,0,0)	(180,30,0,0)	(118,2,0)	(45,0)	(670,187,63,32,18,11,7,11,9,4,0)	no	(0-7,1-5,2-8,3-6,4-9)(1-6,2-5,3-9,4-8)(0-4,2-7,5-9,6-8)(3-7,8-9)	-
3326	26208	10	(15,4,5)	-	5<6	(44,74,8,0,0)	(180,30,0,0)	(118,2,0)	(45,0)	(671,181,66,37,18,11,5,9,9,4,1)	no	(0-9,2-6,4-7,5-8)(0-7,1-5,2-9,3-8,4-6)(1-6,3-7,4-8,5-9)(2-3,8-9)	-
3327	26200	10	(15,4,1)	-	5<6	(44,74,8,0,0)	(180,30,0,0)	(118,2,0)	(45,0)	(672,187,53,38,22,11,10,5,8,5,1)	no	(0-4,1-6,2-9,3-8,5-7)(0-7,1-5,2-6,3-9,4-8)(2-7,3-5,4-9,6-8)(8-9)	-
3328	13108	10	(15,4,1)	-	5<6	(44,74,8,0,0)	(180,30,0,0)	(118,2,0)	(45,0)	(673,179,63,40,17,14,0,12,10,4,0)	no	(0-9,3-4,5-8,6-7)(1-5,2-9,3-8,4-7)(0-7,2-6,4-8,5-9)(1-6,2-3,8-9)	-
3329	26216	10	(15,4,4)	-	5<6	(44,74,8,0,0)	(180,30,0,0)	(118,2,0)	(45,0)	(674,179,61,41,17,11,6,11,5,7,0)	no	(0-9,1-7,2-5,3-8,4-6)(0-6,1-5,2-9,3-7,4-8)(2-3,4-7,5-9,6-8)(8-9)	-
3330	13156	10	(15,4,1)	-	5<6	(44,74,8,0,0)	(180,30,0,0)	(118,2,0)	(45,0)	(678,173,58,47,20,2,13,9,7,4,1)	no	(2-8,3-9,4-7,5-6)(0-7,1-6,2-9,3-4,5-8)(0-9,2-3,4-5,6-8)(1-9,7-8)	-
3331	6652	10	(15,4,1)	-	5<6	(44,74,8,0,0)	(180,30,0,0)	(118,2,0)	(45,0)	(680,159,76,42,23,5,6,8,4,6,3)	no	(2-8,3-9,4-5,6-7)(0-9,1-6,2-5,3-8,4-7)(0-7,2-9,3-4,5-8)(1-9,6-8)	-
3332	2126	10	(15,4,1)	-	5<6	(44,74,8,0,0)	(182,27,1,0)	(118,2,0)	(45,0)	(699,130,83,45,17,6,8,16,4,2,0)	no	(0-8,1-7,2-9,3-5,4-6)(2-8,3-9,4-7,5-6)(0-6,1-9,2-4,3-8,5-7)(8-9)	-
3333	13380	10	(15,4,2)	-	5<6	(44,76,5,1,0)	(180,30,0,0)	(118,2,0)	(45,0)	(673,180,62,40,15,13,7,8,9,4,1)	no	(0-5,1-9,2-8,3-7,4-6)(1-7,2-9,3-6,5-8)(0-6,1-2,3-9,4-8,5-7)(4-9)	-
3334	8188	10	(15,4,2)	-	5<6	(44,76,5,1,0)	(182,27,1,0)	(118,2,0)	(45,0)	(678,175,61,38,24,8,9,1,11,5,1)	no	(0-7,1-8,2-3,4-6,5-9)(1-7,2-4,3-8,6-9)(0-9,2-7,3-5,4-8)(5-6,8-9)	-
3335	26520	10	(15,4,3)	-	5<6	(44,76,6,0,0)	(184,26,0,0)	(119,1,0)	(45,0)	(686,165,59,37,21,19,8,5,5,4,2)	no	(0-5,1-9,2-3,4-8,6-7)(0-1,2-9,3-8,4-6,5-7)(1-6,2-5,3-9,7-8)(4-9)	-
3336	13608	10	(15,4,2)	-	5<6	(44,76,6,0,0)	(184,26,0,0)	(119,1,0)	(45,0)	(686,171,55,26,33,8,11,9,8,6,0)	no	(0-9,1-5,2-3,6-7)(1-9,2-8,3-7,4-5)(1-8,2-9,4-6,5-7)(0-4,3-9,6-8)	-
3337	26472	10	(15,4,2)	-	5<6	(44,76,6,0,0)	(184,26,0,0)	(119,1,0)	(45,0)	(687,173,45,40,21,17,6,9,9,5,1)	no	(0-9,1-2,3-5,4-6,7-8)(1-9,2-8,3-7,4-5)(0-4,1-5,2-9,6-7)(3-9,6-8)	-
3338	13620	10	(15,4,1)	-	5<6	(44,76,6,0,0)	(184,26,0,0)	(119,1,0)	(45,0)	(688,165,55,41,17,10,18,7,6,4,1)	no	(0-9,1-2,3-7,4-5,6-8)(0-4,1-9,2-6,3-8,5-7)(1-5,2-9,4-6,7-8)(3-9)	-
3339	6688	10	(15,4,1)	-	5<6	(44,78,4,0,0)	(184,26,0,0)	(118,2,0)	(45,0)	(660,189,75,34,16,4,10,18,2,5,0)	no	(0-8,2-9,3-4,5-7)(0-6,2-8,3-9,4-7)(1-9,2-5,3-6,4-8)(1-7,5-6,8-9)	-
3340	25916	10	(15,4,7)	-	5<6	(46,69,11,0,0)	(178,31,1,0)	(117,3,0)	(45,0)	(661,190,75,32,11,8,15,9,8,3,1)	no	(0-9,1-6,2-3,4-8,5-7)(0-7,2-9,3-8,4-5)(1-5,3-9,6-8)(2-6,4-9,7-8)	-
3341	13186	10	(15,4,9)	-	5<6	(46,69,11,0,0)	(180,30,0,0)	(119,1,0)	(45,0)	(701,145,56,44,26,19,4,4,8,0,0)	no	(0-5,1-9,2-7,3-4,6-8)(0-1,2-9,3-8,4-6,5-7)(1-6,2-5,3-9,7-8)(4-9)	-
3342	26228	10	(15,4,1)	-	5<6	(46,71,9,0,0)	(180,30,0,0)	(118,2,0)	(45,0)	(669,185,69,26,23,12,6,8,7,7,0)	no	(1-6,2-8,4-7,5-9)(0-7,1-5,2-9,3-6,4-8)(3-9,4-6,5-8)(0-9,2-3,7-8)	-
3343	13250	10	(15,4,5)	-	5<6	(46,71,9,0,0)	(180,30,0,0)	(118,2,0)	(45,0)	(671,182,65,37,15,12,10,6,9,4,1)	no	(0-7,1-8,2-3,4-9,5-6)(2-8,3-4,5-7,6-9)(1-6,2-5,3-9,4-8)(0-9,7-8)	-
3344	13186	10	(15,4,1)	-	5<6	(46,71,9,0,0)	(180,30,0,0)	(118,2,0)	(45,0)	(672,177,71,35,18,11,7,4,11,6,0)	no	(0-8,1-6,2-4,3-9,5-7)(1-7,2-8,4-6,5-9)(2-3,4-8,6-9)(0-9,3-5,7-8)	-
3345	13178	10	(15,4,3)	-	5<6	(46,71,9,0,0)	(180,30,0,0)	(118,2,0)	(45,0)	(672,179,67,34,22,8,10,6,10,3,1)	no	(0-9,1-6,2-4,3-8,5-7)(0-7,1-5,2-9,3-6,4-8)(2-6,3-9,4-5,7-8)(8-9)	-
3346	26196	10	(15,4,6)	-	5<6	(46,71,9,0,0)	(180,30,0,0)	(118,2,0)	(45,0)	(672,182,63,36,21,7,10,8,7,4,2)	no	(0-5,2-9,3-6,4-8)(0-7,1-4,3-9,5-8)(2-3,4-9,5-6,7-8)(1-6,2-7,8-9)	-
3347	26180	10	(15,4,4)	-	5<6	(46,71,9,0,0)	(180,30,0,0)	(118,2,0)	(45,0)	(672,184,62,34,16,13,9,11,6,3,2)	no	(0-5,1-4,2-9,3-7,6-8)(1-6,2-5,3-9,7-8)(0-7,2-8,3-6,4-9)(4-8,5-9)	-
3348	13150	10	(15,4,2)	-	5<6	(46,71,9,0,0)	(180,30,0,0)	(118,2,0)	(45,0)	(674,178,59,51,10,8,14,3,8,6,1)	no	(0-9,2-5,3-8,4-6)(1-5,2-9,3-7,4-8)(0-7,2-3,5-9,6-8)(1-6,4-7,8-9)	-
3349	13250	10	(15,4,2)	-	5<6	(46,71,9,0,0)	(180,30,0,0)	(118,2,0)	(45,0)	(676,177,61,40,18,8,8,13,6,5,0)	no	(0-6,1-7,2-8,3-4,5-9)(2-7,3-9,4-6,5-8)(0-7,1-5,2-3,4-9,6-8)(8-9)	-
3350	13230	10	(15,4,1)	-	5<6	(46,71,9,0,0)	(180,30,0,0)	(118,2,0)	(45,0)	(676,178,62,33,25,6,12,3,14,3,0)	no	(0-7,1-6,2-8,3-5,4-9)(0-5,1-7,2-9,3-8,4-6)(2-7,3-4,5-8,6-9)(8-9)	-
3351	26228	10	(15,4,4)	-	5<6	(46,71,9,0,0)	(180,30,0,0)	(118,2,0)	(45,0)	(676,181,54,40,20,12,6,10,8,5,0)	no	(0-6,1-7,2-9,3-5,4-8)(0-7,1-5,2-8,3-9,4-6)(2-6,3-4,5-9,7-8)(8-9)	-
3352	26188	10	(15,4,1)	-	5<6	(46,71,9,0,0)	(180,30,0,0)	(118,2,0)	(45,0)	(678,170,69,38,16,8,8,14,9,0,2)	no	(0-7,2-8,3-6,5-9)(1-5,2-9,3-7,4-8)(0-9,2-3,4-6,5-8)(1-6,4-7,8-9)	-
3353	26292	10	(15,4,7)	-	5<6	(46,71,9,0,0)	(180,30,0,0)	(118,2,0)	(45,0)	(678,172,59,47,20,7,7,8,9,4,0)	no	(0-7,1-5,2-8,3-6,4-9)(0-6,1-7,2-3,4-8,5-9)(2-7,3-9,4-6,5-8)(8-9)	-
3354	26508	10	(15,4,5)	-	5<6	(46,73,7,0,0)	(184,26,0,0)	(119,1,0)	(45,0)	(690,156,61,40,27,15,6,5,3,6,1)	no	(1-9,2-3,4-8,5-7)(0-5,1-6,2-9,3-8,4-7)(0-1,2-5,3-9,6-7)(4-9,6-8)	-
3355	1428	10	(15,3,2)	-	5<6	(46,75,5,0,0)	(180,30,0,0)	(120,0,0)	(45,0)	(767,126,60,15,10,0,0,0,0,0,0)	no	(0-1,2-7,3-6,4-8,5-9)(0-2,1-9,3-5,4-6,7-8)(0-3,1-8,2-9,4-5,6-7)	-
3356	13334	10	(15,4,2)	-	5<6	(46,75,5,0,0)	(184,26,0,0)	(118,2,0)	(45,0)	(652,198,85,23,12,8,10,15,8,2,0)	no	(0-4,2-8,3-6,5-9)(2-9,3-8,4-6,5-7)(1-5,2-7,3-9,4-8)(0-7,1-6,8-9)	-
3357	13338	10	(15,4,4)	-	5<6	(46,75,5,0,0)	(184,26,0,0)	(118,2,0)	(45,0)	(657,191,79,36,7,6,16,10,8,3,0)	no	(0-9,1-7,2-5,3-8,4-6)(2-9,3-4,5-7,6-8)(0-6,1-8,2-4,3-5,7-9)(8-9)	-
3358	26460	10	(15,4,1)	-	5<6	(46,75,5,0,0)	(184,26,0,0)	(118,2,0)	(45,0)	(657,199,67,36,9,12,8,14,10,1,0)	no	(1-7,2-8,4-6,5-9)(1-5,2-9,3-6,4-8)(0-9,2-3,4-5,7-8)(0-6,3-7,8-9)	-
3359	13474	10	(15,4,1)	-	5<6	(46,77,3,0,0)	(188,22,0,0)	(119,1,0)	(45,0)	(674,181,55,41,21,11,7,13,6,1,2)	no	(0-6,1-9,2-8,3-7,4-5)(0-5,1-7,2-9,3-6,4-8)(1-2,3-9,5-7,6-8)(4-9)	-
3360	712	10	(15,4,2)	-	5<6	(48,48,30,0,0)	(164,38,8,0)	(112,7,1)	(44,1)	(741,79,107,10,39,1,11,5,11,0,7)	no	(0-1,2-8,3-5,4-7,6-9)(2-7,3-8,4-9)(2-9,3-7,4-6,5-8)(1-7,5-9,6-8)	-
3361	1440	10	(15,4,2)	-	5<6	(48,52,26,0,0)	(168,34,8,0)	(112,7,1)	(44,1)	(724,107,89,20,28,3,24,10,3,2,1)	no	(1-7,3-8,4-6,5-9)(0-1,2-7,4-9,5-8)(2-3,6-9,7-8)(2-4,3-5,6-8,7-9)	-
3362	901	10	(15,4,1)	-	5<6	(48,60,18,0,0)	(172,36,2,0)	(116,4,0)	(45,0)	(678,143,116,20,19,2,16,4,8,3,4)	no	(0-9,2-8,3-4,5-7)(1-2,3-9,4-8,6-7)(0-6,3-7,4-9,5-8)(1-7,5-9,6-8)	-
3363	3976	10	(15,4,4)	-	5<6	(48,62,14,2,0)	(174,33,3,0)	(117,3,0)	(45,0)	(712,120,73,43,28,9,8,4,7,4,0)	no	(0-9,1-2,3-5,4-7,6-8)(0-2,1-6,3-9,4-8,5-7)(3-8,4-9,6-7)(5-8,7-9)	-
3364	3278	10	(15,4,2)	-	5<6	(48,64,14,0,0)	(178,31,1,0)	(118,2,0)	(45,0)	(698,133,81,44,16,12,10,4,6,5,2)	no	(0-1,2-8,3-9,4-6,5-7)(0-7,2-5,3-8,6-9)(1-6,2-9,3-7,4-8)(4-9,5-8)	-
3365	4252	10	(15,4,2)	-	5<6	(48,64,14,0,0)	(180,28,2,0)	(118,2,0)	(45,0)	(705,136,72,29,28,4,15,11,9,0,2)	no	(1-6,2-8,3-9,4-7)(0-1,2-4,3-8,5-7,6-9)(0-7,2-9,3-5,4-8)(5-9,6-8)	-
3366	8008	10	(15,4,1)	-	5<6	(48,66,11,1,0)	(180,28,2,0)	(118,2,0)	(45,0)	(696,164,50,26,31,12,13,6,5,6,4)	no	(0-1,2-8,3-5,4-7,6-9)(1-6,3-8,4-9,5-7)(0-7,2-3,5-9,6-8)(2-4,8-9)	-
3367	13080	10	(15,4,12)	-	5<6	(48,66,12,0,0)	(178,31,1,0)	(117,3,0)	(45,0)	(666,183,72,36,13,7,16,11,4,3,2)	no	(0-6,2-8,3-7,4-9)(1-6,3-9,4-8,5-7)(0-9,1-2,3-5,7-8)(4-5,6-7,8-9)	-
3368	6500	10	(15,4,4)	-	5<6	(48,66,12,0,0)	(178,31,1,0)	(117,3,0)	(45,0)	(670,173,77,41,9,5,19,10,4,3,2)	no	(0-9,2-8,3-5,6-7)(0-7,1-6,2-9,3-8,4-5)(3-9,4-8,5-7)(1-8,2-4,6-9)	-
3369	1262	10	(15,4,2)	-	5<6	(48,68,8,2,0)	(180,28,2,0)	(118,2,0)	(45,0)	(705,137,48,72,26,0,6,4,2,1,4)	no	(0-9,2-3,4-8,6-7)(1-9,2-4,3-5,6-8)(0-6,1-7,2-9,5-8)(3-9,4-5,7-8)	-
3370	3988	10	(15,4,1)	-	5<6	(48,68,9,1,0)	(178,31,1,0)	(117,3,0)	(45,0)	(668,189,61,34,21,10,7,10,4,8,0)	no	(0-9,1-6,2-4,3-7,5-8)(3-9,5-7,6-8)(0-5,2-8,4-9,6-7)(1-9,3-4,7-8)	-
3371	13336	10	(15,4,3)	-	5<6	(48,68,10,0,0)	(180,30,0,0)	(118,2,0)	(45,0)	(670,189,58,34,18,14,10,4,9,4,2)	no	(1-9,2-4,3-6,5-7)(1-3,2-9,4-6,5-8)(0-6,1-7,2-8,3-9)(0-5,4-9,7-8)	-
3372	26200	10	(15,4,9)	-	5<6	(48,68,10,0,0)	(180,30,0,0)	(118,2,0)	(45,0)	(675,172,69,43,15,8,11,5,6,6,2)	no	(1-8,2-4,3-9,5-7)(2-8,3-5,4-7,6-9)(0-9,1-6,2-5,4-8)(0-7,3-6,8-9)	-
3373	6646	10	(15,4,1)	-	5<6	(48,68,10,0,0)	(180,30,0,0)	(118,2,0)	(45,0)	(678,159,89,30,18,11,6,8,2,10,1)	no	(0-9,1-6,2-4,3-8,5-7)(0-7,1-5,2-9,3-6,4-8)(2-6,3-9,5-8)(4-9,7-8)	-
3374	13216	10	(15,4,2)	-	5<6	(48,68,10,0,0)	(180,30,0,0)	(118,2,0)	(45,0)	(678,168,75,29,22,8,13,8,3,6,2)	no	(0-5,1-9,2-7,3-4,6-8)(1-8,2-9,3-5,4-6)(0-6,1-2,3-9,5-7)(4-9,7-8)	-
3375	13232	10	(15,4,1)	-	5<6	(48,68,10,0,0)	(180,30,0,0)	(118,2,0)	(45,0)	(680,169,63,40,22,8,10,5,11,2,2)	no	(0-7,2-8,4-5,6-9)(0-6,1-5,2-7,3-8,4-9)(1-7,2-3,5-9,6-8)(3-4,8-9)	-
3376	4044	10	(15,4,1)	-	5<6	(48,68,10,0,0)	(182,27,1,0)	(118,2,0)	(45,0)	(683,168,70,17,36,6,8,12,11,0,0)	no	(0-7,1-5,2-8,3-6,4-9)(0-6,1-7,2-3,4-8,5-9)(2-7,3-4,5-8,6-9)(8-9)	-
3377	26472	10	(15,4,1)	-	5<6	(48,70,8,0,0)	(184,26,0,0)	(119,1,0)	(45,0)	(685,164,59,45,21,12,8,4,7,3,3)	no	(0-5,1-9,2-4,3-8,6-7)(1-6,2-9,3-5,4-7)(0-1,2-5,3-9,6-8)(4-9,7-8)	-
3378	13596	10	(15,4,3)	-	5<6	(48,70,8,0,0)	(184,26,0,0)	(119,1,0)	(45,0)	(687,169,51,39,23,12,12,7,4,5,4)	no	(0-9,1-2,3-8,4-5,6-7)(0-4,1-9,2-8,3-7,5-6)(1-5,2-9,4-6,7-8)(3-9)	-
3379	13348	10	(15,4,1)	-	5<6	(48,70,8,0,0)	(184,26,0,0)	(119,1,0)	(45,0)	(690,158,59,41,21,17,10,6,2,4,1)	no	(0-5,1-9,2-4,3-7,6-8)(0-1,2-9,3-8,4-6,5-7)(1-6,2-5,3-9,7-8)(4-9)	-
3380	6808	10	(15,4,1)	-	5<6	(48,70,8,0,0)	(184,26,0,0)	(119,1,0)	(45,0)	(691,157,63,33,29,6,13,6,8,5,1)	no	(0-9,1-2,3-7,4-5,6-8)(1-9,2-8,4-6,5-7)(0-4,1-7,2-9,3-8,5-6)(3-9)	-
3381	26520	10	(15,4,1)	-	5<6	(48,72,6,0,0)	(184,26,0,0)	(118,2,0)	(45,0)	(649,208,72,29,15,5,11,13,8,3,0)	no	(0-9,1-7,2-8,3-4,5-6)(0-6,2-9,3-8,4-7)(1-8,2-5,4-9,6-7)(3-5,8-9)	-
3382	26536	10	(15,4,4)	-	5<6	(48,72,6,0,0)	(184,26,0,0)	(118,2,0)	(45,0)	(651,205,69,36,11,8,8,14,8,3,0)	no	(0-9,1-6,2-8,3-5,4-7)(0-7,2-9,3-8,4-5)(1-8,2-4,3-7,6-9)(5-6,8-9)	-
3383	26520	10	(15,4,1)	-	5<6	(48,72,6,0,0)	(184,26,0,0)	(118,2,0)	(45,0)	(653,199,74,36,11,6,10,11,11,2,0)	no	(2-8,3-4,5-9,6-7)(0-7,1-6,2-9,3-8,4-5)(0-9,1-5,2-6,3-7,4-8)(8-9)	-
3384	26472	10	(15,4,2)	-	5<6	(48,72,6,0,0)	(184,26,0,0)	(118,2,0)	(45,0)	(653,205,67,34,10,10,10,14,7,3,0)	no	(2-8,3-7,4-6,5-9)(0-7,1-6,2-9,3-5,4-8)(0-9,1-5,2-3,4-7,6-8)(8-9)	-
3385	13322	10	(15,4,3)	-	5<6	(48,72,6,0,0)	(184,26,0,0)	(118,2,0)	(45,0)	(659,192,66,49,6,8,10,14,2,7,0)	no	(2-8,3-4,5-9,6-7)(0-6,1-5,2-9,3-7,4-8)(0-9,1-7,2-3,4-5,6-8)(8-9)	-
3386	13348	10	(15,4,1)	-	5<6	(48,72,6,0,0)	(184,26,0,0)	(118,2,0)	(45,0)	(659,199,60,38,13,12,9,13,8,2,0)	no	(0-9,1-6,2-3,4-8,5-7)(0-7,1-9,2-4,3-5,6-8)(2-9,4-6,5-8)(3-9,7-8)	-
3387	26180	10	(15,4,8)	-	5<6	(50,65,11,0,0)	(182,27,1,0)	(118,2,0)	(45,0)	(676,174,64,40,16,13,7,9,10,2,1)	no	(0-1,2-8,3-7,4-9,5-6)(0-7,1-6,2-5,3-9,4-8)(2-3,4-7,5-8,6-9)(8-9)	-
3388	26460	10	(15,4,1)	-	5<6	(50,67,9,0,0)	(184,26,0,0)	(119,1,0)	(45,0)	(689,159,62,37,22,18,8,5,4,4,2)	no	(1-9,2-5,3-4,6-8)(0-1,2-9,3-6,4-7)(1-6,2-8,3-9,5-7)(0-5,4-9,7-8)	-
3389	13314	10	(15,4,1)	-	5<6	(50,67,9,0,0)	(184,26,0,0)	(119,1,0)	(45,0)	(690,156,57,49,24,16,1,4,5,5,4)	no	(0-5,1-9,2-6,3-4,7-8)(0-1,2-9,3-5,4-8,6-7)(1-2,3-9,5-7,6-8)(4-9)	-
3390	2316	10	(15,3,3)	-	5<6	(50,69,7,0,0)	(180,30,0,0)	(120,0,0)	(45,0)	(771,112,72,17,6,0,0,0,0,2,0)	no	(0-1,2-3,4-7,5-9,6-8)(0-2,1-7,3-9,4-8,5-6)(0-3,1-6,2-8,4-5,7-9)	-
3391	26540	10	(15,4,3)	-	5<6	(50,69,7,0,0)	(184,26,0,0)	(118,2,0)	(45,0)	(650,201,83,26,12,6,11,13,7,4,0)	no	(0-9,2-8,4-6,5-7)(0-7,1-6,2-9,3-8,4-5)(1-8,2-3,4-9)(3-5,6-9,7-8)	-
3392	13314	10	(15,4,1)	-	5<6	(50,69,7,0,0)	(184,26,0,0)	(118,2,0)	(45,0)	(650,209,70,29,13,7,10,16,4,5,0)	no	(0-9,1-7,2-5,3-8,4-6)(0-6,1-5,2-9,3-7,4-8)(2-4,3-9,6-8)(5-9,7-8)	-
3393	13320	10	(15,4,1)	-	5<6	(50,69,7,0,0)	(184,26,0,0)	(118,2,0)	(45,0)	(651,203,72,37,10,4,16,4,14,2,0)	no	(0-6,1-8,2-4,3-9,5-7)(1-7,2-8,4-6,5-9)(0-9,2-3,4-8,6-7)(3-5,8-9)	-
3394	13378	10	(15,4,2)	-	5<6	(50,69,7,0,0)	(184,26,0,0)	(118,2,0)	(45,0)	(656,197,66,46,7,10,8,14,3,3,3)	no	(0-9,2-6,3-8,4-5)(1-5,2-9,4-8,6-7)(1-6,2-3,5-9,7-8)(0-7,3-4,8-9)	-
3395	13478	10	(15,4,1)	-	5<6	(50,71,5,0,0)	(188,22,0,0)	(119,1,0)	(45,0)	(667,183,73,30,16,16,7,6,10,4,0)	no	(1-9,2-4,3-5,6-7)(1-3,2-9,4-6,5-8)(0-5,1-7,2-8,3-9)(0-6,4-9,7-8)	-
3396	7972	10	(15,4,5)	-	5<6	(52,58,15,1,0)	(178,29,3,0)	(117,3,0)	(45,0)	(696,151,57,45,25,5,10,11,7,4,1)	no	(0-9,1-7,2-8,3-6,4-5)(0-1,2-9,3-8,4-7,5-6)(2-5,3-9,4-6,7-8)(8-9)	-
3397	3998	10	(15,4,1)	-	5<6	(52,60,13,1,0)	(180,28,2,0)	(118,2,0)	(45,0)	(702,146,52,41,38,10,3,5,6,4,4)	no	(1-9,2-6,3-5,4-8)(0-1,2-9,3-7,4-5,6-8)(0-5,1-2,3-9,6-7)(4-9,7-8)	-
3398	2478	10	(15,4,2)	-	5<6	(52,60,13,1,0)	(180,28,2,0)	(118,2,0)	(45,0)	(708,137,52,46,39,10,0,2,8,6,0)	no	(0-5,1-6,2-8,4-9)(0-7,2-3,4-8,5-9)(2-7,3-4,5-8,6-9)(1-7,3-9,6-8)	-
3399	13124	10	(15,4,2)	-	5<6	(52,62,12,0,0)	(182,27,1,0)	(118,2,0)	(45,0)	(681,158,80,34,19,9,10,11,6,1,3)	no	(0-1,2-8,3-9,4-5,6-7)(1-7,2-9,4-8,5-6)(0-9,2-3,6-8)(3-5,4-9,7-8)	-
3400	8104	10	(15,4,1)	-	5<6	(52,62,12,0,0)	(184,24,2,0)	(118,2,0)	(45,0)	(689,156,63,46,16,9,12,10,8,1,2)	no	(0-1,2-8,3-9,4-5,6-7)(1-7,2-9,4-8,5-6)(3-6,4-9,5-8)(0-9,2-3,7-8)	-
3401	4070	10	(15,4,1)	-	5<6	(52,64,9,1,0)	(184,24,2,0)	(118,2,0)	(45,0)	(689,162,56,36,29,14,9,5,4,4,4)	no	(0-9,1-7,2-6,3-5,4-8)(0-1,2-9,5-8,6-7)(2-4,3-9,7-8)(3-6,4-5,8-9)	-
3402	13260	10	(15,4,1)	-	5<6	(52,64,10,0,0)	(184,26,0,0)	(119,1,0)	(45,0)	(695,141,70,49,21,10,10,2,6,3,2)	no	(1-9,2-5,3-7,4-6)(0-5,1-4,2-9,3-6,7-8)(0-6,1-7,3-9,5-8)(2-8,4-9)	-
3403	8196	10	(15,4,1)	-	5<6	(52,66,7,1,0)	(186,23,1,0)	(119,1,0)	(45,0)	(697,147,64,36,28,19,6,0,7,2,2)	no	(1-9,2-6,3-4,5-7)(0-1,2-9,3-7,4-8)(1-2,3-9,5-8,6-7)(0-5,4-9,6-8)	-
3404	766	10	(15,3,1)	-	5<6	(52,66,8,0,0)	(182,27,1,0)	(120,0,0)	(45,0)	(783,100,63,25,6,0,1,0,0,0,0)	no	(0-1,2-9,3-5,4-7,6-8)(0-2,1-7,3-6,4-8,5-9)(0-3,1-9,2-8,4-5,6-7)	-
3405	13768	10	(15,4,1)	-	5<6	(52,68,6,0,0)	(188,22,0,0)	(119,1,0)	(45,0)	(667,187,63,33,24,10,8,8,6,6,1)	no	(0-5,1-9,2-8,3-6,4-7)(0-6,1-3,2-9,4-5,7-8)(1-7,2-6,3-9,5-8)(4-9)	-
3406	26800	10	(15,4,1)	-	5<6	(52,68,6,0,0)	(188,22,0,0)	(119,1,0)	(45,0)	(669,178,73,35,20,8,7,9,8,5,0)	no	(1-9,2-6,3-7,4-5)(1-4,2-9,3-6,5-8)(0-5,1-7,2-8,3-9)(0-6,4-9,7-8)	-
3407	1606	10	(15,3,1)	-	5<6	(54,63,9,0,0)	(180,30,0,0)	(120,0,0)	(45,0)	(773,103,81,18,3,0,0,0,0,0,9)	no	(0-1,2-3,4-5,6-8,7-9)(0-2,1-6,3-9,4-8,5-7)(0-3,1-7,2-8,4-6,5-9)	-
3408	645	10	(15,3,1)	-	5<6	(60,56,9,1,0)	(184,24,2,0)	(120,0,0)	(45,0)	(793,81,72,22,10,0,0,0,0,0,0)	no	(0-1,2-9,3-5,4-6,7-8)(0-2,1-7,3-6,4-8,5-9)(0-3,1-9,2-8,4-7,5-6)	-
3409	302	10	(16,5,3)	-	5	(16,88,22,0,0)	(136,72,2,0)	(104,16,0)	(43,2)	(753,78,60,35,64,6,1,4,5,2,0)	no	(0-9,2-4,5-6,7-8)(1-8,2-9,3-6,5-7)(2-8,3-9,4-5,6-7)(3-8,4-7,5-9)(6-9)	-
3410	544	10	(16,5,7)	(4,17,1)	5	(16,92,18,0,0)	(140,68,2,0)	(104,16,0)	(43,2)	(723,126,61,27,42,6,16,0,7,0,0)	no	(0-9,2-8,3-7,5-6)(2-9,3-4,5-8,6-7)(1-8,2-7,4-6,5-9)(3-8,4-5,6-9)(7-9)	(0-8,1-9,2-3,4-5,6-7)(2-4,3-7,5-9,6-8)(2-5,3-4,6-9,7-8)(2-6,3-5,4-8,7-9)
3411	516	10	(16,4,2)	-	5	(24,88,12,2,0)	(144,64,2,0)	(104,16,0)	(43,2)	(715,118,101,3,33,20,12,0,4,2,0)	no	(2-6,3-4,5-8,7-9)(1-9,2-8,4-5,6-7)(0-8,3-9,4-6,5-7)(2-7,3-5,4-8,6-9)	-
3412	820	10	(16,4,1)	-	5	(24,88,13,1,0)	(152,58,0,0)	(111,9,0)	(44,1)	(720,116,84,10,31,27,16,0,3,2,0)	no	(0-6,1-7,2-9,3-8,4-5)(1-6,2-8,3-7,4-9)(1-9,3-6,4-7,5-8)(2-6,5-9,7-8)	-
3413	2380	10	(16,4,3)	-	5	(24,88,14,0,0)	(156,54,0,0)	(112,8,0)	(44,1)	(726,119,70,24,33,5,12,8,8,3,2)	no	(1-7,2-6,3-8,5-9)(1-9,2-7,3-6,4-8)(1-6,2-8,4-9,5-7)(0-6,3-4,5-8,7-9)	-
3414	786	10	(16,4,1)	-	5	(24,88,14,0,0)	(160,48,2,0)	(112,8,0)	(44,1)	(737,87,98,4,42,26,1,9,6,0,0)	no	(1-2,3-6,4-8,7-9)(0-1,2-8,3-7,4-6,5-9)(1-3,2-9,5-8,6-7)(4-9,5-7,6-8)	-
3415	930	10	(16,4,2)	-	5	(24,92,10,0,0)	(164,46,0,0)	(116,4,0)	(45,0)	(695,131,98,16,44,0,8,8,8,2,0)	no	(0-8,1-9,3-5,6-7)(0-7,3-8,4-9,5-6)(2-8,3-4,5-7,6-9)(1-7,2-9,4-6,5-8)	-
3416	4712	10	(16,4,7)	-	5	(28,84,14,0,0)	(156,54,0,0)	(111,9,0)	(44,1)	(702,141,83,18,22,18,11,6,5,0,2)	no	(0-7,1-3,2-5,4-6,8-9)(1-2,4-5,6-8,7-9)(3-9,5-6,7-8)(2-8,3-6,4-7,5-9)	-
3417	2502	10	(16,4,2)	-	5	(28,86,12,0,0)	(160,50,0,0)	(112,8,0)	(44,1)	(706,142,66,28,30,18,4,8,3,0,6)	no	(1-9,2-8,3-6,4-7)(0-6,1-7,2-9,3-4,5-8)(1-6,5-9,7-8)(2-6,3-7,4-5,8-9)	-
3418	2442	10	(16,4,3)	-	5	(28,86,12,0,0)	(162,47,1,0)	(112,8,0)	(44,1)	(711,138,65,31,19,17,21,0,2,4,3)	no	(0-1,2-6,3-7,4-9,5-8)(1-3,2-8,4-6,7-9)(1-2,4-8,5-9,6-7)(3-9,5-7,6-8)	-
3419	4832	10	(16,4,8)	-	5	(28,90,8,0,0)	(164,46,0,0)	(112,8,0)	(44,1)	(699,143,82,22,21,17,13,4,6,0,1)	no	(1-9,2-8,3-6,5-7)(0-6,1-7,2-9,3-4,5-8)(1-6,4-9,7-8)(2-6,3-7,4-5,8-9)	-
3420	1320	10	(16,4,3)	-	5	(28,90,8,0,0)	(164,46,0,0)	(112,8,0)	(44,1)	(702,140,72,36,24,10,8,8,6,4,0)	no	(1-4,2-6,3-7,8-9)(1-5,3-9,4-8,6-7)(1-6,2-5,4-9,7-8)(0-6,2-3,5-8,7-9)	-
3421	356	10	(16,4,1)	-	5	(32,76,18,0,0)	(164,42,4,0)	(112,8,0)	(44,1)	(741,81,96,6,44,32,1,7,2,0,0)	no	(0-1,2-6,3-7,4-5,8-9)(1-3,2-8,4-6,7-9)(1-2,4-8,5-9,6-7)(3-9,5-7,6-8)	-
3422	1400	10	(16,4,2)	-	5	(32,78,16,0,0)	(158,51,1,0)	(111,9,0)	(44,1)	(720,112,98,18,27,8,2,2,9,13,4)	no	(1-5,2-8,3-9,6-7)(2-9,3-4,5-6,7-8)(0-9,1-2,3-8,4-6,5-7)(4-7,5-8,6-9)	-
3423	2864	10	(16,4,6)	-	5	(32,82,12,0,0)	(162,47,1,0)	(111,9,0)	(44,1)	(702,134,82,32,28,9,7,4,5,6,2)	no	(1-5,3-9,4-6,7-8)(2-4,3-5,6-8,7-9)(2-9,3-4,5-8,6-7)(0-7,1-6,2-8,5-9)	-
3424	1428	10	(16,4,1)	-	5	(32,82,12,0,0)	(162,47,1,0)	(111,9,0)	(44,1)	(703,132,93,16,34,4,10,0,16,1,3)	no	(0-6,1-8,2-9,3-7,4-5)(1-6,2-8,3-9,4-7)(1-9,2-5,4-8,6-7)(3-5,6-8,7-9)	-
3425	4700	10	(16,4,2)	-	5	(32,84,10,0,0)	(164,46,0,0)	(112,8,0)	(44,1)	(702,141,68,37,26,11,14,4,2,4,0)	no	(1-7,2-6,3-8,4-9)(1-8,2-9,3-6,5-7)(1-6,2-4,5-9,7-8)(0-6,3-5,4-8,7-9)	-
3426	1428	10	(16,4,2)	-	5	(32,86,6,2,0)	(162,47,1,0)	(111,9,0)	(44,1)	(697,148,71,28,36,4,10,4,10,1,1)	no	(2-5,3-8,4-7,6-9)(0-7,1-3,2-6,4-5,8-9)(1-2,3-9,5-6,7-8)(4-6,5-8,7-9)	-
3427	1464	10	(16,4,3)	-	5	(32,86,7,1,0)	(166,43,1,0)	(112,8,0)	(44,1)	(706,130,85,16,34,26,6,0,1,0,5)	no	(0-6,1-8,2-9,3-5,4-7)(1-6,2-8,4-5,7-9)(1-9,2-4,3-8,6-7)(3-9,5-7,6-8)	-
3428	2448	10	(16,4,1)	-	5	(36,84,6,0,0)	(176,34,0,0)	(117,3,0)	(45,0)	(668,191,60,30,16,6,27,6,6,3,0)	no	(1-9,3-7,4-5,6-8)(0-9,1-8,2-7,3-4,5-6)(0-4,2-9,5-8,6-7)(3-6,5-9,7-8)	-
3429	758	10	(16,4,2)	-	5	(36,90,0,0,0)	(188,22,0,0)	(120,0,0)	(45,0)	(695,155,76,12,10,32,24,0,0,6,0)	no	(0-4,1-5,2-6,3-8,7-9)(0-7,1-3,2-5,4-9,6-8)(0-3,1-6,2-4,5-9,7-8)(8-9)	-
3430	6852	10	(16,4,10)	-	5	(40,78,8,0,0)	(176,34,0,0)	(117,3,0)	(45,0)	(664,183,84,25,13,11,6,14,10,3,0)	no	(2-6,3-7,4-8,5-9)(1-4,2-8,3-6,7-9)(0-8,1-5,2-7,3-9,4-6)(0-9,5-7,6-8)	-
3431	3980	10	(16,4,6)	-	5	(40,80,5,1,0)	(178,31,1,0)	(117,3,0)	(45,0)	(660,199,63,34,15,14,7,8,4,4,4)	no	(2-6,3-5,4-9,7-8)(0-5,1-8,2-4,3-6,7-9)(1-4,2-9,3-8,6-7)(0-9,5-7,6-8)	-
3432	3530	10	(16,4,2)	-	5	(40,84,2,0,0)	(184,26,0,0)	(118,2,0)	(45,0)	(657,193,78,32,6,12,16,10,4,5,0)	no	(0-9,2-3,5-6,7-8)(2-9,3-5,4-8,6-7)(1-9,2-4,3-7,6-8)(0-7,1-8,4-5,6-9)	-
3433	3390	10	(16,4,3)	-	5	(44,74,8,0,0)	(180,30,0,0)	(118,2,0)	(45,0)	(671,175,78,26,30,0,8,10,12,0,2)	no	(0-8,1-9,2-6,3-7)(1-8,2-9,3-4,5-7)(0-7,1-2,3-9,4-8,5-6)(4-6,5-8,7-9)	-
3434	3450	10	(16,4,1)	-	5	(44,78,4,0,0)	(184,26,0,0)	(118,2,0)	(45,0)	(653,193,88,28,8,6,18,8,8,1,2)	no	(0-9,2-6,4-7,5-8)(2-9,3-7,4-8,5-6)(1-9,2-3,5-7,6-8)(0-8,1-7,3-4,6-9)	-
3435	2021	10	(16,4,3)	-	5	(48,64,14,0,0)	(178,31,1,0)	(118,2,0)	(45,0)	(697,158,39,49,31,16,4,4,8,4,0)	no	(0-1,2-9,3-6,4-5,7-8)(1-2,3-9,4-7,5-8)(1-3,2-5,6-8,7-9)(0-7,4-6,8-9)	-
3436	2126	10	(16,4,3)	-	5	(48,64,14,0,0)	(178,31,1,0)	(118,2,0)	(45,0)	(715,110,93,29,9,34,4,0,12,4,0)	no	(1-9,2-6,3-4,7-8)(2-4,3-5,6-7,8-9)(0-4,2-5,6-8,7-9)(0-8,1-5,3-7,6-9)	-
3437	6750	10	(16,4,8)	-	5	(48,68,10,0,0)	(180,30,0,0)	(118,2,0)	(45,0)	(674,173,73,32,20,10,8,10,10,0,2)	no	(0-5,1-3,2-7,4-8,6-9)(1-4,2-5,6-7,8-9)(0-9,2-4,3-6,7-8)(3-8,5-6,7-9)	-
3438	2144	10	(16,4,5)	-	5	(48,68,10,0,0)	(182,27,1,0)	(118,2,0)	(45,0)	(685,154,81,29,29,2,6,20,2,2,0)	no	(0-7,1-2,3-9,4-6,5-8)(1-8,2-5,3-7,4-9)(0-1,3-5,6-8,7-9)(2-6,4-7,8-9)	-
3439	1833	10	(16,4,2)	-	5	(48,68,10,0,0)	(184,26,0,0)	(120,0,0)	(45,0)	(725,111,50,54,40,8,8,8,0,1,4)	no	(0-2,1-4,3-8,5-6,7-9)(0-7,1-3,2-5,4-9,6-8)(0-1,2-6,3-4,5-9,7-8)(8-9)	-
3440	2194	10	(16,4,4)	-	5	(48,68,10,0,0)	(186,23,1,0)	(120,0,0)	(45,0)	(729,108,47,65,20,10,25,0,0,4,0)	no	(0-6,1-7,2-4,3-9,5-8)(0-3,1-4,5-9,6-8)(0-1,2-3,6-9,7-8)(2-5,4-8,7-9)	-
3441	4846	10	(16,4,1)	-	5	(48,72,6,0,0)	(188,22,0,0)	(120,0,0)	(45,0)	(713,123,64,42,24,22,9,6,4,0,0)	no	(0-1,2-5,3-7,4-9,6-8)(0-2,1-4,3-5,6-9,7-8)(0-4,1-3,2-6,5-8,7-9)(8-9)	-
3442	70	10	(16,5,1)	-	5	(56,40,30,0,0)	(168,32,10,0)	(112,8,0)	(44,1)	(844,10,100,6,0,8,4,6,16,0,0)	no	(1-8,2-5,3-7,6-9)(1-9,2-6,3-5,4-8)(0-1,2-4,6-8,7-9)(3-4,5-9,7-8)(8-9)	-
3443	230	10	(16,4,1)	-	5	(56,40,30,0,0)	(168,36,6,0)	(112,8,0)	(44,1)	(778,22,112,2,64,4,20,2,6,0,0)	no	(1-6,2-8,3-7,5-9)(0-1,2-9,3-8,4-7,5-6)(1-7,2-6,3-9,4-8)(4-6,5-7,8-9)	-
3444	136	10	(16,4,1)	-	5	(56,40,30,0,0)	(176,24,10,0)	(112,8,0)	(44,1)	(738,114,60,6,48,32,4,6,2,0,0)	no	(1-6,2-8,3-5,7-9)(0-1,2-9,3-8,4-7,5-6)(1-7,2-4,3-9,6-8)(4-6,5-7,8-9)	-
3445	870	10	(16,4,2)	-	5	(56,48,22,0,0)	(172,34,4,0)	(112,8,0)	(44,1)	(716,118,90,15,26,24,14,1,2,0,2)	no	(0-1,2-9,3-4,5-6,7-8)(1-7,2-4,3-8,6-9)(2-8,3-5,4-6,7-9)(1-6,5-7,8-9)	-
3446	660	10	(16,4,1)	-	5	(56,48,22,0,0)	(172,34,4,0)	(112,8,0)	(44,1)	(722,117,92,13,33,0,12,0,8,12,0)	no	(1-6,2-3,4-7,8-9)(0-1,2-8,3-4,5-9,6-7)(1-7,2-9,3-5,6-8)(4-8,5-7,6-9)	-
3447	2860	10	(16,4,2)	-	5	(56,52,18,0,0)	(172,36,2,0)	(112,8,0)	(44,1)	(707,117,102,13,44,4,9,4,5,4,3)	no	(1-7,2-3,5-6,8-9)(1-6,2-7,3-8,4-9)(0-1,2-4,3-6,5-9,7-8)(4-6,5-8,7-9)	-
3448	1063	10	(16,4,1)	-	5	(56,52,18,0,0)	(180,28,2,0)	(118,2,0)	(45,0)	(743,42,133,15,49,2,12,0,12,2,0)	no	(0-8,2-6,3-9,4-7)(1-9,2-8,4-6,5-7)(0-1,2-9,3-7,4-8,5-6)(3-8,5-9,6-7)	-
3449	4064	10	(16,4,3)	-	5	(56,58,12,0,0)	(186,23,1,0)	(119,1,0)	(45,0)	(703,131,83,19,39,4,8,15,4,7,0)	no	(1-8,2-7,3-6,5-9)(1-9,2-8,3-7,4-5)(0-1,2-5,3-8,4-7,6-9)(0-7,4-6,8-9)	-
3450	13432	10	(16,4,3)	-	5	(56,62,8,0,0)	(188,22,0,0)	(119,1,0)	(45,0)	(679,154,88,32,23,6,8,13,6,2,1)	no	(1-9,2-6,4-8,5-7)(1-5,2-4,3-9,7-8)(0-1,3-7,4-9,6-8)(0-2,3-8,5-9,6-7)	-
3451	4132	10	(16,4,1)	-	5	(56,62,8,0,0)	(190,19,1,0)	(119,1,0)	(45,0)	(685,147,87,36,25,0,12,4,11,5,0)	no	(1-8,2-9,3-7,5-6)(0-1,2-8,3-9,4-6,5-7)(0-7,1-2,3-6,4-9,5-8)(4-8,7-9)	-
3452	147	10	(16,4,1)	-	5<6	(24,92,4,6,0)	(148,60,1,1)	(108,12,0)	(44,1)	(694,170,48,32,28,0,12,16,12,1,0)	no	(0-4,1-2,3-5,6-8,7-9)(2-8,3-4,5-7,6-9)(4-5,6-7,8-9)(1-7,3-6,4-9,5-8)	-
3453	242	10	(16,5,2)	-	5<6	(24,92,8,2,0)	(160,48,2,0)	(112,8,0)	(44,1)	(726,102,108,4,8,52,0,0,10,0,0)	no	(0-9,1-2,3-5,4-6,7-8)(1-9,2-8,3-4,5-7)(1-7,2-9,6-8)(3-9,5-8,6-7)(4-9)	-
3454	1672	10	(16,4,5)	-	5<6	(28,90,8,0,0)	(164,46,0,0)	(112,8,0)	(44,1)	(745,87,80,45,24,2,1,0,9,15,3)	no	(0-6,1-2,3-4,5-7,8-9)(1-8,2-5,4-9,6-7)(1-3,2-7,5-9,6-8)(3-8,4-7,6-9)	-
3455	672	10	(16,4,2)	-	5<6	(28,90,8,0,0)	(164,46,0,0)	(112,8,0)	(44,1)	(746,84,92,24,36,2,0,0,12,8,8)	no	(0-6,1-2,3-5,4-7,8-9)(2-8,3-9,6-7)(1-3,4-9,5-7,6-8)(1-7,2-4,5-8,6-9)	-
3456	126	10	(16,4,1)	-	5<6	(32,68,26,0,0)	(160,44,6,0)	(112,8,0)	(44,1)	(794,58,28,18,80,0,28,2,0,0,0)	no	(0-1,2-7,3-5,4-8,6-9)(0-2,1-6,4-9,5-8)(0-4,1-3,6-8,7-9)(2-3,5-9,7-8)	-
3457	608	10	(16,5,3)	-	5<6	(32,76,18,0,0)	(160,48,2,0)	(112,8,0)	(44,1)	(766,69,70,32,44,1,6,8,8,0,0)	no	(1-9,2-3,4-7,5-8)(0-5,1-6,2-9,7-8)(1-8,3-9,4-6,5-7)(2-8,3-6,4-9)(7-9)	-
3458	4594	10	(16,4,3)	-	5<6	(32,80,14,0,0)	(156,54,0,0)	(110,10,0)	(44,1)	(688,149,98,16,16,21,3,8,6,6,1)	no	(2-4,3-5,6-8,7-9)(0-9,3-4,5-6,7-8)(1-3,4-5,6-7,8-9)(1-7,2-6,4-9,5-8)	-
3459	772	10	(16,5,3)	-	5<6	(32,80,14,0,0)	(164,44,2,0)	(112,8,0)	(44,1)	(761,71,86,17,42,2,17,0,0,0,10)	no	(1-9,2-8,3-5,4-7)(0-4,1-7,2-9,3-6,5-8)(1-5,3-9,4-8,6-7)(2-6,7-9)(8-9)	-
3460	4712	10	(16,4,8)	-	5<6	(32,82,12,0,0)	(160,50,0,0)	(111,9,0)	(44,1)	(691,153,85,20,20,14,10,4,11,2,1)	no	(2-8,3-9,4-5,6-7)(1-6,2-5,3-8,7-9)(1-3,2-9,4-7,6-8)(0-6,1-5,4-9,7-8)	-
3461	4738	10	(16,4,2)	-	5<6	(32,84,10,0,0)	(164,46,0,0)	(112,8,0)	(44,1)	(698,143,83,22,27,13,12,2,7,0,1)	no	(0-6,1-4,2-7,3-5,8-9)(1-9,2-5,3-8,6-7)(2-6,4-9,7-8)(1-6,3-4,5-8,7-9)	-
3462	1218	10	(16,5,1)	(4,17,1)	5<6	(32,84,10,0,0)	(164,46,0,0)	(112,8,0)	(44,1)	(702,144,78,16,22,22,14,8,2,0,0)	no	(0-9,1-2,3-7,4-6,5-8)(1-9,2-6,3-4,7-8)(2-9,4-8,5-7)(1-8,3-9,5-6)(7-9)	(1-8,2-7,4-5,6-9)(1-4,3-8,5-6,7-9)(2-9,3-7,4-6,5-8)(0-4,1-3,2-8,5-9,6-7)
3463	4544	10	(16,4,4)	-	5<6	(36,76,13,1,0)	(158,51,1,0)	(110,10,0)	(44,1)	(685,156,91,22,20,11,6,5,9,6,1)	no	(2-4,3-9,5-6,7-8)(0-9,1-3,2-8,6-7)(0-4,1-5,2-3,6-8,7-9)(4-8,5-7,6-9)	-
3464	4670	10	(16,4,8)	-	5<6	(36,78,12,0,0)	(166,43,1,0)	(112,8,0)	(44,1)	(705,137,75,29,22,20,8,8,1,2,3)	no	(0-1,2-7,3-6,8-9)(1-2,4-6,5-9,7-8)(2-4,3-5,6-8,7-9)(1-3,4-8,5-7,6-9)	-
3465	2442	10	(16,4,6)	-	5<6	(36,78,12,0,0)	(166,43,1,0)	(112,8,0)	(44,1)	(705,138,75,27,23,19,13,4,2,0,2)	no	(1-3,2-6,4-8,7-9)(1-2,4-6,5-7,8-9)(0-1,2-9,3-8,4-5,6-7)(3-7,5-9,6-8)	-
3466	4712	10	(16,4,5)	-	5<6	(36,80,10,0,0)	(164,46,0,0)	(111,9,0)	(44,1)	(680,168,81,20,24,9,7,12,11,0,0)	no	(2-5,3-9,4-6,7-8)(2-8,3-6,4-5,7-9)(0-7,1-2,5-6,8-9)(1-3,4-7,5-8,6-9)	-
3467	4736	10	(16,4,3)	-	5<6	(36,82,7,1,0)	(164,46,0,0)	(111,9,0)	(44,1)	(671,174,93,12,23,13,7,6,9,4,0)	no	(1-5,2-9,3-6,7-8)(2-4,3-5,6-8,7-9)(0-7,1-2,3-9,4-8,5-6)(4-6,5-7,8-9)	-
3468	1640	10	(16,4,3)	-	5<6	(36,82,7,1,0)	(164,46,0,0)	(111,9,0)	(44,1)	(673,180,75,22,24,9,10,6,12,0,1)	no	(0-8,1-2,3-5,4-6,7-9)(2-6,3-9,4-5,7-8)(1-3,2-7,5-6,8-9)(4-7,5-9,6-8)	-
3469	4738	10	(16,4,1)	-	5<6	(36,82,8,0,0)	(168,42,0,0)	(112,8,0)	(44,1)	(688,153,89,16,23,19,11,0,7,2,4)	no	(1-7,2-6,3-4,8-9)(1-6,2-9,4-7,5-8)(1-5,3-8,4-9,6-7)(0-6,2-8,3-5,7-9)	-
3470	4832	10	(16,4,9)	-	5<6	(36,82,8,0,0)	(168,42,0,0)	(112,8,0)	(44,1)	(688,157,75,26,31,15,4,2,7,5,1)	no	(0-6,1-5,2-7,3-4,8-9)(1-9,2-4,3-8,6-7)(2-6,3-5,4-9,7-8)(1-6,5-8,7-9)	-
3471	9400	10	(16,4,4)	-	5<6	(36,82,8,0,0)	(168,42,0,0)	(112,8,0)	(44,1)	(689,154,81,24,22,18,9,3,5,6,0)	no	(1-8,2-6,3-7,5-9)(1-6,3-4,5-7,8-9)(1-9,2-5,4-8,6-7)(0-6,2-4,3-8,7-9)	-
3472	2502	10	(16,4,3)	-	5<6	(36,82,8,0,0)	(168,42,0,0)	(112,8,0)	(44,1)	(694,150,72,30,24,22,6,4,1,8,0)	no	(0-6,1-4,3-8,7-9)(1-6,2-7,4-5,8-9)(2-9,3-5,4-8,6-7)(1-2,3-9,5-7,6-8)	-
3473	935	10	(16,4,2)	-	5<6	(36,86,4,0,0)	(184,26,0,0)	(120,0,0)	(45,0)	(719,131,32,52,42,16,0,16,0,1,0)	no	(0-6,1-5,2-4,3-9,7-8)(0-2,3-7,4-8,5-9)(1-4,2-3,5-8,6-9)(0-1,6-8,7-9)	-
3474	80	10	(16,4,2)	-	5<6	(40,60,20,6,0)	(140,66,3,1)	(104,16,0)	(43,2)	(786,39,124,9,20,1,0,0,16,0,3)	no	(1-6,2-5,4-9,7-8)(0-1,2-4,3-8,5-9,6-7)(2-3,6-8,7-9)(1-7,3-4,5-8,6-9)	-
3475	198	10	(16,4,1)	-	5<6	(40,60,25,0,1)	(160,40,10,0)	(109,11,0)	(44,1)	(744,117,42,45,0,31,21,0,0,0,0)	no	(0-2,1-5,3-4,6-7,8-9)(2-9,3-8,4-7,5-6)(1-2,4-8,5-7,6-9)(3-6,5-8,7-9)	-
3476	281	10	(16,4,1)	-	5<6	(40,64,22,0,0)	(148,60,2,0)	(104,16,0)	(43,2)	(719,114,92,3,63,4,1,0,8,6,0)	no	(2-4,3-7,5-8,6-9)(2-7,3-6,4-5,8-9)(0-9,1-8,4-6,5-7)(2-6,3-5,4-8,7-9)	-
3477	126	10	(16,4,1)	-	5<6	(40,64,22,0,0)	(152,54,4,0)	(104,16,0)	(43,2)	(711,148,60,9,59,0,9,0,12,0,0)	no	(0-9,2-4,5-7,6-8)(2-3,4-5,6-7,8-9)(1-8,3-7,4-6,5-9)(2-6,3-5,4-8,7-9)	-
3478	2442	10	(16,4,4)	-	5<6	(40,68,18,0,0)	(158,51,1,0)	(110,10,0)	(44,1)	(706,128,84,22,43,0,8,6,15,0,0)	no	(0-5,2-9,4-7,6-8)(1-5,3-4,6-9,7-8)(1-2,3-8,5-6,7-9)(2-8,3-6,4-9,5-7)	-
3479	786	10	(16,4,2)	-	5<6	(40,68,18,0,0)	(160,48,2,0)	(110,10,0)	(44,1)	(710,135,63,30,42,3,10,4,14,0,1)	no	(0-5,1-2,3-7,4-9,6-8)(1-5,2-8,3-6,7-9)(2-9,3-8,4-7,5-6)(4-6,5-7,8-9)	-
3480	356	10	(16,4,1)	-	5<6	(40,68,18,0,0)	(164,42,4,0)	(110,10,0)	(44,1)	(710,157,37,30,32,17,14,0,12,0,3)	no	(1-2,3-6,5-7,8-9)(2-8,3-4,5-6,7-9)(1-5,2-9,4-8,6-7)(0-5,3-7,4-9,6-8)	-
3481	1478	10	(16,4,1)	-	5<6	(40,72,14,0,0)	(168,40,2,0)	(112,8,0)	(44,1)	(705,135,83,28,12,22,14,5,2,0,3)	no	(1-2,3-8,5-6,7-9)(1-6,3-9,4-7,5-8)(0-1,2-7,4-9,6-8)(2-3,4-6,5-7,8-9)	-
3482	1464	10	(16,4,4)	-	5<6	(40,72,14,0,0)	(168,40,2,0)	(112,8,0)	(44,1)	(711,129,85,12,26,28,8,5,2,0,3)	no	(1-6,2-8,3-9,4-7)(1-7,2-6,4-9,5-8)(0-1,2-3,4-5,6-8,7-9)(3-7,5-6,8-9)	-
3483	1615	10	(16,4,4)	-	5<6	(40,72,14,0,0)	(168,42,0,0)	(116,4,0)	(45,0)	(665,203,56,20,24,8,12,8,16,1,0)	no	(0-5,1-4,2-6,3-7,8-9)(2-8,5-6,7-9)(0-9,1-8,2-4,3-5,6-7)(3-9,4-7,6-8)	-
3484	2864	10	(16,4,1)	-	5<6	(40,74,12,0,0)	(166,43,1,0)	(111,9,0)	(44,1)	(683,166,75,32,16,7,12,10,8,2,1)	no	(1-5,2-9,3-7,6-8)(0-9,1-2,3-5,4-6,7-8)(2-7,3-4,5-6,8-9)(4-8,5-7,6-9)	-
3485	4832	10	(16,4,11)	-	5<6	(40,76,10,0,0)	(168,42,0,0)	(112,8,0)	(44,1)	(687,154,87,20,28,8,12,5,6,2,1)	no	(0-6,1-3,2-8,4-5,7-9)(1-6,2-9,3-8,4-7)(1-9,2-5,4-8,6-7)(3-9,5-7,6-8)	-
3486	4738	10	(16,4,1)	-	5<6	(40,76,10,0,0)	(168,42,0,0)	(112,8,0)	(44,1)	(692,146,85,26,29,6,13,4,6,0,4)	no	(1-9,2-5,3-7,6-8)(2-9,4-8,6-7)(1-6,3-9,4-5,7-8)(0-6,1-2,3-4,5-8,7-9)	-
3487	2928	10	(16,4,4)	-	5<6	(40,78,7,1,0)	(170,39,1,0)	(112,8,0)	(44,1)	(689,152,81,30,30,6,9,0,8,0,4)	no	(0-6,1-8,2-9,3-7,4-5)(1-6,3-5,4-8,7-9)(1-9,2-4,5-8,6-7)(2-7,3-9,6-8)	-
3488	2294	10	(16,4,3)	-	5<6	(42,83,0,1,0)	(184,26,0,0)	(118,2,0)	(45,0)	(643,223,60,32,18,0,16,3,18,0,0)	no	(1-5,3-9,4-6,7-8)(0-9,2-8,3-5,6-7)(0-4,2-3,6-8,7-9)(1-8,2-4,5-7,6-9)	-
3489	13156	10	(16,4,12)	-	5<6	(44,72,10,0,0)	(176,34,0,0)	(117,3,0)	(45,0)	(668,187,68,27,18,9,12,12,11,1,0)	no	(0-1,2-7,3-9,4-8,5-6)(1-8,2-5,3-7,4-9)(1-2,3-6,5-8,7-9)(0-7,4-6,8-9)	-
3490	6734	10	(16,4,6)	-	5<6	(44,72,10,0,0)	(180,30,0,0)	(119,1,0)	(45,0)	(706,135,61,36,42,5,14,2,3,5,0)	no	(0-2,1-9,3-7,6-8)(1-5,2-9,3-8,4-7)(0-1,2-6,3-5,4-8,7-9)(4-6,5-7,8-9)	-
3491	3576	10	(16,4,5)	-	5<6	(44,74,8,0,0)	(184,26,0,0)	(120,0,0)	(45,0)	(718,125,52,36,39,28,2,0,8,0,0)	no	(0-2,1-6,3-9,5-8)(0-1,2-7,3-4,5-9,6-8)(0-5,1-3,2-4,6-9,7-8)(4-8,7-9)	-
3492	2166	10	(16,4,2)	-	5<6	(44,74,8,0,0)	(186,23,1,0)	(120,0,0)	(45,0)	(723,120,39,61,28,20,13,0,0,4,0)	no	(0-2,1-7,3-5,4-8,6-9)(0-1,2-5,3-4,6-8,7-9)(0-6,1-3,2-4,5-9,7-8)(8-9)	-
3493	13588	10	(16,4,3)	-	5<6	(44,76,6,0,0)	(184,26,0,0)	(119,1,0)	(45,0)	(685,176,47,32,28,15,7,7,10,6,0)	no	(0-7,1-8,2-6,3-5,4-9)(1-9,2-7,3-4,5-8)(0-1,2-9,3-7,6-8)(4-6,5-9,7-8)	-
3494	912	10	(16,5,2)	-	5<6	(44,78,4,0,0)	(180,30,0,0)	(120,0,0)	(45,0)	(765,135,48,20,10,0,0,0,0,0,4)	no	(0-9,1-6,2-5,3-7)(0-5,1-9,2-8,4-6)(0-1,2-9,3-5,4-7,6-8)(3-9,7-8)(4-9)	-
3495	6690	10	(16,4,2)	-	5<6	(44,78,4,0,0)	(184,26,0,0)	(118,2,0)	(45,0)	(653,203,75,22,14,14,13,8,6,5,0)	no	(0-9,2-6,3-4,7-8)(1-7,2-9,4-8,5-6)(1-9,2-3,5-8,6-7)(0-8,3-7,4-5,6-9)	-
3496	1824	10	(16,4,2)	-	5<6	(44,78,4,0,0)	(188,22,0,0)	(120,0,0)	(45,0)	(695,155,70,16,24,16,30,0,0,2,0)	no	(1-4,2-8,3-5,6-9)(0-6,2-4,5-8,7-9)(0-2,1-7,3-9,6-8)(0-3,1-5,4-9,7-8)	-
3497	6902	10	(16,4,2)	-	5<6	(44,78,4,0,0)	(188,22,0,0)	(120,0,0)	(45,0)	(699,151,48,48,24,16,14,2,2,5,0)	no	(0-7,1-3,2-9,6-8)(0-4,1-2,3-6,5-9,7-8)(0-5,2-4,3-8,6-9)(1-5,4-8,7-9)	-
3498	1885	10	(16,4,1)	-	5<6	(44,82,0,0,0)	(192,18,0,0)	(120,0,0)	(45,0)	(679,183,54,8,48,24,0,2,8,5,0)	no	(1-5,2-4,3-8,7-9)(0-7,1-3,4-9,6-8)(0-1,2-6,3-4,5-9,7-8)(0-2,5-6,8-9)	-
3499	13314	10	(16,4,3)	-	5<6	(46,73,7,0,0)	(184,26,0,0)	(119,1,0)	(45,0)	(686,164,60,35,33,7,8,6,6,4,2)	no	(1-5,2-6,3-7,8-9)(1-8,2-9,3-5,4-7)(0-1,3-4,6-9,7-8)(0-2,4-6,5-8,7-9)	-
3500	13310	10	(16,4,3)	-	5<6	(46,75,5,0,0)	(184,26,0,0)	(118,2,0)	(45,0)	(653,207,65,30,16,6,11,15,10,0,0)	no	(1-4,2-6,5-8,7-9)(2-8,3-9,4-6,5-7)(0-8,1-5,2-3,4-9,6-7)(0-9,3-7,6-8)	-
3501	13314	10	(16,4,6)	-	5<6	(46,75,5,0,0)	(184,26,0,0)	(118,2,0)	(45,0)	(654,200,72,31,17,4,12,12,8,3,0)	no	(0-4,2-6,5-9,7-8)(1-5,2-7,3-6,8-9)(0-9,3-5,4-8,6-7)(1-8,2-4,3-7,6-9)	-
3502	26540	10	(16,4,10)	-	5<6	(46,75,5,0,0)	(184,26,0,0)	(118,2,0)	(45,0)	(659,199,63,32,15,9,15,14,5,2,0)	no	(1-5,2-7,4-6,8-9)(0-5,1-8,2-6,3-7,4-9)(2-9,3-8,6-7)(0-9,3-4,5-6,7-8)	-
3503	13386	10	(16,4,3)	-	5<6	(46,75,5,0,0)	(184,26,0,0)	(118,2,0)	(45,0)	(660,198,63,31,16,10,17,7,9,2,0)	no	(0-8,1-5,2-6,3-4,7-9)(0-5,2-7,3-6,8-9)(2-5,3-8,4-9,6-7)(1-9,4-7,6-8)	-
3504	13446	10	(16,4,8)	-	5<6	(46,75,5,0,0)	(188,22,0,0)	(120,0,0)	(45,0)	(700,149,51,42,30,16,8,9,0,0,5)	no	(0-2,3-5,4-9,6-8)(0-5,1-3,2-4,6-9,7-8)(0-1,2-6,5-8,7-9)(1-4,3-7,8-9)	-
3505	13334	10	(16,4,6)	-	5<6	(46,77,2,1,0)	(184,26,0,0)	(118,2,0)	(45,0)	(653,203,65,42,9,8,9,11,11,2,0)	no	(1-8,3-9,4-5,6-7)(0-1,2-9,3-4,5-7,6-8)(1-2,3-6,4-9,7-8)(0-7,2-5,8-9)	-
3506	126	10	(16,5,1)	-	5<6	(48,52,26,0,0)	(160,44,6,0)	(112,8,0)	(44,1)	(820,26,108,18,0,0,4,2,16,0,0)	no	(1-8,2-4,3-6,7-9)(0-1,2-5,3-8,4-7,6-9)(1-9,2-3,5-8)(4-9,6-8)(5-9,7-8)	-
3507	454	10	(16,4,1)	-	5<6	(48,52,26,0,0)	(168,36,6,0)	(112,8,0)	(44,1)	(746,82,82,10,56,16,12,2,4,0,0)	no	(1-6,2-9,3-8,4-7)(0-1,2-8,3-6,4-9,5-7)(1-7,3-9,4-8,5-6)(2-5,6-8,7-9)	-
3508	2366	10	(16,4,2)	-	5<6	(48,60,18,0,0)	(168,40,2,0)	(112,8,0)	(44,1)	(711,119,96,18,29,11,12,6,3,4,0)	no	(1-6,2-9,3-7,5-8)(1-7,2-8,4-9,5-6)(0-1,3-9,4-7,6-8)(2-4,3-8,5-7,6-9)	-
3509	630	10	(16,4,1)	-	5<6	(48,60,18,0,0)	(168,40,2,0)	(112,8,0)	(44,1)	(714,117,90,16,38,9,20,0,0,0,6)	no	(1-6,2-9,3-7,5-8)(1-7,2-8,3-9,4-6)(0-1,2-5,3-8,4-9,6-7)(4-8,5-7,6-9)	-
3510	1496	10	(16,4,2)	-	5<6	(48,60,18,0,0)	(168,40,2,0)	(112,8,0)	(44,1)	(716,115,104,15,29,0,10,0,8,10,2)	no	(1-6,2-8,3-9,4-7)(0-1,2-9,3-5,4-8,6-7)(1-7,2-4,5-9,6-8)(3-8,5-7,6-9)	-
3511	1116	10	(16,5,3)	-	5<6	(48,60,18,0,0)	(176,32,2,0)	(118,2,0)	(45,0)	(727,106,76,9,57,2,17,6,10,0,0)	no	(1-8,3-6,4-7,5-9)(0-1,2-4,3-8,6-9)(2-3,5-8,7-9)(2-5,4-9,6-8)(0-9,7-8)	-
3512	1065	10	(16,4,3)	-	5<6	(48,64,12,2,0)	(176,32,2,0)	(118,2,0)	(45,0)	(722,110,73,15,62,12,8,0,2,0,4)	no	(0-2,1-9,3-4,5-7,6-8)(1-6,2-7,3-9,4-8)(0-1,3-7,4-9,5-8)(2-8,5-9,6-7)	-
3513	4670	10	(16,4,1)	-	5<6	(48,64,14,0,0)	(170,39,1,0)	(112,8,0)	(44,1)	(699,129,95,29,28,6,8,6,6,4,1)	no	(1-6,2-3,4-9,7-8)(0-1,2-8,5-6,7-9)(2-9,3-5,4-7,6-8)(1-7,3-8,4-5,6-9)	-
3514	1478	10	(16,4,1)	-	5<6	(48,64,14,0,0)	(172,36,2,0)	(112,8,0)	(44,1)	(693,151,83,17,30,10,12,8,0,4,3)	no	(1-6,2-3,4-8,7-9)(0-1,4-6,5-9,7-8)(2-9,3-4,5-7,6-8)(1-7,2-8,3-5,6-9)	-
3515	2864	10	(16,4,1)	-	5<6	(48,64,14,0,0)	(172,36,2,0)	(112,8,0)	(44,1)	(699,139,86,19,34,8,11,4,7,2,1)	no	(1-7,2-9,3-6,4-8)(1-6,3-9,4-5,7-8)(0-1,2-5,3-8,4-7,6-9)(2-8,5-6,7-9)	-
3516	195	10	(16,4,3)	-	5<6	(48,68,8,2,0)	(184,24,2,0)	(120,0,0)	(45,0)	(739,105,54,2,84,16,0,0,8,0,0)	no	(0-3,1-7,2-8,4-5,6-9)(0-6,1-5,2-3,4-8,7-9)(0-2,1-4,3-9,6-8)(5-9,7-8)	-
3517	4082	10	(16,4,2)	-	5<6	(48,68,9,1,0)	(178,31,1,0)	(117,3,0)	(45,0)	(669,189,61,32,19,12,7,12,5,6,0)	no	(0-9,1-8,2-4,3-5,6-7)(3-9,5-6,7-8)(4-9,5-7,6-8)(0-7,1-9,2-6,3-4,5-8)	-
3518	4060	10	(16,4,4)	-	5<6	(48,68,9,1,0)	(180,28,2,0)	(117,3,0)	(45,0)	(676,179,55,42,19,8,16,8,4,2,3)	no	(1-9,3-5,4-8,6-7)(0-9,1-2,3-4,5-6,7-8)(3-8,5-7,6-9)(0-8,2-7,4-6,5-9)	-
3519	6704	10	(16,4,7)	-	5<6	(48,68,10,0,0)	(180,30,0,0)	(118,2,0)	(45,0)	(680,162,82,25,24,6,13,8,7,2,3)	no	(0-7,1-2,3-5,4-8,6-9)(0-1,2-6,3-7,4-9,5-8)(1-3,2-9,4-7,6-8)(5-9,7-8)	-
3520	4092	10	(16,4,2)	-	5<6	(48,68,10,0,0)	(182,27,1,0)	(118,2,0)	(45,0)	(683,162,87,9,29,8,4,22,7,0,0)	no	(1-8,2-7,3-4,5-9)(0-1,2-9,5-8,6-7)(0-2,1-6,3-5,4-9,7-8)(3-6,4-7,8-9)	-
3521	4048	10	(16,4,3)	-	5<6	(48,68,10,0,0)	(182,27,1,0)	(118,2,0)	(45,0)	(689,164,56,29,40,2,8,14,7,2,0)	no	(1-3,2-9,4-6,7-8)(0-1,2-6,3-7,4-9,5-8)(1-2,4-8,5-6,7-9)(0-7,3-5,8-9)	-
3522	4088	10	(16,4,6)	-	5<6	(48,70,7,1,0)	(182,27,1,0)	(118,2,0)	(45,0)	(685,159,70,44,15,6,16,0,11,2,4)	no	(1-2,3-8,4-7,6-9)(0-1,2-6,3-9,4-8,5-7)(1-3,2-7,5-9,6-8)(0-7,4-5,8-9)	-
3523	4076	10	(16,5,1)	(4,17,2)	5<6	(48,70,8,0,0)	(186,23,1,0)	(119,1,0)	(45,0)	(697,159,49,31,35,8,8,15,8,1,0)	no	(1-9,2-6,3-8,4-5)(0-1,2-9,5-8,6-7)(1-2,3-9,4-6,7-8)(0-8,3-7,4-9)(5-9)	(0-2,1-3,4-9,5-6,7-8)(0-4,1-7,2-8,6-9)(0-1,3-6,5-8,7-9)(2-3,4-6,5-7,8-9)
3524	6696	10	(16,4,1)	-	5<6	(48,72,6,0,0)	(184,26,0,0)	(118,2,0)	(45,0)	(649,215,54,42,14,4,16,7,8,2,2)	no	(0-9,2-6,3-5,7-8)(1-8,2-4,3-9,6-7)(4-5,6-8,7-9)(0-4,1-5,2-8,3-7,6-9)	-
3525	26440	10	(16,4,7)	-	5<6	(48,72,6,0,0)	(184,26,0,0)	(118,2,0)	(45,0)	(653,207,62,38,10,7,14,9,12,1,0)	no	(1-8,2-5,3-6,7-9)(0-9,2-6,3-8,4-7)(0-5,2-7,4-9,6-8)(1-7,3-4,5-6,8-9)	-
3526	3500	10	(16,4,1)	-	5<6	(48,72,6,0,0)	(184,26,0,0)	(118,2,0)	(45,0)	(656,201,71,28,10,8,14,20,4,1,0)	no	(0-5,1-4,2-6,3-8,7-9)(2-7,3-6,8-9)(0-2,1-3,4-9,5-8,6-7)(4-7,5-9,6-8)	-
3527	26464	10	(16,4,11)	-	5<6	(48,72,6,0,0)	(184,26,0,0)	(118,2,0)	(45,0)	(657,196,71,36,9,9,12,14,6,3,0)	no	(1-9,2-5,3-4,7-8)(0-1,2-4,3-9,5-8,6-7)(0-2,1-6,3-8,7-9)(4-6,5-7,8-9)	-
3528	3472	10	(16,4,1)	-	5<6	(48,72,6,0,0)	(184,26,0,0)	(118,2,0)	(45,0)	(659,199,60,38,12,6,22,8,8,1,0)	no	(0-9,2-6,3-7,4-8)(0-5,1-4,2-9,3-6,7-8)(1-9,2-7,4-6,5-8)(3-8,5-7,6-9)	-
3529	2206	10	(16,4,1)	-	5<6	(48,72,6,0,0)	(190,19,1,0)	(120,0,0)	(45,0)	(701,144,73,17,24,36,5,4,2,0,0)	no	(0-7,1-2,3-5,4-8,6-9)(0-1,2-5,3-4,6-8,7-9)(0-2,1-4,3-6,5-9,7-8)(8-9)	-
3530	3466	10	(16,5,1)	(4,17,4)	5<6	(48,74,3,1,0)	(184,26,0,0)	(118,2,0)	(45,0)	(656,199,67,40,8,6,14,12,10,1,0)	no	(0-4,1-6,2-9,3-7,5-8)(2-8,3-9,4-7,5-6)(0-8,1-3,2-6,4-9,5-7)(7-9)(8-9)	(2-4,3-7,5-9,6-8)(1-2,4-5,6-9,7-8)(0-8,1-3,2-5,4-6,7-9)(0-9,3-6,4-8,5-7)
3531	13744	10	(16,4,6)	-	5<6	(48,74,4,0,0)	(188,22,0,0)	(119,1,0)	(45,0)	(665,196,53,35,26,9,7,8,9,4,0)	no	(0-7,2-5,3-9,4-8)(1-8,2-6,3-7,4-9)(1-2,3-6,5-9,7-8)(0-1,4-6,5-8,7-9)	-
3532	13756	10	(16,4,6)	-	5<6	(48,74,4,0,0)	(188,22,0,0)	(119,1,0)	(45,0)	(669,185,63,35,19,11,9,12,4,4,1)	no	(1-8,2-3,4-9,6-7)(0-1,2-4,3-8,5-7,6-9)(0-7,1-2,3-9,4-5,6-8)(5-9,7-8)	-
3533	26784	10	(16,4,6)	-	5<6	(48,74,4,0,0)	(188,22,0,0)	(119,1,0)	(45,0)	(670,180,65,38,24,7,6,10,8,4,0)	no	(0-7,1-2,3-9,4-5,6-8)(1-8,2-9,3-4,6-7)(0-1,4-9,5-6,7-8)(2-5,3-8,7-9)	-
3534	13764	10	(16,4,9)	-	5<6	(48,74,4,0,0)	(188,22,0,0)	(119,1,0)	(45,0)	(672,177,66,40,18,9,9,10,7,4,0)	no	(1-9,2-6,3-8,4-7)(1-8,2-9,3-6,5-7)(0-8,1-6,2-5,3-4,7-9)(0-7,4-5,8-9)	-
3535	26784	10	(16,4,10)	-	5<6	(48,74,4,0,0)	(188,22,0,0)	(119,1,0)	(45,0)	(675,171,66,45,19,6,8,10,8,4,0)	no	(0-1,2-9,3-8,4-5,6-7)(1-2,3-9,4-8,5-7)(1-3,2-6,4-9,7-8)(0-7,5-6,8-9)	-
3536	7012	10	(16,4,2)	-	5<6	(48,76,2,0,0)	(192,18,0,0)	(120,0,0)	(45,0)	(682,173,58,26,31,18,8,4,6,3,2)	no	(0-1,2-6,3-8,4-5,7-9)(0-7,1-5,2-3,4-9,6-8)(0-3,1-2,4-6,5-9,7-8)(8-9)	-
3537	3696	10	(16,4,1)	-	5<6	(48,76,2,0,0)	(192,18,0,0)	(120,0,0)	(45,0)	(683,165,70,22,28,24,6,0,8,3,2)	no	(1-6,2-4,3-8,7-9)(0-7,1-3,4-8,5-9)(0-1,2-5,3-4,6-9,7-8)(0-2,5-6,8-9)	-
3538	13314	10	(16,4,2)	-	5<6	(50,67,9,0,0)	(184,26,0,0)	(119,1,0)	(45,0)	(691,156,58,45,22,13,10,4,6,4,2)	no	(1-7,2-9,3-5,6-8)(1-9,2-8,3-7,4-6)(0-1,3-9,4-8,5-7)(0-2,4-9,5-6,7-8)	-
3539	26444	10	(16,4,8)	-	5<6	(50,69,7,0,0)	(184,26,0,0)	(118,2,0)	(45,0)	(653,206,63,37,12,8,13,9,9,2,1)	no	(0-5,1-4,2-9,3-6,7-8)(1-8,2-7,4-9,5-6)(0-9,2-8,3-4,6-7)(3-9,5-7,6-8)	-
3540	26468	10	(16,4,4)	-	5<6	(50,69,7,0,0)	(184,26,0,0)	(118,2,0)	(45,0)	(662,185,75,40,9,5,16,11,8,1,1)	no	(1-8,2-5,3-9,6-7)(0-1,2-9,3-7,4-5,6-8)(1-2,4-9,5-6,7-8)(0-7,3-4,8-9)	-
3541	13442	10	(16,4,18)	-	5<6	(50,69,7,0,0)	(188,22,0,0)	(120,0,0)	(45,0)	(700,145,57,44,26,18,6,4,7,0,0)	no	(0-4,1-7,2-8,3-5,6-9)(1-5,2-6,3-9,4-8)(0-1,2-4,5-9,7-8)(0-6,3-7,8-9)	-
3542	26780	10	(16,4,1)	-	5<6	(50,71,5,0,0)	(188,22,0,0)	(119,1,0)	(45,0)	(666,192,57,34,25,11,6,9,7,5,0)	no	(0-8,1-9,2-5,3-7,4-6)(1-8,2-9,3-5,6-7)(0-7,2-6,3-9,4-8)(1-4,5-8,7-9)	-
3543	26764	10	(16,4,3)	-	5<6	(50,71,5,0,0)	(188,22,0,0)	(119,1,0)	(45,0)	(667,185,68,32,22,10,7,6,12,3,0)	no	(0-7,1-2,3-6,4-8,5-9)(0-1,2-9,3-8,4-7)(1-3,4-5,6-9,7-8)(2-5,6-8,7-9)	-
3544	13470	10	(16,4,2)	-	5<6	(50,71,5,0,0)	(188,22,0,0)	(119,1,0)	(45,0)	(668,183,64,41,20,10,2,12,9,1,2)	no	(1-9,2-5,3-7,6-8)(0-2,3-9,4-8,6-7)(0-1,2-9,4-5,7-8)(1-6,3-4,5-8,7-9)	-
3545	26804	10	(16,4,13)	-	5<6	(50,71,5,0,0)	(188,22,0,0)	(119,1,0)	(45,0)	(669,183,62,40,21,7,13,2,11,4,0)	no	(0-1,2-9,3-5,4-6,7-8)(1-8,2-6,3-9,4-7)(1-2,3-4,5-8,7-9)(0-7,5-6,8-9)	-
3546	26764	10	(16,4,6)	-	5<6	(50,71,5,0,0)	(188,22,0,0)	(119,1,0)	(45,0)	(670,181,66,36,21,9,9,8,8,2,2)	no	(0-2,1-9,3-8,4-7)(0-1,2-5,3-7,4-9,6-8)(1-6,2-4,5-8,7-9)(3-6,5-7,8-9)	-
3547	26764	10	(16,4,9)	-	5<6	(50,71,5,0,0)	(188,22,0,0)	(119,1,0)	(45,0)	(671,179,64,42,21,5,8,9,8,5,0)	no	(1-9,2-7,3-6,5-8)(1-8,2-9,3-7,4-5)(0-8,1-6,2-5,3-4,7-9)(0-7,4-6,8-9)	-
3548	13646	10	(16,4,1)	-	5<6	(50,73,3,0,0)	(192,18,0,0)	(120,0,0)	(45,0)	(687,158,65,35,29,16,6,4,3,6,2)	no	(0-5,1-8,2-6,3-4,7-9)(0-2,1-7,3-9,5-8)(0-1,2-9,4-5,6-8)(3-6,4-9,7-8)	-
3549	13626	10	(16,4,1)	-	5<6	(50,75,1,0,0)	(192,18,0,0)	(119,1,0)	(45,0)	(647,209,75,27,10,10,11,18,6,0,0)	no	(0-1,2-9,3-4,5-8,6-7)(0-7,1-2,5-9,6-8)(1-3,2-6,4-9,7-8)(3-5,4-7,8-9)	-
3550	6800	10	(16,4,5)	-	5<6	(52,62,12,0,0)	(182,27,1,0)	(118,2,0)	(45,0)	(681,169,57,46,21,8,9,7,10,4,0)	no	(1-5,2-9,4-6,7-8)(0-1,2-6,3-7,4-8,5-9)(0-4,2-7,3-8,6-9)(3-6,5-7,8-9)	-
3551	4072	10	(16,4,1)	-	5<6	(52,62,12,0,0)	(182,27,1,0)	(118,2,0)	(45,0)	(695,144,73,39,23,4,6,20,5,2,0)	no	(0-5,1-7,2-8,3-9,4-6)(0-2,1-3,4-9,5-7,6-8)(0-4,1-6,2-3,5-9,7-8)(8-9)	-
3552	1287	10	(16,4,2)	-	5<6	(52,64,9,1,0)	(188,20,2,0)	(120,0,0)	(45,0)	(719,125,60,34,30,24,4,4,8,0,0)	no	(0-1,2-7,3-5,4-8,6-9)(0-3,1-2,4-5,6-8,7-9)(0-2,1-6,3-4,5-9,7-8)(8-9)	-
3553	6798	10	(16,4,3)	-	5<6	(52,64,10,0,0)	(184,26,0,0)	(119,1,0)	(45,0)	(694,147,73,30,24,17,12,2,9,1,0)	no	(0-2,1-8,3-5,4-9,6-7)(1-6,2-9,3-8,4-7)(0-1,2-7,4-8,5-9)(3-9,5-7,6-8)	-
3554	8152	10	(16,4,3)	-	5<6	(52,64,10,0,0)	(186,23,1,0)	(119,1,0)	(45,0)	(693,151,68,28,36,12,7,7,0,7,0)	no	(0-2,1-4,3-8,7-9)(0-7,2-5,4-9,6-8)(0-1,2-6,3-4,5-9,7-8)(1-6,3-5,8-9)	-
3555	1818	10	(16,5,4)	-	5<6	(52,66,8,0,0)	(180,30,0,0)	(120,0,0)	(45,0)	(774,103,78,20,3,0,0,0,0,0,0)	no	(0-9,1-3,2-7,4-5,6-8)(0-2,1-9,3-8,4-6)(0-5,2-9,6-7)(1-5,3-9,7-8)(4-9)	-
3556	3406	10	(16,4,1)	-	5<6	(52,66,8,0,0)	(184,26,0,0)	(118,2,0)	(45,0)	(658,185,87,34,8,9,10,12,4,2,4)	no	(1-7,2-8,3-9,5-6)(2-9,3-6,4-8,5-7)(0-9,2-4,3-8,6-7)(0-5,1-8,4-6,7-9)	-
3557	13244	10	(16,4,4)	-	5<6	(52,66,8,0,0)	(184,26,0,0)	(118,2,0)	(45,0)	(663,190,67,37,11,8,15,15,5,2,0)	no	(0-5,2-8,4-6,7-9)(1-4,2-9,3-8,6-7)(0-9,1-5,3-7,6-8)(2-3,4-7,5-8,6-9)	-
3558	13516	10	(16,4,13)	-	5<6	(52,66,8,0,0)	(184,26,0,0)	(118,2,0)	(45,0)	(663,191,64,40,10,7,18,12,6,2,0)	no	(0-5,1-4,2-8,3-6,7-9)(0-9,1-5,2-7,3-8,4-6)(2-9,4-7,6-8)(3-7,5-8,6-9)	-
3559	13324	10	(16,4,3)	-	5<6	(52,66,8,0,0)	(184,26,0,0)	(118,2,0)	(45,0)	(666,182,73,37,11,4,21,11,6,2,0)	no	(0-5,1-4,2-9,3-6,7-8)(3-8,5-6,7-9)(0-9,1-5,2-3,4-7,6-8)(2-7,4-8,6-9)	-
3560	8212	10	(16,4,4)	-	5<6	(52,66,8,0,0)	(186,23,1,0)	(118,2,0)	(45,0)	(666,192,64,28,15,7,26,6,6,3,0)	no	(0-7,1-8,2-5,3-9,4-6)(1-2,3-8,4-9,6-7)(0-1,2-6,3-5,4-8,7-9)(5-7,8-9)	-
3561	2160	10	(16,4,1)	-	5<6	(52,66,8,0,0)	(186,23,1,0)	(118,2,0)	(45,0)	(669,178,83,21,15,6,28,2,8,2,0)	no	(0-8,1-5,2-6,3-9,4-7)(1-9,2-8,4-6,5-7)(0-4,3-7,5-6,8-9)(2-9,3-8,6-7)	-
3562	2178	10	(16,4,1)	-	5<6	(52,66,8,0,0)	(190,19,1,0)	(120,0,0)	(45,0)	(707,132,71,25,38,16,11,4,2,0,0)	no	(0-2,1-7,3-5,4-8,6-9)(0-3,1-2,4-5,6-8,7-9)(0-6,1-3,2-4,5-9,7-8)(8-9)	-
3563	13752	10	(16,4,7)	-	5<6	(52,68,6,0,0)	(188,22,0,0)	(119,1,0)	(45,0)	(668,187,56,45,17,13,5,6,11,4,0)	no	(1-8,2-6,4-7,5-9)(0-2,1-9,3-8,4-6,5-7)(0-1,2-5,3-9,7-8)(3-4,6-7,8-9)	-
3564	13744	10	(16,4,14)	-	5<6	(52,68,6,0,0)	(188,22,0,0)	(119,1,0)	(45,0)	(669,181,66,41,19,6,11,7,6,4,2)	no	(1-9,2-6,3-7,5-8)(1-5,2-9,4-7,6-8)(0-8,1-2,3-5,4-6,7-9)(0-7,3-4,8-9)	-
3565	7058	10	(16,4,1)	-	5<6	(52,68,6,0,0)	(188,22,0,0)	(119,1,0)	(45,0)	(670,173,81,25,29,8,4,11,5,6,0)	no	(1-9,2-4,3-7,6-8)(1-3,2-9,4-7,5-8)(0-8,1-6,2-5,3-4,7-9)(0-7,5-6,8-9)	-
3566	26704	10	(16,4,2)	-	5<6	(52,68,6,0,0)	(188,22,0,0)	(119,1,0)	(45,0)	(670,182,67,33,19,12,7,10,9,2,1)	no	(1-6,2-9,3-8,5-7)(1-7,2-8,3-4,5-9)(0-1,3-6,4-8,7-9)(0-2,4-5,6-7,8-9)	-
3567	13628	10	(16,4,2)	-	5<6	(52,68,6,0,0)	(188,22,0,0)	(119,1,0)	(45,0)	(672,179,61,43,22,4,7,14,7,3,0)	no	(0-2,1-9,3-8,4-6,5-7)(0-1,3-9,5-8,6-7)(1-6,2-9,3-4,7-8)(2-5,4-8,7-9)	-
3568	26752	10	(16,4,10)	-	5<6	(52,68,6,0,0)	(188,22,0,0)	(119,1,0)	(45,0)	(674,174,65,42,19,11,8,7,5,5,2)	no	(1-9,2-8,3-4,5-7)(1-3,2-9,4-8,6-7)(0-7,1-8,2-5,3-9,4-6)(0-8,5-6,7-9)	-
3569	13636	10	(16,4,2)	-	5<6	(52,68,6,0,0)	(188,22,0,0)	(119,1,0)	(45,0)	(676,172,64,44,17,7,8,16,4,4,0)	no	(1-6,2-9,3-7,4-8)(1-8,2-7,3-5,4-9)(0-1,3-6,5-8,7-9)(0-2,4-6,5-7,8-9)	-
3570	13396	10	(16,4,2)	-	5<6	(52,68,6,0,0)	(188,22,0,0)	(119,1,0)	(45,0)	(680,162,64,54,19,1,11,11,6,3,0)	no	(0-7,1-8,2-5,3-6,4-9)(0-1,2-9,4-8,6-7)(1-2,3-9,4-5,7-8)(3-7,5-6,8-9)	-
3571	7006	10	(16,4,1)	-	5<6	(52,70,4,0,0)	(192,18,0,0)	(120,0,0)	(45,0)	(677,179,57,32,29,14,6,5,6,4,2)	no	(0-2,1-5,3-8,4-6,7-9)(0-7,2-6,4-8,5-9)(0-1,3-4,6-9,7-8)(1-2,3-5,8-9)	-
3572	13844	10	(16,4,1)	-	5<6	(52,70,4,0,0)	(192,18,0,0)	(120,0,0)	(45,0)	(686,161,59,42,26,18,2,7,2,6,1)	no	(0-3,1-8,2-4,5-6,7-9)(1-7,2-9,3-6,5-8)(0-1,3-9,4-5,6-8)(0-2,4-9,7-8)	-
3573	6790	10	(16,4,1)	-	5<6	(52,70,4,0,0)	(192,18,0,0)	(120,0,0)	(45,0)	(686,163,58,38,33,8,8,4,8,3,2)	no	(0-1,2-5,3-8,4-6,7-9)(0-7,1-5,2-3,4-9,6-8)(0-3,1-6,2-4,5-9,7-8)(8-9)	-
3574	13282	10	(16,4,8)	-	5<6	(54,63,9,0,0)	(186,23,1,0)	(118,2,0)	(45,0)	(661,188,74,35,11,5,16,18,5,0,0)	no	(0-1,2-6,3-5,4-9,7-8)(2-4,3-9,5-8,6-7)(0-5,1-4,6-8,7-9)(2-8,3-7,6-9)	-
3575	26716	10	(16,4,3)	-	5<6	(54,65,7,0,0)	(188,22,0,0)	(119,1,0)	(45,0)	(668,188,62,32,19,14,12,6,5,4,3)	no	(1-7,2-8,3-6,4-9)(0-1,2-9,3-8,4-5,6-7)(0-2,1-6,3-4,5-9,7-8)(5-7,8-9)	-
3576	13466	10	(16,4,5)	-	5<6	(54,65,7,0,0)	(188,22,0,0)	(119,1,0)	(45,0)	(670,178,68,40,22,5,10,9,1,7,2)	no	(0-7,1-8,2-9,3-4,5-6)(1-2,3-9,4-7,5-8)(0-1,2-3,4-5,6-8,7-9)(6-7,8-9)	-
3577	26756	10	(16,4,8)	-	5<6	(54,65,7,0,0)	(188,22,0,0)	(119,1,0)	(45,0)	(672,177,70,33,18,12,10,10,6,3,1)	no	(1-9,2-8,3-6,4-7)(1-6,2-7,4-9,5-8)(0-1,3-4,5-9,7-8)(0-2,3-5,6-7,8-9)	-
3578	26756	10	(16,4,7)	-	5<6	(54,65,7,0,0)	(188,22,0,0)	(119,1,0)	(45,0)	(675,168,75,39,15,9,8,11,11,1,0)	no	(1-9,2-4,3-7,6-8)(0-2,3-9,5-8,6-7)(0-1,2-5,4-9,7-8)(1-6,3-5,4-8,7-9)	-
3579	26732	10	(16,4,2)	-	5<6	(54,65,7,0,0)	(188,22,0,0)	(119,1,0)	(45,0)	(675,173,64,43,18,9,9,8,11,2,0)	no	(0-7,1-8,2-5,3-6,4-9)(0-1,2-9,4-8,6-7)(1-2,3-9,5-6,7-8)(3-4,5-8,7-9)	-
3580	13630	10	(16,4,1)	-	5<6	(54,67,5,0,0)	(192,18,0,0)	(120,0,0)	(45,0)	(681,166,67,37,23,12,9,4,6,3,3)	no	(0-2,1-5,3-8,4-6,7-9)(0-7,2-6,4-9,5-8)(0-1,3-4,6-9,7-8)(1-2,3-5,8-9)	-
3581	13594	10	(16,4,1)	-	5<6	(54,67,5,0,0)	(192,18,0,0)	(120,0,0)	(45,0)	(684,163,62,42,23,12,6,8,6,3,2)	no	(0-1,2-5,3-8,7-9)(0-7,2-3,4-9,6-8)(0-3,1-4,2-6,5-9,7-8)(1-6,4-5,8-9)	-
3582	13670	10	(16,4,6)	-	5<6	(54,67,5,0,0)	(192,18,0,0)	(120,0,0)	(45,0)	(685,161,64,40,20,14,14,3,3,4,3)	no	(0-4,1-2,3-9,5-6,7-8)(0-7,1-3,2-6,4-8,5-9)(0-3,1-5,2-4,6-8,7-9)(8-9)	-
3583	13602	10	(16,4,2)	-	5<6	(54,67,5,0,0)	(192,18,0,0)	(120,0,0)	(45,0)	(687,156,63,49,17,12,12,4,6,3,2)	no	(0-4,1-7,2-8,3-5,6-9)(0-7,1-5,3-9,4-8)(0-6,2-4,5-9,7-8)(1-6,2-3,8-9)	-
3584	27076	10	(16,4,4)	-	5<6	(54,69,3,0,0)	(192,18,0,0)	(119,1,0)	(45,0)	(646,208,76,31,9,10,10,14,8,1,0)	no	(1-8,2-5,3-9,4-7)(0-1,3-8,4-9,6-7)(2-6,5-9,7-8)(0-7,1-2,3-6,4-5,8-9)	-
3585	13634	10	(16,4,2)	-	5<6	(54,69,3,0,0)	(192,18,0,0)	(119,1,0)	(45,0)	(647,202,87,24,10,7,15,13,6,2,0)	no	(1-8,2-3,4-9,6-7)(0-1,2-9,3-5,4-7,6-8)(1-2,3-9,4-5,7-8)(0-7,5-6,8-9)	-
3586	1066	10	(16,4,1)	-	5<6	(56,52,18,0,0)	(180,28,2,0)	(118,2,0)	(45,0)	(717,102,97,19,43,2,20,0,8,0,0)	no	(0-8,2-9,4-6,5-7)(1-9,2-8,3-6,4-7)(0-1,2-3,4-8,5-6,7-9)(3-7,5-9,6-8)	-
3587	2181	10	(16,4,1)	-	5<6	(56,56,14,0,0)	(184,24,2,0)	(118,2,0)	(45,0)	(699,134,78,37,28,6,9,4,16,0,0)	no	(0-5,1-4,2-8,3-6,7-9)(0-1,2-6,3-9,4-7,5-8)(2-7,5-9,6-8)(3-7,4-6,8-9)	-
3588	4168	10	(16,4,2)	-	5<6	(56,60,10,0,0)	(188,20,2,0)	(118,2,0)	(45,0)	(665,182,85,19,14,12,12,17,7,0,0)	no	(0-1,2-6,3-9,4-5,7-8)(2-9,3-7,4-6,5-8)(0-9,1-5,2-8,6-7)(3-8,4-7,6-9)	-
3589	13632	10	(16,4,1)	-	5<6	(56,62,8,0,0)	(188,22,0,0)	(119,1,0)	(45,0)	(676,169,69,39,23,7,7,9,10,3,0)	no	(0-1,2-9,3-4,5-6,7-8)(0-7,1-8,2-6,3-9,4-5)(1-2,4-6,5-8,7-9)(3-7,8-9)	-
3590	6884	10	(16,4,3)	-	5<6	(56,62,8,0,0)	(188,22,0,0)	(119,1,0)	(45,0)	(679,153,93,31,17,11,8,10,4,2,4)	no	(1-8,2-9,3-6,4-7)(0-1,2-5,3-9,4-8,6-7)(1-2,3-7,4-9,5-8)(0-7,5-9,6-8)	-
3591	8244	10	(16,4,1)	-	5<6	(56,62,8,0,0)	(190,19,1,0)	(119,1,0)	(45,0)	(676,175,66,34,22,6,13,6,11,3,0)	no	(1-5,2-8,3-6,7-9)(0-2,1-9,3-8,4-7)(0-1,4-6,5-9,7-8)(2-6,3-7,4-5,8-9)	-
3592	4140	10	(16,4,1)	-	5<6	(56,62,8,0,0)	(190,19,1,0)	(119,1,0)	(45,0)	(687,151,69,52,21,0,12,8,7,3,0)	no	(1-8,2-9,3-7,4-5)(0-1,2-8,3-6,4-7,5-9)(1-2,3-9,5-8,6-7)(0-7,4-9,6-8)	-
3593	8328	10	(16,4,2)	-	5<6	(56,64,5,1,0)	(190,19,1,0)	(119,1,0)	(45,0)	(675,173,70,36,22,7,10,9,1,5,3)	no	(1-8,2-9,3-4,5-7)(0-7,1-2,3-9,4-6,5-8)(0-1,2-8,3-5,4-9,6-7)(6-8,7-9)	-
3594	6852	10	(16,4,1)	-	5<6	(56,64,6,0,0)	(192,18,0,0)	(120,0,0)	(45,0)	(691,151,67,38,23,20,4,10,0,4,0)	no	(0-1,2-6,3-8,4-5,7-9)(0-7,1-2,4-9,6-8)(0-3,1-6,5-9,7-8)(2-5,3-4,8-9)	-
3595	13620	10	(16,4,1)	-	5<6	(56,66,4,0,0)	(192,18,0,0)	(119,1,0)	(45,0)	(645,211,71,35,12,4,11,16,6,2,0)	no	(0-7,1-8,2-3,4-9,5-6)(0-1,2-9,4-8,6-7)(1-2,3-9,4-5,7-8)(3-6,5-7,8-9)	-
3596	13884	10	(16,4,1)	-	5<6	(56,66,4,0,0)	(192,18,0,0)	(119,1,0)	(45,0)	(651,201,77,30,9,6,19,15,5,0,0)	no	(1-9,2-4,3-7,5-8)(0-1,3-9,5-7,6-8)(0-2,1-6,4-9,7-8)(2-5,3-6,4-8,7-9)	-
3597	13876	10	(16,4,1)	-	5<6	(56,66,4,0,0)	(192,18,0,0)	(119,1,0)	(45,0)	(654,197,74,36,7,8,18,11,8,0,0)	no	(1-8,2-5,3-9,4-7)(0-7,1-2,3-8,4-9,5-6)(0-1,2-3,4-5,6-8,7-9)(6-7,8-9)	-
3598	13792	10	(16,4,1)	-	5<6	(56,68,2,0,0)	(196,14,0,0)	(120,0,0)	(45,0)	(663,189,71,28,21,12,5,13,8,2,1)	no	(0-4,2-8,3-7,5-9)(0-6,1-7,2-5,3-9,4-8)(0-1,2-4,6-9,7-8)(1-5,3-6,8-9)	-
3599	13654	10	(16,4,2)	-	5<6	(58,61,7,0,0)	(192,18,0,0)	(120,0,0)	(45,0)	(691,145,74,42,22,16,6,2,6,4,2)	no	(0-4,1-6,2-8,3-9)(1-7,2-6,4-8,5-9)(0-1,2-3,4-5,6-8,7-9)(0-5,3-7,8-9)	-
3600	27028	10	(16,4,2)	-	5<6	(58,63,5,0,0)	(192,18,0,0)	(119,1,0)	(45,0)	(651,201,75,33,10,6,18,11,7,1,0)	no	(1-9,2-5,3-7,6-8)(0-2,1-4,3-9,5-8,6-7)(0-1,2-6,3-5,4-9,7-8)(4-8,7-9)	-
3601	27036	10	(16,4,1)	-	5<6	(58,63,5,0,0)	(192,18,0,0)	(119,1,0)	(45,0)	(654,193,81,33,9,5,17,16,4,1,0)	no	(0-1,2-9,3-8,4-5,6-7)(1-8,2-5,3-9,4-7)(1-2,3-4,6-8,7-9)(0-7,5-6,8-9)	-
3602	27356	10	(16,4,1)	-	5<6	(58,65,3,0,0)	(196,14,0,0)	(120,0,0)	(45,0)	(666,183,72,30,20,13,8,11,6,3,1)	no	(0-6,1-3,2-8,5-9)(0-7,1-4,3-9,6-8)(0-5,2-6,4-9,7-8)(1-7,2-4,3-5,8-9)	-
3603	171	10	(16,4,1)	-	5<6	(60,40,25,0,1)	(180,20,10,0)	(116,4,0)	(45,0)	(738,129,0,66,51,0,12,0,0,5,10)	no	(0-2,3-5,6-8,7-9)(1-9,3-4,5-6,7-8)(1-2,4-7,5-8,6-9)(0-8,3-7,4-6,5-9)	-
3604	4218	10	(16,4,2)	-	5<6	(60,54,12,0,0)	(188,20,2,0)	(118,2,0)	(45,0)	(667,178,83,23,17,9,16,11,8,1,0)	no	(0-1,2-5,3-9,4-6,7-8)(1-9,2-8,3-4,6-7)(2-4,3-5,6-8,7-9)(0-8,5-7,6-9)	-
3605	4144	10	(16,4,2)	-	5<6	(60,54,12,0,0)	(188,20,2,0)	(118,2,0)	(45,0)	(669,172,89,21,18,8,14,13,9,0,0)	no	(0-8,2-6,3-5,7-9)(0-1,2-8,3-6,4-9,5-7)(1-9,2-4,3-8,6-7)(4-7,5-9,6-8)	-
3606	8240	10	(16,4,2)	-	5<6	(60,56,10,0,0)	(190,19,1,0)	(119,1,0)	(45,0)	(680,163,74,36,22,4,13,8,7,5,0)	no	(0-2,1-8,3-7,4-6,5-9)(1-9,2-6,3-8,4-7)(0-1,2-5,6-9,7-8)(3-5,4-8,7-9)	-
3607	8252	10	(16,4,2)	-	5<6	(60,56,10,0,0)	(190,19,1,0)	(119,1,0)	(45,0)	(691,147,70,48,15,9,13,10,6,0,2)	no	(1-6,2-8,3-5,7-9)(0-2,1-7,3-8,4-9)(0-1,2-9,3-6,4-5,7-8)(4-6,5-7,8-9)	-
3608	3512	10	(16,4,1)	-	5<6	(60,62,4,0,0)	(196,14,0,0)	(120,0,0)	(45,0)	(659,195,74,20,20,20,8,0,12,5,0)	no	(0-8,1-5,2-3,4-9,6-7)(0-1,2-8,3-9,4-7,5-6)(0-2,3-4,5-9,6-8)(1-9,7-8)	-
3609	13748	10	(16,4,3)	-	5<6	(62,59,5,0,0)	(196,14,0,0)	(120,0,0)	(45,0)	(669,176,72,37,18,13,8,11,2,7,0)	no	(0-8,1-7,2-9,3-4,5-6)(0-1,2-6,3-9,5-8)(0-2,1-9,3-7,4-5,6-8)(4-9,7-8)	-
3610	521	10	(16,4,1)	-	5<6	(64,44,18,0,0)	(188,18,4,0)	(118,2,0)	(45,0)	(707,128,72,35,35,6,13,1,12,0,0)	no	(0-1,2-8,3-5,4-6,7-9)(1-9,3-8,4-7,5-6)(0-8,2-4,3-9,6-7)(2-9,5-7,6-8)	-
3611	983	10	(16,4,1)	-	5<6	(64,44,18,0,0)	(188,18,4,0)	(118,2,0)	(45,0)	(719,116,60,47,34,6,13,2,12,0,0)	no	(0-4,1-5,2-6,3-8,7-9)(0-1,2-7,4-6,8-9)(3-9,5-8,6-7)(2-3,4-7,5-9,6-8)	-
3612	715	10	(17,4,3)	-	5	(36,90,0,0,0)	(188,22,0,0)	(120,0,0)	(45,0)	(695,155,76,12,10,32,24,0,0,6,0)	no	(0-2,1-6,3-7,4-8,5-9)(1-7,2-6,3-8,4-9)(0-1,4-6,5-8,7-9)(0-3,2-9,5-7,6-8)	-
3613	6718	10	(17,4,9)	-	5	(48,72,6,0,0)	(184,26,0,0)	(118,2,0)	(45,0)	(656,193,75,38,12,2,14,16,4,1,2)	no	(1-7,2-9,3-8,5-6)(0-1,4-6,5-7,8-9)(2-5,3-9,4-8,6-7)(0-5,1-3,2-6,4-9,7-8)	-
3614	719	10	(17,4,1)	-	5	(48,72,6,0,0)	(186,23,1,0)	(118,2,0)	(45,0)	(659,198,75,11,31,0,24,6,6,0,0)	no	(2-9,3-4,5-8,6-7)(1-7,3-5,4-6,8-9)(0-8,1-9,2-3,4-7,5-6)(0-6,2-8,4-9,5-7)	-
3615	80	10	(17,5,2)	-	5	(56,48,22,0,0)	(168,40,2,0)	(112,8,0)	(44,1)	(766,26,148,4,40,0,0,0,16,0,12)	no	(0-9,1-3,2-4,5-8,6-7)(1-6,5-9,7-8)(2-5,3-7,4-8,6-9)(1-2,3-5,4-6,7-9)(8-9)	-
3616	1464	10	(17,4,5)	-	5	(56,52,18,0,0)	(172,36,2,0)	(112,8,0)	(44,1)	(703,121,105,17,30,12,8,8,2,0,5)	no	(1-4,3-5,6-7,8-9)(1-5,2-4,6-8,7-9)(0-1,2-7,3-9,4-8,5-6)(2-6,3-8,4-9,5-7)	-
3617	356	10	(17,4,2)	-	5	(56,52,18,0,0)	(176,30,4,0)	(112,8,0)	(44,1)	(717,117,72,33,48,8,1,0,12,0,0)	no	(1-4,3-9,5-7,6-8)(0-1,2-3,4-5,6-7,8-9)(1-5,2-8,4-6,7-9)(2-6,3-7,4-8,5-9)	-
3618	196	10	(17,4,1)	-	5	(56,52,18,0,0)	(184,24,2,0)	(120,0,0)	(45,0)	(771,49,60,2,116,0,2,8,0,0,0)	no	(0-6,1-7,3-9,4-8)(0-9,2-6,3-8,5-7)(0-1,2-9,3-6,4-7,5-8)(1-8,2-7,4-6,5-9)	-
3619	40	10	(17,4,1)	-	5	(80,16,30,0,0)	(200,0,10,0)	(120,0,0)	(45,0)	(755,113,0,10,120,0,10,0,0,0,0)	yes	(0-6,1-8,3-7,4-9)(0-7,2-6,4-8,5-9)(0-1,2-4,3-6,5-8,7-9)(1-9,2-7,3-5,6-8)	-
3620	672	10	(17,5,4)	(4,18,4)	5<6	(32,84,10,0,0)	(164,46,0,0)	(112,8,0)	(44,1)	(746,78,100,24,36,0,0,0,12,8,8)	no	(1-9,2-6,4-7,5-8)(1-5,2-9,3-7,6-8)(2-4,3-6,5-9,7-8)(0-8,1-3,4-5,6-9)(7-9)	(0-2,1-7,3-9,4-6,5-8)(0-8,1-9,2-3,4-7,5-6)(1-3,4-8,5-9,6-7)(0-6,2-8,4-9,5-7)
3621	115	10	(17,6,1)	(4,20,1)	5<6	(40,76,10,0,0)	(180,30,0,0)	(120,0,0)	(45,0)	(740,103,40,20,85,0,20,0,0,0,0)	no	(0-9,1-8,2-7,3-6)(0-4,1-9,3-8,5-7)(0-8,1-5,2-9,4-6)(2-8,3-9,6-7)(4-9)(5-9)	(0-1,2-7,3-4,5-9,6-8)(0-2,1-3,4-9,5-8,6-7)(0-3,1-8,2-4,5-6,7-9)(0-4,1-6,2-9,3-8,5-7)
3622	3553	10	(17,4,6)	-	5<6	(44,82,0,0,0)	(192,18,0,0)	(120,0,0)	(45,0)	(687,163,64,24,30,24,4,0,12,3,0)	no	(0-3,1-6,2-8,4-7,5-9)(0-1,2-6,5-8,7-9)(0-2,1-7,3-9,4-5,6-8)(3-7,4-6,8-9)	-
3623	870	10	(17,4,2)	-	5<6	(48,60,18,0,0)	(172,34,4,0)	(112,8,0)	(44,1)	(716,130,74,15,26,28,14,1,2,0,2)	no	(0-4,1-3,2-8,5-7,6-9)(0-3,1-2,6-8,7-9)(0-2,1-5,3-9,4-6,7-8)(4-7,5-6,8-9)	-
3624	786	10	(17,4,2)	-	5<6	(48,64,14,0,0)	(172,36,2,0)	(112,8,0)	(44,1)	(709,123,78,29,54,2,1,0,8,4,2)	no	(0-4,1-9,2-8,3-7,5-6)(2-6,3-8,4-5,7-9)(1-8,2-9,4-6,5-7)(1-5,3-9,4-7,6-8)	-
3625	660	10	(17,4,1)	-	5<6	(48,68,10,0,0)	(172,38,0,0)	(112,8,0)	(44,1)	(666,182,92,0,44,0,0,24,4,0,0)	no	(0-4,1-5,2-7,3-9,6-8)(1-6,2-9,4-5,7-8)(1-8,3-5,4-6,7-9)(2-5,3-8,4-7,6-9)	-
3626	2502	10	(17,4,1)	-	5<6	(48,68,10,0,0)	(172,38,0,0)	(112,8,0)	(44,1)	(680,152,98,22,32,0,6,14,6,2,0)	no	(0-4,1-7,2-9,3-8,5-6)(2-6,3-9,4-5,7-8)(1-5,2-8,4-6,7-9)(1-8,3-5,4-7,6-9)	-
3627	3316	10	(17,4,3)	-	5<6	(48,72,6,0,0)	(184,26,0,0)	(118,2,0)	(45,0)	(665,187,66,38,12,8,18,10,8,1,0)	no	(0-8,1-9,4-5,6-7)(2-8,3-7,4-9,5-6)(0-9,1-3,2-4,5-7,6-8)(2-6,3-4,5-9,7-8)	-
3628	706	10	(17,4,1)	-	5<6	(48,72,6,0,0)	(186,23,1,0)	(118,2,0)	(45,0)	(683,162,57,59,13,0,28,0,6,2,0)	no	(2-9,3-4,5-8,6-7)(0-8,1-7,2-5,3-9,4-6)(1-9,2-8,4-7,5-6)(0-6,3-8,4-9,5-7)	-
3629	2058	10	(17,5,2)	-	5<6	(48,72,6,0,0)	(190,19,1,0)	(120,0,0)	(45,0)	(701,144,73,17,24,36,5,4,2,0,0)	no	(0-9,3-8,4-7,5-6)(0-8,1-9,2-4,3-7)(1-6,2-9,4-8,5-7)(0-5,1-3,2-6,7-9)(8-9)	-
3630	6846	10	(17,4,2)	-	5<6	(48,76,2,0,0)	(192,18,0,0)	(120,0,0)	(45,0)	(684,169,60,24,35,16,8,4,6,3,2)	no	(0-6,2-9,4-7,5-8)(1-6,2-8,3-9,5-7)(0-3,1-2,4-8,5-6,7-9)(0-1,3-7,4-9,6-8)	-
3631	6778	10	(17,4,4)	-	5<6	(52,66,8,0,0)	(184,26,0,0)	(118,2,0)	(45,0)	(668,177,75,40,10,6,12,18,6,1,0)	no	(0-5,1-3,2-6,4-8,7-9)(0-1,2-7,5-6,8-9)(0-2,1-4,3-9,5-8,6-7)(3-7,4-9,6-8)	-
3632	1846	10	(17,4,3)	-	5<6	(52,66,8,0,0)	(188,22,0,0)	(120,0,0)	(45,0)	(708,123,82,16,47,16,12,0,0,0,4)	no	(0-3,1-8,4-6,7-9)(0-1,2-9,3-6,4-8,5-7)(0-2,4-7,5-9,6-8)(1-2,3-7,5-6,8-9)	-
3633	1882	10	(17,4,5)	-	5<6	(52,70,4,0,0)	(192,18,0,0)	(120,0,0)	(45,0)	(687,159,72,22,20,32,6,2,8,1,2)	no	(1-7,2-9,3-6,4-8)(0-1,2-7,3-8,4-9,5-6)(0-2,1-3,4-6,5-8,7-9)(0-6,5-7,8-9)	-
3634	13616	10	(17,4,8)	-	5<6	(52,72,2,0,0)	(192,18,0,0)	(119,1,0)	(45,0)	(643,217,69,31,10,8,9,20,6,0,0)	no	(0-5,1-8,2-4,3-7,6-9)(1-9,3-5,4-6,7-8)(1-3,2-9,5-7,6-8)(0-6,2-7,4-8,5-9)	-
3635	7072	10	(17,4,3)	-	5<6	(52,74,0,0,0)	(196,14,0,0)	(120,0,0)	(45,0)	(669,181,70,26,30,6,5,18,6,1,1)	no	(0-2,1-4,3-9,5-6,7-8)(0-3,1-7,2-8,6-9)(0-1,2-5,3-6,4-8,7-9)(4-6,5-7,8-9)	-
3636	1043	10	(17,4,3)	-	5<6	(52,74,0,0,0)	(196,14,0,0)	(120,0,0)	(45,0)	(679,163,56,64,22,0,0,24,0,4,0)	no	(0-2,1-6,3-7,8-9)(0-1,2-5,3-6,4-9,7-8)(0-3,4-8,5-9,6-7)(1-4,2-7,5-8,6-9)	-
3637	4596	10	(17,4,3)	-	5<6	(54,69,3,0,0)	(192,18,0,0)	(119,1,0)	(45,0)	(649,204,81,23,8,9,21,12,6,0,0)	no	(0-1,2-9,3-5,4-7,6-8)(0-2,1-8,3-6,4-5,7-9)(2-7,5-6,8-9)(1-6,3-9,4-8,5-7)	-
3638	13582	10	(17,4,3)	-	5<6	(54,69,3,0,0)	(192,18,0,0)	(119,1,0)	(45,0)	(652,206,63,38,9,9,15,17,2,2,0)	no	(0-5,2-9,4-6,7-8)(0-6,1-4,2-5,3-8,7-9)(1-9,2-3,5-8,6-7)(1-7,3-4,5-9,6-8)	-
3639	13778	10	(17,4,3)	-	5<6	(54,71,1,0,0)	(196,14,0,0)	(120,0,0)	(45,0)	(664,189,67,30,24,10,6,10,12,0,0)	no	(0-1,3-9,4-6,7-8)(2-6,3-7,4-9,5-8)(0-4,1-8,2-3,5-7,6-9)(0-7,1-2,5-6,8-9)	-
3640	1146	10	(17,4,1)	-	5<6	(56,56,14,0,0)	(184,24,2,0)	(118,2,0)	(45,0)	(695,134,88,29,35,2,9,5,12,2,0)	no	(0-5,2-9,4-7,6-8)(1-8,2-5,3-6,7-9)(0-1,2-8,3-7,4-9,5-6)(1-9,3-8,4-6,5-7)	-
3641	133	10	(17,5,1)	-	5<6	(56,60,10,0,0)	(180,30,0,0)	(120,0,0)	(45,0)	(777,91,90,20,0,0,0,0,0,5,0)	no	(0-8,1-9,3-4,6-7)(0-1,2-8,3-9,4-7,5-6)(0-2,1-5,4-9,6-8)(2-3,5-9,7-8)(8-9)	-
3642	122	10	(17,5,1)	-	5<6	(56,60,10,0,0)	(180,30,0,0)	(120,0,0)	(45,0)	(782,71,120,0,5,0,0,0,0,0,0)	no	(0-7,1-6,2-8,3-5,4-9)(0-2,1-3,4-8,5-9)(0-1,2-4,5-8,6-9)(6-8,7-9)(3-9,7-8)	-
3643	2188	10	(17,4,3)	-	5<6	(56,60,10,0,0)	(186,23,1,0)	(118,2,0)	(45,0)	(679,166,63,53,9,2,30,0,6,4,0)	no	(0-8,1-7,2-4,3-9,5-6)(1-9,2-8,4-5,6-7)(2-9,3-8,4-6,5-7)(0-6,3-5,4-7,8-9)	-
3644	969	10	(17,5,1)	(4,20,1)	5<6	(56,60,10,0,0)	(188,22,0,0)	(120,0,0)	(45,0)	(714,111,84,18,55,10,12,0,0,0,4)	no	(0-9,1-4,3-7,5-8)(0-7,1-9,2-5,6-8)(0-8,1-7,2-9,3-6)(2-8,3-9,4-6,5-7)(4-9)	(0-1,2-8,3-7,4-9,5-6)(0-2,1-6,3-4,5-7,8-9)(0-3,1-2,4-8,5-9,6-7)(0-4,1-7,2-6,3-9,5-8)
3645	7020	10	(17,4,3)	-	5<6	(56,64,6,0,0)	(192,18,0,0)	(120,0,0)	(45,0)	(683,169,57,34,29,14,12,4,2,4,2)	no	(0-6,1-5,2-7,3-4,8-9)(1-6,2-3,4-9,7-8)(0-1,2-5,6-8,7-9)(0-4,3-7,5-8,6-9)	-
3646	6862	10	(17,4,4)	-	5<6	(56,64,6,0,0)	(192,18,0,0)	(120,0,0)	(45,0)	(689,151,65,50,21,12,4,7,6,6,0)	no	(1-6,2-4,3-9,7-8)(0-7,3-5,4-6,8-9)(0-1,2-8,5-9,6-7)(0-2,1-3,4-8,5-7,6-9)	-
3647	3435	10	(17,4,1)	-	5<6	(56,64,6,0,0)	(192,18,0,0)	(120,0,0)	(45,0)	(689,151,70,36,34,13,0,4,6,4,4)	no	(0-6,1-7,4-5,8-9)(1-3,2-6,4-9,7-8)(0-2,3-5,6-8,7-9)(0-1,2-4,3-7,5-8,6-9)	-
3648	2254	10	(17,4,4)	-	5<6	(56,64,6,0,0)	(194,15,1,0)	(120,0,0)	(45,0)	(695,140,75,25,60,0,1,0,6,6,0)	no	(0-4,1-9,2-6,3-8,5-7)(0-1,3-9,4-6,7-8)(0-8,1-5,2-7,6-9)(2-3,4-7,5-6,8-9)	-
3649	27008	10	(17,4,8)	-	5<6	(56,66,4,0,0)	(192,18,0,0)	(119,1,0)	(45,0)	(653,200,69,40,7,7,17,13,7,0,0)	no	(0-5,1-4,2-3,6-8,7-9)(1-9,2-6,4-5,7-8)(2-9,3-4,5-8,6-7)(0-6,1-7,3-8,5-9)	-
3650	7004	10	(17,4,1)	-	5<6	(56,68,2,0,0)	(196,14,0,0)	(120,0,0)	(45,0)	(664,187,68,36,17,12,8,9,8,3,0)	no	(0-7,2-6,3-9,4-8)(0-1,2-3,4-9,5-6,7-8)(0-4,1-2,3-7,5-8,6-9)(1-6,5-7,8-9)	-
3651	14020	10	(17,4,6)	-	5<6	(56,68,2,0,0)	(196,14,0,0)	(120,0,0)	(45,0)	(670,176,66,46,19,7,6,10,11,1,0)	no	(0-6,1-3,2-7,8-9)(0-2,1-6,3-5,4-9,7-8)(0-1,4-8,5-9,6-7)(2-4,3-7,5-8,6-9)	-
3652	3742	10	(17,4,2)	-	5<6	(56,68,2,0,0)	(196,14,0,0)	(120,0,0)	(45,0)	(675,161,80,38,30,0,6,14,4,2,2)	no	(0-9,1-6,2-8,4-7)(0-8,1-9,2-3,4-6,5-7)(0-5,1-4,2-6,3-8,7-9)(3-7,5-6,8-9)	-
3653	13602	10	(17,4,4)	-	5<6	(58,63,5,0,0)	(192,18,0,0)	(119,1,0)	(45,0)	(656,190,78,40,4,12,12,13,7,1,0)	no	(0-2,1-6,4-9,7-8)(1-5,2-8,3-6,7-9)(0-3,4-7,5-9,6-8)(0-1,2-4,3-7,5-8,6-9)	-
3654	13778	10	(17,4,2)	-	5<6	(58,65,3,0,0)	(196,14,0,0)	(120,0,0)	(45,0)	(663,191,64,34,22,12,4,9,11,2,1)	no	(0-7,1-2,3-9,4-8,5-6)(0-3,2-6,4-9,7-8)(0-2,1-4,3-7,5-8,6-9)(1-6,5-7,8-9)	-
3655	13718	10	(17,4,5)	-	5<6	(58,65,3,0,0)	(196,14,0,0)	(120,0,0)	(45,0)	(668,179,64,48,19,8,2,14,7,3,0)	no	(1-2,4-9,5-6,7-8)(0-8,3-7,6-9)(0-5,1-8,2-3,4-6,7-9)(0-1,2-6,3-4,5-7,8-9)	-
3656	13806	10	(17,4,7)	-	5<6	(58,65,3,0,0)	(196,14,0,0)	(120,0,0)	(45,0)	(672,167,81,38,16,6,10,13,8,0,2)	no	(0-2,1-9,3-6,4-5,7-8)(1-6,2-7,3-8,4-9)(0-1,2-8,5-7,6-9)(0-3,4-7,5-6,8-9)	-
3657	2538	10	(17,4,3)	-	5<6	(60,56,9,1,0)	(188,20,2,0)	(118,2,0)	(45,0)	(675,181,56,40,14,16,16,4,6,1,2)	no	(0-3,1-9,2-4,5-7,6-8)(2-6,3-4,5-8,7-9)(0-8,1-3,2-7,4-5,6-9)(4-6,5-9,7-8)	-
3658	8244	10	(17,4,6)	-	5<6	(60,56,10,0,0)	(190,19,1,0)	(119,1,0)	(45,0)	(683,155,82,36,13,9,15,10,4,4,0)	no	(0-5,1-9,2-3,4-8,6-7)(1-8,2-9,4-7,5-6)(0-1,2-4,3-8,5-7,6-9)(3-6,5-8,7-9)	-
3659	2220	10	(17,4,3)	-	5<6	(60,58,8,0,0)	(194,15,1,0)	(120,0,0)	(45,0)	(701,128,79,45,26,10,7,0,6,6,0)	no	(0-1,3-8,5-6,7-9)(0-2,1-6,3-9,4-7,5-8)(0-3,2-7,4-9,6-8)(1-2,4-6,5-7,8-9)	-
3660	27056	10	(17,4,8)	-	5<6	(60,60,6,0,0)	(192,18,0,0)	(119,1,0)	(45,0)	(654,190,87,30,8,6,18,14,6,0,0)	no	(0-1,2-5,3-9,4-6,7-8)(1-8,5-6,7-9)(2-8,3-5,4-9,6-7)(0-5,1-4,2-9,3-7,6-8)	-
3661	7122	10	(17,4,1)	-	5<6	(60,60,6,0,0)	(192,18,0,0)	(119,1,0)	(45,0)	(656,185,93,25,11,6,12,23,1,1,0)	no	(0-5,1-9,2-3,4-7,6-8)(0-1,2-5,6-9,7-8)(2-4,3-8,5-6,7-9)(1-8,3-6,4-9,5-7)	-
3662	8376	10	(17,4,1)	-	5<6	(60,60,6,0,0)	(194,15,1,0)	(119,1,0)	(45,0)	(656,199,73,25,14,15,12,7,10,2,0)	no	(0-5,1-8,2-6,7-9)(0-1,2-5,3-7,4-8,6-9)(1-4,3-9,5-6,7-8)(2-3,4-6,5-7,8-9)	-
3663	6896	10	(17,4,1)	-	5<6	(60,62,4,0,0)	(196,14,0,0)	(120,0,0)	(45,0)	(666,181,72,34,23,8,10,5,10,3,0)	no	(0-2,1-6,3-9,7-8)(0-3,1-5,2-7,4-8,6-9)(0-1,2-4,3-6,5-8,7-9)(4-6,5-7,8-9)	-
3664	7112	10	(17,4,8)	-	5<6	(60,62,4,0,0)	(196,14,0,0)	(120,0,0)	(45,0)	(666,185,58,52,15,6,10,9,8,3,0)	no	(0-9,1-3,4-6,7-8)(0-2,1-8,3-7,4-5,6-9)(0-1,2-3,4-8,5-6,7-9)(2-6,5-7,8-9)	-
3665	14032	10	(17,4,1)	-	5<6	(60,62,4,0,0)	(196,14,0,0)	(120,0,0)	(45,0)	(668,178,68,44,19,5,8,11,10,1,0)	no	(0-1,2-6,3-9,7-8)(0-5,1-7,4-8,6-9)(2-4,3-6,5-8,7-9)(0-2,1-3,4-6,5-7,8-9)	-
3666	6851	10	(17,4,2)	-	5<6	(60,62,4,0,0)	(196,14,0,0)	(120,0,0)	(45,0)	(671,173,72,38,26,2,12,5,8,5,0)	no	(0-6,1-5,2-8,7-9)(0-4,1-7,2-6,3-9,5-8)(0-1,3-7,4-9,6-8)(2-3,4-6,5-7,8-9)	-
3667	27320	10	(17,4,10)	-	5<6	(60,62,4,0,0)	(196,14,0,0)	(120,0,0)	(45,0)	(672,168,75,47,13,8,8,9,9,3,0)	no	(0-9,1-2,5-6,7-8)(0-1,2-6,3-9,4-7,5-8)(3-8,4-6,7-9)(0-4,1-6,2-3,5-7,8-9)	-
3668	6992	10	(17,4,1)	-	5<6	(60,66,0,0,0)	(200,10,0,0)	(120,0,0)	(45,0)	(645,211,69,38,5,4,24,15,2,0,0)	no	(1-4,2-8,3-6,7-9)(0-1,2-5,3-7,4-6,8-9)(0-2,4-8,5-9,6-7)(0-3,1-9,5-7,6-8)	-
3669	6966	10	(17,4,5)	-	5<6	(62,59,5,0,0)	(196,14,0,0)	(120,0,0)	(45,0)	(667,178,72,39,20,10,0,16,10,0,0)	no	(0-4,1-5,2-6,3-9,7-8)(0-7,1-6,3-8,5-9)(0-1,2-3,4-8,5-7,6-9)(2-7,4-6,8-9)	-
3670	27340	10	(17,4,3)	-	5<6	(62,59,5,0,0)	(196,14,0,0)	(120,0,0)	(45,0)	(669,174,74,40,18,9,7,10,8,3,1)	no	(0-9,1-2,5-6,7-8)(0-1,2-6,3-9,4-7,5-8)(3-7,4-8,6-9)(0-4,1-6,2-3,5-7,8-9)	-
3671	13786	10	(17,4,4)	-	5<6	(62,59,5,0,0)	(196,14,0,0)	(120,0,0)	(45,0)	(672,166,76,51,13,4,11,6,8,5,0)	no	(1-2,3-6,4-8,7-9)(0-1,4-6,5-9,7-8)(0-2,1-9,3-7,4-5,6-8)(0-3,2-8,5-7,6-9)	-
3672	7030	10	(17,4,1)	-	5<6	(62,63,1,0,0)	(200,10,0,0)	(120,0,0)	(45,0)	(643,212,72,37,4,6,18,21,0,0,0)	no	(0-2,3-6,4-8,7-9)(0-3,1-9,2-5,4-6,7-8)(0-1,3-7,5-9,6-8)(1-4,2-8,5-7,6-9)	-
3673	203	10	(17,5,5)	-	5<6	(64,52,8,2,0)	(184,24,2,0)	(120,0,0)	(45,0)	(797,57,102,18,4,0,0,0,0,0,16)	no	(0-2,1-9,3-6,4-7,5-8)(0-5,1-2,4-9,7-8)(0-1,3-4,5-9,6-8)(2-8,6-9)(3-8,7-9)	-
3674	956	10	(17,4,1)	-	5<6	(64,52,10,0,0)	(192,18,0,0)	(120,0,0)	(45,0)	(707,107,106,24,30,10,16,0,8,1,2)	no	(0-8,1-7,3-9,5-6)(0-6,1-8,2-9,4-7)(0-1,2-7,3-6,4-9,5-8)(2-3,4-6,5-7,8-9)	-
3675	2127	10	(17,4,1)	-	5<6	(64,52,10,0,0)	(194,15,1,0)	(120,0,0)	(45,0)	(699,136,72,25,60,0,0,5,8,2,4)	no	(0-1,2-4,3-9,5-7,6-8)(0-5,3-4,6-9,7-8)(0-2,1-6,4-8,7-9)(1-3,2-7,5-6,8-9)	-
3676	8372	10	(17,4,2)	-	5<6	(64,54,8,0,0)	(194,15,1,0)	(119,1,0)	(45,0)	(660,187,81,27,14,13,12,9,6,4,0)	no	(0-5,2-3,6-8,7-9)(1-6,2-5,4-7,8-9)(1-8,3-7,4-9,5-6)(0-1,2-8,3-9,4-6,5-7)	-
3677	7102	10	(17,4,3)	-	5<6	(64,56,6,0,0)	(196,14,0,0)	(120,0,0)	(45,0)	(673,165,81,38,19,10,5,11,4,4,3)	no	(1-2,3-9,4-6,7-8)(0-2,1-8,3-7,4-5,6-9)(0-1,4-8,5-6,7-9)(0-3,2-6,5-7,8-9)	-
3678	4280	10	(17,4,1)	-	5<6	(64,56,6,0,0)	(198,11,1,0)	(120,0,0)	(45,0)	(673,172,66,53,10,6,14,9,1,8,0)	no	(0-4,1-8,2-6,3-9,5-7)(0-3,1-2,4-9,5-6,7-8)(0-1,2-5,6-8,7-9)(3-7,4-8,6-9)	-
3679	6944	10	(17,4,2)	-	5<6	(64,60,2,0,0)	(200,10,0,0)	(120,0,0)	(45,0)	(641,211,84,24,8,9,18,12,6,0,0)	no	(0-6,1-5,2-3,4-7,8-9)(0-4,1-6,2-8,3-7,5-9)(0-1,2-6,5-8,7-9)(3-6,4-9,7-8)	-
3680	7160	10	(17,4,3)	-	5<6	(64,60,2,0,0)	(200,10,0,0)	(120,0,0)	(45,0)	(649,193,93,28,5,4,26,11,4,0,0)	no	(0-9,2-6,4-7,5-8)(0-3,1-5,2-9,4-6,7-8)(0-4,1-7,3-8,6-9)(1-2,3-7,5-6,8-9)	-
3681	13874	10	(17,4,1)	-	5<6	(66,57,3,0,0)	(200,10,0,0)	(120,0,0)	(45,0)	(644,205,81,36,2,6,20,17,2,0,0)	no	(0-2,1-6,3-7,8-9)(0-1,2-4,3-6,5-9,7-8)(0-3,1-5,2-9,4-8,6-7)(4-7,5-8,6-9)	-
3682	7024	10	(17,4,1)	-	5<6	(66,57,3,0,0)	(200,10,0,0)	(120,0,0)	(45,0)	(651,192,84,41,0,12,12,15,6,0,0)	no	(0-2,1-6,3-5,4-9,7-8)(0-1,4-6,5-8,7-9)(0-7,2-4,3-9,6-8)(1-3,2-8,5-7,6-9)	-
3683	8420	10	(17,4,2)	-	5<6	(68,50,8,0,0)	(198,11,1,0)	(120,0,0)	(45,0)	(676,162,82,34,24,2,16,5,5,4,2)	no	(1-6,2-4,3-9,7-8)(0-8,1-3,2-6,4-9,5-7)(0-1,4-7,5-8,6-9)(0-2,3-7,5-6,8-9)	-
3684	13904	10	(17,4,1)	-	5<6	(68,54,4,0,0)	(200,10,0,0)	(120,0,0)	(45,0)	(645,199,90,32,2,8,19,13,5,0,0)	no	(0-6,1-3,2-7,8-9)(0-2,1-6,3-5,4-8,7-9)(0-1,2-4,3-8,5-9,6-7)(4-9,5-7,6-8)	-
3685	701	10	(18,4,2)	-	5	(48,72,6,0,0)	(188,22,0,0)	(120,0,0)	(45,0)	(713,119,76,24,46,0,24,0,2,6,0)	no	(0-4,1-3,2-9,5-7,6-8)(0-3,4-5,6-7,8-9)(0-5,1-8,2-3,4-6,7-9)(1-6,2-7,4-9,5-8)	-
3686	1879	10	(18,5,13)	(4,19,2)	5	(48,76,2,0,0)	(192,18,0,0)	(120,0,0)	(45,0)	(705,115,100,26,20,24,4,0,14,3,2)	no	(0-9,1-7,2-8,3-5,4-6)(0-5,1-9,4-7,6-8)(0-6,2-9,3-8,5-7)(1-5,2-6,3-9,7-8)(4-9)	(0-9,1-8,2-3,4-5,6-7)(0-6,1-9,2-4,3-8,5-7)(2-5,3-4,6-8,7-9)(0-8,1-7,2-9,3-5,4-6)
3687	609	10	(18,5,9)	-	5	(56,56,14,0,0)	(172,38,0,0)	(112,8,0)	(44,1)	(686,126,128,16,28,0,4,16,8,0,0)	no	(1-9,3-4,5-6,7-8)(2-8,3-9,4-5,6-7)(0-5,1-3,2-7,4-9,6-8)(1-8,2-3,4-7,5-9)(6-9)	-
3688	242	10	(18,5,2)	(4,20,1)	5	(56,56,14,0,0)	(176,32,2,0)	(112,8,0)	(44,1)	(702,122,92,36,32,0,16,0,8,0,4)	no	(1-9,2-7,4-8,5-6)(1-5,2-9,4-7,6-8)(2-5,3-6,4-9,7-8)(0-8,1-3,5-9,6-7)(3-4,8-9)	(0-1,2-3,4-8,5-9,6-7)(0-2,1-9,3-4,5-7,6-8)(0-3,1-5,2-4,6-9,7-8)(0-4,1-6,2-9,3-7,5-8)
3689	186	10	(18,5,2)	-	5	(56,56,14,0,0)	(184,26,0,0)	(120,0,0)	(45,0)	(755,51,100,0,66,12,24,0,0,0,0)	no	(0-8,2-9,3-6,4-7)(0-1,2-8,3-9,4-6,5-7)(1-9,2-7,3-8,5-6)(0-6,1-7,4-9,5-8)(8-9)	-
3690	76	10	(18,5,1)	-	5	(56,60,10,0,0)	(184,24,2,0)	(120,0,0)	(45,0)	(805,49,108,2,12,0,2,0,0,0,0)	no	(0-2,1-8,3-4,5-9,6-7)(0-1,2-7,3-8,6-9)(2-9,4-7,5-8)(0-5,1-7,4-9,6-8)(3-7,8-9)	-
3691	326	10	(18,4,1)	-	5	(80,28,18,0,0)	(200,6,4,0)	(120,0,0)	(45,0)	(707,119,93,4,72,0,1,0,12,0,0)	no	(0-4,1-8,2-3,5-6,7-9)(2-9,3-7,4-5,6-8)(0-8,1-9,4-6,5-7)(0-9,1-5,2-8,3-6,4-7)	-
3692	80	10	(18,4,1)	-	5<6	(32,84,10,0,0)	(168,40,2,0)	(112,8,0)	(44,1)	(766,62,100,4,40,12,0,0,16,0,12)	no	(0-1,2-9,3-7,4-6,5-8)(0-2,1-3,4-7,5-6,8-9)(2-3,4-8,5-9,6-7)(0-6,1-8,4-9,5-7)	-
3693	242	10	(18,5,2)	(4,19,1)	5<6	(48,68,10,0,0)	(176,32,2,0)	(112,8,0)	(44,1)	(702,134,76,36,32,4,16,0,8,0,4)	no	(1-9,3-7,4-5,6-8)(0-8,1-4,2-7,3-9,5-6)(2-3,4-9,5-8,6-7)(1-7,2-4,3-8,5-9)(6-9)	(2-3,4-6,5-7,8-9)(0-8,1-7,2-4,3-9,5-6)(0-9,1-8,2-5,3-4,6-7)(0-6,1-9,2-8,3-5,4-7)
3694	226	10	(18,5,2)	-	5<6	(48,72,6,0,0)	(182,27,1,0)	(120,0,0)	(45,0)	(769,136,45,9,18,0,1,0,0,0,0)	no	(0-2,1-8,3-5,7-9)(0-1,2-7,4-8,6-9)(0-3,4-9,5-8,6-7)(1-6,2-4,5-9,7-8)(3-7,8-9)	-
3695	931	10	(18,5,2)	-	5<6	(52,74,0,0,0)	(196,14,0,0)	(120,0,0)	(45,0)	(683,151,80,36,34,0,4,16,4,4,0)	no	(0-9,1-3,5-6,7-8)(0-8,1-9,2-6,3-4,5-7)(1-5,2-9,4-7,6-8)(0-7,2-3,4-8,5-9)(6-9)	-
3696	173	10	(18,5,2)	-	5<6	(56,52,18,0,0)	(188,18,4,0)	(120,0,0)	(45,0)	(755,83,42,4,116,0,4,4,0,0,0)	no	(0-9,3-4,5-6,7-8)(1-8,2-6,4-7,5-9)(1-5,2-7,3-8,6-9)(0-1,3-5,4-6,7-9)(0-2,8-9)	-
3697	2508	10	(18,4,1)	-	5<6	(56,68,2,0,0)	(196,14,0,0)	(120,0,0)	(45,0)	(669,177,71,38,21,8,6,12,9,0,0)	no	(0-8,1-4,2-9,3-6,5-7)(0-9,1-8,2-6,3-7,4-5)(1-9,3-8,4-7,5-6)(0-5,2-7,4-8,6-9)	-
3698	7112	10	(18,4,5)	-	5<6	(60,62,4,0,0)	(196,14,0,0)	(120,0,0)	(45,0)	(669,175,77,26,33,2,9,9,12,0,1)	no	(0-7,1-3,2-9,4-5,6-8)(0-5,3-7,4-6,8-9)(1-9,2-8,4-7,5-6)(0-8,1-6,2-3,4-9,5-7)	-
3699	734	10	(18,4,3)	-	5<6	(60,66,0,0,0)	(200,10,0,0)	(120,0,0)	(45,0)	(635,223,90,0,20,5,20,20,0,0,0)	no	(0-4,1-7,2-3,5-9,6-8)(0-2,1-3,4-5,6-9,7-8)(2-9,3-8,4-6,5-7)(0-6,1-5,4-8,7-9)	-
3700	976	10	(18,4,1)	-	5<6	(60,66,0,0,0)	(200,10,0,0)	(120,0,0)	(45,0)	(655,179,108,16,10,0,36,4,4,1,0)	no	(0-4,1-8,2-6,3-7,5-9)(0-8,1-9,2-7,3-6,4-5)(0-9,3-8,4-6,5-7)(1-5,2-9,4-8,6-7)	-
3701	663	10	(18,4,1)	-	5<6	(60,66,0,0,0)	(200,10,0,0)	(120,0,0)	(45,0)	(663,167,102,32,4,0,36,6,0,3,0)	no	(0-4,1-9,2-8,3-7,5-6)(0-8,2-9,4-5,6-7)(1-7,3-8,4-6,5-9)(0-7,1-6,2-5,3-9,4-8)	-
3702	722	10	(18,5,1)	-	5<6	(64,52,10,0,0)	(196,12,2,0)	(120,0,0)	(45,0)	(699,133,81,18,64,0,1,0,8,4,0)	no	(0-9,1-8,3-7,5-6)(1-9,2-8,4-6,5-7)(0-7,2-9,4-5,6-8)(0-1,2-7,3-4,5-9)(3-8,6-9)	-
3703	1772	10	(18,4,2)	-	5<6	(64,56,6,0,0)	(196,14,0,0)	(120,0,0)	(45,0)	(675,163,82,28,28,12,8,4,4,9,0)	no	(0-4,1-9,2-3,5-8,6-7)(0-8,2-6,4-7,5-9)(0-6,1-5,2-9,3-7,4-8)(1-7,3-8,4-9,5-6)	-
3704	4742	10	(18,4,1)	-	5<6	(66,57,3,0,0)	(200,10,0,0)	(120,0,0)	(45,0)	(648,194,93,29,4,6,21,15,3,0,0)	no	(0-4,1-3,2-7,5-9,6-8)(0-3,4-6,5-8,7-9)(0-5,1-9,2-3,4-8,6-7)(1-6,2-8,4-9,5-7)	-
3705	1311	10	(18,4,2)	-	5<6	(68,48,9,1,0)	(196,12,2,0)	(120,0,0)	(45,0)	(704,125,76,50,33,0,8,4,0,1,6)	no	(0-1,2-9,3-4,5-7,6-8)(0-9,3-8,4-5,6-7)(1-9,2-7,4-6,5-8)(0-5,1-6,2-3,4-9,7-8)	-
3706	4256	10	(18,4,3)	-	5<6	(68,50,8,0,0)	(198,11,1,0)	(120,0,0)	(45,0)	(673,170,70,47,18,2,14,9,3,4,2)	no	(0-4,1-3,2-9,5-7,6-8)(0-9,2-6,4-5,7-8)(0-7,1-9,2-3,4-6,5-8)(1-5,3-8,4-9,6-7)	-
3707	3549	10	(18,4,1)	-	5<6	(68,54,4,0,0)	(200,10,0,0)	(120,0,0)	(45,0)	(643,203,90,28,4,5,24,12,4,0,0)	no	(1-9,3-4,5-6,7-8)(0-6,1-3,2-8,4-5,7-9)(0-9,1-7,2-3,4-6,5-8)(0-8,2-5,4-7,6-9)	-
3708	68	10	(18,5,1)	-	5<6	(72,36,18,0,0)	(188,18,4,0)	(120,0,0)	(45,0)	(829,19,90,36,0,0,4,0,0,0,0)	no	(0-7,1-9,2-5,3-4,6-8)(0-1,2-7,5-8,6-9)(0-8,2-9,4-7)(1-8,3-9,5-7)(3-8,4-9,6-7)	-
3709	712	10	(18,4,1)	-	5<6	(72,40,14,0,0)	(196,12,2,0)	(120,0,0)	(45,0)	(719,101,81,34,58,0,1,2,8,4,0)	no	(0-6,1-9,2-8,3-7,4-5)(0-8,1-7,2-3,4-6,5-9)(1-8,2-9,4-7,5-6)(0-9,3-6,4-8,5-7)	-
3710	377	10	(18,4,1)	-	5<6	(72,44,10,0,0)	(200,8,2,0)	(120,0,0)	(45,0)	(691,129,110,10,44,0,16,0,8,0,0)	no	(0-4,1-7,5-9,6-8)(0-5,1-3,2-8,4-6,7-9)(2-9,3-8,4-7,5-6)(0-2,1-6,3-9,4-8,5-7)	-
3711	2193	10	(18,4,3)	-	5<6	(72,48,6,0,0)	(202,7,1,0)	(120,0,0)	(45,0)	(649,196,96,13,14,16,12,5,10,2,0)	no	(0-3,1-4,2-9,5-6,7-8)(0-7,1-2,3-8,4-5,6-9)(4-6,5-7,8-9)(0-6,1-8,2-5,3-9,4-7)	-
3712	363	10	(19,5,4)	-	5	(80,32,14,0,0)	(200,8,2,0)	(120,0,0)	(45,0)	(687,121,134,2,40,0,16,0,8,0,0)	no	(0-9,1-6,2-8,3-4,5-7)(0-8,1-9,2-7,3-6,4-5)(0-4,1-8,2-9,3-7,5-6)(3-9,5-8,6-7)(4-9)	-
3713	230	10	(19,5,1)	-	5<6	(76,40,9,1,0)	(200,8,2,0)	(120,0,0)	(45,0)	(697,129,88,38,24,16,8,0,0,1,12)	no	(0-9,1-2,3-6,4-7,5-8)(2-6,3-9,4-8,5-7)(0-7,1-6,2-5,3-8,4-9)(0-3,1-4,5-9,7-8)(6-9)	-
3714	319	10	(19,4,1)	-	5<6	(80,28,18,0,0)	(200,6,4,0)	(120,0,0)	(45,0)	(731,95,69,28,70,0,1,2,12,0,0)	no	(0-6,1-7,2-3,4-5,8-9)(0-9,1-8,2-4,3-6,5-7)(0-1,2-6,3-9,4-7,5-8)(2-9,3-5,4-8,6-7)	-
3715	1347	10	(19,4,1)	-	5<6	(80,36,10,0,0)	(204,4,2,0)	(120,0,0)	(45,0)	(643,221,66,22,16,16,16,0,8,5,0)	no	(0-9,1-8,2-5,3-7,4-6)(0-1,2-6,3-9,4-8,5-7)(2-7,3-6,4-9,5-8)(0-6,1-7,2-8,3-4,5-9)	-
3716	17	10	(19,5,1)	-	5<6	(96,0,30,0,0)	(200,0,10,0)	(120,0,0)	(45,0)	(877,1,0,90,0,0,10,0,0,0,0)	no	(0-6,2-4,3-7,8-9)(0-7,1-8,2-6,3-5,4-9)(0-1,3-6,4-8,7-9)(1-9,5-8,6-7)(2-7,5-9,6-8)	-
3717	101	10	(20,4,1)	-	5	(80,36,10,0,0)	(200,10,0,0)	(120,0,0)	(45,0)	(665,123,180,0,0,0,40,0,0,5,0)	no	(0-1,2-9,3-7,4-8,5-6)(0-2,1-3,4-6,5-9,7-8)(0-3,1-8,2-4,5-7,6-9)(0-4,1-9,2-7,3-5,6-8)	-
3718	6	10	(21,5,1)	-	5<7	(100,0,25,0,1)	(200,0,10,0)	(120,0,0)	(45,0)	(867,1,0,110,0,0,0,0,0,25,0)	no	(0-4,2-9,5-6,7-8)(0-1,2-3,4-5,6-7,8-9)(1-8,3-9,4-6,5-7)(4-7,5-9,6-8)(0-8,1-5,2-6,3-7,4-9)	-
