path,node_number,p,idx,num_emitters_rw,num_emitter_CNOTs_rw,num_gates_rw,ordering_rw,run_time_rw
./random_graph_db/graph_db_node_10/01_p0.1/01_graph_n10_p0.1_idx1.gpickle,10,0.1,1,1,0,11,"[1, 7, 2, 3, 4, 5, 0, 9, 6, 8]",0.213906
./random_graph_db/graph_db_node_10/01_p0.1/01_graph_n10_p0.1_idx10.gpickle,10,0.1,10,1,0,11,"[7, 1, 9, 5, 0, 3, 2, 6, 8, 4]",0.1846063
./random_graph_db/graph_db_node_10/01_p0.1/01_graph_n10_p0.1_idx2.gpickle,10,0.1,2,2,2,16,"[4, 8, 3, 5, 7, 0, 9, 1, 2, 6]",0.2721758
./random_graph_db/graph_db_node_10/01_p0.1/01_graph_n10_p0.1_idx3.gpickle,10,0.1,3,1,0,11,"[6, 1, 9, 4, 8, 2, 5, 0, 7, 3]",0.2648561
./random_graph_db/graph_db_node_10/01_p0.1/01_graph_n10_p0.1_idx4.gpickle,10,0.1,4,1,0,11,"[3, 0, 9, 2, 6, 5, 8, 7, 1, 4]",0.203917
./random_graph_db/graph_db_node_10/01_p0.1/01_graph_n10_p0.1_idx5.gpickle,10,0.1,5,2,1,13,"[1, 6, 5, 7, 4, 2, 8, 9, 3, 0]",0.4920809
./random_graph_db/graph_db_node_10/01_p0.1/01_graph_n10_p0.1_idx6.gpickle,10,0.1,6,2,2,16,"[1, 4, 2, 9, 5, 3, 8, 6, 7, 0]",0.3756301
./random_graph_db/graph_db_node_10/01_p0.1/01_graph_n10_p0.1_idx7.gpickle,10,0.1,7,2,4,21,"[7, 9, 8, 1, 3, 6, 4, 0, 2, 5]",0.3651321
./random_graph_db/graph_db_node_10/01_p0.1/01_graph_n10_p0.1_idx8.gpickle,10,0.1,8,2,2,16,"[1, 9, 7, 2, 0, 8, 5, 3, 4, 6]",0.384763
./random_graph_db/graph_db_node_10/01_p0.1/01_graph_n10_p0.1_idx9.gpickle,10,0.1,9,2,3,17,"[2, 1, 8, 5, 0, 4, 7, 3, 6, 9]",0.383492
./random_graph_db/graph_db_node_10/02_p0.2/02_graph_n10_p0.2_idx1.gpickle,10,0.2,1,2,4,21,"[6, 5, 1, 3, 2, 0, 8, 4, 7, 9]",0.298069
./random_graph_db/graph_db_node_10/02_p0.2/02_graph_n10_p0.2_idx10.gpickle,10,0.2,10,2,2,16,"[9, 3, 4, 7, 6, 5, 2, 1, 0, 8]",0.360255
./random_graph_db/graph_db_node_10/02_p0.2/02_graph_n10_p0.2_idx2.gpickle,10,0.2,2,2,2,14,"[3, 7, 8, 2, 1, 5, 0, 6, 4, 9]",0.4566479
./random_graph_db/graph_db_node_10/02_p0.2/02_graph_n10_p0.2_idx3.gpickle,10,0.2,3,2,4,22,"[3, 4, 7, 1, 9, 6, 0, 5, 8, 2]",0.3801239
./random_graph_db/graph_db_node_10/02_p0.2/02_graph_n10_p0.2_idx4.gpickle,10,0.2,4,2,3,17,"[5, 9, 0, 8, 3, 2, 1, 6, 4, 7]",0.3932979
./random_graph_db/graph_db_node_10/02_p0.2/02_graph_n10_p0.2_idx5.gpickle,10,0.2,5,2,5,31,"[4, 9, 0, 3, 1, 2, 6, 8, 5, 7]",0.3162642
./random_graph_db/graph_db_node_10/02_p0.2/02_graph_n10_p0.2_idx6.gpickle,10,0.2,6,2,4,16,"[4, 7, 3, 2, 1, 9, 8, 0, 6, 5]",0.37925
./random_graph_db/graph_db_node_10/02_p0.2/02_graph_n10_p0.2_idx7.gpickle,10,0.2,7,1,0,11,"[9, 1, 3, 5, 8, 6, 0, 4, 7, 2]",0.1966238
./random_graph_db/graph_db_node_10/02_p0.2/02_graph_n10_p0.2_idx8.gpickle,10,0.2,8,3,6,25,"[4, 8, 0, 5, 2, 1, 6, 3, 7, 9]",0.4954469
./random_graph_db/graph_db_node_10/02_p0.2/02_graph_n10_p0.2_idx9.gpickle,10,0.2,9,2,2,16,"[6, 3, 9, 1, 7, 4, 0, 5, 8, 2]",0.3439939
./random_graph_db/graph_db_node_10/03_p0.3/03_graph_n10_p0.3_idx1.gpickle,10,0.3,1,3,9,35,"[6, 1, 5, 7, 8, 0, 2, 4, 3, 9]",0.505533
./random_graph_db/graph_db_node_10/03_p0.3/03_graph_n10_p0.3_idx10.gpickle,10,0.3,10,3,7,26,"[1, 2, 0, 4, 6, 3, 9, 5, 8, 7]",0.5020962
./random_graph_db/graph_db_node_10/03_p0.3/03_graph_n10_p0.3_idx2.gpickle,10,0.3,2,2,3,17,"[2, 6, 3, 1, 7, 9, 0, 4, 8, 5]",0.292196
./random_graph_db/graph_db_node_10/03_p0.3/03_graph_n10_p0.3_idx3.gpickle,10,0.3,3,2,4,24,"[0, 5, 4, 3, 8, 1, 2, 6, 9, 7]",0.4712501
./random_graph_db/graph_db_node_10/03_p0.3/03_graph_n10_p0.3_idx4.gpickle,10,0.3,4,2,2,16,"[5, 4, 0, 8, 1, 7, 2, 3, 9, 6]",0.2658761
./random_graph_db/graph_db_node_10/03_p0.3/03_graph_n10_p0.3_idx5.gpickle,10,0.3,5,2,2,16,"[8, 1, 7, 2, 6, 9, 5, 4, 3, 0]",0.4266002
./random_graph_db/graph_db_node_10/03_p0.3/03_graph_n10_p0.3_idx6.gpickle,10,0.3,6,3,7,27,"[7, 4, 0, 6, 2, 5, 3, 9, 1, 8]",0.5606322
./random_graph_db/graph_db_node_10/03_p0.3/03_graph_n10_p0.3_idx7.gpickle,10,0.3,7,3,5,20,"[1, 5, 7, 3, 4, 8, 2, 6, 0, 9]",0.4864466
./random_graph_db/graph_db_node_10/03_p0.3/03_graph_n10_p0.3_idx8.gpickle,10,0.3,8,2,5,25,"[5, 0, 7, 9, 2, 4, 1, 8, 3, 6]",0.472405
./random_graph_db/graph_db_node_10/03_p0.3/03_graph_n10_p0.3_idx9.gpickle,10,0.3,9,3,9,32,"[3, 0, 6, 7, 2, 4, 5, 9, 8, 1]",0.820075
./random_graph_db/graph_db_node_10/04_p0.4/04_graph_n10_p0.4_idx1.gpickle,10,0.4,1,3,6,28,"[7, 8, 5, 1, 3, 0, 4, 6, 9, 2]",0.4815371
./random_graph_db/graph_db_node_10/04_p0.4/04_graph_n10_p0.4_idx10.gpickle,10,0.4,10,3,8,27,"[9, 0, 2, 7, 8, 5, 3, 1, 4, 6]",0.50436
./random_graph_db/graph_db_node_10/04_p0.4/04_graph_n10_p0.4_idx2.gpickle,10,0.4,2,3,7,24,"[1, 3, 5, 7, 9, 8, 4, 6, 0, 2]",0.4299767
./random_graph_db/graph_db_node_10/04_p0.4/04_graph_n10_p0.4_idx3.gpickle,10,0.4,3,3,9,40,"[7, 1, 5, 6, 3, 8, 0, 4, 2, 9]",0.6251321
./random_graph_db/graph_db_node_10/04_p0.4/04_graph_n10_p0.4_idx4.gpickle,10,0.4,4,4,15,43,"[6, 8, 9, 1, 5, 2, 4, 3, 0, 7]",0.6708629
./random_graph_db/graph_db_node_10/04_p0.4/04_graph_n10_p0.4_idx5.gpickle,10,0.4,5,2,6,32,"[2, 9, 4, 1, 3, 5, 7, 0, 8, 6]",0.4152141
./random_graph_db/graph_db_node_10/04_p0.4/04_graph_n10_p0.4_idx6.gpickle,10,0.4,6,2,4,23,"[1, 9, 5, 8, 7, 3, 0, 2, 6, 4]",0.571208
./random_graph_db/graph_db_node_10/04_p0.4/04_graph_n10_p0.4_idx7.gpickle,10,0.4,7,3,8,29,"[2, 4, 3, 6, 9, 8, 1, 7, 5, 0]",0.6390541
./random_graph_db/graph_db_node_10/04_p0.4/04_graph_n10_p0.4_idx8.gpickle,10,0.4,8,2,3,17,"[2, 5, 4, 8, 6, 3, 9, 0, 1, 7]",0.4180002
./random_graph_db/graph_db_node_10/04_p0.4/04_graph_n10_p0.4_idx9.gpickle,10,0.4,9,3,10,36,"[4, 7, 5, 0, 8, 1, 3, 6, 2, 9]",0.6533079
./random_graph_db/graph_db_node_10/05_p0.45/05_graph_n10_p0.45_idx1.gpickle,10,0.45,1,3,11,41,"[2, 5, 8, 9, 3, 6, 4, 1, 0, 7]",0.6251299
./random_graph_db/graph_db_node_10/05_p0.45/05_graph_n10_p0.45_idx10.gpickle,10,0.45,10,3,10,40,"[3, 5, 6, 2, 8, 1, 9, 0, 7, 4]",0.612694
./random_graph_db/graph_db_node_10/05_p0.45/05_graph_n10_p0.45_idx2.gpickle,10,0.45,2,3,10,37,"[3, 6, 5, 7, 2, 9, 0, 1, 4, 8]",0.5927799
./random_graph_db/graph_db_node_10/05_p0.45/05_graph_n10_p0.45_idx3.gpickle,10,0.45,3,2,4,25,"[6, 5, 3, 9, 4, 1, 8, 2, 0, 7]",0.3296211
./random_graph_db/graph_db_node_10/05_p0.45/05_graph_n10_p0.45_idx4.gpickle,10,0.45,4,2,3,17,"[9, 4, 3, 0, 6, 5, 2, 8, 1, 7]",0.409507
./random_graph_db/graph_db_node_10/05_p0.45/05_graph_n10_p0.45_idx5.gpickle,10,0.45,5,3,12,40,"[5, 0, 2, 4, 3, 1, 9, 8, 6, 7]",0.548707
./random_graph_db/graph_db_node_10/05_p0.45/05_graph_n10_p0.45_idx6.gpickle,10,0.45,6,3,7,38,"[2, 0, 3, 9, 4, 5, 6, 7, 8, 1]",0.558883
./random_graph_db/graph_db_node_10/05_p0.45/05_graph_n10_p0.45_idx7.gpickle,10,0.45,7,2,4,18,"[8, 4, 3, 7, 2, 9, 0, 5, 1, 6]",0.4186151
./random_graph_db/graph_db_node_10/05_p0.45/05_graph_n10_p0.45_idx8.gpickle,10,0.45,8,3,10,39,"[1, 6, 9, 7, 8, 0, 5, 2, 3, 4]",0.562623
./random_graph_db/graph_db_node_10/05_p0.45/05_graph_n10_p0.45_idx9.gpickle,10,0.45,9,3,10,32,"[0, 9, 3, 8, 2, 1, 5, 4, 6, 7]",0.5028071
./random_graph_db/graph_db_node_10/06_p0.5/06_graph_n10_p0.5_idx1.gpickle,10,0.5,1,4,12,37,"[7, 8, 9, 6, 5, 1, 3, 0, 4, 2]",0.6754692
./random_graph_db/graph_db_node_10/06_p0.5/06_graph_n10_p0.5_idx10.gpickle,10,0.5,10,3,9,31,"[4, 0, 7, 8, 9, 1, 6, 2, 5, 3]",0.6195629
./random_graph_db/graph_db_node_10/06_p0.5/06_graph_n10_p0.5_idx2.gpickle,10,0.5,2,4,13,41,"[8, 9, 1, 7, 2, 5, 3, 0, 6, 4]",0.511297
./random_graph_db/graph_db_node_10/06_p0.5/06_graph_n10_p0.5_idx3.gpickle,10,0.5,3,4,13,43,"[9, 4, 6, 0, 5, 3, 8, 2, 1, 7]",0.7572191
./random_graph_db/graph_db_node_10/06_p0.5/06_graph_n10_p0.5_idx4.gpickle,10,0.5,4,3,9,25,"[7, 9, 1, 0, 5, 8, 4, 3, 6, 2]",0.6147249
./random_graph_db/graph_db_node_10/06_p0.5/06_graph_n10_p0.5_idx5.gpickle,10,0.5,5,3,8,33,"[6, 5, 7, 4, 8, 9, 0, 2, 3, 1]",0.6808639
./random_graph_db/graph_db_node_10/06_p0.5/06_graph_n10_p0.5_idx6.gpickle,10,0.5,6,3,9,46,"[9, 2, 3, 4, 0, 8, 1, 7, 5, 6]",0.724719
./random_graph_db/graph_db_node_10/06_p0.5/06_graph_n10_p0.5_idx7.gpickle,10,0.5,7,3,8,27,"[4, 9, 5, 8, 0, 3, 7, 2, 1, 6]",0.5472062
./random_graph_db/graph_db_node_10/06_p0.5/06_graph_n10_p0.5_idx8.gpickle,10,0.5,8,4,13,48,"[1, 0, 7, 2, 9, 8, 4, 6, 3, 5]",0.5061109
./random_graph_db/graph_db_node_10/06_p0.5/06_graph_n10_p0.5_idx9.gpickle,10,0.5,9,3,10,36,"[2, 5, 4, 9, 1, 8, 0, 7, 3, 6]",0.7631891
./random_graph_db/graph_db_node_10/07_p0.55/07_graph_n10_p0.55_idx1.gpickle,10,0.55,1,3,8,41,"[6, 8, 7, 4, 0, 9, 3, 1, 5, 2]",0.7104208
./random_graph_db/graph_db_node_10/07_p0.55/07_graph_n10_p0.55_idx10.gpickle,10,0.55,10,4,12,42,"[2, 6, 5, 1, 3, 4, 8, 7, 0, 9]",0.74228
./random_graph_db/graph_db_node_10/07_p0.55/07_graph_n10_p0.55_idx2.gpickle,10,0.55,2,3,6,32,"[0, 6, 5, 3, 1, 2, 9, 7, 8, 4]",0.5640259
./random_graph_db/graph_db_node_10/07_p0.55/07_graph_n10_p0.55_idx3.gpickle,10,0.55,3,3,8,37,"[0, 4, 8, 7, 1, 2, 9, 5, 6, 3]",0.6736379
./random_graph_db/graph_db_node_10/07_p0.55/07_graph_n10_p0.55_idx4.gpickle,10,0.55,4,3,8,39,"[7, 2, 6, 0, 3, 8, 1, 4, 9, 5]",0.4585638
./random_graph_db/graph_db_node_10/07_p0.55/07_graph_n10_p0.55_idx5.gpickle,10,0.55,5,3,6,25,"[2, 1, 8, 0, 6, 7, 5, 9, 3, 4]",0.4419618
./random_graph_db/graph_db_node_10/07_p0.55/07_graph_n10_p0.55_idx6.gpickle,10,0.55,6,3,9,40,"[1, 6, 4, 7, 9, 0, 8, 3, 2, 5]",0.6146231
./random_graph_db/graph_db_node_10/07_p0.55/07_graph_n10_p0.55_idx7.gpickle,10,0.55,7,3,10,43,"[1, 6, 9, 7, 5, 3, 4, 0, 2, 8]",0.5883288
./random_graph_db/graph_db_node_10/07_p0.55/07_graph_n10_p0.55_idx8.gpickle,10,0.55,8,3,8,36,"[4, 2, 3, 0, 7, 6, 9, 8, 1, 5]",0.489182
./random_graph_db/graph_db_node_10/07_p0.55/07_graph_n10_p0.55_idx9.gpickle,10,0.55,9,3,6,23,"[6, 8, 2, 5, 1, 3, 9, 4, 0, 7]",0.5707381
./random_graph_db/graph_db_node_10/08_p0.6/08_graph_n10_p0.6_idx1.gpickle,10,0.6,1,3,9,42,"[3, 5, 2, 7, 6, 0, 9, 1, 4, 8]",0.5058041
./random_graph_db/graph_db_node_10/08_p0.6/08_graph_n10_p0.6_idx10.gpickle,10,0.6,10,3,11,35,"[2, 8, 5, 9, 4, 1, 7, 3, 6, 0]",0.6474323
./random_graph_db/graph_db_node_10/08_p0.6/08_graph_n10_p0.6_idx2.gpickle,10,0.6,2,3,12,44,"[1, 5, 8, 7, 2, 9, 0, 4, 3, 6]",0.4951353
./random_graph_db/graph_db_node_10/08_p0.6/08_graph_n10_p0.6_idx3.gpickle,10,0.6,3,3,6,23,"[7, 9, 8, 1, 6, 4, 0, 5, 3, 2]",0.474431
./random_graph_db/graph_db_node_10/08_p0.6/08_graph_n10_p0.6_idx4.gpickle,10,0.6,4,3,8,36,"[9, 3, 8, 6, 4, 7, 0, 1, 5, 2]",0.473386
./random_graph_db/graph_db_node_10/08_p0.6/08_graph_n10_p0.6_idx5.gpickle,10,0.6,5,4,15,33,"[5, 3, 7, 9, 2, 6, 4, 1, 8, 0]",0.7148829
./random_graph_db/graph_db_node_10/08_p0.6/08_graph_n10_p0.6_idx6.gpickle,10,0.6,6,3,7,24,"[5, 2, 8, 9, 0, 1, 7, 6, 4, 3]",1.191781
./random_graph_db/graph_db_node_10/08_p0.6/08_graph_n10_p0.6_idx7.gpickle,10,0.6,7,3,11,42,"[0, 1, 7, 4, 2, 6, 3, 9, 5, 8]",0.7043998
./random_graph_db/graph_db_node_10/08_p0.6/08_graph_n10_p0.6_idx8.gpickle,10,0.6,8,3,5,22,"[2, 7, 8, 3, 1, 5, 6, 9, 4, 0]",0.5816762
./random_graph_db/graph_db_node_10/08_p0.6/08_graph_n10_p0.6_idx9.gpickle,10,0.6,9,3,7,35,"[5, 8, 1, 4, 6, 9, 7, 2, 0, 3]",0.615674
./random_graph_db/graph_db_node_10/09_p0.65/09_graph_n10_p0.65_idx1.gpickle,10,0.65,1,3,9,31,"[8, 0, 6, 9, 5, 4, 1, 7, 2, 3]",0.637701
./random_graph_db/graph_db_node_10/09_p0.65/09_graph_n10_p0.65_idx10.gpickle,10,0.65,10,2,4,25,"[4, 3, 7, 6, 2, 5, 0, 1, 8, 9]",1.1493061
./random_graph_db/graph_db_node_10/09_p0.65/09_graph_n10_p0.65_idx2.gpickle,10,0.65,2,4,14,48,"[4, 0, 2, 7, 3, 1, 9, 5, 6, 8]",1.0562077
./random_graph_db/graph_db_node_10/09_p0.65/09_graph_n10_p0.65_idx3.gpickle,10,0.65,3,3,9,37,"[0, 4, 9, 2, 1, 8, 7, 5, 6, 3]",0.9175906
./random_graph_db/graph_db_node_10/09_p0.65/09_graph_n10_p0.65_idx4.gpickle,10,0.65,4,3,7,33,"[6, 0, 4, 3, 7, 9, 5, 2, 8, 1]",0.4869399
./random_graph_db/graph_db_node_10/09_p0.65/09_graph_n10_p0.65_idx5.gpickle,10,0.65,5,4,13,36,"[5, 0, 9, 3, 2, 1, 4, 6, 7, 8]",0.6732981
./random_graph_db/graph_db_node_10/09_p0.65/09_graph_n10_p0.65_idx6.gpickle,10,0.65,6,3,6,28,"[0, 1, 3, 9, 5, 8, 2, 4, 6, 7]",0.6287138
./random_graph_db/graph_db_node_10/09_p0.65/09_graph_n10_p0.65_idx7.gpickle,10,0.65,7,3,8,37,"[6, 7, 5, 0, 1, 8, 4, 2, 9, 3]",0.5906661
./random_graph_db/graph_db_node_10/09_p0.65/09_graph_n10_p0.65_idx8.gpickle,10,0.65,8,3,7,26,"[5, 6, 0, 1, 2, 9, 7, 8, 3, 4]",0.6183851
./random_graph_db/graph_db_node_10/09_p0.65/09_graph_n10_p0.65_idx9.gpickle,10,0.65,9,3,12,34,"[4, 3, 6, 1, 2, 9, 7, 8, 5, 0]",0.5929811
./random_graph_db/graph_db_node_10/10_p0.7/10_graph_n10_p0.7_idx1.gpickle,10,0.7,1,3,7,36,"[5, 2, 3, 0, 8, 7, 1, 6, 9, 4]",0.468998
./random_graph_db/graph_db_node_10/10_p0.7/10_graph_n10_p0.7_idx10.gpickle,10,0.7,10,3,9,37,"[0, 1, 3, 6, 8, 5, 2, 9, 7, 4]",0.6970961
./random_graph_db/graph_db_node_10/10_p0.7/10_graph_n10_p0.7_idx2.gpickle,10,0.7,2,3,9,44,"[3, 2, 7, 1, 4, 6, 9, 5, 0, 8]",0.5946929
./random_graph_db/graph_db_node_10/10_p0.7/10_graph_n10_p0.7_idx3.gpickle,10,0.7,3,3,6,25,"[7, 2, 1, 4, 6, 9, 3, 0, 8, 5]",0.5793738
./random_graph_db/graph_db_node_10/10_p0.7/10_graph_n10_p0.7_idx4.gpickle,10,0.7,4,3,7,34,"[4, 9, 0, 3, 8, 7, 5, 6, 1, 2]",0.4642339
./random_graph_db/graph_db_node_10/10_p0.7/10_graph_n10_p0.7_idx5.gpickle,10,0.7,5,3,10,35,"[3, 2, 7, 5, 8, 0, 9, 4, 6, 1]",0.6538649
./random_graph_db/graph_db_node_10/10_p0.7/10_graph_n10_p0.7_idx6.gpickle,10,0.7,6,3,10,45,"[3, 4, 9, 1, 0, 6, 8, 7, 5, 2]",0.6881371
./random_graph_db/graph_db_node_10/10_p0.7/10_graph_n10_p0.7_idx7.gpickle,10,0.7,7,3,8,25,"[4, 3, 1, 8, 9, 7, 5, 2, 0, 6]",0.4991829
./random_graph_db/graph_db_node_10/10_p0.7/10_graph_n10_p0.7_idx8.gpickle,10,0.7,8,3,9,39,"[2, 0, 9, 7, 5, 4, 3, 1, 8, 6]",0.536618
./random_graph_db/graph_db_node_10/10_p0.7/10_graph_n10_p0.7_idx9.gpickle,10,0.7,9,4,13,44,"[9, 2, 1, 5, 4, 8, 6, 7, 3, 0]",0.5199907
./random_graph_db/graph_db_node_10/11_p0.8/11_graph_n10_p0.8_idx1.gpickle,10,0.8,1,2,4,25,"[5, 3, 9, 2, 1, 6, 8, 7, 0, 4]",0.4031501
./random_graph_db/graph_db_node_10/11_p0.8/11_graph_n10_p0.8_idx10.gpickle,10,0.8,10,3,4,19,"[3, 0, 1, 4, 7, 9, 6, 8, 2, 5]",0.517859
./random_graph_db/graph_db_node_10/11_p0.8/11_graph_n10_p0.8_idx2.gpickle,10,0.8,2,2,4,28,"[4, 7, 5, 1, 8, 9, 3, 2, 0, 6]",0.5022981
./random_graph_db/graph_db_node_10/11_p0.8/11_graph_n10_p0.8_idx3.gpickle,10,0.8,3,3,8,33,"[3, 1, 4, 7, 8, 6, 5, 0, 2, 9]",0.4438028
./random_graph_db/graph_db_node_10/11_p0.8/11_graph_n10_p0.8_idx4.gpickle,10,0.8,4,3,5,22,"[1, 3, 8, 9, 7, 5, 4, 0, 6, 2]",0.775275
./random_graph_db/graph_db_node_10/11_p0.8/11_graph_n10_p0.8_idx5.gpickle,10,0.8,5,3,8,28,"[2, 0, 6, 1, 5, 8, 9, 3, 7, 4]",0.344039
./random_graph_db/graph_db_node_10/11_p0.8/11_graph_n10_p0.8_idx6.gpickle,10,0.8,6,2,3,17,"[8, 9, 3, 2, 7, 5, 0, 6, 1, 4]",0.522567
./random_graph_db/graph_db_node_10/11_p0.8/11_graph_n10_p0.8_idx7.gpickle,10,0.8,7,2,5,19,"[0, 8, 1, 9, 6, 2, 7, 3, 5, 4]",0.4278319
./random_graph_db/graph_db_node_10/11_p0.8/11_graph_n10_p0.8_idx8.gpickle,10,0.8,8,2,4,25,"[8, 1, 4, 9, 3, 7, 5, 2, 6, 0]",0.416234
./random_graph_db/graph_db_node_10/11_p0.8/11_graph_n10_p0.8_idx9.gpickle,10,0.8,9,3,7,24,"[4, 0, 6, 3, 2, 5, 9, 1, 7, 8]",0.5356312
./random_graph_db/graph_db_node_10/12_p0.9/12_graph_n10_p0.9_idx1.gpickle,10,0.9,1,2,2,16,"[9, 1, 5, 4, 0, 8, 3, 6, 7, 2]",0.3806341
./random_graph_db/graph_db_node_10/12_p0.9/12_graph_n10_p0.9_idx10.gpickle,10,0.9,10,1,0,11,"[0, 6, 7, 2, 1, 8, 4, 5, 9, 3]",0.1988201
./random_graph_db/graph_db_node_10/12_p0.9/12_graph_n10_p0.9_idx2.gpickle,10,0.9,2,2,1,13,"[3, 2, 5, 9, 4, 8, 6, 1, 0, 7]",0.3666062
./random_graph_db/graph_db_node_10/12_p0.9/12_graph_n10_p0.9_idx3.gpickle,10,0.9,3,2,4,20,"[8, 0, 1, 9, 4, 3, 5, 7, 6, 2]",0.5154381
./random_graph_db/graph_db_node_10/12_p0.9/12_graph_n10_p0.9_idx4.gpickle,10,0.9,4,2,4,23,"[6, 4, 1, 2, 8, 7, 5, 0, 3, 9]",0.312957
./random_graph_db/graph_db_node_10/12_p0.9/12_graph_n10_p0.9_idx5.gpickle,10,0.9,5,2,2,16,"[5, 8, 6, 4, 7, 1, 3, 9, 2, 0]",0.3786249
./random_graph_db/graph_db_node_10/12_p0.9/12_graph_n10_p0.9_idx6.gpickle,10,0.9,6,1,0,11,"[1, 3, 5, 2, 9, 6, 7, 8, 4, 0]",0.193068
./random_graph_db/graph_db_node_10/12_p0.9/12_graph_n10_p0.9_idx7.gpickle,10,0.9,7,3,4,19,"[4, 7, 5, 3, 2, 0, 8, 9, 1, 6]",0.5254283
./random_graph_db/graph_db_node_10/12_p0.9/12_graph_n10_p0.9_idx8.gpickle,10,0.9,8,2,4,24,"[2, 9, 8, 7, 4, 0, 1, 5, 6, 3]",0.409831
./random_graph_db/graph_db_node_10/12_p0.9/12_graph_n10_p0.9_idx9.gpickle,10,0.9,9,2,4,21,"[8, 5, 4, 3, 7, 6, 0, 1, 9, 2]",0.5131111
./random_graph_db/graph_db_node_11/01_p0.1/01_graph_n11_p0.1_idx1.gpickle,11,0.1,1,1,0,12,"[4, 2, 6, 9, 0, 1, 3, 7, 10, 8, 5]",0.2298212
./random_graph_db/graph_db_node_11/01_p0.1/01_graph_n11_p0.1_idx10.gpickle,11,0.1,10,2,2,15,"[2, 5, 10, 4, 8, 0, 7, 3, 1, 6, 9]",0.2443328
./random_graph_db/graph_db_node_11/01_p0.1/01_graph_n11_p0.1_idx2.gpickle,11,0.1,2,2,2,17,"[7, 5, 9, 0, 1, 10, 6, 8, 3, 2, 4]",0.6896901
./random_graph_db/graph_db_node_11/01_p0.1/01_graph_n11_p0.1_idx3.gpickle,11,0.1,3,1,0,12,"[7, 10, 6, 1, 8, 5, 3, 4, 2, 9, 0]",0.307132
./random_graph_db/graph_db_node_11/01_p0.1/01_graph_n11_p0.1_idx4.gpickle,11,0.1,4,2,3,16,"[3, 6, 8, 9, 1, 0, 5, 4, 2, 7, 10]",0.7411959
./random_graph_db/graph_db_node_11/01_p0.1/01_graph_n11_p0.1_idx5.gpickle,11,0.1,5,2,3,18,"[1, 10, 6, 9, 0, 2, 8, 5, 3, 4, 7]",0.4445019
./random_graph_db/graph_db_node_11/01_p0.1/01_graph_n11_p0.1_idx6.gpickle,11,0.1,6,1,0,12,"[1, 9, 5, 8, 10, 7, 2, 6, 3, 4, 0]",0.235543
./random_graph_db/graph_db_node_11/01_p0.1/01_graph_n11_p0.1_idx7.gpickle,11,0.1,7,2,2,15,"[0, 1, 2, 4, 6, 3, 10, 8, 5, 9, 7]",0.6867528
./random_graph_db/graph_db_node_11/01_p0.1/01_graph_n11_p0.1_idx8.gpickle,11,0.1,8,1,0,12,"[5, 0, 10, 4, 3, 9, 1, 8, 7, 2, 6]",0.231113
./random_graph_db/graph_db_node_11/01_p0.1/01_graph_n11_p0.1_idx9.gpickle,11,0.1,9,1,0,12,"[9, 3, 2, 6, 0, 8, 1, 5, 10, 7, 4]",0.224108
./random_graph_db/graph_db_node_11/02_p0.2/02_graph_n11_p0.2_idx1.gpickle,11,0.2,1,3,7,23,"[2, 9, 10, 0, 4, 3, 1, 5, 7, 6, 8]",0.6843452
./random_graph_db/graph_db_node_11/02_p0.2/02_graph_n11_p0.2_idx10.gpickle,11,0.2,10,2,3,24,"[1, 8, 7, 5, 6, 9, 10, 3, 0, 2, 4]",0.7344849
./random_graph_db/graph_db_node_11/02_p0.2/02_graph_n11_p0.2_idx2.gpickle,11,0.2,2,2,5,29,"[7, 5, 3, 8, 2, 6, 4, 10, 0, 1, 9]",0.4906979
./random_graph_db/graph_db_node_11/02_p0.2/02_graph_n11_p0.2_idx3.gpickle,11,0.2,3,3,7,25,"[2, 4, 6, 9, 5, 7, 10, 1, 3, 8, 0]",0.8074512
./random_graph_db/graph_db_node_11/02_p0.2/02_graph_n11_p0.2_idx4.gpickle,11,0.2,4,3,7,25,"[8, 7, 6, 1, 9, 3, 5, 4, 0, 10, 2]",0.6552858
./random_graph_db/graph_db_node_11/02_p0.2/02_graph_n11_p0.2_idx5.gpickle,11,0.2,5,3,10,36,"[1, 5, 3, 4, 7, 8, 2, 6, 10, 0, 9]",0.6802208
./random_graph_db/graph_db_node_11/02_p0.2/02_graph_n11_p0.2_idx6.gpickle,11,0.2,6,2,1,14,"[10, 1, 0, 9, 3, 7, 4, 5, 8, 2, 6]",0.5086572
./random_graph_db/graph_db_node_11/02_p0.2/02_graph_n11_p0.2_idx7.gpickle,11,0.2,7,2,2,17,"[2, 8, 5, 9, 3, 0, 4, 10, 6, 7, 1]",0.3226979
./random_graph_db/graph_db_node_11/02_p0.2/02_graph_n11_p0.2_idx8.gpickle,11,0.2,8,2,1,14,"[5, 8, 7, 3, 2, 10, 1, 4, 6, 0, 9]",0.517916
./random_graph_db/graph_db_node_11/02_p0.2/02_graph_n11_p0.2_idx9.gpickle,11,0.2,9,2,3,23,"[0, 1, 7, 4, 3, 8, 9, 5, 10, 6, 2]",0.5780463
./random_graph_db/graph_db_node_11/03_p0.3/03_graph_n11_p0.3_idx1.gpickle,11,0.3,1,2,4,24,"[2, 4, 8, 5, 6, 0, 9, 3, 1, 10, 7]",0.5182569
./random_graph_db/graph_db_node_11/03_p0.3/03_graph_n11_p0.3_idx10.gpickle,11,0.3,10,3,11,37,"[1, 10, 5, 0, 4, 8, 2, 9, 7, 6, 3]",0.9427559
./random_graph_db/graph_db_node_11/03_p0.3/03_graph_n11_p0.3_idx2.gpickle,11,0.3,2,3,6,22,"[6, 8, 0, 1, 9, 5, 7, 10, 4, 3, 2]",0.6185331
./random_graph_db/graph_db_node_11/03_p0.3/03_graph_n11_p0.3_idx3.gpickle,11,0.3,3,3,11,36,"[0, 4, 10, 8, 9, 1, 3, 5, 7, 2, 6]",0.8681264
./random_graph_db/graph_db_node_11/03_p0.3/03_graph_n11_p0.3_idx4.gpickle,11,0.3,4,3,8,32,"[4, 7, 3, 0, 8, 5, 10, 2, 9, 1, 6]",0.6556621
./random_graph_db/graph_db_node_11/03_p0.3/03_graph_n11_p0.3_idx5.gpickle,11,0.3,5,3,7,25,"[4, 10, 5, 8, 7, 6, 0, 2, 9, 3, 1]",0.5220528
./random_graph_db/graph_db_node_11/03_p0.3/03_graph_n11_p0.3_idx6.gpickle,11,0.3,6,4,16,62,"[4, 5, 3, 6, 1, 0, 2, 10, 9, 7, 8]",0.976536
./random_graph_db/graph_db_node_11/03_p0.3/03_graph_n11_p0.3_idx7.gpickle,11,0.3,7,3,6,28,"[8, 7, 2, 0, 1, 6, 10, 4, 5, 3, 9]",0.805373
./random_graph_db/graph_db_node_11/03_p0.3/03_graph_n11_p0.3_idx8.gpickle,11,0.3,8,3,9,32,"[7, 8, 4, 10, 5, 2, 0, 6, 3, 9, 1]",0.4477661
./random_graph_db/graph_db_node_11/03_p0.3/03_graph_n11_p0.3_idx9.gpickle,11,0.3,9,3,9,37,"[0, 2, 5, 10, 7, 3, 4, 1, 6, 9, 8]",0.7167728
./random_graph_db/graph_db_node_11/04_p0.4/04_graph_n11_p0.4_idx1.gpickle,11,0.4,1,3,8,30,"[8, 6, 7, 4, 3, 10, 0, 5, 1, 9, 2]",0.6909668
./random_graph_db/graph_db_node_11/04_p0.4/04_graph_n11_p0.4_idx10.gpickle,11,0.4,10,3,10,41,"[1, 6, 9, 5, 7, 0, 2, 3, 8, 10, 4]",0.8567848
./random_graph_db/graph_db_node_11/04_p0.4/04_graph_n11_p0.4_idx2.gpickle,11,0.4,2,3,11,41,"[8, 9, 6, 3, 1, 7, 5, 4, 0, 10, 2]",0.6273758
./random_graph_db/graph_db_node_11/04_p0.4/04_graph_n11_p0.4_idx3.gpickle,11,0.4,3,4,17,53,"[8, 3, 10, 4, 1, 7, 0, 5, 6, 2, 9]",0.9362457
./random_graph_db/graph_db_node_11/04_p0.4/04_graph_n11_p0.4_idx4.gpickle,11,0.4,4,4,15,55,"[4, 6, 0, 8, 3, 1, 7, 9, 10, 5, 2]",0.627938
./random_graph_db/graph_db_node_11/04_p0.4/04_graph_n11_p0.4_idx5.gpickle,11,0.4,5,3,9,38,"[9, 4, 8, 7, 1, 2, 6, 5, 10, 0, 3]",0.71346
./random_graph_db/graph_db_node_11/04_p0.4/04_graph_n11_p0.4_idx6.gpickle,11,0.4,6,3,6,36,"[2, 5, 0, 8, 9, 1, 3, 6, 7, 4, 10]",0.851757
./random_graph_db/graph_db_node_11/04_p0.4/04_graph_n11_p0.4_idx7.gpickle,11,0.4,7,3,9,34,"[3, 0, 4, 7, 9, 8, 2, 6, 1, 5, 10]",0.722477
./random_graph_db/graph_db_node_11/04_p0.4/04_graph_n11_p0.4_idx8.gpickle,11,0.4,8,3,11,44,"[3, 0, 2, 1, 10, 6, 9, 7, 5, 8, 4]",0.658989
./random_graph_db/graph_db_node_11/04_p0.4/04_graph_n11_p0.4_idx9.gpickle,11,0.4,9,3,7,27,"[6, 5, 9, 2, 10, 3, 8, 1, 7, 0, 4]",0.552108
./random_graph_db/graph_db_node_11/05_p0.45/05_graph_n11_p0.45_idx1.gpickle,11,0.45,1,3,10,45,"[7, 10, 4, 8, 0, 2, 3, 1, 6, 9, 5]",0.623894
./random_graph_db/graph_db_node_11/05_p0.45/05_graph_n11_p0.45_idx10.gpickle,11,0.45,10,4,12,42,"[5, 3, 1, 2, 6, 10, 0, 4, 9, 8, 7]",0.9501817
./random_graph_db/graph_db_node_11/05_p0.45/05_graph_n11_p0.45_idx2.gpickle,11,0.45,2,4,16,55,"[1, 2, 8, 0, 9, 10, 7, 4, 6, 3, 5]",0.954509
./random_graph_db/graph_db_node_11/05_p0.45/05_graph_n11_p0.45_idx3.gpickle,11,0.45,3,4,14,53,"[1, 6, 3, 9, 4, 2, 7, 10, 5, 8, 0]",0.8951061
./random_graph_db/graph_db_node_11/05_p0.45/05_graph_n11_p0.45_idx4.gpickle,11,0.45,4,2,6,29,"[1, 6, 9, 2, 10, 4, 5, 8, 3, 0, 7]",0.5471411
./random_graph_db/graph_db_node_11/05_p0.45/05_graph_n11_p0.45_idx5.gpickle,11,0.45,5,4,20,73,"[3, 9, 7, 4, 2, 5, 10, 6, 1, 0, 8]",0.777827
./random_graph_db/graph_db_node_11/05_p0.45/05_graph_n11_p0.45_idx6.gpickle,11,0.45,6,4,12,44,"[4, 8, 10, 5, 0, 2, 9, 3, 7, 6, 1]",0.9106598
./random_graph_db/graph_db_node_11/05_p0.45/05_graph_n11_p0.45_idx7.gpickle,11,0.45,7,3,8,41,"[4, 5, 0, 9, 7, 1, 2, 8, 6, 10, 3]",0.6110899
./random_graph_db/graph_db_node_11/05_p0.45/05_graph_n11_p0.45_idx8.gpickle,11,0.45,8,3,9,37,"[2, 7, 4, 5, 1, 0, 3, 9, 10, 8, 6]",0.5827842
./random_graph_db/graph_db_node_11/05_p0.45/05_graph_n11_p0.45_idx9.gpickle,11,0.45,9,4,13,34,"[7, 4, 9, 0, 8, 5, 10, 1, 3, 6, 2]",0.952755
./random_graph_db/graph_db_node_11/06_p0.5/06_graph_n11_p0.5_idx1.gpickle,11,0.5,1,4,16,59,"[8, 5, 4, 1, 3, 2, 7, 9, 10, 0, 6]",0.8114247
./random_graph_db/graph_db_node_11/06_p0.5/06_graph_n11_p0.5_idx10.gpickle,11,0.5,10,3,12,52,"[7, 8, 5, 6, 1, 2, 0, 4, 10, 3, 9]",0.7309141
./random_graph_db/graph_db_node_11/06_p0.5/06_graph_n11_p0.5_idx2.gpickle,11,0.5,2,4,15,41,"[10, 4, 7, 8, 0, 5, 2, 1, 9, 3, 6]",0.6124022
./random_graph_db/graph_db_node_11/06_p0.5/06_graph_n11_p0.5_idx3.gpickle,11,0.5,3,2,5,29,"[9, 5, 4, 0, 1, 7, 10, 3, 2, 8, 6]",0.4229019
./random_graph_db/graph_db_node_11/06_p0.5/06_graph_n11_p0.5_idx4.gpickle,11,0.5,4,3,10,41,"[10, 9, 0, 7, 5, 4, 3, 2, 8, 1, 6]",0.6151979
./random_graph_db/graph_db_node_11/06_p0.5/06_graph_n11_p0.5_idx5.gpickle,11,0.5,5,3,12,50,"[1, 6, 8, 2, 9, 3, 0, 7, 10, 4, 5]",0.608674
./random_graph_db/graph_db_node_11/06_p0.5/06_graph_n11_p0.5_idx6.gpickle,11,0.5,6,4,18,56,"[7, 4, 0, 2, 8, 10, 9, 3, 6, 1, 5]",0.838063
./random_graph_db/graph_db_node_11/06_p0.5/06_graph_n11_p0.5_idx7.gpickle,11,0.5,7,4,12,39,"[7, 6, 10, 8, 9, 2, 3, 5, 0, 4, 1]",0.827136
./random_graph_db/graph_db_node_11/06_p0.5/06_graph_n11_p0.5_idx8.gpickle,11,0.5,8,3,9,42,"[4, 1, 5, 9, 2, 0, 10, 7, 8, 3, 6]",1.2012081
./random_graph_db/graph_db_node_11/06_p0.5/06_graph_n11_p0.5_idx9.gpickle,11,0.5,9,4,14,38,"[10, 3, 8, 2, 7, 6, 1, 4, 0, 5, 9]",0.7892201
./random_graph_db/graph_db_node_11/07_p0.55/07_graph_n11_p0.55_idx1.gpickle,11,0.55,1,4,20,70,"[8, 5, 10, 7, 4, 2, 9, 3, 0, 1, 6]",0.8754933
./random_graph_db/graph_db_node_11/07_p0.55/07_graph_n11_p0.55_idx10.gpickle,11,0.55,10,3,9,36,"[0, 6, 7, 9, 3, 8, 5, 1, 10, 4, 2]",0.626049
./random_graph_db/graph_db_node_11/07_p0.55/07_graph_n11_p0.55_idx2.gpickle,11,0.55,2,4,12,31,"[8, 2, 5, 0, 6, 3, 9, 7, 4, 10, 1]",0.9877381
./random_graph_db/graph_db_node_11/07_p0.55/07_graph_n11_p0.55_idx3.gpickle,11,0.55,3,4,15,52,"[3, 2, 6, 8, 9, 10, 7, 5, 4, 1, 0]",0.9664521
./random_graph_db/graph_db_node_11/07_p0.55/07_graph_n11_p0.55_idx4.gpickle,11,0.55,4,3,11,42,"[2, 7, 1, 10, 5, 8, 0, 4, 6, 9, 3]",0.5908301
./random_graph_db/graph_db_node_11/07_p0.55/07_graph_n11_p0.55_idx5.gpickle,11,0.55,5,4,16,46,"[10, 6, 0, 7, 1, 4, 9, 3, 5, 2, 8]",0.8297079
./random_graph_db/graph_db_node_11/07_p0.55/07_graph_n11_p0.55_idx6.gpickle,11,0.55,6,4,16,53,"[3, 4, 5, 10, 0, 7, 6, 2, 1, 8, 9]",0.8779049
./random_graph_db/graph_db_node_11/07_p0.55/07_graph_n11_p0.55_idx7.gpickle,11,0.55,7,4,17,61,"[9, 6, 4, 10, 1, 2, 7, 3, 5, 0, 8]",1.0226061
./random_graph_db/graph_db_node_11/07_p0.55/07_graph_n11_p0.55_idx8.gpickle,11,0.55,8,4,12,43,"[5, 8, 1, 4, 0, 2, 7, 10, 6, 9, 3]",0.9194601
./random_graph_db/graph_db_node_11/07_p0.55/07_graph_n11_p0.55_idx9.gpickle,11,0.55,9,4,11,39,"[7, 3, 8, 2, 6, 1, 10, 9, 5, 4, 0]",0.7689407
./random_graph_db/graph_db_node_11/08_p0.6/08_graph_n11_p0.6_idx1.gpickle,11,0.6,1,3,12,45,"[1, 7, 8, 6, 9, 10, 0, 2, 4, 5, 3]",0.7836332
./random_graph_db/graph_db_node_11/08_p0.6/08_graph_n11_p0.6_idx10.gpickle,11,0.6,10,4,11,36,"[3, 7, 6, 9, 5, 10, 0, 4, 2, 8, 1]",0.7515049
./random_graph_db/graph_db_node_11/08_p0.6/08_graph_n11_p0.6_idx2.gpickle,11,0.6,2,4,16,55,"[0, 6, 4, 5, 2, 10, 1, 9, 3, 7, 8]",0.8348
./random_graph_db/graph_db_node_11/08_p0.6/08_graph_n11_p0.6_idx3.gpickle,11,0.6,3,4,11,43,"[0, 6, 10, 4, 9, 2, 8, 5, 7, 3, 1]",0.9544702
./random_graph_db/graph_db_node_11/08_p0.6/08_graph_n11_p0.6_idx4.gpickle,11,0.6,4,5,16,51,"[2, 1, 5, 4, 0, 7, 8, 6, 9, 3, 10]",0.620285
./random_graph_db/graph_db_node_11/08_p0.6/08_graph_n11_p0.6_idx5.gpickle,11,0.6,5,3,11,44,"[2, 8, 9, 0, 10, 3, 1, 5, 7, 4, 6]",0.7550027
./random_graph_db/graph_db_node_11/08_p0.6/08_graph_n11_p0.6_idx6.gpickle,11,0.6,6,4,12,35,"[3, 6, 9, 1, 10, 7, 2, 5, 8, 4, 0]",0.7814581
./random_graph_db/graph_db_node_11/08_p0.6/08_graph_n11_p0.6_idx7.gpickle,11,0.6,7,4,14,47,"[1, 3, 7, 5, 9, 8, 6, 10, 0, 2, 4]",0.982801
./random_graph_db/graph_db_node_11/08_p0.6/08_graph_n11_p0.6_idx8.gpickle,11,0.6,8,3,12,43,"[1, 2, 7, 5, 9, 3, 10, 8, 4, 6, 0]",0.8445408
./random_graph_db/graph_db_node_11/08_p0.6/08_graph_n11_p0.6_idx9.gpickle,11,0.6,9,4,13,48,"[10, 4, 1, 9, 2, 6, 0, 8, 7, 5, 3]",1.0042069
./random_graph_db/graph_db_node_11/09_p0.65/09_graph_n11_p0.65_idx1.gpickle,11,0.65,1,4,13,42,"[9, 2, 1, 10, 8, 7, 6, 4, 3, 5, 0]",1.0416331
./random_graph_db/graph_db_node_11/09_p0.65/09_graph_n11_p0.65_idx10.gpickle,11,0.65,10,4,14,48,"[1, 8, 7, 0, 3, 6, 4, 10, 9, 2, 5]",0.9474092
./random_graph_db/graph_db_node_11/09_p0.65/09_graph_n11_p0.65_idx2.gpickle,11,0.65,2,4,19,55,"[10, 2, 7, 5, 8, 0, 1, 3, 4, 6, 9]",1.0423098
./random_graph_db/graph_db_node_11/09_p0.65/09_graph_n11_p0.65_idx3.gpickle,11,0.65,3,4,15,54,"[6, 4, 3, 0, 1, 5, 2, 10, 9, 8, 7]",1.0044298
./random_graph_db/graph_db_node_11/09_p0.65/09_graph_n11_p0.65_idx4.gpickle,11,0.65,4,4,11,40,"[6, 5, 10, 4, 8, 2, 0, 9, 1, 3, 7]",0.882925
./random_graph_db/graph_db_node_11/09_p0.65/09_graph_n11_p0.65_idx5.gpickle,11,0.65,5,4,14,38,"[0, 7, 10, 9, 2, 8, 5, 4, 1, 3, 6]",0.7723272
./random_graph_db/graph_db_node_11/09_p0.65/09_graph_n11_p0.65_idx6.gpickle,11,0.65,6,4,15,54,"[9, 8, 4, 0, 2, 7, 3, 5, 10, 6, 1]",0.9801297
./random_graph_db/graph_db_node_11/09_p0.65/09_graph_n11_p0.65_idx7.gpickle,11,0.65,7,4,15,45,"[8, 7, 6, 0, 1, 2, 10, 5, 3, 9, 4]",0.9698148
./random_graph_db/graph_db_node_11/09_p0.65/09_graph_n11_p0.65_idx8.gpickle,11,0.65,8,4,13,46,"[2, 7, 6, 8, 0, 9, 1, 4, 10, 3, 5]",0.7553658
./random_graph_db/graph_db_node_11/09_p0.65/09_graph_n11_p0.65_idx9.gpickle,11,0.65,9,4,15,44,"[4, 3, 1, 10, 8, 7, 2, 9, 0, 5, 6]",1.0246451
./random_graph_db/graph_db_node_11/10_p0.7/10_graph_n11_p0.7_idx1.gpickle,11,0.7,1,3,6,22,"[6, 4, 9, 2, 0, 8, 3, 10, 5, 7, 1]",0.8757021
./random_graph_db/graph_db_node_11/10_p0.7/10_graph_n11_p0.7_idx10.gpickle,11,0.7,10,4,13,34,"[5, 8, 7, 1, 9, 6, 2, 10, 4, 3, 0]",0.9549336
./random_graph_db/graph_db_node_11/10_p0.7/10_graph_n11_p0.7_idx2.gpickle,11,0.7,2,4,14,47,"[9, 8, 1, 6, 7, 10, 4, 2, 0, 3, 5]",0.9586849
./random_graph_db/graph_db_node_11/10_p0.7/10_graph_n11_p0.7_idx3.gpickle,11,0.7,3,3,10,27,"[0, 9, 8, 2, 4, 10, 3, 5, 1, 7, 6]",0.819942
./random_graph_db/graph_db_node_11/10_p0.7/10_graph_n11_p0.7_idx4.gpickle,11,0.7,4,3,14,50,"[8, 2, 4, 9, 10, 3, 5, 0, 1, 7, 6]",0.652298
./random_graph_db/graph_db_node_11/10_p0.7/10_graph_n11_p0.7_idx5.gpickle,11,0.7,5,3,8,24,"[4, 7, 1, 3, 6, 8, 10, 9, 2, 0, 5]",0.7198317
./random_graph_db/graph_db_node_11/10_p0.7/10_graph_n11_p0.7_idx6.gpickle,11,0.7,6,4,15,46,"[9, 1, 5, 0, 4, 3, 6, 2, 8, 10, 7]",1.0479832
./random_graph_db/graph_db_node_11/10_p0.7/10_graph_n11_p0.7_idx7.gpickle,11,0.7,7,4,17,54,"[4, 9, 0, 1, 7, 5, 3, 6, 2, 10, 8]",0.6783712
./random_graph_db/graph_db_node_11/10_p0.7/10_graph_n11_p0.7_idx8.gpickle,11,0.7,8,3,9,27,"[9, 4, 1, 2, 0, 8, 3, 5, 10, 6, 7]",0.7501671
./random_graph_db/graph_db_node_11/10_p0.7/10_graph_n11_p0.7_idx9.gpickle,11,0.7,9,3,9,36,"[3, 10, 7, 0, 8, 9, 6, 2, 1, 4, 5]",0.5623121
./random_graph_db/graph_db_node_11/11_p0.8/11_graph_n11_p0.8_idx1.gpickle,11,0.8,1,3,8,28,"[0, 4, 9, 3, 1, 5, 2, 10, 6, 8, 7]",0.6299071
./random_graph_db/graph_db_node_11/11_p0.8/11_graph_n11_p0.8_idx10.gpickle,11,0.8,10,2,6,21,"[9, 10, 3, 7, 8, 5, 0, 1, 2, 4, 6]",0.411377
./random_graph_db/graph_db_node_11/11_p0.8/11_graph_n11_p0.8_idx2.gpickle,11,0.8,2,3,3,19,"[5, 10, 8, 0, 6, 9, 2, 3, 7, 4, 1]",0.5724323
./random_graph_db/graph_db_node_11/11_p0.8/11_graph_n11_p0.8_idx3.gpickle,11,0.8,3,2,3,29,"[0, 9, 6, 8, 2, 7, 3, 1, 5, 4, 10]",0.5093591
./random_graph_db/graph_db_node_11/11_p0.8/11_graph_n11_p0.8_idx4.gpickle,11,0.8,4,3,6,31,"[0, 2, 5, 6, 7, 4, 8, 10, 3, 1, 9]",0.8055279
./random_graph_db/graph_db_node_11/11_p0.8/11_graph_n11_p0.8_idx5.gpickle,11,0.8,5,3,11,35,"[4, 8, 7, 2, 6, 1, 0, 10, 9, 5, 3]",0.7164967
./random_graph_db/graph_db_node_11/11_p0.8/11_graph_n11_p0.8_idx6.gpickle,11,0.8,6,3,9,29,"[0, 1, 4, 2, 5, 10, 8, 3, 9, 6, 7]",0.7441537
./random_graph_db/graph_db_node_11/11_p0.8/11_graph_n11_p0.8_idx7.gpickle,11,0.8,7,3,8,30,"[1, 10, 5, 6, 3, 9, 0, 4, 7, 2, 8]",0.9194338
./random_graph_db/graph_db_node_11/11_p0.8/11_graph_n11_p0.8_idx8.gpickle,11,0.8,8,3,9,25,"[7, 1, 8, 2, 9, 3, 0, 6, 10, 4, 5]",0.7604642
./random_graph_db/graph_db_node_11/11_p0.8/11_graph_n11_p0.8_idx9.gpickle,11,0.8,9,3,7,23,"[7, 9, 4, 10, 1, 6, 2, 0, 8, 5, 3]",0.6775329
./random_graph_db/graph_db_node_11/12_p0.9/12_graph_n11_p0.9_idx1.gpickle,11,0.9,1,2,5,20,"[0, 7, 9, 1, 8, 10, 6, 5, 2, 4, 3]",0.6206522
./random_graph_db/graph_db_node_11/12_p0.9/12_graph_n11_p0.9_idx10.gpickle,11,0.9,10,2,4,24,"[4, 8, 6, 7, 0, 10, 2, 9, 1, 3, 5]",0.3871422
./random_graph_db/graph_db_node_11/12_p0.9/12_graph_n11_p0.9_idx2.gpickle,11,0.9,2,2,2,17,"[0, 1, 6, 8, 5, 7, 4, 9, 3, 10, 2]",0.463691
./random_graph_db/graph_db_node_11/12_p0.9/12_graph_n11_p0.9_idx3.gpickle,11,0.9,3,3,4,20,"[9, 4, 6, 5, 2, 10, 7, 1, 8, 0, 3]",0.6118841
./random_graph_db/graph_db_node_11/12_p0.9/12_graph_n11_p0.9_idx4.gpickle,11,0.9,4,3,6,22,"[3, 1, 10, 6, 5, 8, 0, 7, 9, 4, 2]",0.6291547
./random_graph_db/graph_db_node_11/12_p0.9/12_graph_n11_p0.9_idx5.gpickle,11,0.9,5,2,4,24,"[6, 8, 5, 4, 2, 10, 7, 0, 1, 3, 9]",0.3740878
./random_graph_db/graph_db_node_11/12_p0.9/12_graph_n11_p0.9_idx6.gpickle,11,0.9,6,1,0,12,"[2, 9, 3, 8, 10, 6, 5, 7, 4, 1, 0]",0.2255991
./random_graph_db/graph_db_node_11/12_p0.9/12_graph_n11_p0.9_idx7.gpickle,11,0.9,7,2,2,15,"[3, 10, 9, 2, 6, 8, 5, 0, 7, 1, 4]",0.2572961
./random_graph_db/graph_db_node_11/12_p0.9/12_graph_n11_p0.9_idx8.gpickle,11,0.9,8,2,4,22,"[0, 8, 1, 3, 9, 2, 7, 4, 6, 5, 10]",0.7386653
./random_graph_db/graph_db_node_11/12_p0.9/12_graph_n11_p0.9_idx9.gpickle,11,0.9,9,2,4,19,"[1, 5, 6, 8, 0, 9, 3, 2, 10, 4, 7]",0.7390563
./random_graph_db/graph_db_node_12/01_p0.1/01_graph_n12_p0.1_idx1.gpickle,12,0.1,1,2,3,17,"[10, 1, 9, 6, 3, 4, 5, 0, 7, 8, 2, 11]",0.7642522
./random_graph_db/graph_db_node_12/01_p0.1/01_graph_n12_p0.1_idx10.gpickle,12,0.1,10,2,3,17,"[9, 11, 10, 6, 8, 0, 3, 4, 2, 5, 1, 7]",1.0525181
./random_graph_db/graph_db_node_12/01_p0.1/01_graph_n12_p0.1_idx2.gpickle,12,0.1,2,2,2,18,"[10, 11, 6, 1, 4, 0, 5, 8, 2, 3, 9, 7]",0.8151712
./random_graph_db/graph_db_node_12/01_p0.1/01_graph_n12_p0.1_idx3.gpickle,12,0.1,3,2,2,18,"[10, 5, 4, 8, 9, 1, 2, 3, 6, 7, 0, 11]",0.3534012
./random_graph_db/graph_db_node_12/01_p0.1/01_graph_n12_p0.1_idx4.gpickle,12,0.1,4,2,4,20,"[8, 10, 9, 7, 2, 4, 5, 11, 1, 0, 6, 3]",0.867846
./random_graph_db/graph_db_node_12/01_p0.1/01_graph_n12_p0.1_idx5.gpickle,12,0.1,5,2,2,16,"[4, 6, 5, 9, 0, 3, 7, 8, 10, 1, 11, 2]",1.0281239
./random_graph_db/graph_db_node_12/01_p0.1/01_graph_n12_p0.1_idx6.gpickle,12,0.1,6,2,4,20,"[0, 7, 3, 2, 8, 1, 10, 9, 11, 4, 6, 5]",0.613538
./random_graph_db/graph_db_node_12/01_p0.1/01_graph_n12_p0.1_idx7.gpickle,12,0.1,7,2,2,16,"[7, 4, 9, 2, 1, 3, 11, 0, 10, 5, 6, 8]",0.4455249
./random_graph_db/graph_db_node_12/01_p0.1/01_graph_n12_p0.1_idx8.gpickle,12,0.1,8,1,0,13,"[9, 0, 11, 2, 4, 3, 6, 7, 8, 5, 10, 1]",0.2825871
./random_graph_db/graph_db_node_12/01_p0.1/01_graph_n12_p0.1_idx9.gpickle,12,0.1,9,2,5,26,"[9, 4, 0, 8, 1, 2, 5, 7, 3, 11, 10, 6]",0.5714128
./random_graph_db/graph_db_node_12/02_p0.2/02_graph_n12_p0.2_idx1.gpickle,12,0.2,1,3,8,23,"[7, 11, 8, 2, 4, 1, 0, 10, 3, 9, 6, 5]",0.6862061
./random_graph_db/graph_db_node_12/02_p0.2/02_graph_n12_p0.2_idx10.gpickle,12,0.2,10,3,5,22,"[3, 2, 6, 10, 11, 1, 0, 4, 9, 7, 5, 8]",1.1285079
./random_graph_db/graph_db_node_12/02_p0.2/02_graph_n12_p0.2_idx2.gpickle,12,0.2,2,2,3,19,"[9, 1, 8, 2, 11, 10, 5, 7, 0, 6, 4, 3]",0.6085801
./random_graph_db/graph_db_node_12/02_p0.2/02_graph_n12_p0.2_idx3.gpickle,12,0.2,3,3,9,28,"[8, 3, 9, 6, 11, 2, 0, 7, 4, 5, 1, 10]",0.925873
./random_graph_db/graph_db_node_12/02_p0.2/02_graph_n12_p0.2_idx4.gpickle,12,0.2,4,2,6,25,"[7, 9, 5, 11, 4, 2, 8, 1, 6, 10, 3, 0]",0.5279951
./random_graph_db/graph_db_node_12/02_p0.2/02_graph_n12_p0.2_idx5.gpickle,12,0.2,5,3,7,24,"[7, 9, 4, 8, 3, 1, 6, 11, 10, 0, 2, 5]",0.844439
./random_graph_db/graph_db_node_12/02_p0.2/02_graph_n12_p0.2_idx6.gpickle,12,0.2,6,3,7,32,"[7, 4, 9, 3, 8, 1, 5, 10, 0, 2, 11, 6]",0.8629689
./random_graph_db/graph_db_node_12/02_p0.2/02_graph_n12_p0.2_idx7.gpickle,12,0.2,7,3,4,24,"[5, 6, 10, 1, 9, 8, 3, 11, 7, 4, 2, 0]",0.7860401
./random_graph_db/graph_db_node_12/02_p0.2/02_graph_n12_p0.2_idx8.gpickle,12,0.2,8,2,2,16,"[9, 3, 4, 1, 2, 10, 5, 7, 8, 11, 0, 6]",0.7373831
./random_graph_db/graph_db_node_12/02_p0.2/02_graph_n12_p0.2_idx9.gpickle,12,0.2,9,2,4,29,"[5, 1, 0, 4, 2, 7, 9, 8, 6, 10, 3, 11]",0.4279079
./random_graph_db/graph_db_node_12/03_p0.3/03_graph_n12_p0.3_idx1.gpickle,12,0.3,1,4,12,40,"[8, 1, 11, 2, 5, 10, 0, 9, 6, 3, 7, 4]",0.9237552
./random_graph_db/graph_db_node_12/03_p0.3/03_graph_n12_p0.3_idx10.gpickle,12,0.3,10,3,10,27,"[6, 2, 7, 11, 0, 5, 10, 4, 3, 8, 9, 1]",0.8875329
./random_graph_db/graph_db_node_12/03_p0.3/03_graph_n12_p0.3_idx2.gpickle,12,0.3,2,3,7,30,"[6, 7, 0, 10, 5, 3, 8, 2, 9, 11, 1, 4]",0.9608321
./random_graph_db/graph_db_node_12/03_p0.3/03_graph_n12_p0.3_idx3.gpickle,12,0.3,3,3,8,30,"[7, 3, 8, 5, 6, 4, 2, 0, 9, 1, 11, 10]",1.0447319
./random_graph_db/graph_db_node_12/03_p0.3/03_graph_n12_p0.3_idx4.gpickle,12,0.3,4,3,6,37,"[9, 7, 0, 8, 3, 2, 11, 10, 6, 1, 5, 4]",0.9849527
./random_graph_db/graph_db_node_12/03_p0.3/03_graph_n12_p0.3_idx5.gpickle,12,0.3,5,2,4,20,"[9, 8, 2, 11, 6, 7, 5, 1, 4, 3, 10, 0]",0.577481
./random_graph_db/graph_db_node_12/03_p0.3/03_graph_n12_p0.3_idx6.gpickle,12,0.3,6,2,4,26,"[4, 10, 6, 8, 7, 1, 2, 3, 9, 11, 5, 0]",1.0864918
./random_graph_db/graph_db_node_12/03_p0.3/03_graph_n12_p0.3_idx7.gpickle,12,0.3,7,4,14,43,"[0, 5, 4, 11, 1, 2, 10, 3, 8, 6, 9, 7]",0.8805308
./random_graph_db/graph_db_node_12/03_p0.3/03_graph_n12_p0.3_idx8.gpickle,12,0.3,8,3,11,33,"[7, 4, 8, 9, 3, 6, 2, 10, 5, 1, 0, 11]",0.939743
./random_graph_db/graph_db_node_12/03_p0.3/03_graph_n12_p0.3_idx9.gpickle,12,0.3,9,4,12,38,"[11, 9, 10, 6, 1, 7, 4, 5, 3, 0, 2, 8]",0.7544858
./random_graph_db/graph_db_node_12/04_p0.4/04_graph_n12_p0.4_idx1.gpickle,12,0.4,1,4,16,59,"[8, 11, 9, 4, 5, 3, 1, 10, 2, 6, 7, 0]",0.9544871
./random_graph_db/graph_db_node_12/04_p0.4/04_graph_n12_p0.4_idx10.gpickle,12,0.4,10,4,20,61,"[2, 5, 0, 7, 3, 9, 1, 10, 8, 11, 6, 4]",1.0452492
./random_graph_db/graph_db_node_12/04_p0.4/04_graph_n12_p0.4_idx2.gpickle,12,0.4,2,4,15,53,"[0, 8, 5, 9, 4, 7, 3, 2, 10, 11, 6, 1]",1.0669661
./random_graph_db/graph_db_node_12/04_p0.4/04_graph_n12_p0.4_idx3.gpickle,12,0.4,3,3,14,47,"[4, 1, 7, 6, 9, 11, 10, 0, 8, 2, 3, 5]",1.3214839
./random_graph_db/graph_db_node_12/04_p0.4/04_graph_n12_p0.4_idx4.gpickle,12,0.4,4,4,11,39,"[11, 2, 5, 8, 0, 3, 1, 7, 10, 4, 6, 9]",0.682405
./random_graph_db/graph_db_node_12/04_p0.4/04_graph_n12_p0.4_idx5.gpickle,12,0.4,5,3,10,33,"[4, 7, 6, 11, 10, 2, 3, 5, 8, 0, 1, 9]",0.8804169
./random_graph_db/graph_db_node_12/04_p0.4/04_graph_n12_p0.4_idx6.gpickle,12,0.4,6,4,14,50,"[11, 6, 7, 1, 5, 3, 8, 0, 4, 10, 2, 9]",0.9309561
./random_graph_db/graph_db_node_12/04_p0.4/04_graph_n12_p0.4_idx7.gpickle,12,0.4,7,4,15,47,"[9, 0, 8, 4, 3, 1, 5, 10, 11, 6, 2, 7]",0.866327
./random_graph_db/graph_db_node_12/04_p0.4/04_graph_n12_p0.4_idx8.gpickle,12,0.4,8,4,15,56,"[1, 6, 10, 8, 2, 5, 7, 11, 0, 9, 3, 4]",1.310473
./random_graph_db/graph_db_node_12/04_p0.4/04_graph_n12_p0.4_idx9.gpickle,12,0.4,9,4,15,51,"[10, 11, 2, 3, 4, 8, 7, 9, 0, 5, 1, 6]",1.1362741
./random_graph_db/graph_db_node_12/05_p0.45/05_graph_n12_p0.45_idx1.gpickle,12,0.45,1,4,15,56,"[1, 9, 11, 7, 4, 6, 3, 8, 5, 10, 2, 0]",0.964551
./random_graph_db/graph_db_node_12/05_p0.45/05_graph_n12_p0.45_idx10.gpickle,12,0.45,10,5,20,67,"[4, 6, 9, 5, 2, 7, 8, 3, 10, 0, 1, 11]",1.199095
./random_graph_db/graph_db_node_12/05_p0.45/05_graph_n12_p0.45_idx2.gpickle,12,0.45,2,4,18,60,"[8, 4, 10, 6, 3, 5, 7, 2, 0, 11, 9, 1]",1.1932852
./random_graph_db/graph_db_node_12/05_p0.45/05_graph_n12_p0.45_idx3.gpickle,12,0.45,3,3,8,33,"[9, 6, 11, 2, 5, 4, 7, 10, 1, 3, 0, 8]",0.6917288
./random_graph_db/graph_db_node_12/05_p0.45/05_graph_n12_p0.45_idx4.gpickle,12,0.45,4,4,22,65,"[2, 8, 4, 7, 0, 3, 10, 6, 9, 11, 5, 1]",1.1761107
./random_graph_db/graph_db_node_12/05_p0.45/05_graph_n12_p0.45_idx5.gpickle,12,0.45,5,4,16,46,"[4, 9, 6, 3, 10, 0, 5, 2, 11, 8, 1, 7]",1.1786702
./random_graph_db/graph_db_node_12/05_p0.45/05_graph_n12_p0.45_idx6.gpickle,12,0.45,6,4,19,60,"[3, 0, 10, 1, 2, 11, 8, 6, 7, 4, 9, 5]",1.2087929
./random_graph_db/graph_db_node_12/05_p0.45/05_graph_n12_p0.45_idx7.gpickle,12,0.45,7,3,12,42,"[1, 8, 3, 4, 0, 9, 2, 5, 10, 11, 7, 6]",0.8937459
./random_graph_db/graph_db_node_12/05_p0.45/05_graph_n12_p0.45_idx8.gpickle,12,0.45,8,4,17,50,"[3, 7, 6, 10, 9, 11, 8, 5, 2, 4, 0, 1]",1.282758
./random_graph_db/graph_db_node_12/05_p0.45/05_graph_n12_p0.45_idx9.gpickle,12,0.45,9,3,12,47,"[8, 6, 4, 0, 5, 2, 3, 10, 1, 9, 7, 11]",0.9136169
./random_graph_db/graph_db_node_12/06_p0.5/06_graph_n12_p0.5_idx1.gpickle,12,0.5,1,4,20,52,"[9, 10, 2, 7, 0, 5, 1, 8, 11, 6, 3, 4]",1.2525501
./random_graph_db/graph_db_node_12/06_p0.5/06_graph_n12_p0.5_idx10.gpickle,12,0.5,10,3,10,45,"[0, 10, 6, 3, 1, 5, 11, 9, 7, 8, 4, 2]",0.7034082
./random_graph_db/graph_db_node_12/06_p0.5/06_graph_n12_p0.5_idx2.gpickle,12,0.5,2,4,13,48,"[0, 10, 8, 5, 2, 3, 4, 9, 7, 1, 11, 6]",1.0252008
./random_graph_db/graph_db_node_12/06_p0.5/06_graph_n12_p0.5_idx3.gpickle,12,0.5,3,4,16,55,"[10, 3, 5, 6, 8, 1, 9, 7, 2, 0, 11, 4]",1.143261
./random_graph_db/graph_db_node_12/06_p0.5/06_graph_n12_p0.5_idx4.gpickle,12,0.5,4,4,16,63,"[9, 3, 10, 6, 8, 0, 2, 11, 4, 5, 1, 7]",1.149456
./random_graph_db/graph_db_node_12/06_p0.5/06_graph_n12_p0.5_idx5.gpickle,12,0.5,5,4,20,67,"[9, 6, 2, 7, 0, 3, 8, 4, 11, 1, 5, 10]",1.066654
./random_graph_db/graph_db_node_12/06_p0.5/06_graph_n12_p0.5_idx6.gpickle,12,0.5,6,4,15,53,"[5, 2, 9, 8, 6, 10, 4, 7, 11, 0, 1, 3]",1.2166741
./random_graph_db/graph_db_node_12/06_p0.5/06_graph_n12_p0.5_idx7.gpickle,12,0.5,7,3,7,37,"[4, 11, 10, 7, 5, 6, 9, 1, 2, 3, 0, 8]",1.0379467
./random_graph_db/graph_db_node_12/06_p0.5/06_graph_n12_p0.5_idx8.gpickle,12,0.5,8,5,18,53,"[4, 5, 0, 1, 11, 3, 8, 7, 6, 2, 9, 10]",1.2649
./random_graph_db/graph_db_node_12/06_p0.5/06_graph_n12_p0.5_idx9.gpickle,12,0.5,9,5,21,66,"[7, 9, 4, 8, 5, 2, 0, 3, 6, 10, 11, 1]",0.9927728
./random_graph_db/graph_db_node_12/07_p0.55/07_graph_n12_p0.55_idx1.gpickle,12,0.55,1,4,15,65,"[1, 4, 0, 11, 10, 6, 2, 3, 9, 7, 5, 8]",1.1383631
./random_graph_db/graph_db_node_12/07_p0.55/07_graph_n12_p0.55_idx10.gpickle,12,0.55,10,4,18,68,"[9, 11, 6, 5, 7, 8, 10, 4, 0, 3, 2, 1]",1.0225298
./random_graph_db/graph_db_node_12/07_p0.55/07_graph_n12_p0.55_idx2.gpickle,12,0.55,2,4,15,53,"[10, 7, 8, 2, 0, 11, 6, 4, 9, 5, 1, 3]",1.173866
./random_graph_db/graph_db_node_12/07_p0.55/07_graph_n12_p0.55_idx3.gpickle,12,0.55,3,4,18,64,"[3, 8, 1, 4, 10, 11, 9, 5, 0, 2, 6, 7]",1.2393961
./random_graph_db/graph_db_node_12/07_p0.55/07_graph_n12_p0.55_idx4.gpickle,12,0.55,4,4,22,62,"[8, 6, 1, 4, 9, 11, 3, 10, 2, 0, 7, 5]",1.5066051
./random_graph_db/graph_db_node_12/07_p0.55/07_graph_n12_p0.55_idx5.gpickle,12,0.55,5,3,11,52,"[6, 9, 3, 4, 5, 11, 2, 0, 1, 10, 7, 8]",0.7379043
./random_graph_db/graph_db_node_12/07_p0.55/07_graph_n12_p0.55_idx6.gpickle,12,0.55,6,4,17,55,"[11, 10, 2, 8, 9, 5, 1, 7, 6, 0, 3, 4]",1.2813346
./random_graph_db/graph_db_node_12/07_p0.55/07_graph_n12_p0.55_idx7.gpickle,12,0.55,7,4,24,76,"[9, 4, 5, 7, 0, 1, 10, 6, 3, 2, 8, 11]",1.080271
./random_graph_db/graph_db_node_12/07_p0.55/07_graph_n12_p0.55_idx8.gpickle,12,0.55,8,4,17,57,"[7, 0, 2, 10, 6, 9, 8, 5, 4, 1, 3, 11]",1.2394919
./random_graph_db/graph_db_node_12/07_p0.55/07_graph_n12_p0.55_idx9.gpickle,12,0.55,9,4,22,67,"[0, 7, 5, 10, 1, 6, 9, 2, 11, 8, 4, 3]",1.440388
./random_graph_db/graph_db_node_12/08_p0.6/08_graph_n12_p0.6_idx1.gpickle,12,0.6,1,5,21,70,"[3, 9, 7, 6, 2, 10, 1, 0, 11, 5, 4, 8]",1.2109687
./random_graph_db/graph_db_node_12/08_p0.6/08_graph_n12_p0.6_idx10.gpickle,12,0.6,10,3,11,40,"[1, 9, 11, 6, 5, 4, 10, 8, 0, 2, 3, 7]",0.7568262
./random_graph_db/graph_db_node_12/08_p0.6/08_graph_n12_p0.6_idx2.gpickle,12,0.6,2,3,11,43,"[2, 3, 8, 6, 0, 9, 11, 4, 1, 5, 10, 7]",1.15557
./random_graph_db/graph_db_node_12/08_p0.6/08_graph_n12_p0.6_idx3.gpickle,12,0.6,3,4,15,52,"[6, 9, 8, 3, 2, 10, 0, 11, 7, 5, 1, 4]",1.4113088
./random_graph_db/graph_db_node_12/08_p0.6/08_graph_n12_p0.6_idx4.gpickle,12,0.6,4,4,16,56,"[1, 2, 10, 11, 0, 7, 5, 8, 9, 3, 4, 6]",1.3449819
./random_graph_db/graph_db_node_12/08_p0.6/08_graph_n12_p0.6_idx5.gpickle,12,0.6,5,5,17,56,"[7, 10, 3, 1, 4, 9, 8, 6, 11, 5, 2, 0]",1.3379719
./random_graph_db/graph_db_node_12/08_p0.6/08_graph_n12_p0.6_idx6.gpickle,12,0.6,6,5,22,71,"[7, 8, 11, 2, 9, 1, 4, 10, 6, 5, 3, 0]",1.0976617
./random_graph_db/graph_db_node_12/08_p0.6/08_graph_n12_p0.6_idx7.gpickle,12,0.6,7,4,20,59,"[9, 5, 3, 8, 0, 11, 2, 6, 7, 1, 4, 10]",1.0980537
./random_graph_db/graph_db_node_12/08_p0.6/08_graph_n12_p0.6_idx8.gpickle,12,0.6,8,4,18,58,"[5, 3, 9, 7, 1, 8, 6, 11, 10, 4, 2, 0]",1.2501059
./random_graph_db/graph_db_node_12/08_p0.6/08_graph_n12_p0.6_idx9.gpickle,12,0.6,9,4,15,53,"[0, 11, 7, 2, 1, 6, 3, 8, 4, 10, 5, 9]",1.3360059
./random_graph_db/graph_db_node_12/09_p0.65/09_graph_n12_p0.65_idx1.gpickle,12,0.65,1,4,17,51,"[4, 0, 8, 6, 1, 9, 3, 10, 5, 11, 2, 7]",1.2068379
./random_graph_db/graph_db_node_12/09_p0.65/09_graph_n12_p0.65_idx10.gpickle,12,0.65,10,4,19,74,"[6, 8, 3, 10, 11, 1, 0, 9, 5, 2, 4, 7]",1.304745
./random_graph_db/graph_db_node_12/09_p0.65/09_graph_n12_p0.65_idx2.gpickle,12,0.65,2,4,17,61,"[7, 0, 6, 5, 8, 9, 1, 10, 11, 4, 3, 2]",1.0384791
./random_graph_db/graph_db_node_12/09_p0.65/09_graph_n12_p0.65_idx3.gpickle,12,0.65,3,4,12,40,"[3, 5, 10, 2, 9, 4, 11, 7, 0, 1, 6, 8]",1.1759462
./random_graph_db/graph_db_node_12/09_p0.65/09_graph_n12_p0.65_idx4.gpickle,12,0.65,4,4,14,59,"[7, 0, 9, 11, 5, 8, 10, 2, 4, 6, 3, 1]",1.1910052
./random_graph_db/graph_db_node_12/09_p0.65/09_graph_n12_p0.65_idx5.gpickle,12,0.65,5,4,20,57,"[9, 10, 1, 6, 4, 11, 3, 2, 8, 7, 5, 0]",1.5020869
./random_graph_db/graph_db_node_12/09_p0.65/09_graph_n12_p0.65_idx6.gpickle,12,0.65,6,4,17,56,"[6, 4, 3, 0, 8, 2, 10, 5, 9, 11, 1, 7]",1.0239968
./random_graph_db/graph_db_node_12/09_p0.65/09_graph_n12_p0.65_idx7.gpickle,12,0.65,7,4,19,66,"[9, 0, 3, 2, 10, 4, 5, 6, 1, 8, 7, 11]",1.3991439
./random_graph_db/graph_db_node_12/09_p0.65/09_graph_n12_p0.65_idx8.gpickle,12,0.65,8,5,21,65,"[6, 2, 10, 3, 4, 11, 5, 8, 7, 9, 1, 0]",1.1106331
./random_graph_db/graph_db_node_12/09_p0.65/09_graph_n12_p0.65_idx9.gpickle,12,0.65,9,4,21,78,"[10, 5, 11, 0, 6, 7, 1, 8, 9, 4, 2, 3]",1.1319389
./random_graph_db/graph_db_node_12/10_p0.7/10_graph_n12_p0.7_idx1.gpickle,12,0.7,1,3,10,32,"[3, 5, 9, 10, 1, 11, 6, 7, 8, 4, 2, 0]",1.2823691
./random_graph_db/graph_db_node_12/10_p0.7/10_graph_n12_p0.7_idx10.gpickle,12,0.7,10,4,19,61,"[10, 6, 7, 5, 2, 8, 1, 9, 0, 3, 4, 11]",1.5461321
./random_graph_db/graph_db_node_12/10_p0.7/10_graph_n12_p0.7_idx2.gpickle,12,0.7,2,4,15,51,"[5, 3, 10, 11, 7, 1, 8, 9, 2, 4, 6, 0]",0.9487071
./random_graph_db/graph_db_node_12/10_p0.7/10_graph_n12_p0.7_idx3.gpickle,12,0.7,3,3,9,38,"[7, 8, 9, 10, 0, 11, 3, 1, 6, 2, 4, 5]",0.6572449
./random_graph_db/graph_db_node_12/10_p0.7/10_graph_n12_p0.7_idx4.gpickle,12,0.7,4,4,15,46,"[9, 7, 2, 3, 1, 6, 10, 0, 8, 4, 5, 11]",1.0229728
./random_graph_db/graph_db_node_12/10_p0.7/10_graph_n12_p0.7_idx5.gpickle,12,0.7,5,4,12,51,"[0, 4, 10, 2, 3, 1, 8, 7, 6, 11, 5, 9]",1.5098202
./random_graph_db/graph_db_node_12/10_p0.7/10_graph_n12_p0.7_idx6.gpickle,12,0.7,6,4,17,58,"[7, 0, 4, 8, 9, 6, 1, 2, 3, 10, 11, 5]",1.137594
./random_graph_db/graph_db_node_12/10_p0.7/10_graph_n12_p0.7_idx7.gpickle,12,0.7,7,5,25,72,"[4, 2, 11, 5, 0, 9, 8, 10, 7, 6, 3, 1]",1.5401449
./random_graph_db/graph_db_node_12/10_p0.7/10_graph_n12_p0.7_idx8.gpickle,12,0.7,8,4,14,42,"[0, 2, 5, 4, 6, 8, 1, 7, 11, 9, 10, 3]",1.0160928
./random_graph_db/graph_db_node_12/10_p0.7/10_graph_n12_p0.7_idx9.gpickle,12,0.7,9,5,19,57,"[9, 11, 4, 0, 10, 3, 6, 8, 5, 2, 1, 7]",1.253525
./random_graph_db/graph_db_node_12/11_p0.8/11_graph_n12_p0.8_idx1.gpickle,12,0.8,1,3,10,38,"[9, 3, 1, 7, 6, 10, 2, 8, 5, 0, 4, 11]",0.659858
./random_graph_db/graph_db_node_12/11_p0.8/11_graph_n12_p0.8_idx10.gpickle,12,0.8,10,3,7,33,"[9, 7, 0, 3, 6, 11, 1, 8, 2, 4, 10, 5]",0.9396648
./random_graph_db/graph_db_node_12/11_p0.8/11_graph_n12_p0.8_idx2.gpickle,12,0.8,2,2,6,25,"[7, 5, 11, 4, 1, 6, 8, 2, 0, 9, 3, 10]",0.9111359
./random_graph_db/graph_db_node_12/11_p0.8/11_graph_n12_p0.8_idx3.gpickle,12,0.8,3,3,10,47,"[10, 1, 7, 4, 6, 5, 3, 0, 2, 11, 9, 8]",0.7043812
./random_graph_db/graph_db_node_12/11_p0.8/11_graph_n12_p0.8_idx4.gpickle,12,0.8,4,3,7,26,"[4, 0, 5, 9, 7, 6, 11, 8, 1, 2, 3, 10]",1.3146911
./random_graph_db/graph_db_node_12/11_p0.8/11_graph_n12_p0.8_idx5.gpickle,12,0.8,5,3,9,33,"[2, 5, 8, 10, 0, 7, 1, 9, 3, 6, 11, 4]",1.2707081
./random_graph_db/graph_db_node_12/11_p0.8/11_graph_n12_p0.8_idx6.gpickle,12,0.8,6,3,10,39,"[10, 7, 11, 9, 2, 3, 8, 5, 0, 4, 6, 1]",1.1222529
./random_graph_db/graph_db_node_12/11_p0.8/11_graph_n12_p0.8_idx7.gpickle,12,0.8,7,3,9,29,"[11, 10, 7, 8, 0, 3, 6, 5, 4, 9, 1, 2]",1.086911
./random_graph_db/graph_db_node_12/11_p0.8/11_graph_n12_p0.8_idx8.gpickle,12,0.8,8,3,9,30,"[4, 11, 3, 8, 10, 9, 5, 0, 6, 2, 7, 1]",1.2382812
./random_graph_db/graph_db_node_12/11_p0.8/11_graph_n12_p0.8_idx9.gpickle,12,0.8,9,3,8,41,"[7, 10, 0, 6, 8, 3, 5, 1, 4, 11, 9, 2]",0.9398818
./random_graph_db/graph_db_node_12/12_p0.9/12_graph_n12_p0.9_idx1.gpickle,12,0.9,1,2,4,22,"[11, 7, 1, 8, 0, 10, 3, 2, 5, 6, 9, 4]",0.7013559
./random_graph_db/graph_db_node_12/12_p0.9/12_graph_n12_p0.9_idx10.gpickle,12,0.9,10,3,7,31,"[10, 5, 0, 9, 11, 3, 6, 8, 1, 4, 2, 7]",0.7768719
./random_graph_db/graph_db_node_12/12_p0.9/12_graph_n12_p0.9_idx2.gpickle,12,0.9,2,2,4,21,"[1, 10, 5, 11, 0, 6, 4, 8, 9, 3, 7, 2]",0.4249291
./random_graph_db/graph_db_node_12/12_p0.9/12_graph_n12_p0.9_idx3.gpickle,12,0.9,3,3,9,32,"[5, 8, 3, 10, 2, 0, 11, 9, 1, 7, 4, 6]",0.6709051
./random_graph_db/graph_db_node_12/12_p0.9/12_graph_n12_p0.9_idx4.gpickle,12,0.9,4,2,4,25,"[10, 6, 0, 9, 1, 11, 2, 7, 3, 4, 5, 8]",0.9216821
./random_graph_db/graph_db_node_12/12_p0.9/12_graph_n12_p0.9_idx5.gpickle,12,0.9,5,2,4,29,"[4, 7, 5, 10, 2, 6, 8, 1, 9, 3, 11, 0]",0.8982539
./random_graph_db/graph_db_node_12/12_p0.9/12_graph_n12_p0.9_idx6.gpickle,12,0.9,6,2,1,15,"[4, 0, 1, 3, 11, 5, 6, 10, 9, 7, 2, 8]",0.3182819
./random_graph_db/graph_db_node_12/12_p0.9/12_graph_n12_p0.9_idx7.gpickle,12,0.9,7,2,4,26,"[0, 4, 5, 8, 9, 6, 10, 11, 2, 3, 1, 7]",0.826695
./random_graph_db/graph_db_node_12/12_p0.9/12_graph_n12_p0.9_idx8.gpickle,12,0.9,8,2,5,30,"[2, 6, 5, 3, 10, 9, 11, 8, 1, 4, 0, 7]",0.4774101
./random_graph_db/graph_db_node_12/12_p0.9/12_graph_n12_p0.9_idx9.gpickle,12,0.9,9,2,4,26,"[1, 4, 2, 8, 9, 0, 5, 3, 7, 10, 6, 11]",0.846226
./random_graph_db/graph_db_node_13/01_p0.1/01_graph_n13_p0.1_idx1.gpickle,13,0.1,1,2,3,25,"[2, 1, 8, 9, 12, 10, 6, 5, 7, 3, 0, 4, 11]",0.6199861
./random_graph_db/graph_db_node_13/01_p0.1/01_graph_n13_p0.1_idx10.gpickle,13,0.1,10,2,2,17,"[4, 5, 0, 1, 10, 11, 12, 6, 9, 8, 2, 3, 7]",1.15189
./random_graph_db/graph_db_node_13/01_p0.1/01_graph_n13_p0.1_idx2.gpickle,13,0.1,2,2,3,20,"[2, 7, 10, 8, 12, 11, 4, 1, 5, 9, 3, 6, 0]",0.850174
./random_graph_db/graph_db_node_13/01_p0.1/01_graph_n13_p0.1_idx3.gpickle,13,0.1,3,3,7,29,"[9, 10, 2, 5, 8, 6, 1, 0, 4, 12, 11, 3, 7]",1.3405368
./random_graph_db/graph_db_node_13/01_p0.1/01_graph_n13_p0.1_idx4.gpickle,13,0.1,4,1,0,14,"[7, 12, 2, 8, 11, 0, 9, 10, 6, 4, 3, 5, 1]",0.3174782
./random_graph_db/graph_db_node_13/01_p0.1/01_graph_n13_p0.1_idx5.gpickle,13,0.1,5,2,3,23,"[0, 9, 2, 5, 12, 8, 4, 6, 1, 11, 3, 7, 10]",0.6669011
./random_graph_db/graph_db_node_13/01_p0.1/01_graph_n13_p0.1_idx6.gpickle,13,0.1,6,2,5,22,"[11, 3, 10, 5, 1, 4, 12, 0, 2, 7, 9, 8, 6]",0.6647418
./random_graph_db/graph_db_node_13/01_p0.1/01_graph_n13_p0.1_idx7.gpickle,13,0.1,7,2,3,25,"[7, 12, 2, 5, 4, 10, 0, 11, 8, 6, 1, 9, 3]",0.8038211
./random_graph_db/graph_db_node_13/01_p0.1/01_graph_n13_p0.1_idx8.gpickle,13,0.1,8,3,6,26,"[10, 0, 9, 5, 8, 2, 4, 3, 11, 6, 1, 12, 7]",0.857224
./random_graph_db/graph_db_node_13/01_p0.1/01_graph_n13_p0.1_idx9.gpickle,13,0.1,9,2,5,27,"[9, 4, 6, 10, 7, 1, 12, 0, 8, 3, 2, 11, 5]",0.5203469
./random_graph_db/graph_db_node_13/02_p0.2/02_graph_n13_p0.2_idx1.gpickle,13,0.2,1,3,6,32,"[3, 0, 11, 10, 6, 7, 9, 5, 8, 2, 4, 12, 1]",1.388844
./random_graph_db/graph_db_node_13/02_p0.2/02_graph_n13_p0.2_idx10.gpickle,13,0.2,10,2,3,29,"[5, 11, 1, 8, 0, 2, 7, 12, 6, 3, 9, 10, 4]",0.7615979
./random_graph_db/graph_db_node_13/02_p0.2/02_graph_n13_p0.2_idx2.gpickle,13,0.2,2,3,7,27,"[11, 3, 10, 2, 7, 1, 5, 8, 0, 6, 12, 9, 4]",1.289196
./random_graph_db/graph_db_node_13/02_p0.2/02_graph_n13_p0.2_idx3.gpickle,13,0.2,3,2,2,22,"[5, 4, 1, 6, 8, 9, 12, 2, 10, 3, 11, 0, 7]",0.898931
./random_graph_db/graph_db_node_13/02_p0.2/02_graph_n13_p0.2_idx4.gpickle,13,0.2,4,3,5,23,"[0, 12, 10, 2, 11, 9, 3, 8, 4, 6, 5, 7, 1]",1.397938
./random_graph_db/graph_db_node_13/02_p0.2/02_graph_n13_p0.2_idx5.gpickle,13,0.2,5,2,4,26,"[8, 12, 3, 4, 5, 11, 9, 10, 2, 0, 6, 1, 7]",1.20925
./random_graph_db/graph_db_node_13/02_p0.2/02_graph_n13_p0.2_idx6.gpickle,13,0.2,6,2,4,21,"[4, 6, 10, 5, 2, 12, 3, 11, 1, 7, 0, 8, 9]",0.5780847
./random_graph_db/graph_db_node_13/02_p0.2/02_graph_n13_p0.2_idx7.gpickle,13,0.2,7,2,4,21,"[8, 7, 0, 2, 4, 9, 11, 12, 5, 3, 6, 10, 1]",1.2271857
./random_graph_db/graph_db_node_13/02_p0.2/02_graph_n13_p0.2_idx8.gpickle,13,0.2,8,2,5,22,"[7, 4, 9, 0, 6, 10, 11, 1, 8, 2, 3, 12, 5]",0.5233479
./random_graph_db/graph_db_node_13/02_p0.2/02_graph_n13_p0.2_idx9.gpickle,13,0.2,9,4,13,42,"[2, 12, 3, 4, 0, 7, 9, 1, 5, 8, 6, 10, 11]",1.2862961
./random_graph_db/graph_db_node_13/03_p0.3/03_graph_n13_p0.3_idx1.gpickle,13,0.3,1,5,16,52,"[5, 8, 9, 7, 1, 10, 4, 2, 0, 12, 6, 11, 3]",1.3553841
./random_graph_db/graph_db_node_13/03_p0.3/03_graph_n13_p0.3_idx10.gpickle,13,0.3,10,3,11,37,"[1, 8, 7, 11, 12, 6, 4, 3, 2, 9, 0, 5, 10]",1.2602811
./random_graph_db/graph_db_node_13/03_p0.3/03_graph_n13_p0.3_idx2.gpickle,13,0.3,2,3,10,35,"[9, 4, 11, 2, 3, 6, 12, 7, 5, 10, 0, 1, 8]",0.9710338
./random_graph_db/graph_db_node_13/03_p0.3/03_graph_n13_p0.3_idx3.gpickle,13,0.3,3,3,11,42,"[11, 10, 0, 2, 12, 4, 6, 3, 1, 8, 7, 5, 9]",1.2750731
./random_graph_db/graph_db_node_13/03_p0.3/03_graph_n13_p0.3_idx4.gpickle,13,0.3,4,4,14,52,"[5, 1, 2, 6, 4, 0, 11, 12, 8, 7, 10, 9, 3]",1.2198122
./random_graph_db/graph_db_node_13/03_p0.3/03_graph_n13_p0.3_idx5.gpickle,13,0.3,5,3,10,32,"[6, 12, 5, 10, 8, 11, 2, 4, 1, 9, 7, 3, 0]",0.9631538
./random_graph_db/graph_db_node_13/03_p0.3/03_graph_n13_p0.3_idx6.gpickle,13,0.3,6,2,4,22,"[0, 9, 10, 8, 2, 3, 4, 11, 12, 7, 5, 1, 6]",0.6864061
./random_graph_db/graph_db_node_13/03_p0.3/03_graph_n13_p0.3_idx7.gpickle,13,0.3,7,3,10,48,"[8, 11, 12, 1, 6, 0, 4, 9, 10, 7, 2, 3, 5]",1.1167669
./random_graph_db/graph_db_node_13/03_p0.3/03_graph_n13_p0.3_idx8.gpickle,13,0.3,8,4,14,37,"[9, 1, 10, 0, 5, 6, 12, 3, 2, 7, 4, 11, 8]",1.383822
./random_graph_db/graph_db_node_13/03_p0.3/03_graph_n13_p0.3_idx9.gpickle,13,0.3,9,3,11,33,"[0, 7, 3, 6, 4, 2, 1, 9, 12, 5, 10, 11, 8]",0.7898171
./random_graph_db/graph_db_node_13/04_p0.4/04_graph_n13_p0.4_idx1.gpickle,13,0.4,1,4,15,55,"[11, 10, 6, 8, 7, 12, 4, 3, 1, 0, 9, 5, 2]",1.6011541
./random_graph_db/graph_db_node_13/04_p0.4/04_graph_n13_p0.4_idx10.gpickle,13,0.4,10,5,24,67,"[0, 5, 10, 9, 3, 6, 1, 7, 4, 12, 8, 11, 2]",1.6701131
./random_graph_db/graph_db_node_13/04_p0.4/04_graph_n13_p0.4_idx2.gpickle,13,0.4,2,3,12,49,"[8, 10, 0, 12, 5, 7, 9, 4, 3, 1, 2, 6, 11]",1.0424273
./random_graph_db/graph_db_node_13/04_p0.4/04_graph_n13_p0.4_idx3.gpickle,13,0.4,3,4,19,62,"[2, 11, 6, 3, 9, 5, 8, 12, 10, 7, 1, 0, 4]",1.3347697
./random_graph_db/graph_db_node_13/04_p0.4/04_graph_n13_p0.4_idx4.gpickle,13,0.4,4,4,20,59,"[12, 4, 3, 6, 0, 1, 8, 10, 2, 11, 9, 7, 5]",1.2079749
./random_graph_db/graph_db_node_13/04_p0.4/04_graph_n13_p0.4_idx5.gpickle,13,0.4,5,4,19,66,"[7, 3, 8, 5, 2, 4, 10, 1, 12, 11, 0, 9, 6]",1.4204919
./random_graph_db/graph_db_node_13/04_p0.4/04_graph_n13_p0.4_idx6.gpickle,13,0.4,6,4,23,71,"[11, 2, 4, 12, 7, 5, 0, 1, 6, 8, 3, 10, 9]",1.471837
./random_graph_db/graph_db_node_13/04_p0.4/04_graph_n13_p0.4_idx7.gpickle,13,0.4,7,4,17,52,"[3, 0, 9, 5, 10, 4, 12, 6, 7, 8, 2, 1, 11]",1.3898389
./random_graph_db/graph_db_node_13/04_p0.4/04_graph_n13_p0.4_idx8.gpickle,13,0.4,8,5,22,59,"[4, 10, 0, 11, 3, 8, 6, 5, 1, 12, 2, 9, 7]",2.330617
./random_graph_db/graph_db_node_13/04_p0.4/04_graph_n13_p0.4_idx9.gpickle,13,0.4,9,4,13,46,"[0, 11, 1, 7, 8, 5, 10, 4, 9, 12, 6, 3, 2]",1.0541868
./random_graph_db/graph_db_node_13/05_p0.45/05_graph_n13_p0.45_idx1.gpickle,13,0.45,1,5,27,80,"[9, 8, 12, 3, 2, 7, 11, 6, 1, 5, 4, 0, 10]",1.1418822
./random_graph_db/graph_db_node_13/05_p0.45/05_graph_n13_p0.45_idx10.gpickle,13,0.45,10,4,16,61,"[9, 2, 5, 8, 0, 3, 1, 6, 7, 12, 10, 4, 11]",1.160619
./random_graph_db/graph_db_node_13/05_p0.45/05_graph_n13_p0.45_idx2.gpickle,13,0.45,2,5,21,68,"[6, 0, 4, 5, 2, 12, 3, 7, 8, 1, 10, 9, 11]",1.8990991
./random_graph_db/graph_db_node_13/05_p0.45/05_graph_n13_p0.45_idx3.gpickle,13,0.45,3,4,16,64,"[5, 4, 7, 6, 1, 10, 9, 3, 0, 8, 11, 2, 12]",1.1625652
./random_graph_db/graph_db_node_13/05_p0.45/05_graph_n13_p0.45_idx4.gpickle,13,0.45,4,5,19,57,"[10, 1, 0, 2, 9, 4, 3, 6, 11, 7, 8, 12, 5]",1.9000771
./random_graph_db/graph_db_node_13/05_p0.45/05_graph_n13_p0.45_idx5.gpickle,13,0.45,5,4,17,65,"[12, 1, 8, 7, 4, 11, 6, 5, 0, 9, 2, 3, 10]",1.4594779
./random_graph_db/graph_db_node_13/05_p0.45/05_graph_n13_p0.45_idx6.gpickle,13,0.45,6,4,18,67,"[11, 0, 6, 8, 7, 3, 4, 1, 5, 10, 2, 12, 9]",1.3853357
./random_graph_db/graph_db_node_13/05_p0.45/05_graph_n13_p0.45_idx7.gpickle,13,0.45,7,5,21,67,"[5, 4, 6, 3, 0, 10, 9, 1, 12, 7, 2, 8, 11]",2.3514779
./random_graph_db/graph_db_node_13/05_p0.45/05_graph_n13_p0.45_idx8.gpickle,13,0.45,8,4,18,64,"[7, 6, 0, 2, 12, 10, 3, 5, 4, 1, 8, 9, 11]",1.4801931
./random_graph_db/graph_db_node_13/05_p0.45/05_graph_n13_p0.45_idx9.gpickle,13,0.45,9,4,17,53,"[9, 1, 6, 3, 11, 8, 4, 5, 12, 0, 2, 7, 10]",1.7676179
./random_graph_db/graph_db_node_13/06_p0.5/06_graph_n13_p0.5_idx1.gpickle,13,0.5,1,4,19,61,"[0, 4, 10, 1, 8, 12, 9, 6, 7, 5, 3, 11, 2]",1.736428
./random_graph_db/graph_db_node_13/06_p0.5/06_graph_n13_p0.5_idx10.gpickle,13,0.5,10,5,18,66,"[0, 12, 7, 6, 11, 8, 1, 10, 4, 9, 3, 5, 2]",1.3305502
./random_graph_db/graph_db_node_13/06_p0.5/06_graph_n13_p0.5_idx2.gpickle,13,0.5,2,5,26,70,"[6, 0, 2, 4, 8, 9, 7, 3, 1, 5, 12, 10, 11]",2.0606742
./random_graph_db/graph_db_node_13/06_p0.5/06_graph_n13_p0.5_idx3.gpickle,13,0.5,3,5,18,66,"[6, 9, 11, 4, 10, 8, 3, 5, 12, 7, 2, 0, 1]",2.2837572
./random_graph_db/graph_db_node_13/06_p0.5/06_graph_n13_p0.5_idx4.gpickle,13,0.5,4,5,28,76,"[2, 8, 9, 4, 10, 3, 7, 1, 11, 6, 12, 5, 0]",1.5813422
./random_graph_db/graph_db_node_13/06_p0.5/06_graph_n13_p0.5_idx5.gpickle,13,0.5,5,5,21,63,"[9, 10, 6, 1, 11, 4, 3, 0, 7, 5, 8, 2, 12]",1.8944399
./random_graph_db/graph_db_node_13/06_p0.5/06_graph_n13_p0.5_idx6.gpickle,13,0.5,6,4,19,63,"[7, 10, 12, 2, 0, 3, 8, 9, 4, 1, 5, 11, 6]",1.1557188
./random_graph_db/graph_db_node_13/06_p0.5/06_graph_n13_p0.5_idx7.gpickle,13,0.5,7,4,21,68,"[5, 6, 4, 1, 2, 0, 9, 3, 12, 8, 10, 11, 7]",1.6954579
./random_graph_db/graph_db_node_13/06_p0.5/06_graph_n13_p0.5_idx8.gpickle,13,0.5,8,5,24,60,"[9, 0, 10, 8, 7, 6, 12, 4, 1, 5, 3, 2, 11]",1.4641409
./random_graph_db/graph_db_node_13/06_p0.5/06_graph_n13_p0.5_idx9.gpickle,13,0.5,9,4,26,76,"[6, 2, 3, 9, 8, 4, 10, 0, 5, 12, 1, 7, 11]",1.325984
./random_graph_db/graph_db_node_13/07_p0.55/07_graph_n13_p0.55_idx1.gpickle,13,0.55,1,5,24,73,"[2, 12, 1, 4, 8, 6, 11, 10, 3, 7, 5, 9, 0]",1.791945
./random_graph_db/graph_db_node_13/07_p0.55/07_graph_n13_p0.55_idx10.gpickle,13,0.55,10,5,21,71,"[1, 7, 10, 12, 11, 5, 9, 4, 6, 3, 8, 2, 0]",1.4482479
./random_graph_db/graph_db_node_13/07_p0.55/07_graph_n13_p0.55_idx2.gpickle,13,0.55,2,4,15,67,"[12, 7, 4, 2, 1, 8, 6, 11, 5, 10, 9, 0, 3]",1.2893031
./random_graph_db/graph_db_node_13/07_p0.55/07_graph_n13_p0.55_idx3.gpickle,13,0.55,3,5,25,76,"[1, 4, 0, 9, 6, 5, 8, 10, 2, 7, 3, 12, 11]",1.851558
./random_graph_db/graph_db_node_13/07_p0.55/07_graph_n13_p0.55_idx4.gpickle,13,0.55,4,4,19,47,"[9, 10, 7, 8, 2, 5, 6, 11, 1, 12, 0, 3, 4]",1.2238929
./random_graph_db/graph_db_node_13/07_p0.55/07_graph_n13_p0.55_idx5.gpickle,13,0.55,5,4,20,68,"[6, 7, 3, 2, 5, 0, 4, 1, 8, 9, 12, 11, 10]",1.4623117
./random_graph_db/graph_db_node_13/07_p0.55/07_graph_n13_p0.55_idx6.gpickle,13,0.55,6,5,20,61,"[12, 11, 7, 9, 1, 3, 4, 8, 6, 5, 2, 10, 0]",3.0252402
./random_graph_db/graph_db_node_13/07_p0.55/07_graph_n13_p0.55_idx7.gpickle,13,0.55,7,5,23,66,"[1, 7, 2, 10, 12, 8, 11, 6, 3, 4, 9, 0, 5]",1.7837977
./random_graph_db/graph_db_node_13/07_p0.55/07_graph_n13_p0.55_idx8.gpickle,13,0.55,8,5,24,64,"[2, 5, 8, 1, 6, 7, 12, 3, 4, 9, 0, 11, 10]",1.6839149
./random_graph_db/graph_db_node_13/07_p0.55/07_graph_n13_p0.55_idx9.gpickle,13,0.55,9,5,23,84,"[8, 2, 12, 11, 1, 5, 4, 10, 3, 6, 9, 7, 0]",1.418561
./random_graph_db/graph_db_node_13/08_p0.6/08_graph_n13_p0.6_idx1.gpickle,13,0.6,1,5,22,66,"[4, 1, 11, 0, 2, 12, 3, 9, 8, 7, 10, 5, 6]",1.6012475
./random_graph_db/graph_db_node_13/08_p0.6/08_graph_n13_p0.6_idx10.gpickle,13,0.6,10,4,14,57,"[12, 8, 7, 6, 3, 0, 4, 5, 2, 1, 11, 10, 9]",1.664192
./random_graph_db/graph_db_node_13/08_p0.6/08_graph_n13_p0.6_idx2.gpickle,13,0.6,2,4,22,60,"[6, 7, 4, 12, 11, 1, 8, 5, 0, 3, 10, 2, 9]",1.7806437
./random_graph_db/graph_db_node_13/08_p0.6/08_graph_n13_p0.6_idx3.gpickle,13,0.6,3,5,28,85,"[5, 0, 6, 11, 2, 9, 4, 3, 10, 7, 1, 12, 8]",1.4892948
./random_graph_db/graph_db_node_13/08_p0.6/08_graph_n13_p0.6_idx4.gpickle,13,0.6,4,4,18,58,"[7, 4, 3, 8, 11, 10, 6, 9, 0, 1, 12, 5, 2]",1.2213199
./random_graph_db/graph_db_node_13/08_p0.6/08_graph_n13_p0.6_idx5.gpickle,13,0.6,5,4,16,62,"[4, 2, 11, 9, 10, 6, 3, 8, 7, 5, 12, 0, 1]",1.8505318
./random_graph_db/graph_db_node_13/08_p0.6/08_graph_n13_p0.6_idx6.gpickle,13,0.6,6,5,25,76,"[3, 2, 5, 11, 9, 8, 0, 6, 1, 10, 4, 7, 12]",1.8523641
./random_graph_db/graph_db_node_13/08_p0.6/08_graph_n13_p0.6_idx7.gpickle,13,0.6,7,5,24,72,"[12, 3, 1, 8, 5, 4, 0, 9, 6, 11, 10, 2, 7]",1.8313801
./random_graph_db/graph_db_node_13/08_p0.6/08_graph_n13_p0.6_idx8.gpickle,13,0.6,8,5,28,77,"[0, 9, 6, 8, 7, 2, 11, 12, 5, 10, 3, 4, 1]",1.2722192
./random_graph_db/graph_db_node_13/08_p0.6/08_graph_n13_p0.6_idx9.gpickle,13,0.6,9,4,22,68,"[6, 0, 12, 11, 4, 9, 10, 1, 3, 2, 8, 7, 5]",1.1159751
./random_graph_db/graph_db_node_13/09_p0.65/09_graph_n13_p0.65_idx1.gpickle,13,0.65,1,5,27,74,"[7, 0, 9, 6, 3, 2, 8, 10, 12, 4, 5, 11, 1]",1.5070064
./random_graph_db/graph_db_node_13/09_p0.65/09_graph_n13_p0.65_idx10.gpickle,13,0.65,10,5,25,71,"[9, 7, 6, 0, 1, 8, 2, 3, 10, 11, 12, 4, 5]",1.7553809
./random_graph_db/graph_db_node_13/09_p0.65/09_graph_n13_p0.65_idx2.gpickle,13,0.65,2,4,19,62,"[1, 10, 3, 12, 2, 6, 7, 5, 0, 9, 11, 8, 4]",1.2160189
./random_graph_db/graph_db_node_13/09_p0.65/09_graph_n13_p0.65_idx3.gpickle,13,0.65,3,5,20,60,"[11, 12, 8, 7, 3, 2, 9, 1, 6, 5, 10, 4, 0]",1.7416122
./random_graph_db/graph_db_node_13/09_p0.65/09_graph_n13_p0.65_idx4.gpickle,13,0.65,4,5,20,75,"[7, 12, 11, 8, 5, 4, 0, 6, 9, 3, 2, 1, 10]",1.6398382
./random_graph_db/graph_db_node_13/09_p0.65/09_graph_n13_p0.65_idx5.gpickle,13,0.65,5,4,17,50,"[10, 8, 4, 0, 12, 3, 7, 1, 6, 5, 9, 11, 2]",1.398632
./random_graph_db/graph_db_node_13/09_p0.65/09_graph_n13_p0.65_idx6.gpickle,13,0.65,6,5,24,66,"[9, 8, 2, 3, 10, 7, 4, 11, 12, 0, 6, 1, 5]",1.6369588
./random_graph_db/graph_db_node_13/09_p0.65/09_graph_n13_p0.65_idx7.gpickle,13,0.65,7,4,17,51,"[1, 0, 8, 2, 4, 9, 10, 6, 7, 5, 3, 12, 11]",1.1733577
./random_graph_db/graph_db_node_13/09_p0.65/09_graph_n13_p0.65_idx8.gpickle,13,0.65,8,4,22,71,"[3, 11, 4, 2, 12, 1, 0, 6, 8, 5, 10, 7, 9]",1.19754
./random_graph_db/graph_db_node_13/09_p0.65/09_graph_n13_p0.65_idx9.gpickle,13,0.65,9,4,15,45,"[12, 10, 1, 6, 8, 0, 3, 4, 7, 2, 11, 5, 9]",1.4240329
./random_graph_db/graph_db_node_13/10_p0.7/10_graph_n13_p0.7_idx1.gpickle,13,0.7,1,4,17,61,"[4, 2, 1, 9, 11, 5, 8, 7, 12, 0, 3, 6, 10]",0.882431
./random_graph_db/graph_db_node_13/10_p0.7/10_graph_n13_p0.7_idx10.gpickle,13,0.7,10,4,15,52,"[0, 7, 5, 6, 1, 11, 9, 8, 12, 10, 3, 2, 4]",1.1442859
./random_graph_db/graph_db_node_13/10_p0.7/10_graph_n13_p0.7_idx2.gpickle,13,0.7,2,5,29,85,"[12, 11, 9, 10, 4, 2, 7, 8, 0, 1, 5, 3, 6]",1.7670362
./random_graph_db/graph_db_node_13/10_p0.7/10_graph_n13_p0.7_idx3.gpickle,13,0.7,3,3,13,51,"[12, 7, 11, 5, 6, 0, 9, 4, 2, 8, 1, 3, 10]",0.797365
./random_graph_db/graph_db_node_13/10_p0.7/10_graph_n13_p0.7_idx4.gpickle,13,0.7,4,5,28,83,"[0, 2, 12, 6, 7, 8, 11, 10, 4, 5, 3, 1, 9]",1.72523
./random_graph_db/graph_db_node_13/10_p0.7/10_graph_n13_p0.7_idx5.gpickle,13,0.7,5,5,25,77,"[1, 8, 9, 4, 11, 5, 2, 3, 6, 7, 12, 10, 0]",1.7612708
./random_graph_db/graph_db_node_13/10_p0.7/10_graph_n13_p0.7_idx6.gpickle,13,0.7,6,4,20,50,"[10, 1, 0, 3, 8, 2, 5, 6, 7, 9, 4, 12, 11]",1.5629611
./random_graph_db/graph_db_node_13/10_p0.7/10_graph_n13_p0.7_idx7.gpickle,13,0.7,7,5,23,79,"[0, 11, 2, 1, 6, 3, 5, 4, 10, 7, 12, 9, 8]",1.6710882
./random_graph_db/graph_db_node_13/10_p0.7/10_graph_n13_p0.7_idx8.gpickle,13,0.7,8,4,21,72,"[11, 0, 12, 7, 8, 9, 10, 5, 2, 1, 3, 6, 4]",1.254288
./random_graph_db/graph_db_node_13/10_p0.7/10_graph_n13_p0.7_idx9.gpickle,13,0.7,9,4,17,53,"[2, 7, 10, 6, 1, 0, 4, 5, 8, 9, 11, 3, 12]",1.712723
./random_graph_db/graph_db_node_13/11_p0.8/11_graph_n13_p0.8_idx1.gpickle,13,0.8,1,3,7,25,"[5, 3, 9, 2, 1, 12, 10, 7, 6, 8, 4, 0, 11]",0.5586231
./random_graph_db/graph_db_node_13/11_p0.8/11_graph_n13_p0.8_idx10.gpickle,13,0.8,10,3,10,28,"[9, 0, 8, 10, 1, 11, 5, 2, 7, 12, 4, 6, 3]",0.808501
./random_graph_db/graph_db_node_13/11_p0.8/11_graph_n13_p0.8_idx2.gpickle,13,0.8,2,3,13,48,"[2, 6, 9, 0, 4, 12, 3, 7, 1, 11, 10, 8, 5]",1.2505569
./random_graph_db/graph_db_node_13/11_p0.8/11_graph_n13_p0.8_idx3.gpickle,13,0.8,3,3,12,48,"[5, 2, 7, 9, 10, 1, 8, 3, 11, 4, 6, 0, 12]",0.8682659
./random_graph_db/graph_db_node_13/11_p0.8/11_graph_n13_p0.8_idx4.gpickle,13,0.8,4,4,17,53,"[6, 4, 0, 9, 8, 11, 12, 1, 2, 5, 3, 7, 10]",1.64342
./random_graph_db/graph_db_node_13/11_p0.8/11_graph_n13_p0.8_idx5.gpickle,13,0.8,5,3,9,34,"[4, 12, 7, 5, 8, 2, 0, 1, 3, 9, 6, 11, 10]",1.416853
./random_graph_db/graph_db_node_13/11_p0.8/11_graph_n13_p0.8_idx6.gpickle,13,0.8,6,3,10,48,"[8, 4, 5, 0, 9, 1, 10, 6, 12, 7, 11, 3, 2]",1.305908
./random_graph_db/graph_db_node_13/11_p0.8/11_graph_n13_p0.8_idx7.gpickle,13,0.8,7,3,7,31,"[7, 2, 3, 4, 5, 12, 9, 0, 1, 6, 8, 11, 10]",1.2894568
./random_graph_db/graph_db_node_13/11_p0.8/11_graph_n13_p0.8_idx8.gpickle,13,0.8,8,4,12,35,"[3, 12, 5, 6, 8, 1, 0, 11, 9, 2, 7, 4, 10]",1.032316
./random_graph_db/graph_db_node_13/11_p0.8/11_graph_n13_p0.8_idx9.gpickle,13,0.8,9,4,11,34,"[1, 11, 2, 8, 4, 12, 6, 3, 10, 0, 5, 9, 7]",1.4456251
./random_graph_db/graph_db_node_13/12_p0.9/12_graph_n13_p0.9_idx1.gpickle,13,0.9,1,2,4,27,"[2, 7, 4, 11, 5, 9, 8, 12, 0, 1, 3, 6, 10]",0.999804
./random_graph_db/graph_db_node_13/12_p0.9/12_graph_n13_p0.9_idx10.gpickle,13,0.9,10,3,10,28,"[9, 7, 3, 11, 1, 6, 10, 8, 0, 4, 12, 2, 5]",1.062757
./random_graph_db/graph_db_node_13/12_p0.9/12_graph_n13_p0.9_idx2.gpickle,13,0.9,2,2,4,27,"[3, 6, 0, 9, 4, 1, 11, 12, 8, 2, 5, 7, 10]",0.9098711
./random_graph_db/graph_db_node_13/12_p0.9/12_graph_n13_p0.9_idx3.gpickle,13,0.9,3,4,14,46,"[8, 0, 2, 6, 10, 3, 1, 11, 9, 5, 12, 4, 7]",1.1820879
./random_graph_db/graph_db_node_13/12_p0.9/12_graph_n13_p0.9_idx4.gpickle,13,0.9,4,3,11,31,"[5, 2, 10, 1, 4, 6, 8, 9, 11, 3, 0, 7, 12]",1.0378289
./random_graph_db/graph_db_node_13/12_p0.9/12_graph_n13_p0.9_idx5.gpickle,13,0.9,5,3,7,29,"[7, 1, 5, 2, 4, 12, 11, 8, 6, 9, 3, 10, 0]",0.9072261
./random_graph_db/graph_db_node_13/12_p0.9/12_graph_n13_p0.9_idx6.gpickle,13,0.9,6,2,3,25,"[4, 7, 0, 11, 9, 8, 10, 3, 6, 5, 1, 12, 2]",0.469506
./random_graph_db/graph_db_node_13/12_p0.9/12_graph_n13_p0.9_idx7.gpickle,13,0.9,7,2,6,31,"[6, 9, 12, 11, 8, 7, 1, 2, 0, 4, 3, 5, 10]",1.01689
./random_graph_db/graph_db_node_13/12_p0.9/12_graph_n13_p0.9_idx8.gpickle,13,0.9,8,2,3,23,"[12, 2, 11, 3, 9, 7, 4, 10, 8, 5, 1, 6, 0]",0.6054878
./random_graph_db/graph_db_node_13/12_p0.9/12_graph_n13_p0.9_idx9.gpickle,13,0.9,9,3,7,34,"[3, 5, 7, 10, 1, 4, 12, 11, 8, 9, 2, 0, 6]",0.5079761
./random_graph_db/graph_db_node_14/01_p0.1/01_graph_n14_p0.1_idx1.gpickle,14,0.1,1,2,4,25,"[13, 5, 4, 9, 7, 10, 12, 3, 8, 11, 1, 2, 0, 6]",0.6987801
./random_graph_db/graph_db_node_14/01_p0.1/01_graph_n14_p0.1_idx10.gpickle,14,0.1,10,2,5,21,"[11, 7, 10, 12, 9, 8, 5, 1, 3, 2, 0, 13, 4, 6]",0.5850461
./random_graph_db/graph_db_node_14/01_p0.1/01_graph_n14_p0.1_idx2.gpickle,14,0.1,2,2,3,24,"[10, 11, 6, 0, 5, 7, 9, 8, 1, 4, 12, 2, 3, 13]",0.545682
./random_graph_db/graph_db_node_14/01_p0.1/01_graph_n14_p0.1_idx3.gpickle,14,0.1,3,2,2,18,"[6, 9, 3, 4, 5, 0, 2, 10, 13, 1, 12, 8, 11, 7]",1.2633009
./random_graph_db/graph_db_node_14/01_p0.1/01_graph_n14_p0.1_idx4.gpickle,14,0.1,4,2,3,23,"[4, 6, 5, 1, 3, 13, 9, 2, 8, 7, 11, 10, 0, 12]",1.1504211
./random_graph_db/graph_db_node_14/01_p0.1/01_graph_n14_p0.1_idx5.gpickle,14,0.1,5,2,1,17,"[4, 13, 11, 0, 1, 2, 3, 8, 9, 5, 12, 6, 7, 10]",1.2625382
./random_graph_db/graph_db_node_14/01_p0.1/01_graph_n14_p0.1_idx6.gpickle,14,0.1,6,2,2,26,"[8, 5, 12, 10, 13, 7, 1, 3, 9, 0, 11, 4, 2, 6]",1.2431188
./random_graph_db/graph_db_node_14/01_p0.1/01_graph_n14_p0.1_idx7.gpickle,14,0.1,7,2,3,19,"[9, 13, 3, 1, 2, 4, 7, 11, 12, 5, 6, 8, 10, 0]",0.5902684
./random_graph_db/graph_db_node_14/01_p0.1/01_graph_n14_p0.1_idx8.gpickle,14,0.1,8,3,7,33,"[11, 5, 9, 0, 3, 8, 2, 4, 6, 10, 13, 12, 1, 7]",1.293411
./random_graph_db/graph_db_node_14/01_p0.1/01_graph_n14_p0.1_idx9.gpickle,14,0.1,9,4,8,34,"[9, 7, 6, 5, 4, 3, 0, 13, 2, 11, 8, 12, 10, 1]",1.302428
./random_graph_db/graph_db_node_14/02_p0.2/02_graph_n14_p0.2_idx1.gpickle,14,0.2,1,3,8,32,"[2, 0, 10, 3, 6, 11, 7, 8, 4, 1, 13, 9, 5, 12]",0.8238091
./random_graph_db/graph_db_node_14/02_p0.2/02_graph_n14_p0.2_idx10.gpickle,14,0.2,10,3,9,38,"[4, 3, 2, 9, 7, 6, 5, 11, 12, 8, 0, 13, 1, 10]",1.572983
./random_graph_db/graph_db_node_14/02_p0.2/02_graph_n14_p0.2_idx2.gpickle,14,0.2,2,3,7,28,"[8, 2, 3, 6, 1, 7, 0, 13, 9, 12, 5, 10, 11, 4]",1.606766
./random_graph_db/graph_db_node_14/02_p0.2/02_graph_n14_p0.2_idx3.gpickle,14,0.2,3,2,3,23,"[11, 0, 13, 7, 2, 4, 8, 3, 12, 1, 6, 10, 9, 5]",1.1337292
./random_graph_db/graph_db_node_14/02_p0.2/02_graph_n14_p0.2_idx4.gpickle,14,0.2,4,3,10,47,"[10, 3, 13, 1, 0, 8, 6, 11, 2, 7, 5, 4, 9, 12]",0.8650789
./random_graph_db/graph_db_node_14/02_p0.2/02_graph_n14_p0.2_idx5.gpickle,14,0.2,5,4,12,38,"[9, 2, 1, 6, 8, 7, 0, 11, 5, 10, 3, 13, 4, 12]",0.8553619
./random_graph_db/graph_db_node_14/02_p0.2/02_graph_n14_p0.2_idx6.gpickle,14,0.2,6,3,7,26,"[5, 0, 7, 6, 1, 11, 12, 13, 2, 8, 10, 3, 4, 9]",0.8293109
./random_graph_db/graph_db_node_14/02_p0.2/02_graph_n14_p0.2_idx7.gpickle,14,0.2,7,2,3,21,"[13, 2, 10, 6, 4, 1, 0, 3, 11, 8, 5, 7, 9, 12]",0.6221561
./random_graph_db/graph_db_node_14/02_p0.2/02_graph_n14_p0.2_idx8.gpickle,14,0.2,8,3,9,37,"[2, 0, 10, 13, 3, 1, 9, 4, 12, 8, 11, 5, 6, 7]",1.43279
./random_graph_db/graph_db_node_14/02_p0.2/02_graph_n14_p0.2_idx9.gpickle,14,0.2,9,3,12,47,"[5, 12, 11, 3, 10, 2, 6, 7, 9, 0, 13, 1, 4, 8]",1.0144989
./random_graph_db/graph_db_node_14/03_p0.3/03_graph_n14_p0.3_idx1.gpickle,14,0.3,1,4,18,54,"[9, 1, 3, 8, 6, 0, 12, 10, 2, 5, 13, 7, 4, 11]",1.8752842
./random_graph_db/graph_db_node_14/03_p0.3/03_graph_n14_p0.3_idx10.gpickle,14,0.3,10,5,23,83,"[6, 12, 7, 10, 4, 5, 11, 13, 3, 9, 0, 1, 2, 8]",2.3042119
./random_graph_db/graph_db_node_14/03_p0.3/03_graph_n14_p0.3_idx2.gpickle,14,0.3,2,3,7,30,"[3, 2, 12, 5, 9, 13, 1, 10, 4, 11, 7, 6, 0, 8]",1.764426
./random_graph_db/graph_db_node_14/03_p0.3/03_graph_n14_p0.3_idx3.gpickle,14,0.3,3,4,15,46,"[12, 6, 13, 4, 3, 2, 7, 0, 11, 1, 5, 10, 9, 8]",1.1487679
./random_graph_db/graph_db_node_14/03_p0.3/03_graph_n14_p0.3_idx4.gpickle,14,0.3,4,4,18,58,"[5, 13, 8, 10, 12, 3, 1, 0, 2, 4, 6, 7, 11, 9]",1.6740801
./random_graph_db/graph_db_node_14/03_p0.3/03_graph_n14_p0.3_idx5.gpickle,14,0.3,5,5,21,60,"[1, 13, 11, 5, 12, 4, 0, 2, 9, 6, 8, 10, 7, 3]",2.9765341
./random_graph_db/graph_db_node_14/03_p0.3/03_graph_n14_p0.3_idx6.gpickle,14,0.3,6,4,16,42,"[4, 2, 5, 7, 11, 6, 1, 10, 8, 12, 13, 3, 9, 0]",1.6593401
./random_graph_db/graph_db_node_14/03_p0.3/03_graph_n14_p0.3_idx7.gpickle,14,0.3,7,3,10,41,"[0, 13, 6, 2, 12, 10, 11, 1, 7, 9, 3, 8, 4, 5]",1.0853939
./random_graph_db/graph_db_node_14/03_p0.3/03_graph_n14_p0.3_idx8.gpickle,14,0.3,8,4,17,64,"[3, 12, 10, 9, 1, 6, 0, 5, 11, 13, 4, 2, 7, 8]",2.4529479
./random_graph_db/graph_db_node_14/03_p0.3/03_graph_n14_p0.3_idx9.gpickle,14,0.3,9,5,25,66,"[5, 6, 4, 9, 1, 8, 12, 3, 2, 10, 11, 7, 0, 13]",1.7782857
./random_graph_db/graph_db_node_14/04_p0.4/04_graph_n14_p0.4_idx1.gpickle,14,0.4,1,5,27,87,"[4, 9, 8, 5, 3, 13, 10, 11, 0, 2, 12, 7, 6, 1]",1.7397852
./random_graph_db/graph_db_node_14/04_p0.4/04_graph_n14_p0.4_idx10.gpickle,14,0.4,10,5,22,64,"[13, 8, 4, 11, 12, 7, 6, 1, 3, 9, 2, 5, 0, 10]",2.1932511
./random_graph_db/graph_db_node_14/04_p0.4/04_graph_n14_p0.4_idx2.gpickle,14,0.4,2,5,20,62,"[0, 2, 12, 10, 1, 13, 7, 3, 6, 5, 4, 9, 8, 11]",1.651159
./random_graph_db/graph_db_node_14/04_p0.4/04_graph_n14_p0.4_idx3.gpickle,14,0.4,3,5,30,86,"[9, 0, 2, 5, 12, 7, 1, 8, 4, 6, 3, 10, 11, 13]",2.2196372
./random_graph_db/graph_db_node_14/04_p0.4/04_graph_n14_p0.4_idx4.gpickle,14,0.4,4,5,25,82,"[1, 2, 7, 5, 3, 4, 12, 6, 8, 0, 11, 9, 13, 10]",1.8120701
./random_graph_db/graph_db_node_14/04_p0.4/04_graph_n14_p0.4_idx5.gpickle,14,0.4,5,4,23,72,"[6, 2, 1, 3, 12, 5, 8, 7, 0, 11, 10, 4, 13, 9]",1.363755
./random_graph_db/graph_db_node_14/04_p0.4/04_graph_n14_p0.4_idx6.gpickle,14,0.4,6,4,17,57,"[3, 9, 13, 4, 2, 10, 7, 11, 8, 0, 5, 6, 12, 1]",2.083446
./random_graph_db/graph_db_node_14/04_p0.4/04_graph_n14_p0.4_idx7.gpickle,14,0.4,7,5,22,69,"[4, 7, 2, 1, 10, 11, 12, 5, 13, 8, 6, 9, 0, 3]",1.6126449
./random_graph_db/graph_db_node_14/04_p0.4/04_graph_n14_p0.4_idx8.gpickle,14,0.4,8,5,21,58,"[1, 3, 8, 2, 0, 5, 6, 11, 7, 9, 4, 10, 13, 12]",2.0766931
./random_graph_db/graph_db_node_14/04_p0.4/04_graph_n14_p0.4_idx9.gpickle,14,0.4,9,5,23,68,"[10, 13, 7, 0, 3, 2, 5, 8, 9, 11, 4, 1, 12, 6]",2.1250472
./random_graph_db/graph_db_node_14/05_p0.45/05_graph_n14_p0.45_idx1.gpickle,14,0.45,1,5,26,81,"[8, 13, 7, 11, 9, 2, 6, 1, 3, 10, 12, 5, 4, 0]",2.0737998
./random_graph_db/graph_db_node_14/05_p0.45/05_graph_n14_p0.45_idx10.gpickle,14,0.45,10,4,24,72,"[12, 5, 1, 3, 9, 10, 6, 2, 13, 11, 7, 4, 8, 0]",1.3919637
./random_graph_db/graph_db_node_14/05_p0.45/05_graph_n14_p0.45_idx2.gpickle,14,0.45,2,5,27,83,"[7, 10, 5, 1, 11, 6, 2, 12, 9, 0, 3, 13, 8, 4]",1.824945
./random_graph_db/graph_db_node_14/05_p0.45/05_graph_n14_p0.45_idx3.gpickle,14,0.45,3,4,17,62,"[10, 11, 6, 0, 1, 12, 2, 9, 5, 8, 13, 4, 3, 7]",1.5201538
./random_graph_db/graph_db_node_14/05_p0.45/05_graph_n14_p0.45_idx4.gpickle,14,0.45,4,5,23,70,"[12, 7, 2, 0, 4, 8, 10, 6, 9, 3, 1, 13, 11, 5]",2.1843441
./random_graph_db/graph_db_node_14/05_p0.45/05_graph_n14_p0.45_idx5.gpickle,14,0.45,5,5,23,72,"[11, 13, 12, 4, 3, 9, 10, 5, 7, 6, 1, 0, 2, 8]",1.7642713
./random_graph_db/graph_db_node_14/05_p0.45/05_graph_n14_p0.45_idx6.gpickle,14,0.45,6,5,29,80,"[10, 8, 3, 7, 9, 4, 0, 1, 12, 13, 5, 11, 6, 2]",1.7981482
./random_graph_db/graph_db_node_14/05_p0.45/05_graph_n14_p0.45_idx7.gpickle,14,0.45,7,4,18,70,"[0, 3, 4, 13, 11, 5, 6, 9, 12, 7, 2, 1, 10, 8]",1.2781608
./random_graph_db/graph_db_node_14/05_p0.45/05_graph_n14_p0.45_idx8.gpickle,14,0.45,8,5,30,81,"[1, 13, 6, 11, 2, 12, 5, 10, 3, 7, 9, 0, 8, 4]",1.8056037
./random_graph_db/graph_db_node_14/05_p0.45/05_graph_n14_p0.45_idx9.gpickle,14,0.45,9,4,19,68,"[1, 5, 9, 12, 6, 3, 11, 10, 13, 8, 2, 7, 4, 0]",1.991008
./random_graph_db/graph_db_node_14/06_p0.5/06_graph_n14_p0.5_idx1.gpickle,14,0.5,1,5,28,85,"[13, 10, 2, 12, 3, 7, 4, 11, 8, 6, 5, 1, 9, 0]",1.5325902
./random_graph_db/graph_db_node_14/06_p0.5/06_graph_n14_p0.5_idx10.gpickle,14,0.5,10,5,26,84,"[8, 11, 12, 13, 1, 2, 0, 4, 5, 7, 10, 9, 3, 6]",2.1839728
./random_graph_db/graph_db_node_14/06_p0.5/06_graph_n14_p0.5_idx2.gpickle,14,0.5,2,5,19,52,"[6, 11, 12, 1, 4, 8, 10, 2, 9, 5, 3, 7, 13, 0]",1.7928231
./random_graph_db/graph_db_node_14/06_p0.5/06_graph_n14_p0.5_idx3.gpickle,14,0.5,3,5,27,82,"[3, 8, 12, 10, 7, 6, 1, 2, 9, 4, 13, 5, 11, 0]",2.180609
./random_graph_db/graph_db_node_14/06_p0.5/06_graph_n14_p0.5_idx4.gpickle,14,0.5,4,4,17,65,"[9, 13, 1, 2, 6, 0, 7, 4, 3, 8, 5, 11, 12, 10]",1.3200719
./random_graph_db/graph_db_node_14/06_p0.5/06_graph_n14_p0.5_idx5.gpickle,14,0.5,5,4,19,68,"[10, 5, 13, 7, 6, 8, 1, 0, 9, 3, 4, 11, 2, 12]",1.721447
./random_graph_db/graph_db_node_14/06_p0.5/06_graph_n14_p0.5_idx6.gpickle,14,0.5,6,5,26,81,"[7, 3, 12, 2, 13, 10, 0, 6, 11, 4, 9, 1, 5, 8]",2.0208211
./random_graph_db/graph_db_node_14/06_p0.5/06_graph_n14_p0.5_idx7.gpickle,14,0.5,7,6,23,81,"[1, 13, 4, 3, 6, 2, 9, 10, 0, 5, 12, 8, 11, 7]",2.9530571
./random_graph_db/graph_db_node_14/06_p0.5/06_graph_n14_p0.5_idx8.gpickle,14,0.5,8,5,29,80,"[5, 6, 0, 12, 9, 10, 8, 7, 4, 3, 11, 13, 1, 2]",2.1990771
./random_graph_db/graph_db_node_14/06_p0.5/06_graph_n14_p0.5_idx9.gpickle,14,0.5,9,5,23,59,"[12, 8, 3, 11, 0, 10, 7, 4, 5, 2, 9, 13, 6, 1]",2.374368
./random_graph_db/graph_db_node_14/07_p0.55/07_graph_n14_p0.55_idx1.gpickle,14,0.55,1,5,24,79,"[5, 11, 1, 13, 12, 2, 6, 7, 3, 4, 9, 10, 0, 8]",2.170326
./random_graph_db/graph_db_node_14/07_p0.55/07_graph_n14_p0.55_idx10.gpickle,14,0.55,10,6,29,81,"[7, 2, 11, 0, 6, 12, 1, 10, 3, 5, 4, 9, 8, 13]",1.843636
./random_graph_db/graph_db_node_14/07_p0.55/07_graph_n14_p0.55_idx2.gpickle,14,0.55,2,5,24,78,"[12, 6, 10, 1, 13, 11, 4, 0, 7, 5, 2, 9, 8, 3]",1.6944931
./random_graph_db/graph_db_node_14/07_p0.55/07_graph_n14_p0.55_idx3.gpickle,14,0.55,3,5,29,89,"[9, 1, 12, 5, 7, 10, 6, 13, 0, 3, 8, 4, 11, 2]",2.3223879
./random_graph_db/graph_db_node_14/07_p0.55/07_graph_n14_p0.55_idx4.gpickle,14,0.55,4,5,20,62,"[0, 10, 12, 8, 1, 4, 7, 5, 6, 11, 2, 3, 9, 13]",1.8482592
./random_graph_db/graph_db_node_14/07_p0.55/07_graph_n14_p0.55_idx5.gpickle,14,0.55,5,4,24,80,"[12, 8, 1, 11, 6, 4, 5, 7, 9, 13, 3, 10, 2, 0]",1.9484701
./random_graph_db/graph_db_node_14/07_p0.55/07_graph_n14_p0.55_idx6.gpickle,14,0.55,6,6,29,85,"[11, 6, 7, 13, 10, 3, 8, 1, 5, 0, 2, 12, 4, 9]",2.1724892
./random_graph_db/graph_db_node_14/07_p0.55/07_graph_n14_p0.55_idx7.gpickle,14,0.55,7,5,26,75,"[10, 4, 8, 3, 7, 11, 0, 1, 5, 13, 9, 2, 6, 12]",2.1283817
./random_graph_db/graph_db_node_14/07_p0.55/07_graph_n14_p0.55_idx8.gpickle,14,0.55,8,5,28,79,"[12, 0, 3, 6, 13, 9, 2, 7, 5, 11, 4, 10, 1, 8]",1.7449191
./random_graph_db/graph_db_node_14/07_p0.55/07_graph_n14_p0.55_idx9.gpickle,14,0.55,9,5,23,68,"[12, 7, 2, 13, 9, 6, 5, 4, 8, 3, 10, 1, 11, 0]",1.7522409
./random_graph_db/graph_db_node_14/08_p0.6/08_graph_n14_p0.6_idx1.gpickle,14,0.6,1,6,37,112,"[3, 10, 12, 11, 1, 4, 5, 13, 7, 8, 9, 6, 0, 2]",1.8261662
./random_graph_db/graph_db_node_14/08_p0.6/08_graph_n14_p0.6_idx10.gpickle,14,0.6,10,5,20,66,"[1, 2, 12, 4, 7, 0, 5, 11, 8, 3, 9, 13, 10, 6]",1.9419482
./random_graph_db/graph_db_node_14/08_p0.6/08_graph_n14_p0.6_idx2.gpickle,14,0.6,2,4,20,53,"[7, 13, 11, 4, 3, 6, 0, 1, 10, 9, 2, 5, 8, 12]",1.354775
./random_graph_db/graph_db_node_14/08_p0.6/08_graph_n14_p0.6_idx3.gpickle,14,0.6,3,5,30,87,"[7, 4, 10, 5, 2, 8, 12, 0, 6, 13, 9, 1, 3, 11]",2.0612001
./random_graph_db/graph_db_node_14/08_p0.6/08_graph_n14_p0.6_idx4.gpickle,14,0.6,4,5,24,67,"[6, 10, 11, 1, 2, 0, 12, 5, 13, 8, 7, 9, 4, 3]",1.997124
./random_graph_db/graph_db_node_14/08_p0.6/08_graph_n14_p0.6_idx5.gpickle,14,0.6,5,5,27,90,"[2, 1, 10, 11, 3, 9, 4, 13, 12, 0, 5, 7, 6, 8]",1.4037209
./random_graph_db/graph_db_node_14/08_p0.6/08_graph_n14_p0.6_idx6.gpickle,14,0.6,6,5,23,84,"[0, 1, 9, 11, 5, 7, 13, 3, 6, 8, 4, 2, 12, 10]",1.7886519
./random_graph_db/graph_db_node_14/08_p0.6/08_graph_n14_p0.6_idx7.gpickle,14,0.6,7,5,32,93,"[6, 3, 11, 7, 1, 0, 8, 5, 10, 12, 9, 2, 13, 4]",1.6072032
./random_graph_db/graph_db_node_14/08_p0.6/08_graph_n14_p0.6_idx8.gpickle,14,0.6,8,4,20,68,"[10, 8, 5, 6, 13, 7, 12, 0, 3, 1, 2, 9, 4, 11]",2.0078468
./random_graph_db/graph_db_node_14/08_p0.6/08_graph_n14_p0.6_idx9.gpickle,14,0.6,9,5,23,65,"[2, 1, 12, 6, 11, 7, 5, 10, 0, 3, 13, 4, 8, 9]",2.1050429
./random_graph_db/graph_db_node_14/09_p0.65/09_graph_n14_p0.65_idx1.gpickle,14,0.65,1,5,22,62,"[5, 10, 7, 9, 6, 4, 12, 13, 0, 1, 2, 8, 3, 11]",3.1509919
./random_graph_db/graph_db_node_14/09_p0.65/09_graph_n14_p0.65_idx10.gpickle,14,0.65,10,5,21,74,"[11, 3, 7, 12, 8, 0, 1, 10, 2, 13, 6, 4, 5, 9]",1.9605629
./random_graph_db/graph_db_node_14/09_p0.65/09_graph_n14_p0.65_idx2.gpickle,14,0.65,2,5,24,73,"[12, 3, 13, 1, 0, 6, 2, 8, 10, 7, 5, 11, 9, 4]",2.1008513
./random_graph_db/graph_db_node_14/09_p0.65/09_graph_n14_p0.65_idx3.gpickle,14,0.65,3,4,23,75,"[7, 0, 2, 6, 4, 5, 3, 8, 1, 13, 11, 10, 9, 12]",1.6313629
./random_graph_db/graph_db_node_14/09_p0.65/09_graph_n14_p0.65_idx4.gpickle,14,0.65,4,5,17,64,"[11, 1, 2, 8, 0, 7, 5, 12, 6, 4, 13, 9, 3, 10]",2.148191
./random_graph_db/graph_db_node_14/09_p0.65/09_graph_n14_p0.65_idx5.gpickle,14,0.65,5,4,20,69,"[7, 12, 11, 13, 9, 8, 1, 4, 2, 10, 6, 0, 3, 5]",1.6869431
./random_graph_db/graph_db_node_14/09_p0.65/09_graph_n14_p0.65_idx6.gpickle,14,0.65,6,5,29,93,"[6, 12, 5, 4, 8, 1, 0, 13, 7, 11, 2, 10, 3, 9]",1.7611709
./random_graph_db/graph_db_node_14/09_p0.65/09_graph_n14_p0.65_idx7.gpickle,14,0.65,7,6,28,84,"[8, 0, 6, 9, 12, 1, 5, 13, 7, 4, 10, 2, 11, 3]",2.197361
./random_graph_db/graph_db_node_14/09_p0.65/09_graph_n14_p0.65_idx8.gpickle,14,0.65,8,5,31,99,"[13, 2, 10, 6, 1, 11, 5, 7, 8, 0, 12, 4, 3, 9]",2.0667651
./random_graph_db/graph_db_node_14/09_p0.65/09_graph_n14_p0.65_idx9.gpickle,14,0.65,9,5,25,71,"[1, 5, 0, 9, 6, 4, 8, 12, 11, 7, 2, 3, 10, 13]",1.661799
./random_graph_db/graph_db_node_14/10_p0.7/10_graph_n14_p0.7_idx1.gpickle,14,0.7,1,4,14,46,"[13, 8, 11, 1, 4, 5, 9, 6, 7, 0, 2, 12, 10, 3]",2.135313
./random_graph_db/graph_db_node_14/10_p0.7/10_graph_n14_p0.7_idx10.gpickle,14,0.7,10,5,27,86,"[12, 5, 0, 11, 1, 9, 3, 2, 13, 10, 6, 4, 8, 7]",2.253942
./random_graph_db/graph_db_node_14/10_p0.7/10_graph_n14_p0.7_idx2.gpickle,14,0.7,2,5,26,74,"[1, 3, 2, 9, 12, 0, 11, 5, 8, 10, 7, 13, 6, 4]",2.0141089
./random_graph_db/graph_db_node_14/10_p0.7/10_graph_n14_p0.7_idx3.gpickle,14,0.7,3,4,18,53,"[2, 1, 6, 13, 0, 9, 8, 3, 7, 5, 12, 4, 11, 10]",1.7618051
./random_graph_db/graph_db_node_14/10_p0.7/10_graph_n14_p0.7_idx4.gpickle,14,0.7,4,5,17,54,"[7, 10, 2, 12, 11, 8, 3, 0, 6, 13, 4, 9, 1, 5]",1.2919927
./random_graph_db/graph_db_node_14/10_p0.7/10_graph_n14_p0.7_idx5.gpickle,14,0.7,5,4,17,54,"[13, 12, 6, 3, 4, 1, 8, 5, 10, 9, 7, 0, 2, 11]",1.2995491
./random_graph_db/graph_db_node_14/10_p0.7/10_graph_n14_p0.7_idx6.gpickle,14,0.7,6,5,25,74,"[2, 5, 0, 1, 6, 3, 12, 7, 4, 9, 11, 13, 10, 8]",2.0730469
./random_graph_db/graph_db_node_14/10_p0.7/10_graph_n14_p0.7_idx7.gpickle,14,0.7,7,5,25,70,"[10, 12, 8, 7, 3, 2, 6, 5, 11, 9, 13, 1, 0, 4]",2.0159738
./random_graph_db/graph_db_node_14/10_p0.7/10_graph_n14_p0.7_idx8.gpickle,14,0.7,8,5,33,95,"[9, 5, 1, 10, 2, 13, 8, 6, 11, 12, 0, 3, 4, 7]",2.3168421
./random_graph_db/graph_db_node_14/10_p0.7/10_graph_n14_p0.7_idx9.gpickle,14,0.7,9,5,20,62,"[10, 13, 1, 5, 7, 8, 2, 0, 6, 12, 11, 4, 3, 9]",1.345933
./random_graph_db/graph_db_node_14/11_p0.8/11_graph_n14_p0.8_idx1.gpickle,14,0.8,1,3,11,45,"[8, 1, 9, 12, 4, 7, 5, 0, 11, 10, 2, 13, 6, 3]",1.3374128
./random_graph_db/graph_db_node_14/11_p0.8/11_graph_n14_p0.8_idx10.gpickle,14,0.8,10,4,13,49,"[3, 5, 13, 6, 2, 11, 0, 1, 10, 4, 7, 12, 8, 9]",2.0530992
./random_graph_db/graph_db_node_14/11_p0.8/11_graph_n14_p0.8_idx2.gpickle,14,0.8,2,4,12,49,"[6, 0, 11, 13, 8, 12, 7, 4, 2, 9, 10, 3, 1, 5]",1.555038
./random_graph_db/graph_db_node_14/11_p0.8/11_graph_n14_p0.8_idx3.gpickle,14,0.8,3,4,15,52,"[1, 11, 2, 0, 12, 9, 13, 5, 8, 3, 6, 10, 7, 4]",1.7266679
./random_graph_db/graph_db_node_14/11_p0.8/11_graph_n14_p0.8_idx4.gpickle,14,0.8,4,4,17,53,"[10, 6, 1, 9, 13, 3, 0, 4, 5, 12, 2, 7, 11, 8]",1.625793
./random_graph_db/graph_db_node_14/11_p0.8/11_graph_n14_p0.8_idx5.gpickle,14,0.8,5,4,17,53,"[10, 11, 5, 3, 0, 1, 12, 9, 13, 8, 2, 4, 6, 7]",1.85498
./random_graph_db/graph_db_node_14/11_p0.8/11_graph_n14_p0.8_idx6.gpickle,14,0.8,6,3,13,56,"[6, 12, 11, 10, 9, 4, 1, 8, 0, 5, 2, 13, 3, 7]",1.4087989
./random_graph_db/graph_db_node_14/11_p0.8/11_graph_n14_p0.8_idx7.gpickle,14,0.8,7,3,9,28,"[5, 9, 10, 3, 4, 2, 0, 7, 8, 1, 11, 12, 6, 13]",1.5641489
./random_graph_db/graph_db_node_14/11_p0.8/11_graph_n14_p0.8_idx8.gpickle,14,0.8,8,4,16,55,"[3, 2, 12, 0, 9, 6, 5, 11, 1, 4, 8, 10, 13, 7]",1.8832612
./random_graph_db/graph_db_node_14/11_p0.8/11_graph_n14_p0.8_idx9.gpickle,14,0.8,9,4,12,36,"[7, 3, 1, 10, 11, 4, 13, 5, 0, 12, 2, 8, 9, 6]",1.810477
./random_graph_db/graph_db_node_14/12_p0.9/12_graph_n14_p0.9_idx1.gpickle,14,0.9,1,3,7,35,"[5, 9, 1, 11, 2, 10, 6, 13, 8, 0, 3, 4, 7, 12]",0.5701251
./random_graph_db/graph_db_node_14/12_p0.9/12_graph_n14_p0.9_idx10.gpickle,14,0.9,10,2,6,24,"[1, 6, 4, 8, 10, 2, 3, 13, 7, 5, 9, 0, 11, 12]",0.8643911
./random_graph_db/graph_db_node_14/12_p0.9/12_graph_n14_p0.9_idx2.gpickle,14,0.9,2,2,2,20,"[1, 8, 4, 2, 13, 3, 11, 5, 12, 10, 7, 6, 9, 0]",0.5110121
./random_graph_db/graph_db_node_14/12_p0.9/12_graph_n14_p0.9_idx3.gpickle,14,0.9,3,4,13,46,"[7, 8, 0, 3, 13, 2, 6, 11, 5, 12, 4, 1, 10, 9]",1.6622999
./random_graph_db/graph_db_node_14/12_p0.9/12_graph_n14_p0.9_idx4.gpickle,14,0.9,4,3,10,35,"[2, 6, 3, 4, 11, 8, 5, 9, 7, 13, 1, 0, 10, 12]",1.160717
./random_graph_db/graph_db_node_14/12_p0.9/12_graph_n14_p0.9_idx5.gpickle,14,0.9,5,2,6,27,"[1, 6, 2, 13, 4, 7, 12, 0, 9, 10, 8, 5, 3, 11]",1.3649278
./random_graph_db/graph_db_node_14/12_p0.9/12_graph_n14_p0.9_idx6.gpickle,14,0.9,6,2,2,21,"[6, 12, 10, 5, 11, 7, 1, 9, 8, 3, 2, 0, 13, 4]",0.822824
./random_graph_db/graph_db_node_14/12_p0.9/12_graph_n14_p0.9_idx7.gpickle,14,0.9,7,3,5,24,"[4, 10, 6, 12, 13, 0, 7, 1, 8, 9, 5, 2, 3, 11]",0.7004251
./random_graph_db/graph_db_node_14/12_p0.9/12_graph_n14_p0.9_idx8.gpickle,14,0.9,8,3,10,41,"[11, 7, 6, 4, 0, 5, 3, 9, 1, 12, 13, 10, 2, 8]",1.834805
./random_graph_db/graph_db_node_14/12_p0.9/12_graph_n14_p0.9_idx9.gpickle,14,0.9,9,3,8,32,"[11, 9, 13, 8, 0, 4, 7, 3, 2, 5, 1, 10, 6, 12]",0.851079
./random_graph_db/graph_db_node_15/01_p0.1/01_graph_n15_p0.1_idx1.gpickle,15,0.1,1,2,2,21,"[4, 0, 5, 3, 8, 12, 2, 9, 10, 11, 7, 13, 6, 14, 1]",0.9935508
./random_graph_db/graph_db_node_15/01_p0.1/01_graph_n15_p0.1_idx10.gpickle,15,0.1,10,3,8,38,"[10, 8, 1, 7, 0, 13, 6, 4, 11, 2, 5, 12, 9, 3, 14]",1.1867998
./random_graph_db/graph_db_node_15/01_p0.1/01_graph_n15_p0.1_idx2.gpickle,15,0.1,2,2,3,22,"[13, 2, 11, 8, 12, 3, 0, 10, 6, 7, 1, 5, 9, 14, 4]",0.7863622
./random_graph_db/graph_db_node_15/01_p0.1/01_graph_n15_p0.1_idx3.gpickle,15,0.1,3,2,4,23,"[5, 1, 0, 8, 14, 10, 9, 4, 13, 12, 3, 7, 11, 6, 2]",1.5885699
./random_graph_db/graph_db_node_15/01_p0.1/01_graph_n15_p0.1_idx4.gpickle,15,0.1,4,1,0,16,"[7, 8, 9, 11, 3, 2, 0, 1, 10, 6, 14, 4, 13, 5, 12]",0.4150352
./random_graph_db/graph_db_node_15/01_p0.1/01_graph_n15_p0.1_idx5.gpickle,15,0.1,5,2,4,32,"[6, 9, 1, 0, 10, 14, 3, 8, 4, 2, 7, 13, 12, 5, 11]",1.1125851
./random_graph_db/graph_db_node_15/01_p0.1/01_graph_n15_p0.1_idx6.gpickle,15,0.1,6,2,3,22,"[14, 13, 5, 7, 4, 12, 2, 8, 9, 1, 11, 0, 10, 6, 3]",1.576107
./random_graph_db/graph_db_node_15/01_p0.1/01_graph_n15_p0.1_idx7.gpickle,15,0.1,7,3,6,30,"[14, 13, 1, 3, 6, 12, 2, 11, 10, 0, 5, 4, 7, 8, 9]",1.6066618
./random_graph_db/graph_db_node_15/01_p0.1/01_graph_n15_p0.1_idx8.gpickle,15,0.1,8,2,2,24,"[4, 5, 11, 2, 10, 13, 1, 6, 8, 7, 3, 0, 9, 12, 14]",0.6169281
./random_graph_db/graph_db_node_15/01_p0.1/01_graph_n15_p0.1_idx9.gpickle,15,0.1,9,2,3,22,"[12, 7, 1, 8, 3, 6, 10, 5, 4, 9, 2, 13, 11, 14, 0]",0.990911
./random_graph_db/graph_db_node_15/02_p0.2/02_graph_n15_p0.2_idx1.gpickle,15,0.2,1,4,15,45,"[14, 13, 12, 4, 1, 10, 6, 2, 3, 5, 0, 9, 11, 8, 7]",2.1127009
./random_graph_db/graph_db_node_15/02_p0.2/02_graph_n15_p0.2_idx10.gpickle,15,0.2,10,3,9,32,"[5, 8, 11, 3, 13, 14, 12, 4, 9, 0, 1, 6, 10, 7, 2]",1.1868911
./random_graph_db/graph_db_node_15/02_p0.2/02_graph_n15_p0.2_idx2.gpickle,15,0.2,2,3,10,30,"[12, 14, 0, 7, 6, 13, 2, 9, 1, 4, 5, 3, 8, 11, 10]",2.1664603
./random_graph_db/graph_db_node_15/02_p0.2/02_graph_n15_p0.2_idx3.gpickle,15,0.2,3,3,13,60,"[6, 12, 0, 8, 1, 13, 3, 10, 4, 2, 11, 5, 9, 7, 14]",1.9367113
./random_graph_db/graph_db_node_15/02_p0.2/02_graph_n15_p0.2_idx4.gpickle,15,0.2,4,3,10,39,"[13, 12, 10, 0, 7, 5, 14, 1, 9, 3, 4, 2, 11, 8, 6]",1.7864971
./random_graph_db/graph_db_node_15/02_p0.2/02_graph_n15_p0.2_idx5.gpickle,15,0.2,5,3,10,51,"[7, 3, 10, 8, 12, 4, 9, 6, 0, 13, 2, 1, 5, 14, 11]",1.890219
./random_graph_db/graph_db_node_15/02_p0.2/02_graph_n15_p0.2_idx6.gpickle,15,0.2,6,3,10,52,"[13, 8, 12, 2, 10, 9, 14, 6, 0, 1, 7, 11, 3, 5, 4]",1.5737281
./random_graph_db/graph_db_node_15/02_p0.2/02_graph_n15_p0.2_idx7.gpickle,15,0.2,7,3,7,33,"[11, 12, 6, 2, 0, 13, 5, 8, 9, 3, 4, 10, 14, 1, 7]",1.7359731
./random_graph_db/graph_db_node_15/02_p0.2/02_graph_n15_p0.2_idx8.gpickle,15,0.2,8,3,6,30,"[7, 3, 8, 6, 4, 12, 5, 11, 1, 10, 2, 0, 14, 13, 9]",1.765475
./random_graph_db/graph_db_node_15/02_p0.2/02_graph_n15_p0.2_idx9.gpickle,15,0.2,9,3,9,38,"[8, 3, 6, 2, 12, 5, 4, 1, 10, 7, 0, 13, 14, 11, 9]",1.5153992
./random_graph_db/graph_db_node_15/03_p0.3/03_graph_n15_p0.3_idx1.gpickle,15,0.3,1,3,10,45,"[13, 5, 0, 3, 1, 7, 14, 11, 10, 8, 12, 2, 9, 4, 6]",1.0713651
./random_graph_db/graph_db_node_15/03_p0.3/03_graph_n15_p0.3_idx10.gpickle,15,0.3,10,4,15,59,"[1, 13, 11, 14, 6, 12, 7, 3, 9, 8, 2, 5, 10, 0, 4]",1.992784
./random_graph_db/graph_db_node_15/03_p0.3/03_graph_n15_p0.3_idx2.gpickle,15,0.3,2,3,11,45,"[11, 8, 7, 12, 14, 3, 6, 13, 10, 0, 2, 1, 9, 4, 5]",1.6632981
./random_graph_db/graph_db_node_15/03_p0.3/03_graph_n15_p0.3_idx3.gpickle,15,0.3,3,4,16,51,"[6, 2, 5, 1, 3, 10, 9, 8, 12, 0, 7, 4, 14, 13, 11]",2.219698
./random_graph_db/graph_db_node_15/03_p0.3/03_graph_n15_p0.3_idx4.gpickle,15,0.3,4,5,22,65,"[13, 1, 14, 3, 5, 2, 4, 9, 11, 8, 0, 10, 12, 6, 7]",2.267915
./random_graph_db/graph_db_node_15/03_p0.3/03_graph_n15_p0.3_idx5.gpickle,15,0.3,5,4,16,54,"[0, 3, 11, 7, 2, 1, 6, 12, 14, 9, 8, 13, 5, 10, 4]",1.7020249
./random_graph_db/graph_db_node_15/03_p0.3/03_graph_n15_p0.3_idx6.gpickle,15,0.3,6,5,14,42,"[10, 0, 2, 3, 4, 1, 5, 9, 6, 14, 11, 12, 13, 7, 8]",2.042697
./random_graph_db/graph_db_node_15/03_p0.3/03_graph_n15_p0.3_idx7.gpickle,15,0.3,7,4,16,59,"[3, 4, 5, 14, 13, 12, 6, 0, 8, 2, 7, 11, 10, 1, 9]",2.1180458
./random_graph_db/graph_db_node_15/03_p0.3/03_graph_n15_p0.3_idx8.gpickle,15,0.3,8,4,20,61,"[6, 4, 9, 12, 8, 11, 7, 10, 2, 3, 0, 1, 5, 14, 13]",1.6304629
./random_graph_db/graph_db_node_15/03_p0.3/03_graph_n15_p0.3_idx9.gpickle,15,0.3,9,5,23,56,"[14, 2, 9, 6, 8, 11, 13, 1, 3, 7, 0, 10, 5, 12, 4]",2.9710782
./random_graph_db/graph_db_node_15/04_p0.4/04_graph_n15_p0.4_idx1.gpickle,15,0.4,1,5,26,86,"[1, 7, 0, 11, 2, 10, 13, 3, 8, 6, 5, 12, 14, 9, 4]",2.5016241
./random_graph_db/graph_db_node_15/04_p0.4/04_graph_n15_p0.4_idx10.gpickle,15,0.4,10,5,30,82,"[10, 8, 14, 0, 7, 9, 3, 5, 6, 4, 2, 1, 11, 13, 12]",2.56339
./random_graph_db/graph_db_node_15/04_p0.4/04_graph_n15_p0.4_idx2.gpickle,15,0.4,2,5,28,79,"[13, 5, 0, 7, 2, 4, 8, 3, 1, 14, 9, 11, 6, 12, 10]",2.7211449
./random_graph_db/graph_db_node_15/04_p0.4/04_graph_n15_p0.4_idx3.gpickle,15,0.4,3,5,22,61,"[7, 12, 11, 2, 13, 0, 14, 1, 10, 5, 9, 4, 6, 8, 3]",2.4615502
./random_graph_db/graph_db_node_15/04_p0.4/04_graph_n15_p0.4_idx4.gpickle,15,0.4,4,6,34,99,"[13, 3, 12, 4, 9, 1, 14, 2, 0, 10, 6, 11, 7, 5, 8]",2.607193
./random_graph_db/graph_db_node_15/04_p0.4/04_graph_n15_p0.4_idx5.gpickle,15,0.4,5,6,28,75,"[5, 3, 2, 13, 12, 1, 0, 11, 10, 8, 7, 6, 4, 9, 14]",2.2992928
./random_graph_db/graph_db_node_15/04_p0.4/04_graph_n15_p0.4_idx6.gpickle,15,0.4,6,5,25,82,"[9, 0, 6, 14, 8, 10, 7, 11, 3, 2, 13, 12, 4, 5, 1]",2.417407
./random_graph_db/graph_db_node_15/04_p0.4/04_graph_n15_p0.4_idx7.gpickle,15,0.4,7,5,23,63,"[11, 10, 13, 12, 4, 6, 7, 9, 8, 2, 5, 0, 3, 1, 14]",2.29339
./random_graph_db/graph_db_node_15/04_p0.4/04_graph_n15_p0.4_idx8.gpickle,15,0.4,8,5,25,80,"[13, 8, 12, 11, 9, 5, 4, 10, 6, 2, 14, 1, 7, 0, 3]",2.0231791
./random_graph_db/graph_db_node_15/04_p0.4/04_graph_n15_p0.4_idx9.gpickle,15,0.4,9,5,27,85,"[9, 13, 12, 4, 2, 7, 11, 8, 0, 6, 1, 5, 3, 14, 10]",2.0683062
./random_graph_db/graph_db_node_15/05_p0.45/05_graph_n15_p0.45_idx1.gpickle,15,0.45,1,6,24,78,"[12, 13, 0, 6, 1, 7, 9, 14, 3, 2, 8, 11, 10, 5, 4]",3.5248661
./random_graph_db/graph_db_node_15/05_p0.45/05_graph_n15_p0.45_idx10.gpickle,15,0.45,10,5,30,98,"[3, 8, 7, 14, 0, 12, 5, 9, 4, 13, 1, 11, 6, 2, 10]",2.0587542
./random_graph_db/graph_db_node_15/05_p0.45/05_graph_n15_p0.45_idx2.gpickle,15,0.45,2,5,27,86,"[12, 5, 10, 13, 6, 8, 11, 3, 2, 1, 4, 9, 14, 7, 0]",3.9828618
./random_graph_db/graph_db_node_15/05_p0.45/05_graph_n15_p0.45_idx3.gpickle,15,0.45,3,5,24,65,"[5, 1, 7, 0, 8, 12, 9, 14, 6, 10, 4, 3, 2, 11, 13]",2.4534779
./random_graph_db/graph_db_node_15/05_p0.45/05_graph_n15_p0.45_idx4.gpickle,15,0.45,4,5,22,62,"[12, 3, 13, 0, 5, 7, 10, 1, 2, 14, 4, 8, 6, 9, 11]",2.3356378
./random_graph_db/graph_db_node_15/05_p0.45/05_graph_n15_p0.45_idx5.gpickle,15,0.45,5,5,27,72,"[13, 3, 11, 1, 9, 14, 6, 5, 0, 7, 10, 12, 4, 2, 8]",3.087054
./random_graph_db/graph_db_node_15/05_p0.45/05_graph_n15_p0.45_idx6.gpickle,15,0.45,6,6,42,109,"[1, 0, 8, 5, 10, 7, 14, 13, 4, 9, 6, 2, 12, 11, 3]",2.6371038
./random_graph_db/graph_db_node_15/05_p0.45/05_graph_n15_p0.45_idx7.gpickle,15,0.45,7,5,21,59,"[12, 4, 7, 8, 3, 13, 10, 6, 2, 14, 1, 9, 5, 0, 11]",2.4403391
./random_graph_db/graph_db_node_15/05_p0.45/05_graph_n15_p0.45_idx8.gpickle,15,0.45,8,5,26,73,"[12, 3, 1, 0, 7, 10, 9, 2, 13, 4, 14, 11, 8, 6, 5]",2.4161379
./random_graph_db/graph_db_node_15/05_p0.45/05_graph_n15_p0.45_idx9.gpickle,15,0.45,9,5,28,89,"[3, 13, 0, 5, 10, 7, 11, 4, 1, 14, 6, 9, 2, 8, 12]",2.2486031
./random_graph_db/graph_db_node_15/06_p0.5/06_graph_n15_p0.5_idx1.gpickle,15,0.5,1,5,32,108,"[12, 5, 7, 0, 13, 10, 8, 1, 2, 11, 4, 3, 6, 9, 14]",2.4159918
./random_graph_db/graph_db_node_15/06_p0.5/06_graph_n15_p0.5_idx10.gpickle,15,0.5,10,6,28,87,"[7, 9, 6, 0, 2, 13, 5, 4, 3, 12, 14, 10, 8, 11, 1]",2.2517259
./random_graph_db/graph_db_node_15/06_p0.5/06_graph_n15_p0.5_idx2.gpickle,15,0.5,2,5,26,71,"[2, 6, 10, 11, 8, 1, 9, 3, 14, 4, 0, 7, 13, 5, 12]",2.3551829
./random_graph_db/graph_db_node_15/06_p0.5/06_graph_n15_p0.5_idx3.gpickle,15,0.5,3,5,27,82,"[12, 8, 11, 4, 1, 2, 6, 13, 9, 5, 14, 10, 3, 7, 0]",2.1782568
./random_graph_db/graph_db_node_15/06_p0.5/06_graph_n15_p0.5_idx4.gpickle,15,0.5,4,6,33,88,"[2, 0, 10, 14, 9, 5, 1, 3, 11, 7, 4, 6, 8, 13, 12]",2.5724411
./random_graph_db/graph_db_node_15/06_p0.5/06_graph_n15_p0.5_idx5.gpickle,15,0.5,5,5,32,106,"[7, 13, 5, 3, 0, 8, 10, 1, 6, 12, 2, 4, 11, 9, 14]",2.5771892
./random_graph_db/graph_db_node_15/06_p0.5/06_graph_n15_p0.5_idx6.gpickle,15,0.5,6,5,34,104,"[12, 8, 0, 13, 9, 2, 5, 1, 3, 10, 7, 11, 6, 14, 4]",2.6382651
./random_graph_db/graph_db_node_15/06_p0.5/06_graph_n15_p0.5_idx7.gpickle,15,0.5,7,5,27,79,"[12, 0, 4, 9, 7, 14, 6, 13, 8, 5, 1, 11, 10, 2, 3]",3.965647
./random_graph_db/graph_db_node_15/06_p0.5/06_graph_n15_p0.5_idx8.gpickle,15,0.5,8,6,30,86,"[13, 7, 2, 0, 5, 11, 9, 14, 3, 8, 12, 10, 6, 1, 4]",2.474988
./random_graph_db/graph_db_node_15/06_p0.5/06_graph_n15_p0.5_idx9.gpickle,15,0.5,9,5,25,81,"[9, 3, 14, 6, 0, 7, 8, 1, 11, 5, 10, 13, 4, 12, 2]",2.3342569
./random_graph_db/graph_db_node_15/07_p0.55/07_graph_n15_p0.55_idx1.gpickle,15,0.55,1,6,28,90,"[11, 1, 2, 0, 9, 7, 6, 4, 10, 8, 14, 12, 3, 5, 13]",2.8344052
./random_graph_db/graph_db_node_15/07_p0.55/07_graph_n15_p0.55_idx10.gpickle,15,0.55,10,5,28,78,"[1, 3, 5, 11, 14, 4, 2, 7, 8, 12, 9, 10, 6, 13, 0]",2.36218
./random_graph_db/graph_db_node_15/07_p0.55/07_graph_n15_p0.55_idx2.gpickle,15,0.55,2,5,31,79,"[0, 5, 4, 10, 8, 12, 3, 7, 13, 14, 1, 6, 9, 2, 11]",2.0512521
./random_graph_db/graph_db_node_15/07_p0.55/07_graph_n15_p0.55_idx3.gpickle,15,0.55,3,6,32,88,"[9, 10, 1, 14, 6, 7, 12, 2, 0, 11, 3, 13, 5, 8, 4]",2.6750619
./random_graph_db/graph_db_node_15/07_p0.55/07_graph_n15_p0.55_idx4.gpickle,15,0.55,4,5,26,85,"[7, 13, 4, 2, 14, 11, 10, 1, 5, 3, 0, 12, 6, 8, 9]",2.5291479
./random_graph_db/graph_db_node_15/07_p0.55/07_graph_n15_p0.55_idx5.gpickle,15,0.55,5,6,26,69,"[4, 8, 11, 9, 6, 14, 7, 5, 3, 13, 0, 12, 1, 10, 2]",1.9363542
./random_graph_db/graph_db_node_15/07_p0.55/07_graph_n15_p0.55_idx6.gpickle,15,0.55,6,5,28,79,"[13, 1, 2, 14, 11, 0, 12, 7, 5, 6, 4, 3, 9, 10, 8]",2.6417711
./random_graph_db/graph_db_node_15/07_p0.55/07_graph_n15_p0.55_idx7.gpickle,15,0.55,7,5,28,97,"[11, 4, 8, 7, 10, 6, 5, 9, 12, 3, 13, 1, 14, 2, 0]",2.0547688
./random_graph_db/graph_db_node_15/07_p0.55/07_graph_n15_p0.55_idx8.gpickle,15,0.55,8,6,34,93,"[1, 14, 13, 2, 0, 12, 4, 9, 5, 7, 11, 8, 6, 10, 3]",2.5682402
./random_graph_db/graph_db_node_15/07_p0.55/07_graph_n15_p0.55_idx9.gpickle,15,0.55,9,6,31,99,"[3, 1, 5, 0, 11, 8, 9, 7, 12, 2, 10, 4, 14, 6, 13]",2.314441
./random_graph_db/graph_db_node_15/08_p0.6/08_graph_n15_p0.6_idx1.gpickle,15,0.6,1,5,35,99,"[3, 13, 8, 10, 9, 0, 7, 14, 6, 5, 2, 11, 4, 12, 1]",2.2191892
./random_graph_db/graph_db_node_15/08_p0.6/08_graph_n15_p0.6_idx10.gpickle,15,0.6,10,5,22,65,"[2, 4, 11, 3, 7, 12, 0, 9, 8, 6, 13, 14, 1, 10, 5]",2.481184
./random_graph_db/graph_db_node_15/08_p0.6/08_graph_n15_p0.6_idx2.gpickle,15,0.6,2,5,33,106,"[7, 10, 12, 5, 6, 2, 3, 1, 9, 11, 14, 8, 13, 4, 0]",3.1934359
./random_graph_db/graph_db_node_15/08_p0.6/08_graph_n15_p0.6_idx3.gpickle,15,0.6,3,5,32,86,"[7, 0, 9, 3, 4, 8, 5, 10, 2, 14, 11, 13, 6, 12, 1]",2.2454138
./random_graph_db/graph_db_node_15/08_p0.6/08_graph_n15_p0.6_idx4.gpickle,15,0.6,4,5,30,90,"[3, 12, 7, 1, 9, 5, 11, 0, 8, 2, 6, 4, 10, 13, 14]",2.22666
./random_graph_db/graph_db_node_15/08_p0.6/08_graph_n15_p0.6_idx5.gpickle,15,0.6,5,5,29,92,"[13, 3, 8, 5, 14, 6, 1, 4, 10, 7, 0, 2, 9, 11, 12]",2.097749
./random_graph_db/graph_db_node_15/08_p0.6/08_graph_n15_p0.6_idx6.gpickle,15,0.6,6,6,33,91,"[10, 1, 2, 14, 11, 9, 4, 13, 7, 12, 3, 8, 6, 5, 0]",2.5137911
./random_graph_db/graph_db_node_15/08_p0.6/08_graph_n15_p0.6_idx7.gpickle,15,0.6,7,6,35,87,"[9, 6, 5, 0, 13, 7, 1, 4, 3, 12, 10, 8, 14, 11, 2]",3.752028
./random_graph_db/graph_db_node_15/08_p0.6/08_graph_n15_p0.6_idx8.gpickle,15,0.6,8,6,33,98,"[1, 2, 13, 14, 6, 8, 12, 4, 9, 5, 11, 7, 10, 0, 3]",2.5457428
./random_graph_db/graph_db_node_15/08_p0.6/08_graph_n15_p0.6_idx9.gpickle,15,0.6,9,5,26,79,"[0, 10, 1, 12, 11, 2, 14, 5, 3, 4, 13, 6, 9, 7, 8]",1.9908841
./random_graph_db/graph_db_node_15/09_p0.65/09_graph_n15_p0.65_idx1.gpickle,15,0.65,1,5,31,89,"[8, 12, 14, 2, 10, 9, 11, 7, 13, 1, 0, 4, 3, 5, 6]",2.6615188
./random_graph_db/graph_db_node_15/09_p0.65/09_graph_n15_p0.65_idx10.gpickle,15,0.65,10,5,35,95,"[10, 4, 12, 6, 8, 7, 13, 2, 14, 11, 3, 5, 9, 1, 0]",2.445333
./random_graph_db/graph_db_node_15/09_p0.65/09_graph_n15_p0.65_idx2.gpickle,15,0.65,2,6,39,107,"[7, 0, 10, 14, 9, 2, 4, 13, 11, 6, 8, 5, 1, 3, 12]",2.6198468
./random_graph_db/graph_db_node_15/09_p0.65/09_graph_n15_p0.65_idx3.gpickle,15,0.65,3,6,31,81,"[1, 7, 3, 13, 9, 4, 14, 6, 0, 2, 8, 10, 5, 11, 12]",2.399379
./random_graph_db/graph_db_node_15/09_p0.65/09_graph_n15_p0.65_idx4.gpickle,15,0.65,4,5,28,83,"[0, 10, 11, 9, 4, 1, 5, 14, 7, 8, 12, 13, 3, 6, 2]",2.401947
./random_graph_db/graph_db_node_15/09_p0.65/09_graph_n15_p0.65_idx5.gpickle,15,0.65,5,7,42,116,"[5, 0, 11, 4, 2, 3, 9, 6, 12, 8, 14, 7, 13, 1, 10]",2.6101031
./random_graph_db/graph_db_node_15/09_p0.65/09_graph_n15_p0.65_idx6.gpickle,15,0.65,6,5,27,90,"[0, 14, 11, 9, 2, 7, 1, 12, 3, 10, 4, 5, 13, 8, 6]",2.132163
./random_graph_db/graph_db_node_15/09_p0.65/09_graph_n15_p0.65_idx7.gpickle,15,0.65,7,5,24,73,"[0, 7, 6, 1, 10, 3, 9, 2, 14, 12, 13, 11, 4, 8, 5]",2.2692959
./random_graph_db/graph_db_node_15/09_p0.65/09_graph_n15_p0.65_idx8.gpickle,15,0.65,8,6,34,102,"[4, 1, 7, 3, 14, 10, 9, 11, 6, 8, 12, 2, 5, 13, 0]",2.838428
./random_graph_db/graph_db_node_15/09_p0.65/09_graph_n15_p0.65_idx9.gpickle,15,0.65,9,6,29,91,"[9, 5, 2, 6, 8, 14, 3, 11, 4, 0, 1, 13, 12, 10, 7]",2.6327631
./random_graph_db/graph_db_node_15/10_p0.7/10_graph_n15_p0.7_idx1.gpickle,15,0.7,1,5,29,78,"[8, 5, 12, 6, 10, 11, 13, 4, 0, 9, 1, 14, 2, 7, 3]",2.030921
./random_graph_db/graph_db_node_15/10_p0.7/10_graph_n15_p0.7_idx10.gpickle,15,0.7,10,6,35,99,"[7, 3, 14, 5, 1, 12, 9, 4, 0, 13, 8, 11, 2, 10, 6]",2.138689
./random_graph_db/graph_db_node_15/10_p0.7/10_graph_n15_p0.7_idx2.gpickle,15,0.7,2,6,39,107,"[12, 0, 1, 2, 11, 7, 6, 4, 3, 8, 10, 9, 13, 5, 14]",2.0371327
./random_graph_db/graph_db_node_15/10_p0.7/10_graph_n15_p0.7_idx3.gpickle,15,0.7,3,4,23,72,"[1, 9, 2, 7, 12, 11, 4, 14, 13, 3, 10, 0, 6, 8, 5]",1.6827374
./random_graph_db/graph_db_node_15/10_p0.7/10_graph_n15_p0.7_idx4.gpickle,15,0.7,4,5,25,58,"[10, 8, 13, 1, 7, 3, 5, 6, 0, 9, 12, 4, 11, 14, 2]",2.4215479
./random_graph_db/graph_db_node_15/10_p0.7/10_graph_n15_p0.7_idx5.gpickle,15,0.7,5,5,25,76,"[2, 10, 4, 14, 9, 11, 12, 5, 13, 6, 1, 7, 0, 8, 3]",1.9603732
./random_graph_db/graph_db_node_15/10_p0.7/10_graph_n15_p0.7_idx6.gpickle,15,0.7,6,6,35,96,"[8, 2, 9, 7, 3, 6, 14, 4, 0, 1, 12, 10, 11, 13, 5]",2.4093859
./random_graph_db/graph_db_node_15/10_p0.7/10_graph_n15_p0.7_idx7.gpickle,15,0.7,7,5,30,77,"[13, 9, 10, 1, 2, 5, 12, 3, 4, 11, 6, 8, 7, 14, 0]",3.4973497
./random_graph_db/graph_db_node_15/10_p0.7/10_graph_n15_p0.7_idx8.gpickle,15,0.7,8,5,30,94,"[11, 3, 1, 12, 10, 6, 8, 4, 5, 0, 13, 7, 2, 9, 14]",2.3160529
./random_graph_db/graph_db_node_15/10_p0.7/10_graph_n15_p0.7_idx9.gpickle,15,0.7,9,5,30,83,"[14, 4, 6, 8, 9, 3, 2, 12, 13, 0, 10, 7, 11, 1, 5]",1.962383
./random_graph_db/graph_db_node_15/11_p0.8/11_graph_n15_p0.8_idx1.gpickle,15,0.8,1,5,21,64,"[0, 3, 14, 11, 13, 6, 10, 4, 8, 12, 2, 1, 9, 7, 5]",1.4905348
./random_graph_db/graph_db_node_15/11_p0.8/11_graph_n15_p0.8_idx10.gpickle,15,0.8,10,5,28,81,"[14, 3, 1, 10, 6, 4, 13, 0, 5, 8, 7, 12, 11, 2, 9]",1.849324
./random_graph_db/graph_db_node_15/11_p0.8/11_graph_n15_p0.8_idx2.gpickle,15,0.8,2,3,16,57,"[10, 13, 6, 8, 12, 0, 2, 4, 7, 5, 9, 14, 11, 1, 3]",1.7140169
./random_graph_db/graph_db_node_15/11_p0.8/11_graph_n15_p0.8_idx3.gpickle,15,0.8,3,5,27,77,"[7, 6, 8, 12, 0, 4, 5, 14, 3, 13, 2, 10, 11, 9, 1]",2.3110158
./random_graph_db/graph_db_node_15/11_p0.8/11_graph_n15_p0.8_idx4.gpickle,15,0.8,4,5,26,72,"[3, 14, 12, 13, 11, 2, 10, 5, 0, 8, 4, 1, 6, 9, 7]",2.1417971
./random_graph_db/graph_db_node_15/11_p0.8/11_graph_n15_p0.8_idx5.gpickle,15,0.8,5,5,21,65,"[7, 10, 2, 11, 1, 6, 3, 9, 12, 5, 0, 13, 8, 4, 14]",2.535192
./random_graph_db/graph_db_node_15/11_p0.8/11_graph_n15_p0.8_idx6.gpickle,15,0.8,6,4,25,85,"[7, 2, 11, 8, 6, 13, 4, 3, 14, 9, 1, 10, 0, 5, 12]",2.1932359
./random_graph_db/graph_db_node_15/11_p0.8/11_graph_n15_p0.8_idx7.gpickle,15,0.8,7,3,13,46,"[3, 0, 5, 8, 2, 7, 10, 6, 12, 11, 9, 4, 13, 1, 14]",1.4247308
./random_graph_db/graph_db_node_15/11_p0.8/11_graph_n15_p0.8_idx8.gpickle,15,0.8,8,4,15,49,"[1, 4, 13, 7, 12, 11, 9, 3, 8, 14, 5, 6, 0, 2, 10]",1.945154
./random_graph_db/graph_db_node_15/11_p0.8/11_graph_n15_p0.8_idx9.gpickle,15,0.8,9,4,19,58,"[2, 1, 7, 6, 3, 0, 5, 14, 10, 11, 4, 13, 9, 12, 8]",2.0093203
./random_graph_db/graph_db_node_15/12_p0.9/12_graph_n15_p0.9_idx1.gpickle,15,0.9,1,3,5,27,"[1, 8, 3, 13, 4, 2, 11, 14, 0, 6, 7, 10, 5, 9, 12]",0.8599792
./random_graph_db/graph_db_node_15/12_p0.9/12_graph_n15_p0.9_idx10.gpickle,15,0.9,10,3,8,35,"[10, 5, 1, 9, 13, 7, 6, 2, 8, 4, 3, 11, 0, 14, 12]",1.6973329
./random_graph_db/graph_db_node_15/12_p0.9/12_graph_n15_p0.9_idx2.gpickle,15,0.9,2,4,9,34,"[6, 0, 8, 2, 4, 9, 10, 14, 3, 1, 5, 7, 11, 12, 13]",1.7636311
./random_graph_db/graph_db_node_15/12_p0.9/12_graph_n15_p0.9_idx3.gpickle,15,0.9,3,3,7,35,"[5, 13, 10, 8, 1, 9, 0, 14, 4, 6, 3, 7, 12, 2, 11]",1.5306771
./random_graph_db/graph_db_node_15/12_p0.9/12_graph_n15_p0.9_idx4.gpickle,15,0.9,4,5,25,67,"[10, 1, 11, 8, 9, 13, 6, 14, 3, 5, 4, 0, 12, 2, 7]",2.2142351
./random_graph_db/graph_db_node_15/12_p0.9/12_graph_n15_p0.9_idx5.gpickle,15,0.9,5,2,6,40,"[13, 11, 2, 12, 10, 4, 8, 7, 14, 5, 1, 9, 3, 6, 0]",0.668365
./random_graph_db/graph_db_node_15/12_p0.9/12_graph_n15_p0.9_idx6.gpickle,15,0.9,6,4,10,37,"[4, 5, 11, 13, 0, 12, 9, 8, 1, 14, 7, 6, 3, 10, 2]",1.0588479
./random_graph_db/graph_db_node_15/12_p0.9/12_graph_n15_p0.9_idx7.gpickle,15,0.9,7,3,5,27,"[9, 12, 5, 4, 6, 2, 3, 14, 7, 11, 8, 10, 13, 0, 1]",0.629019
./random_graph_db/graph_db_node_15/12_p0.9/12_graph_n15_p0.9_idx8.gpickle,15,0.9,8,3,10,36,"[14, 10, 5, 9, 3, 13, 4, 0, 6, 1, 7, 11, 8, 12, 2]",2.0579309
./random_graph_db/graph_db_node_15/12_p0.9/12_graph_n15_p0.9_idx9.gpickle,15,0.9,9,3,9,29,"[2, 12, 3, 5, 13, 1, 6, 4, 14, 0, 10, 8, 9, 7, 11]",1.8742001
./random_graph_db/graph_db_node_16/01_p0.1/01_graph_n16_p0.1_idx1.gpickle,16,0.1,1,2,2,25,"[12, 15, 9, 2, 8, 14, 10, 3, 4, 1, 7, 0, 13, 5, 6, 11]",0.6562119
./random_graph_db/graph_db_node_16/01_p0.1/01_graph_n16_p0.1_idx10.gpickle,16,0.1,10,2,6,24,"[2, 0, 15, 13, 5, 14, 4, 10, 8, 12, 9, 1, 3, 7, 6, 11]",1.0285339
./random_graph_db/graph_db_node_16/01_p0.1/01_graph_n16_p0.1_idx2.gpickle,16,0.1,2,3,6,25,"[1, 8, 6, 0, 15, 2, 3, 9, 10, 7, 5, 11, 13, 12, 4, 14]",1.939013
./random_graph_db/graph_db_node_16/01_p0.1/01_graph_n16_p0.1_idx3.gpickle,16,0.1,3,2,2,22,"[14, 1, 3, 11, 13, 0, 7, 9, 12, 4, 6, 15, 8, 5, 10, 2]",1.69245
./random_graph_db/graph_db_node_16/01_p0.1/01_graph_n16_p0.1_idx4.gpickle,16,0.1,4,3,7,34,"[7, 13, 11, 15, 8, 2, 14, 4, 1, 0, 12, 5, 3, 10, 9, 6]",1.3124471
./random_graph_db/graph_db_node_16/01_p0.1/01_graph_n16_p0.1_idx5.gpickle,16,0.1,5,3,7,33,"[11, 3, 6, 13, 14, 5, 1, 9, 7, 4, 0, 8, 12, 15, 10, 2]",1.9780629
./random_graph_db/graph_db_node_16/01_p0.1/01_graph_n16_p0.1_idx6.gpickle,16,0.1,6,2,2,20,"[5, 15, 1, 3, 4, 13, 8, 0, 14, 2, 9, 6, 12, 10, 11, 7]",1.6929572
./random_graph_db/graph_db_node_16/01_p0.1/01_graph_n16_p0.1_idx7.gpickle,16,0.1,7,3,9,35,"[8, 4, 12, 5, 2, 3, 13, 15, 7, 0, 6, 1, 9, 11, 14, 10]",2.1143208
./random_graph_db/graph_db_node_16/01_p0.1/01_graph_n16_p0.1_idx8.gpickle,16,0.1,8,3,10,41,"[2, 11, 4, 7, 1, 5, 9, 12, 0, 8, 3, 10, 13, 15, 6, 14]",2.0519559
./random_graph_db/graph_db_node_16/01_p0.1/01_graph_n16_p0.1_idx9.gpickle,16,0.1,9,3,6,30,"[15, 8, 6, 10, 14, 5, 9, 0, 2, 4, 7, 11, 3, 1, 13, 12]",1.8945858
./random_graph_db/graph_db_node_16/02_p0.2/02_graph_n16_p0.2_idx1.gpickle,16,0.2,1,3,10,41,"[4, 14, 10, 2, 13, 7, 5, 12, 6, 15, 3, 9, 8, 1, 0, 11]",2.2792158
./random_graph_db/graph_db_node_16/02_p0.2/02_graph_n16_p0.2_idx10.gpickle,16,0.2,10,3,8,35,"[4, 6, 15, 9, 11, 7, 2, 3, 0, 8, 1, 13, 14, 5, 12, 10]",1.3040247
./random_graph_db/graph_db_node_16/02_p0.2/02_graph_n16_p0.2_idx2.gpickle,16,0.2,2,3,9,28,"[11, 0, 6, 1, 4, 15, 13, 12, 3, 14, 2, 7, 9, 10, 8, 5]",1.7040098
./random_graph_db/graph_db_node_16/02_p0.2/02_graph_n16_p0.2_idx3.gpickle,16,0.2,3,4,14,54,"[1, 9, 4, 10, 11, 8, 2, 12, 13, 3, 5, 7, 15, 6, 0, 14]",2.3380117
./random_graph_db/graph_db_node_16/02_p0.2/02_graph_n16_p0.2_idx4.gpickle,16,0.2,4,3,9,30,"[5, 11, 14, 8, 0, 3, 12, 6, 7, 10, 2, 4, 13, 1, 15, 9]",2.1040659
./random_graph_db/graph_db_node_16/02_p0.2/02_graph_n16_p0.2_idx5.gpickle,16,0.2,5,4,14,51,"[14, 8, 4, 6, 1, 5, 2, 11, 3, 0, 13, 12, 7, 10, 15, 9]",2.4972038
./random_graph_db/graph_db_node_16/02_p0.2/02_graph_n16_p0.2_idx6.gpickle,16,0.2,6,3,11,50,"[7, 0, 15, 1, 5, 13, 8, 9, 12, 2, 10, 6, 3, 14, 4, 11]",1.82704
./random_graph_db/graph_db_node_16/02_p0.2/02_graph_n16_p0.2_idx7.gpickle,16,0.2,7,3,6,29,"[14, 0, 2, 4, 11, 13, 15, 8, 12, 10, 5, 9, 3, 7, 6, 1]",1.7685082
./random_graph_db/graph_db_node_16/02_p0.2/02_graph_n16_p0.2_idx8.gpickle,16,0.2,8,4,13,37,"[6, 3, 0, 15, 4, 11, 10, 13, 5, 14, 7, 12, 1, 2, 9, 8]",2.4030199
./random_graph_db/graph_db_node_16/02_p0.2/02_graph_n16_p0.2_idx9.gpickle,16,0.2,9,4,12,43,"[0, 1, 15, 2, 7, 11, 3, 9, 12, 6, 14, 4, 10, 5, 8, 13]",2.2977979
./random_graph_db/graph_db_node_16/03_p0.3/03_graph_n16_p0.3_idx1.gpickle,16,0.3,1,4,19,73,"[6, 2, 10, 5, 9, 13, 14, 3, 7, 4, 0, 8, 11, 1, 15, 12]",2.6234491
./random_graph_db/graph_db_node_16/03_p0.3/03_graph_n16_p0.3_idx10.gpickle,16,0.3,10,5,25,80,"[14, 4, 0, 2, 3, 12, 8, 10, 9, 5, 6, 1, 7, 11, 15, 13]",2.838752
./random_graph_db/graph_db_node_16/03_p0.3/03_graph_n16_p0.3_idx2.gpickle,16,0.3,2,4,21,68,"[9, 15, 4, 3, 12, 13, 2, 11, 7, 1, 10, 8, 0, 5, 14, 6]",2.5635729
./random_graph_db/graph_db_node_16/03_p0.3/03_graph_n16_p0.3_idx3.gpickle,16,0.3,3,5,29,83,"[5, 1, 7, 3, 11, 2, 8, 9, 13, 14, 4, 15, 0, 10, 6, 12]",2.7771289
./random_graph_db/graph_db_node_16/03_p0.3/03_graph_n16_p0.3_idx4.gpickle,16,0.3,4,5,19,61,"[3, 2, 15, 14, 6, 9, 11, 7, 12, 0, 1, 5, 10, 8, 13, 4]",2.257875
./random_graph_db/graph_db_node_16/03_p0.3/03_graph_n16_p0.3_idx5.gpickle,16,0.3,5,5,25,71,"[7, 13, 2, 11, 10, 9, 1, 5, 4, 6, 12, 8, 14, 15, 3, 0]",2.5695682
./random_graph_db/graph_db_node_16/03_p0.3/03_graph_n16_p0.3_idx6.gpickle,16,0.3,6,5,23,70,"[2, 7, 5, 0, 14, 9, 4, 13, 1, 15, 3, 6, 12, 8, 10, 11]",2.8442349
./random_graph_db/graph_db_node_16/03_p0.3/03_graph_n16_p0.3_idx7.gpickle,16,0.3,7,5,21,54,"[4, 8, 12, 6, 14, 0, 2, 1, 5, 13, 9, 10, 15, 3, 11, 7]",3.0575771
./random_graph_db/graph_db_node_16/03_p0.3/03_graph_n16_p0.3_idx8.gpickle,16,0.3,8,5,34,98,"[13, 11, 0, 5, 12, 3, 1, 4, 6, 15, 9, 8, 7, 10, 2, 14]",3.2477541
./random_graph_db/graph_db_node_16/03_p0.3/03_graph_n16_p0.3_idx9.gpickle,16,0.3,9,5,26,73,"[4, 15, 10, 8, 6, 1, 9, 11, 2, 5, 3, 7, 13, 14, 0, 12]",3.0654721
./random_graph_db/graph_db_node_16/04_p0.4/04_graph_n16_p0.4_idx1.gpickle,16,0.4,1,6,37,99,"[8, 1, 15, 10, 14, 7, 13, 4, 5, 2, 12, 6, 0, 9, 11, 3]",3.0133979
./random_graph_db/graph_db_node_16/04_p0.4/04_graph_n16_p0.4_idx10.gpickle,16,0.4,10,6,34,94,"[8, 12, 13, 7, 1, 6, 2, 15, 4, 9, 5, 3, 10, 0, 14, 11]",3.3845639
./random_graph_db/graph_db_node_16/04_p0.4/04_graph_n16_p0.4_idx2.gpickle,16,0.4,2,6,28,77,"[14, 10, 8, 13, 0, 15, 5, 1, 6, 9, 11, 7, 3, 2, 4, 12]",3.6756198
./random_graph_db/graph_db_node_16/04_p0.4/04_graph_n16_p0.4_idx3.gpickle,16,0.4,3,6,37,105,"[1, 13, 0, 2, 12, 10, 14, 6, 8, 5, 11, 7, 4, 9, 3, 15]",3.4691188
./random_graph_db/graph_db_node_16/04_p0.4/04_graph_n16_p0.4_idx4.gpickle,16,0.4,4,5,34,118,"[5, 0, 1, 9, 15, 3, 13, 11, 12, 14, 6, 4, 2, 7, 8, 10]",2.8203571
./random_graph_db/graph_db_node_16/04_p0.4/04_graph_n16_p0.4_idx5.gpickle,16,0.4,5,6,35,103,"[4, 2, 5, 13, 1, 12, 8, 10, 9, 15, 0, 7, 14, 6, 11, 3]",3.182518
./random_graph_db/graph_db_node_16/04_p0.4/04_graph_n16_p0.4_idx6.gpickle,16,0.4,6,5,32,91,"[15, 7, 11, 4, 9, 13, 5, 2, 6, 10, 8, 3, 14, 0, 12, 1]",3.1817029
./random_graph_db/graph_db_node_16/04_p0.4/04_graph_n16_p0.4_idx7.gpickle,16,0.4,7,5,27,81,"[9, 7, 12, 13, 8, 3, 2, 4, 11, 0, 10, 5, 1, 15, 14, 6]",3.014837
./random_graph_db/graph_db_node_16/04_p0.4/04_graph_n16_p0.4_idx8.gpickle,16,0.4,8,5,24,76,"[8, 13, 2, 12, 10, 11, 0, 3, 1, 4, 14, 7, 9, 15, 6, 5]",2.883919
./random_graph_db/graph_db_node_16/04_p0.4/04_graph_n16_p0.4_idx9.gpickle,16,0.4,9,6,35,91,"[3, 7, 10, 6, 12, 5, 14, 1, 15, 13, 0, 11, 8, 4, 9, 2]",2.6040561
./random_graph_db/graph_db_node_16/05_p0.45/05_graph_n16_p0.45_idx1.gpickle,16,0.45,1,6,40,110,"[8, 12, 14, 4, 3, 10, 6, 9, 15, 2, 5, 11, 7, 13, 0, 1]",3.050828
./random_graph_db/graph_db_node_16/05_p0.45/05_graph_n16_p0.45_idx10.gpickle,16,0.45,10,6,33,82,"[14, 7, 13, 4, 15, 9, 3, 12, 2, 10, 1, 0, 8, 11, 5, 6]",3.1315379
./random_graph_db/graph_db_node_16/05_p0.45/05_graph_n16_p0.45_idx2.gpickle,16,0.45,2,5,38,120,"[4, 12, 15, 8, 13, 14, 0, 3, 7, 11, 10, 2, 5, 1, 9, 6]",3.1708791
./random_graph_db/graph_db_node_16/05_p0.45/05_graph_n16_p0.45_idx3.gpickle,16,0.45,3,5,27,89,"[15, 2, 4, 9, 7, 5, 3, 11, 6, 1, 13, 10, 14, 12, 8, 0]",2.9271441
./random_graph_db/graph_db_node_16/05_p0.45/05_graph_n16_p0.45_idx4.gpickle,16,0.45,4,5,32,98,"[2, 11, 8, 6, 5, 15, 4, 14, 7, 0, 9, 3, 13, 10, 12, 1]",3.2247429
./random_graph_db/graph_db_node_16/05_p0.45/05_graph_n16_p0.45_idx5.gpickle,16,0.45,5,6,37,114,"[15, 7, 14, 6, 11, 3, 4, 10, 1, 9, 2, 5, 8, 13, 12, 0]",3.098805
./random_graph_db/graph_db_node_16/05_p0.45/05_graph_n16_p0.45_idx6.gpickle,16,0.45,6,6,35,110,"[3, 0, 11, 13, 2, 5, 7, 8, 10, 15, 6, 9, 4, 14, 1, 12]",3.1792359
./random_graph_db/graph_db_node_16/05_p0.45/05_graph_n16_p0.45_idx7.gpickle,16,0.45,7,6,27,87,"[11, 14, 15, 5, 4, 9, 10, 1, 13, 2, 12, 0, 3, 8, 6, 7]",4.3776281
./random_graph_db/graph_db_node_16/05_p0.45/05_graph_n16_p0.45_idx8.gpickle,16,0.45,8,6,40,104,"[7, 5, 0, 15, 12, 1, 10, 2, 11, 6, 13, 4, 8, 14, 9, 3]",3.1568429
./random_graph_db/graph_db_node_16/05_p0.45/05_graph_n16_p0.45_idx9.gpickle,16,0.45,9,5,31,97,"[11, 5, 14, 3, 7, 4, 15, 0, 13, 8, 10, 2, 1, 12, 9, 6]",3.0080402
./random_graph_db/graph_db_node_16/06_p0.5/06_graph_n16_p0.5_idx1.gpickle,16,0.5,1,6,44,128,"[11, 1, 4, 12, 9, 8, 14, 13, 2, 6, 15, 10, 7, 5, 3, 0]",3.262763
./random_graph_db/graph_db_node_16/06_p0.5/06_graph_n16_p0.5_idx10.gpickle,16,0.5,10,6,36,104,"[7, 2, 6, 4, 3, 13, 1, 0, 12, 9, 15, 14, 8, 5, 10, 11]",3.170238
./random_graph_db/graph_db_node_16/06_p0.5/06_graph_n16_p0.5_idx2.gpickle,16,0.5,2,6,42,121,"[10, 13, 9, 6, 3, 1, 11, 0, 4, 8, 5, 15, 2, 14, 7, 12]",3.1266608
./random_graph_db/graph_db_node_16/06_p0.5/06_graph_n16_p0.5_idx3.gpickle,16,0.5,3,7,35,109,"[15, 0, 7, 11, 9, 6, 12, 1, 4, 2, 14, 13, 8, 10, 3, 5]",3.1253099
./random_graph_db/graph_db_node_16/06_p0.5/06_graph_n16_p0.5_idx4.gpickle,16,0.5,4,6,37,107,"[10, 2, 7, 0, 14, 1, 15, 11, 5, 4, 6, 13, 9, 3, 12, 8]",3.2433031
./random_graph_db/graph_db_node_16/06_p0.5/06_graph_n16_p0.5_idx5.gpickle,16,0.5,5,6,47,124,"[1, 0, 9, 8, 11, 10, 13, 5, 15, 12, 2, 4, 3, 14, 7, 6]",3.1795211
./random_graph_db/graph_db_node_16/06_p0.5/06_graph_n16_p0.5_idx6.gpickle,16,0.5,6,5,29,79,"[8, 7, 13, 5, 9, 12, 10, 1, 14, 6, 15, 0, 2, 3, 11, 4]",2.1486251
./random_graph_db/graph_db_node_16/06_p0.5/06_graph_n16_p0.5_idx7.gpickle,16,0.5,7,6,38,96,"[13, 3, 2, 1, 11, 6, 0, 10, 4, 7, 12, 5, 14, 15, 9, 8]",3.68876
./random_graph_db/graph_db_node_16/06_p0.5/06_graph_n16_p0.5_idx8.gpickle,16,0.5,8,6,38,99,"[10, 7, 6, 12, 14, 2, 4, 13, 1, 15, 9, 11, 5, 3, 0, 8]",3.332248
./random_graph_db/graph_db_node_16/06_p0.5/06_graph_n16_p0.5_idx9.gpickle,16,0.5,9,6,41,107,"[12, 13, 5, 15, 0, 7, 6, 11, 4, 8, 14, 9, 1, 10, 3, 2]",3.2095561
./random_graph_db/graph_db_node_16/07_p0.55/07_graph_n16_p0.55_idx1.gpickle,16,0.55,1,6,33,89,"[10, 7, 3, 15, 12, 1, 13, 2, 5, 6, 4, 9, 11, 14, 8, 0]",3.287276
./random_graph_db/graph_db_node_16/07_p0.55/07_graph_n16_p0.55_idx10.gpickle,16,0.55,10,6,34,106,"[0, 8, 4, 9, 3, 1, 12, 5, 14, 11, 7, 6, 2, 15, 13, 10]",3.2342827
./random_graph_db/graph_db_node_16/07_p0.55/07_graph_n16_p0.55_idx2.gpickle,16,0.55,2,6,32,90,"[6, 4, 2, 9, 14, 3, 12, 5, 10, 0, 11, 15, 13, 8, 7, 1]",3.1614571
./random_graph_db/graph_db_node_16/07_p0.55/07_graph_n16_p0.55_idx3.gpickle,16,0.55,3,6,31,74,"[10, 1, 2, 5, 13, 12, 14, 4, 7, 6, 3, 9, 15, 11, 8, 0]",3.1317079
./random_graph_db/graph_db_node_16/07_p0.55/07_graph_n16_p0.55_idx4.gpickle,16,0.55,4,6,37,109,"[15, 6, 0, 7, 10, 5, 13, 3, 1, 12, 4, 9, 8, 2, 14, 11]",3.2766969
./random_graph_db/graph_db_node_16/07_p0.55/07_graph_n16_p0.55_idx5.gpickle,16,0.55,5,5,37,106,"[5, 15, 9, 14, 13, 1, 3, 11, 4, 8, 12, 0, 7, 10, 6, 2]",5.9510937
./random_graph_db/graph_db_node_16/07_p0.55/07_graph_n16_p0.55_idx6.gpickle,16,0.55,6,6,40,123,"[5, 15, 0, 10, 2, 11, 14, 1, 13, 6, 8, 3, 4, 12, 9, 7]",3.3073983
./random_graph_db/graph_db_node_16/07_p0.55/07_graph_n16_p0.55_idx7.gpickle,16,0.55,7,6,39,112,"[6, 14, 0, 8, 2, 5, 15, 10, 11, 9, 7, 3, 4, 1, 13, 12]",3.5970688
./random_graph_db/graph_db_node_16/07_p0.55/07_graph_n16_p0.55_idx8.gpickle,16,0.55,8,6,47,130,"[1, 5, 4, 3, 14, 9, 8, 7, 10, 2, 0, 13, 15, 6, 11, 12]",3.4508078
./random_graph_db/graph_db_node_16/07_p0.55/07_graph_n16_p0.55_idx9.gpickle,16,0.55,9,6,39,109,"[11, 15, 1, 8, 13, 7, 14, 9, 6, 5, 4, 12, 0, 10, 2, 3]",3.3472021
./random_graph_db/graph_db_node_16/08_p0.6/08_graph_n16_p0.6_idx1.gpickle,16,0.6,1,6,34,99,"[5, 8, 11, 15, 14, 10, 1, 2, 0, 12, 3, 7, 6, 13, 4, 9]",3.4151421
./random_graph_db/graph_db_node_16/08_p0.6/08_graph_n16_p0.6_idx10.gpickle,16,0.6,10,6,33,90,"[6, 8, 10, 11, 7, 4, 2, 1, 15, 13, 3, 0, 14, 9, 12, 5]",4.6305568
./random_graph_db/graph_db_node_16/08_p0.6/08_graph_n16_p0.6_idx2.gpickle,16,0.6,2,7,45,122,"[12, 10, 15, 6, 9, 7, 13, 5, 1, 14, 4, 8, 11, 3, 0, 2]",3.2754481
./random_graph_db/graph_db_node_16/08_p0.6/08_graph_n16_p0.6_idx3.gpickle,16,0.6,3,6,34,81,"[3, 6, 7, 2, 14, 15, 13, 8, 1, 12, 9, 11, 10, 5, 0, 4]",3.2832561
./random_graph_db/graph_db_node_16/08_p0.6/08_graph_n16_p0.6_idx4.gpickle,16,0.6,4,6,36,102,"[4, 14, 12, 7, 11, 1, 2, 10, 0, 3, 9, 15, 6, 13, 5, 8]",2.783144
./random_graph_db/graph_db_node_16/08_p0.6/08_graph_n16_p0.6_idx5.gpickle,16,0.6,5,5,29,102,"[13, 10, 2, 8, 0, 15, 4, 3, 14, 1, 12, 7, 6, 5, 11, 9]",2.5761693
./random_graph_db/graph_db_node_16/08_p0.6/08_graph_n16_p0.6_idx6.gpickle,16,0.6,6,5,30,89,"[9, 0, 4, 11, 8, 7, 12, 10, 5, 13, 1, 6, 15, 14, 2, 3]",3.382091
./random_graph_db/graph_db_node_16/08_p0.6/08_graph_n16_p0.6_idx7.gpickle,16,0.6,7,5,29,87,"[10, 11, 3, 5, 9, 14, 0, 4, 12, 8, 1, 13, 2, 15, 7, 6]",2.4065552
./random_graph_db/graph_db_node_16/08_p0.6/08_graph_n16_p0.6_idx8.gpickle,16,0.6,8,6,42,125,"[12, 8, 14, 5, 10, 0, 2, 13, 9, 11, 7, 4, 15, 6, 1, 3]",3.299119
./random_graph_db/graph_db_node_16/08_p0.6/08_graph_n16_p0.6_idx9.gpickle,16,0.6,9,6,42,107,"[13, 11, 0, 5, 2, 3, 8, 14, 1, 4, 7, 10, 15, 12, 6, 9]",3.3268642
./random_graph_db/graph_db_node_16/09_p0.65/09_graph_n16_p0.65_idx1.gpickle,16,0.65,1,6,31,101,"[11, 12, 7, 4, 10, 3, 1, 5, 0, 6, 9, 2, 14, 8, 13, 15]",2.9931302
./random_graph_db/graph_db_node_16/09_p0.65/09_graph_n16_p0.65_idx10.gpickle,16,0.65,10,6,36,111,"[5, 12, 8, 7, 13, 10, 1, 14, 0, 4, 2, 9, 11, 15, 6, 3]",3.3328981
./random_graph_db/graph_db_node_16/09_p0.65/09_graph_n16_p0.65_idx2.gpickle,16,0.65,2,5,31,99,"[13, 9, 5, 2, 14, 7, 12, 8, 4, 0, 6, 3, 1, 11, 10, 15]",3.0147347
./random_graph_db/graph_db_node_16/09_p0.65/09_graph_n16_p0.65_idx3.gpickle,16,0.65,3,6,47,134,"[7, 3, 8, 15, 2, 11, 5, 13, 1, 6, 0, 12, 9, 14, 4, 10]",3.7579918
./random_graph_db/graph_db_node_16/09_p0.65/09_graph_n16_p0.65_idx4.gpickle,16,0.65,4,6,37,102,"[4, 1, 3, 12, 11, 2, 13, 6, 15, 9, 0, 8, 5, 10, 14, 7]",3.3823581
./random_graph_db/graph_db_node_16/09_p0.65/09_graph_n16_p0.65_idx5.gpickle,16,0.65,5,6,32,110,"[5, 9, 11, 0, 10, 15, 3, 1, 4, 14, 6, 2, 7, 12, 13, 8]",3.0851362
./random_graph_db/graph_db_node_16/09_p0.65/09_graph_n16_p0.65_idx6.gpickle,16,0.65,6,6,32,93,"[5, 14, 15, 1, 0, 10, 7, 3, 8, 13, 6, 11, 12, 9, 4, 2]",3.0832729
./random_graph_db/graph_db_node_16/09_p0.65/09_graph_n16_p0.65_idx7.gpickle,16,0.65,7,6,36,108,"[1, 7, 4, 15, 14, 10, 11, 9, 8, 6, 5, 13, 3, 0, 12, 2]",3.122977
./random_graph_db/graph_db_node_16/09_p0.65/09_graph_n16_p0.65_idx8.gpickle,16,0.65,8,7,45,122,"[14, 2, 6, 1, 15, 0, 3, 10, 9, 11, 13, 5, 7, 4, 8, 12]",2.8591638
./random_graph_db/graph_db_node_16/09_p0.65/09_graph_n16_p0.65_idx9.gpickle,16,0.65,9,5,27,90,"[13, 15, 12, 2, 6, 14, 9, 3, 8, 1, 11, 10, 4, 5, 7, 0]",2.9574838
./random_graph_db/graph_db_node_16/10_p0.7/10_graph_n16_p0.7_idx1.gpickle,16,0.7,1,4,23,86,"[9, 12, 1, 3, 0, 6, 15, 2, 5, 14, 13, 4, 11, 8, 10, 7]",2.9845681
./random_graph_db/graph_db_node_16/10_p0.7/10_graph_n16_p0.7_idx10.gpickle,16,0.7,10,6,33,98,"[4, 2, 13, 0, 3, 9, 11, 6, 10, 1, 12, 8, 14, 5, 15, 7]",2.9926877
./random_graph_db/graph_db_node_16/10_p0.7/10_graph_n16_p0.7_idx2.gpickle,16,0.7,2,6,33,99,"[14, 5, 0, 13, 8, 3, 6, 10, 7, 12, 9, 15, 4, 11, 2, 1]",3.1004868
./random_graph_db/graph_db_node_16/10_p0.7/10_graph_n16_p0.7_idx3.gpickle,16,0.7,3,6,29,79,"[10, 4, 15, 13, 9, 1, 11, 2, 3, 14, 7, 0, 12, 5, 8, 6]",2.96771
./random_graph_db/graph_db_node_16/10_p0.7/10_graph_n16_p0.7_idx4.gpickle,16,0.7,4,6,36,104,"[13, 10, 5, 2, 4, 3, 6, 15, 14, 7, 12, 9, 0, 8, 1, 11]",3.1070821
./random_graph_db/graph_db_node_16/10_p0.7/10_graph_n16_p0.7_idx5.gpickle,16,0.7,5,6,39,113,"[13, 8, 9, 12, 14, 4, 15, 1, 0, 6, 10, 3, 7, 2, 5, 11]",3.0718689
./random_graph_db/graph_db_node_16/10_p0.7/10_graph_n16_p0.7_idx6.gpickle,16,0.7,6,5,30,89,"[6, 15, 4, 3, 2, 0, 9, 13, 5, 11, 14, 12, 8, 1, 7, 10]",2.9976842
./random_graph_db/graph_db_node_16/10_p0.7/10_graph_n16_p0.7_idx7.gpickle,16,0.7,7,5,33,87,"[0, 5, 7, 13, 3, 8, 11, 4, 15, 12, 9, 1, 14, 6, 2, 10]",2.9709041
./random_graph_db/graph_db_node_16/10_p0.7/10_graph_n16_p0.7_idx8.gpickle,16,0.7,8,6,38,114,"[15, 10, 14, 11, 6, 12, 8, 4, 9, 3, 0, 13, 7, 2, 5, 1]",3.06844
./random_graph_db/graph_db_node_16/10_p0.7/10_graph_n16_p0.7_idx9.gpickle,16,0.7,9,7,33,96,"[5, 15, 13, 7, 14, 1, 4, 0, 6, 3, 11, 2, 12, 10, 8, 9]",3.0709622
./random_graph_db/graph_db_node_16/11_p0.8/11_graph_n16_p0.8_idx1.gpickle,16,0.8,1,3,12,50,"[8, 6, 2, 12, 7, 5, 13, 4, 0, 11, 3, 15, 1, 14, 9, 10]",2.2938919
./random_graph_db/graph_db_node_16/11_p0.8/11_graph_n16_p0.8_idx10.gpickle,16,0.8,10,5,27,73,"[5, 10, 14, 8, 6, 13, 3, 15, 12, 4, 11, 7, 1, 9, 2, 0]",2.543098
./random_graph_db/graph_db_node_16/11_p0.8/11_graph_n16_p0.8_idx2.gpickle,16,0.8,2,3,13,52,"[12, 2, 0, 1, 9, 10, 6, 13, 7, 14, 4, 3, 5, 8, 15, 11]",2.1800382
./random_graph_db/graph_db_node_16/11_p0.8/11_graph_n16_p0.8_idx3.gpickle,16,0.8,3,4,20,58,"[12, 0, 14, 8, 1, 11, 15, 10, 4, 13, 3, 5, 2, 7, 6, 9]",3.0154161
./random_graph_db/graph_db_node_16/11_p0.8/11_graph_n16_p0.8_idx4.gpickle,16,0.8,4,6,32,88,"[2, 11, 8, 9, 3, 7, 15, 12, 5, 1, 6, 14, 4, 10, 0, 13]",3.5148988
./random_graph_db/graph_db_node_16/11_p0.8/11_graph_n16_p0.8_idx5.gpickle,16,0.8,5,3,13,43,"[15, 9, 1, 7, 8, 12, 5, 13, 2, 0, 14, 4, 11, 3, 6, 10]",2.3319769
./random_graph_db/graph_db_node_16/11_p0.8/11_graph_n16_p0.8_idx6.gpickle,16,0.8,6,4,15,58,"[15, 11, 9, 10, 12, 6, 7, 3, 2, 14, 4, 5, 13, 1, 8, 0]",2.580606
./random_graph_db/graph_db_node_16/11_p0.8/11_graph_n16_p0.8_idx7.gpickle,16,0.8,7,4,19,66,"[12, 1, 5, 15, 11, 10, 14, 7, 13, 4, 9, 2, 6, 8, 0, 3]",2.2017562
./random_graph_db/graph_db_node_16/11_p0.8/11_graph_n16_p0.8_idx8.gpickle,16,0.8,8,4,16,49,"[7, 0, 2, 8, 5, 6, 11, 1, 10, 12, 9, 3, 13, 4, 15, 14]",2.1134551
./random_graph_db/graph_db_node_16/11_p0.8/11_graph_n16_p0.8_idx9.gpickle,16,0.8,9,4,17,57,"[4, 3, 12, 15, 13, 5, 1, 2, 11, 10, 8, 7, 14, 6, 0, 9]",2.4927092
./random_graph_db/graph_db_node_16/12_p0.9/12_graph_n16_p0.9_idx1.gpickle,16,0.9,1,3,7,38,"[9, 1, 8, 6, 14, 15, 7, 10, 3, 5, 4, 0, 11, 13, 2, 12]",1.2167151
./random_graph_db/graph_db_node_16/12_p0.9/12_graph_n16_p0.9_idx10.gpickle,16,0.9,10,3,10,48,"[4, 15, 13, 10, 7, 2, 9, 6, 5, 11, 14, 1, 3, 0, 8, 12]",1.7737858
./random_graph_db/graph_db_node_16/12_p0.9/12_graph_n16_p0.9_idx2.gpickle,16,0.9,2,2,6,40,"[12, 1, 5, 4, 3, 2, 14, 7, 6, 10, 0, 15, 13, 8, 9, 11]",1.9416189
./random_graph_db/graph_db_node_16/12_p0.9/12_graph_n16_p0.9_idx3.gpickle,16,0.9,3,4,15,49,"[4, 7, 14, 10, 0, 11, 15, 8, 5, 1, 9, 3, 2, 13, 6, 12]",2.2648311
./random_graph_db/graph_db_node_16/12_p0.9/12_graph_n16_p0.9_idx4.gpickle,16,0.9,4,4,17,67,"[3, 13, 6, 15, 9, 8, 14, 4, 0, 5, 2, 12, 11, 7, 1, 10]",1.3009729
./random_graph_db/graph_db_node_16/12_p0.9/12_graph_n16_p0.9_idx5.gpickle,16,0.9,5,2,8,42,"[6, 7, 12, 8, 13, 0, 3, 9, 10, 2, 14, 5, 11, 1, 4, 15]",1.87059
./random_graph_db/graph_db_node_16/12_p0.9/12_graph_n16_p0.9_idx6.gpickle,16,0.9,6,3,5,36,"[4, 13, 10, 9, 0, 5, 15, 7, 8, 3, 11, 14, 6, 2, 1, 12]",0.9343388
./random_graph_db/graph_db_node_16/12_p0.9/12_graph_n16_p0.9_idx7.gpickle,16,0.9,7,4,9,45,"[3, 9, 2, 5, 4, 7, 13, 15, 14, 0, 10, 8, 11, 6, 1, 12]",1.586401
./random_graph_db/graph_db_node_16/12_p0.9/12_graph_n16_p0.9_idx8.gpickle,16,0.9,8,3,10,35,"[11, 10, 7, 9, 1, 0, 4, 8, 3, 14, 12, 6, 13, 5, 2, 15]",2.1503332
./random_graph_db/graph_db_node_16/12_p0.9/12_graph_n16_p0.9_idx9.gpickle,16,0.9,9,3,10,45,"[1, 3, 14, 15, 9, 13, 11, 0, 7, 8, 10, 5, 12, 4, 2, 6]",1.51316
./random_graph_db/graph_db_node_17/01_p0.1/01_graph_n17_p0.1_idx1.gpickle,17,0.1,1,2,2,23,"[8, 4, 7, 13, 12, 15, 11, 3, 9, 10, 2, 1, 5, 16, 14, 6, 0]",1.303185
./random_graph_db/graph_db_node_17/01_p0.1/01_graph_n17_p0.1_idx10.gpickle,17,0.1,10,3,9,44,"[14, 12, 13, 4, 1, 5, 0, 10, 9, 8, 3, 16, 6, 15, 11, 7, 2]",2.1639681
./random_graph_db/graph_db_node_17/01_p0.1/01_graph_n17_p0.1_idx2.gpickle,17,0.1,2,2,2,23,"[2, 9, 12, 14, 13, 6, 0, 16, 11, 4, 3, 5, 1, 8, 15, 10, 7]",1.956095
./random_graph_db/graph_db_node_17/01_p0.1/01_graph_n17_p0.1_idx3.gpickle,17,0.1,3,3,9,35,"[0, 16, 7, 15, 6, 5, 2, 10, 1, 8, 11, 4, 14, 3, 12, 9, 13]",2.1762881
./random_graph_db/graph_db_node_17/01_p0.1/01_graph_n17_p0.1_idx4.gpickle,17,0.1,4,2,3,22,"[6, 16, 15, 13, 3, 11, 4, 5, 2, 14, 0, 9, 7, 10, 1, 8, 12]",2.2121749
./random_graph_db/graph_db_node_17/01_p0.1/01_graph_n17_p0.1_idx5.gpickle,17,0.1,5,3,10,32,"[16, 8, 7, 2, 6, 3, 14, 15, 11, 12, 1, 10, 9, 4, 13, 0, 5]",2.0211861
./random_graph_db/graph_db_node_17/01_p0.1/01_graph_n17_p0.1_idx6.gpickle,17,0.1,6,2,3,24,"[5, 6, 15, 12, 13, 3, 2, 1, 9, 14, 0, 4, 11, 7, 16, 8, 10]",2.2177162
./random_graph_db/graph_db_node_17/01_p0.1/01_graph_n17_p0.1_idx7.gpickle,17,0.1,7,2,2,26,"[10, 7, 6, 8, 5, 13, 12, 0, 2, 16, 3, 1, 9, 14, 11, 15, 4]",1.652427
./random_graph_db/graph_db_node_17/01_p0.1/01_graph_n17_p0.1_idx8.gpickle,17,0.1,8,3,5,27,"[8, 16, 0, 11, 3, 4, 7, 14, 5, 9, 12, 6, 2, 15, 13, 1, 10]",2.140439
./random_graph_db/graph_db_node_17/01_p0.1/01_graph_n17_p0.1_idx9.gpickle,17,0.1,9,2,3,27,"[5, 3, 4, 15, 11, 6, 16, 8, 7, 2, 10, 12, 14, 0, 9, 1, 13]",1.8862667
./random_graph_db/graph_db_node_17/02_p0.2/02_graph_n17_p0.2_idx1.gpickle,17,0.2,1,4,16,56,"[4, 2, 10, 12, 9, 7, 3, 8, 5, 0, 6, 11, 13, 16, 15, 14, 1]",2.2327349
./random_graph_db/graph_db_node_17/02_p0.2/02_graph_n17_p0.2_idx10.gpickle,17,0.2,10,3,11,42,"[16, 10, 6, 9, 13, 11, 8, 14, 3, 5, 0, 1, 15, 7, 12, 2, 4]",2.45473
./random_graph_db/graph_db_node_17/02_p0.2/02_graph_n17_p0.2_idx2.gpickle,17,0.2,2,5,21,72,"[2, 0, 7, 4, 3, 12, 9, 5, 1, 8, 14, 16, 13, 11, 10, 15, 6]",2.8293669
./random_graph_db/graph_db_node_17/02_p0.2/02_graph_n17_p0.2_idx3.gpickle,17,0.2,3,5,23,82,"[16, 3, 12, 5, 4, 9, 0, 6, 10, 15, 11, 2, 13, 14, 7, 1, 8]",3.369822
./random_graph_db/graph_db_node_17/02_p0.2/02_graph_n17_p0.2_idx4.gpickle,17,0.2,4,3,9,40,"[5, 6, 9, 13, 15, 3, 12, 1, 0, 14, 10, 7, 16, 2, 11, 8, 4]",1.9794972
./random_graph_db/graph_db_node_17/02_p0.2/02_graph_n17_p0.2_idx5.gpickle,17,0.2,5,5,15,57,"[7, 5, 14, 4, 16, 10, 0, 1, 2, 3, 8, 12, 15, 9, 13, 11, 6]",2.6931391
./random_graph_db/graph_db_node_17/02_p0.2/02_graph_n17_p0.2_idx6.gpickle,17,0.2,6,4,17,56,"[3, 9, 7, 0, 1, 16, 13, 15, 8, 10, 4, 11, 5, 12, 2, 14, 6]",2.7730119
./random_graph_db/graph_db_node_17/02_p0.2/02_graph_n17_p0.2_idx7.gpickle,17,0.2,7,4,17,54,"[13, 0, 3, 2, 4, 15, 9, 16, 11, 6, 14, 7, 12, 10, 8, 1, 5]",2.8470869
./random_graph_db/graph_db_node_17/02_p0.2/02_graph_n17_p0.2_idx8.gpickle,17,0.2,8,4,12,49,"[7, 12, 4, 15, 16, 0, 3, 2, 9, 5, 10, 13, 11, 8, 6, 14, 1]",2.5456011
./random_graph_db/graph_db_node_17/02_p0.2/02_graph_n17_p0.2_idx9.gpickle,17,0.2,9,5,19,56,"[5, 6, 0, 1, 8, 4, 13, 14, 7, 2, 15, 9, 12, 11, 3, 10, 16]",2.9194829
./random_graph_db/graph_db_node_17/03_p0.3/03_graph_n17_p0.3_idx1.gpickle,17,0.3,1,5,23,68,"[4, 11, 16, 13, 5, 6, 15, 8, 10, 1, 0, 3, 2, 7, 9, 12, 14]",2.906559
./random_graph_db/graph_db_node_17/03_p0.3/03_graph_n17_p0.3_idx10.gpickle,17,0.3,10,6,32,89,"[7, 2, 8, 14, 10, 12, 3, 16, 0, 15, 6, 1, 4, 9, 5, 13, 11]",3.3772211
./random_graph_db/graph_db_node_17/03_p0.3/03_graph_n17_p0.3_idx2.gpickle,17,0.3,2,6,28,87,"[2, 5, 12, 9, 16, 1, 6, 4, 11, 3, 10, 15, 8, 13, 7, 0, 14]",2.907105
./random_graph_db/graph_db_node_17/03_p0.3/03_graph_n17_p0.3_idx3.gpickle,17,0.3,3,5,26,90,"[3, 4, 1, 0, 10, 12, 11, 8, 16, 15, 14, 5, 2, 13, 9, 6, 7]",2.0397823
./random_graph_db/graph_db_node_17/03_p0.3/03_graph_n17_p0.3_idx4.gpickle,17,0.3,4,6,29,89,"[13, 6, 5, 10, 12, 9, 8, 7, 3, 15, 0, 4, 14, 16, 11, 1, 2]",4.793916
./random_graph_db/graph_db_node_17/03_p0.3/03_graph_n17_p0.3_idx5.gpickle,17,0.3,5,6,35,95,"[16, 2, 1, 12, 3, 6, 13, 8, 0, 14, 10, 11, 9, 15, 7, 4, 5]",3.002394
./random_graph_db/graph_db_node_17/03_p0.3/03_graph_n17_p0.3_idx6.gpickle,17,0.3,6,6,33,88,"[15, 6, 7, 11, 14, 0, 8, 9, 10, 16, 12, 3, 4, 13, 5, 1, 2]",2.6329181
./random_graph_db/graph_db_node_17/03_p0.3/03_graph_n17_p0.3_idx7.gpickle,17,0.3,7,5,28,69,"[9, 5, 11, 2, 12, 10, 1, 0, 4, 13, 6, 14, 15, 7, 8, 16, 3]",3.1382251
./random_graph_db/graph_db_node_17/03_p0.3/03_graph_n17_p0.3_idx8.gpickle,17,0.3,8,5,29,86,"[0, 14, 11, 16, 5, 10, 7, 13, 1, 9, 3, 15, 6, 12, 8, 2, 4]",3.0198331
./random_graph_db/graph_db_node_17/03_p0.3/03_graph_n17_p0.3_idx9.gpickle,17,0.3,9,6,28,83,"[14, 15, 7, 3, 0, 6, 16, 13, 1, 5, 9, 12, 8, 2, 11, 4, 10]",3.1360691
./random_graph_db/graph_db_node_17/04_p0.4/04_graph_n17_p0.4_idx1.gpickle,17,0.4,1,7,37,106,"[7, 1, 15, 6, 13, 14, 11, 16, 12, 2, 8, 4, 9, 10, 0, 5, 3]",3.5124521
./random_graph_db/graph_db_node_17/04_p0.4/04_graph_n17_p0.4_idx10.gpickle,17,0.4,10,7,44,127,"[6, 15, 4, 14, 7, 10, 0, 16, 5, 2, 1, 3, 13, 12, 8, 11, 9]",4.8236611
./random_graph_db/graph_db_node_17/04_p0.4/04_graph_n17_p0.4_idx2.gpickle,17,0.4,2,6,32,95,"[0, 15, 6, 9, 3, 12, 1, 2, 16, 7, 13, 11, 5, 10, 4, 14, 8]",3.3508859
./random_graph_db/graph_db_node_17/04_p0.4/04_graph_n17_p0.4_idx3.gpickle,17,0.4,3,5,38,104,"[6, 15, 14, 11, 13, 5, 7, 3, 12, 0, 4, 2, 1, 8, 16, 9, 10]",6.3195069
./random_graph_db/graph_db_node_17/04_p0.4/04_graph_n17_p0.4_idx4.gpickle,17,0.4,4,6,38,96,"[1, 14, 8, 12, 2, 13, 15, 9, 11, 10, 16, 0, 6, 7, 4, 3, 5]",3.447453
./random_graph_db/graph_db_node_17/04_p0.4/04_graph_n17_p0.4_idx5.gpickle,17,0.4,5,6,34,98,"[14, 10, 5, 13, 15, 7, 3, 0, 9, 11, 1, 12, 2, 6, 4, 16, 8]",3.5671144
./random_graph_db/graph_db_node_17/04_p0.4/04_graph_n17_p0.4_idx6.gpickle,17,0.4,6,6,33,102,"[0, 7, 16, 10, 8, 11, 6, 5, 12, 13, 1, 3, 15, 9, 2, 4, 14]",3.4580209
./random_graph_db/graph_db_node_17/04_p0.4/04_graph_n17_p0.4_idx7.gpickle,17,0.4,7,6,36,102,"[6, 1, 12, 5, 7, 8, 13, 11, 15, 16, 14, 2, 10, 4, 9, 3, 0]",3.401602
./random_graph_db/graph_db_node_17/04_p0.4/04_graph_n17_p0.4_idx8.gpickle,17,0.4,8,6,31,104,"[3, 6, 8, 13, 1, 7, 15, 0, 16, 5, 14, 4, 11, 9, 10, 12, 2]",3.1722951
./random_graph_db/graph_db_node_17/04_p0.4/04_graph_n17_p0.4_idx9.gpickle,17,0.4,9,6,38,102,"[6, 5, 13, 11, 1, 0, 7, 8, 10, 12, 2, 9, 15, 14, 16, 4, 3]",3.5806592
./random_graph_db/graph_db_node_17/05_p0.45/05_graph_n17_p0.45_idx1.gpickle,17,0.45,1,6,52,138,"[5, 13, 7, 4, 11, 16, 2, 12, 10, 14, 9, 3, 8, 15, 6, 0, 1]",3.911931
./random_graph_db/graph_db_node_17/05_p0.45/05_graph_n17_p0.45_idx10.gpickle,17,0.45,10,6,38,114,"[14, 10, 7, 16, 2, 15, 0, 11, 5, 3, 1, 9, 4, 8, 12, 6, 13]",3.3467751
./random_graph_db/graph_db_node_17/05_p0.45/05_graph_n17_p0.45_idx2.gpickle,17,0.45,2,6,41,111,"[15, 9, 12, 14, 4, 5, 13, 11, 2, 0, 10, 3, 7, 6, 8, 16, 1]",5.7528539
./random_graph_db/graph_db_node_17/05_p0.45/05_graph_n17_p0.45_idx3.gpickle,17,0.45,3,7,44,129,"[7, 11, 3, 10, 9, 14, 8, 2, 6, 5, 12, 1, 15, 16, 13, 0, 4]",3.538321
./random_graph_db/graph_db_node_17/05_p0.45/05_graph_n17_p0.45_idx4.gpickle,17,0.45,4,6,39,108,"[13, 8, 1, 5, 12, 7, 0, 11, 16, 15, 10, 3, 4, 6, 14, 9, 2]",3.4990971
./random_graph_db/graph_db_node_17/05_p0.45/05_graph_n17_p0.45_idx5.gpickle,17,0.45,5,6,42,109,"[16, 12, 7, 4, 8, 13, 15, 6, 0, 11, 5, 10, 9, 14, 3, 1, 2]",3.5466268
./random_graph_db/graph_db_node_17/05_p0.45/05_graph_n17_p0.45_idx6.gpickle,17,0.45,6,7,40,110,"[1, 13, 14, 11, 5, 7, 10, 12, 6, 16, 8, 9, 15, 3, 0, 2, 4]",3.7802
./random_graph_db/graph_db_node_17/05_p0.45/05_graph_n17_p0.45_idx7.gpickle,17,0.45,7,6,34,113,"[6, 0, 2, 3, 1, 13, 7, 9, 14, 15, 5, 10, 11, 8, 4, 16, 12]",3.7631671
./random_graph_db/graph_db_node_17/05_p0.45/05_graph_n17_p0.45_idx8.gpickle,17,0.45,8,6,46,132,"[5, 15, 6, 14, 3, 16, 8, 4, 12, 9, 13, 7, 2, 0, 11, 10, 1]",3.6518891
./random_graph_db/graph_db_node_17/05_p0.45/05_graph_n17_p0.45_idx9.gpickle,17,0.45,9,7,44,126,"[13, 1, 3, 8, 11, 12, 6, 7, 0, 15, 16, 4, 2, 5, 10, 14, 9]",3.531039
./random_graph_db/graph_db_node_17/06_p0.5/06_graph_n17_p0.5_idx1.gpickle,17,0.5,1,6,42,119,"[12, 11, 10, 9, 13, 1, 7, 16, 5, 15, 6, 4, 2, 14, 3, 0, 8]",3.4447041
./random_graph_db/graph_db_node_17/06_p0.5/06_graph_n17_p0.5_idx10.gpickle,17,0.5,10,6,35,96,"[8, 15, 13, 9, 12, 6, 1, 11, 0, 3, 10, 5, 4, 2, 7, 14, 16]",3.3821619
./random_graph_db/graph_db_node_17/06_p0.5/06_graph_n17_p0.5_idx2.gpickle,17,0.5,2,6,43,117,"[0, 13, 15, 4, 7, 1, 16, 12, 2, 11, 10, 3, 14, 5, 6, 9, 8]",3.5430152
./random_graph_db/graph_db_node_17/06_p0.5/06_graph_n17_p0.5_idx3.gpickle,17,0.5,3,7,49,127,"[15, 13, 14, 0, 1, 9, 11, 3, 5, 6, 2, 10, 16, 7, 4, 12, 8]",3.936224
./random_graph_db/graph_db_node_17/06_p0.5/06_graph_n17_p0.5_idx4.gpickle,17,0.5,4,6,38,96,"[6, 1, 12, 10, 0, 15, 2, 14, 5, 7, 13, 8, 3, 11, 4, 9, 16]",3.5246179
./random_graph_db/graph_db_node_17/06_p0.5/06_graph_n17_p0.5_idx5.gpickle,17,0.5,5,7,46,124,"[3, 9, 15, 12, 8, 5, 6, 7, 2, 11, 1, 16, 10, 4, 14, 0, 13]",3.6637359
./random_graph_db/graph_db_node_17/06_p0.5/06_graph_n17_p0.5_idx6.gpickle,17,0.5,6,6,40,94,"[8, 9, 12, 16, 4, 10, 11, 15, 7, 5, 6, 1, 13, 0, 3, 2, 14]",3.57213
./random_graph_db/graph_db_node_17/06_p0.5/06_graph_n17_p0.5_idx7.gpickle,17,0.5,7,6,39,116,"[7, 13, 8, 4, 5, 6, 9, 15, 10, 14, 11, 0, 3, 16, 2, 12, 1]",3.4191811
./random_graph_db/graph_db_node_17/06_p0.5/06_graph_n17_p0.5_idx8.gpickle,17,0.5,8,6,51,143,"[13, 9, 1, 5, 12, 14, 0, 2, 8, 7, 3, 4, 16, 11, 10, 6, 15]",3.632865
./random_graph_db/graph_db_node_17/06_p0.5/06_graph_n17_p0.5_idx9.gpickle,17,0.5,9,7,46,127,"[5, 12, 15, 2, 9, 0, 3, 1, 13, 11, 4, 16, 6, 14, 8, 10, 7]",3.8495679
./random_graph_db/graph_db_node_17/07_p0.55/07_graph_n17_p0.55_idx1.gpickle,17,0.55,1,7,49,138,"[16, 1, 2, 13, 8, 4, 3, 6, 14, 7, 5, 0, 11, 10, 9, 12, 15]",4.0419619
./random_graph_db/graph_db_node_17/07_p0.55/07_graph_n17_p0.55_idx10.gpickle,17,0.55,10,7,49,139,"[4, 6, 5, 15, 2, 16, 10, 1, 12, 13, 3, 9, 8, 0, 11, 7, 14]",3.6029241
./random_graph_db/graph_db_node_17/07_p0.55/07_graph_n17_p0.55_idx2.gpickle,17,0.55,2,6,47,119,"[9, 5, 11, 8, 13, 16, 7, 6, 15, 4, 14, 10, 2, 0, 12, 3, 1]",3.8530869
./random_graph_db/graph_db_node_17/07_p0.55/07_graph_n17_p0.55_idx3.gpickle,17,0.55,3,7,40,111,"[14, 1, 6, 8, 5, 9, 16, 15, 13, 4, 0, 11, 2, 7, 10, 3, 12]",3.453207
./random_graph_db/graph_db_node_17/07_p0.55/07_graph_n17_p0.55_idx4.gpickle,17,0.55,4,6,44,118,"[9, 7, 2, 4, 5, 15, 12, 11, 3, 10, 13, 0, 8, 6, 1, 14, 16]",3.83518
./random_graph_db/graph_db_node_17/07_p0.55/07_graph_n17_p0.55_idx5.gpickle,17,0.55,5,6,32,96,"[6, 15, 2, 16, 11, 4, 3, 0, 8, 14, 12, 7, 13, 10, 5, 1, 9]",3.480557
./random_graph_db/graph_db_node_17/07_p0.55/07_graph_n17_p0.55_idx6.gpickle,17,0.55,6,6,43,116,"[5, 3, 10, 2, 13, 14, 6, 15, 4, 12, 11, 7, 9, 1, 0, 16, 8]",3.7783818
./random_graph_db/graph_db_node_17/07_p0.55/07_graph_n17_p0.55_idx7.gpickle,17,0.55,7,7,55,151,"[8, 1, 2, 11, 13, 9, 0, 10, 14, 7, 5, 6, 3, 4, 15, 12, 16]",3.8587399
./random_graph_db/graph_db_node_17/07_p0.55/07_graph_n17_p0.55_idx8.gpickle,17,0.55,8,6,41,117,"[10, 5, 12, 6, 11, 7, 1, 8, 14, 4, 16, 2, 9, 0, 3, 15, 13]",3.6632421
./random_graph_db/graph_db_node_17/07_p0.55/07_graph_n17_p0.55_idx9.gpickle,17,0.55,9,7,40,121,"[15, 16, 10, 11, 2, 1, 14, 12, 9, 3, 7, 6, 8, 0, 4, 5, 13]",3.664763
./random_graph_db/graph_db_node_17/08_p0.6/08_graph_n17_p0.6_idx1.gpickle,17,0.6,1,6,39,112,"[6, 11, 3, 2, 10, 8, 15, 16, 7, 9, 0, 5, 1, 14, 13, 4, 12]",3.9227998
./random_graph_db/graph_db_node_17/08_p0.6/08_graph_n17_p0.6_idx10.gpickle,17,0.6,10,7,40,109,"[2, 12, 3, 13, 16, 6, 5, 0, 1, 11, 8, 15, 14, 10, 7, 4, 9]",3.4668443
./random_graph_db/graph_db_node_17/08_p0.6/08_graph_n17_p0.6_idx2.gpickle,17,0.6,2,7,41,112,"[0, 2, 5, 6, 10, 9, 12, 16, 1, 7, 11, 14, 3, 8, 13, 15, 4]",3.5306432
./random_graph_db/graph_db_node_17/08_p0.6/08_graph_n17_p0.6_idx3.gpickle,17,0.6,3,6,38,104,"[1, 7, 10, 15, 0, 9, 13, 4, 8, 3, 5, 11, 14, 16, 2, 6, 12]",3.5470889
./random_graph_db/graph_db_node_17/08_p0.6/08_graph_n17_p0.6_idx4.gpickle,17,0.6,4,6,46,124,"[0, 2, 14, 13, 16, 10, 5, 15, 1, 11, 4, 9, 12, 7, 6, 8, 3]",3.643328
./random_graph_db/graph_db_node_17/08_p0.6/08_graph_n17_p0.6_idx5.gpickle,17,0.6,5,6,39,109,"[3, 4, 16, 14, 7, 13, 0, 11, 8, 6, 15, 5, 1, 9, 2, 12, 10]",3.9029419
./random_graph_db/graph_db_node_17/08_p0.6/08_graph_n17_p0.6_idx6.gpickle,17,0.6,6,7,35,106,"[7, 6, 10, 9, 0, 8, 15, 12, 2, 13, 5, 14, 1, 16, 11, 4, 3]",3.5174708
./random_graph_db/graph_db_node_17/08_p0.6/08_graph_n17_p0.6_idx7.gpickle,17,0.6,7,5,33,94,"[15, 5, 1, 10, 4, 13, 8, 3, 7, 2, 14, 0, 6, 12, 11, 9, 16]",3.3405509
./random_graph_db/graph_db_node_17/08_p0.6/08_graph_n17_p0.6_idx8.gpickle,17,0.6,8,7,37,106,"[1, 15, 2, 7, 4, 3, 9, 13, 16, 0, 6, 10, 5, 8, 11, 12, 14]",5.661175
./random_graph_db/graph_db_node_17/08_p0.6/08_graph_n17_p0.6_idx9.gpickle,17,0.6,9,6,41,129,"[12, 16, 8, 5, 0, 9, 14, 10, 7, 6, 11, 2, 3, 15, 1, 13, 4]",3.5934281
./random_graph_db/graph_db_node_17/09_p0.65/09_graph_n17_p0.65_idx1.gpickle,17,0.65,1,5,37,103,"[16, 11, 6, 8, 5, 12, 9, 15, 2, 7, 13, 4, 10, 0, 1, 14, 3]",3.6452971
./random_graph_db/graph_db_node_17/09_p0.65/09_graph_n17_p0.65_idx10.gpickle,17,0.65,10,6,37,112,"[0, 13, 9, 5, 6, 14, 3, 4, 15, 7, 1, 12, 16, 10, 2, 11, 8]",3.5971262
./random_graph_db/graph_db_node_17/09_p0.65/09_graph_n17_p0.65_idx2.gpickle,17,0.65,2,7,48,131,"[15, 3, 16, 12, 0, 14, 4, 1, 11, 10, 13, 5, 7, 9, 2, 6, 8]",3.7138522
./random_graph_db/graph_db_node_17/09_p0.65/09_graph_n17_p0.65_idx3.gpickle,17,0.65,3,6,35,105,"[11, 6, 5, 0, 8, 2, 1, 15, 9, 16, 14, 13, 4, 7, 3, 10, 12]",3.4379902
./random_graph_db/graph_db_node_17/09_p0.65/09_graph_n17_p0.65_idx4.gpickle,17,0.65,4,7,49,127,"[14, 8, 5, 15, 10, 13, 16, 9, 4, 7, 0, 11, 12, 6, 3, 2, 1]",4.1197169
./random_graph_db/graph_db_node_17/09_p0.65/09_graph_n17_p0.65_idx5.gpickle,17,0.65,5,6,31,99,"[14, 4, 13, 5, 3, 1, 9, 6, 0, 16, 12, 10, 15, 2, 7, 11, 8]",2.6215372
./random_graph_db/graph_db_node_17/09_p0.65/09_graph_n17_p0.65_idx6.gpickle,17,0.65,6,6,44,122,"[8, 6, 12, 13, 3, 16, 1, 9, 5, 11, 2, 15, 7, 0, 4, 10, 14]",3.585876
./random_graph_db/graph_db_node_17/09_p0.65/09_graph_n17_p0.65_idx7.gpickle,17,0.65,7,7,49,129,"[3, 4, 16, 9, 11, 7, 6, 15, 0, 14, 13, 1, 12, 5, 8, 10, 2]",3.8476651
./random_graph_db/graph_db_node_17/09_p0.65/09_graph_n17_p0.65_idx8.gpickle,17,0.65,8,7,49,124,"[15, 7, 14, 16, 0, 1, 9, 2, 6, 12, 4, 13, 8, 11, 10, 3, 5]",3.4417129
./random_graph_db/graph_db_node_17/09_p0.65/09_graph_n17_p0.65_idx9.gpickle,17,0.65,9,6,37,114,"[4, 3, 6, 1, 12, 8, 11, 5, 15, 10, 7, 9, 0, 13, 14, 16, 2]",3.4786351
./random_graph_db/graph_db_node_17/10_p0.7/10_graph_n17_p0.7_idx1.gpickle,17,0.7,1,4,21,66,"[16, 12, 6, 9, 2, 14, 3, 0, 13, 8, 1, 10, 5, 4, 7, 15, 11]",3.0652671
./random_graph_db/graph_db_node_17/10_p0.7/10_graph_n17_p0.7_idx10.gpickle,17,0.7,10,6,34,88,"[4, 12, 7, 15, 2, 1, 11, 5, 10, 0, 8, 16, 14, 13, 9, 3, 6]",5.8204679
./random_graph_db/graph_db_node_17/10_p0.7/10_graph_n17_p0.7_idx2.gpickle,17,0.7,2,6,29,94,"[4, 9, 13, 16, 15, 3, 6, 5, 7, 0, 14, 12, 8, 2, 11, 1, 10]",3.5307291
./random_graph_db/graph_db_node_17/10_p0.7/10_graph_n17_p0.7_idx3.gpickle,17,0.7,3,6,45,129,"[7, 15, 14, 3, 16, 5, 6, 0, 4, 11, 8, 10, 1, 9, 2, 12, 13]",3.598166
./random_graph_db/graph_db_node_17/10_p0.7/10_graph_n17_p0.7_idx4.gpickle,17,0.7,4,7,54,145,"[5, 0, 13, 4, 7, 1, 6, 2, 12, 11, 8, 9, 16, 15, 10, 3, 14]",3.575597
./random_graph_db/graph_db_node_17/10_p0.7/10_graph_n17_p0.7_idx5.gpickle,17,0.7,5,7,50,132,"[5, 11, 9, 6, 3, 1, 4, 10, 12, 16, 14, 15, 2, 7, 0, 8, 13]",3.705322
./random_graph_db/graph_db_node_17/10_p0.7/10_graph_n17_p0.7_idx6.gpickle,17,0.7,6,6,36,107,"[16, 4, 12, 2, 15, 11, 3, 9, 0, 5, 14, 8, 10, 6, 7, 1, 13]",3.585942
./random_graph_db/graph_db_node_17/10_p0.7/10_graph_n17_p0.7_idx7.gpickle,17,0.7,7,7,39,109,"[6, 14, 13, 8, 7, 5, 4, 10, 1, 3, 0, 16, 2, 15, 9, 12, 11]",3.9549441
./random_graph_db/graph_db_node_17/10_p0.7/10_graph_n17_p0.7_idx8.gpickle,17,0.7,8,6,42,114,"[8, 5, 15, 12, 2, 7, 16, 0, 4, 11, 13, 6, 9, 14, 1, 10, 3]",3.3870418
./random_graph_db/graph_db_node_17/10_p0.7/10_graph_n17_p0.7_idx9.gpickle,17,0.7,9,6,36,108,"[6, 2, 11, 3, 5, 14, 4, 16, 8, 12, 10, 13, 9, 7, 1, 15, 0]",3.4683478
./random_graph_db/graph_db_node_17/11_p0.8/11_graph_n17_p0.8_idx1.gpickle,17,0.8,1,5,31,83,"[15, 11, 14, 6, 0, 9, 1, 13, 4, 3, 8, 12, 7, 2, 5, 10, 16]",3.537523
./random_graph_db/graph_db_node_17/11_p0.8/11_graph_n17_p0.8_idx10.gpickle,17,0.8,10,6,32,89,"[4, 16, 7, 14, 2, 9, 15, 12, 0, 5, 13, 6, 10, 11, 3, 1, 8]",3.8445182
./random_graph_db/graph_db_node_17/11_p0.8/11_graph_n17_p0.8_idx2.gpickle,17,0.8,2,4,18,68,"[15, 13, 1, 12, 7, 14, 11, 3, 9, 6, 4, 5, 8, 16, 0, 10, 2]",2.799201
./random_graph_db/graph_db_node_17/11_p0.8/11_graph_n17_p0.8_idx3.gpickle,17,0.8,3,5,26,65,"[6, 13, 5, 7, 12, 1, 0, 14, 16, 15, 2, 9, 11, 3, 8, 4, 10]",3.063611
./random_graph_db/graph_db_node_17/11_p0.8/11_graph_n17_p0.8_idx4.gpickle,17,0.8,4,6,37,107,"[8, 10, 15, 12, 3, 14, 2, 16, 0, 5, 6, 11, 13, 7, 1, 9, 4]",3.437222
./random_graph_db/graph_db_node_17/11_p0.8/11_graph_n17_p0.8_idx5.gpickle,17,0.8,5,5,21,77,"[6, 3, 1, 8, 14, 11, 10, 4, 13, 12, 5, 0, 7, 15, 2, 16, 9]",2.7855062
./random_graph_db/graph_db_node_17/11_p0.8/11_graph_n17_p0.8_idx6.gpickle,17,0.8,6,5,24,66,"[2, 7, 16, 5, 14, 13, 0, 1, 3, 11, 4, 15, 12, 10, 6, 8, 9]",3.6820579
./random_graph_db/graph_db_node_17/11_p0.8/11_graph_n17_p0.8_idx7.gpickle,17,0.8,7,4,25,91,"[1, 13, 14, 12, 11, 10, 15, 9, 7, 16, 0, 5, 6, 3, 8, 4, 2]",2.9734979
./random_graph_db/graph_db_node_17/11_p0.8/11_graph_n17_p0.8_idx8.gpickle,17,0.8,8,4,18,45,"[1, 16, 15, 0, 2, 10, 5, 6, 3, 7, 13, 8, 14, 11, 9, 4, 12]",1.5957429
./random_graph_db/graph_db_node_17/11_p0.8/11_graph_n17_p0.8_idx9.gpickle,17,0.8,9,6,27,83,"[8, 1, 16, 11, 9, 4, 0, 7, 5, 2, 6, 15, 12, 13, 10, 14, 3]",3.153589
./random_graph_db/graph_db_node_17/12_p0.9/12_graph_n17_p0.9_idx1.gpickle,17,0.9,1,3,9,43,"[3, 7, 14, 16, 10, 9, 12, 15, 4, 0, 5, 8, 13, 2, 6, 11, 1]",1.661907
./random_graph_db/graph_db_node_17/12_p0.9/12_graph_n17_p0.9_idx10.gpickle,17,0.9,10,3,9,40,"[3, 6, 8, 10, 15, 0, 14, 12, 5, 9, 11, 1, 13, 16, 7, 2, 4]",2.2237132
./random_graph_db/graph_db_node_17/12_p0.9/12_graph_n17_p0.9_idx2.gpickle,17,0.9,2,4,13,44,"[10, 12, 4, 0, 15, 6, 3, 13, 7, 9, 11, 8, 2, 14, 16, 1, 5]",2.4403362
./random_graph_db/graph_db_node_17/12_p0.9/12_graph_n17_p0.9_idx3.gpickle,17,0.9,3,4,12,46,"[0, 12, 3, 8, 7, 1, 6, 10, 2, 9, 15, 11, 4, 16, 13, 14, 5]",1.969327
./random_graph_db/graph_db_node_17/12_p0.9/12_graph_n17_p0.9_idx4.gpickle,17,0.9,4,4,18,60,"[2, 10, 13, 7, 9, 3, 5, 0, 12, 16, 11, 15, 8, 6, 1, 4, 14]",2.3716481
./random_graph_db/graph_db_node_17/12_p0.9/12_graph_n17_p0.9_idx5.gpickle,17,0.9,5,2,5,35,"[14, 16, 11, 7, 4, 12, 13, 5, 6, 10, 2, 15, 8, 9, 3, 0, 1]",1.1779771
./random_graph_db/graph_db_node_17/12_p0.9/12_graph_n17_p0.9_idx6.gpickle,17,0.9,6,2,5,30,"[9, 1, 11, 2, 3, 15, 5, 6, 12, 8, 16, 7, 10, 13, 4, 0, 14]",1.1003652
./random_graph_db/graph_db_node_17/12_p0.9/12_graph_n17_p0.9_idx7.gpickle,17,0.9,7,3,10,45,"[7, 9, 11, 1, 14, 16, 8, 0, 2, 5, 4, 10, 12, 6, 3, 13, 15]",2.215138
./random_graph_db/graph_db_node_17/12_p0.9/12_graph_n17_p0.9_idx8.gpickle,17,0.9,8,3,10,32,"[3, 13, 12, 6, 0, 4, 2, 1, 5, 9, 16, 7, 8, 15, 10, 11, 14]",2.2984471
./random_graph_db/graph_db_node_17/12_p0.9/12_graph_n17_p0.9_idx9.gpickle,17,0.9,9,3,13,45,"[8, 2, 1, 12, 3, 13, 4, 6, 10, 15, 7, 14, 11, 5, 16, 0, 9]",2.6558378
./random_graph_db/graph_db_node_18/01_p0.1/01_graph_n18_p0.1_idx1.gpickle,18,0.1,1,2,2,27,"[13, 9, 1, 4, 16, 3, 17, 7, 12, 10, 2, 8, 11, 6, 14, 5, 15, 0]",2.133297
./random_graph_db/graph_db_node_18/01_p0.1/01_graph_n18_p0.1_idx10.gpickle,18,0.1,10,3,6,29,"[9, 12, 10, 13, 14, 5, 1, 2, 6, 7, 0, 16, 15, 4, 8, 17, 3, 11]",1.5426419
./random_graph_db/graph_db_node_18/01_p0.1/01_graph_n18_p0.1_idx2.gpickle,18,0.1,2,3,5,28,"[17, 16, 0, 8, 15, 14, 7, 3, 5, 6, 10, 1, 11, 9, 2, 12, 13, 4]",2.4893961
./random_graph_db/graph_db_node_18/01_p0.1/01_graph_n18_p0.1_idx3.gpickle,18,0.1,3,3,7,37,"[2, 9, 3, 13, 4, 14, 17, 8, 7, 15, 16, 11, 6, 12, 5, 10, 0, 1]",1.0079799
./random_graph_db/graph_db_node_18/01_p0.1/01_graph_n18_p0.1_idx4.gpickle,18,0.1,4,2,3,30,"[6, 8, 5, 13, 1, 16, 3, 0, 2, 12, 10, 17, 4, 14, 7, 15, 11, 9]",1.4907482
./random_graph_db/graph_db_node_18/01_p0.1/01_graph_n18_p0.1_idx5.gpickle,18,0.1,5,3,5,34,"[8, 16, 11, 14, 4, 9, 1, 6, 13, 3, 2, 0, 17, 7, 10, 15, 12, 5]",1.2235448
./random_graph_db/graph_db_node_18/01_p0.1/01_graph_n18_p0.1_idx6.gpickle,18,0.1,6,2,3,30,"[11, 15, 8, 16, 17, 14, 0, 5, 10, 7, 1, 12, 9, 4, 13, 3, 6, 2]",2.091043
./random_graph_db/graph_db_node_18/01_p0.1/01_graph_n18_p0.1_idx7.gpickle,18,0.1,7,2,5,31,"[8, 4, 15, 3, 17, 6, 1, 10, 11, 0, 7, 5, 12, 13, 2, 14, 16, 9]",1.2156711
./random_graph_db/graph_db_node_18/01_p0.1/01_graph_n18_p0.1_idx8.gpickle,18,0.1,8,2,3,35,"[9, 1, 12, 6, 7, 17, 10, 5, 14, 8, 4, 2, 11, 0, 3, 16, 13, 15]",1.8583512
./random_graph_db/graph_db_node_18/01_p0.1/01_graph_n18_p0.1_idx9.gpickle,18,0.1,9,2,4,29,"[5, 12, 17, 16, 3, 7, 2, 10, 11, 15, 6, 4, 1, 13, 9, 8, 14, 0]",2.3680608
./random_graph_db/graph_db_node_18/02_p0.2/02_graph_n18_p0.2_idx1.gpickle,18,0.2,1,4,15,46,"[9, 13, 8, 17, 5, 3, 11, 1, 14, 10, 0, 15, 2, 7, 12, 16, 4, 6]",1.8589194
./random_graph_db/graph_db_node_18/02_p0.2/02_graph_n18_p0.2_idx10.gpickle,18,0.2,10,5,21,69,"[5, 17, 2, 14, 16, 7, 12, 4, 6, 15, 13, 1, 3, 8, 0, 10, 9, 11]",3.3863008
./random_graph_db/graph_db_node_18/02_p0.2/02_graph_n18_p0.2_idx2.gpickle,18,0.2,2,5,28,75,"[10, 17, 4, 8, 5, 14, 6, 13, 15, 3, 16, 1, 2, 9, 11, 7, 12, 0]",3.3589299
./random_graph_db/graph_db_node_18/02_p0.2/02_graph_n18_p0.2_idx3.gpickle,18,0.2,3,4,15,44,"[3, 10, 14, 12, 5, 2, 16, 6, 1, 9, 11, 4, 8, 15, 0, 17, 13, 7]",2.4513988
./random_graph_db/graph_db_node_18/02_p0.2/02_graph_n18_p0.2_idx4.gpickle,18,0.2,4,5,21,58,"[8, 0, 11, 14, 5, 10, 2, 16, 9, 3, 12, 4, 6, 1, 7, 17, 13, 15]",2.9500279
./random_graph_db/graph_db_node_18/02_p0.2/02_graph_n18_p0.2_idx5.gpickle,18,0.2,5,5,22,53,"[13, 9, 3, 17, 6, 11, 10, 14, 8, 7, 16, 4, 0, 5, 1, 15, 2, 12]",3.2916152
./random_graph_db/graph_db_node_18/02_p0.2/02_graph_n18_p0.2_idx6.gpickle,18,0.2,6,4,14,45,"[1, 8, 12, 9, 13, 3, 5, 14, 16, 15, 4, 10, 7, 6, 2, 17, 11, 0]",3.0240293
./random_graph_db/graph_db_node_18/02_p0.2/02_graph_n18_p0.2_idx7.gpickle,18,0.2,7,5,17,55,"[9, 7, 5, 1, 4, 16, 3, 15, 17, 12, 10, 11, 8, 13, 14, 2, 0, 6]",4.7976079
./random_graph_db/graph_db_node_18/02_p0.2/02_graph_n18_p0.2_idx8.gpickle,18,0.2,8,5,17,56,"[14, 7, 15, 17, 6, 8, 2, 1, 4, 11, 5, 13, 16, 3, 10, 9, 0, 12]",2.8593428
./random_graph_db/graph_db_node_18/02_p0.2/02_graph_n18_p0.2_idx9.gpickle,18,0.2,9,4,17,55,"[2, 15, 9, 6, 13, 10, 8, 16, 4, 11, 1, 17, 5, 7, 3, 0, 12, 14]",2.6703918
./random_graph_db/graph_db_node_18/03_p0.3/03_graph_n18_p0.3_idx1.gpickle,18,0.3,1,6,35,101,"[13, 14, 8, 11, 0, 3, 12, 1, 4, 7, 2, 5, 10, 16, 9, 17, 6, 15]",5.403126
./random_graph_db/graph_db_node_18/03_p0.3/03_graph_n18_p0.3_idx10.gpickle,18,0.3,10,5,31,90,"[4, 8, 2, 12, 14, 16, 5, 3, 0, 17, 6, 13, 1, 9, 10, 7, 11, 15]",3.181741
./random_graph_db/graph_db_node_18/03_p0.3/03_graph_n18_p0.3_idx2.gpickle,18,0.3,2,7,35,105,"[8, 9, 0, 11, 14, 12, 6, 17, 7, 3, 15, 16, 13, 1, 2, 5, 4, 10]",4.2079859
./random_graph_db/graph_db_node_18/03_p0.3/03_graph_n18_p0.3_idx3.gpickle,18,0.3,3,6,36,93,"[13, 8, 3, 1, 2, 17, 7, 9, 15, 12, 14, 10, 4, 11, 5, 6, 16, 0]",4.0296702
./random_graph_db/graph_db_node_18/03_p0.3/03_graph_n18_p0.3_idx4.gpickle,18,0.3,4,6,35,80,"[9, 12, 7, 17, 16, 2, 8, 14, 15, 0, 4, 11, 5, 1, 10, 6, 13, 3]",3.7011762
./random_graph_db/graph_db_node_18/03_p0.3/03_graph_n18_p0.3_idx5.gpickle,18,0.3,5,7,36,96,"[8, 7, 2, 4, 12, 11, 6, 13, 17, 5, 9, 16, 14, 3, 10, 1, 0, 15]",3.636554
./random_graph_db/graph_db_node_18/03_p0.3/03_graph_n18_p0.3_idx6.gpickle,18,0.3,6,7,34,104,"[3, 17, 0, 2, 13, 15, 14, 16, 7, 5, 1, 9, 12, 8, 10, 11, 6, 4]",3.8418748
./random_graph_db/graph_db_node_18/03_p0.3/03_graph_n18_p0.3_idx7.gpickle,18,0.3,7,6,28,74,"[10, 2, 8, 4, 16, 9, 14, 0, 1, 15, 7, 6, 11, 17, 5, 12, 13, 3]",3.773473
./random_graph_db/graph_db_node_18/03_p0.3/03_graph_n18_p0.3_idx8.gpickle,18,0.3,8,7,43,116,"[14, 7, 15, 16, 8, 10, 12, 6, 1, 5, 13, 11, 9, 17, 0, 3, 2, 4]",4.2848887
./random_graph_db/graph_db_node_18/03_p0.3/03_graph_n18_p0.3_idx9.gpickle,18,0.3,9,7,49,123,"[10, 14, 5, 7, 6, 17, 4, 1, 8, 2, 0, 16, 13, 9, 3, 15, 11, 12]",4.029783
./random_graph_db/graph_db_node_18/04_p0.4/04_graph_n18_p0.4_idx1.gpickle,18,0.4,1,7,45,131,"[9, 11, 13, 16, 5, 8, 7, 6, 15, 2, 14, 12, 10, 4, 17, 1, 0, 3]",4.658145
./random_graph_db/graph_db_node_18/04_p0.4/04_graph_n18_p0.4_idx10.gpickle,18,0.4,10,6,43,135,"[16, 4, 10, 8, 15, 7, 17, 14, 13, 3, 12, 1, 6, 0, 9, 2, 5, 11]",3.8858671
./random_graph_db/graph_db_node_18/04_p0.4/04_graph_n18_p0.4_idx2.gpickle,18,0.4,2,7,46,124,"[11, 5, 6, 3, 1, 17, 9, 16, 2, 0, 7, 13, 14, 12, 8, 15, 10, 4]",4.1790202
./random_graph_db/graph_db_node_18/04_p0.4/04_graph_n18_p0.4_idx3.gpickle,18,0.4,3,7,51,123,"[14, 11, 6, 4, 9, 5, 7, 0, 2, 3, 1, 10, 16, 8, 17, 12, 13, 15]",4.182744
./random_graph_db/graph_db_node_18/04_p0.4/04_graph_n18_p0.4_idx4.gpickle,18,0.4,4,7,45,134,"[11, 7, 2, 16, 3, 17, 9, 4, 5, 1, 6, 8, 12, 14, 13, 15, 10, 0]",4.194
./random_graph_db/graph_db_node_18/04_p0.4/04_graph_n18_p0.4_idx5.gpickle,18,0.4,5,7,48,140,"[14, 9, 17, 2, 7, 6, 0, 4, 1, 12, 8, 15, 5, 16, 3, 10, 13, 11]",4.375221
./random_graph_db/graph_db_node_18/04_p0.4/04_graph_n18_p0.4_idx6.gpickle,18,0.4,6,6,40,129,"[2, 1, 12, 7, 3, 11, 16, 0, 5, 13, 8, 14, 6, 15, 4, 10, 9, 17]",3.8415189
./random_graph_db/graph_db_node_18/04_p0.4/04_graph_n18_p0.4_idx7.gpickle,18,0.4,7,7,42,112,"[10, 13, 7, 4, 1, 6, 11, 14, 5, 15, 12, 16, 0, 8, 17, 9, 2, 3]",4.75298
./random_graph_db/graph_db_node_18/04_p0.4/04_graph_n18_p0.4_idx8.gpickle,18,0.4,8,7,51,141,"[8, 12, 15, 4, 2, 3, 0, 11, 9, 5, 10, 1, 7, 17, 16, 14, 13, 6]",4.4126718
./random_graph_db/graph_db_node_18/04_p0.4/04_graph_n18_p0.4_idx9.gpickle,18,0.4,9,7,45,113,"[16, 13, 15, 4, 12, 2, 10, 11, 3, 1, 17, 14, 8, 0, 7, 5, 9, 6]",4.271868
./random_graph_db/graph_db_node_18/05_p0.45/05_graph_n18_p0.45_idx1.gpickle,18,0.45,1,7,52,129,"[10, 16, 0, 9, 6, 1, 14, 12, 11, 7, 3, 5, 15, 4, 17, 13, 2, 8]",4.3970408
./random_graph_db/graph_db_node_18/05_p0.45/05_graph_n18_p0.45_idx10.gpickle,18,0.45,10,7,45,127,"[14, 12, 9, 4, 16, 2, 6, 11, 13, 0, 3, 15, 17, 5, 8, 7, 10, 1]",4.1118529
./random_graph_db/graph_db_node_18/05_p0.45/05_graph_n18_p0.45_idx2.gpickle,18,0.45,2,8,59,156,"[9, 6, 15, 16, 14, 2, 1, 17, 11, 13, 7, 3, 8, 4, 0, 12, 5, 10]",4.491168
./random_graph_db/graph_db_node_18/05_p0.45/05_graph_n18_p0.45_idx3.gpickle,18,0.45,3,7,52,141,"[12, 6, 17, 16, 14, 13, 10, 2, 3, 8, 11, 0, 7, 4, 9, 15, 1, 5]",4.478286
./random_graph_db/graph_db_node_18/05_p0.45/05_graph_n18_p0.45_idx4.gpickle,18,0.45,4,7,48,118,"[8, 7, 2, 5, 3, 0, 15, 10, 1, 16, 4, 13, 12, 6, 17, 9, 11, 14]",3.94224
./random_graph_db/graph_db_node_18/05_p0.45/05_graph_n18_p0.45_idx5.gpickle,18,0.45,5,7,52,130,"[11, 1, 3, 13, 10, 14, 12, 15, 16, 9, 7, 17, 5, 8, 4, 2, 0, 6]",4.1589968
./random_graph_db/graph_db_node_18/05_p0.45/05_graph_n18_p0.45_idx6.gpickle,18,0.45,6,6,43,118,"[9, 5, 10, 6, 1, 16, 8, 12, 2, 7, 15, 11, 14, 4, 13, 17, 3, 0]",4.2786031
./random_graph_db/graph_db_node_18/05_p0.45/05_graph_n18_p0.45_idx7.gpickle,18,0.45,7,7,48,121,"[5, 2, 8, 6, 1, 3, 4, 15, 13, 17, 0, 14, 10, 9, 12, 16, 11, 7]",5.4888959
./random_graph_db/graph_db_node_18/05_p0.45/05_graph_n18_p0.45_idx8.gpickle,18,0.45,8,7,45,135,"[16, 4, 11, 15, 0, 13, 10, 14, 7, 9, 2, 8, 6, 1, 12, 17, 3, 5]",6.237864
./random_graph_db/graph_db_node_18/05_p0.45/05_graph_n18_p0.45_idx9.gpickle,18,0.45,9,6,42,129,"[7, 16, 4, 5, 12, 3, 2, 1, 0, 17, 8, 10, 13, 6, 14, 9, 15, 11]",5.4011981
./random_graph_db/graph_db_node_18/06_p0.5/06_graph_n18_p0.5_idx1.gpickle,18,0.5,1,7,53,152,"[1, 7, 13, 6, 3, 12, 14, 17, 8, 5, 2, 16, 15, 10, 9, 0, 11, 4]",4.9918942
./random_graph_db/graph_db_node_18/06_p0.5/06_graph_n18_p0.5_idx10.gpickle,18,0.5,10,7,51,129,"[5, 13, 3, 10, 6, 8, 9, 0, 15, 7, 16, 14, 11, 17, 1, 12, 4, 2]",4.699641
./random_graph_db/graph_db_node_18/06_p0.5/06_graph_n18_p0.5_idx2.gpickle,18,0.5,2,7,60,155,"[5, 4, 1, 11, 13, 14, 12, 9, 6, 3, 8, 0, 16, 7, 10, 17, 2, 15]",4.453052
./random_graph_db/graph_db_node_18/06_p0.5/06_graph_n18_p0.5_idx3.gpickle,18,0.5,3,7,50,117,"[1, 14, 7, 0, 2, 5, 13, 6, 17, 4, 3, 15, 9, 8, 12, 16, 10, 11]",6.2421701
./random_graph_db/graph_db_node_18/06_p0.5/06_graph_n18_p0.5_idx4.gpickle,18,0.5,4,6,41,134,"[6, 7, 11, 8, 15, 4, 10, 12, 17, 9, 3, 16, 2, 13, 14, 0, 1, 5]",4.0720699
./random_graph_db/graph_db_node_18/06_p0.5/06_graph_n18_p0.5_idx5.gpickle,18,0.5,5,7,54,151,"[5, 6, 13, 3, 11, 8, 12, 15, 10, 9, 2, 16, 1, 17, 4, 7, 0, 14]",4.8087571
./random_graph_db/graph_db_node_18/06_p0.5/06_graph_n18_p0.5_idx6.gpickle,18,0.5,6,8,50,129,"[3, 17, 15, 4, 7, 6, 0, 9, 1, 8, 11, 12, 2, 16, 10, 5, 13, 14]",4.2618501
./random_graph_db/graph_db_node_18/06_p0.5/06_graph_n18_p0.5_idx7.gpickle,18,0.5,7,6,40,113,"[10, 2, 17, 9, 7, 8, 14, 12, 13, 0, 11, 1, 15, 6, 16, 5, 4, 3]",3.883714
./random_graph_db/graph_db_node_18/06_p0.5/06_graph_n18_p0.5_idx8.gpickle,18,0.5,8,8,49,131,"[3, 6, 10, 16, 1, 12, 0, 13, 2, 5, 8, 4, 17, 9, 7, 11, 14, 15]",4.331552
./random_graph_db/graph_db_node_18/06_p0.5/06_graph_n18_p0.5_idx9.gpickle,18,0.5,9,6,54,151,"[4, 8, 15, 3, 11, 13, 10, 17, 7, 2, 0, 12, 6, 16, 14, 5, 1, 9]",4.447999
./random_graph_db/graph_db_node_18/07_p0.55/07_graph_n18_p0.55_idx1.gpickle,18,0.55,1,7,54,140,"[16, 9, 7, 2, 15, 11, 12, 17, 4, 1, 6, 3, 5, 10, 14, 8, 13, 0]",4.2636702
./random_graph_db/graph_db_node_18/07_p0.55/07_graph_n18_p0.55_idx10.gpickle,18,0.55,10,7,47,129,"[11, 1, 13, 0, 3, 10, 4, 6, 12, 8, 5, 7, 2, 9, 17, 16, 14, 15]",4.4137969
./random_graph_db/graph_db_node_18/07_p0.55/07_graph_n18_p0.55_idx2.gpickle,18,0.55,2,7,40,97,"[5, 3, 12, 4, 14, 1, 13, 0, 9, 17, 2, 6, 16, 10, 8, 11, 7, 15]",4.2664483
./random_graph_db/graph_db_node_18/07_p0.55/07_graph_n18_p0.55_idx3.gpickle,18,0.55,3,7,55,139,"[1, 11, 3, 10, 14, 16, 8, 0, 5, 13, 15, 6, 2, 12, 17, 7, 9, 4]",4.3556521
./random_graph_db/graph_db_node_18/07_p0.55/07_graph_n18_p0.55_idx4.gpickle,18,0.55,4,7,45,126,"[15, 2, 6, 13, 17, 7, 16, 14, 0, 11, 10, 9, 12, 8, 3, 5, 1, 4]",3.9223549
./random_graph_db/graph_db_node_18/07_p0.55/07_graph_n18_p0.55_idx5.gpickle,18,0.55,5,7,48,131,"[3, 6, 2, 9, 0, 17, 11, 15, 13, 5, 16, 4, 14, 1, 8, 10, 7, 12]",6.7332129
./random_graph_db/graph_db_node_18/07_p0.55/07_graph_n18_p0.55_idx6.gpickle,18,0.55,6,7,44,117,"[6, 2, 14, 10, 1, 12, 15, 11, 8, 17, 9, 0, 13, 7, 5, 4, 16, 3]",4.3121338
./random_graph_db/graph_db_node_18/07_p0.55/07_graph_n18_p0.55_idx7.gpickle,18,0.55,7,7,46,130,"[11, 15, 2, 8, 0, 10, 9, 3, 4, 16, 7, 17, 12, 5, 13, 1, 14, 6]",4.5006418
./random_graph_db/graph_db_node_18/07_p0.55/07_graph_n18_p0.55_idx8.gpickle,18,0.55,8,6,42,122,"[9, 4, 15, 0, 1, 16, 2, 17, 13, 14, 12, 8, 7, 11, 3, 6, 10, 5]",4.2702019
./random_graph_db/graph_db_node_18/07_p0.55/07_graph_n18_p0.55_idx9.gpickle,18,0.55,9,8,54,146,"[13, 4, 3, 0, 2, 11, 16, 12, 17, 1, 14, 8, 5, 10, 7, 15, 9, 6]",4.520463
./random_graph_db/graph_db_node_18/08_p0.6/08_graph_n18_p0.6_idx1.gpickle,18,0.6,1,8,44,127,"[3, 11, 12, 5, 15, 6, 13, 8, 9, 0, 4, 14, 10, 7, 16, 2, 1, 17]",4.302911
./random_graph_db/graph_db_node_18/08_p0.6/08_graph_n18_p0.6_idx10.gpickle,18,0.6,10,7,48,136,"[3, 6, 4, 13, 16, 12, 8, 17, 5, 0, 1, 7, 2, 14, 15, 9, 11, 10]",4.532064
./random_graph_db/graph_db_node_18/08_p0.6/08_graph_n18_p0.6_idx2.gpickle,18,0.6,2,8,44,126,"[1, 15, 4, 11, 14, 8, 6, 13, 5, 16, 10, 12, 9, 0, 3, 17, 7, 2]",4.2365489
./random_graph_db/graph_db_node_18/08_p0.6/08_graph_n18_p0.6_idx3.gpickle,18,0.6,3,7,48,135,"[2, 14, 0, 6, 11, 13, 5, 12, 8, 1, 10, 17, 7, 9, 4, 3, 15, 16]",5.352757
./random_graph_db/graph_db_node_18/08_p0.6/08_graph_n18_p0.6_idx4.gpickle,18,0.6,4,7,45,127,"[5, 2, 17, 9, 4, 12, 7, 0, 13, 10, 3, 8, 6, 11, 15, 16, 14, 1]",4.2506959
./random_graph_db/graph_db_node_18/08_p0.6/08_graph_n18_p0.6_idx5.gpickle,18,0.6,5,8,49,128,"[1, 13, 6, 3, 9, 17, 4, 2, 0, 14, 8, 16, 12, 10, 7, 5, 11, 15]",4.1306522
./random_graph_db/graph_db_node_18/08_p0.6/08_graph_n18_p0.6_idx6.gpickle,18,0.6,6,7,48,137,"[14, 12, 6, 8, 15, 1, 4, 0, 13, 10, 9, 16, 17, 2, 3, 11, 7, 5]",4.5673368
./random_graph_db/graph_db_node_18/08_p0.6/08_graph_n18_p0.6_idx7.gpickle,18,0.6,7,7,45,113,"[13, 0, 14, 7, 8, 5, 2, 10, 9, 16, 6, 11, 12, 15, 1, 4, 17, 3]",4.1117949
./random_graph_db/graph_db_node_18/08_p0.6/08_graph_n18_p0.6_idx8.gpickle,18,0.6,8,7,54,141,"[9, 0, 15, 5, 2, 14, 12, 3, 8, 10, 11, 16, 17, 4, 6, 1, 13, 7]",4.5063121
./random_graph_db/graph_db_node_18/08_p0.6/08_graph_n18_p0.6_idx9.gpickle,18,0.6,9,8,52,135,"[1, 16, 7, 14, 8, 10, 6, 15, 0, 17, 2, 4, 13, 12, 9, 11, 3, 5]",4.3351307
./random_graph_db/graph_db_node_18/09_p0.65/09_graph_n18_p0.65_idx1.gpickle,18,0.65,1,6,39,110,"[1, 0, 14, 12, 4, 16, 8, 7, 10, 5, 13, 17, 6, 11, 15, 2, 9, 3]",3.7849112
./random_graph_db/graph_db_node_18/09_p0.65/09_graph_n18_p0.65_idx10.gpickle,18,0.65,10,8,57,149,"[13, 8, 7, 9, 14, 1, 10, 2, 11, 0, 4, 17, 16, 6, 15, 5, 3, 12]",4.6656621
./random_graph_db/graph_db_node_18/09_p0.65/09_graph_n18_p0.65_idx2.gpickle,18,0.65,2,8,46,124,"[0, 4, 12, 16, 9, 5, 8, 3, 2, 17, 14, 11, 7, 15, 1, 13, 6, 10]",4.136894
./random_graph_db/graph_db_node_18/09_p0.65/09_graph_n18_p0.65_idx3.gpickle,18,0.65,3,7,57,137,"[10, 5, 1, 11, 13, 8, 12, 9, 6, 16, 15, 14, 7, 3, 17, 4, 0, 2]",4.208138
./random_graph_db/graph_db_node_18/09_p0.65/09_graph_n18_p0.65_idx4.gpickle,18,0.65,4,7,51,133,"[10, 8, 11, 4, 13, 9, 7, 3, 16, 2, 15, 1, 14, 5, 0, 17, 12, 6]",4.1189651
./random_graph_db/graph_db_node_18/09_p0.65/09_graph_n18_p0.65_idx5.gpickle,18,0.65,5,7,45,126,"[11, 6, 10, 12, 15, 2, 9, 17, 13, 0, 4, 5, 14, 16, 1, 8, 7, 3]",4.383966
./random_graph_db/graph_db_node_18/09_p0.65/09_graph_n18_p0.65_idx6.gpickle,18,0.65,6,7,57,166,"[9, 7, 15, 10, 2, 6, 11, 1, 8, 5, 0, 14, 17, 4, 16, 3, 13, 12]",4.7423899
./random_graph_db/graph_db_node_18/09_p0.65/09_graph_n18_p0.65_idx7.gpickle,18,0.65,7,6,49,125,"[13, 6, 7, 2, 15, 3, 11, 16, 8, 12, 0, 17, 14, 9, 5, 1, 10, 4]",6.907907
./random_graph_db/graph_db_node_18/09_p0.65/09_graph_n18_p0.65_idx8.gpickle,18,0.65,8,7,48,125,"[11, 10, 3, 15, 9, 12, 5, 7, 4, 14, 1, 16, 13, 0, 17, 6, 8, 2]",4.1076109
./random_graph_db/graph_db_node_18/09_p0.65/09_graph_n18_p0.65_idx9.gpickle,18,0.65,9,7,42,114,"[14, 10, 1, 7, 16, 2, 17, 8, 3, 13, 4, 5, 15, 0, 6, 12, 11, 9]",4.428133
./random_graph_db/graph_db_node_18/10_p0.7/10_graph_n18_p0.7_idx1.gpickle,18,0.7,1,5,34,105,"[12, 17, 2, 14, 6, 13, 5, 0, 15, 11, 8, 10, 3, 1, 7, 16, 9, 4]",3.931901
./random_graph_db/graph_db_node_18/10_p0.7/10_graph_n18_p0.7_idx10.gpickle,18,0.7,10,6,43,120,"[3, 8, 13, 4, 15, 7, 6, 5, 17, 2, 14, 9, 1, 16, 12, 11, 10, 0]",3.7711399
./random_graph_db/graph_db_node_18/10_p0.7/10_graph_n18_p0.7_idx2.gpickle,18,0.7,2,7,50,130,"[3, 11, 15, 17, 14, 12, 4, 10, 9, 1, 5, 2, 16, 7, 6, 8, 0, 13]",3.943275
./random_graph_db/graph_db_node_18/10_p0.7/10_graph_n18_p0.7_idx3.gpickle,18,0.7,3,7,33,98,"[4, 6, 10, 2, 11, 5, 15, 12, 13, 1, 9, 0, 16, 7, 3, 8, 14, 17]",5.0476289
./random_graph_db/graph_db_node_18/10_p0.7/10_graph_n18_p0.7_idx4.gpickle,18,0.7,4,7,48,140,"[16, 10, 12, 1, 0, 7, 4, 13, 6, 11, 8, 9, 5, 15, 3, 14, 17, 2]",4.6720178
./random_graph_db/graph_db_node_18/10_p0.7/10_graph_n18_p0.7_idx5.gpickle,18,0.7,5,7,54,146,"[15, 0, 10, 5, 9, 17, 14, 4, 7, 12, 8, 13, 16, 6, 11, 3, 2, 1]",4.3424697
./random_graph_db/graph_db_node_18/10_p0.7/10_graph_n18_p0.7_idx6.gpickle,18,0.7,6,6,45,130,"[4, 8, 5, 15, 13, 14, 2, 11, 10, 3, 7, 16, 6, 9, 17, 0, 1, 12]",6.0269639
./random_graph_db/graph_db_node_18/10_p0.7/10_graph_n18_p0.7_idx7.gpickle,18,0.7,7,6,50,148,"[3, 4, 0, 13, 15, 14, 2, 10, 7, 11, 6, 12, 5, 16, 17, 9, 8, 1]",4.350508
./random_graph_db/graph_db_node_18/10_p0.7/10_graph_n18_p0.7_idx8.gpickle,18,0.7,8,6,42,134,"[5, 2, 15, 10, 8, 13, 4, 16, 7, 9, 3, 6, 11, 0, 12, 17, 14, 1]",4.4410319
./random_graph_db/graph_db_node_18/10_p0.7/10_graph_n18_p0.7_idx9.gpickle,18,0.7,9,6,40,117,"[12, 14, 6, 2, 11, 8, 5, 16, 17, 4, 0, 13, 1, 10, 9, 3, 7, 15]",4.0766141
./random_graph_db/graph_db_node_18/11_p0.8/11_graph_n18_p0.8_idx1.gpickle,18,0.8,1,6,42,108,"[4, 3, 8, 2, 6, 9, 16, 1, 15, 5, 0, 13, 17, 7, 11, 12, 14, 10]",5.0530958
./random_graph_db/graph_db_node_18/11_p0.8/11_graph_n18_p0.8_idx10.gpickle,18,0.8,10,7,44,120,"[12, 10, 11, 14, 17, 6, 15, 13, 7, 2, 3, 9, 8, 4, 1, 16, 5, 0]",3.9619887
./random_graph_db/graph_db_node_18/11_p0.8/11_graph_n18_p0.8_idx2.gpickle,18,0.8,2,4,19,56,"[15, 11, 12, 7, 5, 9, 14, 16, 2, 13, 6, 0, 8, 4, 17, 10, 3, 1]",2.958591
./random_graph_db/graph_db_node_18/11_p0.8/11_graph_n18_p0.8_idx3.gpickle,18,0.8,3,6,28,82,"[4, 13, 2, 15, 8, 1, 10, 11, 14, 12, 3, 7, 9, 16, 0, 5, 17, 6]",4.1291709
./random_graph_db/graph_db_node_18/11_p0.8/11_graph_n18_p0.8_idx4.gpickle,18,0.8,4,6,41,116,"[15, 4, 0, 1, 6, 5, 11, 8, 16, 9, 2, 3, 7, 10, 12, 14, 17, 13]",3.570296
./random_graph_db/graph_db_node_18/11_p0.8/11_graph_n18_p0.8_idx5.gpickle,18,0.8,5,6,21,54,"[8, 1, 14, 16, 0, 5, 12, 13, 15, 11, 2, 7, 3, 10, 4, 6, 9, 17]",3.8818512
./random_graph_db/graph_db_node_18/11_p0.8/11_graph_n18_p0.8_idx6.gpickle,18,0.8,6,6,33,98,"[4, 9, 17, 16, 2, 13, 5, 6, 1, 0, 10, 14, 8, 12, 3, 15, 11, 7]",3.8226969
./random_graph_db/graph_db_node_18/11_p0.8/11_graph_n18_p0.8_idx7.gpickle,18,0.8,7,5,25,67,"[8, 3, 15, 1, 14, 0, 2, 9, 11, 13, 17, 7, 16, 4, 10, 5, 6, 12]",3.8542938
./random_graph_db/graph_db_node_18/11_p0.8/11_graph_n18_p0.8_idx8.gpickle,18,0.8,8,6,33,101,"[3, 1, 5, 9, 10, 16, 13, 4, 2, 14, 0, 17, 8, 6, 7, 11, 12, 15]",3.680331
./random_graph_db/graph_db_node_18/11_p0.8/11_graph_n18_p0.8_idx9.gpickle,18,0.8,9,5,24,76,"[3, 16, 7, 4, 1, 8, 17, 11, 10, 5, 15, 14, 9, 13, 0, 6, 12, 2]",3.5026271
./random_graph_db/graph_db_node_18/12_p0.9/12_graph_n18_p0.9_idx1.gpickle,18,0.9,1,3,11,41,"[11, 15, 8, 16, 14, 0, 17, 4, 3, 2, 9, 13, 10, 7, 6, 12, 1, 5]",2.7360473
./random_graph_db/graph_db_node_18/12_p0.9/12_graph_n18_p0.9_idx10.gpickle,18,0.9,10,3,12,51,"[7, 16, 9, 4, 0, 14, 11, 12, 8, 15, 13, 2, 3, 10, 17, 6, 5, 1]",2.0970874
./random_graph_db/graph_db_node_18/12_p0.9/12_graph_n18_p0.9_idx2.gpickle,18,0.9,2,3,13,54,"[9, 2, 5, 11, 15, 14, 0, 6, 17, 16, 13, 12, 8, 10, 7, 4, 3, 1]",2.213886
./random_graph_db/graph_db_node_18/12_p0.9/12_graph_n18_p0.9_idx3.gpickle,18,0.9,3,4,24,84,"[10, 1, 14, 16, 4, 6, 15, 13, 8, 0, 11, 9, 7, 5, 17, 3, 2, 12]",3.2323921
./random_graph_db/graph_db_node_18/12_p0.9/12_graph_n18_p0.9_idx4.gpickle,18,0.9,4,6,26,72,"[3, 10, 1, 4, 16, 15, 5, 8, 13, 14, 2, 17, 9, 11, 0, 12, 7, 6]",3.850276
./random_graph_db/graph_db_node_18/12_p0.9/12_graph_n18_p0.9_idx5.gpickle,18,0.9,5,3,10,41,"[4, 6, 15, 12, 13, 14, 8, 7, 5, 9, 3, 0, 16, 17, 1, 2, 10, 11]",2.6330309
./random_graph_db/graph_db_node_18/12_p0.9/12_graph_n18_p0.9_idx6.gpickle,18,0.9,6,2,6,37,"[1, 10, 3, 12, 8, 15, 14, 16, 0, 13, 4, 9, 7, 2, 6, 11, 5, 17]",2.2140348
./random_graph_db/graph_db_node_18/12_p0.9/12_graph_n18_p0.9_idx7.gpickle,18,0.9,7,4,13,42,"[5, 8, 12, 16, 15, 0, 13, 14, 1, 6, 7, 11, 17, 4, 9, 10, 2, 3]",2.8182569
./random_graph_db/graph_db_node_18/12_p0.9/12_graph_n18_p0.9_idx8.gpickle,18,0.9,8,3,14,49,"[6, 16, 9, 7, 4, 12, 13, 14, 2, 10, 3, 11, 5, 15, 17, 1, 8, 0]",1.545969
./random_graph_db/graph_db_node_18/12_p0.9/12_graph_n18_p0.9_idx9.gpickle,18,0.9,9,4,18,53,"[4, 6, 2, 16, 1, 7, 3, 15, 17, 10, 11, 13, 5, 8, 9, 12, 14, 0]",3.02144
./random_graph_db/graph_db_node_19/01_p0.1/01_graph_n19_p0.1_idx1.gpickle,19,0.1,1,3,7,31,"[12, 6, 15, 14, 1, 13, 16, 2, 10, 8, 18, 5, 3, 0, 11, 9, 7, 17, 4]",2.8879409
./random_graph_db/graph_db_node_19/01_p0.1/01_graph_n19_p0.1_idx10.gpickle,19,0.1,10,3,7,31,"[3, 1, 17, 12, 2, 18, 15, 4, 0, 16, 7, 14, 11, 5, 6, 13, 9, 8, 10]",2.6306748
./random_graph_db/graph_db_node_19/01_p0.1/01_graph_n19_p0.1_idx2.gpickle,19,0.1,2,2,2,26,"[2, 15, 7, 5, 1, 8, 6, 16, 4, 3, 14, 9, 12, 13, 0, 17, 11, 10, 18]",2.299217
./random_graph_db/graph_db_node_19/01_p0.1/01_graph_n19_p0.1_idx3.gpickle,19,0.1,3,2,4,27,"[10, 11, 15, 18, 8, 9, 2, 14, 7, 16, 17, 3, 6, 5, 1, 13, 0, 12, 4]",2.656137
./random_graph_db/graph_db_node_19/01_p0.1/01_graph_n19_p0.1_idx4.gpickle,19,0.1,4,3,5,29,"[6, 11, 4, 3, 9, 13, 15, 18, 8, 12, 0, 7, 1, 16, 2, 5, 10, 17, 14]",2.7807112
./random_graph_db/graph_db_node_19/01_p0.1/01_graph_n19_p0.1_idx5.gpickle,19,0.1,5,4,7,36,"[14, 9, 8, 15, 7, 11, 10, 17, 12, 3, 2, 0, 6, 4, 1, 5, 18, 13, 16]",2.719583
./random_graph_db/graph_db_node_19/01_p0.1/01_graph_n19_p0.1_idx6.gpickle,19,0.1,6,2,2,30,"[5, 13, 11, 14, 18, 15, 16, 6, 4, 2, 9, 8, 0, 12, 1, 3, 10, 17, 7]",1.9372339
./random_graph_db/graph_db_node_19/01_p0.1/01_graph_n19_p0.1_idx7.gpickle,19,0.1,7,3,6,37,"[0, 6, 13, 17, 10, 3, 12, 16, 9, 7, 18, 1, 4, 8, 11, 5, 2, 14, 15]",2.8096759
./random_graph_db/graph_db_node_19/01_p0.1/01_graph_n19_p0.1_idx8.gpickle,19,0.1,8,3,6,38,"[0, 8, 15, 13, 7, 1, 16, 14, 4, 18, 5, 9, 2, 6, 10, 17, 11, 3, 12]",1.317796
./random_graph_db/graph_db_node_19/01_p0.1/01_graph_n19_p0.1_idx9.gpickle,19,0.1,9,5,16,55,"[4, 9, 16, 10, 12, 6, 1, 18, 7, 17, 14, 8, 15, 3, 0, 13, 2, 11, 5]",3.2876391
./random_graph_db/graph_db_node_19/02_p0.2/02_graph_n19_p0.2_idx1.gpickle,19,0.2,1,4,16,51,"[15, 9, 7, 18, 11, 8, 6, 5, 3, 0, 10, 16, 1, 2, 14, 17, 13, 12, 4]",3.6040888
./random_graph_db/graph_db_node_19/02_p0.2/02_graph_n19_p0.2_idx10.gpickle,19,0.2,10,4,12,41,"[11, 4, 1, 16, 12, 0, 13, 10, 15, 2, 3, 8, 14, 17, 5, 6, 18, 9, 7]",3.0032389
./random_graph_db/graph_db_node_19/02_p0.2/02_graph_n19_p0.2_idx2.gpickle,19,0.2,2,6,27,84,"[13, 4, 16, 10, 14, 11, 5, 8, 15, 1, 12, 3, 2, 18, 9, 17, 0, 7, 6]",3.7816
./random_graph_db/graph_db_node_19/02_p0.2/02_graph_n19_p0.2_idx3.gpickle,19,0.2,3,5,22,66,"[3, 18, 6, 12, 9, 17, 5, 10, 15, 11, 0, 1, 14, 4, 7, 2, 13, 8, 16]",3.510709
./random_graph_db/graph_db_node_19/02_p0.2/02_graph_n19_p0.2_idx4.gpickle,19,0.2,4,4,17,77,"[8, 11, 6, 15, 16, 14, 17, 3, 2, 13, 0, 1, 5, 12, 18, 7, 10, 9, 4]",3.1722682
./random_graph_db/graph_db_node_19/02_p0.2/02_graph_n19_p0.2_idx5.gpickle,19,0.2,5,5,22,68,"[16, 4, 10, 11, 2, 0, 5, 18, 6, 15, 3, 9, 13, 12, 7, 1, 14, 8, 17]",3.6665249
./random_graph_db/graph_db_node_19/02_p0.2/02_graph_n19_p0.2_idx6.gpickle,19,0.2,6,4,14,48,"[1, 4, 8, 12, 18, 15, 16, 14, 9, 6, 10, 2, 17, 5, 13, 3, 11, 7, 0]",3.3906209
./random_graph_db/graph_db_node_19/02_p0.2/02_graph_n19_p0.2_idx7.gpickle,19,0.2,7,5,22,67,"[16, 15, 12, 9, 13, 6, 4, 18, 7, 8, 17, 1, 0, 2, 10, 5, 3, 11, 14]",3.5848329
./random_graph_db/graph_db_node_19/02_p0.2/02_graph_n19_p0.2_idx8.gpickle,19,0.2,8,4,15,44,"[16, 8, 11, 13, 5, 7, 10, 3, 15, 14, 0, 18, 1, 4, 9, 6, 2, 17, 12]",2.8647571
./random_graph_db/graph_db_node_19/02_p0.2/02_graph_n19_p0.2_idx9.gpickle,19,0.2,9,5,26,83,"[18, 15, 8, 10, 6, 2, 7, 16, 1, 17, 13, 9, 12, 4, 5, 0, 3, 11, 14]",3.9553971
./random_graph_db/graph_db_node_19/03_p0.3/03_graph_n19_p0.3_idx1.gpickle,19,0.3,1,6,40,118,"[17, 14, 7, 3, 8, 4, 18, 1, 5, 0, 16, 15, 2, 12, 10, 13, 11, 6, 9]",4.05317
./random_graph_db/graph_db_node_19/03_p0.3/03_graph_n19_p0.3_idx10.gpickle,19,0.3,10,7,54,141,"[13, 1, 7, 12, 8, 16, 9, 15, 14, 17, 2, 3, 11, 18, 4, 5, 6, 10, 0]",6.5964851
./random_graph_db/graph_db_node_19/03_p0.3/03_graph_n19_p0.3_idx2.gpickle,19,0.3,2,6,30,67,"[14, 5, 2, 15, 9, 0, 11, 17, 8, 6, 3, 18, 7, 4, 1, 13, 12, 10, 16]",4.1259401
./random_graph_db/graph_db_node_19/03_p0.3/03_graph_n19_p0.3_idx3.gpickle,19,0.3,3,6,43,120,"[11, 4, 0, 2, 12, 18, 13, 9, 1, 10, 17, 14, 15, 8, 16, 7, 6, 5, 3]",4.7528143
./random_graph_db/graph_db_node_19/03_p0.3/03_graph_n19_p0.3_idx4.gpickle,19,0.3,4,8,46,135,"[14, 3, 10, 6, 2, 17, 9, 1, 5, 11, 16, 0, 15, 12, 8, 18, 4, 7, 13]",4.4309378
./random_graph_db/graph_db_node_19/03_p0.3/03_graph_n19_p0.3_idx5.gpickle,19,0.3,5,7,30,88,"[8, 18, 6, 9, 2, 1, 7, 17, 11, 14, 5, 0, 15, 4, 12, 3, 16, 10, 13]",5.031179
./random_graph_db/graph_db_node_19/03_p0.3/03_graph_n19_p0.3_idx6.gpickle,19,0.3,6,6,45,109,"[1, 10, 3, 7, 16, 11, 5, 17, 4, 8, 15, 6, 9, 0, 12, 18, 13, 14, 2]",4.2339799
./random_graph_db/graph_db_node_19/03_p0.3/03_graph_n19_p0.3_idx7.gpickle,19,0.3,7,6,36,112,"[16, 3, 13, 1, 10, 6, 14, 0, 7, 5, 15, 18, 8, 4, 11, 12, 2, 9, 17]",4.343035
./random_graph_db/graph_db_node_19/03_p0.3/03_graph_n19_p0.3_idx8.gpickle,19,0.3,8,6,45,129,"[4, 14, 7, 18, 17, 11, 16, 9, 2, 8, 13, 15, 1, 3, 5, 6, 12, 10, 0]",5.9240479
./random_graph_db/graph_db_node_19/03_p0.3/03_graph_n19_p0.3_idx9.gpickle,19,0.3,9,7,52,142,"[8, 3, 15, 10, 6, 7, 18, 1, 17, 5, 13, 0, 14, 2, 11, 4, 16, 12, 9]",4.872849
./random_graph_db/graph_db_node_19/04_p0.4/04_graph_n19_p0.4_idx1.gpickle,19,0.4,1,7,58,167,"[1, 16, 6, 12, 13, 18, 2, 0, 7, 5, 14, 10, 3, 4, 8, 15, 11, 9, 17]",4.9650679
./random_graph_db/graph_db_node_19/04_p0.4/04_graph_n19_p0.4_idx10.gpickle,19,0.4,10,8,66,168,"[16, 4, 0, 10, 1, 8, 7, 2, 3, 9, 14, 18, 15, 12, 6, 11, 5, 17, 13]",5.2109342
./random_graph_db/graph_db_node_19/04_p0.4/04_graph_n19_p0.4_idx2.gpickle,19,0.4,2,8,57,149,"[9, 14, 13, 2, 11, 15, 12, 0, 17, 3, 10, 16, 4, 7, 6, 8, 5, 1, 18]",4.636884
./random_graph_db/graph_db_node_19/04_p0.4/04_graph_n19_p0.4_idx3.gpickle,19,0.4,3,8,49,123,"[9, 8, 3, 1, 4, 7, 0, 6, 10, 13, 17, 15, 2, 11, 5, 12, 16, 18, 14]",4.60934
./random_graph_db/graph_db_node_19/04_p0.4/04_graph_n19_p0.4_idx4.gpickle,19,0.4,4,8,57,149,"[17, 7, 6, 8, 3, 15, 18, 11, 1, 16, 4, 2, 5, 10, 13, 0, 9, 12, 14]",5.4342439
./random_graph_db/graph_db_node_19/04_p0.4/04_graph_n19_p0.4_idx5.gpickle,19,0.4,5,7,47,126,"[9, 3, 4, 15, 0, 5, 8, 2, 11, 1, 12, 13, 7, 18, 17, 16, 14, 10, 6]",5.234648
./random_graph_db/graph_db_node_19/04_p0.4/04_graph_n19_p0.4_idx6.gpickle,19,0.4,6,7,45,117,"[16, 12, 3, 2, 4, 7, 0, 6, 10, 13, 14, 9, 17, 8, 5, 18, 15, 11, 1]",4.609473
./random_graph_db/graph_db_node_19/04_p0.4/04_graph_n19_p0.4_idx7.gpickle,19,0.4,7,7,50,141,"[17, 16, 14, 10, 0, 8, 7, 15, 2, 11, 4, 3, 1, 13, 18, 6, 5, 12, 9]",7.2563899
./random_graph_db/graph_db_node_19/04_p0.4/04_graph_n19_p0.4_idx8.gpickle,19,0.4,8,6,45,136,"[4, 15, 17, 13, 2, 8, 7, 1, 18, 0, 9, 14, 16, 3, 10, 5, 11, 6, 12]",4.9583292
./random_graph_db/graph_db_node_19/04_p0.4/04_graph_n19_p0.4_idx9.gpickle,19,0.4,9,6,46,120,"[6, 13, 1, 5, 7, 16, 12, 3, 10, 0, 18, 15, 17, 11, 4, 2, 8, 9, 14]",7.3210158
./random_graph_db/graph_db_node_19/05_p0.45/05_graph_n19_p0.45_idx1.gpickle,19,0.45,1,6,50,139,"[17, 7, 2, 12, 13, 9, 6, 16, 1, 5, 18, 0, 4, 11, 8, 3, 15, 14, 10]",4.5822239
./random_graph_db/graph_db_node_19/05_p0.45/05_graph_n19_p0.45_idx10.gpickle,19,0.45,10,7,59,164,"[5, 8, 16, 18, 15, 11, 7, 6, 4, 3, 1, 14, 17, 10, 9, 0, 13, 12, 2]",5.2196651
./random_graph_db/graph_db_node_19/05_p0.45/05_graph_n19_p0.45_idx2.gpickle,19,0.45,2,7,61,157,"[8, 9, 10, 5, 7, 18, 6, 16, 14, 3, 0, 12, 2, 13, 1, 4, 17, 11, 15]",4.863687
./random_graph_db/graph_db_node_19/05_p0.45/05_graph_n19_p0.45_idx3.gpickle,19,0.45,3,7,40,124,"[3, 0, 6, 4, 14, 12, 18, 9, 8, 13, 1, 5, 17, 2, 11, 10, 16, 7, 15]",4.4058633
./random_graph_db/graph_db_node_19/05_p0.45/05_graph_n19_p0.45_idx4.gpickle,19,0.45,4,7,46,110,"[17, 13, 12, 7, 3, 5, 0, 4, 15, 1, 16, 6, 2, 10, 18, 9, 11, 14, 8]",4.688062
./random_graph_db/graph_db_node_19/05_p0.45/05_graph_n19_p0.45_idx5.gpickle,19,0.45,5,7,58,166,"[7, 15, 4, 12, 10, 8, 14, 1, 17, 6, 18, 16, 9, 5, 0, 3, 11, 2, 13]",5.0739758
./random_graph_db/graph_db_node_19/05_p0.45/05_graph_n19_p0.45_idx6.gpickle,19,0.45,6,7,51,137,"[2, 1, 0, 3, 8, 16, 5, 4, 15, 10, 13, 6, 7, 9, 11, 17, 14, 12, 18]",4.9538329
./random_graph_db/graph_db_node_19/05_p0.45/05_graph_n19_p0.45_idx7.gpickle,19,0.45,7,7,41,113,"[4, 15, 16, 7, 11, 14, 12, 6, 10, 8, 0, 9, 18, 2, 17, 13, 3, 1, 5]",4.2781811
./random_graph_db/graph_db_node_19/05_p0.45/05_graph_n19_p0.45_idx8.gpickle,19,0.45,8,8,70,181,"[3, 14, 18, 13, 16, 6, 1, 12, 17, 10, 9, 0, 15, 8, 4, 7, 5, 2, 11]",5.8444922
./random_graph_db/graph_db_node_19/05_p0.45/05_graph_n19_p0.45_idx9.gpickle,19,0.45,9,8,54,136,"[14, 5, 13, 8, 4, 12, 0, 16, 3, 6, 17, 2, 10, 1, 15, 9, 18, 11, 7]",4.9312298
./random_graph_db/graph_db_node_19/06_p0.5/06_graph_n19_p0.5_idx1.gpickle,19,0.5,1,8,58,164,"[5, 16, 15, 10, 6, 13, 11, 1, 17, 12, 18, 0, 7, 8, 3, 9, 4, 2, 14]",5.1623731
./random_graph_db/graph_db_node_19/06_p0.5/06_graph_n19_p0.5_idx10.gpickle,19,0.5,10,7,58,155,"[3, 9, 15, 11, 14, 5, 17, 12, 1, 13, 0, 8, 7, 4, 16, 6, 2, 10, 18]",4.842443
./random_graph_db/graph_db_node_19/06_p0.5/06_graph_n19_p0.5_idx2.gpickle,19,0.5,2,7,59,158,"[11, 14, 13, 12, 6, 5, 10, 1, 0, 18, 15, 16, 9, 17, 2, 3, 7, 4, 8]",5.3113389
./random_graph_db/graph_db_node_19/06_p0.5/06_graph_n19_p0.5_idx3.gpickle,19,0.5,3,8,64,157,"[7, 4, 12, 10, 0, 5, 18, 17, 15, 14, 1, 3, 11, 16, 8, 2, 9, 6, 13]",5.641237
./random_graph_db/graph_db_node_19/06_p0.5/06_graph_n19_p0.5_idx4.gpickle,19,0.5,4,8,61,156,"[15, 0, 1, 4, 12, 7, 8, 9, 2, 17, 13, 18, 5, 3, 16, 14, 11, 10, 6]",5.046088
./random_graph_db/graph_db_node_19/06_p0.5/06_graph_n19_p0.5_idx5.gpickle,19,0.5,5,7,64,164,"[8, 4, 0, 9, 7, 11, 1, 13, 2, 17, 14, 12, 15, 10, 5, 16, 3, 18, 6]",4.9103198
./random_graph_db/graph_db_node_19/06_p0.5/06_graph_n19_p0.5_idx6.gpickle,19,0.5,6,7,52,133,"[2, 11, 18, 14, 1, 6, 17, 3, 15, 4, 7, 12, 16, 8, 5, 9, 13, 0, 10]",5.2068648
./random_graph_db/graph_db_node_19/06_p0.5/06_graph_n19_p0.5_idx7.gpickle,19,0.5,7,8,48,127,"[11, 17, 2, 14, 16, 5, 12, 8, 4, 3, 7, 15, 6, 9, 0, 13, 10, 1, 18]",4.8734751
./random_graph_db/graph_db_node_19/06_p0.5/06_graph_n19_p0.5_idx8.gpickle,19,0.5,8,7,48,128,"[15, 9, 14, 17, 1, 13, 5, 18, 8, 7, 2, 16, 6, 0, 12, 11, 10, 3, 4]",4.7096331
./random_graph_db/graph_db_node_19/06_p0.5/06_graph_n19_p0.5_idx9.gpickle,19,0.5,9,7,59,162,"[3, 0, 10, 9, 4, 13, 11, 17, 15, 18, 1, 8, 2, 6, 16, 12, 7, 5, 14]",5.0705018
./random_graph_db/graph_db_node_19/07_p0.55/07_graph_n19_p0.55_idx1.gpickle,19,0.55,1,7,54,155,"[0, 7, 15, 1, 8, 16, 9, 4, 14, 6, 11, 12, 10, 13, 18, 3, 2, 17, 5]",4.8060143
./random_graph_db/graph_db_node_19/07_p0.55/07_graph_n19_p0.55_idx10.gpickle,19,0.55,10,8,56,148,"[4, 0, 17, 8, 15, 14, 1, 18, 13, 7, 10, 2, 6, 11, 5, 12, 3, 16, 9]",4.9155021
./random_graph_db/graph_db_node_19/07_p0.55/07_graph_n19_p0.55_idx2.gpickle,19,0.55,2,7,57,146,"[12, 16, 15, 8, 11, 1, 13, 7, 17, 18, 4, 10, 6, 14, 5, 3, 0, 2, 9]",4.893204
./random_graph_db/graph_db_node_19/07_p0.55/07_graph_n19_p0.55_idx3.gpickle,19,0.55,3,7,50,134,"[16, 7, 18, 17, 4, 15, 10, 13, 11, 6, 0, 9, 8, 14, 12, 1, 2, 5, 3]",5.1551259
./random_graph_db/graph_db_node_19/07_p0.55/07_graph_n19_p0.55_idx4.gpickle,19,0.55,4,7,55,153,"[7, 6, 5, 11, 0, 13, 18, 17, 16, 15, 9, 14, 12, 4, 2, 1, 10, 8, 3]",4.554508
./random_graph_db/graph_db_node_19/07_p0.55/07_graph_n19_p0.55_idx5.gpickle,19,0.55,5,7,52,148,"[5, 0, 15, 13, 17, 6, 10, 1, 8, 18, 4, 2, 7, 12, 16, 3, 11, 14, 9]",4.786871
./random_graph_db/graph_db_node_19/07_p0.55/07_graph_n19_p0.55_idx6.gpickle,19,0.55,6,7,59,148,"[5, 11, 9, 18, 16, 0, 4, 10, 15, 17, 1, 12, 3, 7, 6, 14, 13, 2, 8]",5.0227361
./random_graph_db/graph_db_node_19/07_p0.55/07_graph_n19_p0.55_idx7.gpickle,19,0.55,7,7,48,115,"[3, 12, 9, 10, 5, 2, 17, 1, 8, 4, 7, 14, 11, 15, 16, 18, 13, 0, 6]",4.6340749
./random_graph_db/graph_db_node_19/07_p0.55/07_graph_n19_p0.55_idx8.gpickle,19,0.55,8,8,69,190,"[7, 2, 4, 6, 0, 17, 9, 16, 13, 14, 1, 12, 8, 3, 10, 11, 15, 5, 18]",5.2869132
./random_graph_db/graph_db_node_19/07_p0.55/07_graph_n19_p0.55_idx9.gpickle,19,0.55,9,8,55,152,"[2, 12, 9, 16, 3, 7, 5, 6, 15, 13, 10, 14, 8, 17, 11, 0, 18, 1, 4]",4.9854231
./random_graph_db/graph_db_node_19/08_p0.6/08_graph_n19_p0.6_idx1.gpickle,19,0.6,1,8,57,158,"[0, 9, 1, 5, 17, 15, 18, 7, 4, 6, 10, 2, 11, 13, 16, 3, 8, 12, 14]",5.9666588
./random_graph_db/graph_db_node_19/08_p0.6/08_graph_n19_p0.6_idx10.gpickle,19,0.6,10,7,48,140,"[18, 14, 4, 13, 2, 7, 16, 1, 8, 12, 3, 11, 17, 10, 5, 15, 9, 6, 0]",4.7609651
./random_graph_db/graph_db_node_19/08_p0.6/08_graph_n19_p0.6_idx2.gpickle,19,0.6,2,7,47,123,"[4, 5, 7, 1, 0, 9, 14, 15, 6, 12, 8, 3, 13, 2, 16, 11, 17, 10, 18]",4.910749
./random_graph_db/graph_db_node_19/08_p0.6/08_graph_n19_p0.6_idx3.gpickle,19,0.6,3,8,64,161,"[5, 6, 9, 13, 16, 12, 14, 3, 18, 8, 2, 4, 11, 7, 1, 15, 10, 0, 17]",5.0657144
./random_graph_db/graph_db_node_19/08_p0.6/08_graph_n19_p0.6_idx4.gpickle,19,0.6,4,8,62,159,"[9, 0, 4, 6, 8, 16, 3, 17, 12, 13, 11, 15, 5, 2, 7, 18, 10, 14, 1]",4.8706381
./random_graph_db/graph_db_node_19/08_p0.6/08_graph_n19_p0.6_idx5.gpickle,19,0.6,5,7,59,162,"[15, 11, 3, 17, 18, 16, 2, 10, 6, 14, 4, 1, 13, 9, 8, 7, 5, 12, 0]",5.2418258
./random_graph_db/graph_db_node_19/08_p0.6/08_graph_n19_p0.6_idx6.gpickle,19,0.6,6,8,60,157,"[5, 4, 10, 15, 16, 14, 1, 8, 13, 6, 18, 0, 12, 7, 3, 9, 2, 11, 17]",5.0421889
./random_graph_db/graph_db_node_19/08_p0.6/08_graph_n19_p0.6_idx7.gpickle,19,0.6,7,7,63,165,"[13, 8, 14, 6, 0, 17, 9, 12, 18, 4, 5, 1, 3, 15, 2, 16, 10, 7, 11]",5.5398071
./random_graph_db/graph_db_node_19/08_p0.6/08_graph_n19_p0.6_idx8.gpickle,19,0.6,8,8,53,141,"[18, 17, 2, 10, 0, 1, 16, 13, 14, 11, 4, 5, 9, 3, 15, 6, 8, 12, 7]",4.9664211
./random_graph_db/graph_db_node_19/08_p0.6/08_graph_n19_p0.6_idx9.gpickle,19,0.6,9,7,54,152,"[11, 18, 7, 14, 8, 12, 2, 16, 17, 10, 13, 15, 4, 0, 6, 5, 1, 9, 3]",4.8371751
./random_graph_db/graph_db_node_19/09_p0.65/09_graph_n19_p0.65_idx1.gpickle,19,0.65,1,7,55,160,"[1, 2, 3, 17, 4, 10, 0, 7, 12, 11, 8, 15, 9, 5, 6, 18, 13, 14, 16]",5.1067531
./random_graph_db/graph_db_node_19/09_p0.65/09_graph_n19_p0.65_idx10.gpickle,19,0.65,10,7,62,150,"[1, 3, 12, 14, 2, 5, 18, 17, 15, 11, 13, 9, 7, 4, 8, 16, 0, 10, 6]",5.5169938
./random_graph_db/graph_db_node_19/09_p0.65/09_graph_n19_p0.65_idx2.gpickle,19,0.65,2,8,58,163,"[18, 9, 12, 7, 8, 2, 1, 6, 10, 16, 5, 13, 0, 15, 11, 17, 3, 4, 14]",4.726778
./random_graph_db/graph_db_node_19/09_p0.65/09_graph_n19_p0.65_idx3.gpickle,19,0.65,3,7,58,154,"[6, 8, 14, 16, 15, 18, 13, 12, 7, 4, 3, 1, 10, 17, 5, 2, 9, 11, 0]",4.90729
./random_graph_db/graph_db_node_19/09_p0.65/09_graph_n19_p0.65_idx4.gpickle,19,0.65,4,8,72,185,"[11, 3, 6, 14, 15, 17, 4, 0, 9, 16, 13, 18, 5, 7, 2, 1, 8, 10, 12]",5.241801
./random_graph_db/graph_db_node_19/09_p0.65/09_graph_n19_p0.65_idx5.gpickle,19,0.65,5,8,49,137,"[6, 9, 2, 8, 7, 12, 14, 1, 18, 17, 13, 0, 11, 3, 16, 5, 10, 4, 15]",4.5308988
./random_graph_db/graph_db_node_19/09_p0.65/09_graph_n19_p0.65_idx6.gpickle,19,0.65,6,7,62,160,"[14, 12, 5, 13, 3, 6, 8, 17, 15, 0, 7, 1, 16, 10, 18, 2, 11, 9, 4]",4.9440591
./random_graph_db/graph_db_node_19/09_p0.65/09_graph_n19_p0.65_idx7.gpickle,19,0.65,7,8,65,157,"[17, 13, 3, 2, 10, 8, 6, 11, 0, 18, 16, 14, 5, 9, 1, 4, 15, 12, 7]",5.1970181
./random_graph_db/graph_db_node_19/09_p0.65/09_graph_n19_p0.65_idx8.gpickle,19,0.65,8,7,46,121,"[10, 14, 16, 17, 11, 3, 15, 8, 18, 12, 5, 4, 9, 6, 13, 1, 2, 0, 7]",4.86305
./random_graph_db/graph_db_node_19/09_p0.65/09_graph_n19_p0.65_idx9.gpickle,19,0.65,9,7,54,149,"[11, 12, 14, 17, 8, 4, 9, 15, 18, 0, 10, 2, 6, 16, 5, 1, 13, 3, 7]",4.731684
./random_graph_db/graph_db_node_19/10_p0.7/10_graph_n19_p0.7_idx1.gpickle,19,0.7,1,6,44,117,"[17, 3, 11, 7, 10, 8, 1, 13, 15, 6, 18, 14, 12, 4, 16, 2, 5, 9, 0]",4.6516428
./random_graph_db/graph_db_node_19/10_p0.7/10_graph_n19_p0.7_idx10.gpickle,19,0.7,10,6,50,138,"[15, 13, 17, 5, 16, 9, 6, 12, 2, 8, 0, 11, 7, 10, 4, 18, 14, 3, 1]",4.8229249
./random_graph_db/graph_db_node_19/10_p0.7/10_graph_n19_p0.7_idx2.gpickle,19,0.7,2,8,52,132,"[9, 11, 8, 0, 10, 17, 15, 3, 18, 13, 16, 6, 4, 1, 12, 2, 7, 14, 5]",4.7897961
./random_graph_db/graph_db_node_19/10_p0.7/10_graph_n19_p0.7_idx3.gpickle,19,0.7,3,7,45,118,"[0, 4, 7, 11, 2, 18, 6, 8, 3, 1, 13, 16, 9, 10, 5, 17, 12, 15, 14]",4.5263891
./random_graph_db/graph_db_node_19/10_p0.7/10_graph_n19_p0.7_idx4.gpickle,19,0.7,4,7,52,133,"[5, 0, 10, 14, 9, 7, 2, 1, 17, 3, 16, 4, 18, 8, 12, 11, 15, 6, 13]",4.6192799
./random_graph_db/graph_db_node_19/10_p0.7/10_graph_n19_p0.7_idx5.gpickle,19,0.7,5,7,55,129,"[6, 13, 7, 17, 8, 1, 15, 9, 4, 2, 0, 14, 10, 5, 12, 18, 11, 3, 16]",4.5313628
./random_graph_db/graph_db_node_19/10_p0.7/10_graph_n19_p0.7_idx6.gpickle,19,0.7,6,7,46,119,"[1, 8, 15, 4, 0, 6, 3, 12, 13, 16, 10, 18, 17, 2, 11, 14, 7, 5, 9]",7.521069
./random_graph_db/graph_db_node_19/10_p0.7/10_graph_n19_p0.7_idx7.gpickle,19,0.7,7,8,45,120,"[17, 0, 2, 8, 6, 13, 4, 18, 1, 10, 5, 9, 16, 12, 3, 11, 15, 7, 14]",5.0318139
./random_graph_db/graph_db_node_19/10_p0.7/10_graph_n19_p0.7_idx8.gpickle,19,0.7,8,8,54,143,"[9, 1, 18, 15, 14, 8, 5, 11, 3, 0, 12, 4, 6, 13, 7, 10, 2, 17, 16]",4.6920128
./random_graph_db/graph_db_node_19/10_p0.7/10_graph_n19_p0.7_idx9.gpickle,19,0.7,9,7,43,113,"[1, 2, 7, 8, 10, 12, 0, 17, 14, 3, 9, 15, 6, 16, 13, 4, 11, 5, 18]",4.4821
./random_graph_db/graph_db_node_19/11_p0.8/11_graph_n19_p0.8_idx1.gpickle,19,0.8,1,5,30,87,"[10, 14, 9, 5, 15, 13, 4, 6, 0, 12, 3, 18, 11, 1, 2, 8, 17, 7, 16]",3.7836616
./random_graph_db/graph_db_node_19/11_p0.8/11_graph_n19_p0.8_idx10.gpickle,19,0.8,10,6,44,122,"[13, 14, 0, 1, 16, 17, 7, 3, 5, 2, 11, 15, 4, 8, 9, 12, 10, 18, 6]",4.9494362
./random_graph_db/graph_db_node_19/11_p0.8/11_graph_n19_p0.8_idx2.gpickle,19,0.8,2,4,22,68,"[5, 7, 6, 11, 12, 1, 15, 0, 2, 8, 13, 9, 14, 4, 17, 16, 3, 18, 10]",3.3651559
./random_graph_db/graph_db_node_19/11_p0.8/11_graph_n19_p0.8_idx3.gpickle,19,0.8,3,7,46,115,"[10, 3, 5, 2, 15, 4, 9, 13, 16, 17, 8, 18, 14, 7, 1, 11, 6, 0, 12]",4.3935652
./random_graph_db/graph_db_node_19/11_p0.8/11_graph_n19_p0.8_idx4.gpickle,19,0.8,4,7,42,103,"[1, 0, 5, 18, 11, 10, 14, 17, 13, 3, 9, 6, 4, 2, 7, 8, 12, 16, 15]",4.304502
./random_graph_db/graph_db_node_19/11_p0.8/11_graph_n19_p0.8_idx5.gpickle,19,0.8,5,6,28,72,"[6, 9, 7, 8, 1, 4, 18, 13, 14, 10, 15, 11, 16, 5, 3, 0, 17, 2, 12]",3.8956339
./random_graph_db/graph_db_node_19/11_p0.8/11_graph_n19_p0.8_idx6.gpickle,19,0.8,6,5,29,84,"[3, 2, 8, 7, 9, 16, 17, 13, 5, 12, 4, 1, 0, 18, 14, 6, 11, 10, 15]",3.4014969
./random_graph_db/graph_db_node_19/11_p0.8/11_graph_n19_p0.8_idx7.gpickle,19,0.8,7,5,28,76,"[15, 6, 3, 2, 0, 11, 4, 14, 13, 12, 8, 9, 18, 1, 7, 10, 16, 17, 5]",4.3881547
./random_graph_db/graph_db_node_19/11_p0.8/11_graph_n19_p0.8_idx8.gpickle,19,0.8,8,7,48,124,"[7, 13, 1, 6, 18, 8, 2, 16, 0, 10, 9, 11, 14, 15, 3, 12, 17, 4, 5]",6.3541639
./random_graph_db/graph_db_node_19/11_p0.8/11_graph_n19_p0.8_idx9.gpickle,19,0.8,9,4,25,81,"[17, 14, 4, 3, 7, 9, 15, 12, 8, 6, 13, 11, 0, 1, 16, 18, 2, 5, 10]",3.7813871
./random_graph_db/graph_db_node_19/12_p0.9/12_graph_n19_p0.9_idx1.gpickle,19,0.9,1,4,14,49,"[3, 6, 14, 0, 1, 4, 5, 18, 8, 12, 13, 9, 11, 15, 10, 16, 17, 2, 7]",3.1033843
./random_graph_db/graph_db_node_19/12_p0.9/12_graph_n19_p0.9_idx10.gpickle,19,0.9,10,3,15,56,"[2, 3, 15, 17, 18, 13, 6, 16, 7, 10, 9, 1, 8, 5, 12, 11, 14, 4, 0]",2.9863429
./random_graph_db/graph_db_node_19/12_p0.9/12_graph_n19_p0.9_idx2.gpickle,19,0.9,2,3,10,38,"[7, 10, 11, 3, 14, 9, 1, 4, 13, 2, 18, 5, 12, 8, 16, 15, 6, 17, 0]",2.0385611
./random_graph_db/graph_db_node_19/12_p0.9/12_graph_n19_p0.9_idx3.gpickle,19,0.9,3,4,21,68,"[8, 3, 4, 2, 6, 0, 15, 7, 10, 5, 17, 12, 1, 18, 16, 13, 9, 11, 14]",3.4609392
./random_graph_db/graph_db_node_19/12_p0.9/12_graph_n19_p0.9_idx4.gpickle,19,0.9,4,5,26,64,"[6, 16, 11, 18, 9, 2, 1, 15, 17, 12, 4, 0, 10, 13, 5, 14, 8, 7, 3]",3.468246
./random_graph_db/graph_db_node_19/12_p0.9/12_graph_n19_p0.9_idx5.gpickle,19,0.9,5,3,13,50,"[1, 4, 10, 12, 11, 15, 5, 2, 7, 16, 14, 8, 18, 17, 0, 3, 6, 9, 13]",2.9468899
./random_graph_db/graph_db_node_19/12_p0.9/12_graph_n19_p0.9_idx6.gpickle,19,0.9,6,3,9,44,"[2, 3, 1, 9, 8, 14, 16, 11, 18, 6, 10, 13, 0, 4, 7, 12, 5, 17, 15]",2.7123227
./random_graph_db/graph_db_node_19/12_p0.9/12_graph_n19_p0.9_idx7.gpickle,19,0.9,7,3,11,44,"[9, 17, 15, 2, 1, 14, 6, 4, 0, 5, 11, 13, 12, 18, 10, 16, 8, 3, 7]",2.9144287
./random_graph_db/graph_db_node_19/12_p0.9/12_graph_n19_p0.9_idx8.gpickle,19,0.9,8,4,22,76,"[6, 13, 18, 5, 14, 17, 12, 7, 0, 4, 1, 15, 16, 8, 3, 9, 10, 2, 11]",3.3090758
./random_graph_db/graph_db_node_19/12_p0.9/12_graph_n19_p0.9_idx9.gpickle,19,0.9,9,4,15,48,"[15, 6, 5, 9, 0, 1, 18, 14, 10, 8, 12, 16, 7, 11, 4, 13, 3, 2, 17]",3.2268858
./random_graph_db/graph_db_node_20/01_p0.1/01_graph_n20_p0.1_idx1.gpickle,20,0.1,1,3,5,32,"[12, 19, 10, 3, 0, 8, 11, 6, 15, 13, 4, 14, 18, 17, 2, 1, 7, 16, 5, 9]",2.349539
./random_graph_db/graph_db_node_20/01_p0.1/01_graph_n20_p0.1_idx10.gpickle,20,0.1,10,4,8,36,"[15, 17, 6, 7, 18, 1, 11, 19, 10, 13, 9, 16, 12, 4, 14, 2, 0, 8, 3, 5]",3.0634141
./random_graph_db/graph_db_node_20/01_p0.1/01_graph_n20_p0.1_idx2.gpickle,20,0.1,2,3,5,30,"[8, 15, 0, 11, 17, 18, 12, 4, 2, 14, 13, 9, 7, 19, 6, 16, 3, 1, 10, 5]",2.9466209
./random_graph_db/graph_db_node_20/01_p0.1/01_graph_n20_p0.1_idx3.gpickle,20,0.1,3,3,8,39,"[8, 14, 11, 19, 9, 2, 16, 15, 3, 18, 12, 4, 10, 13, 0, 6, 17, 5, 7, 1]",2.6200089
./random_graph_db/graph_db_node_20/01_p0.1/01_graph_n20_p0.1_idx4.gpickle,20,0.1,4,2,3,27,"[0, 12, 2, 13, 15, 3, 1, 18, 19, 4, 17, 5, 10, 16, 7, 9, 11, 6, 8, 14]",2.1092229
./random_graph_db/graph_db_node_20/01_p0.1/01_graph_n20_p0.1_idx5.gpickle,20,0.1,5,4,8,36,"[0, 11, 2, 15, 16, 1, 3, 18, 19, 4, 17, 5, 14, 9, 10, 7, 12, 8, 6, 13]",3.6576457
./random_graph_db/graph_db_node_20/01_p0.1/01_graph_n20_p0.1_idx6.gpickle,20,0.1,6,2,5,33,"[13, 15, 0, 12, 19, 16, 9, 14, 5, 3, 6, 2, 11, 7, 4, 1, 10, 18, 8, 17]",2.8566127
./random_graph_db/graph_db_node_20/01_p0.1/01_graph_n20_p0.1_idx7.gpickle,20,0.1,7,2,5,27,"[5, 14, 8, 9, 11, 1, 6, 17, 0, 12, 4, 16, 2, 7, 10, 19, 13, 15, 18, 3]",1.5102701
./random_graph_db/graph_db_node_20/01_p0.1/01_graph_n20_p0.1_idx8.gpickle,20,0.1,8,3,6,31,"[12, 14, 19, 5, 1, 15, 18, 6, 11, 4, 10, 0, 17, 2, 16, 8, 9, 7, 13, 3]",2.401535
./random_graph_db/graph_db_node_20/01_p0.1/01_graph_n20_p0.1_idx9.gpickle,20,0.1,9,3,7,39,"[8, 2, 12, 10, 5, 15, 18, 0, 16, 1, 11, 14, 4, 7, 13, 19, 3, 6, 9, 17]",2.5016539
./random_graph_db/graph_db_node_20/02_p0.2/02_graph_n20_p0.2_idx1.gpickle,20,0.2,1,6,23,66,"[15, 4, 13, 1, 12, 6, 5, 14, 10, 16, 11, 17, 0, 7, 19, 3, 2, 18, 8, 9]",4.0639219
./random_graph_db/graph_db_node_20/02_p0.2/02_graph_n20_p0.2_idx10.gpickle,20,0.2,10,7,27,78,"[8, 5, 11, 17, 18, 12, 2, 16, 19, 14, 7, 13, 1, 6, 4, 3, 9, 10, 0, 15]",4.2216802
./random_graph_db/graph_db_node_20/02_p0.2/02_graph_n20_p0.2_idx2.gpickle,20,0.2,2,6,35,96,"[15, 3, 12, 0, 18, 8, 7, 16, 2, 19, 17, 5, 9, 10, 4, 14, 6, 13, 11, 1]",4.4606678
./random_graph_db/graph_db_node_20/02_p0.2/02_graph_n20_p0.2_idx3.gpickle,20,0.2,3,5,18,68,"[14, 7, 19, 9, 1, 4, 10, 17, 12, 5, 2, 16, 18, 3, 6, 8, 11, 13, 0, 15]",3.7133298
./random_graph_db/graph_db_node_20/02_p0.2/02_graph_n20_p0.2_idx4.gpickle,20,0.2,4,4,18,68,"[8, 11, 9, 17, 3, 1, 19, 13, 14, 12, 0, 15, 18, 16, 6, 10, 2, 5, 4, 7]",3.837333
./random_graph_db/graph_db_node_20/02_p0.2/02_graph_n20_p0.2_idx5.gpickle,20,0.2,5,5,18,70,"[18, 17, 6, 4, 8, 1, 13, 14, 19, 15, 9, 16, 5, 12, 2, 11, 7, 10, 0, 3]",3.8449421
./random_graph_db/graph_db_node_20/02_p0.2/02_graph_n20_p0.2_idx6.gpickle,20,0.2,6,4,20,77,"[0, 7, 19, 12, 5, 1, 17, 13, 4, 15, 14, 3, 18, 8, 9, 10, 6, 11, 2, 16]",2.6764522
./random_graph_db/graph_db_node_20/02_p0.2/02_graph_n20_p0.2_idx7.gpickle,20,0.2,7,5,22,80,"[19, 5, 4, 9, 1, 12, 6, 8, 0, 17, 3, 2, 15, 7, 18, 14, 11, 13, 16, 10]",4.0442193
./random_graph_db/graph_db_node_20/02_p0.2/02_graph_n20_p0.2_idx8.gpickle,20,0.2,8,4,14,47,"[17, 10, 9, 4, 0, 18, 19, 2, 14, 5, 16, 3, 7, 12, 6, 8, 13, 15, 11, 1]",3.4288161
./random_graph_db/graph_db_node_20/02_p0.2/02_graph_n20_p0.2_idx9.gpickle,20,0.2,9,6,29,88,"[2, 17, 11, 16, 10, 12, 9, 3, 18, 19, 4, 5, 6, 1, 0, 7, 14, 8, 13, 15]",4.6191208
./random_graph_db/graph_db_node_20/03_p0.3/03_graph_n20_p0.3_idx1.gpickle,20,0.3,1,7,52,134,"[18, 10, 2, 17, 0, 12, 7, 9, 6, 19, 5, 8, 14, 13, 1, 15, 16, 11, 3, 4]",4.9088089
./random_graph_db/graph_db_node_20/03_p0.3/03_graph_n20_p0.3_idx10.gpickle,20,0.3,10,7,43,117,"[11, 3, 16, 13, 17, 12, 19, 1, 8, 7, 14, 2, 6, 4, 18, 9, 0, 5, 10, 15]",5.202523
./random_graph_db/graph_db_node_20/03_p0.3/03_graph_n20_p0.3_idx2.gpickle,20,0.3,2,7,42,119,"[17, 8, 6, 16, 4, 13, 2, 3, 12, 5, 1, 9, 18, 7, 10, 0, 15, 14, 19, 11]",4.988385
./random_graph_db/graph_db_node_20/03_p0.3/03_graph_n20_p0.3_idx3.gpickle,20,0.3,3,8,60,166,"[10, 6, 16, 19, 17, 5, 2, 1, 7, 12, 8, 4, 0, 15, 9, 18, 11, 13, 14, 3]",5.2902937
./random_graph_db/graph_db_node_20/03_p0.3/03_graph_n20_p0.3_idx4.gpickle,20,0.3,4,7,41,111,"[17, 9, 5, 16, 11, 0, 3, 7, 2, 8, 1, 10, 12, 15, 13, 4, 19, 14, 6, 18]",6.759798
./random_graph_db/graph_db_node_20/03_p0.3/03_graph_n20_p0.3_idx5.gpickle,20,0.3,5,6,44,118,"[19, 7, 1, 6, 13, 17, 8, 14, 3, 15, 18, 0, 9, 16, 11, 4, 2, 5, 12, 10]",6.7391403
./random_graph_db/graph_db_node_20/03_p0.3/03_graph_n20_p0.3_idx6.gpickle,20,0.3,6,7,43,123,"[2, 12, 11, 5, 10, 8, 17, 14, 18, 15, 4, 19, 13, 0, 6, 16, 7, 9, 3, 1]",5.4741943
./random_graph_db/graph_db_node_20/03_p0.3/03_graph_n20_p0.3_idx7.gpickle,20,0.3,7,7,53,147,"[19, 9, 13, 18, 17, 16, 8, 11, 14, 12, 10, 7, 4, 3, 6, 5, 0, 1, 2, 15]",4.7722261
./random_graph_db/graph_db_node_20/03_p0.3/03_graph_n20_p0.3_idx8.gpickle,20,0.3,8,7,51,135,"[9, 15, 11, 19, 2, 3, 4, 1, 14, 13, 7, 8, 0, 5, 6, 17, 10, 12, 18, 16]",5.1338279
./random_graph_db/graph_db_node_20/03_p0.3/03_graph_n20_p0.3_idx9.gpickle,20,0.3,9,8,66,161,"[11, 7, 18, 10, 6, 12, 8, 5, 19, 4, 2, 9, 13, 0, 3, 15, 1, 17, 16, 14]",5.8296587
./random_graph_db/graph_db_node_20/04_p0.4/04_graph_n20_p0.4_idx1.gpickle,20,0.4,1,7,50,150,"[14, 11, 2, 5, 3, 13, 12, 17, 15, 10, 9, 1, 7, 8, 4, 0, 18, 16, 6, 19]",5.21363
./random_graph_db/graph_db_node_20/04_p0.4/04_graph_n20_p0.4_idx10.gpickle,20,0.4,10,8,74,175,"[19, 12, 9, 14, 18, 13, 2, 15, 5, 0, 17, 8, 16, 6, 10, 4, 1, 7, 3, 11]",6.7083409
./random_graph_db/graph_db_node_20/04_p0.4/04_graph_n20_p0.4_idx2.gpickle,20,0.4,2,7,59,158,"[4, 8, 7, 11, 1, 17, 2, 16, 18, 10, 6, 0, 12, 15, 19, 14, 9, 3, 13, 5]",5.9936869
./random_graph_db/graph_db_node_20/04_p0.4/04_graph_n20_p0.4_idx3.gpickle,20,0.4,3,7,70,181,"[9, 17, 5, 2, 16, 11, 10, 6, 15, 13, 4, 7, 0, 8, 3, 19, 18, 1, 12, 14]",5.400779
./random_graph_db/graph_db_node_20/04_p0.4/04_graph_n20_p0.4_idx4.gpickle,20,0.4,4,7,57,152,"[0, 17, 15, 4, 8, 2, 1, 13, 18, 14, 19, 16, 11, 3, 9, 7, 12, 6, 5, 10]",5.4532549
./random_graph_db/graph_db_node_20/04_p0.4/04_graph_n20_p0.4_idx5.gpickle,20,0.4,5,8,66,171,"[5, 1, 12, 19, 11, 6, 18, 13, 3, 9, 8, 0, 15, 16, 7, 4, 2, 17, 10, 14]",5.631645
./random_graph_db/graph_db_node_20/04_p0.4/04_graph_n20_p0.4_idx6.gpickle,20,0.4,6,8,62,163,"[9, 17, 14, 18, 3, 16, 5, 6, 2, 11, 7, 0, 13, 8, 10, 12, 15, 4, 1, 19]",6.0570428
./random_graph_db/graph_db_node_20/04_p0.4/04_graph_n20_p0.4_idx7.gpickle,20,0.4,7,8,52,130,"[13, 0, 18, 17, 3, 12, 11, 6, 9, 2, 19, 10, 8, 7, 4, 1, 14, 16, 5, 15]",5.2447968
./random_graph_db/graph_db_node_20/04_p0.4/04_graph_n20_p0.4_idx8.gpickle,20,0.4,8,8,60,164,"[7, 11, 14, 10, 18, 19, 5, 4, 16, 9, 6, 17, 12, 0, 2, 8, 15, 3, 1, 13]",5.6248519
./random_graph_db/graph_db_node_20/04_p0.4/04_graph_n20_p0.4_idx9.gpickle,20,0.4,9,8,72,180,"[4, 17, 15, 8, 19, 3, 1, 13, 6, 10, 12, 0, 2, 5, 14, 11, 9, 7, 16, 18]",5.8157582
./random_graph_db/graph_db_node_20/05_p0.45/05_graph_n20_p0.45_idx1.gpickle,20,0.45,1,9,64,151,"[8, 7, 15, 13, 19, 5, 4, 12, 0, 17, 18, 3, 1, 11, 10, 6, 9, 16, 2, 14]",5.6242847
./random_graph_db/graph_db_node_20/05_p0.45/05_graph_n20_p0.45_idx10.gpickle,20,0.45,10,8,65,160,"[10, 0, 17, 16, 11, 2, 15, 7, 19, 9, 4, 1, 13, 14, 12, 18, 8, 5, 3, 6]",5.5073261
./random_graph_db/graph_db_node_20/05_p0.45/05_graph_n20_p0.45_idx2.gpickle,20,0.45,2,8,70,162,"[16, 15, 4, 9, 12, 14, 13, 19, 8, 1, 7, 10, 0, 11, 2, 5, 3, 18, 6, 17]",5.7725408
./random_graph_db/graph_db_node_20/05_p0.45/05_graph_n20_p0.45_idx3.gpickle,20,0.45,3,8,56,141,"[2, 1, 10, 3, 4, 17, 13, 5, 8, 0, 15, 11, 16, 9, 6, 18, 19, 7, 12, 14]",6.6713898
./random_graph_db/graph_db_node_20/05_p0.45/05_graph_n20_p0.45_idx4.gpickle,20,0.45,4,8,65,167,"[11, 19, 17, 7, 2, 9, 1, 3, 16, 8, 18, 13, 12, 10, 5, 4, 6, 14, 15, 0]",5.6075561
./random_graph_db/graph_db_node_20/05_p0.45/05_graph_n20_p0.45_idx5.gpickle,20,0.45,5,7,66,185,"[12, 0, 17, 5, 11, 16, 1, 4, 6, 8, 15, 18, 19, 10, 13, 14, 7, 3, 2, 9]",5.7176862
./random_graph_db/graph_db_node_20/05_p0.45/05_graph_n20_p0.45_idx6.gpickle,20,0.45,6,8,64,155,"[6, 3, 2, 17, 19, 5, 15, 7, 18, 14, 8, 13, 11, 12, 10, 16, 0, 4, 9, 1]",5.7119448
./random_graph_db/graph_db_node_20/05_p0.45/05_graph_n20_p0.45_idx7.gpickle,20,0.45,7,8,58,160,"[9, 4, 3, 13, 17, 19, 14, 0, 15, 8, 6, 12, 5, 7, 2, 1, 11, 18, 16, 10]",5.9483521
./random_graph_db/graph_db_node_20/05_p0.45/05_graph_n20_p0.45_idx8.gpickle,20,0.45,8,8,61,164,"[1, 3, 2, 7, 10, 17, 9, 5, 18, 15, 19, 6, 14, 12, 4, 16, 13, 8, 0, 11]",6.0953553
./random_graph_db/graph_db_node_20/05_p0.45/05_graph_n20_p0.45_idx9.gpickle,20,0.45,9,8,62,155,"[15, 6, 19, 14, 0, 17, 13, 4, 8, 5, 7, 18, 9, 12, 3, 11, 2, 1, 16, 10]",6.378206
./random_graph_db/graph_db_node_20/06_p0.5/06_graph_n20_p0.5_idx1.gpickle,20,0.5,1,8,61,160,"[18, 1, 4, 7, 6, 17, 13, 12, 14, 11, 2, 16, 3, 5, 9, 19, 8, 10, 0, 15]",5.8760619
./random_graph_db/graph_db_node_20/06_p0.5/06_graph_n20_p0.5_idx10.gpickle,20,0.5,10,7,69,176,"[17, 16, 18, 14, 15, 10, 19, 7, 2, 8, 1, 11, 3, 9, 6, 4, 5, 0, 13, 12]",5.5971053
./random_graph_db/graph_db_node_20/06_p0.5/06_graph_n20_p0.5_idx2.gpickle,20,0.5,2,8,62,173,"[13, 6, 4, 11, 0, 12, 9, 10, 2, 8, 17, 15, 3, 1, 14, 7, 19, 5, 16, 18]",6.2071018
./random_graph_db/graph_db_node_20/06_p0.5/06_graph_n20_p0.5_idx3.gpickle,20,0.5,3,9,73,179,"[18, 15, 10, 8, 9, 12, 0, 2, 19, 14, 7, 1, 5, 11, 6, 16, 17, 3, 13, 4]",6.5062001
./random_graph_db/graph_db_node_20/06_p0.5/06_graph_n20_p0.5_idx4.gpickle,20,0.5,4,8,70,177,"[15, 14, 7, 9, 19, 16, 2, 13, 10, 18, 17, 12, 6, 4, 3, 5, 1, 0, 8, 11]",5.7733159
./random_graph_db/graph_db_node_20/06_p0.5/06_graph_n20_p0.5_idx5.gpickle,20,0.5,5,8,60,162,"[4, 17, 11, 3, 18, 9, 16, 6, 13, 12, 8, 5, 0, 7, 15, 19, 14, 2, 1, 10]",7.1289129
./random_graph_db/graph_db_node_20/06_p0.5/06_graph_n20_p0.5_idx6.gpickle,20,0.5,6,8,65,180,"[1, 16, 10, 18, 6, 3, 5, 17, 14, 4, 11, 19, 2, 12, 13, 8, 0, 9, 7, 15]",6.0323858
./random_graph_db/graph_db_node_20/06_p0.5/06_graph_n20_p0.5_idx7.gpickle,20,0.5,7,7,66,179,"[9, 16, 17, 2, 15, 18, 7, 12, 1, 3, 6, 13, 5, 4, 19, 10, 0, 8, 11, 14]",5.6734328
./random_graph_db/graph_db_node_20/06_p0.5/06_graph_n20_p0.5_idx8.gpickle,20,0.5,8,7,50,134,"[14, 11, 5, 15, 1, 8, 6, 0, 17, 4, 9, 7, 19, 12, 13, 18, 2, 10, 16, 3]",5.426024
./random_graph_db/graph_db_node_20/06_p0.5/06_graph_n20_p0.5_idx9.gpickle,20,0.5,9,8,68,177,"[4, 15, 3, 2, 14, 12, 1, 13, 6, 8, 16, 0, 11, 18, 19, 10, 17, 5, 7, 9]",5.9938812
./random_graph_db/graph_db_node_20/07_p0.55/07_graph_n20_p0.55_idx1.gpickle,20,0.55,1,8,68,172,"[19, 12, 8, 1, 5, 16, 15, 6, 4, 0, 17, 18, 10, 7, 2, 14, 13, 11, 3, 9]",5.6063013
./random_graph_db/graph_db_node_20/07_p0.55/07_graph_n20_p0.55_idx10.gpickle,20,0.55,10,7,61,155,"[15, 7, 2, 9, 10, 16, 0, 6, 8, 1, 14, 3, 4, 18, 5, 19, 17, 12, 13, 11]",5.8410749
./random_graph_db/graph_db_node_20/07_p0.55/07_graph_n20_p0.55_idx2.gpickle,20,0.55,2,8,69,191,"[7, 5, 6, 2, 16, 15, 13, 11, 18, 9, 8, 12, 10, 0, 4, 19, 1, 17, 3, 14]",6.3592787
./random_graph_db/graph_db_node_20/07_p0.55/07_graph_n20_p0.55_idx3.gpickle,20,0.55,3,8,64,168,"[1, 0, 13, 15, 18, 19, 10, 11, 6, 5, 17, 2, 12, 4, 3, 9, 16, 14, 8, 7]",6.1547639
./random_graph_db/graph_db_node_20/07_p0.55/07_graph_n20_p0.55_idx4.gpickle,20,0.55,4,8,61,163,"[12, 17, 1, 9, 10, 0, 5, 7, 14, 15, 4, 6, 8, 3, 18, 11, 13, 19, 16, 2]",6.1792493
./random_graph_db/graph_db_node_20/07_p0.55/07_graph_n20_p0.55_idx5.gpickle,20,0.55,5,8,61,148,"[13, 15, 10, 12, 0, 6, 2, 16, 11, 8, 1, 5, 4, 9, 19, 18, 7, 14, 3, 17]",5.609201
./random_graph_db/graph_db_node_20/07_p0.55/07_graph_n20_p0.55_idx6.gpickle,20,0.55,6,9,71,178,"[18, 5, 15, 14, 13, 11, 6, 2, 10, 19, 8, 1, 7, 0, 3, 17, 12, 4, 9, 16]",6.132637
./random_graph_db/graph_db_node_20/07_p0.55/07_graph_n20_p0.55_idx7.gpickle,20,0.55,7,8,69,179,"[17, 6, 14, 13, 7, 4, 2, 8, 9, 11, 15, 5, 3, 10, 12, 18, 0, 19, 16, 1]",5.9186778
./random_graph_db/graph_db_node_20/07_p0.55/07_graph_n20_p0.55_idx8.gpickle,20,0.55,8,9,67,171,"[16, 13, 2, 7, 14, 1, 4, 17, 6, 9, 10, 8, 18, 19, 15, 5, 12, 11, 0, 3]",5.868871
./random_graph_db/graph_db_node_20/07_p0.55/07_graph_n20_p0.55_idx9.gpickle,20,0.55,9,8,69,175,"[17, 11, 8, 3, 12, 13, 6, 10, 19, 18, 9, 14, 4, 2, 7, 5, 1, 0, 15, 16]",5.65889
./random_graph_db/graph_db_node_20/08_p0.6/08_graph_n20_p0.6_idx1.gpickle,20,0.6,1,8,60,157,"[4, 15, 12, 14, 3, 19, 7, 6, 17, 13, 11, 0, 16, 10, 9, 8, 1, 5, 2, 18]",5.5433552
./random_graph_db/graph_db_node_20/08_p0.6/08_graph_n20_p0.6_idx10.gpickle,20,0.6,10,8,52,135,"[15, 12, 3, 18, 8, 17, 1, 16, 5, 10, 13, 4, 9, 7, 11, 6, 14, 0, 2, 19]",5.881211
./random_graph_db/graph_db_node_20/08_p0.6/08_graph_n20_p0.6_idx2.gpickle,20,0.6,2,7,64,169,"[5, 13, 17, 2, 3, 1, 7, 8, 18, 12, 6, 16, 15, 14, 0, 19, 10, 4, 9, 11]",5.749119
./random_graph_db/graph_db_node_20/08_p0.6/08_graph_n20_p0.6_idx3.gpickle,20,0.6,3,8,57,153,"[2, 14, 13, 3, 1, 12, 4, 16, 9, 18, 11, 7, 5, 17, 10, 15, 0, 8, 19, 6]",5.7408879
./random_graph_db/graph_db_node_20/08_p0.6/08_graph_n20_p0.6_idx4.gpickle,20,0.6,4,7,58,152,"[13, 8, 9, 14, 0, 10, 3, 5, 18, 4, 12, 17, 7, 15, 19, 1, 6, 11, 16, 2]",5.7382309
./random_graph_db/graph_db_node_20/08_p0.6/08_graph_n20_p0.6_idx5.gpickle,20,0.6,5,8,64,145,"[15, 6, 10, 13, 8, 11, 18, 9, 4, 5, 14, 19, 2, 7, 1, 17, 16, 0, 12, 3]",5.3834829
./random_graph_db/graph_db_node_20/08_p0.6/08_graph_n20_p0.6_idx6.gpickle,20,0.6,6,6,44,127,"[5, 17, 15, 1, 13, 10, 9, 18, 6, 19, 7, 14, 8, 11, 12, 16, 0, 2, 3, 4]",5.446193
./random_graph_db/graph_db_node_20/08_p0.6/08_graph_n20_p0.6_idx7.gpickle,20,0.6,7,8,60,156,"[18, 11, 16, 8, 19, 12, 14, 6, 2, 5, 0, 10, 3, 15, 9, 17, 7, 1, 13, 4]",5.465462
./random_graph_db/graph_db_node_20/08_p0.6/08_graph_n20_p0.6_idx8.gpickle,20,0.6,8,9,63,167,"[18, 16, 19, 15, 9, 13, 7, 6, 2, 17, 10, 0, 3, 11, 12, 1, 8, 14, 4, 5]",5.5631371
./random_graph_db/graph_db_node_20/08_p0.6/08_graph_n20_p0.6_idx9.gpickle,20,0.6,9,8,61,164,"[1, 5, 7, 10, 14, 9, 17, 16, 3, 19, 2, 15, 4, 8, 0, 12, 18, 6, 13, 11]",6.1115437
./random_graph_db/graph_db_node_20/09_p0.65/09_graph_n20_p0.65_idx1.gpickle,20,0.65,1,8,57,155,"[0, 7, 11, 6, 12, 1, 16, 8, 14, 15, 17, 2, 10, 5, 18, 3, 4, 9, 19, 13]",5.7267342
./random_graph_db/graph_db_node_20/09_p0.65/09_graph_n20_p0.65_idx10.gpickle,20,0.65,10,8,64,150,"[19, 15, 10, 0, 11, 7, 17, 16, 4, 1, 5, 2, 12, 18, 8, 6, 13, 14, 3, 9]",5.7080841
./random_graph_db/graph_db_node_20/09_p0.65/09_graph_n20_p0.65_idx2.gpickle,20,0.65,2,8,72,194,"[6, 3, 4, 18, 5, 15, 16, 12, 1, 7, 19, 10, 2, 9, 14, 8, 17, 13, 11, 0]",6.0297048
./random_graph_db/graph_db_node_20/09_p0.65/09_graph_n20_p0.65_idx3.gpickle,20,0.65,3,8,60,148,"[17, 13, 1, 11, 0, 18, 6, 4, 19, 8, 9, 15, 14, 16, 7, 10, 12, 2, 3, 5]",5.789196
./random_graph_db/graph_db_node_20/09_p0.65/09_graph_n20_p0.65_idx4.gpickle,20,0.65,4,8,67,188,"[6, 14, 5, 3, 17, 11, 13, 7, 10, 9, 16, 1, 19, 0, 4, 18, 2, 15, 8, 12]",10.4215
./random_graph_db/graph_db_node_20/09_p0.65/09_graph_n20_p0.65_idx5.gpickle,20,0.65,5,8,56,162,"[4, 16, 17, 10, 3, 13, 18, 2, 6, 5, 8, 14, 1, 0, 12, 11, 9, 15, 19, 7]",5.6723521
./random_graph_db/graph_db_node_20/09_p0.65/09_graph_n20_p0.65_idx6.gpickle,20,0.65,6,6,49,137,"[10, 4, 14, 18, 16, 19, 15, 0, 3, 11, 1, 9, 17, 5, 13, 6, 8, 12, 2, 7]",5.4184082
./random_graph_db/graph_db_node_20/09_p0.65/09_graph_n20_p0.65_idx7.gpickle,20,0.65,7,7,63,175,"[1, 9, 4, 12, 18, 10, 6, 15, 13, 14, 19, 8, 2, 0, 3, 5, 17, 11, 16, 7]",5.8145978
./random_graph_db/graph_db_node_20/09_p0.65/09_graph_n20_p0.65_idx8.gpickle,20,0.65,8,8,65,161,"[11, 4, 7, 2, 1, 10, 5, 18, 19, 9, 0, 3, 8, 13, 6, 15, 14, 17, 12, 16]",5.398967
./random_graph_db/graph_db_node_20/09_p0.65/09_graph_n20_p0.65_idx9.gpickle,20,0.65,9,8,58,155,"[7, 14, 17, 5, 11, 8, 6, 19, 3, 12, 15, 1, 4, 13, 10, 2, 0, 16, 18, 9]",5.998174
./random_graph_db/graph_db_node_20/10_p0.7/10_graph_n20_p0.7_idx1.gpickle,20,0.7,1,8,62,162,"[2, 14, 1, 18, 16, 3, 11, 0, 6, 19, 15, 9, 7, 13, 8, 5, 4, 17, 10, 12]",5.3574209
./random_graph_db/graph_db_node_20/10_p0.7/10_graph_n20_p0.7_idx10.gpickle,20,0.7,10,7,52,140,"[1, 19, 18, 2, 13, 9, 3, 16, 11, 0, 7, 10, 12, 15, 17, 14, 6, 5, 4, 8]",5.4655621
./random_graph_db/graph_db_node_20/10_p0.7/10_graph_n20_p0.7_idx2.gpickle,20,0.7,2,8,75,186,"[4, 18, 5, 1, 3, 6, 14, 17, 8, 13, 12, 7, 0, 15, 9, 19, 16, 10, 11, 2]",6.0690682
./random_graph_db/graph_db_node_20/10_p0.7/10_graph_n20_p0.7_idx3.gpickle,20,0.7,3,7,51,146,"[14, 11, 3, 13, 12, 9, 4, 1, 18, 6, 0, 8, 17, 19, 7, 2, 16, 15, 5, 10]",5.3756111
./random_graph_db/graph_db_node_20/10_p0.7/10_graph_n20_p0.7_idx4.gpickle,20,0.7,4,7,55,133,"[13, 0, 8, 3, 10, 7, 16, 1, 12, 14, 19, 17, 4, 15, 6, 2, 9, 18, 5, 11]",5.7272661
./random_graph_db/graph_db_node_20/10_p0.7/10_graph_n20_p0.7_idx5.gpickle,20,0.7,5,8,60,159,"[10, 8, 16, 3, 1, 7, 13, 9, 11, 4, 18, 6, 17, 12, 0, 19, 2, 5, 15, 14]",5.9172201
./random_graph_db/graph_db_node_20/10_p0.7/10_graph_n20_p0.7_idx6.gpickle,20,0.7,6,8,55,149,"[12, 4, 9, 5, 19, 3, 15, 17, 2, 18, 14, 7, 6, 13, 8, 11, 0, 16, 1, 10]",9.113945
./random_graph_db/graph_db_node_20/10_p0.7/10_graph_n20_p0.7_idx7.gpickle,20,0.7,7,7,51,147,"[15, 3, 12, 16, 2, 11, 10, 4, 0, 7, 1, 17, 5, 14, 18, 8, 6, 19, 13, 9]",5.245666
./random_graph_db/graph_db_node_20/10_p0.7/10_graph_n20_p0.7_idx8.gpickle,20,0.7,8,8,67,169,"[14, 16, 3, 1, 11, 6, 19, 18, 0, 12, 7, 9, 13, 4, 5, 15, 8, 2, 10, 17]",6.042089
./random_graph_db/graph_db_node_20/10_p0.7/10_graph_n20_p0.7_idx9.gpickle,20,0.7,9,7,51,134,"[19, 10, 5, 0, 13, 6, 1, 2, 18, 15, 7, 12, 16, 17, 8, 4, 9, 3, 11, 14]",5.6423798
./random_graph_db/graph_db_node_20/11_p0.8/11_graph_n20_p0.8_idx1.gpickle,20,0.8,1,5,36,95,"[17, 14, 4, 2, 0, 11, 15, 19, 13, 3, 9, 8, 1, 7, 6, 16, 5, 10, 12, 18]",4.6610179
./random_graph_db/graph_db_node_20/11_p0.8/11_graph_n20_p0.8_idx10.gpickle,20,0.8,10,7,58,144,"[13, 12, 11, 3, 16, 0, 5, 2, 17, 4, 7, 6, 15, 14, 10, 1, 9, 8, 18, 19]",5.804472
./random_graph_db/graph_db_node_20/11_p0.8/11_graph_n20_p0.8_idx2.gpickle,20,0.8,2,5,28,77,"[7, 19, 1, 12, 2, 0, 9, 6, 5, 10, 4, 18, 16, 3, 13, 11, 14, 8, 15, 17]",4.0099132
./random_graph_db/graph_db_node_20/11_p0.8/11_graph_n20_p0.8_idx3.gpickle,20,0.8,3,7,48,119,"[5, 4, 16, 0, 19, 15, 13, 2, 3, 1, 7, 12, 14, 8, 6, 11, 17, 18, 9, 10]",5.0186381
./random_graph_db/graph_db_node_20/11_p0.8/11_graph_n20_p0.8_idx4.gpickle,20,0.8,4,7,51,124,"[14, 12, 17, 2, 9, 1, 7, 3, 10, 19, 11, 18, 4, 15, 16, 5, 8, 0, 6, 13]",4.923496
./random_graph_db/graph_db_node_20/11_p0.8/11_graph_n20_p0.8_idx5.gpickle,20,0.8,5,5,24,70,"[18, 11, 14, 5, 12, 4, 6, 16, 13, 0, 1, 3, 8, 9, 7, 10, 2, 17, 15, 19]",3.8135459
./random_graph_db/graph_db_node_20/11_p0.8/11_graph_n20_p0.8_idx6.gpickle,20,0.8,6,7,40,104,"[4, 2, 11, 15, 1, 18, 12, 10, 14, 0, 5, 9, 16, 8, 7, 6, 13, 17, 3, 19]",4.5141621
./random_graph_db/graph_db_node_20/11_p0.8/11_graph_n20_p0.8_idx7.gpickle,20,0.8,7,7,55,138,"[16, 5, 18, 6, 7, 4, 14, 19, 12, 1, 13, 11, 15, 2, 0, 17, 3, 8, 9, 10]",4.958432
./random_graph_db/graph_db_node_20/11_p0.8/11_graph_n20_p0.8_idx8.gpickle,20,0.8,8,7,50,130,"[4, 18, 5, 10, 0, 11, 17, 8, 3, 6, 1, 19, 16, 12, 15, 13, 7, 2, 14, 9]",5.1030991
./random_graph_db/graph_db_node_20/11_p0.8/11_graph_n20_p0.8_idx9.gpickle,20,0.8,9,7,41,120,"[12, 7, 10, 15, 9, 18, 0, 13, 1, 8, 5, 3, 4, 11, 14, 19, 16, 17, 6, 2]",5.5237281
./random_graph_db/graph_db_node_20/12_p0.9/12_graph_n20_p0.9_idx1.gpickle,20,0.9,1,4,15,48,"[13, 5, 2, 19, 9, 14, 6, 11, 4, 0, 17, 15, 16, 18, 12, 3, 7, 10, 8, 1]",3.5585799
./random_graph_db/graph_db_node_20/12_p0.9/12_graph_n20_p0.9_idx10.gpickle,20,0.9,10,4,17,49,"[6, 7, 17, 4, 10, 12, 11, 8, 9, 18, 0, 5, 19, 1, 13, 16, 3, 14, 2, 15]",3.7134402
./random_graph_db/graph_db_node_20/12_p0.9/12_graph_n20_p0.9_idx2.gpickle,20,0.9,2,3,12,51,"[3, 4, 15, 0, 5, 17, 6, 9, 13, 19, 12, 10, 11, 16, 18, 14, 7, 8, 2, 1]",2.3851316
./random_graph_db/graph_db_node_20/12_p0.9/12_graph_n20_p0.9_idx3.gpickle,20,0.9,3,5,30,78,"[0, 8, 5, 19, 15, 2, 9, 6, 3, 4, 17, 13, 16, 1, 14, 11, 10, 12, 18, 7]",4.6315279
./random_graph_db/graph_db_node_20/12_p0.9/12_graph_n20_p0.9_idx4.gpickle,20,0.9,4,3,20,75,"[0, 19, 9, 13, 12, 11, 6, 2, 15, 10, 14, 18, 16, 4, 8, 17, 3, 1, 7, 5]",3.5418169
./random_graph_db/graph_db_node_20/12_p0.9/12_graph_n20_p0.9_idx5.gpickle,20,0.9,5,3,13,52,"[4, 14, 17, 12, 13, 1, 18, 5, 16, 8, 10, 3, 0, 2, 6, 15, 11, 9, 7, 19]",3.2177148
./random_graph_db/graph_db_node_20/12_p0.9/12_graph_n20_p0.9_idx6.gpickle,20,0.9,6,2,9,44,"[8, 1, 14, 18, 0, 4, 13, 10, 19, 3, 16, 6, 7, 5, 12, 9, 2, 11, 17, 15]",2.930846
./random_graph_db/graph_db_node_20/12_p0.9/12_graph_n20_p0.9_idx7.gpickle,20,0.9,7,3,11,41,"[9, 18, 11, 14, 5, 19, 17, 2, 7, 0, 13, 4, 12, 3, 16, 8, 15, 10, 6, 1]",3.003037
./random_graph_db/graph_db_node_20/12_p0.9/12_graph_n20_p0.9_idx8.gpickle,20,0.9,8,5,21,64,"[6, 10, 1, 0, 17, 9, 18, 2, 11, 16, 12, 3, 13, 15, 14, 19, 7, 8, 4, 5]",2.9533789
./random_graph_db/graph_db_node_20/12_p0.9/12_graph_n20_p0.9_idx9.gpickle,20,0.9,9,4,22,64,"[8, 11, 16, 17, 10, 2, 13, 6, 4, 19, 12, 5, 15, 3, 1, 9, 14, 7, 18, 0]",4.1634531
./random_graph_db/graph_db_node_21/01_p0.1/01_graph_n21_p0.1_idx1.gpickle,21,0.1,1,2,7,39,"[6, 13, 18, 17, 7, 20, 16, 19, 5, 15, 9, 2, 11, 1, 14, 10, 0, 3, 4, 12, 8]",3.0255811
./random_graph_db/graph_db_node_21/01_p0.1/01_graph_n21_p0.1_idx10.gpickle,21,0.1,10,3,8,46,"[16, 3, 4, 5, 15, 14, 9, 20, 12, 17, 13, 0, 19, 6, 11, 10, 2, 1, 7, 18, 8]",3.132302
./random_graph_db/graph_db_node_21/01_p0.1/01_graph_n21_p0.1_idx2.gpickle,21,0.1,2,5,11,39,"[5, 13, 7, 14, 8, 10, 1, 12, 2, 15, 3, 20, 9, 18, 17, 19, 16, 0, 6, 11, 4]",3.6210368
./random_graph_db/graph_db_node_21/01_p0.1/01_graph_n21_p0.1_idx3.gpickle,21,0.1,3,2,2,28,"[19, 2, 9, 17, 15, 16, 1, 18, 0, 6, 13, 3, 8, 20, 14, 4, 5, 7, 12, 10, 11]",2.630986
./random_graph_db/graph_db_node_21/01_p0.1/01_graph_n21_p0.1_idx4.gpickle,21,0.1,4,3,4,28,"[15, 1, 13, 19, 10, 14, 7, 3, 0, 18, 16, 17, 5, 11, 2, 4, 6, 8, 9, 20, 12]",3.4291701
./random_graph_db/graph_db_node_21/01_p0.1/01_graph_n21_p0.1_idx5.gpickle,21,0.1,5,4,13,51,"[3, 13, 12, 2, 6, 15, 16, 11, 17, 18, 1, 9, 14, 7, 5, 0, 19, 10, 20, 4, 8]",3.751606
./random_graph_db/graph_db_node_21/01_p0.1/01_graph_n21_p0.1_idx6.gpickle,21,0.1,6,3,5,35,"[10, 1, 3, 11, 19, 4, 2, 7, 8, 16, 0, 20, 15, 12, 5, 17, 18, 13, 9, 6, 14]",3.119422
./random_graph_db/graph_db_node_21/01_p0.1/01_graph_n21_p0.1_idx7.gpickle,21,0.1,7,3,9,49,"[5, 10, 2, 15, 1, 17, 11, 18, 7, 9, 12, 6, 19, 20, 3, 13, 16, 14, 0, 8, 4]",3.5623531
./random_graph_db/graph_db_node_21/01_p0.1/01_graph_n21_p0.1_idx8.gpickle,21,0.1,8,2,1,34,"[20, 7, 4, 2, 0, 6, 10, 9, 12, 5, 16, 15, 1, 18, 13, 3, 8, 19, 14, 11, 17]",2.69683
./random_graph_db/graph_db_node_21/01_p0.1/01_graph_n21_p0.1_idx9.gpickle,21,0.1,9,2,3,36,"[2, 5, 11, 0, 19, 1, 14, 15, 8, 4, 17, 9, 20, 16, 18, 12, 3, 10, 7, 13, 6]",1.6922822
./random_graph_db/graph_db_node_21/02_p0.2/02_graph_n21_p0.2_idx1.gpickle,21,0.2,1,5,28,76,"[17, 7, 13, 16, 20, 2, 0, 15, 19, 18, 10, 6, 5, 14, 12, 8, 11, 1, 3, 4, 9]",4.4855392
./random_graph_db/graph_db_node_21/02_p0.2/02_graph_n21_p0.2_idx10.gpickle,21,0.2,10,5,16,57,"[0, 7, 11, 4, 20, 18, 15, 14, 1, 10, 13, 8, 3, 5, 2, 12, 9, 17, 19, 16, 6]",4.0341501
./random_graph_db/graph_db_node_21/02_p0.2/02_graph_n21_p0.2_idx2.gpickle,21,0.2,2,6,34,77,"[16, 20, 6, 13, 4, 17, 19, 5, 11, 9, 8, 7, 0, 18, 15, 3, 12, 2, 14, 10, 1]",4.784951
./random_graph_db/graph_db_node_21/02_p0.2/02_graph_n21_p0.2_idx3.gpickle,21,0.2,3,6,32,79,"[8, 16, 18, 20, 10, 1, 19, 7, 11, 9, 17, 15, 0, 14, 13, 12, 5, 3, 4, 6, 2]",5.2348671
./random_graph_db/graph_db_node_21/02_p0.2/02_graph_n21_p0.2_idx4.gpickle,21,0.2,4,7,44,115,"[19, 5, 6, 13, 8, 15, 20, 0, 11, 16, 3, 7, 1, 4, 18, 12, 10, 9, 2, 14, 17]",4.991159
./random_graph_db/graph_db_node_21/02_p0.2/02_graph_n21_p0.2_idx5.gpickle,21,0.2,5,5,27,79,"[4, 5, 2, 10, 0, 3, 7, 20, 17, 11, 9, 15, 1, 18, 8, 6, 16, 13, 12, 14, 19]",4.5837629
./random_graph_db/graph_db_node_21/02_p0.2/02_graph_n21_p0.2_idx6.gpickle,21,0.2,6,5,26,75,"[6, 2, 9, 8, 4, 11, 13, 14, 16, 15, 7, 3, 12, 10, 5, 1, 17, 0, 19, 18, 20]",4.7975278
./random_graph_db/graph_db_node_21/02_p0.2/02_graph_n21_p0.2_idx7.gpickle,21,0.2,7,6,27,88,"[19, 4, 1, 5, 12, 9, 15, 16, 10, 6, 3, 8, 14, 2, 7, 18, 20, 13, 0, 17, 11]",5.5991969
./random_graph_db/graph_db_node_21/02_p0.2/02_graph_n21_p0.2_idx8.gpickle,21,0.2,8,5,23,67,"[8, 12, 0, 7, 10, 9, 1, 13, 19, 6, 3, 17, 18, 14, 20, 4, 11, 2, 5, 16, 15]",4.2954812
./random_graph_db/graph_db_node_21/02_p0.2/02_graph_n21_p0.2_idx9.gpickle,21,0.2,9,7,34,102,"[13, 6, 8, 14, 10, 3, 16, 4, 15, 9, 17, 2, 5, 20, 1, 11, 19, 18, 0, 7, 12]",5.1916442
./random_graph_db/graph_db_node_21/03_p0.3/03_graph_n21_p0.3_idx1.gpickle,21,0.3,1,8,63,168,"[7, 5, 15, 13, 14, 6, 18, 1, 12, 3, 2, 0, 11, 17, 8, 16, 9, 19, 4, 20, 10]",6.0008483
./random_graph_db/graph_db_node_21/03_p0.3/03_graph_n21_p0.3_idx10.gpickle,21,0.3,10,7,53,146,"[14, 3, 2, 17, 10, 12, 7, 13, 18, 1, 5, 16, 8, 0, 11, 6, 4, 20, 19, 15, 9]",5.466871
./random_graph_db/graph_db_node_21/03_p0.3/03_graph_n21_p0.3_idx2.gpickle,21,0.3,2,7,53,151,"[4, 13, 16, 19, 8, 7, 5, 1, 14, 9, 0, 3, 17, 10, 6, 18, 2, 20, 12, 15, 11]",6.0461121
./random_graph_db/graph_db_node_21/03_p0.3/03_graph_n21_p0.3_idx3.gpickle,21,0.3,3,7,56,139,"[2, 9, 20, 1, 16, 5, 15, 8, 7, 6, 19, 17, 14, 4, 12, 18, 13, 0, 11, 10, 3]",5.74367
./random_graph_db/graph_db_node_21/03_p0.3/03_graph_n21_p0.3_idx4.gpickle,21,0.3,4,7,52,143,"[13, 2, 11, 20, 9, 5, 1, 12, 15, 18, 6, 3, 19, 4, 8, 17, 7, 10, 16, 14, 0]",9.8624809
./random_graph_db/graph_db_node_21/03_p0.3/03_graph_n21_p0.3_idx5.gpickle,21,0.3,5,7,58,160,"[11, 3, 17, 15, 0, 9, 18, 16, 12, 20, 4, 13, 8, 14, 7, 19, 1, 10, 6, 5, 2]",9.4085371
./random_graph_db/graph_db_node_21/03_p0.3/03_graph_n21_p0.3_idx6.gpickle,21,0.3,6,7,50,130,"[2, 16, 10, 9, 13, 12, 17, 11, 4, 0, 18, 20, 6, 3, 7, 14, 5, 8, 19, 15, 1]",5.885463
./random_graph_db/graph_db_node_21/03_p0.3/03_graph_n21_p0.3_idx7.gpickle,21,0.3,7,8,63,170,"[11, 5, 18, 3, 1, 2, 14, 17, 7, 20, 6, 19, 16, 13, 15, 4, 0, 10, 8, 12, 9]",5.6721678
./random_graph_db/graph_db_node_21/03_p0.3/03_graph_n21_p0.3_idx8.gpickle,21,0.3,8,8,50,133,"[15, 3, 8, 10, 0, 9, 11, 17, 14, 19, 13, 20, 4, 5, 2, 1, 18, 7, 16, 12, 6]",5.932003
./random_graph_db/graph_db_node_21/03_p0.3/03_graph_n21_p0.3_idx9.gpickle,21,0.3,9,9,79,186,"[7, 17, 0, 11, 6, 3, 16, 10, 2, 14, 19, 20, 4, 1, 18, 12, 5, 15, 13, 8, 9]",7.3938391
./random_graph_db/graph_db_node_21/04_p0.4/04_graph_n21_p0.4_idx1.gpickle,21,0.4,1,8,72,168,"[12, 16, 17, 18, 1, 7, 15, 14, 2, 19, 9, 8, 20, 0, 6, 11, 13, 3, 4, 10, 5]",6.6147499
./random_graph_db/graph_db_node_21/04_p0.4/04_graph_n21_p0.4_idx10.gpickle,21,0.4,10,8,60,155,"[4, 6, 19, 9, 14, 10, 1, 11, 16, 12, 20, 0, 15, 13, 3, 5, 7, 18, 17, 2, 8]",6.3366261
./random_graph_db/graph_db_node_21/04_p0.4/04_graph_n21_p0.4_idx2.gpickle,21,0.4,2,8,62,159,"[13, 4, 5, 15, 11, 18, 6, 1, 8, 7, 19, 0, 9, 17, 14, 10, 12, 16, 2, 20, 3]",6.137676
./random_graph_db/graph_db_node_21/04_p0.4/04_graph_n21_p0.4_idx3.gpickle,21,0.4,3,8,75,177,"[4, 3, 9, 8, 19, 14, 18, 13, 12, 11, 17, 20, 6, 0, 2, 1, 10, 15, 16, 7, 5]",6.2322769
./random_graph_db/graph_db_node_21/04_p0.4/04_graph_n21_p0.4_idx4.gpickle,21,0.4,4,9,66,169,"[3, 7, 6, 19, 14, 18, 10, 11, 4, 0, 17, 1, 12, 9, 20, 8, 15, 5, 2, 13, 16]",6.294755
./random_graph_db/graph_db_node_21/04_p0.4/04_graph_n21_p0.4_idx5.gpickle,21,0.4,5,9,59,136,"[19, 0, 1, 5, 8, 14, 3, 16, 9, 12, 15, 6, 4, 18, 7, 10, 11, 20, 2, 13, 17]",6.5500069
./random_graph_db/graph_db_node_21/04_p0.4/04_graph_n21_p0.4_idx6.gpickle,21,0.4,6,8,75,184,"[10, 17, 15, 3, 7, 0, 12, 5, 4, 11, 14, 9, 18, 2, 6, 8, 16, 20, 19, 1, 13]",6.1260569
./random_graph_db/graph_db_node_21/04_p0.4/04_graph_n21_p0.4_idx7.gpickle,21,0.4,7,8,66,179,"[17, 14, 1, 2, 0, 3, 12, 16, 5, 10, 4, 19, 6, 11, 13, 18, 7, 15, 9, 8, 20]",6.5066497
./random_graph_db/graph_db_node_21/04_p0.4/04_graph_n21_p0.4_idx8.gpickle,21,0.4,8,9,68,177,"[19, 1, 10, 16, 5, 13, 3, 7, 2, 0, 18, 4, 11, 20, 8, 17, 15, 14, 12, 6, 9]",8.8462989
./random_graph_db/graph_db_node_21/04_p0.4/04_graph_n21_p0.4_idx9.gpickle,21,0.4,9,8,68,184,"[2, 5, 13, 4, 8, 3, 9, 12, 0, 17, 18, 20, 10, 15, 1, 11, 7, 6, 14, 19, 16]",6.5192807
./random_graph_db/graph_db_node_21/05_p0.45/05_graph_n21_p0.45_idx1.gpickle,21,0.45,1,8,74,192,"[18, 17, 15, 19, 2, 13, 4, 5, 7, 14, 8, 3, 6, 12, 10, 9, 1, 16, 11, 20, 0]",6.2958107
./random_graph_db/graph_db_node_21/05_p0.45/05_graph_n21_p0.45_idx10.gpickle,21,0.45,10,8,67,167,"[2, 15, 5, 10, 19, 9, 0, 16, 7, 4, 17, 1, 12, 3, 20, 18, 6, 8, 14, 11, 13]",7.0211062
./random_graph_db/graph_db_node_21/05_p0.45/05_graph_n21_p0.45_idx2.gpickle,21,0.45,2,8,64,147,"[3, 0, 13, 11, 6, 1, 20, 4, 16, 14, 9, 10, 12, 8, 5, 15, 17, 7, 19, 18, 2]",6.297559
./random_graph_db/graph_db_node_21/05_p0.45/05_graph_n21_p0.45_idx3.gpickle,21,0.45,3,9,74,172,"[7, 9, 0, 3, 16, 12, 17, 14, 19, 4, 1, 2, 8, 6, 10, 11, 18, 13, 15, 20, 5]",6.72242
./random_graph_db/graph_db_node_21/05_p0.45/05_graph_n21_p0.45_idx4.gpickle,21,0.45,4,9,74,173,"[19, 6, 2, 3, 20, 17, 14, 13, 9, 10, 1, 12, 15, 11, 4, 18, 8, 0, 16, 7, 5]",6.500746
./random_graph_db/graph_db_node_21/05_p0.45/05_graph_n21_p0.45_idx5.gpickle,21,0.45,5,8,78,199,"[14, 10, 11, 20, 0, 18, 2, 13, 8, 6, 19, 3, 1, 15, 7, 12, 16, 9, 4, 5, 17]",6.3364911
./random_graph_db/graph_db_node_21/05_p0.45/05_graph_n21_p0.45_idx6.gpickle,21,0.45,6,8,79,200,"[1, 12, 8, 3, 6, 19, 13, 7, 14, 15, 20, 4, 5, 2, 0, 18, 16, 11, 10, 9, 17]",6.5842481
./random_graph_db/graph_db_node_21/05_p0.45/05_graph_n21_p0.45_idx7.gpickle,21,0.45,7,8,64,155,"[2, 10, 18, 1, 12, 17, 15, 3, 9, 5, 13, 19, 7, 0, 14, 11, 20, 16, 8, 6, 4]",6.4426219
./random_graph_db/graph_db_node_21/05_p0.45/05_graph_n21_p0.45_idx8.gpickle,21,0.45,8,9,71,183,"[19, 11, 17, 3, 0, 16, 20, 1, 10, 2, 14, 18, 4, 6, 12, 9, 15, 5, 7, 13, 8]",6.453131
./random_graph_db/graph_db_node_21/05_p0.45/05_graph_n21_p0.45_idx9.gpickle,21,0.45,9,8,71,189,"[1, 8, 20, 11, 2, 9, 0, 3, 14, 4, 12, 18, 17, 7, 6, 10, 19, 16, 5, 15, 13]",6.4556351
./random_graph_db/graph_db_node_21/06_p0.5/06_graph_n21_p0.5_idx1.gpickle,21,0.5,1,8,77,190,"[3, 14, 7, 16, 1, 18, 5, 0, 17, 6, 11, 15, 8, 19, 10, 4, 9, 12, 20, 13, 2]",6.7485571
./random_graph_db/graph_db_node_21/06_p0.5/06_graph_n21_p0.5_idx10.gpickle,21,0.5,10,9,80,188,"[20, 18, 5, 8, 16, 12, 7, 6, 17, 19, 13, 3, 1, 9, 10, 2, 0, 14, 15, 4, 11]",6.910521
./random_graph_db/graph_db_node_21/06_p0.5/06_graph_n21_p0.5_idx2.gpickle,21,0.5,2,8,65,162,"[16, 7, 8, 3, 13, 15, 12, 1, 19, 0, 14, 17, 10, 11, 5, 18, 9, 4, 6, 2, 20]",6.3319671
./random_graph_db/graph_db_node_21/06_p0.5/06_graph_n21_p0.5_idx3.gpickle,21,0.5,3,9,74,197,"[5, 19, 1, 17, 13, 0, 3, 20, 4, 11, 18, 6, 14, 10, 2, 15, 7, 8, 16, 9, 12]",6.9346297
./random_graph_db/graph_db_node_21/06_p0.5/06_graph_n21_p0.5_idx4.gpickle,21,0.5,4,9,88,206,"[17, 16, 11, 7, 20, 0, 9, 4, 8, 1, 15, 10, 2, 14, 18, 6, 5, 3, 13, 19, 12]",7.1389048
./random_graph_db/graph_db_node_21/06_p0.5/06_graph_n21_p0.5_idx5.gpickle,21,0.5,5,8,66,170,"[10, 7, 9, 8, 4, 5, 11, 6, 16, 3, 13, 14, 15, 1, 0, 17, 19, 20, 2, 18, 12]",6.1356554
./random_graph_db/graph_db_node_21/06_p0.5/06_graph_n21_p0.5_idx6.gpickle,21,0.5,6,9,98,253,"[3, 9, 19, 17, 20, 13, 0, 14, 4, 1, 10, 6, 16, 7, 18, 2, 5, 12, 11, 8, 15]",7.0373299
./random_graph_db/graph_db_node_21/06_p0.5/06_graph_n21_p0.5_idx7.gpickle,21,0.5,7,8,63,178,"[2, 5, 10, 7, 3, 12, 0, 11, 15, 9, 14, 13, 6, 4, 1, 19, 18, 17, 16, 20, 8]",5.8665221
./random_graph_db/graph_db_node_21/06_p0.5/06_graph_n21_p0.5_idx8.gpickle,21,0.5,8,9,81,204,"[11, 13, 12, 5, 19, 14, 9, 7, 16, 4, 8, 6, 0, 3, 10, 18, 20, 2, 15, 17, 1]",6.6787052
./random_graph_db/graph_db_node_21/06_p0.5/06_graph_n21_p0.5_idx9.gpickle,21,0.5,9,9,77,190,"[6, 20, 12, 4, 11, 2, 0, 1, 13, 7, 5, 9, 19, 17, 18, 16, 10, 8, 3, 15, 14]",6.633842
./random_graph_db/graph_db_node_21/07_p0.55/07_graph_n21_p0.55_idx1.gpickle,21,0.55,1,8,64,166,"[8, 4, 11, 2, 3, 19, 5, 13, 9, 17, 16, 18, 14, 1, 0, 12, 15, 20, 10, 6, 7]",6.3370588
./random_graph_db/graph_db_node_21/07_p0.55/07_graph_n21_p0.55_idx10.gpickle,21,0.55,10,8,76,198,"[15, 14, 10, 19, 3, 2, 16, 1, 5, 4, 12, 20, 18, 11, 9, 7, 8, 17, 6, 0, 13]",6.2771022
./random_graph_db/graph_db_node_21/07_p0.55/07_graph_n21_p0.55_idx2.gpickle,21,0.55,2,8,63,166,"[7, 6, 1, 3, 4, 19, 16, 15, 10, 12, 11, 8, 14, 17, 2, 9, 20, 18, 13, 5, 0]",6.746752
./random_graph_db/graph_db_node_21/07_p0.55/07_graph_n21_p0.55_idx3.gpickle,21,0.55,3,8,71,183,"[15, 13, 12, 2, 8, 10, 3, 11, 17, 14, 16, 6, 9, 4, 18, 19, 7, 20, 1, 0, 5]",6.5693841
./random_graph_db/graph_db_node_21/07_p0.55/07_graph_n21_p0.55_idx4.gpickle,21,0.55,4,8,73,200,"[15, 16, 4, 17, 11, 13, 9, 0, 10, 2, 1, 20, 14, 8, 6, 18, 19, 7, 3, 12, 5]",6.35571
./random_graph_db/graph_db_node_21/07_p0.55/07_graph_n21_p0.55_idx5.gpickle,21,0.55,5,8,67,171,"[8, 17, 1, 3, 12, 7, 13, 20, 10, 16, 9, 6, 4, 11, 18, 2, 15, 5, 14, 0, 19]",7.0567479
./random_graph_db/graph_db_node_21/07_p0.55/07_graph_n21_p0.55_idx6.gpickle,21,0.55,6,8,64,166,"[15, 9, 14, 17, 19, 8, 3, 1, 5, 13, 10, 0, 12, 4, 6, 11, 18, 2, 7, 20, 16]",6.8312011
./random_graph_db/graph_db_node_21/07_p0.55/07_graph_n21_p0.55_idx7.gpickle,21,0.55,7,9,80,201,"[5, 9, 4, 1, 11, 2, 12, 19, 16, 18, 10, 8, 17, 6, 14, 3, 7, 13, 0, 15, 20]",6.6493738
./random_graph_db/graph_db_node_21/07_p0.55/07_graph_n21_p0.55_idx8.gpickle,21,0.55,8,8,73,181,"[16, 15, 0, 14, 13, 4, 18, 3, 20, 5, 11, 7, 17, 12, 6, 10, 19, 9, 8, 1, 2]",6.8248398
./random_graph_db/graph_db_node_21/07_p0.55/07_graph_n21_p0.55_idx9.gpickle,21,0.55,9,9,76,213,"[1, 19, 18, 5, 16, 0, 3, 13, 8, 7, 9, 14, 17, 11, 15, 4, 10, 6, 12, 20, 2]",6.4638531
./random_graph_db/graph_db_node_21/08_p0.6/08_graph_n21_p0.6_idx1.gpickle,21,0.6,1,9,79,195,"[4, 2, 15, 14, 0, 1, 6, 3, 5, 16, 17, 10, 13, 20, 11, 18, 19, 7, 12, 9, 8]",6.3422747
./random_graph_db/graph_db_node_21/08_p0.6/08_graph_n21_p0.6_idx10.gpickle,21,0.6,10,8,66,154,"[13, 4, 8, 2, 1, 16, 14, 3, 6, 20, 12, 10, 15, 7, 5, 19, 18, 9, 11, 17, 0]",6.740087
./random_graph_db/graph_db_node_21/08_p0.6/08_graph_n21_p0.6_idx2.gpickle,21,0.6,2,8,73,184,"[5, 19, 0, 2, 7, 10, 11, 17, 1, 3, 8, 12, 4, 14, 15, 9, 18, 6, 20, 13, 16]",6.6701541
./random_graph_db/graph_db_node_21/08_p0.6/08_graph_n21_p0.6_idx3.gpickle,21,0.6,3,8,69,169,"[4, 7, 13, 14, 8, 12, 0, 18, 9, 16, 11, 1, 5, 15, 6, 17, 19, 20, 2, 3, 10]",6.6943407
./random_graph_db/graph_db_node_21/08_p0.6/08_graph_n21_p0.6_idx4.gpickle,21,0.6,4,9,74,184,"[20, 8, 3, 9, 13, 14, 15, 16, 10, 19, 1, 6, 17, 2, 0, 12, 11, 5, 18, 7, 4]",6.488925
./random_graph_db/graph_db_node_21/08_p0.6/08_graph_n21_p0.6_idx5.gpickle,21,0.6,5,9,63,161,"[8, 0, 15, 12, 7, 10, 2, 20, 18, 14, 13, 3, 6, 5, 1, 16, 9, 11, 19, 17, 4]",6.158242
./random_graph_db/graph_db_node_21/08_p0.6/08_graph_n21_p0.6_idx6.gpickle,21,0.6,6,8,79,192,"[6, 14, 13, 15, 8, 1, 11, 12, 4, 2, 0, 10, 17, 20, 9, 3, 16, 5, 19, 18, 7]",7.0925632
./random_graph_db/graph_db_node_21/08_p0.6/08_graph_n21_p0.6_idx7.gpickle,21,0.6,7,8,76,184,"[12, 10, 16, 9, 13, 8, 2, 6, 7, 1, 0, 17, 15, 14, 20, 5, 3, 18, 11, 19, 4]",6.1811659
./random_graph_db/graph_db_node_21/08_p0.6/08_graph_n21_p0.6_idx8.gpickle,21,0.6,8,9,81,186,"[19, 12, 5, 3, 1, 4, 7, 9, 15, 18, 17, 14, 16, 10, 8, 6, 11, 0, 2, 13, 20]",6.862963
./random_graph_db/graph_db_node_21/08_p0.6/08_graph_n21_p0.6_idx9.gpickle,21,0.6,9,9,66,179,"[17, 12, 8, 4, 0, 1, 11, 9, 10, 5, 18, 2, 15, 16, 14, 20, 13, 7, 6, 3, 19]",6.478425
./random_graph_db/graph_db_node_21/09_p0.65/09_graph_n21_p0.65_idx1.gpickle,21,0.65,1,8,81,205,"[1, 15, 16, 7, 5, 6, 17, 13, 8, 2, 12, 4, 3, 18, 0, 14, 11, 10, 9, 19, 20]",6.7873001
./random_graph_db/graph_db_node_21/09_p0.65/09_graph_n21_p0.65_idx10.gpickle,21,0.65,10,9,66,166,"[13, 0, 2, 6, 8, 12, 14, 1, 11, 18, 5, 15, 9, 4, 16, 7, 17, 19, 3, 10, 20]",6.3713758
./random_graph_db/graph_db_node_21/09_p0.65/09_graph_n21_p0.65_idx2.gpickle,21,0.65,2,8,58,153,"[20, 15, 16, 4, 12, 7, 9, 14, 3, 8, 13, 10, 19, 2, 0, 18, 17, 5, 11, 6, 1]",6.235148
./random_graph_db/graph_db_node_21/09_p0.65/09_graph_n21_p0.65_idx3.gpickle,21,0.65,3,9,85,207,"[15, 1, 20, 6, 13, 11, 18, 2, 16, 3, 12, 19, 7, 14, 10, 9, 4, 8, 0, 17, 5]",6.5833421
./random_graph_db/graph_db_node_21/09_p0.65/09_graph_n21_p0.65_idx4.gpickle,21,0.65,4,8,65,177,"[14, 17, 4, 0, 11, 9, 18, 8, 12, 10, 16, 19, 1, 13, 7, 20, 3, 6, 15, 2, 5]",9.692997
./random_graph_db/graph_db_node_21/09_p0.65/09_graph_n21_p0.65_idx5.gpickle,21,0.65,5,9,68,163,"[7, 5, 16, 1, 2, 6, 3, 17, 10, 8, 4, 19, 13, 11, 18, 9, 15, 12, 20, 0, 14]",6.3452539
./random_graph_db/graph_db_node_21/09_p0.65/09_graph_n21_p0.65_idx6.gpickle,21,0.65,6,8,56,161,"[12, 5, 19, 15, 20, 13, 2, 16, 8, 18, 14, 10, 9, 3, 17, 1, 4, 7, 6, 0, 11]",6.3013799
./random_graph_db/graph_db_node_21/09_p0.65/09_graph_n21_p0.65_idx7.gpickle,21,0.65,7,8,63,155,"[13, 12, 11, 16, 10, 1, 0, 8, 5, 20, 3, 18, 19, 2, 4, 9, 15, 7, 6, 14, 17]",5.9898682
./random_graph_db/graph_db_node_21/09_p0.65/09_graph_n21_p0.65_idx8.gpickle,21,0.65,8,9,69,169,"[8, 19, 1, 5, 14, 3, 16, 20, 2, 12, 7, 9, 13, 18, 6, 15, 17, 4, 11, 10, 0]",6.1331501
./random_graph_db/graph_db_node_21/09_p0.65/09_graph_n21_p0.65_idx9.gpickle,21,0.65,9,8,63,177,"[10, 2, 7, 9, 19, 4, 13, 8, 1, 14, 3, 20, 6, 17, 11, 18, 12, 15, 0, 16, 5]",6.6837041
./random_graph_db/graph_db_node_21/10_p0.7/10_graph_n21_p0.7_idx1.gpickle,21,0.7,1,7,52,125,"[1, 3, 11, 13, 10, 7, 18, 6, 4, 19, 14, 5, 15, 2, 20, 12, 17, 8, 0, 16, 9]",9.6292481
./random_graph_db/graph_db_node_21/10_p0.7/10_graph_n21_p0.7_idx10.gpickle,21,0.7,10,8,57,149,"[6, 13, 11, 18, 9, 5, 19, 14, 17, 20, 16, 2, 7, 3, 15, 4, 10, 8, 12, 0, 1]",6.3599839
./random_graph_db/graph_db_node_21/10_p0.7/10_graph_n21_p0.7_idx2.gpickle,21,0.7,2,8,66,173,"[13, 3, 11, 6, 5, 7, 20, 2, 0, 19, 1, 15, 18, 16, 9, 14, 17, 8, 12, 10, 4]",6.3068542
./random_graph_db/graph_db_node_21/10_p0.7/10_graph_n21_p0.7_idx3.gpickle,21,0.7,3,7,53,151,"[13, 19, 17, 12, 20, 1, 2, 16, 3, 0, 4, 14, 18, 15, 8, 10, 11, 7, 9, 5, 6]",6.1280088
./random_graph_db/graph_db_node_21/10_p0.7/10_graph_n21_p0.7_idx4.gpickle,21,0.7,4,9,69,156,"[16, 8, 13, 3, 20, 1, 9, 10, 0, 19, 11, 5, 7, 14, 15, 17, 2, 4, 12, 18, 6]",5.827512
./random_graph_db/graph_db_node_21/10_p0.7/10_graph_n21_p0.7_idx5.gpickle,21,0.7,5,9,80,187,"[12, 14, 20, 2, 11, 4, 3, 5, 13, 9, 19, 0, 8, 7, 15, 17, 10, 6, 16, 18, 1]",6.4564071
./random_graph_db/graph_db_node_21/10_p0.7/10_graph_n21_p0.7_idx6.gpickle,21,0.7,6,8,63,158,"[19, 10, 4, 1, 9, 14, 7, 20, 0, 8, 15, 11, 13, 17, 6, 2, 16, 3, 5, 18, 12]",6.2753632
./random_graph_db/graph_db_node_21/10_p0.7/10_graph_n21_p0.7_idx7.gpickle,21,0.7,7,9,72,188,"[11, 10, 1, 8, 16, 7, 18, 14, 2, 15, 9, 4, 0, 17, 20, 12, 6, 19, 5, 3, 13]",6.3869929
./random_graph_db/graph_db_node_21/10_p0.7/10_graph_n21_p0.7_idx8.gpickle,21,0.7,8,8,60,159,"[1, 2, 8, 9, 14, 17, 0, 11, 6, 15, 12, 7, 13, 3, 16, 19, 18, 4, 10, 5, 20]",6.4822588
./random_graph_db/graph_db_node_21/10_p0.7/10_graph_n21_p0.7_idx9.gpickle,21,0.7,9,9,75,178,"[8, 5, 9, 10, 15, 7, 11, 2, 3, 17, 1, 4, 18, 0, 16, 19, 12, 20, 13, 6, 14]",9.242362
./random_graph_db/graph_db_node_21/11_p0.8/11_graph_n21_p0.8_idx1.gpickle,21,0.8,1,6,35,94,"[10, 12, 2, 6, 13, 9, 17, 11, 16, 0, 18, 4, 7, 3, 20, 5, 15, 8, 19, 14, 1]",4.5601799
./random_graph_db/graph_db_node_21/11_p0.8/11_graph_n21_p0.8_idx10.gpickle,21,0.8,10,7,55,139,"[20, 12, 3, 6, 19, 18, 9, 17, 4, 14, 7, 10, 8, 16, 15, 0, 1, 13, 5, 2, 11]",5.9632361
./random_graph_db/graph_db_node_21/11_p0.8/11_graph_n21_p0.8_idx2.gpickle,21,0.8,2,7,56,150,"[1, 18, 19, 11, 20, 15, 7, 12, 8, 9, 2, 10, 3, 4, 17, 6, 13, 16, 0, 14, 5]",5.6027081
./random_graph_db/graph_db_node_21/11_p0.8/11_graph_n21_p0.8_idx3.gpickle,21,0.8,3,6,40,114,"[0, 14, 7, 18, 4, 6, 11, 9, 10, 15, 17, 8, 3, 19, 1, 12, 2, 20, 5, 16, 13]",5.3248289
./random_graph_db/graph_db_node_21/11_p0.8/11_graph_n21_p0.8_idx4.gpickle,21,0.8,4,8,63,146,"[0, 4, 9, 5, 15, 2, 17, 3, 1, 18, 13, 14, 6, 20, 16, 12, 10, 7, 11, 19, 8]",5.972199
./random_graph_db/graph_db_node_21/11_p0.8/11_graph_n21_p0.8_idx5.gpickle,21,0.8,5,6,40,97,"[3, 6, 7, 9, 13, 15, 5, 11, 18, 8, 12, 0, 14, 4, 16, 20, 10, 2, 1, 17, 19]",4.9389729
./random_graph_db/graph_db_node_21/11_p0.8/11_graph_n21_p0.8_idx6.gpickle,21,0.8,6,8,51,134,"[15, 5, 7, 0, 18, 3, 14, 12, 1, 16, 6, 17, 20, 13, 10, 11, 2, 4, 8, 9, 19]",5.2821181
./random_graph_db/graph_db_node_21/11_p0.8/11_graph_n21_p0.8_idx7.gpickle,21,0.8,7,7,42,112,"[0, 2, 10, 11, 20, 8, 15, 16, 19, 18, 12, 1, 6, 7, 4, 5, 3, 14, 13, 9, 17]",5.3445792
./random_graph_db/graph_db_node_21/11_p0.8/11_graph_n21_p0.8_idx8.gpickle,21,0.8,8,7,41,111,"[10, 15, 13, 3, 19, 6, 9, 11, 2, 14, 7, 20, 12, 17, 16, 1, 0, 8, 18, 5, 4]",5.6859279
./random_graph_db/graph_db_node_21/11_p0.8/11_graph_n21_p0.8_idx9.gpickle,21,0.8,9,7,51,140,"[4, 7, 19, 3, 12, 20, 13, 8, 15, 0, 17, 16, 14, 10, 6, 1, 11, 9, 5, 18, 2]",5.905792
./random_graph_db/graph_db_node_21/12_p0.9/12_graph_n21_p0.9_idx1.gpickle,21,0.9,1,5,20,55,"[15, 10, 0, 17, 13, 4, 19, 3, 5, 8, 7, 6, 16, 18, 20, 11, 1, 2, 9, 12, 14]",3.8972189
./random_graph_db/graph_db_node_21/12_p0.9/12_graph_n21_p0.9_idx10.gpickle,21,0.9,10,4,18,58,"[6, 4, 13, 2, 16, 9, 19, 18, 8, 11, 20, 0, 3, 12, 5, 17, 7, 15, 1, 14, 10]",3.9281371
./random_graph_db/graph_db_node_21/12_p0.9/12_graph_n21_p0.9_idx2.gpickle,21,0.9,2,5,16,46,"[7, 1, 16, 2, 3, 12, 4, 6, 13, 9, 11, 8, 15, 17, 0, 14, 20, 19, 10, 5, 18]",4.6705673
./random_graph_db/graph_db_node_21/12_p0.9/12_graph_n21_p0.9_idx3.gpickle,21,0.9,3,6,35,103,"[4, 16, 12, 11, 14, 2, 19, 7, 8, 17, 13, 1, 9, 3, 10, 15, 0, 20, 6, 18, 5]",4.744987
./random_graph_db/graph_db_node_21/12_p0.9/12_graph_n21_p0.9_idx4.gpickle,21,0.9,4,4,36,83,"[7, 6, 10, 2, 11, 1, 18, 17, 13, 5, 20, 4, 3, 0, 19, 12, 9, 14, 8, 16, 15]",4.4514329
./random_graph_db/graph_db_node_21/12_p0.9/12_graph_n21_p0.9_idx5.gpickle,21,0.9,5,4,16,52,"[2, 4, 20, 6, 15, 5, 11, 14, 1, 17, 8, 13, 19, 18, 10, 9, 16, 12, 0, 7, 3]",3.7077959
./random_graph_db/graph_db_node_21/12_p0.9/12_graph_n21_p0.9_idx6.gpickle,21,0.9,6,3,12,57,"[5, 15, 1, 7, 10, 6, 18, 16, 19, 9, 3, 11, 2, 20, 13, 4, 12, 0, 17, 14, 8]",3.2969739
./random_graph_db/graph_db_node_21/12_p0.9/12_graph_n21_p0.9_idx7.gpickle,21,0.9,7,4,12,58,"[7, 8, 6, 1, 17, 9, 15, 20, 19, 16, 5, 0, 3, 4, 13, 10, 12, 14, 2, 11, 18]",2.7268617
./random_graph_db/graph_db_node_21/12_p0.9/12_graph_n21_p0.9_idx8.gpickle,21,0.9,8,5,16,52,"[12, 13, 19, 0, 14, 1, 5, 15, 8, 7, 2, 18, 11, 17, 9, 20, 4, 3, 6, 16, 10]",4.0061402
./random_graph_db/graph_db_node_21/12_p0.9/12_graph_n21_p0.9_idx9.gpickle,21,0.9,9,5,29,82,"[19, 11, 12, 4, 17, 9, 13, 0, 20, 16, 15, 10, 14, 3, 5, 6, 7, 2, 8, 1, 18]",4.4937909
./random_graph_db/graph_db_node_22/01_p0.1/01_graph_n22_p0.1_idx1.gpickle,22,0.1,1,3,8,45,"[3, 10, 12, 21, 1, 20, 2, 8, 7, 17, 6, 14, 4, 5, 0, 9, 16, 15, 18, 13, 11, 19]",3.699173
./random_graph_db/graph_db_node_22/01_p0.1/01_graph_n22_p0.1_idx10.gpickle,22,0.1,10,4,12,60,"[14, 8, 12, 21, 19, 13, 0, 4, 16, 2, 5, 20, 9, 7, 1, 11, 6, 3, 15, 10, 18, 17]",4.1425319
./random_graph_db/graph_db_node_22/01_p0.1/01_graph_n22_p0.1_idx2.gpickle,22,0.1,2,3,7,37,"[4, 1, 6, 7, 18, 0, 19, 12, 11, 16, 17, 13, 9, 10, 8, 3, 14, 5, 21, 15, 2, 20]",3.4574137
./random_graph_db/graph_db_node_22/01_p0.1/01_graph_n22_p0.1_idx3.gpickle,22,0.1,3,4,9,37,"[0, 19, 7, 1, 14, 15, 3, 16, 21, 12, 10, 9, 8, 11, 18, 5, 6, 4, 20, 17, 13, 2]",3.8664241
./random_graph_db/graph_db_node_22/01_p0.1/01_graph_n22_p0.1_idx4.gpickle,22,0.1,4,4,12,56,"[12, 21, 11, 7, 4, 8, 10, 13, 17, 5, 3, 2, 15, 20, 1, 6, 18, 9, 0, 16, 19, 14]",3.8953531
./random_graph_db/graph_db_node_22/01_p0.1/01_graph_n22_p0.1_idx5.gpickle,22,0.1,5,2,5,31,"[4, 0, 15, 14, 2, 17, 16, 18, 21, 5, 8, 11, 12, 9, 3, 20, 19, 10, 6, 7, 1, 13]",3.2656531
./random_graph_db/graph_db_node_22/01_p0.1/01_graph_n22_p0.1_idx6.gpickle,22,0.1,6,4,15,62,"[9, 1, 10, 12, 13, 14, 15, 4, 6, 11, 17, 2, 5, 0, 7, 8, 20, 21, 3, 16, 19, 18]",4.372313
./random_graph_db/graph_db_node_22/01_p0.1/01_graph_n22_p0.1_idx7.gpickle,22,0.1,7,3,8,43,"[13, 18, 11, 16, 15, 19, 14, 5, 20, 10, 4, 9, 8, 7, 1, 12, 0, 17, 2, 3, 6, 21]",2.794322
./random_graph_db/graph_db_node_22/01_p0.1/01_graph_n22_p0.1_idx8.gpickle,22,0.1,8,3,7,39,"[7, 3, 10, 1, 8, 5, 17, 9, 19, 13, 0, 4, 14, 18, 12, 6, 21, 16, 15, 11, 2, 20]",3.4818079
./random_graph_db/graph_db_node_22/01_p0.1/01_graph_n22_p0.1_idx9.gpickle,22,0.1,9,6,22,71,"[3, 2, 11, 16, 8, 6, 7, 5, 4, 17, 21, 9, 13, 12, 10, 1, 15, 19, 18, 14, 0, 20]",4.4255559
./random_graph_db/graph_db_node_22/02_p0.2/02_graph_n22_p0.2_idx1.gpickle,22,0.2,1,5,24,77,"[12, 9, 2, 1, 8, 17, 14, 0, 13, 20, 21, 7, 11, 16, 15, 4, 3, 19, 5, 10, 6, 18]",5.23458
./random_graph_db/graph_db_node_22/02_p0.2/02_graph_n22_p0.2_idx10.gpickle,22,0.2,10,6,35,100,"[10, 3, 15, 0, 20, 4, 1, 9, 5, 7, 21, 2, 16, 13, 19, 8, 17, 12, 6, 18, 11, 14]",5.622793
./random_graph_db/graph_db_node_22/02_p0.2/02_graph_n22_p0.2_idx2.gpickle,22,0.2,2,7,45,112,"[5, 14, 17, 6, 7, 18, 21, 8, 19, 0, 15, 3, 10, 13, 16, 12, 2, 11, 9, 4, 20, 1]",5.91294
./random_graph_db/graph_db_node_22/02_p0.2/02_graph_n22_p0.2_idx3.gpickle,22,0.2,3,7,47,127,"[2, 4, 10, 20, 12, 18, 6, 5, 7, 3, 16, 21, 1, 17, 11, 14, 19, 13, 15, 8, 0, 9]",7.7228541
./random_graph_db/graph_db_node_22/02_p0.2/02_graph_n22_p0.2_idx4.gpickle,22,0.2,4,5,21,70,"[4, 21, 15, 17, 20, 19, 13, 1, 11, 10, 9, 16, 18, 7, 5, 0, 3, 14, 8, 12, 2, 6]",4.618571
./random_graph_db/graph_db_node_22/02_p0.2/02_graph_n22_p0.2_idx5.gpickle,22,0.2,5,5,20,56,"[17, 9, 8, 11, 6, 1, 14, 12, 19, 20, 10, 7, 13, 16, 0, 5, 18, 21, 3, 15, 2, 4]",4.6580858
./random_graph_db/graph_db_node_22/02_p0.2/02_graph_n22_p0.2_idx6.gpickle,22,0.2,6,6,28,78,"[0, 6, 8, 12, 19, 11, 7, 18, 13, 5, 4, 14, 10, 1, 17, 21, 15, 3, 2, 20, 16, 9]",4.8888111
./random_graph_db/graph_db_node_22/02_p0.2/02_graph_n22_p0.2_idx7.gpickle,22,0.2,7,6,27,74,"[5, 17, 9, 19, 2, 10, 6, 21, 7, 0, 16, 11, 13, 1, 20, 12, 3, 4, 18, 15, 8, 14]",3.941277
./random_graph_db/graph_db_node_22/02_p0.2/02_graph_n22_p0.2_idx8.gpickle,22,0.2,8,5,19,68,"[20, 8, 21, 13, 12, 0, 9, 10, 7, 14, 4, 1, 17, 18, 6, 3, 19, 15, 16, 2, 5, 11]",4.9159052
./random_graph_db/graph_db_node_22/02_p0.2/02_graph_n22_p0.2_idx9.gpickle,22,0.2,9,6,40,104,"[6, 5, 8, 3, 18, 0, 19, 1, 10, 12, 21, 13, 2, 4, 14, 20, 17, 7, 15, 11, 9, 16]",5.0941098
./random_graph_db/graph_db_node_22/03_p0.3/03_graph_n22_p0.3_idx1.gpickle,22,0.3,1,8,67,164,"[6, 9, 3, 18, 5, 20, 0, 19, 10, 7, 14, 21, 8, 12, 11, 1, 15, 2, 17, 13, 16, 4]",6.3645921
./random_graph_db/graph_db_node_22/03_p0.3/03_graph_n22_p0.3_idx10.gpickle,22,0.3,10,8,60,161,"[14, 1, 3, 15, 21, 19, 9, 5, 0, 20, 11, 7, 16, 4, 10, 13, 6, 17, 2, 12, 18, 8]",9.1772079
./random_graph_db/graph_db_node_22/03_p0.3/03_graph_n22_p0.3_idx2.gpickle,22,0.3,2,6,44,122,"[6, 16, 3, 17, 18, 13, 5, 8, 7, 11, 4, 20, 10, 15, 2, 19, 9, 14, 21, 0, 12, 1]",6.0254972
./random_graph_db/graph_db_node_22/03_p0.3/03_graph_n22_p0.3_idx3.gpickle,22,0.3,3,9,74,175,"[12, 0, 17, 16, 13, 10, 18, 21, 19, 4, 20, 9, 6, 14, 11, 5, 15, 7, 8, 2, 1, 3]",6.5963109
./random_graph_db/graph_db_node_22/03_p0.3/03_graph_n22_p0.3_idx4.gpickle,22,0.3,4,6,49,128,"[20, 19, 9, 7, 1, 2, 15, 5, 3, 0, 8, 16, 11, 13, 12, 17, 4, 18, 21, 10, 6, 14]",8.9892774
./random_graph_db/graph_db_node_22/03_p0.3/03_graph_n22_p0.3_idx5.gpickle,22,0.3,5,7,50,129,"[2, 6, 8, 12, 5, 1, 17, 3, 11, 7, 19, 14, 13, 15, 0, 21, 9, 20, 4, 18, 16, 10]",6.3184881
./random_graph_db/graph_db_node_22/03_p0.3/03_graph_n22_p0.3_idx6.gpickle,22,0.3,6,8,61,152,"[10, 17, 12, 0, 18, 16, 15, 20, 9, 14, 5, 11, 3, 13, 6, 21, 4, 8, 1, 7, 19, 2]",6.3834779
./random_graph_db/graph_db_node_22/03_p0.3/03_graph_n22_p0.3_idx7.gpickle,22,0.3,7,8,66,180,"[9, 18, 7, 5, 4, 6, 21, 13, 15, 14, 16, 8, 20, 17, 10, 0, 1, 11, 12, 3, 2, 19]",6.6132259
./random_graph_db/graph_db_node_22/03_p0.3/03_graph_n22_p0.3_idx8.gpickle,22,0.3,8,7,63,178,"[17, 1, 3, 13, 8, 7, 11, 15, 4, 9, 18, 5, 16, 2, 14, 21, 6, 19, 10, 0, 12, 20]",6.3298628
./random_graph_db/graph_db_node_22/03_p0.3/03_graph_n22_p0.3_idx9.gpickle,22,0.3,9,8,64,154,"[15, 18, 6, 7, 4, 10, 14, 8, 16, 12, 1, 13, 11, 17, 5, 0, 20, 2, 21, 3, 19, 9]",7.7204008
./random_graph_db/graph_db_node_22/04_p0.4/04_graph_n22_p0.4_idx1.gpickle,22,0.4,1,9,71,176,"[7, 11, 9, 15, 18, 12, 5, 14, 3, 0, 17, 10, 4, 16, 19, 1, 8, 21, 20, 6, 13, 2]",7.109714
./random_graph_db/graph_db_node_22/04_p0.4/04_graph_n22_p0.4_idx10.gpickle,22,0.4,10,9,83,213,"[7, 12, 13, 4, 3, 19, 10, 2, 17, 21, 11, 6, 14, 15, 8, 18, 9, 1, 16, 5, 0, 20]",7.3457322
./random_graph_db/graph_db_node_22/04_p0.4/04_graph_n22_p0.4_idx2.gpickle,22,0.4,2,9,83,196,"[14, 17, 15, 19, 10, 7, 6, 8, 1, 0, 9, 11, 12, 13, 21, 18, 2, 16, 4, 3, 5, 20]",7.5982022
./random_graph_db/graph_db_node_22/04_p0.4/04_graph_n22_p0.4_idx3.gpickle,22,0.4,3,9,77,199,"[9, 20, 3, 16, 14, 0, 17, 6, 11, 8, 1, 10, 21, 4, 12, 19, 18, 7, 5, 13, 15, 2]",6.8269279
./random_graph_db/graph_db_node_22/04_p0.4/04_graph_n22_p0.4_idx4.gpickle,22,0.4,4,9,87,211,"[3, 11, 4, 16, 20, 13, 18, 5, 6, 15, 7, 1, 2, 8, 14, 19, 0, 10, 17, 9, 12, 21]",11.8922958
./random_graph_db/graph_db_node_22/04_p0.4/04_graph_n22_p0.4_idx5.gpickle,22,0.4,5,9,81,195,"[6, 5, 12, 10, 9, 14, 16, 4, 1, 8, 11, 18, 21, 13, 3, 7, 0, 19, 2, 17, 20, 15]",10.340853
./random_graph_db/graph_db_node_22/04_p0.4/04_graph_n22_p0.4_idx6.gpickle,22,0.4,6,8,76,195,"[16, 9, 11, 3, 12, 2, 14, 7, 19, 8, 21, 20, 4, 6, 0, 13, 18, 5, 15, 17, 10, 1]",7.417321
./random_graph_db/graph_db_node_22/04_p0.4/04_graph_n22_p0.4_idx7.gpickle,22,0.4,7,9,78,204,"[21, 10, 17, 11, 5, 16, 1, 2, 13, 14, 4, 7, 8, 20, 15, 6, 12, 9, 18, 19, 3, 0]",7.1599431
./random_graph_db/graph_db_node_22/04_p0.4/04_graph_n22_p0.4_idx8.gpickle,22,0.4,8,9,86,208,"[5, 9, 19, 7, 17, 18, 4, 12, 16, 6, 10, 2, 11, 14, 3, 1, 13, 21, 0, 20, 15, 8]",11.1047218
./random_graph_db/graph_db_node_22/04_p0.4/04_graph_n22_p0.4_idx9.gpickle,22,0.4,9,9,75,200,"[20, 10, 15, 13, 12, 5, 7, 18, 16, 19, 14, 1, 21, 3, 0, 17, 2, 4, 8, 6, 9, 11]",7.3677099
./random_graph_db/graph_db_node_22/05_p0.45/05_graph_n22_p0.45_idx1.gpickle,22,0.45,1,9,91,206,"[18, 12, 14, 17, 11, 1, 6, 3, 7, 5, 19, 9, 20, 8, 4, 15, 2, 10, 16, 21, 13, 0]",7.375478
./random_graph_db/graph_db_node_22/05_p0.45/05_graph_n22_p0.45_idx10.gpickle,22,0.45,10,9,72,171,"[20, 5, 21, 11, 4, 16, 10, 8, 18, 17, 9, 2, 7, 3, 19, 1, 0, 14, 15, 6, 12, 13]",8.1108706
./random_graph_db/graph_db_node_22/05_p0.45/05_graph_n22_p0.45_idx2.gpickle,22,0.45,2,9,80,212,"[15, 18, 17, 13, 7, 6, 9, 21, 8, 2, 0, 14, 20, 5, 16, 12, 3, 4, 10, 1, 11, 19]",7.36801
./random_graph_db/graph_db_node_22/05_p0.45/05_graph_n22_p0.45_idx3.gpickle,22,0.45,3,9,91,243,"[11, 13, 21, 4, 18, 12, 6, 14, 2, 1, 9, 5, 8, 10, 3, 15, 16, 20, 17, 7, 19, 0]",7.3389058
./random_graph_db/graph_db_node_22/05_p0.45/05_graph_n22_p0.45_idx4.gpickle,22,0.45,4,9,70,181,"[20, 9, 7, 18, 2, 12, 6, 14, 11, 16, 1, 17, 13, 19, 8, 21, 15, 10, 4, 0, 5, 3]",8.5978351
./random_graph_db/graph_db_node_22/05_p0.45/05_graph_n22_p0.45_idx5.gpickle,22,0.45,5,10,97,226,"[10, 19, 7, 8, 11, 2, 5, 21, 17, 3, 14, 18, 9, 4, 1, 6, 0, 15, 16, 12, 20, 13]",7.6168981
./random_graph_db/graph_db_node_22/05_p0.45/05_graph_n22_p0.45_idx6.gpickle,22,0.45,6,9,81,193,"[8, 9, 6, 16, 19, 10, 18, 14, 7, 15, 1, 12, 11, 3, 21, 4, 20, 17, 5, 2, 13, 0]",9.537637
./random_graph_db/graph_db_node_22/05_p0.45/05_graph_n22_p0.45_idx7.gpickle,22,0.45,7,8,73,176,"[18, 21, 3, 11, 17, 14, 19, 15, 12, 5, 20, 6, 7, 16, 9, 8, 10, 13, 0, 2, 1, 4]",6.9296598
./random_graph_db/graph_db_node_22/05_p0.45/05_graph_n22_p0.45_idx8.gpickle,22,0.45,8,8,77,188,"[15, 13, 18, 17, 1, 4, 2, 14, 9, 21, 5, 19, 3, 20, 11, 8, 16, 7, 10, 6, 12, 0]",13.3482029
./random_graph_db/graph_db_node_22/05_p0.45/05_graph_n22_p0.45_idx9.gpickle,22,0.45,9,9,85,224,"[20, 13, 5, 11, 2, 8, 4, 10, 17, 0, 9, 6, 12, 18, 3, 14, 7, 15, 21, 19, 1, 16]",7.546741
./random_graph_db/graph_db_node_22/06_p0.5/06_graph_n22_p0.5_idx1.gpickle,22,0.5,1,10,83,192,"[19, 12, 9, 17, 20, 21, 1, 18, 5, 4, 0, 3, 10, 11, 13, 15, 7, 16, 8, 6, 14, 2]",7.785794
./random_graph_db/graph_db_node_22/06_p0.5/06_graph_n22_p0.5_idx10.gpickle,22,0.5,10,9,80,207,"[20, 11, 6, 21, 14, 0, 10, 5, 7, 16, 9, 15, 18, 13, 2, 12, 4, 3, 19, 17, 8, 1]",7.3498681
./random_graph_db/graph_db_node_22/06_p0.5/06_graph_n22_p0.5_idx2.gpickle,22,0.5,2,9,65,171,"[3, 4, 2, 20, 16, 14, 19, 10, 9, 1, 8, 13, 12, 5, 15, 0, 11, 7, 21, 17, 18, 6]",7.25968
./random_graph_db/graph_db_node_22/06_p0.5/06_graph_n22_p0.5_idx3.gpickle,22,0.5,3,9,90,207,"[12, 13, 18, 7, 20, 3, 8, 14, 21, 0, 1, 4, 15, 19, 5, 2, 16, 9, 17, 10, 11, 6]",7.5134511
./random_graph_db/graph_db_node_22/06_p0.5/06_graph_n22_p0.5_idx4.gpickle,22,0.5,4,9,77,196,"[17, 18, 15, 6, 0, 21, 12, 8, 2, 14, 9, 5, 7, 3, 11, 10, 4, 16, 1, 13, 20, 19]",7.389864
./random_graph_db/graph_db_node_22/06_p0.5/06_graph_n22_p0.5_idx5.gpickle,22,0.5,5,9,88,205,"[6, 13, 3, 20, 5, 9, 18, 17, 2, 4, 16, 15, 12, 8, 7, 1, 21, 10, 0, 19, 11, 14]",13.256566
./random_graph_db/graph_db_node_22/06_p0.5/06_graph_n22_p0.5_idx6.gpickle,22,0.5,6,9,76,182,"[3, 7, 20, 12, 8, 11, 10, 4, 6, 13, 14, 17, 21, 2, 0, 18, 5, 9, 19, 1, 15, 16]",7.1970968
./random_graph_db/graph_db_node_22/06_p0.5/06_graph_n22_p0.5_idx7.gpickle,22,0.5,7,9,81,201,"[20, 0, 8, 11, 5, 18, 4, 13, 9, 6, 3, 14, 10, 17, 2, 12, 19, 16, 21, 7, 1, 15]",7.0594344
./random_graph_db/graph_db_node_22/06_p0.5/06_graph_n22_p0.5_idx8.gpickle,22,0.5,8,10,87,211,"[20, 2, 8, 15, 17, 19, 7, 12, 16, 13, 14, 3, 10, 4, 5, 1, 9, 18, 11, 6, 0, 21]",7.4951272
./random_graph_db/graph_db_node_22/06_p0.5/06_graph_n22_p0.5_idx9.gpickle,22,0.5,9,9,94,214,"[9, 13, 14, 20, 16, 6, 4, 3, 18, 19, 5, 21, 8, 17, 12, 15, 2, 0, 7, 10, 1, 11]",7.7024632
./random_graph_db/graph_db_node_22/07_p0.55/07_graph_n22_p0.55_idx1.gpickle,22,0.55,1,9,83,203,"[6, 14, 18, 21, 1, 16, 17, 3, 10, 13, 5, 4, 11, 8, 9, 12, 20, 2, 19, 7, 0, 15]",7.3445098
./random_graph_db/graph_db_node_22/07_p0.55/07_graph_n22_p0.55_idx10.gpickle,22,0.55,10,9,92,223,"[14, 19, 11, 17, 16, 5, 12, 18, 20, 4, 21, 13, 9, 15, 0, 6, 2, 10, 7, 1, 3, 8]",7.3944669
./random_graph_db/graph_db_node_22/07_p0.55/07_graph_n22_p0.55_idx2.gpickle,22,0.55,2,9,66,164,"[20, 0, 7, 6, 13, 17, 11, 19, 2, 16, 15, 3, 4, 1, 5, 12, 21, 8, 10, 18, 14, 9]",7.4035771
./random_graph_db/graph_db_node_22/07_p0.55/07_graph_n22_p0.55_idx3.gpickle,22,0.55,3,9,75,188,"[0, 17, 5, 2, 12, 14, 16, 11, 1, 13, 8, 10, 19, 6, 20, 7, 3, 21, 18, 15, 9, 4]",7.6536918
./random_graph_db/graph_db_node_22/07_p0.55/07_graph_n22_p0.55_idx4.gpickle,22,0.55,4,9,86,223,"[8, 6, 21, 12, 15, 3, 18, 19, 16, 5, 2, 1, 20, 10, 13, 14, 7, 4, 17, 0, 9, 11]",7.6538162
./random_graph_db/graph_db_node_22/07_p0.55/07_graph_n22_p0.55_idx5.gpickle,22,0.55,5,9,72,184,"[21, 12, 8, 10, 13, 6, 2, 18, 4, 5, 15, 17, 1, 19, 0, 16, 7, 20, 11, 14, 3, 9]",7.6662719
./random_graph_db/graph_db_node_22/07_p0.55/07_graph_n22_p0.55_idx6.gpickle,22,0.55,6,8,69,191,"[20, 14, 4, 13, 19, 16, 15, 5, 7, 8, 3, 18, 10, 0, 12, 6, 21, 11, 2, 17, 9, 1]",7.093282
./random_graph_db/graph_db_node_22/07_p0.55/07_graph_n22_p0.55_idx7.gpickle,22,0.55,7,8,81,225,"[11, 21, 17, 7, 0, 8, 6, 1, 10, 14, 19, 4, 16, 20, 13, 3, 2, 12, 15, 5, 9, 18]",7.0220828
./random_graph_db/graph_db_node_22/07_p0.55/07_graph_n22_p0.55_idx8.gpickle,22,0.55,8,8,72,181,"[11, 9, 2, 20, 4, 8, 17, 13, 15, 16, 21, 18, 14, 3, 0, 5, 12, 6, 1, 7, 19, 10]",7.043391
./random_graph_db/graph_db_node_22/07_p0.55/07_graph_n22_p0.55_idx9.gpickle,22,0.55,9,9,83,213,"[6, 5, 1, 15, 14, 21, 16, 20, 10, 2, 7, 11, 8, 17, 0, 3, 13, 18, 9, 12, 4, 19]",7.6416459
./random_graph_db/graph_db_node_22/08_p0.6/08_graph_n22_p0.6_idx1.gpickle,22,0.6,1,9,83,207,"[19, 2, 7, 1, 10, 20, 11, 12, 15, 5, 4, 6, 17, 13, 0, 8, 18, 16, 9, 21, 3, 14]",8.462682
./random_graph_db/graph_db_node_22/08_p0.6/08_graph_n22_p0.6_idx10.gpickle,22,0.6,10,10,81,194,"[10, 18, 3, 12, 4, 0, 11, 21, 6, 14, 15, 7, 1, 8, 2, 17, 19, 9, 13, 16, 20, 5]",7.647197
./random_graph_db/graph_db_node_22/08_p0.6/08_graph_n22_p0.6_idx2.gpickle,22,0.6,2,9,80,194,"[1, 11, 10, 8, 3, 20, 17, 7, 18, 21, 19, 13, 4, 14, 9, 16, 12, 5, 6, 0, 15, 2]",7.52301
./random_graph_db/graph_db_node_22/08_p0.6/08_graph_n22_p0.6_idx3.gpickle,22,0.6,3,9,83,204,"[0, 2, 5, 7, 18, 11, 10, 16, 17, 3, 15, 12, 6, 20, 21, 13, 4, 9, 14, 1, 19, 8]",7.1083231
./random_graph_db/graph_db_node_22/08_p0.6/08_graph_n22_p0.6_idx4.gpickle,22,0.6,4,9,83,216,"[5, 8, 21, 10, 15, 14, 17, 12, 18, 11, 16, 9, 7, 4, 13, 6, 0, 20, 1, 19, 3, 2]",7.188365
./random_graph_db/graph_db_node_22/08_p0.6/08_graph_n22_p0.6_idx5.gpickle,22,0.6,5,9,81,198,"[11, 20, 21, 1, 17, 13, 19, 18, 8, 16, 9, 14, 2, 7, 15, 6, 4, 5, 12, 10, 3, 0]",7.0939729
./random_graph_db/graph_db_node_22/08_p0.6/08_graph_n22_p0.6_idx6.gpickle,22,0.6,6,9,76,191,"[21, 15, 7, 5, 6, 10, 11, 1, 17, 19, 2, 4, 20, 12, 18, 16, 14, 3, 0, 13, 8, 9]",6.897959
./random_graph_db/graph_db_node_22/08_p0.6/08_graph_n22_p0.6_idx7.gpickle,22,0.6,7,9,82,197,"[7, 14, 13, 16, 8, 3, 17, 6, 12, 18, 15, 5, 4, 11, 9, 19, 2, 1, 10, 0, 20, 21]",6.9179132
./random_graph_db/graph_db_node_22/08_p0.6/08_graph_n22_p0.6_idx8.gpickle,22,0.6,8,8,64,173,"[15, 8, 11, 19, 17, 20, 1, 14, 7, 4, 5, 21, 18, 12, 0, 9, 6, 10, 13, 3, 2, 16]",6.9106297
./random_graph_db/graph_db_node_22/08_p0.6/08_graph_n22_p0.6_idx9.gpickle,22,0.6,9,8,65,167,"[4, 2, 1, 17, 20, 0, 3, 11, 10, 18, 6, 19, 16, 15, 21, 14, 13, 7, 9, 12, 8, 5]",7.1925309
./random_graph_db/graph_db_node_22/09_p0.65/09_graph_n22_p0.65_idx1.gpickle,22,0.65,1,9,74,188,"[3, 7, 14, 2, 11, 15, 20, 1, 12, 0, 8, 9, 16, 19, 4, 6, 18, 13, 5, 10, 21, 17]",6.9481473
./random_graph_db/graph_db_node_22/09_p0.65/09_graph_n22_p0.65_idx10.gpickle,22,0.65,10,8,74,193,"[9, 3, 4, 10, 5, 20, 19, 15, 1, 6, 7, 21, 18, 14, 8, 13, 2, 12, 11, 16, 17, 0]",6.695441
./random_graph_db/graph_db_node_22/09_p0.65/09_graph_n22_p0.65_idx2.gpickle,22,0.65,2,9,82,197,"[14, 11, 19, 4, 20, 10, 9, 7, 8, 16, 6, 18, 17, 0, 12, 21, 5, 13, 3, 15, 1, 2]",7.315722
./random_graph_db/graph_db_node_22/09_p0.65/09_graph_n22_p0.65_idx3.gpickle,22,0.65,3,9,94,229,"[7, 13, 8, 12, 20, 19, 4, 21, 1, 17, 0, 11, 2, 15, 14, 6, 3, 5, 18, 16, 9, 10]",7.9474909
./random_graph_db/graph_db_node_22/09_p0.65/09_graph_n22_p0.65_idx4.gpickle,22,0.65,4,9,77,198,"[3, 6, 10, 4, 20, 13, 5, 9, 15, 2, 12, 19, 16, 11, 8, 21, 1, 0, 14, 17, 18, 7]",7.1639509
./random_graph_db/graph_db_node_22/09_p0.65/09_graph_n22_p0.65_idx5.gpickle,22,0.65,5,9,72,183,"[16, 8, 11, 18, 14, 17, 20, 19, 6, 3, 15, 1, 10, 21, 7, 2, 0, 13, 12, 9, 4, 5]",7.1282847
./random_graph_db/graph_db_node_22/09_p0.65/09_graph_n22_p0.65_idx6.gpickle,22,0.65,6,9,75,175,"[2, 11, 9, 0, 17, 10, 5, 6, 19, 13, 15, 8, 3, 7, 18, 14, 1, 16, 21, 20, 4, 12]",6.9380858
./random_graph_db/graph_db_node_22/09_p0.65/09_graph_n22_p0.65_idx7.gpickle,22,0.65,7,9,87,222,"[18, 3, 0, 2, 21, 16, 11, 7, 20, 5, 1, 17, 10, 12, 4, 8, 15, 6, 19, 13, 9, 14]",7.134187
./random_graph_db/graph_db_node_22/09_p0.65/09_graph_n22_p0.65_idx8.gpickle,22,0.65,8,9,78,185,"[7, 16, 12, 19, 5, 4, 18, 11, 21, 20, 0, 3, 1, 6, 10, 13, 9, 8, 17, 14, 2, 15]",9.2440681
./random_graph_db/graph_db_node_22/09_p0.65/09_graph_n22_p0.65_idx9.gpickle,22,0.65,9,9,82,193,"[12, 14, 19, 11, 5, 2, 18, 21, 6, 10, 1, 20, 3, 15, 8, 13, 17, 4, 16, 9, 7, 0]",11.8451641
./random_graph_db/graph_db_node_22/10_p0.7/10_graph_n22_p0.7_idx1.gpickle,22,0.7,1,8,69,173,"[17, 19, 5, 7, 2, 3, 11, 16, 9, 18, 8, 12, 10, 15, 1, 0, 13, 4, 14, 6, 20, 21]",6.9448519
./random_graph_db/graph_db_node_22/10_p0.7/10_graph_n22_p0.7_idx10.gpickle,22,0.7,10,9,71,181,"[21, 5, 9, 0, 8, 14, 1, 6, 18, 2, 17, 16, 10, 11, 19, 13, 12, 7, 3, 15, 20, 4]",6.866087
./random_graph_db/graph_db_node_22/10_p0.7/10_graph_n22_p0.7_idx2.gpickle,22,0.7,2,9,80,214,"[0, 9, 11, 2, 14, 5, 15, 7, 19, 8, 12, 10, 13, 21, 20, 3, 16, 17, 18, 6, 1, 4]",6.9263258
./random_graph_db/graph_db_node_22/10_p0.7/10_graph_n22_p0.7_idx3.gpickle,22,0.7,3,8,70,182,"[19, 6, 1, 2, 8, 0, 17, 3, 20, 9, 14, 10, 13, 11, 7, 4, 18, 5, 12, 15, 16, 21]",6.7572072
./random_graph_db/graph_db_node_22/10_p0.7/10_graph_n22_p0.7_idx4.gpickle,22,0.7,4,10,91,209,"[19, 2, 12, 11, 9, 16, 15, 0, 5, 7, 10, 1, 6, 20, 8, 14, 18, 3, 17, 21, 4, 13]",7.2757342
./random_graph_db/graph_db_node_22/10_p0.7/10_graph_n22_p0.7_idx5.gpickle,22,0.7,5,9,79,200,"[9, 17, 5, 19, 21, 11, 1, 18, 6, 8, 15, 3, 12, 7, 20, 10, 4, 14, 0, 13, 2, 16]",7.3753889
./random_graph_db/graph_db_node_22/10_p0.7/10_graph_n22_p0.7_idx6.gpickle,22,0.7,6,9,85,207,"[6, 13, 14, 0, 10, 11, 4, 5, 2, 21, 8, 16, 9, 1, 20, 7, 19, 12, 15, 3, 18, 17]",6.9823418
./random_graph_db/graph_db_node_22/10_p0.7/10_graph_n22_p0.7_idx7.gpickle,22,0.7,7,9,74,184,"[10, 19, 11, 6, 18, 4, 9, 2, 8, 14, 5, 12, 20, 3, 16, 13, 7, 17, 0, 1, 15, 21]",6.5207229
./random_graph_db/graph_db_node_22/10_p0.7/10_graph_n22_p0.7_idx8.gpickle,22,0.7,8,7,58,169,"[9, 10, 14, 21, 7, 16, 8, 3, 17, 1, 19, 4, 0, 2, 20, 15, 5, 6, 18, 12, 11, 13]",7.1637971
./random_graph_db/graph_db_node_22/10_p0.7/10_graph_n22_p0.7_idx9.gpickle,22,0.7,9,8,75,193,"[18, 16, 21, 6, 5, 9, 12, 10, 17, 13, 2, 20, 15, 11, 3, 7, 0, 1, 8, 19, 14, 4]",12.2470241
./random_graph_db/graph_db_node_22/11_p0.8/11_graph_n22_p0.8_idx1.gpickle,22,0.8,1,7,43,125,"[12, 5, 6, 10, 8, 17, 18, 9, 15, 7, 2, 21, 19, 3, 20, 16, 13, 11, 1, 4, 0, 14]",6.12516
./random_graph_db/graph_db_node_22/11_p0.8/11_graph_n22_p0.8_idx10.gpickle,22,0.8,10,8,52,138,"[14, 3, 0, 20, 21, 6, 2, 1, 13, 8, 9, 4, 12, 15, 11, 17, 19, 5, 16, 7, 10, 18]",6.6778502
./random_graph_db/graph_db_node_22/11_p0.8/11_graph_n22_p0.8_idx2.gpickle,22,0.8,2,5,30,95,"[17, 1, 11, 15, 20, 10, 19, 21, 13, 14, 3, 7, 16, 18, 8, 4, 6, 0, 9, 12, 2, 5]",5.544436
./random_graph_db/graph_db_node_22/11_p0.8/11_graph_n22_p0.8_idx3.gpickle,22,0.8,3,7,64,172,"[7, 5, 18, 13, 10, 20, 21, 2, 1, 15, 17, 11, 16, 14, 9, 8, 3, 19, 4, 6, 12, 0]",7.7361369
./random_graph_db/graph_db_node_22/11_p0.8/11_graph_n22_p0.8_idx4.gpickle,22,0.8,4,7,49,114,"[0, 4, 13, 6, 7, 19, 11, 8, 16, 5, 18, 10, 15, 2, 1, 14, 17, 12, 21, 9, 3, 20]",6.198678
./random_graph_db/graph_db_node_22/11_p0.8/11_graph_n22_p0.8_idx5.gpickle,22,0.8,5,6,33,87,"[19, 11, 12, 18, 4, 3, 20, 1, 7, 17, 2, 6, 16, 9, 0, 8, 13, 21, 5, 10, 14, 15]",6.191009
./random_graph_db/graph_db_node_22/11_p0.8/11_graph_n22_p0.8_idx6.gpickle,22,0.8,6,7,57,157,"[0, 2, 14, 5, 13, 16, 7, 1, 20, 11, 8, 12, 17, 3, 18, 19, 10, 15, 4, 21, 9, 6]",10.955024
./random_graph_db/graph_db_node_22/11_p0.8/11_graph_n22_p0.8_idx7.gpickle,22,0.8,7,7,47,120,"[10, 13, 14, 16, 1, 18, 5, 6, 11, 17, 3, 21, 15, 9, 12, 19, 4, 7, 20, 8, 0, 2]",6.646028
./random_graph_db/graph_db_node_22/11_p0.8/11_graph_n22_p0.8_idx8.gpickle,22,0.8,8,8,67,169,"[17, 5, 6, 11, 16, 0, 7, 19, 18, 13, 21, 15, 3, 1, 2, 10, 12, 14, 4, 9, 20, 8]",6.5234289
./random_graph_db/graph_db_node_22/11_p0.8/11_graph_n22_p0.8_idx9.gpickle,22,0.8,9,7,50,120,"[17, 16, 21, 4, 11, 8, 2, 20, 3, 12, 1, 5, 19, 9, 18, 15, 14, 6, 0, 10, 13, 7]",6.6935318
./random_graph_db/graph_db_node_22/12_p0.9/12_graph_n22_p0.9_idx1.gpickle,22,0.9,1,4,18,64,"[12, 20, 14, 1, 21, 17, 8, 15, 10, 0, 2, 11, 6, 7, 13, 18, 3, 16, 5, 9, 4, 19]",4.7652941
./random_graph_db/graph_db_node_22/12_p0.9/12_graph_n22_p0.9_idx10.gpickle,22,0.9,10,4,21,60,"[9, 4, 15, 7, 13, 16, 1, 5, 18, 6, 10, 21, 2, 17, 12, 0, 8, 20, 11, 3, 14, 19]",4.8181028
./random_graph_db/graph_db_node_22/12_p0.9/12_graph_n22_p0.9_idx2.gpickle,22,0.9,2,3,15,58,"[9, 5, 3, 15, 13, 0, 11, 12, 18, 10, 8, 14, 1, 20, 6, 21, 19, 4, 7, 16, 17, 2]",3.9983039
./random_graph_db/graph_db_node_22/12_p0.9/12_graph_n22_p0.9_idx3.gpickle,22,0.9,3,5,28,73,"[17, 14, 7, 4, 12, 20, 8, 1, 0, 16, 11, 15, 3, 21, 2, 13, 9, 5, 10, 19, 18, 6]",5.510174
./random_graph_db/graph_db_node_22/12_p0.9/12_graph_n22_p0.9_idx4.gpickle,22,0.9,4,6,44,112,"[2, 9, 16, 11, 12, 0, 5, 3, 21, 15, 8, 18, 14, 10, 20, 7, 19, 13, 6, 17, 4, 1]",6.131798
./random_graph_db/graph_db_node_22/12_p0.9/12_graph_n22_p0.9_idx5.gpickle,22,0.9,5,4,14,47,"[8, 13, 15, 17, 3, 4, 9, 0, 14, 19, 6, 5, 10, 21, 11, 1, 20, 16, 2, 7, 18, 12]",3.9552312
./random_graph_db/graph_db_node_22/12_p0.9/12_graph_n22_p0.9_idx6.gpickle,22,0.9,6,3,7,45,"[3, 12, 5, 2, 14, 20, 15, 10, 18, 7, 4, 19, 6, 0, 1, 13, 17, 11, 16, 9, 21, 8]",3.7735238
./random_graph_db/graph_db_node_22/12_p0.9/12_graph_n22_p0.9_idx7.gpickle,22,0.9,7,3,16,56,"[14, 6, 1, 17, 13, 0, 10, 7, 21, 8, 11, 3, 20, 12, 19, 5, 4, 15, 18, 2, 16, 9]",4.0101738
./random_graph_db/graph_db_node_22/12_p0.9/12_graph_n22_p0.9_idx8.gpickle,22,0.9,8,4,23,71,"[13, 21, 0, 9, 4, 1, 17, 11, 7, 16, 10, 5, 3, 14, 2, 18, 6, 15, 19, 12, 20, 8]",3.2144308
./random_graph_db/graph_db_node_22/12_p0.9/12_graph_n22_p0.9_idx9.gpickle,22,0.9,9,5,26,83,"[9, 15, 10, 6, 18, 0, 14, 16, 19, 13, 2, 3, 21, 12, 11, 20, 8, 5, 4, 7, 1, 17]",4.5115249
./random_graph_db/graph_db_node_23/01_p0.1/01_graph_n23_p0.1_idx1.gpickle,23,0.1,1,4,9,44,"[13, 22, 10, 7, 5, 6, 9, 16, 0, 17, 19, 20, 15, 14, 8, 12, 3, 21, 2, 11, 4, 18, 1]",4.1748297
./random_graph_db/graph_db_node_23/01_p0.1/01_graph_n23_p0.1_idx10.gpickle,23,0.1,10,4,19,76,"[11, 19, 3, 20, 2, 18, 22, 4, 8, 1, 21, 13, 9, 12, 16, 6, 7, 0, 17, 15, 14, 10, 5]",4.5839539
./random_graph_db/graph_db_node_23/01_p0.1/01_graph_n23_p0.1_idx2.gpickle,23,0.1,2,5,18,62,"[9, 11, 5, 6, 10, 7, 2, 8, 22, 3, 15, 14, 17, 1, 20, 19, 0, 21, 4, 13, 16, 12, 18]",5.000386
./random_graph_db/graph_db_node_23/01_p0.1/01_graph_n23_p0.1_idx3.gpickle,23,0.1,3,4,10,39,"[4, 16, 0, 14, 9, 5, 18, 1, 11, 7, 21, 22, 12, 15, 13, 2, 8, 10, 17, 20, 19, 3, 6]",4.4581482
./random_graph_db/graph_db_node_23/01_p0.1/01_graph_n23_p0.1_idx4.gpickle,23,0.1,4,4,18,62,"[8, 10, 19, 18, 5, 7, 3, 14, 22, 9, 20, 0, 16, 15, 17, 4, 13, 1, 6, 12, 21, 2, 11]",3.4224119
./random_graph_db/graph_db_node_23/01_p0.1/01_graph_n23_p0.1_idx5.gpickle,23,0.1,5,4,9,42,"[10, 20, 16, 17, 22, 21, 9, 11, 5, 6, 7, 13, 2, 0, 8, 12, 14, 4, 18, 1, 3, 19, 15]",4.2850728
./random_graph_db/graph_db_node_23/01_p0.1/01_graph_n23_p0.1_idx6.gpickle,23,0.1,6,6,19,60,"[22, 8, 14, 2, 15, 9, 6, 20, 7, 21, 12, 10, 17, 11, 13, 3, 4, 1, 5, 16, 19, 0, 18]",5.0112481
./random_graph_db/graph_db_node_23/01_p0.1/01_graph_n23_p0.1_idx7.gpickle,23,0.1,7,3,6,34,"[7, 19, 17, 20, 0, 1, 8, 4, 3, 22, 16, 10, 9, 6, 14, 12, 15, 18, 21, 11, 13, 5, 2]",3.9935029
./random_graph_db/graph_db_node_23/01_p0.1/01_graph_n23_p0.1_idx8.gpickle,23,0.1,8,4,11,48,"[5, 16, 17, 0, 21, 3, 7, 12, 6, 14, 4, 10, 20, 19, 13, 22, 18, 15, 1, 8, 11, 2, 9]",3.4169769
./random_graph_db/graph_db_node_23/01_p0.1/01_graph_n23_p0.1_idx9.gpickle,23,0.1,9,4,8,42,"[8, 13, 2, 6, 16, 18, 14, 20, 10, 11, 1, 4, 22, 3, 12, 9, 19, 0, 17, 15, 7, 5, 21]",3.9887509
./random_graph_db/graph_db_node_23/02_p0.2/02_graph_n23_p0.2_idx1.gpickle,23,0.2,1,7,38,105,"[7, 16, 15, 17, 9, 0, 4, 21, 10, 2, 19, 3, 1, 18, 22, 13, 11, 8, 12, 5, 20, 14, 6]",6.0821297
./random_graph_db/graph_db_node_23/02_p0.2/02_graph_n23_p0.2_idx10.gpickle,23,0.2,10,7,54,127,"[0, 17, 10, 4, 3, 14, 2, 11, 16, 1, 15, 22, 20, 6, 9, 12, 8, 7, 18, 19, 21, 13, 5]",11.3146701
./random_graph_db/graph_db_node_23/02_p0.2/02_graph_n23_p0.2_idx2.gpickle,23,0.2,2,7,55,143,"[1, 19, 17, 14, 2, 18, 8, 10, 0, 11, 22, 6, 15, 12, 7, 21, 3, 20, 4, 9, 5, 16, 13]",6.1867371
./random_graph_db/graph_db_node_23/02_p0.2/02_graph_n23_p0.2_idx3.gpickle,23,0.2,3,8,54,140,"[2, 18, 12, 13, 6, 9, 8, 1, 10, 20, 22, 14, 4, 0, 15, 5, 16, 3, 19, 17, 11, 7, 21]",6.5416348
./random_graph_db/graph_db_node_23/02_p0.2/02_graph_n23_p0.2_idx4.gpickle,23,0.2,4,7,36,114,"[7, 17, 22, 4, 20, 11, 16, 18, 3, 8, 9, 6, 0, 14, 2, 5, 12, 21, 1, 10, 13, 19, 15]",5.7943859
./random_graph_db/graph_db_node_23/02_p0.2/02_graph_n23_p0.2_idx5.gpickle,23,0.2,5,5,32,82,"[8, 4, 17, 18, 1, 3, 13, 16, 21, 5, 6, 14, 15, 0, 2, 11, 10, 20, 7, 9, 12, 22, 19]",5.530652
./random_graph_db/graph_db_node_23/02_p0.2/02_graph_n23_p0.2_idx6.gpickle,23,0.2,6,6,22,72,"[21, 18, 9, 19, 1, 17, 2, 5, 10, 6, 13, 4, 14, 12, 7, 15, 8, 3, 16, 20, 22, 11, 0]",4.8846958
./random_graph_db/graph_db_node_23/02_p0.2/02_graph_n23_p0.2_idx7.gpickle,23,0.2,7,8,35,100,"[10, 1, 21, 13, 7, 9, 0, 12, 20, 18, 11, 19, 14, 22, 16, 17, 2, 5, 4, 6, 15, 3, 8]",6.0198331
./random_graph_db/graph_db_node_23/02_p0.2/02_graph_n23_p0.2_idx8.gpickle,23,0.2,8,5,24,64,"[1, 21, 13, 18, 8, 4, 5, 12, 6, 11, 20, 0, 9, 22, 3, 15, 16, 7, 10, 19, 14, 17, 2]",5.2281747
./random_graph_db/graph_db_node_23/02_p0.2/02_graph_n23_p0.2_idx9.gpickle,23,0.2,9,8,49,121,"[22, 8, 3, 6, 20, 11, 18, 13, 10, 21, 12, 15, 2, 7, 9, 17, 5, 0, 4, 1, 14, 16, 19]",6.530766
./random_graph_db/graph_db_node_23/03_p0.3/03_graph_n23_p0.3_idx1.gpickle,23,0.3,1,8,80,204,"[6, 16, 11, 15, 5, 20, 12, 1, 13, 18, 9, 4, 19, 0, 3, 7, 10, 22, 21, 17, 2, 8, 14]",7.9244781
./random_graph_db/graph_db_node_23/03_p0.3/03_graph_n23_p0.3_idx10.gpickle,23,0.3,10,9,66,160,"[20, 21, 8, 16, 13, 2, 3, 15, 4, 12, 10, 18, 11, 9, 1, 19, 7, 14, 0, 22, 6, 5, 17]",7.0174217
./random_graph_db/graph_db_node_23/03_p0.3/03_graph_n23_p0.3_idx2.gpickle,23,0.3,2,9,86,204,"[9, 8, 19, 21, 22, 11, 0, 2, 7, 15, 18, 6, 12, 16, 10, 14, 17, 1, 13, 4, 5, 20, 3]",7.5389838
./random_graph_db/graph_db_node_23/03_p0.3/03_graph_n23_p0.3_idx3.gpickle,23,0.3,3,9,82,210,"[11, 9, 1, 14, 2, 16, 13, 6, 4, 15, 3, 0, 22, 10, 5, 8, 7, 18, 21, 12, 19, 17, 20]",7.6320491
./random_graph_db/graph_db_node_23/03_p0.3/03_graph_n23_p0.3_idx4.gpickle,23,0.3,4,7,48,142,"[7, 17, 19, 6, 8, 15, 2, 10, 0, 9, 3, 5, 22, 21, 16, 1, 13, 11, 4, 12, 18, 14, 20]",6.913842
./random_graph_db/graph_db_node_23/03_p0.3/03_graph_n23_p0.3_idx5.gpickle,23,0.3,5,9,79,188,"[18, 15, 17, 20, 3, 0, 21, 9, 1, 2, 16, 6, 22, 12, 8, 5, 4, 14, 10, 19, 7, 13, 11]",7.8433669
./random_graph_db/graph_db_node_23/03_p0.3/03_graph_n23_p0.3_idx6.gpickle,23,0.3,6,9,73,162,"[16, 1, 2, 20, 10, 13, 11, 18, 22, 7, 6, 15, 17, 0, 8, 12, 5, 9, 19, 3, 4, 14, 21]",7.0803998
./random_graph_db/graph_db_node_23/03_p0.3/03_graph_n23_p0.3_idx7.gpickle,23,0.3,7,9,80,196,"[5, 16, 18, 21, 14, 10, 13, 6, 11, 7, 8, 22, 15, 12, 3, 20, 19, 4, 0, 17, 9, 1, 2]",7.6067553
./random_graph_db/graph_db_node_23/03_p0.3/03_graph_n23_p0.3_idx8.gpickle,23,0.3,8,9,70,182,"[21, 18, 9, 14, 13, 10, 2, 15, 16, 0, 11, 1, 8, 3, 6, 17, 5, 22, 20, 4, 12, 19, 7]",7.8637891
./random_graph_db/graph_db_node_23/03_p0.3/03_graph_n23_p0.3_idx9.gpickle,23,0.3,9,8,74,200,"[14, 11, 1, 18, 19, 3, 16, 13, 22, 17, 15, 6, 9, 12, 5, 0, 2, 20, 4, 10, 7, 21, 8]",7.5252731
./random_graph_db/graph_db_node_23/04_p0.4/04_graph_n23_p0.4_idx1.gpickle,23,0.4,1,10,101,244,"[8, 12, 14, 4, 2, 0, 10, 16, 11, 15, 20, 6, 17, 22, 19, 3, 21, 1, 18, 13, 7, 5, 9]",8.0209138
./random_graph_db/graph_db_node_23/04_p0.4/04_graph_n23_p0.4_idx10.gpickle,23,0.4,10,9,89,219,"[4, 9, 14, 0, 17, 1, 19, 5, 3, 22, 8, 12, 16, 13, 7, 10, 6, 2, 21, 20, 18, 15, 11]",8.9094529
./random_graph_db/graph_db_node_23/04_p0.4/04_graph_n23_p0.4_idx2.gpickle,23,0.4,2,10,89,219,"[18, 1, 16, 9, 11, 6, 20, 12, 22, 7, 17, 19, 4, 10, 5, 13, 15, 14, 8, 21, 2, 3, 0]",9.6410251
./random_graph_db/graph_db_node_23/04_p0.4/04_graph_n23_p0.4_idx3.gpickle,23,0.4,3,10,95,245,"[9, 15, 4, 7, 6, 0, 19, 12, 16, 14, 17, 8, 10, 11, 13, 1, 18, 3, 21, 5, 22, 2, 20]",13.9080739
./random_graph_db/graph_db_node_23/04_p0.4/04_graph_n23_p0.4_idx4.gpickle,23,0.4,4,10,97,234,"[19, 15, 6, 1, 22, 14, 0, 8, 16, 4, 18, 11, 10, 12, 5, 9, 13, 20, 3, 17, 7, 21, 2]",8.7110109
./random_graph_db/graph_db_node_23/04_p0.4/04_graph_n23_p0.4_idx5.gpickle,23,0.4,5,9,91,219,"[9, 7, 15, 18, 16, 8, 21, 11, 2, 1, 14, 0, 12, 6, 3, 5, 17, 13, 19, 10, 20, 4, 22]",8.3327038
./random_graph_db/graph_db_node_23/04_p0.4/04_graph_n23_p0.4_idx6.gpickle,23,0.4,6,9,83,208,"[13, 10, 15, 8, 11, 5, 12, 9, 17, 16, 4, 14, 18, 0, 22, 7, 2, 21, 3, 6, 1, 19, 20]",8.8117414
./random_graph_db/graph_db_node_23/04_p0.4/04_graph_n23_p0.4_idx7.gpickle,23,0.4,7,9,85,212,"[10, 17, 7, 2, 11, 12, 4, 20, 21, 16, 5, 14, 15, 1, 8, 6, 13, 3, 22, 19, 18, 9, 0]",8.18239
./random_graph_db/graph_db_node_23/04_p0.4/04_graph_n23_p0.4_idx8.gpickle,23,0.4,8,10,90,218,"[4, 7, 22, 6, 11, 2, 19, 16, 5, 3, 10, 21, 12, 0, 15, 17, 14, 13, 1, 18, 20, 9, 8]",8.0130601
./random_graph_db/graph_db_node_23/04_p0.4/04_graph_n23_p0.4_idx9.gpickle,23,0.4,9,9,87,225,"[5, 13, 11, 20, 19, 7, 4, 8, 15, 12, 1, 0, 16, 17, 22, 10, 9, 14, 6, 2, 21, 18, 3]",10.5233989
./random_graph_db/graph_db_node_23/05_p0.45/05_graph_n23_p0.45_idx1.gpickle,23,0.45,1,9,87,191,"[3, 13, 20, 5, 4, 11, 6, 14, 22, 9, 15, 19, 16, 8, 21, 1, 2, 12, 0, 18, 17, 10, 7]",8.0548599
./random_graph_db/graph_db_node_23/05_p0.45/05_graph_n23_p0.45_idx10.gpickle,23,0.45,10,9,82,205,"[13, 6, 1, 16, 17, 7, 0, 8, 2, 14, 3, 9, 20, 12, 5, 4, 19, 22, 21, 10, 15, 11, 18]",8.1783931
./random_graph_db/graph_db_node_23/05_p0.45/05_graph_n23_p0.45_idx2.gpickle,23,0.45,2,9,84,206,"[1, 11, 12, 18, 22, 16, 14, 6, 10, 5, 21, 8, 7, 9, 3, 2, 17, 4, 15, 0, 13, 20, 19]",8.369863
./random_graph_db/graph_db_node_23/05_p0.45/05_graph_n23_p0.45_idx3.gpickle,23,0.45,3,10,90,226,"[11, 22, 17, 7, 9, 19, 13, 0, 15, 6, 8, 20, 10, 4, 16, 14, 3, 12, 5, 1, 18, 2, 21]",8.3508091
./random_graph_db/graph_db_node_23/05_p0.45/05_graph_n23_p0.45_idx4.gpickle,23,0.45,4,9,80,194,"[18, 19, 11, 5, 16, 1, 8, 2, 7, 22, 9, 3, 0, 4, 17, 13, 20, 14, 6, 10, 21, 12, 15]",8.6228111
./random_graph_db/graph_db_node_23/05_p0.45/05_graph_n23_p0.45_idx5.gpickle,23,0.45,5,9,82,199,"[19, 14, 20, 9, 6, 5, 22, 13, 0, 8, 2, 3, 7, 4, 18, 12, 15, 17, 10, 16, 21, 1, 11]",7.8468661
./random_graph_db/graph_db_node_23/05_p0.45/05_graph_n23_p0.45_idx6.gpickle,23,0.45,6,9,88,227,"[17, 8, 18, 3, 13, 22, 1, 19, 5, 10, 2, 9, 0, 14, 12, 11, 21, 7, 20, 15, 6, 4, 16]",8.5009263
./random_graph_db/graph_db_node_23/05_p0.45/05_graph_n23_p0.45_idx7.gpickle,23,0.45,7,9,68,184,"[19, 13, 21, 17, 22, 16, 0, 1, 10, 11, 2, 12, 9, 14, 6, 5, 8, 7, 15, 3, 18, 20, 4]",7.3359649
./random_graph_db/graph_db_node_23/05_p0.45/05_graph_n23_p0.45_idx8.gpickle,23,0.45,8,10,99,251,"[5, 11, 12, 17, 8, 21, 14, 19, 6, 18, 9, 7, 4, 13, 3, 15, 10, 16, 1, 20, 2, 0, 22]",8.4733441
./random_graph_db/graph_db_node_23/05_p0.45/05_graph_n23_p0.45_idx9.gpickle,23,0.45,9,9,85,211,"[18, 6, 8, 11, 13, 1, 5, 17, 7, 4, 3, 16, 10, 14, 22, 20, 0, 21, 12, 19, 9, 2, 15]",7.8944168
./random_graph_db/graph_db_node_23/06_p0.5/06_graph_n23_p0.5_idx1.gpickle,23,0.5,1,9,92,216,"[22, 5, 21, 20, 19, 8, 11, 6, 13, 3, 14, 18, 12, 4, 17, 15, 16, 7, 1, 9, 0, 2, 10]",7.959336
./random_graph_db/graph_db_node_23/06_p0.5/06_graph_n23_p0.5_idx10.gpickle,23,0.5,10,9,80,202,"[1, 16, 2, 14, 4, 5, 6, 21, 18, 8, 22, 7, 20, 17, 3, 9, 0, 10, 12, 19, 11, 13, 15]",8.2407632
./random_graph_db/graph_db_node_23/06_p0.5/06_graph_n23_p0.5_idx2.gpickle,23,0.5,2,9,83,217,"[3, 22, 18, 20, 5, 1, 11, 13, 8, 16, 17, 14, 6, 21, 9, 10, 7, 0, 19, 2, 12, 4, 15]",11.7678499
./random_graph_db/graph_db_node_23/06_p0.5/06_graph_n23_p0.5_idx3.gpickle,23,0.5,3,9,77,216,"[5, 15, 1, 17, 12, 10, 20, 16, 13, 2, 4, 11, 3, 8, 21, 19, 9, 18, 0, 14, 6, 7, 22]",8.4867678
./random_graph_db/graph_db_node_23/06_p0.5/06_graph_n23_p0.5_idx4.gpickle,23,0.5,4,9,86,198,"[5, 7, 12, 6, 14, 3, 11, 0, 9, 1, 22, 13, 16, 18, 20, 4, 17, 21, 19, 15, 10, 2, 8]",8.385586
./random_graph_db/graph_db_node_23/06_p0.5/06_graph_n23_p0.5_idx5.gpickle,23,0.5,5,9,86,220,"[22, 1, 7, 5, 17, 6, 18, 16, 12, 13, 11, 4, 10, 3, 21, 15, 20, 19, 9, 2, 0, 8, 14]",8.009284
./random_graph_db/graph_db_node_23/06_p0.5/06_graph_n23_p0.5_idx6.gpickle,23,0.5,6,9,83,220,"[21, 0, 17, 14, 2, 7, 1, 6, 10, 22, 5, 18, 3, 12, 15, 19, 4, 16, 9, 13, 20, 8, 11]",8.190239
./random_graph_db/graph_db_node_23/06_p0.5/06_graph_n23_p0.5_idx7.gpickle,23,0.5,7,9,85,214,"[12, 8, 5, 11, 22, 17, 4, 2, 6, 14, 7, 9, 21, 13, 3, 19, 10, 18, 20, 1, 0, 16, 15]",8.4735072
./random_graph_db/graph_db_node_23/06_p0.5/06_graph_n23_p0.5_idx8.gpickle,23,0.5,8,10,94,217,"[0, 15, 13, 9, 2, 1, 7, 4, 3, 20, 19, 11, 18, 16, 6, 21, 17, 22, 12, 5, 14, 8, 10]",8.0209711
./random_graph_db/graph_db_node_23/06_p0.5/06_graph_n23_p0.5_idx9.gpickle,23,0.5,9,10,90,206,"[3, 0, 7, 2, 12, 22, 8, 21, 14, 11, 18, 10, 6, 4, 19, 9, 17, 1, 13, 5, 16, 15, 20]",7.7399507
./random_graph_db/graph_db_node_23/07_p0.55/07_graph_n23_p0.55_idx1.gpickle,23,0.55,1,9,88,230,"[11, 18, 10, 2, 9, 3, 20, 6, 15, 22, 12, 13, 17, 19, 0, 16, 8, 21, 4, 1, 14, 7, 5]",8.3098671
./random_graph_db/graph_db_node_23/07_p0.55/07_graph_n23_p0.55_idx10.gpickle,23,0.55,10,10,99,248,"[15, 21, 18, 9, 12, 8, 11, 0, 14, 1, 16, 17, 4, 3, 6, 7, 13, 22, 19, 20, 10, 5, 2]",9.3557839
./random_graph_db/graph_db_node_23/07_p0.55/07_graph_n23_p0.55_idx2.gpickle,23,0.55,2,10,99,252,"[12, 0, 5, 8, 6, 19, 7, 3, 18, 10, 14, 20, 2, 1, 13, 17, 21, 16, 11, 15, 4, 22, 9]",8.818285
./random_graph_db/graph_db_node_23/07_p0.55/07_graph_n23_p0.55_idx3.gpickle,23,0.55,3,10,79,202,"[7, 3, 13, 2, 15, 8, 19, 1, 16, 11, 14, 18, 5, 12, 21, 0, 6, 20, 9, 22, 17, 4, 10]",8.1747878
./random_graph_db/graph_db_node_23/07_p0.55/07_graph_n23_p0.55_idx4.gpickle,23,0.55,4,9,95,229,"[13, 14, 11, 16, 8, 18, 6, 5, 7, 9, 17, 2, 1, 12, 10, 20, 4, 19, 0, 15, 21, 3, 22]",13.993582
./random_graph_db/graph_db_node_23/07_p0.55/07_graph_n23_p0.55_idx5.gpickle,23,0.55,5,10,99,231,"[16, 0, 2, 21, 18, 17, 14, 5, 1, 6, 15, 8, 7, 4, 13, 11, 9, 10, 3, 20, 22, 19, 12]",8.6716371
./random_graph_db/graph_db_node_23/07_p0.55/07_graph_n23_p0.55_idx6.gpickle,23,0.55,6,10,91,232,"[2, 10, 9, 8, 6, 5, 21, 17, 1, 16, 3, 11, 22, 15, 13, 4, 12, 20, 19, 0, 7, 14, 18]",8.141052
./random_graph_db/graph_db_node_23/07_p0.55/07_graph_n23_p0.55_idx7.gpickle,23,0.55,7,10,95,238,"[1, 0, 18, 3, 17, 9, 5, 13, 10, 15, 4, 11, 8, 20, 6, 21, 22, 7, 14, 16, 12, 2, 19]",8.3790901
./random_graph_db/graph_db_node_23/07_p0.55/07_graph_n23_p0.55_idx8.gpickle,23,0.55,8,9,87,214,"[8, 11, 21, 6, 1, 7, 13, 9, 5, 3, 22, 17, 15, 16, 20, 19, 4, 14, 2, 12, 18, 10, 0]",8.4352732
./random_graph_db/graph_db_node_23/07_p0.55/07_graph_n23_p0.55_idx9.gpickle,23,0.55,9,10,95,212,"[20, 18, 14, 13, 19, 8, 7, 12, 0, 3, 9, 2, 1, 11, 6, 17, 5, 21, 15, 16, 22, 10, 4]",8.552875
./random_graph_db/graph_db_node_23/08_p0.6/08_graph_n23_p0.6_idx1.gpickle,23,0.6,1,10,87,207,"[11, 14, 8, 20, 21, 15, 4, 13, 2, 9, 6, 22, 0, 1, 5, 10, 12, 3, 19, 7, 17, 16, 18]",10.8415432
./random_graph_db/graph_db_node_23/08_p0.6/08_graph_n23_p0.6_idx10.gpickle,23,0.6,10,10,106,259,"[9, 12, 18, 11, 1, 0, 2, 4, 3, 19, 15, 22, 21, 8, 6, 14, 17, 5, 16, 10, 13, 20, 7]",8.7851379
./random_graph_db/graph_db_node_23/08_p0.6/08_graph_n23_p0.6_idx2.gpickle,23,0.6,2,9,74,165,"[1, 22, 11, 20, 19, 10, 14, 17, 21, 18, 9, 8, 5, 6, 16, 13, 3, 0, 2, 12, 4, 7, 15]",8.4848998
./random_graph_db/graph_db_node_23/08_p0.6/08_graph_n23_p0.6_idx3.gpickle,23,0.6,3,9,97,241,"[0, 20, 6, 4, 22, 18, 7, 3, 15, 8, 17, 13, 14, 5, 11, 2, 1, 16, 21, 9, 19, 10, 12]",7.9882362
./random_graph_db/graph_db_node_23/08_p0.6/08_graph_n23_p0.6_idx4.gpickle,23,0.6,4,9,87,216,"[20, 18, 7, 11, 17, 4, 21, 9, 0, 5, 2, 8, 6, 12, 14, 16, 15, 10, 22, 1, 3, 19, 13]",8.1548831
./random_graph_db/graph_db_node_23/08_p0.6/08_graph_n23_p0.6_idx5.gpickle,23,0.6,5,9,93,226,"[18, 13, 10, 12, 2, 19, 21, 7, 22, 11, 15, 8, 6, 4, 20, 14, 9, 17, 5, 3, 0, 1, 16]",7.7642519
./random_graph_db/graph_db_node_23/08_p0.6/08_graph_n23_p0.6_idx6.gpickle,23,0.6,6,9,80,200,"[7, 0, 13, 15, 16, 1, 20, 6, 12, 9, 21, 11, 18, 3, 14, 8, 10, 5, 2, 22, 17, 4, 19]",7.7053928
./random_graph_db/graph_db_node_23/08_p0.6/08_graph_n23_p0.6_idx7.gpickle,23,0.6,7,9,99,264,"[9, 22, 7, 15, 17, 2, 18, 5, 12, 8, 0, 13, 4, 11, 19, 20, 16, 21, 14, 1, 6, 10, 3]",8.049334
./random_graph_db/graph_db_node_23/08_p0.6/08_graph_n23_p0.6_idx8.gpickle,23,0.6,8,10,91,221,"[10, 14, 22, 8, 20, 2, 21, 19, 0, 12, 16, 9, 17, 5, 1, 7, 11, 15, 6, 18, 4, 13, 3]",8.2423491
./random_graph_db/graph_db_node_23/08_p0.6/08_graph_n23_p0.6_idx9.gpickle,23,0.6,9,10,103,244,"[7, 18, 3, 22, 16, 14, 13, 6, 15, 8, 20, 2, 5, 11, 1, 9, 10, 12, 4, 21, 17, 19, 0]",8.4129081
./random_graph_db/graph_db_node_23/09_p0.65/09_graph_n23_p0.65_idx1.gpickle,23,0.65,1,9,86,216,"[15, 9, 0, 7, 21, 16, 14, 6, 19, 3, 2, 1, 8, 4, 13, 22, 12, 11, 20, 5, 18, 17, 10]",8.1901121
./random_graph_db/graph_db_node_23/09_p0.65/09_graph_n23_p0.65_idx10.gpickle,23,0.65,10,10,89,222,"[1, 4, 5, 3, 19, 16, 20, 17, 15, 2, 22, 6, 0, 21, 13, 8, 18, 11, 7, 12, 9, 14, 10]",9.7017698
./random_graph_db/graph_db_node_23/09_p0.65/09_graph_n23_p0.65_idx2.gpickle,23,0.65,2,8,84,228,"[15, 12, 1, 19, 0, 6, 4, 13, 17, 7, 5, 21, 14, 2, 8, 18, 20, 16, 22, 10, 9, 3, 11]",7.9053559
./random_graph_db/graph_db_node_23/09_p0.65/09_graph_n23_p0.65_idx3.gpickle,23,0.65,3,10,87,226,"[18, 8, 22, 11, 2, 10, 15, 16, 14, 13, 4, 17, 6, 0, 1, 3, 12, 5, 21, 9, 20, 19, 7]",8.7638218
./random_graph_db/graph_db_node_23/09_p0.65/09_graph_n23_p0.65_idx4.gpickle,23,0.65,4,9,76,191,"[7, 5, 17, 16, 3, 20, 6, 2, 15, 12, 1, 22, 21, 10, 9, 14, 11, 13, 8, 18, 19, 4, 0]",7.7481098
./random_graph_db/graph_db_node_23/09_p0.65/09_graph_n23_p0.65_idx5.gpickle,23,0.65,5,9,78,192,"[9, 22, 1, 7, 18, 11, 16, 5, 13, 15, 2, 6, 17, 10, 20, 21, 4, 19, 8, 3, 12, 14, 0]",8.6909218
./random_graph_db/graph_db_node_23/09_p0.65/09_graph_n23_p0.65_idx6.gpickle,23,0.65,6,9,83,223,"[16, 10, 9, 19, 18, 21, 7, 4, 1, 0, 12, 8, 11, 22, 5, 3, 2, 13, 17, 20, 15, 6, 14]",8.2176859
./random_graph_db/graph_db_node_23/09_p0.65/09_graph_n23_p0.65_idx7.gpickle,23,0.65,7,9,89,210,"[22, 20, 14, 2, 6, 13, 7, 10, 4, 1, 15, 19, 12, 17, 21, 18, 0, 5, 9, 3, 8, 16, 11]",8.9822569
./random_graph_db/graph_db_node_23/09_p0.65/09_graph_n23_p0.65_idx8.gpickle,23,0.65,8,9,91,225,"[11, 21, 13, 14, 4, 0, 17, 20, 12, 7, 19, 10, 15, 1, 6, 3, 5, 22, 2, 16, 8, 18, 9]",8.5123398
./random_graph_db/graph_db_node_23/09_p0.65/09_graph_n23_p0.65_idx9.gpickle,23,0.65,9,9,84,193,"[17, 1, 19, 7, 13, 15, 4, 16, 18, 12, 9, 14, 0, 10, 5, 20, 2, 21, 6, 11, 22, 3, 8]",8.0950959
./random_graph_db/graph_db_node_23/10_p0.7/10_graph_n23_p0.7_idx1.gpickle,23,0.7,1,9,92,227,"[3, 13, 5, 14, 1, 22, 10, 11, 15, 8, 9, 18, 17, 7, 19, 2, 21, 0, 16, 20, 6, 12, 4]",7.7683752
./random_graph_db/graph_db_node_23/10_p0.7/10_graph_n23_p0.7_idx10.gpickle,23,0.7,10,10,105,254,"[20, 11, 7, 9, 0, 10, 13, 2, 22, 17, 16, 19, 12, 5, 18, 1, 15, 21, 14, 4, 6, 8, 3]",8.1367738
./random_graph_db/graph_db_node_23/10_p0.7/10_graph_n23_p0.7_idx2.gpickle,23,0.7,2,9,79,198,"[6, 16, 3, 21, 14, 9, 15, 0, 19, 13, 18, 7, 11, 5, 22, 20, 4, 1, 10, 8, 2, 17, 12]",8.3137012
./random_graph_db/graph_db_node_23/10_p0.7/10_graph_n23_p0.7_idx3.gpickle,23,0.7,3,8,71,181,"[10, 8, 6, 13, 3, 12, 7, 18, 15, 14, 21, 2, 19, 0, 11, 20, 16, 5, 4, 1, 22, 17, 9]",8.3655379
./random_graph_db/graph_db_node_23/10_p0.7/10_graph_n23_p0.7_idx4.gpickle,23,0.7,4,9,75,175,"[19, 15, 14, 21, 12, 17, 2, 3, 10, 16, 11, 6, 4, 18, 9, 8, 1, 13, 22, 5, 7, 20, 0]",8.2183838
./random_graph_db/graph_db_node_23/10_p0.7/10_graph_n23_p0.7_idx5.gpickle,23,0.7,5,9,90,225,"[3, 8, 15, 5, 20, 13, 6, 11, 2, 17, 1, 0, 7, 12, 21, 22, 14, 18, 19, 4, 9, 10, 16]",10.4257941
./random_graph_db/graph_db_node_23/10_p0.7/10_graph_n23_p0.7_idx6.gpickle,23,0.7,6,8,68,167,"[15, 13, 7, 0, 6, 21, 1, 5, 14, 10, 4, 17, 20, 12, 19, 11, 8, 18, 9, 2, 16, 22, 3]",7.686002
./random_graph_db/graph_db_node_23/10_p0.7/10_graph_n23_p0.7_idx7.gpickle,23,0.7,7,9,77,212,"[4, 17, 20, 7, 18, 15, 5, 21, 16, 11, 8, 6, 0, 10, 12, 3, 19, 1, 22, 14, 2, 13, 9]",8.1598167
./random_graph_db/graph_db_node_23/10_p0.7/10_graph_n23_p0.7_idx8.gpickle,23,0.7,8,9,95,220,"[7, 22, 18, 13, 11, 16, 1, 5, 20, 2, 12, 9, 15, 3, 19, 14, 21, 17, 0, 6, 4, 8, 10]",8.1231201
./random_graph_db/graph_db_node_23/10_p0.7/10_graph_n23_p0.7_idx9.gpickle,23,0.7,9,9,88,220,"[12, 9, 17, 22, 1, 15, 16, 14, 5, 3, 2, 13, 4, 6, 21, 18, 11, 19, 8, 0, 7, 20, 10]",9.1430111
./random_graph_db/graph_db_node_23/11_p0.8/11_graph_n23_p0.8_idx1.gpickle,23,0.8,1,8,67,147,"[17, 3, 12, 1, 18, 9, 15, 20, 2, 13, 19, 11, 8, 0, 4, 14, 22, 16, 6, 10, 7, 21, 5]",8.3228419
./random_graph_db/graph_db_node_23/11_p0.8/11_graph_n23_p0.8_idx10.gpickle,23,0.8,10,8,60,164,"[5, 0, 22, 11, 16, 14, 3, 18, 8, 10, 13, 9, 15, 12, 17, 1, 6, 2, 21, 7, 20, 19, 4]",7.3282061
./random_graph_db/graph_db_node_23/11_p0.8/11_graph_n23_p0.8_idx2.gpickle,23,0.8,2,7,48,121,"[2, 4, 3, 0, 6, 11, 19, 10, 9, 21, 16, 1, 20, 12, 8, 22, 17, 7, 14, 15, 18, 5, 13]",6.6119111
./random_graph_db/graph_db_node_23/11_p0.8/11_graph_n23_p0.8_idx3.gpickle,23,0.8,3,8,66,186,"[20, 4, 22, 10, 0, 12, 7, 17, 19, 14, 21, 11, 13, 2, 3, 1, 9, 15, 8, 5, 18, 6, 16]",7.63223
./random_graph_db/graph_db_node_23/11_p0.8/11_graph_n23_p0.8_idx4.gpickle,23,0.8,4,8,67,172,"[7, 21, 4, 22, 0, 13, 6, 20, 5, 12, 9, 17, 16, 8, 15, 1, 3, 19, 2, 18, 14, 10, 11]",12.6631091
./random_graph_db/graph_db_node_23/11_p0.8/11_graph_n23_p0.8_idx5.gpickle,23,0.8,5,6,46,116,"[20, 18, 12, 3, 10, 6, 19, 14, 5, 2, 7, 11, 9, 4, 22, 0, 17, 16, 8, 21, 15, 13, 1]",6.4845161
./random_graph_db/graph_db_node_23/11_p0.8/11_graph_n23_p0.8_idx6.gpickle,23,0.8,6,8,44,113,"[15, 0, 19, 6, 13, 1, 14, 11, 9, 4, 12, 2, 10, 21, 8, 20, 5, 22, 17, 7, 3, 16, 18]",5.9613562
./random_graph_db/graph_db_node_23/11_p0.8/11_graph_n23_p0.8_idx7.gpickle,23,0.8,7,8,55,150,"[13, 15, 14, 3, 22, 19, 6, 12, 4, 2, 0, 10, 16, 7, 9, 11, 17, 18, 8, 1, 5, 20, 21]",7.0694509
./random_graph_db/graph_db_node_23/11_p0.8/11_graph_n23_p0.8_idx8.gpickle,23,0.8,8,8,56,141,"[21, 1, 19, 14, 6, 10, 11, 9, 13, 16, 17, 4, 20, 22, 8, 0, 3, 5, 15, 7, 18, 2, 12]",6.6022892
./random_graph_db/graph_db_node_23/11_p0.8/11_graph_n23_p0.8_idx9.gpickle,23,0.8,9,7,57,147,"[15, 19, 16, 3, 5, 4, 22, 17, 14, 9, 11, 1, 20, 8, 0, 2, 13, 7, 21, 6, 10, 18, 12]",6.828438
./random_graph_db/graph_db_node_23/12_p0.9/12_graph_n23_p0.9_idx1.gpickle,23,0.9,1,5,32,91,"[5, 15, 4, 7, 19, 22, 1, 21, 13, 20, 14, 2, 8, 0, 18, 3, 17, 9, 6, 16, 10, 12, 11]",4.2678971
./random_graph_db/graph_db_node_23/12_p0.9/12_graph_n23_p0.9_idx10.gpickle,23,0.9,10,7,35,94,"[9, 3, 14, 1, 12, 15, 19, 2, 16, 11, 5, 0, 10, 22, 4, 18, 21, 6, 8, 20, 17, 7, 13]",5.2320693
./random_graph_db/graph_db_node_23/12_p0.9/12_graph_n23_p0.9_idx2.gpickle,23,0.9,2,4,21,82,"[14, 2, 13, 16, 7, 9, 22, 19, 10, 12, 20, 21, 11, 6, 3, 17, 15, 0, 18, 4, 1, 8, 5]",4.9890919
./random_graph_db/graph_db_node_23/12_p0.9/12_graph_n23_p0.9_idx3.gpickle,23,0.9,3,7,43,118,"[6, 22, 8, 17, 9, 0, 3, 12, 20, 21, 10, 13, 2, 7, 15, 1, 11, 19, 14, 18, 16, 4, 5]",5.8219731
./random_graph_db/graph_db_node_23/12_p0.9/12_graph_n23_p0.9_idx4.gpickle,23,0.9,4,6,54,133,"[1, 18, 5, 10, 4, 11, 8, 17, 6, 9, 3, 0, 22, 2, 7, 14, 20, 12, 13, 16, 15, 19, 21]",6.554235
./random_graph_db/graph_db_node_23/12_p0.9/12_graph_n23_p0.9_idx5.gpickle,23,0.9,5,3,22,78,"[7, 19, 16, 11, 5, 21, 10, 9, 8, 0, 3, 18, 2, 4, 12, 20, 22, 13, 15, 14, 1, 6, 17]",2.5124469
./random_graph_db/graph_db_node_23/12_p0.9/12_graph_n23_p0.9_idx6.gpickle,23,0.9,6,4,20,55,"[9, 0, 14, 22, 18, 4, 3, 7, 13, 12, 20, 17, 10, 21, 8, 11, 6, 19, 15, 2, 5, 16, 1]",4.1427331
./random_graph_db/graph_db_node_23/12_p0.9/12_graph_n23_p0.9_idx7.gpickle,23,0.9,7,3,19,63,"[5, 10, 11, 8, 1, 13, 0, 19, 9, 16, 12, 20, 4, 3, 18, 17, 15, 7, 6, 14, 2, 21, 22]",4.2513371
./random_graph_db/graph_db_node_23/12_p0.9/12_graph_n23_p0.9_idx8.gpickle,23,0.9,8,4,25,82,"[20, 5, 1, 3, 14, 0, 17, 21, 12, 11, 8, 15, 16, 6, 13, 9, 19, 22, 2, 10, 18, 4, 7]",4.7497113
./random_graph_db/graph_db_node_23/12_p0.9/12_graph_n23_p0.9_idx9.gpickle,23,0.9,9,5,27,81,"[21, 3, 19, 5, 11, 2, 18, 22, 4, 13, 12, 8, 7, 0, 17, 9, 14, 20, 6, 16, 10, 1, 15]",5.262454
./random_graph_db/graph_db_node_24/01_p0.1/01_graph_n24_p0.1_idx1.gpickle,24,0.1,1,4,10,43,"[19, 11, 5, 0, 21, 16, 12, 14, 2, 8, 6, 23, 15, 17, 9, 13, 4, 1, 18, 20, 7, 22, 3, 10]",4.7804599
./random_graph_db/graph_db_node_24/01_p0.1/01_graph_n24_p0.1_idx10.gpickle,24,0.1,10,5,22,71,"[1, 14, 13, 4, 7, 19, 11, 6, 3, 0, 8, 9, 23, 2, 5, 20, 18, 16, 10, 12, 21, 15, 22, 17]",5.1376109
./random_graph_db/graph_db_node_24/01_p0.1/01_graph_n24_p0.1_idx2.gpickle,24,0.1,2,4,8,38,"[15, 3, 4, 13, 10, 5, 21, 23, 7, 17, 22, 9, 6, 1, 8, 18, 2, 11, 0, 16, 14, 19, 20, 12]",4.518301
./random_graph_db/graph_db_node_24/01_p0.1/01_graph_n24_p0.1_idx3.gpickle,24,0.1,3,5,14,52,"[17, 0, 5, 3, 15, 16, 7, 22, 14, 23, 18, 13, 9, 10, 11, 2, 19, 1, 6, 21, 20, 12, 8, 4]",5.3230369
./random_graph_db/graph_db_node_24/01_p0.1/01_graph_n24_p0.1_idx4.gpickle,24,0.1,4,3,8,45,"[18, 2, 8, 6, 5, 19, 23, 3, 9, 10, 16, 0, 13, 15, 1, 12, 21, 7, 22, 11, 17, 14, 20, 4]",4.5201049
./random_graph_db/graph_db_node_24/01_p0.1/01_graph_n24_p0.1_idx5.gpickle,24,0.1,5,5,24,78,"[19, 9, 0, 10, 2, 5, 6, 22, 12, 4, 17, 16, 11, 8, 18, 20, 13, 7, 14, 3, 23, 1, 21, 15]",5.5743041
./random_graph_db/graph_db_node_24/01_p0.1/01_graph_n24_p0.1_idx6.gpickle,24,0.1,6,4,11,48,"[23, 11, 14, 9, 16, 17, 19, 1, 4, 22, 18, 0, 20, 6, 3, 15, 2, 7, 21, 8, 5, 12, 10, 13]",4.6611712
./random_graph_db/graph_db_node_24/01_p0.1/01_graph_n24_p0.1_idx7.gpickle,24,0.1,7,3,9,38,"[17, 1, 20, 0, 13, 19, 21, 14, 6, 4, 2, 11, 15, 9, 18, 7, 5, 12, 22, 23, 16, 8, 3, 10]",4.3509948
./random_graph_db/graph_db_node_24/01_p0.1/01_graph_n24_p0.1_idx8.gpickle,24,0.1,8,5,15,61,"[0, 6, 18, 22, 7, 5, 12, 4, 15, 8, 17, 3, 9, 19, 23, 2, 1, 21, 20, 10, 16, 14, 11, 13]",4.9888918
./random_graph_db/graph_db_node_24/01_p0.1/01_graph_n24_p0.1_idx9.gpickle,24,0.1,9,4,12,46,"[15, 14, 2, 1, 13, 7, 11, 4, 12, 3, 23, 6, 16, 0, 9, 10, 20, 8, 17, 19, 22, 5, 21, 18]",4.3766451
./random_graph_db/graph_db_node_24/02_p0.2/02_graph_n24_p0.2_idx1.gpickle,24,0.2,1,6,42,102,"[7, 5, 9, 6, 1, 18, 11, 12, 8, 3, 13, 21, 16, 19, 20, 4, 15, 0, 23, 17, 10, 2, 14, 22]",6.3662782
./random_graph_db/graph_db_node_24/02_p0.2/02_graph_n24_p0.2_idx10.gpickle,24,0.2,10,8,65,174,"[14, 9, 23, 10, 18, 13, 4, 1, 17, 22, 6, 16, 11, 5, 15, 12, 19, 8, 20, 3, 7, 0, 21, 2]",7.8671489
./random_graph_db/graph_db_node_24/02_p0.2/02_graph_n24_p0.2_idx2.gpickle,24,0.2,2,9,60,145,"[11, 8, 19, 6, 16, 18, 10, 4, 0, 1, 12, 9, 5, 2, 21, 23, 15, 13, 7, 3, 20, 14, 22, 17]",10.422965
./random_graph_db/graph_db_node_24/02_p0.2/02_graph_n24_p0.2_idx3.gpickle,24,0.2,3,7,47,130,"[2, 16, 20, 22, 10, 12, 23, 6, 4, 17, 21, 11, 3, 15, 8, 18, 7, 13, 5, 0, 19, 1, 14, 9]",7.3322718
./random_graph_db/graph_db_node_24/02_p0.2/02_graph_n24_p0.2_idx4.gpickle,24,0.2,4,7,46,112,"[6, 9, 7, 20, 21, 13, 10, 16, 23, 11, 17, 15, 1, 22, 18, 4, 12, 5, 0, 8, 2, 3, 14, 19]",6.6458011
./random_graph_db/graph_db_node_24/02_p0.2/02_graph_n24_p0.2_idx5.gpickle,24,0.2,5,9,59,162,"[12, 19, 8, 15, 11, 1, 10, 16, 13, 7, 21, 17, 18, 2, 5, 4, 9, 3, 20, 6, 22, 14, 23, 0]",7.7966571
./random_graph_db/graph_db_node_24/02_p0.2/02_graph_n24_p0.2_idx6.gpickle,24,0.2,6,6,33,92,"[0, 5, 18, 1, 11, 13, 16, 20, 3, 23, 21, 19, 14, 17, 2, 4, 10, 15, 6, 9, 12, 7, 22, 8]",5.9786289
./random_graph_db/graph_db_node_24/02_p0.2/02_graph_n24_p0.2_idx7.gpickle,24,0.2,7,8,60,146,"[8, 19, 18, 21, 4, 2, 22, 12, 17, 6, 23, 15, 3, 20, 0, 1, 10, 13, 7, 9, 5, 11, 14, 16]",7.4465458
./random_graph_db/graph_db_node_24/02_p0.2/02_graph_n24_p0.2_idx8.gpickle,24,0.2,8,7,48,114,"[10, 3, 0, 16, 1, 9, 19, 4, 2, 8, 14, 13, 5, 20, 6, 18, 12, 7, 15, 17, 23, 22, 21, 11]",6.458801
./random_graph_db/graph_db_node_24/02_p0.2/02_graph_n24_p0.2_idx9.gpickle,24,0.2,9,8,55,143,"[9, 2, 16, 1, 21, 3, 19, 5, 4, 23, 20, 0, 6, 10, 8, 22, 14, 12, 13, 7, 17, 11, 18, 15]",7.0170469
./random_graph_db/graph_db_node_24/03_p0.3/03_graph_n24_p0.3_idx1.gpickle,24,0.3,1,8,74,197,"[22, 13, 2, 12, 17, 15, 20, 9, 10, 16, 21, 0, 3, 19, 6, 18, 8, 4, 11, 23, 14, 1, 5, 7]",10.9524708
./random_graph_db/graph_db_node_24/03_p0.3/03_graph_n24_p0.3_idx10.gpickle,24,0.3,10,9,75,180,"[18, 13, 9, 10, 12, 6, 23, 16, 21, 14, 22, 5, 2, 7, 0, 1, 19, 11, 8, 3, 17, 4, 15, 20]",8.101912
./random_graph_db/graph_db_node_24/03_p0.3/03_graph_n24_p0.3_idx2.gpickle,24,0.3,2,9,61,158,"[23, 3, 19, 4, 10, 12, 11, 17, 18, 7, 16, 13, 9, 2, 0, 21, 8, 14, 1, 5, 20, 6, 22, 15]",8.607883
./random_graph_db/graph_db_node_24/03_p0.3/03_graph_n24_p0.3_idx3.gpickle,24,0.3,3,9,73,190,"[2, 3, 22, 5, 21, 1, 16, 8, 15, 17, 13, 18, 7, 12, 6, 10, 20, 23, 4, 11, 19, 9, 0, 14]",8.0657418
./random_graph_db/graph_db_node_24/03_p0.3/03_graph_n24_p0.3_idx4.gpickle,24,0.3,4,7,65,165,"[10, 17, 1, 4, 14, 7, 23, 6, 20, 3, 5, 2, 11, 18, 9, 19, 15, 8, 12, 0, 13, 16, 21, 22]",7.769238
./random_graph_db/graph_db_node_24/03_p0.3/03_graph_n24_p0.3_idx5.gpickle,24,0.3,5,9,72,173,"[0, 15, 1, 3, 14, 21, 18, 6, 17, 19, 16, 10, 8, 23, 11, 2, 13, 22, 9, 20, 4, 12, 5, 7]",7.2811148
./random_graph_db/graph_db_node_24/03_p0.3/03_graph_n24_p0.3_idx6.gpickle,24,0.3,6,9,82,198,"[12, 1, 2, 16, 5, 15, 13, 6, 22, 21, 18, 4, 7, 19, 3, 17, 9, 10, 20, 11, 8, 23, 0, 14]",8.6161098
./random_graph_db/graph_db_node_24/03_p0.3/03_graph_n24_p0.3_idx7.gpickle,24,0.3,7,9,78,184,"[2, 1, 7, 8, 9, 15, 14, 11, 3, 4, 20, 18, 0, 23, 10, 19, 12, 13, 5, 21, 22, 6, 16, 17]",8.303313
./random_graph_db/graph_db_node_24/03_p0.3/03_graph_n24_p0.3_idx8.gpickle,24,0.3,8,8,71,184,"[22, 1, 17, 19, 3, 11, 13, 15, 12, 20, 10, 5, 0, 7, 2, 8, 4, 23, 18, 6, 16, 21, 14, 9]",8.1967072
./random_graph_db/graph_db_node_24/03_p0.3/03_graph_n24_p0.3_idx9.gpickle,24,0.3,9,9,89,219,"[18, 22, 14, 1, 10, 2, 7, 0, 5, 4, 15, 16, 12, 11, 23, 6, 19, 17, 13, 8, 9, 3, 21, 20]",9.1437361
./random_graph_db/graph_db_node_24/04_p0.4/04_graph_n24_p0.4_idx1.gpickle,24,0.4,1,10,110,258,"[11, 4, 15, 14, 7, 12, 3, 16, 10, 18, 23, 19, 5, 0, 22, 13, 6, 1, 21, 20, 17, 8, 2, 9]",8.968802
./random_graph_db/graph_db_node_24/04_p0.4/04_graph_n24_p0.4_idx10.gpickle,24,0.4,10,9,94,240,"[19, 3, 18, 17, 8, 20, 4, 7, 1, 9, 22, 21, 11, 13, 23, 0, 16, 5, 2, 12, 10, 14, 15, 6]",8.4269073
./random_graph_db/graph_db_node_24/04_p0.4/04_graph_n24_p0.4_idx2.gpickle,24,0.4,2,10,105,255,"[17, 12, 13, 10, 3, 19, 2, 15, 11, 16, 1, 7, 22, 5, 18, 9, 4, 8, 14, 23, 20, 6, 21, 0]",9.716543
./random_graph_db/graph_db_node_24/04_p0.4/04_graph_n24_p0.4_idx3.gpickle,24,0.4,3,10,118,289,"[12, 0, 3, 23, 14, 5, 11, 8, 13, 4, 19, 9, 7, 1, 16, 22, 17, 18, 21, 10, 2, 6, 20, 15]",12.5688372
./random_graph_db/graph_db_node_24/04_p0.4/04_graph_n24_p0.4_idx4.gpickle,24,0.4,4,10,102,250,"[16, 2, 22, 20, 6, 23, 15, 4, 21, 14, 0, 12, 8, 5, 11, 9, 18, 19, 17, 10, 13, 7, 1, 3]",9.5064709
./random_graph_db/graph_db_node_24/04_p0.4/04_graph_n24_p0.4_idx5.gpickle,24,0.4,5,10,99,243,"[13, 4, 14, 21, 23, 5, 8, 3, 17, 9, 15, 18, 6, 12, 20, 2, 22, 16, 7, 11, 10, 1, 0, 19]",9.585041
./random_graph_db/graph_db_node_24/04_p0.4/04_graph_n24_p0.4_idx6.gpickle,24,0.4,6,10,98,217,"[20, 22, 14, 8, 18, 7, 16, 13, 5, 10, 12, 3, 23, 9, 0, 2, 6, 11, 17, 15, 4, 1, 19, 21]",9.3388121
./random_graph_db/graph_db_node_24/04_p0.4/04_graph_n24_p0.4_idx7.gpickle,24,0.4,7,10,100,256,"[4, 17, 10, 16, 1, 20, 7, 23, 6, 21, 13, 3, 11, 9, 19, 12, 0, 22, 18, 14, 8, 2, 15, 5]",9.2930582
./random_graph_db/graph_db_node_24/04_p0.4/04_graph_n24_p0.4_idx8.gpickle,24,0.4,8,10,89,236,"[7, 23, 6, 22, 13, 4, 14, 1, 5, 16, 11, 9, 2, 20, 8, 0, 21, 15, 18, 3, 10, 12, 17, 19]",9.455734
./random_graph_db/graph_db_node_24/04_p0.4/04_graph_n24_p0.4_idx9.gpickle,24,0.4,9,11,107,243,"[4, 15, 21, 22, 0, 19, 18, 23, 12, 20, 1, 17, 9, 7, 5, 14, 10, 8, 13, 3, 2, 16, 11, 6]",9.1928189
./random_graph_db/graph_db_node_24/05_p0.45/05_graph_n24_p0.45_idx1.gpickle,24,0.45,1,10,105,253,"[12, 9, 11, 8, 19, 4, 13, 7, 6, 17, 18, 5, 1, 21, 16, 14, 3, 20, 0, 22, 15, 10, 23, 2]",9.3831711
./random_graph_db/graph_db_node_24/05_p0.45/05_graph_n24_p0.45_idx10.gpickle,24,0.45,10,10,95,224,"[3, 13, 4, 2, 14, 12, 11, 6, 0, 5, 1, 9, 23, 21, 18, 15, 8, 20, 16, 10, 7, 22, 19, 17]",9.0455508
./random_graph_db/graph_db_node_24/05_p0.45/05_graph_n24_p0.45_idx2.gpickle,24,0.45,2,11,110,254,"[11, 12, 22, 15, 0, 1, 19, 10, 23, 7, 5, 16, 20, 21, 4, 9, 18, 3, 2, 13, 14, 17, 8, 6]",9.7139761
./random_graph_db/graph_db_node_24/05_p0.45/05_graph_n24_p0.45_idx3.gpickle,24,0.45,3,9,94,227,"[18, 19, 9, 12, 8, 10, 13, 6, 23, 17, 1, 5, 3, 22, 7, 4, 21, 20, 14, 0, 16, 11, 15, 2]",9.9522409
./random_graph_db/graph_db_node_24/05_p0.45/05_graph_n24_p0.45_idx4.gpickle,24,0.45,4,10,100,247,"[11, 19, 22, 18, 14, 17, 3, 6, 12, 20, 15, 2, 7, 10, 23, 8, 0, 5, 21, 13, 9, 16, 4, 1]",9.3531878
./random_graph_db/graph_db_node_24/05_p0.45/05_graph_n24_p0.45_idx5.gpickle,24,0.45,5,10,114,265,"[8, 14, 12, 0, 3, 22, 15, 10, 23, 2, 20, 9, 21, 19, 18, 4, 11, 7, 6, 16, 1, 13, 5, 17]",8.7493989
./random_graph_db/graph_db_node_24/05_p0.45/05_graph_n24_p0.45_idx6.gpickle,24,0.45,6,10,93,228,"[23, 8, 7, 0, 1, 10, 3, 21, 9, 4, 14, 18, 15, 19, 17, 16, 11, 22, 20, 2, 13, 12, 5, 6]",9.2373681
./random_graph_db/graph_db_node_24/05_p0.45/05_graph_n24_p0.45_idx7.gpickle,24,0.45,7,10,92,243,"[4, 16, 20, 21, 2, 19, 14, 12, 5, 23, 13, 10, 7, 22, 6, 17, 8, 1, 11, 18, 9, 0, 15, 3]",9.5518262
./random_graph_db/graph_db_node_24/05_p0.45/05_graph_n24_p0.45_idx8.gpickle,24,0.45,8,10,110,265,"[8, 4, 17, 19, 11, 5, 2, 9, 20, 0, 22, 21, 12, 16, 10, 1, 7, 23, 6, 3, 14, 15, 13, 18]",9.5261369
./random_graph_db/graph_db_node_24/05_p0.45/05_graph_n24_p0.45_idx9.gpickle,24,0.45,9,10,103,223,"[2, 17, 1, 22, 15, 8, 21, 13, 11, 6, 3, 5, 23, 16, 4, 19, 10, 14, 9, 18, 0, 12, 7, 20]",9.0820189
./random_graph_db/graph_db_node_24/06_p0.5/06_graph_n24_p0.5_idx1.gpickle,24,0.5,1,10,116,274,"[10, 14, 22, 13, 18, 21, 19, 7, 2, 5, 6, 16, 0, 4, 11, 23, 15, 20, 9, 12, 8, 1, 3, 17]",10.0673659
./random_graph_db/graph_db_node_24/06_p0.5/06_graph_n24_p0.5_idx10.gpickle,24,0.5,10,10,96,258,"[11, 17, 15, 6, 2, 0, 13, 16, 9, 1, 5, 10, 14, 4, 22, 7, 20, 12, 8, 18, 19, 3, 23, 21]",9.6251421
./random_graph_db/graph_db_node_24/06_p0.5/06_graph_n24_p0.5_idx2.gpickle,24,0.5,2,10,99,232,"[12, 13, 3, 15, 2, 19, 23, 6, 9, 10, 21, 11, 18, 17, 16, 8, 5, 0, 14, 20, 7, 4, 1, 22]",11.3289499
./random_graph_db/graph_db_node_24/06_p0.5/06_graph_n24_p0.5_idx3.gpickle,24,0.5,3,10,101,244,"[23, 12, 1, 10, 16, 19, 5, 15, 21, 4, 9, 18, 20, 22, 8, 2, 6, 17, 0, 13, 11, 14, 3, 7]",9.0248611
./random_graph_db/graph_db_node_24/06_p0.5/06_graph_n24_p0.5_idx4.gpickle,24,0.5,4,10,106,248,"[22, 10, 3, 0, 23, 21, 4, 16, 20, 11, 6, 8, 9, 17, 5, 12, 1, 15, 13, 18, 14, 19, 7, 2]",9.373975
./random_graph_db/graph_db_node_24/06_p0.5/06_graph_n24_p0.5_idx5.gpickle,24,0.5,5,10,98,235,"[22, 12, 19, 9, 10, 18, 6, 1, 4, 0, 5, 17, 2, 7, 20, 14, 13, 11, 23, 21, 16, 3, 8, 15]",9.8028948
./random_graph_db/graph_db_node_24/06_p0.5/06_graph_n24_p0.5_idx6.gpickle,24,0.5,6,10,93,238,"[20, 18, 4, 14, 6, 15, 1, 2, 0, 5, 9, 8, 21, 13, 16, 12, 17, 23, 10, 22, 3, 7, 11, 19]",12.2528739
./random_graph_db/graph_db_node_24/06_p0.5/06_graph_n24_p0.5_idx7.gpickle,24,0.5,7,10,99,233,"[22, 1, 17, 15, 12, 4, 21, 18, 11, 7, 5, 19, 2, 16, 23, 9, 10, 14, 8, 6, 0, 3, 20, 13]",12.280755
./random_graph_db/graph_db_node_24/06_p0.5/06_graph_n24_p0.5_idx8.gpickle,24,0.5,8,10,92,231,"[15, 7, 22, 23, 19, 11, 17, 20, 2, 6, 9, 14, 16, 18, 5, 13, 1, 10, 21, 0, 12, 3, 4, 8]",12.513942
./random_graph_db/graph_db_node_24/06_p0.5/06_graph_n24_p0.5_idx9.gpickle,24,0.5,9,10,112,290,"[9, 23, 2, 8, 21, 10, 22, 20, 13, 12, 3, 6, 1, 19, 15, 7, 17, 14, 11, 0, 16, 5, 18, 4]",9.304647
./random_graph_db/graph_db_node_24/07_p0.55/07_graph_n24_p0.55_idx1.gpickle,24,0.55,1,9,98,245,"[16, 22, 11, 14, 6, 13, 3, 19, 12, 7, 2, 4, 10, 5, 18, 8, 9, 17, 21, 1, 0, 15, 20, 23]",9.3304231
./random_graph_db/graph_db_node_24/07_p0.55/07_graph_n24_p0.55_idx10.gpickle,24,0.55,10,10,99,253,"[6, 22, 8, 2, 17, 9, 0, 15, 5, 10, 1, 21, 23, 13, 18, 12, 3, 11, 14, 4, 20, 16, 7, 19]",9.0479519
./random_graph_db/graph_db_node_24/07_p0.55/07_graph_n24_p0.55_idx2.gpickle,24,0.55,2,10,106,268,"[4, 1, 21, 9, 17, 20, 3, 22, 0, 12, 5, 16, 6, 11, 14, 23, 19, 15, 13, 10, 2, 8, 7, 18]",10.031512
./random_graph_db/graph_db_node_24/07_p0.55/07_graph_n24_p0.55_idx3.gpickle,24,0.55,3,10,97,252,"[23, 13, 5, 20, 4, 19, 3, 17, 8, 12, 9, 7, 10, 21, 1, 15, 16, 2, 22, 6, 0, 18, 14, 11]",9.5463262
./random_graph_db/graph_db_node_24/07_p0.55/07_graph_n24_p0.55_idx4.gpickle,24,0.55,4,9,99,254,"[9, 17, 23, 7, 11, 12, 1, 20, 2, 16, 5, 18, 10, 4, 19, 15, 22, 13, 6, 21, 3, 14, 0, 8]",9.1569691
./random_graph_db/graph_db_node_24/07_p0.55/07_graph_n24_p0.55_idx5.gpickle,24,0.55,5,10,97,234,"[20, 18, 23, 8, 9, 21, 7, 0, 13, 12, 15, 4, 14, 6, 3, 17, 10, 1, 5, 2, 22, 19, 11, 16]",8.7681348
./random_graph_db/graph_db_node_24/07_p0.55/07_graph_n24_p0.55_idx6.gpickle,24,0.55,6,10,97,238,"[10, 12, 3, 9, 14, 7, 23, 15, 2, 20, 18, 17, 4, 21, 6, 19, 11, 1, 5, 13, 8, 22, 16, 0]",9.232054
./random_graph_db/graph_db_node_24/07_p0.55/07_graph_n24_p0.55_idx7.gpickle,24,0.55,7,9,97,233,"[17, 0, 10, 11, 18, 7, 6, 5, 22, 21, 15, 4, 1, 14, 3, 19, 16, 8, 13, 2, 12, 9, 20, 23]",9.1473789
./random_graph_db/graph_db_node_24/07_p0.55/07_graph_n24_p0.55_idx8.gpickle,24,0.55,8,10,91,230,"[0, 3, 15, 22, 13, 20, 1, 6, 14, 18, 16, 23, 9, 7, 5, 11, 17, 4, 12, 10, 19, 8, 2, 21]",12.6843412
./random_graph_db/graph_db_node_24/07_p0.55/07_graph_n24_p0.55_idx9.gpickle,24,0.55,9,10,83,206,"[10, 18, 17, 1, 6, 4, 7, 23, 5, 12, 9, 11, 13, 19, 0, 2, 16, 3, 20, 21, 14, 15, 8, 22]",8.7513182
./random_graph_db/graph_db_node_24/08_p0.6/08_graph_n24_p0.6_idx1.gpickle,24,0.6,1,11,100,233,"[14, 12, 4, 6, 23, 16, 11, 7, 0, 17, 13, 21, 1, 20, 9, 8, 2, 19, 10, 5, 3, 18, 15, 22]",8.9347579
./random_graph_db/graph_db_node_24/08_p0.6/08_graph_n24_p0.6_idx10.gpickle,24,0.6,10,10,103,251,"[3, 9, 4, 14, 8, 6, 19, 22, 23, 13, 10, 17, 15, 18, 21, 11, 12, 2, 7, 5, 20, 1, 0, 16]",9.0232408
./random_graph_db/graph_db_node_24/08_p0.6/08_graph_n24_p0.6_idx2.gpickle,24,0.6,2,10,98,226,"[4, 19, 17, 7, 11, 0, 21, 9, 23, 1, 5, 3, 13, 16, 22, 10, 8, 2, 15, 20, 18, 14, 6, 12]",9.6022348
./random_graph_db/graph_db_node_24/08_p0.6/08_graph_n24_p0.6_idx3.gpickle,24,0.6,3,9,90,223,"[16, 0, 3, 4, 1, 22, 21, 14, 2, 19, 11, 12, 9, 18, 13, 20, 10, 8, 17, 5, 7, 15, 23, 6]",8.9202671
./random_graph_db/graph_db_node_24/08_p0.6/08_graph_n24_p0.6_idx4.gpickle,24,0.6,4,11,125,288,"[5, 11, 12, 1, 22, 17, 9, 15, 16, 2, 20, 7, 13, 4, 10, 3, 8, 18, 23, 0, 14, 6, 19, 21]",9.89679
./random_graph_db/graph_db_node_24/08_p0.6/08_graph_n24_p0.6_idx5.gpickle,24,0.6,5,10,96,231,"[1, 23, 6, 7, 10, 8, 15, 2, 22, 16, 20, 17, 9, 21, 11, 0, 4, 18, 12, 3, 19, 14, 13, 5]",15.8090799
./random_graph_db/graph_db_node_24/08_p0.6/08_graph_n24_p0.6_idx6.gpickle,24,0.6,6,11,115,258,"[5, 16, 0, 17, 15, 22, 21, 19, 14, 9, 8, 10, 13, 20, 3, 11, 4, 18, 6, 23, 1, 12, 7, 2]",11.8031592
./random_graph_db/graph_db_node_24/08_p0.6/08_graph_n24_p0.6_idx7.gpickle,24,0.6,7,10,105,252,"[21, 11, 5, 14, 20, 0, 9, 7, 22, 10, 13, 23, 18, 15, 8, 4, 19, 16, 3, 12, 2, 1, 17, 6]",8.9954801
./random_graph_db/graph_db_node_24/08_p0.6/08_graph_n24_p0.6_idx8.gpickle,24,0.6,8,9,96,238,"[17, 2, 0, 1, 7, 4, 21, 18, 20, 16, 5, 14, 10, 23, 12, 15, 3, 11, 13, 9, 8, 6, 19, 22]",9.379982
./random_graph_db/graph_db_node_24/08_p0.6/08_graph_n24_p0.6_idx9.gpickle,24,0.6,9,11,110,263,"[2, 15, 20, 11, 19, 1, 0, 14, 6, 18, 5, 21, 3, 10, 9, 23, 12, 7, 17, 16, 22, 13, 4, 8]",9.215106
./random_graph_db/graph_db_node_24/09_p0.65/09_graph_n24_p0.65_idx1.gpickle,24,0.65,1,10,96,251,"[18, 20, 4, 2, 0, 23, 12, 21, 7, 3, 15, 19, 10, 5, 17, 14, 1, 11, 9, 16, 22, 8, 13, 6]",8.9573891
./random_graph_db/graph_db_node_24/09_p0.65/09_graph_n24_p0.65_idx10.gpickle,24,0.65,10,10,107,254,"[12, 9, 15, 11, 1, 16, 6, 3, 19, 14, 17, 22, 0, 5, 7, 20, 18, 4, 10, 2, 23, 13, 21, 8]",9.716769
./random_graph_db/graph_db_node_24/09_p0.65/09_graph_n24_p0.65_idx2.gpickle,24,0.65,2,10,91,219,"[12, 11, 7, 9, 5, 16, 3, 13, 0, 21, 17, 6, 15, 14, 19, 10, 1, 22, 20, 18, 4, 2, 8, 23]",9.25828
./random_graph_db/graph_db_node_24/09_p0.65/09_graph_n24_p0.65_idx3.gpickle,24,0.65,3,9,85,226,"[1, 22, 21, 3, 8, 17, 16, 13, 7, 12, 18, 9, 19, 10, 20, 23, 4, 14, 2, 0, 6, 5, 15, 11]",9.0180218
./random_graph_db/graph_db_node_24/09_p0.65/09_graph_n24_p0.65_idx4.gpickle,24,0.65,4,10,100,237,"[11, 22, 8, 18, 4, 15, 19, 14, 13, 6, 9, 7, 12, 16, 10, 0, 20, 5, 17, 3, 2, 23, 1, 21]",9.1821048
./random_graph_db/graph_db_node_24/09_p0.65/09_graph_n24_p0.65_idx5.gpickle,24,0.65,5,10,104,254,"[7, 4, 6, 16, 19, 3, 2, 0, 8, 21, 1, 11, 10, 20, 13, 18, 17, 12, 15, 9, 23, 22, 5, 14]",8.9570332
./random_graph_db/graph_db_node_24/09_p0.65/09_graph_n24_p0.65_idx6.gpickle,24,0.65,6,10,113,269,"[4, 11, 5, 18, 17, 23, 22, 13, 14, 3, 1, 0, 8, 6, 7, 20, 21, 15, 9, 2, 16, 10, 19, 12]",9.1629786
./random_graph_db/graph_db_node_24/09_p0.65/09_graph_n24_p0.65_idx7.gpickle,24,0.65,7,10,99,226,"[19, 16, 9, 5, 7, 14, 1, 0, 3, 8, 22, 10, 13, 17, 23, 2, 12, 15, 20, 6, 4, 11, 18, 21]",9.3149672
./random_graph_db/graph_db_node_24/09_p0.65/09_graph_n24_p0.65_idx8.gpickle,24,0.65,8,10,116,267,"[12, 14, 10, 5, 0, 17, 13, 3, 21, 11, 18, 23, 19, 4, 9, 15, 22, 6, 16, 2, 20, 1, 8, 7]",9.4906759
./random_graph_db/graph_db_node_24/09_p0.65/09_graph_n24_p0.65_idx9.gpickle,24,0.65,9,10,110,259,"[22, 0, 17, 23, 19, 9, 7, 3, 2, 16, 11, 8, 14, 18, 21, 13, 6, 20, 1, 10, 12, 5, 4, 15]",9.7087529
./random_graph_db/graph_db_node_24/10_p0.7/10_graph_n24_p0.7_idx1.gpickle,24,0.7,1,10,90,220,"[11, 2, 22, 20, 0, 8, 14, 6, 21, 18, 16, 19, 9, 13, 23, 15, 17, 12, 4, 5, 10, 7, 3, 1]",8.273849
./random_graph_db/graph_db_node_24/10_p0.7/10_graph_n24_p0.7_idx10.gpickle,24,0.7,10,11,93,222,"[14, 6, 4, 5, 8, 15, 16, 1, 12, 9, 21, 13, 11, 7, 23, 18, 3, 19, 0, 10, 2, 20, 22, 17]",9.811924
./random_graph_db/graph_db_node_24/10_p0.7/10_graph_n24_p0.7_idx2.gpickle,24,0.7,2,9,85,224,"[11, 8, 10, 9, 6, 5, 20, 12, 23, 7, 22, 18, 15, 2, 14, 16, 4, 13, 17, 3, 1, 0, 21, 19]",9.1154008
./random_graph_db/graph_db_node_24/10_p0.7/10_graph_n24_p0.7_idx3.gpickle,24,0.7,3,10,104,238,"[22, 12, 5, 9, 17, 7, 21, 23, 10, 6, 3, 11, 13, 8, 15, 20, 16, 0, 19, 14, 4, 2, 1, 18]",9.180846
./random_graph_db/graph_db_node_24/10_p0.7/10_graph_n24_p0.7_idx4.gpickle,24,0.7,4,10,95,245,"[21, 18, 6, 16, 4, 14, 11, 3, 23, 1, 15, 10, 13, 12, 20, 22, 7, 19, 5, 9, 17, 0, 2, 8]",9.2804673
./random_graph_db/graph_db_node_24/10_p0.7/10_graph_n24_p0.7_idx5.gpickle,24,0.7,5,10,97,241,"[1, 14, 12, 3, 4, 10, 18, 13, 22, 8, 21, 5, 2, 0, 20, 6, 23, 7, 9, 15, 19, 17, 11, 16]",9.0575452
./random_graph_db/graph_db_node_24/10_p0.7/10_graph_n24_p0.7_idx6.gpickle,24,0.7,6,10,99,228,"[2, 20, 1, 3, 9, 22, 21, 5, 6, 16, 15, 7, 8, 11, 14, 13, 4, 18, 12, 23, 0, 17, 19, 10]",8.7446699
./random_graph_db/graph_db_node_24/10_p0.7/10_graph_n24_p0.7_idx7.gpickle,24,0.7,7,10,107,276,"[18, 23, 9, 0, 16, 3, 15, 17, 22, 1, 13, 20, 7, 5, 14, 12, 4, 2, 10, 6, 19, 21, 8, 11]",9.4153709
./random_graph_db/graph_db_node_24/10_p0.7/10_graph_n24_p0.7_idx8.gpickle,24,0.7,8,9,82,222,"[23, 7, 22, 3, 12, 5, 20, 13, 16, 14, 4, 17, 19, 2, 15, 9, 21, 10, 0, 18, 6, 8, 11, 1]",8.7505198
./random_graph_db/graph_db_node_24/10_p0.7/10_graph_n24_p0.7_idx9.gpickle,24,0.7,9,9,86,207,"[10, 4, 18, 12, 5, 6, 14, 23, 17, 2, 11, 15, 9, 19, 20, 21, 16, 8, 3, 1, 0, 13, 7, 22]",10.5105569
./random_graph_db/graph_db_node_24/11_p0.8/11_graph_n24_p0.8_idx1.gpickle,24,0.8,1,8,64,159,"[21, 15, 19, 4, 23, 8, 18, 13, 0, 9, 7, 20, 14, 6, 17, 16, 5, 11, 2, 1, 3, 10, 12, 22]",7.7190039
./random_graph_db/graph_db_node_24/11_p0.8/11_graph_n24_p0.8_idx10.gpickle,24,0.8,10,8,78,199,"[4, 11, 16, 8, 3, 14, 17, 5, 19, 1, 0, 9, 18, 15, 10, 13, 21, 12, 7, 2, 6, 23, 22, 20]",8.2625411
./random_graph_db/graph_db_node_24/11_p0.8/11_graph_n24_p0.8_idx2.gpickle,24,0.8,2,7,59,132,"[23, 10, 1, 11, 9, 7, 15, 6, 14, 5, 21, 0, 20, 8, 17, 2, 18, 3, 13, 16, 22, 4, 12, 19]",7.567693
./random_graph_db/graph_db_node_24/11_p0.8/11_graph_n24_p0.8_idx3.gpickle,24,0.8,3,8,68,166,"[0, 10, 14, 22, 7, 11, 12, 19, 5, 6, 18, 2, 9, 1, 4, 20, 23, 3, 13, 15, 16, 21, 8, 17]",8.261337
./random_graph_db/graph_db_node_24/11_p0.8/11_graph_n24_p0.8_idx4.gpickle,24,0.8,4,9,80,218,"[20, 3, 13, 14, 6, 11, 7, 9, 2, 23, 4, 18, 21, 12, 1, 5, 10, 15, 8, 0, 17, 22, 16, 19]",8.2482469
./random_graph_db/graph_db_node_24/11_p0.8/11_graph_n24_p0.8_idx5.gpickle,24,0.8,5,6,46,123,"[6, 13, 19, 5, 0, 1, 8, 16, 7, 21, 12, 2, 3, 15, 20, 23, 14, 18, 17, 9, 11, 10, 4, 22]",6.5589039
./random_graph_db/graph_db_node_24/11_p0.8/11_graph_n24_p0.8_idx6.gpickle,24,0.8,6,9,69,167,"[19, 2, 11, 16, 14, 22, 1, 23, 9, 15, 0, 18, 5, 17, 10, 6, 21, 7, 13, 4, 8, 3, 12, 20]",7.0556369
./random_graph_db/graph_db_node_24/11_p0.8/11_graph_n24_p0.8_idx7.gpickle,24,0.8,7,7,49,122,"[1, 15, 4, 0, 10, 23, 6, 11, 7, 14, 19, 8, 5, 21, 20, 3, 9, 13, 12, 17, 18, 2, 16, 22]",10.758553
./random_graph_db/graph_db_node_24/11_p0.8/11_graph_n24_p0.8_idx8.gpickle,24,0.8,8,8,65,146,"[22, 19, 9, 14, 18, 7, 21, 20, 8, 12, 10, 11, 5, 13, 4, 16, 2, 6, 3, 15, 1, 23, 0, 17]",7.6505711
./random_graph_db/graph_db_node_24/11_p0.8/11_graph_n24_p0.8_idx9.gpickle,24,0.8,9,8,66,175,"[18, 13, 0, 19, 12, 22, 2, 4, 11, 9, 15, 7, 8, 20, 10, 21, 17, 5, 6, 1, 16, 23, 14, 3]",7.641638
./random_graph_db/graph_db_node_24/12_p0.9/12_graph_n24_p0.9_idx1.gpickle,24,0.9,1,5,26,96,"[4, 6, 2, 10, 22, 12, 8, 13, 11, 17, 23, 0, 1, 18, 9, 3, 20, 19, 16, 5, 21, 14, 7, 15]",5.2076998
./random_graph_db/graph_db_node_24/12_p0.9/12_graph_n24_p0.9_idx10.gpickle,24,0.9,10,5,28,79,"[13, 20, 17, 21, 3, 16, 4, 19, 18, 11, 1, 8, 15, 12, 6, 23, 14, 0, 9, 10, 5, 22, 7, 2]",5.5272717
./random_graph_db/graph_db_node_24/12_p0.9/12_graph_n24_p0.9_idx2.gpickle,24,0.9,2,4,19,67,"[2, 23, 12, 5, 19, 6, 18, 3, 22, 10, 9, 16, 15, 0, 14, 20, 11, 17, 8, 21, 1, 4, 13, 7]",4.9997551
./random_graph_db/graph_db_node_24/12_p0.9/12_graph_n24_p0.9_idx3.gpickle,24,0.9,3,6,39,110,"[6, 5, 19, 13, 1, 14, 3, 17, 18, 9, 23, 16, 2, 11, 4, 0, 15, 21, 7, 22, 10, 12, 8, 20]",8.4297516
./random_graph_db/graph_db_node_24/12_p0.9/12_graph_n24_p0.9_idx4.gpickle,24,0.9,4,7,51,113,"[8, 18, 1, 17, 7, 12, 16, 20, 23, 14, 13, 19, 0, 9, 15, 10, 3, 21, 6, 5, 4, 11, 2, 22]",6.3375587
./random_graph_db/graph_db_node_24/12_p0.9/12_graph_n24_p0.9_idx5.gpickle,24,0.9,5,4,16,62,"[8, 15, 12, 22, 2, 18, 0, 3, 4, 5, 14, 7, 6, 9, 11, 21, 10, 17, 19, 13, 23, 20, 1, 16]",5.001858
./random_graph_db/graph_db_node_24/12_p0.9/12_graph_n24_p0.9_idx6.gpickle,24,0.9,6,7,22,77,"[22, 17, 16, 15, 14, 8, 23, 19, 18, 12, 10, 7, 5, 3, 2, 1, 4, 0, 6, 21, 13, 20, 9, 11]",5.2775359
./random_graph_db/graph_db_node_24/12_p0.9/12_graph_n24_p0.9_idx7.gpickle,24,0.9,7,5,25,79,"[10, 9, 22, 23, 4, 1, 16, 20, 12, 3, 2, 8, 21, 17, 13, 5, 11, 15, 18, 0, 7, 19, 14, 6]",5.5192139
./random_graph_db/graph_db_node_24/12_p0.9/12_graph_n24_p0.9_idx8.gpickle,24,0.9,8,5,32,82,"[18, 16, 3, 11, 4, 7, 6, 5, 20, 19, 12, 1, 2, 22, 14, 9, 15, 21, 0, 23, 17, 8, 13, 10]",5.7869849
./random_graph_db/graph_db_node_24/12_p0.9/12_graph_n24_p0.9_idx9.gpickle,24,0.9,9,6,34,90,"[11, 17, 8, 2, 9, 12, 6, 0, 23, 10, 21, 7, 19, 4, 14, 5, 15, 1, 20, 16, 13, 18, 22, 3]",5.952976
./random_graph_db/graph_db_node_25/01_p0.1/01_graph_n25_p0.1_idx1.gpickle,25,0.1,1,4,15,64,"[2, 23, 17, 11, 19, 12, 18, 5, 7, 4, 8, 0, 14, 16, 3, 21, 10, 20, 24, 15, 13, 22, 9, 6, 1]",5.1085479
./random_graph_db/graph_db_node_25/01_p0.1/01_graph_n25_p0.1_idx10.gpickle,25,0.1,10,5,19,51,"[21, 19, 9, 17, 24, 13, 20, 18, 23, 11, 12, 8, 0, 14, 15, 7, 6, 2, 16, 1, 3, 4, 22, 5, 10]",5.4456201
./random_graph_db/graph_db_node_25/01_p0.1/01_graph_n25_p0.1_idx2.gpickle,25,0.1,2,5,20,65,"[21, 3, 22, 2, 13, 6, 10, 16, 18, 7, 11, 20, 4, 12, 1, 14, 9, 24, 19, 15, 23, 5, 0, 8, 17]",5.7365031
./random_graph_db/graph_db_node_25/01_p0.1/01_graph_n25_p0.1_idx3.gpickle,25,0.1,3,4,16,54,"[9, 22, 16, 12, 5, 19, 14, 0, 3, 4, 8, 1, 7, 24, 15, 20, 18, 2, 10, 11, 17, 21, 23, 6, 13]",5.4925582
./random_graph_db/graph_db_node_25/01_p0.1/01_graph_n25_p0.1_idx4.gpickle,25,0.1,4,6,22,71,"[12, 8, 18, 2, 7, 22, 10, 0, 11, 3, 4, 5, 19, 1, 6, 23, 14, 15, 9, 20, 21, 24, 17, 16, 13]",5.4162643
./random_graph_db/graph_db_node_25/01_p0.1/01_graph_n25_p0.1_idx5.gpickle,25,0.1,5,6,19,58,"[16, 15, 12, 3, 4, 22, 20, 2, 10, 24, 17, 8, 1, 9, 5, 0, 11, 13, 7, 14, 6, 19, 21, 18, 23]",5.6201308
./random_graph_db/graph_db_node_25/01_p0.1/01_graph_n25_p0.1_idx6.gpickle,25,0.1,6,5,23,67,"[16, 19, 2, 11, 0, 4, 9, 1, 18, 22, 13, 14, 10, 17, 15, 12, 5, 3, 7, 8, 20, 21, 6, 24, 23]",6.1275518
./random_graph_db/graph_db_node_25/01_p0.1/01_graph_n25_p0.1_idx7.gpickle,25,0.1,7,5,25,67,"[8, 13, 2, 15, 17, 6, 1, 24, 20, 16, 4, 10, 3, 18, 21, 9, 7, 19, 11, 5, 23, 12, 0, 14, 22]",5.703692
./random_graph_db/graph_db_node_25/01_p0.1/01_graph_n25_p0.1_idx8.gpickle,25,0.1,8,2,6,39,"[8, 2, 17, 0, 9, 15, 6, 3, 20, 5, 12, 22, 7, 4, 13, 24, 21, 23, 11, 10, 19, 1, 16, 18, 14]",3.311414
./random_graph_db/graph_db_node_25/01_p0.1/01_graph_n25_p0.1_idx9.gpickle,25,0.1,9,4,15,53,"[17, 6, 15, 10, 18, 1, 19, 23, 0, 4, 2, 11, 14, 20, 16, 22, 12, 8, 3, 5, 9, 21, 7, 24, 13]",5.3945029
./random_graph_db/graph_db_node_25/02_p0.2/02_graph_n25_p0.2_idx1.gpickle,25,0.2,1,8,43,114,"[19, 18, 12, 9, 11, 0, 13, 16, 4, 5, 8, 6, 21, 3, 17, 10, 2, 23, 24, 1, 15, 14, 7, 22, 20]",8.1144769
./random_graph_db/graph_db_node_25/02_p0.2/02_graph_n25_p0.2_idx10.gpickle,25,0.2,10,9,66,147,"[19, 18, 11, 15, 24, 8, 21, 7, 20, 3, 2, 16, 5, 13, 1, 12, 6, 10, 14, 17, 4, 9, 22, 23, 0]",7.7267923
./random_graph_db/graph_db_node_25/02_p0.2/02_graph_n25_p0.2_idx2.gpickle,25,0.2,2,8,63,163,"[15, 9, 19, 13, 12, 20, 3, 0, 6, 10, 22, 23, 11, 5, 18, 16, 14, 21, 24, 2, 17, 7, 1, 4, 8]",7.493608
./random_graph_db/graph_db_node_25/02_p0.2/02_graph_n25_p0.2_idx3.gpickle,25,0.2,3,8,64,161,"[8, 0, 20, 1, 4, 17, 15, 7, 18, 11, 12, 19, 6, 13, 16, 5, 3, 22, 24, 10, 9, 23, 21, 2, 14]",7.8436589
./random_graph_db/graph_db_node_25/02_p0.2/02_graph_n25_p0.2_idx4.gpickle,25,0.2,4,7,57,146,"[8, 19, 23, 20, 12, 2, 7, 6, 4, 16, 15, 9, 24, 1, 11, 17, 14, 10, 13, 18, 22, 0, 5, 3, 21]",6.7335711
./random_graph_db/graph_db_node_25/02_p0.2/02_graph_n25_p0.2_idx5.gpickle,25,0.2,5,8,59,148,"[10, 15, 14, 20, 5, 9, 13, 4, 12, 21, 1, 3, 24, 11, 6, 17, 2, 18, 16, 7, 19, 22, 8, 23, 0]",11.224555
./random_graph_db/graph_db_node_25/02_p0.2/02_graph_n25_p0.2_idx6.gpickle,25,0.2,6,7,56,143,"[7, 20, 18, 3, 16, 8, 17, 5, 14, 22, 4, 24, 13, 10, 23, 2, 12, 6, 19, 1, 15, 11, 9, 21, 0]",7.7253897
./random_graph_db/graph_db_node_25/02_p0.2/02_graph_n25_p0.2_idx7.gpickle,25,0.2,7,8,44,106,"[9, 10, 12, 3, 6, 20, 16, 7, 1, 13, 23, 22, 15, 18, 0, 11, 8, 5, 2, 17, 24, 21, 4, 14, 19]",7.3887451
./random_graph_db/graph_db_node_25/02_p0.2/02_graph_n25_p0.2_idx8.gpickle,25,0.2,8,9,66,162,"[8, 0, 10, 19, 16, 1, 24, 20, 3, 7, 9, 5, 15, 13, 21, 2, 12, 4, 17, 6, 23, 14, 11, 22, 18]",7.9516129
./random_graph_db/graph_db_node_25/02_p0.2/02_graph_n25_p0.2_idx9.gpickle,25,0.2,9,8,49,141,"[13, 8, 12, 22, 11, 7, 15, 2, 6, 19, 17, 24, 10, 20, 5, 14, 16, 4, 21, 0, 18, 3, 23, 1, 9]",7.2051241
./random_graph_db/graph_db_node_25/03_p0.3/03_graph_n25_p0.3_idx1.gpickle,25,0.3,1,10,92,210,"[11, 16, 17, 14, 4, 20, 9, 5, 22, 12, 13, 18, 8, 19, 2, 6, 1, 10, 15, 7, 3, 23, 0, 24, 21]",12.0730743
./random_graph_db/graph_db_node_25/03_p0.3/03_graph_n25_p0.3_idx10.gpickle,25,0.3,10,9,88,201,"[4, 0, 16, 9, 19, 10, 8, 24, 2, 11, 1, 20, 5, 18, 14, 22, 12, 3, 7, 15, 23, 13, 17, 21, 6]",9.3069298
./random_graph_db/graph_db_node_25/03_p0.3/03_graph_n25_p0.3_idx2.gpickle,25,0.3,2,9,90,211,"[13, 23, 20, 0, 4, 8, 2, 18, 12, 19, 22, 21, 6, 14, 16, 3, 24, 9, 11, 17, 1, 5, 7, 15, 10]",10.020674
./random_graph_db/graph_db_node_25/03_p0.3/03_graph_n25_p0.3_idx3.gpickle,25,0.3,3,9,82,225,"[11, 23, 0, 1, 4, 18, 16, 15, 14, 17, 2, 6, 9, 19, 8, 7, 12, 10, 21, 22, 3, 20, 5, 13, 24]",9.353713
./random_graph_db/graph_db_node_25/03_p0.3/03_graph_n25_p0.3_idx4.gpickle,25,0.3,4,9,66,146,"[18, 16, 20, 9, 4, 1, 14, 15, 6, 21, 22, 5, 2, 10, 3, 0, 24, 8, 23, 7, 11, 12, 13, 19, 17]",8.0711839
./random_graph_db/graph_db_node_25/03_p0.3/03_graph_n25_p0.3_idx5.gpickle,25,0.3,5,10,109,242,"[0, 1, 14, 24, 16, 15, 20, 10, 2, 13, 12, 9, 6, 21, 3, 11, 8, 19, 22, 4, 18, 17, 23, 7, 5]",9.232296
./random_graph_db/graph_db_node_25/03_p0.3/03_graph_n25_p0.3_idx6.gpickle,25,0.3,6,10,84,218,"[1, 11, 12, 6, 15, 18, 0, 16, 3, 9, 14, 4, 23, 17, 7, 21, 8, 24, 20, 10, 13, 5, 19, 22, 2]",8.353518
./random_graph_db/graph_db_node_25/03_p0.3/03_graph_n25_p0.3_idx7.gpickle,25,0.3,7,9,92,222,"[7, 19, 22, 17, 8, 1, 21, 14, 16, 4, 12, 18, 20, 15, 3, 0, 10, 6, 24, 13, 23, 2, 9, 5, 11]",12.231276
./random_graph_db/graph_db_node_25/03_p0.3/03_graph_n25_p0.3_idx8.gpickle,25,0.3,8,9,66,161,"[11, 23, 9, 13, 8, 20, 2, 15, 7, 6, 12, 24, 17, 1, 0, 14, 5, 22, 3, 10, 4, 18, 21, 19, 16]",8.7601333
./random_graph_db/graph_db_node_25/03_p0.3/03_graph_n25_p0.3_idx9.gpickle,25,0.3,9,9,112,273,"[15, 19, 4, 18, 8, 9, 12, 6, 23, 10, 1, 5, 11, 17, 24, 7, 16, 21, 14, 13, 22, 3, 0, 2, 20]",9.394593
./random_graph_db/graph_db_node_25/04_p0.4/04_graph_n25_p0.4_idx1.gpickle,25,0.4,1,11,113,254,"[23, 18, 17, 6, 15, 11, 20, 12, 19, 5, 1, 7, 0, 21, 9, 16, 22, 2, 24, 3, 14, 4, 13, 10, 8]",10.0672441
./random_graph_db/graph_db_node_25/04_p0.4/04_graph_n25_p0.4_idx10.gpickle,25,0.4,10,9,104,256,"[0, 13, 18, 20, 16, 24, 12, 9, 5, 4, 2, 21, 3, 7, 19, 6, 22, 17, 15, 10, 8, 23, 14, 1, 11]",10.001014
./random_graph_db/graph_db_node_25/04_p0.4/04_graph_n25_p0.4_idx2.gpickle,25,0.4,2,10,118,287,"[3, 7, 10, 13, 23, 6, 19, 12, 0, 21, 9, 16, 18, 4, 11, 17, 22, 5, 24, 1, 15, 14, 8, 2, 20]",10.265007
./random_graph_db/graph_db_node_25/04_p0.4/04_graph_n25_p0.4_idx3.gpickle,25,0.4,3,10,109,273,"[17, 2, 14, 13, 7, 21, 22, 16, 9, 18, 20, 0, 24, 11, 10, 6, 4, 3, 23, 12, 5, 19, 8, 15, 1]",14.7546551
./random_graph_db/graph_db_node_25/04_p0.4/04_graph_n25_p0.4_idx4.gpickle,25,0.4,4,11,111,278,"[0, 12, 4, 17, 6, 19, 8, 9, 22, 18, 13, 20, 1, 24, 2, 7, 15, 14, 16, 23, 10, 5, 3, 11, 21]",10.9511747
./random_graph_db/graph_db_node_25/04_p0.4/04_graph_n25_p0.4_idx5.gpickle,25,0.4,5,10,99,252,"[8, 2, 4, 13, 22, 7, 18, 5, 9, 15, 10, 14, 1, 3, 24, 19, 11, 16, 0, 20, 6, 23, 21, 17, 12]",11.4983349
./random_graph_db/graph_db_node_25/04_p0.4/04_graph_n25_p0.4_idx6.gpickle,25,0.4,6,11,106,247,"[8, 6, 23, 4, 9, 17, 15, 19, 22, 11, 10, 14, 0, 20, 2, 24, 3, 12, 7, 1, 21, 5, 18, 16, 13]",9.8762741
./random_graph_db/graph_db_node_25/04_p0.4/04_graph_n25_p0.4_idx7.gpickle,25,0.4,7,11,119,255,"[24, 20, 12, 0, 5, 17, 18, 23, 1, 9, 16, 7, 14, 11, 6, 13, 15, 3, 2, 22, 19, 10, 21, 4, 8]",9.9860969
./random_graph_db/graph_db_node_25/04_p0.4/04_graph_n25_p0.4_idx8.gpickle,25,0.4,8,10,101,240,"[17, 13, 12, 23, 4, 11, 3, 6, 14, 7, 8, 21, 24, 20, 5, 22, 19, 0, 1, 9, 10, 2, 16, 15, 18]",9.8065619
./random_graph_db/graph_db_node_25/04_p0.4/04_graph_n25_p0.4_idx9.gpickle,25,0.4,9,10,109,247,"[12, 14, 9, 6, 16, 19, 11, 17, 24, 23, 4, 15, 20, 7, 0, 21, 1, 18, 2, 5, 22, 10, 8, 13, 3]",10.0067708
./random_graph_db/graph_db_node_25/05_p0.45/05_graph_n25_p0.45_idx1.gpickle,25,0.45,1,10,117,280,"[0, 19, 3, 22, 21, 10, 16, 5, 7, 13, 12, 23, 17, 2, 24, 18, 15, 1, 4, 14, 9, 11, 6, 8, 20]",10.1361718
./random_graph_db/graph_db_node_25/05_p0.45/05_graph_n25_p0.45_idx10.gpickle,25,0.45,10,11,110,255,"[13, 3, 22, 19, 14, 12, 15, 24, 10, 17, 23, 4, 11, 2, 20, 5, 21, 9, 1, 8, 18, 16, 0, 6, 7]",17.6650941
./random_graph_db/graph_db_node_25/05_p0.45/05_graph_n25_p0.45_idx2.gpickle,25,0.45,2,11,107,246,"[2, 9, 5, 3, 15, 1, 11, 10, 8, 7, 17, 19, 21, 16, 18, 4, 24, 14, 23, 12, 20, 13, 6, 0, 22]",9.9238689
./random_graph_db/graph_db_node_25/05_p0.45/05_graph_n25_p0.45_idx3.gpickle,25,0.45,3,10,124,312,"[7, 13, 4, 20, 17, 21, 0, 2, 23, 11, 19, 1, 24, 3, 6, 22, 10, 18, 9, 12, 16, 8, 5, 14, 15]",11.1362159
./random_graph_db/graph_db_node_25/05_p0.45/05_graph_n25_p0.45_idx4.gpickle,25,0.45,4,10,105,258,"[7, 10, 11, 21, 14, 3, 0, 4, 16, 2, 1, 19, 24, 23, 5, 8, 13, 17, 22, 9, 6, 20, 15, 12, 18]",10.0504231
./random_graph_db/graph_db_node_25/05_p0.45/05_graph_n25_p0.45_idx5.gpickle,25,0.45,5,10,111,267,"[12, 20, 8, 9, 5, 1, 15, 17, 7, 24, 11, 14, 4, 19, 10, 23, 3, 2, 18, 13, 21, 16, 0, 6, 22]",10.0338769
./random_graph_db/graph_db_node_25/05_p0.45/05_graph_n25_p0.45_idx6.gpickle,25,0.45,6,10,101,244,"[8, 4, 15, 3, 1, 12, 14, 23, 21, 24, 13, 20, 16, 9, 0, 6, 11, 2, 18, 10, 7, 19, 5, 22, 17]",9.831692
./random_graph_db/graph_db_node_25/05_p0.45/05_graph_n25_p0.45_idx7.gpickle,25,0.45,7,10,119,260,"[13, 20, 15, 0, 4, 12, 19, 5, 2, 3, 14, 8, 23, 17, 11, 10, 7, 16, 18, 9, 6, 21, 22, 1, 24]",10.612555
./random_graph_db/graph_db_node_25/05_p0.45/05_graph_n25_p0.45_idx8.gpickle,25,0.45,8,9,92,222,"[22, 8, 18, 20, 2, 13, 0, 6, 7, 17, 4, 10, 19, 23, 16, 11, 5, 12, 24, 14, 9, 1, 15, 3, 21]",9.9121029
./random_graph_db/graph_db_node_25/05_p0.45/05_graph_n25_p0.45_idx9.gpickle,25,0.45,9,10,99,252,"[17, 12, 13, 18, 3, 10, 5, 22, 23, 16, 24, 14, 15, 9, 0, 19, 6, 2, 7, 8, 20, 4, 11, 1, 21]",9.9372492
./random_graph_db/graph_db_node_25/06_p0.5/06_graph_n25_p0.5_idx1.gpickle,25,0.5,1,10,99,241,"[10, 5, 16, 2, 8, 13, 17, 11, 4, 20, 1, 0, 22, 19, 23, 3, 12, 7, 9, 18, 6, 21, 15, 14, 24]",10.0116029
./random_graph_db/graph_db_node_25/06_p0.5/06_graph_n25_p0.5_idx10.gpickle,25,0.5,10,10,102,242,"[10, 0, 15, 19, 2, 13, 21, 12, 17, 4, 7, 16, 9, 20, 23, 14, 6, 11, 24, 5, 22, 8, 1, 18, 3]",10.6843488
./random_graph_db/graph_db_node_25/06_p0.5/06_graph_n25_p0.5_idx2.gpickle,25,0.5,2,10,108,264,"[1, 17, 21, 12, 2, 3, 11, 5, 16, 8, 14, 0, 15, 7, 13, 18, 23, 19, 20, 4, 24, 10, 22, 9, 6]",10.6788881
./random_graph_db/graph_db_node_25/06_p0.5/06_graph_n25_p0.5_idx3.gpickle,25,0.5,3,10,112,273,"[23, 14, 7, 4, 10, 15, 13, 24, 16, 9, 21, 12, 5, 6, 22, 20, 0, 1, 3, 2, 18, 17, 11, 8, 19]",10.951787
./random_graph_db/graph_db_node_25/06_p0.5/06_graph_n25_p0.5_idx4.gpickle,25,0.5,4,10,102,232,"[7, 4, 20, 12, 6, 2, 0, 14, 9, 13, 22, 16, 15, 8, 23, 18, 11, 19, 5, 3, 1, 17, 24, 10, 21]",9.814636
./random_graph_db/graph_db_node_25/06_p0.5/06_graph_n25_p0.5_idx5.gpickle,25,0.5,5,10,101,248,"[17, 14, 0, 23, 4, 15, 3, 2, 9, 1, 18, 22, 11, 19, 8, 6, 5, 24, 20, 10, 13, 12, 7, 16, 21]",10.385412
./random_graph_db/graph_db_node_25/06_p0.5/06_graph_n25_p0.5_idx6.gpickle,25,0.5,6,9,101,259,"[3, 19, 13, 10, 0, 1, 24, 8, 15, 7, 11, 16, 18, 20, 17, 4, 2, 6, 23, 14, 22, 9, 5, 21, 12]",9.838573
./random_graph_db/graph_db_node_25/06_p0.5/06_graph_n25_p0.5_idx7.gpickle,25,0.5,7,11,116,253,"[1, 6, 12, 8, 4, 16, 5, 21, 18, 20, 9, 0, 7, 23, 22, 14, 13, 10, 15, 24, 3, 11, 2, 19, 17]",10.8881049
./random_graph_db/graph_db_node_25/06_p0.5/06_graph_n25_p0.5_idx8.gpickle,25,0.5,8,11,112,265,"[3, 4, 18, 5, 15, 2, 20, 7, 8, 0, 19, 6, 10, 9, 13, 12, 16, 23, 11, 14, 22, 1, 17, 24, 21]",10.175837
./random_graph_db/graph_db_node_25/06_p0.5/06_graph_n25_p0.5_idx9.gpickle,25,0.5,9,11,113,255,"[1, 0, 8, 19, 3, 2, 7, 20, 4, 13, 21, 10, 11, 22, 9, 18, 15, 14, 5, 23, 16, 24, 17, 12, 6]",10.3799431
./random_graph_db/graph_db_node_25/07_p0.55/07_graph_n25_p0.55_idx1.gpickle,25,0.55,1,10,93,220,"[19, 7, 24, 15, 3, 10, 11, 16, 9, 5, 14, 18, 1, 17, 8, 2, 22, 12, 21, 20, 23, 13, 6, 0, 4]",10.0256739
./random_graph_db/graph_db_node_25/07_p0.55/07_graph_n25_p0.55_idx10.gpickle,25,0.55,10,10,110,281,"[24, 11, 23, 4, 20, 14, 15, 17, 5, 8, 13, 12, 7, 18, 0, 1, 22, 2, 16, 10, 3, 9, 19, 6, 21]",10.549288
./random_graph_db/graph_db_node_25/07_p0.55/07_graph_n25_p0.55_idx2.gpickle,25,0.55,2,10,106,268,"[11, 14, 0, 18, 12, 3, 10, 17, 5, 16, 2, 21, 6, 23, 1, 9, 24, 20, 22, 13, 7, 4, 8, 15, 19]",10.587755
./random_graph_db/graph_db_node_25/07_p0.55/07_graph_n25_p0.55_idx3.gpickle,25,0.55,3,11,124,283,"[0, 9, 5, 15, 13, 18, 2, 8, 7, 1, 21, 22, 4, 6, 19, 17, 14, 11, 16, 3, 24, 12, 20, 23, 10]",10.3579392
./random_graph_db/graph_db_node_25/07_p0.55/07_graph_n25_p0.55_idx4.gpickle,25,0.55,4,11,121,285,"[7, 5, 18, 23, 11, 22, 2, 0, 20, 17, 21, 1, 13, 24, 10, 16, 14, 8, 4, 3, 12, 19, 9, 6, 15]",10.3909719
./random_graph_db/graph_db_node_25/07_p0.55/07_graph_n25_p0.55_idx5.gpickle,25,0.55,5,10,104,261,"[14, 13, 5, 18, 2, 11, 1, 3, 19, 15, 7, 6, 16, 12, 23, 21, 0, 24, 8, 4, 10, 20, 9, 22, 17]",9.9400811
./random_graph_db/graph_db_node_25/07_p0.55/07_graph_n25_p0.55_idx6.gpickle,25,0.55,6,11,116,263,"[22, 4, 5, 9, 20, 16, 1, 7, 14, 13, 17, 19, 21, 24, 23, 3, 2, 6, 15, 18, 8, 10, 11, 0, 12]",11.06955
./random_graph_db/graph_db_node_25/07_p0.55/07_graph_n25_p0.55_idx7.gpickle,25,0.55,7,11,127,305,"[10, 4, 3, 14, 21, 1, 7, 20, 9, 0, 16, 8, 5, 6, 11, 15, 24, 22, 18, 12, 13, 17, 19, 2, 23]",10.6799002
./random_graph_db/graph_db_node_25/07_p0.55/07_graph_n25_p0.55_idx8.gpickle,25,0.55,8,10,107,256,"[24, 7, 19, 10, 14, 23, 5, 15, 6, 21, 17, 13, 8, 1, 20, 4, 12, 11, 2, 18, 3, 22, 16, 9, 0]",10.6152949
./random_graph_db/graph_db_node_25/07_p0.55/07_graph_n25_p0.55_idx9.gpickle,25,0.55,9,11,108,259,"[3, 1, 0, 10, 22, 21, 20, 2, 23, 14, 19, 16, 8, 15, 9, 5, 24, 4, 12, 7, 6, 17, 11, 13, 18]",10.457691
./random_graph_db/graph_db_node_25/08_p0.6/08_graph_n25_p0.6_idx1.gpickle,25,0.6,1,10,103,246,"[20, 1, 19, 14, 18, 6, 17, 24, 10, 0, 8, 4, 9, 3, 7, 5, 15, 12, 21, 22, 23, 11, 13, 16, 2]",10.535562
./random_graph_db/graph_db_node_25/08_p0.6/08_graph_n25_p0.6_idx10.gpickle,25,0.6,10,11,125,304,"[13, 7, 14, 5, 12, 11, 23, 2, 9, 24, 15, 8, 10, 6, 4, 1, 22, 20, 3, 18, 0, 19, 17, 16, 21]",10.6728539
./random_graph_db/graph_db_node_25/08_p0.6/08_graph_n25_p0.6_idx2.gpickle,25,0.6,2,10,106,267,"[14, 21, 12, 6, 13, 11, 4, 0, 8, 3, 17, 2, 18, 16, 19, 9, 24, 22, 5, 1, 15, 23, 10, 7, 20]",10.697433
./random_graph_db/graph_db_node_25/08_p0.6/08_graph_n25_p0.6_idx3.gpickle,25,0.6,3,11,120,273,"[14, 12, 0, 1, 15, 16, 21, 4, 23, 24, 19, 11, 9, 18, 3, 22, 5, 20, 10, 2, 6, 17, 8, 13, 7]",10.7912791
./random_graph_db/graph_db_node_25/08_p0.6/08_graph_n25_p0.6_idx4.gpickle,25,0.6,4,11,122,293,"[2, 19, 4, 14, 23, 5, 9, 12, 24, 0, 22, 15, 6, 1, 8, 20, 7, 13, 10, 18, 11, 3, 21, 17, 16]",10.7881968
./random_graph_db/graph_db_node_25/08_p0.6/08_graph_n25_p0.6_idx5.gpickle,25,0.6,5,10,106,265,"[7, 20, 24, 14, 16, 18, 6, 19, 10, 21, 12, 11, 15, 5, 4, 1, 17, 9, 23, 13, 0, 3, 8, 2, 22]",16.6530619
./random_graph_db/graph_db_node_25/08_p0.6/08_graph_n25_p0.6_idx6.gpickle,25,0.6,6,10,112,260,"[24, 21, 23, 5, 16, 17, 11, 15, 8, 3, 20, 9, 14, 12, 10, 4, 18, 0, 7, 22, 19, 2, 6, 13, 1]",10.2877541
./random_graph_db/graph_db_node_25/08_p0.6/08_graph_n25_p0.6_idx7.gpickle,25,0.6,7,10,113,282,"[16, 20, 8, 0, 15, 17, 23, 1, 5, 3, 7, 13, 24, 4, 22, 6, 19, 11, 18, 14, 9, 2, 21, 10, 12]",10.8816631
./random_graph_db/graph_db_node_25/08_p0.6/08_graph_n25_p0.6_idx8.gpickle,25,0.6,8,10,104,243,"[6, 14, 16, 7, 24, 8, 15, 5, 10, 1, 12, 9, 0, 2, 13, 19, 20, 4, 17, 3, 11, 23, 21, 22, 18]",9.9551377
./random_graph_db/graph_db_node_25/08_p0.6/08_graph_n25_p0.6_idx9.gpickle,25,0.6,9,10,104,265,"[12, 10, 2, 22, 20, 13, 16, 23, 18, 7, 1, 8, 6, 14, 11, 9, 19, 3, 5, 0, 24, 21, 15, 17, 4]",10.0171959
./random_graph_db/graph_db_node_25/09_p0.65/09_graph_n25_p0.65_idx1.gpickle,25,0.65,1,10,94,236,"[6, 1, 3, 15, 17, 14, 13, 2, 24, 23, 16, 20, 18, 5, 9, 21, 7, 11, 22, 10, 19, 0, 8, 4, 12]",9.506865
./random_graph_db/graph_db_node_25/09_p0.65/09_graph_n25_p0.65_idx10.gpickle,25,0.65,10,11,118,282,"[11, 0, 3, 10, 23, 7, 14, 4, 12, 6, 8, 5, 18, 1, 20, 9, 13, 2, 19, 15, 22, 24, 21, 17, 16]",9.8529561
./random_graph_db/graph_db_node_25/09_p0.65/09_graph_n25_p0.65_idx2.gpickle,25,0.65,2,11,108,264,"[5, 18, 20, 14, 11, 0, 10, 16, 8, 9, 15, 4, 2, 23, 3, 17, 24, 6, 22, 1, 13, 12, 19, 21, 7]",9.9372389
./random_graph_db/graph_db_node_25/09_p0.65/09_graph_n25_p0.65_idx3.gpickle,25,0.65,3,10,103,267,"[5, 7, 19, 11, 15, 20, 17, 10, 21, 2, 22, 18, 23, 3, 8, 16, 13, 12, 0, 24, 14, 1, 6, 9, 4]",10.735441
./random_graph_db/graph_db_node_25/09_p0.65/09_graph_n25_p0.65_idx4.gpickle,25,0.65,4,11,128,296,"[9, 2, 1, 15, 4, 19, 24, 21, 5, 8, 23, 20, 3, 22, 17, 0, 6, 12, 7, 14, 10, 13, 18, 16, 11]",12.402889
./random_graph_db/graph_db_node_25/09_p0.65/09_graph_n25_p0.65_idx5.gpickle,25,0.65,5,10,108,258,"[0, 19, 24, 1, 13, 4, 6, 3, 9, 11, 17, 12, 7, 23, 14, 8, 22, 20, 21, 15, 10, 16, 18, 5, 2]",10.1329761
./random_graph_db/graph_db_node_25/09_p0.65/09_graph_n25_p0.65_idx6.gpickle,25,0.65,6,11,99,242,"[3, 16, 10, 24, 15, 1, 5, 22, 18, 19, 8, 0, 6, 13, 7, 11, 9, 14, 2, 12, 20, 21, 17, 23, 4]",10.1562309
./random_graph_db/graph_db_node_25/09_p0.65/09_graph_n25_p0.65_idx7.gpickle,25,0.65,7,10,101,232,"[0, 22, 2, 5, 18, 15, 21, 24, 20, 7, 8, 19, 1, 10, 14, 11, 12, 13, 17, 23, 16, 3, 4, 9, 6]",9.9312348
./random_graph_db/graph_db_node_25/09_p0.65/09_graph_n25_p0.65_idx8.gpickle,25,0.65,8,10,105,244,"[1, 16, 20, 8, 12, 10, 17, 3, 5, 19, 14, 15, 13, 6, 4, 24, 22, 11, 0, 7, 2, 21, 23, 9, 18]",9.7892396
./random_graph_db/graph_db_node_25/09_p0.65/09_graph_n25_p0.65_idx9.gpickle,25,0.65,9,11,129,302,"[24, 3, 12, 14, 4, 15, 2, 11, 0, 13, 19, 22, 20, 9, 17, 18, 21, 6, 7, 8, 10, 16, 23, 5, 1]",10.9956551
./random_graph_db/graph_db_node_25/10_p0.7/10_graph_n25_p0.7_idx1.gpickle,25,0.7,1,10,78,197,"[15, 14, 18, 23, 17, 24, 21, 7, 3, 6, 13, 16, 8, 19, 2, 20, 1, 9, 22, 4, 10, 5, 12, 0, 11]",12.1381817
./random_graph_db/graph_db_node_25/10_p0.7/10_graph_n25_p0.7_idx10.gpickle,25,0.7,10,10,94,229,"[23, 6, 8, 10, 20, 4, 19, 17, 24, 15, 5, 3, 1, 16, 12, 21, 0, 2, 9, 18, 7, 11, 13, 22, 14]",10.209033
./random_graph_db/graph_db_node_25/10_p0.7/10_graph_n25_p0.7_idx2.gpickle,25,0.7,2,10,111,269,"[6, 1, 15, 12, 17, 11, 13, 23, 10, 24, 14, 21, 22, 19, 3, 4, 2, 9, 8, 16, 20, 18, 0, 7, 5]",10.5352759
./random_graph_db/graph_db_node_25/10_p0.7/10_graph_n25_p0.7_idx3.gpickle,25,0.7,3,9,109,265,"[9, 5, 2, 14, 18, 0, 12, 23, 22, 19, 8, 24, 1, 13, 4, 7, 17, 6, 16, 10, 21, 3, 20, 11, 15]",12.4694462
./random_graph_db/graph_db_node_25/10_p0.7/10_graph_n25_p0.7_idx4.gpickle,25,0.7,4,10,106,232,"[7, 16, 14, 12, 20, 21, 22, 17, 15, 4, 18, 1, 5, 23, 2, 10, 19, 13, 3, 9, 24, 0, 8, 6, 11]",10.9548631
./random_graph_db/graph_db_node_25/10_p0.7/10_graph_n25_p0.7_idx5.gpickle,25,0.7,5,10,103,259,"[7, 24, 20, 2, 18, 11, 1, 4, 0, 14, 13, 23, 22, 15, 9, 3, 17, 10, 6, 12, 21, 19, 16, 8, 5]",10.6090772
./random_graph_db/graph_db_node_25/10_p0.7/10_graph_n25_p0.7_idx6.gpickle,25,0.7,6,10,91,217,"[4, 24, 14, 10, 11, 12, 21, 23, 9, 19, 3, 0, 7, 22, 20, 18, 8, 5, 13, 2, 15, 16, 6, 1, 17]",9.2133982
./random_graph_db/graph_db_node_25/10_p0.7/10_graph_n25_p0.7_idx7.gpickle,25,0.7,7,10,111,276,"[8, 1, 11, 19, 10, 13, 14, 17, 0, 20, 9, 15, 6, 23, 24, 16, 22, 7, 18, 21, 3, 12, 2, 4, 5]",10.3211529
./random_graph_db/graph_db_node_25/10_p0.7/10_graph_n25_p0.7_idx8.gpickle,25,0.7,8,10,111,269,"[1, 3, 8, 23, 24, 17, 13, 22, 15, 6, 0, 19, 9, 20, 11, 5, 2, 4, 7, 12, 21, 14, 16, 10, 18]",10.4877818
./random_graph_db/graph_db_node_25/10_p0.7/10_graph_n25_p0.7_idx9.gpickle,25,0.7,9,10,106,256,"[0, 21, 20, 10, 6, 11, 14, 9, 2, 17, 23, 15, 7, 4, 12, 3, 18, 16, 13, 1, 24, 22, 8, 19, 5]",9.8272457
./random_graph_db/graph_db_node_25/11_p0.8/11_graph_n25_p0.8_idx1.gpickle,25,0.8,1,8,67,140,"[14, 19, 10, 4, 23, 2, 1, 5, 13, 20, 0, 12, 11, 9, 16, 15, 24, 3, 22, 7, 6, 17, 8, 21, 18]",8.4674079
./random_graph_db/graph_db_node_25/11_p0.8/11_graph_n25_p0.8_idx10.gpickle,25,0.8,10,10,98,240,"[3, 21, 5, 12, 24, 1, 0, 7, 8, 16, 23, 4, 20, 2, 6, 11, 18, 14, 13, 17, 10, 22, 19, 15, 9]",8.9473212
./random_graph_db/graph_db_node_25/11_p0.8/11_graph_n25_p0.8_idx2.gpickle,25,0.8,2,7,51,149,"[21, 0, 19, 2, 18, 6, 9, 7, 17, 16, 24, 4, 15, 14, 22, 23, 5, 12, 13, 10, 11, 3, 20, 1, 8]",8.2219002
./random_graph_db/graph_db_node_25/11_p0.8/11_graph_n25_p0.8_idx3.gpickle,25,0.8,3,10,74,162,"[17, 1, 11, 0, 24, 23, 9, 14, 22, 6, 18, 7, 2, 5, 3, 16, 10, 13, 20, 19, 8, 12, 15, 21, 4]",8.989949
./random_graph_db/graph_db_node_25/11_p0.8/11_graph_n25_p0.8_idx4.gpickle,25,0.8,4,9,75,183,"[23, 14, 3, 8, 1, 20, 10, 16, 4, 19, 13, 11, 12, 17, 9, 24, 15, 7, 6, 21, 0, 18, 2, 22, 5]",12.1659741
./random_graph_db/graph_db_node_25/11_p0.8/11_graph_n25_p0.8_idx5.gpickle,25,0.8,5,8,86,222,"[23, 8, 12, 18, 17, 16, 11, 24, 14, 7, 10, 9, 3, 4, 13, 22, 20, 6, 21, 0, 1, 19, 2, 15, 5]",8.477972
./random_graph_db/graph_db_node_25/11_p0.8/11_graph_n25_p0.8_idx6.gpickle,25,0.8,6,8,57,144,"[15, 16, 4, 2, 14, 22, 8, 0, 19, 12, 9, 24, 5, 11, 13, 17, 10, 18, 20, 6, 23, 3, 1, 7, 21]",12.9121079
./random_graph_db/graph_db_node_25/11_p0.8/11_graph_n25_p0.8_idx7.gpickle,25,0.8,7,8,64,165,"[23, 17, 21, 8, 13, 14, 6, 15, 24, 18, 19, 5, 2, 22, 20, 16, 4, 0, 7, 3, 1, 11, 12, 10, 9]",8.481317
./random_graph_db/graph_db_node_25/11_p0.8/11_graph_n25_p0.8_idx8.gpickle,25,0.8,8,9,77,203,"[1, 0, 17, 23, 2, 6, 16, 5, 3, 15, 12, 7, 22, 4, 18, 13, 9, 8, 21, 10, 19, 14, 20, 24, 11]",8.6372108
./random_graph_db/graph_db_node_25/11_p0.8/11_graph_n25_p0.8_idx9.gpickle,25,0.8,9,10,94,224,"[11, 3, 17, 10, 8, 14, 16, 19, 7, 22, 2, 0, 12, 21, 18, 4, 20, 5, 13, 24, 15, 23, 1, 9, 6]",9.5826058
./random_graph_db/graph_db_node_25/12_p0.9/12_graph_n25_p0.9_idx1.gpickle,25,0.9,1,5,38,105,"[13, 1, 8, 7, 4, 2, 20, 11, 18, 9, 10, 6, 24, 15, 3, 0, 21, 12, 17, 5, 22, 23, 19, 14, 16]",10.0375528
./random_graph_db/graph_db_node_25/12_p0.9/12_graph_n25_p0.9_idx10.gpickle,25,0.9,10,5,28,74,"[2, 17, 5, 20, 3, 7, 16, 8, 19, 1, 13, 10, 12, 23, 9, 11, 22, 21, 0, 14, 15, 4, 18, 24, 6]",6.2698388
./random_graph_db/graph_db_node_25/12_p0.9/12_graph_n25_p0.9_idx2.gpickle,25,0.9,2,6,23,70,"[16, 23, 1, 15, 3, 2, 22, 21, 14, 11, 18, 19, 20, 0, 8, 13, 10, 24, 12, 6, 5, 9, 7, 4, 17]",5.2816718
./random_graph_db/graph_db_node_25/12_p0.9/12_graph_n25_p0.9_idx3.gpickle,25,0.9,3,7,53,120,"[10, 8, 20, 6, 12, 0, 22, 24, 17, 7, 21, 13, 14, 16, 4, 1, 15, 9, 23, 3, 11, 2, 18, 5, 19]",6.966037
./random_graph_db/graph_db_node_25/12_p0.9/12_graph_n25_p0.9_idx4.gpickle,25,0.9,4,6,31,89,"[12, 19, 4, 20, 9, 14, 23, 8, 21, 17, 5, 0, 2, 16, 10, 15, 18, 11, 3, 6, 7, 24, 1, 13, 22]",6.7574222
./random_graph_db/graph_db_node_25/12_p0.9/12_graph_n25_p0.9_idx5.gpickle,25,0.9,5,5,21,68,"[11, 22, 20, 2, 16, 13, 3, 0, 5, 19, 9, 21, 14, 6, 4, 10, 23, 7, 15, 24, 18, 12, 8, 17, 1]",7.7582152
./random_graph_db/graph_db_node_25/12_p0.9/12_graph_n25_p0.9_idx6.gpickle,25,0.9,6,4,18,63,"[21, 1, 3, 2, 12, 22, 10, 8, 7, 17, 19, 9, 11, 23, 15, 16, 6, 24, 14, 4, 20, 5, 0, 13, 18]",5.0628989
./random_graph_db/graph_db_node_25/12_p0.9/12_graph_n25_p0.9_idx7.gpickle,25,0.9,7,4,25,72,"[15, 23, 18, 24, 13, 0, 5, 16, 14, 8, 12, 22, 4, 17, 20, 11, 19, 1, 2, 7, 3, 9, 21, 10, 6]",5.3251419
./random_graph_db/graph_db_node_25/12_p0.9/12_graph_n25_p0.9_idx8.gpickle,25,0.9,8,5,39,101,"[13, 6, 21, 7, 15, 12, 3, 20, 2, 8, 9, 24, 17, 0, 16, 22, 18, 10, 1, 23, 11, 5, 14, 19, 4]",4.9773409
./random_graph_db/graph_db_node_25/12_p0.9/12_graph_n25_p0.9_idx9.gpickle,25,0.9,9,7,57,125,"[20, 12, 16, 13, 3, 7, 19, 2, 4, 1, 11, 18, 24, 10, 14, 15, 5, 21, 0, 22, 9, 23, 8, 17, 6]",6.885787
./random_graph_db/graph_db_node_26/01_p0.1/01_graph_n26_p0.1_idx1.gpickle,26,0.1,1,4,15,54,"[6, 21, 15, 10, 12, 11, 25, 2, 0, 20, 16, 23, 13, 24, 1, 4, 9, 17, 19, 5, 3, 14, 18, 22, 8, 7]",5.9059823
./random_graph_db/graph_db_node_26/01_p0.1/01_graph_n26_p0.1_idx10.gpickle,26,0.1,10,4,9,39,"[23, 17, 22, 21, 14, 18, 24, 15, 10, 7, 13, 0, 1, 4, 12, 9, 2, 25, 5, 3, 16, 8, 19, 20, 11, 6]",4.29759
./random_graph_db/graph_db_node_26/01_p0.1/01_graph_n26_p0.1_idx2.gpickle,26,0.1,2,3,8,48,"[3, 6, 2, 25, 18, 0, 20, 7, 11, 10, 9, 8, 24, 16, 19, 12, 15, 5, 22, 23, 14, 13, 1, 17, 4, 21]",4.5099359
./random_graph_db/graph_db_node_26/01_p0.1/01_graph_n26_p0.1_idx3.gpickle,26,0.1,3,4,13,56,"[15, 16, 10, 20, 7, 17, 12, 13, 1, 18, 19, 21, 0, 8, 9, 14, 11, 4, 5, 24, 25, 23, 3, 2, 6, 22]",5.7014883
./random_graph_db/graph_db_node_26/01_p0.1/01_graph_n26_p0.1_idx4.gpickle,26,0.1,4,5,18,70,"[23, 21, 18, 8, 24, 15, 2, 1, 13, 11, 14, 10, 16, 6, 20, 3, 5, 12, 19, 17, 7, 22, 4, 9, 0, 25]",6.5454171
./random_graph_db/graph_db_node_26/01_p0.1/01_graph_n26_p0.1_idx5.gpickle,26,0.1,5,5,13,57,"[16, 2, 15, 19, 21, 10, 22, 25, 23, 6, 9, 7, 12, 24, 13, 20, 0, 18, 3, 5, 11, 1, 8, 17, 14, 4]",5.3306711
./random_graph_db/graph_db_node_26/01_p0.1/01_graph_n26_p0.1_idx6.gpickle,26,0.1,6,5,22,68,"[3, 7, 21, 5, 4, 6, 19, 10, 0, 17, 8, 12, 1, 13, 23, 16, 9, 22, 18, 24, 25, 14, 2, 11, 15, 20]",6.364852
./random_graph_db/graph_db_node_26/01_p0.1/01_graph_n26_p0.1_idx7.gpickle,26,0.1,7,5,12,49,"[14, 8, 3, 19, 1, 5, 16, 21, 23, 24, 2, 13, 0, 20, 17, 12, 18, 11, 25, 15, 7, 10, 9, 22, 4, 6]",6.4535158
./random_graph_db/graph_db_node_26/01_p0.1/01_graph_n26_p0.1_idx8.gpickle,26,0.1,8,4,14,52,"[19, 5, 22, 20, 17, 8, 16, 24, 10, 21, 1, 25, 2, 15, 3, 7, 12, 11, 23, 18, 14, 13, 6, 4, 0, 9]",5.790921
./random_graph_db/graph_db_node_26/01_p0.1/01_graph_n26_p0.1_idx9.gpickle,26,0.1,9,7,28,77,"[11, 13, 20, 6, 7, 8, 19, 21, 22, 15, 16, 24, 25, 23, 1, 2, 3, 5, 18, 10, 14, 12, 17, 0, 9, 4]",6.047967
./random_graph_db/graph_db_node_26/02_p0.2/02_graph_n26_p0.2_idx1.gpickle,26,0.2,1,8,50,125,"[21, 20, 18, 9, 15, 11, 16, 8, 24, 5, 2, 1, 25, 7, 4, 6, 17, 22, 3, 14, 0, 12, 23, 10, 19, 13]",12.7572999
./random_graph_db/graph_db_node_26/02_p0.2/02_graph_n26_p0.2_idx10.gpickle,26,0.2,10,9,82,215,"[4, 2, 16, 22, 17, 23, 10, 19, 5, 3, 6, 11, 18, 12, 20, 0, 15, 8, 7, 21, 13, 9, 25, 24, 14, 1]",10.284189
./random_graph_db/graph_db_node_26/02_p0.2/02_graph_n26_p0.2_idx2.gpickle,26,0.2,2,8,59,160,"[15, 24, 16, 21, 17, 4, 3, 14, 1, 11, 13, 20, 2, 23, 6, 25, 7, 10, 19, 18, 5, 0, 12, 9, 22, 8]",8.5465798
./random_graph_db/graph_db_node_26/02_p0.2/02_graph_n26_p0.2_idx3.gpickle,26,0.2,3,9,75,183,"[8, 22, 2, 25, 17, 19, 24, 5, 9, 20, 12, 18, 15, 1, 21, 7, 14, 10, 11, 16, 4, 6, 13, 3, 0, 23]",10.4521871
./random_graph_db/graph_db_node_26/02_p0.2/02_graph_n26_p0.2_idx4.gpickle,26,0.2,4,7,44,114,"[2, 25, 3, 24, 5, 20, 12, 19, 17, 7, 23, 10, 14, 9, 6, 13, 21, 22, 11, 4, 15, 18, 8, 0, 16, 1]",7.6704671
./random_graph_db/graph_db_node_26/02_p0.2/02_graph_n26_p0.2_idx5.gpickle,26,0.2,5,7,38,105,"[15, 24, 2, 25, 4, 14, 16, 19, 21, 13, 20, 23, 18, 12, 1, 5, 22, 8, 9, 17, 11, 6, 7, 3, 0, 10]",7.512728
./random_graph_db/graph_db_node_26/02_p0.2/02_graph_n26_p0.2_idx6.gpickle,26,0.2,6,9,72,185,"[21, 9, 0, 6, 18, 14, 12, 13, 16, 23, 1, 19, 11, 25, 7, 2, 17, 5, 3, 20, 22, 24, 10, 8, 15, 4]",12.6512201
./random_graph_db/graph_db_node_26/02_p0.2/02_graph_n26_p0.2_idx7.gpickle,26,0.2,7,8,55,140,"[11, 12, 24, 5, 16, 4, 17, 9, 18, 6, 10, 15, 19, 3, 25, 2, 20, 7, 13, 21, 22, 14, 1, 8, 0, 23]",8.516031
./random_graph_db/graph_db_node_26/02_p0.2/02_graph_n26_p0.2_idx8.gpickle,26,0.2,8,6,38,115,"[8, 25, 13, 2, 23, 24, 11, 6, 4, 15, 19, 7, 16, 21, 17, 3, 5, 22, 14, 1, 20, 9, 18, 12, 0, 10]",7.088217
./random_graph_db/graph_db_node_26/02_p0.2/02_graph_n26_p0.2_idx9.gpickle,26,0.2,9,10,60,137,"[25, 3, 9, 16, 17, 7, 6, 8, 10, 18, 15, 22, 24, 12, 2, 20, 21, 13, 11, 19, 1, 14, 4, 23, 5, 0]",9.0024068
./random_graph_db/graph_db_node_26/03_p0.3/03_graph_n26_p0.3_idx1.gpickle,26,0.3,1,10,108,270,"[20, 10, 24, 2, 19, 22, 8, 23, 11, 21, 9, 15, 0, 12, 16, 4, 6, 14, 3, 13, 18, 25, 1, 7, 5, 17]",10.3194089
./random_graph_db/graph_db_node_26/03_p0.3/03_graph_n26_p0.3_idx10.gpickle,26,0.3,10,11,92,216,"[14, 8, 23, 6, 12, 21, 1, 7, 11, 15, 20, 18, 3, 13, 17, 2, 22, 25, 5, 16, 24, 9, 4, 0, 19, 10]",10.231379
./random_graph_db/graph_db_node_26/03_p0.3/03_graph_n26_p0.3_idx2.gpickle,26,0.3,2,9,99,236,"[7, 25, 0, 15, 3, 14, 17, 12, 21, 24, 1, 5, 9, 10, 8, 22, 18, 6, 4, 23, 11, 2, 20, 19, 16, 13]",10.5988319
./random_graph_db/graph_db_node_26/03_p0.3/03_graph_n26_p0.3_idx3.gpickle,26,0.3,3,10,95,218,"[2, 17, 6, 8, 18, 7, 14, 16, 11, 5, 23, 4, 22, 9, 15, 13, 20, 1, 12, 0, 10, 19, 24, 25, 3, 21]",10.6512449
./random_graph_db/graph_db_node_26/03_p0.3/03_graph_n26_p0.3_idx4.gpickle,26,0.3,4,10,80,188,"[8, 17, 16, 0, 4, 10, 25, 23, 21, 15, 5, 6, 11, 7, 22, 12, 3, 2, 1, 14, 13, 19, 18, 9, 20, 24]",10.4738519
./random_graph_db/graph_db_node_26/03_p0.3/03_graph_n26_p0.3_idx5.gpickle,26,0.3,5,11,98,211,"[19, 12, 4, 13, 8, 7, 1, 23, 14, 24, 17, 22, 2, 5, 16, 18, 15, 9, 6, 11, 3, 25, 21, 20, 0, 10]",10.6602089
./random_graph_db/graph_db_node_26/03_p0.3/03_graph_n26_p0.3_idx6.gpickle,26,0.3,6,10,72,168,"[2, 11, 16, 21, 20, 8, 5, 17, 24, 4, 19, 0, 15, 18, 13, 6, 14, 9, 12, 7, 3, 10, 23, 25, 1, 22]",9.3362589
./random_graph_db/graph_db_node_26/03_p0.3/03_graph_n26_p0.3_idx7.gpickle,26,0.3,7,10,105,245,"[1, 17, 16, 9, 4, 10, 19, 15, 24, 14, 21, 13, 5, 22, 8, 20, 6, 0, 7, 3, 23, 11, 12, 25, 2, 18]",10.803834
./random_graph_db/graph_db_node_26/03_p0.3/03_graph_n26_p0.3_idx8.gpickle,26,0.3,8,10,97,237,"[22, 8, 17, 15, 7, 9, 24, 18, 19, 2, 14, 6, 16, 1, 4, 13, 25, 20, 11, 10, 5, 23, 3, 21, 0, 12]",9.6194649
./random_graph_db/graph_db_node_26/03_p0.3/03_graph_n26_p0.3_idx9.gpickle,26,0.3,9,10,120,304,"[12, 22, 17, 13, 9, 10, 5, 4, 23, 11, 19, 20, 6, 2, 24, 0, 8, 14, 3, 7, 25, 1, 21, 18, 16, 15]",11.0332601
./random_graph_db/graph_db_node_26/04_p0.4/04_graph_n26_p0.4_idx1.gpickle,26,0.4,1,10,114,283,"[8, 24, 16, 15, 7, 2, 18, 4, 12, 14, 3, 17, 0, 11, 22, 21, 13, 1, 20, 23, 6, 5, 25, 19, 9, 10]",11.9874082
./random_graph_db/graph_db_node_26/04_p0.4/04_graph_n26_p0.4_idx10.gpickle,26,0.4,10,11,114,277,"[15, 16, 11, 14, 8, 6, 18, 19, 4, 25, 1, 17, 12, 2, 23, 20, 9, 10, 21, 24, 3, 0, 7, 13, 5, 22]",10.9685142
./random_graph_db/graph_db_node_26/04_p0.4/04_graph_n26_p0.4_idx2.gpickle,26,0.4,2,11,119,275,"[22, 6, 16, 4, 9, 23, 19, 11, 1, 21, 5, 12, 0, 24, 20, 7, 2, 15, 18, 14, 3, 13, 10, 17, 8, 25]",11.8098772
./random_graph_db/graph_db_node_26/04_p0.4/04_graph_n26_p0.4_idx3.gpickle,26,0.4,3,11,116,232,"[22, 23, 6, 19, 18, 11, 4, 17, 9, 8, 2, 0, 16, 20, 14, 24, 3, 21, 7, 5, 25, 10, 1, 15, 13, 12]",10.5860543
./random_graph_db/graph_db_node_26/04_p0.4/04_graph_n26_p0.4_idx4.gpickle,26,0.4,4,11,120,294,"[22, 10, 13, 6, 25, 16, 11, 8, 4, 3, 1, 24, 18, 2, 0, 20, 12, 17, 15, 23, 9, 21, 19, 7, 5, 14]",11.5908549
./random_graph_db/graph_db_node_26/04_p0.4/04_graph_n26_p0.4_idx5.gpickle,26,0.4,5,12,115,256,"[14, 6, 5, 1, 23, 20, 19, 12, 0, 4, 15, 10, 17, 25, 21, 3, 18, 13, 16, 22, 24, 8, 2, 11, 9, 7]",11.000035
./random_graph_db/graph_db_node_26/04_p0.4/04_graph_n26_p0.4_idx6.gpickle,26,0.4,6,11,124,311,"[3, 25, 9, 16, 14, 8, 11, 22, 18, 19, 20, 21, 1, 2, 7, 0, 10, 5, 17, 23, 6, 4, 15, 24, 13, 12]",17.1037581
./random_graph_db/graph_db_node_26/04_p0.4/04_graph_n26_p0.4_idx7.gpickle,26,0.4,7,11,120,276,"[23, 16, 5, 1, 14, 13, 12, 11, 6, 17, 8, 20, 21, 10, 2, 4, 15, 7, 22, 18, 24, 9, 3, 25, 19, 0]",11.1771722
./random_graph_db/graph_db_node_26/04_p0.4/04_graph_n26_p0.4_idx8.gpickle,26,0.4,8,11,126,290,"[22, 18, 9, 4, 14, 21, 15, 16, 13, 1, 6, 12, 0, 17, 8, 3, 10, 2, 7, 24, 19, 25, 23, 11, 5, 20]",10.9300098
./random_graph_db/graph_db_node_26/04_p0.4/04_graph_n26_p0.4_idx9.gpickle,26,0.4,9,10,119,274,"[21, 0, 19, 4, 2, 8, 24, 13, 10, 6, 3, 20, 16, 17, 14, 18, 12, 9, 7, 25, 5, 23, 15, 22, 11, 1]",12.0635879
./random_graph_db/graph_db_node_26/05_p0.45/05_graph_n26_p0.45_idx1.gpickle,26,0.45,1,11,107,256,"[5, 17, 18, 4, 2, 8, 25, 22, 1, 21, 12, 7, 24, 6, 19, 16, 10, 9, 15, 3, 23, 13, 11, 14, 20, 0]",10.5496321
./random_graph_db/graph_db_node_26/05_p0.45/05_graph_n26_p0.45_idx10.gpickle,26,0.45,10,11,128,308,"[12, 15, 9, 2, 17, 16, 14, 4, 21, 10, 20, 18, 3, 0, 7, 23, 19, 1, 8, 25, 24, 5, 11, 22, 13, 6]",17.289392
./random_graph_db/graph_db_node_26/05_p0.45/05_graph_n26_p0.45_idx2.gpickle,26,0.45,2,12,138,316,"[22, 0, 14, 16, 20, 15, 4, 10, 21, 3, 5, 6, 19, 7, 11, 8, 18, 17, 12, 13, 1, 2, 23, 9, 24, 25]",12.008878
./random_graph_db/graph_db_node_26/05_p0.45/05_graph_n26_p0.45_idx3.gpickle,26,0.45,3,11,122,276,"[19, 16, 4, 23, 2, 21, 1, 13, 18, 25, 20, 11, 22, 14, 17, 12, 10, 8, 6, 9, 15, 24, 3, 0, 7, 5]",12.8150222
./random_graph_db/graph_db_node_26/05_p0.45/05_graph_n26_p0.45_idx4.gpickle,26,0.45,4,11,122,304,"[21, 19, 4, 22, 17, 15, 20, 13, 16, 2, 5, 6, 1, 18, 23, 10, 8, 14, 3, 12, 7, 11, 9, 25, 0, 24]",13.2096808
./random_graph_db/graph_db_node_26/05_p0.45/05_graph_n26_p0.45_idx5.gpickle,26,0.45,5,10,115,292,"[22, 24, 4, 18, 0, 3, 16, 10, 17, 23, 25, 12, 19, 13, 20, 21, 14, 11, 8, 7, 15, 2, 9, 5, 1, 6]",12.7623999
./random_graph_db/graph_db_node_26/05_p0.45/05_graph_n26_p0.45_idx6.gpickle,26,0.45,6,11,132,305,"[2, 16, 8, 24, 10, 5, 1, 6, 12, 11, 4, 0, 7, 25, 17, 3, 19, 15, 13, 22, 23, 14, 9, 21, 18, 20]",13.2711658
./random_graph_db/graph_db_node_26/05_p0.45/05_graph_n26_p0.45_idx7.gpickle,26,0.45,7,11,121,291,"[14, 17, 21, 5, 0, 24, 3, 1, 6, 11, 13, 20, 15, 16, 18, 9, 4, 25, 23, 7, 19, 12, 10, 22, 8, 2]",19.8604622
./random_graph_db/graph_db_node_26/05_p0.45/05_graph_n26_p0.45_idx8.gpickle,26,0.45,8,11,133,319,"[6, 0, 2, 14, 11, 3, 18, 8, 12, 21, 1, 17, 15, 20, 16, 25, 22, 7, 9, 23, 10, 13, 24, 19, 4, 5]",11.8576269
./random_graph_db/graph_db_node_26/05_p0.45/05_graph_n26_p0.45_idx9.gpickle,26,0.45,9,10,111,269,"[24, 10, 4, 8, 17, 20, 15, 3, 9, 23, 0, 21, 14, 13, 6, 5, 16, 1, 12, 25, 18, 22, 2, 7, 11, 19]",11.930393
./random_graph_db/graph_db_node_26/06_p0.5/06_graph_n26_p0.5_idx1.gpickle,26,0.5,1,10,107,245,"[14, 7, 23, 8, 20, 6, 3, 1, 24, 13, 17, 16, 22, 18, 4, 2, 5, 0, 19, 15, 12, 11, 21, 25, 9, 10]",11.2018559
./random_graph_db/graph_db_node_26/06_p0.5/06_graph_n26_p0.5_idx10.gpickle,26,0.5,10,10,107,260,"[18, 17, 8, 16, 11, 13, 5, 20, 9, 0, 4, 10, 15, 24, 19, 23, 22, 14, 3, 25, 2, 6, 7, 21, 12, 1]",11.1512711
./random_graph_db/graph_db_node_26/06_p0.5/06_graph_n26_p0.5_idx2.gpickle,26,0.5,2,11,124,299,"[19, 21, 15, 13, 6, 2, 4, 9, 24, 5, 3, 20, 7, 11, 0, 17, 23, 16, 10, 18, 14, 8, 1, 25, 12, 22]",11.5950801
./random_graph_db/graph_db_node_26/06_p0.5/06_graph_n26_p0.5_idx3.gpickle,26,0.5,3,11,117,266,"[22, 4, 12, 18, 17, 11, 6, 15, 14, 19, 16, 5, 7, 0, 20, 13, 3, 2, 1, 10, 24, 23, 25, 21, 8, 9]",15.283834
./random_graph_db/graph_db_node_26/06_p0.5/06_graph_n26_p0.5_idx4.gpickle,26,0.5,4,11,132,318,"[14, 0, 16, 10, 1, 6, 21, 24, 4, 18, 12, 11, 5, 23, 20, 19, 3, 25, 17, 2, 15, 22, 9, 7, 8, 13]",12.0990801
./random_graph_db/graph_db_node_26/06_p0.5/06_graph_n26_p0.5_idx5.gpickle,26,0.5,5,11,120,290,"[14, 1, 5, 12, 9, 7, 20, 19, 22, 11, 17, 6, 2, 16, 3, 23, 10, 0, 24, 21, 4, 18, 13, 15, 8, 25]",11.2712502
./random_graph_db/graph_db_node_26/06_p0.5/06_graph_n26_p0.5_idx6.gpickle,26,0.5,6,11,125,311,"[6, 12, 16, 24, 4, 9, 22, 15, 23, 11, 3, 25, 0, 21, 18, 20, 2, 7, 5, 17, 19, 10, 14, 13, 8, 1]",11.1933651
./random_graph_db/graph_db_node_26/06_p0.5/06_graph_n26_p0.5_idx7.gpickle,26,0.5,7,11,148,342,"[12, 21, 1, 19, 14, 0, 13, 22, 24, 2, 10, 17, 8, 4, 9, 25, 16, 11, 5, 20, 3, 23, 18, 6, 15, 7]",11.6487927
./random_graph_db/graph_db_node_26/06_p0.5/06_graph_n26_p0.5_idx8.gpickle,26,0.5,8,10,125,287,"[0, 19, 22, 3, 18, 15, 24, 21, 10, 7, 11, 25, 12, 16, 8, 17, 13, 23, 5, 6, 2, 9, 1, 14, 20, 4]",11.2482479
./random_graph_db/graph_db_node_26/06_p0.5/06_graph_n26_p0.5_idx9.gpickle,26,0.5,9,11,120,286,"[9, 5, 12, 6, 18, 14, 2, 22, 19, 25, 4, 15, 1, 20, 3, 21, 11, 8, 23, 0, 10, 7, 24, 17, 13, 16]",11.4753428
./random_graph_db/graph_db_node_26/07_p0.55/07_graph_n26_p0.55_idx1.gpickle,26,0.55,1,11,116,263,"[6, 8, 0, 7, 5, 17, 13, 16, 2, 23, 25, 15, 1, 18, 3, 14, 24, 4, 21, 9, 11, 10, 20, 19, 22, 12]",18.6989923
./random_graph_db/graph_db_node_26/07_p0.55/07_graph_n26_p0.55_idx10.gpickle,26,0.55,10,11,114,274,"[1, 16, 19, 0, 24, 21, 17, 2, 11, 4, 7, 14, 12, 18, 5, 8, 6, 23, 13, 10, 9, 3, 22, 15, 25, 20]",11.342241
./random_graph_db/graph_db_node_26/07_p0.55/07_graph_n26_p0.55_idx2.gpickle,26,0.55,2,10,110,277,"[22, 13, 15, 14, 7, 17, 16, 3, 21, 1, 25, 23, 18, 10, 5, 11, 4, 12, 0, 6, 20, 9, 24, 19, 8, 2]",17.9803529
./random_graph_db/graph_db_node_26/07_p0.55/07_graph_n26_p0.55_idx3.gpickle,26,0.55,3,11,136,326,"[13, 14, 8, 23, 19, 24, 22, 2, 3, 16, 20, 0, 18, 6, 10, 1, 9, 4, 5, 25, 11, 17, 7, 21, 12, 15]",14.8496609
./random_graph_db/graph_db_node_26/07_p0.55/07_graph_n26_p0.55_idx4.gpickle,26,0.55,4,11,115,269,"[7, 13, 9, 17, 5, 15, 20, 4, 25, 21, 12, 23, 10, 11, 14, 2, 0, 24, 3, 19, 6, 22, 8, 18, 16, 1]",11.1237161
./random_graph_db/graph_db_node_26/07_p0.55/07_graph_n26_p0.55_idx5.gpickle,26,0.55,5,11,125,296,"[15, 23, 4, 1, 10, 13, 25, 11, 20, 2, 18, 12, 3, 9, 21, 6, 16, 8, 24, 5, 19, 17, 22, 0, 14, 7]",11.929857
./random_graph_db/graph_db_node_26/07_p0.55/07_graph_n26_p0.55_idx6.gpickle,26,0.55,6,12,131,311,"[13, 10, 2, 4, 12, 16, 17, 23, 24, 1, 20, 11, 14, 21, 3, 7, 22, 15, 5, 25, 0, 18, 6, 9, 19, 8]",11.7332799
./random_graph_db/graph_db_node_26/07_p0.55/07_graph_n26_p0.55_idx7.gpickle,26,0.55,7,10,105,264,"[11, 22, 5, 18, 17, 23, 24, 0, 3, 7, 6, 12, 25, 13, 15, 1, 4, 9, 8, 21, 19, 16, 14, 10, 2, 20]",11.2392981
./random_graph_db/graph_db_node_26/07_p0.55/07_graph_n26_p0.55_idx8.gpickle,26,0.55,8,12,120,286,"[18, 7, 15, 5, 24, 23, 17, 21, 20, 14, 16, 19, 25, 4, 3, 10, 2, 13, 9, 22, 6, 0, 12, 8, 1, 11]",14.8702049
./random_graph_db/graph_db_node_26/07_p0.55/07_graph_n26_p0.55_idx9.gpickle,26,0.55,9,10,126,315,"[23, 7, 3, 20, 15, 19, 18, 5, 2, 11, 9, 6, 13, 25, 0, 24, 21, 16, 12, 1, 4, 17, 14, 10, 8, 22]",11.3725162
./random_graph_db/graph_db_node_26/08_p0.6/08_graph_n26_p0.6_idx1.gpickle,26,0.6,1,11,117,269,"[19, 16, 22, 15, 24, 17, 5, 23, 7, 2, 4, 0, 11, 12, 6, 13, 18, 8, 3, 25, 20, 1, 21, 14, 9, 10]",11.0858221
./random_graph_db/graph_db_node_26/08_p0.6/08_graph_n26_p0.6_idx10.gpickle,26,0.6,10,11,113,284,"[19, 5, 3, 25, 7, 9, 13, 23, 22, 16, 17, 10, 11, 2, 4, 8, 24, 12, 6, 18, 14, 21, 0, 1, 20, 15]",11.3994439
./random_graph_db/graph_db_node_26/08_p0.6/08_graph_n26_p0.6_idx2.gpickle,26,0.6,2,11,133,318,"[10, 11, 21, 14, 16, 17, 25, 23, 7, 5, 2, 15, 20, 22, 24, 13, 19, 0, 12, 9, 4, 8, 3, 6, 1, 18]",11.1781571
./random_graph_db/graph_db_node_26/08_p0.6/08_graph_n26_p0.6_idx3.gpickle,26,0.6,3,11,110,265,"[8, 1, 9, 7, 2, 17, 16, 12, 23, 18, 11, 6, 3, 4, 19, 5, 24, 13, 0, 10, 15, 25, 14, 22, 20, 21]",13.7981088
./random_graph_db/graph_db_node_26/08_p0.6/08_graph_n26_p0.6_idx4.gpickle,26,0.6,4,11,122,269,"[22, 4, 12, 21, 15, 11, 0, 7, 20, 17, 14, 8, 5, 10, 3, 25, 9, 19, 16, 23, 13, 18, 24, 6, 1, 2]",11.7305429
./random_graph_db/graph_db_node_26/08_p0.6/08_graph_n26_p0.6_idx5.gpickle,26,0.6,5,10,112,259,"[13, 0, 4, 14, 1, 10, 6, 24, 12, 15, 23, 5, 21, 19, 9, 17, 20, 22, 7, 18, 11, 16, 2, 8, 25, 3]",18.8102469
./random_graph_db/graph_db_node_26/08_p0.6/08_graph_n26_p0.6_idx6.gpickle,26,0.6,6,11,128,310,"[19, 17, 10, 1, 23, 11, 21, 20, 24, 3, 13, 5, 12, 14, 2, 8, 15, 4, 7, 22, 18, 9, 25, 6, 0, 16]",12.0403471
./random_graph_db/graph_db_node_26/08_p0.6/08_graph_n26_p0.6_idx7.gpickle,26,0.6,7,11,138,325,"[9, 0, 20, 5, 3, 12, 8, 7, 1, 23, 16, 4, 25, 6, 11, 14, 19, 10, 24, 2, 17, 13, 18, 15, 21, 22]",11.499826
./random_graph_db/graph_db_node_26/08_p0.6/08_graph_n26_p0.6_idx8.gpickle,26,0.6,8,11,114,266,"[11, 23, 9, 10, 15, 20, 4, 13, 21, 14, 8, 17, 1, 19, 2, 22, 16, 7, 6, 0, 18, 24, 25, 3, 5, 12]",21.801394
./random_graph_db/graph_db_node_26/08_p0.6/08_graph_n26_p0.6_idx9.gpickle,26,0.6,9,10,125,300,"[19, 9, 14, 1, 22, 18, 8, 10, 12, 6, 5, 23, 2, 3, 7, 24, 4, 15, 17, 11, 13, 25, 21, 0, 16, 20]",13.2682369
./random_graph_db/graph_db_node_26/09_p0.65/09_graph_n26_p0.65_idx1.gpickle,26,0.65,1,10,101,238,"[7, 15, 8, 5, 20, 3, 21, 10, 17, 4, 13, 1, 25, 22, 23, 2, 14, 0, 12, 11, 6, 24, 16, 9, 18, 19]",12.130198
./random_graph_db/graph_db_node_26/09_p0.65/09_graph_n26_p0.65_idx10.gpickle,26,0.65,10,11,125,306,"[19, 13, 14, 11, 8, 7, 17, 4, 20, 18, 15, 21, 5, 10, 23, 22, 12, 9, 3, 16, 24, 0, 1, 6, 2, 25]",13.262131
./random_graph_db/graph_db_node_26/09_p0.65/09_graph_n26_p0.65_idx2.gpickle,26,0.65,2,12,129,305,"[14, 10, 21, 25, 1, 6, 11, 20, 7, 13, 2, 22, 18, 5, 16, 8, 12, 9, 24, 15, 17, 0, 19, 23, 4, 3]",13.3224719
./random_graph_db/graph_db_node_26/09_p0.65/09_graph_n26_p0.65_idx3.gpickle,26,0.65,3,11,134,298,"[20, 24, 21, 14, 6, 8, 15, 18, 10, 22, 5, 0, 13, 7, 3, 16, 9, 4, 19, 11, 17, 12, 1, 25, 23, 2]",14.3367119
./random_graph_db/graph_db_node_26/09_p0.65/09_graph_n26_p0.65_idx4.gpickle,26,0.65,4,11,115,289,"[13, 18, 11, 8, 19, 7, 17, 2, 6, 5, 15, 16, 3, 14, 22, 23, 9, 10, 0, 12, 20, 1, 4, 24, 25, 21]",13.2558537
./random_graph_db/graph_db_node_26/09_p0.65/09_graph_n26_p0.65_idx5.gpickle,26,0.65,5,11,118,264,"[0, 19, 15, 25, 22, 13, 4, 10, 3, 1, 12, 6, 7, 8, 24, 18, 20, 11, 23, 21, 17, 5, 2, 9, 16, 14]",11.8921883
./random_graph_db/graph_db_node_26/09_p0.65/09_graph_n26_p0.65_idx6.gpickle,26,0.65,6,11,143,305,"[14, 10, 19, 20, 5, 6, 1, 4, 23, 8, 16, 11, 15, 18, 21, 9, 7, 2, 0, 17, 22, 24, 25, 13, 3, 12]",11.8936772
./random_graph_db/graph_db_node_26/09_p0.65/09_graph_n26_p0.65_idx7.gpickle,26,0.65,7,11,124,295,"[0, 24, 3, 16, 14, 20, 21, 15, 17, 18, 7, 11, 9, 23, 2, 5, 25, 19, 6, 10, 8, 4, 13, 12, 22, 1]",13.0402722
./random_graph_db/graph_db_node_26/09_p0.65/09_graph_n26_p0.65_idx8.gpickle,26,0.65,8,11,111,271,"[7, 4, 8, 5, 24, 10, 1, 9, 25, 19, 12, 0, 21, 6, 18, 15, 14, 20, 23, 3, 22, 17, 16, 13, 2, 11]",11.4355571
./random_graph_db/graph_db_node_26/09_p0.65/09_graph_n26_p0.65_idx9.gpickle,26,0.65,9,10,107,249,"[2, 5, 7, 12, 3, 0, 16, 1, 25, 15, 6, 18, 8, 4, 23, 13, 10, 11, 17, 9, 21, 14, 24, 19, 22, 20]",10.8286438
./random_graph_db/graph_db_node_26/10_p0.7/10_graph_n26_p0.7_idx1.gpickle,26,0.7,1,11,120,273,"[20, 1, 2, 6, 14, 5, 7, 3, 18, 13, 19, 21, 9, 4, 0, 11, 16, 8, 10, 25, 12, 15, 23, 22, 24, 17]",11.3448341
./random_graph_db/graph_db_node_26/10_p0.7/10_graph_n26_p0.7_idx10.gpickle,26,0.7,10,11,116,278,"[12, 13, 16, 18, 0, 1, 9, 2, 25, 10, 22, 17, 5, 4, 14, 3, 20, 11, 24, 19, 6, 8, 21, 23, 7, 15]",11.1147859
./random_graph_db/graph_db_node_26/10_p0.7/10_graph_n26_p0.7_idx2.gpickle,26,0.7,2,10,105,261,"[24, 7, 17, 2, 8, 19, 21, 22, 16, 20, 13, 0, 4, 9, 6, 23, 12, 10, 14, 15, 25, 5, 11, 1, 18, 3]",10.8570621
./random_graph_db/graph_db_node_26/10_p0.7/10_graph_n26_p0.7_idx3.gpickle,26,0.7,3,10,111,271,"[19, 2, 4, 11, 23, 16, 14, 10, 13, 21, 9, 7, 1, 24, 8, 15, 25, 0, 20, 22, 5, 18, 6, 12, 17, 3]",10.675482
./random_graph_db/graph_db_node_26/10_p0.7/10_graph_n26_p0.7_idx4.gpickle,26,0.7,4,11,118,275,"[8, 12, 19, 25, 14, 11, 24, 16, 13, 17, 15, 5, 2, 10, 4, 20, 22, 0, 7, 9, 1, 21, 18, 3, 6, 23]",19.0322592
./random_graph_db/graph_db_node_26/10_p0.7/10_graph_n26_p0.7_idx5.gpickle,26,0.7,5,10,116,278,"[3, 9, 20, 17, 25, 0, 18, 13, 23, 8, 14, 19, 15, 21, 6, 4, 5, 7, 24, 11, 10, 1, 16, 22, 2, 12]",13.1168408
./random_graph_db/graph_db_node_26/10_p0.7/10_graph_n26_p0.7_idx6.gpickle,26,0.7,6,11,112,241,"[18, 7, 8, 17, 23, 10, 1, 0, 11, 22, 20, 25, 13, 2, 12, 6, 15, 9, 5, 4, 3, 14, 21, 16, 19, 24]",13.7323823
./random_graph_db/graph_db_node_26/10_p0.7/10_graph_n26_p0.7_idx7.gpickle,26,0.7,7,11,122,265,"[15, 19, 10, 6, 18, 25, 9, 3, 16, 7, 13, 14, 11, 2, 17, 0, 21, 1, 5, 12, 4, 20, 23, 8, 22, 24]",11.590847
./random_graph_db/graph_db_node_26/10_p0.7/10_graph_n26_p0.7_idx8.gpickle,26,0.7,8,11,108,261,"[20, 10, 15, 5, 4, 3, 8, 23, 13, 2, 14, 25, 7, 1, 11, 19, 9, 24, 17, 21, 22, 12, 0, 18, 6, 16]",11.2186737
./random_graph_db/graph_db_node_26/10_p0.7/10_graph_n26_p0.7_idx9.gpickle,26,0.7,9,10,107,263,"[0, 5, 22, 7, 15, 23, 19, 14, 4, 12, 3, 20, 11, 10, 17, 2, 21, 8, 6, 25, 9, 24, 18, 13, 16, 1]",12.507807
./random_graph_db/graph_db_node_26/11_p0.8/11_graph_n26_p0.8_idx1.gpickle,26,0.8,1,9,83,216,"[9, 13, 4, 10, 18, 12, 11, 15, 20, 1, 25, 17, 22, 19, 6, 7, 8, 5, 0, 24, 23, 14, 16, 21, 3, 2]",18.6662271
./random_graph_db/graph_db_node_26/11_p0.8/11_graph_n26_p0.8_idx10.gpickle,26,0.8,10,10,92,215,"[15, 16, 13, 3, 2, 6, 0, 18, 22, 25, 9, 23, 8, 11, 21, 4, 5, 10, 14, 24, 7, 19, 1, 17, 20, 12]",11.8851328
./random_graph_db/graph_db_node_26/11_p0.8/11_graph_n26_p0.8_idx2.gpickle,26,0.8,2,9,63,152,"[20, 15, 3, 7, 17, 19, 24, 10, 6, 18, 14, 16, 2, 0, 12, 25, 23, 4, 13, 21, 8, 5, 9, 11, 22, 1]",10.4545212
./random_graph_db/graph_db_node_26/11_p0.8/11_graph_n26_p0.8_idx3.gpickle,26,0.8,3,9,83,202,"[9, 19, 13, 2, 3, 1, 17, 16, 11, 7, 22, 18, 5, 23, 25, 6, 20, 4, 24, 21, 12, 8, 10, 14, 15, 0]",10.121846
./random_graph_db/graph_db_node_26/11_p0.8/11_graph_n26_p0.8_idx4.gpickle,26,0.8,4,10,104,226,"[3, 10, 14, 6, 7, 20, 15, 17, 16, 4, 5, 9, 11, 8, 13, 23, 2, 24, 21, 0, 19, 22, 1, 18, 12, 25]",13.4711471
./random_graph_db/graph_db_node_26/11_p0.8/11_graph_n26_p0.8_idx5.gpickle,26,0.8,5,10,90,220,"[9, 10, 25, 7, 6, 17, 19, 15, 14, 22, 2, 4, 24, 13, 3, 5, 18, 23, 0, 21, 20, 16, 1, 12, 8, 11]",10.0763528
./random_graph_db/graph_db_node_26/11_p0.8/11_graph_n26_p0.8_idx6.gpickle,26,0.8,6,9,62,166,"[23, 11, 8, 25, 9, 3, 24, 0, 13, 10, 7, 21, 22, 12, 18, 6, 5, 1, 14, 20, 4, 2, 16, 17, 15, 19]",9.763916
./random_graph_db/graph_db_node_26/11_p0.8/11_graph_n26_p0.8_idx7.gpickle,26,0.8,7,9,75,174,"[3, 20, 14, 6, 17, 0, 19, 24, 22, 4, 13, 25, 5, 1, 7, 12, 2, 23, 8, 18, 16, 15, 9, 10, 21, 11]",9.2564728
./random_graph_db/graph_db_node_26/11_p0.8/11_graph_n26_p0.8_idx8.gpickle,26,0.8,8,11,110,258,"[18, 23, 19, 15, 21, 0, 10, 4, 24, 1, 5, 25, 20, 14, 7, 22, 11, 13, 17, 16, 2, 3, 9, 8, 6, 12]",10.1602607
./random_graph_db/graph_db_node_26/11_p0.8/11_graph_n26_p0.8_idx9.gpickle,26,0.8,9,10,91,216,"[5, 0, 4, 17, 7, 11, 22, 14, 10, 12, 25, 20, 23, 3, 1, 13, 24, 19, 6, 9, 15, 16, 18, 8, 21, 2]",9.9997032
./random_graph_db/graph_db_node_26/12_p0.9/12_graph_n26_p0.9_idx1.gpickle,26,0.9,1,6,37,99,"[23, 2, 7, 4, 25, 1, 15, 17, 0, 13, 16, 12, 19, 14, 3, 24, 8, 18, 6, 20, 9, 10, 21, 22, 5, 11]",7.009726
./random_graph_db/graph_db_node_26/12_p0.9/12_graph_n26_p0.9_idx10.gpickle,26,0.9,10,6,38,98,"[4, 10, 13, 15, 18, 8, 2, 6, 19, 17, 1, 9, 24, 7, 5, 25, 12, 21, 23, 14, 22, 3, 20, 16, 0, 11]",8.888896
./random_graph_db/graph_db_node_26/12_p0.9/12_graph_n26_p0.9_idx2.gpickle,26,0.9,2,5,35,90,"[11, 1, 2, 8, 14, 10, 21, 3, 12, 24, 25, 5, 19, 23, 20, 18, 7, 9, 17, 4, 6, 22, 13, 0, 15, 16]",6.3873451
./random_graph_db/graph_db_node_26/12_p0.9/12_graph_n26_p0.9_idx3.gpickle,26,0.9,3,7,59,128,"[10, 18, 19, 6, 11, 14, 15, 22, 25, 0, 16, 9, 17, 23, 20, 24, 4, 1, 8, 3, 2, 21, 5, 12, 13, 7]",7.83201
./random_graph_db/graph_db_node_26/12_p0.9/12_graph_n26_p0.9_idx4.gpickle,26,0.9,4,6,46,111,"[13, 3, 18, 4, 16, 15, 5, 11, 22, 12, 20, 19, 14, 9, 0, 7, 10, 25, 23, 6, 21, 24, 17, 2, 8, 1]",9.4090691
./random_graph_db/graph_db_node_26/12_p0.9/12_graph_n26_p0.9_idx5.gpickle,26,0.9,5,4,25,64,"[14, 16, 5, 2, 1, 7, 17, 18, 12, 0, 3, 13, 11, 23, 15, 9, 25, 10, 4, 6, 8, 22, 24, 20, 21, 19]",5.7971449
./random_graph_db/graph_db_node_26/12_p0.9/12_graph_n26_p0.9_idx6.gpickle,26,0.9,6,4,27,76,"[5, 24, 2, 1, 3, 23, 18, 8, 11, 12, 10, 20, 25, 4, 0, 7, 17, 16, 6, 9, 15, 14, 22, 13, 19, 21]",5.8313758
./random_graph_db/graph_db_node_26/12_p0.9/12_graph_n26_p0.9_idx7.gpickle,26,0.9,7,4,31,96,"[7, 18, 25, 4, 9, 3, 22, 6, 21, 15, 5, 8, 0, 20, 16, 13, 14, 2, 24, 11, 1, 12, 10, 17, 23, 19]",6.4371028
./random_graph_db/graph_db_node_26/12_p0.9/12_graph_n26_p0.9_idx8.gpickle,26,0.9,8,6,38,84,"[2, 20, 12, 19, 3, 23, 6, 15, 7, 5, 8, 18, 14, 10, 11, 9, 24, 21, 4, 1, 22, 17, 0, 25, 13, 16]",6.9975538
./random_graph_db/graph_db_node_26/12_p0.9/12_graph_n26_p0.9_idx9.gpickle,26,0.9,9,7,39,102,"[4, 15, 0, 14, 9, 1, 13, 21, 8, 2, 17, 11, 5, 6, 23, 24, 10, 25, 18, 20, 7, 3, 16, 22, 12, 19]",6.9940729
./random_graph_db/graph_db_node_27/01_p0.1/01_graph_n27_p0.1_idx1.gpickle,27,0.1,1,5,19,65,"[23, 26, 11, 18, 9, 2, 14, 3, 22, 21, 25, 16, 7, 6, 15, 8, 10, 1, 19, 4, 12, 17, 13, 5, 20, 0, 24]",6.512521
./random_graph_db/graph_db_node_27/01_p0.1/01_graph_n27_p0.1_idx10.gpickle,27,0.1,10,6,23,69,"[21, 8, 23, 0, 1, 25, 19, 20, 22, 11, 3, 16, 5, 14, 6, 10, 13, 7, 15, 2, 17, 26, 4, 9, 12, 18, 24]",7.471307
./random_graph_db/graph_db_node_27/01_p0.1/01_graph_n27_p0.1_idx2.gpickle,27,0.1,2,4,13,52,"[1, 0, 4, 25, 22, 21, 17, 5, 26, 16, 3, 14, 6, 8, 15, 18, 13, 24, 7, 11, 10, 23, 9, 12, 2, 20, 19]",6.0054491
./random_graph_db/graph_db_node_27/01_p0.1/01_graph_n27_p0.1_idx3.gpickle,27,0.1,3,6,23,71,"[20, 18, 25, 13, 16, 5, 4, 21, 23, 11, 17, 26, 19, 15, 10, 6, 22, 8, 0, 12, 7, 9, 3, 1, 2, 24, 14]",6.4123337
./random_graph_db/graph_db_node_27/01_p0.1/01_graph_n27_p0.1_idx4.gpickle,27,0.1,4,4,20,68,"[13, 17, 21, 26, 24, 10, 3, 23, 18, 1, 14, 15, 22, 6, 8, 5, 4, 7, 11, 9, 2, 16, 25, 20, 12, 0, 19]",7.7000299
./random_graph_db/graph_db_node_27/01_p0.1/01_graph_n27_p0.1_idx5.gpickle,27,0.1,5,4,13,56,"[19, 17, 25, 2, 23, 5, 8, 18, 26, 0, 22, 16, 13, 6, 15, 9, 3, 7, 11, 1, 21, 4, 20, 10, 12, 24, 14]",5.9041662
./random_graph_db/graph_db_node_27/01_p0.1/01_graph_n27_p0.1_idx6.gpickle,27,0.1,6,5,24,73,"[24, 5, 19, 22, 20, 7, 13, 2, 12, 8, 17, 25, 26, 21, 11, 23, 14, 18, 6, 15, 3, 16, 0, 10, 4, 9, 1]",6.3655508
./random_graph_db/graph_db_node_27/01_p0.1/01_graph_n27_p0.1_idx7.gpickle,27,0.1,7,3,9,52,"[9, 7, 6, 0, 13, 19, 22, 25, 14, 12, 18, 1, 3, 20, 23, 2, 15, 11, 24, 5, 10, 16, 8, 26, 17, 21, 4]",5.1628549
./random_graph_db/graph_db_node_27/01_p0.1/01_graph_n27_p0.1_idx8.gpickle,27,0.1,8,4,20,67,"[8, 11, 16, 13, 12, 6, 18, 22, 7, 25, 5, 10, 1, 23, 4, 20, 0, 9, 17, 2, 24, 3, 26, 14, 15, 19, 21]",6.2876699
./random_graph_db/graph_db_node_27/01_p0.1/01_graph_n27_p0.1_idx9.gpickle,27,0.1,9,5,22,76,"[11, 5, 26, 6, 18, 17, 21, 0, 8, 10, 22, 1, 20, 3, 14, 16, 23, 13, 7, 4, 9, 12, 19, 25, 15, 2, 24]",6.5545371
./random_graph_db/graph_db_node_27/02_p0.2/02_graph_n27_p0.2_idx1.gpickle,27,0.2,1,8,58,139,"[14, 12, 21, 23, 26, 15, 13, 16, 19, 7, 3, 11, 0, 17, 2, 4, 9, 25, 24, 8, 22, 18, 10, 6, 1, 5, 20]",8.7176809
./random_graph_db/graph_db_node_27/02_p0.2/02_graph_n27_p0.2_idx10.gpickle,27,0.2,10,9,69,163,"[14, 4, 6, 11, 3, 26, 0, 12, 24, 17, 13, 25, 2, 10, 23, 1, 22, 5, 7, 8, 15, 19, 9, 20, 21, 18, 16]",9.9389141
./random_graph_db/graph_db_node_27/02_p0.2/02_graph_n27_p0.2_idx2.gpickle,27,0.2,2,8,59,143,"[19, 0, 7, 6, 21, 12, 18, 5, 13, 20, 11, 8, 4, 14, 23, 3, 24, 1, 10, 25, 22, 26, 15, 2, 17, 9, 16]",9.2521889
./random_graph_db/graph_db_node_27/02_p0.2/02_graph_n27_p0.2_idx3.gpickle,27,0.2,3,9,83,193,"[11, 0, 23, 16, 21, 22, 14, 19, 25, 13, 8, 15, 1, 9, 5, 26, 18, 24, 10, 2, 7, 6, 20, 12, 17, 3, 4]",10.5652709
./random_graph_db/graph_db_node_27/02_p0.2/02_graph_n27_p0.2_idx4.gpickle,27,0.2,4,8,57,148,"[1, 2, 15, 3, 13, 16, 26, 21, 7, 25, 23, 24, 11, 22, 9, 12, 10, 5, 17, 8, 19, 20, 4, 14, 6, 18, 0]",9.561559
./random_graph_db/graph_db_node_27/02_p0.2/02_graph_n27_p0.2_idx5.gpickle,27,0.2,5,7,43,114,"[13, 16, 9, 24, 21, 22, 14, 15, 18, 6, 17, 25, 4, 12, 11, 19, 20, 8, 5, 2, 1, 23, 26, 7, 3, 0, 10]",8.3505561
./random_graph_db/graph_db_node_27/02_p0.2/02_graph_n27_p0.2_idx6.gpickle,27,0.2,6,8,61,138,"[26, 16, 18, 3, 15, 22, 7, 19, 4, 20, 6, 14, 11, 8, 25, 2, 10, 0, 12, 5, 13, 24, 17, 1, 21, 9, 23]",9.4680362
./random_graph_db/graph_db_node_27/02_p0.2/02_graph_n27_p0.2_idx7.gpickle,27,0.2,7,9,58,146,"[23, 12, 15, 19, 18, 11, 7, 22, 24, 6, 8, 9, 20, 0, 10, 17, 2, 5, 13, 16, 26, 21, 4, 1, 25, 14, 3]",9.462347
./random_graph_db/graph_db_node_27/02_p0.2/02_graph_n27_p0.2_idx8.gpickle,27,0.2,8,7,51,142,"[26, 23, 16, 19, 20, 21, 15, 13, 6, 5, 14, 18, 24, 10, 9, 2, 17, 3, 8, 1, 7, 11, 22, 0, 4, 25, 12]",7.9743774
./random_graph_db/graph_db_node_27/02_p0.2/02_graph_n27_p0.2_idx9.gpickle,27,0.2,9,9,58,136,"[18, 8, 4, 7, 16, 19, 24, 23, 14, 5, 17, 11, 22, 6, 12, 0, 25, 15, 3, 9, 26, 10, 20, 2, 13, 1, 21]",8.919946
./random_graph_db/graph_db_node_27/03_p0.3/03_graph_n27_p0.3_idx1.gpickle,27,0.3,1,11,106,263,"[21, 24, 23, 1, 5, 11, 0, 3, 18, 14, 12, 25, 8, 19, 26, 13, 16, 7, 10, 6, 2, 15, 4, 17, 20, 9, 22]",11.412704
./random_graph_db/graph_db_node_27/03_p0.3/03_graph_n27_p0.3_idx10.gpickle,27,0.3,10,9,85,199,"[17, 3, 26, 16, 12, 6, 10, 11, 24, 9, 7, 22, 25, 21, 1, 14, 20, 18, 23, 15, 5, 0, 2, 4, 13, 19, 8]",10.9418991
./random_graph_db/graph_db_node_27/03_p0.3/03_graph_n27_p0.3_idx2.gpickle,27,0.3,2,11,109,257,"[19, 12, 9, 18, 10, 1, 26, 20, 24, 25, 2, 21, 7, 0, 11, 3, 8, 13, 16, 14, 5, 17, 23, 22, 6, 4, 15]",11.565588
./random_graph_db/graph_db_node_27/03_p0.3/03_graph_n27_p0.3_idx3.gpickle,27,0.3,3,11,111,248,"[8, 20, 1, 19, 6, 22, 26, 21, 17, 10, 7, 12, 18, 0, 11, 9, 3, 23, 25, 14, 13, 24, 4, 5, 16, 15, 2]",11.7339232
./random_graph_db/graph_db_node_27/03_p0.3/03_graph_n27_p0.3_idx4.gpickle,27,0.3,4,11,106,243,"[5, 13, 11, 19, 12, 7, 0, 3, 15, 4, 20, 10, 9, 2, 23, 26, 25, 22, 16, 14, 17, 24, 18, 8, 6, 1, 21]",11.625917
./random_graph_db/graph_db_node_27/03_p0.3/03_graph_n27_p0.3_idx5.gpickle,27,0.3,5,10,103,246,"[6, 24, 1, 18, 7, 22, 23, 10, 14, 19, 21, 4, 26, 5, 11, 3, 12, 15, 13, 17, 25, 8, 0, 2, 9, 16, 20]",10.9699171
./random_graph_db/graph_db_node_27/03_p0.3/03_graph_n27_p0.3_idx6.gpickle,27,0.3,6,11,120,276,"[24, 7, 19, 26, 12, 4, 5, 0, 20, 17, 8, 6, 16, 10, 3, 13, 14, 23, 11, 18, 25, 15, 9, 22, 21, 2, 1]",11.3771017
./random_graph_db/graph_db_node_27/03_p0.3/03_graph_n27_p0.3_idx7.gpickle,27,0.3,7,11,128,297,"[23, 7, 0, 5, 14, 21, 18, 19, 8, 20, 24, 13, 25, 22, 6, 2, 10, 12, 3, 26, 4, 9, 16, 17, 11, 15, 1]",12.5160198
./random_graph_db/graph_db_node_27/03_p0.3/03_graph_n27_p0.3_idx8.gpickle,27,0.3,8,10,94,229,"[17, 4, 11, 23, 26, 20, 5, 22, 0, 15, 14, 7, 3, 12, 9, 18, 21, 2, 25, 13, 8, 10, 24, 6, 16, 1, 19]",11.0401359
./random_graph_db/graph_db_node_27/03_p0.3/03_graph_n27_p0.3_idx9.gpickle,27,0.3,9,11,123,287,"[18, 15, 13, 7, 22, 14, 8, 4, 5, 26, 10, 1, 23, 11, 6, 19, 3, 9, 0, 24, 16, 2, 20, 25, 12, 17, 21]",14.7476339
./random_graph_db/graph_db_node_27/04_p0.4/04_graph_n27_p0.4_idx1.gpickle,27,0.4,1,11,121,286,"[21, 23, 12, 17, 22, 13, 0, 6, 7, 4, 15, 20, 18, 16, 1, 25, 5, 14, 11, 3, 10, 2, 26, 9, 19, 24, 8]",13.126359
./random_graph_db/graph_db_node_27/04_p0.4/04_graph_n27_p0.4_idx10.gpickle,27,0.4,10,11,128,311,"[14, 13, 25, 24, 6, 7, 19, 12, 15, 8, 4, 9, 23, 3, 1, 17, 2, 10, 0, 21, 18, 11, 5, 22, 26, 20, 16]",12.9681821
./random_graph_db/graph_db_node_27/04_p0.4/04_graph_n27_p0.4_idx2.gpickle,27,0.4,2,11,136,329,"[20, 3, 14, 12, 21, 15, 8, 24, 11, 6, 18, 23, 16, 2, 0, 22, 13, 5, 7, 19, 1, 26, 9, 25, 4, 10, 17]",12.1209149
./random_graph_db/graph_db_node_27/04_p0.4/04_graph_n27_p0.4_idx3.gpickle,27,0.4,3,12,136,305,"[11, 20, 15, 1, 13, 12, 2, 14, 26, 17, 5, 3, 16, 0, 18, 23, 4, 7, 10, 22, 19, 9, 24, 21, 6, 8, 25]",12.5007961
./random_graph_db/graph_db_node_27/04_p0.4/04_graph_n27_p0.4_idx4.gpickle,27,0.4,4,12,123,287,"[13, 21, 24, 16, 5, 20, 8, 15, 10, 4, 19, 9, 12, 25, 7, 26, 1, 22, 11, 6, 3, 2, 23, 0, 14, 17, 18]",12.5154901
./random_graph_db/graph_db_node_27/04_p0.4/04_graph_n27_p0.4_idx5.gpickle,27,0.4,5,11,138,333,"[1, 21, 23, 2, 9, 14, 26, 25, 10, 0, 18, 8, 16, 13, 5, 12, 19, 7, 11, 22, 24, 6, 3, 17, 15, 20, 4]",15.5747449
./random_graph_db/graph_db_node_27/04_p0.4/04_graph_n27_p0.4_idx6.gpickle,27,0.4,6,11,116,267,"[12, 0, 17, 22, 5, 15, 6, 1, 13, 9, 4, 24, 8, 2, 23, 11, 16, 14, 20, 18, 7, 3, 25, 21, 19, 26, 10]",11.9003949
./random_graph_db/graph_db_node_27/04_p0.4/04_graph_n27_p0.4_idx7.gpickle,27,0.4,7,11,137,326,"[25, 0, 8, 6, 19, 7, 1, 5, 11, 15, 2, 4, 9, 20, 18, 26, 10, 12, 23, 21, 3, 17, 13, 22, 14, 16, 24]",12.4873049
./random_graph_db/graph_db_node_27/04_p0.4/04_graph_n27_p0.4_idx8.gpickle,27,0.4,8,12,131,299,"[9, 20, 1, 15, 14, 4, 13, 8, 16, 10, 12, 6, 5, 24, 22, 3, 26, 18, 17, 0, 21, 25, 2, 23, 7, 19, 11]",14.9256618
./random_graph_db/graph_db_node_27/04_p0.4/04_graph_n27_p0.4_idx9.gpickle,27,0.4,9,12,145,331,"[3, 4, 22, 1, 25, 21, 16, 11, 7, 0, 14, 12, 13, 6, 2, 19, 23, 17, 9, 5, 20, 8, 10, 18, 26, 24, 15]",17.38065
./random_graph_db/graph_db_node_27/05_p0.45/05_graph_n27_p0.45_idx1.gpickle,27,0.45,1,12,150,349,"[23, 12, 6, 4, 18, 14, 0, 11, 26, 15, 21, 25, 20, 13, 8, 3, 9, 24, 2, 1, 10, 7, 16, 19, 22, 5, 17]",12.6574888
./random_graph_db/graph_db_node_27/05_p0.45/05_graph_n27_p0.45_idx10.gpickle,27,0.45,10,12,148,345,"[6, 26, 8, 7, 21, 25, 19, 0, 14, 1, 13, 15, 22, 2, 4, 16, 23, 24, 10, 20, 18, 12, 9, 17, 11, 3, 5]",13.2632222
./random_graph_db/graph_db_node_27/05_p0.45/05_graph_n27_p0.45_idx2.gpickle,27,0.45,2,12,140,331,"[2, 25, 18, 0, 9, 3, 21, 12, 10, 5, 7, 19, 1, 8, 24, 20, 26, 15, 23, 4, 16, 22, 14, 6, 17, 13, 11]",13.4368641
./random_graph_db/graph_db_node_27/05_p0.45/05_graph_n27_p0.45_idx3.gpickle,27,0.45,3,12,139,339,"[15, 5, 22, 8, 13, 23, 19, 18, 1, 10, 25, 6, 9, 16, 20, 21, 11, 0, 14, 3, 4, 7, 12, 17, 24, 26, 2]",13.0848122
./random_graph_db/graph_db_node_27/05_p0.45/05_graph_n27_p0.45_idx4.gpickle,27,0.45,4,11,139,335,"[19, 11, 0, 17, 3, 16, 22, 15, 21, 4, 7, 25, 26, 5, 9, 8, 20, 12, 14, 2, 24, 23, 18, 10, 6, 13, 1]",12.5885191
./random_graph_db/graph_db_node_27/05_p0.45/05_graph_n27_p0.45_idx5.gpickle,27,0.45,5,11,124,280,"[24, 22, 1, 2, 9, 17, 13, 21, 19, 26, 23, 18, 14, 4, 7, 16, 12, 5, 15, 25, 6, 8, 10, 0, 20, 11, 3]",12.4082329
./random_graph_db/graph_db_node_27/05_p0.45/05_graph_n27_p0.45_idx6.gpickle,27,0.45,6,12,131,309,"[11, 14, 7, 10, 24, 22, 21, 1, 12, 17, 15, 13, 2, 20, 23, 19, 8, 0, 5, 3, 6, 18, 4, 9, 26, 16, 25]",11.848454
./random_graph_db/graph_db_node_27/05_p0.45/05_graph_n27_p0.45_idx7.gpickle,27,0.45,7,12,136,302,"[12, 7, 24, 14, 15, 2, 21, 22, 8, 11, 26, 4, 6, 19, 18, 25, 9, 1, 3, 10, 13, 16, 23, 0, 5, 20, 17]",22.0162418
./random_graph_db/graph_db_node_27/05_p0.45/05_graph_n27_p0.45_idx8.gpickle,27,0.45,8,12,130,299,"[16, 22, 23, 10, 18, 25, 17, 20, 19, 3, 0, 13, 26, 24, 11, 8, 1, 9, 6, 21, 15, 14, 2, 4, 7, 12, 5]",12.7907362
./random_graph_db/graph_db_node_27/05_p0.45/05_graph_n27_p0.45_idx9.gpickle,27,0.45,9,11,140,316,"[15, 9, 21, 24, 16, 4, 2, 0, 14, 7, 10, 19, 12, 25, 22, 11, 20, 8, 13, 6, 26, 5, 17, 23, 18, 1, 3]",16.1967521
./random_graph_db/graph_db_node_27/06_p0.5/06_graph_n27_p0.5_idx1.gpickle,27,0.5,1,11,128,299,"[26, 2, 8, 14, 13, 9, 19, 4, 1, 20, 12, 18, 7, 16, 25, 17, 3, 23, 0, 11, 5, 10, 24, 22, 21, 6, 15]",12.2419541
./random_graph_db/graph_db_node_27/06_p0.5/06_graph_n27_p0.5_idx10.gpickle,27,0.5,10,12,145,338,"[15, 22, 26, 2, 16, 23, 7, 17, 0, 21, 9, 12, 4, 6, 13, 3, 19, 8, 24, 1, 14, 11, 18, 25, 5, 10, 20]",13.323077
./random_graph_db/graph_db_node_27/06_p0.5/06_graph_n27_p0.5_idx2.gpickle,27,0.5,2,11,122,292,"[19, 14, 13, 15, 16, 21, 18, 4, 17, 1, 2, 26, 25, 8, 9, 0, 7, 10, 20, 24, 11, 22, 6, 5, 23, 3, 12]",12.286217
./random_graph_db/graph_db_node_27/06_p0.5/06_graph_n27_p0.5_idx3.gpickle,27,0.5,3,11,123,295,"[14, 9, 5, 2, 12, 22, 4, 6, 16, 23, 0, 18, 25, 3, 13, 21, 7, 17, 10, 1, 26, 8, 15, 20, 11, 24, 19]",11.9875028
./random_graph_db/graph_db_node_27/06_p0.5/06_graph_n27_p0.5_idx4.gpickle,27,0.5,4,12,138,316,"[25, 17, 16, 22, 1, 20, 19, 0, 14, 12, 11, 18, 21, 5, 24, 13, 23, 6, 8, 15, 2, 26, 9, 3, 10, 7, 4]",12.7105641
./random_graph_db/graph_db_node_27/06_p0.5/06_graph_n27_p0.5_idx5.gpickle,27,0.5,5,12,169,372,"[20, 24, 4, 17, 22, 6, 26, 14, 11, 16, 19, 18, 25, 12, 10, 13, 15, 0, 1, 7, 3, 21, 5, 2, 9, 8, 23]",13.5536568
./random_graph_db/graph_db_node_27/06_p0.5/06_graph_n27_p0.5_idx6.gpickle,27,0.5,6,12,142,332,"[4, 23, 10, 14, 8, 9, 0, 11, 16, 19, 17, 15, 6, 22, 21, 24, 25, 20, 5, 1, 7, 3, 18, 2, 26, 12, 13]",13.092324
./random_graph_db/graph_db_node_27/06_p0.5/06_graph_n27_p0.5_idx7.gpickle,27,0.5,7,11,121,284,"[13, 12, 11, 21, 10, 7, 17, 15, 4, 18, 25, 6, 5, 1, 22, 2, 20, 24, 16, 23, 26, 9, 19, 8, 0, 14, 3]",12.483674
./random_graph_db/graph_db_node_27/06_p0.5/06_graph_n27_p0.5_idx8.gpickle,27,0.5,8,12,137,323,"[19, 1, 6, 5, 21, 10, 16, 2, 18, 25, 11, 0, 7, 22, 15, 3, 12, 9, 14, 20, 26, 8, 13, 4, 17, 23, 24]",13.4366052
./random_graph_db/graph_db_node_27/06_p0.5/06_graph_n27_p0.5_idx9.gpickle,27,0.5,9,12,137,324,"[4, 6, 14, 0, 18, 11, 17, 13, 20, 22, 25, 3, 21, 7, 9, 24, 12, 15, 1, 26, 5, 23, 16, 8, 19, 2, 10]",12.8881669
./random_graph_db/graph_db_node_27/07_p0.55/07_graph_n27_p0.55_idx1.gpickle,27,0.55,1,11,143,342,"[22, 23, 4, 19, 10, 16, 11, 21, 14, 8, 3, 5, 0, 7, 2, 17, 9, 12, 18, 15, 26, 25, 1, 24, 6, 20, 13]",12.9334028
./random_graph_db/graph_db_node_27/07_p0.55/07_graph_n27_p0.55_idx10.gpickle,27,0.55,10,12,142,325,"[26, 23, 5, 0, 1, 17, 8, 10, 22, 25, 21, 16, 12, 20, 7, 6, 4, 15, 18, 19, 9, 24, 11, 14, 3, 2, 13]",12.2105091
./random_graph_db/graph_db_node_27/07_p0.55/07_graph_n27_p0.55_idx2.gpickle,27,0.55,2,11,123,290,"[1, 15, 25, 0, 13, 11, 3, 14, 20, 24, 19, 2, 18, 9, 26, 8, 21, 10, 7, 17, 5, 16, 23, 6, 4, 22, 12]",13.3872859
./random_graph_db/graph_db_node_27/07_p0.55/07_graph_n27_p0.55_idx3.gpickle,27,0.55,3,11,122,279,"[2, 25, 20, 26, 10, 7, 17, 14, 24, 11, 8, 0, 9, 18, 13, 15, 23, 16, 4, 3, 1, 22, 5, 19, 6, 12, 21]",17.701139
./random_graph_db/graph_db_node_27/07_p0.55/07_graph_n27_p0.55_idx4.gpickle,27,0.55,4,12,130,295,"[10, 3, 18, 16, 8, 19, 17, 9, 24, 6, 23, 5, 13, 0, 20, 15, 22, 4, 1, 14, 2, 12, 11, 26, 21, 7, 25]",12.56619
./random_graph_db/graph_db_node_27/07_p0.55/07_graph_n27_p0.55_idx5.gpickle,27,0.55,5,11,131,323,"[22, 21, 13, 5, 4, 11, 10, 14, 16, 7, 3, 19, 6, 25, 23, 20, 18, 12, 26, 2, 24, 8, 0, 17, 9, 15, 1]",12.8233132
./random_graph_db/graph_db_node_27/07_p0.55/07_graph_n27_p0.55_idx6.gpickle,27,0.55,6,12,129,295,"[16, 23, 19, 5, 2, 20, 0, 12, 25, 4, 7, 18, 13, 8, 6, 21, 26, 14, 15, 1, 9, 3, 22, 17, 11, 24, 10]",17.4132991
./random_graph_db/graph_db_node_27/07_p0.55/07_graph_n27_p0.55_idx7.gpickle,27,0.55,7,12,134,318,"[1, 18, 14, 8, 24, 3, 19, 7, 15, 11, 6, 23, 10, 16, 22, 2, 26, 5, 9, 25, 4, 17, 0, 20, 12, 13, 21]",12.9444709
./random_graph_db/graph_db_node_27/07_p0.55/07_graph_n27_p0.55_idx8.gpickle,27,0.55,8,10,117,270,"[1, 13, 6, 0, 3, 9, 15, 5, 20, 17, 11, 19, 14, 26, 24, 18, 25, 23, 4, 2, 8, 21, 7, 22, 12, 10, 16]",12.3625798
./random_graph_db/graph_db_node_27/07_p0.55/07_graph_n27_p0.55_idx9.gpickle,27,0.55,9,12,129,307,"[14, 4, 17, 24, 19, 13, 12, 3, 7, 15, 0, 6, 2, 20, 26, 8, 23, 25, 16, 1, 10, 5, 9, 18, 11, 22, 21]",12.1260519
./random_graph_db/graph_db_node_27/08_p0.6/08_graph_n27_p0.6_idx1.gpickle,27,0.6,1,11,125,298,"[7, 25, 13, 12, 21, 11, 16, 1, 5, 4, 19, 2, 15, 9, 26, 14, 23, 22, 10, 18, 8, 24, 17, 3, 20, 6, 0]",12.5330839
./random_graph_db/graph_db_node_27/08_p0.6/08_graph_n27_p0.6_idx10.gpickle,27,0.6,10,13,142,314,"[2, 7, 3, 10, 15, 12, 11, 16, 19, 13, 14, 20, 0, 1, 25, 22, 21, 9, 18, 8, 6, 4, 26, 5, 23, 17, 24]",12.5667522
./random_graph_db/graph_db_node_27/08_p0.6/08_graph_n27_p0.6_idx2.gpickle,27,0.6,2,11,125,293,"[4, 19, 14, 2, 22, 1, 7, 6, 25, 8, 20, 12, 3, 13, 26, 10, 23, 16, 15, 24, 0, 17, 5, 11, 9, 21, 18]",20.3493891
./random_graph_db/graph_db_node_27/08_p0.6/08_graph_n27_p0.6_idx3.gpickle,27,0.6,3,11,129,307,"[21, 18, 22, 15, 13, 23, 26, 5, 17, 4, 3, 24, 1, 10, 20, 6, 11, 25, 16, 2, 0, 12, 9, 8, 19, 14, 7]",12.5484192
./random_graph_db/graph_db_node_27/08_p0.6/08_graph_n27_p0.6_idx4.gpickle,27,0.6,4,12,131,309,"[15, 8, 11, 7, 18, 5, 0, 24, 25, 17, 4, 23, 2, 26, 22, 10, 6, 3, 16, 13, 19, 14, 21, 20, 1, 12, 9]",12.682873
./random_graph_db/graph_db_node_27/08_p0.6/08_graph_n27_p0.6_idx5.gpickle,27,0.6,5,12,139,328,"[18, 24, 0, 23, 2, 21, 16, 22, 11, 7, 14, 8, 12, 19, 17, 25, 20, 4, 9, 5, 26, 13, 15, 10, 6, 1, 3]",12.3422389
./random_graph_db/graph_db_node_27/08_p0.6/08_graph_n27_p0.6_idx6.gpickle,27,0.6,6,12,133,304,"[15, 24, 16, 26, 21, 10, 17, 5, 19, 8, 0, 25, 23, 4, 1, 11, 3, 13, 9, 18, 7, 14, 6, 2, 20, 22, 12]",12.551136
./random_graph_db/graph_db_node_27/08_p0.6/08_graph_n27_p0.6_idx7.gpickle,27,0.6,7,12,148,338,"[23, 7, 2, 26, 17, 1, 6, 13, 3, 21, 24, 4, 5, 10, 11, 14, 15, 8, 12, 22, 16, 25, 18, 19, 20, 9, 0]",19.5040212
./random_graph_db/graph_db_node_27/08_p0.6/08_graph_n27_p0.6_idx8.gpickle,27,0.6,8,12,142,316,"[21, 23, 25, 17, 10, 2, 13, 24, 3, 7, 12, 19, 1, 8, 14, 6, 4, 15, 22, 26, 9, 0, 20, 5, 16, 18, 11]",12.1606259
./random_graph_db/graph_db_node_27/08_p0.6/08_graph_n27_p0.6_idx9.gpickle,27,0.6,9,11,123,284,"[2, 11, 0, 16, 23, 15, 4, 18, 26, 1, 12, 19, 14, 25, 20, 8, 5, 22, 6, 9, 21, 17, 24, 10, 7, 13, 3]",12.4780221
./random_graph_db/graph_db_node_27/09_p0.65/09_graph_n27_p0.65_idx1.gpickle,27,0.65,1,11,119,271,"[20, 24, 26, 0, 7, 22, 12, 11, 2, 9, 8, 3, 21, 14, 23, 18, 6, 15, 1, 5, 4, 25, 16, 19, 13, 10, 17]",12.280736
./random_graph_db/graph_db_node_27/09_p0.65/09_graph_n27_p0.65_idx10.gpickle,27,0.65,10,12,139,310,"[8, 9, 21, 20, 0, 7, 6, 15, 3, 12, 5, 19, 23, 26, 4, 18, 16, 10, 13, 24, 25, 1, 11, 14, 2, 17, 22]",12.6217129
./random_graph_db/graph_db_node_27/09_p0.65/09_graph_n27_p0.65_idx2.gpickle,27,0.65,2,12,147,322,"[0, 6, 19, 17, 21, 15, 13, 5, 7, 4, 1, 10, 2, 20, 11, 12, 24, 25, 23, 18, 14, 26, 8, 22, 3, 9, 16]",17.6442528
./random_graph_db/graph_db_node_27/09_p0.65/09_graph_n27_p0.65_idx3.gpickle,27,0.65,3,11,108,255,"[12, 3, 6, 4, 19, 7, 20, 16, 11, 10, 25, 23, 22, 5, 15, 14, 2, 17, 26, 8, 21, 18, 0, 24, 1, 13, 9]",12.264127
./random_graph_db/graph_db_node_27/09_p0.65/09_graph_n27_p0.65_idx4.gpickle,27,0.65,4,11,139,334,"[26, 21, 1, 2, 6, 14, 11, 20, 10, 16, 5, 18, 15, 13, 4, 3, 0, 7, 9, 23, 17, 24, 25, 22, 19, 8, 12]",12.768101
./random_graph_db/graph_db_node_27/09_p0.65/09_graph_n27_p0.65_idx5.gpickle,27,0.65,5,10,127,309,"[19, 14, 18, 16, 26, 4, 13, 15, 24, 17, 3, 21, 7, 0, 6, 9, 8, 2, 12, 23, 20, 25, 22, 5, 1, 11, 10]",12.2967579
./random_graph_db/graph_db_node_27/09_p0.65/09_graph_n27_p0.65_idx6.gpickle,27,0.65,6,11,122,309,"[14, 11, 26, 3, 21, 1, 7, 23, 20, 12, 13, 22, 5, 9, 18, 10, 25, 0, 4, 19, 17, 16, 24, 15, 2, 8, 6]",13.2888877
./random_graph_db/graph_db_node_27/09_p0.65/09_graph_n27_p0.65_idx7.gpickle,27,0.65,7,12,133,310,"[7, 20, 15, 5, 26, 13, 16, 4, 24, 14, 23, 10, 9, 21, 22, 19, 1, 12, 17, 11, 0, 8, 25, 18, 3, 2, 6]",12.2344651
./random_graph_db/graph_db_node_27/09_p0.65/09_graph_n27_p0.65_idx8.gpickle,27,0.65,8,12,136,307,"[24, 14, 5, 12, 22, 26, 13, 9, 4, 8, 20, 19, 1, 23, 11, 2, 7, 18, 25, 10, 17, 16, 6, 3, 21, 0, 15]",13.0848293
./random_graph_db/graph_db_node_27/09_p0.65/09_graph_n27_p0.65_idx9.gpickle,27,0.65,9,11,121,282,"[21, 6, 2, 10, 17, 19, 16, 26, 24, 9, 22, 1, 25, 4, 14, 23, 5, 18, 12, 3, 15, 7, 0, 13, 20, 11, 8]",12.1723242
./random_graph_db/graph_db_node_27/10_p0.7/10_graph_n27_p0.7_idx1.gpickle,27,0.7,1,11,128,312,"[19, 8, 2, 16, 14, 15, 11, 10, 26, 0, 5, 4, 7, 20, 25, 1, 21, 17, 18, 24, 13, 9, 22, 6, 23, 12, 3]",11.5761201
./random_graph_db/graph_db_node_27/10_p0.7/10_graph_n27_p0.7_idx10.gpickle,27,0.7,10,11,121,282,"[2, 22, 14, 7, 17, 12, 1, 9, 25, 23, 20, 26, 19, 6, 10, 18, 21, 16, 4, 8, 15, 0, 5, 11, 13, 24, 3]",12.1680257
./random_graph_db/graph_db_node_27/10_p0.7/10_graph_n27_p0.7_idx2.gpickle,27,0.7,2,10,119,290,"[25, 19, 26, 20, 7, 4, 8, 18, 10, 6, 1, 24, 13, 5, 14, 9, 23, 0, 2, 21, 15, 17, 16, 3, 22, 11, 12]",11.557982
./random_graph_db/graph_db_node_27/10_p0.7/10_graph_n27_p0.7_idx3.gpickle,27,0.7,3,11,119,280,"[21, 2, 1, 6, 23, 0, 13, 8, 14, 11, 9, 4, 15, 24, 26, 20, 5, 17, 10, 19, 12, 7, 25, 16, 3, 22, 18]",12.6520028
./random_graph_db/graph_db_node_27/10_p0.7/10_graph_n27_p0.7_idx4.gpickle,27,0.7,4,11,121,287,"[18, 17, 2, 24, 6, 13, 8, 4, 15, 9, 22, 7, 26, 14, 3, 16, 1, 25, 21, 5, 11, 23, 0, 19, 20, 10, 12]",14.2872891
./random_graph_db/graph_db_node_27/10_p0.7/10_graph_n27_p0.7_idx5.gpickle,27,0.7,5,11,137,354,"[14, 25, 17, 11, 5, 1, 19, 3, 2, 18, 21, 13, 12, 0, 24, 9, 10, 26, 16, 8, 22, 15, 6, 23, 4, 20, 7]",13.3035204
./random_graph_db/graph_db_node_27/10_p0.7/10_graph_n27_p0.7_idx6.gpickle,27,0.7,6,11,127,285,"[14, 20, 15, 13, 1, 0, 7, 10, 22, 12, 6, 26, 5, 23, 8, 3, 25, 18, 16, 2, 21, 17, 19, 4, 24, 9, 11]",12.2751753
./random_graph_db/graph_db_node_27/10_p0.7/10_graph_n27_p0.7_idx7.gpickle,27,0.7,7,11,112,267,"[18, 0, 21, 10, 2, 4, 5, 7, 16, 26, 24, 17, 8, 12, 25, 23, 19, 13, 1, 3, 15, 6, 9, 20, 11, 22, 14]",12.4232488
./random_graph_db/graph_db_node_27/10_p0.7/10_graph_n27_p0.7_idx8.gpickle,27,0.7,8,11,110,239,"[2, 20, 16, 11, 9, 15, 19, 1, 10, 26, 17, 12, 8, 25, 5, 13, 0, 3, 18, 21, 14, 4, 6, 24, 22, 23, 7]",11.9118237
./random_graph_db/graph_db_node_27/10_p0.7/10_graph_n27_p0.7_idx9.gpickle,27,0.7,9,11,132,308,"[25, 2, 13, 0, 20, 9, 26, 21, 7, 24, 5, 8, 15, 22, 14, 23, 19, 3, 16, 11, 4, 10, 17, 1, 12, 6, 18]",16.0984588
./random_graph_db/graph_db_node_27/11_p0.8/11_graph_n27_p0.8_idx1.gpickle,27,0.8,1,9,73,183,"[3, 20, 12, 18, 23, 19, 2, 5, 22, 7, 24, 4, 6, 15, 21, 25, 17, 16, 10, 11, 0, 14, 13, 9, 1, 8, 26]",11.051883
./random_graph_db/graph_db_node_27/11_p0.8/11_graph_n27_p0.8_idx10.gpickle,27,0.8,10,9,87,215,"[24, 19, 13, 2, 4, 7, 26, 22, 20, 5, 3, 25, 23, 15, 17, 18, 6, 21, 12, 14, 10, 8, 0, 1, 16, 11, 9]",10.3047051
./random_graph_db/graph_db_node_27/11_p0.8/11_graph_n27_p0.8_idx2.gpickle,27,0.8,2,9,86,216,"[24, 0, 9, 21, 23, 7, 5, 6, 18, 19, 22, 16, 8, 3, 14, 2, 1, 26, 12, 15, 4, 11, 17, 20, 25, 13, 10]",10.4920001
./random_graph_db/graph_db_node_27/11_p0.8/11_graph_n27_p0.8_idx3.gpickle,27,0.8,3,10,96,227,"[26, 11, 19, 5, 17, 3, 18, 15, 4, 12, 16, 1, 9, 8, 10, 21, 23, 25, 2, 6, 13, 7, 20, 24, 0, 14, 22]",11.5918238
./random_graph_db/graph_db_node_27/11_p0.8/11_graph_n27_p0.8_idx4.gpickle,27,0.8,4,10,101,243,"[0, 13, 21, 18, 1, 6, 19, 9, 12, 4, 15, 5, 23, 20, 10, 14, 11, 2, 22, 16, 26, 25, 8, 24, 17, 7, 3]",11.2702572
./random_graph_db/graph_db_node_27/11_p0.8/11_graph_n27_p0.8_idx5.gpickle,27,0.8,5,9,85,202,"[18, 3, 16, 24, 10, 7, 0, 22, 5, 8, 11, 14, 20, 23, 12, 13, 21, 1, 4, 15, 6, 25, 19, 2, 17, 26, 9]",16.359745
./random_graph_db/graph_db_node_27/11_p0.8/11_graph_n27_p0.8_idx6.gpickle,27,0.8,6,8,68,157,"[16, 23, 24, 20, 4, 8, 25, 17, 3, 12, 6, 11, 19, 26, 15, 1, 2, 18, 22, 14, 21, 7, 0, 13, 9, 5, 10]",9.6507907
./random_graph_db/graph_db_node_27/11_p0.8/11_graph_n27_p0.8_idx7.gpickle,27,0.8,7,9,75,170,"[14, 16, 7, 25, 23, 26, 22, 4, 3, 19, 15, 20, 18, 0, 10, 24, 12, 2, 21, 8, 11, 9, 17, 1, 5, 13, 6]",12.8641632
./random_graph_db/graph_db_node_27/11_p0.8/11_graph_n27_p0.8_idx8.gpickle,27,0.8,8,9,67,170,"[7, 8, 22, 9, 21, 10, 11, 1, 23, 20, 3, 12, 13, 18, 6, 4, 24, 25, 14, 5, 15, 17, 26, 19, 2, 16, 0]",9.875767
./random_graph_db/graph_db_node_27/11_p0.8/11_graph_n27_p0.8_idx9.gpickle,27,0.8,9,10,97,240,"[25, 9, 13, 3, 14, 17, 15, 20, 22, 26, 8, 0, 21, 6, 11, 19, 4, 5, 2, 24, 10, 12, 23, 18, 16, 7, 1]",10.9370108
./random_graph_db/graph_db_node_27/12_p0.9/12_graph_n27_p0.9_idx1.gpickle,27,0.9,1,5,36,103,"[2, 13, 14, 6, 5, 9, 25, 12, 18, 19, 20, 22, 7, 8, 16, 23, 10, 15, 24, 21, 26, 17, 1, 11, 4, 0, 3]",7.273809
./random_graph_db/graph_db_node_27/12_p0.9/12_graph_n27_p0.9_idx10.gpickle,27,0.9,10,7,59,165,"[19, 9, 15, 26, 5, 13, 14, 21, 10, 23, 18, 7, 24, 0, 3, 12, 20, 22, 25, 11, 16, 17, 4, 6, 2, 8, 1]",9.0146868
./random_graph_db/graph_db_node_27/12_p0.9/12_graph_n27_p0.9_idx2.gpickle,27,0.9,2,5,39,101,"[18, 22, 24, 13, 4, 23, 5, 1, 3, 9, 2, 17, 19, 21, 11, 6, 14, 20, 26, 0, 8, 25, 16, 7, 15, 10, 12]",7.5229383
./random_graph_db/graph_db_node_27/12_p0.9/12_graph_n27_p0.9_idx3.gpickle,27,0.9,3,7,59,151,"[12, 17, 16, 24, 9, 20, 5, 3, 7, 4, 10, 25, 2, 18, 6, 21, 19, 8, 0, 14, 13, 1, 22, 11, 15, 23, 26]",9.4736493
./random_graph_db/graph_db_node_27/12_p0.9/12_graph_n27_p0.9_idx4.gpickle,27,0.9,4,7,56,131,"[21, 26, 19, 13, 12, 20, 9, 0, 14, 22, 2, 25, 18, 23, 6, 1, 5, 7, 4, 15, 8, 16, 24, 10, 3, 11, 17]",11.9313626
./random_graph_db/graph_db_node_27/12_p0.9/12_graph_n27_p0.9_idx5.gpickle,27,0.9,5,5,24,72,"[7, 19, 9, 5, 22, 1, 11, 10, 15, 17, 26, 13, 16, 2, 12, 18, 0, 24, 3, 25, 21, 6, 4, 20, 14, 23, 8]",6.2205899
./random_graph_db/graph_db_node_27/12_p0.9/12_graph_n27_p0.9_idx6.gpickle,27,0.9,6,5,29,100,"[19, 11, 14, 25, 6, 3, 15, 22, 20, 12, 21, 7, 13, 4, 1, 23, 0, 17, 5, 24, 26, 9, 16, 10, 2, 18, 8]",7.1344981
./random_graph_db/graph_db_node_27/12_p0.9/12_graph_n27_p0.9_idx7.gpickle,27,0.9,7,5,30,93,"[23, 1, 25, 9, 4, 14, 17, 5, 6, 13, 0, 8, 10, 21, 16, 24, 15, 2, 26, 20, 12, 11, 22, 3, 19, 7, 18]",7.103209
./random_graph_db/graph_db_node_27/12_p0.9/12_graph_n27_p0.9_idx8.gpickle,27,0.9,8,6,43,110,"[26, 25, 21, 2, 12, 23, 10, 13, 4, 18, 5, 19, 9, 15, 3, 6, 14, 24, 16, 1, 8, 0, 20, 17, 11, 7, 22]",6.863035
./random_graph_db/graph_db_node_27/12_p0.9/12_graph_n27_p0.9_idx9.gpickle,27,0.9,9,7,55,139,"[12, 1, 11, 5, 7, 21, 16, 25, 19, 23, 2, 10, 4, 20, 24, 6, 14, 18, 22, 13, 3, 26, 9, 0, 15, 17, 8]",8.3823998
./random_graph_db/graph_db_node_28/01_p0.1/01_graph_n28_p0.1_idx1.gpickle,28,0.1,1,6,31,83,"[10, 2, 11, 21, 24, 16, 3, 9, 26, 17, 23, 5, 27, 22, 18, 15, 1, 19, 13, 8, 4, 0, 25, 20, 14, 6, 7, 12]",7.4208772
./random_graph_db/graph_db_node_28/01_p0.1/01_graph_n28_p0.1_idx10.gpickle,28,0.1,10,6,30,76,"[23, 1, 20, 5, 10, 16, 2, 8, 6, 0, 13, 7, 15, 18, 17, 9, 22, 11, 24, 14, 3, 27, 4, 25, 19, 21, 26, 12]",7.2844689
./random_graph_db/graph_db_node_28/01_p0.1/01_graph_n28_p0.1_idx2.gpickle,28,0.1,2,4,13,68,"[1, 0, 16, 23, 19, 22, 18, 14, 21, 15, 4, 6, 20, 9, 3, 25, 24, 8, 10, 11, 12, 7, 5, 27, 26, 17, 2, 13]",5.5637789
./random_graph_db/graph_db_node_28/01_p0.1/01_graph_n28_p0.1_idx3.gpickle,28,0.1,3,5,25,87,"[9, 19, 8, 4, 7, 17, 12, 27, 23, 14, 24, 21, 13, 16, 1, 20, 2, 0, 26, 15, 22, 25, 5, 18, 3, 6, 10, 11]",6.8375571
./random_graph_db/graph_db_node_28/01_p0.1/01_graph_n28_p0.1_idx4.gpickle,28,0.1,4,5,17,76,"[18, 6, 16, 1, 21, 23, 0, 14, 22, 25, 2, 4, 27, 8, 12, 11, 13, 17, 7, 9, 10, 19, 26, 24, 15, 5, 3, 20]",6.8198898
./random_graph_db/graph_db_node_28/01_p0.1/01_graph_n28_p0.1_idx5.gpickle,28,0.1,5,5,14,55,"[11, 14, 20, 17, 10, 7, 25, 8, 27, 19, 16, 21, 26, 12, 9, 6, 15, 3, 1, 4, 2, 18, 23, 0, 13, 5, 22, 24]",6.3873572
./random_graph_db/graph_db_node_28/01_p0.1/01_graph_n28_p0.1_idx6.gpickle,28,0.1,6,5,20,61,"[8, 5, 25, 24, 12, 6, 16, 23, 19, 7, 3, 10, 27, 20, 15, 14, 21, 0, 11, 4, 2, 26, 17, 13, 1, 18, 9, 22]",6.0713639
./random_graph_db/graph_db_node_28/01_p0.1/01_graph_n28_p0.1_idx7.gpickle,28,0.1,7,7,32,111,"[4, 20, 19, 22, 7, 5, 12, 0, 11, 2, 9, 18, 14, 10, 23, 26, 1, 25, 21, 8, 6, 13, 17, 15, 3, 24, 27, 16]",9.7070279
./random_graph_db/graph_db_node_28/01_p0.1/01_graph_n28_p0.1_idx8.gpickle,28,0.1,8,3,12,52,"[3, 24, 23, 18, 25, 12, 4, 26, 16, 22, 19, 1, 15, 14, 6, 13, 7, 27, 20, 21, 11, 10, 5, 8, 2, 9, 0, 17]",5.884115
./random_graph_db/graph_db_node_28/01_p0.1/01_graph_n28_p0.1_idx9.gpickle,28,0.1,9,6,19,66,"[7, 11, 14, 25, 23, 24, 15, 10, 5, 4, 3, 16, 20, 22, 13, 0, 18, 1, 9, 19, 27, 26, 17, 12, 6, 21, 8, 2]",6.858386
./random_graph_db/graph_db_node_28/02_p0.2/02_graph_n28_p0.2_idx1.gpickle,28,0.2,1,8,65,173,"[21, 24, 25, 27, 26, 18, 12, 16, 9, 15, 17, 10, 14, 7, 1, 4, 5, 0, 8, 2, 11, 3, 19, 22, 23, 13, 6, 20]",9.9326122
./random_graph_db/graph_db_node_28/02_p0.2/02_graph_n28_p0.2_idx10.gpickle,28,0.2,10,10,86,197,"[13, 4, 27, 8, 10, 20, 25, 15, 18, 2, 3, 17, 7, 9, 5, 6, 11, 1, 14, 0, 19, 23, 22, 26, 12, 16, 24, 21]",10.65201
./random_graph_db/graph_db_node_28/02_p0.2/02_graph_n28_p0.2_idx2.gpickle,28,0.2,2,9,74,191,"[20, 27, 14, 17, 23, 9, 1, 5, 24, 8, 10, 26, 16, 11, 3, 22, 21, 15, 19, 2, 4, 13, 18, 25, 12, 0, 7, 6]",10.7844417
./random_graph_db/graph_db_node_28/02_p0.2/02_graph_n28_p0.2_idx3.gpickle,28,0.2,3,11,80,178,"[18, 13, 2, 23, 0, 25, 4, 27, 24, 16, 15, 6, 20, 5, 22, 14, 9, 12, 7, 26, 8, 21, 11, 10, 3, 1, 17, 19]",12.2087061
./random_graph_db/graph_db_node_28/02_p0.2/02_graph_n28_p0.2_idx4.gpickle,28,0.2,4,7,57,156,"[15, 20, 2, 23, 21, 5, 13, 22, 10, 17, 24, 8, 16, 19, 12, 9, 25, 27, 26, 11, 6, 3, 4, 7, 18, 14, 0, 1]",9.2130067
./random_graph_db/graph_db_node_28/02_p0.2/02_graph_n28_p0.2_idx5.gpickle,28,0.2,5,10,78,162,"[9, 2, 24, 10, 25, 0, 3, 27, 13, 15, 17, 12, 20, 22, 23, 7, 4, 6, 19, 11, 26, 16, 5, 1, 14, 8, 18, 21]",13.322108
./random_graph_db/graph_db_node_28/02_p0.2/02_graph_n28_p0.2_idx6.gpickle,28,0.2,6,9,56,145,"[0, 23, 1, 25, 24, 18, 4, 14, 20, 16, 11, 2, 27, 9, 5, 10, 8, 12, 15, 7, 17, 3, 22, 21, 13, 26, 19, 6]",9.2902191
./random_graph_db/graph_db_node_28/02_p0.2/02_graph_n28_p0.2_idx7.gpickle,28,0.2,7,8,74,178,"[16, 23, 4, 21, 0, 13, 22, 2, 17, 9, 14, 12, 15, 27, 8, 24, 11, 10, 7, 18, 20, 26, 5, 25, 3, 1, 6, 19]",9.9957581
./random_graph_db/graph_db_node_28/02_p0.2/02_graph_n28_p0.2_idx8.gpickle,28,0.2,8,8,54,133,"[1, 16, 5, 8, 14, 19, 3, 25, 13, 27, 26, 20, 17, 2, 12, 11, 18, 6, 4, 15, 7, 10, 0, 24, 23, 21, 9, 22]",10.3406768
./random_graph_db/graph_db_node_28/02_p0.2/02_graph_n28_p0.2_idx9.gpickle,28,0.2,9,9,84,187,"[25, 15, 4, 7, 10, 0, 1, 26, 17, 9, 23, 8, 24, 3, 13, 14, 22, 27, 19, 12, 11, 5, 20, 6, 21, 2, 18, 16]",10.4309232
./random_graph_db/graph_db_node_28/03_p0.3/03_graph_n28_p0.3_idx1.gpickle,28,0.3,1,11,106,246,"[19, 9, 27, 13, 26, 10, 17, 14, 15, 4, 16, 7, 2, 1, 18, 11, 21, 12, 0, 25, 22, 8, 6, 23, 3, 5, 24, 20]",12.9288828
./random_graph_db/graph_db_node_28/03_p0.3/03_graph_n28_p0.3_idx10.gpickle,28,0.3,10,12,119,283,"[17, 9, 20, 3, 15, 7, 23, 21, 12, 8, 6, 1, 16, 14, 19, 24, 5, 10, 2, 11, 13, 27, 26, 22, 4, 0, 18, 25]",12.2644
./random_graph_db/graph_db_node_28/03_p0.3/03_graph_n28_p0.3_idx2.gpickle,28,0.3,2,10,131,316,"[6, 26, 1, 12, 15, 21, 2, 8, 25, 10, 9, 18, 14, 0, 5, 24, 22, 19, 20, 11, 7, 23, 4, 27, 17, 16, 3, 13]",13.4905519
./random_graph_db/graph_db_node_28/03_p0.3/03_graph_n28_p0.3_idx3.gpickle,28,0.3,3,11,128,288,"[2, 21, 14, 7, 3, 13, 5, 10, 4, 11, 20, 15, 22, 0, 6, 18, 26, 12, 8, 27, 9, 25, 17, 24, 19, 1, 16, 23]",14.1751339
./random_graph_db/graph_db_node_28/03_p0.3/03_graph_n28_p0.3_idx4.gpickle,28,0.3,4,12,125,290,"[17, 10, 23, 14, 21, 11, 24, 2, 16, 4, 25, 5, 6, 15, 27, 3, 22, 13, 0, 18, 20, 1, 12, 9, 8, 26, 7, 19]",12.941622
./random_graph_db/graph_db_node_28/03_p0.3/03_graph_n28_p0.3_idx5.gpickle,28,0.3,5,11,133,280,"[23, 0, 14, 16, 2, 7, 3, 15, 25, 20, 10, 21, 12, 5, 9, 4, 18, 17, 26, 8, 11, 27, 1, 22, 13, 24, 6, 19]",13.3133652
./random_graph_db/graph_db_node_28/03_p0.3/03_graph_n28_p0.3_idx6.gpickle,28,0.3,6,11,118,277,"[22, 2, 16, 9, 14, 0, 27, 11, 17, 13, 12, 25, 7, 26, 3, 24, 6, 18, 23, 15, 10, 5, 4, 19, 8, 20, 21, 1]",14.287565
./random_graph_db/graph_db_node_28/03_p0.3/03_graph_n28_p0.3_idx7.gpickle,28,0.3,7,11,125,295,"[15, 1, 3, 24, 17, 7, 14, 21, 13, 4, 5, 26, 25, 18, 27, 0, 11, 12, 23, 20, 2, 8, 16, 9, 6, 22, 19, 10]",13.8866322
./random_graph_db/graph_db_node_28/03_p0.3/03_graph_n28_p0.3_idx8.gpickle,28,0.3,8,10,95,236,"[15, 18, 24, 16, 1, 20, 5, 2, 19, 6, 11, 14, 3, 8, 10, 25, 9, 23, 12, 21, 7, 0, 17, 4, 26, 13, 27, 22]",11.8091779
./random_graph_db/graph_db_node_28/03_p0.3/03_graph_n28_p0.3_idx9.gpickle,28,0.3,9,11,125,321,"[4, 18, 25, 10, 17, 12, 16, 6, 22, 24, 14, 19, 26, 8, 20, 15, 5, 23, 2, 0, 13, 27, 3, 7, 21, 9, 1, 11]",13.7470369
./random_graph_db/graph_db_node_28/04_p0.4/04_graph_n28_p0.4_idx1.gpickle,28,0.4,1,12,139,321,"[8, 23, 3, 26, 22, 1, 2, 19, 7, 25, 6, 0, 14, 11, 13, 16, 10, 15, 20, 21, 12, 27, 9, 18, 4, 24, 17, 5]",14.6562233
./random_graph_db/graph_db_node_28/04_p0.4/04_graph_n28_p0.4_idx10.gpickle,28,0.4,10,11,144,332,"[13, 26, 24, 15, 11, 5, 25, 23, 0, 17, 4, 10, 20, 9, 2, 6, 14, 3, 18, 19, 12, 27, 7, 21, 22, 8, 1, 16]",13.7863197
./random_graph_db/graph_db_node_28/04_p0.4/04_graph_n28_p0.4_idx2.gpickle,28,0.4,2,12,147,348,"[18, 3, 24, 5, 9, 21, 8, 0, 15, 22, 14, 2, 20, 1, 16, 6, 10, 7, 17, 27, 4, 12, 25, 11, 26, 23, 19, 13]",25.6114223
./random_graph_db/graph_db_node_28/04_p0.4/04_graph_n28_p0.4_idx3.gpickle,28,0.4,3,12,137,319,"[12, 1, 9, 25, 10, 26, 24, 2, 18, 0, 6, 13, 16, 19, 23, 14, 8, 27, 21, 15, 5, 11, 3, 7, 4, 22, 20, 17]",13.7816961
./random_graph_db/graph_db_node_28/04_p0.4/04_graph_n28_p0.4_idx4.gpickle,28,0.4,4,12,146,351,"[2, 0, 13, 21, 14, 4, 18, 15, 25, 27, 5, 26, 7, 1, 23, 8, 22, 20, 9, 3, 17, 6, 19, 24, 12, 10, 11, 16]",13.7575083
./random_graph_db/graph_db_node_28/04_p0.4/04_graph_n28_p0.4_idx5.gpickle,28,0.4,5,12,131,303,"[1, 13, 18, 25, 12, 22, 7, 15, 27, 10, 19, 3, 4, 23, 8, 5, 0, 26, 20, 11, 17, 16, 14, 21, 6, 2, 24, 9]",13.685149
./random_graph_db/graph_db_node_28/04_p0.4/04_graph_n28_p0.4_idx6.gpickle,28,0.4,6,12,157,363,"[25, 16, 14, 22, 13, 23, 24, 27, 4, 2, 8, 10, 1, 20, 15, 21, 17, 18, 26, 5, 9, 12, 7, 19, 11, 6, 3, 0]",14.7238219
./random_graph_db/graph_db_node_28/04_p0.4/04_graph_n28_p0.4_idx7.gpickle,28,0.4,7,12,118,292,"[17, 27, 12, 21, 0, 10, 23, 9, 2, 18, 6, 1, 20, 13, 26, 3, 4, 14, 16, 24, 5, 8, 15, 22, 25, 7, 11, 19]",14.037184
./random_graph_db/graph_db_node_28/04_p0.4/04_graph_n28_p0.4_idx8.gpickle,28,0.4,8,11,138,307,"[1, 22, 14, 10, 26, 0, 23, 2, 4, 19, 21, 11, 24, 25, 16, 27, 15, 13, 7, 8, 18, 5, 17, 12, 20, 3, 6, 9]",13.95698
./random_graph_db/graph_db_node_28/04_p0.4/04_graph_n28_p0.4_idx9.gpickle,28,0.4,9,11,129,291,"[26, 11, 10, 17, 7, 2, 22, 14, 20, 8, 12, 5, 21, 23, 24, 16, 15, 0, 6, 27, 9, 25, 1, 19, 18, 13, 4, 3]",13.6104338
./random_graph_db/graph_db_node_28/05_p0.45/05_graph_n28_p0.45_idx1.gpickle,28,0.45,1,12,135,306,"[20, 15, 3, 14, 23, 11, 19, 9, 27, 25, 7, 13, 22, 4, 5, 2, 12, 24, 18, 26, 0, 16, 21, 1, 17, 6, 8, 10]",14.483104
./random_graph_db/graph_db_node_28/05_p0.45/05_graph_n28_p0.45_idx10.gpickle,28,0.45,10,11,129,303,"[3, 27, 12, 13, 9, 6, 20, 22, 21, 11, 5, 16, 24, 23, 18, 7, 8, 15, 2, 10, 19, 4, 1, 26, 0, 25, 14, 17]",13.692812
./random_graph_db/graph_db_node_28/05_p0.45/05_graph_n28_p0.45_idx2.gpickle,28,0.45,2,12,149,327,"[25, 14, 21, 3, 11, 2, 18, 20, 6, 13, 7, 10, 23, 19, 4, 9, 17, 5, 24, 8, 16, 22, 15, 12, 26, 1, 0, 27]",14.6945081
./random_graph_db/graph_db_node_28/05_p0.45/05_graph_n28_p0.45_idx3.gpickle,28,0.45,3,11,163,387,"[17, 21, 0, 2, 23, 10, 20, 15, 14, 13, 9, 24, 4, 6, 3, 7, 18, 8, 1, 26, 19, 16, 5, 25, 22, 11, 12, 27]",14.5798049
./random_graph_db/graph_db_node_28/05_p0.45/05_graph_n28_p0.45_idx4.gpickle,28,0.45,4,12,161,355,"[11, 26, 9, 2, 22, 4, 3, 20, 17, 27, 1, 18, 8, 24, 25, 12, 21, 13, 23, 6, 16, 14, 0, 7, 5, 19, 10, 15]",14.0136399
./random_graph_db/graph_db_node_28/05_p0.45/05_graph_n28_p0.45_idx5.gpickle,28,0.45,5,11,133,306,"[14, 6, 16, 11, 12, 2, 25, 8, 13, 22, 20, 24, 21, 10, 0, 4, 3, 19, 5, 9, 26, 23, 17, 18, 15, 27, 7, 1]",13.9861131
./random_graph_db/graph_db_node_28/05_p0.45/05_graph_n28_p0.45_idx6.gpickle,28,0.45,6,12,151,344,"[11, 26, 16, 15, 18, 24, 2, 27, 4, 0, 7, 21, 19, 10, 25, 5, 1, 22, 12, 17, 3, 20, 9, 14, 8, 6, 23, 13]",14.0926452
./random_graph_db/graph_db_node_28/05_p0.45/05_graph_n28_p0.45_idx7.gpickle,28,0.45,7,11,148,350,"[17, 22, 8, 16, 9, 14, 25, 10, 7, 4, 1, 24, 12, 20, 13, 18, 11, 15, 19, 5, 6, 2, 23, 21, 0, 27, 26, 3]",13.7402239
./random_graph_db/graph_db_node_28/05_p0.45/05_graph_n28_p0.45_idx8.gpickle,28,0.45,8,12,146,342,"[8, 0, 24, 25, 20, 14, 5, 19, 16, 9, 27, 1, 17, 4, 18, 6, 23, 3, 15, 12, 11, 13, 10, 21, 26, 22, 7, 2]",13.6282561
./random_graph_db/graph_db_node_28/05_p0.45/05_graph_n28_p0.45_idx9.gpickle,28,0.45,9,12,142,327,"[27, 16, 7, 1, 19, 5, 15, 9, 24, 21, 17, 23, 18, 4, 25, 10, 26, 22, 13, 6, 11, 2, 8, 3, 12, 0, 14, 20]",14.6560502
./random_graph_db/graph_db_node_28/06_p0.5/06_graph_n28_p0.5_idx1.gpickle,28,0.5,1,12,138,307,"[10, 11, 16, 19, 12, 7, 20, 13, 23, 9, 24, 3, 0, 2, 15, 17, 4, 1, 8, 5, 21, 22, 14, 25, 26, 18, 6, 27]",13.763171
./random_graph_db/graph_db_node_28/06_p0.5/06_graph_n28_p0.5_idx10.gpickle,28,0.5,10,12,153,355,"[3, 17, 15, 25, 4, 11, 7, 0, 24, 12, 5, 27, 13, 9, 23, 22, 10, 16, 2, 1, 6, 8, 20, 21, 14, 26, 18, 19]",14.5706613
./random_graph_db/graph_db_node_28/06_p0.5/06_graph_n28_p0.5_idx2.gpickle,28,0.5,2,11,129,319,"[14, 0, 7, 10, 4, 3, 23, 8, 13, 5, 11, 1, 6, 15, 25, 18, 24, 12, 9, 2, 27, 20, 21, 26, 19, 16, 22, 17]",13.8062892
./random_graph_db/graph_db_node_28/06_p0.5/06_graph_n28_p0.5_idx3.gpickle,28,0.5,3,12,126,291,"[2, 23, 1, 15, 25, 11, 24, 21, 19, 20, 17, 6, 5, 18, 12, 13, 8, 22, 16, 4, 10, 27, 3, 0, 14, 26, 7, 9]",14.6364799
./random_graph_db/graph_db_node_28/06_p0.5/06_graph_n28_p0.5_idx4.gpickle,28,0.5,4,11,144,349,"[15, 23, 10, 5, 26, 20, 8, 9, 17, 12, 13, 16, 7, 18, 4, 22, 0, 6, 1, 3, 19, 27, 21, 25, 11, 24, 14, 2]",14.8014169
./random_graph_db/graph_db_node_28/06_p0.5/06_graph_n28_p0.5_idx5.gpickle,28,0.5,5,11,142,318,"[2, 3, 17, 27, 25, 1, 19, 7, 23, 13, 16, 8, 24, 26, 15, 20, 0, 21, 22, 4, 6, 12, 11, 14, 5, 10, 18, 9]",15.2678912
./random_graph_db/graph_db_node_28/06_p0.5/06_graph_n28_p0.5_idx6.gpickle,28,0.5,6,12,141,316,"[13, 10, 8, 18, 26, 22, 7, 17, 27, 16, 15, 2, 25, 12, 6, 24, 1, 21, 0, 9, 20, 19, 14, 5, 11, 3, 4, 23]",14.1641371
./random_graph_db/graph_db_node_28/06_p0.5/06_graph_n28_p0.5_idx7.gpickle,28,0.5,7,11,147,355,"[22, 24, 0, 6, 19, 26, 25, 11, 13, 8, 20, 27, 14, 10, 15, 18, 12, 17, 23, 2, 5, 16, 4, 3, 9, 1, 21, 7]",15.3073268
./random_graph_db/graph_db_node_28/06_p0.5/06_graph_n28_p0.5_idx8.gpickle,28,0.5,8,11,143,355,"[17, 22, 10, 16, 14, 26, 20, 13, 27, 7, 2, 19, 21, 6, 18, 3, 11, 8, 0, 1, 4, 24, 9, 25, 23, 15, 12, 5]",18.7916191
./random_graph_db/graph_db_node_28/06_p0.5/06_graph_n28_p0.5_idx9.gpickle,28,0.5,9,12,158,374,"[13, 4, 24, 18, 7, 16, 11, 0, 23, 12, 26, 19, 2, 21, 20, 1, 22, 3, 10, 6, 5, 27, 15, 8, 14, 9, 25, 17]",18.6196327
./random_graph_db/graph_db_node_28/07_p0.55/07_graph_n28_p0.55_idx1.gpickle,28,0.55,1,12,152,356,"[23, 9, 8, 17, 22, 19, 27, 12, 16, 21, 3, 1, 24, 7, 4, 0, 15, 11, 2, 5, 13, 10, 20, 26, 25, 14, 18, 6]",21.446842
./random_graph_db/graph_db_node_28/07_p0.55/07_graph_n28_p0.55_idx10.gpickle,28,0.55,10,11,143,342,"[17, 19, 13, 12, 21, 24, 1, 0, 14, 5, 22, 15, 18, 26, 20, 9, 6, 16, 10, 2, 7, 3, 4, 8, 25, 27, 23, 11]",14.4623952
./random_graph_db/graph_db_node_28/07_p0.55/07_graph_n28_p0.55_idx2.gpickle,28,0.55,2,12,128,279,"[12, 16, 27, 20, 17, 8, 9, 26, 10, 21, 23, 15, 3, 22, 19, 2, 7, 6, 18, 13, 14, 0, 1, 24, 5, 11, 25, 4]",14.1838329
./random_graph_db/graph_db_node_28/07_p0.55/07_graph_n28_p0.55_idx3.gpickle,28,0.55,3,11,146,338,"[26, 1, 25, 19, 27, 0, 22, 4, 2, 13, 18, 24, 12, 14, 8, 9, 17, 10, 16, 11, 3, 23, 5, 7, 20, 15, 21, 6]",14.5873132
./random_graph_db/graph_db_node_28/07_p0.55/07_graph_n28_p0.55_idx4.gpickle,28,0.55,4,12,137,317,"[10, 17, 26, 22, 1, 23, 16, 20, 18, 9, 8, 4, 24, 19, 5, 12, 21, 27, 11, 0, 14, 15, 3, 13, 7, 2, 6, 25]",14.0888288
./random_graph_db/graph_db_node_28/07_p0.55/07_graph_n28_p0.55_idx5.gpickle,28,0.55,5,12,150,343,"[7, 23, 3, 0, 21, 12, 25, 19, 18, 11, 8, 5, 22, 26, 20, 14, 24, 17, 1, 2, 16, 27, 4, 6, 13, 10, 9, 15]",13.7538829
./random_graph_db/graph_db_node_28/07_p0.55/07_graph_n28_p0.55_idx6.gpickle,28,0.55,6,11,140,335,"[23, 9, 0, 20, 22, 5, 2, 19, 13, 15, 27, 25, 21, 16, 24, 1, 11, 6, 4, 12, 7, 18, 3, 10, 14, 26, 17, 8]",13.2788401
./random_graph_db/graph_db_node_28/07_p0.55/07_graph_n28_p0.55_idx7.gpickle,28,0.55,7,11,143,352,"[14, 9, 6, 2, 24, 4, 1, 23, 0, 11, 22, 19, 18, 26, 25, 20, 3, 12, 17, 5, 13, 10, 8, 7, 27, 21, 16, 15]",17.5659101
./random_graph_db/graph_db_node_28/07_p0.55/07_graph_n28_p0.55_idx8.gpickle,28,0.55,8,13,147,313,"[24, 7, 6, 23, 13, 15, 17, 4, 1, 11, 10, 16, 19, 12, 14, 26, 2, 22, 0, 18, 3, 8, 21, 5, 25, 20, 27, 9]",15.3081591
./random_graph_db/graph_db_node_28/07_p0.55/07_graph_n28_p0.55_idx9.gpickle,28,0.55,9,12,149,362,"[19, 18, 0, 16, 15, 25, 20, 12, 8, 23, 10, 2, 21, 17, 22, 27, 6, 9, 14, 13, 24, 7, 3, 5, 1, 26, 4, 11]",14.6552041
./random_graph_db/graph_db_node_28/08_p0.6/08_graph_n28_p0.6_idx1.gpickle,28,0.6,1,12,141,305,"[17, 23, 19, 13, 22, 4, 1, 16, 20, 12, 5, 2, 24, 6, 9, 26, 10, 7, 0, 18, 25, 11, 14, 15, 8, 21, 3, 27]",20.5610349
./random_graph_db/graph_db_node_28/08_p0.6/08_graph_n28_p0.6_idx10.gpickle,28,0.6,10,11,141,338,"[20, 15, 17, 12, 18, 6, 1, 4, 19, 23, 27, 9, 3, 2, 25, 22, 26, 24, 8, 7, 13, 14, 16, 0, 10, 11, 21, 5]",16.7052081
./random_graph_db/graph_db_node_28/08_p0.6/08_graph_n28_p0.6_idx2.gpickle,28,0.6,2,12,140,321,"[2, 7, 26, 24, 10, 4, 27, 13, 21, 12, 11, 20, 1, 18, 3, 19, 6, 9, 15, 5, 23, 0, 8, 17, 22, 16, 14, 25]",18.6780901
./random_graph_db/graph_db_node_28/08_p0.6/08_graph_n28_p0.6_idx3.gpickle,28,0.6,3,12,147,361,"[0, 4, 25, 1, 19, 26, 22, 16, 21, 7, 14, 3, 18, 23, 2, 9, 20, 12, 27, 24, 8, 13, 6, 10, 15, 5, 17, 11]",21.5584271
./random_graph_db/graph_db_node_28/08_p0.6/08_graph_n28_p0.6_idx4.gpickle,28,0.6,4,11,146,348,"[15, 27, 11, 13, 0, 5, 9, 3, 16, 26, 20, 2, 23, 6, 12, 18, 8, 4, 7, 10, 24, 14, 17, 1, 25, 22, 19, 21]",18.0789208
./random_graph_db/graph_db_node_28/08_p0.6/08_graph_n28_p0.6_idx5.gpickle,28,0.6,5,12,144,319,"[6, 17, 2, 5, 16, 19, 26, 11, 20, 10, 0, 3, 4, 23, 22, 14, 8, 9, 7, 25, 15, 18, 12, 1, 13, 27, 21, 24]",13.8092549
./random_graph_db/graph_db_node_28/08_p0.6/08_graph_n28_p0.6_idx6.gpickle,28,0.6,6,12,145,337,"[0, 4, 5, 18, 23, 26, 19, 24, 20, 16, 3, 22, 11, 21, 9, 14, 27, 2, 8, 25, 15, 7, 17, 1, 12, 10, 13, 6]",14.303339
./random_graph_db/graph_db_node_28/08_p0.6/08_graph_n28_p0.6_idx7.gpickle,28,0.6,7,12,142,300,"[14, 8, 20, 26, 24, 2, 5, 9, 3, 27, 25, 1, 19, 18, 22, 0, 6, 15, 7, 13, 11, 4, 23, 16, 17, 12, 10, 21]",17.3540711
./random_graph_db/graph_db_node_28/08_p0.6/08_graph_n28_p0.6_idx8.gpickle,28,0.6,8,11,143,326,"[2, 6, 9, 22, 16, 14, 7, 5, 3, 1, 21, 24, 10, 26, 8, 18, 12, 13, 0, 20, 23, 25, 19, 11, 27, 17, 15, 4]",13.657445
./random_graph_db/graph_db_node_28/08_p0.6/08_graph_n28_p0.6_idx9.gpickle,28,0.6,9,12,140,334,"[12, 15, 16, 5, 18, 8, 11, 22, 20, 1, 21, 7, 17, 3, 13, 2, 25, 26, 6, 9, 0, 23, 27, 14, 24, 10, 19, 4]",14.0191162
./random_graph_db/graph_db_node_28/09_p0.65/09_graph_n28_p0.65_idx1.gpickle,28,0.65,1,12,142,316,"[21, 2, 25, 0, 27, 13, 26, 24, 9, 10, 7, 12, 18, 14, 1, 6, 23, 8, 22, 17, 5, 3, 16, 19, 15, 20, 4, 11]",14.4558589
./random_graph_db/graph_db_node_28/09_p0.65/09_graph_n28_p0.65_idx10.gpickle,28,0.65,10,13,162,355,"[9, 6, 10, 18, 15, 8, 22, 14, 21, 20, 23, 19, 16, 25, 2, 1, 26, 12, 4, 17, 3, 5, 27, 0, 24, 7, 13, 11]",14.4669819
./random_graph_db/graph_db_node_28/09_p0.65/09_graph_n28_p0.65_idx2.gpickle,28,0.65,2,12,157,365,"[21, 6, 15, 23, 24, 14, 26, 20, 9, 16, 8, 2, 11, 7, 25, 12, 5, 4, 27, 13, 3, 17, 0, 18, 22, 19, 1, 10]",14.6078491
./random_graph_db/graph_db_node_28/09_p0.65/09_graph_n28_p0.65_idx3.gpickle,28,0.65,3,11,137,319,"[15, 0, 22, 24, 6, 25, 16, 20, 12, 26, 5, 11, 1, 19, 13, 2, 3, 4, 14, 7, 27, 18, 9, 23, 10, 17, 21, 8]",13.899338
./random_graph_db/graph_db_node_28/09_p0.65/09_graph_n28_p0.65_idx4.gpickle,28,0.65,4,12,145,348,"[17, 15, 19, 2, 14, 8, 27, 4, 20, 12, 26, 9, 23, 7, 11, 6, 5, 16, 3, 1, 13, 22, 18, 21, 10, 24, 0, 25]",14.1524439
./random_graph_db/graph_db_node_28/09_p0.65/09_graph_n28_p0.65_idx5.gpickle,28,0.65,5,12,150,335,"[5, 18, 17, 10, 11, 20, 19, 26, 8, 4, 24, 14, 23, 15, 16, 9, 21, 2, 25, 22, 1, 27, 12, 6, 3, 7, 13, 0]",14.1518791
./random_graph_db/graph_db_node_28/09_p0.65/09_graph_n28_p0.65_idx6.gpickle,28,0.65,6,12,153,371,"[25, 17, 27, 11, 15, 8, 13, 10, 20, 22, 16, 9, 7, 18, 14, 3, 1, 6, 0, 2, 23, 24, 21, 4, 26, 12, 5, 19]",13.6347709
./random_graph_db/graph_db_node_28/09_p0.65/09_graph_n28_p0.65_idx7.gpickle,28,0.65,7,11,140,331,"[8, 21, 25, 0, 11, 13, 23, 20, 24, 27, 26, 15, 6, 7, 2, 14, 10, 22, 19, 16, 4, 18, 17, 12, 5, 9, 1, 3]",14.0914271
./random_graph_db/graph_db_node_28/09_p0.65/09_graph_n28_p0.65_idx8.gpickle,28,0.65,8,12,158,352,"[23, 9, 19, 26, 6, 17, 27, 5, 10, 15, 4, 13, 7, 20, 3, 14, 1, 18, 8, 24, 22, 11, 21, 25, 12, 2, 16, 0]",15.0057201
./random_graph_db/graph_db_node_28/09_p0.65/09_graph_n28_p0.65_idx9.gpickle,28,0.65,9,12,149,338,"[27, 15, 7, 1, 19, 2, 14, 21, 4, 8, 17, 26, 16, 22, 13, 23, 25, 18, 24, 3, 10, 0, 12, 20, 5, 11, 6, 9]",14.308126
./random_graph_db/graph_db_node_28/10_p0.7/10_graph_n28_p0.7_idx1.gpickle,28,0.7,1,11,125,288,"[9, 25, 21, 7, 4, 12, 8, 22, 16, 13, 3, 0, 14, 2, 26, 17, 5, 11, 24, 20, 27, 23, 18, 15, 10, 1, 6, 19]",12.958128
./random_graph_db/graph_db_node_28/10_p0.7/10_graph_n28_p0.7_idx10.gpickle,28,0.7,10,12,147,328,"[20, 27, 9, 2, 10, 19, 22, 8, 17, 5, 0, 12, 23, 18, 13, 4, 6, 15, 26, 3, 16, 21, 1, 7, 25, 14, 24, 11]",15.230212
./random_graph_db/graph_db_node_28/10_p0.7/10_graph_n28_p0.7_idx2.gpickle,28,0.7,2,11,122,307,"[27, 19, 20, 16, 15, 11, 8, 0, 17, 23, 7, 9, 13, 21, 26, 12, 18, 10, 24, 14, 5, 6, 2, 1, 25, 22, 4, 3]",13.604059
./random_graph_db/graph_db_node_28/10_p0.7/10_graph_n28_p0.7_idx3.gpickle,28,0.7,3,11,116,290,"[17, 20, 1, 6, 0, 10, 18, 25, 3, 11, 14, 13, 21, 24, 4, 16, 15, 2, 5, 23, 22, 19, 8, 9, 12, 26, 7, 27]",15.035903
./random_graph_db/graph_db_node_28/10_p0.7/10_graph_n28_p0.7_idx4.gpickle,28,0.7,4,11,128,301,"[24, 17, 5, 2, 14, 12, 27, 16, 15, 22, 23, 1, 18, 13, 20, 8, 7, 3, 21, 10, 9, 25, 11, 19, 4, 0, 6, 26]",14.1569402
./random_graph_db/graph_db_node_28/10_p0.7/10_graph_n28_p0.7_idx5.gpickle,28,0.7,5,12,135,311,"[3, 6, 1, 27, 14, 15, 25, 17, 22, 20, 9, 2, 8, 26, 19, 0, 21, 16, 12, 23, 18, 11, 13, 5, 10, 4, 7, 24]",15.0696766
./random_graph_db/graph_db_node_28/10_p0.7/10_graph_n28_p0.7_idx6.gpickle,28,0.7,6,12,128,289,"[22, 1, 11, 4, 6, 9, 24, 19, 26, 21, 13, 23, 25, 3, 16, 15, 27, 14, 18, 20, 5, 17, 0, 2, 10, 12, 8, 7]",15.235595
./random_graph_db/graph_db_node_28/10_p0.7/10_graph_n28_p0.7_idx7.gpickle,28,0.7,7,12,129,314,"[5, 13, 19, 11, 20, 0, 2, 26, 8, 16, 24, 18, 7, 12, 25, 22, 6, 17, 9, 15, 4, 3, 23, 10, 14, 1, 21, 27]",14.3703072
./random_graph_db/graph_db_node_28/10_p0.7/10_graph_n28_p0.7_idx8.gpickle,28,0.7,8,11,124,292,"[21, 9, 5, 27, 11, 18, 15, 25, 6, 16, 2, 26, 3, 14, 7, 23, 1, 20, 17, 0, 8, 12, 22, 10, 24, 4, 19, 13]",14.4336891
./random_graph_db/graph_db_node_28/10_p0.7/10_graph_n28_p0.7_idx9.gpickle,28,0.7,9,11,117,283,"[15, 17, 14, 8, 21, 4, 27, 5, 26, 6, 19, 12, 10, 13, 3, 2, 0, 11, 20, 7, 9, 22, 24, 23, 18, 16, 25, 1]",13.2684398
./random_graph_db/graph_db_node_28/11_p0.8/11_graph_n28_p0.8_idx1.gpickle,28,0.8,1,10,121,270,"[0, 23, 11, 4, 1, 13, 25, 7, 8, 20, 16, 5, 9, 14, 3, 24, 15, 6, 19, 10, 26, 17, 21, 27, 22, 2, 18, 12]",12.907366
./random_graph_db/graph_db_node_28/11_p0.8/11_graph_n28_p0.8_idx10.gpickle,28,0.8,10,11,122,276,"[13, 22, 2, 17, 5, 25, 12, 23, 4, 19, 8, 0, 14, 11, 16, 20, 18, 15, 27, 6, 9, 21, 3, 24, 26, 7, 10, 1]",12.8422771
./random_graph_db/graph_db_node_28/11_p0.8/11_graph_n28_p0.8_idx2.gpickle,28,0.8,2,11,98,229,"[0, 9, 25, 7, 3, 5, 6, 20, 24, 4, 12, 10, 11, 16, 23, 2, 21, 15, 27, 18, 1, 17, 19, 22, 13, 8, 14, 26]",11.867393
./random_graph_db/graph_db_node_28/11_p0.8/11_graph_n28_p0.8_idx3.gpickle,28,0.8,3,10,99,238,"[20, 9, 27, 14, 24, 17, 2, 25, 8, 0, 6, 18, 12, 19, 13, 21, 22, 10, 26, 1, 5, 7, 11, 16, 4, 15, 23, 3]",12.1858099
./random_graph_db/graph_db_node_28/11_p0.8/11_graph_n28_p0.8_idx4.gpickle,28,0.8,4,11,106,215,"[14, 25, 3, 18, 19, 17, 4, 27, 21, 1, 11, 26, 24, 22, 0, 6, 5, 16, 2, 9, 8, 23, 7, 12, 13, 10, 15, 20]",16.655787
./random_graph_db/graph_db_node_28/11_p0.8/11_graph_n28_p0.8_idx5.gpickle,28,0.8,5,11,99,223,"[20, 10, 26, 12, 1, 6, 7, 25, 11, 17, 9, 15, 24, 19, 8, 27, 23, 18, 4, 3, 14, 0, 22, 16, 13, 2, 21, 5]",11.4890101
./random_graph_db/graph_db_node_28/11_p0.8/11_graph_n28_p0.8_idx6.gpickle,28,0.8,6,10,111,264,"[10, 9, 11, 17, 1, 7, 20, 25, 8, 16, 3, 14, 12, 26, 2, 4, 5, 6, 0, 24, 18, 22, 27, 19, 21, 15, 13, 23]",12.2404521
./random_graph_db/graph_db_node_28/11_p0.8/11_graph_n28_p0.8_idx7.gpickle,28,0.8,7,11,103,236,"[6, 5, 15, 7, 23, 11, 1, 4, 3, 10, 21, 19, 17, 27, 22, 18, 26, 16, 20, 14, 8, 13, 24, 0, 25, 2, 9, 12]",11.8900821
./random_graph_db/graph_db_node_28/11_p0.8/11_graph_n28_p0.8_idx8.gpickle,28,0.8,8,10,103,232,"[10, 8, 26, 15, 3, 7, 27, 13, 20, 23, 17, 5, 19, 1, 24, 21, 2, 4, 12, 18, 11, 6, 9, 25, 16, 0, 14, 22]",12.3725278
./random_graph_db/graph_db_node_28/11_p0.8/11_graph_n28_p0.8_idx9.gpickle,28,0.8,9,11,114,259,"[1, 9, 6, 27, 8, 3, 10, 7, 14, 26, 23, 15, 19, 2, 18, 20, 21, 17, 12, 11, 5, 16, 25, 22, 4, 0, 13, 24]",15.5805781
./random_graph_db/graph_db_node_28/12_p0.9/12_graph_n28_p0.9_idx1.gpickle,28,0.9,1,6,43,115,"[3, 5, 6, 11, 18, 8, 9, 2, 22, 1, 13, 19, 23, 27, 14, 24, 7, 15, 12, 10, 4, 0, 21, 25, 20, 17, 16, 26]",8.2406712
./random_graph_db/graph_db_node_28/12_p0.9/12_graph_n28_p0.9_idx10.gpickle,28,0.9,10,6,42,118,"[12, 19, 26, 24, 22, 20, 4, 6, 15, 7, 13, 11, 18, 1, 27, 0, 9, 21, 10, 16, 5, 14, 2, 23, 25, 8, 17, 3]",7.9906728
./random_graph_db/graph_db_node_28/12_p0.9/12_graph_n28_p0.9_idx2.gpickle,28,0.9,2,6,39,106,"[26, 13, 10, 4, 5, 2, 16, 15, 23, 0, 14, 21, 6, 20, 1, 19, 22, 11, 3, 24, 18, 27, 12, 9, 25, 17, 7, 8]",7.815753
./random_graph_db/graph_db_node_28/12_p0.9/12_graph_n28_p0.9_idx3.gpickle,28,0.9,3,10,91,213,"[3, 16, 7, 2, 12, 11, 17, 5, 15, 23, 13, 24, 6, 18, 20, 19, 21, 10, 27, 22, 25, 0, 14, 4, 1, 8, 26, 9]",10.9508381
./random_graph_db/graph_db_node_28/12_p0.9/12_graph_n28_p0.9_idx4.gpickle,28,0.9,4,8,56,139,"[25, 8, 16, 18, 6, 12, 7, 4, 3, 26, 0, 13, 23, 5, 19, 1, 21, 11, 9, 24, 14, 2, 20, 17, 15, 27, 10, 22]",9.3070009
./random_graph_db/graph_db_node_28/12_p0.9/12_graph_n28_p0.9_idx5.gpickle,28,0.9,5,6,33,93,"[12, 27, 8, 21, 11, 7, 14, 25, 16, 4, 1, 15, 3, 24, 2, 19, 10, 18, 20, 23, 26, 0, 9, 13, 22, 5, 6, 17]",7.995389
./random_graph_db/graph_db_node_28/12_p0.9/12_graph_n28_p0.9_idx6.gpickle,28,0.9,6,6,30,97,"[8, 27, 4, 0, 26, 22, 6, 16, 2, 19, 5, 18, 10, 11, 20, 24, 25, 12, 3, 17, 23, 1, 9, 15, 21, 7, 13, 14]",6.5810571
./random_graph_db/graph_db_node_28/12_p0.9/12_graph_n28_p0.9_idx7.gpickle,28,0.9,7,6,41,114,"[4, 16, 9, 2, 20, 6, 10, 0, 13, 24, 21, 17, 11, 26, 18, 22, 1, 7, 27, 19, 8, 5, 23, 12, 25, 3, 15, 14]",7.667181
./random_graph_db/graph_db_node_28/12_p0.9/12_graph_n28_p0.9_idx8.gpickle,28,0.9,8,7,52,148,"[10, 8, 7, 27, 1, 15, 18, 0, 3, 13, 17, 24, 9, 5, 16, 11, 22, 25, 19, 21, 4, 12, 6, 26, 14, 23, 20, 2]",8.4025469
./random_graph_db/graph_db_node_28/12_p0.9/12_graph_n28_p0.9_idx9.gpickle,28,0.9,9,7,47,128,"[1, 3, 11, 10, 24, 14, 0, 6, 4, 8, 26, 25, 9, 21, 2, 18, 15, 20, 27, 13, 5, 7, 12, 22, 17, 23, 19, 16]",8.5670331
./random_graph_db/graph_db_node_29/01_p0.1/01_graph_n29_p0.1_idx1.gpickle,29,0.1,1,6,29,77,"[25, 11, 5, 6, 22, 4, 7, 14, 26, 2, 10, 1, 21, 17, 24, 15, 13, 16, 20, 0, 18, 9, 28, 19, 8, 12, 27, 3, 23]",8.0339773
./random_graph_db/graph_db_node_29/01_p0.1/01_graph_n29_p0.1_idx10.gpickle,29,0.1,10,8,45,106,"[24, 18, 4, 28, 26, 6, 22, 19, 23, 20, 21, 2, 14, 5, 11, 13, 3, 1, 10, 8, 25, 17, 0, 15, 27, 12, 9, 7, 16]",9.7807124
./random_graph_db/graph_db_node_29/01_p0.1/01_graph_n29_p0.1_idx2.gpickle,29,0.1,2,5,21,78,"[20, 16, 10, 25, 23, 21, 8, 9, 6, 2, 11, 27, 4, 7, 15, 26, 14, 5, 19, 28, 18, 24, 12, 13, 3, 1, 0, 22, 17]",7.015826
./random_graph_db/graph_db_node_29/01_p0.1/01_graph_n29_p0.1_idx3.gpickle,29,0.1,3,4,29,82,"[6, 7, 0, 3, 22, 27, 18, 14, 16, 8, 4, 28, 17, 11, 25, 10, 1, 20, 9, 19, 2, 24, 21, 5, 12, 15, 23, 13, 26]",7.486239
./random_graph_db/graph_db_node_29/01_p0.1/01_graph_n29_p0.1_idx4.gpickle,29,0.1,4,5,19,66,"[3, 24, 16, 13, 17, 14, 11, 26, 9, 0, 25, 18, 8, 4, 7, 22, 1, 28, 20, 6, 10, 27, 2, 15, 23, 5, 21, 12, 19]",7.7117152
./random_graph_db/graph_db_node_29/01_p0.1/01_graph_n29_p0.1_idx5.gpickle,29,0.1,5,4,16,61,"[25, 21, 9, 1, 18, 6, 11, 28, 5, 24, 16, 12, 27, 14, 13, 10, 23, 7, 4, 26, 22, 0, 3, 15, 8, 2, 20, 17, 19]",4.5572538
./random_graph_db/graph_db_node_29/01_p0.1/01_graph_n29_p0.1_idx6.gpickle,29,0.1,6,5,17,59,"[4, 0, 22, 27, 21, 11, 18, 15, 20, 13, 14, 2, 25, 9, 24, 28, 1, 16, 12, 3, 26, 17, 7, 10, 8, 6, 23, 5, 19]",6.901473
./random_graph_db/graph_db_node_29/01_p0.1/01_graph_n29_p0.1_idx7.gpickle,29,0.1,7,5,23,70,"[27, 5, 26, 8, 10, 17, 9, 18, 6, 2, 25, 28, 7, 22, 15, 14, 24, 0, 20, 13, 4, 16, 1, 19, 3, 21, 23, 12, 11]",7.5429318
./random_graph_db/graph_db_node_29/01_p0.1/01_graph_n29_p0.1_idx8.gpickle,29,0.1,8,7,24,75,"[10, 22, 20, 27, 18, 24, 14, 8, 12, 23, 26, 15, 9, 4, 17, 19, 5, 16, 21, 28, 25, 0, 7, 11, 2, 1, 6, 3, 13]",8.4460893
./random_graph_db/graph_db_node_29/01_p0.1/01_graph_n29_p0.1_idx9.gpickle,29,0.1,9,6,32,91,"[19, 12, 21, 11, 16, 18, 9, 28, 13, 4, 25, 15, 17, 14, 10, 0, 26, 7, 8, 22, 20, 24, 1, 23, 2, 27, 6, 5, 3]",8.0576982
./random_graph_db/graph_db_node_29/02_p0.2/02_graph_n29_p0.2_idx1.gpickle,29,0.2,1,10,94,238,"[27, 7, 5, 21, 3, 4, 19, 11, 18, 10, 28, 20, 1, 0, 26, 25, 8, 2, 9, 6, 15, 17, 22, 23, 16, 13, 12, 14, 24]",11.513077
./random_graph_db/graph_db_node_29/02_p0.2/02_graph_n29_p0.2_idx10.gpickle,29,0.2,10,11,105,253,"[14, 26, 9, 20, 4, 19, 11, 12, 8, 28, 21, 15, 7, 17, 24, 10, 6, 27, 3, 0, 16, 18, 5, 1, 23, 22, 13, 2, 25]",14.843199
./random_graph_db/graph_db_node_29/02_p0.2/02_graph_n29_p0.2_idx2.gpickle,29,0.2,2,10,91,220,"[27, 24, 25, 1, 18, 4, 19, 0, 13, 2, 15, 10, 23, 22, 20, 17, 14, 11, 9, 12, 8, 7, 6, 28, 5, 26, 21, 3, 16]",11.7232299
./random_graph_db/graph_db_node_29/02_p0.2/02_graph_n29_p0.2_idx3.gpickle,29,0.2,3,10,105,234,"[10, 11, 0, 7, 28, 27, 18, 13, 23, 9, 2, 15, 5, 22, 20, 8, 4, 1, 14, 25, 24, 19, 16, 6, 21, 3, 12, 26, 17]",12.1079521
./random_graph_db/graph_db_node_29/02_p0.2/02_graph_n29_p0.2_idx4.gpickle,29,0.2,4,9,63,162,"[1, 0, 13, 18, 8, 21, 14, 12, 5, 26, 9, 27, 25, 11, 2, 15, 28, 16, 20, 10, 19, 4, 3, 17, 7, 23, 24, 6, 22]",10.7098639
./random_graph_db/graph_db_node_29/02_p0.2/02_graph_n29_p0.2_idx5.gpickle,29,0.2,5,8,49,114,"[2, 9, 24, 6, 19, 11, 16, 17, 13, 22, 1, 21, 5, 12, 4, 26, 8, 7, 3, 15, 25, 0, 27, 14, 23, 20, 10, 28, 18]",9.5460143
./random_graph_db/graph_db_node_29/02_p0.2/02_graph_n29_p0.2_idx6.gpickle,29,0.2,6,11,129,289,"[18, 10, 9, 25, 28, 11, 17, 26, 2, 14, 27, 1, 16, 24, 12, 13, 4, 3, 23, 6, 8, 21, 20, 19, 22, 5, 15, 0, 7]",12.245939
./random_graph_db/graph_db_node_29/02_p0.2/02_graph_n29_p0.2_idx7.gpickle,29,0.2,7,9,75,189,"[17, 28, 1, 20, 6, 26, 25, 19, 23, 9, 0, 14, 13, 18, 16, 11, 4, 3, 24, 12, 22, 5, 15, 10, 7, 2, 21, 27, 8]",11.1368058
./random_graph_db/graph_db_node_29/02_p0.2/02_graph_n29_p0.2_idx8.gpickle,29,0.2,8,8,68,169,"[8, 17, 25, 11, 3, 6, 21, 18, 4, 5, 20, 14, 27, 22, 24, 16, 23, 28, 10, 19, 12, 1, 15, 13, 26, 7, 9, 2, 0]",14.127512
./random_graph_db/graph_db_node_29/02_p0.2/02_graph_n29_p0.2_idx9.gpickle,29,0.2,9,10,85,201,"[15, 5, 21, 13, 6, 12, 28, 4, 22, 2, 14, 26, 9, 20, 8, 16, 10, 11, 27, 24, 3, 17, 18, 23, 25, 0, 7, 19, 1]",11.6212201
./random_graph_db/graph_db_node_29/03_p0.3/03_graph_n29_p0.3_idx1.gpickle,29,0.3,1,11,128,306,"[17, 26, 23, 8, 6, 16, 11, 13, 7, 27, 18, 5, 20, 19, 10, 15, 9, 24, 28, 12, 14, 0, 3, 25, 2, 22, 1, 4, 21]",19.324599
./random_graph_db/graph_db_node_29/03_p0.3/03_graph_n29_p0.3_idx10.gpickle,29,0.3,10,10,124,293,"[6, 16, 22, 8, 28, 9, 23, 14, 27, 3, 1, 4, 15, 11, 26, 7, 25, 12, 2, 24, 18, 20, 10, 21, 5, 0, 17, 19, 13]",14.2754948
./random_graph_db/graph_db_node_29/03_p0.3/03_graph_n29_p0.3_idx2.gpickle,29,0.3,2,12,137,297,"[11, 1, 13, 28, 8, 24, 26, 25, 14, 16, 18, 5, 15, 22, 19, 7, 10, 27, 0, 3, 12, 20, 9, 23, 4, 17, 6, 2, 21]",26.3346808
./random_graph_db/graph_db_node_29/03_p0.3/03_graph_n29_p0.3_idx3.gpickle,29,0.3,3,11,141,329,"[2, 13, 21, 9, 20, 25, 23, 0, 14, 7, 24, 26, 12, 28, 5, 18, 8, 1, 19, 15, 11, 17, 6, 3, 10, 4, 16, 22, 27]",13.654707
./random_graph_db/graph_db_node_29/03_p0.3/03_graph_n29_p0.3_idx4.gpickle,29,0.3,4,11,124,279,"[7, 24, 12, 11, 13, 8, 1, 0, 16, 23, 6, 18, 22, 26, 4, 27, 20, 14, 19, 15, 2, 21, 17, 10, 3, 25, 9, 5, 28]",14.102627
./random_graph_db/graph_db_node_29/03_p0.3/03_graph_n29_p0.3_idx5.gpickle,29,0.3,5,12,146,344,"[22, 21, 23, 0, 2, 26, 10, 8, 15, 16, 13, 25, 19, 9, 3, 12, 7, 4, 5, 11, 18, 20, 17, 24, 1, 14, 6, 28, 27]",14.4346881
./random_graph_db/graph_db_node_29/03_p0.3/03_graph_n29_p0.3_idx6.gpickle,29,0.3,6,11,102,254,"[1, 19, 9, 7, 20, 8, 22, 18, 12, 17, 10, 21, 26, 0, 14, 27, 13, 16, 15, 24, 11, 23, 5, 3, 4, 6, 2, 28, 25]",13.5054169
./random_graph_db/graph_db_node_29/03_p0.3/03_graph_n29_p0.3_idx7.gpickle,29,0.3,7,11,111,255,"[17, 9, 16, 4, 5, 18, 22, 27, 3, 20, 7, 24, 19, 15, 10, 21, 28, 25, 2, 8, 12, 11, 0, 14, 6, 23, 13, 26, 1]",13.008352
./random_graph_db/graph_db_node_29/03_p0.3/03_graph_n29_p0.3_idx8.gpickle,29,0.3,8,13,144,303,"[17, 14, 8, 6, 1, 23, 24, 16, 28, 5, 19, 21, 13, 15, 20, 0, 11, 25, 12, 3, 7, 10, 9, 18, 27, 4, 26, 22, 2]",12.7471299
./random_graph_db/graph_db_node_29/03_p0.3/03_graph_n29_p0.3_idx9.gpickle,29,0.3,9,12,140,320,"[23, 15, 11, 17, 18, 20, 5, 25, 26, 3, 19, 6, 16, 2, 12, 9, 22, 28, 8, 14, 1, 0, 7, 21, 10, 13, 27, 24, 4]",15.1733201
./random_graph_db/graph_db_node_29/04_p0.4/04_graph_n29_p0.4_idx1.gpickle,29,0.4,1,13,135,305,"[16, 22, 20, 26, 9, 25, 13, 24, 7, 14, 6, 3, 0, 15, 2, 17, 5, 1, 19, 27, 18, 23, 28, 10, 11, 4, 12, 21, 8]",15.405894
./random_graph_db/graph_db_node_29/04_p0.4/04_graph_n29_p0.4_idx10.gpickle,29,0.4,10,12,155,348,"[8, 4, 12, 7, 20, 26, 2, 6, 22, 9, 28, 19, 25, 11, 17, 5, 18, 13, 3, 21, 24, 16, 1, 0, 23, 14, 15, 27, 10]",14.4898088
./random_graph_db/graph_db_node_29/04_p0.4/04_graph_n29_p0.4_idx2.gpickle,29,0.4,2,13,151,336,"[1, 18, 2, 9, 21, 0, 25, 26, 23, 3, 4, 6, 17, 15, 24, 7, 8, 20, 27, 5, 12, 22, 13, 10, 14, 11, 28, 19, 16]",15.5149879
./random_graph_db/graph_db_node_29/04_p0.4/04_graph_n29_p0.4_idx3.gpickle,29,0.4,3,14,172,408,"[22, 8, 23, 12, 3, 18, 24, 21, 10, 15, 4, 0, 11, 2, 14, 26, 17, 6, 27, 20, 19, 7, 9, 25, 5, 1, 28, 16, 13]",16.3304651
./random_graph_db/graph_db_node_29/04_p0.4/04_graph_n29_p0.4_idx4.gpickle,29,0.4,4,12,153,350,"[18, 21, 14, 7, 8, 12, 15, 3, 13, 27, 0, 1, 6, 17, 20, 28, 4, 16, 2, 10, 11, 23, 22, 19, 26, 9, 25, 5, 24]",15.1678619
./random_graph_db/graph_db_node_29/04_p0.4/04_graph_n29_p0.4_idx5.gpickle,29,0.4,5,11,144,348,"[6, 9, 8, 24, 15, 4, 0, 5, 12, 27, 22, 26, 11, 19, 25, 23, 10, 18, 1, 3, 20, 14, 7, 21, 13, 16, 17, 2, 28]",15.709748
./random_graph_db/graph_db_node_29/04_p0.4/04_graph_n29_p0.4_idx6.gpickle,29,0.4,6,12,143,364,"[6, 9, 0, 26, 17, 4, 23, 13, 28, 3, 24, 18, 5, 27, 2, 11, 14, 21, 15, 7, 10, 25, 19, 12, 22, 16, 1, 20, 8]",18.5646029
./random_graph_db/graph_db_node_29/04_p0.4/04_graph_n29_p0.4_idx7.gpickle,29,0.4,7,12,153,348,"[17, 15, 19, 16, 2, 5, 23, 4, 14, 3, 7, 27, 20, 10, 8, 21, 25, 18, 13, 6, 22, 26, 11, 9, 1, 12, 24, 0, 28]",15.1274669
./random_graph_db/graph_db_node_29/04_p0.4/04_graph_n29_p0.4_idx8.gpickle,29,0.4,8,12,141,323,"[12, 10, 19, 28, 23, 7, 16, 20, 15, 14, 3, 5, 2, 13, 24, 17, 27, 25, 21, 8, 22, 11, 4, 18, 1, 0, 6, 9, 26]",21.3636591
./random_graph_db/graph_db_node_29/04_p0.4/04_graph_n29_p0.4_idx9.gpickle,29,0.4,9,12,131,307,"[27, 8, 26, 23, 22, 13, 14, 20, 28, 9, 21, 25, 19, 2, 16, 17, 6, 1, 3, 12, 5, 24, 11, 7, 4, 15, 18, 10, 0]",14.801918
./random_graph_db/graph_db_node_29/05_p0.45/05_graph_n29_p0.45_idx1.gpickle,29,0.45,1,13,162,357,"[3, 24, 20, 7, 8, 18, 0, 4, 9, 19, 6, 11, 12, 1, 2, 10, 16, 13, 15, 23, 26, 27, 25, 5, 14, 22, 21, 28, 17]",15.828187
./random_graph_db/graph_db_node_29/05_p0.45/05_graph_n29_p0.45_idx10.gpickle,29,0.45,10,13,172,391,"[10, 20, 23, 4, 0, 8, 3, 18, 13, 26, 9, 27, 16, 14, 12, 15, 24, 22, 11, 5, 25, 28, 21, 1, 19, 17, 2, 7, 6]",15.949193
./random_graph_db/graph_db_node_29/05_p0.45/05_graph_n29_p0.45_idx2.gpickle,29,0.45,2,12,147,345,"[23, 22, 7, 9, 19, 13, 12, 1, 5, 15, 8, 17, 2, 18, 4, 16, 25, 24, 0, 14, 10, 3, 20, 27, 28, 21, 6, 26, 11]",15.275341
./random_graph_db/graph_db_node_29/05_p0.45/05_graph_n29_p0.45_idx3.gpickle,29,0.45,3,11,135,319,"[1, 20, 6, 2, 25, 21, 5, 23, 17, 4, 11, 19, 12, 28, 26, 14, 8, 24, 7, 16, 10, 9, 22, 27, 18, 15, 0, 3, 13]",14.0875959
./random_graph_db/graph_db_node_29/05_p0.45/05_graph_n29_p0.45_idx4.gpickle,29,0.45,4,12,161,350,"[23, 21, 17, 0, 8, 4, 10, 14, 7, 5, 25, 26, 9, 11, 1, 19, 12, 28, 20, 18, 15, 24, 3, 6, 2, 27, 13, 16, 22]",15.521683
./random_graph_db/graph_db_node_29/05_p0.45/05_graph_n29_p0.45_idx5.gpickle,29,0.45,5,12,152,371,"[24, 2, 21, 23, 10, 0, 4, 15, 9, 12, 5, 28, 25, 27, 13, 17, 19, 22, 6, 20, 26, 3, 16, 7, 18, 8, 1, 11, 14]",15.0421159
./random_graph_db/graph_db_node_29/05_p0.45/05_graph_n29_p0.45_idx6.gpickle,29,0.45,6,12,140,337,"[8, 18, 1, 14, 16, 4, 17, 26, 22, 13, 5, 20, 15, 23, 19, 10, 6, 0, 28, 9, 2, 24, 7, 11, 21, 3, 25, 12, 27]",14.4251962
./random_graph_db/graph_db_node_29/05_p0.45/05_graph_n29_p0.45_idx7.gpickle,29,0.45,7,13,165,356,"[9, 7, 26, 15, 13, 10, 22, 19, 23, 12, 28, 27, 0, 11, 8, 20, 18, 3, 2, 1, 24, 5, 25, 16, 6, 17, 14, 4, 21]",20.953126
./random_graph_db/graph_db_node_29/05_p0.45/05_graph_n29_p0.45_idx8.gpickle,29,0.45,8,13,170,386,"[0, 22, 10, 20, 5, 7, 12, 14, 11, 26, 15, 2, 23, 19, 18, 3, 4, 9, 1, 24, 17, 21, 16, 27, 13, 8, 6, 25, 28]",25.1870461
./random_graph_db/graph_db_node_29/05_p0.45/05_graph_n29_p0.45_idx9.gpickle,29,0.45,9,12,153,366,"[12, 20, 0, 1, 13, 15, 17, 23, 28, 27, 14, 2, 11, 10, 21, 24, 7, 26, 9, 4, 25, 6, 19, 16, 8, 5, 22, 3, 18]",14.8436799
./random_graph_db/graph_db_node_29/06_p0.5/06_graph_n29_p0.5_idx1.gpickle,29,0.5,1,12,139,321,"[2, 22, 21, 27, 7, 3, 9, 0, 26, 18, 12, 23, 15, 11, 8, 17, 4, 1, 25, 19, 16, 20, 6, 5, 14, 10, 28, 13, 24]",14.8666971
./random_graph_db/graph_db_node_29/06_p0.5/06_graph_n29_p0.5_idx10.gpickle,29,0.5,10,13,176,385,"[19, 12, 0, 21, 8, 25, 4, 10, 14, 16, 27, 9, 1, 6, 17, 15, 7, 2, 13, 22, 11, 3, 26, 20, 28, 24, 5, 23, 18]",16.2866659
./random_graph_db/graph_db_node_29/06_p0.5/06_graph_n29_p0.5_idx2.gpickle,29,0.5,2,13,165,367,"[16, 9, 23, 3, 14, 15, 20, 25, 8, 0, 27, 21, 11, 7, 4, 5, 24, 28, 22, 19, 13, 18, 6, 10, 2, 26, 17, 1, 12]",15.691977
./random_graph_db/graph_db_node_29/06_p0.5/06_graph_n29_p0.5_idx3.gpickle,29,0.5,3,12,154,357,"[3, 18, 24, 7, 4, 9, 19, 27, 25, 21, 20, 10, 5, 0, 6, 23, 15, 2, 28, 12, 11, 14, 22, 8, 26, 13, 1, 17, 16]",14.863739
./random_graph_db/graph_db_node_29/06_p0.5/06_graph_n29_p0.5_idx4.gpickle,29,0.5,4,12,147,353,"[4, 19, 26, 8, 10, 2, 20, 11, 23, 0, 9, 27, 22, 14, 21, 7, 12, 28, 3, 16, 5, 15, 6, 13, 18, 24, 1, 25, 17]",15.6674931
./random_graph_db/graph_db_node_29/06_p0.5/06_graph_n29_p0.5_idx5.gpickle,29,0.5,5,12,162,381,"[24, 14, 7, 11, 5, 16, 23, 2, 17, 27, 9, 22, 19, 10, 18, 6, 0, 26, 15, 3, 1, 13, 25, 28, 21, 20, 4, 12, 8]",14.9795361
./random_graph_db/graph_db_node_29/06_p0.5/06_graph_n29_p0.5_idx6.gpickle,29,0.5,6,13,153,348,"[25, 0, 8, 17, 26, 1, 3, 28, 23, 16, 15, 2, 21, 19, 12, 20, 14, 18, 4, 24, 7, 11, 9, 13, 5, 27, 22, 6, 10]",15.6870492
./random_graph_db/graph_db_node_29/06_p0.5/06_graph_n29_p0.5_idx7.gpickle,29,0.5,7,12,142,330,"[12, 19, 5, 24, 4, 25, 9, 23, 27, 7, 0, 18, 20, 13, 8, 17, 22, 16, 14, 26, 3, 10, 28, 21, 11, 15, 1, 6, 2]",14.8006408
./random_graph_db/graph_db_node_29/06_p0.5/06_graph_n29_p0.5_idx8.gpickle,29,0.5,8,12,156,361,"[0, 11, 5, 20, 24, 26, 7, 8, 21, 13, 10, 3, 27, 4, 25, 23, 14, 6, 18, 15, 17, 22, 28, 16, 9, 19, 2, 1, 12]",15.7564082
./random_graph_db/graph_db_node_29/06_p0.5/06_graph_n29_p0.5_idx9.gpickle,29,0.5,9,13,161,377,"[7, 12, 24, 6, 28, 25, 14, 23, 26, 15, 27, 21, 10, 16, 8, 19, 18, 0, 9, 17, 3, 22, 11, 4, 2, 1, 5, 20, 13]",15.0922501
./random_graph_db/graph_db_node_29/07_p0.55/07_graph_n29_p0.55_idx1.gpickle,29,0.55,1,13,149,323,"[28, 18, 22, 6, 3, 25, 8, 20, 24, 7, 10, 26, 1, 0, 13, 14, 4, 11, 12, 17, 23, 9, 15, 21, 16, 2, 19, 5, 27]",23.9191089
./random_graph_db/graph_db_node_29/07_p0.55/07_graph_n29_p0.55_idx10.gpickle,29,0.55,10,13,173,374,"[27, 23, 17, 22, 28, 10, 5, 9, 26, 3, 16, 0, 7, 21, 12, 1, 13, 25, 19, 20, 15, 24, 11, 8, 14, 4, 18, 6, 2]",16.6061592
./random_graph_db/graph_db_node_29/07_p0.55/07_graph_n29_p0.55_idx2.gpickle,29,0.55,2,12,146,351,"[4, 6, 7, 9, 5, 27, 25, 26, 20, 17, 19, 13, 2, 24, 18, 8, 12, 23, 1, 15, 11, 3, 21, 10, 22, 16, 14, 0, 28]",15.4978161
./random_graph_db/graph_db_node_29/07_p0.55/07_graph_n29_p0.55_idx3.gpickle,29,0.55,3,13,162,361,"[17, 5, 12, 7, 10, 23, 2, 21, 20, 6, 4, 1, 15, 28, 22, 24, 13, 27, 3, 8, 25, 19, 18, 14, 11, 26, 9, 16, 0]",16.1992977
./random_graph_db/graph_db_node_29/07_p0.55/07_graph_n29_p0.55_idx4.gpickle,29,0.55,4,12,145,343,"[14, 25, 15, 11, 19, 9, 17, 21, 20, 24, 8, 18, 26, 10, 12, 1, 23, 13, 28, 5, 16, 6, 27, 3, 4, 0, 7, 2, 22]",16.5376101
./random_graph_db/graph_db_node_29/07_p0.55/07_graph_n29_p0.55_idx5.gpickle,29,0.55,5,12,153,364,"[19, 11, 23, 16, 14, 2, 10, 24, 9, 15, 27, 0, 22, 26, 20, 5, 8, 21, 7, 28, 1, 18, 4, 17, 12, 25, 6, 3, 13]",15.8644569
./random_graph_db/graph_db_node_29/07_p0.55/07_graph_n29_p0.55_idx6.gpickle,29,0.55,6,11,146,366,"[0, 2, 9, 7, 3, 25, 17, 1, 10, 28, 15, 5, 4, 26, 11, 21, 23, 18, 14, 13, 19, 16, 24, 12, 27, 22, 8, 6, 20]",15.2571456
./random_graph_db/graph_db_node_29/07_p0.55/07_graph_n29_p0.55_idx7.gpickle,29,0.55,7,12,157,367,"[16, 11, 0, 12, 19, 20, 28, 27, 14, 2, 4, 6, 25, 26, 21, 15, 24, 10, 5, 9, 1, 22, 17, 8, 7, 13, 23, 18, 3]",16.2888358
./random_graph_db/graph_db_node_29/07_p0.55/07_graph_n29_p0.55_idx8.gpickle,29,0.55,8,13,157,357,"[9, 14, 8, 5, 25, 27, 3, 22, 12, 28, 26, 2, 19, 21, 7, 13, 6, 24, 17, 4, 16, 20, 15, 23, 10, 18, 1, 11, 0]",15.3147862
./random_graph_db/graph_db_node_29/07_p0.55/07_graph_n29_p0.55_idx9.gpickle,29,0.55,9,12,155,364,"[1, 2, 17, 7, 15, 6, 21, 19, 3, 5, 23, 27, 20, 24, 10, 22, 16, 14, 8, 25, 18, 13, 11, 26, 12, 28, 9, 4, 0]",25.1940811
./random_graph_db/graph_db_node_29/08_p0.6/08_graph_n29_p0.6_idx1.gpickle,29,0.6,1,12,150,344,"[13, 15, 19, 23, 17, 28, 9, 16, 21, 22, 2, 20, 12, 27, 4, 24, 6, 26, 14, 10, 25, 0, 18, 7, 8, 11, 5, 1, 3]",15.3170917
./random_graph_db/graph_db_node_29/08_p0.6/08_graph_n29_p0.6_idx10.gpickle,29,0.6,10,13,158,368,"[5, 2, 8, 3, 13, 22, 11, 7, 18, 4, 24, 25, 15, 27, 12, 23, 10, 19, 6, 28, 20, 21, 1, 0, 26, 14, 9, 16, 17]",16.5489562
./random_graph_db/graph_db_node_29/08_p0.6/08_graph_n29_p0.6_idx2.gpickle,29,0.6,2,12,139,318,"[20, 15, 0, 26, 5, 9, 4, 24, 21, 18, 17, 23, 10, 6, 1, 25, 16, 12, 3, 19, 27, 28, 7, 22, 14, 13, 8, 11, 2]",24.784596
./random_graph_db/graph_db_node_29/08_p0.6/08_graph_n29_p0.6_idx3.gpickle,29,0.6,3,12,141,315,"[12, 8, 22, 28, 9, 7, 26, 1, 20, 23, 13, 10, 19, 24, 27, 4, 3, 14, 11, 2, 21, 6, 25, 18, 5, 17, 15, 16, 0]",14.8662961
./random_graph_db/graph_db_node_29/08_p0.6/08_graph_n29_p0.6_idx4.gpickle,29,0.6,4,11,132,325,"[25, 9, 16, 14, 22, 15, 1, 11, 0, 27, 24, 3, 2, 4, 23, 21, 20, 18, 7, 28, 19, 17, 13, 10, 6, 5, 26, 8, 12]",14.1577642
./random_graph_db/graph_db_node_29/08_p0.6/08_graph_n29_p0.6_idx5.gpickle,29,0.6,5,13,178,402,"[22, 4, 18, 10, 11, 13, 3, 25, 5, 16, 1, 28, 17, 27, 24, 9, 6, 12, 0, 7, 8, 20, 21, 23, 15, 14, 26, 2, 19]",16.4754148
./random_graph_db/graph_db_node_29/08_p0.6/08_graph_n29_p0.6_idx6.gpickle,29,0.6,6,12,180,422,"[14, 5, 22, 21, 19, 17, 15, 2, 16, 1, 3, 8, 27, 0, 28, 25, 13, 20, 7, 11, 4, 24, 9, 6, 26, 12, 10, 18, 23]",19.5326993
./random_graph_db/graph_db_node_29/08_p0.6/08_graph_n29_p0.6_idx7.gpickle,29,0.6,7,12,159,353,"[14, 12, 11, 1, 21, 17, 28, 19, 6, 26, 16, 18, 20, 10, 27, 7, 22, 5, 23, 25, 15, 3, 4, 2, 0, 9, 24, 8, 13]",15.5695341
./random_graph_db/graph_db_node_29/08_p0.6/08_graph_n29_p0.6_idx8.gpickle,29,0.6,8,13,162,360,"[24, 16, 6, 15, 5, 25, 21, 1, 27, 20, 28, 4, 17, 2, 22, 14, 26, 10, 7, 13, 12, 11, 0, 3, 18, 8, 9, 19, 23]",15.21892
./random_graph_db/graph_db_node_29/08_p0.6/08_graph_n29_p0.6_idx9.gpickle,29,0.6,9,13,140,318,"[12, 3, 23, 13, 2, 11, 0, 4, 19, 26, 10, 7, 18, 22, 15, 17, 6, 9, 1, 25, 14, 8, 16, 27, 21, 28, 24, 20, 5]",14.5267391
./random_graph_db/graph_db_node_29/09_p0.65/09_graph_n29_p0.65_idx1.gpickle,29,0.65,1,13,149,358,"[24, 20, 9, 13, 7, 1, 12, 8, 14, 22, 0, 28, 10, 15, 19, 25, 11, 4, 6, 23, 2, 26, 16, 18, 3, 27, 21, 17, 5]",18.519712
./random_graph_db/graph_db_node_29/09_p0.65/09_graph_n29_p0.65_idx10.gpickle,29,0.65,10,14,158,362,"[5, 26, 13, 8, 23, 15, 0, 20, 21, 28, 2, 27, 19, 22, 11, 4, 7, 16, 12, 18, 6, 17, 9, 10, 24, 1, 25, 14, 3]",15.8235002
./random_graph_db/graph_db_node_29/09_p0.65/09_graph_n29_p0.65_idx2.gpickle,29,0.65,2,12,164,387,"[13, 6, 3, 11, 16, 1, 0, 10, 18, 20, 27, 28, 17, 8, 4, 9, 2, 25, 19, 14, 12, 22, 24, 15, 7, 5, 21, 26, 23]",15.4236128
./random_graph_db/graph_db_node_29/09_p0.65/09_graph_n29_p0.65_idx3.gpickle,29,0.65,3,12,155,351,"[27, 16, 22, 15, 18, 11, 24, 25, 10, 2, 14, 4, 23, 13, 17, 1, 6, 26, 5, 28, 8, 9, 12, 20, 21, 7, 3, 19, 0]",14.9400311
./random_graph_db/graph_db_node_29/09_p0.65/09_graph_n29_p0.65_idx4.gpickle,29,0.65,4,12,164,367,"[6, 8, 23, 16, 9, 17, 24, 18, 12, 11, 27, 20, 3, 1, 21, 25, 2, 28, 4, 0, 14, 26, 19, 10, 15, 7, 13, 5, 22]",15.5657001
./random_graph_db/graph_db_node_29/09_p0.65/09_graph_n29_p0.65_idx5.gpickle,29,0.65,5,12,168,375,"[5, 26, 3, 9, 12, 13, 27, 25, 0, 6, 16, 23, 10, 19, 21, 24, 4, 14, 18, 20, 22, 1, 8, 15, 2, 11, 7, 17, 28]",14.7063832
./random_graph_db/graph_db_node_29/09_p0.65/09_graph_n29_p0.65_idx6.gpickle,29,0.65,6,12,150,329,"[10, 14, 24, 4, 18, 1, 26, 3, 12, 16, 21, 17, 23, 15, 11, 9, 22, 20, 27, 8, 28, 19, 13, 6, 5, 2, 25, 7, 0]",15.3153958
./random_graph_db/graph_db_node_29/09_p0.65/09_graph_n29_p0.65_idx7.gpickle,29,0.65,7,12,164,376,"[22, 11, 1, 15, 8, 2, 7, 17, 19, 0, 6, 20, 27, 25, 16, 3, 24, 28, 14, 21, 23, 12, 4, 26, 18, 5, 10, 13, 9]",16.04602
./random_graph_db/graph_db_node_29/09_p0.65/09_graph_n29_p0.65_idx8.gpickle,29,0.65,8,12,147,333,"[4, 8, 12, 5, 24, 28, 27, 26, 6, 2, 9, 11, 23, 0, 13, 1, 17, 15, 18, 22, 21, 25, 20, 10, 14, 19, 3, 7, 16]",15.6003802
./random_graph_db/graph_db_node_29/09_p0.65/09_graph_n29_p0.65_idx9.gpickle,29,0.65,9,13,136,306,"[18, 1, 13, 2, 17, 16, 21, 12, 26, 27, 14, 19, 0, 25, 15, 6, 3, 20, 23, 28, 5, 22, 24, 4, 11, 8, 10, 7, 9]",14.833744
./random_graph_db/graph_db_node_29/10_p0.7/10_graph_n29_p0.7_idx1.gpickle,29,0.7,1,12,125,294,"[8, 19, 25, 21, 3, 9, 10, 15, 4, 7, 28, 11, 14, 17, 2, 5, 27, 26, 23, 0, 18, 13, 20, 1, 12, 22, 6, 16, 24]",15.0981786
./random_graph_db/graph_db_node_29/10_p0.7/10_graph_n29_p0.7_idx10.gpickle,29,0.7,10,11,139,329,"[5, 12, 21, 3, 28, 27, 18, 4, 24, 6, 13, 23, 7, 9, 2, 1, 14, 16, 0, 10, 11, 8, 20, 15, 25, 17, 22, 19, 26]",15.2178001
./random_graph_db/graph_db_node_29/10_p0.7/10_graph_n29_p0.7_idx2.gpickle,29,0.7,2,12,145,337,"[2, 6, 21, 27, 7, 18, 20, 0, 3, 17, 25, 19, 12, 8, 22, 9, 15, 16, 10, 4, 11, 24, 13, 28, 23, 14, 1, 5, 26]",13.9574142
./random_graph_db/graph_db_node_29/10_p0.7/10_graph_n29_p0.7_idx3.gpickle,29,0.7,3,12,153,366,"[18, 10, 16, 21, 26, 27, 11, 13, 9, 23, 0, 6, 1, 19, 24, 22, 15, 25, 2, 17, 14, 20, 12, 4, 7, 28, 3, 8, 5]",15.878324
./random_graph_db/graph_db_node_29/10_p0.7/10_graph_n29_p0.7_idx4.gpickle,29,0.7,4,12,152,340,"[28, 14, 0, 12, 24, 1, 8, 18, 17, 10, 21, 26, 15, 7, 22, 20, 19, 23, 16, 25, 9, 2, 6, 3, 11, 4, 13, 5, 27]",14.114141
./random_graph_db/graph_db_node_29/10_p0.7/10_graph_n29_p0.7_idx5.gpickle,29,0.7,5,12,152,348,"[19, 4, 24, 6, 18, 15, 10, 28, 17, 1, 27, 20, 3, 0, 8, 13, 11, 25, 23, 5, 9, 22, 14, 12, 21, 26, 16, 2, 7]",14.6816971
./random_graph_db/graph_db_node_29/10_p0.7/10_graph_n29_p0.7_idx6.gpickle,29,0.7,6,12,161,362,"[22, 10, 27, 21, 7, 8, 23, 26, 18, 9, 15, 12, 0, 24, 14, 3, 6, 16, 4, 13, 11, 19, 17, 20, 25, 2, 28, 1, 5]",14.8701069
./random_graph_db/graph_db_node_29/10_p0.7/10_graph_n29_p0.7_idx7.gpickle,29,0.7,7,12,146,341,"[4, 11, 22, 26, 14, 13, 10, 20, 15, 8, 5, 1, 19, 2, 18, 23, 17, 21, 27, 6, 3, 7, 9, 28, 16, 12, 25, 0, 24]",15.4007871
./random_graph_db/graph_db_node_29/10_p0.7/10_graph_n29_p0.7_idx8.gpickle,29,0.7,8,12,123,269,"[9, 17, 18, 15, 28, 20, 27, 14, 0, 21, 3, 16, 10, 2, 22, 23, 12, 11, 25, 19, 26, 7, 8, 13, 5, 4, 24, 1, 6]",13.8663611
./random_graph_db/graph_db_node_29/10_p0.7/10_graph_n29_p0.7_idx9.gpickle,29,0.7,9,13,141,310,"[23, 26, 6, 16, 4, 5, 8, 18, 21, 22, 19, 10, 12, 17, 24, 11, 1, 27, 15, 3, 2, 13, 9, 0, 7, 25, 14, 28, 20]",15.192513
./random_graph_db/graph_db_node_29/11_p0.8/11_graph_n29_p0.8_idx1.gpickle,29,0.8,1,11,113,266,"[16, 21, 0, 19, 22, 28, 26, 8, 17, 27, 15, 11, 13, 9, 20, 6, 24, 12, 10, 2, 18, 7, 14, 4, 1, 3, 23, 5, 25]",13.3787851
./random_graph_db/graph_db_node_29/11_p0.8/11_graph_n29_p0.8_idx10.gpickle,29,0.8,10,11,119,256,"[9, 13, 14, 6, 24, 10, 8, 20, 2, 19, 18, 17, 12, 5, 25, 22, 7, 15, 27, 3, 1, 11, 28, 21, 23, 16, 4, 0, 26]",12.886296
./random_graph_db/graph_db_node_29/11_p0.8/11_graph_n29_p0.8_idx2.gpickle,29,0.8,2,11,101,245,"[5, 7, 8, 12, 4, 24, 3, 28, 27, 14, 1, 11, 20, 25, 16, 15, 17, 22, 19, 18, 13, 21, 10, 23, 6, 2, 0, 9, 26]",12.573504
./random_graph_db/graph_db_node_29/11_p0.8/11_graph_n29_p0.8_idx3.gpickle,29,0.8,3,12,131,303,"[15, 25, 21, 13, 12, 0, 14, 1, 2, 28, 3, 18, 8, 9, 4, 7, 26, 6, 11, 24, 16, 10, 19, 23, 27, 17, 5, 22, 20]",18.3838589
./random_graph_db/graph_db_node_29/11_p0.8/11_graph_n29_p0.8_idx4.gpickle,29,0.8,4,9,89,209,"[0, 6, 5, 17, 10, 18, 12, 4, 22, 25, 13, 8, 1, 14, 7, 21, 15, 11, 20, 24, 23, 19, 16, 3, 27, 2, 9, 26, 28]",19.5999937
./random_graph_db/graph_db_node_29/11_p0.8/11_graph_n29_p0.8_idx5.gpickle,29,0.8,5,11,124,295,"[12, 26, 20, 9, 6, 25, 4, 14, 8, 21, 17, 23, 15, 10, 1, 3, 28, 18, 0, 24, 13, 5, 11, 16, 19, 7, 27, 22, 2]",13.5779757
./random_graph_db/graph_db_node_29/11_p0.8/11_graph_n29_p0.8_idx6.gpickle,29,0.8,6,10,87,207,"[12, 4, 15, 24, 9, 19, 26, 5, 3, 20, 23, 7, 17, 1, 8, 22, 21, 6, 0, 18, 28, 11, 10, 27, 13, 25, 14, 2, 16]",19.514708
./random_graph_db/graph_db_node_29/11_p0.8/11_graph_n29_p0.8_idx7.gpickle,29,0.8,7,12,130,289,"[5, 27, 20, 18, 21, 19, 17, 6, 25, 24, 26, 1, 10, 22, 15, 4, 8, 0, 28, 2, 23, 12, 9, 16, 7, 11, 13, 3, 14]",23.1050599
./random_graph_db/graph_db_node_29/11_p0.8/11_graph_n29_p0.8_idx8.gpickle,29,0.8,8,11,91,217,"[22, 21, 1, 7, 14, 13, 6, 24, 8, 11, 12, 27, 23, 26, 2, 0, 5, 16, 28, 18, 25, 20, 3, 17, 10, 19, 15, 9, 4]",22.3752909
./random_graph_db/graph_db_node_29/11_p0.8/11_graph_n29_p0.8_idx9.gpickle,29,0.8,9,11,96,222,"[14, 25, 1, 17, 20, 5, 28, 15, 2, 6, 24, 18, 16, 8, 9, 3, 10, 12, 19, 23, 0, 4, 22, 26, 13, 21, 7, 27, 11]",13.6089561
./random_graph_db/graph_db_node_29/12_p0.9/12_graph_n29_p0.9_idx1.gpickle,29,0.9,1,11,48,143,"[15, 21, 0, 11, 5, 28, 18, 26, 25, 22, 16, 14, 10, 8, 17, 3, 12, 20, 19, 27, 9, 7, 23, 4, 24, 1, 2, 13, 6]",9.6777031
./random_graph_db/graph_db_node_29/12_p0.9/12_graph_n29_p0.9_idx10.gpickle,29,0.9,10,6,37,110,"[5, 3, 17, 19, 15, 22, 27, 16, 0, 11, 24, 26, 14, 10, 28, 21, 12, 2, 18, 23, 13, 25, 1, 6, 9, 4, 8, 20, 7]",8.0489058
./random_graph_db/graph_db_node_29/12_p0.9/12_graph_n29_p0.9_idx2.gpickle,29,0.9,2,7,53,133,"[11, 5, 14, 18, 8, 21, 9, 4, 10, 3, 19, 16, 25, 23, 24, 7, 15, 28, 1, 13, 22, 12, 2, 17, 6, 0, 26, 20, 27]",10.4059129
./random_graph_db/graph_db_node_29/12_p0.9/12_graph_n29_p0.9_idx3.gpickle,29,0.9,3,8,60,139,"[28, 15, 2, 25, 19, 20, 9, 22, 12, 11, 16, 26, 0, 8, 27, 14, 18, 17, 24, 10, 3, 23, 13, 1, 6, 7, 21, 5, 4]",17.244154
./random_graph_db/graph_db_node_29/12_p0.9/12_graph_n29_p0.9_idx4.gpickle,29,0.9,4,7,49,110,"[23, 6, 7, 11, 14, 25, 5, 13, 10, 4, 1, 28, 16, 24, 26, 27, 8, 21, 18, 3, 20, 2, 19, 22, 9, 0, 17, 12, 15]",9.687314
./random_graph_db/graph_db_node_29/12_p0.9/12_graph_n29_p0.9_idx5.gpickle,29,0.9,5,6,29,84,"[15, 20, 2, 8, 21, 5, 10, 27, 12, 11, 1, 13, 9, 28, 16, 6, 17, 26, 25, 19, 23, 0, 7, 18, 24, 14, 22, 3, 4]",7.7358849
./random_graph_db/graph_db_node_29/12_p0.9/12_graph_n29_p0.9_idx6.gpickle,29,0.9,6,6,42,108,"[1, 15, 21, 3, 9, 7, 24, 28, 6, 20, 23, 5, 12, 17, 13, 11, 14, 2, 4, 0, 10, 26, 18, 16, 27, 19, 22, 25, 8]",8.1565807
./random_graph_db/graph_db_node_29/12_p0.9/12_graph_n29_p0.9_idx7.gpickle,29,0.9,7,7,36,126,"[17, 8, 18, 2, 19, 11, 22, 6, 14, 16, 9, 4, 25, 15, 10, 1, 28, 5, 7, 24, 27, 21, 20, 3, 26, 23, 13, 12, 0]",7.9551497
./random_graph_db/graph_db_node_29/12_p0.9/12_graph_n29_p0.9_idx8.gpickle,29,0.9,8,7,65,170,"[8, 2, 5, 19, 11, 28, 23, 7, 6, 27, 20, 16, 14, 18, 24, 21, 1, 13, 12, 15, 4, 0, 22, 26, 17, 25, 3, 10, 9]",9.3500109
./random_graph_db/graph_db_node_29/12_p0.9/12_graph_n29_p0.9_idx9.gpickle,29,0.9,9,8,73,168,"[0, 5, 9, 20, 27, 22, 19, 23, 24, 15, 14, 12, 11, 13, 18, 16, 6, 8, 17, 4, 28, 10, 2, 26, 3, 7, 21, 1, 25]",13.9743931
./random_graph_db/graph_db_node_30/01_p0.1/01_graph_n30_p0.1_idx1.gpickle,30,0.1,1,5,21,67,"[1, 6, 12, 27, 14, 2, 9, 24, 11, 8, 18, 13, 16, 20, 21, 25, 22, 15, 0, 26, 5, 4, 28, 23, 3, 29, 19, 10, 7, 17]",7.7269471
./random_graph_db/graph_db_node_30/01_p0.1/01_graph_n30_p0.1_idx10.gpickle,30,0.1,10,7,35,92,"[18, 7, 21, 9, 26, 11, 12, 10, 20, 17, 8, 23, 6, 2, 24, 28, 1, 19, 0, 27, 3, 4, 14, 22, 25, 5, 13, 16, 29, 15]",7.7689428
./random_graph_db/graph_db_node_30/01_p0.1/01_graph_n30_p0.1_idx2.gpickle,30,0.1,2,7,30,87,"[0, 14, 8, 21, 3, 17, 9, 7, 6, 22, 28, 5, 11, 24, 16, 1, 15, 18, 27, 20, 2, 25, 23, 13, 12, 19, 29, 26, 4, 10]",7.528913
./random_graph_db/graph_db_node_30/01_p0.1/01_graph_n30_p0.1_idx3.gpickle,30,0.1,3,6,32,97,"[17, 8, 7, 12, 20, 9, 25, 19, 28, 29, 4, 2, 18, 21, 14, 3, 15, 22, 16, 13, 0, 23, 24, 26, 5, 1, 6, 10, 27, 11]",7.6685071
./random_graph_db/graph_db_node_30/01_p0.1/01_graph_n30_p0.1_idx4.gpickle,30,0.1,4,5,27,85,"[17, 8, 23, 25, 14, 19, 4, 27, 1, 20, 2, 21, 7, 5, 11, 28, 0, 24, 15, 29, 9, 18, 13, 10, 3, 6, 22, 12, 16, 26]",7.0486312
./random_graph_db/graph_db_node_30/01_p0.1/01_graph_n30_p0.1_idx5.gpickle,30,0.1,5,6,31,87,"[28, 26, 29, 25, 1, 27, 20, 4, 22, 14, 12, 10, 0, 13, 8, 16, 23, 5, 6, 17, 7, 3, 21, 2, 19, 24, 11, 15, 9, 18]",7.8291619
./random_graph_db/graph_db_node_30/01_p0.1/01_graph_n30_p0.1_idx6.gpickle,30,0.1,6,6,35,100,"[0, 10, 20, 19, 15, 17, 27, 28, 12, 13, 29, 21, 5, 26, 11, 22, 16, 24, 23, 18, 7, 25, 3, 14, 4, 8, 9, 6, 1, 2]",7.6282601
./random_graph_db/graph_db_node_30/01_p0.1/01_graph_n30_p0.1_idx7.gpickle,30,0.1,7,5,20,66,"[26, 4, 22, 2, 1, 5, 6, 11, 3, 10, 17, 13, 12, 25, 14, 19, 20, 29, 15, 9, 24, 16, 28, 7, 0, 23, 18, 8, 21, 27]",6.2364292
./random_graph_db/graph_db_node_30/01_p0.1/01_graph_n30_p0.1_idx8.gpickle,30,0.1,8,6,26,75,"[22, 13, 20, 6, 11, 23, 26, 21, 29, 16, 4, 5, 0, 2, 18, 25, 19, 8, 17, 15, 9, 3, 7, 12, 28, 10, 1, 24, 14, 27]",7.472105
./random_graph_db/graph_db_node_30/01_p0.1/01_graph_n30_p0.1_idx9.gpickle,30,0.1,9,7,33,95,"[26, 19, 11, 20, 21, 3, 25, 17, 14, 15, 5, 4, 28, 13, 16, 29, 0, 7, 8, 27, 1, 6, 22, 18, 24, 10, 9, 2, 23, 12]",9.8071518
./random_graph_db/graph_db_node_30/02_p0.2/02_graph_n30_p0.2_idx1.gpickle,30,0.2,1,11,101,237,"[5, 1, 15, 26, 25, 3, 2, 28, 0, 10, 16, 23, 13, 24, 19, 4, 22, 7, 18, 17, 6, 9, 14, 11, 20, 21, 27, 29, 8, 12]",11.1621199
./random_graph_db/graph_db_node_30/02_p0.2/02_graph_n30_p0.2_idx10.gpickle,30,0.2,10,11,90,211,"[24, 4, 26, 3, 14, 2, 11, 28, 21, 19, 23, 22, 20, 17, 6, 0, 18, 16, 5, 7, 25, 29, 13, 27, 8, 1, 12, 10, 9, 15]",9.8842518
./random_graph_db/graph_db_node_30/02_p0.2/02_graph_n30_p0.2_idx2.gpickle,30,0.2,2,12,102,255,"[6, 21, 19, 10, 3, 27, 1, 12, 14, 8, 20, 29, 26, 13, 16, 4, 5, 2, 25, 17, 23, 9, 24, 15, 11, 28, 18, 22, 7, 0]",18.4725442
./random_graph_db/graph_db_node_30/02_p0.2/02_graph_n30_p0.2_idx3.gpickle,30,0.2,3,10,97,236,"[16, 3, 1, 23, 11, 13, 15, 0, 4, 9, 21, 2, 20, 19, 12, 7, 18, 22, 27, 29, 5, 8, 17, 14, 24, 26, 28, 6, 10, 25]",10.724124
./random_graph_db/graph_db_node_30/02_p0.2/02_graph_n30_p0.2_idx4.gpickle,30,0.2,4,11,95,209,"[4, 29, 1, 23, 28, 3, 15, 16, 14, 7, 6, 26, 9, 24, 21, 5, 12, 2, 13, 25, 20, 19, 17, 27, 11, 10, 8, 22, 18, 0]",11.1824572
./random_graph_db/graph_db_node_30/02_p0.2/02_graph_n30_p0.2_idx5.gpickle,30,0.2,5,10,69,159,"[8, 4, 23, 15, 16, 19, 11, 5, 22, 10, 9, 27, 13, 21, 18, 0, 7, 25, 28, 1, 26, 3, 14, 29, 24, 12, 6, 17, 20, 2]",9.4179258
./random_graph_db/graph_db_node_30/02_p0.2/02_graph_n30_p0.2_idx6.gpickle,30,0.2,6,11,85,207,"[0, 14, 25, 15, 11, 16, 5, 8, 18, 12, 1, 28, 19, 3, 21, 10, 24, 29, 2, 7, 9, 6, 22, 27, 20, 26, 17, 4, 13, 23]",10.2352059
./random_graph_db/graph_db_node_30/02_p0.2/02_graph_n30_p0.2_idx7.gpickle,30,0.2,7,10,85,205,"[9, 29, 15, 22, 12, 4, 24, 17, 8, 23, 18, 7, 5, 28, 11, 10, 26, 20, 3, 0, 2, 14, 19, 21, 1, 16, 13, 6, 27, 25]",10.114078
./random_graph_db/graph_db_node_30/02_p0.2/02_graph_n30_p0.2_idx8.gpickle,30,0.2,8,10,86,183,"[13, 9, 0, 10, 4, 22, 20, 12, 6, 15, 16, 18, 29, 5, 3, 24, 28, 27, 17, 8, 2, 26, 25, 11, 23, 21, 19, 1, 14, 7]",10.2771924
./random_graph_db/graph_db_node_30/02_p0.2/02_graph_n30_p0.2_idx9.gpickle,30,0.2,9,10,83,179,"[9, 14, 2, 11, 20, 28, 12, 15, 29, 21, 13, 6, 25, 3, 5, 8, 16, 22, 17, 7, 4, 19, 26, 27, 10, 0, 23, 24, 18, 1]",10.6201339
./random_graph_db/graph_db_node_30/03_p0.3/03_graph_n30_p0.3_idx1.gpickle,30,0.3,1,13,152,311,"[26, 28, 27, 25, 2, 10, 23, 11, 0, 1, 7, 3, 14, 29, 15, 16, 22, 19, 6, 18, 12, 24, 13, 9, 8, 5, 21, 17, 20, 4]",12.8858707
./random_graph_db/graph_db_node_30/03_p0.3/03_graph_n30_p0.3_idx10.gpickle,30,0.3,10,13,149,338,"[7, 24, 0, 16, 6, 5, 23, 17, 12, 10, 27, 8, 20, 2, 18, 25, 1, 4, 13, 29, 19, 26, 14, 3, 22, 15, 9, 11, 21, 28]",13.0716858
./random_graph_db/graph_db_node_30/03_p0.3/03_graph_n30_p0.3_idx2.gpickle,30,0.3,2,12,152,338,"[5, 8, 28, 4, 29, 19, 7, 25, 13, 17, 11, 3, 0, 21, 6, 26, 24, 16, 14, 15, 20, 18, 2, 9, 1, 27, 23, 22, 10, 12]",12.9390981
./random_graph_db/graph_db_node_30/03_p0.3/03_graph_n30_p0.3_idx3.gpickle,30,0.3,3,12,150,338,"[21, 28, 5, 2, 7, 3, 22, 13, 1, 16, 26, 15, 23, 6, 27, 14, 9, 29, 24, 19, 10, 12, 25, 0, 17, 18, 11, 4, 8, 20]",13.2849119
./random_graph_db/graph_db_node_30/03_p0.3/03_graph_n30_p0.3_idx4.gpickle,30,0.3,4,13,144,309,"[1, 4, 19, 3, 28, 27, 8, 12, 2, 23, 11, 26, 10, 17, 18, 15, 5, 20, 22, 25, 7, 14, 24, 6, 0, 13, 29, 21, 16, 9]",15.8373919
./random_graph_db/graph_db_node_30/03_p0.3/03_graph_n30_p0.3_idx5.gpickle,30,0.3,5,12,139,317,"[20, 16, 11, 19, 15, 6, 12, 7, 27, 24, 14, 26, 18, 22, 17, 4, 25, 9, 2, 10, 23, 5, 29, 1, 0, 3, 8, 28, 21, 13]",12.6126559
./random_graph_db/graph_db_node_30/03_p0.3/03_graph_n30_p0.3_idx6.gpickle,30,0.3,6,11,135,335,"[16, 13, 20, 28, 25, 4, 8, 18, 5, 27, 26, 3, 11, 21, 2, 22, 12, 9, 14, 24, 0, 29, 6, 23, 10, 15, 19, 7, 17, 1]",18.45819
./random_graph_db/graph_db_node_30/03_p0.3/03_graph_n30_p0.3_idx7.gpickle,30,0.3,7,12,136,322,"[18, 28, 23, 25, 24, 9, 3, 19, 21, 26, 11, 20, 16, 4, 8, 14, 10, 27, 17, 7, 29, 15, 0, 6, 2, 12, 13, 5, 22, 1]",13.1316333
./random_graph_db/graph_db_node_30/03_p0.3/03_graph_n30_p0.3_idx8.gpickle,30,0.3,8,12,114,253,"[26, 8, 21, 14, 25, 16, 6, 5, 9, 15, 27, 4, 0, 18, 1, 20, 22, 3, 2, 12, 11, 17, 13, 23, 24, 10, 7, 29, 28, 19]",12.3911049
./random_graph_db/graph_db_node_30/03_p0.3/03_graph_n30_p0.3_idx9.gpickle,30,0.3,9,12,159,366,"[13, 4, 28, 9, 1, 16, 23, 12, 19, 27, 18, 20, 0, 24, 17, 14, 3, 2, 11, 6, 5, 22, 29, 8, 10, 21, 25, 7, 15, 26]",14.2775531
./random_graph_db/graph_db_node_30/04_p0.4/04_graph_n30_p0.4_idx1.gpickle,30,0.4,1,13,167,382,"[1, 14, 23, 19, 26, 3, 7, 16, 9, 4, 2, 6, 17, 15, 24, 25, 5, 12, 8, 18, 11, 27, 13, 29, 28, 0, 10, 22, 21, 20]",14.936631
./random_graph_db/graph_db_node_30/04_p0.4/04_graph_n30_p0.4_idx10.gpickle,30,0.4,10,13,174,380,"[18, 3, 15, 22, 23, 29, 0, 28, 27, 20, 8, 10, 19, 6, 12, 26, 5, 21, 25, 16, 1, 24, 7, 9, 17, 14, 11, 2, 4, 13]",14.9164188
./random_graph_db/graph_db_node_30/04_p0.4/04_graph_n30_p0.4_idx2.gpickle,30,0.4,2,13,167,368,"[23, 20, 11, 4, 1, 5, 13, 19, 22, 16, 17, 10, 27, 24, 15, 21, 12, 2, 26, 8, 18, 0, 6, 25, 14, 9, 28, 29, 7, 3]",15.2631552
./random_graph_db/graph_db_node_30/04_p0.4/04_graph_n30_p0.4_idx3.gpickle,30,0.4,3,13,192,398,"[27, 16, 29, 5, 11, 25, 20, 28, 23, 14, 3, 8, 12, 4, 13, 19, 15, 21, 6, 24, 22, 10, 9, 2, 1, 0, 26, 7, 17, 18]",14.668788
./random_graph_db/graph_db_node_30/04_p0.4/04_graph_n30_p0.4_idx4.gpickle,30,0.4,4,13,165,378,"[15, 10, 21, 19, 9, 0, 11, 1, 8, 4, 16, 5, 12, 29, 2, 23, 25, 20, 27, 7, 24, 13, 6, 26, 18, 3, 17, 28, 22, 14]",14.8364491
./random_graph_db/graph_db_node_30/04_p0.4/04_graph_n30_p0.4_idx5.gpickle,30,0.4,5,12,159,386,"[8, 23, 11, 16, 18, 26, 6, 4, 29, 20, 12, 14, 25, 10, 24, 21, 0, 17, 19, 1, 27, 2, 7, 28, 22, 5, 13, 15, 9, 3]",14.5197861
./random_graph_db/graph_db_node_30/04_p0.4/04_graph_n30_p0.4_idx6.gpickle,30,0.4,6,13,165,375,"[19, 1, 15, 4, 23, 6, 11, 0, 27, 26, 20, 3, 10, 22, 9, 24, 13, 2, 21, 16, 12, 7, 29, 25, 18, 17, 28, 14, 5, 8]",18.402143
./random_graph_db/graph_db_node_30/04_p0.4/04_graph_n30_p0.4_idx7.gpickle,30,0.4,7,14,171,390,"[28, 3, 25, 6, 9, 27, 13, 21, 4, 0, 26, 24, 14, 16, 19, 17, 15, 2, 1, 22, 10, 7, 5, 20, 11, 29, 12, 23, 8, 18]",14.9436197
./random_graph_db/graph_db_node_30/04_p0.4/04_graph_n30_p0.4_idx8.gpickle,30,0.4,8,12,155,373,"[18, 24, 12, 9, 28, 0, 3, 16, 7, 14, 27, 1, 6, 22, 21, 23, 2, 17, 13, 26, 15, 10, 20, 5, 8, 11, 4, 19, 25, 29]",15.1745901
./random_graph_db/graph_db_node_30/04_p0.4/04_graph_n30_p0.4_idx9.gpickle,30,0.4,9,13,165,378,"[3, 13, 15, 17, 26, 7, 19, 2, 1, 12, 18, 22, 29, 0, 24, 14, 10, 21, 23, 9, 20, 8, 16, 28, 4, 6, 5, 11, 25, 27]",14.4968429
./random_graph_db/graph_db_node_30/05_p0.45/05_graph_n30_p0.45_idx1.gpickle,30,0.45,1,13,186,409,"[23, 11, 8, 29, 16, 14, 4, 22, 18, 5, 24, 1, 0, 10, 2, 25, 13, 15, 27, 19, 7, 28, 6, 12, 20, 9, 17, 26, 3, 21]",14.4489179
./random_graph_db/graph_db_node_30/05_p0.45/05_graph_n30_p0.45_idx10.gpickle,30,0.45,10,13,182,404,"[10, 24, 7, 14, 0, 22, 19, 6, 29, 28, 21, 26, 27, 8, 4, 18, 17, 9, 3, 16, 25, 5, 23, 11, 12, 13, 20, 15, 1, 2]",15.7822521
./random_graph_db/graph_db_node_30/05_p0.45/05_graph_n30_p0.45_idx2.gpickle,30,0.45,2,13,175,382,"[9, 3, 14, 7, 2, 8, 26, 15, 29, 24, 6, 25, 13, 12, 5, 28, 22, 23, 0, 17, 27, 1, 16, 4, 18, 20, 11, 10, 21, 19]",14.4198563
./random_graph_db/graph_db_node_30/05_p0.45/05_graph_n30_p0.45_idx3.gpickle,30,0.45,3,13,174,389,"[23, 17, 0, 11, 18, 19, 22, 12, 6, 10, 25, 29, 16, 4, 1, 3, 14, 13, 15, 8, 28, 20, 2, 24, 26, 21, 9, 7, 27, 5]",14.7408082
./random_graph_db/graph_db_node_30/05_p0.45/05_graph_n30_p0.45_idx4.gpickle,30,0.45,4,12,161,376,"[0, 8, 17, 21, 3, 26, 16, 7, 27, 13, 15, 24, 20, 14, 19, 12, 5, 18, 28, 23, 1, 22, 2, 4, 11, 6, 25, 9, 29, 10]",14.194401
./random_graph_db/graph_db_node_30/05_p0.45/05_graph_n30_p0.45_idx5.gpickle,30,0.45,5,14,176,397,"[24, 22, 29, 1, 23, 10, 28, 14, 4, 0, 19, 15, 8, 12, 27, 3, 7, 13, 26, 25, 21, 20, 11, 9, 6, 2, 17, 16, 5, 18]",14.4633391
./random_graph_db/graph_db_node_30/05_p0.45/05_graph_n30_p0.45_idx6.gpickle,30,0.45,6,13,182,434,"[16, 10, 8, 7, 25, 22, 29, 15, 14, 3, 12, 11, 20, 28, 19, 21, 27, 17, 13, 4, 9, 1, 18, 26, 24, 6, 5, 23, 2, 0]",14.6861069
./random_graph_db/graph_db_node_30/05_p0.45/05_graph_n30_p0.45_idx7.gpickle,30,0.45,7,14,184,416,"[13, 1, 27, 0, 29, 7, 17, 9, 10, 3, 28, 2, 19, 26, 20, 8, 24, 11, 25, 4, 21, 18, 16, 6, 14, 5, 12, 15, 22, 23]",15.0025461
./random_graph_db/graph_db_node_30/05_p0.45/05_graph_n30_p0.45_idx8.gpickle,30,0.45,8,13,176,411,"[20, 22, 8, 6, 4, 27, 23, 26, 21, 19, 3, 15, 11, 10, 5, 1, 9, 28, 0, 25, 16, 7, 14, 2, 24, 13, 18, 12, 29, 17]",14.9686649
./random_graph_db/graph_db_node_30/05_p0.45/05_graph_n30_p0.45_idx9.gpickle,30,0.45,9,12,143,322,"[14, 12, 10, 4, 28, 0, 2, 7, 24, 15, 18, 23, 19, 3, 29, 22, 8, 11, 16, 21, 26, 5, 9, 17, 13, 6, 20, 1, 27, 25]",25.4227741
./random_graph_db/graph_db_node_30/06_p0.5/06_graph_n30_p0.5_idx1.gpickle,30,0.5,1,14,181,395,"[4, 15, 13, 12, 25, 11, 9, 20, 5, 18, 21, 7, 3, 28, 24, 2, 19, 26, 17, 0, 10, 29, 14, 1, 27, 16, 8, 6, 22, 23]",14.8510761
./random_graph_db/graph_db_node_30/06_p0.5/06_graph_n30_p0.5_idx10.gpickle,30,0.5,10,13,165,381,"[12, 16, 18, 13, 24, 5, 10, 19, 2, 9, 14, 15, 26, 23, 28, 25, 11, 6, 1, 29, 22, 27, 20, 21, 17, 7, 3, 8, 4, 0]",14.0556269
./random_graph_db/graph_db_node_30/06_p0.5/06_graph_n30_p0.5_idx2.gpickle,30,0.5,2,12,178,416,"[7, 9, 17, 25, 13, 14, 24, 16, 1, 19, 0, 20, 29, 12, 2, 4, 28, 3, 22, 10, 8, 5, 15, 11, 18, 23, 26, 27, 21, 6]",25.9818623
./random_graph_db/graph_db_node_30/06_p0.5/06_graph_n30_p0.5_idx3.gpickle,30,0.5,3,13,191,434,"[26, 4, 12, 3, 14, 9, 17, 15, 19, 11, 5, 20, 23, 8, 21, 28, 13, 29, 22, 16, 18, 25, 10, 2, 27, 24, 7, 6, 0, 1]",14.439739
./random_graph_db/graph_db_node_30/06_p0.5/06_graph_n30_p0.5_idx4.gpickle,30,0.5,4,13,148,350,"[27, 7, 11, 2, 10, 9, 28, 15, 12, 1, 19, 25, 4, 0, 6, 14, 17, 29, 8, 18, 24, 16, 22, 21, 5, 20, 3, 13, 26, 23]",23.832231
./random_graph_db/graph_db_node_30/06_p0.5/06_graph_n30_p0.5_idx5.gpickle,30,0.5,5,13,176,393,"[0, 20, 29, 23, 4, 9, 18, 2, 28, 21, 19, 12, 27, 14, 3, 11, 24, 15, 7, 8, 6, 26, 10, 25, 13, 16, 5, 17, 1, 22]",14.6315122
./random_graph_db/graph_db_node_30/06_p0.5/06_graph_n30_p0.5_idx6.gpickle,30,0.5,6,13,175,399,"[23, 13, 6, 26, 15, 7, 0, 2, 12, 19, 25, 24, 20, 27, 4, 29, 10, 3, 18, 1, 28, 22, 14, 8, 16, 21, 5, 17, 9, 11]",14.5749559
./random_graph_db/graph_db_node_30/06_p0.5/06_graph_n30_p0.5_idx7.gpickle,30,0.5,7,13,164,387,"[6, 23, 2, 9, 27, 19, 8, 28, 12, 7, 13, 0, 3, 26, 29, 11, 16, 4, 10, 15, 1, 18, 17, 22, 5, 21, 14, 24, 25, 20]",14.4285481
./random_graph_db/graph_db_node_30/06_p0.5/06_graph_n30_p0.5_idx8.gpickle,30,0.5,8,13,190,430,"[11, 12, 6, 8, 27, 20, 19, 22, 13, 1, 25, 7, 9, 26, 5, 17, 28, 18, 29, 10, 4, 0, 2, 16, 24, 21, 14, 23, 15, 3]",15.2737858
./random_graph_db/graph_db_node_30/06_p0.5/06_graph_n30_p0.5_idx9.gpickle,30,0.5,9,12,170,426,"[13, 22, 10, 12, 7, 0, 26, 3, 23, 8, 15, 18, 2, 5, 14, 24, 17, 11, 21, 6, 29, 25, 1, 16, 28, 27, 19, 4, 9, 20]",25.0424201
./random_graph_db/graph_db_node_30/07_p0.55/07_graph_n30_p0.55_idx1.gpickle,30,0.55,1,13,166,368,"[19, 3, 2, 14, 7, 23, 21, 28, 27, 11, 12, 26, 20, 4, 1, 8, 9, 5, 25, 13, 29, 15, 24, 17, 16, 10, 22, 6, 18, 0]",21.1818211
./random_graph_db/graph_db_node_30/07_p0.55/07_graph_n30_p0.55_idx10.gpickle,30,0.55,10,13,187,418,"[9, 14, 13, 1, 21, 8, 12, 27, 4, 11, 16, 2, 17, 3, 7, 20, 25, 29, 26, 22, 6, 5, 15, 24, 23, 19, 10, 0, 18, 28]",14.7933509
./random_graph_db/graph_db_node_30/07_p0.55/07_graph_n30_p0.55_idx2.gpickle,30,0.55,2,12,148,337,"[4, 19, 2, 9, 8, 1, 13, 6, 28, 18, 22, 17, 14, 23, 7, 12, 24, 26, 15, 20, 21, 16, 10, 29, 25, 3, 0, 5, 11, 27]",14.2547038
./random_graph_db/graph_db_node_30/07_p0.55/07_graph_n30_p0.55_idx3.gpickle,30,0.55,3,13,174,380,"[14, 24, 21, 8, 23, 6, 0, 9, 16, 13, 1, 17, 5, 3, 10, 29, 27, 12, 22, 26, 7, 2, 20, 25, 4, 28, 11, 18, 15, 19]",14.7830729
./random_graph_db/graph_db_node_30/07_p0.55/07_graph_n30_p0.55_idx4.gpickle,30,0.55,4,12,166,372,"[7, 13, 12, 24, 19, 22, 27, 20, 6, 28, 4, 10, 3, 17, 1, 26, 23, 25, 9, 18, 2, 21, 5, 16, 8, 29, 11, 14, 0, 15]",22.189878
./random_graph_db/graph_db_node_30/07_p0.55/07_graph_n30_p0.55_idx5.gpickle,30,0.55,5,13,163,358,"[17, 22, 2, 5, 16, 24, 27, 4, 12, 3, 7, 10, 18, 1, 13, 19, 11, 25, 26, 15, 21, 6, 28, 8, 9, 14, 0, 23, 20, 29]",15.100688
./random_graph_db/graph_db_node_30/07_p0.55/07_graph_n30_p0.55_idx6.gpickle,30,0.55,6,13,176,383,"[26, 19, 11, 21, 20, 8, 1, 17, 24, 16, 0, 25, 23, 9, 4, 5, 10, 27, 2, 15, 29, 28, 6, 12, 7, 18, 13, 14, 3, 22]",18.216547
./random_graph_db/graph_db_node_30/07_p0.55/07_graph_n30_p0.55_idx7.gpickle,30,0.55,7,13,165,368,"[6, 0, 29, 3, 26, 24, 11, 23, 22, 10, 9, 28, 18, 13, 17, 25, 27, 15, 12, 14, 20, 7, 21, 19, 2, 4, 5, 16, 8, 1]",16.0311859
./random_graph_db/graph_db_node_30/07_p0.55/07_graph_n30_p0.55_idx8.gpickle,30,0.55,8,12,147,340,"[12, 20, 8, 14, 27, 10, 5, 16, 29, 15, 17, 1, 26, 21, 18, 23, 4, 11, 3, 24, 0, 13, 2, 7, 25, 6, 9, 28, 22, 19]",14.0274079
./random_graph_db/graph_db_node_30/07_p0.55/07_graph_n30_p0.55_idx9.gpickle,30,0.55,9,13,167,382,"[18, 24, 21, 3, 2, 22, 7, 27, 5, 17, 14, 12, 13, 6, 23, 25, 19, 29, 28, 1, 8, 20, 10, 15, 0, 26, 4, 11, 9, 16]",17.8274469
./random_graph_db/graph_db_node_30/08_p0.6/08_graph_n30_p0.6_idx1.gpickle,30,0.6,1,13,175,390,"[7, 21, 25, 16, 6, 12, 4, 22, 14, 29, 17, 19, 20, 13, 28, 8, 26, 1, 10, 9, 15, 0, 23, 24, 18, 27, 5, 2, 3, 11]",14.6172779
./random_graph_db/graph_db_node_30/08_p0.6/08_graph_n30_p0.6_idx10.gpickle,30,0.6,10,13,180,405,"[21, 11, 15, 13, 8, 18, 17, 4, 2, 6, 25, 22, 3, 12, 27, 26, 16, 5, 9, 0, 1, 19, 14, 7, 28, 23, 10, 29, 20, 24]",15.0612948
./random_graph_db/graph_db_node_30/08_p0.6/08_graph_n30_p0.6_idx2.gpickle,30,0.6,2,13,172,411,"[7, 4, 28, 19, 16, 14, 13, 2, 9, 20, 8, 3, 12, 6, 0, 18, 17, 11, 5, 10, 29, 23, 27, 25, 15, 26, 24, 22, 1, 21]",14.3892701
./random_graph_db/graph_db_node_30/08_p0.6/08_graph_n30_p0.6_idx3.gpickle,30,0.6,3,13,163,372,"[18, 7, 4, 10, 17, 8, 19, 23, 9, 5, 22, 16, 28, 12, 14, 2, 15, 1, 20, 3, 26, 13, 6, 21, 25, 27, 11, 24, 0, 29]",14.8120289
./random_graph_db/graph_db_node_30/08_p0.6/08_graph_n30_p0.6_idx4.gpickle,30,0.6,4,12,167,387,"[18, 28, 29, 7, 16, 24, 20, 3, 1, 9, 4, 6, 0, 5, 8, 27, 13, 21, 15, 17, 11, 10, 2, 12, 22, 19, 26, 14, 23, 25]",15.0472
./random_graph_db/graph_db_node_30/08_p0.6/08_graph_n30_p0.6_idx5.gpickle,30,0.6,5,12,154,360,"[12, 26, 0, 19, 6, 29, 9, 15, 24, 17, 16, 4, 10, 28, 1, 13, 11, 7, 18, 5, 21, 27, 23, 22, 20, 2, 14, 3, 25, 8]",14.2318699
./random_graph_db/graph_db_node_30/08_p0.6/08_graph_n30_p0.6_idx6.gpickle,30,0.6,6,13,171,377,"[7, 18, 25, 11, 6, 15, 10, 2, 5, 27, 20, 1, 16, 17, 3, 26, 0, 9, 24, 22, 28, 29, 21, 19, 13, 14, 23, 12, 8, 4]",14.138639
./random_graph_db/graph_db_node_30/08_p0.6/08_graph_n30_p0.6_idx7.gpickle,30,0.6,7,13,162,362,"[5, 20, 2, 28, 29, 16, 19, 3, 24, 25, 22, 26, 18, 27, 10, 7, 21, 14, 11, 12, 9, 6, 23, 4, 0, 17, 1, 15, 13, 8]",14.4158342
./random_graph_db/graph_db_node_30/08_p0.6/08_graph_n30_p0.6_idx8.gpickle,30,0.6,8,13,166,379,"[20, 12, 19, 1, 14, 2, 26, 0, 21, 5, 24, 6, 7, 10, 15, 4, 13, 18, 29, 3, 16, 22, 8, 25, 11, 9, 17, 28, 27, 23]",15.709096
./random_graph_db/graph_db_node_30/08_p0.6/08_graph_n30_p0.6_idx9.gpickle,30,0.6,9,13,193,437,"[12, 13, 8, 1, 16, 0, 29, 19, 27, 9, 4, 21, 14, 28, 6, 10, 17, 18, 5, 20, 26, 2, 15, 23, 11, 22, 25, 24, 3, 7]",14.9757881
./random_graph_db/graph_db_node_30/09_p0.65/09_graph_n30_p0.65_idx1.gpickle,30,0.65,1,14,174,387,"[10, 7, 28, 21, 16, 14, 15, 6, 18, 24, 29, 25, 1, 17, 12, 19, 4, 27, 26, 2, 11, 5, 13, 0, 9, 8, 23, 22, 3, 20]",14.0924549
./random_graph_db/graph_db_node_30/09_p0.65/09_graph_n30_p0.65_idx10.gpickle,30,0.65,10,13,168,393,"[19, 13, 4, 16, 2, 9, 21, 29, 12, 24, 6, 15, 25, 11, 5, 3, 18, 7, 1, 26, 28, 23, 8, 10, 14, 17, 20, 27, 22, 0]",15.2912531
./random_graph_db/graph_db_node_30/09_p0.65/09_graph_n30_p0.65_idx2.gpickle,30,0.65,2,14,204,446,"[1, 0, 10, 8, 12, 16, 4, 15, 3, 25, 28, 18, 27, 21, 9, 2, 22, 19, 20, 24, 26, 11, 7, 14, 6, 23, 13, 5, 29, 17]",16.1610551
./random_graph_db/graph_db_node_30/09_p0.65/09_graph_n30_p0.65_idx3.gpickle,30,0.65,3,12,150,345,"[14, 6, 2, 20, 19, 17, 16, 22, 1, 3, 28, 0, 23, 15, 10, 5, 24, 7, 29, 4, 8, 13, 25, 12, 21, 9, 11, 26, 27, 18]",13.8454273
./random_graph_db/graph_db_node_30/09_p0.65/09_graph_n30_p0.65_idx4.gpickle,30,0.65,4,13,158,367,"[11, 12, 9, 13, 7, 1, 29, 8, 26, 0, 23, 18, 14, 25, 2, 17, 20, 15, 24, 22, 5, 6, 28, 27, 16, 21, 10, 4, 3, 19]",13.8737569
./random_graph_db/graph_db_node_30/09_p0.65/09_graph_n30_p0.65_idx5.gpickle,30,0.65,5,14,177,391,"[16, 12, 2, 0, 17, 11, 29, 28, 26, 19, 14, 7, 3, 9, 13, 8, 10, 23, 5, 21, 25, 24, 20, 22, 1, 18, 6, 27, 4, 15]",14.3811648
./random_graph_db/graph_db_node_30/09_p0.65/09_graph_n30_p0.65_idx6.gpickle,30,0.65,6,14,188,439,"[26, 2, 13, 18, 23, 4, 19, 20, 21, 17, 5, 11, 24, 10, 22, 1, 16, 27, 28, 29, 8, 0, 14, 15, 25, 6, 7, 12, 9, 3]",14.831923
./random_graph_db/graph_db_node_30/09_p0.65/09_graph_n30_p0.65_idx7.gpickle,30,0.65,7,14,183,385,"[22, 14, 6, 0, 7, 24, 21, 27, 17, 15, 16, 4, 28, 9, 11, 12, 8, 13, 5, 3, 18, 1, 20, 10, 25, 19, 23, 26, 29, 2]",13.984015
./random_graph_db/graph_db_node_30/09_p0.65/09_graph_n30_p0.65_idx8.gpickle,30,0.65,8,12,152,367,"[17, 27, 3, 5, 29, 10, 7, 21, 22, 28, 4, 23, 24, 19, 16, 0, 12, 18, 9, 20, 1, 6, 25, 13, 8, 2, 11, 26, 14, 15]",13.9354391
./random_graph_db/graph_db_node_30/09_p0.65/09_graph_n30_p0.65_idx9.gpickle,30,0.65,9,13,183,433,"[12, 2, 11, 13, 23, 9, 24, 7, 3, 10, 4, 16, 19, 1, 27, 15, 0, 8, 26, 5, 18, 29, 28, 25, 20, 6, 14, 21, 22, 17]",15.4915378
./random_graph_db/graph_db_node_30/10_p0.7/10_graph_n30_p0.7_idx1.gpickle,30,0.7,1,13,184,424,"[22, 24, 25, 19, 1, 8, 14, 28, 29, 21, 9, 6, 27, 26, 11, 20, 16, 3, 12, 4, 17, 13, 7, 23, 15, 10, 0, 2, 5, 18]",15.0000257
./random_graph_db/graph_db_node_30/10_p0.7/10_graph_n30_p0.7_idx10.gpickle,30,0.7,10,12,171,410,"[25, 20, 1, 4, 9, 3, 27, 5, 6, 7, 23, 12, 17, 8, 28, 13, 22, 2, 16, 19, 21, 29, 18, 14, 15, 0, 10, 26, 24, 11]",14.4482429
./random_graph_db/graph_db_node_30/10_p0.7/10_graph_n30_p0.7_idx2.gpickle,30,0.7,2,12,175,401,"[16, 14, 9, 13, 22, 15, 0, 29, 20, 7, 2, 25, 26, 23, 1, 11, 18, 19, 17, 24, 8, 4, 10, 12, 5, 28, 21, 6, 3, 27]",14.7590823
./random_graph_db/graph_db_node_30/10_p0.7/10_graph_n30_p0.7_idx3.gpickle,30,0.7,3,13,172,391,"[22, 12, 24, 10, 29, 19, 11, 26, 8, 17, 2, 6, 13, 1, 4, 9, 3, 28, 18, 21, 25, 23, 27, 15, 0, 16, 5, 20, 7, 14]",14.9523239
./random_graph_db/graph_db_node_30/10_p0.7/10_graph_n30_p0.7_idx4.gpickle,30,0.7,4,13,168,386,"[8, 4, 22, 19, 24, 15, 29, 13, 18, 17, 23, 1, 0, 16, 28, 14, 27, 7, 12, 21, 26, 11, 3, 20, 9, 6, 2, 10, 5, 25]",15.552026
./random_graph_db/graph_db_node_30/10_p0.7/10_graph_n30_p0.7_idx5.gpickle,30,0.7,5,13,163,387,"[10, 27, 2, 25, 23, 11, 17, 3, 5, 22, 15, 7, 9, 16, 12, 19, 4, 29, 8, 0, 26, 13, 20, 6, 1, 14, 21, 28, 18, 24]",14.3226199
./random_graph_db/graph_db_node_30/10_p0.7/10_graph_n30_p0.7_idx6.gpickle,30,0.7,6,12,144,344,"[8, 22, 13, 3, 19, 14, 15, 5, 17, 0, 10, 26, 20, 24, 23, 28, 29, 27, 12, 25, 21, 16, 11, 2, 4, 7, 18, 1, 9, 6]",13.7833431
./random_graph_db/graph_db_node_30/10_p0.7/10_graph_n30_p0.7_idx7.gpickle,30,0.7,7,13,153,367,"[13, 9, 11, 14, 17, 3, 28, 24, 7, 15, 18, 1, 10, 6, 20, 26, 22, 16, 8, 4, 21, 0, 25, 12, 5, 27, 23, 19, 2, 29]",14.353694
./random_graph_db/graph_db_node_30/10_p0.7/10_graph_n30_p0.7_idx8.gpickle,30,0.7,8,13,164,379,"[24, 19, 16, 2, 18, 17, 23, 8, 0, 25, 9, 13, 1, 14, 4, 11, 15, 6, 28, 22, 12, 5, 26, 7, 27, 10, 29, 3, 20, 21]",14.030561
./random_graph_db/graph_db_node_30/10_p0.7/10_graph_n30_p0.7_idx9.gpickle,30,0.7,9,12,151,339,"[22, 6, 28, 1, 14, 18, 29, 21, 24, 8, 27, 15, 11, 4, 13, 12, 9, 7, 0, 17, 20, 16, 5, 23, 26, 19, 3, 25, 10, 2]",13.330785
./random_graph_db/graph_db_node_30/11_p0.8/11_graph_n30_p0.8_idx1.gpickle,30,0.8,1,11,111,264,"[20, 28, 7, 3, 12, 23, 11, 24, 15, 0, 6, 9, 22, 4, 8, 29, 13, 19, 26, 18, 10, 2, 25, 1, 14, 21, 16, 27, 5, 17]",11.3514378
./random_graph_db/graph_db_node_30/11_p0.8/11_graph_n30_p0.8_idx10.gpickle,30,0.8,10,11,124,287,"[27, 22, 6, 1, 29, 12, 21, 16, 11, 4, 8, 17, 26, 0, 5, 20, 25, 18, 7, 2, 15, 9, 14, 3, 10, 24, 19, 28, 23, 13]",12.28778
./random_graph_db/graph_db_node_30/11_p0.8/11_graph_n30_p0.8_idx2.gpickle,30,0.8,2,11,108,247,"[25, 13, 18, 6, 28, 23, 0, 16, 9, 17, 2, 22, 15, 24, 4, 10, 1, 20, 26, 19, 3, 27, 21, 14, 12, 11, 29, 5, 8, 7]",12.0948961
./random_graph_db/graph_db_node_30/11_p0.8/11_graph_n30_p0.8_idx3.gpickle,30,0.8,3,11,154,348,"[16, 9, 13, 2, 26, 25, 27, 15, 8, 19, 23, 6, 5, 14, 21, 18, 17, 11, 28, 10, 22, 29, 12, 4, 20, 3, 7, 1, 0, 24]",12.7476192
./random_graph_db/graph_db_node_30/11_p0.8/11_graph_n30_p0.8_idx4.gpickle,30,0.8,4,12,128,301,"[28, 26, 1, 24, 9, 3, 7, 12, 16, 20, 18, 29, 27, 13, 14, 5, 10, 19, 25, 6, 22, 17, 8, 23, 2, 11, 15, 4, 21, 0]",12.40239
./random_graph_db/graph_db_node_30/11_p0.8/11_graph_n30_p0.8_idx5.gpickle,30,0.8,5,11,135,303,"[29, 11, 3, 2, 8, 12, 0, 9, 26, 13, 21, 25, 16, 7, 14, 28, 5, 24, 17, 15, 27, 6, 18, 22, 4, 19, 20, 1, 10, 23]",13.0002871
./random_graph_db/graph_db_node_30/11_p0.8/11_graph_n30_p0.8_idx6.gpickle,30,0.8,6,11,115,257,"[24, 21, 10, 7, 14, 16, 12, 13, 9, 0, 5, 6, 22, 29, 3, 2, 17, 8, 18, 1, 15, 4, 23, 11, 25, 27, 28, 19, 20, 26]",11.5335171
./random_graph_db/graph_db_node_30/11_p0.8/11_graph_n30_p0.8_idx7.gpickle,30,0.8,7,11,129,284,"[1, 22, 5, 13, 26, 9, 2, 21, 4, 12, 16, 17, 20, 24, 7, 18, 0, 6, 11, 27, 8, 25, 15, 28, 29, 14, 3, 23, 19, 10]",12.4304457
./random_graph_db/graph_db_node_30/11_p0.8/11_graph_n30_p0.8_idx8.gpickle,30,0.8,8,12,127,293,"[14, 2, 10, 0, 20, 28, 12, 23, 16, 24, 4, 11, 19, 15, 27, 29, 5, 26, 8, 25, 17, 6, 1, 21, 9, 18, 13, 22, 7, 3]",12.5742919
./random_graph_db/graph_db_node_30/11_p0.8/11_graph_n30_p0.8_idx9.gpickle,30,0.8,9,11,145,329,"[16, 28, 5, 23, 19, 25, 0, 3, 18, 7, 14, 12, 21, 22, 11, 8, 2, 15, 29, 10, 13, 27, 26, 9, 6, 20, 4, 1, 17, 24]",14.0317881
./random_graph_db/graph_db_node_30/12_p0.9/12_graph_n30_p0.9_idx1.gpickle,30,0.9,1,8,66,182,"[9, 14, 22, 15, 25, 4, 10, 19, 5, 18, 24, 2, 16, 0, 29, 21, 26, 20, 28, 7, 12, 3, 1, 27, 17, 6, 23, 13, 11, 8]",10.1002789
./random_graph_db/graph_db_node_30/12_p0.9/12_graph_n30_p0.9_idx10.gpickle,30,0.9,10,7,48,124,"[9, 27, 25, 13, 23, 28, 10, 20, 6, 2, 17, 3, 24, 21, 11, 19, 7, 16, 4, 22, 1, 5, 18, 29, 14, 15, 26, 8, 0, 12]",9.6151559
./random_graph_db/graph_db_node_30/12_p0.9/12_graph_n30_p0.9_idx2.gpickle,30,0.9,2,8,58,137,"[9, 5, 4, 6, 0, 16, 27, 1, 20, 23, 24, 12, 14, 10, 18, 28, 15, 29, 17, 2, 11, 25, 26, 3, 21, 7, 13, 22, 19, 8]",9.5011568
./random_graph_db/graph_db_node_30/12_p0.9/12_graph_n30_p0.9_idx3.gpickle,30,0.9,3,11,88,169,"[3, 23, 12, 26, 2, 14, 29, 4, 1, 20, 17, 0, 8, 16, 22, 28, 10, 24, 7, 11, 6, 21, 27, 9, 18, 15, 25, 13, 5, 19]",10.5221338
./random_graph_db/graph_db_node_30/12_p0.9/12_graph_n30_p0.9_idx4.gpickle,30,0.9,4,7,56,147,"[28, 24, 22, 3, 6, 7, 25, 14, 21, 15, 23, 26, 12, 9, 0, 18, 5, 13, 4, 8, 1, 16, 20, 29, 27, 2, 11, 17, 19, 10]",8.9822941
./random_graph_db/graph_db_node_30/12_p0.9/12_graph_n30_p0.9_idx5.gpickle,30,0.9,5,7,43,102,"[25, 22, 15, 28, 23, 2, 14, 3, 18, 13, 6, 0, 20, 19, 1, 9, 26, 12, 10, 4, 29, 8, 5, 11, 21, 27, 16, 17, 7, 24]",8.6596689
./random_graph_db/graph_db_node_30/12_p0.9/12_graph_n30_p0.9_idx6.gpickle,30,0.9,6,6,55,148,"[9, 26, 0, 25, 23, 20, 13, 4, 29, 1, 12, 2, 24, 10, 16, 15, 7, 18, 22, 6, 5, 14, 11, 21, 28, 8, 27, 3, 17, 19]",8.086164
./random_graph_db/graph_db_node_30/12_p0.9/12_graph_n30_p0.9_idx7.gpickle,30,0.9,7,4,28,84,"[29, 23, 11, 8, 10, 18, 22, 28, 19, 9, 16, 25, 7, 6, 2, 1, 3, 12, 27, 20, 4, 14, 5, 21, 17, 13, 26, 15, 0, 24]",7.071398
./random_graph_db/graph_db_node_30/12_p0.9/12_graph_n30_p0.9_idx8.gpickle,30,0.9,8,9,57,144,"[0, 17, 24, 14, 1, 5, 13, 12, 8, 6, 11, 7, 22, 27, 21, 23, 3, 18, 29, 16, 28, 20, 25, 19, 4, 10, 26, 2, 9, 15]",8.2509823
./random_graph_db/graph_db_node_30/12_p0.9/12_graph_n30_p0.9_idx9.gpickle,30,0.9,9,10,72,160,"[0, 25, 27, 18, 14, 19, 1, 26, 12, 24, 6, 22, 23, 9, 5, 13, 4, 10, 2, 28, 29, 20, 8, 21, 7, 3, 17, 16, 11, 15]",13.6731701
./random_graph_db/graph_db_node_6/01_p0.1/01_graph_n6_p0.1_idx1.gpickle,6,0.1,1,1,0,7,"[3, 4, 2, 1, 5, 0]",0.074837
./random_graph_db/graph_db_node_6/01_p0.1/01_graph_n6_p0.1_idx10.gpickle,6,0.1,10,1,0,7,"[2, 4, 5, 3, 1, 0]",0.073029
./random_graph_db/graph_db_node_6/01_p0.1/01_graph_n6_p0.1_idx2.gpickle,6,0.1,2,1,0,7,"[0, 5, 4, 1, 2, 3]",0.0801299
./random_graph_db/graph_db_node_6/01_p0.1/01_graph_n6_p0.1_idx3.gpickle,6,0.1,3,1,0,7,"[4, 5, 2, 0, 1, 3]",0.0777729
./random_graph_db/graph_db_node_6/01_p0.1/01_graph_n6_p0.1_idx4.gpickle,6,0.1,4,1,0,7,"[2, 0, 4, 3, 5, 1]",0.0788112
./random_graph_db/graph_db_node_6/01_p0.1/01_graph_n6_p0.1_idx5.gpickle,6,0.1,5,1,0,7,"[4, 3, 1, 0, 5, 2]",0.0795898
./random_graph_db/graph_db_node_6/01_p0.1/01_graph_n6_p0.1_idx6.gpickle,6,0.1,6,1,0,7,"[2, 4, 0, 1, 3, 5]",0.07798
./random_graph_db/graph_db_node_6/01_p0.1/01_graph_n6_p0.1_idx7.gpickle,6,0.1,7,1,0,7,"[3, 5, 0, 1, 2, 4]",0.0765669
./random_graph_db/graph_db_node_6/01_p0.1/01_graph_n6_p0.1_idx8.gpickle,6,0.1,8,1,0,7,"[3, 0, 2, 4, 5, 1]",0.0823469
./random_graph_db/graph_db_node_6/01_p0.1/01_graph_n6_p0.1_idx9.gpickle,6,0.1,9,2,2,12,"[2, 4, 1, 5, 3, 0]",0.0847681
./random_graph_db/graph_db_node_6/02_p0.2/02_graph_n6_p0.2_idx1.gpickle,6,0.2,1,1,0,7,"[0, 5, 2, 1, 3, 4]",0.0786507
./random_graph_db/graph_db_node_6/02_p0.2/02_graph_n6_p0.2_idx10.gpickle,6,0.2,10,1,0,7,"[5, 0, 3, 4, 1, 2]",0.0802212
./random_graph_db/graph_db_node_6/02_p0.2/02_graph_n6_p0.2_idx2.gpickle,6,0.2,2,2,2,12,"[1, 2, 5, 3, 0, 4]",0.087254
./random_graph_db/graph_db_node_6/02_p0.2/02_graph_n6_p0.2_idx3.gpickle,6,0.2,3,2,2,12,"[3, 0, 1, 4, 2, 5]",0.0861609
./random_graph_db/graph_db_node_6/02_p0.2/02_graph_n6_p0.2_idx4.gpickle,6,0.2,4,2,3,13,"[3, 2, 0, 5, 1, 4]",0.1278799
./random_graph_db/graph_db_node_6/02_p0.2/02_graph_n6_p0.2_idx5.gpickle,6,0.2,5,2,2,12,"[1, 4, 3, 5, 0, 2]",0.091244
./random_graph_db/graph_db_node_6/02_p0.2/02_graph_n6_p0.2_idx6.gpickle,6,0.2,6,1,0,7,"[1, 5, 2, 3, 4, 0]",0.079093
./random_graph_db/graph_db_node_6/02_p0.2/02_graph_n6_p0.2_idx7.gpickle,6,0.2,7,1,0,7,"[0, 5, 2, 1, 3, 4]",0.0813818
./random_graph_db/graph_db_node_6/02_p0.2/02_graph_n6_p0.2_idx8.gpickle,6,0.2,8,1,0,7,"[4, 2, 0, 1, 3, 5]",0.0754828
./random_graph_db/graph_db_node_6/02_p0.2/02_graph_n6_p0.2_idx9.gpickle,6,0.2,9,1,0,7,"[3, 5, 1, 4, 2, 0]",0.0773261
./random_graph_db/graph_db_node_6/03_p0.3/03_graph_n6_p0.3_idx1.gpickle,6,0.3,1,1,0,7,"[5, 0, 4, 2, 3, 1]",0.0803893
./random_graph_db/graph_db_node_6/03_p0.3/03_graph_n6_p0.3_idx10.gpickle,6,0.3,10,2,2,12,"[4, 5, 2, 3, 1, 0]",0.0956349
./random_graph_db/graph_db_node_6/03_p0.3/03_graph_n6_p0.3_idx2.gpickle,6,0.3,2,2,2,12,"[0, 4, 2, 1, 3, 5]",0.0901389
./random_graph_db/graph_db_node_6/03_p0.3/03_graph_n6_p0.3_idx3.gpickle,6,0.3,3,1,0,7,"[0, 3, 5, 4, 2, 1]",0.07899
./random_graph_db/graph_db_node_6/03_p0.3/03_graph_n6_p0.3_idx4.gpickle,6,0.3,4,2,2,12,"[1, 4, 2, 3, 5, 0]",0.0904591
./random_graph_db/graph_db_node_6/03_p0.3/03_graph_n6_p0.3_idx5.gpickle,6,0.3,5,1,0,7,"[2, 4, 1, 0, 5, 3]",0.0764508
./random_graph_db/graph_db_node_6/03_p0.3/03_graph_n6_p0.3_idx6.gpickle,6,0.3,6,1,0,7,"[1, 2, 3, 4, 0, 5]",0.1029451
./random_graph_db/graph_db_node_6/03_p0.3/03_graph_n6_p0.3_idx7.gpickle,6,0.3,7,2,2,12,"[4, 5, 2, 1, 0, 3]",0.086446
./random_graph_db/graph_db_node_6/03_p0.3/03_graph_n6_p0.3_idx8.gpickle,6,0.3,8,1,0,7,"[0, 5, 4, 1, 2, 3]",0.0776601
./random_graph_db/graph_db_node_6/03_p0.3/03_graph_n6_p0.3_idx9.gpickle,6,0.3,9,1,0,7,"[2, 0, 3, 4, 5, 1]",0.0782101
./random_graph_db/graph_db_node_6/04_p0.4/04_graph_n6_p0.4_idx1.gpickle,6,0.4,1,1,0,7,"[1, 0, 3, 2, 5, 4]",0.0781393
./random_graph_db/graph_db_node_6/04_p0.4/04_graph_n6_p0.4_idx10.gpickle,6,0.4,10,1,0,7,"[0, 2, 5, 1, 4, 3]",0.076643
./random_graph_db/graph_db_node_6/04_p0.4/04_graph_n6_p0.4_idx2.gpickle,6,0.4,2,2,2,12,"[2, 5, 3, 1, 4, 0]",0.0893629
./random_graph_db/graph_db_node_6/04_p0.4/04_graph_n6_p0.4_idx3.gpickle,6,0.4,3,1,0,7,"[4, 1, 3, 0, 5, 2]",0.0793459
./random_graph_db/graph_db_node_6/04_p0.4/04_graph_n6_p0.4_idx4.gpickle,6,0.4,4,2,4,14,"[4, 1, 3, 2, 5, 0]",0.11216
./random_graph_db/graph_db_node_6/04_p0.4/04_graph_n6_p0.4_idx5.gpickle,6,0.4,5,1,0,7,"[2, 0, 1, 4, 5, 3]",0.080447
./random_graph_db/graph_db_node_6/04_p0.4/04_graph_n6_p0.4_idx6.gpickle,6,0.4,6,1,0,7,"[4, 1, 0, 3, 2, 5]",0.0766249
./random_graph_db/graph_db_node_6/04_p0.4/04_graph_n6_p0.4_idx7.gpickle,6,0.4,7,1,0,7,"[2, 3, 0, 5, 1, 4]",0.0784719
./random_graph_db/graph_db_node_6/04_p0.4/04_graph_n6_p0.4_idx8.gpickle,6,0.4,8,2,2,12,"[1, 2, 4, 0, 5, 3]",0.1204848
./random_graph_db/graph_db_node_6/04_p0.4/04_graph_n6_p0.4_idx9.gpickle,6,0.4,9,2,2,12,"[2, 4, 3, 5, 0, 1]",0.0852909
./random_graph_db/graph_db_node_6/05_p0.45/05_graph_n6_p0.45_idx1.gpickle,6,0.45,1,1,0,7,"[4, 0, 3, 1, 5, 2]",0.0791528
./random_graph_db/graph_db_node_6/05_p0.45/05_graph_n6_p0.45_idx10.gpickle,6,0.45,10,2,3,13,"[0, 1, 3, 4, 5, 2]",0.101552
./random_graph_db/graph_db_node_6/05_p0.45/05_graph_n6_p0.45_idx2.gpickle,6,0.45,2,2,2,12,"[1, 0, 5, 2, 4, 3]",0.0852799
./random_graph_db/graph_db_node_6/05_p0.45/05_graph_n6_p0.45_idx3.gpickle,6,0.45,3,1,0,7,"[5, 0, 2, 4, 1, 3]",0.0770879
./random_graph_db/graph_db_node_6/05_p0.45/05_graph_n6_p0.45_idx4.gpickle,6,0.45,4,1,0,7,"[1, 5, 4, 0, 3, 2]",0.078341
./random_graph_db/graph_db_node_6/05_p0.45/05_graph_n6_p0.45_idx5.gpickle,6,0.45,5,2,2,12,"[0, 4, 3, 5, 2, 1]",0.0844941
./random_graph_db/graph_db_node_6/05_p0.45/05_graph_n6_p0.45_idx6.gpickle,6,0.45,6,1,0,7,"[1, 0, 3, 5, 2, 4]",0.0749891
./random_graph_db/graph_db_node_6/05_p0.45/05_graph_n6_p0.45_idx7.gpickle,6,0.45,7,1,0,7,"[0, 3, 1, 4, 5, 2]",0.0799861
./random_graph_db/graph_db_node_6/05_p0.45/05_graph_n6_p0.45_idx8.gpickle,6,0.45,8,2,2,12,"[0, 3, 1, 2, 5, 4]",0.0835183
./random_graph_db/graph_db_node_6/05_p0.45/05_graph_n6_p0.45_idx9.gpickle,6,0.45,9,1,0,7,"[2, 3, 0, 4, 5, 1]",0.0793302
./random_graph_db/graph_db_node_6/06_p0.5/06_graph_n6_p0.5_idx1.gpickle,6,0.5,1,1,0,7,"[0, 3, 5, 1, 4, 2]",0.0811801
./random_graph_db/graph_db_node_6/06_p0.5/06_graph_n6_p0.5_idx10.gpickle,6,0.5,10,1,0,9,"[3, 5, 2, 1, 4, 0]",0.0890241
./random_graph_db/graph_db_node_6/06_p0.5/06_graph_n6_p0.5_idx2.gpickle,6,0.5,2,1,0,7,"[4, 2, 0, 5, 3, 1]",0.0874729
./random_graph_db/graph_db_node_6/06_p0.5/06_graph_n6_p0.5_idx3.gpickle,6,0.5,3,2,2,12,"[2, 0, 5, 1, 3, 4]",0.1134489
./random_graph_db/graph_db_node_6/06_p0.5/06_graph_n6_p0.5_idx4.gpickle,6,0.5,4,2,2,12,"[0, 4, 5, 2, 1, 3]",0.3157549
./random_graph_db/graph_db_node_6/06_p0.5/06_graph_n6_p0.5_idx5.gpickle,6,0.5,5,2,2,12,"[2, 4, 0, 1, 5, 3]",0.0988431
./random_graph_db/graph_db_node_6/06_p0.5/06_graph_n6_p0.5_idx6.gpickle,6,0.5,6,2,2,12,"[1, 2, 5, 4, 3, 0]",0.090441
./random_graph_db/graph_db_node_6/06_p0.5/06_graph_n6_p0.5_idx7.gpickle,6,0.5,7,1,0,7,"[1, 4, 2, 5, 3, 0]",0.0796051
./random_graph_db/graph_db_node_6/06_p0.5/06_graph_n6_p0.5_idx8.gpickle,6,0.5,8,1,0,7,"[1, 2, 4, 5, 0, 3]",0.0757251
./random_graph_db/graph_db_node_6/06_p0.5/06_graph_n6_p0.5_idx9.gpickle,6,0.5,9,2,2,12,"[0, 1, 2, 5, 3, 4]",0.087431
./random_graph_db/graph_db_node_6/07_p0.55/07_graph_n6_p0.55_idx1.gpickle,6,0.55,1,2,2,12,"[1, 2, 5, 3, 0, 4]",0.091326
./random_graph_db/graph_db_node_6/07_p0.55/07_graph_n6_p0.55_idx10.gpickle,6,0.55,10,1,0,7,"[1, 4, 3, 0, 2, 5]",0.0778301
./random_graph_db/graph_db_node_6/07_p0.55/07_graph_n6_p0.55_idx2.gpickle,6,0.55,2,1,0,7,"[4, 1, 3, 0, 2, 5]",0.0782788
./random_graph_db/graph_db_node_6/07_p0.55/07_graph_n6_p0.55_idx3.gpickle,6,0.55,3,1,0,7,"[4, 3, 2, 0, 1, 5]",0.0795074
./random_graph_db/graph_db_node_6/07_p0.55/07_graph_n6_p0.55_idx4.gpickle,6,0.55,4,1,0,7,"[0, 4, 5, 3, 2, 1]",0.0763264
./random_graph_db/graph_db_node_6/07_p0.55/07_graph_n6_p0.55_idx5.gpickle,6,0.55,5,2,2,12,"[1, 4, 5, 2, 3, 0]",0.0847352
./random_graph_db/graph_db_node_6/07_p0.55/07_graph_n6_p0.55_idx6.gpickle,6,0.55,6,1,0,7,"[3, 0, 2, 4, 5, 1]",0.1027842
./random_graph_db/graph_db_node_6/07_p0.55/07_graph_n6_p0.55_idx7.gpickle,6,0.55,7,2,2,12,"[4, 3, 5, 1, 2, 0]",0.0846059
./random_graph_db/graph_db_node_6/07_p0.55/07_graph_n6_p0.55_idx8.gpickle,6,0.55,8,2,2,12,"[0, 4, 5, 2, 1, 3]",0.087841
./random_graph_db/graph_db_node_6/07_p0.55/07_graph_n6_p0.55_idx9.gpickle,6,0.55,9,2,3,13,"[4, 2, 1, 3, 0, 5]",0.0989501
./random_graph_db/graph_db_node_6/08_p0.6/08_graph_n6_p0.6_idx1.gpickle,6,0.6,1,2,2,12,"[0, 2, 3, 1, 5, 4]",0.0887129
./random_graph_db/graph_db_node_6/08_p0.6/08_graph_n6_p0.6_idx10.gpickle,6,0.6,10,2,2,12,"[3, 1, 5, 4, 2, 0]",0.0897162
./random_graph_db/graph_db_node_6/08_p0.6/08_graph_n6_p0.6_idx2.gpickle,6,0.6,2,2,4,20,"[0, 2, 5, 3, 4, 1]",0.1150968
./random_graph_db/graph_db_node_6/08_p0.6/08_graph_n6_p0.6_idx3.gpickle,6,0.6,3,2,2,12,"[0, 4, 5, 2, 1, 3]",0.088187
./random_graph_db/graph_db_node_6/08_p0.6/08_graph_n6_p0.6_idx4.gpickle,6,0.6,4,2,2,12,"[1, 4, 0, 2, 5, 3]",0.0959072
./random_graph_db/graph_db_node_6/08_p0.6/08_graph_n6_p0.6_idx5.gpickle,6,0.6,5,2,3,13,"[3, 4, 1, 2, 5, 0]",0.1014111
./random_graph_db/graph_db_node_6/08_p0.6/08_graph_n6_p0.6_idx6.gpickle,6,0.6,6,1,0,7,"[1, 2, 3, 5, 4, 0]",0.0758851
./random_graph_db/graph_db_node_6/08_p0.6/08_graph_n6_p0.6_idx7.gpickle,6,0.6,7,1,0,7,"[2, 3, 4, 5, 0, 1]",0.0773301
./random_graph_db/graph_db_node_6/08_p0.6/08_graph_n6_p0.6_idx8.gpickle,6,0.6,8,2,2,12,"[2, 4, 0, 5, 1, 3]",0.0931642
./random_graph_db/graph_db_node_6/08_p0.6/08_graph_n6_p0.6_idx9.gpickle,6,0.6,9,1,0,7,"[2, 3, 1, 5, 4, 0]",0.076174
./random_graph_db/graph_db_node_6/09_p0.65/09_graph_n6_p0.65_idx1.gpickle,6,0.65,1,2,2,12,"[3, 0, 1, 2, 4, 5]",0.089699
./random_graph_db/graph_db_node_6/09_p0.65/09_graph_n6_p0.65_idx10.gpickle,6,0.65,10,1,0,7,"[1, 3, 2, 0, 5, 4]",0.078717
./random_graph_db/graph_db_node_6/09_p0.65/09_graph_n6_p0.65_idx2.gpickle,6,0.65,2,1,0,7,"[0, 2, 1, 3, 4, 5]",0.0758169
./random_graph_db/graph_db_node_6/09_p0.65/09_graph_n6_p0.65_idx3.gpickle,6,0.65,3,2,2,12,"[1, 4, 5, 0, 3, 2]",0.094924
./random_graph_db/graph_db_node_6/09_p0.65/09_graph_n6_p0.65_idx4.gpickle,6,0.65,4,1,0,7,"[0, 4, 3, 1, 2, 5]",0.102869
./random_graph_db/graph_db_node_6/09_p0.65/09_graph_n6_p0.65_idx5.gpickle,6,0.65,5,2,2,12,"[0, 5, 4, 1, 2, 3]",0.0906229
./random_graph_db/graph_db_node_6/09_p0.65/09_graph_n6_p0.65_idx6.gpickle,6,0.65,6,2,3,18,"[1, 4, 5, 0, 3, 2]",0.0994577
./random_graph_db/graph_db_node_6/09_p0.65/09_graph_n6_p0.65_idx7.gpickle,6,0.65,7,2,2,12,"[4, 1, 3, 5, 2, 0]",0.0909002
./random_graph_db/graph_db_node_6/09_p0.65/09_graph_n6_p0.65_idx8.gpickle,6,0.65,8,2,2,12,"[3, 1, 5, 0, 4, 2]",0.088037
./random_graph_db/graph_db_node_6/09_p0.65/09_graph_n6_p0.65_idx9.gpickle,6,0.65,9,2,2,12,"[0, 1, 2, 3, 4, 5]",0.0834422
./random_graph_db/graph_db_node_6/10_p0.7/10_graph_n6_p0.7_idx1.gpickle,6,0.7,1,1,0,7,"[5, 4, 1, 2, 0, 3]",0.0772018
./random_graph_db/graph_db_node_6/10_p0.7/10_graph_n6_p0.7_idx10.gpickle,6,0.7,10,2,2,12,"[4, 2, 0, 1, 5, 3]",0.0970781
./random_graph_db/graph_db_node_6/10_p0.7/10_graph_n6_p0.7_idx2.gpickle,6,0.7,2,1,0,7,"[0, 2, 4, 5, 1, 3]",0.0751631
./random_graph_db/graph_db_node_6/10_p0.7/10_graph_n6_p0.7_idx3.gpickle,6,0.7,3,2,2,12,"[5, 0, 1, 2, 4, 3]",0.0896609
./random_graph_db/graph_db_node_6/10_p0.7/10_graph_n6_p0.7_idx4.gpickle,6,0.7,4,1,0,7,"[4, 1, 2, 3, 0, 5]",0.0768318
./random_graph_db/graph_db_node_6/10_p0.7/10_graph_n6_p0.7_idx5.gpickle,6,0.7,5,1,0,7,"[0, 3, 5, 1, 4, 2]",0.077816
./random_graph_db/graph_db_node_6/10_p0.7/10_graph_n6_p0.7_idx6.gpickle,6,0.7,6,1,0,7,"[3, 0, 5, 2, 4, 1]",0.0768151
./random_graph_db/graph_db_node_6/10_p0.7/10_graph_n6_p0.7_idx7.gpickle,6,0.7,7,2,2,12,"[1, 2, 3, 0, 5, 4]",0.0959039
./random_graph_db/graph_db_node_6/10_p0.7/10_graph_n6_p0.7_idx8.gpickle,6,0.7,8,2,3,18,"[1, 2, 3, 5, 0, 4]",0.0998077
./random_graph_db/graph_db_node_6/10_p0.7/10_graph_n6_p0.7_idx9.gpickle,6,0.7,9,1,0,7,"[0, 3, 1, 2, 5, 4]",0.1041262
./random_graph_db/graph_db_node_6/11_p0.8/11_graph_n6_p0.8_idx1.gpickle,6,0.8,1,1,0,9,"[1, 2, 0, 5, 3, 4]",0.0887542
./random_graph_db/graph_db_node_6/11_p0.8/11_graph_n6_p0.8_idx10.gpickle,6,0.8,10,2,2,12,"[0, 1, 3, 2, 4, 5]",0.0834341
./random_graph_db/graph_db_node_6/11_p0.8/11_graph_n6_p0.8_idx2.gpickle,6,0.8,2,1,0,7,"[2, 0, 4, 3, 1, 5]",0.0787673
./random_graph_db/graph_db_node_6/11_p0.8/11_graph_n6_p0.8_idx3.gpickle,6,0.8,3,1,0,7,"[0, 2, 4, 5, 1, 3]",0.07359
./random_graph_db/graph_db_node_6/11_p0.8/11_graph_n6_p0.8_idx4.gpickle,6,0.8,4,2,2,12,"[3, 0, 5, 4, 2, 1]",0.086731
./random_graph_db/graph_db_node_6/11_p0.8/11_graph_n6_p0.8_idx5.gpickle,6,0.8,5,1,0,7,"[4, 2, 1, 0, 5, 3]",0.077492
./random_graph_db/graph_db_node_6/11_p0.8/11_graph_n6_p0.8_idx6.gpickle,6,0.8,6,2,3,13,"[1, 3, 5, 2, 4, 0]",0.0975699
./random_graph_db/graph_db_node_6/11_p0.8/11_graph_n6_p0.8_idx7.gpickle,6,0.8,7,1,0,9,"[4, 5, 3, 2, 1, 0]",0.079047
./random_graph_db/graph_db_node_6/11_p0.8/11_graph_n6_p0.8_idx8.gpickle,6,0.8,8,1,0,7,"[4, 1, 3, 2, 0, 5]",0.0805342
./random_graph_db/graph_db_node_6/11_p0.8/11_graph_n6_p0.8_idx9.gpickle,6,0.8,9,1,0,7,"[1, 2, 3, 5, 4, 0]",0.0688939
./random_graph_db/graph_db_node_6/12_p0.9/12_graph_n6_p0.9_idx1.gpickle,6,0.9,1,1,0,7,"[2, 3, 0, 1, 4, 5]",0.077039
./random_graph_db/graph_db_node_6/12_p0.9/12_graph_n6_p0.9_idx10.gpickle,6,0.9,10,2,2,12,"[0, 4, 2, 5, 1, 3]",0.0880339
./random_graph_db/graph_db_node_6/12_p0.9/12_graph_n6_p0.9_idx2.gpickle,6,0.9,2,1,0,7,"[2, 5, 3, 1, 4, 0]",0.0761211
./random_graph_db/graph_db_node_6/12_p0.9/12_graph_n6_p0.9_idx3.gpickle,6,0.9,3,1,0,7,"[1, 3, 4, 5, 2, 0]",0.0682948
./random_graph_db/graph_db_node_6/12_p0.9/12_graph_n6_p0.9_idx4.gpickle,6,0.9,4,1,0,7,"[0, 1, 3, 4, 5, 2]",0.078156
./random_graph_db/graph_db_node_6/12_p0.9/12_graph_n6_p0.9_idx5.gpickle,6,0.9,5,1,0,7,"[5, 1, 3, 4, 2, 0]",0.0785842
./random_graph_db/graph_db_node_6/12_p0.9/12_graph_n6_p0.9_idx6.gpickle,6,0.9,6,1,0,9,"[2, 1, 4, 3, 5, 0]",0.0805762
./random_graph_db/graph_db_node_6/12_p0.9/12_graph_n6_p0.9_idx7.gpickle,6,0.9,7,1,0,7,"[0, 1, 3, 4, 2, 5]",0.104676
./random_graph_db/graph_db_node_6/12_p0.9/12_graph_n6_p0.9_idx8.gpickle,6,0.9,8,2,2,12,"[3, 2, 4, 5, 0, 1]",0.0915372
./random_graph_db/graph_db_node_6/12_p0.9/12_graph_n6_p0.9_idx9.gpickle,6,0.9,9,2,2,12,"[2, 4, 3, 0, 5, 1]",0.0883312
./random_graph_db/graph_db_node_7/01_p0.1/01_graph_n7_p0.1_idx1.gpickle,7,0.1,1,1,0,8,"[6, 5, 4, 2, 1, 0, 3]",0.1276939
./random_graph_db/graph_db_node_7/01_p0.1/01_graph_n7_p0.1_idx10.gpickle,7,0.1,10,1,0,8,"[1, 2, 6, 3, 4, 0, 5]",0.1241941
./random_graph_db/graph_db_node_7/01_p0.1/01_graph_n7_p0.1_idx2.gpickle,7,0.1,2,2,2,15,"[6, 5, 0, 3, 4, 2, 1]",0.157521
./random_graph_db/graph_db_node_7/01_p0.1/01_graph_n7_p0.1_idx3.gpickle,7,0.1,3,2,2,13,"[1, 5, 3, 2, 4, 6, 0]",0.1556678
./random_graph_db/graph_db_node_7/01_p0.1/01_graph_n7_p0.1_idx4.gpickle,7,0.1,4,1,0,8,"[1, 3, 5, 0, 4, 6, 2]",0.1333609
./random_graph_db/graph_db_node_7/01_p0.1/01_graph_n7_p0.1_idx5.gpickle,7,0.1,5,2,2,13,"[2, 3, 5, 0, 4, 1, 6]",0.179873
./random_graph_db/graph_db_node_7/01_p0.1/01_graph_n7_p0.1_idx6.gpickle,7,0.1,6,1,0,8,"[5, 1, 0, 2, 3, 6, 4]",0.1559081
./random_graph_db/graph_db_node_7/01_p0.1/01_graph_n7_p0.1_idx7.gpickle,7,0.1,7,1,0,8,"[6, 1, 2, 5, 3, 0, 4]",0.130101
./random_graph_db/graph_db_node_7/01_p0.1/01_graph_n7_p0.1_idx8.gpickle,7,0.1,8,1,0,8,"[4, 5, 3, 1, 6, 0, 2]",0.1291039
./random_graph_db/graph_db_node_7/01_p0.1/01_graph_n7_p0.1_idx9.gpickle,7,0.1,9,2,1,10,"[1, 4, 6, 5, 0, 3, 2]",0.140775
./random_graph_db/graph_db_node_7/02_p0.2/02_graph_n7_p0.2_idx1.gpickle,7,0.2,1,2,2,13,"[3, 4, 1, 6, 5, 2, 0]",0.148962
./random_graph_db/graph_db_node_7/02_p0.2/02_graph_n7_p0.2_idx10.gpickle,7,0.2,10,2,2,13,"[3, 5, 6, 0, 4, 1, 2]",0.1516788
./random_graph_db/graph_db_node_7/02_p0.2/02_graph_n7_p0.2_idx2.gpickle,7,0.2,2,1,0,8,"[3, 0, 5, 1, 4, 6, 2]",0.1363699
./random_graph_db/graph_db_node_7/02_p0.2/02_graph_n7_p0.2_idx3.gpickle,7,0.2,3,1,0,8,"[1, 2, 5, 4, 3, 0, 6]",0.1308999
./random_graph_db/graph_db_node_7/02_p0.2/02_graph_n7_p0.2_idx4.gpickle,7,0.2,4,1,0,8,"[4, 2, 1, 5, 6, 3, 0]",0.132982
./random_graph_db/graph_db_node_7/02_p0.2/02_graph_n7_p0.2_idx5.gpickle,7,0.2,5,1,0,8,"[4, 6, 3, 5, 1, 0, 2]",0.1313651
./random_graph_db/graph_db_node_7/02_p0.2/02_graph_n7_p0.2_idx6.gpickle,7,0.2,6,1,0,8,"[6, 3, 5, 2, 4, 0, 1]",0.153065
./random_graph_db/graph_db_node_7/02_p0.2/02_graph_n7_p0.2_idx7.gpickle,7,0.2,7,2,2,13,"[5, 4, 3, 0, 2, 1, 6]",0.1375098
./random_graph_db/graph_db_node_7/02_p0.2/02_graph_n7_p0.2_idx8.gpickle,7,0.2,8,2,2,11,"[5, 6, 4, 0, 3, 1, 2]",0.1561317
./random_graph_db/graph_db_node_7/02_p0.2/02_graph_n7_p0.2_idx9.gpickle,7,0.2,9,1,0,8,"[4, 0, 5, 6, 3, 2, 1]",0.1314468
./random_graph_db/graph_db_node_7/03_p0.3/03_graph_n7_p0.3_idx1.gpickle,7,0.3,1,1,0,8,"[4, 1, 0, 5, 6, 3, 2]",0.1319258
./random_graph_db/graph_db_node_7/03_p0.3/03_graph_n7_p0.3_idx10.gpickle,7,0.3,10,2,1,10,"[4, 3, 1, 5, 0, 2, 6]",0.137979
./random_graph_db/graph_db_node_7/03_p0.3/03_graph_n7_p0.3_idx2.gpickle,7,0.3,2,1,0,10,"[3, 2, 6, 4, 0, 5, 1]",0.13851
./random_graph_db/graph_db_node_7/03_p0.3/03_graph_n7_p0.3_idx3.gpickle,7,0.3,3,1,0,8,"[1, 2, 4, 3, 5, 0, 6]",0.1336498
./random_graph_db/graph_db_node_7/03_p0.3/03_graph_n7_p0.3_idx4.gpickle,7,0.3,4,2,3,14,"[5, 6, 3, 4, 0, 2, 1]",0.1774209
./random_graph_db/graph_db_node_7/03_p0.3/03_graph_n7_p0.3_idx5.gpickle,7,0.3,5,2,2,13,"[4, 5, 0, 3, 2, 6, 1]",0.158293
./random_graph_db/graph_db_node_7/03_p0.3/03_graph_n7_p0.3_idx6.gpickle,7,0.3,6,3,5,21,"[1, 0, 3, 6, 5, 4, 2]",0.1875329
./random_graph_db/graph_db_node_7/03_p0.3/03_graph_n7_p0.3_idx7.gpickle,7,0.3,7,3,5,23,"[0, 1, 6, 3, 2, 5, 4]",0.1702909
./random_graph_db/graph_db_node_7/03_p0.3/03_graph_n7_p0.3_idx8.gpickle,7,0.3,8,1,0,8,"[0, 4, 5, 1, 6, 2, 3]",0.1365259
./random_graph_db/graph_db_node_7/03_p0.3/03_graph_n7_p0.3_idx9.gpickle,7,0.3,9,2,2,13,"[1, 0, 6, 3, 4, 2, 5]",0.1933572
./random_graph_db/graph_db_node_7/04_p0.4/04_graph_n7_p0.4_idx1.gpickle,7,0.4,1,2,2,13,"[3, 0, 1, 4, 6, 5, 2]",0.156472
./random_graph_db/graph_db_node_7/04_p0.4/04_graph_n7_p0.4_idx10.gpickle,7,0.4,10,2,4,15,"[6, 2, 3, 1, 5, 4, 0]",0.1671531
./random_graph_db/graph_db_node_7/04_p0.4/04_graph_n7_p0.4_idx2.gpickle,7,0.4,2,2,2,13,"[0, 3, 6, 5, 4, 2, 1]",0.1747799
./random_graph_db/graph_db_node_7/04_p0.4/04_graph_n7_p0.4_idx3.gpickle,7,0.4,3,2,4,17,"[1, 2, 0, 6, 3, 4, 5]",0.163259
./random_graph_db/graph_db_node_7/04_p0.4/04_graph_n7_p0.4_idx4.gpickle,7,0.4,4,2,4,15,"[0, 3, 5, 1, 2, 4, 6]",0.1564429
./random_graph_db/graph_db_node_7/04_p0.4/04_graph_n7_p0.4_idx5.gpickle,7,0.4,5,2,2,13,"[5, 3, 1, 0, 4, 6, 2]",0.143888
./random_graph_db/graph_db_node_7/04_p0.4/04_graph_n7_p0.4_idx6.gpickle,7,0.4,6,2,3,14,"[5, 6, 3, 2, 0, 1, 4]",0.178308
./random_graph_db/graph_db_node_7/04_p0.4/04_graph_n7_p0.4_idx7.gpickle,7,0.4,7,2,2,13,"[5, 4, 0, 1, 6, 2, 3]",0.1415958
./random_graph_db/graph_db_node_7/04_p0.4/04_graph_n7_p0.4_idx8.gpickle,7,0.4,8,1,0,8,"[5, 6, 2, 4, 1, 0, 3]",0.1344419
./random_graph_db/graph_db_node_7/04_p0.4/04_graph_n7_p0.4_idx9.gpickle,7,0.4,9,1,0,8,"[3, 2, 0, 6, 4, 5, 1]",0.1333129
./random_graph_db/graph_db_node_7/05_p0.45/05_graph_n7_p0.45_idx1.gpickle,7,0.45,1,2,3,14,"[0, 5, 2, 6, 1, 4, 3]",0.1589696
./random_graph_db/graph_db_node_7/05_p0.45/05_graph_n7_p0.45_idx10.gpickle,7,0.45,10,2,3,22,"[2, 0, 1, 4, 5, 3, 6]",0.1675971
./random_graph_db/graph_db_node_7/05_p0.45/05_graph_n7_p0.45_idx2.gpickle,7,0.45,2,1,0,8,"[6, 3, 0, 1, 4, 2, 5]",0.1563001
./random_graph_db/graph_db_node_7/05_p0.45/05_graph_n7_p0.45_idx3.gpickle,7,0.45,3,1,0,8,"[4, 0, 5, 3, 2, 1, 6]",0.131191
./random_graph_db/graph_db_node_7/05_p0.45/05_graph_n7_p0.45_idx4.gpickle,7,0.45,4,2,2,13,"[4, 6, 5, 0, 2, 1, 3]",0.1543031
./random_graph_db/graph_db_node_7/05_p0.45/05_graph_n7_p0.45_idx5.gpickle,7,0.45,5,2,4,24,"[3, 1, 0, 5, 2, 6, 4]",0.1711261
./random_graph_db/graph_db_node_7/05_p0.45/05_graph_n7_p0.45_idx6.gpickle,7,0.45,6,2,4,20,"[2, 3, 4, 0, 5, 1, 6]",0.1688759
./random_graph_db/graph_db_node_7/05_p0.45/05_graph_n7_p0.45_idx7.gpickle,7,0.45,7,2,4,20,"[2, 4, 5, 6, 0, 1, 3]",0.169992
./random_graph_db/graph_db_node_7/05_p0.45/05_graph_n7_p0.45_idx8.gpickle,7,0.45,8,2,4,22,"[0, 2, 4, 1, 6, 3, 5]",0.165401
./random_graph_db/graph_db_node_7/05_p0.45/05_graph_n7_p0.45_idx9.gpickle,7,0.45,9,3,6,30,"[1, 5, 4, 6, 3, 2, 0]",0.1811593
./random_graph_db/graph_db_node_7/06_p0.5/06_graph_n7_p0.5_idx1.gpickle,7,0.5,1,2,2,13,"[5, 2, 0, 4, 6, 1, 3]",0.1848001
./random_graph_db/graph_db_node_7/06_p0.5/06_graph_n7_p0.5_idx10.gpickle,7,0.5,10,1,0,8,"[2, 5, 6, 1, 3, 0, 4]",0.1292341
./random_graph_db/graph_db_node_7/06_p0.5/06_graph_n7_p0.5_idx2.gpickle,7,0.5,2,3,7,21,"[6, 0, 3, 2, 5, 1, 4]",0.1935432
./random_graph_db/graph_db_node_7/06_p0.5/06_graph_n7_p0.5_idx3.gpickle,7,0.5,3,2,4,20,"[2, 5, 4, 3, 1, 6, 0]",0.1685667
./random_graph_db/graph_db_node_7/06_p0.5/06_graph_n7_p0.5_idx4.gpickle,7,0.5,4,2,2,13,"[4, 3, 0, 5, 1, 2, 6]",0.1450701
./random_graph_db/graph_db_node_7/06_p0.5/06_graph_n7_p0.5_idx5.gpickle,7,0.5,5,2,3,14,"[2, 1, 0, 4, 5, 3, 6]",0.159447
./random_graph_db/graph_db_node_7/06_p0.5/06_graph_n7_p0.5_idx6.gpickle,7,0.5,6,2,4,24,"[6, 4, 5, 2, 1, 0, 3]",0.1661792
./random_graph_db/graph_db_node_7/06_p0.5/06_graph_n7_p0.5_idx7.gpickle,7,0.5,7,2,2,13,"[3, 1, 2, 0, 6, 5, 4]",0.15607
./random_graph_db/graph_db_node_7/06_p0.5/06_graph_n7_p0.5_idx8.gpickle,7,0.5,8,2,2,13,"[4, 1, 2, 3, 6, 0, 5]",0.1760521
./random_graph_db/graph_db_node_7/06_p0.5/06_graph_n7_p0.5_idx9.gpickle,7,0.5,9,1,0,8,"[4, 1, 5, 6, 3, 0, 2]",0.1285219
./random_graph_db/graph_db_node_7/07_p0.55/07_graph_n7_p0.55_idx1.gpickle,7,0.55,1,1,0,8,"[6, 4, 0, 2, 3, 1, 5]",0.1338339
./random_graph_db/graph_db_node_7/07_p0.55/07_graph_n7_p0.55_idx10.gpickle,7,0.55,10,3,6,28,"[5, 1, 3, 6, 0, 2, 4]",0.1792293
./random_graph_db/graph_db_node_7/07_p0.55/07_graph_n7_p0.55_idx2.gpickle,7,0.55,2,2,2,13,"[6, 3, 4, 5, 1, 2, 0]",0.1485388
./random_graph_db/graph_db_node_7/07_p0.55/07_graph_n7_p0.55_idx3.gpickle,7,0.55,3,2,2,13,"[4, 1, 3, 6, 0, 5, 2]",0.1402669
./random_graph_db/graph_db_node_7/07_p0.55/07_graph_n7_p0.55_idx4.gpickle,7,0.55,4,2,2,13,"[1, 0, 4, 3, 6, 2, 5]",0.151916
./random_graph_db/graph_db_node_7/07_p0.55/07_graph_n7_p0.55_idx5.gpickle,7,0.55,5,2,2,13,"[4, 3, 0, 2, 6, 5, 1]",0.1502099
./random_graph_db/graph_db_node_7/07_p0.55/07_graph_n7_p0.55_idx6.gpickle,7,0.55,6,2,2,13,"[4, 0, 2, 6, 3, 1, 5]",0.1687
./random_graph_db/graph_db_node_7/07_p0.55/07_graph_n7_p0.55_idx7.gpickle,7,0.55,7,2,2,13,"[4, 0, 2, 5, 3, 1, 6]",0.1413689
./random_graph_db/graph_db_node_7/07_p0.55/07_graph_n7_p0.55_idx8.gpickle,7,0.55,8,2,3,14,"[5, 4, 2, 6, 0, 3, 1]",0.161068
./random_graph_db/graph_db_node_7/07_p0.55/07_graph_n7_p0.55_idx9.gpickle,7,0.55,9,2,2,13,"[2, 3, 0, 5, 6, 1, 4]",0.16996
./random_graph_db/graph_db_node_7/08_p0.6/08_graph_n7_p0.6_idx1.gpickle,7,0.6,1,3,5,21,"[0, 5, 4, 6, 2, 1, 3]",0.1826761
./random_graph_db/graph_db_node_7/08_p0.6/08_graph_n7_p0.6_idx10.gpickle,7,0.6,10,2,4,15,"[0, 3, 5, 6, 1, 4, 2]",0.1557341
./random_graph_db/graph_db_node_7/08_p0.6/08_graph_n7_p0.6_idx2.gpickle,7,0.6,2,1,0,8,"[6, 0, 2, 1, 3, 5, 4]",0.1292212
./random_graph_db/graph_db_node_7/08_p0.6/08_graph_n7_p0.6_idx3.gpickle,7,0.6,3,2,2,13,"[5, 3, 2, 0, 6, 1, 4]",0.1409769
./random_graph_db/graph_db_node_7/08_p0.6/08_graph_n7_p0.6_idx4.gpickle,7,0.6,4,2,2,13,"[1, 3, 5, 2, 4, 6, 0]",0.1702189
./random_graph_db/graph_db_node_7/08_p0.6/08_graph_n7_p0.6_idx5.gpickle,7,0.6,5,1,0,8,"[1, 2, 4, 0, 6, 3, 5]",0.1317172
./random_graph_db/graph_db_node_7/08_p0.6/08_graph_n7_p0.6_idx6.gpickle,7,0.6,6,2,3,21,"[2, 4, 6, 5, 3, 1, 0]",0.1712
./random_graph_db/graph_db_node_7/08_p0.6/08_graph_n7_p0.6_idx7.gpickle,7,0.6,7,2,2,13,"[3, 4, 0, 1, 6, 2, 5]",0.1502981
./random_graph_db/graph_db_node_7/08_p0.6/08_graph_n7_p0.6_idx8.gpickle,7,0.6,8,2,3,12,"[4, 0, 5, 3, 1, 2, 6]",0.1716411
./random_graph_db/graph_db_node_7/08_p0.6/08_graph_n7_p0.6_idx9.gpickle,7,0.6,9,2,2,13,"[6, 2, 3, 0, 4, 1, 5]",0.1515138
./random_graph_db/graph_db_node_7/09_p0.65/09_graph_n7_p0.65_idx1.gpickle,7,0.65,1,2,4,20,"[0, 3, 4, 1, 6, 2, 5]",0.1737609
./random_graph_db/graph_db_node_7/09_p0.65/09_graph_n7_p0.65_idx10.gpickle,7,0.65,10,2,2,13,"[5, 6, 1, 2, 3, 0, 4]",0.1409249
./random_graph_db/graph_db_node_7/09_p0.65/09_graph_n7_p0.65_idx2.gpickle,7,0.65,2,3,5,27,"[1, 5, 4, 6, 3, 2, 0]",0.2113569
./random_graph_db/graph_db_node_7/09_p0.65/09_graph_n7_p0.65_idx3.gpickle,7,0.65,3,2,4,15,"[6, 3, 1, 5, 2, 4, 0]",0.157114
./random_graph_db/graph_db_node_7/09_p0.65/09_graph_n7_p0.65_idx4.gpickle,7,0.65,4,2,2,13,"[1, 4, 3, 6, 2, 0, 5]",0.1726351
./random_graph_db/graph_db_node_7/09_p0.65/09_graph_n7_p0.65_idx5.gpickle,7,0.65,5,1,0,8,"[5, 4, 3, 6, 2, 1, 0]",0.1267531
./random_graph_db/graph_db_node_7/09_p0.65/09_graph_n7_p0.65_idx6.gpickle,7,0.65,6,2,4,24,"[6, 2, 0, 3, 4, 5, 1]",0.1704969
./random_graph_db/graph_db_node_7/09_p0.65/09_graph_n7_p0.65_idx7.gpickle,7,0.65,7,2,2,11,"[2, 3, 0, 1, 4, 5, 6]",0.1499581
./random_graph_db/graph_db_node_7/09_p0.65/09_graph_n7_p0.65_idx8.gpickle,7,0.65,8,2,4,21,"[0, 3, 6, 1, 2, 4, 5]",0.1724679
./random_graph_db/graph_db_node_7/09_p0.65/09_graph_n7_p0.65_idx9.gpickle,7,0.65,9,2,2,13,"[5, 2, 1, 4, 3, 0, 6]",0.1581969
./random_graph_db/graph_db_node_7/10_p0.7/10_graph_n7_p0.7_idx1.gpickle,7,0.7,1,2,4,20,"[0, 6, 3, 1, 2, 5, 4]",0.1852262
./random_graph_db/graph_db_node_7/10_p0.7/10_graph_n7_p0.7_idx10.gpickle,7,0.7,10,2,3,24,"[2, 1, 5, 0, 4, 6, 3]",0.1703053
./random_graph_db/graph_db_node_7/10_p0.7/10_graph_n7_p0.7_idx2.gpickle,7,0.7,2,3,7,23,"[1, 3, 0, 2, 5, 4, 6]",0.2110138
./random_graph_db/graph_db_node_7/10_p0.7/10_graph_n7_p0.7_idx3.gpickle,7,0.7,3,3,8,32,"[5, 1, 6, 4, 0, 3, 2]",0.1866469
./random_graph_db/graph_db_node_7/10_p0.7/10_graph_n7_p0.7_idx4.gpickle,7,0.7,4,2,4,15,"[0, 4, 6, 2, 5, 3, 1]",0.1574218
./random_graph_db/graph_db_node_7/10_p0.7/10_graph_n7_p0.7_idx5.gpickle,7,0.7,5,2,4,17,"[6, 0, 2, 5, 3, 1, 4]",0.167753
./random_graph_db/graph_db_node_7/10_p0.7/10_graph_n7_p0.7_idx6.gpickle,7,0.7,6,2,4,22,"[6, 1, 3, 5, 2, 4, 0]",0.1677272
./random_graph_db/graph_db_node_7/10_p0.7/10_graph_n7_p0.7_idx7.gpickle,7,0.7,7,1,0,10,"[3, 1, 5, 2, 6, 4, 0]",0.1322927
./random_graph_db/graph_db_node_7/10_p0.7/10_graph_n7_p0.7_idx8.gpickle,7,0.7,8,1,0,8,"[1, 3, 2, 0, 4, 5, 6]",0.131315
./random_graph_db/graph_db_node_7/10_p0.7/10_graph_n7_p0.7_idx9.gpickle,7,0.7,9,2,3,14,"[6, 2, 4, 5, 1, 3, 0]",0.1588879
./random_graph_db/graph_db_node_7/11_p0.8/11_graph_n7_p0.8_idx1.gpickle,7,0.8,1,2,2,13,"[2, 3, 1, 0, 5, 4, 6]",0.1624713
./random_graph_db/graph_db_node_7/11_p0.8/11_graph_n7_p0.8_idx10.gpickle,7,0.8,10,2,2,13,"[4, 6, 1, 2, 5, 0, 3]",0.1605849
./random_graph_db/graph_db_node_7/11_p0.8/11_graph_n7_p0.8_idx2.gpickle,7,0.8,2,2,3,21,"[6, 2, 0, 1, 5, 3, 4]",0.170156
./random_graph_db/graph_db_node_7/11_p0.8/11_graph_n7_p0.8_idx3.gpickle,7,0.8,3,3,7,21,"[1, 5, 3, 4, 6, 0, 2]",0.1925662
./random_graph_db/graph_db_node_7/11_p0.8/11_graph_n7_p0.8_idx4.gpickle,7,0.8,4,2,2,13,"[0, 6, 1, 5, 2, 4, 3]",0.1443081
./random_graph_db/graph_db_node_7/11_p0.8/11_graph_n7_p0.8_idx5.gpickle,7,0.8,5,2,3,14,"[2, 1, 5, 3, 6, 4, 0]",0.1525161
./random_graph_db/graph_db_node_7/11_p0.8/11_graph_n7_p0.8_idx6.gpickle,7,0.8,6,1,0,8,"[4, 5, 6, 2, 1, 3, 0]",0.1384971
./random_graph_db/graph_db_node_7/11_p0.8/11_graph_n7_p0.8_idx7.gpickle,7,0.8,7,2,4,22,"[2, 3, 1, 0, 4, 5, 6]",0.1685531
./random_graph_db/graph_db_node_7/11_p0.8/11_graph_n7_p0.8_idx8.gpickle,7,0.8,8,1,0,8,"[1, 4, 2, 3, 0, 5, 6]",0.1607642
./random_graph_db/graph_db_node_7/11_p0.8/11_graph_n7_p0.8_idx9.gpickle,7,0.8,9,2,2,13,"[3, 2, 5, 6, 4, 1, 0]",0.1396589
./random_graph_db/graph_db_node_7/12_p0.9/12_graph_n7_p0.9_idx1.gpickle,7,0.9,1,1,0,8,"[3, 5, 2, 0, 4, 1, 6]",0.13201
./random_graph_db/graph_db_node_7/12_p0.9/12_graph_n7_p0.9_idx10.gpickle,7,0.9,10,1,0,10,"[3, 0, 2, 5, 4, 6, 1]",0.1324112
./random_graph_db/graph_db_node_7/12_p0.9/12_graph_n7_p0.9_idx2.gpickle,7,0.9,2,2,2,13,"[0, 2, 6, 3, 1, 5, 4]",0.1612499
./random_graph_db/graph_db_node_7/12_p0.9/12_graph_n7_p0.9_idx3.gpickle,7,0.9,3,1,0,8,"[6, 0, 1, 3, 4, 5, 2]",0.1218271
./random_graph_db/graph_db_node_7/12_p0.9/12_graph_n7_p0.9_idx4.gpickle,7,0.9,4,1,0,8,"[2, 5, 6, 0, 4, 3, 1]",0.2726948
./random_graph_db/graph_db_node_7/12_p0.9/12_graph_n7_p0.9_idx5.gpickle,7,0.9,5,1,0,8,"[0, 5, 3, 4, 1, 2, 6]",0.166301
./random_graph_db/graph_db_node_7/12_p0.9/12_graph_n7_p0.9_idx6.gpickle,7,0.9,6,2,4,25,"[0, 6, 4, 2, 5, 3, 1]",0.183897
./random_graph_db/graph_db_node_7/12_p0.9/12_graph_n7_p0.9_idx7.gpickle,7,0.9,7,2,4,17,"[1, 2, 3, 4, 6, 5, 0]",0.1716661
./random_graph_db/graph_db_node_7/12_p0.9/12_graph_n7_p0.9_idx8.gpickle,7,0.9,8,1,0,8,"[4, 5, 6, 1, 2, 0, 3]",0.152755
./random_graph_db/graph_db_node_7/12_p0.9/12_graph_n7_p0.9_idx9.gpickle,7,0.9,9,2,4,20,"[3, 2, 5, 0, 1, 4, 6]",0.1731999
./random_graph_db/graph_db_node_8/01_p0.1/01_graph_n8_p0.1_idx1.gpickle,8,0.1,1,1,0,9,"[6, 3, 5, 7, 2, 1, 0, 4]",0.20982
./random_graph_db/graph_db_node_8/01_p0.1/01_graph_n8_p0.1_idx10.gpickle,8,0.1,10,2,2,12,"[7, 5, 4, 1, 3, 2, 0, 6]",0.2355421
./random_graph_db/graph_db_node_8/01_p0.1/01_graph_n8_p0.1_idx2.gpickle,8,0.1,2,2,2,14,"[3, 2, 7, 6, 1, 4, 0, 5]",0.2437849
./random_graph_db/graph_db_node_8/01_p0.1/01_graph_n8_p0.1_idx3.gpickle,8,0.1,3,1,0,9,"[1, 5, 7, 0, 3, 6, 4, 2]",0.2069271
./random_graph_db/graph_db_node_8/01_p0.1/01_graph_n8_p0.1_idx4.gpickle,8,0.1,4,2,2,14,"[5, 4, 6, 7, 1, 2, 3, 0]",0.2644248
./random_graph_db/graph_db_node_8/01_p0.1/01_graph_n8_p0.1_idx5.gpickle,8,0.1,5,2,1,11,"[0, 5, 2, 4, 6, 7, 1, 3]",0.2358122
./random_graph_db/graph_db_node_8/01_p0.1/01_graph_n8_p0.1_idx6.gpickle,8,0.1,6,1,0,9,"[5, 2, 6, 7, 4, 1, 0, 3]",0.21192
./random_graph_db/graph_db_node_8/01_p0.1/01_graph_n8_p0.1_idx7.gpickle,8,0.1,7,1,0,9,"[3, 4, 0, 7, 6, 2, 5, 1]",0.1591768
./random_graph_db/graph_db_node_8/01_p0.1/01_graph_n8_p0.1_idx8.gpickle,8,0.1,8,2,3,17,"[3, 2, 5, 4, 7, 1, 0, 6]",0.274364
./random_graph_db/graph_db_node_8/01_p0.1/01_graph_n8_p0.1_idx9.gpickle,8,0.1,9,1,0,9,"[0, 3, 5, 6, 7, 2, 4, 1]",0.1553252
./random_graph_db/graph_db_node_8/02_p0.2/02_graph_n8_p0.2_idx1.gpickle,8,0.2,1,2,1,13,"[5, 3, 0, 1, 6, 2, 4, 7]",0.2275209
./random_graph_db/graph_db_node_8/02_p0.2/02_graph_n8_p0.2_idx10.gpickle,8,0.2,10,2,2,14,"[7, 0, 2, 4, 6, 3, 5, 1]",0.251873
./random_graph_db/graph_db_node_8/02_p0.2/02_graph_n8_p0.2_idx2.gpickle,8,0.2,2,1,0,9,"[5, 0, 6, 7, 4, 1, 3, 2]",0.1642342
./random_graph_db/graph_db_node_8/02_p0.2/02_graph_n8_p0.2_idx3.gpickle,8,0.2,3,1,0,9,"[7, 6, 1, 4, 3, 5, 0, 2]",0.1594651
./random_graph_db/graph_db_node_8/02_p0.2/02_graph_n8_p0.2_idx4.gpickle,8,0.2,4,2,3,15,"[1, 6, 4, 3, 7, 5, 2, 0]",0.2752891
./random_graph_db/graph_db_node_8/02_p0.2/02_graph_n8_p0.2_idx5.gpickle,8,0.2,5,1,0,9,"[0, 5, 7, 1, 3, 4, 2, 6]",0.2118938
./random_graph_db/graph_db_node_8/02_p0.2/02_graph_n8_p0.2_idx6.gpickle,8,0.2,6,1,0,9,"[3, 7, 4, 0, 6, 2, 5, 1]",0.1571889
./random_graph_db/graph_db_node_8/02_p0.2/02_graph_n8_p0.2_idx7.gpickle,8,0.2,7,1,0,9,"[3, 7, 0, 6, 5, 4, 1, 2]",0.1555672
./random_graph_db/graph_db_node_8/02_p0.2/02_graph_n8_p0.2_idx8.gpickle,8,0.2,8,1,0,9,"[4, 2, 3, 0, 5, 6, 7, 1]",0.2125111
./random_graph_db/graph_db_node_8/02_p0.2/02_graph_n8_p0.2_idx9.gpickle,8,0.2,9,1,0,9,"[2, 1, 0, 6, 5, 4, 7, 3]",0.160116
./random_graph_db/graph_db_node_8/03_p0.3/03_graph_n8_p0.3_idx1.gpickle,8,0.3,1,1,0,9,"[2, 3, 7, 0, 4, 5, 1, 6]",0.1753879
./random_graph_db/graph_db_node_8/03_p0.3/03_graph_n8_p0.3_idx10.gpickle,8,0.3,10,2,2,14,"[1, 4, 3, 6, 7, 5, 2, 0]",0.2415481
./random_graph_db/graph_db_node_8/03_p0.3/03_graph_n8_p0.3_idx2.gpickle,8,0.3,2,2,4,19,"[1, 5, 2, 4, 0, 3, 7, 6]",0.249557
./random_graph_db/graph_db_node_8/03_p0.3/03_graph_n8_p0.3_idx3.gpickle,8,0.3,3,2,2,12,"[5, 0, 6, 4, 3, 1, 7, 2]",0.246932
./random_graph_db/graph_db_node_8/03_p0.3/03_graph_n8_p0.3_idx4.gpickle,8,0.3,4,2,1,11,"[3, 0, 1, 2, 7, 6, 5, 4]",0.2596471
./random_graph_db/graph_db_node_8/03_p0.3/03_graph_n8_p0.3_idx5.gpickle,8,0.3,5,2,6,30,"[2, 0, 3, 6, 7, 5, 4, 1]",0.2937064
./random_graph_db/graph_db_node_8/03_p0.3/03_graph_n8_p0.3_idx6.gpickle,8,0.3,6,2,4,16,"[1, 3, 4, 7, 5, 0, 2, 6]",0.2809143
./random_graph_db/graph_db_node_8/03_p0.3/03_graph_n8_p0.3_idx7.gpickle,8,0.3,7,2,4,18,"[1, 7, 0, 5, 3, 2, 6, 4]",0.2695951
./random_graph_db/graph_db_node_8/03_p0.3/03_graph_n8_p0.3_idx8.gpickle,8,0.3,8,1,0,11,"[2, 0, 6, 5, 4, 1, 3, 7]",0.1568339
./random_graph_db/graph_db_node_8/03_p0.3/03_graph_n8_p0.3_idx9.gpickle,8,0.3,9,2,4,24,"[6, 1, 0, 2, 5, 4, 3, 7]",0.2880788
./random_graph_db/graph_db_node_8/04_p0.4/04_graph_n8_p0.4_idx1.gpickle,8,0.4,1,3,8,27,"[1, 4, 7, 6, 0, 3, 5, 2]",0.306767
./random_graph_db/graph_db_node_8/04_p0.4/04_graph_n8_p0.4_idx10.gpickle,8,0.4,10,2,3,15,"[6, 7, 5, 0, 3, 1, 2, 4]",0.2369239
./random_graph_db/graph_db_node_8/04_p0.4/04_graph_n8_p0.4_idx2.gpickle,8,0.4,2,2,3,15,"[7, 0, 1, 6, 2, 5, 3, 4]",0.2530258
./random_graph_db/graph_db_node_8/04_p0.4/04_graph_n8_p0.4_idx3.gpickle,8,0.4,3,2,3,15,"[7, 4, 3, 0, 5, 6, 2, 1]",0.2810068
./random_graph_db/graph_db_node_8/04_p0.4/04_graph_n8_p0.4_idx4.gpickle,8,0.4,4,2,2,12,"[4, 0, 2, 1, 3, 6, 5, 7]",0.2385271
./random_graph_db/graph_db_node_8/04_p0.4/04_graph_n8_p0.4_idx5.gpickle,8,0.4,5,1,0,9,"[2, 5, 7, 4, 6, 3, 1, 0]",0.2080669
./random_graph_db/graph_db_node_8/04_p0.4/04_graph_n8_p0.4_idx6.gpickle,8,0.4,6,2,4,25,"[1, 0, 3, 7, 4, 2, 5, 6]",0.2653639
./random_graph_db/graph_db_node_8/04_p0.4/04_graph_n8_p0.4_idx7.gpickle,8,0.4,7,3,6,19,"[1, 7, 6, 4, 2, 0, 3, 5]",0.3216152
./random_graph_db/graph_db_node_8/04_p0.4/04_graph_n8_p0.4_idx8.gpickle,8,0.4,8,3,7,23,"[7, 2, 0, 5, 6, 3, 4, 1]",0.2933719
./random_graph_db/graph_db_node_8/04_p0.4/04_graph_n8_p0.4_idx9.gpickle,8,0.4,9,2,3,15,"[6, 2, 4, 0, 7, 5, 1, 3]",0.2536719
./random_graph_db/graph_db_node_8/05_p0.45/05_graph_n8_p0.45_idx1.gpickle,8,0.45,1,1,0,9,"[1, 0, 7, 6, 2, 3, 4, 5]",0.1580539
./random_graph_db/graph_db_node_8/05_p0.45/05_graph_n8_p0.45_idx10.gpickle,8,0.45,10,2,2,14,"[7, 6, 2, 5, 1, 0, 3, 4]",0.2398269
./random_graph_db/graph_db_node_8/05_p0.45/05_graph_n8_p0.45_idx2.gpickle,8,0.45,2,2,2,12,"[7, 3, 5, 6, 0, 4, 2, 1]",0.254827
./random_graph_db/graph_db_node_8/05_p0.45/05_graph_n8_p0.45_idx3.gpickle,8,0.45,3,3,6,24,"[7, 6, 0, 4, 5, 3, 2, 1]",0.2873271
./random_graph_db/graph_db_node_8/05_p0.45/05_graph_n8_p0.45_idx4.gpickle,8,0.45,4,2,3,15,"[7, 2, 4, 0, 6, 5, 3, 1]",0.2494812
./random_graph_db/graph_db_node_8/05_p0.45/05_graph_n8_p0.45_idx5.gpickle,8,0.45,5,2,5,25,"[7, 2, 0, 3, 6, 5, 1, 4]",0.2835469
./random_graph_db/graph_db_node_8/05_p0.45/05_graph_n8_p0.45_idx6.gpickle,8,0.45,6,3,7,31,"[3, 2, 7, 0, 4, 1, 6, 5]",0.325721
./random_graph_db/graph_db_node_8/05_p0.45/05_graph_n8_p0.45_idx7.gpickle,8,0.45,7,3,7,22,"[0, 5, 3, 6, 4, 7, 2, 1]",0.2912629
./random_graph_db/graph_db_node_8/05_p0.45/05_graph_n8_p0.45_idx8.gpickle,8,0.45,8,2,3,20,"[1, 0, 7, 2, 5, 4, 6, 3]",0.2693782
./random_graph_db/graph_db_node_8/05_p0.45/05_graph_n8_p0.45_idx9.gpickle,8,0.45,9,3,5,18,"[2, 3, 1, 4, 6, 0, 7, 5]",0.2826171
./random_graph_db/graph_db_node_8/06_p0.5/06_graph_n8_p0.5_idx1.gpickle,8,0.5,1,3,7,27,"[3, 4, 0, 1, 2, 5, 7, 6]",0.3104231
./random_graph_db/graph_db_node_8/06_p0.5/06_graph_n8_p0.5_idx10.gpickle,8,0.5,10,2,2,14,"[5, 4, 0, 1, 6, 2, 7, 3]",0.2513101
./random_graph_db/graph_db_node_8/06_p0.5/06_graph_n8_p0.5_idx2.gpickle,8,0.5,2,1,0,19,"[7, 4, 2, 3, 6, 5, 1, 0]",0.1762419
./random_graph_db/graph_db_node_8/06_p0.5/06_graph_n8_p0.5_idx3.gpickle,8,0.5,3,2,5,26,"[0, 7, 2, 6, 5, 4, 3, 1]",0.3310473
./random_graph_db/graph_db_node_8/06_p0.5/06_graph_n8_p0.5_idx4.gpickle,8,0.5,4,3,6,21,"[5, 6, 1, 4, 0, 7, 3, 2]",0.262327
./random_graph_db/graph_db_node_8/06_p0.5/06_graph_n8_p0.5_idx5.gpickle,8,0.5,5,2,3,15,"[5, 6, 1, 7, 3, 4, 2, 0]",0.2642879
./random_graph_db/graph_db_node_8/06_p0.5/06_graph_n8_p0.5_idx6.gpickle,8,0.5,6,3,4,19,"[3, 5, 4, 1, 6, 2, 7, 0]",0.2807009
./random_graph_db/graph_db_node_8/06_p0.5/06_graph_n8_p0.5_idx7.gpickle,8,0.5,7,2,2,14,"[1, 2, 4, 3, 5, 0, 7, 6]",0.2484159
./random_graph_db/graph_db_node_8/06_p0.5/06_graph_n8_p0.5_idx8.gpickle,8,0.5,8,2,2,12,"[5, 0, 2, 6, 1, 4, 7, 3]",0.251241
./random_graph_db/graph_db_node_8/06_p0.5/06_graph_n8_p0.5_idx9.gpickle,8,0.5,9,3,7,25,"[4, 6, 0, 3, 1, 2, 7, 5]",0.3022897
./random_graph_db/graph_db_node_8/07_p0.55/07_graph_n8_p0.55_idx1.gpickle,8,0.55,1,3,9,28,"[2, 3, 7, 6, 4, 0, 5, 1]",0.2957468
./random_graph_db/graph_db_node_8/07_p0.55/07_graph_n8_p0.55_idx10.gpickle,8,0.55,10,2,3,15,"[4, 0, 2, 3, 7, 1, 5, 6]",0.2462599
./random_graph_db/graph_db_node_8/07_p0.55/07_graph_n8_p0.55_idx2.gpickle,8,0.55,2,2,3,20,"[7, 3, 5, 2, 6, 0, 4, 1]",0.236506
./random_graph_db/graph_db_node_8/07_p0.55/07_graph_n8_p0.55_idx3.gpickle,8,0.55,3,2,3,22,"[2, 0, 4, 6, 1, 7, 3, 5]",0.2750111
./random_graph_db/graph_db_node_8/07_p0.55/07_graph_n8_p0.55_idx4.gpickle,8,0.55,4,2,4,18,"[1, 7, 4, 0, 6, 3, 5, 2]",0.2640591
./random_graph_db/graph_db_node_8/07_p0.55/07_graph_n8_p0.55_idx5.gpickle,8,0.55,5,3,7,24,"[5, 2, 0, 4, 1, 7, 6, 3]",0.27858
./random_graph_db/graph_db_node_8/07_p0.55/07_graph_n8_p0.55_idx6.gpickle,8,0.55,6,2,4,21,"[1, 5, 7, 4, 0, 2, 3, 6]",0.2404079
./random_graph_db/graph_db_node_8/07_p0.55/07_graph_n8_p0.55_idx7.gpickle,8,0.55,7,3,5,18,"[4, 1, 3, 5, 0, 2, 6, 7]",0.2959368
./random_graph_db/graph_db_node_8/07_p0.55/07_graph_n8_p0.55_idx8.gpickle,8,0.55,8,2,5,28,"[7, 5, 0, 3, 6, 2, 4, 1]",0.274153
./random_graph_db/graph_db_node_8/07_p0.55/07_graph_n8_p0.55_idx9.gpickle,8,0.55,9,3,7,20,"[7, 5, 0, 3, 2, 1, 4, 6]",0.2988648
./random_graph_db/graph_db_node_8/08_p0.6/08_graph_n8_p0.6_idx1.gpickle,8,0.6,1,2,2,12,"[3, 6, 5, 0, 4, 2, 7, 1]",0.24365
./random_graph_db/graph_db_node_8/08_p0.6/08_graph_n8_p0.6_idx10.gpickle,8,0.6,10,3,7,33,"[0, 6, 3, 7, 5, 2, 1, 4]",0.3325541
./random_graph_db/graph_db_node_8/08_p0.6/08_graph_n8_p0.6_idx2.gpickle,8,0.6,2,3,7,27,"[0, 1, 6, 7, 3, 4, 2, 5]",0.3541591
./random_graph_db/graph_db_node_8/08_p0.6/08_graph_n8_p0.6_idx3.gpickle,8,0.6,3,3,6,22,"[5, 2, 3, 7, 6, 1, 4, 0]",0.274977
./random_graph_db/graph_db_node_8/08_p0.6/08_graph_n8_p0.6_idx4.gpickle,8,0.6,4,2,5,26,"[2, 1, 4, 3, 7, 5, 6, 0]",0.307615
./random_graph_db/graph_db_node_8/08_p0.6/08_graph_n8_p0.6_idx5.gpickle,8,0.6,5,3,7,22,"[5, 6, 4, 2, 1, 3, 7, 0]",0.3082488
./random_graph_db/graph_db_node_8/08_p0.6/08_graph_n8_p0.6_idx6.gpickle,8,0.6,6,2,4,21,"[0, 4, 2, 6, 1, 3, 5, 7]",0.2623591
./random_graph_db/graph_db_node_8/08_p0.6/08_graph_n8_p0.6_idx7.gpickle,8,0.6,7,2,5,24,"[3, 7, 1, 2, 6, 5, 4, 0]",0.2798798
./random_graph_db/graph_db_node_8/08_p0.6/08_graph_n8_p0.6_idx8.gpickle,8,0.6,8,3,7,34,"[1, 7, 6, 0, 4, 3, 2, 5]",0.3286631
./random_graph_db/graph_db_node_8/08_p0.6/08_graph_n8_p0.6_idx9.gpickle,8,0.6,9,3,6,21,"[7, 2, 6, 5, 1, 4, 0, 3]",0.2810421
./random_graph_db/graph_db_node_8/09_p0.65/09_graph_n8_p0.65_idx1.gpickle,8,0.65,1,3,6,26,"[1, 7, 5, 6, 2, 3, 4, 0]",0.2916391
./random_graph_db/graph_db_node_8/09_p0.65/09_graph_n8_p0.65_idx10.gpickle,8,0.65,10,3,6,23,"[2, 5, 1, 6, 3, 4, 0, 7]",0.2821708
./random_graph_db/graph_db_node_8/09_p0.65/09_graph_n8_p0.65_idx2.gpickle,8,0.65,2,2,3,22,"[0, 6, 7, 5, 4, 2, 3, 1]",0.295958
./random_graph_db/graph_db_node_8/09_p0.65/09_graph_n8_p0.65_idx3.gpickle,8,0.65,3,2,4,25,"[3, 0, 7, 5, 1, 4, 6, 2]",0.2606869
./random_graph_db/graph_db_node_8/09_p0.65/09_graph_n8_p0.65_idx4.gpickle,8,0.65,4,2,5,25,"[7, 5, 4, 1, 2, 0, 6, 3]",0.2738869
./random_graph_db/graph_db_node_8/09_p0.65/09_graph_n8_p0.65_idx5.gpickle,8,0.65,5,2,5,30,"[2, 7, 6, 5, 4, 3, 0, 1]",0.2858951
./random_graph_db/graph_db_node_8/09_p0.65/09_graph_n8_p0.65_idx6.gpickle,8,0.65,6,3,7,30,"[6, 5, 2, 4, 7, 1, 3, 0]",0.3153291
./random_graph_db/graph_db_node_8/09_p0.65/09_graph_n8_p0.65_idx7.gpickle,8,0.65,7,2,3,22,"[3, 4, 1, 7, 2, 6, 5, 0]",0.2512608
./random_graph_db/graph_db_node_8/09_p0.65/09_graph_n8_p0.65_idx8.gpickle,8,0.65,8,2,3,15,"[2, 4, 7, 6, 5, 3, 1, 0]",0.248651
./random_graph_db/graph_db_node_8/09_p0.65/09_graph_n8_p0.65_idx9.gpickle,8,0.65,9,3,8,27,"[1, 5, 4, 2, 7, 3, 0, 6]",0.2912283
./random_graph_db/graph_db_node_8/10_p0.7/10_graph_n8_p0.7_idx1.gpickle,8,0.7,1,3,8,28,"[5, 0, 2, 3, 4, 1, 6, 7]",0.3373179
./random_graph_db/graph_db_node_8/10_p0.7/10_graph_n8_p0.7_idx10.gpickle,8,0.7,10,2,5,24,"[7, 1, 3, 6, 4, 0, 2, 5]",0.2783828
./random_graph_db/graph_db_node_8/10_p0.7/10_graph_n8_p0.7_idx2.gpickle,8,0.7,2,2,4,16,"[6, 3, 5, 0, 2, 1, 4, 7]",0.28003
./random_graph_db/graph_db_node_8/10_p0.7/10_graph_n8_p0.7_idx3.gpickle,8,0.7,3,3,6,21,"[2, 0, 6, 4, 3, 7, 1, 5]",0.3164639
./random_graph_db/graph_db_node_8/10_p0.7/10_graph_n8_p0.7_idx4.gpickle,8,0.7,4,2,4,18,"[0, 4, 6, 7, 1, 2, 5, 3]",0.281867
./random_graph_db/graph_db_node_8/10_p0.7/10_graph_n8_p0.7_idx5.gpickle,8,0.7,5,2,3,23,"[1, 6, 3, 0, 4, 5, 7, 2]",0.2522299
./random_graph_db/graph_db_node_8/10_p0.7/10_graph_n8_p0.7_idx6.gpickle,8,0.7,6,2,4,23,"[4, 3, 7, 5, 6, 2, 0, 1]",0.2682111
./random_graph_db/graph_db_node_8/10_p0.7/10_graph_n8_p0.7_idx7.gpickle,8,0.7,7,3,6,23,"[1, 4, 7, 2, 6, 3, 0, 5]",0.282958
./random_graph_db/graph_db_node_8/10_p0.7/10_graph_n8_p0.7_idx8.gpickle,8,0.7,8,2,4,22,"[2, 6, 7, 5, 0, 4, 1, 3]",0.2824752
./random_graph_db/graph_db_node_8/10_p0.7/10_graph_n8_p0.7_idx9.gpickle,8,0.7,9,3,6,23,"[2, 3, 7, 0, 4, 1, 5, 6]",0.2860291
./random_graph_db/graph_db_node_8/11_p0.8/11_graph_n8_p0.8_idx1.gpickle,8,0.8,1,1,0,11,"[2, 3, 5, 0, 6, 1, 4, 7]",0.2096641
./random_graph_db/graph_db_node_8/11_p0.8/11_graph_n8_p0.8_idx10.gpickle,8,0.8,10,2,4,16,"[3, 0, 6, 7, 1, 5, 4, 2]",0.2537472
./random_graph_db/graph_db_node_8/11_p0.8/11_graph_n8_p0.8_idx2.gpickle,8,0.8,2,2,2,12,"[7, 6, 3, 0, 4, 5, 1, 2]",0.2225966
./random_graph_db/graph_db_node_8/11_p0.8/11_graph_n8_p0.8_idx3.gpickle,8,0.8,3,3,4,17,"[7, 1, 6, 3, 4, 5, 2, 0]",0.276494
./random_graph_db/graph_db_node_8/11_p0.8/11_graph_n8_p0.8_idx4.gpickle,8,0.8,4,2,2,14,"[6, 4, 0, 3, 5, 2, 1, 7]",0.2541001
./random_graph_db/graph_db_node_8/11_p0.8/11_graph_n8_p0.8_idx5.gpickle,8,0.8,5,2,4,21,"[6, 5, 4, 7, 1, 0, 2, 3]",0.2508743
./random_graph_db/graph_db_node_8/11_p0.8/11_graph_n8_p0.8_idx6.gpickle,8,0.8,6,1,0,9,"[7, 4, 3, 1, 0, 2, 6, 5]",0.1518939
./random_graph_db/graph_db_node_8/11_p0.8/11_graph_n8_p0.8_idx7.gpickle,8,0.8,7,2,2,14,"[5, 6, 0, 4, 7, 1, 2, 3]",0.267679
./random_graph_db/graph_db_node_8/11_p0.8/11_graph_n8_p0.8_idx8.gpickle,8,0.8,8,2,2,14,"[0, 5, 1, 4, 2, 7, 3, 6]",0.2216613
./random_graph_db/graph_db_node_8/11_p0.8/11_graph_n8_p0.8_idx9.gpickle,8,0.8,9,1,0,11,"[3, 7, 2, 0, 6, 4, 1, 5]",0.157866
./random_graph_db/graph_db_node_8/12_p0.9/12_graph_n8_p0.9_idx1.gpickle,8,0.9,1,1,0,9,"[5, 3, 7, 0, 6, 4, 2, 1]",0.157357
./random_graph_db/graph_db_node_8/12_p0.9/12_graph_n8_p0.9_idx10.gpickle,8,0.9,10,2,4,18,"[3, 1, 6, 2, 4, 5, 7, 0]",0.2612348
./random_graph_db/graph_db_node_8/12_p0.9/12_graph_n8_p0.9_idx2.gpickle,8,0.9,2,2,2,14,"[1, 3, 5, 4, 6, 7, 0, 2]",0.221838
./random_graph_db/graph_db_node_8/12_p0.9/12_graph_n8_p0.9_idx3.gpickle,8,0.9,3,2,1,11,"[6, 5, 2, 3, 0, 4, 7, 1]",0.2686942
./random_graph_db/graph_db_node_8/12_p0.9/12_graph_n8_p0.9_idx4.gpickle,8,0.9,4,1,0,9,"[5, 6, 2, 0, 3, 4, 1, 7]",0.1596799
./random_graph_db/graph_db_node_8/12_p0.9/12_graph_n8_p0.9_idx5.gpickle,8,0.9,5,1,0,9,"[2, 7, 3, 4, 0, 6, 5, 1]",0.1616766
./random_graph_db/graph_db_node_8/12_p0.9/12_graph_n8_p0.9_idx6.gpickle,8,0.9,6,2,2,14,"[2, 7, 6, 5, 0, 1, 3, 4]",0.2220209
./random_graph_db/graph_db_node_8/12_p0.9/12_graph_n8_p0.9_idx7.gpickle,8,0.9,7,1,0,9,"[0, 4, 5, 6, 7, 1, 2, 3]",0.192601
./random_graph_db/graph_db_node_8/12_p0.9/12_graph_n8_p0.9_idx8.gpickle,8,0.9,8,1,0,9,"[0, 7, 4, 1, 2, 3, 6, 5]",0.1848793
./random_graph_db/graph_db_node_8/12_p0.9/12_graph_n8_p0.9_idx9.gpickle,8,0.9,9,1,0,9,"[3, 6, 7, 0, 5, 1, 4, 2]",0.183645
./random_graph_db/graph_db_node_9/01_p0.1/01_graph_n9_p0.1_idx1.gpickle,9,0.1,1,2,2,13,"[3, 6, 1, 4, 0, 2, 8, 5, 7]",0.3554151
./random_graph_db/graph_db_node_9/01_p0.1/01_graph_n9_p0.1_idx10.gpickle,9,0.1,10,2,1,12,"[7, 6, 0, 1, 8, 4, 3, 5, 2]",0.3354661
./random_graph_db/graph_db_node_9/01_p0.1/01_graph_n9_p0.1_idx2.gpickle,9,0.1,2,2,2,13,"[1, 4, 6, 7, 2, 3, 8, 0, 5]",0.3832462
./random_graph_db/graph_db_node_9/01_p0.1/01_graph_n9_p0.1_idx3.gpickle,9,0.1,3,2,2,15,"[3, 4, 1, 8, 7, 5, 0, 6, 2]",0.3834069
./random_graph_db/graph_db_node_9/01_p0.1/01_graph_n9_p0.1_idx4.gpickle,9,0.1,4,1,0,10,"[0, 3, 2, 8, 4, 7, 1, 5, 6]",0.2487459
./random_graph_db/graph_db_node_9/01_p0.1/01_graph_n9_p0.1_idx5.gpickle,9,0.1,5,2,1,12,"[5, 0, 3, 1, 2, 7, 8, 6, 4]",0.3440142
./random_graph_db/graph_db_node_9/01_p0.1/01_graph_n9_p0.1_idx6.gpickle,9,0.1,6,1,0,10,"[0, 1, 7, 3, 8, 5, 2, 6, 4]",0.1782672
./random_graph_db/graph_db_node_9/01_p0.1/01_graph_n9_p0.1_idx7.gpickle,9,0.1,7,1,0,10,"[2, 6, 1, 5, 3, 0, 8, 7, 4]",0.211561
./random_graph_db/graph_db_node_9/01_p0.1/01_graph_n9_p0.1_idx8.gpickle,9,0.1,8,2,3,16,"[8, 0, 5, 2, 3, 1, 4, 6, 7]",0.3739269
./random_graph_db/graph_db_node_9/01_p0.1/01_graph_n9_p0.1_idx9.gpickle,9,0.1,9,1,0,10,"[3, 6, 8, 1, 0, 2, 5, 4, 7]",0.1874592
./random_graph_db/graph_db_node_9/02_p0.2/02_graph_n9_p0.2_idx1.gpickle,9,0.2,1,3,9,26,"[6, 5, 8, 2, 0, 7, 4, 3, 1]",0.3407099
./random_graph_db/graph_db_node_9/02_p0.2/02_graph_n9_p0.2_idx10.gpickle,9,0.2,10,2,2,15,"[0, 7, 2, 8, 1, 5, 6, 4, 3]",0.2852161
./random_graph_db/graph_db_node_9/02_p0.2/02_graph_n9_p0.2_idx2.gpickle,9,0.2,2,2,3,14,"[4, 8, 3, 6, 7, 5, 0, 2, 1]",0.408917
./random_graph_db/graph_db_node_9/02_p0.2/02_graph_n9_p0.2_idx3.gpickle,9,0.2,3,2,3,14,"[3, 0, 1, 7, 8, 6, 2, 5, 4]",0.3887691
./random_graph_db/graph_db_node_9/02_p0.2/02_graph_n9_p0.2_idx4.gpickle,9,0.2,4,2,5,16,"[6, 0, 4, 2, 3, 8, 7, 1, 5]",0.4247561
./random_graph_db/graph_db_node_9/02_p0.2/02_graph_n9_p0.2_idx5.gpickle,9,0.2,5,2,2,13,"[4, 5, 7, 1, 3, 2, 6, 8, 0]",0.6402524
./random_graph_db/graph_db_node_9/02_p0.2/02_graph_n9_p0.2_idx6.gpickle,9,0.2,6,2,3,14,"[3, 0, 5, 7, 6, 1, 2, 8, 4]",0.421576
./random_graph_db/graph_db_node_9/02_p0.2/02_graph_n9_p0.2_idx7.gpickle,9,0.2,7,2,1,14,"[7, 1, 8, 3, 4, 5, 2, 0, 6]",0.3402889
./random_graph_db/graph_db_node_9/02_p0.2/02_graph_n9_p0.2_idx8.gpickle,9,0.2,8,1,0,15,"[5, 6, 1, 4, 2, 8, 0, 7, 3]",0.1952481
./random_graph_db/graph_db_node_9/02_p0.2/02_graph_n9_p0.2_idx9.gpickle,9,0.2,9,2,3,16,"[8, 0, 1, 3, 4, 5, 6, 2, 7]",0.5040698
./random_graph_db/graph_db_node_9/03_p0.3/03_graph_n9_p0.3_idx1.gpickle,9,0.3,1,3,6,22,"[4, 8, 7, 3, 0, 2, 6, 5, 1]",0.5834661
./random_graph_db/graph_db_node_9/03_p0.3/03_graph_n9_p0.3_idx10.gpickle,9,0.3,10,3,7,27,"[0, 2, 4, 5, 6, 8, 7, 3, 1]",0.4267828
./random_graph_db/graph_db_node_9/03_p0.3/03_graph_n9_p0.3_idx2.gpickle,9,0.3,2,2,5,27,"[0, 8, 4, 5, 2, 6, 7, 1, 3]",0.3221371
./random_graph_db/graph_db_node_9/03_p0.3/03_graph_n9_p0.3_idx3.gpickle,9,0.3,3,2,2,20,"[0, 4, 1, 3, 7, 5, 6, 8, 2]",0.356195
./random_graph_db/graph_db_node_9/03_p0.3/03_graph_n9_p0.3_idx4.gpickle,9,0.3,4,3,7,23,"[5, 7, 0, 2, 6, 4, 1, 3, 8]",0.3410931
./random_graph_db/graph_db_node_9/03_p0.3/03_graph_n9_p0.3_idx5.gpickle,9,0.3,5,3,7,23,"[7, 4, 0, 6, 2, 3, 5, 1, 8]",0.456449
./random_graph_db/graph_db_node_9/03_p0.3/03_graph_n9_p0.3_idx6.gpickle,9,0.3,6,1,0,10,"[3, 0, 6, 7, 8, 1, 2, 5, 4]",0.1867719
./random_graph_db/graph_db_node_9/03_p0.3/03_graph_n9_p0.3_idx7.gpickle,9,0.3,7,3,6,26,"[5, 8, 0, 6, 7, 2, 1, 3, 4]",0.3761311
./random_graph_db/graph_db_node_9/03_p0.3/03_graph_n9_p0.3_idx8.gpickle,9,0.3,8,2,2,15,"[8, 0, 5, 6, 1, 2, 4, 7, 3]",0.299917
./random_graph_db/graph_db_node_9/03_p0.3/03_graph_n9_p0.3_idx9.gpickle,9,0.3,9,3,9,36,"[1, 6, 3, 7, 0, 2, 4, 5, 8]",0.4630229
./random_graph_db/graph_db_node_9/04_p0.4/04_graph_n9_p0.4_idx1.gpickle,9,0.4,1,2,5,24,"[1, 4, 3, 5, 8, 0, 6, 2, 7]",0.4377022
./random_graph_db/graph_db_node_9/04_p0.4/04_graph_n9_p0.4_idx10.gpickle,9,0.4,10,3,5,21,"[6, 4, 8, 2, 7, 1, 3, 5, 0]",0.4370382
./random_graph_db/graph_db_node_9/04_p0.4/04_graph_n9_p0.4_idx2.gpickle,9,0.4,2,3,11,43,"[7, 5, 6, 8, 3, 1, 2, 0, 4]",0.4497981
./random_graph_db/graph_db_node_9/04_p0.4/04_graph_n9_p0.4_idx3.gpickle,9,0.4,3,3,6,29,"[4, 3, 7, 2, 8, 1, 6, 0, 5]",0.3533916
./random_graph_db/graph_db_node_9/04_p0.4/04_graph_n9_p0.4_idx4.gpickle,9,0.4,4,2,4,17,"[6, 5, 8, 0, 1, 4, 7, 3, 2]",0.340591
./random_graph_db/graph_db_node_9/04_p0.4/04_graph_n9_p0.4_idx5.gpickle,9,0.4,5,2,2,15,"[0, 5, 2, 6, 1, 8, 3, 4, 7]",0.3652279
./random_graph_db/graph_db_node_9/04_p0.4/04_graph_n9_p0.4_idx6.gpickle,9,0.4,6,2,3,23,"[6, 7, 2, 1, 8, 0, 4, 3, 5]",0.3885801
./random_graph_db/graph_db_node_9/04_p0.4/04_graph_n9_p0.4_idx7.gpickle,9,0.4,7,2,5,27,"[1, 2, 5, 6, 8, 4, 7, 3, 0]",0.4456632
./random_graph_db/graph_db_node_9/04_p0.4/04_graph_n9_p0.4_idx8.gpickle,9,0.4,8,3,6,24,"[1, 0, 7, 3, 8, 4, 2, 5, 6]",0.4018519
./random_graph_db/graph_db_node_9/04_p0.4/04_graph_n9_p0.4_idx9.gpickle,9,0.4,9,3,7,32,"[8, 7, 1, 5, 4, 0, 6, 3, 2]",0.469588
./random_graph_db/graph_db_node_9/05_p0.45/05_graph_n9_p0.45_idx1.gpickle,9,0.45,1,3,9,35,"[2, 8, 0, 4, 7, 6, 5, 3, 1]",0.4603872
./random_graph_db/graph_db_node_9/05_p0.45/05_graph_n9_p0.45_idx10.gpickle,9,0.45,10,2,5,27,"[4, 5, 8, 3, 0, 2, 6, 1, 7]",0.4546728
./random_graph_db/graph_db_node_9/05_p0.45/05_graph_n9_p0.45_idx2.gpickle,9,0.45,2,3,7,25,"[2, 3, 8, 1, 4, 7, 5, 6, 0]",0.4163232
./random_graph_db/graph_db_node_9/05_p0.45/05_graph_n9_p0.45_idx3.gpickle,9,0.45,3,2,3,16,"[1, 2, 7, 3, 5, 6, 4, 8, 0]",0.318855
./random_graph_db/graph_db_node_9/05_p0.45/05_graph_n9_p0.45_idx4.gpickle,9,0.45,4,3,10,38,"[0, 7, 4, 6, 3, 8, 5, 1, 2]",0.4998579
./random_graph_db/graph_db_node_9/05_p0.45/05_graph_n9_p0.45_idx5.gpickle,9,0.45,5,2,4,19,"[3, 5, 0, 6, 7, 2, 1, 4, 8]",0.3355219
./random_graph_db/graph_db_node_9/05_p0.45/05_graph_n9_p0.45_idx6.gpickle,9,0.45,6,2,4,22,"[7, 0, 4, 5, 1, 2, 8, 3, 6]",0.30953
./random_graph_db/graph_db_node_9/05_p0.45/05_graph_n9_p0.45_idx7.gpickle,9,0.45,7,3,8,33,"[3, 4, 0, 6, 7, 1, 8, 5, 2]",0.3419058
./random_graph_db/graph_db_node_9/05_p0.45/05_graph_n9_p0.45_idx8.gpickle,9,0.45,8,2,4,22,"[2, 0, 5, 3, 8, 7, 1, 4, 6]",0.4004407
./random_graph_db/graph_db_node_9/05_p0.45/05_graph_n9_p0.45_idx9.gpickle,9,0.45,9,2,4,26,"[4, 0, 3, 6, 8, 5, 1, 7, 2]",0.3488672
./random_graph_db/graph_db_node_9/06_p0.5/06_graph_n9_p0.5_idx1.gpickle,9,0.5,1,2,5,23,"[7, 3, 0, 6, 5, 1, 8, 4, 2]",0.3352981
./random_graph_db/graph_db_node_9/06_p0.5/06_graph_n9_p0.5_idx10.gpickle,9,0.5,10,3,8,29,"[2, 6, 4, 3, 5, 8, 0, 7, 1]",0.5999041
./random_graph_db/graph_db_node_9/06_p0.5/06_graph_n9_p0.5_idx2.gpickle,9,0.5,2,3,5,19,"[0, 6, 5, 7, 8, 2, 4, 1, 3]",0.4265101
./random_graph_db/graph_db_node_9/06_p0.5/06_graph_n9_p0.5_idx3.gpickle,9,0.5,3,3,8,24,"[4, 3, 5, 7, 1, 8, 2, 6, 0]",0.4520981
./random_graph_db/graph_db_node_9/06_p0.5/06_graph_n9_p0.5_idx4.gpickle,9,0.5,4,2,3,16,"[2, 8, 1, 4, 7, 3, 5, 0, 6]",0.37711
./random_graph_db/graph_db_node_9/06_p0.5/06_graph_n9_p0.5_idx5.gpickle,9,0.5,5,3,8,29,"[7, 6, 3, 4, 5, 1, 0, 2, 8]",0.446713
./random_graph_db/graph_db_node_9/06_p0.5/06_graph_n9_p0.5_idx6.gpickle,9,0.5,6,3,8,35,"[6, 7, 3, 5, 0, 4, 1, 8, 2]",0.4647789
./random_graph_db/graph_db_node_9/06_p0.5/06_graph_n9_p0.5_idx7.gpickle,9,0.5,7,2,2,15,"[2, 1, 3, 6, 5, 7, 4, 8, 0]",0.2906981
./random_graph_db/graph_db_node_9/06_p0.5/06_graph_n9_p0.5_idx8.gpickle,9,0.5,8,3,8,24,"[6, 5, 3, 8, 2, 7, 1, 0, 4]",0.4588308
./random_graph_db/graph_db_node_9/06_p0.5/06_graph_n9_p0.5_idx9.gpickle,9,0.5,9,2,6,33,"[0, 3, 6, 5, 2, 1, 4, 7, 8]",0.4280448
./random_graph_db/graph_db_node_9/07_p0.55/07_graph_n9_p0.55_idx1.gpickle,9,0.55,1,2,4,26,"[5, 2, 4, 6, 3, 1, 0, 8, 7]",0.4423499
./random_graph_db/graph_db_node_9/07_p0.55/07_graph_n9_p0.55_idx10.gpickle,9,0.55,10,3,7,24,"[8, 4, 7, 1, 2, 5, 0, 3, 6]",0.4466002
./random_graph_db/graph_db_node_9/07_p0.55/07_graph_n9_p0.55_idx2.gpickle,9,0.55,2,2,2,15,"[7, 4, 5, 3, 0, 1, 6, 2, 8]",0.3840158
./random_graph_db/graph_db_node_9/07_p0.55/07_graph_n9_p0.55_idx3.gpickle,9,0.55,3,3,10,38,"[6, 8, 5, 1, 4, 2, 3, 7, 0]",0.50704
./random_graph_db/graph_db_node_9/07_p0.55/07_graph_n9_p0.55_idx4.gpickle,9,0.55,4,3,6,22,"[8, 2, 5, 6, 7, 1, 0, 4, 3]",0.4399159
./random_graph_db/graph_db_node_9/07_p0.55/07_graph_n9_p0.55_idx5.gpickle,9,0.55,5,2,5,20,"[5, 7, 8, 4, 0, 6, 1, 3, 2]",0.3298481
./random_graph_db/graph_db_node_9/07_p0.55/07_graph_n9_p0.55_idx6.gpickle,9,0.55,6,2,4,17,"[7, 5, 0, 1, 4, 6, 2, 8, 3]",0.383873
./random_graph_db/graph_db_node_9/07_p0.55/07_graph_n9_p0.55_idx7.gpickle,9,0.55,7,3,8,25,"[6, 8, 2, 7, 1, 0, 4, 3, 5]",0.4850371
./random_graph_db/graph_db_node_9/07_p0.55/07_graph_n9_p0.55_idx8.gpickle,9,0.55,8,3,8,32,"[3, 4, 2, 8, 5, 0, 1, 6, 7]",0.458832
./random_graph_db/graph_db_node_9/07_p0.55/07_graph_n9_p0.55_idx9.gpickle,9,0.55,9,3,11,42,"[4, 2, 3, 8, 0, 6, 1, 5, 7]",0.4742589
./random_graph_db/graph_db_node_9/08_p0.6/08_graph_n9_p0.6_idx1.gpickle,9,0.6,1,3,10,41,"[7, 0, 3, 8, 6, 2, 4, 5, 1]",0.4552488
./random_graph_db/graph_db_node_9/08_p0.6/08_graph_n9_p0.6_idx10.gpickle,9,0.6,10,3,8,26,"[3, 2, 6, 1, 7, 0, 8, 4, 5]",0.4656289
./random_graph_db/graph_db_node_9/08_p0.6/08_graph_n9_p0.6_idx2.gpickle,9,0.6,2,3,10,42,"[2, 1, 8, 6, 0, 7, 4, 5, 3]",0.459605
./random_graph_db/graph_db_node_9/08_p0.6/08_graph_n9_p0.6_idx3.gpickle,9,0.6,3,3,10,36,"[2, 5, 8, 3, 6, 1, 7, 0, 4]",0.4488659
./random_graph_db/graph_db_node_9/08_p0.6/08_graph_n9_p0.6_idx4.gpickle,9,0.6,4,3,8,36,"[5, 1, 3, 7, 4, 0, 2, 6, 8]",0.455061
./random_graph_db/graph_db_node_9/08_p0.6/08_graph_n9_p0.6_idx5.gpickle,9,0.6,5,2,4,23,"[6, 0, 8, 4, 7, 5, 3, 1, 2]",0.340353
./random_graph_db/graph_db_node_9/08_p0.6/08_graph_n9_p0.6_idx6.gpickle,9,0.6,6,3,8,26,"[5, 4, 0, 8, 7, 1, 2, 6, 3]",0.4644558
./random_graph_db/graph_db_node_9/08_p0.6/08_graph_n9_p0.6_idx7.gpickle,9,0.6,7,3,9,35,"[3, 0, 7, 6, 2, 4, 1, 5, 8]",0.3749683
./random_graph_db/graph_db_node_9/08_p0.6/08_graph_n9_p0.6_idx8.gpickle,9,0.6,8,2,2,15,"[6, 0, 3, 4, 8, 1, 5, 7, 2]",0.397764
./random_graph_db/graph_db_node_9/08_p0.6/08_graph_n9_p0.6_idx9.gpickle,9,0.6,9,2,3,16,"[3, 5, 6, 8, 1, 4, 2, 7, 0]",0.4209712
./random_graph_db/graph_db_node_9/09_p0.65/09_graph_n9_p0.65_idx1.gpickle,9,0.65,1,3,9,39,"[5, 1, 4, 7, 8, 3, 2, 0, 6]",0.4419708
./random_graph_db/graph_db_node_9/09_p0.65/09_graph_n9_p0.65_idx10.gpickle,9,0.65,10,2,4,24,"[8, 7, 6, 3, 4, 5, 2, 1, 0]",0.306952
./random_graph_db/graph_db_node_9/09_p0.65/09_graph_n9_p0.65_idx2.gpickle,9,0.65,2,3,10,40,"[1, 2, 7, 0, 8, 6, 3, 5, 4]",0.479531
./random_graph_db/graph_db_node_9/09_p0.65/09_graph_n9_p0.65_idx3.gpickle,9,0.65,3,3,8,31,"[1, 6, 4, 0, 5, 8, 2, 7, 3]",0.4541209
./random_graph_db/graph_db_node_9/09_p0.65/09_graph_n9_p0.65_idx4.gpickle,9,0.65,4,3,7,23,"[1, 6, 2, 3, 0, 4, 8, 5, 7]",0.434788
./random_graph_db/graph_db_node_9/09_p0.65/09_graph_n9_p0.65_idx5.gpickle,9,0.65,5,3,8,33,"[7, 0, 1, 3, 5, 8, 4, 6, 2]",0.4613159
./random_graph_db/graph_db_node_9/09_p0.65/09_graph_n9_p0.65_idx6.gpickle,9,0.65,6,2,5,26,"[6, 7, 5, 4, 0, 3, 1, 8, 2]",0.411895
./random_graph_db/graph_db_node_9/09_p0.65/09_graph_n9_p0.65_idx7.gpickle,9,0.65,7,2,5,25,"[4, 5, 3, 6, 7, 2, 8, 1, 0]",0.4204359
./random_graph_db/graph_db_node_9/09_p0.65/09_graph_n9_p0.65_idx8.gpickle,9,0.65,8,2,4,19,"[0, 6, 1, 7, 4, 8, 3, 5, 2]",0.3764076
./random_graph_db/graph_db_node_9/09_p0.65/09_graph_n9_p0.65_idx9.gpickle,9,0.65,9,2,3,17,"[6, 4, 1, 3, 7, 2, 0, 8, 5]",0.4031711
./random_graph_db/graph_db_node_9/10_p0.7/10_graph_n9_p0.7_idx1.gpickle,9,0.7,1,3,7,26,"[8, 5, 3, 0, 2, 1, 6, 7, 4]",0.44959
./random_graph_db/graph_db_node_9/10_p0.7/10_graph_n9_p0.7_idx10.gpickle,9,0.7,10,3,10,40,"[3, 2, 4, 5, 7, 1, 0, 6, 8]",0.4614179
./random_graph_db/graph_db_node_9/10_p0.7/10_graph_n9_p0.7_idx2.gpickle,9,0.7,2,3,8,24,"[1, 5, 3, 8, 6, 2, 4, 0, 7]",0.4152329
./random_graph_db/graph_db_node_9/10_p0.7/10_graph_n9_p0.7_idx3.gpickle,9,0.7,3,2,4,17,"[6, 3, 7, 4, 5, 1, 8, 2, 0]",0.3962219
./random_graph_db/graph_db_node_9/10_p0.7/10_graph_n9_p0.7_idx4.gpickle,9,0.7,4,3,8,26,"[1, 3, 0, 4, 8, 2, 7, 6, 5]",0.533695
./random_graph_db/graph_db_node_9/10_p0.7/10_graph_n9_p0.7_idx5.gpickle,9,0.7,5,3,10,47,"[6, 5, 4, 0, 8, 2, 7, 1, 3]",0.442462
./random_graph_db/graph_db_node_9/10_p0.7/10_graph_n9_p0.7_idx6.gpickle,9,0.7,6,3,8,26,"[0, 8, 3, 6, 4, 2, 1, 7, 5]",0.4235191
./random_graph_db/graph_db_node_9/10_p0.7/10_graph_n9_p0.7_idx7.gpickle,9,0.7,7,3,8,35,"[1, 2, 8, 4, 5, 0, 6, 7, 3]",0.467869
./random_graph_db/graph_db_node_9/10_p0.7/10_graph_n9_p0.7_idx8.gpickle,9,0.7,8,3,9,27,"[6, 0, 7, 8, 3, 4, 5, 1, 2]",0.4502718
./random_graph_db/graph_db_node_9/10_p0.7/10_graph_n9_p0.7_idx9.gpickle,9,0.7,9,3,8,32,"[7, 5, 2, 6, 0, 3, 1, 8, 4]",0.3564129
./random_graph_db/graph_db_node_9/11_p0.8/11_graph_n9_p0.8_idx1.gpickle,9,0.8,1,2,2,15,"[1, 0, 6, 4, 3, 7, 2, 8, 5]",0.2697999
./random_graph_db/graph_db_node_9/11_p0.8/11_graph_n9_p0.8_idx10.gpickle,9,0.8,10,3,5,27,"[4, 0, 6, 8, 1, 7, 3, 5, 2]",0.4413838
./random_graph_db/graph_db_node_9/11_p0.8/11_graph_n9_p0.8_idx2.gpickle,9,0.8,2,2,4,19,"[4, 7, 8, 5, 1, 3, 0, 2, 6]",0.3700809
./random_graph_db/graph_db_node_9/11_p0.8/11_graph_n9_p0.8_idx3.gpickle,9,0.8,3,3,6,22,"[4, 1, 5, 7, 6, 3, 2, 0, 8]",0.3051403
./random_graph_db/graph_db_node_9/11_p0.8/11_graph_n9_p0.8_idx4.gpickle,9,0.8,4,3,6,20,"[2, 6, 8, 4, 3, 5, 0, 1, 7]",0.3788509
./random_graph_db/graph_db_node_9/11_p0.8/11_graph_n9_p0.8_idx5.gpickle,9,0.8,5,3,7,23,"[3, 0, 8, 2, 5, 7, 4, 1, 6]",0.439393
./random_graph_db/graph_db_node_9/11_p0.8/11_graph_n9_p0.8_idx6.gpickle,9,0.8,6,3,7,25,"[7, 5, 8, 1, 6, 0, 2, 3, 4]",0.3026037
./random_graph_db/graph_db_node_9/11_p0.8/11_graph_n9_p0.8_idx7.gpickle,9,0.8,7,3,5,24,"[0, 2, 4, 8, 5, 1, 6, 3, 7]",0.3838692
./random_graph_db/graph_db_node_9/11_p0.8/11_graph_n9_p0.8_idx8.gpickle,9,0.8,8,2,6,19,"[8, 6, 0, 5, 1, 4, 2, 3, 7]",0.4003119
./random_graph_db/graph_db_node_9/11_p0.8/11_graph_n9_p0.8_idx9.gpickle,9,0.8,9,2,5,27,"[5, 7, 0, 6, 2, 4, 1, 8, 3]",0.42031
./random_graph_db/graph_db_node_9/12_p0.9/12_graph_n9_p0.9_idx1.gpickle,9,0.9,1,2,2,15,"[7, 1, 0, 3, 5, 2, 6, 8, 4]",0.344872
./random_graph_db/graph_db_node_9/12_p0.9/12_graph_n9_p0.9_idx10.gpickle,9,0.9,10,2,2,15,"[7, 5, 4, 1, 8, 6, 3, 0, 2]",0.191148
./random_graph_db/graph_db_node_9/12_p0.9/12_graph_n9_p0.9_idx2.gpickle,9,0.9,2,2,1,12,"[2, 7, 6, 0, 5, 4, 8, 3, 1]",0.1987379
./random_graph_db/graph_db_node_9/12_p0.9/12_graph_n9_p0.9_idx3.gpickle,9,0.9,3,2,2,15,"[1, 6, 2, 4, 8, 3, 0, 5, 7]",0.3989871
./random_graph_db/graph_db_node_9/12_p0.9/12_graph_n9_p0.9_idx4.gpickle,9,0.9,4,2,5,18,"[4, 7, 1, 5, 0, 6, 2, 3, 8]",0.387795
./random_graph_db/graph_db_node_9/12_p0.9/12_graph_n9_p0.9_idx5.gpickle,9,0.9,5,2,1,12,"[6, 1, 2, 7, 5, 3, 8, 0, 4]",0.3272982
./random_graph_db/graph_db_node_9/12_p0.9/12_graph_n9_p0.9_idx6.gpickle,9,0.9,6,1,0,10,"[1, 7, 6, 2, 0, 5, 4, 8, 3]",0.1873977
./random_graph_db/graph_db_node_9/12_p0.9/12_graph_n9_p0.9_idx7.gpickle,9,0.9,7,2,2,16,"[2, 4, 6, 3, 1, 0, 7, 8, 5]",0.358398
./random_graph_db/graph_db_node_9/12_p0.9/12_graph_n9_p0.9_idx8.gpickle,9,0.9,8,3,7,37,"[8, 1, 5, 7, 4, 6, 0, 3, 2]",0.4431729
./random_graph_db/graph_db_node_9/12_p0.9/12_graph_n9_p0.9_idx9.gpickle,9,0.9,9,2,2,15,"[4, 5, 2, 7, 3, 6, 1, 8, 0]",0.2841051
