path,node_number,p,idx,num_emitters_path,num_emitter_CNOTs_path,num_gates_path,ordering_path,run_time_path
./random_graph_db/graph_db_node_10/01_p0.1/01_graph_n10_p0.1_idx1.gpickle,10,0.1,1,1,0,11,"[8, 6, 0, 9, 5, 4, 3, 2, 7, 1]",2.378433
./random_graph_db/graph_db_node_10/01_p0.1/01_graph_n10_p0.1_idx10.gpickle,10,0.1,10,1,0,11,"[7, 1, 9, 5, 0, 3, 2, 6, 8, 4]",2.0986288
./random_graph_db/graph_db_node_10/01_p0.1/01_graph_n10_p0.1_idx2.gpickle,10,0.1,2,2,3,24,"[6, 2, 1, 9, 0, 5, 8, 7, 4, 3]",2.2646649
./random_graph_db/graph_db_node_10/01_p0.1/01_graph_n10_p0.1_idx3.gpickle,10,0.1,3,1,0,11,"[6, 1, 9, 4, 8, 2, 5, 0, 7, 3]",2.2126222
./random_graph_db/graph_db_node_10/01_p0.1/01_graph_n10_p0.1_idx4.gpickle,10,0.1,4,1,0,11,"[3, 0, 9, 2, 6, 5, 8, 7, 1, 4]",2.3508041
./random_graph_db/graph_db_node_10/01_p0.1/01_graph_n10_p0.1_idx5.gpickle,10,0.1,5,2,1,13,"[1, 6, 5, 7, 4, 2, 8, 9, 3, 0]",2.3030691
./random_graph_db/graph_db_node_10/01_p0.1/01_graph_n10_p0.1_idx6.gpickle,10,0.1,6,2,2,16,"[1, 4, 2, 9, 5, 3, 8, 6, 7, 0]",2.540509
./random_graph_db/graph_db_node_10/01_p0.1/01_graph_n10_p0.1_idx7.gpickle,10,0.1,7,2,6,34,"[9, 8, 7, 1, 3, 0, 6, 2, 5, 4]",2.263916
./random_graph_db/graph_db_node_10/01_p0.1/01_graph_n10_p0.1_idx8.gpickle,10,0.1,8,2,2,16,"[9, 1, 7, 2, 0, 8, 3, 5, 4, 6]",2.2266457
./random_graph_db/graph_db_node_10/01_p0.1/01_graph_n10_p0.1_idx9.gpickle,10,0.1,9,2,3,17,"[2, 1, 8, 5, 0, 4, 7, 3, 6, 9]",2.8089328
./random_graph_db/graph_db_node_10/02_p0.2/02_graph_n10_p0.2_idx1.gpickle,10,0.2,1,2,4,21,"[6, 5, 1, 3, 2, 0, 8, 4, 7, 9]",2.534174
./random_graph_db/graph_db_node_10/02_p0.2/02_graph_n10_p0.2_idx10.gpickle,10,0.2,10,2,2,16,"[9, 3, 4, 7, 6, 5, 2, 1, 0, 8]",3.8813829
./random_graph_db/graph_db_node_10/02_p0.2/02_graph_n10_p0.2_idx2.gpickle,10,0.2,2,2,2,14,"[3, 7, 8, 2, 1, 5, 0, 6, 4, 9]",2.3299851
./random_graph_db/graph_db_node_10/02_p0.2/02_graph_n10_p0.2_idx3.gpickle,10,0.2,3,2,4,22,"[3, 4, 7, 1, 9, 6, 0, 5, 8, 2]",2.4785531
./random_graph_db/graph_db_node_10/02_p0.2/02_graph_n10_p0.2_idx4.gpickle,10,0.2,4,2,3,17,"[5, 9, 0, 8, 3, 2, 1, 6, 4, 7]",2.3330879
./random_graph_db/graph_db_node_10/02_p0.2/02_graph_n10_p0.2_idx5.gpickle,10,0.2,5,2,5,35,"[5, 7, 1, 6, 8, 3, 2, 4, 0, 9]",2.3862472
./random_graph_db/graph_db_node_10/02_p0.2/02_graph_n10_p0.2_idx6.gpickle,10,0.2,6,2,4,16,"[4, 7, 3, 2, 1, 9, 8, 0, 6, 5]",2.5200861
./random_graph_db/graph_db_node_10/02_p0.2/02_graph_n10_p0.2_idx7.gpickle,10,0.2,7,1,0,11,"[2, 7, 0, 4, 6, 8, 5, 3, 9, 1]",2.180856
./random_graph_db/graph_db_node_10/02_p0.2/02_graph_n10_p0.2_idx8.gpickle,10,0.2,8,2,4,20,"[2, 1, 8, 9, 4, 6, 0, 7, 5, 3]",2.2511618
./random_graph_db/graph_db_node_10/02_p0.2/02_graph_n10_p0.2_idx9.gpickle,10,0.2,9,2,2,16,"[6, 3, 9, 1, 7, 4, 0, 5, 8, 2]",2.1972411
./random_graph_db/graph_db_node_10/03_p0.3/03_graph_n10_p0.3_idx1.gpickle,10,0.3,1,2,6,37,"[0, 6, 8, 2, 5, 4, 1, 7, 9, 3]",2.3576
./random_graph_db/graph_db_node_10/03_p0.3/03_graph_n10_p0.3_idx10.gpickle,10,0.3,10,3,7,26,"[1, 2, 0, 4, 6, 3, 9, 5, 8, 7]",2.326247
./random_graph_db/graph_db_node_10/03_p0.3/03_graph_n10_p0.3_idx2.gpickle,10,0.3,2,2,3,17,"[2, 6, 3, 1, 7, 9, 0, 4, 8, 5]",2.2650731
./random_graph_db/graph_db_node_10/03_p0.3/03_graph_n10_p0.3_idx3.gpickle,10,0.3,3,2,4,24,"[0, 5, 4, 3, 8, 1, 2, 6, 9, 7]",2.252815
./random_graph_db/graph_db_node_10/03_p0.3/03_graph_n10_p0.3_idx4.gpickle,10,0.3,4,2,2,16,"[4, 5, 8, 0, 1, 7, 2, 3, 6, 9]",2.4281433
./random_graph_db/graph_db_node_10/03_p0.3/03_graph_n10_p0.3_idx5.gpickle,10,0.3,5,2,2,16,"[8, 1, 7, 2, 6, 9, 5, 4, 3, 0]",2.253525
./random_graph_db/graph_db_node_10/03_p0.3/03_graph_n10_p0.3_idx6.gpickle,10,0.3,6,3,9,28,"[4, 7, 0, 3, 6, 2, 1, 5, 9, 8]",2.3844373
./random_graph_db/graph_db_node_10/03_p0.3/03_graph_n10_p0.3_idx7.gpickle,10,0.3,7,2,4,18,"[2, 6, 0, 9, 5, 1, 4, 7, 3, 8]",2.3010168
./random_graph_db/graph_db_node_10/03_p0.3/03_graph_n10_p0.3_idx8.gpickle,10,0.3,8,2,4,18,"[5, 7, 0, 9, 4, 2, 1, 6, 3, 8]",2.3588359
./random_graph_db/graph_db_node_10/03_p0.3/03_graph_n10_p0.3_idx9.gpickle,10,0.3,9,3,6,23,"[6, 0, 3, 5, 7, 4, 8, 2, 9, 1]",2.5252209
./random_graph_db/graph_db_node_10/04_p0.4/04_graph_n10_p0.4_idx1.gpickle,10,0.4,1,3,6,28,"[7, 8, 5, 1, 3, 0, 4, 6, 9, 2]",2.4262381
./random_graph_db/graph_db_node_10/04_p0.4/04_graph_n10_p0.4_idx10.gpickle,10,0.4,10,3,9,38,"[1, 7, 9, 2, 0, 4, 6, 8, 3, 5]",2.4175208
./random_graph_db/graph_db_node_10/04_p0.4/04_graph_n10_p0.4_idx2.gpickle,10,0.4,2,3,7,24,"[1, 3, 5, 7, 9, 8, 4, 6, 0, 2]",2.371896
./random_graph_db/graph_db_node_10/04_p0.4/04_graph_n10_p0.4_idx3.gpickle,10,0.4,3,3,9,41,"[7, 8, 6, 1, 3, 4, 2, 5, 0, 9]",2.4311399
./random_graph_db/graph_db_node_10/04_p0.4/04_graph_n10_p0.4_idx4.gpickle,10,0.4,4,3,10,43,"[0, 7, 3, 5, 1, 8, 2, 4, 6, 9]",2.4821661
./random_graph_db/graph_db_node_10/04_p0.4/04_graph_n10_p0.4_idx5.gpickle,10,0.4,5,2,4,18,"[8, 0, 6, 7, 3, 5, 1, 4, 9, 2]",2.819299
./random_graph_db/graph_db_node_10/04_p0.4/04_graph_n10_p0.4_idx6.gpickle,10,0.4,6,2,2,14,"[1, 9, 5, 8, 7, 3, 2, 0, 4, 6]",2.3682942
./random_graph_db/graph_db_node_10/04_p0.4/04_graph_n10_p0.4_idx7.gpickle,10,0.4,7,3,8,29,"[2, 4, 3, 6, 9, 8, 1, 7, 5, 0]",2.527333
./random_graph_db/graph_db_node_10/04_p0.4/04_graph_n10_p0.4_idx8.gpickle,10,0.4,8,2,3,17,"[1, 7, 0, 9, 3, 6, 8, 4, 5, 2]",2.4929223
./random_graph_db/graph_db_node_10/04_p0.4/04_graph_n10_p0.4_idx9.gpickle,10,0.4,9,2,5,29,"[6, 1, 2, 0, 9, 5, 3, 4, 8, 7]",2.4529331
./random_graph_db/graph_db_node_10/05_p0.45/05_graph_n10_p0.45_idx1.gpickle,10,0.45,1,3,9,41,"[5, 9, 8, 2, 1, 3, 4, 6, 0, 7]",2.5314922
./random_graph_db/graph_db_node_10/05_p0.45/05_graph_n10_p0.45_idx10.gpickle,10,0.45,10,3,8,31,"[3, 5, 6, 8, 7, 0, 4, 9, 1, 2]",2.4800622
./random_graph_db/graph_db_node_10/05_p0.45/05_graph_n10_p0.45_idx2.gpickle,10,0.45,2,3,12,43,"[3, 6, 2, 5, 7, 0, 9, 8, 1, 4]",2.6218078
./random_graph_db/graph_db_node_10/05_p0.45/05_graph_n10_p0.45_idx3.gpickle,10,0.45,3,2,5,24,"[5, 3, 6, 9, 4, 8, 0, 7, 2, 1]",2.47948
./random_graph_db/graph_db_node_10/05_p0.45/05_graph_n10_p0.45_idx4.gpickle,10,0.45,4,2,3,17,"[9, 4, 3, 0, 6, 5, 2, 8, 1, 7]",2.4311769
./random_graph_db/graph_db_node_10/05_p0.45/05_graph_n10_p0.45_idx5.gpickle,10,0.45,5,3,12,40,"[5, 0, 2, 4, 3, 1, 9, 8, 6, 7]",2.5430629
./random_graph_db/graph_db_node_10/05_p0.45/05_graph_n10_p0.45_idx6.gpickle,10,0.45,6,3,7,38,"[2, 0, 3, 9, 4, 5, 6, 7, 8, 1]",2.4820611
./random_graph_db/graph_db_node_10/05_p0.45/05_graph_n10_p0.45_idx7.gpickle,10,0.45,7,2,4,18,"[8, 4, 3, 7, 2, 9, 0, 5, 1, 6]",2.4269509
./random_graph_db/graph_db_node_10/05_p0.45/05_graph_n10_p0.45_idx8.gpickle,10,0.45,8,3,10,39,"[1, 6, 9, 7, 8, 0, 5, 2, 3, 4]",2.561321
./random_graph_db/graph_db_node_10/05_p0.45/05_graph_n10_p0.45_idx9.gpickle,10,0.45,9,3,10,32,"[0, 9, 3, 8, 2, 1, 5, 4, 6, 7]",2.4996622
./random_graph_db/graph_db_node_10/06_p0.5/06_graph_n10_p0.5_idx1.gpickle,10,0.5,1,3,10,44,"[0, 2, 6, 3, 5, 4, 8, 7, 9, 1]",2.5098989
./random_graph_db/graph_db_node_10/06_p0.5/06_graph_n10_p0.5_idx10.gpickle,10,0.5,10,3,10,44,"[1, 4, 7, 6, 0, 2, 3, 5, 9, 8]",2.5512903
./random_graph_db/graph_db_node_10/06_p0.5/06_graph_n10_p0.5_idx2.gpickle,10,0.5,2,3,11,41,"[1, 9, 3, 7, 0, 8, 4, 2, 6, 5]",2.5305483
./random_graph_db/graph_db_node_10/06_p0.5/06_graph_n10_p0.5_idx3.gpickle,10,0.5,3,3,12,47,"[3, 0, 4, 5, 9, 6, 7, 2, 8, 1]",2.5334861
./random_graph_db/graph_db_node_10/06_p0.5/06_graph_n10_p0.5_idx4.gpickle,10,0.5,4,3,9,25,"[7, 9, 1, 0, 5, 8, 4, 3, 6, 2]",2.530272
./random_graph_db/graph_db_node_10/06_p0.5/06_graph_n10_p0.5_idx5.gpickle,10,0.5,5,2,6,32,"[8, 2, 0, 1, 9, 4, 3, 6, 5, 7]",2.5783081
./random_graph_db/graph_db_node_10/06_p0.5/06_graph_n10_p0.5_idx6.gpickle,10,0.5,6,3,10,43,"[9, 6, 2, 1, 7, 3, 8, 0, 4, 5]",2.5879049
./random_graph_db/graph_db_node_10/06_p0.5/06_graph_n10_p0.5_idx7.gpickle,10,0.5,7,3,8,25,"[9, 0, 2, 7, 4, 1, 8, 5, 6, 3]",2.600245
./random_graph_db/graph_db_node_10/06_p0.5/06_graph_n10_p0.5_idx8.gpickle,10,0.5,8,3,13,42,"[0, 2, 1, 9, 7, 3, 4, 6, 5, 8]",2.681891
./random_graph_db/graph_db_node_10/06_p0.5/06_graph_n10_p0.5_idx9.gpickle,10,0.5,9,3,9,24,"[1, 5, 4, 2, 9, 6, 8, 0, 3, 7]",2.9772539
./random_graph_db/graph_db_node_10/07_p0.55/07_graph_n10_p0.55_idx1.gpickle,10,0.55,1,3,9,42,"[4, 9, 6, 3, 8, 1, 2, 0, 5, 7]",2.623728
./random_graph_db/graph_db_node_10/07_p0.55/07_graph_n10_p0.55_idx10.gpickle,10,0.55,10,3,13,54,"[8, 0, 4, 7, 9, 2, 1, 5, 3, 6]",2.6634722
./random_graph_db/graph_db_node_10/07_p0.55/07_graph_n10_p0.55_idx2.gpickle,10,0.55,2,3,5,22,"[6, 0, 5, 3, 9, 1, 2, 7, 8, 4]",2.4911928
./random_graph_db/graph_db_node_10/07_p0.55/07_graph_n10_p0.55_idx3.gpickle,10,0.55,3,3,9,41,"[7, 9, 5, 3, 6, 2, 4, 0, 8, 1]",2.5414019
./random_graph_db/graph_db_node_10/07_p0.55/07_graph_n10_p0.55_idx4.gpickle,10,0.55,4,2,6,28,"[3, 1, 7, 0, 9, 5, 6, 2, 4, 8]",2.4786639
./random_graph_db/graph_db_node_10/07_p0.55/07_graph_n10_p0.55_idx5.gpickle,10,0.55,5,3,6,23,"[3, 6, 4, 2, 9, 5, 0, 8, 1, 7]",2.4749796
./random_graph_db/graph_db_node_10/07_p0.55/07_graph_n10_p0.55_idx6.gpickle,10,0.55,6,3,8,27,"[7, 6, 4, 1, 9, 5, 8, 2, 0, 3]",2.5963311
./random_graph_db/graph_db_node_10/07_p0.55/07_graph_n10_p0.55_idx7.gpickle,10,0.55,7,3,12,46,"[5, 1, 7, 6, 9, 4, 0, 2, 3, 8]",2.5323498
./random_graph_db/graph_db_node_10/07_p0.55/07_graph_n10_p0.55_idx8.gpickle,10,0.55,8,3,9,29,"[4, 9, 7, 0, 2, 8, 6, 3, 1, 5]",2.4883263
./random_graph_db/graph_db_node_10/07_p0.55/07_graph_n10_p0.55_idx9.gpickle,10,0.55,9,3,6,23,"[6, 8, 2, 5, 1, 7, 0, 4, 3, 9]",2.4756961
./random_graph_db/graph_db_node_10/08_p0.6/08_graph_n10_p0.6_idx1.gpickle,10,0.6,1,3,10,37,"[3, 6, 4, 5, 8, 0, 7, 2, 9, 1]",2.5614111
./random_graph_db/graph_db_node_10/08_p0.6/08_graph_n10_p0.6_idx10.gpickle,10,0.6,10,3,9,37,"[2, 5, 8, 9, 4, 1, 7, 3, 6, 0]",2.6728032
./random_graph_db/graph_db_node_10/08_p0.6/08_graph_n10_p0.6_idx2.gpickle,10,0.6,2,3,12,39,"[6, 4, 3, 5, 9, 2, 1, 0, 7, 8]",2.6492579
./random_graph_db/graph_db_node_10/08_p0.6/08_graph_n10_p0.6_idx3.gpickle,10,0.6,3,2,5,31,"[5, 1, 9, 3, 7, 2, 4, 6, 0, 8]",2.53337
./random_graph_db/graph_db_node_10/08_p0.6/08_graph_n10_p0.6_idx4.gpickle,10,0.6,4,3,12,47,"[9, 6, 4, 3, 8, 7, 0, 5, 1, 2]",2.5508621
./random_graph_db/graph_db_node_10/08_p0.6/08_graph_n10_p0.6_idx5.gpickle,10,0.6,5,3,11,45,"[5, 9, 3, 6, 7, 4, 2, 0, 8, 1]",2.5664072
./random_graph_db/graph_db_node_10/08_p0.6/08_graph_n10_p0.6_idx6.gpickle,10,0.6,6,3,9,30,"[6, 4, 3, 9, 2, 5, 8, 0, 1, 7]",2.5407121
./random_graph_db/graph_db_node_10/08_p0.6/08_graph_n10_p0.6_idx7.gpickle,10,0.6,7,3,10,29,"[8, 3, 5, 9, 6, 2, 7, 4, 1, 0]",2.8454771
./random_graph_db/graph_db_node_10/08_p0.6/08_graph_n10_p0.6_idx8.gpickle,10,0.6,8,3,5,22,"[2, 7, 8, 3, 1, 5, 6, 9, 4, 0]",2.5666182
./random_graph_db/graph_db_node_10/08_p0.6/08_graph_n10_p0.6_idx9.gpickle,10,0.6,9,3,7,24,"[4, 2, 0, 8, 6, 3, 7, 1, 9, 5]",2.5596731
./random_graph_db/graph_db_node_10/09_p0.65/09_graph_n10_p0.65_idx1.gpickle,10,0.65,1,3,8,30,"[3, 2, 7, 1, 4, 5, 9, 6, 8, 0]",2.5817943
./random_graph_db/graph_db_node_10/09_p0.65/09_graph_n10_p0.65_idx10.gpickle,10,0.65,10,2,4,23,"[8, 9, 1, 0, 5, 2, 6, 7, 3, 4]",2.7806139
./random_graph_db/graph_db_node_10/09_p0.65/09_graph_n10_p0.65_idx2.gpickle,10,0.65,2,3,11,52,"[1, 0, 7, 8, 6, 5, 4, 9, 3, 2]",3.1665292
./random_graph_db/graph_db_node_10/09_p0.65/09_graph_n10_p0.65_idx3.gpickle,10,0.65,3,3,9,37,"[0, 4, 9, 2, 1, 8, 7, 5, 6, 3]",2.6949248
./random_graph_db/graph_db_node_10/09_p0.65/09_graph_n10_p0.65_idx4.gpickle,10,0.65,4,3,8,34,"[0, 4, 3, 6, 7, 5, 9, 2, 8, 1]",2.7438941
./random_graph_db/graph_db_node_10/09_p0.65/09_graph_n10_p0.65_idx5.gpickle,10,0.65,5,3,12,48,"[1, 0, 3, 7, 6, 5, 9, 8, 4, 2]",2.7483239
./random_graph_db/graph_db_node_10/09_p0.65/09_graph_n10_p0.65_idx6.gpickle,10,0.65,6,3,10,47,"[2, 4, 1, 0, 9, 3, 5, 8, 6, 7]",2.8842599
./random_graph_db/graph_db_node_10/09_p0.65/09_graph_n10_p0.65_idx7.gpickle,10,0.65,7,3,10,34,"[7, 1, 2, 4, 8, 3, 0, 5, 9, 6]",2.6792629
./random_graph_db/graph_db_node_10/09_p0.65/09_graph_n10_p0.65_idx8.gpickle,10,0.65,8,3,7,26,"[5, 6, 0, 1, 2, 9, 7, 8, 3, 4]",2.6243682
./random_graph_db/graph_db_node_10/09_p0.65/09_graph_n10_p0.65_idx9.gpickle,10,0.65,9,3,10,50,"[3, 1, 9, 6, 4, 2, 5, 8, 7, 0]",2.6404629
./random_graph_db/graph_db_node_10/10_p0.7/10_graph_n10_p0.7_idx1.gpickle,10,0.7,1,2,5,21,"[7, 4, 1, 6, 9, 5, 2, 0, 3, 8]",2.4925482
./random_graph_db/graph_db_node_10/10_p0.7/10_graph_n10_p0.7_idx10.gpickle,10,0.7,10,3,8,25,"[4, 0, 1, 2, 6, 5, 9, 8, 3, 7]",2.8546948
./random_graph_db/graph_db_node_10/10_p0.7/10_graph_n10_p0.7_idx2.gpickle,10,0.7,2,3,10,38,"[4, 2, 3, 7, 1, 0, 6, 8, 5, 9]",2.5971861
./random_graph_db/graph_db_node_10/10_p0.7/10_graph_n10_p0.7_idx3.gpickle,10,0.7,3,3,9,26,"[4, 3, 7, 1, 2, 6, 9, 8, 0, 5]",2.6096599
./random_graph_db/graph_db_node_10/10_p0.7/10_graph_n10_p0.7_idx4.gpickle,10,0.7,4,3,7,34,"[4, 7, 8, 3, 0, 9, 5, 6, 1, 2]",2.595125
./random_graph_db/graph_db_node_10/10_p0.7/10_graph_n10_p0.7_idx5.gpickle,10,0.7,5,3,9,35,"[3, 2, 6, 5, 4, 9, 8, 0, 7, 1]",2.6178553
./random_graph_db/graph_db_node_10/10_p0.7/10_graph_n10_p0.7_idx6.gpickle,10,0.7,6,3,9,39,"[5, 8, 1, 2, 0, 9, 3, 6, 7, 4]",2.5831549
./random_graph_db/graph_db_node_10/10_p0.7/10_graph_n10_p0.7_idx7.gpickle,10,0.7,7,3,9,44,"[7, 2, 6, 0, 1, 9, 5, 3, 8, 4]",2.59431
./random_graph_db/graph_db_node_10/10_p0.7/10_graph_n10_p0.7_idx8.gpickle,10,0.7,8,3,11,35,"[1, 3, 9, 0, 2, 7, 8, 5, 6, 4]",2.6178222
./random_graph_db/graph_db_node_10/10_p0.7/10_graph_n10_p0.7_idx9.gpickle,10,0.7,9,3,14,53,"[6, 3, 0, 1, 8, 7, 5, 2, 9, 4]",2.66891
./random_graph_db/graph_db_node_10/11_p0.8/11_graph_n10_p0.8_idx1.gpickle,10,0.8,1,2,4,25,"[5, 3, 9, 2, 1, 6, 8, 7, 0, 4]",2.5466571
./random_graph_db/graph_db_node_10/11_p0.8/11_graph_n10_p0.8_idx10.gpickle,10,0.8,10,3,9,32,"[0, 3, 1, 9, 5, 2, 6, 8, 7, 4]",2.563055
./random_graph_db/graph_db_node_10/11_p0.8/11_graph_n10_p0.8_idx2.gpickle,10,0.8,2,2,4,28,"[4, 5, 7, 1, 8, 9, 3, 2, 0, 6]",2.6196949
./random_graph_db/graph_db_node_10/11_p0.8/11_graph_n10_p0.8_idx3.gpickle,10,0.8,3,3,9,42,"[7, 4, 8, 6, 5, 3, 1, 0, 2, 9]",2.6340091
./random_graph_db/graph_db_node_10/11_p0.8/11_graph_n10_p0.8_idx4.gpickle,10,0.8,4,2,4,24,"[6, 5, 2, 0, 7, 4, 9, 8, 3, 1]",2.4578049
./random_graph_db/graph_db_node_10/11_p0.8/11_graph_n10_p0.8_idx5.gpickle,10,0.8,5,3,7,22,"[1, 0, 6, 2, 5, 8, 3, 9, 4, 7]",2.7960551
./random_graph_db/graph_db_node_10/11_p0.8/11_graph_n10_p0.8_idx6.gpickle,10,0.8,6,2,3,17,"[9, 3, 8, 2, 7, 5, 0, 6, 1, 4]",2.488122
./random_graph_db/graph_db_node_10/11_p0.8/11_graph_n10_p0.8_idx7.gpickle,10,0.8,7,2,5,19,"[0, 8, 6, 9, 1, 2, 7, 3, 4, 5]",2.5086529
./random_graph_db/graph_db_node_10/11_p0.8/11_graph_n10_p0.8_idx8.gpickle,10,0.8,8,2,4,25,"[8, 1, 4, 9, 3, 7, 5, 2, 6, 0]",2.5675759
./random_graph_db/graph_db_node_10/11_p0.8/11_graph_n10_p0.8_idx9.gpickle,10,0.8,9,3,7,33,"[9, 3, 8, 7, 2, 0, 1, 4, 5, 6]",2.57289
./random_graph_db/graph_db_node_10/12_p0.9/12_graph_n10_p0.9_idx1.gpickle,10,0.9,1,2,2,16,"[6, 3, 2, 7, 4, 5, 8, 0, 9, 1]",2.402252
./random_graph_db/graph_db_node_10/12_p0.9/12_graph_n10_p0.9_idx10.gpickle,10,0.9,10,1,0,11,"[9, 3, 5, 1, 2, 8, 4, 7, 6, 0]",2.3346262
./random_graph_db/graph_db_node_10/12_p0.9/12_graph_n10_p0.9_idx2.gpickle,10,0.9,2,2,1,13,"[2, 3, 5, 8, 4, 9, 6, 1, 0, 7]",2.3507438
./random_graph_db/graph_db_node_10/12_p0.9/12_graph_n10_p0.9_idx3.gpickle,10,0.9,3,2,4,20,"[8, 0, 1, 9, 4, 3, 5, 7, 6, 2]",2.4701529
./random_graph_db/graph_db_node_10/12_p0.9/12_graph_n10_p0.9_idx4.gpickle,10,0.9,4,2,4,23,"[6, 4, 1, 2, 7, 8, 3, 9, 5, 0]",2.4953659
./random_graph_db/graph_db_node_10/12_p0.9/12_graph_n10_p0.9_idx5.gpickle,10,0.9,5,2,2,16,"[6, 8, 5, 7, 4, 1, 9, 3, 0, 2]",2.4563527
./random_graph_db/graph_db_node_10/12_p0.9/12_graph_n10_p0.9_idx6.gpickle,10,0.9,6,1,0,11,"[1, 3, 5, 2, 9, 6, 7, 8, 4, 0]",2.3506799
./random_graph_db/graph_db_node_10/12_p0.9/12_graph_n10_p0.9_idx7.gpickle,10,0.9,7,2,5,22,"[6, 8, 3, 2, 9, 1, 0, 4, 5, 7]",2.4384351
./random_graph_db/graph_db_node_10/12_p0.9/12_graph_n10_p0.9_idx8.gpickle,10,0.9,8,2,2,21,"[6, 3, 0, 9, 8, 5, 7, 1, 2, 4]",2.5885582
./random_graph_db/graph_db_node_10/12_p0.9/12_graph_n10_p0.9_idx9.gpickle,10,0.9,9,2,3,22,"[8, 5, 9, 4, 0, 2, 1, 3, 6, 7]",2.4769011
./random_graph_db/graph_db_node_11/01_p0.1/01_graph_n11_p0.1_idx1.gpickle,11,0.1,1,1,0,12,"[4, 2, 6, 9, 0, 1, 3, 7, 10, 8, 5]",2.6164761
./random_graph_db/graph_db_node_11/01_p0.1/01_graph_n11_p0.1_idx10.gpickle,11,0.1,10,1,0,16,"[9, 6, 3, 1, 0, 7, 8, 5, 2, 4, 10]",2.6253183
./random_graph_db/graph_db_node_11/01_p0.1/01_graph_n11_p0.1_idx2.gpickle,11,0.1,2,2,2,17,"[7, 5, 9, 0, 1, 10, 6, 8, 3, 2, 4]",2.7070589
./random_graph_db/graph_db_node_11/01_p0.1/01_graph_n11_p0.1_idx3.gpickle,11,0.1,3,1,0,12,"[9, 0, 2, 4, 3, 5, 8, 1, 10, 7, 6]",2.673995
./random_graph_db/graph_db_node_11/01_p0.1/01_graph_n11_p0.1_idx4.gpickle,11,0.1,4,2,3,16,"[3, 8, 6, 9, 1, 0, 7, 4, 2, 5, 10]",2.7856269
./random_graph_db/graph_db_node_11/01_p0.1/01_graph_n11_p0.1_idx5.gpickle,11,0.1,5,2,3,18,"[1, 10, 6, 9, 0, 2, 8, 5, 3, 4, 7]",3.0040121
./random_graph_db/graph_db_node_11/01_p0.1/01_graph_n11_p0.1_idx6.gpickle,11,0.1,6,1,0,12,"[0, 4, 3, 6, 2, 7, 10, 8, 5, 1, 9]",2.666064
./random_graph_db/graph_db_node_11/01_p0.1/01_graph_n11_p0.1_idx7.gpickle,11,0.1,7,2,2,15,"[0, 1, 2, 4, 3, 6, 10, 8, 5, 9, 7]",2.7698009
./random_graph_db/graph_db_node_11/01_p0.1/01_graph_n11_p0.1_idx8.gpickle,11,0.1,8,1,0,12,"[5, 0, 10, 4, 3, 9, 1, 8, 7, 2, 6]",2.8494122
./random_graph_db/graph_db_node_11/01_p0.1/01_graph_n11_p0.1_idx9.gpickle,11,0.1,9,1,0,12,"[9, 3, 2, 6, 0, 8, 1, 5, 10, 7, 4]",2.7423751
./random_graph_db/graph_db_node_11/02_p0.2/02_graph_n11_p0.2_idx1.gpickle,11,0.2,1,3,7,23,"[2, 9, 10, 0, 4, 3, 1, 5, 7, 6, 8]",2.8739359
./random_graph_db/graph_db_node_11/02_p0.2/02_graph_n11_p0.2_idx10.gpickle,11,0.2,10,2,3,24,"[1, 8, 7, 5, 6, 9, 10, 3, 0, 2, 4]",2.7476349
./random_graph_db/graph_db_node_11/02_p0.2/02_graph_n11_p0.2_idx2.gpickle,11,0.2,2,2,5,29,"[7, 5, 3, 8, 2, 6, 4, 10, 0, 1, 9]",2.8165669
./random_graph_db/graph_db_node_11/02_p0.2/02_graph_n11_p0.2_idx3.gpickle,11,0.2,3,3,8,26,"[8, 0, 3, 1, 10, 7, 5, 9, 6, 4, 2]",2.7803178
./random_graph_db/graph_db_node_11/02_p0.2/02_graph_n11_p0.2_idx4.gpickle,11,0.2,4,3,7,25,"[8, 7, 6, 1, 9, 3, 5, 4, 0, 10, 2]",3.0137579
./random_graph_db/graph_db_node_11/02_p0.2/02_graph_n11_p0.2_idx5.gpickle,11,0.2,5,3,10,36,"[1, 5, 3, 4, 7, 8, 2, 6, 10, 0, 9]",2.8985898
./random_graph_db/graph_db_node_11/02_p0.2/02_graph_n11_p0.2_idx6.gpickle,11,0.2,6,2,1,14,"[2, 6, 8, 5, 4, 7, 9, 3, 0, 1, 10]",2.7209289
./random_graph_db/graph_db_node_11/02_p0.2/02_graph_n11_p0.2_idx7.gpickle,11,0.2,7,2,2,17,"[2, 8, 5, 9, 3, 0, 4, 10, 6, 7, 1]",2.611629
./random_graph_db/graph_db_node_11/02_p0.2/02_graph_n11_p0.2_idx8.gpickle,11,0.2,8,2,1,14,"[5, 8, 7, 3, 2, 10, 1, 4, 6, 0, 9]",2.9456751
./random_graph_db/graph_db_node_11/02_p0.2/02_graph_n11_p0.2_idx9.gpickle,11,0.2,9,2,3,18,"[0, 7, 1, 3, 8, 4, 9, 5, 6, 2, 10]",2.72228
./random_graph_db/graph_db_node_11/03_p0.3/03_graph_n11_p0.3_idx1.gpickle,11,0.3,1,2,4,24,"[2, 4, 8, 5, 6, 0, 9, 3, 1, 10, 7]",2.7805729
./random_graph_db/graph_db_node_11/03_p0.3/03_graph_n11_p0.3_idx10.gpickle,11,0.3,10,3,11,37,"[1, 10, 5, 0, 4, 8, 2, 9, 7, 6, 3]",2.8992462
./random_graph_db/graph_db_node_11/03_p0.3/03_graph_n11_p0.3_idx2.gpickle,11,0.3,2,3,7,23,"[6, 8, 0, 1, 9, 5, 7, 4, 10, 3, 2]",2.8258152
./random_graph_db/graph_db_node_11/03_p0.3/03_graph_n11_p0.3_idx3.gpickle,11,0.3,3,3,7,33,"[4, 0, 5, 9, 10, 8, 3, 2, 1, 6, 7]",3.0576451
./random_graph_db/graph_db_node_11/03_p0.3/03_graph_n11_p0.3_idx4.gpickle,11,0.3,4,3,9,27,"[7, 3, 4, 10, 5, 0, 8, 9, 2, 6, 1]",2.9075081
./random_graph_db/graph_db_node_11/03_p0.3/03_graph_n11_p0.3_idx5.gpickle,11,0.3,5,3,7,25,"[4, 10, 5, 8, 7, 6, 0, 2, 9, 3, 1]",2.8438993
./random_graph_db/graph_db_node_11/03_p0.3/03_graph_n11_p0.3_idx6.gpickle,11,0.3,6,3,9,47,"[3, 4, 10, 5, 9, 7, 0, 8, 2, 1, 6]",2.9872038
./random_graph_db/graph_db_node_11/03_p0.3/03_graph_n11_p0.3_idx7.gpickle,11,0.3,7,3,6,28,"[8, 7, 2, 0, 1, 6, 10, 4, 5, 3, 9]",2.798537
./random_graph_db/graph_db_node_11/03_p0.3/03_graph_n11_p0.3_idx8.gpickle,11,0.3,8,3,9,32,"[7, 8, 4, 10, 5, 2, 0, 6, 3, 9, 1]",2.8828831
./random_graph_db/graph_db_node_11/03_p0.3/03_graph_n11_p0.3_idx9.gpickle,11,0.3,9,3,10,40,"[1, 6, 8, 9, 7, 3, 4, 0, 10, 2, 5]",3.208967
./random_graph_db/graph_db_node_11/04_p0.4/04_graph_n11_p0.4_idx1.gpickle,11,0.4,1,3,11,38,"[8, 6, 0, 4, 3, 7, 5, 10, 1, 9, 2]",2.9682739
./random_graph_db/graph_db_node_11/04_p0.4/04_graph_n11_p0.4_idx10.gpickle,11,0.4,10,3,10,41,"[1, 6, 9, 5, 7, 0, 2, 3, 8, 10, 4]",2.9499462
./random_graph_db/graph_db_node_11/04_p0.4/04_graph_n11_p0.4_idx2.gpickle,11,0.4,2,3,9,41,"[5, 4, 3, 10, 6, 0, 2, 1, 7, 8, 9]",2.8843598
./random_graph_db/graph_db_node_11/04_p0.4/04_graph_n11_p0.4_idx3.gpickle,11,0.4,3,4,17,53,"[8, 3, 10, 4, 1, 7, 0, 5, 6, 2, 9]",3.0051532
./random_graph_db/graph_db_node_11/04_p0.4/04_graph_n11_p0.4_idx4.gpickle,11,0.4,4,3,11,51,"[2, 5, 1, 7, 4, 0, 6, 3, 10, 8, 9]",2.9134519
./random_graph_db/graph_db_node_11/04_p0.4/04_graph_n11_p0.4_idx5.gpickle,11,0.4,5,3,7,39,"[7, 4, 8, 9, 1, 6, 5, 0, 3, 2, 10]",3.0907662
./random_graph_db/graph_db_node_11/04_p0.4/04_graph_n11_p0.4_idx6.gpickle,11,0.4,6,3,6,36,"[2, 5, 0, 8, 9, 1, 3, 6, 7, 4, 10]",2.8523791
./random_graph_db/graph_db_node_11/04_p0.4/04_graph_n11_p0.4_idx7.gpickle,11,0.4,7,3,9,34,"[3, 0, 4, 7, 9, 8, 2, 6, 1, 5, 10]",2.8604541
./random_graph_db/graph_db_node_11/04_p0.4/04_graph_n11_p0.4_idx8.gpickle,11,0.4,8,3,11,44,"[3, 0, 2, 1, 10, 6, 9, 7, 5, 8, 4]",2.8769143
./random_graph_db/graph_db_node_11/04_p0.4/04_graph_n11_p0.4_idx9.gpickle,11,0.4,9,3,11,40,"[4, 0, 7, 1, 8, 3, 10, 2, 6, 9, 5]",2.9347012
./random_graph_db/graph_db_node_11/05_p0.45/05_graph_n11_p0.45_idx1.gpickle,11,0.45,1,3,11,51,"[0, 5, 9, 6, 10, 7, 1, 2, 8, 4, 3]",2.95118
./random_graph_db/graph_db_node_11/05_p0.45/05_graph_n11_p0.45_idx10.gpickle,11,0.45,10,3,10,35,"[10, 5, 1, 3, 0, 7, 2, 6, 8, 4, 9]",2.9941683
./random_graph_db/graph_db_node_11/05_p0.45/05_graph_n11_p0.45_idx2.gpickle,11,0.45,2,4,15,56,"[6, 4, 2, 10, 3, 9, 0, 8, 5, 7, 1]",2.9469521
./random_graph_db/graph_db_node_11/05_p0.45/05_graph_n11_p0.45_idx3.gpickle,11,0.45,3,3,9,37,"[5, 10, 3, 6, 7, 4, 2, 9, 1, 8, 0]",2.909441
./random_graph_db/graph_db_node_11/05_p0.45/05_graph_n11_p0.45_idx4.gpickle,11,0.45,4,2,5,28,"[6, 9, 2, 1, 4, 5, 10, 8, 7, 3, 0]",2.9337289
./random_graph_db/graph_db_node_11/05_p0.45/05_graph_n11_p0.45_idx5.gpickle,11,0.45,5,4,15,46,"[7, 9, 0, 1, 2, 3, 10, 8, 4, 6, 5]",2.9967542
./random_graph_db/graph_db_node_11/05_p0.45/05_graph_n11_p0.45_idx6.gpickle,11,0.45,6,3,11,40,"[1, 6, 3, 7, 9, 2, 4, 8, 0, 5, 10]",3.1584649
./random_graph_db/graph_db_node_11/05_p0.45/05_graph_n11_p0.45_idx7.gpickle,11,0.45,7,3,8,35,"[7, 5, 4, 1, 8, 9, 2, 0, 6, 10, 3]",2.8615491
./random_graph_db/graph_db_node_11/05_p0.45/05_graph_n11_p0.45_idx8.gpickle,11,0.45,8,3,11,46,"[7, 2, 3, 5, 9, 4, 10, 8, 0, 6, 1]",3.0899279
./random_graph_db/graph_db_node_11/05_p0.45/05_graph_n11_p0.45_idx9.gpickle,11,0.45,9,4,17,48,"[6, 8, 1, 2, 10, 3, 5, 4, 9, 7, 0]",3.5448189
./random_graph_db/graph_db_node_11/06_p0.5/06_graph_n11_p0.5_idx1.gpickle,11,0.5,1,3,13,60,"[4, 7, 3, 1, 2, 9, 6, 5, 0, 10, 8]",3.1052191
./random_graph_db/graph_db_node_11/06_p0.5/06_graph_n11_p0.5_idx10.gpickle,11,0.5,10,3,8,36,"[9, 3, 10, 2, 4, 0, 6, 8, 7, 5, 1]",2.9796391
./random_graph_db/graph_db_node_11/06_p0.5/06_graph_n11_p0.5_idx2.gpickle,11,0.5,2,3,11,48,"[4, 8, 5, 10, 9, 7, 2, 0, 3, 6, 1]",2.932543
./random_graph_db/graph_db_node_11/06_p0.5/06_graph_n11_p0.5_idx3.gpickle,11,0.5,3,2,4,27,"[3, 6, 8, 2, 10, 7, 1, 0, 4, 9, 5]",2.903372
./random_graph_db/graph_db_node_11/06_p0.5/06_graph_n11_p0.5_idx4.gpickle,11,0.5,4,3,8,36,"[10, 7, 9, 5, 4, 1, 2, 6, 3, 0, 8]",2.8924091
./random_graph_db/graph_db_node_11/06_p0.5/06_graph_n11_p0.5_idx5.gpickle,11,0.5,5,3,10,38,"[5, 4, 0, 10, 2, 7, 3, 9, 6, 1, 8]",3.1991217
./random_graph_db/graph_db_node_11/06_p0.5/06_graph_n11_p0.5_idx6.gpickle,11,0.5,6,4,15,48,"[4, 6, 7, 5, 2, 9, 8, 1, 3, 0, 10]",2.9844017
./random_graph_db/graph_db_node_11/06_p0.5/06_graph_n11_p0.5_idx7.gpickle,11,0.5,7,3,12,43,"[9, 5, 6, 7, 0, 10, 8, 4, 1, 2, 3]",2.948266
./random_graph_db/graph_db_node_11/06_p0.5/06_graph_n11_p0.5_idx8.gpickle,11,0.5,8,3,9,39,"[3, 4, 6, 8, 7, 0, 10, 1, 2, 9, 5]",2.984539
./random_graph_db/graph_db_node_11/06_p0.5/06_graph_n11_p0.5_idx9.gpickle,11,0.5,9,4,12,42,"[9, 5, 0, 4, 1, 2, 8, 7, 6, 3, 10]",2.9639411
./random_graph_db/graph_db_node_11/07_p0.55/07_graph_n11_p0.55_idx1.gpickle,11,0.55,1,4,20,70,"[8, 5, 10, 7, 4, 2, 9, 3, 0, 1, 6]",3.2198751
./random_graph_db/graph_db_node_11/07_p0.55/07_graph_n11_p0.55_idx10.gpickle,11,0.55,10,4,13,47,"[0, 6, 7, 3, 9, 8, 5, 1, 10, 4, 2]",2.9876249
./random_graph_db/graph_db_node_11/07_p0.55/07_graph_n11_p0.55_idx2.gpickle,11,0.55,2,3,11,53,"[6, 2, 5, 8, 0, 9, 7, 4, 3, 1, 10]",2.96523
./random_graph_db/graph_db_node_11/07_p0.55/07_graph_n11_p0.55_idx3.gpickle,11,0.55,3,3,12,46,"[1, 0, 5, 4, 2, 6, 7, 3, 8, 9, 10]",3.1594281
./random_graph_db/graph_db_node_11/07_p0.55/07_graph_n11_p0.55_idx4.gpickle,11,0.55,4,3,11,42,"[2, 7, 1, 10, 5, 8, 0, 4, 6, 9, 3]",2.9928572
./random_graph_db/graph_db_node_11/07_p0.55/07_graph_n11_p0.55_idx5.gpickle,11,0.55,5,3,13,46,"[1, 10, 2, 0, 4, 6, 8, 3, 5, 7, 9]",3.0355668
./random_graph_db/graph_db_node_11/07_p0.55/07_graph_n11_p0.55_idx6.gpickle,11,0.55,6,3,12,52,"[7, 0, 6, 10, 2, 8, 4, 9, 5, 1, 3]",3.0251803
./random_graph_db/graph_db_node_11/07_p0.55/07_graph_n11_p0.55_idx7.gpickle,11,0.55,7,4,17,61,"[9, 6, 4, 10, 1, 2, 7, 3, 5, 0, 8]",3.0285459
./random_graph_db/graph_db_node_11/07_p0.55/07_graph_n11_p0.55_idx8.gpickle,11,0.55,8,3,11,41,"[6, 1, 5, 0, 2, 4, 7, 8, 9, 10, 3]",2.9051869
./random_graph_db/graph_db_node_11/07_p0.55/07_graph_n11_p0.55_idx9.gpickle,11,0.55,9,3,10,42,"[4, 0, 10, 2, 8, 5, 9, 1, 6, 7, 3]",3.362201
./random_graph_db/graph_db_node_11/08_p0.6/08_graph_n11_p0.6_idx1.gpickle,11,0.6,1,3,12,56,"[5, 3, 4, 2, 0, 10, 1, 9, 8, 6, 7]",3.032063
./random_graph_db/graph_db_node_11/08_p0.6/08_graph_n11_p0.6_idx10.gpickle,11,0.6,10,3,7,37,"[5, 7, 3, 6, 9, 0, 2, 10, 8, 1, 4]",2.8657339
./random_graph_db/graph_db_node_11/08_p0.6/08_graph_n11_p0.6_idx2.gpickle,11,0.6,2,4,16,55,"[0, 6, 4, 5, 2, 10, 1, 9, 3, 7, 8]",3.0360818
./random_graph_db/graph_db_node_11/08_p0.6/08_graph_n11_p0.6_idx3.gpickle,11,0.6,3,3,10,39,"[1, 7, 3, 5, 9, 4, 10, 8, 0, 6, 2]",2.925931
./random_graph_db/graph_db_node_11/08_p0.6/08_graph_n11_p0.6_idx4.gpickle,11,0.6,4,3,13,38,"[9, 2, 3, 6, 4, 10, 5, 7, 1, 8, 0]",2.985194
./random_graph_db/graph_db_node_11/08_p0.6/08_graph_n11_p0.6_idx5.gpickle,11,0.6,5,3,14,47,"[5, 1, 6, 4, 7, 3, 10, 0, 8, 2, 9]",3.0428782
./random_graph_db/graph_db_node_11/08_p0.6/08_graph_n11_p0.6_idx6.gpickle,11,0.6,6,3,13,42,"[4, 10, 6, 5, 7, 8, 0, 2, 9, 1, 3]",3.0422158
./random_graph_db/graph_db_node_11/08_p0.6/08_graph_n11_p0.6_idx7.gpickle,11,0.6,7,3,11,38,"[9, 4, 2, 0, 10, 5, 8, 3, 6, 7, 1]",2.9249301
./random_graph_db/graph_db_node_11/08_p0.6/08_graph_n11_p0.6_idx8.gpickle,11,0.6,8,3,8,39,"[4, 8, 6, 10, 3, 0, 9, 1, 5, 7, 2]",2.9195421
./random_graph_db/graph_db_node_11/08_p0.6/08_graph_n11_p0.6_idx9.gpickle,11,0.6,9,4,13,56,"[9, 5, 4, 2, 8, 3, 6, 7, 0, 1, 10]",2.986882
./random_graph_db/graph_db_node_11/09_p0.65/09_graph_n11_p0.65_idx1.gpickle,11,0.65,1,3,10,48,"[9, 2, 6, 10, 1, 0, 5, 3, 8, 7, 4]",2.9810841
./random_graph_db/graph_db_node_11/09_p0.65/09_graph_n11_p0.65_idx10.gpickle,11,0.65,10,3,12,48,"[7, 6, 3, 8, 1, 0, 9, 2, 10, 4, 5]",3.1729569
./random_graph_db/graph_db_node_11/09_p0.65/09_graph_n11_p0.65_idx2.gpickle,11,0.65,2,4,19,55,"[10, 2, 7, 5, 8, 0, 1, 3, 4, 6, 9]",3.1671319
./random_graph_db/graph_db_node_11/09_p0.65/09_graph_n11_p0.65_idx3.gpickle,11,0.65,3,3,13,46,"[6, 4, 2, 1, 8, 9, 7, 0, 3, 5, 10]",2.936137
./random_graph_db/graph_db_node_11/09_p0.65/09_graph_n11_p0.65_idx4.gpickle,11,0.65,4,3,12,41,"[3, 6, 5, 8, 10, 2, 4, 9, 1, 0, 7]",2.9849269
./random_graph_db/graph_db_node_11/09_p0.65/09_graph_n11_p0.65_idx5.gpickle,11,0.65,5,3,11,47,"[5, 0, 10, 7, 8, 3, 1, 9, 2, 4, 6]",3.1446812
./random_graph_db/graph_db_node_11/09_p0.65/09_graph_n11_p0.65_idx6.gpickle,11,0.65,6,4,14,49,"[1, 6, 9, 4, 3, 10, 0, 7, 2, 8, 5]",2.993361
./random_graph_db/graph_db_node_11/09_p0.65/09_graph_n11_p0.65_idx7.gpickle,11,0.65,7,3,10,44,"[6, 3, 1, 4, 9, 5, 2, 0, 10, 8, 7]",3.0182531
./random_graph_db/graph_db_node_11/09_p0.65/09_graph_n11_p0.65_idx8.gpickle,11,0.65,8,3,12,43,"[2, 6, 0, 8, 10, 7, 9, 1, 3, 5, 4]",2.9431288
./random_graph_db/graph_db_node_11/09_p0.65/09_graph_n11_p0.65_idx9.gpickle,11,0.65,9,3,12,54,"[5, 6, 7, 0, 1, 10, 9, 8, 2, 3, 4]",3.2070799
./random_graph_db/graph_db_node_11/10_p0.7/10_graph_n11_p0.7_idx1.gpickle,11,0.7,1,3,6,22,"[6, 4, 9, 2, 0, 8, 3, 10, 5, 7, 1]",2.8745291
./random_graph_db/graph_db_node_11/10_p0.7/10_graph_n11_p0.7_idx10.gpickle,11,0.7,10,3,10,48,"[10, 4, 6, 1, 7, 5, 3, 9, 2, 0, 8]",3.0114622
./random_graph_db/graph_db_node_11/10_p0.7/10_graph_n11_p0.7_idx2.gpickle,11,0.7,2,4,14,47,"[9, 8, 1, 6, 7, 10, 4, 2, 0, 3, 5]",3.0308201
./random_graph_db/graph_db_node_11/10_p0.7/10_graph_n11_p0.7_idx3.gpickle,11,0.7,3,3,9,30,"[10, 8, 2, 4, 0, 9, 1, 3, 5, 7, 6]",2.8894682
./random_graph_db/graph_db_node_11/10_p0.7/10_graph_n11_p0.7_idx4.gpickle,11,0.7,4,3,12,47,"[0, 7, 6, 5, 10, 1, 3, 4, 2, 8, 9]",3.054328
./random_graph_db/graph_db_node_11/10_p0.7/10_graph_n11_p0.7_idx5.gpickle,11,0.7,5,3,8,31,"[7, 4, 1, 3, 6, 8, 10, 2, 9, 0, 5]",2.8781068
./random_graph_db/graph_db_node_11/10_p0.7/10_graph_n11_p0.7_idx6.gpickle,11,0.7,6,3,10,38,"[1, 0, 9, 5, 6, 4, 7, 10, 2, 8, 3]",3.1274493
./random_graph_db/graph_db_node_11/10_p0.7/10_graph_n11_p0.7_idx7.gpickle,11,0.7,7,3,9,45,"[10, 8, 3, 9, 2, 6, 7, 0, 5, 1, 4]",2.9957619
./random_graph_db/graph_db_node_11/10_p0.7/10_graph_n11_p0.7_idx8.gpickle,11,0.7,8,3,10,45,"[2, 4, 9, 0, 5, 1, 10, 7, 8, 6, 3]",2.954957
./random_graph_db/graph_db_node_11/10_p0.7/10_graph_n11_p0.7_idx9.gpickle,11,0.7,9,3,9,32,"[6, 9, 3, 2, 1, 0, 10, 8, 7, 5, 4]",2.9295843
./random_graph_db/graph_db_node_11/11_p0.8/11_graph_n11_p0.8_idx1.gpickle,11,0.8,1,3,8,28,"[0, 4, 9, 3, 1, 5, 2, 10, 6, 8, 7]",2.93765
./random_graph_db/graph_db_node_11/11_p0.8/11_graph_n11_p0.8_idx10.gpickle,11,0.8,10,2,6,21,"[9, 10, 3, 7, 8, 5, 0, 1, 2, 4, 6]",2.8954377
./random_graph_db/graph_db_node_11/11_p0.8/11_graph_n11_p0.8_idx2.gpickle,11,0.8,2,2,2,19,"[2, 9, 10, 5, 0, 3, 8, 7, 1, 4, 6]",6.389194
./random_graph_db/graph_db_node_11/11_p0.8/11_graph_n11_p0.8_idx3.gpickle,11,0.8,3,2,3,29,"[0, 9, 6, 8, 2, 7, 3, 1, 5, 4, 10]",2.7684627
./random_graph_db/graph_db_node_11/11_p0.8/11_graph_n11_p0.8_idx4.gpickle,11,0.8,4,3,6,31,"[0, 2, 5, 6, 7, 4, 8, 10, 1, 3, 9]",2.898304
./random_graph_db/graph_db_node_11/11_p0.8/11_graph_n11_p0.8_idx5.gpickle,11,0.8,5,3,11,35,"[4, 8, 7, 2, 6, 1, 0, 10, 9, 5, 3]",3.1918478
./random_graph_db/graph_db_node_11/11_p0.8/11_graph_n11_p0.8_idx6.gpickle,11,0.8,6,2,6,26,"[5, 2, 0, 1, 10, 4, 6, 9, 8, 7, 3]",2.9611559
./random_graph_db/graph_db_node_11/11_p0.8/11_graph_n11_p0.8_idx7.gpickle,11,0.8,7,2,5,37,"[0, 3, 8, 9, 6, 10, 5, 1, 7, 4, 2]",2.8424933
./random_graph_db/graph_db_node_11/11_p0.8/11_graph_n11_p0.8_idx8.gpickle,11,0.8,8,3,9,25,"[7, 1, 8, 2, 9, 3, 0, 6, 10, 4, 5]",3.2547171
./random_graph_db/graph_db_node_11/11_p0.8/11_graph_n11_p0.8_idx9.gpickle,11,0.8,9,3,7,23,"[7, 9, 4, 10, 1, 6, 2, 0, 8, 5, 3]",2.9067061
./random_graph_db/graph_db_node_11/12_p0.9/12_graph_n11_p0.9_idx1.gpickle,11,0.9,1,2,5,20,"[0, 5, 9, 1, 8, 10, 6, 7, 2, 4, 3]",2.801661
./random_graph_db/graph_db_node_11/12_p0.9/12_graph_n11_p0.9_idx10.gpickle,11,0.9,10,2,4,24,"[7, 4, 6, 8, 0, 10, 3, 1, 2, 9, 5]",2.831176
./random_graph_db/graph_db_node_11/12_p0.9/12_graph_n11_p0.9_idx2.gpickle,11,0.9,2,2,2,17,"[1, 0, 6, 8, 5, 7, 4, 2, 10, 3, 9]",2.714144
./random_graph_db/graph_db_node_11/12_p0.9/12_graph_n11_p0.9_idx3.gpickle,11,0.9,3,3,9,31,"[8, 0, 3, 7, 1, 9, 4, 10, 6, 2, 5]",2.9018312
./random_graph_db/graph_db_node_11/12_p0.9/12_graph_n11_p0.9_idx4.gpickle,11,0.9,4,2,3,25,"[8, 9, 6, 0, 5, 7, 3, 1, 2, 10, 4]",2.7859921
./random_graph_db/graph_db_node_11/12_p0.9/12_graph_n11_p0.9_idx5.gpickle,11,0.9,5,2,4,24,"[0, 1, 9, 3, 7, 2, 10, 6, 8, 5, 4]",2.9669719
./random_graph_db/graph_db_node_11/12_p0.9/12_graph_n11_p0.9_idx6.gpickle,11,0.9,6,1,0,12,"[0, 1, 4, 3, 5, 6, 7, 8, 10, 2, 9]",2.6097331
./random_graph_db/graph_db_node_11/12_p0.9/12_graph_n11_p0.9_idx7.gpickle,11,0.9,7,2,4,21,"[1, 4, 7, 5, 0, 8, 2, 6, 10, 9, 3]",2.9612072
./random_graph_db/graph_db_node_11/12_p0.9/12_graph_n11_p0.9_idx8.gpickle,11,0.9,8,2,4,22,"[3, 9, 8, 0, 1, 2, 7, 4, 6, 5, 10]",2.8428149
./random_graph_db/graph_db_node_11/12_p0.9/12_graph_n11_p0.9_idx9.gpickle,11,0.9,9,2,5,25,"[3, 5, 1, 6, 0, 9, 8, 2, 10, 4, 7]",2.8747151
./random_graph_db/graph_db_node_12/01_p0.1/01_graph_n12_p0.1_idx1.gpickle,12,0.1,1,2,3,17,"[10, 1, 9, 6, 3, 4, 5, 0, 7, 8, 2, 11]",3.1410699
./random_graph_db/graph_db_node_12/01_p0.1/01_graph_n12_p0.1_idx10.gpickle,12,0.1,10,2,2,16,"[9, 11, 10, 6, 8, 4, 3, 7, 5, 0, 1, 2]",2.9949782
./random_graph_db/graph_db_node_12/01_p0.1/01_graph_n12_p0.1_idx2.gpickle,12,0.1,2,2,2,18,"[10, 11, 6, 1, 4, 0, 5, 8, 2, 3, 9, 7]",3.1625338
./random_graph_db/graph_db_node_12/01_p0.1/01_graph_n12_p0.1_idx3.gpickle,12,0.1,3,2,2,18,"[10, 5, 4, 8, 9, 1, 2, 3, 6, 7, 0, 11]",3.0396442
./random_graph_db/graph_db_node_12/01_p0.1/01_graph_n12_p0.1_idx4.gpickle,12,0.1,4,2,4,20,"[8, 10, 9, 7, 2, 4, 5, 11, 1, 0, 6, 3]",3.0990651
./random_graph_db/graph_db_node_12/01_p0.1/01_graph_n12_p0.1_idx5.gpickle,12,0.1,5,2,2,16,"[4, 6, 5, 9, 0, 3, 7, 8, 10, 1, 11, 2]",3.054049
./random_graph_db/graph_db_node_12/01_p0.1/01_graph_n12_p0.1_idx6.gpickle,12,0.1,6,2,4,20,"[0, 7, 3, 2, 8, 1, 10, 9, 11, 4, 6, 5]",3.1115868
./random_graph_db/graph_db_node_12/01_p0.1/01_graph_n12_p0.1_idx7.gpickle,12,0.1,7,2,2,16,"[7, 4, 9, 2, 1, 3, 11, 0, 10, 5, 6, 8]",3.1496091
./random_graph_db/graph_db_node_12/01_p0.1/01_graph_n12_p0.1_idx8.gpickle,12,0.1,8,1,0,13,"[9, 0, 11, 2, 4, 3, 6, 7, 8, 5, 10, 1]",3.1693332
./random_graph_db/graph_db_node_12/01_p0.1/01_graph_n12_p0.1_idx9.gpickle,12,0.1,9,2,5,26,"[9, 4, 0, 8, 1, 2, 5, 7, 3, 11, 10, 6]",3.154475
./random_graph_db/graph_db_node_12/02_p0.2/02_graph_n12_p0.2_idx1.gpickle,12,0.2,1,3,8,23,"[7, 11, 8, 2, 4, 1, 0, 10, 3, 9, 6, 5]",3.1910353
./random_graph_db/graph_db_node_12/02_p0.2/02_graph_n12_p0.2_idx10.gpickle,12,0.2,10,3,5,22,"[3, 2, 6, 10, 11, 1, 0, 4, 9, 7, 5, 8]",3.1444128
./random_graph_db/graph_db_node_12/02_p0.2/02_graph_n12_p0.2_idx2.gpickle,12,0.2,2,2,3,19,"[9, 1, 8, 2, 11, 10, 5, 7, 0, 6, 4, 3]",3.0506642
./random_graph_db/graph_db_node_12/02_p0.2/02_graph_n12_p0.2_idx3.gpickle,12,0.2,3,3,9,28,"[8, 3, 9, 6, 11, 2, 0, 7, 4, 5, 1, 10]",3.2613158
./random_graph_db/graph_db_node_12/02_p0.2/02_graph_n12_p0.2_idx4.gpickle,12,0.2,4,2,6,25,"[7, 9, 5, 11, 4, 2, 8, 1, 6, 10, 3, 0]",3.390738
./random_graph_db/graph_db_node_12/02_p0.2/02_graph_n12_p0.2_idx5.gpickle,12,0.2,5,3,7,24,"[7, 9, 4, 8, 3, 1, 6, 11, 10, 0, 2, 5]",3.135607
./random_graph_db/graph_db_node_12/02_p0.2/02_graph_n12_p0.2_idx6.gpickle,12,0.2,6,3,8,28,"[7, 4, 9, 3, 8, 1, 5, 6, 0, 2, 11, 10]",3.2224588
./random_graph_db/graph_db_node_12/02_p0.2/02_graph_n12_p0.2_idx7.gpickle,12,0.2,7,2,2,27,"[3, 6, 5, 10, 1, 9, 8, 4, 0, 7, 2, 11]",3.0798562
./random_graph_db/graph_db_node_12/02_p0.2/02_graph_n12_p0.2_idx8.gpickle,12,0.2,8,2,2,16,"[9, 3, 4, 1, 2, 10, 5, 7, 8, 11, 0, 6]",3.073293
./random_graph_db/graph_db_node_12/02_p0.2/02_graph_n12_p0.2_idx9.gpickle,12,0.2,9,2,4,29,"[5, 1, 0, 4, 2, 7, 9, 8, 6, 10, 3, 11]",3.1047091
./random_graph_db/graph_db_node_12/03_p0.3/03_graph_n12_p0.3_idx1.gpickle,12,0.3,1,4,14,45,"[7, 3, 4, 9, 0, 6, 11, 5, 1, 10, 8, 2]",3.2803712
./random_graph_db/graph_db_node_12/03_p0.3/03_graph_n12_p0.3_idx10.gpickle,12,0.3,10,3,10,27,"[6, 2, 7, 11, 0, 5, 10, 4, 3, 8, 9, 1]",3.327693
./random_graph_db/graph_db_node_12/03_p0.3/03_graph_n12_p0.3_idx2.gpickle,12,0.3,2,3,7,30,"[6, 7, 0, 10, 5, 3, 8, 2, 9, 11, 1, 4]",3.159863
./random_graph_db/graph_db_node_12/03_p0.3/03_graph_n12_p0.3_idx3.gpickle,12,0.3,3,2,6,37,"[11, 10, 0, 9, 2, 4, 8, 1, 6, 3, 5, 7]",3.139153
./random_graph_db/graph_db_node_12/03_p0.3/03_graph_n12_p0.3_idx4.gpickle,12,0.3,4,2,5,33,"[9, 7, 0, 8, 2, 11, 10, 6, 4, 3, 1, 5]",3.2648931
./random_graph_db/graph_db_node_12/03_p0.3/03_graph_n12_p0.3_idx5.gpickle,12,0.3,5,2,4,20,"[9, 8, 2, 11, 6, 7, 5, 1, 4, 3, 10, 0]",3.0924911
./random_graph_db/graph_db_node_12/03_p0.3/03_graph_n12_p0.3_idx6.gpickle,12,0.3,6,2,4,26,"[4, 10, 6, 8, 7, 1, 2, 3, 9, 11, 0, 5]",3.0800283
./random_graph_db/graph_db_node_12/03_p0.3/03_graph_n12_p0.3_idx7.gpickle,12,0.3,7,3,13,50,"[9, 7, 6, 0, 8, 1, 10, 5, 11, 2, 3, 4]",3.7106709
./random_graph_db/graph_db_node_12/03_p0.3/03_graph_n12_p0.3_idx8.gpickle,12,0.3,8,3,11,33,"[7, 4, 8, 9, 3, 6, 2, 10, 5, 1, 0, 11]",3.3780429
./random_graph_db/graph_db_node_12/03_p0.3/03_graph_n12_p0.3_idx9.gpickle,12,0.3,9,3,10,45,"[9, 11, 1, 6, 10, 7, 4, 3, 0, 5, 2, 8]",3.4413912
./random_graph_db/graph_db_node_12/04_p0.4/04_graph_n12_p0.4_idx1.gpickle,12,0.4,1,3,10,47,"[3, 9, 11, 10, 2, 5, 4, 8, 1, 7, 6, 0]",3.3078001
./random_graph_db/graph_db_node_12/04_p0.4/04_graph_n12_p0.4_idx10.gpickle,12,0.4,10,4,17,72,"[3, 8, 0, 4, 2, 10, 9, 7, 6, 11, 1, 5]",3.447628
./random_graph_db/graph_db_node_12/04_p0.4/04_graph_n12_p0.4_idx2.gpickle,12,0.4,2,3,13,51,"[4, 3, 2, 0, 9, 8, 7, 5, 6, 10, 11, 1]",3.3509212
./random_graph_db/graph_db_node_12/04_p0.4/04_graph_n12_p0.4_idx3.gpickle,12,0.4,3,3,14,47,"[1, 9, 6, 7, 4, 0, 10, 11, 2, 8, 5, 3]",3.7642722
./random_graph_db/graph_db_node_12/04_p0.4/04_graph_n12_p0.4_idx4.gpickle,12,0.4,4,3,10,39,"[9, 8, 6, 4, 10, 7, 3, 1, 2, 5, 11, 0]",3.4417109
./random_graph_db/graph_db_node_12/04_p0.4/04_graph_n12_p0.4_idx5.gpickle,12,0.4,5,3,10,33,"[4, 7, 6, 11, 10, 2, 3, 5, 8, 0, 1, 9]",3.2544491
./random_graph_db/graph_db_node_12/04_p0.4/04_graph_n12_p0.4_idx6.gpickle,12,0.4,6,4,14,42,"[3, 11, 6, 10, 0, 4, 2, 7, 5, 9, 8, 1]",3.3750319
./random_graph_db/graph_db_node_12/04_p0.4/04_graph_n12_p0.4_idx7.gpickle,12,0.4,7,3,12,60,"[5, 7, 1, 8, 9, 3, 10, 0, 2, 11, 4, 6]",3.339601
./random_graph_db/graph_db_node_12/04_p0.4/04_graph_n12_p0.4_idx8.gpickle,12,0.4,8,4,16,63,"[6, 2, 10, 8, 0, 1, 9, 7, 5, 3, 11, 4]",3.3216541
./random_graph_db/graph_db_node_12/04_p0.4/04_graph_n12_p0.4_idx9.gpickle,12,0.4,9,3,12,53,"[0, 6, 1, 5, 9, 8, 3, 10, 4, 7, 11, 2]",3.6329322
./random_graph_db/graph_db_node_12/05_p0.45/05_graph_n12_p0.45_idx1.gpickle,12,0.45,1,4,20,73,"[7, 4, 2, 10, 9, 6, 8, 5, 11, 3, 1, 0]",3.4237499
./random_graph_db/graph_db_node_12/05_p0.45/05_graph_n12_p0.45_idx10.gpickle,12,0.45,10,4,15,47,"[9, 11, 10, 0, 4, 7, 8, 3, 1, 5, 6, 2]",3.3415692
./random_graph_db/graph_db_node_12/05_p0.45/05_graph_n12_p0.45_idx2.gpickle,12,0.45,2,4,17,60,"[8, 5, 7, 2, 10, 0, 3, 1, 11, 6, 9, 4]",3.36778
./random_graph_db/graph_db_node_12/05_p0.45/05_graph_n12_p0.45_idx3.gpickle,12,0.45,3,3,8,41,"[0, 8, 10, 3, 1, 7, 4, 2, 9, 5, 6, 11]",3.278682
./random_graph_db/graph_db_node_12/05_p0.45/05_graph_n12_p0.45_idx4.gpickle,12,0.45,4,4,17,51,"[2, 10, 8, 3, 0, 7, 4, 6, 9, 11, 5, 1]",3.3091757
./random_graph_db/graph_db_node_12/05_p0.45/05_graph_n12_p0.45_idx5.gpickle,12,0.45,5,4,16,54,"[1, 2, 7, 11, 5, 4, 9, 8, 0, 6, 3, 10]",3.638644
./random_graph_db/graph_db_node_12/05_p0.45/05_graph_n12_p0.45_idx6.gpickle,12,0.45,6,3,13,58,"[10, 3, 1, 7, 0, 5, 4, 11, 8, 2, 9, 6]",3.393465
./random_graph_db/graph_db_node_12/05_p0.45/05_graph_n12_p0.45_idx7.gpickle,12,0.45,7,3,10,42,"[1, 3, 8, 2, 0, 5, 4, 11, 10, 6, 7, 9]",3.2208991
./random_graph_db/graph_db_node_12/05_p0.45/05_graph_n12_p0.45_idx8.gpickle,12,0.45,8,4,20,54,"[0, 1, 4, 5, 8, 9, 11, 6, 2, 7, 3, 10]",3.4782081
./random_graph_db/graph_db_node_12/05_p0.45/05_graph_n12_p0.45_idx9.gpickle,12,0.45,9,3,12,47,"[8, 6, 4, 0, 5, 2, 3, 10, 1, 9, 7, 11]",3.3024192
./random_graph_db/graph_db_node_12/06_p0.5/06_graph_n12_p0.5_idx1.gpickle,12,0.5,1,4,16,53,"[5, 11, 8, 1, 4, 3, 0, 6, 2, 10, 7, 9]",3.46174
./random_graph_db/graph_db_node_12/06_p0.5/06_graph_n12_p0.5_idx10.gpickle,12,0.5,10,3,12,46,"[4, 2, 8, 7, 10, 3, 11, 0, 6, 1, 5, 9]",3.2964029
./random_graph_db/graph_db_node_12/06_p0.5/06_graph_n12_p0.5_idx2.gpickle,12,0.5,2,3,12,52,"[7, 2, 6, 10, 8, 9, 4, 1, 3, 0, 5, 11]",3.3474431
./random_graph_db/graph_db_node_12/06_p0.5/06_graph_n12_p0.5_idx3.gpickle,12,0.5,3,3,12,61,"[4, 11, 7, 0, 8, 6, 1, 2, 5, 3, 9, 10]",3.3307211
./random_graph_db/graph_db_node_12/06_p0.5/06_graph_n12_p0.5_idx4.gpickle,12,0.5,4,4,16,63,"[9, 3, 10, 6, 8, 0, 2, 11, 4, 5, 1, 7]",3.3502128
./random_graph_db/graph_db_node_12/06_p0.5/06_graph_n12_p0.5_idx5.gpickle,12,0.5,5,4,17,61,"[0, 5, 8, 6, 1, 9, 7, 11, 3, 4, 10, 2]",3.5715599
./random_graph_db/graph_db_node_12/06_p0.5/06_graph_n12_p0.5_idx6.gpickle,12,0.5,6,3,13,54,"[7, 9, 5, 0, 2, 4, 6, 11, 10, 8, 3, 1]",3.3877199
./random_graph_db/graph_db_node_12/06_p0.5/06_graph_n12_p0.5_idx7.gpickle,12,0.5,7,3,7,37,"[4, 11, 10, 7, 5, 6, 9, 1, 2, 3, 0, 8]",3.2734292
./random_graph_db/graph_db_node_12/06_p0.5/06_graph_n12_p0.5_idx8.gpickle,12,0.5,8,4,14,53,"[8, 0, 1, 5, 4, 2, 6, 9, 7, 10, 11, 3]",3.3835499
./random_graph_db/graph_db_node_12/06_p0.5/06_graph_n12_p0.5_idx9.gpickle,12,0.5,9,4,19,68,"[7, 9, 4, 0, 5, 3, 8, 2, 6, 10, 11, 1]",3.3275661
./random_graph_db/graph_db_node_12/07_p0.55/07_graph_n12_p0.55_idx1.gpickle,12,0.55,1,4,18,66,"[3, 0, 1, 9, 2, 5, 7, 11, 4, 6, 10, 8]",3.428674
./random_graph_db/graph_db_node_12/07_p0.55/07_graph_n12_p0.55_idx10.gpickle,12,0.55,10,4,17,64,"[4, 0, 10, 1, 3, 7, 6, 9, 11, 5, 8, 2]",3.7054362
./random_graph_db/graph_db_node_12/07_p0.55/07_graph_n12_p0.55_idx2.gpickle,12,0.55,2,3,17,54,"[11, 0, 6, 4, 10, 2, 8, 9, 1, 3, 5, 7]",3.5430732
./random_graph_db/graph_db_node_12/07_p0.55/07_graph_n12_p0.55_idx3.gpickle,12,0.55,3,4,19,60,"[11, 4, 2, 8, 9, 7, 3, 6, 5, 1, 10, 0]",3.399055
./random_graph_db/graph_db_node_12/07_p0.55/07_graph_n12_p0.55_idx4.gpickle,12,0.55,4,3,13,66,"[8, 1, 9, 6, 4, 5, 10, 3, 0, 11, 7, 2]",3.4201398
./random_graph_db/graph_db_node_12/07_p0.55/07_graph_n12_p0.55_idx5.gpickle,12,0.55,5,3,9,30,"[4, 3, 6, 9, 5, 2, 11, 1, 8, 0, 7, 10]",3.2716148
./random_graph_db/graph_db_node_12/07_p0.55/07_graph_n12_p0.55_idx6.gpickle,12,0.55,6,4,16,50,"[11, 9, 8, 10, 2, 0, 5, 4, 6, 7, 1, 3]",3.469548
./random_graph_db/graph_db_node_12/07_p0.55/07_graph_n12_p0.55_idx7.gpickle,12,0.55,7,4,17,58,"[6, 10, 5, 2, 8, 7, 3, 11, 1, 4, 9, 0]",3.5672429
./random_graph_db/graph_db_node_12/07_p0.55/07_graph_n12_p0.55_idx8.gpickle,12,0.55,8,4,14,51,"[11, 8, 3, 10, 9, 4, 5, 6, 1, 2, 7, 0]",3.388515
./random_graph_db/graph_db_node_12/07_p0.55/07_graph_n12_p0.55_idx9.gpickle,12,0.55,9,3,14,60,"[4, 3, 11, 8, 6, 2, 10, 0, 7, 9, 5, 1]",3.4060731
./random_graph_db/graph_db_node_12/08_p0.6/08_graph_n12_p0.6_idx1.gpickle,12,0.6,1,4,16,52,"[0, 4, 2, 11, 8, 6, 10, 7, 5, 3, 1, 9]",3.47332
./random_graph_db/graph_db_node_12/08_p0.6/08_graph_n12_p0.6_idx10.gpickle,12,0.6,10,3,11,43,"[6, 9, 4, 1, 11, 10, 5, 7, 8, 2, 3, 0]",3.40503
./random_graph_db/graph_db_node_12/08_p0.6/08_graph_n12_p0.6_idx2.gpickle,12,0.6,2,3,15,59,"[3, 6, 8, 2, 11, 9, 0, 1, 4, 10, 5, 7]",3.4389141
./random_graph_db/graph_db_node_12/08_p0.6/08_graph_n12_p0.6_idx3.gpickle,12,0.6,3,4,15,61,"[3, 1, 0, 5, 6, 4, 2, 7, 10, 8, 9, 11]",3.393805
./random_graph_db/graph_db_node_12/08_p0.6/08_graph_n12_p0.6_idx4.gpickle,12,0.6,4,4,18,67,"[11, 4, 3, 9, 10, 8, 1, 7, 0, 5, 6, 2]",3.6714711
./random_graph_db/graph_db_node_12/08_p0.6/08_graph_n12_p0.6_idx5.gpickle,12,0.6,5,4,18,67,"[1, 8, 10, 11, 5, 0, 9, 3, 2, 6, 7, 4]",3.635428
./random_graph_db/graph_db_node_12/08_p0.6/08_graph_n12_p0.6_idx6.gpickle,12,0.6,6,4,19,60,"[7, 4, 9, 8, 11, 1, 6, 10, 2, 3, 5, 0]",3.5303442
./random_graph_db/graph_db_node_12/08_p0.6/08_graph_n12_p0.6_idx7.gpickle,12,0.6,7,4,17,67,"[6, 7, 0, 5, 3, 4, 11, 9, 10, 1, 8, 2]",3.4650059
./random_graph_db/graph_db_node_12/08_p0.6/08_graph_n12_p0.6_idx8.gpickle,12,0.6,8,3,15,57,"[4, 2, 3, 0, 10, 9, 8, 11, 1, 6, 7, 5]",3.5623562
./random_graph_db/graph_db_node_12/08_p0.6/08_graph_n12_p0.6_idx9.gpickle,12,0.6,9,4,16,60,"[9, 5, 10, 7, 3, 2, 11, 1, 4, 8, 0, 6]",3.8571873
./random_graph_db/graph_db_node_12/09_p0.65/09_graph_n12_p0.65_idx1.gpickle,12,0.65,1,3,15,56,"[5, 10, 0, 6, 7, 3, 9, 2, 8, 1, 4, 11]",3.5293851
./random_graph_db/graph_db_node_12/09_p0.65/09_graph_n12_p0.65_idx10.gpickle,12,0.65,10,4,16,65,"[5, 11, 4, 9, 10, 3, 7, 0, 1, 8, 2, 6]",3.6052318
./random_graph_db/graph_db_node_12/09_p0.65/09_graph_n12_p0.65_idx2.gpickle,12,0.65,2,4,11,39,"[1, 7, 8, 5, 0, 6, 9, 10, 4, 2, 11, 3]",3.6275671
./random_graph_db/graph_db_node_12/09_p0.65/09_graph_n12_p0.65_idx3.gpickle,12,0.65,3,3,9,52,"[1, 6, 4, 8, 7, 0, 3, 10, 5, 2, 11, 9]",4.2883677
./random_graph_db/graph_db_node_12/09_p0.65/09_graph_n12_p0.65_idx4.gpickle,12,0.65,4,4,15,59,"[6, 1, 3, 4, 8, 10, 2, 11, 5, 0, 9, 7]",3.8481412
./random_graph_db/graph_db_node_12/09_p0.65/09_graph_n12_p0.65_idx5.gpickle,12,0.65,5,4,15,50,"[3, 4, 2, 8, 11, 7, 0, 1, 5, 9, 6, 10]",3.90746
./random_graph_db/graph_db_node_12/09_p0.65/09_graph_n12_p0.65_idx6.gpickle,12,0.65,6,4,17,56,"[6, 4, 3, 0, 8, 2, 10, 5, 9, 11, 1, 7]",3.6802819
./random_graph_db/graph_db_node_12/09_p0.65/09_graph_n12_p0.65_idx7.gpickle,12,0.65,7,4,13,50,"[4, 5, 11, 6, 1, 3, 10, 0, 7, 8, 9, 2]",3.5765719
./random_graph_db/graph_db_node_12/09_p0.65/09_graph_n12_p0.65_idx8.gpickle,12,0.65,8,3,14,58,"[1, 8, 10, 4, 9, 7, 0, 5, 3, 11, 6, 2]",3.635092
./random_graph_db/graph_db_node_12/09_p0.65/09_graph_n12_p0.65_idx9.gpickle,12,0.65,9,3,13,56,"[4, 7, 3, 2, 6, 10, 8, 5, 11, 1, 9, 0]",3.5392861
./random_graph_db/graph_db_node_12/10_p0.7/10_graph_n12_p0.7_idx1.gpickle,12,0.7,1,3,9,32,"[0, 7, 4, 2, 1, 10, 11, 9, 8, 6, 5, 3]",3.584533
./random_graph_db/graph_db_node_12/10_p0.7/10_graph_n12_p0.7_idx10.gpickle,12,0.7,10,4,14,41,"[5, 10, 0, 3, 8, 7, 4, 1, 11, 9, 2, 6]",3.5520079
./random_graph_db/graph_db_node_12/10_p0.7/10_graph_n12_p0.7_idx2.gpickle,12,0.7,2,3,15,58,"[6, 8, 4, 7, 0, 11, 9, 5, 2, 10, 1, 3]",3.5619242
./random_graph_db/graph_db_node_12/10_p0.7/10_graph_n12_p0.7_idx3.gpickle,12,0.7,3,3,13,48,"[9, 10, 8, 11, 7, 6, 2, 3, 0, 1, 4, 5]",3.5907912
./random_graph_db/graph_db_node_12/10_p0.7/10_graph_n12_p0.7_idx4.gpickle,12,0.7,4,3,14,51,"[8, 10, 3, 0, 4, 5, 11, 2, 1, 7, 9, 6]",3.4716301
./random_graph_db/graph_db_node_12/10_p0.7/10_graph_n12_p0.7_idx5.gpickle,12,0.7,5,3,14,54,"[10, 5, 11, 1, 8, 7, 9, 3, 0, 4, 2, 6]",3.566267
./random_graph_db/graph_db_node_12/10_p0.7/10_graph_n12_p0.7_idx6.gpickle,12,0.7,6,3,9,42,"[5, 2, 6, 10, 9, 11, 3, 1, 8, 7, 4, 0]",3.8742878
./random_graph_db/graph_db_node_12/10_p0.7/10_graph_n12_p0.7_idx7.gpickle,12,0.7,7,4,16,50,"[9, 11, 6, 7, 3, 0, 4, 8, 5, 10, 2, 1]",3.6520741
./random_graph_db/graph_db_node_12/10_p0.7/10_graph_n12_p0.7_idx8.gpickle,12,0.7,8,4,19,63,"[4, 1, 6, 5, 2, 0, 9, 3, 10, 7, 8, 11]",3.510283
./random_graph_db/graph_db_node_12/10_p0.7/10_graph_n12_p0.7_idx9.gpickle,12,0.7,9,4,16,42,"[3, 8, 4, 7, 6, 5, 1, 2, 9, 0, 11, 10]",3.5551107
./random_graph_db/graph_db_node_12/11_p0.8/11_graph_n12_p0.8_idx1.gpickle,12,0.8,1,3,10,38,"[9, 3, 1, 7, 6, 10, 2, 8, 5, 0, 4, 11]",3.4108071
./random_graph_db/graph_db_node_12/11_p0.8/11_graph_n12_p0.8_idx10.gpickle,12,0.8,10,2,4,24,"[1, 0, 6, 8, 7, 11, 9, 3, 4, 5, 2, 10]",3.4548507
./random_graph_db/graph_db_node_12/11_p0.8/11_graph_n12_p0.8_idx2.gpickle,12,0.8,2,2,6,25,"[7, 5, 11, 4, 1, 6, 8, 2, 0, 9, 3, 10]",3.318028
./random_graph_db/graph_db_node_12/11_p0.8/11_graph_n12_p0.8_idx3.gpickle,12,0.8,3,3,10,50,"[10, 7, 1, 6, 4, 3, 0, 5, 9, 2, 8, 11]",3.4219713
./random_graph_db/graph_db_node_12/11_p0.8/11_graph_n12_p0.8_idx4.gpickle,12,0.8,4,3,8,34,"[3, 2, 10, 1, 6, 8, 11, 9, 7, 0, 5, 4]",3.3697672
./random_graph_db/graph_db_node_12/11_p0.8/11_graph_n12_p0.8_idx5.gpickle,12,0.8,5,3,7,34,"[4, 1, 6, 7, 3, 11, 9, 10, 0, 8, 2, 5]",3.9488521
./random_graph_db/graph_db_node_12/11_p0.8/11_graph_n12_p0.8_idx6.gpickle,12,0.8,6,3,7,31,"[1, 6, 4, 0, 5, 8, 3, 2, 9, 7, 10, 11]",3.7860558
./random_graph_db/graph_db_node_12/11_p0.8/11_graph_n12_p0.8_idx7.gpickle,12,0.8,7,3,9,37,"[7, 9, 1, 11, 5, 10, 2, 4, 8, 6, 0, 3]",3.5468121
./random_graph_db/graph_db_node_12/11_p0.8/11_graph_n12_p0.8_idx8.gpickle,12,0.8,8,3,9,30,"[4, 11, 3, 8, 10, 9, 5, 0, 6, 2, 7, 1]",3.6210361
./random_graph_db/graph_db_node_12/11_p0.8/11_graph_n12_p0.8_idx9.gpickle,12,0.8,9,3,10,49,"[9, 1, 11, 4, 3, 2, 5, 0, 8, 7, 10, 6]",3.8038988
./random_graph_db/graph_db_node_12/12_p0.9/12_graph_n12_p0.9_idx1.gpickle,12,0.9,1,2,4,22,"[7, 11, 1, 3, 8, 10, 0, 5, 2, 6, 9, 4]",3.428448
./random_graph_db/graph_db_node_12/12_p0.9/12_graph_n12_p0.9_idx10.gpickle,12,0.9,10,2,6,32,"[5, 10, 0, 11, 9, 3, 6, 2, 8, 1, 4, 7]",3.4853392
./random_graph_db/graph_db_node_12/12_p0.9/12_graph_n12_p0.9_idx2.gpickle,12,0.9,2,2,6,25,"[4, 2, 7, 5, 1, 3, 11, 9, 10, 6, 0, 8]",3.6200581
./random_graph_db/graph_db_node_12/12_p0.9/12_graph_n12_p0.9_idx3.gpickle,12,0.9,3,3,8,32,"[1, 4, 7, 11, 6, 9, 3, 2, 10, 0, 5, 8]",3.868541
./random_graph_db/graph_db_node_12/12_p0.9/12_graph_n12_p0.9_idx4.gpickle,12,0.9,4,2,4,25,"[10, 6, 0, 9, 1, 11, 2, 7, 3, 4, 5, 8]",3.5985692
./random_graph_db/graph_db_node_12/12_p0.9/12_graph_n12_p0.9_idx5.gpickle,12,0.9,5,2,2,18,"[0, 9, 11, 8, 3, 1, 5, 10, 6, 2, 7, 4]",3.3683929
./random_graph_db/graph_db_node_12/12_p0.9/12_graph_n12_p0.9_idx6.gpickle,12,0.9,6,2,1,17,"[1, 0, 3, 4, 6, 9, 11, 5, 10, 7, 8, 2]",3.3470778
./random_graph_db/graph_db_node_12/12_p0.9/12_graph_n12_p0.9_idx7.gpickle,12,0.9,7,2,4,26,"[4, 8, 5, 9, 6, 10, 11, 0, 2, 3, 1, 7]",3.4671772
./random_graph_db/graph_db_node_12/12_p0.9/12_graph_n12_p0.9_idx8.gpickle,12,0.9,8,2,5,30,"[2, 3, 5, 6, 9, 10, 11, 8, 1, 4, 0, 7]",3.8014328
./random_graph_db/graph_db_node_12/12_p0.9/12_graph_n12_p0.9_idx9.gpickle,12,0.9,9,2,4,26,"[1, 4, 2, 8, 9, 0, 5, 3, 7, 10, 6, 11]",3.5842869
./random_graph_db/graph_db_node_13/01_p0.1/01_graph_n13_p0.1_idx1.gpickle,13,0.1,1,2,3,25,"[2, 1, 8, 9, 12, 10, 6, 5, 7, 3, 0, 4, 11]",3.657136
./random_graph_db/graph_db_node_13/01_p0.1/01_graph_n13_p0.1_idx10.gpickle,13,0.1,10,2,2,19,"[3, 7, 2, 8, 9, 6, 12, 11, 10, 1, 0, 4, 5]",3.5732
./random_graph_db/graph_db_node_13/01_p0.1/01_graph_n13_p0.1_idx2.gpickle,13,0.1,2,2,3,20,"[2, 7, 10, 8, 12, 11, 4, 1, 5, 9, 3, 6, 0]",3.6650023
./random_graph_db/graph_db_node_13/01_p0.1/01_graph_n13_p0.1_idx3.gpickle,13,0.1,3,3,7,29,"[9, 10, 2, 5, 8, 6, 1, 0, 4, 12, 11, 3, 7]",3.8848672
./random_graph_db/graph_db_node_13/01_p0.1/01_graph_n13_p0.1_idx4.gpickle,13,0.1,4,1,0,14,"[12, 7, 2, 8, 11, 10, 6, 0, 9, 4, 3, 5, 1]",3.544672
./random_graph_db/graph_db_node_13/01_p0.1/01_graph_n13_p0.1_idx5.gpickle,13,0.1,5,2,3,23,"[0, 9, 2, 5, 12, 8, 4, 6, 1, 11, 3, 7, 10]",3.669461
./random_graph_db/graph_db_node_13/01_p0.1/01_graph_n13_p0.1_idx6.gpickle,13,0.1,6,2,6,33,"[10, 11, 3, 1, 2, 5, 4, 12, 0, 8, 6, 9, 7]",3.694936
./random_graph_db/graph_db_node_13/01_p0.1/01_graph_n13_p0.1_idx7.gpickle,13,0.1,7,2,3,25,"[7, 12, 2, 5, 4, 10, 0, 11, 8, 6, 1, 9, 3]",3.688051
./random_graph_db/graph_db_node_13/01_p0.1/01_graph_n13_p0.1_idx8.gpickle,13,0.1,8,3,6,26,"[10, 0, 9, 5, 8, 2, 4, 3, 11, 6, 1, 12, 7]",3.6259019
./random_graph_db/graph_db_node_13/01_p0.1/01_graph_n13_p0.1_idx9.gpickle,13,0.1,9,2,5,27,"[9, 4, 6, 10, 7, 1, 12, 0, 8, 3, 2, 11, 5]",4.099699
./random_graph_db/graph_db_node_13/02_p0.2/02_graph_n13_p0.2_idx1.gpickle,13,0.2,1,3,11,47,"[2, 12, 8, 1, 6, 5, 4, 3, 10, 9, 7, 11, 0]",3.8042948
./random_graph_db/graph_db_node_13/02_p0.2/02_graph_n13_p0.2_idx10.gpickle,13,0.2,10,2,3,29,"[5, 11, 1, 8, 0, 2, 7, 12, 6, 3, 9, 10, 4]",3.5187578
./random_graph_db/graph_db_node_13/02_p0.2/02_graph_n13_p0.2_idx2.gpickle,13,0.2,2,3,7,27,"[11, 3, 10, 2, 7, 1, 5, 8, 0, 6, 12, 9, 4]",3.7353349
./random_graph_db/graph_db_node_13/02_p0.2/02_graph_n13_p0.2_idx3.gpickle,13,0.2,3,2,2,33,"[5, 4, 1, 10, 2, 8, 6, 12, 9, 0, 3, 7, 11]",7.3990278
./random_graph_db/graph_db_node_13/02_p0.2/02_graph_n13_p0.2_idx4.gpickle,13,0.2,4,3,5,23,"[0, 10, 12, 3, 9, 4, 2, 7, 1, 11, 5, 8, 6]",3.9128401
./random_graph_db/graph_db_node_13/02_p0.2/02_graph_n13_p0.2_idx5.gpickle,13,0.2,5,2,4,26,"[8, 12, 3, 4, 5, 11, 9, 10, 2, 0, 6, 1, 7]",3.5401418
./random_graph_db/graph_db_node_13/02_p0.2/02_graph_n13_p0.2_idx6.gpickle,13,0.2,6,2,4,21,"[4, 6, 10, 5, 2, 12, 3, 11, 1, 7, 0, 8, 9]",3.6222301
./random_graph_db/graph_db_node_13/02_p0.2/02_graph_n13_p0.2_idx7.gpickle,13,0.2,7,2,4,21,"[8, 7, 0, 2, 4, 9, 11, 12, 5, 3, 6, 10, 1]",3.5590732
./random_graph_db/graph_db_node_13/02_p0.2/02_graph_n13_p0.2_idx8.gpickle,13,0.2,8,2,5,22,"[7, 4, 9, 0, 6, 10, 11, 1, 8, 2, 3, 5, 12]",3.5013938
./random_graph_db/graph_db_node_13/02_p0.2/02_graph_n13_p0.2_idx9.gpickle,13,0.2,9,4,13,42,"[2, 12, 3, 4, 0, 7, 9, 1, 5, 8, 6, 10, 11]",3.915792
./random_graph_db/graph_db_node_13/03_p0.3/03_graph_n13_p0.3_idx1.gpickle,13,0.3,1,4,16,62,"[1, 4, 11, 3, 2, 12, 10, 5, 0, 6, 7, 8, 9]",3.8990829
./random_graph_db/graph_db_node_13/03_p0.3/03_graph_n13_p0.3_idx10.gpickle,13,0.3,10,3,8,34,"[1, 8, 7, 11, 12, 6, 3, 4, 2, 9, 5, 10, 0]",3.742775
./random_graph_db/graph_db_node_13/03_p0.3/03_graph_n13_p0.3_idx2.gpickle,13,0.3,2,3,12,49,"[12, 1, 0, 8, 10, 5, 2, 6, 11, 3, 9, 4, 7]",3.7248776
./random_graph_db/graph_db_node_13/03_p0.3/03_graph_n13_p0.3_idx3.gpickle,13,0.3,3,3,11,42,"[11, 10, 0, 2, 12, 4, 6, 3, 1, 8, 7, 5, 9]",3.7208159
./random_graph_db/graph_db_node_13/03_p0.3/03_graph_n13_p0.3_idx4.gpickle,13,0.3,4,3,12,43,"[10, 3, 6, 9, 7, 12, 5, 8, 11, 2, 1, 4, 0]",4.165962
./random_graph_db/graph_db_node_13/03_p0.3/03_graph_n13_p0.3_idx5.gpickle,13,0.3,5,3,12,46,"[2, 4, 10, 11, 6, 5, 1, 0, 12, 7, 9, 3, 8]",3.7924249
./random_graph_db/graph_db_node_13/03_p0.3/03_graph_n13_p0.3_idx6.gpickle,13,0.3,6,2,4,22,"[0, 8, 9, 10, 2, 3, 4, 11, 12, 7, 5, 1, 6]",3.6289351
./random_graph_db/graph_db_node_13/03_p0.3/03_graph_n13_p0.3_idx7.gpickle,13,0.3,7,3,10,48,"[8, 11, 12, 1, 6, 0, 4, 9, 10, 7, 2, 3, 5]",3.7702692
./random_graph_db/graph_db_node_13/03_p0.3/03_graph_n13_p0.3_idx8.gpickle,13,0.3,8,3,11,48,"[1, 5, 10, 9, 0, 8, 3, 11, 2, 4, 12, 6, 7]",3.817194
./random_graph_db/graph_db_node_13/03_p0.3/03_graph_n13_p0.3_idx9.gpickle,13,0.3,9,3,11,33,"[0, 7, 3, 6, 4, 2, 1, 9, 12, 5, 10, 11, 8]",3.8995688
./random_graph_db/graph_db_node_13/04_p0.4/04_graph_n13_p0.4_idx1.gpickle,13,0.4,1,4,15,55,"[11, 10, 6, 8, 7, 12, 4, 3, 1, 0, 9, 5, 2]",3.7922719
./random_graph_db/graph_db_node_13/04_p0.4/04_graph_n13_p0.4_idx10.gpickle,13,0.4,10,4,15,60,"[6, 10, 8, 7, 5, 3, 4, 1, 0, 9, 12, 11, 2]",3.9283438
./random_graph_db/graph_db_node_13/04_p0.4/04_graph_n13_p0.4_idx2.gpickle,13,0.4,2,3,10,41,"[2, 6, 12, 11, 4, 3, 1, 5, 0, 9, 10, 7, 8]",3.8908617
./random_graph_db/graph_db_node_13/04_p0.4/04_graph_n13_p0.4_idx3.gpickle,13,0.4,3,4,19,62,"[2, 11, 6, 3, 9, 5, 8, 12, 10, 7, 1, 0, 4]",3.8734438
./random_graph_db/graph_db_node_13/04_p0.4/04_graph_n13_p0.4_idx4.gpickle,13,0.4,4,4,19,78,"[10, 5, 3, 11, 12, 7, 2, 0, 1, 8, 9, 6, 4]",3.913039
./random_graph_db/graph_db_node_13/04_p0.4/04_graph_n13_p0.4_idx5.gpickle,13,0.4,5,4,23,86,"[10, 5, 12, 1, 7, 3, 2, 11, 0, 6, 9, 4, 8]",4.1297879
./random_graph_db/graph_db_node_13/04_p0.4/04_graph_n13_p0.4_idx6.gpickle,13,0.4,6,4,16,54,"[12, 8, 2, 11, 4, 5, 3, 9, 10, 7, 1, 6, 0]",4.0708251
./random_graph_db/graph_db_node_13/04_p0.4/04_graph_n13_p0.4_idx7.gpickle,13,0.4,7,4,18,65,"[12, 0, 4, 5, 6, 9, 3, 2, 11, 10, 1, 7, 8]",4.0117352
./random_graph_db/graph_db_node_13/04_p0.4/04_graph_n13_p0.4_idx8.gpickle,13,0.4,8,4,20,80,"[5, 1, 3, 7, 0, 10, 2, 4, 12, 11, 9, 6, 8]",4.0413551
./random_graph_db/graph_db_node_13/04_p0.4/04_graph_n13_p0.4_idx9.gpickle,13,0.4,9,3,13,45,"[11, 0, 10, 7, 8, 1, 4, 5, 9, 6, 12, 2, 3]",3.870378
./random_graph_db/graph_db_node_13/05_p0.45/05_graph_n13_p0.45_idx1.gpickle,13,0.45,1,4,18,58,"[10, 5, 0, 1, 4, 3, 12, 2, 7, 8, 11, 9, 6]",4.2179239
./random_graph_db/graph_db_node_13/05_p0.45/05_graph_n13_p0.45_idx10.gpickle,13,0.45,10,4,17,57,"[3, 0, 8, 2, 1, 9, 7, 10, 11, 5, 6, 12, 4]",3.9682178
./random_graph_db/graph_db_node_13/05_p0.45/05_graph_n13_p0.45_idx2.gpickle,13,0.45,2,4,16,64,"[1, 8, 12, 2, 3, 10, 9, 5, 6, 11, 7, 0, 4]",4.0143342
./random_graph_db/graph_db_node_13/05_p0.45/05_graph_n13_p0.45_idx3.gpickle,13,0.45,3,4,13,56,"[8, 5, 0, 12, 4, 6, 11, 10, 2, 1, 3, 7, 9]",3.80673
./random_graph_db/graph_db_node_13/05_p0.45/05_graph_n13_p0.45_idx4.gpickle,13,0.45,4,4,16,67,"[8, 4, 0, 10, 3, 11, 5, 6, 9, 7, 12, 1, 2]",3.8291137
./random_graph_db/graph_db_node_13/05_p0.45/05_graph_n13_p0.45_idx5.gpickle,13,0.45,5,4,15,55,"[8, 4, 3, 5, 6, 2, 0, 9, 11, 10, 7, 1, 12]",3.908165
./random_graph_db/graph_db_node_13/05_p0.45/05_graph_n13_p0.45_idx6.gpickle,13,0.45,6,4,17,62,"[10, 6, 0, 1, 7, 11, 3, 4, 9, 5, 2, 12, 8]",3.8793342
./random_graph_db/graph_db_node_13/05_p0.45/05_graph_n13_p0.45_idx7.gpickle,13,0.45,7,4,21,64,"[10, 12, 9, 7, 2, 1, 5, 8, 3, 0, 4, 6, 11]",4.0295839
./random_graph_db/graph_db_node_13/05_p0.45/05_graph_n13_p0.45_idx8.gpickle,13,0.45,8,4,13,49,"[12, 0, 6, 7, 10, 1, 3, 11, 5, 9, 2, 4, 8]",3.790684
./random_graph_db/graph_db_node_13/05_p0.45/05_graph_n13_p0.45_idx9.gpickle,13,0.45,9,4,19,77,"[8, 12, 3, 1, 10, 7, 11, 9, 5, 2, 4, 6, 0]",3.9038711
./random_graph_db/graph_db_node_13/06_p0.5/06_graph_n13_p0.5_idx1.gpickle,13,0.5,1,4,19,74,"[11, 7, 9, 12, 5, 2, 8, 3, 0, 10, 1, 6, 4]",3.9203489
./random_graph_db/graph_db_node_13/06_p0.5/06_graph_n13_p0.5_idx10.gpickle,13,0.5,10,4,19,73,"[10, 11, 8, 7, 6, 1, 4, 12, 0, 2, 5, 9, 3]",3.9165342
./random_graph_db/graph_db_node_13/06_p0.5/06_graph_n13_p0.5_idx2.gpickle,13,0.5,2,4,20,76,"[1, 5, 12, 10, 11, 8, 4, 0, 7, 6, 3, 9, 2]",3.881444
./random_graph_db/graph_db_node_13/06_p0.5/06_graph_n13_p0.5_idx3.gpickle,13,0.5,3,4,21,68,"[2, 10, 7, 12, 8, 5, 1, 0, 4, 9, 3, 6, 11]",4.1401551
./random_graph_db/graph_db_node_13/06_p0.5/06_graph_n13_p0.5_idx4.gpickle,13,0.5,4,4,20,67,"[1, 3, 5, 0, 9, 8, 7, 12, 10, 4, 6, 11, 2]",3.9112508
./random_graph_db/graph_db_node_13/06_p0.5/06_graph_n13_p0.5_idx5.gpickle,13,0.5,5,4,21,66,"[9, 10, 4, 1, 8, 6, 11, 3, 2, 12, 5, 0, 7]",4.249619
./random_graph_db/graph_db_node_13/06_p0.5/06_graph_n13_p0.5_idx6.gpickle,13,0.5,6,4,17,58,"[10, 8, 7, 12, 3, 2, 0, 5, 4, 9, 1, 11, 6]",3.8988039
./random_graph_db/graph_db_node_13/06_p0.5/06_graph_n13_p0.5_idx7.gpickle,13,0.5,7,4,15,54,"[12, 4, 10, 1, 2, 11, 3, 8, 6, 7, 9, 5, 0]",3.921097
./random_graph_db/graph_db_node_13/06_p0.5/06_graph_n13_p0.5_idx8.gpickle,13,0.5,8,5,24,60,"[9, 0, 10, 8, 7, 6, 12, 4, 1, 5, 3, 2, 11]",4.1404362
./random_graph_db/graph_db_node_13/06_p0.5/06_graph_n13_p0.5_idx9.gpickle,13,0.5,9,4,22,78,"[3, 6, 8, 9, 4, 2, 0, 7, 10, 11, 1, 5, 12]",4.219228
./random_graph_db/graph_db_node_13/07_p0.55/07_graph_n13_p0.55_idx1.gpickle,13,0.55,1,4,18,65,"[9, 0, 6, 10, 11, 2, 1, 8, 3, 7, 5, 4, 12]",3.947561
./random_graph_db/graph_db_node_13/07_p0.55/07_graph_n13_p0.55_idx10.gpickle,13,0.55,10,4,20,73,"[1, 3, 5, 4, 2, 11, 9, 7, 12, 8, 6, 10, 0]",3.895252
./random_graph_db/graph_db_node_13/07_p0.55/07_graph_n13_p0.55_idx2.gpickle,13,0.55,2,4,23,69,"[10, 3, 0, 8, 1, 6, 2, 4, 7, 5, 9, 11, 12]",3.862241
./random_graph_db/graph_db_node_13/07_p0.55/07_graph_n13_p0.55_idx3.gpickle,13,0.55,3,4,22,68,"[3, 8, 10, 2, 9, 0, 5, 4, 1, 7, 11, 6, 12]",3.9998841
./random_graph_db/graph_db_node_13/07_p0.55/07_graph_n13_p0.55_idx4.gpickle,13,0.55,4,4,22,64,"[1, 6, 4, 8, 2, 5, 3, 7, 9, 0, 12, 11, 10]",3.9958432
./random_graph_db/graph_db_node_13/07_p0.55/07_graph_n13_p0.55_idx5.gpickle,13,0.55,5,4,17,64,"[0, 8, 6, 10, 11, 3, 1, 7, 9, 5, 12, 2, 4]",3.990099
./random_graph_db/graph_db_node_13/07_p0.55/07_graph_n13_p0.55_idx6.gpickle,13,0.55,6,4,19,68,"[3, 9, 2, 4, 5, 8, 6, 11, 1, 7, 0, 10, 12]",3.8543441
./random_graph_db/graph_db_node_13/07_p0.55/07_graph_n13_p0.55_idx7.gpickle,13,0.55,7,4,23,73,"[10, 7, 2, 0, 11, 12, 5, 4, 3, 6, 8, 1, 9]",3.9840319
./random_graph_db/graph_db_node_13/07_p0.55/07_graph_n13_p0.55_idx8.gpickle,13,0.55,8,4,15,55,"[0, 5, 11, 10, 12, 2, 6, 8, 3, 4, 9, 1, 7]",3.9222178
./random_graph_db/graph_db_node_13/07_p0.55/07_graph_n13_p0.55_idx9.gpickle,13,0.55,9,4,17,60,"[10, 3, 2, 8, 4, 1, 12, 9, 6, 11, 5, 7, 0]",4.1518741
./random_graph_db/graph_db_node_13/08_p0.6/08_graph_n13_p0.6_idx1.gpickle,13,0.6,1,4,21,71,"[0, 1, 4, 12, 2, 6, 9, 11, 7, 10, 5, 8, 3]",4.2724249
./random_graph_db/graph_db_node_13/08_p0.6/08_graph_n13_p0.6_idx10.gpickle,13,0.6,10,4,21,71,"[2, 9, 6, 8, 7, 4, 5, 11, 1, 3, 0, 12, 10]",3.8814061
./random_graph_db/graph_db_node_13/08_p0.6/08_graph_n13_p0.6_idx2.gpickle,13,0.6,2,3,12,35,"[6, 7, 10, 11, 5, 12, 4, 8, 1, 9, 3, 2, 0]",3.8330781
./random_graph_db/graph_db_node_13/08_p0.6/08_graph_n13_p0.6_idx3.gpickle,13,0.6,3,4,18,60,"[6, 8, 4, 2, 3, 0, 1, 11, 9, 7, 10, 5, 12]",4.060009
./random_graph_db/graph_db_node_13/08_p0.6/08_graph_n13_p0.6_idx4.gpickle,13,0.6,4,4,18,58,"[7, 4, 3, 8, 11, 10, 6, 9, 0, 1, 12, 5, 2]",3.9151871
./random_graph_db/graph_db_node_13/08_p0.6/08_graph_n13_p0.6_idx5.gpickle,13,0.6,5,4,15,47,"[6, 9, 4, 11, 2, 5, 3, 1, 7, 0, 8, 12, 10]",3.9593742
./random_graph_db/graph_db_node_13/08_p0.6/08_graph_n13_p0.6_idx6.gpickle,13,0.6,6,4,19,55,"[7, 6, 3, 0, 10, 12, 11, 2, 9, 5, 8, 4, 1]",3.9933689
./random_graph_db/graph_db_node_13/08_p0.6/08_graph_n13_p0.6_idx7.gpickle,13,0.6,7,4,21,65,"[7, 6, 10, 2, 5, 11, 8, 12, 9, 1, 4, 3, 0]",3.9547639
./random_graph_db/graph_db_node_13/08_p0.6/08_graph_n13_p0.6_idx8.gpickle,13,0.6,8,4,22,73,"[3, 6, 2, 5, 10, 11, 7, 8, 1, 4, 12, 9, 0]",3.9602113
./random_graph_db/graph_db_node_13/08_p0.6/08_graph_n13_p0.6_idx9.gpickle,13,0.6,9,4,18,63,"[6, 11, 7, 5, 1, 12, 9, 4, 2, 8, 0, 10, 3]",3.8584991
./random_graph_db/graph_db_node_13/09_p0.65/09_graph_n13_p0.65_idx1.gpickle,13,0.65,1,4,20,66,"[1, 7, 11, 0, 2, 8, 12, 10, 3, 5, 6, 4, 9]",4.0090919
./random_graph_db/graph_db_node_13/09_p0.65/09_graph_n13_p0.65_idx10.gpickle,13,0.65,10,4,22,80,"[11, 5, 0, 2, 10, 4, 12, 9, 1, 3, 7, 6, 8]",4.1830761
./random_graph_db/graph_db_node_13/09_p0.65/09_graph_n13_p0.65_idx2.gpickle,13,0.65,2,4,15,56,"[1, 0, 10, 7, 8, 5, 2, 4, 9, 12, 3, 11, 6]",3.8574941
./random_graph_db/graph_db_node_13/09_p0.65/09_graph_n13_p0.65_idx3.gpickle,13,0.65,3,4,22,79,"[4, 2, 5, 1, 0, 9, 11, 8, 10, 3, 12, 7, 6]",3.953891
./random_graph_db/graph_db_node_13/09_p0.65/09_graph_n13_p0.65_idx4.gpickle,13,0.65,4,4,21,71,"[11, 4, 0, 8, 1, 7, 5, 9, 10, 6, 12, 2, 3]",3.9319952
./random_graph_db/graph_db_node_13/09_p0.65/09_graph_n13_p0.65_idx5.gpickle,13,0.65,5,4,17,50,"[10, 8, 4, 0, 12, 3, 7, 1, 6, 5, 9, 11, 2]",4.2568951
./random_graph_db/graph_db_node_13/09_p0.65/09_graph_n13_p0.65_idx6.gpickle,13,0.65,6,4,19,71,"[11, 9, 4, 1, 0, 12, 6, 10, 3, 7, 5, 2, 8]",3.9159429
./random_graph_db/graph_db_node_13/09_p0.65/09_graph_n13_p0.65_idx7.gpickle,13,0.65,7,4,21,59,"[11, 12, 9, 3, 5, 7, 6, 0, 10, 2, 4, 1, 8]",3.9631844
./random_graph_db/graph_db_node_13/09_p0.65/09_graph_n13_p0.65_idx8.gpickle,13,0.65,8,4,16,66,"[12, 4, 1, 10, 3, 0, 7, 8, 5, 9, 2, 6, 11]",4.064137
./random_graph_db/graph_db_node_13/09_p0.65/09_graph_n13_p0.65_idx9.gpickle,13,0.65,9,4,15,45,"[12, 10, 1, 6, 8, 0, 3, 4, 7, 2, 11, 9, 5]",3.835578
./random_graph_db/graph_db_node_13/10_p0.7/10_graph_n13_p0.7_idx1.gpickle,13,0.7,1,3,13,49,"[1, 7, 4, 9, 0, 5, 12, 11, 2, 6, 3, 8, 10]",4.0879939
./random_graph_db/graph_db_node_13/10_p0.7/10_graph_n13_p0.7_idx10.gpickle,13,0.7,10,4,16,55,"[4, 3, 2, 6, 10, 5, 12, 11, 1, 9, 0, 7, 8]",3.9685991
./random_graph_db/graph_db_node_13/10_p0.7/10_graph_n13_p0.7_idx2.gpickle,13,0.7,2,4,21,75,"[1, 11, 5, 10, 4, 9, 12, 7, 8, 2, 0, 3, 6]",4.0125749
./random_graph_db/graph_db_node_13/10_p0.7/10_graph_n13_p0.7_idx3.gpickle,13,0.7,3,3,10,38,"[5, 6, 12, 7, 11, 4, 2, 9, 0, 1, 3, 8, 10]",3.6961219
./random_graph_db/graph_db_node_13/10_p0.7/10_graph_n13_p0.7_idx4.gpickle,13,0.7,4,4,19,74,"[0, 5, 11, 7, 4, 6, 10, 12, 3, 8, 1, 9, 2]",3.926456
./random_graph_db/graph_db_node_13/10_p0.7/10_graph_n13_p0.7_idx5.gpickle,13,0.7,5,4,21,81,"[5, 10, 6, 1, 8, 12, 2, 0, 11, 9, 7, 4, 3]",4.08693
./random_graph_db/graph_db_node_13/10_p0.7/10_graph_n13_p0.7_idx6.gpickle,13,0.7,6,4,15,45,"[11, 6, 0, 7, 4, 3, 12, 5, 9, 10, 8, 1, 2]",3.9486709
./random_graph_db/graph_db_node_13/10_p0.7/10_graph_n13_p0.7_idx7.gpickle,13,0.7,7,4,21,57,"[1, 10, 12, 3, 0, 5, 6, 2, 7, 4, 8, 11, 9]",3.9524658
./random_graph_db/graph_db_node_13/10_p0.7/10_graph_n13_p0.7_idx8.gpickle,13,0.7,8,4,20,67,"[10, 11, 6, 12, 1, 3, 4, 0, 8, 7, 9, 2, 5]",3.9525101
./random_graph_db/graph_db_node_13/10_p0.7/10_graph_n13_p0.7_idx9.gpickle,13,0.7,9,4,15,40,"[8, 10, 7, 1, 6, 2, 3, 4, 11, 9, 0, 12, 5]",3.9454501
./random_graph_db/graph_db_node_13/11_p0.8/11_graph_n13_p0.8_idx1.gpickle,13,0.8,1,3,6,24,"[5, 9, 3, 2, 1, 12, 10, 6, 7, 8, 4, 11, 0]",3.9979961
./random_graph_db/graph_db_node_13/11_p0.8/11_graph_n13_p0.8_idx10.gpickle,13,0.8,10,3,10,28,"[9, 0, 8, 10, 1, 11, 5, 2, 7, 12, 4, 6, 3]",3.8537309
./random_graph_db/graph_db_node_13/11_p0.8/11_graph_n13_p0.8_idx2.gpickle,13,0.8,2,3,9,45,"[0, 2, 6, 9, 12, 1, 5, 3, 4, 11, 7, 10, 8]",3.764642
./random_graph_db/graph_db_node_13/11_p0.8/11_graph_n13_p0.8_idx3.gpickle,13,0.8,3,3,11,33,"[9, 5, 1, 7, 2, 10, 12, 3, 8, 4, 11, 0, 6]",3.8628128
./random_graph_db/graph_db_node_13/11_p0.8/11_graph_n13_p0.8_idx4.gpickle,13,0.8,4,3,13,50,"[2, 9, 5, 1, 12, 11, 10, 4, 6, 3, 0, 8, 7]",4.1722062
./random_graph_db/graph_db_node_13/11_p0.8/11_graph_n13_p0.8_idx5.gpickle,13,0.8,5,3,7,32,"[9, 6, 3, 10, 1, 0, 5, 11, 2, 8, 4, 7, 12]",3.8528528
./random_graph_db/graph_db_node_13/11_p0.8/11_graph_n13_p0.8_idx6.gpickle,13,0.8,6,3,9,43,"[11, 4, 8, 5, 0, 9, 1, 7, 6, 3, 10, 12, 2]",3.7575021
./random_graph_db/graph_db_node_13/11_p0.8/11_graph_n13_p0.8_idx7.gpickle,13,0.8,7,3,8,35,"[10, 11, 8, 6, 1, 0, 9, 12, 5, 4, 2, 7, 3]",3.743609
./random_graph_db/graph_db_node_13/11_p0.8/11_graph_n13_p0.8_idx8.gpickle,13,0.8,8,3,8,47,"[6, 12, 8, 5, 3, 1, 0, 11, 7, 9, 10, 2, 4]",3.8585401
./random_graph_db/graph_db_node_13/11_p0.8/11_graph_n13_p0.8_idx9.gpickle,13,0.8,9,3,10,46,"[5, 12, 10, 0, 6, 11, 2, 4, 8, 1, 7, 9, 3]",3.9810967
./random_graph_db/graph_db_node_13/12_p0.9/12_graph_n13_p0.9_idx1.gpickle,13,0.9,1,2,4,27,"[2, 7, 8, 9, 5, 11, 4, 12, 0, 6, 1, 3, 10]",3.4712
./random_graph_db/graph_db_node_13/12_p0.9/12_graph_n13_p0.9_idx10.gpickle,13,0.9,10,3,9,35,"[2, 5, 12, 4, 0, 7, 8, 9, 10, 11, 3, 1, 6]",3.8931971
./random_graph_db/graph_db_node_13/12_p0.9/12_graph_n13_p0.9_idx2.gpickle,13,0.9,2,2,3,25,"[0, 6, 3, 8, 9, 4, 1, 12, 11, 5, 2, 7, 10]",3.5303411
./random_graph_db/graph_db_node_13/12_p0.9/12_graph_n13_p0.9_idx3.gpickle,13,0.9,3,3,12,49,"[3, 2, 1, 11, 6, 10, 9, 4, 12, 0, 7, 5, 8]",3.8128183
./random_graph_db/graph_db_node_13/12_p0.9/12_graph_n13_p0.9_idx4.gpickle,13,0.9,4,3,10,32,"[12, 7, 0, 9, 3, 11, 8, 6, 4, 1, 10, 2, 5]",3.8536069
./random_graph_db/graph_db_node_13/12_p0.9/12_graph_n13_p0.9_idx5.gpickle,13,0.9,5,2,5,38,"[1, 12, 5, 7, 6, 10, 3, 8, 4, 2, 9, 11, 0]",3.7154911
./random_graph_db/graph_db_node_13/12_p0.9/12_graph_n13_p0.9_idx6.gpickle,13,0.9,6,2,3,23,"[4, 0, 9, 8, 6, 10, 3, 11, 7, 5, 1, 12, 2]",3.828603
./random_graph_db/graph_db_node_13/12_p0.9/12_graph_n13_p0.9_idx7.gpickle,13,0.9,7,2,3,23,"[5, 10, 3, 1, 4, 2, 12, 9, 0, 6, 7, 11, 8]",3.5905669
./random_graph_db/graph_db_node_13/12_p0.9/12_graph_n13_p0.9_idx8.gpickle,13,0.9,8,2,3,23,"[12, 2, 11, 3, 9, 4, 7, 8, 10, 5, 1, 0, 6]",3.5562499
./random_graph_db/graph_db_node_13/12_p0.9/12_graph_n13_p0.9_idx9.gpickle,13,0.9,9,2,6,33,"[9, 0, 6, 8, 11, 4, 12, 2, 5, 1, 10, 3, 7]",3.8546228
./random_graph_db/graph_db_node_14/01_p0.1/01_graph_n14_p0.1_idx1.gpickle,14,0.1,1,2,4,25,"[13, 5, 4, 9, 7, 10, 12, 3, 8, 11, 1, 2, 0, 6]",3.9581089
./random_graph_db/graph_db_node_14/01_p0.1/01_graph_n14_p0.1_idx10.gpickle,14,0.1,10,2,5,21,"[11, 7, 10, 12, 9, 8, 5, 1, 3, 2, 0, 13, 4, 6]",4.043875
./random_graph_db/graph_db_node_14/01_p0.1/01_graph_n14_p0.1_idx2.gpickle,14,0.1,2,2,3,24,"[10, 11, 6, 0, 5, 7, 9, 8, 1, 4, 12, 2, 3, 13]",3.871593
./random_graph_db/graph_db_node_14/01_p0.1/01_graph_n14_p0.1_idx3.gpickle,14,0.1,3,2,2,18,"[6, 9, 3, 4, 5, 0, 2, 10, 13, 1, 12, 8, 11, 7]",3.844805
./random_graph_db/graph_db_node_14/01_p0.1/01_graph_n14_p0.1_idx4.gpickle,14,0.1,4,2,3,23,"[4, 6, 5, 1, 3, 13, 9, 2, 8, 7, 11, 10, 0, 12]",4.074441
./random_graph_db/graph_db_node_14/01_p0.1/01_graph_n14_p0.1_idx5.gpickle,14,0.1,5,2,1,17,"[4, 13, 11, 0, 1, 2, 3, 8, 9, 5, 12, 6, 7, 10]",3.887049
./random_graph_db/graph_db_node_14/01_p0.1/01_graph_n14_p0.1_idx6.gpickle,14,0.1,6,2,2,18,"[8, 5, 12, 10, 13, 3, 9, 0, 11, 4, 2, 6, 1, 7]",9.0398629
./random_graph_db/graph_db_node_14/01_p0.1/01_graph_n14_p0.1_idx7.gpickle,14,0.1,7,2,3,19,"[9, 13, 3, 1, 2, 4, 7, 11, 12, 5, 6, 8, 10, 0]",3.997525
./random_graph_db/graph_db_node_14/01_p0.1/01_graph_n14_p0.1_idx8.gpickle,14,0.1,8,3,7,33,"[11, 5, 9, 0, 3, 8, 2, 4, 6, 10, 13, 12, 1, 7]",4.3621969
./random_graph_db/graph_db_node_14/01_p0.1/01_graph_n14_p0.1_idx9.gpickle,14,0.1,9,3,7,32,"[4, 5, 2, 7, 9, 3, 11, 12, 13, 1, 10, 6, 0, 8]",4.0668459
./random_graph_db/graph_db_node_14/02_p0.2/02_graph_n14_p0.2_idx1.gpickle,14,0.2,1,3,8,38,"[12, 9, 5, 1, 13, 8, 4, 11, 7, 6, 2, 0, 10, 3]",4.4377012
./random_graph_db/graph_db_node_14/02_p0.2/02_graph_n14_p0.2_idx10.gpickle,14,0.2,10,3,9,38,"[4, 3, 2, 9, 7, 6, 5, 11, 12, 8, 0, 13, 1, 10]",4.0534039
./random_graph_db/graph_db_node_14/02_p0.2/02_graph_n14_p0.2_idx2.gpickle,14,0.2,2,3,7,28,"[8, 2, 3, 6, 1, 7, 0, 13, 9, 12, 5, 10, 11, 4]",4.13867
./random_graph_db/graph_db_node_14/02_p0.2/02_graph_n14_p0.2_idx3.gpickle,14,0.2,3,2,3,23,"[11, 0, 13, 7, 2, 4, 8, 3, 12, 1, 6, 10, 9, 5]",3.9509211
./random_graph_db/graph_db_node_14/02_p0.2/02_graph_n14_p0.2_idx4.gpickle,14,0.2,4,3,10,47,"[10, 3, 13, 1, 0, 8, 6, 11, 2, 7, 5, 4, 9, 12]",4.3754621
./random_graph_db/graph_db_node_14/02_p0.2/02_graph_n14_p0.2_idx5.gpickle,14,0.2,5,3,10,48,"[8, 13, 4, 12, 5, 3, 2, 11, 10, 9, 6, 1, 7, 0]",4.0936899
./random_graph_db/graph_db_node_14/02_p0.2/02_graph_n14_p0.2_idx6.gpickle,14,0.2,6,3,7,26,"[5, 0, 7, 6, 1, 11, 12, 13, 2, 8, 10, 3, 4, 9]",4.0380843
./random_graph_db/graph_db_node_14/02_p0.2/02_graph_n14_p0.2_idx7.gpickle,14,0.2,7,2,3,21,"[13, 2, 10, 6, 4, 1, 0, 3, 11, 8, 5, 7, 9, 12]",3.9848189
./random_graph_db/graph_db_node_14/02_p0.2/02_graph_n14_p0.2_idx8.gpickle,14,0.2,8,3,9,37,"[2, 0, 10, 13, 3, 1, 9, 4, 12, 8, 11, 5, 6, 7]",4.1293538
./random_graph_db/graph_db_node_14/02_p0.2/02_graph_n14_p0.2_idx9.gpickle,14,0.2,9,3,12,47,"[5, 12, 11, 3, 10, 2, 6, 7, 9, 0, 13, 1, 4, 8]",4.2878489
./random_graph_db/graph_db_node_14/03_p0.3/03_graph_n14_p0.3_idx1.gpickle,14,0.3,1,4,18,54,"[9, 1, 3, 8, 6, 0, 12, 10, 2, 5, 13, 7, 4, 11]",4.2918191
./random_graph_db/graph_db_node_14/03_p0.3/03_graph_n14_p0.3_idx10.gpickle,14,0.3,10,4,24,86,"[0, 10, 2, 12, 5, 7, 8, 6, 3, 4, 1, 13, 9, 11]",4.294286
./random_graph_db/graph_db_node_14/03_p0.3/03_graph_n14_p0.3_idx2.gpickle,14,0.3,2,3,7,35,"[7, 0, 8, 13, 3, 6, 11, 5, 2, 4, 12, 9, 1, 10]",4.007766
./random_graph_db/graph_db_node_14/03_p0.3/03_graph_n14_p0.3_idx3.gpickle,14,0.3,3,3,11,51,"[8, 10, 3, 5, 9, 11, 1, 4, 0, 2, 12, 13, 6, 7]",4.2043459
./random_graph_db/graph_db_node_14/03_p0.3/03_graph_n14_p0.3_idx4.gpickle,14,0.3,4,4,18,58,"[5, 13, 8, 10, 12, 3, 1, 0, 2, 4, 6, 7, 11, 9]",4.7014956
./random_graph_db/graph_db_node_14/03_p0.3/03_graph_n14_p0.3_idx5.gpickle,14,0.3,5,4,17,60,"[2, 4, 0, 1, 13, 11, 12, 3, 5, 7, 9, 10, 8, 6]",4.4423609
./random_graph_db/graph_db_node_14/03_p0.3/03_graph_n14_p0.3_idx6.gpickle,14,0.3,6,3,13,40,"[8, 13, 3, 9, 0, 1, 12, 5, 4, 2, 10, 6, 11, 7]",4.3178864
./random_graph_db/graph_db_node_14/03_p0.3/03_graph_n14_p0.3_idx7.gpickle,14,0.3,7,3,10,39,"[0, 6, 13, 2, 12, 11, 1, 10, 7, 9, 3, 8, 5, 4]",4.25109
./random_graph_db/graph_db_node_14/03_p0.3/03_graph_n14_p0.3_idx8.gpickle,14,0.3,8,4,13,52,"[3, 12, 10, 9, 1, 6, 0, 5, 11, 13, 8, 2, 7, 4]",4.411916
./random_graph_db/graph_db_node_14/03_p0.3/03_graph_n14_p0.3_idx9.gpickle,14,0.3,9,5,25,66,"[5, 6, 4, 9, 1, 8, 12, 3, 2, 10, 11, 7, 0, 13]",4.6455219
./random_graph_db/graph_db_node_14/04_p0.4/04_graph_n14_p0.4_idx1.gpickle,14,0.4,1,4,22,70,"[13, 7, 6, 1, 0, 9, 5, 11, 8, 3, 10, 12, 4, 2]",4.3525398
./random_graph_db/graph_db_node_14/04_p0.4/04_graph_n14_p0.4_idx10.gpickle,14,0.4,10,5,22,64,"[13, 8, 4, 11, 12, 7, 6, 1, 3, 9, 2, 5, 0, 10]",4.531508
./random_graph_db/graph_db_node_14/04_p0.4/04_graph_n14_p0.4_idx2.gpickle,14,0.4,2,4,24,81,"[2, 7, 10, 12, 1, 13, 0, 6, 11, 4, 5, 8, 9, 3]",4.3725259
./random_graph_db/graph_db_node_14/04_p0.4/04_graph_n14_p0.4_idx3.gpickle,14,0.4,3,4,24,85,"[6, 0, 8, 4, 11, 3, 10, 13, 2, 1, 9, 12, 7, 5]",4.5434089
./random_graph_db/graph_db_node_14/04_p0.4/04_graph_n14_p0.4_idx4.gpickle,14,0.4,4,4,22,83,"[7, 8, 2, 3, 12, 11, 5, 10, 6, 9, 0, 1, 4, 13]",4.388983
./random_graph_db/graph_db_node_14/04_p0.4/04_graph_n14_p0.4_idx5.gpickle,14,0.4,5,4,24,77,"[9, 1, 10, 4, 13, 0, 8, 12, 11, 6, 7, 2, 3, 5]",4.3809161
./random_graph_db/graph_db_node_14/04_p0.4/04_graph_n14_p0.4_idx6.gpickle,14,0.4,6,4,21,77,"[9, 3, 1, 0, 6, 5, 11, 2, 4, 12, 8, 10, 13, 7]",4.4138801
./random_graph_db/graph_db_node_14/04_p0.4/04_graph_n14_p0.4_idx7.gpickle,14,0.4,7,4,21,66,"[4, 1, 5, 7, 2, 12, 9, 3, 11, 13, 10, 0, 6, 8]",4.30878
./random_graph_db/graph_db_node_14/04_p0.4/04_graph_n14_p0.4_idx8.gpickle,14,0.4,8,4,17,64,"[1, 2, 6, 0, 8, 4, 11, 10, 12, 7, 3, 13, 9, 5]",4.7614172
./random_graph_db/graph_db_node_14/04_p0.4/04_graph_n14_p0.4_idx9.gpickle,14,0.4,9,4,18,61,"[13, 0, 11, 7, 10, 1, 2, 8, 12, 3, 5, 4, 6, 9]",4.364718
./random_graph_db/graph_db_node_14/05_p0.45/05_graph_n14_p0.45_idx1.gpickle,14,0.45,1,4,25,81,"[8, 11, 2, 7, 13, 9, 1, 3, 4, 10, 6, 0, 12, 5]",4.3955371
./random_graph_db/graph_db_node_14/05_p0.45/05_graph_n14_p0.45_idx10.gpickle,14,0.45,10,4,18,66,"[4, 0, 7, 2, 13, 8, 11, 1, 12, 6, 10, 9, 5, 3]",4.33128
./random_graph_db/graph_db_node_14/05_p0.45/05_graph_n14_p0.45_idx2.gpickle,14,0.45,2,5,27,83,"[7, 10, 5, 1, 11, 6, 2, 12, 9, 0, 3, 13, 8, 4]",4.4905977
./random_graph_db/graph_db_node_14/05_p0.45/05_graph_n14_p0.45_idx3.gpickle,14,0.45,3,4,22,69,"[10, 2, 1, 6, 0, 12, 9, 8, 7, 5, 13, 4, 3, 11]",4.491904
./random_graph_db/graph_db_node_14/05_p0.45/05_graph_n14_p0.45_idx4.gpickle,14,0.45,4,4,19,70,"[8, 0, 10, 12, 7, 11, 1, 2, 3, 4, 6, 9, 5, 13]",4.2719791
./random_graph_db/graph_db_node_14/05_p0.45/05_graph_n14_p0.45_idx5.gpickle,14,0.45,5,5,22,77,"[9, 2, 4, 7, 11, 3, 0, 1, 12, 10, 6, 13, 8, 5]",4.463125
./random_graph_db/graph_db_node_14/05_p0.45/05_graph_n14_p0.45_idx6.gpickle,14,0.45,6,5,29,80,"[10, 8, 3, 7, 9, 4, 0, 1, 12, 13, 5, 11, 6, 2]",4.508127
./random_graph_db/graph_db_node_14/05_p0.45/05_graph_n14_p0.45_idx7.gpickle,14,0.45,7,3,11,56,"[6, 8, 10, 11, 0, 3, 4, 1, 7, 2, 12, 13, 5, 9]",4.7050102
./random_graph_db/graph_db_node_14/05_p0.45/05_graph_n14_p0.45_idx8.gpickle,14,0.45,8,4,18,56,"[1, 9, 2, 5, 8, 3, 13, 10, 7, 4, 6, 11, 12, 0]",6.2558489
./random_graph_db/graph_db_node_14/05_p0.45/05_graph_n14_p0.45_idx9.gpickle,14,0.45,9,4,16,61,"[9, 12, 11, 6, 4, 2, 8, 7, 5, 3, 1, 13, 10, 0]",6.85026
./random_graph_db/graph_db_node_14/06_p0.5/06_graph_n14_p0.5_idx1.gpickle,14,0.5,1,4,23,67,"[0, 2, 9, 8, 11, 6, 1, 5, 4, 13, 7, 10, 3, 12]",5.0570478
./random_graph_db/graph_db_node_14/06_p0.5/06_graph_n14_p0.5_idx10.gpickle,14,0.5,10,5,30,75,"[10, 8, 12, 5, 6, 7, 1, 9, 2, 3, 0, 13, 11, 4]",4.731611
./random_graph_db/graph_db_node_14/06_p0.5/06_graph_n14_p0.5_idx2.gpickle,14,0.5,2,4,24,76,"[12, 7, 3, 13, 6, 8, 1, 9, 2, 4, 0, 5, 11, 10]",4.5675681
./random_graph_db/graph_db_node_14/06_p0.5/06_graph_n14_p0.5_idx3.gpickle,14,0.5,3,4,20,76,"[1, 2, 6, 4, 3, 13, 11, 5, 8, 9, 7, 0, 10, 12]",4.9195108
./random_graph_db/graph_db_node_14/06_p0.5/06_graph_n14_p0.5_idx4.gpickle,14,0.5,4,4,23,89,"[7, 2, 12, 11, 1, 4, 5, 10, 13, 8, 3, 6, 0, 9]",4.8014021
./random_graph_db/graph_db_node_14/06_p0.5/06_graph_n14_p0.5_idx5.gpickle,14,0.5,5,4,25,79,"[6, 8, 7, 10, 13, 5, 1, 0, 11, 9, 4, 3, 12, 2]",4.5629261
./random_graph_db/graph_db_node_14/06_p0.5/06_graph_n14_p0.5_idx6.gpickle,14,0.5,6,4,17,73,"[4, 5, 1, 8, 7, 13, 6, 12, 2, 9, 3, 10, 11, 0]",4.5039601
./random_graph_db/graph_db_node_14/06_p0.5/06_graph_n14_p0.5_idx7.gpickle,14,0.5,7,5,29,82,"[12, 13, 0, 2, 3, 4, 9, 6, 1, 5, 11, 10, 8, 7]",4.6515431
./random_graph_db/graph_db_node_14/06_p0.5/06_graph_n14_p0.5_idx8.gpickle,14,0.5,8,4,25,71,"[1, 7, 0, 12, 8, 13, 2, 11, 3, 4, 10, 9, 6, 5]",4.691124
./random_graph_db/graph_db_node_14/06_p0.5/06_graph_n14_p0.5_idx9.gpickle,14,0.5,9,4,16,64,"[11, 13, 9, 0, 1, 12, 6, 7, 4, 2, 5, 10, 8, 3]",4.477865
./random_graph_db/graph_db_node_14/07_p0.55/07_graph_n14_p0.55_idx1.gpickle,14,0.55,1,4,23,84,"[5, 12, 11, 13, 9, 7, 1, 2, 3, 4, 0, 10, 6, 8]",4.477381
./random_graph_db/graph_db_node_14/07_p0.55/07_graph_n14_p0.55_idx10.gpickle,14,0.55,10,4,18,73,"[6, 1, 4, 5, 13, 8, 10, 11, 7, 12, 0, 9, 3, 2]",4.4093838
./random_graph_db/graph_db_node_14/07_p0.55/07_graph_n14_p0.55_idx2.gpickle,14,0.55,2,5,26,70,"[13, 11, 3, 12, 0, 9, 1, 2, 8, 5, 6, 10, 7, 4]",4.795413
./random_graph_db/graph_db_node_14/07_p0.55/07_graph_n14_p0.55_idx3.gpickle,14,0.55,3,4,16,66,"[2, 3, 7, 4, 0, 11, 1, 5, 8, 10, 9, 13, 12, 6]",4.5852411
./random_graph_db/graph_db_node_14/07_p0.55/07_graph_n14_p0.55_idx4.gpickle,14,0.55,4,4,16,63,"[13, 8, 4, 2, 1, 9, 5, 10, 7, 3, 6, 0, 11, 12]",4.3323307
./random_graph_db/graph_db_node_14/07_p0.55/07_graph_n14_p0.55_idx5.gpickle,14,0.55,5,4,19,67,"[5, 6, 8, 3, 4, 7, 12, 0, 2, 10, 13, 1, 9, 11]",4.4593499
./random_graph_db/graph_db_node_14/07_p0.55/07_graph_n14_p0.55_idx6.gpickle,14,0.55,6,5,24,82,"[3, 10, 4, 2, 13, 0, 8, 5, 7, 11, 12, 1, 9, 6]",4.6458943
./random_graph_db/graph_db_node_14/07_p0.55/07_graph_n14_p0.55_idx7.gpickle,14,0.55,7,4,20,70,"[3, 4, 12, 10, 8, 6, 9, 1, 7, 0, 5, 13, 2, 11]",4.376478
./random_graph_db/graph_db_node_14/07_p0.55/07_graph_n14_p0.55_idx8.gpickle,14,0.55,8,5,28,79,"[12, 0, 3, 6, 13, 9, 2, 7, 5, 11, 4, 10, 1, 8]",4.7311809
./random_graph_db/graph_db_node_14/07_p0.55/07_graph_n14_p0.55_idx9.gpickle,14,0.55,9,4,25,92,"[3, 2, 5, 6, 10, 1, 11, 0, 4, 7, 8, 13, 9, 12]",4.4292641
./random_graph_db/graph_db_node_14/08_p0.6/08_graph_n14_p0.6_idx1.gpickle,14,0.6,1,4,22,64,"[11, 6, 0, 10, 5, 9, 7, 8, 3, 4, 2, 1, 12, 13]",4.414217
./random_graph_db/graph_db_node_14/08_p0.6/08_graph_n14_p0.6_idx10.gpickle,14,0.6,10,5,20,66,"[1, 2, 12, 4, 7, 0, 5, 11, 8, 3, 9, 13, 10, 6]",4.5268271
./random_graph_db/graph_db_node_14/08_p0.6/08_graph_n14_p0.6_idx2.gpickle,14,0.6,2,4,25,78,"[1, 2, 9, 4, 3, 8, 10, 12, 5, 0, 6, 11, 7, 13]",4.4237959
./random_graph_db/graph_db_node_14/08_p0.6/08_graph_n14_p0.6_idx3.gpickle,14,0.6,3,4,18,81,"[7, 2, 5, 8, 12, 4, 9, 10, 3, 1, 13, 6, 11, 0]",4.4338529
./random_graph_db/graph_db_node_14/08_p0.6/08_graph_n14_p0.6_idx4.gpickle,14,0.6,4,4,19,59,"[0, 11, 2, 10, 8, 6, 9, 3, 1, 12, 5, 4, 7, 13]",4.3608208
./random_graph_db/graph_db_node_14/08_p0.6/08_graph_n14_p0.6_idx5.gpickle,14,0.6,5,4,24,71,"[13, 11, 2, 9, 1, 5, 7, 4, 0, 12, 3, 10, 8, 6]",4.3848982
./random_graph_db/graph_db_node_14/08_p0.6/08_graph_n14_p0.6_idx6.gpickle,14,0.6,6,4,23,74,"[4, 5, 13, 7, 0, 9, 12, 1, 3, 2, 8, 11, 6, 10]",4.8171542
./random_graph_db/graph_db_node_14/08_p0.6/08_graph_n14_p0.6_idx7.gpickle,14,0.6,7,5,32,95,"[6, 3, 11, 7, 1, 0, 8, 5, 4, 12, 9, 2, 13, 10]",4.6301782
./random_graph_db/graph_db_node_14/08_p0.6/08_graph_n14_p0.6_idx8.gpickle,14,0.6,8,4,20,72,"[11, 4, 12, 9, 7, 8, 0, 13, 5, 2, 10, 6, 3, 1]",4.3348632
./random_graph_db/graph_db_node_14/08_p0.6/08_graph_n14_p0.6_idx9.gpickle,14,0.6,9,4,17,78,"[12, 1, 0, 2, 5, 6, 10, 3, 11, 9, 13, 7, 4, 8]",4.5187581
./random_graph_db/graph_db_node_14/09_p0.65/09_graph_n14_p0.65_idx1.gpickle,14,0.65,1,4,22,77,"[13, 0, 8, 3, 12, 1, 4, 11, 5, 2, 10, 9, 6, 7]",4.3531063
./random_graph_db/graph_db_node_14/09_p0.65/09_graph_n14_p0.65_idx10.gpickle,14,0.65,10,4,18,61,"[9, 8, 2, 12, 3, 6, 7, 4, 5, 11, 0, 13, 10, 1]",4.6100168
./random_graph_db/graph_db_node_14/09_p0.65/09_graph_n14_p0.65_idx2.gpickle,14,0.65,2,4,16,62,"[9, 2, 7, 8, 0, 4, 1, 5, 11, 12, 13, 6, 10, 3]",4.3460851
./random_graph_db/graph_db_node_14/09_p0.65/09_graph_n14_p0.65_idx3.gpickle,14,0.65,3,4,26,87,"[13, 9, 12, 1, 10, 8, 5, 4, 7, 2, 11, 3, 6, 0]",4.4434397
./random_graph_db/graph_db_node_14/09_p0.65/09_graph_n14_p0.65_idx4.gpickle,14,0.65,4,4,15,58,"[12, 0, 4, 10, 3, 13, 6, 9, 8, 5, 2, 11, 7, 1]",4.3499582
./random_graph_db/graph_db_node_14/09_p0.65/09_graph_n14_p0.65_idx5.gpickle,14,0.65,5,4,21,76,"[4, 10, 0, 2, 5, 1, 3, 6, 8, 11, 12, 9, 13, 7]",4.5175071
./random_graph_db/graph_db_node_14/09_p0.65/09_graph_n14_p0.65_idx6.gpickle,14,0.65,6,5,28,92,"[6, 12, 1, 4, 8, 5, 0, 13, 7, 11, 2, 10, 3, 9]",4.688544
./random_graph_db/graph_db_node_14/09_p0.65/09_graph_n14_p0.65_idx7.gpickle,14,0.65,7,5,27,83,"[13, 5, 8, 6, 10, 7, 2, 12, 9, 0, 4, 11, 3, 1]",4.4124961
./random_graph_db/graph_db_node_14/09_p0.65/09_graph_n14_p0.65_idx8.gpickle,14,0.65,8,4,22,69,"[2, 5, 13, 1, 11, 10, 7, 8, 12, 4, 6, 0, 3, 9]",4.4045699
./random_graph_db/graph_db_node_14/09_p0.65/09_graph_n14_p0.65_idx9.gpickle,14,0.65,9,4,21,75,"[11, 8, 10, 0, 3, 5, 7, 2, 6, 9, 1, 12, 4, 13]",4.3946393
./random_graph_db/graph_db_node_14/10_p0.7/10_graph_n14_p0.7_idx1.gpickle,14,0.7,1,4,14,46,"[7, 8, 11, 1, 4, 5, 9, 6, 13, 0, 2, 12, 10, 3]",4.6950758
./random_graph_db/graph_db_node_14/10_p0.7/10_graph_n14_p0.7_idx10.gpickle,14,0.7,10,4,20,71,"[3, 8, 9, 4, 2, 11, 13, 6, 1, 0, 12, 10, 7, 5]",4.4065323
./random_graph_db/graph_db_node_14/10_p0.7/10_graph_n14_p0.7_idx2.gpickle,14,0.7,2,5,30,102,"[6, 4, 1, 11, 5, 7, 10, 13, 8, 0, 3, 12, 9, 2]",4.4483063
./random_graph_db/graph_db_node_14/10_p0.7/10_graph_n14_p0.7_idx3.gpickle,14,0.7,3,4,16,57,"[3, 5, 7, 10, 12, 11, 8, 9, 2, 4, 13, 0, 6, 1]",4.3502142
./random_graph_db/graph_db_node_14/10_p0.7/10_graph_n14_p0.7_idx4.gpickle,14,0.7,4,4,20,74,"[8, 10, 3, 11, 7, 0, 9, 2, 4, 13, 5, 12, 6, 1]",4.474915
./random_graph_db/graph_db_node_14/10_p0.7/10_graph_n14_p0.7_idx5.gpickle,14,0.7,5,4,21,79,"[8, 4, 2, 3, 11, 12, 6, 1, 9, 10, 7, 13, 5, 0]",4.3379352
./random_graph_db/graph_db_node_14/10_p0.7/10_graph_n14_p0.7_idx6.gpickle,14,0.7,6,4,19,72,"[3, 6, 5, 2, 12, 1, 11, 10, 0, 7, 4, 8, 9, 13]",4.3251059
./random_graph_db/graph_db_node_14/10_p0.7/10_graph_n14_p0.7_idx7.gpickle,14,0.7,7,4,24,76,"[9, 2, 4, 6, 0, 10, 13, 11, 5, 7, 3, 1, 12, 8]",4.4163752
./random_graph_db/graph_db_node_14/10_p0.7/10_graph_n14_p0.7_idx8.gpickle,14,0.7,8,4,21,73,"[6, 0, 11, 4, 1, 13, 2, 7, 10, 5, 12, 9, 3, 8]",4.485234
./random_graph_db/graph_db_node_14/10_p0.7/10_graph_n14_p0.7_idx9.gpickle,14,0.7,9,4,23,77,"[7, 5, 12, 3, 1, 11, 9, 4, 6, 2, 8, 10, 0, 13]",4.57828
./random_graph_db/graph_db_node_14/11_p0.8/11_graph_n14_p0.8_idx1.gpickle,14,0.8,1,3,11,37,"[3, 6, 13, 2, 10, 11, 0, 5, 7, 4, 1, 8, 12, 9]",4.2064798
./random_graph_db/graph_db_node_14/11_p0.8/11_graph_n14_p0.8_idx10.gpickle,14,0.8,10,3,13,47,"[7, 9, 4, 0, 8, 1, 10, 3, 6, 12, 11, 2, 13, 5]",4.267529
./random_graph_db/graph_db_node_14/11_p0.8/11_graph_n14_p0.8_idx2.gpickle,14,0.8,2,3,9,38,"[5, 1, 10, 4, 3, 12, 9, 2, 6, 8, 0, 13, 11, 7]",4.1316111
./random_graph_db/graph_db_node_14/11_p0.8/11_graph_n14_p0.8_idx3.gpickle,14,0.8,3,3,13,45,"[5, 13, 8, 11, 6, 4, 7, 3, 2, 1, 0, 12, 10, 9]",4.4708748
./random_graph_db/graph_db_node_14/11_p0.8/11_graph_n14_p0.8_idx4.gpickle,14,0.8,4,4,21,69,"[8, 0, 10, 11, 9, 5, 7, 1, 4, 3, 13, 2, 12, 6]",4.5075541
./random_graph_db/graph_db_node_14/11_p0.8/11_graph_n14_p0.8_idx5.gpickle,14,0.8,5,4,20,50,"[6, 7, 2, 9, 10, 1, 11, 4, 0, 3, 5, 8, 13, 12]",5.1280782
./random_graph_db/graph_db_node_14/11_p0.8/11_graph_n14_p0.8_idx6.gpickle,14,0.8,6,3,9,38,"[8, 1, 6, 2, 13, 0, 5, 3, 7, 4, 11, 12, 9, 10]",4.3030279
./random_graph_db/graph_db_node_14/11_p0.8/11_graph_n14_p0.8_idx7.gpickle,14,0.8,7,3,9,28,"[5, 9, 10, 3, 4, 2, 0, 7, 8, 1, 11, 12, 6, 13]",4.5931089
./random_graph_db/graph_db_node_14/11_p0.8/11_graph_n14_p0.8_idx8.gpickle,14,0.8,8,4,16,52,"[8, 7, 4, 11, 10, 6, 1, 13, 5, 9, 0, 12, 2, 3]",4.3386791
./random_graph_db/graph_db_node_14/11_p0.8/11_graph_n14_p0.8_idx9.gpickle,14,0.8,9,3,10,52,"[8, 2, 6, 5, 12, 9, 11, 0, 13, 4, 1, 10, 7, 3]",4.3008862
./random_graph_db/graph_db_node_14/12_p0.9/12_graph_n14_p0.9_idx1.gpickle,14,0.9,1,2,4,27,"[3, 4, 7, 12, 0, 8, 13, 6, 10, 5, 11, 2, 9, 1]",3.9553962
./random_graph_db/graph_db_node_14/12_p0.9/12_graph_n14_p0.9_idx10.gpickle,14,0.9,10,2,5,28,"[1, 4, 6, 8, 10, 2, 3, 13, 7, 5, 9, 11, 0, 12]",4.07429
./random_graph_db/graph_db_node_14/12_p0.9/12_graph_n14_p0.9_idx2.gpickle,14,0.9,2,2,2,20,"[9, 0, 6, 7, 5, 11, 12, 10, 3, 13, 2, 4, 1, 8]",4.0347421
./random_graph_db/graph_db_node_14/12_p0.9/12_graph_n14_p0.9_idx3.gpickle,14,0.9,3,3,11,49,"[9, 13, 0, 1, 2, 8, 10, 7, 4, 12, 3, 5, 6, 11]",4.301971
./random_graph_db/graph_db_node_14/12_p0.9/12_graph_n14_p0.9_idx4.gpickle,14,0.9,4,3,11,48,"[4, 5, 2, 3, 6, 11, 7, 8, 13, 9, 0, 1, 12, 10]",4.23631
./random_graph_db/graph_db_node_14/12_p0.9/12_graph_n14_p0.9_idx5.gpickle,14,0.9,5,2,5,27,"[1, 6, 4, 7, 9, 0, 12, 8, 3, 5, 10, 13, 11, 2]",4.1813672
./random_graph_db/graph_db_node_14/12_p0.9/12_graph_n14_p0.9_idx6.gpickle,14,0.9,6,2,2,21,"[12, 6, 10, 3, 2, 9, 11, 8, 1, 7, 5, 0, 13, 4]",3.856652
./random_graph_db/graph_db_node_14/12_p0.9/12_graph_n14_p0.9_idx7.gpickle,14,0.9,7,2,6,34,"[1, 3, 11, 2, 8, 9, 0, 13, 4, 5, 10, 6, 7, 12]",4.2399209
./random_graph_db/graph_db_node_14/12_p0.9/12_graph_n14_p0.9_idx8.gpickle,14,0.9,8,3,7,33,"[4, 11, 7, 0, 1, 5, 2, 10, 12, 6, 9, 3, 8, 13]",4.1786182
./random_graph_db/graph_db_node_14/12_p0.9/12_graph_n14_p0.9_idx9.gpickle,14,0.9,9,3,10,36,"[6, 12, 1, 10, 2, 5, 3, 7, 4, 11, 9, 13, 8, 0]",4.2393827
./random_graph_db/graph_db_node_15/01_p0.1/01_graph_n15_p0.1_idx1.gpickle,15,0.1,1,2,3,20,"[6, 13, 14, 1, 7, 10, 9, 11, 12, 2, 3, 8, 5, 4, 0]",4.3231769
./random_graph_db/graph_db_node_15/01_p0.1/01_graph_n15_p0.1_idx10.gpickle,15,0.1,10,3,8,38,"[10, 8, 1, 7, 0, 13, 6, 4, 11, 2, 5, 12, 9, 3, 14]",4.4952741
./random_graph_db/graph_db_node_15/01_p0.1/01_graph_n15_p0.1_idx2.gpickle,15,0.1,2,2,3,22,"[13, 2, 11, 8, 12, 3, 0, 10, 6, 7, 1, 5, 9, 14, 4]",4.488462
./random_graph_db/graph_db_node_15/01_p0.1/01_graph_n15_p0.1_idx3.gpickle,15,0.1,3,2,4,23,"[5, 1, 0, 8, 14, 10, 9, 4, 13, 12, 3, 7, 11, 6, 2]",4.3251278
./random_graph_db/graph_db_node_15/01_p0.1/01_graph_n15_p0.1_idx4.gpickle,15,0.1,4,1,0,16,"[7, 8, 9, 11, 3, 2, 0, 1, 10, 6, 14, 4, 13, 5, 12]",4.1712499
./random_graph_db/graph_db_node_15/01_p0.1/01_graph_n15_p0.1_idx5.gpickle,15,0.1,5,2,4,32,"[6, 9, 1, 0, 10, 14, 3, 8, 4, 2, 7, 13, 12, 5, 11]",4.5711639
./random_graph_db/graph_db_node_15/01_p0.1/01_graph_n15_p0.1_idx6.gpickle,15,0.1,6,2,3,22,"[14, 13, 5, 7, 4, 12, 2, 8, 9, 1, 11, 0, 10, 6, 3]",4.5366442
./random_graph_db/graph_db_node_15/01_p0.1/01_graph_n15_p0.1_idx7.gpickle,15,0.1,7,3,6,30,"[14, 13, 1, 3, 6, 12, 2, 11, 10, 0, 5, 4, 7, 8, 9]",4.4533682
./random_graph_db/graph_db_node_15/01_p0.1/01_graph_n15_p0.1_idx8.gpickle,15,0.1,8,2,2,24,"[4, 5, 11, 2, 10, 13, 1, 6, 8, 7, 3, 0, 9, 12, 14]",4.2303739
./random_graph_db/graph_db_node_15/01_p0.1/01_graph_n15_p0.1_idx9.gpickle,15,0.1,9,2,3,22,"[7, 12, 1, 6, 3, 5, 8, 10, 9, 4, 2, 13, 11, 14, 0]",4.3011861
./random_graph_db/graph_db_node_15/02_p0.2/02_graph_n15_p0.2_idx1.gpickle,15,0.2,1,3,11,40,"[4, 7, 12, 5, 9, 0, 11, 3, 10, 2, 13, 8, 6, 1, 14]",4.5699379
./random_graph_db/graph_db_node_15/02_p0.2/02_graph_n15_p0.2_idx10.gpickle,15,0.2,10,3,9,32,"[5, 8, 11, 3, 13, 14, 12, 4, 9, 0, 1, 6, 10, 7, 2]",4.892662
./random_graph_db/graph_db_node_15/02_p0.2/02_graph_n15_p0.2_idx2.gpickle,15,0.2,2,3,10,30,"[12, 14, 0, 7, 6, 13, 2, 9, 1, 4, 5, 3, 8, 11, 10]",4.6071281
./random_graph_db/graph_db_node_15/02_p0.2/02_graph_n15_p0.2_idx3.gpickle,15,0.2,3,3,12,70,"[5, 11, 14, 2, 10, 13, 4, 9, 7, 6, 12, 1, 0, 8, 3]",4.6371913
./random_graph_db/graph_db_node_15/02_p0.2/02_graph_n15_p0.2_idx4.gpickle,15,0.2,4,3,10,39,"[13, 12, 10, 0, 7, 5, 14, 1, 9, 3, 4, 2, 11, 8, 6]",4.4944301
./random_graph_db/graph_db_node_15/02_p0.2/02_graph_n15_p0.2_idx5.gpickle,15,0.2,5,3,11,53,"[11, 14, 0, 13, 1, 2, 5, 7, 10, 6, 9, 12, 3, 4, 8]",4.793179
./random_graph_db/graph_db_node_15/02_p0.2/02_graph_n15_p0.2_idx6.gpickle,15,0.2,6,3,11,42,"[5, 4, 7, 11, 1, 0, 3, 14, 9, 12, 6, 2, 8, 13, 10]",4.5793653
./random_graph_db/graph_db_node_15/02_p0.2/02_graph_n15_p0.2_idx7.gpickle,15,0.2,7,3,7,33,"[11, 12, 6, 2, 0, 13, 5, 8, 9, 3, 4, 10, 14, 1, 7]",4.4559591
./random_graph_db/graph_db_node_15/02_p0.2/02_graph_n15_p0.2_idx8.gpickle,15,0.2,8,3,6,30,"[7, 3, 8, 6, 4, 12, 5, 11, 1, 10, 2, 0, 14, 13, 9]",4.4758651
./random_graph_db/graph_db_node_15/02_p0.2/02_graph_n15_p0.2_idx9.gpickle,15,0.2,9,3,8,40,"[8, 12, 3, 2, 6, 5, 4, 7, 0, 14, 11, 10, 1, 13, 9]",4.501044
./random_graph_db/graph_db_node_15/03_p0.3/03_graph_n15_p0.3_idx1.gpickle,15,0.3,1,3,10,41,"[5, 0, 3, 13, 1, 7, 14, 8, 11, 12, 10, 4, 2, 6, 9]",4.7220228
./random_graph_db/graph_db_node_15/03_p0.3/03_graph_n15_p0.3_idx10.gpickle,15,0.3,10,4,21,78,"[8, 7, 9, 3, 5, 2, 12, 6, 14, 11, 13, 10, 0, 1, 4]",4.6446869
./random_graph_db/graph_db_node_15/03_p0.3/03_graph_n15_p0.3_idx2.gpickle,15,0.3,2,3,15,59,"[12, 8, 7, 11, 6, 3, 13, 10, 9, 14, 4, 5, 2, 0, 1]",4.587913
./random_graph_db/graph_db_node_15/03_p0.3/03_graph_n15_p0.3_idx3.gpickle,15,0.3,3,4,16,51,"[6, 2, 5, 1, 3, 10, 9, 8, 12, 0, 7, 4, 14, 13, 11]",4.7338769
./random_graph_db/graph_db_node_15/03_p0.3/03_graph_n15_p0.3_idx4.gpickle,15,0.3,4,4,20,58,"[5, 1, 3, 13, 9, 14, 2, 12, 4, 6, 7, 8, 10, 11, 0]",5.3193009
./random_graph_db/graph_db_node_15/03_p0.3/03_graph_n15_p0.3_idx5.gpickle,15,0.3,5,4,16,54,"[0, 3, 11, 7, 2, 1, 6, 12, 14, 9, 8, 13, 5, 10, 4]",4.8934371
./random_graph_db/graph_db_node_15/03_p0.3/03_graph_n15_p0.3_idx6.gpickle,15,0.3,6,3,13,46,"[5, 1, 12, 4, 2, 13, 7, 8, 10, 6, 9, 11, 0, 3, 14]",4.6225302
./random_graph_db/graph_db_node_15/03_p0.3/03_graph_n15_p0.3_idx7.gpickle,15,0.3,7,4,16,59,"[3, 4, 5, 14, 13, 12, 6, 0, 8, 2, 7, 11, 10, 1, 9]",4.732429
./random_graph_db/graph_db_node_15/03_p0.3/03_graph_n15_p0.3_idx8.gpickle,15,0.3,8,4,20,75,"[11, 6, 9, 4, 2, 10, 12, 7, 0, 5, 1, 13, 14, 3, 8]",4.7900479
./random_graph_db/graph_db_node_15/03_p0.3/03_graph_n15_p0.3_idx9.gpickle,15,0.3,9,4,21,78,"[8, 0, 7, 6, 12, 13, 4, 14, 9, 1, 11, 3, 2, 10, 5]",5.0219719
./random_graph_db/graph_db_node_15/04_p0.4/04_graph_n15_p0.4_idx1.gpickle,15,0.4,1,5,26,86,"[1, 7, 0, 11, 2, 10, 13, 3, 8, 6, 5, 12, 14, 9, 4]",4.8878422
./random_graph_db/graph_db_node_15/04_p0.4/04_graph_n15_p0.4_idx10.gpickle,15,0.4,10,5,23,82,"[10, 1, 0, 6, 11, 7, 4, 8, 14, 12, 2, 5, 13, 9, 3]",4.8022211
./random_graph_db/graph_db_node_15/04_p0.4/04_graph_n15_p0.4_idx2.gpickle,15,0.4,2,5,28,93,"[9, 10, 3, 4, 14, 0, 5, 13, 7, 6, 11, 8, 2, 12, 1]",5.0216141
./random_graph_db/graph_db_node_15/04_p0.4/04_graph_n15_p0.4_idx3.gpickle,15,0.4,3,5,23,81,"[5, 14, 3, 10, 4, 6, 1, 9, 8, 0, 13, 2, 11, 7, 12]",4.886565
./random_graph_db/graph_db_node_15/04_p0.4/04_graph_n15_p0.4_idx4.gpickle,15,0.4,4,5,37,110,"[1, 11, 13, 14, 3, 4, 9, 8, 6, 2, 5, 0, 12, 10, 7]",5.0078769
./random_graph_db/graph_db_node_15/04_p0.4/04_graph_n15_p0.4_idx5.gpickle,15,0.4,5,5,26,80,"[0, 5, 13, 11, 1, 3, 12, 8, 4, 7, 10, 9, 6, 2, 14]",4.8990452
./random_graph_db/graph_db_node_15/04_p0.4/04_graph_n15_p0.4_idx6.gpickle,15,0.4,6,5,30,98,"[11, 10, 13, 7, 5, 8, 1, 3, 6, 2, 9, 4, 14, 12, 0]",5.1304309
./random_graph_db/graph_db_node_15/04_p0.4/04_graph_n15_p0.4_idx7.gpickle,15,0.4,7,5,28,87,"[8, 9, 0, 2, 4, 11, 3, 6, 13, 1, 12, 7, 14, 10, 5]",5.2401011
./random_graph_db/graph_db_node_15/04_p0.4/04_graph_n15_p0.4_idx8.gpickle,15,0.4,8,5,26,90,"[10, 6, 1, 2, 14, 0, 3, 9, 7, 5, 8, 11, 12, 4, 13]",4.99366
./random_graph_db/graph_db_node_15/04_p0.4/04_graph_n15_p0.4_idx9.gpickle,15,0.4,9,5,21,88,"[7, 1, 13, 11, 14, 2, 8, 5, 10, 4, 12, 3, 6, 0, 9]",4.9801188
./random_graph_db/graph_db_node_15/05_p0.45/05_graph_n15_p0.45_idx1.gpickle,15,0.45,1,5,22,69,"[14, 12, 1, 0, 6, 3, 9, 7, 4, 2, 13, 11, 10, 5, 8]",5.2027731
./random_graph_db/graph_db_node_15/05_p0.45/05_graph_n15_p0.45_idx10.gpickle,15,0.45,10,5,32,102,"[1, 6, 11, 2, 10, 14, 7, 0, 8, 4, 9, 12, 13, 5, 3]",4.98049
./random_graph_db/graph_db_node_15/05_p0.45/05_graph_n15_p0.45_idx2.gpickle,15,0.45,2,5,31,100,"[2, 7, 1, 9, 4, 0, 14, 13, 10, 8, 11, 12, 6, 5, 3]",4.936475
./random_graph_db/graph_db_node_15/05_p0.45/05_graph_n15_p0.45_idx3.gpickle,15,0.45,3,4,24,95,"[9, 13, 6, 10, 2, 3, 11, 14, 0, 8, 4, 5, 12, 7, 1]",4.8642268
./random_graph_db/graph_db_node_15/05_p0.45/05_graph_n15_p0.45_idx4.gpickle,15,0.45,4,4,24,83,"[5, 4, 12, 8, 3, 13, 1, 9, 11, 6, 2, 7, 0, 14, 10]",5.3577616
./random_graph_db/graph_db_node_15/05_p0.45/05_graph_n15_p0.45_idx5.gpickle,15,0.45,5,4,18,67,"[2, 10, 9, 8, 12, 6, 11, 0, 5, 4, 13, 7, 1, 3, 14]",4.8143551
./random_graph_db/graph_db_node_15/05_p0.45/05_graph_n15_p0.45_idx6.gpickle,15,0.45,6,5,30,96,"[1, 4, 8, 11, 14, 5, 6, 7, 0, 9, 12, 10, 13, 2, 3]",5.0097399
./random_graph_db/graph_db_node_15/05_p0.45/05_graph_n15_p0.45_idx7.gpickle,15,0.45,7,4,20,66,"[9, 12, 10, 5, 4, 13, 1, 3, 6, 7, 8, 0, 2, 14, 11]",4.837738
./random_graph_db/graph_db_node_15/05_p0.45/05_graph_n15_p0.45_idx8.gpickle,15,0.45,8,5,34,113,"[13, 9, 12, 3, 6, 10, 1, 7, 14, 4, 0, 5, 8, 2, 11]",5.605123
./random_graph_db/graph_db_node_15/05_p0.45/05_graph_n15_p0.45_idx9.gpickle,15,0.45,9,5,28,92,"[3, 1, 6, 12, 4, 8, 14, 5, 0, 9, 13, 2, 11, 10, 7]",5.0310779
./random_graph_db/graph_db_node_15/06_p0.5/06_graph_n15_p0.5_idx1.gpickle,15,0.5,1,5,33,94,"[14, 1, 6, 2, 3, 4, 5, 9, 12, 13, 7, 11, 10, 0, 8]",5.0837219
./random_graph_db/graph_db_node_15/06_p0.5/06_graph_n15_p0.5_idx10.gpickle,15,0.5,10,5,30,72,"[14, 10, 11, 8, 5, 1, 13, 12, 3, 0, 9, 4, 6, 7, 2]",4.9736431
./random_graph_db/graph_db_node_15/06_p0.5/06_graph_n15_p0.5_idx2.gpickle,15,0.5,2,4,23,74,"[2, 4, 6, 8, 10, 1, 14, 11, 0, 7, 9, 12, 5, 13, 3]",5.171489
./random_graph_db/graph_db_node_15/06_p0.5/06_graph_n15_p0.5_idx3.gpickle,15,0.5,3,5,26,82,"[3, 6, 9, 0, 10, 14, 7, 12, 13, 8, 5, 11, 1, 4, 2]",4.9125869
./random_graph_db/graph_db_node_15/06_p0.5/06_graph_n15_p0.5_idx4.gpickle,15,0.5,4,5,26,89,"[1, 6, 8, 4, 9, 14, 0, 7, 11, 10, 2, 12, 3, 5, 13]",4.9048772
./random_graph_db/graph_db_node_15/06_p0.5/06_graph_n15_p0.5_idx5.gpickle,15,0.5,5,5,26,87,"[14, 2, 6, 0, 3, 13, 8, 1, 12, 11, 4, 7, 5, 10, 9]",5.0091681
./random_graph_db/graph_db_node_15/06_p0.5/06_graph_n15_p0.5_idx6.gpickle,15,0.5,6,5,28,88,"[1, 11, 5, 10, 3, 14, 7, 0, 12, 4, 13, 9, 6, 8, 2]",5.1373849
./random_graph_db/graph_db_node_15/06_p0.5/06_graph_n15_p0.5_idx7.gpickle,15,0.5,7,5,28,99,"[10, 13, 6, 5, 8, 7, 1, 2, 3, 12, 9, 0, 14, 11, 4]",5.0344281
./random_graph_db/graph_db_node_15/06_p0.5/06_graph_n15_p0.5_idx8.gpickle,15,0.5,8,5,28,95,"[4, 7, 3, 0, 9, 8, 10, 12, 14, 1, 6, 5, 2, 13, 11]",4.9854064
./random_graph_db/graph_db_node_15/06_p0.5/06_graph_n15_p0.5_idx9.gpickle,15,0.5,9,4,22,87,"[11, 14, 4, 5, 12, 1, 2, 0, 9, 3, 8, 6, 7, 13, 10]",4.8405461
./random_graph_db/graph_db_node_15/07_p0.55/07_graph_n15_p0.55_idx1.gpickle,15,0.55,1,5,23,79,"[1, 6, 11, 0, 8, 13, 2, 5, 7, 10, 3, 9, 14, 12, 4]",5.290688
./random_graph_db/graph_db_node_15/07_p0.55/07_graph_n15_p0.55_idx10.gpickle,15,0.55,10,5,28,78,"[1, 3, 5, 11, 14, 4, 2, 7, 8, 12, 9, 10, 6, 13, 0]",5.1059251
./random_graph_db/graph_db_node_15/07_p0.55/07_graph_n15_p0.55_idx2.gpickle,15,0.55,2,5,31,79,"[0, 5, 4, 10, 8, 12, 3, 7, 13, 14, 1, 6, 9, 2, 11]",4.9722698
./random_graph_db/graph_db_node_15/07_p0.55/07_graph_n15_p0.55_idx3.gpickle,15,0.55,3,5,22,73,"[9, 13, 0, 12, 2, 4, 3, 5, 8, 10, 14, 1, 11, 7, 6]",4.7940249
./random_graph_db/graph_db_node_15/07_p0.55/07_graph_n15_p0.55_idx4.gpickle,15,0.55,4,5,29,84,"[13, 11, 5, 4, 0, 7, 2, 8, 1, 12, 14, 3, 10, 9, 6]",5.123915
./random_graph_db/graph_db_node_15/07_p0.55/07_graph_n15_p0.55_idx5.gpickle,15,0.55,5,5,30,91,"[4, 0, 8, 5, 1, 11, 6, 9, 14, 2, 13, 10, 3, 7, 12]",4.972127
./random_graph_db/graph_db_node_15/07_p0.55/07_graph_n15_p0.55_idx6.gpickle,15,0.55,6,5,25,70,"[1, 2, 11, 14, 7, 13, 10, 12, 0, 3, 6, 4, 5, 8, 9]",4.8099499
./random_graph_db/graph_db_node_15/07_p0.55/07_graph_n15_p0.55_idx7.gpickle,15,0.55,7,5,30,99,"[7, 9, 4, 0, 8, 1, 12, 5, 13, 6, 11, 10, 2, 14, 3]",4.955682
./random_graph_db/graph_db_node_15/07_p0.55/07_graph_n15_p0.55_idx8.gpickle,15,0.55,8,5,33,110,"[9, 5, 12, 4, 14, 7, 11, 3, 2, 1, 6, 10, 13, 0, 8]",5.2074828
./random_graph_db/graph_db_node_15/07_p0.55/07_graph_n15_p0.55_idx9.gpickle,15,0.55,9,5,29,85,"[12, 5, 14, 3, 10, 8, 6, 2, 11, 9, 1, 13, 4, 7, 0]",4.9743748
./random_graph_db/graph_db_node_15/08_p0.6/08_graph_n15_p0.6_idx1.gpickle,15,0.6,1,5,31,97,"[3, 4, 11, 2, 6, 14, 1, 9, 0, 10, 5, 12, 13, 8, 7]",4.905781
./random_graph_db/graph_db_node_15/08_p0.6/08_graph_n15_p0.6_idx10.gpickle,15,0.6,10,4,24,82,"[14, 1, 8, 5, 9, 13, 7, 0, 12, 10, 2, 11, 3, 6, 4]",4.9257107
./random_graph_db/graph_db_node_15/08_p0.6/08_graph_n15_p0.6_idx2.gpickle,15,0.6,2,5,31,89,"[11, 13, 8, 14, 0, 1, 3, 5, 4, 9, 6, 2, 7, 12, 10]",5.4068129
./random_graph_db/graph_db_node_15/08_p0.6/08_graph_n15_p0.6_idx3.gpickle,15,0.6,3,5,32,105,"[9, 1, 6, 8, 12, 13, 10, 2, 7, 4, 14, 11, 0, 3, 5]",5.0143371
./random_graph_db/graph_db_node_15/08_p0.6/08_graph_n15_p0.6_idx4.gpickle,15,0.6,4,5,26,80,"[0, 11, 1, 7, 2, 10, 12, 8, 3, 9, 5, 14, 13, 4, 6]",4.9279211
./random_graph_db/graph_db_node_15/08_p0.6/08_graph_n15_p0.6_idx5.gpickle,15,0.6,5,5,32,103,"[11, 10, 12, 4, 2, 0, 9, 7, 1, 14, 13, 6, 5, 3, 8]",5.090827
./random_graph_db/graph_db_node_15/08_p0.6/08_graph_n15_p0.6_idx6.gpickle,15,0.6,6,5,29,95,"[11, 8, 10, 0, 13, 7, 9, 6, 14, 3, 2, 4, 1, 5, 12]",4.9440162
./random_graph_db/graph_db_node_15/08_p0.6/08_graph_n15_p0.6_idx7.gpickle,15,0.6,7,5,33,108,"[8, 14, 9, 11, 10, 1, 4, 13, 7, 2, 3, 6, 5, 0, 12]",4.966496
./random_graph_db/graph_db_node_15/08_p0.6/08_graph_n15_p0.6_idx8.gpickle,15,0.6,8,4,22,78,"[12, 13, 8, 4, 2, 10, 7, 1, 11, 9, 5, 3, 14, 6, 0]",4.9901209
./random_graph_db/graph_db_node_15/08_p0.6/08_graph_n15_p0.6_idx9.gpickle,15,0.6,9,5,26,76,"[8, 7, 9, 6, 13, 3, 5, 14, 0, 4, 11, 1, 10, 2, 12]",5.0357008
./random_graph_db/graph_db_node_15/09_p0.65/09_graph_n15_p0.65_idx1.gpickle,15,0.65,1,4,18,71,"[11, 12, 8, 10, 14, 2, 9, 0, 13, 4, 7, 3, 6, 1, 5]",4.8811061
./random_graph_db/graph_db_node_15/09_p0.65/09_graph_n15_p0.65_idx10.gpickle,15,0.65,10,4,24,78,"[4, 12, 10, 13, 6, 8, 0, 7, 9, 11, 5, 14, 1, 2, 3]",4.8969662
./random_graph_db/graph_db_node_15/09_p0.65/09_graph_n15_p0.65_idx2.gpickle,15,0.65,2,5,34,104,"[14, 11, 13, 12, 4, 8, 9, 6, 3, 5, 7, 1, 10, 0, 2]",4.9686577
./random_graph_db/graph_db_node_15/09_p0.65/09_graph_n15_p0.65_idx3.gpickle,15,0.65,3,5,27,63,"[1, 13, 0, 3, 6, 2, 7, 5, 4, 9, 11, 14, 8, 12, 10]",5.0390689
./random_graph_db/graph_db_node_15/09_p0.65/09_graph_n15_p0.65_idx4.gpickle,15,0.65,4,4,25,84,"[13, 7, 2, 8, 6, 3, 14, 11, 1, 9, 12, 10, 5, 4, 0]",5.120898
./random_graph_db/graph_db_node_15/09_p0.65/09_graph_n15_p0.65_idx5.gpickle,15,0.65,5,5,25,94,"[9, 0, 7, 11, 2, 1, 14, 4, 5, 6, 8, 10, 3, 13, 12]",4.8689044
./random_graph_db/graph_db_node_15/09_p0.65/09_graph_n15_p0.65_idx6.gpickle,15,0.65,6,5,27,90,"[7, 6, 13, 8, 5, 11, 3, 0, 2, 4, 1, 12, 14, 9, 10]",4.9887831
./random_graph_db/graph_db_node_15/09_p0.65/09_graph_n15_p0.65_idx7.gpickle,15,0.65,7,4,25,82,"[14, 9, 8, 13, 12, 4, 11, 5, 2, 6, 10, 0, 3, 7, 1]",4.801204
./random_graph_db/graph_db_node_15/09_p0.65/09_graph_n15_p0.65_idx8.gpickle,15,0.65,8,5,25,88,"[1, 8, 5, 7, 11, 10, 12, 4, 6, 3, 0, 14, 9, 2, 13]",5.1283591
./random_graph_db/graph_db_node_15/09_p0.65/09_graph_n15_p0.65_idx9.gpickle,15,0.65,9,5,33,104,"[0, 6, 3, 9, 4, 8, 14, 11, 7, 10, 2, 13, 12, 5, 1]",5.0003109
./random_graph_db/graph_db_node_15/10_p0.7/10_graph_n15_p0.7_idx1.gpickle,15,0.7,1,4,20,71,"[12, 14, 8, 4, 2, 11, 10, 5, 7, 9, 13, 3, 1, 0, 6]",4.8369441
./random_graph_db/graph_db_node_15/10_p0.7/10_graph_n15_p0.7_idx10.gpickle,15,0.7,10,5,31,99,"[7, 11, 14, 9, 13, 1, 4, 0, 5, 8, 2, 3, 10, 6, 12]",5.0328281
./random_graph_db/graph_db_node_15/10_p0.7/10_graph_n15_p0.7_idx2.gpickle,15,0.7,2,5,29,90,"[12, 9, 1, 6, 5, 3, 2, 13, 14, 7, 0, 10, 11, 4, 8]",4.9449518
./random_graph_db/graph_db_node_15/10_p0.7/10_graph_n15_p0.7_idx3.gpickle,15,0.7,3,4,23,72,"[1, 9, 2, 7, 12, 11, 4, 14, 13, 3, 10, 0, 6, 8, 5]",4.9419022
./random_graph_db/graph_db_node_15/10_p0.7/10_graph_n15_p0.7_idx4.gpickle,15,0.7,4,5,26,78,"[12, 14, 5, 6, 7, 1, 13, 11, 3, 10, 0, 8, 9, 2, 4]",4.8765781
./random_graph_db/graph_db_node_15/10_p0.7/10_graph_n15_p0.7_idx5.gpickle,15,0.7,5,4,21,75,"[10, 4, 13, 9, 14, 6, 0, 11, 2, 5, 3, 1, 12, 7, 8]",5.1715631
./random_graph_db/graph_db_node_15/10_p0.7/10_graph_n15_p0.7_idx6.gpickle,15,0.7,6,5,27,87,"[10, 5, 13, 8, 1, 3, 11, 6, 4, 7, 2, 12, 14, 0, 9]",5.380115
./random_graph_db/graph_db_node_15/10_p0.7/10_graph_n15_p0.7_idx7.gpickle,15,0.7,7,5,29,95,"[8, 11, 6, 7, 0, 14, 4, 12, 3, 10, 2, 9, 5, 1, 13]",4.957638
./random_graph_db/graph_db_node_15/10_p0.7/10_graph_n15_p0.7_idx8.gpickle,15,0.7,8,5,25,85,"[10, 4, 12, 11, 8, 3, 1, 5, 7, 13, 6, 0, 9, 2, 14]",4.9150598
./random_graph_db/graph_db_node_15/10_p0.7/10_graph_n15_p0.7_idx9.gpickle,15,0.7,9,5,28,93,"[14, 4, 13, 8, 9, 3, 2, 12, 6, 0, 10, 7, 11, 1, 5]",5.1041043
./random_graph_db/graph_db_node_15/11_p0.8/11_graph_n15_p0.8_idx1.gpickle,15,0.8,1,4,16,55,"[14, 2, 9, 7, 3, 10, 6, 12, 13, 8, 5, 1, 0, 11, 4]",4.737633
./random_graph_db/graph_db_node_15/11_p0.8/11_graph_n15_p0.8_idx10.gpickle,15,0.8,10,4,20,73,"[4, 6, 3, 1, 14, 0, 13, 10, 5, 12, 7, 11, 8, 9, 2]",4.7229602
./random_graph_db/graph_db_node_15/11_p0.8/11_graph_n15_p0.8_idx2.gpickle,15,0.8,2,3,16,57,"[10, 13, 6, 8, 12, 0, 2, 4, 7, 5, 9, 14, 11, 1, 3]",4.654093
./random_graph_db/graph_db_node_15/11_p0.8/11_graph_n15_p0.8_idx3.gpickle,15,0.8,3,4,22,74,"[14, 4, 0, 2, 6, 9, 3, 7, 12, 8, 10, 11, 5, 1, 13]",4.855468
./random_graph_db/graph_db_node_15/11_p0.8/11_graph_n15_p0.8_idx4.gpickle,15,0.8,4,4,22,77,"[9, 7, 5, 8, 0, 1, 6, 14, 4, 11, 12, 13, 10, 3, 2]",4.9705758
./random_graph_db/graph_db_node_15/11_p0.8/11_graph_n15_p0.8_idx5.gpickle,15,0.8,5,4,15,45,"[0, 13, 5, 12, 2, 9, 14, 4, 11, 10, 8, 1, 7, 3, 6]",4.7288949
./random_graph_db/graph_db_node_15/11_p0.8/11_graph_n15_p0.8_idx6.gpickle,15,0.8,6,4,18,63,"[9, 5, 3, 1, 12, 10, 13, 0, 4, 2, 11, 8, 14, 6, 7]",4.7832351
./random_graph_db/graph_db_node_15/11_p0.8/11_graph_n15_p0.8_idx7.gpickle,15,0.8,7,3,13,44,"[14, 4, 13, 1, 9, 10, 11, 6, 7, 12, 8, 2, 5, 3, 0]",4.6692419
./random_graph_db/graph_db_node_15/11_p0.8/11_graph_n15_p0.8_idx8.gpickle,15,0.8,8,3,10,36,"[0, 10, 2, 14, 6, 5, 8, 7, 11, 3, 12, 1, 9, 13, 4]",5.0234618
./random_graph_db/graph_db_node_15/11_p0.8/11_graph_n15_p0.8_idx9.gpickle,15,0.8,9,4,19,58,"[2, 1, 7, 6, 3, 0, 5, 14, 10, 11, 4, 13, 9, 12, 8]",4.718241
./random_graph_db/graph_db_node_15/12_p0.9/12_graph_n15_p0.9_idx1.gpickle,15,0.9,1,2,6,27,"[12, 9, 10, 11, 14, 13, 7, 0, 6, 2, 3, 4, 8, 1, 5]",4.2755578
./random_graph_db/graph_db_node_15/12_p0.9/12_graph_n15_p0.9_idx10.gpickle,15,0.9,10,3,8,35,"[5, 10, 1, 9, 13, 7, 6, 2, 8, 4, 3, 11, 0, 14, 12]",4.7013712
./random_graph_db/graph_db_node_15/12_p0.9/12_graph_n15_p0.9_idx2.gpickle,15,0.9,2,3,13,53,"[7, 5, 1, 11, 13, 2, 9, 12, 14, 4, 10, 3, 8, 6, 0]",4.4606349
./random_graph_db/graph_db_node_15/12_p0.9/12_graph_n15_p0.9_idx3.gpickle,15,0.9,3,3,9,39,"[7, 12, 11, 2, 5, 13, 14, 3, 6, 9, 1, 8, 0, 10, 4]",4.5115199
./random_graph_db/graph_db_node_15/12_p0.9/12_graph_n15_p0.9_idx4.gpickle,15,0.9,4,4,17,55,"[9, 12, 0, 7, 4, 2, 14, 6, 5, 8, 10, 3, 13, 1, 11]",4.679352
./random_graph_db/graph_db_node_15/12_p0.9/12_graph_n15_p0.9_idx5.gpickle,15,0.9,5,2,6,34,"[13, 11, 2, 12, 10, 14, 8, 4, 7, 1, 6, 0, 5, 9, 3]",4.5414112
./random_graph_db/graph_db_node_15/12_p0.9/12_graph_n15_p0.9_idx6.gpickle,15,0.9,6,2,5,22,"[1, 0, 13, 4, 11, 2, 8, 9, 5, 12, 6, 10, 14, 7, 3]",4.631916
./random_graph_db/graph_db_node_15/12_p0.9/12_graph_n15_p0.9_idx7.gpickle,15,0.9,7,2,5,32,"[8, 11, 14, 10, 12, 6, 3, 5, 7, 4, 2, 9, 13, 0, 1]",4.365706
./random_graph_db/graph_db_node_15/12_p0.9/12_graph_n15_p0.9_idx8.gpickle,15,0.9,8,3,10,36,"[13, 10, 9, 5, 3, 14, 4, 0, 6, 1, 7, 11, 8, 12, 2]",4.54337
./random_graph_db/graph_db_node_15/12_p0.9/12_graph_n15_p0.9_idx9.gpickle,15,0.9,9,3,10,39,"[2, 12, 3, 10, 13, 1, 14, 0, 4, 6, 5, 7, 8, 9, 11]",4.631248
./random_graph_db/graph_db_node_16/01_p0.1/01_graph_n16_p0.1_idx1.gpickle,16,0.1,1,2,2,25,"[12, 9, 2, 8, 15, 4, 1, 7, 0, 13, 3, 14, 10, 11, 6, 5]",10.401422
./random_graph_db/graph_db_node_16/01_p0.1/01_graph_n16_p0.1_idx10.gpickle,16,0.1,10,2,6,24,"[2, 0, 15, 13, 5, 14, 4, 10, 8, 12, 9, 1, 3, 7, 6, 11]",4.7752147
./random_graph_db/graph_db_node_16/01_p0.1/01_graph_n16_p0.1_idx2.gpickle,16,0.1,2,3,6,25,"[1, 8, 6, 0, 15, 2, 3, 9, 10, 7, 5, 11, 13, 12, 4, 14]",4.874299
./random_graph_db/graph_db_node_16/01_p0.1/01_graph_n16_p0.1_idx3.gpickle,16,0.1,3,2,2,22,"[14, 1, 3, 11, 13, 0, 7, 9, 12, 4, 6, 15, 8, 5, 10, 2]",4.9246609
./random_graph_db/graph_db_node_16/01_p0.1/01_graph_n16_p0.1_idx4.gpickle,16,0.1,4,3,7,34,"[7, 13, 11, 15, 8, 2, 14, 4, 1, 0, 12, 5, 3, 10, 9, 6]",4.789423
./random_graph_db/graph_db_node_16/01_p0.1/01_graph_n16_p0.1_idx5.gpickle,16,0.1,5,3,7,33,"[11, 3, 6, 13, 14, 5, 1, 9, 7, 4, 0, 8, 12, 15, 10, 2]",4.8430982
./random_graph_db/graph_db_node_16/01_p0.1/01_graph_n16_p0.1_idx6.gpickle,16,0.1,6,2,6,27,"[5, 13, 15, 4, 3, 1, 2, 0, 6, 12, 9, 14, 10, 8, 11, 7]",4.9707799
./random_graph_db/graph_db_node_16/01_p0.1/01_graph_n16_p0.1_idx7.gpickle,16,0.1,7,3,9,35,"[8, 4, 12, 5, 2, 3, 13, 15, 7, 0, 6, 14, 9, 11, 1, 10]",5.100951
./random_graph_db/graph_db_node_16/01_p0.1/01_graph_n16_p0.1_idx8.gpickle,16,0.1,8,3,10,41,"[2, 11, 4, 7, 1, 5, 9, 12, 0, 8, 3, 10, 13, 15, 6, 14]",4.955477
./random_graph_db/graph_db_node_16/01_p0.1/01_graph_n16_p0.1_idx9.gpickle,16,0.1,9,3,6,30,"[15, 8, 6, 10, 14, 5, 9, 0, 2, 4, 7, 11, 3, 1, 13, 12]",4.7675641
./random_graph_db/graph_db_node_16/02_p0.2/02_graph_n16_p0.2_idx1.gpickle,16,0.2,1,3,10,41,"[4, 14, 10, 2, 13, 7, 5, 12, 6, 15, 3, 9, 8, 1, 0, 11]",5.027595
./random_graph_db/graph_db_node_16/02_p0.2/02_graph_n16_p0.2_idx10.gpickle,16,0.2,10,3,8,35,"[4, 6, 15, 9, 11, 7, 2, 3, 0, 8, 1, 13, 14, 5, 12, 10]",4.8416579
./random_graph_db/graph_db_node_16/02_p0.2/02_graph_n16_p0.2_idx2.gpickle,16,0.2,2,3,9,28,"[11, 0, 6, 1, 4, 15, 13, 12, 3, 14, 2, 7, 9, 10, 8, 5]",5.799145
./random_graph_db/graph_db_node_16/02_p0.2/02_graph_n16_p0.2_idx3.gpickle,16,0.2,3,4,14,54,"[1, 9, 4, 10, 11, 8, 2, 12, 13, 3, 5, 7, 15, 6, 0, 14]",5.1905529
./random_graph_db/graph_db_node_16/02_p0.2/02_graph_n16_p0.2_idx4.gpickle,16,0.2,4,3,9,30,"[5, 11, 14, 8, 0, 3, 12, 6, 10, 7, 2, 4, 13, 1, 15, 9]",4.9563746
./random_graph_db/graph_db_node_16/02_p0.2/02_graph_n16_p0.2_idx5.gpickle,16,0.2,5,4,14,51,"[14, 8, 4, 6, 1, 5, 2, 11, 3, 0, 13, 12, 7, 10, 15, 9]",5.081954
./random_graph_db/graph_db_node_16/02_p0.2/02_graph_n16_p0.2_idx6.gpickle,16,0.2,6,3,11,50,"[7, 0, 15, 1, 5, 13, 8, 9, 12, 2, 10, 6, 3, 14, 4, 11]",5.3630829
./random_graph_db/graph_db_node_16/02_p0.2/02_graph_n16_p0.2_idx7.gpickle,16,0.2,7,3,6,29,"[14, 0, 2, 4, 11, 13, 15, 8, 12, 10, 5, 9, 3, 7, 6, 1]",4.8758101
./random_graph_db/graph_db_node_16/02_p0.2/02_graph_n16_p0.2_idx8.gpickle,16,0.2,8,3,8,36,"[14, 2, 12, 8, 1, 13, 15, 10, 9, 11, 4, 5, 7, 6, 3, 0]",4.9389889
./random_graph_db/graph_db_node_16/02_p0.2/02_graph_n16_p0.2_idx9.gpickle,16,0.2,9,4,15,53,"[0, 1, 15, 2, 7, 11, 6, 9, 12, 3, 14, 4, 10, 5, 8, 13]",4.9524541
./random_graph_db/graph_db_node_16/03_p0.3/03_graph_n16_p0.3_idx1.gpickle,16,0.3,1,4,17,75,"[1, 6, 12, 11, 15, 13, 14, 8, 2, 7, 5, 0, 10, 4, 9, 3]",5.1237791
./random_graph_db/graph_db_node_16/03_p0.3/03_graph_n16_p0.3_idx10.gpickle,16,0.3,10,4,20,68,"[8, 5, 15, 10, 12, 1, 2, 11, 13, 0, 7, 9, 3, 4, 6, 14]",5.20544
./random_graph_db/graph_db_node_16/03_p0.3/03_graph_n16_p0.3_idx2.gpickle,16,0.3,2,4,21,71,"[9, 15, 4, 2, 3, 7, 12, 11, 8, 1, 13, 5, 6, 0, 14, 10]",5.0683851
./random_graph_db/graph_db_node_16/03_p0.3/03_graph_n16_p0.3_idx3.gpickle,16,0.3,3,5,29,83,"[5, 1, 7, 3, 11, 2, 8, 9, 13, 14, 4, 15, 0, 10, 6, 12]",5.2454021
./random_graph_db/graph_db_node_16/03_p0.3/03_graph_n16_p0.3_idx4.gpickle,16,0.3,4,4,19,74,"[6, 13, 5, 3, 10, 4, 9, 8, 2, 15, 11, 14, 7, 1, 0, 12]",5.4346409
./random_graph_db/graph_db_node_16/03_p0.3/03_graph_n16_p0.3_idx5.gpickle,16,0.3,5,5,24,79,"[1, 13, 2, 11, 10, 9, 7, 5, 4, 6, 12, 8, 14, 15, 3, 0]",5.2067592
./random_graph_db/graph_db_node_16/03_p0.3/03_graph_n16_p0.3_idx6.gpickle,16,0.3,6,4,21,71,"[7, 5, 2, 9, 4, 0, 3, 15, 14, 6, 12, 8, 10, 11, 1, 13]",5.1490257
./random_graph_db/graph_db_node_16/03_p0.3/03_graph_n16_p0.3_idx7.gpickle,16,0.3,7,5,20,53,"[4, 8, 12, 6, 2, 14, 0, 13, 1, 5, 15, 9, 10, 7, 11, 3]",5.4640701
./random_graph_db/graph_db_node_16/03_p0.3/03_graph_n16_p0.3_idx8.gpickle,16,0.3,8,5,28,104,"[2, 14, 8, 6, 10, 7, 9, 15, 1, 4, 12, 11, 13, 3, 0, 5]",5.4639261
./random_graph_db/graph_db_node_16/03_p0.3/03_graph_n16_p0.3_idx9.gpickle,16,0.3,9,5,27,92,"[11, 12, 5, 3, 0, 14, 6, 13, 4, 7, 2, 1, 10, 9, 8, 15]",5.233088
./random_graph_db/graph_db_node_16/04_p0.4/04_graph_n16_p0.4_idx1.gpickle,16,0.4,1,5,27,88,"[12, 6, 2, 7, 5, 11, 3, 4, 0, 9, 10, 8, 13, 1, 14, 15]",5.8554001
./random_graph_db/graph_db_node_16/04_p0.4/04_graph_n16_p0.4_idx10.gpickle,16,0.4,10,5,35,117,"[5, 15, 2, 12, 7, 4, 8, 11, 1, 13, 10, 14, 9, 6, 0, 3]",6.4230678
./random_graph_db/graph_db_node_16/04_p0.4/04_graph_n16_p0.4_idx2.gpickle,16,0.4,2,5,32,93,"[4, 13, 2, 8, 7, 3, 12, 11, 5, 0, 6, 9, 15, 10, 14, 1]",5.681452
./random_graph_db/graph_db_node_16/04_p0.4/04_graph_n16_p0.4_idx3.gpickle,16,0.4,3,5,28,81,"[13, 2, 15, 1, 4, 10, 0, 12, 11, 14, 3, 9, 7, 5, 8, 6]",5.2988899
./random_graph_db/graph_db_node_16/04_p0.4/04_graph_n16_p0.4_idx4.gpickle,16,0.4,4,5,26,89,"[10, 0, 7, 12, 1, 8, 2, 4, 14, 3, 5, 11, 9, 6, 15, 13]",5.4221032
./random_graph_db/graph_db_node_16/04_p0.4/04_graph_n16_p0.4_idx5.gpickle,16,0.4,5,5,31,84,"[8, 10, 9, 0, 6, 14, 11, 7, 3, 13, 1, 4, 2, 15, 12, 5]",6.200254
./random_graph_db/graph_db_node_16/04_p0.4/04_graph_n16_p0.4_idx6.gpickle,16,0.4,6,5,30,98,"[13, 5, 8, 12, 9, 2, 6, 14, 3, 1, 4, 11, 7, 15, 0, 10]",5.5924242
./random_graph_db/graph_db_node_16/04_p0.4/04_graph_n16_p0.4_idx7.gpickle,16,0.4,7,5,30,86,"[11, 10, 8, 4, 12, 14, 2, 13, 6, 15, 0, 7, 1, 3, 9, 5]",5.4224238
./random_graph_db/graph_db_node_16/04_p0.4/04_graph_n16_p0.4_idx8.gpickle,16,0.4,8,4,22,71,"[12, 0, 3, 13, 8, 10, 11, 2, 1, 5, 14, 4, 15, 9, 7, 6]",5.729012
./random_graph_db/graph_db_node_16/04_p0.4/04_graph_n16_p0.4_idx9.gpickle,16,0.4,9,5,31,97,"[7, 11, 3, 5, 15, 1, 2, 9, 14, 8, 13, 10, 12, 4, 6, 0]",5.4163468
./random_graph_db/graph_db_node_16/05_p0.45/05_graph_n16_p0.45_idx1.gpickle,16,0.45,1,5,31,92,"[10, 4, 8, 3, 12, 9, 14, 6, 11, 2, 0, 7, 1, 13, 5, 15]",5.5342071
./random_graph_db/graph_db_node_16/05_p0.45/05_graph_n16_p0.45_idx10.gpickle,16,0.45,10,5,29,97,"[3, 2, 14, 4, 5, 11, 0, 8, 10, 12, 7, 9, 13, 15, 6, 1]",5.429641
./random_graph_db/graph_db_node_16/05_p0.45/05_graph_n16_p0.45_idx2.gpickle,16,0.45,2,5,36,108,"[3, 1, 5, 10, 2, 0, 15, 9, 11, 4, 8, 7, 14, 13, 12, 6]",5.7446489
./random_graph_db/graph_db_node_16/05_p0.45/05_graph_n16_p0.45_idx3.gpickle,16,0.45,3,5,30,95,"[4, 14, 10, 1, 8, 0, 13, 7, 3, 9, 12, 6, 5, 15, 11, 2]",5.5832
./random_graph_db/graph_db_node_16/05_p0.45/05_graph_n16_p0.45_idx4.gpickle,16,0.45,4,5,29,91,"[12, 13, 10, 3, 1, 6, 15, 0, 9, 11, 5, 4, 8, 14, 7, 2]",5.622472
./random_graph_db/graph_db_node_16/05_p0.45/05_graph_n16_p0.45_idx5.gpickle,16,0.45,5,5,30,97,"[5, 6, 10, 15, 12, 7, 14, 11, 9, 4, 8, 2, 1, 0, 13, 3]",5.8404851
./random_graph_db/graph_db_node_16/05_p0.45/05_graph_n16_p0.45_idx6.gpickle,16,0.45,6,5,29,91,"[13, 10, 15, 12, 11, 5, 0, 2, 6, 14, 1, 4, 8, 9, 3, 7]",5.8913591
./random_graph_db/graph_db_node_16/05_p0.45/05_graph_n16_p0.45_idx7.gpickle,16,0.45,7,5,32,97,"[5, 15, 14, 11, 1, 13, 9, 4, 10, 3, 6, 0, 12, 8, 7, 2]",5.355777
./random_graph_db/graph_db_node_16/05_p0.45/05_graph_n16_p0.45_idx8.gpickle,16,0.45,8,5,33,98,"[3, 11, 9, 14, 1, 13, 5, 8, 10, 4, 15, 12, 0, 7, 6, 2]",5.4389598
./random_graph_db/graph_db_node_16/05_p0.45/05_graph_n16_p0.45_idx9.gpickle,16,0.45,9,5,28,99,"[2, 0, 1, 7, 15, 6, 8, 9, 3, 4, 12, 14, 11, 10, 13, 5]",5.5839591
./random_graph_db/graph_db_node_16/06_p0.5/06_graph_n16_p0.5_idx1.gpickle,16,0.5,1,5,31,99,"[4, 15, 0, 8, 2, 1, 12, 11, 7, 13, 6, 3, 5, 9, 14, 10]",5.345156
./random_graph_db/graph_db_node_16/06_p0.5/06_graph_n16_p0.5_idx10.gpickle,16,0.5,10,5,31,101,"[13, 7, 15, 6, 2, 1, 14, 4, 12, 9, 3, 8, 10, 5, 11, 0]",5.3826661
./random_graph_db/graph_db_node_16/06_p0.5/06_graph_n16_p0.5_idx2.gpickle,16,0.5,2,5,30,81,"[8, 9, 14, 3, 12, 10, 7, 13, 4, 11, 6, 5, 15, 0, 1, 2]",5.283046
./random_graph_db/graph_db_node_16/06_p0.5/06_graph_n16_p0.5_idx3.gpickle,16,0.5,3,5,32,99,"[5, 0, 1, 3, 7, 4, 13, 6, 15, 10, 2, 11, 9, 14, 8, 12]",5.519587
./random_graph_db/graph_db_node_16/06_p0.5/06_graph_n16_p0.5_idx4.gpickle,16,0.5,4,5,31,99,"[4, 1, 11, 5, 0, 14, 13, 15, 12, 8, 7, 2, 6, 3, 10, 9]",5.3763139
./random_graph_db/graph_db_node_16/06_p0.5/06_graph_n16_p0.5_idx5.gpickle,16,0.5,5,6,46,125,"[13, 11, 3, 6, 12, 0, 9, 15, 14, 2, 7, 10, 4, 5, 8, 1]",5.5040991
./random_graph_db/graph_db_node_16/06_p0.5/06_graph_n16_p0.5_idx6.gpickle,16,0.5,6,5,28,84,"[8, 7, 13, 5, 9, 12, 10, 1, 14, 6, 15, 4, 2, 3, 11, 0]",5.3096609
./random_graph_db/graph_db_node_16/06_p0.5/06_graph_n16_p0.5_idx7.gpickle,16,0.5,7,5,33,102,"[9, 4, 6, 7, 5, 14, 10, 15, 2, 0, 1, 12, 3, 8, 11, 13]",5.682796
./random_graph_db/graph_db_node_16/06_p0.5/06_graph_n16_p0.5_idx8.gpickle,16,0.5,8,6,38,114,"[13, 12, 9, 6, 2, 4, 11, 14, 7, 10, 15, 1, 5, 0, 8, 3]",5.5757313
./random_graph_db/graph_db_node_16/06_p0.5/06_graph_n16_p0.5_idx9.gpickle,16,0.5,9,5,34,110,"[10, 11, 4, 7, 9, 1, 0, 12, 8, 15, 13, 6, 3, 14, 5, 2]",5.9049098
./random_graph_db/graph_db_node_16/07_p0.55/07_graph_n16_p0.55_idx1.gpickle,16,0.55,1,5,40,114,"[6, 4, 0, 1, 15, 12, 11, 8, 14, 7, 2, 9, 10, 5, 13, 3]",5.517781
./random_graph_db/graph_db_node_16/07_p0.55/07_graph_n16_p0.55_idx10.gpickle,16,0.55,10,5,34,115,"[12, 15, 8, 3, 9, 14, 6, 13, 7, 0, 2, 1, 10, 5, 11, 4]",5.3817351
./random_graph_db/graph_db_node_16/07_p0.55/07_graph_n16_p0.55_idx2.gpickle,16,0.55,2,5,30,91,"[5, 11, 0, 15, 9, 14, 1, 8, 7, 6, 12, 10, 2, 13, 3, 4]",5.3642607
./random_graph_db/graph_db_node_16/07_p0.55/07_graph_n16_p0.55_idx3.gpickle,16,0.55,3,5,30,92,"[1, 9, 3, 7, 5, 10, 15, 4, 12, 13, 11, 0, 8, 14, 6, 2]",5.4171
./random_graph_db/graph_db_node_16/07_p0.55/07_graph_n16_p0.55_idx4.gpickle,16,0.55,4,6,38,103,"[7, 4, 2, 14, 0, 13, 8, 15, 3, 9, 5, 11, 1, 12, 6, 10]",5.4320529
./random_graph_db/graph_db_node_16/07_p0.55/07_graph_n16_p0.55_idx5.gpickle,16,0.55,5,6,37,106,"[11, 7, 8, 0, 2, 10, 4, 6, 12, 3, 14, 13, 1, 9, 5, 15]",5.3833101
./random_graph_db/graph_db_node_16/07_p0.55/07_graph_n16_p0.55_idx6.gpickle,16,0.55,6,5,33,96,"[0, 11, 7, 2, 1, 13, 9, 4, 8, 14, 3, 10, 5, 12, 6, 15]",5.4353468
./random_graph_db/graph_db_node_16/07_p0.55/07_graph_n16_p0.55_idx7.gpickle,16,0.55,7,5,31,99,"[5, 11, 9, 4, 2, 12, 10, 3, 7, 1, 6, 15, 8, 13, 0, 14]",5.6199272
./random_graph_db/graph_db_node_16/07_p0.55/07_graph_n16_p0.55_idx8.gpickle,16,0.55,8,5,36,111,"[12, 7, 3, 13, 4, 9, 6, 2, 10, 11, 0, 15, 14, 5, 1, 8]",5.5486219
./random_graph_db/graph_db_node_16/07_p0.55/07_graph_n16_p0.55_idx9.gpickle,16,0.55,9,5,29,80,"[4, 12, 2, 3, 0, 10, 15, 1, 9, 5, 8, 11, 13, 7, 14, 6]",5.3125219
./random_graph_db/graph_db_node_16/08_p0.6/08_graph_n16_p0.6_idx1.gpickle,16,0.6,1,5,31,99,"[15, 10, 9, 11, 5, 4, 2, 12, 3, 13, 7, 14, 6, 1, 0, 8]",5.3465309
./random_graph_db/graph_db_node_16/08_p0.6/08_graph_n16_p0.6_idx10.gpickle,16,0.6,10,5,38,110,"[11, 0, 6, 7, 14, 10, 8, 2, 1, 3, 5, 9, 4, 15, 13, 12]",5.723047
./random_graph_db/graph_db_node_16/08_p0.6/08_graph_n16_p0.6_idx2.gpickle,16,0.6,2,5,33,94,"[6, 10, 5, 13, 9, 7, 14, 11, 3, 0, 12, 8, 4, 2, 1, 15]",5.353338
./random_graph_db/graph_db_node_16/08_p0.6/08_graph_n16_p0.6_idx3.gpickle,16,0.6,3,6,34,81,"[3, 6, 7, 2, 14, 15, 13, 8, 1, 12, 9, 11, 10, 5, 0, 4]",5.3982329
./random_graph_db/graph_db_node_16/08_p0.6/08_graph_n16_p0.6_idx4.gpickle,16,0.6,4,5,36,112,"[14, 7, 3, 11, 6, 0, 9, 13, 2, 5, 15, 8, 4, 10, 12, 1]",5.63239
./random_graph_db/graph_db_node_16/08_p0.6/08_graph_n16_p0.6_idx5.gpickle,16,0.6,5,6,49,141,"[1, 11, 14, 6, 4, 0, 9, 7, 12, 3, 10, 2, 15, 5, 8, 13]",5.7900431
./random_graph_db/graph_db_node_16/08_p0.6/08_graph_n16_p0.6_idx6.gpickle,16,0.6,6,5,32,89,"[15, 8, 14, 10, 1, 5, 13, 12, 7, 9, 4, 2, 11, 0, 3, 6]",5.3421628
./random_graph_db/graph_db_node_16/08_p0.6/08_graph_n16_p0.6_idx7.gpickle,16,0.6,7,5,35,102,"[1, 14, 8, 0, 3, 5, 11, 12, 2, 13, 9, 6, 4, 10, 7, 15]",5.4572229
./random_graph_db/graph_db_node_16/08_p0.6/08_graph_n16_p0.6_idx8.gpickle,16,0.6,8,5,30,88,"[11, 4, 1, 14, 3, 7, 6, 8, 2, 5, 13, 9, 12, 0, 10, 15]",5.7701938
./random_graph_db/graph_db_node_16/08_p0.6/08_graph_n16_p0.6_idx9.gpickle,16,0.6,9,6,36,105,"[15, 13, 6, 0, 3, 10, 9, 7, 5, 12, 8, 11, 4, 1, 14, 2]",5.3874807
./random_graph_db/graph_db_node_16/09_p0.65/09_graph_n16_p0.65_idx1.gpickle,16,0.65,1,5,33,98,"[12, 13, 2, 3, 11, 14, 0, 7, 1, 9, 6, 15, 4, 10, 8, 5]",5.3777778
./random_graph_db/graph_db_node_16/09_p0.65/09_graph_n16_p0.65_idx10.gpickle,16,0.65,10,5,34,122,"[8, 2, 1, 6, 4, 14, 0, 9, 5, 12, 15, 10, 13, 7, 11, 3]",5.4907389
./random_graph_db/graph_db_node_16/09_p0.65/09_graph_n16_p0.65_idx2.gpickle,16,0.65,2,5,32,113,"[11, 8, 6, 3, 0, 15, 2, 1, 13, 12, 4, 14, 5, 7, 9, 10]",5.9004309
./random_graph_db/graph_db_node_16/09_p0.65/09_graph_n16_p0.65_idx3.gpickle,16,0.65,3,5,31,97,"[4, 12, 6, 2, 10, 0, 1, 9, 14, 8, 7, 5, 3, 11, 13, 15]",5.4606559
./random_graph_db/graph_db_node_16/09_p0.65/09_graph_n16_p0.65_idx4.gpickle,16,0.65,4,5,33,102,"[11, 4, 3, 1, 12, 15, 14, 0, 5, 10, 9, 7, 2, 13, 8, 6]",5.4502611
./random_graph_db/graph_db_node_16/09_p0.65/09_graph_n16_p0.65_idx5.gpickle,16,0.65,5,6,38,102,"[1, 14, 4, 0, 3, 11, 7, 6, 10, 12, 15, 9, 5, 13, 8, 2]",5.5794139
./random_graph_db/graph_db_node_16/09_p0.65/09_graph_n16_p0.65_idx6.gpickle,16,0.65,6,5,36,110,"[14, 4, 0, 10, 5, 13, 12, 8, 6, 1, 15, 9, 3, 11, 7, 2]",5.474719
./random_graph_db/graph_db_node_16/09_p0.65/09_graph_n16_p0.65_idx7.gpickle,16,0.65,7,6,36,108,"[1, 7, 4, 15, 14, 10, 11, 9, 8, 6, 5, 13, 3, 0, 12, 2]",5.3742669
./random_graph_db/graph_db_node_16/09_p0.65/09_graph_n16_p0.65_idx8.gpickle,16,0.65,8,6,38,112,"[13, 10, 15, 8, 1, 4, 11, 14, 0, 12, 5, 9, 7, 3, 2, 6]",5.5051379
./random_graph_db/graph_db_node_16/09_p0.65/09_graph_n16_p0.65_idx9.gpickle,16,0.65,9,5,29,100,"[0, 10, 13, 11, 5, 4, 7, 9, 8, 6, 12, 3, 2, 14, 15, 1]",5.7841411
./random_graph_db/graph_db_node_16/10_p0.7/10_graph_n16_p0.7_idx1.gpickle,16,0.7,1,4,21,75,"[3, 1, 6, 15, 0, 12, 8, 9, 2, 4, 7, 14, 5, 13, 10, 11]",5.2909338
./random_graph_db/graph_db_node_16/10_p0.7/10_graph_n16_p0.7_idx10.gpickle,16,0.7,10,5,34,108,"[9, 15, 7, 14, 1, 5, 8, 10, 3, 13, 4, 0, 2, 12, 11, 6]",5.4269929
./random_graph_db/graph_db_node_16/10_p0.7/10_graph_n16_p0.7_idx2.gpickle,16,0.7,2,5,35,109,"[3, 11, 1, 12, 4, 15, 9, 10, 14, 0, 7, 2, 5, 8, 13, 6]",5.4891448
./random_graph_db/graph_db_node_16/10_p0.7/10_graph_n16_p0.7_idx3.gpickle,16,0.7,3,5,33,102,"[7, 14, 11, 0, 10, 4, 3, 9, 15, 13, 5, 8, 12, 1, 2, 6]",5.5690181
./random_graph_db/graph_db_node_16/10_p0.7/10_graph_n16_p0.7_idx4.gpickle,16,0.7,4,5,26,80,"[14, 6, 8, 10, 0, 15, 5, 11, 7, 3, 12, 13, 2, 4, 1, 9]",5.656251
./random_graph_db/graph_db_node_16/10_p0.7/10_graph_n16_p0.7_idx5.gpickle,16,0.7,5,5,27,90,"[0, 13, 1, 6, 9, 14, 2, 15, 3, 12, 11, 7, 10, 4, 8, 5]",5.3861141
./random_graph_db/graph_db_node_16/10_p0.7/10_graph_n16_p0.7_idx6.gpickle,16,0.7,6,5,30,89,"[6, 15, 4, 3, 2, 0, 9, 13, 5, 11, 14, 12, 8, 1, 7, 10]",5.522294
./random_graph_db/graph_db_node_16/10_p0.7/10_graph_n16_p0.7_idx7.gpickle,16,0.7,7,5,29,94,"[12, 0, 15, 4, 14, 9, 1, 7, 8, 6, 13, 3, 5, 11, 10, 2]",5.3954177
./random_graph_db/graph_db_node_16/10_p0.7/10_graph_n16_p0.7_idx8.gpickle,16,0.7,8,6,39,116,"[13, 6, 15, 1, 11, 0, 8, 5, 10, 7, 2, 4, 9, 12, 14, 3]",5.4451032
./random_graph_db/graph_db_node_16/10_p0.7/10_graph_n16_p0.7_idx9.gpickle,16,0.7,9,5,32,105,"[4, 12, 8, 9, 5, 14, 6, 0, 15, 7, 13, 11, 10, 2, 3, 1]",5.3815091
./random_graph_db/graph_db_node_16/11_p0.8/11_graph_n16_p0.8_idx1.gpickle,16,0.8,1,3,12,50,"[8, 6, 2, 12, 7, 5, 13, 4, 0, 11, 3, 15, 1, 14, 9, 10]",5.414474
./random_graph_db/graph_db_node_16/11_p0.8/11_graph_n16_p0.8_idx10.gpickle,16,0.8,10,4,15,43,"[0, 9, 2, 7, 1, 13, 11, 6, 3, 4, 10, 5, 15, 14, 8, 12]",5.2141299
./random_graph_db/graph_db_node_16/11_p0.8/11_graph_n16_p0.8_idx2.gpickle,16,0.8,2,3,10,42,"[2, 10, 0, 9, 12, 7, 1, 13, 6, 14, 5, 3, 4, 8, 15, 11]",4.9778829
./random_graph_db/graph_db_node_16/11_p0.8/11_graph_n16_p0.8_idx3.gpickle,16,0.8,3,4,21,72,"[13, 11, 9, 6, 4, 5, 7, 3, 12, 15, 1, 0, 14, 2, 10, 8]",5.449898
./random_graph_db/graph_db_node_16/11_p0.8/11_graph_n16_p0.8_idx4.gpickle,16,0.8,4,5,27,85,"[14, 1, 10, 12, 6, 7, 13, 15, 2, 0, 11, 3, 5, 8, 9, 4]",5.300334
./random_graph_db/graph_db_node_16/11_p0.8/11_graph_n16_p0.8_idx5.gpickle,16,0.8,5,3,16,63,"[5, 4, 6, 3, 13, 10, 14, 11, 0, 8, 1, 2, 7, 15, 9, 12]",5.05758
./random_graph_db/graph_db_node_16/11_p0.8/11_graph_n16_p0.8_idx6.gpickle,16,0.8,6,4,21,57,"[0, 13, 8, 1, 5, 3, 2, 14, 4, 7, 6, 12, 10, 9, 11, 15]",5.408601
./random_graph_db/graph_db_node_16/11_p0.8/11_graph_n16_p0.8_idx7.gpickle,16,0.8,7,4,20,68,"[1, 12, 5, 15, 11, 10, 7, 14, 13, 4, 6, 9, 2, 0, 8, 3]",5.1371181
./random_graph_db/graph_db_node_16/11_p0.8/11_graph_n16_p0.8_idx8.gpickle,16,0.8,8,4,21,64,"[2, 7, 8, 0, 5, 12, 1, 3, 11, 4, 15, 9, 14, 13, 10, 6]",5.222641
./random_graph_db/graph_db_node_16/11_p0.8/11_graph_n16_p0.8_idx9.gpickle,16,0.8,9,4,15,44,"[4, 3, 12, 15, 13, 5, 1, 2, 11, 10, 0, 7, 14, 6, 8, 9]",5.4673033
./random_graph_db/graph_db_node_16/12_p0.9/12_graph_n16_p0.9_idx1.gpickle,16,0.9,1,3,8,39,"[0, 14, 5, 4, 7, 11, 1, 3, 6, 15, 9, 13, 8, 2, 10, 12]",4.7589037
./random_graph_db/graph_db_node_16/12_p0.9/12_graph_n16_p0.9_idx10.gpickle,16,0.9,10,3,10,48,"[4, 15, 13, 10, 7, 2, 9, 6, 5, 11, 14, 1, 3, 0, 8, 12]",4.9614298
./random_graph_db/graph_db_node_16/12_p0.9/12_graph_n16_p0.9_idx2.gpickle,16,0.9,2,3,7,28,"[9, 11, 13, 8, 3, 10, 14, 2, 15, 7, 0, 4, 6, 5, 12, 1]",5.1783211
./random_graph_db/graph_db_node_16/12_p0.9/12_graph_n16_p0.9_idx3.gpickle,16,0.9,3,3,8,42,"[12, 14, 3, 15, 6, 11, 9, 10, 2, 4, 7, 13, 1, 8, 5, 0]",4.9973211
./random_graph_db/graph_db_node_16/12_p0.9/12_graph_n16_p0.9_idx4.gpickle,16,0.9,4,4,16,50,"[4, 6, 9, 8, 13, 3, 15, 0, 14, 5, 2, 12, 11, 7, 1, 10]",5.1568332
./random_graph_db/graph_db_node_16/12_p0.9/12_graph_n16_p0.9_idx5.gpickle,16,0.9,5,2,8,42,"[6, 7, 8, 12, 13, 0, 3, 9, 10, 2, 14, 11, 5, 4, 1, 15]",4.761858
./random_graph_db/graph_db_node_16/12_p0.9/12_graph_n16_p0.9_idx6.gpickle,16,0.9,6,2,4,24,"[10, 6, 9, 8, 7, 5, 14, 15, 4, 13, 3, 11, 2, 1, 0, 12]",4.8482769
./random_graph_db/graph_db_node_16/12_p0.9/12_graph_n16_p0.9_idx7.gpickle,16,0.9,7,3,7,33,"[1, 12, 8, 9, 3, 11, 0, 2, 7, 5, 15, 6, 10, 13, 4, 14]",4.8895471
./random_graph_db/graph_db_node_16/12_p0.9/12_graph_n16_p0.9_idx8.gpickle,16,0.9,8,3,14,49,"[8, 0, 1, 3, 10, 9, 11, 7, 5, 14, 4, 2, 6, 12, 13, 15]",5.0887339
./random_graph_db/graph_db_node_16/12_p0.9/12_graph_n16_p0.9_idx9.gpickle,16,0.9,9,3,10,47,"[2, 4, 6, 5, 12, 10, 7, 8, 0, 11, 13, 9, 15, 14, 1, 3]",4.946461
./random_graph_db/graph_db_node_17/01_p0.1/01_graph_n17_p0.1_idx1.gpickle,17,0.1,1,2,2,23,"[8, 4, 7, 13, 12, 15, 11, 3, 9, 10, 2, 1, 5, 16, 14, 6, 0]",5.0400593
./random_graph_db/graph_db_node_17/01_p0.1/01_graph_n17_p0.1_idx10.gpickle,17,0.1,10,3,9,44,"[14, 12, 13, 4, 1, 5, 0, 10, 9, 8, 3, 16, 6, 15, 11, 7, 2]",5.1870539
./random_graph_db/graph_db_node_17/01_p0.1/01_graph_n17_p0.1_idx2.gpickle,17,0.1,2,2,2,23,"[2, 9, 12, 14, 13, 6, 0, 16, 11, 4, 3, 5, 1, 8, 15, 10, 7]",4.95416
./random_graph_db/graph_db_node_17/01_p0.1/01_graph_n17_p0.1_idx3.gpickle,17,0.1,3,3,7,39,"[5, 15, 0, 6, 7, 16, 2, 11, 14, 1, 8, 4, 3, 13, 10, 9, 12]",12.1716259
./random_graph_db/graph_db_node_17/01_p0.1/01_graph_n17_p0.1_idx4.gpickle,17,0.1,4,2,3,22,"[6, 16, 15, 13, 3, 11, 4, 5, 2, 14, 0, 9, 7, 10, 1, 8, 12]",5.0337868
./random_graph_db/graph_db_node_17/01_p0.1/01_graph_n17_p0.1_idx5.gpickle,17,0.1,5,3,10,32,"[16, 8, 7, 2, 6, 3, 14, 15, 11, 12, 1, 10, 9, 4, 13, 0, 5]",5.519691
./random_graph_db/graph_db_node_17/01_p0.1/01_graph_n17_p0.1_idx6.gpickle,17,0.1,6,2,3,24,"[5, 6, 15, 12, 13, 3, 2, 1, 9, 14, 0, 4, 11, 7, 16, 8, 10]",5.3000941
./random_graph_db/graph_db_node_17/01_p0.1/01_graph_n17_p0.1_idx7.gpickle,17,0.1,7,2,2,26,"[10, 7, 6, 8, 5, 13, 12, 0, 2, 16, 3, 1, 9, 14, 11, 15, 4]",4.9571352
./random_graph_db/graph_db_node_17/01_p0.1/01_graph_n17_p0.1_idx8.gpickle,17,0.1,8,3,5,27,"[8, 16, 0, 11, 3, 4, 7, 14, 5, 9, 12, 6, 2, 15, 13, 1, 10]",5.1809509
./random_graph_db/graph_db_node_17/01_p0.1/01_graph_n17_p0.1_idx9.gpickle,17,0.1,9,2,3,27,"[5, 3, 4, 15, 11, 6, 16, 7, 2, 8, 10, 12, 14, 0, 9, 1, 13]",4.9988389
./random_graph_db/graph_db_node_17/02_p0.2/02_graph_n17_p0.2_idx1.gpickle,17,0.2,1,4,16,56,"[4, 2, 10, 12, 9, 7, 3, 8, 5, 0, 6, 11, 13, 16, 15, 14, 1]",5.546711
./random_graph_db/graph_db_node_17/02_p0.2/02_graph_n17_p0.2_idx10.gpickle,17,0.2,10,3,9,38,"[5, 9, 8, 6, 3, 14, 10, 16, 12, 1, 13, 15, 7, 4, 2, 11, 0]",5.2505748
./random_graph_db/graph_db_node_17/02_p0.2/02_graph_n17_p0.2_idx2.gpickle,17,0.2,2,4,19,72,"[13, 2, 11, 0, 6, 7, 15, 16, 8, 12, 14, 10, 3, 4, 1, 5, 9]",5.5186722
./random_graph_db/graph_db_node_17/02_p0.2/02_graph_n17_p0.2_idx3.gpickle,17,0.2,3,4,22,77,"[3, 9, 16, 7, 13, 11, 15, 12, 2, 1, 8, 14, 5, 4, 10, 6, 0]",5.4694459
./random_graph_db/graph_db_node_17/02_p0.2/02_graph_n17_p0.2_idx4.gpickle,17,0.2,4,3,9,40,"[5, 6, 9, 13, 15, 3, 12, 1, 0, 14, 10, 7, 16, 2, 11, 8, 4]",5.6572196
./random_graph_db/graph_db_node_17/02_p0.2/02_graph_n17_p0.2_idx5.gpickle,17,0.2,5,5,15,57,"[7, 5, 14, 4, 16, 10, 0, 1, 2, 3, 8, 12, 15, 9, 13, 11, 6]",5.442704
./random_graph_db/graph_db_node_17/02_p0.2/02_graph_n17_p0.2_idx6.gpickle,17,0.2,6,4,15,54,"[15, 9, 0, 3, 7, 16, 8, 1, 4, 10, 12, 14, 11, 2, 5, 6, 13]",5.4843881
./random_graph_db/graph_db_node_17/02_p0.2/02_graph_n17_p0.2_idx7.gpickle,17,0.2,7,4,12,39,"[13, 0, 3, 2, 16, 11, 4, 7, 10, 9, 5, 1, 15, 8, 6, 12, 14]",5.358829
./random_graph_db/graph_db_node_17/02_p0.2/02_graph_n17_p0.2_idx8.gpickle,17,0.2,8,4,12,49,"[7, 12, 4, 15, 16, 0, 3, 2, 9, 5, 10, 13, 11, 8, 6, 14, 1]",5.562326
./random_graph_db/graph_db_node_17/02_p0.2/02_graph_n17_p0.2_idx9.gpickle,17,0.2,9,5,27,72,"[5, 6, 0, 1, 8, 4, 13, 14, 7, 2, 15, 9, 12, 11, 16, 10, 3]",5.711189
./random_graph_db/graph_db_node_17/03_p0.3/03_graph_n17_p0.3_idx1.gpickle,17,0.3,1,5,23,68,"[4, 11, 16, 13, 5, 6, 15, 8, 10, 1, 0, 3, 2, 7, 9, 12, 14]",5.5685167
./random_graph_db/graph_db_node_17/03_p0.3/03_graph_n17_p0.3_idx10.gpickle,17,0.3,10,5,25,68,"[7, 9, 11, 16, 15, 14, 1, 12, 13, 10, 0, 6, 8, 2, 3, 4, 5]",5.9623487
./random_graph_db/graph_db_node_17/03_p0.3/03_graph_n17_p0.3_idx2.gpickle,17,0.3,2,5,22,83,"[1, 13, 15, 11, 7, 0, 14, 8, 10, 3, 5, 12, 16, 6, 2, 9, 4]",5.8779719
./random_graph_db/graph_db_node_17/03_p0.3/03_graph_n17_p0.3_idx3.gpickle,17,0.3,3,4,20,70,"[6, 7, 9, 5, 2, 13, 14, 16, 8, 15, 10, 0, 1, 11, 12, 4, 3]",5.78982
./random_graph_db/graph_db_node_17/03_p0.3/03_graph_n17_p0.3_idx4.gpickle,17,0.3,4,5,31,101,"[9, 8, 2, 0, 4, 3, 10, 14, 15, 5, 1, 12, 16, 7, 11, 6, 13]",6.205162
./random_graph_db/graph_db_node_17/03_p0.3/03_graph_n17_p0.3_idx5.gpickle,17,0.3,5,5,24,83,"[7, 11, 1, 0, 6, 13, 9, 4, 3, 5, 8, 12, 16, 10, 15, 2, 14]",5.8380229
./random_graph_db/graph_db_node_17/03_p0.3/03_graph_n17_p0.3_idx6.gpickle,17,0.3,6,5,32,89,"[9, 6, 1, 5, 10, 2, 3, 12, 13, 4, 0, 7, 16, 8, 11, 14, 15]",5.8215299
./random_graph_db/graph_db_node_17/03_p0.3/03_graph_n17_p0.3_idx7.gpickle,17,0.3,7,5,28,69,"[9, 5, 11, 2, 12, 10, 1, 0, 4, 13, 6, 14, 15, 7, 8, 16, 3]",5.9521279
./random_graph_db/graph_db_node_17/03_p0.3/03_graph_n17_p0.3_idx8.gpickle,17,0.3,8,5,30,101,"[10, 5, 0, 11, 7, 12, 8, 14, 16, 13, 2, 6, 3, 4, 9, 15, 1]",5.79667
./random_graph_db/graph_db_node_17/03_p0.3/03_graph_n17_p0.3_idx9.gpickle,17,0.3,9,5,30,90,"[12, 11, 9, 14, 8, 4, 10, 0, 2, 15, 6, 13, 16, 1, 5, 7, 3]",5.7598407
./random_graph_db/graph_db_node_17/04_p0.4/04_graph_n17_p0.4_idx1.gpickle,17,0.4,1,5,35,118,"[11, 12, 6, 8, 14, 13, 7, 4, 1, 16, 0, 3, 5, 10, 15, 2, 9]",6.0898831
./random_graph_db/graph_db_node_17/04_p0.4/04_graph_n17_p0.4_idx10.gpickle,17,0.4,10,5,32,107,"[15, 8, 6, 9, 0, 16, 11, 13, 12, 10, 7, 5, 1, 2, 4, 14, 3]",5.8762751
./random_graph_db/graph_db_node_17/04_p0.4/04_graph_n17_p0.4_idx2.gpickle,17,0.4,2,5,29,102,"[2, 7, 8, 14, 16, 4, 5, 13, 10, 3, 9, 12, 15, 1, 6, 0, 11]",6.0588059
./random_graph_db/graph_db_node_17/04_p0.4/04_graph_n17_p0.4_idx3.gpickle,17,0.4,3,5,29,85,"[8, 16, 10, 9, 3, 2, 12, 0, 1, 7, 11, 4, 14, 13, 5, 15, 6]",5.8141782
./random_graph_db/graph_db_node_17/04_p0.4/04_graph_n17_p0.4_idx4.gpickle,17,0.4,4,6,34,93,"[12, 1, 2, 6, 16, 14, 9, 0, 15, 10, 8, 11, 13, 4, 3, 7, 5]",5.7761741
./random_graph_db/graph_db_node_17/04_p0.4/04_graph_n17_p0.4_idx5.gpickle,17,0.4,5,5,37,114,"[2, 9, 13, 8, 14, 6, 16, 12, 11, 15, 0, 1, 3, 7, 10, 4, 5]",6.0846672
./random_graph_db/graph_db_node_17/04_p0.4/04_graph_n17_p0.4_idx6.gpickle,17,0.4,6,6,38,112,"[2, 6, 3, 13, 4, 10, 14, 1, 16, 11, 12, 5, 7, 8, 15, 9, 0]",5.921972
./random_graph_db/graph_db_node_17/04_p0.4/04_graph_n17_p0.4_idx7.gpickle,17,0.4,7,5,31,91,"[9, 12, 3, 0, 1, 4, 14, 7, 13, 10, 15, 2, 5, 8, 11, 16, 6]",6.2276049
./random_graph_db/graph_db_node_17/04_p0.4/04_graph_n17_p0.4_idx8.gpickle,17,0.4,8,5,33,99,"[12, 13, 9, 11, 2, 14, 4, 10, 7, 3, 16, 8, 0, 1, 6, 15, 5]",5.8078492
./random_graph_db/graph_db_node_17/04_p0.4/04_graph_n17_p0.4_idx9.gpickle,17,0.4,9,6,38,102,"[6, 5, 13, 11, 1, 0, 7, 8, 10, 12, 2, 9, 15, 14, 16, 4, 3]",5.8350856
./random_graph_db/graph_db_node_17/05_p0.45/05_graph_n17_p0.45_idx1.gpickle,17,0.45,1,5,42,135,"[4, 13, 5, 6, 7, 3, 1, 8, 12, 9, 14, 11, 15, 16, 0, 2, 10]",5.9014709
./random_graph_db/graph_db_node_17/05_p0.45/05_graph_n17_p0.45_idx10.gpickle,17,0.45,10,6,42,108,"[5, 2, 9, 13, 12, 14, 6, 15, 16, 7, 11, 8, 1, 0, 3, 4, 10]",6.0830989
./random_graph_db/graph_db_node_17/05_p0.45/05_graph_n17_p0.45_idx2.gpickle,17,0.45,2,6,43,129,"[6, 8, 16, 13, 2, 0, 5, 11, 1, 10, 4, 15, 14, 12, 9, 7, 3]",6.115561
./random_graph_db/graph_db_node_17/05_p0.45/05_graph_n17_p0.45_idx3.gpickle,17,0.45,3,5,31,103,"[1, 12, 2, 5, 3, 6, 16, 8, 0, 7, 10, 9, 4, 15, 14, 13, 11]",5.8473132
./random_graph_db/graph_db_node_17/05_p0.45/05_graph_n17_p0.45_idx4.gpickle,17,0.45,4,6,38,106,"[16, 10, 13, 8, 3, 4, 5, 15, 11, 6, 1, 12, 7, 9, 0, 2, 14]",6.1958921
./random_graph_db/graph_db_node_17/05_p0.45/05_graph_n17_p0.45_idx5.gpickle,17,0.45,5,6,42,109,"[16, 12, 7, 4, 8, 13, 15, 6, 0, 11, 5, 10, 9, 14, 3, 1, 2]",6.3672776
./random_graph_db/graph_db_node_17/05_p0.45/05_graph_n17_p0.45_idx6.gpickle,17,0.45,6,6,38,122,"[9, 8, 13, 0, 10, 15, 14, 11, 4, 3, 2, 5, 7, 16, 6, 12, 1]",6.0320408
./random_graph_db/graph_db_node_17/05_p0.45/05_graph_n17_p0.45_idx7.gpickle,17,0.45,7,5,28,104,"[7, 5, 8, 16, 11, 1, 13, 9, 12, 10, 3, 2, 6, 15, 0, 4, 14]",5.7847712
./random_graph_db/graph_db_node_17/05_p0.45/05_graph_n17_p0.45_idx8.gpickle,17,0.45,8,6,41,121,"[16, 0, 8, 4, 5, 6, 3, 15, 14, 12, 10, 11, 7, 13, 1, 9, 2]",6.2079632
./random_graph_db/graph_db_node_17/05_p0.45/05_graph_n17_p0.45_idx9.gpickle,17,0.45,9,6,32,108,"[3, 0, 2, 13, 4, 12, 11, 7, 8, 14, 5, 1, 10, 6, 15, 9, 16]",5.9678771
./random_graph_db/graph_db_node_17/06_p0.5/06_graph_n17_p0.5_idx1.gpickle,17,0.5,1,6,38,107,"[10, 14, 16, 4, 9, 15, 1, 0, 6, 3, 13, 11, 7, 12, 2, 8, 5]",6.025629
./random_graph_db/graph_db_node_17/06_p0.5/06_graph_n17_p0.5_idx10.gpickle,17,0.5,10,6,42,114,"[4, 5, 3, 6, 15, 2, 1, 8, 11, 12, 16, 13, 9, 14, 0, 7, 10]",6.150733
./random_graph_db/graph_db_node_17/06_p0.5/06_graph_n17_p0.5_idx2.gpickle,17,0.5,2,6,41,130,"[13, 16, 7, 8, 10, 1, 6, 9, 3, 5, 12, 4, 15, 11, 14, 2, 0]",6.3607852
./random_graph_db/graph_db_node_17/06_p0.5/06_graph_n17_p0.5_idx3.gpickle,17,0.5,3,6,44,122,"[6, 15, 14, 7, 3, 4, 8, 9, 12, 10, 11, 1, 5, 0, 2, 13, 16]",6.0738592
./random_graph_db/graph_db_node_17/06_p0.5/06_graph_n17_p0.5_idx4.gpickle,17,0.5,4,5,35,105,"[14, 6, 8, 12, 0, 1, 10, 7, 4, 15, 16, 9, 13, 3, 11, 2, 5]",6.2371089
./random_graph_db/graph_db_node_17/06_p0.5/06_graph_n17_p0.5_idx5.gpickle,17,0.5,5,6,50,127,"[1, 12, 8, 5, 6, 10, 11, 15, 13, 3, 4, 16, 2, 9, 0, 14, 7]",6.1274331
./random_graph_db/graph_db_node_17/06_p0.5/06_graph_n17_p0.5_idx6.gpickle,17,0.5,6,5,35,114,"[9, 16, 11, 6, 1, 0, 8, 15, 3, 7, 5, 12, 10, 2, 4, 13, 14]",5.8751919
./random_graph_db/graph_db_node_17/06_p0.5/06_graph_n17_p0.5_idx7.gpickle,17,0.5,7,6,46,124,"[16, 5, 0, 9, 6, 15, 12, 2, 1, 10, 14, 13, 7, 11, 8, 4, 3]",6.196969
./random_graph_db/graph_db_node_17/06_p0.5/06_graph_n17_p0.5_idx8.gpickle,17,0.5,8,6,43,111,"[15, 2, 7, 12, 3, 1, 8, 5, 6, 14, 4, 0, 11, 10, 9, 13, 16]",6.0675588
./random_graph_db/graph_db_node_17/06_p0.5/06_graph_n17_p0.5_idx9.gpickle,17,0.5,9,6,40,117,"[6, 8, 7, 16, 1, 2, 10, 12, 9, 14, 15, 11, 13, 4, 5, 0, 3]",5.8999512
./random_graph_db/graph_db_node_17/07_p0.55/07_graph_n17_p0.55_idx1.gpickle,17,0.55,1,6,42,122,"[8, 14, 9, 1, 6, 10, 11, 16, 5, 2, 7, 13, 12, 0, 15, 4, 3]",6.1879182
./random_graph_db/graph_db_node_17/07_p0.55/07_graph_n17_p0.55_idx10.gpickle,17,0.55,10,6,42,119,"[1, 6, 0, 10, 15, 2, 5, 4, 9, 11, 7, 8, 13, 12, 3, 14, 16]",5.96736
./random_graph_db/graph_db_node_17/07_p0.55/07_graph_n17_p0.55_idx2.gpickle,17,0.55,2,6,38,121,"[6, 11, 13, 12, 2, 15, 9, 8, 7, 0, 5, 4, 3, 1, 10, 14, 16]",5.9897799
./random_graph_db/graph_db_node_17/07_p0.55/07_graph_n17_p0.55_idx3.gpickle,17,0.55,3,6,48,122,"[10, 7, 11, 4, 6, 2, 3, 0, 5, 12, 13, 8, 1, 14, 16, 9, 15]",5.9989891
./random_graph_db/graph_db_node_17/07_p0.55/07_graph_n17_p0.55_idx4.gpickle,17,0.55,4,5,33,93,"[11, 6, 7, 9, 0, 5, 10, 8, 4, 12, 16, 1, 2, 15, 13, 14, 3]",6.1733351
./random_graph_db/graph_db_node_17/07_p0.55/07_graph_n17_p0.55_idx5.gpickle,17,0.55,5,6,39,116,"[11, 6, 10, 13, 7, 14, 0, 5, 12, 3, 15, 4, 16, 9, 8, 2, 1]",5.9553528
./random_graph_db/graph_db_node_17/07_p0.55/07_graph_n17_p0.55_idx6.gpickle,17,0.55,6,6,36,96,"[10, 4, 5, 14, 1, 3, 0, 2, 8, 11, 9, 12, 16, 13, 7, 6, 15]",6.1691389
./random_graph_db/graph_db_node_17/07_p0.55/07_graph_n17_p0.55_idx7.gpickle,17,0.55,7,6,42,122,"[0, 5, 10, 15, 6, 4, 2, 16, 12, 7, 14, 3, 9, 11, 1, 13, 8]",6.1032047
./random_graph_db/graph_db_node_17/07_p0.55/07_graph_n17_p0.55_idx8.gpickle,17,0.55,8,6,47,122,"[2, 1, 10, 3, 7, 6, 5, 12, 11, 13, 9, 4, 15, 16, 0, 14, 8]",6.0606642
./random_graph_db/graph_db_node_17/07_p0.55/07_graph_n17_p0.55_idx9.gpickle,17,0.55,9,6,44,138,"[10, 9, 14, 13, 11, 12, 16, 1, 8, 4, 15, 2, 0, 6, 7, 5, 3]",5.9603209
./random_graph_db/graph_db_node_17/08_p0.6/08_graph_n17_p0.6_idx1.gpickle,17,0.6,1,6,38,116,"[6, 11, 3, 2, 10, 15, 16, 7, 9, 0, 8, 1, 5, 14, 13, 4, 12]",5.9396789
./random_graph_db/graph_db_node_17/08_p0.6/08_graph_n17_p0.6_idx10.gpickle,17,0.6,10,6,37,108,"[9, 14, 13, 8, 4, 1, 0, 10, 16, 3, 15, 7, 12, 2, 6, 5, 11]",6.0916369
./random_graph_db/graph_db_node_17/08_p0.6/08_graph_n17_p0.6_idx2.gpickle,17,0.6,2,6,43,125,"[12, 11, 2, 14, 0, 3, 1, 6, 5, 10, 15, 16, 8, 4, 13, 7, 9]",5.9175596
./random_graph_db/graph_db_node_17/08_p0.6/08_graph_n17_p0.6_idx3.gpickle,17,0.6,3,5,37,116,"[4, 1, 11, 14, 5, 13, 16, 0, 6, 15, 2, 3, 9, 12, 7, 10, 8]",5.8219762
./random_graph_db/graph_db_node_17/08_p0.6/08_graph_n17_p0.6_idx4.gpickle,17,0.6,4,6,42,132,"[6, 12, 10, 16, 11, 5, 4, 0, 1, 15, 7, 3, 8, 13, 9, 2, 14]",6.4260643
./random_graph_db/graph_db_node_17/08_p0.6/08_graph_n17_p0.6_idx5.gpickle,17,0.6,5,5,34,110,"[14, 7, 16, 8, 1, 9, 0, 3, 10, 11, 6, 2, 5, 15, 4, 12, 13]",6.0109701
./random_graph_db/graph_db_node_17/08_p0.6/08_graph_n17_p0.6_idx6.gpickle,17,0.6,6,5,34,110,"[2, 16, 11, 8, 9, 3, 4, 13, 14, 12, 15, 6, 1, 5, 0, 7, 10]",5.9660747
./random_graph_db/graph_db_node_17/08_p0.6/08_graph_n17_p0.6_idx7.gpickle,17,0.6,7,5,33,103,"[9, 3, 12, 6, 7, 11, 14, 16, 2, 0, 10, 13, 4, 1, 15, 5, 8]",5.861249
./random_graph_db/graph_db_node_17/08_p0.6/08_graph_n17_p0.6_idx8.gpickle,17,0.6,8,6,42,120,"[9, 5, 16, 10, 4, 14, 6, 0, 1, 3, 13, 15, 8, 2, 12, 11, 7]",6.0714409
./random_graph_db/graph_db_node_17/08_p0.6/08_graph_n17_p0.6_idx9.gpickle,17,0.6,9,6,45,128,"[3, 14, 15, 12, 0, 5, 8, 1, 7, 10, 6, 16, 2, 9, 13, 11, 4]",5.932277
./random_graph_db/graph_db_node_17/09_p0.65/09_graph_n17_p0.65_idx1.gpickle,17,0.65,1,5,36,109,"[16, 9, 11, 8, 6, 5, 12, 15, 2, 0, 1, 3, 7, 13, 4, 14, 10]",5.8506839
./random_graph_db/graph_db_node_17/09_p0.65/09_graph_n17_p0.65_idx10.gpickle,17,0.65,10,6,47,140,"[9, 11, 10, 8, 3, 2, 5, 13, 1, 6, 14, 12, 0, 4, 7, 15, 16]",6.4476609
./random_graph_db/graph_db_node_17/09_p0.65/09_graph_n17_p0.65_idx2.gpickle,17,0.65,2,6,44,137,"[1, 13, 6, 8, 2, 9, 12, 16, 7, 4, 15, 5, 10, 11, 0, 14, 3]",5.9325318
./random_graph_db/graph_db_node_17/09_p0.65/09_graph_n17_p0.65_idx3.gpickle,17,0.65,3,6,38,108,"[11, 12, 8, 10, 3, 5, 16, 7, 0, 2, 1, 9, 13, 15, 4, 14, 6]",5.9284232
./random_graph_db/graph_db_node_17/09_p0.65/09_graph_n17_p0.65_idx4.gpickle,17,0.65,4,6,50,133,"[11, 1, 10, 3, 7, 9, 0, 2, 5, 4, 6, 8, 14, 13, 15, 12, 16]",6.3755291
./random_graph_db/graph_db_node_17/09_p0.65/09_graph_n17_p0.65_idx5.gpickle,17,0.65,5,5,28,86,"[14, 3, 5, 16, 6, 13, 9, 10, 0, 2, 8, 11, 4, 1, 15, 12, 7]",5.8338101
./random_graph_db/graph_db_node_17/09_p0.65/09_graph_n17_p0.65_idx6.gpickle,17,0.65,6,5,31,105,"[11, 10, 5, 7, 13, 4, 14, 0, 15, 2, 9, 16, 6, 1, 8, 3, 12]",5.881459
./random_graph_db/graph_db_node_17/09_p0.65/09_graph_n17_p0.65_idx7.gpickle,17,0.65,7,5,40,132,"[15, 1, 8, 12, 11, 5, 0, 10, 13, 7, 14, 3, 2, 9, 4, 6, 16]",5.8481839
./random_graph_db/graph_db_node_17/09_p0.65/09_graph_n17_p0.65_idx8.gpickle,17,0.65,8,6,44,119,"[7, 0, 15, 4, 16, 2, 1, 14, 6, 9, 8, 13, 12, 10, 5, 3, 11]",6.1129801
./random_graph_db/graph_db_node_17/09_p0.65/09_graph_n17_p0.65_idx9.gpickle,17,0.65,9,5,33,112,"[11, 2, 7, 6, 14, 15, 4, 16, 3, 13, 8, 1, 9, 10, 12, 0, 5]",5.8247664
./random_graph_db/graph_db_node_17/10_p0.7/10_graph_n17_p0.7_idx1.gpickle,17,0.7,1,4,21,63,"[2, 14, 3, 12, 16, 6, 9, 0, 10, 8, 13, 15, 1, 5, 4, 11, 7]",5.7817039
./random_graph_db/graph_db_node_17/10_p0.7/10_graph_n17_p0.7_idx10.gpickle,17,0.7,10,5,32,96,"[6, 3, 13, 0, 9, 16, 14, 11, 5, 1, 15, 8, 7, 2, 4, 10, 12]",6.0826843
./random_graph_db/graph_db_node_17/10_p0.7/10_graph_n17_p0.7_idx2.gpickle,17,0.7,2,6,30,77,"[12, 10, 7, 0, 15, 2, 14, 5, 16, 3, 11, 1, 8, 6, 13, 9, 4]",5.8210702
./random_graph_db/graph_db_node_17/10_p0.7/10_graph_n17_p0.7_idx3.gpickle,17,0.7,3,6,40,113,"[12, 14, 10, 15, 9, 1, 0, 13, 6, 7, 5, 16, 11, 4, 3, 2, 8]",5.9075468
./random_graph_db/graph_db_node_17/10_p0.7/10_graph_n17_p0.7_idx4.gpickle,17,0.7,4,5,34,107,"[8, 2, 13, 0, 7, 4, 9, 1, 11, 12, 5, 16, 6, 15, 3, 10, 14]",6.3287759
./random_graph_db/graph_db_node_17/10_p0.7/10_graph_n17_p0.7_idx5.gpickle,17,0.7,5,6,35,96,"[6, 10, 16, 11, 3, 9, 1, 15, 5, 12, 4, 13, 0, 14, 7, 8, 2]",6.138536
./random_graph_db/graph_db_node_17/10_p0.7/10_graph_n17_p0.7_idx6.gpickle,17,0.7,6,5,28,91,"[11, 12, 14, 3, 0, 4, 2, 8, 5, 10, 13, 7, 15, 16, 9, 6, 1]",5.811682
./random_graph_db/graph_db_node_17/10_p0.7/10_graph_n17_p0.7_idx7.gpickle,17,0.7,7,6,41,120,"[11, 5, 13, 2, 7, 1, 15, 14, 4, 12, 10, 3, 0, 6, 16, 9, 8]",5.9842508
./random_graph_db/graph_db_node_17/10_p0.7/10_graph_n17_p0.7_idx8.gpickle,17,0.7,8,5,32,94,"[2, 5, 16, 15, 12, 8, 7, 0, 4, 13, 3, 10, 1, 6, 14, 9, 11]",6.0484321
./random_graph_db/graph_db_node_17/10_p0.7/10_graph_n17_p0.7_idx9.gpickle,17,0.7,9,6,39,115,"[5, 0, 11, 8, 4, 14, 3, 12, 9, 13, 10, 1, 2, 7, 6, 16, 15]",5.9343419
./random_graph_db/graph_db_node_17/11_p0.8/11_graph_n17_p0.8_idx1.gpickle,17,0.8,1,5,28,90,"[9, 1, 7, 16, 10, 2, 3, 12, 8, 5, 4, 15, 13, 14, 11, 0, 6]",5.6628308
./random_graph_db/graph_db_node_17/11_p0.8/11_graph_n17_p0.8_idx10.gpickle,17,0.8,10,5,27,90,"[9, 5, 4, 8, 3, 13, 15, 12, 10, 11, 0, 16, 7, 14, 1, 2, 6]",5.7968588
./random_graph_db/graph_db_node_17/11_p0.8/11_graph_n17_p0.8_idx2.gpickle,17,0.8,2,3,11,51,"[6, 15, 0, 13, 9, 14, 11, 12, 7, 5, 3, 16, 4, 8, 2, 1, 10]",5.3708701
./random_graph_db/graph_db_node_17/11_p0.8/11_graph_n17_p0.8_idx3.gpickle,17,0.8,3,5,31,92,"[11, 8, 4, 15, 10, 2, 9, 16, 3, 14, 0, 7, 1, 12, 13, 5, 6]",5.7722797
./random_graph_db/graph_db_node_17/11_p0.8/11_graph_n17_p0.8_idx4.gpickle,17,0.8,4,5,29,94,"[6, 0, 13, 1, 9, 4, 2, 7, 11, 16, 5, 15, 8, 12, 10, 3, 14]",5.7842071
./random_graph_db/graph_db_node_17/11_p0.8/11_graph_n17_p0.8_idx5.gpickle,17,0.8,5,4,23,63,"[9, 12, 2, 7, 8, 16, 3, 0, 13, 15, 14, 5, 10, 6, 11, 1, 4]",5.859195
./random_graph_db/graph_db_node_17/11_p0.8/11_graph_n17_p0.8_idx6.gpickle,17,0.8,6,4,23,78,"[10, 12, 14, 15, 6, 9, 11, 8, 16, 3, 4, 13, 2, 7, 0, 5, 1]",5.9547079
./random_graph_db/graph_db_node_17/11_p0.8/11_graph_n17_p0.8_idx7.gpickle,17,0.8,7,4,20,70,"[8, 4, 0, 6, 2, 3, 5, 16, 7, 15, 9, 10, 13, 14, 1, 11, 12]",5.5196528
./random_graph_db/graph_db_node_17/11_p0.8/11_graph_n17_p0.8_idx8.gpickle,17,0.8,8,4,20,66,"[2, 13, 0, 5, 1, 15, 10, 6, 14, 16, 12, 9, 4, 7, 11, 3, 8]",5.5005982
./random_graph_db/graph_db_node_17/11_p0.8/11_graph_n17_p0.8_idx9.gpickle,17,0.8,9,5,25,69,"[12, 0, 5, 11, 4, 8, 10, 1, 9, 2, 14, 6, 7, 16, 15, 3, 13]",5.8000751
./random_graph_db/graph_db_node_17/12_p0.9/12_graph_n17_p0.9_idx1.gpickle,17,0.9,1,3,13,53,"[4, 5, 2, 11, 1, 8, 6, 13, 14, 12, 3, 7, 0, 15, 9, 10, 16]",5.476429
./random_graph_db/graph_db_node_17/12_p0.9/12_graph_n17_p0.9_idx10.gpickle,17,0.9,10,3,9,40,"[6, 3, 8, 10, 13, 0, 14, 12, 5, 9, 11, 1, 15, 16, 7, 2, 4]",5.266916
./random_graph_db/graph_db_node_17/12_p0.9/12_graph_n17_p0.9_idx2.gpickle,17,0.9,2,3,9,37,"[4, 12, 10, 0, 6, 15, 16, 14, 5, 1, 11, 8, 2, 7, 9, 3, 13]",5.3864532
./random_graph_db/graph_db_node_17/12_p0.9/12_graph_n17_p0.9_idx3.gpickle,17,0.9,3,3,17,69,"[8, 0, 10, 3, 15, 7, 12, 1, 6, 2, 4, 11, 14, 16, 13, 5, 9]",5.6592381
./random_graph_db/graph_db_node_17/12_p0.9/12_graph_n17_p0.9_idx4.gpickle,17,0.9,4,4,19,60,"[10, 2, 15, 7, 3, 9, 0, 13, 5, 16, 12, 6, 8, 11, 1, 4, 14]",5.4696629
./random_graph_db/graph_db_node_17/12_p0.9/12_graph_n17_p0.9_idx5.gpickle,17,0.9,5,3,7,29,"[14, 16, 11, 7, 4, 5, 8, 10, 13, 6, 2, 15, 12, 9, 3, 0, 1]",5.381665
./random_graph_db/graph_db_node_17/12_p0.9/12_graph_n17_p0.9_idx6.gpickle,17,0.9,6,2,4,30,"[13, 4, 12, 0, 10, 6, 3, 15, 11, 14, 1, 8, 16, 2, 5, 9, 7]",4.9078829
./random_graph_db/graph_db_node_17/12_p0.9/12_graph_n17_p0.9_idx7.gpickle,17,0.9,7,3,9,43,"[1, 11, 7, 12, 14, 16, 8, 0, 2, 5, 4, 10, 9, 6, 3, 13, 15]",5.1215911
./random_graph_db/graph_db_node_17/12_p0.9/12_graph_n17_p0.9_idx8.gpickle,17,0.9,8,3,10,32,"[8, 13, 12, 6, 0, 4, 2, 1, 5, 9, 16, 7, 3, 15, 10, 11, 14]",5.3026249
./random_graph_db/graph_db_node_17/12_p0.9/12_graph_n17_p0.9_idx9.gpickle,17,0.9,9,3,11,44,"[8, 2, 1, 12, 13, 3, 4, 6, 10, 15, 0, 9, 7, 14, 5, 11, 16]",5.4961081
./random_graph_db/graph_db_node_18/01_p0.1/01_graph_n18_p0.1_idx1.gpickle,18,0.1,1,2,2,27,"[0, 15, 14, 5, 6, 11, 2, 8, 10, 12, 17, 7, 3, 16, 4, 1, 9, 13]",5.2951849
./random_graph_db/graph_db_node_18/01_p0.1/01_graph_n18_p0.1_idx10.gpickle,18,0.1,10,3,6,29,"[9, 12, 10, 13, 14, 5, 1, 2, 6, 7, 0, 16, 15, 4, 8, 17, 3, 11]",5.5911751
./random_graph_db/graph_db_node_18/01_p0.1/01_graph_n18_p0.1_idx2.gpickle,18,0.1,2,3,5,28,"[17, 16, 0, 8, 15, 14, 7, 3, 5, 6, 10, 1, 11, 9, 2, 12, 13, 4]",5.6873631
./random_graph_db/graph_db_node_18/01_p0.1/01_graph_n18_p0.1_idx3.gpickle,18,0.1,3,3,7,35,"[14, 9, 3, 13, 4, 2, 17, 8, 7, 15, 16, 11, 6, 12, 5, 10, 0, 1]",5.5627019
./random_graph_db/graph_db_node_18/01_p0.1/01_graph_n18_p0.1_idx4.gpickle,18,0.1,4,2,3,30,"[6, 8, 5, 13, 1, 16, 3, 0, 2, 12, 10, 17, 4, 14, 7, 15, 11, 9]",5.3933179
./random_graph_db/graph_db_node_18/01_p0.1/01_graph_n18_p0.1_idx5.gpickle,18,0.1,5,3,4,30,"[8, 14, 11, 16, 4, 9, 1, 6, 13, 3, 2, 0, 17, 7, 10, 15, 12, 5]",5.4422848
./random_graph_db/graph_db_node_18/01_p0.1/01_graph_n18_p0.1_idx6.gpickle,18,0.1,6,2,4,34,"[8, 11, 15, 16, 7, 17, 1, 12, 14, 0, 9, 13, 3, 4, 10, 5, 6, 2]",11.79914
./random_graph_db/graph_db_node_18/01_p0.1/01_graph_n18_p0.1_idx7.gpickle,18,0.1,7,3,6,32,"[8, 4, 15, 3, 17, 6, 1, 10, 11, 0, 7, 5, 12, 14, 2, 13, 16, 9]",5.5022242
./random_graph_db/graph_db_node_18/01_p0.1/01_graph_n18_p0.1_idx8.gpickle,18,0.1,8,3,4,38,"[17, 7, 10, 12, 5, 6, 14, 8, 4, 11, 0, 3, 16, 13, 15, 1, 9, 2]",12.4655209
./random_graph_db/graph_db_node_18/01_p0.1/01_graph_n18_p0.1_idx9.gpickle,18,0.1,9,2,5,34,"[14, 0, 8, 9, 13, 1, 15, 4, 6, 7, 2, 10, 11, 3, 17, 16, 5, 12]",5.444308
./random_graph_db/graph_db_node_18/02_p0.2/02_graph_n18_p0.2_idx1.gpickle,18,0.2,1,3,12,52,"[9, 8, 3, 11, 5, 13, 17, 14, 15, 1, 12, 0, 2, 7, 16, 10, 4, 6]",5.9103482
./random_graph_db/graph_db_node_18/02_p0.2/02_graph_n18_p0.2_idx10.gpickle,18,0.2,10,4,18,62,"[7, 16, 2, 14, 17, 12, 5, 8, 6, 1, 13, 3, 10, 4, 15, 9, 0, 11]",5.8625469
./random_graph_db/graph_db_node_18/02_p0.2/02_graph_n18_p0.2_idx2.gpickle,18,0.2,2,4,22,75,"[7, 0, 2, 12, 11, 1, 9, 15, 6, 14, 16, 5, 17, 13, 10, 8, 4, 3]",6.0652537
./random_graph_db/graph_db_node_18/02_p0.2/02_graph_n18_p0.2_idx3.gpickle,18,0.2,3,4,15,44,"[3, 10, 14, 12, 5, 2, 16, 6, 1, 9, 11, 4, 8, 15, 0, 17, 13, 7]",5.8947408
./random_graph_db/graph_db_node_18/02_p0.2/02_graph_n18_p0.2_idx4.gpickle,18,0.2,4,4,22,65,"[2, 0, 5, 14, 11, 16, 9, 3, 10, 7, 8, 17, 13, 6, 15, 4, 12, 1]",6.0182331
./random_graph_db/graph_db_node_18/02_p0.2/02_graph_n18_p0.2_idx5.gpickle,18,0.2,5,4,19,69,"[5, 3, 4, 13, 11, 16, 8, 9, 17, 6, 10, 14, 7, 0, 12, 15, 1, 2]",6.164288
./random_graph_db/graph_db_node_18/02_p0.2/02_graph_n18_p0.2_idx6.gpickle,18,0.2,6,4,14,45,"[1, 8, 12, 9, 13, 3, 5, 14, 16, 15, 4, 10, 7, 6, 2, 17, 11, 0]",5.9253011
./random_graph_db/graph_db_node_18/02_p0.2/02_graph_n18_p0.2_idx7.gpickle,18,0.2,7,4,15,65,"[8, 2, 11, 0, 6, 12, 17, 13, 5, 10, 3, 16, 14, 9, 1, 7, 15, 4]",6.025394
./random_graph_db/graph_db_node_18/02_p0.2/02_graph_n18_p0.2_idx8.gpickle,18,0.2,8,4,16,60,"[7, 0, 12, 14, 16, 17, 10, 9, 15, 6, 13, 3, 4, 11, 8, 1, 2, 5]",5.7755923
./random_graph_db/graph_db_node_18/02_p0.2/02_graph_n18_p0.2_idx9.gpickle,18,0.2,9,4,17,55,"[2, 15, 9, 6, 13, 10, 8, 16, 4, 11, 1, 17, 5, 7, 3, 0, 12, 14]",6.0276659
./random_graph_db/graph_db_node_18/03_p0.3/03_graph_n18_p0.3_idx1.gpickle,18,0.3,1,6,43,118,"[4, 15, 3, 1, 5, 17, 6, 16, 2, 12, 9, 0, 7, 8, 10, 13, 11, 14]",6.668505
./random_graph_db/graph_db_node_18/03_p0.3/03_graph_n18_p0.3_idx10.gpickle,18,0.3,10,5,26,65,"[7, 14, 11, 10, 4, 16, 13, 0, 8, 15, 6, 9, 5, 12, 17, 2, 3, 1]",6.123126
./random_graph_db/graph_db_node_18/03_p0.3/03_graph_n18_p0.3_idx2.gpickle,18,0.3,2,5,35,104,"[2, 7, 5, 4, 17, 15, 12, 16, 3, 6, 0, 9, 11, 13, 1, 14, 10, 8]",6.2049458
./random_graph_db/graph_db_node_18/03_p0.3/03_graph_n18_p0.3_idx3.gpickle,18,0.3,3,6,36,93,"[13, 8, 3, 1, 2, 17, 7, 9, 15, 12, 14, 10, 4, 11, 5, 6, 16, 0]",6.409914
./random_graph_db/graph_db_node_18/03_p0.3/03_graph_n18_p0.3_idx4.gpickle,18,0.3,4,5,36,105,"[16, 9, 2, 17, 12, 0, 6, 15, 7, 4, 14, 13, 3, 8, 1, 10, 5, 11]",6.5692911
./random_graph_db/graph_db_node_18/03_p0.3/03_graph_n18_p0.3_idx5.gpickle,18,0.3,5,6,34,92,"[4, 5, 3, 9, 14, 12, 7, 11, 2, 16, 15, 13, 17, 6, 1, 0, 8, 10]",6.7574658
./random_graph_db/graph_db_node_18/03_p0.3/03_graph_n18_p0.3_idx6.gpickle,18,0.3,6,6,29,95,"[17, 9, 16, 3, 13, 5, 15, 7, 4, 2, 6, 11, 1, 14, 0, 10, 8, 12]",6.4179101
./random_graph_db/graph_db_node_18/03_p0.3/03_graph_n18_p0.3_idx7.gpickle,18,0.3,7,5,33,99,"[10, 14, 0, 2, 16, 9, 8, 4, 15, 6, 7, 13, 17, 1, 5, 3, 11, 12]",6.5622642
./random_graph_db/graph_db_node_18/03_p0.3/03_graph_n18_p0.3_idx8.gpickle,18,0.3,8,6,35,96,"[12, 10, 17, 14, 7, 9, 16, 15, 3, 5, 4, 13, 1, 6, 0, 2, 8, 11]",6.40571
./random_graph_db/graph_db_node_18/03_p0.3/03_graph_n18_p0.3_idx9.gpickle,18,0.3,9,6,38,110,"[7, 5, 14, 1, 16, 8, 10, 6, 12, 9, 3, 11, 2, 0, 13, 17, 15, 4]",6.4784598
./random_graph_db/graph_db_node_18/04_p0.4/04_graph_n18_p0.4_idx1.gpickle,18,0.4,1,6,42,131,"[16, 2, 9, 11, 0, 3, 13, 10, 5, 15, 4, 14, 6, 8, 12, 7, 1, 17]",6.5274508
./random_graph_db/graph_db_node_18/04_p0.4/04_graph_n18_p0.4_idx10.gpickle,18,0.4,10,6,49,154,"[13, 2, 9, 4, 0, 12, 6, 17, 16, 5, 7, 11, 14, 15, 3, 8, 10, 1]",6.7214823
./random_graph_db/graph_db_node_18/04_p0.4/04_graph_n18_p0.4_idx2.gpickle,18,0.4,2,6,41,131,"[9, 16, 3, 1, 8, 5, 2, 7, 0, 6, 12, 11, 14, 13, 10, 17, 15, 4]",6.509078
./random_graph_db/graph_db_node_18/04_p0.4/04_graph_n18_p0.4_idx3.gpickle,18,0.4,3,6,48,148,"[7, 6, 17, 2, 3, 9, 14, 16, 4, 8, 15, 13, 5, 0, 11, 10, 1, 12]",6.8941569
./random_graph_db/graph_db_node_18/04_p0.4/04_graph_n18_p0.4_idx4.gpickle,18,0.4,4,6,41,120,"[14, 7, 10, 1, 9, 6, 16, 11, 3, 4, 17, 15, 5, 2, 12, 0, 8, 13]",6.6373441
./random_graph_db/graph_db_node_18/04_p0.4/04_graph_n18_p0.4_idx5.gpickle,18,0.4,5,6,43,119,"[12, 11, 9, 17, 1, 7, 2, 4, 6, 14, 16, 13, 3, 5, 10, 15, 8, 0]",6.4344242
./random_graph_db/graph_db_node_18/04_p0.4/04_graph_n18_p0.4_idx6.gpickle,18,0.4,6,6,35,108,"[9, 15, 5, 14, 4, 13, 10, 11, 6, 7, 8, 17, 0, 3, 12, 1, 16, 2]",6.6686802
./random_graph_db/graph_db_node_18/04_p0.4/04_graph_n18_p0.4_idx7.gpickle,18,0.4,7,6,45,129,"[10, 4, 14, 1, 7, 16, 2, 6, 5, 11, 0, 17, 12, 9, 15, 3, 13, 8]",6.570152
./random_graph_db/graph_db_node_18/04_p0.4/04_graph_n18_p0.4_idx8.gpickle,18,0.4,8,6,52,137,"[5, 6, 1, 10, 0, 2, 14, 17, 9, 3, 13, 4, 7, 8, 12, 15, 11, 16]",6.572921
./random_graph_db/graph_db_node_18/04_p0.4/04_graph_n18_p0.4_idx9.gpickle,18,0.4,9,6,46,142,"[14, 7, 0, 3, 9, 5, 17, 1, 6, 8, 12, 11, 13, 10, 4, 15, 16, 2]",6.7930791
./random_graph_db/graph_db_node_18/05_p0.45/05_graph_n18_p0.45_idx1.gpickle,18,0.45,1,6,49,119,"[2, 0, 5, 4, 8, 7, 3, 10, 11, 9, 17, 6, 1, 12, 13, 14, 15, 16]",6.484798
./random_graph_db/graph_db_node_18/05_p0.45/05_graph_n18_p0.45_idx10.gpickle,18,0.45,10,6,55,150,"[7, 6, 1, 9, 17, 16, 11, 12, 0, 3, 8, 10, 13, 5, 15, 4, 2, 14]",6.5387142
./random_graph_db/graph_db_node_18/05_p0.45/05_graph_n18_p0.45_idx2.gpickle,18,0.45,2,6,48,139,"[13, 5, 4, 14, 6, 1, 10, 17, 7, 8, 9, 3, 15, 12, 16, 11, 0, 2]",6.5451231
./random_graph_db/graph_db_node_18/05_p0.45/05_graph_n18_p0.45_idx3.gpickle,18,0.45,3,6,49,147,"[9, 17, 12, 5, 0, 3, 2, 16, 6, 14, 10, 1, 8, 11, 15, 7, 13, 4]",6.7051179
./random_graph_db/graph_db_node_18/05_p0.45/05_graph_n18_p0.45_idx4.gpickle,18,0.45,4,6,36,115,"[2, 11, 17, 7, 4, 0, 12, 1, 13, 3, 14, 9, 5, 16, 15, 10, 8, 6]",6.3718219
./random_graph_db/graph_db_node_18/05_p0.45/05_graph_n18_p0.45_idx5.gpickle,18,0.45,5,6,45,137,"[11, 10, 13, 1, 15, 17, 9, 16, 3, 0, 6, 5, 12, 2, 8, 7, 14, 4]",6.8530531
./random_graph_db/graph_db_node_18/05_p0.45/05_graph_n18_p0.45_idx6.gpickle,18,0.45,6,6,36,109,"[8, 9, 11, 1, 7, 17, 14, 13, 12, 5, 16, 3, 6, 15, 0, 4, 2, 10]",6.3869028
./random_graph_db/graph_db_node_18/05_p0.45/05_graph_n18_p0.45_idx7.gpickle,18,0.45,7,6,43,134,"[9, 10, 1, 11, 0, 6, 8, 2, 5, 17, 15, 7, 4, 16, 14, 12, 3, 13]",6.61746
./random_graph_db/graph_db_node_18/05_p0.45/05_graph_n18_p0.45_idx8.gpickle,18,0.45,8,7,57,158,"[15, 11, 16, 13, 14, 0, 8, 4, 10, 17, 9, 2, 1, 12, 6, 7, 3, 5]",6.6784
./random_graph_db/graph_db_node_18/05_p0.45/05_graph_n18_p0.45_idx9.gpickle,18,0.45,9,6,49,130,"[17, 6, 16, 14, 10, 11, 8, 9, 13, 15, 0, 7, 5, 1, 3, 12, 2, 4]",6.5990741
./random_graph_db/graph_db_node_18/06_p0.5/06_graph_n18_p0.5_idx1.gpickle,18,0.5,1,6,43,125,"[6, 7, 4, 14, 5, 16, 0, 15, 10, 2, 8, 3, 17, 9, 12, 13, 1, 11]",6.4617889
./random_graph_db/graph_db_node_18/06_p0.5/06_graph_n18_p0.5_idx10.gpickle,18,0.5,10,6,52,146,"[13, 7, 4, 14, 6, 11, 5, 3, 9, 10, 15, 17, 0, 16, 8, 12, 2, 1]",6.57499
./random_graph_db/graph_db_node_18/06_p0.5/06_graph_n18_p0.5_idx2.gpickle,18,0.5,2,6,43,119,"[16, 10, 8, 1, 3, 4, 12, 15, 0, 5, 13, 17, 7, 14, 11, 2, 9, 6]",6.9097898
./random_graph_db/graph_db_node_18/06_p0.5/06_graph_n18_p0.5_idx3.gpickle,18,0.5,3,6,45,119,"[13, 5, 1, 9, 7, 3, 0, 11, 6, 14, 8, 4, 17, 2, 10, 12, 16, 15]",6.4177699
./random_graph_db/graph_db_node_18/06_p0.5/06_graph_n18_p0.5_idx4.gpickle,18,0.5,4,6,40,117,"[12, 6, 15, 3, 4, 8, 2, 10, 11, 7, 0, 9, 1, 17, 5, 14, 13, 16]",6.4416943
./random_graph_db/graph_db_node_18/06_p0.5/06_graph_n18_p0.5_idx5.gpickle,18,0.5,5,6,41,108,"[4, 8, 17, 11, 16, 5, 14, 7, 13, 3, 12, 9, 1, 2, 15, 10, 0, 6]",6.426439
./random_graph_db/graph_db_node_18/06_p0.5/06_graph_n18_p0.5_idx6.gpickle,18,0.5,6,6,44,124,"[2, 12, 5, 8, 16, 3, 7, 9, 17, 10, 13, 15, 1, 11, 0, 14, 4, 6]",6.578639
./random_graph_db/graph_db_node_18/06_p0.5/06_graph_n18_p0.5_idx7.gpickle,18,0.5,7,5,37,104,"[6, 9, 7, 16, 11, 4, 1, 14, 10, 13, 17, 2, 12, 15, 5, 8, 3, 0]",6.3144951
./random_graph_db/graph_db_node_18/06_p0.5/06_graph_n18_p0.5_idx8.gpickle,18,0.5,8,6,45,138,"[2, 10, 17, 5, 4, 14, 1, 15, 6, 3, 8, 11, 13, 16, 0, 9, 12, 7]",6.760143
./random_graph_db/graph_db_node_18/06_p0.5/06_graph_n18_p0.5_idx9.gpickle,18,0.5,9,6,44,137,"[8, 10, 15, 2, 11, 4, 17, 7, 13, 5, 0, 9, 3, 14, 16, 1, 12, 6]",6.526583
./random_graph_db/graph_db_node_18/07_p0.55/07_graph_n18_p0.55_idx1.gpickle,18,0.55,1,6,53,145,"[5, 1, 10, 0, 6, 3, 14, 16, 12, 13, 7, 4, 15, 9, 2, 17, 8, 11]",6.6623881
./random_graph_db/graph_db_node_18/07_p0.55/07_graph_n18_p0.55_idx10.gpickle,18,0.55,10,6,51,137,"[14, 15, 17, 16, 13, 5, 11, 9, 2, 7, 10, 8, 6, 3, 4, 12, 0, 1]",6.848933
./random_graph_db/graph_db_node_18/07_p0.55/07_graph_n18_p0.55_idx2.gpickle,18,0.55,2,6,49,133,"[2, 3, 10, 6, 17, 15, 12, 8, 1, 7, 5, 14, 13, 0, 4, 16, 9, 11]",6.4733534
./random_graph_db/graph_db_node_18/07_p0.55/07_graph_n18_p0.55_idx3.gpickle,18,0.55,3,6,48,143,"[1, 5, 13, 2, 0, 14, 11, 6, 8, 3, 15, 7, 9, 10, 17, 4, 16, 12]",6.4597912
./random_graph_db/graph_db_node_18/07_p0.55/07_graph_n18_p0.55_idx4.gpickle,18,0.55,4,6,47,132,"[16, 3, 5, 4, 9, 12, 11, 2, 17, 14, 7, 10, 6, 13, 0, 8, 15, 1]",6.5888259
./random_graph_db/graph_db_node_18/07_p0.55/07_graph_n18_p0.55_idx5.gpickle,18,0.55,5,6,41,113,"[3, 1, 17, 13, 15, 5, 0, 14, 10, 7, 16, 12, 2, 6, 8, 9, 4, 11]",6.4463422
./random_graph_db/graph_db_node_18/07_p0.55/07_graph_n18_p0.55_idx6.gpickle,18,0.55,6,6,42,125,"[9, 12, 2, 7, 15, 16, 4, 0, 5, 14, 1, 17, 8, 11, 6, 13, 10, 3]",6.3746669
./random_graph_db/graph_db_node_18/07_p0.55/07_graph_n18_p0.55_idx7.gpickle,18,0.55,7,5,37,109,"[3, 5, 9, 10, 0, 17, 4, 2, 13, 11, 15, 16, 7, 6, 14, 12, 1, 8]",6.477427
./random_graph_db/graph_db_node_18/07_p0.55/07_graph_n18_p0.55_idx8.gpickle,18,0.55,8,6,44,139,"[13, 15, 6, 14, 1, 11, 0, 4, 12, 3, 5, 2, 17, 9, 8, 16, 10, 7]",6.435384
./random_graph_db/graph_db_node_18/07_p0.55/07_graph_n18_p0.55_idx9.gpickle,18,0.55,9,6,48,133,"[11, 5, 15, 17, 9, 4, 0, 10, 16, 12, 3, 13, 2, 6, 1, 8, 7, 14]",6.5387063
./random_graph_db/graph_db_node_18/08_p0.6/08_graph_n18_p0.6_idx1.gpickle,18,0.6,1,6,45,128,"[9, 13, 0, 17, 4, 3, 11, 12, 10, 16, 1, 8, 14, 15, 7, 2, 6, 5]",6.6899447
./random_graph_db/graph_db_node_18/08_p0.6/08_graph_n18_p0.6_idx10.gpickle,18,0.6,10,6,54,143,"[14, 7, 5, 3, 6, 0, 9, 4, 1, 16, 8, 13, 10, 2, 11, 15, 17, 12]",6.5604439
./random_graph_db/graph_db_node_18/08_p0.6/08_graph_n18_p0.6_idx2.gpickle,18,0.6,2,7,55,158,"[11, 14, 15, 0, 3, 7, 12, 16, 8, 10, 2, 17, 13, 4, 6, 1, 5, 9]",6.6414661
./random_graph_db/graph_db_node_18/08_p0.6/08_graph_n18_p0.6_idx3.gpickle,18,0.6,3,6,48,124,"[3, 4, 15, 7, 8, 12, 17, 6, 5, 13, 2, 1, 16, 9, 11, 10, 0, 14]",6.6023428
./random_graph_db/graph_db_node_18/08_p0.6/08_graph_n18_p0.6_idx4.gpickle,18,0.6,4,6,42,128,"[7, 3, 14, 0, 13, 8, 6, 4, 15, 16, 17, 12, 10, 9, 11, 2, 1, 5]",6.6836271
./random_graph_db/graph_db_node_18/08_p0.6/08_graph_n18_p0.6_idx5.gpickle,18,0.6,5,6,50,129,"[4, 0, 15, 10, 2, 3, 14, 17, 13, 12, 9, 5, 7, 16, 6, 1, 11, 8]",6.5477729
./random_graph_db/graph_db_node_18/08_p0.6/08_graph_n18_p0.6_idx6.gpickle,18,0.6,6,6,46,134,"[17, 1, 8, 7, 12, 15, 3, 4, 0, 13, 10, 6, 11, 16, 5, 2, 14, 9]",6.658015
./random_graph_db/graph_db_node_18/08_p0.6/08_graph_n18_p0.6_idx7.gpickle,18,0.6,7,6,43,122,"[4, 3, 7, 6, 15, 17, 16, 1, 2, 12, 10, 0, 11, 5, 8, 13, 9, 14]",6.3176179
./random_graph_db/graph_db_node_18/08_p0.6/08_graph_n18_p0.6_idx8.gpickle,18,0.6,8,6,49,151,"[5, 15, 7, 10, 11, 4, 6, 3, 9, 17, 13, 14, 0, 1, 16, 8, 2, 12]",6.5174336
./random_graph_db/graph_db_node_18/08_p0.6/08_graph_n18_p0.6_idx9.gpickle,18,0.6,9,6,46,143,"[3, 4, 0, 14, 13, 7, 8, 1, 5, 10, 15, 2, 12, 17, 6, 11, 16, 9]",6.9407821
./random_graph_db/graph_db_node_18/09_p0.65/09_graph_n18_p0.65_idx1.gpickle,18,0.65,1,6,40,120,"[15, 2, 16, 12, 6, 8, 10, 14, 5, 9, 3, 0, 13, 17, 7, 11, 1, 4]",6.3958459
./random_graph_db/graph_db_node_18/09_p0.65/09_graph_n18_p0.65_idx10.gpickle,18,0.65,10,6,44,134,"[0, 17, 2, 5, 15, 12, 4, 6, 3, 1, 10, 8, 11, 14, 16, 13, 9, 7]",6.5172698
./random_graph_db/graph_db_node_18/09_p0.65/09_graph_n18_p0.65_idx2.gpickle,18,0.65,2,6,46,146,"[0, 3, 16, 6, 10, 14, 7, 11, 5, 12, 4, 9, 8, 13, 17, 1, 2, 15]",6.679208
./random_graph_db/graph_db_node_18/09_p0.65/09_graph_n18_p0.65_idx3.gpickle,18,0.65,3,6,48,151,"[3, 0, 6, 1, 12, 17, 15, 2, 4, 5, 10, 14, 8, 13, 7, 9, 11, 16]",6.479564
./random_graph_db/graph_db_node_18/09_p0.65/09_graph_n18_p0.65_idx4.gpickle,18,0.65,4,6,47,132,"[15, 8, 4, 16, 10, 12, 14, 2, 17, 13, 7, 3, 0, 11, 1, 9, 5, 6]",6.3721871
./random_graph_db/graph_db_node_18/09_p0.65/09_graph_n18_p0.65_idx5.gpickle,18,0.65,5,6,48,128,"[13, 14, 7, 5, 12, 1, 16, 3, 8, 0, 17, 4, 6, 11, 10, 15, 9, 2]",6.64622
./random_graph_db/graph_db_node_18/09_p0.65/09_graph_n18_p0.65_idx6.gpickle,18,0.65,6,6,38,115,"[17, 2, 16, 1, 9, 7, 15, 0, 3, 5, 11, 10, 14, 6, 12, 8, 4, 13]",6.4164479
./random_graph_db/graph_db_node_18/09_p0.65/09_graph_n18_p0.65_idx7.gpickle,18,0.65,7,6,46,129,"[15, 6, 0, 16, 1, 13, 2, 4, 3, 5, 12, 8, 7, 14, 11, 17, 10, 9]",6.5812969
./random_graph_db/graph_db_node_18/09_p0.65/09_graph_n18_p0.65_idx8.gpickle,18,0.65,8,6,30,91,"[2, 16, 7, 4, 11, 9, 3, 15, 5, 17, 12, 13, 8, 10, 0, 14, 1, 6]",6.5595901
./random_graph_db/graph_db_node_18/09_p0.65/09_graph_n18_p0.65_idx9.gpickle,18,0.65,9,7,51,163,"[4, 17, 13, 9, 1, 14, 16, 2, 15, 7, 5, 10, 12, 3, 8, 6, 0, 11]",6.5261502
./random_graph_db/graph_db_node_18/10_p0.7/10_graph_n18_p0.7_idx1.gpickle,18,0.7,1,5,34,105,"[12, 17, 2, 14, 6, 13, 5, 0, 15, 11, 8, 10, 3, 1, 7, 16, 9, 4]",6.374136
./random_graph_db/graph_db_node_18/10_p0.7/10_graph_n18_p0.7_idx10.gpickle,18,0.7,10,6,33,92,"[4, 14, 13, 7, 10, 1, 8, 11, 12, 3, 6, 17, 5, 0, 15, 9, 16, 2]",6.402508
./random_graph_db/graph_db_node_18/10_p0.7/10_graph_n18_p0.7_idx2.gpickle,18,0.7,2,6,41,118,"[6, 0, 10, 8, 15, 16, 13, 12, 2, 17, 9, 7, 5, 14, 3, 1, 4, 11]",6.3817978
./random_graph_db/graph_db_node_18/10_p0.7/10_graph_n18_p0.7_idx3.gpickle,18,0.7,3,5,28,98,"[10, 15, 4, 0, 3, 13, 17, 5, 7, 16, 12, 11, 14, 2, 9, 8, 6, 1]",6.009907
./random_graph_db/graph_db_node_18/10_p0.7/10_graph_n18_p0.7_idx4.gpickle,18,0.7,4,6,40,120,"[12, 13, 11, 9, 7, 15, 8, 5, 0, 17, 2, 10, 16, 1, 6, 4, 14, 3]",6.7046452
./random_graph_db/graph_db_node_18/10_p0.7/10_graph_n18_p0.7_idx5.gpickle,18,0.7,5,6,47,135,"[10, 2, 11, 8, 7, 4, 17, 6, 16, 3, 15, 5, 9, 14, 1, 12, 13, 0]",6.8362238
./random_graph_db/graph_db_node_18/10_p0.7/10_graph_n18_p0.7_idx6.gpickle,18,0.7,6,6,43,132,"[15, 17, 10, 16, 1, 6, 11, 8, 4, 0, 2, 3, 9, 7, 5, 12, 13, 14]",7.023545
./random_graph_db/graph_db_node_18/10_p0.7/10_graph_n18_p0.7_idx7.gpickle,18,0.7,7,6,42,122,"[12, 17, 0, 4, 14, 10, 8, 16, 5, 6, 9, 3, 13, 2, 7, 1, 11, 15]",7.4525948
./random_graph_db/graph_db_node_18/10_p0.7/10_graph_n18_p0.7_idx8.gpickle,18,0.7,8,6,48,147,"[1, 5, 3, 17, 9, 6, 15, 14, 0, 11, 8, 16, 7, 12, 13, 4, 10, 2]",7.1348269
./random_graph_db/graph_db_node_18/10_p0.7/10_graph_n18_p0.7_idx9.gpickle,18,0.7,9,6,46,134,"[8, 12, 10, 4, 6, 13, 0, 2, 1, 16, 14, 7, 17, 11, 9, 5, 15, 3]",7.2966719
./random_graph_db/graph_db_node_18/11_p0.8/11_graph_n18_p0.8_idx1.gpickle,18,0.8,1,5,26,86,"[5, 10, 13, 4, 12, 7, 0, 11, 14, 6, 17, 9, 8, 1, 15, 2, 3, 16]",7.0919511
./random_graph_db/graph_db_node_18/11_p0.8/11_graph_n18_p0.8_idx10.gpickle,18,0.8,10,5,27,88,"[5, 7, 2, 3, 6, 8, 17, 9, 10, 12, 4, 16, 15, 11, 0, 14, 1, 13]",6.965265
./random_graph_db/graph_db_node_18/11_p0.8/11_graph_n18_p0.8_idx2.gpickle,18,0.8,2,4,19,69,"[11, 12, 5, 15, 14, 7, 3, 16, 0, 2, 1, 8, 17, 6, 13, 10, 4, 9]",6.6323969
./random_graph_db/graph_db_node_18/11_p0.8/11_graph_n18_p0.8_idx3.gpickle,18,0.8,3,5,33,104,"[17, 14, 9, 0, 2, 16, 6, 7, 12, 13, 11, 4, 15, 8, 10, 5, 1, 3]",6.9036179
./random_graph_db/graph_db_node_18/11_p0.8/11_graph_n18_p0.8_idx4.gpickle,18,0.8,4,5,38,107,"[7, 10, 3, 13, 14, 2, 17, 12, 16, 11, 6, 5, 9, 1, 15, 0, 8, 4]",6.631613
./random_graph_db/graph_db_node_18/11_p0.8/11_graph_n18_p0.8_idx5.gpickle,18,0.8,5,4,22,82,"[12, 13, 4, 6, 11, 16, 1, 8, 3, 5, 0, 15, 9, 2, 10, 7, 14, 17]",6.3242671
./random_graph_db/graph_db_node_18/11_p0.8/11_graph_n18_p0.8_idx6.gpickle,18,0.8,6,5,32,109,"[15, 11, 10, 17, 12, 3, 7, 0, 8, 14, 5, 6, 9, 16, 13, 2, 4, 1]",6.800391
./random_graph_db/graph_db_node_18/11_p0.8/11_graph_n18_p0.8_idx7.gpickle,18,0.8,7,5,30,97,"[0, 1, 15, 3, 8, 7, 14, 9, 2, 11, 17, 13, 4, 5, 12, 6, 16, 10]",6.349654
./random_graph_db/graph_db_node_18/11_p0.8/11_graph_n18_p0.8_idx8.gpickle,18,0.8,8,5,28,108,"[14, 1, 15, 7, 17, 2, 6, 10, 16, 9, 13, 11, 3, 12, 8, 4, 5, 0]",6.3734679
./random_graph_db/graph_db_node_18/11_p0.8/11_graph_n18_p0.8_idx9.gpickle,18,0.8,9,5,22,70,"[3, 7, 16, 4, 1, 8, 17, 5, 11, 15, 9, 0, 10, 13, 14, 2, 6, 12]",6.411974
./random_graph_db/graph_db_node_18/12_p0.9/12_graph_n18_p0.9_idx1.gpickle,18,0.9,1,3,14,50,"[16, 14, 11, 8, 15, 5, 12, 1, 10, 13, 6, 17, 0, 2, 9, 3, 7, 4]",5.7252381
./random_graph_db/graph_db_node_18/12_p0.9/12_graph_n18_p0.9_idx10.gpickle,18,0.9,10,3,12,51,"[7, 16, 9, 4, 0, 14, 11, 12, 8, 15, 13, 2, 3, 10, 17, 6, 5, 1]",5.7798102
./random_graph_db/graph_db_node_18/12_p0.9/12_graph_n18_p0.9_idx2.gpickle,18,0.9,2,3,12,47,"[11, 0, 15, 5, 2, 17, 14, 6, 9, 16, 13, 12, 8, 10, 7, 4, 3, 1]",5.7270749
./random_graph_db/graph_db_node_18/12_p0.9/12_graph_n18_p0.9_idx3.gpickle,18,0.9,3,4,21,75,"[14, 6, 0, 8, 13, 15, 9, 1, 5, 11, 16, 4, 10, 17, 7, 2, 12, 3]",6.0178421
./random_graph_db/graph_db_node_18/12_p0.9/12_graph_n18_p0.9_idx4.gpickle,18,0.9,4,5,25,71,"[11, 9, 17, 0, 14, 8, 2, 5, 16, 13, 12, 7, 15, 1, 10, 4, 6, 3]",6.5427749
./random_graph_db/graph_db_node_18/12_p0.9/12_graph_n18_p0.9_idx5.gpickle,18,0.9,5,3,12,54,"[1, 17, 5, 9, 2, 7, 4, 10, 3, 11, 16, 0, 13, 14, 15, 6, 8, 12]",5.6337242
./random_graph_db/graph_db_node_18/12_p0.9/12_graph_n18_p0.9_idx6.gpickle,18,0.9,6,2,10,54,"[13, 8, 0, 4, 9, 7, 3, 12, 10, 16, 2, 1, 15, 14, 5, 6, 17, 11]",5.7470961
./random_graph_db/graph_db_node_18/12_p0.9/12_graph_n18_p0.9_idx7.gpickle,18,0.9,7,3,15,56,"[15, 4, 16, 1, 10, 9, 6, 3, 17, 2, 8, 14, 0, 7, 12, 11, 5, 13]",5.6860008
./random_graph_db/graph_db_node_18/12_p0.9/12_graph_n18_p0.9_idx8.gpickle,18,0.9,8,3,14,51,"[0, 8, 1, 17, 15, 5, 11, 3, 10, 2, 14, 13, 12, 16, 6, 9, 4, 7]",5.9672658
./random_graph_db/graph_db_node_18/12_p0.9/12_graph_n18_p0.9_idx9.gpickle,18,0.9,9,4,15,50,"[17, 2, 6, 3, 7, 15, 5, 13, 14, 4, 16, 1, 11, 10, 12, 0, 9, 8]",5.7384892
./random_graph_db/graph_db_node_19/01_p0.1/01_graph_n19_p0.1_idx1.gpickle,19,0.1,1,3,7,35,"[6, 12, 15, 13, 1, 14, 16, 10, 5, 2, 8, 0, 11, 18, 3, 9, 17, 4, 7]",5.906585
./random_graph_db/graph_db_node_19/01_p0.1/01_graph_n19_p0.1_idx10.gpickle,19,0.1,10,3,12,57,"[18, 1, 2, 4, 14, 12, 3, 17, 16, 15, 0, 10, 7, 13, 5, 11, 9, 6, 8]",6.1958399
./random_graph_db/graph_db_node_19/01_p0.1/01_graph_n19_p0.1_idx2.gpickle,19,0.1,2,2,2,26,"[2, 15, 7, 5, 1, 8, 6, 16, 4, 3, 14, 9, 12, 13, 0, 17, 11, 10, 18]",5.6581409
./random_graph_db/graph_db_node_19/01_p0.1/01_graph_n19_p0.1_idx3.gpickle,19,0.1,3,2,4,27,"[10, 11, 15, 18, 8, 9, 2, 14, 7, 16, 17, 3, 6, 5, 1, 13, 0, 12, 4]",5.9827001
./random_graph_db/graph_db_node_19/01_p0.1/01_graph_n19_p0.1_idx4.gpickle,19,0.1,4,3,8,40,"[5, 18, 16, 1, 7, 0, 12, 8, 2, 15, 3, 13, 9, 10, 17, 14, 6, 11, 4]",12.8947098
./random_graph_db/graph_db_node_19/01_p0.1/01_graph_n19_p0.1_idx5.gpickle,19,0.1,5,3,14,65,"[8, 9, 17, 11, 4, 6, 3, 7, 10, 2, 0, 12, 16, 1, 14, 18, 13, 15, 5]",13.665817
./random_graph_db/graph_db_node_19/01_p0.1/01_graph_n19_p0.1_idx6.gpickle,19,0.1,6,2,4,30,"[7, 17, 10, 3, 1, 12, 0, 8, 2, 9, 6, 4, 15, 16, 14, 18, 5, 11, 13]",13.140161
./random_graph_db/graph_db_node_19/01_p0.1/01_graph_n19_p0.1_idx7.gpickle,19,0.1,7,3,6,37,"[0, 6, 13, 17, 10, 3, 12, 16, 9, 7, 18, 1, 4, 8, 11, 5, 2, 14, 15]",5.8664052
./random_graph_db/graph_db_node_19/01_p0.1/01_graph_n19_p0.1_idx8.gpickle,19,0.1,8,3,5,32,"[5, 17, 9, 10, 2, 6, 11, 3, 12, 18, 8, 1, 7, 13, 0, 15, 16, 4, 14]",11.9937031
./random_graph_db/graph_db_node_19/01_p0.1/01_graph_n19_p0.1_idx9.gpickle,19,0.1,9,4,14,41,"[15, 18, 17, 12, 1, 3, 14, 0, 7, 13, 4, 6, 11, 16, 5, 2, 9, 8, 10]",6.209106
./random_graph_db/graph_db_node_19/02_p0.2/02_graph_n19_p0.2_idx1.gpickle,19,0.2,1,4,16,51,"[15, 9, 7, 18, 11, 8, 6, 5, 3, 0, 10, 16, 1, 2, 14, 17, 13, 12, 4]",6.2564023
./random_graph_db/graph_db_node_19/02_p0.2/02_graph_n19_p0.2_idx10.gpickle,19,0.2,10,4,12,41,"[4, 11, 1, 16, 12, 0, 13, 10, 15, 2, 3, 8, 14, 17, 5, 6, 18, 9, 7]",6.4079249
./random_graph_db/graph_db_node_19/02_p0.2/02_graph_n19_p0.2_idx2.gpickle,19,0.2,2,5,32,102,"[6, 1, 10, 3, 7, 18, 17, 4, 13, 14, 5, 15, 16, 0, 9, 2, 8, 11, 12]",6.6769271
./random_graph_db/graph_db_node_19/02_p0.2/02_graph_n19_p0.2_idx3.gpickle,19,0.2,3,4,22,88,"[17, 18, 6, 11, 0, 15, 10, 3, 13, 12, 9, 1, 14, 5, 8, 7, 2, 16, 4]",6.3439372
./random_graph_db/graph_db_node_19/02_p0.2/02_graph_n19_p0.2_idx4.gpickle,19,0.2,4,4,17,77,"[8, 11, 6, 15, 16, 14, 17, 3, 2, 13, 0, 1, 5, 12, 18, 7, 10, 9, 4]",6.327558
./random_graph_db/graph_db_node_19/02_p0.2/02_graph_n19_p0.2_idx5.gpickle,19,0.2,5,5,22,68,"[16, 4, 10, 11, 2, 0, 5, 18, 6, 15, 3, 9, 13, 12, 7, 1, 14, 8, 17]",6.533334
./random_graph_db/graph_db_node_19/02_p0.2/02_graph_n19_p0.2_idx6.gpickle,19,0.2,6,4,14,48,"[1, 4, 8, 12, 18, 15, 16, 14, 9, 6, 10, 2, 17, 5, 13, 3, 11, 7, 0]",6.32569
./random_graph_db/graph_db_node_19/02_p0.2/02_graph_n19_p0.2_idx7.gpickle,19,0.2,7,5,23,74,"[15, 7, 8, 11, 10, 12, 6, 5, 3, 1, 2, 13, 4, 9, 0, 16, 18, 14, 17]",6.4561331
./random_graph_db/graph_db_node_19/02_p0.2/02_graph_n19_p0.2_idx8.gpickle,19,0.2,8,4,24,67,"[1, 2, 17, 6, 9, 4, 12, 14, 0, 18, 15, 10, 3, 7, 5, 13, 11, 8, 16]",6.505738
./random_graph_db/graph_db_node_19/02_p0.2/02_graph_n19_p0.2_idx9.gpickle,19,0.2,9,5,29,97,"[6, 3, 14, 7, 0, 10, 5, 12, 4, 9, 11, 17, 8, 1, 16, 18, 2, 15, 13]",6.6670468
./random_graph_db/graph_db_node_19/03_p0.3/03_graph_n19_p0.3_idx1.gpickle,19,0.3,1,6,37,117,"[13, 12, 0, 15, 2, 18, 4, 1, 7, 8, 17, 11, 10, 14, 9, 6, 16, 3, 5]",6.9013698
./random_graph_db/graph_db_node_19/03_p0.3/03_graph_n19_p0.3_idx10.gpickle,19,0.3,10,5,32,98,"[3, 13, 2, 4, 7, 1, 14, 16, 17, 8, 12, 5, 0, 10, 18, 9, 11, 6, 15]",6.8997138
./random_graph_db/graph_db_node_19/03_p0.3/03_graph_n19_p0.3_idx2.gpickle,19,0.3,2,6,30,67,"[14, 5, 2, 15, 9, 0, 11, 17, 8, 6, 3, 18, 7, 4, 1, 13, 12, 10, 16]",6.654516
./random_graph_db/graph_db_node_19/03_p0.3/03_graph_n19_p0.3_idx3.gpickle,19,0.3,3,6,40,121,"[10, 1, 15, 7, 18, 14, 5, 12, 6, 2, 3, 13, 17, 16, 11, 9, 8, 4, 0]",6.741745
./random_graph_db/graph_db_node_19/03_p0.3/03_graph_n19_p0.3_idx4.gpickle,19,0.3,4,6,51,147,"[9, 12, 17, 16, 13, 5, 1, 14, 8, 3, 4, 7, 0, 6, 18, 11, 15, 2, 10]",6.8312829
./random_graph_db/graph_db_node_19/03_p0.3/03_graph_n19_p0.3_idx5.gpickle,19,0.3,5,5,35,113,"[6, 11, 3, 9, 8, 7, 1, 16, 18, 5, 17, 0, 2, 14, 13, 4, 12, 15, 10]",6.6406031
./random_graph_db/graph_db_node_19/03_p0.3/03_graph_n19_p0.3_idx6.gpickle,19,0.3,6,6,50,134,"[3, 18, 13, 9, 11, 2, 14, 10, 7, 8, 1, 12, 5, 17, 6, 4, 16, 0, 15]",7.016288
./random_graph_db/graph_db_node_19/03_p0.3/03_graph_n19_p0.3_idx7.gpickle,19,0.3,7,5,39,115,"[3, 15, 14, 16, 13, 10, 5, 1, 7, 2, 12, 0, 4, 11, 8, 6, 9, 18, 17]",6.8314397
./random_graph_db/graph_db_node_19/03_p0.3/03_graph_n19_p0.3_idx8.gpickle,19,0.3,8,7,54,150,"[4, 14, 7, 18, 17, 6, 16, 9, 2, 8, 13, 15, 1, 3, 5, 11, 12, 10, 0]",6.9682541
./random_graph_db/graph_db_node_19/03_p0.3/03_graph_n19_p0.3_idx9.gpickle,19,0.3,9,6,46,142,"[3, 16, 7, 8, 10, 15, 9, 6, 1, 12, 4, 17, 5, 2, 13, 14, 18, 11, 0]",7.347254
./random_graph_db/graph_db_node_19/04_p0.4/04_graph_n19_p0.4_idx1.gpickle,19,0.4,1,6,46,134,"[18, 1, 9, 13, 17, 4, 2, 0, 12, 5, 15, 8, 14, 6, 10, 7, 11, 3, 16]",7.0575519
./random_graph_db/graph_db_node_19/04_p0.4/04_graph_n19_p0.4_idx10.gpickle,19,0.4,10,6,48,134,"[10, 1, 14, 11, 15, 13, 8, 12, 2, 16, 5, 0, 7, 4, 3, 9, 17, 6, 18]",7.230406
./random_graph_db/graph_db_node_19/04_p0.4/04_graph_n19_p0.4_idx2.gpickle,19,0.4,2,7,53,146,"[5, 17, 18, 0, 12, 6, 13, 1, 8, 9, 11, 16, 7, 4, 14, 3, 10, 2, 15]",7.1141109
./random_graph_db/graph_db_node_19/04_p0.4/04_graph_n19_p0.4_idx3.gpickle,19,0.4,3,6,45,117,"[0, 17, 7, 1, 10, 8, 9, 15, 2, 11, 12, 16, 13, 18, 3, 4, 14, 6, 5]",7.038013
./random_graph_db/graph_db_node_19/04_p0.4/04_graph_n19_p0.4_idx4.gpickle,19,0.4,4,6,49,149,"[2, 7, 10, 6, 3, 15, 4, 5, 1, 17, 12, 11, 18, 16, 13, 9, 8, 14, 0]",7.0004611
./random_graph_db/graph_db_node_19/04_p0.4/04_graph_n19_p0.4_idx5.gpickle,19,0.4,5,6,39,110,"[15, 12, 6, 3, 4, 2, 0, 9, 1, 11, 5, 17, 10, 18, 14, 13, 16, 8, 7]",7.0503459
./random_graph_db/graph_db_node_19/04_p0.4/04_graph_n19_p0.4_idx6.gpickle,19,0.4,6,6,46,124,"[1, 15, 8, 3, 12, 11, 7, 4, 2, 16, 6, 0, 13, 18, 17, 14, 5, 9, 10]",7.0055108
./random_graph_db/graph_db_node_19/04_p0.4/04_graph_n19_p0.4_idx7.gpickle,19,0.4,7,7,47,117,"[8, 2, 0, 3, 18, 9, 6, 12, 16, 10, 5, 4, 1, 14, 15, 17, 7, 11, 13]",6.8776941
./random_graph_db/graph_db_node_19/04_p0.4/04_graph_n19_p0.4_idx8.gpickle,19,0.4,8,6,47,128,"[17, 4, 6, 13, 5, 12, 10, 11, 14, 2, 1, 7, 18, 0, 3, 8, 15, 9, 16]",7.480577
./random_graph_db/graph_db_node_19/04_p0.4/04_graph_n19_p0.4_idx9.gpickle,19,0.4,9,6,43,128,"[17, 9, 5, 15, 14, 11, 3, 2, 16, 8, 7, 4, 0, 6, 10, 1, 13, 18, 12]",6.927542
./random_graph_db/graph_db_node_19/05_p0.45/05_graph_n19_p0.45_idx1.gpickle,19,0.45,1,6,55,147,"[6, 18, 3, 7, 13, 9, 4, 11, 14, 12, 16, 17, 15, 5, 1, 0, 8, 2, 10]",7.1155889
./random_graph_db/graph_db_node_19/05_p0.45/05_graph_n19_p0.45_idx10.gpickle,19,0.45,10,7,56,156,"[13, 11, 17, 3, 4, 12, 6, 18, 9, 5, 16, 1, 7, 2, 0, 15, 14, 8, 10]",7.243597
./random_graph_db/graph_db_node_19/05_p0.45/05_graph_n19_p0.45_idx2.gpickle,19,0.45,2,6,51,149,"[1, 15, 12, 11, 9, 0, 17, 16, 4, 6, 3, 7, 8, 2, 13, 18, 14, 5, 10]",7.0292242
./random_graph_db/graph_db_node_19/05_p0.45/05_graph_n19_p0.45_idx3.gpickle,19,0.45,3,6,41,128,"[11, 14, 12, 8, 16, 0, 6, 3, 17, 4, 10, 15, 5, 9, 13, 7, 1, 18, 2]",7.0105498
./random_graph_db/graph_db_node_19/05_p0.45/05_graph_n19_p0.45_idx4.gpickle,19,0.45,4,6,48,136,"[16, 11, 13, 9, 15, 17, 10, 0, 12, 4, 7, 5, 14, 6, 1, 2, 8, 3, 18]",7.257247
./random_graph_db/graph_db_node_19/05_p0.45/05_graph_n19_p0.45_idx5.gpickle,19,0.45,5,7,49,136,"[10, 9, 12, 6, 18, 4, 8, 1, 15, 17, 16, 14, 5, 3, 13, 0, 2, 11, 7]",7.4647369
./random_graph_db/graph_db_node_19/05_p0.45/05_graph_n19_p0.45_idx6.gpickle,19,0.45,6,7,51,144,"[2, 1, 0, 3, 8, 16, 5, 4, 15, 9, 13, 6, 7, 10, 11, 17, 14, 12, 18]",7.2396319
./random_graph_db/graph_db_node_19/05_p0.45/05_graph_n19_p0.45_idx7.gpickle,19,0.45,7,6,34,118,"[7, 16, 4, 10, 12, 11, 2, 8, 5, 6, 1, 0, 18, 13, 17, 14, 9, 3, 15]",6.785069
./random_graph_db/graph_db_node_19/05_p0.45/05_graph_n19_p0.45_idx8.gpickle,19,0.45,8,6,47,142,"[13, 3, 6, 0, 10, 5, 14, 8, 1, 2, 12, 15, 17, 7, 9, 4, 16, 11, 18]",7.0147939
./random_graph_db/graph_db_node_19/05_p0.45/05_graph_n19_p0.45_idx9.gpickle,19,0.45,9,6,42,133,"[6, 7, 15, 18, 16, 17, 1, 11, 9, 8, 10, 4, 2, 12, 13, 5, 14, 0, 3]",7.1611011
./random_graph_db/graph_db_node_19/06_p0.5/06_graph_n19_p0.5_idx1.gpickle,19,0.5,1,7,53,142,"[16, 0, 6, 17, 15, 4, 14, 7, 5, 2, 1, 11, 9, 13, 12, 3, 8, 10, 18]",7.0580022
./random_graph_db/graph_db_node_19/06_p0.5/06_graph_n19_p0.5_idx10.gpickle,19,0.5,10,7,47,122,"[1, 4, 6, 11, 10, 0, 15, 13, 18, 16, 14, 9, 17, 2, 8, 3, 7, 12, 5]",6.9590459
./random_graph_db/graph_db_node_19/06_p0.5/06_graph_n19_p0.5_idx2.gpickle,19,0.5,2,7,54,155,"[13, 16, 12, 14, 8, 9, 6, 4, 10, 5, 3, 0, 15, 2, 17, 11, 1, 18, 7]",7.280488
./random_graph_db/graph_db_node_19/06_p0.5/06_graph_n19_p0.5_idx3.gpickle,19,0.5,3,7,51,143,"[2, 6, 11, 16, 9, 14, 10, 5, 18, 15, 8, 13, 1, 17, 3, 12, 4, 0, 7]",7.147042
./random_graph_db/graph_db_node_19/06_p0.5/06_graph_n19_p0.5_idx4.gpickle,19,0.5,4,7,55,150,"[4, 12, 2, 8, 13, 11, 5, 1, 15, 3, 17, 10, 9, 7, 6, 16, 0, 14, 18]",7.1719108
./random_graph_db/graph_db_node_19/06_p0.5/06_graph_n19_p0.5_idx5.gpickle,19,0.5,5,7,55,152,"[6, 17, 10, 15, 18, 0, 4, 2, 12, 9, 5, 16, 14, 13, 7, 11, 8, 3, 1]",7.6893649
./random_graph_db/graph_db_node_19/06_p0.5/06_graph_n19_p0.5_idx6.gpickle,19,0.5,6,6,45,131,"[2, 13, 6, 7, 4, 15, 16, 5, 0, 1, 8, 9, 18, 14, 10, 17, 12, 3, 11]",7.2096789
./random_graph_db/graph_db_node_19/06_p0.5/06_graph_n19_p0.5_idx7.gpickle,19,0.5,7,6,45,129,"[9, 16, 1, 10, 0, 2, 18, 17, 8, 3, 7, 13, 14, 11, 4, 15, 5, 6, 12]",7.1781418
./random_graph_db/graph_db_node_19/06_p0.5/06_graph_n19_p0.5_idx8.gpickle,19,0.5,8,6,48,138,"[18, 6, 14, 7, 3, 17, 10, 16, 1, 2, 8, 9, 0, 4, 11, 13, 15, 12, 5]",7.3357592
./random_graph_db/graph_db_node_19/06_p0.5/06_graph_n19_p0.5_idx9.gpickle,19,0.5,9,6,52,146,"[9, 11, 18, 12, 17, 7, 13, 15, 0, 3, 8, 5, 2, 10, 4, 14, 6, 16, 1]",7.0939829
./random_graph_db/graph_db_node_19/07_p0.55/07_graph_n19_p0.55_idx1.gpickle,19,0.55,1,6,48,149,"[0, 6, 15, 14, 8, 11, 4, 1, 9, 16, 12, 17, 7, 5, 18, 2, 3, 13, 10]",7.2819657
./random_graph_db/graph_db_node_19/07_p0.55/07_graph_n19_p0.55_idx10.gpickle,19,0.55,10,6,43,145,"[10, 6, 2, 5, 17, 3, 14, 7, 1, 18, 13, 11, 0, 12, 15, 9, 8, 4, 16]",7.053942
./random_graph_db/graph_db_node_19/07_p0.55/07_graph_n19_p0.55_idx2.gpickle,19,0.55,2,7,53,148,"[7, 1, 12, 4, 18, 10, 8, 11, 14, 13, 16, 17, 15, 6, 0, 2, 5, 3, 9]",6.949338
./random_graph_db/graph_db_node_19/07_p0.55/07_graph_n19_p0.55_idx3.gpickle,19,0.55,3,7,50,134,"[16, 7, 18, 17, 4, 15, 10, 13, 11, 6, 0, 9, 8, 14, 12, 1, 2, 5, 3]",7.477411
./random_graph_db/graph_db_node_19/07_p0.55/07_graph_n19_p0.55_idx4.gpickle,19,0.55,4,6,49,127,"[5, 0, 13, 17, 16, 11, 7, 3, 8, 2, 14, 1, 15, 12, 9, 10, 18, 4, 6]",7.1704011
./random_graph_db/graph_db_node_19/07_p0.55/07_graph_n19_p0.55_idx5.gpickle,19,0.55,5,7,53,131,"[1, 17, 4, 18, 5, 12, 16, 3, 15, 2, 13, 7, 6, 0, 14, 10, 11, 8, 9]",7.0179868
./random_graph_db/graph_db_node_19/07_p0.55/07_graph_n19_p0.55_idx6.gpickle,19,0.55,6,6,45,140,"[4, 8, 0, 14, 10, 13, 5, 2, 9, 7, 1, 11, 15, 16, 6, 3, 17, 18, 12]",7.3242409
./random_graph_db/graph_db_node_19/07_p0.55/07_graph_n19_p0.55_idx7.gpickle,19,0.55,7,6,44,122,"[13, 0, 5, 6, 16, 14, 12, 4, 18, 1, 2, 11, 8, 17, 3, 7, 10, 15, 9]",7.017458
./random_graph_db/graph_db_node_19/07_p0.55/07_graph_n19_p0.55_idx8.gpickle,19,0.55,8,7,59,173,"[8, 17, 0, 1, 5, 4, 18, 3, 13, 11, 2, 15, 16, 6, 9, 10, 7, 12, 14]",7.164346
./random_graph_db/graph_db_node_19/07_p0.55/07_graph_n19_p0.55_idx9.gpickle,19,0.55,9,7,54,143,"[15, 16, 2, 7, 6, 9, 12, 5, 3, 0, 11, 18, 17, 10, 13, 8, 14, 1, 4]",7.4964981
./random_graph_db/graph_db_node_19/08_p0.6/08_graph_n19_p0.6_idx1.gpickle,19,0.6,1,6,52,157,"[12, 10, 15, 6, 14, 1, 5, 3, 2, 16, 17, 18, 11, 4, 0, 13, 8, 9, 7]",7.0701411
./random_graph_db/graph_db_node_19/08_p0.6/08_graph_n19_p0.6_idx10.gpickle,19,0.6,10,7,57,161,"[10, 14, 17, 4, 6, 16, 5, 8, 12, 11, 13, 15, 0, 9, 3, 7, 2, 1, 18]",7.3975363
./random_graph_db/graph_db_node_19/08_p0.6/08_graph_n19_p0.6_idx2.gpickle,19,0.6,2,6,53,154,"[3, 10, 5, 17, 16, 4, 1, 13, 2, 14, 18, 12, 11, 15, 8, 9, 7, 6, 0]",7.023454
./random_graph_db/graph_db_node_19/08_p0.6/08_graph_n19_p0.6_idx3.gpickle,19,0.6,3,6,51,137,"[3, 15, 0, 9, 11, 16, 17, 10, 6, 5, 4, 13, 2, 12, 14, 1, 18, 8, 7]",7.0499618
./random_graph_db/graph_db_node_19/08_p0.6/08_graph_n19_p0.6_idx4.gpickle,19,0.6,4,7,49,151,"[14, 12, 7, 15, 10, 1, 13, 18, 4, 16, 3, 0, 8, 2, 17, 5, 6, 9, 11]",7.2875919
./random_graph_db/graph_db_node_19/08_p0.6/08_graph_n19_p0.6_idx5.gpickle,19,0.6,5,7,59,162,"[15, 11, 3, 17, 18, 16, 2, 10, 6, 14, 4, 1, 13, 9, 8, 7, 5, 12, 0]",7.126193
./random_graph_db/graph_db_node_19/08_p0.6/08_graph_n19_p0.6_idx6.gpickle,19,0.6,6,6,52,139,"[7, 9, 17, 0, 16, 6, 3, 11, 1, 14, 12, 13, 4, 8, 2, 5, 15, 18, 10]",6.8873978
./random_graph_db/graph_db_node_19/08_p0.6/08_graph_n19_p0.6_idx7.gpickle,19,0.6,7,6,46,126,"[6, 14, 12, 8, 2, 13, 17, 11, 16, 15, 1, 4, 5, 0, 18, 9, 10, 7, 3]",7.2517278
./random_graph_db/graph_db_node_19/08_p0.6/08_graph_n19_p0.6_idx8.gpickle,19,0.6,8,7,59,151,"[2, 5, 6, 0, 11, 8, 3, 9, 12, 13, 10, 14, 15, 16, 7, 17, 1, 4, 18]",7.0493162
./random_graph_db/graph_db_node_19/08_p0.6/08_graph_n19_p0.6_idx9.gpickle,19,0.6,9,7,53,152,"[16, 13, 0, 17, 1, 18, 15, 14, 2, 5, 6, 11, 9, 7, 10, 12, 3, 4, 8]",7.3784299
./random_graph_db/graph_db_node_19/09_p0.65/09_graph_n19_p0.65_idx1.gpickle,19,0.65,1,7,42,121,"[16, 1, 9, 0, 2, 3, 12, 4, 11, 6, 15, 14, 8, 10, 13, 5, 7, 18, 17]",7.3409219
./random_graph_db/graph_db_node_19/09_p0.65/09_graph_n19_p0.65_idx10.gpickle,19,0.65,10,7,57,176,"[12, 10, 11, 9, 16, 18, 7, 8, 6, 2, 14, 5, 17, 1, 4, 15, 13, 3, 0]",7.2468791
./random_graph_db/graph_db_node_19/09_p0.65/09_graph_n19_p0.65_idx2.gpickle,19,0.65,2,6,51,146,"[13, 3, 0, 5, 14, 11, 4, 17, 6, 15, 8, 9, 2, 1, 7, 10, 12, 16, 18]",7.178973
./random_graph_db/graph_db_node_19/09_p0.65/09_graph_n19_p0.65_idx3.gpickle,19,0.65,3,7,58,144,"[11, 17, 4, 12, 6, 5, 2, 8, 0, 9, 10, 16, 3, 1, 13, 7, 18, 14, 15]",7.2065599
./random_graph_db/graph_db_node_19/09_p0.65/09_graph_n19_p0.65_idx4.gpickle,19,0.65,4,7,49,125,"[6, 16, 17, 7, 3, 4, 2, 14, 18, 8, 1, 15, 5, 0, 11, 13, 12, 9, 10]",7.2428911
./random_graph_db/graph_db_node_19/09_p0.65/09_graph_n19_p0.65_idx5.gpickle,19,0.65,5,6,51,145,"[16, 3, 11, 9, 14, 2, 6, 18, 13, 1, 8, 5, 10, 17, 15, 7, 4, 0, 12]",7.210202
./random_graph_db/graph_db_node_19/09_p0.65/09_graph_n19_p0.65_idx6.gpickle,19,0.65,6,7,57,161,"[18, 2, 10, 13, 3, 0, 16, 1, 12, 9, 7, 8, 11, 15, 5, 4, 17, 14, 6]",7.1345782
./random_graph_db/graph_db_node_19/09_p0.65/09_graph_n19_p0.65_idx7.gpickle,19,0.65,7,6,46,141,"[9, 10, 18, 4, 2, 11, 3, 16, 15, 1, 0, 17, 14, 12, 5, 13, 6, 7, 8]",7.0312309
./random_graph_db/graph_db_node_19/09_p0.65/09_graph_n19_p0.65_idx8.gpickle,19,0.65,8,7,57,141,"[0, 8, 9, 17, 15, 18, 10, 3, 4, 1, 11, 6, 2, 7, 13, 12, 16, 5, 14]",7.5211849
./random_graph_db/graph_db_node_19/09_p0.65/09_graph_n19_p0.65_idx9.gpickle,19,0.65,9,7,64,172,"[1, 2, 3, 9, 14, 16, 18, 8, 17, 12, 15, 6, 4, 0, 5, 7, 13, 10, 11]",7.190989
./random_graph_db/graph_db_node_19/10_p0.7/10_graph_n19_p0.7_idx1.gpickle,19,0.7,1,6,33,85,"[7, 8, 11, 18, 15, 3, 1, 10, 6, 17, 14, 5, 12, 0, 9, 4, 13, 16, 2]",6.947489
./random_graph_db/graph_db_node_19/10_p0.7/10_graph_n19_p0.7_idx10.gpickle,19,0.7,10,6,50,155,"[1, 11, 5, 12, 0, 13, 16, 3, 9, 17, 15, 4, 6, 8, 2, 7, 14, 10, 18]",7.247709
./random_graph_db/graph_db_node_19/10_p0.7/10_graph_n19_p0.7_idx2.gpickle,19,0.7,2,6,44,146,"[1, 18, 9, 15, 12, 13, 8, 3, 16, 5, 0, 2, 6, 17, 11, 10, 14, 7, 4]",7.3091609
./random_graph_db/graph_db_node_19/10_p0.7/10_graph_n19_p0.7_idx3.gpickle,19,0.7,3,6,46,123,"[11, 4, 0, 10, 2, 7, 1, 14, 8, 9, 15, 13, 16, 17, 18, 12, 3, 5, 6]",7.418174
./random_graph_db/graph_db_node_19/10_p0.7/10_graph_n19_p0.7_idx4.gpickle,19,0.7,4,6,50,138,"[0, 5, 12, 3, 1, 10, 9, 14, 17, 16, 2, 18, 4, 6, 15, 7, 13, 11, 8]",7.4318571
./random_graph_db/graph_db_node_19/10_p0.7/10_graph_n19_p0.7_idx5.gpickle,19,0.7,5,7,49,114,"[6, 13, 7, 17, 8, 2, 15, 9, 4, 1, 0, 14, 10, 5, 12, 18, 11, 3, 16]",7.3333299
./random_graph_db/graph_db_node_19/10_p0.7/10_graph_n19_p0.7_idx6.gpickle,19,0.7,6,6,40,124,"[8, 10, 0, 11, 5, 13, 6, 17, 2, 3, 1, 14, 18, 7, 9, 4, 15, 16, 12]",7.241564
./random_graph_db/graph_db_node_19/10_p0.7/10_graph_n19_p0.7_idx7.gpickle,19,0.7,7,6,47,138,"[4, 14, 6, 3, 15, 9, 11, 16, 7, 5, 13, 10, 8, 12, 1, 0, 18, 17, 2]",7.0909121
./random_graph_db/graph_db_node_19/10_p0.7/10_graph_n19_p0.7_idx8.gpickle,19,0.7,8,6,41,114,"[11, 13, 3, 16, 14, 6, 7, 17, 10, 2, 0, 5, 15, 1, 9, 18, 8, 4, 12]",7.0363939
./random_graph_db/graph_db_node_19/10_p0.7/10_graph_n19_p0.7_idx9.gpickle,19,0.7,9,6,40,110,"[2, 4, 9, 10, 3, 7, 8, 6, 13, 15, 18, 11, 17, 14, 12, 1, 5, 16, 0]",7.1702962
./random_graph_db/graph_db_node_19/11_p0.8/11_graph_n19_p0.8_idx1.gpickle,19,0.8,1,5,29,98,"[16, 7, 17, 8, 2, 1, 18, 11, 3, 12, 6, 0, 4, 5, 13, 15, 9, 14, 10]",6.8120058
./random_graph_db/graph_db_node_19/11_p0.8/11_graph_n19_p0.8_idx10.gpickle,19,0.8,10,5,41,121,"[10, 5, 2, 15, 4, 7, 9, 8, 11, 18, 3, 12, 17, 13, 1, 0, 6, 16, 14]",7.1079819
./random_graph_db/graph_db_node_19/11_p0.8/11_graph_n19_p0.8_idx2.gpickle,19,0.8,2,4,18,65,"[0, 2, 11, 8, 14, 13, 15, 12, 9, 17, 6, 18, 7, 3, 4, 10, 16, 1, 5]",6.523792
./random_graph_db/graph_db_node_19/11_p0.8/11_graph_n19_p0.8_idx3.gpickle,19,0.8,3,6,35,99,"[5, 7, 9, 2, 1, 11, 13, 6, 17, 0, 4, 10, 12, 14, 3, 18, 16, 8, 15]",7.0360229
./random_graph_db/graph_db_node_19/11_p0.8/11_graph_n19_p0.8_idx4.gpickle,19,0.8,4,5,39,102,"[1, 0, 18, 11, 15, 5, 6, 4, 10, 8, 16, 12, 14, 17, 3, 7, 13, 2, 9]",6.8771119
./random_graph_db/graph_db_node_19/11_p0.8/11_graph_n19_p0.8_idx5.gpickle,19,0.8,5,5,31,109,"[2, 10, 3, 1, 16, 4, 12, 11, 18, 17, 5, 8, 13, 14, 15, 6, 7, 0, 9]",6.863281
./random_graph_db/graph_db_node_19/11_p0.8/11_graph_n19_p0.8_idx6.gpickle,19,0.8,6,5,29,84,"[3, 2, 8, 7, 9, 16, 17, 13, 5, 12, 4, 1, 0, 18, 14, 6, 11, 15, 10]",6.679533
./random_graph_db/graph_db_node_19/11_p0.8/11_graph_n19_p0.8_idx7.gpickle,19,0.8,7,5,30,80,"[18, 7, 10, 16, 17, 5, 1, 13, 9, 12, 14, 4, 6, 2, 3, 15, 11, 0, 8]",6.802937
./random_graph_db/graph_db_node_19/11_p0.8/11_graph_n19_p0.8_idx8.gpickle,19,0.8,8,6,43,128,"[5, 6, 17, 15, 2, 3, 4, 0, 16, 10, 8, 13, 11, 9, 18, 7, 1, 14, 12]",6.9988718
./random_graph_db/graph_db_node_19/11_p0.8/11_graph_n19_p0.8_idx9.gpickle,19,0.8,9,5,27,85,"[14, 17, 9, 4, 7, 12, 6, 3, 8, 11, 13, 15, 0, 16, 5, 18, 2, 1, 10]",6.5370758
./random_graph_db/graph_db_node_19/12_p0.9/12_graph_n19_p0.9_idx1.gpickle,19,0.9,1,3,12,47,"[7, 13, 16, 12, 2, 8, 17, 14, 10, 5, 0, 11, 18, 6, 15, 3, 4, 1, 9]",6.2305038
./random_graph_db/graph_db_node_19/12_p0.9/12_graph_n19_p0.9_idx10.gpickle,19,0.9,10,3,15,56,"[2, 3, 15, 17, 18, 13, 6, 16, 10, 7, 9, 1, 8, 5, 12, 11, 14, 4, 0]",6.2240391
./random_graph_db/graph_db_node_19/12_p0.9/12_graph_n19_p0.9_idx2.gpickle,19,0.9,2,3,8,47,"[0, 16, 15, 17, 6, 8, 12, 2, 4, 5, 13, 18, 1, 9, 14, 3, 11, 10, 7]",6.257324
./random_graph_db/graph_db_node_19/12_p0.9/12_graph_n19_p0.9_idx3.gpickle,19,0.9,3,4,18,70,"[11, 13, 16, 12, 14, 18, 9, 17, 2, 15, 10, 0, 8, 1, 5, 6, 7, 4, 3]",6.5687978
./random_graph_db/graph_db_node_19/12_p0.9/12_graph_n19_p0.9_idx4.gpickle,19,0.9,4,5,26,69,"[6, 16, 11, 18, 4, 2, 1, 15, 17, 12, 9, 0, 10, 13, 5, 14, 8, 7, 3]",6.8794818
./random_graph_db/graph_db_node_19/12_p0.9/12_graph_n19_p0.9_idx5.gpickle,19,0.9,5,3,13,50,"[1, 4, 10, 12, 15, 17, 5, 2, 7, 16, 14, 8, 18, 11, 0, 3, 6, 9, 13]",6.1990557
./random_graph_db/graph_db_node_19/12_p0.9/12_graph_n19_p0.9_idx6.gpickle,19,0.9,6,3,9,44,"[2, 3, 1, 9, 7, 8, 14, 16, 11, 6, 10, 13, 0, 4, 18, 12, 5, 17, 15]",6.1323469
./random_graph_db/graph_db_node_19/12_p0.9/12_graph_n19_p0.9_idx7.gpickle,19,0.9,7,3,15,58,"[8, 7, 11, 10, 16, 14, 6, 3, 12, 0, 18, 13, 4, 17, 5, 2, 9, 15, 1]",13.4330008
./random_graph_db/graph_db_node_19/12_p0.9/12_graph_n19_p0.9_idx8.gpickle,19,0.9,8,4,22,76,"[6, 13, 18, 5, 14, 17, 12, 0, 7, 4, 1, 3, 16, 8, 15, 9, 10, 11, 2]",6.5995102
./random_graph_db/graph_db_node_19/12_p0.9/12_graph_n19_p0.9_idx9.gpickle,19,0.9,9,4,15,47,"[1, 6, 5, 9, 15, 0, 10, 18, 16, 14, 8, 13, 11, 4, 12, 7, 3, 17, 2]",6.518934
./random_graph_db/graph_db_node_20/01_p0.1/01_graph_n20_p0.1_idx1.gpickle,20,0.1,1,3,5,32,"[12, 19, 10, 3, 0, 8, 11, 6, 15, 13, 4, 14, 18, 17, 2, 1, 7, 16, 5, 9]",6.232023
./random_graph_db/graph_db_node_20/01_p0.1/01_graph_n20_p0.1_idx10.gpickle,20,0.1,10,3,7,36,"[5, 3, 8, 0, 2, 14, 19, 18, 17, 15, 6, 11, 12, 9, 13, 16, 4, 7, 10, 1]",6.80528
./random_graph_db/graph_db_node_20/01_p0.1/01_graph_n20_p0.1_idx2.gpickle,20,0.1,2,3,7,41,"[19, 6, 17, 16, 9, 1, 13, 10, 5, 3, 7, 11, 8, 14, 2, 12, 18, 0, 15, 4]",15.4273417
./random_graph_db/graph_db_node_20/01_p0.1/01_graph_n20_p0.1_idx3.gpickle,20,0.1,3,3,14,47,"[7, 1, 13, 15, 12, 17, 5, 4, 10, 18, 16, 9, 3, 2, 14, 0, 8, 19, 6, 11]",6.6179011
./random_graph_db/graph_db_node_20/01_p0.1/01_graph_n20_p0.1_idx4.gpickle,20,0.1,4,2,3,27,"[0, 12, 2, 13, 15, 3, 1, 18, 19, 4, 17, 5, 10, 16, 7, 9, 11, 6, 8, 14]",6.5189059
./random_graph_db/graph_db_node_20/01_p0.1/01_graph_n20_p0.1_idx5.gpickle,20,0.1,5,4,14,60,"[0, 11, 17, 14, 6, 13, 8, 1, 16, 4, 12, 5, 9, 7, 10, 19, 18, 2, 3, 15]",6.6977749
./random_graph_db/graph_db_node_20/01_p0.1/01_graph_n20_p0.1_idx6.gpickle,20,0.1,6,3,7,34,"[13, 15, 0, 12, 19, 16, 9, 14, 5, 3, 6, 2, 4, 7, 11, 1, 10, 18, 8, 17]",6.5034468
./random_graph_db/graph_db_node_20/01_p0.1/01_graph_n20_p0.1_idx7.gpickle,20,0.1,7,2,5,27,"[5, 14, 8, 9, 11, 1, 6, 17, 0, 12, 4, 16, 2, 7, 10, 19, 13, 15, 18, 3]",6.385133
./random_graph_db/graph_db_node_20/01_p0.1/01_graph_n20_p0.1_idx8.gpickle,20,0.1,8,3,5,30,"[19, 5, 1, 15, 11, 4, 6, 18, 10, 0, 17, 2, 8, 16, 9, 7, 13, 3, 12, 14]",14.7765832
./random_graph_db/graph_db_node_20/01_p0.1/01_graph_n20_p0.1_idx9.gpickle,20,0.1,9,3,7,39,"[8, 2, 12, 10, 5, 15, 18, 0, 16, 1, 11, 14, 4, 7, 13, 19, 3, 6, 9, 17]",6.8539391
./random_graph_db/graph_db_node_20/02_p0.2/02_graph_n20_p0.2_idx1.gpickle,20,0.2,1,5,28,88,"[13, 4, 6, 0, 16, 10, 11, 14, 15, 17, 12, 2, 19, 8, 3, 9, 7, 1, 5, 18]",7.2079692
./random_graph_db/graph_db_node_20/02_p0.2/02_graph_n20_p0.2_idx10.gpickle,20,0.2,10,5,28,70,"[0, 1, 2, 4, 12, 6, 3, 10, 15, 18, 9, 14, 7, 16, 19, 11, 8, 13, 17, 5]",6.9923358
./random_graph_db/graph_db_node_20/02_p0.2/02_graph_n20_p0.2_idx2.gpickle,20,0.2,2,6,35,96,"[15, 3, 12, 0, 18, 8, 7, 16, 2, 19, 17, 5, 9, 10, 4, 14, 6, 13, 11, 1]",7.4235404
./random_graph_db/graph_db_node_20/02_p0.2/02_graph_n20_p0.2_idx3.gpickle,20,0.2,3,5,19,77,"[14, 7, 19, 9, 1, 4, 10, 17, 12, 5, 2, 6, 18, 3, 16, 8, 11, 13, 0, 15]",6.9910932
./random_graph_db/graph_db_node_20/02_p0.2/02_graph_n20_p0.2_idx4.gpickle,20,0.2,4,4,18,68,"[8, 11, 9, 17, 3, 1, 19, 13, 14, 12, 0, 15, 18, 16, 6, 10, 2, 5, 4, 7]",6.7924671
./random_graph_db/graph_db_node_20/02_p0.2/02_graph_n20_p0.2_idx5.gpickle,20,0.2,5,5,18,70,"[18, 17, 6, 4, 8, 1, 13, 14, 19, 15, 9, 16, 5, 12, 2, 11, 7, 10, 0, 3]",7.0572608
./random_graph_db/graph_db_node_20/02_p0.2/02_graph_n20_p0.2_idx6.gpickle,20,0.2,6,4,20,77,"[0, 7, 19, 12, 5, 1, 17, 13, 4, 15, 14, 3, 18, 8, 9, 10, 6, 11, 2, 16]",6.9093902
./random_graph_db/graph_db_node_20/02_p0.2/02_graph_n20_p0.2_idx7.gpickle,20,0.2,7,5,22,80,"[19, 5, 4, 9, 1, 12, 6, 8, 0, 17, 3, 2, 15, 7, 18, 14, 11, 13, 16, 10]",7.250792
./random_graph_db/graph_db_node_20/02_p0.2/02_graph_n20_p0.2_idx8.gpickle,20,0.2,8,4,14,47,"[17, 10, 9, 4, 0, 18, 19, 2, 14, 5, 16, 3, 7, 12, 6, 8, 13, 15, 11, 1]",6.7183561
./random_graph_db/graph_db_node_20/02_p0.2/02_graph_n20_p0.2_idx9.gpickle,20,0.2,9,5,28,88,"[16, 14, 4, 15, 1, 8, 10, 9, 12, 6, 19, 11, 7, 17, 18, 2, 5, 0, 3, 13]",6.9299881
./random_graph_db/graph_db_node_20/03_p0.3/03_graph_n20_p0.3_idx1.gpickle,20,0.3,1,6,40,123,"[17, 16, 2, 6, 18, 1, 13, 9, 12, 14, 19, 5, 4, 11, 7, 8, 3, 10, 15, 0]",7.5468879
./random_graph_db/graph_db_node_20/03_p0.3/03_graph_n20_p0.3_idx10.gpickle,20,0.3,10,6,39,121,"[11, 16, 19, 3, 4, 13, 6, 12, 17, 0, 8, 10, 15, 7, 5, 1, 18, 9, 14, 2]",7.378886
./random_graph_db/graph_db_node_20/03_p0.3/03_graph_n20_p0.3_idx2.gpickle,20,0.3,2,5,36,98,"[13, 4, 7, 18, 0, 8, 16, 17, 5, 15, 6, 2, 10, 1, 14, 12, 3, 9, 19, 11]",7.229238
./random_graph_db/graph_db_node_20/03_p0.3/03_graph_n20_p0.3_idx3.gpickle,20,0.3,3,6,51,161,"[3, 15, 14, 13, 0, 9, 6, 4, 11, 2, 17, 10, 8, 16, 5, 1, 19, 7, 12, 18]",7.79548
./random_graph_db/graph_db_node_20/03_p0.3/03_graph_n20_p0.3_idx4.gpickle,20,0.3,4,5,29,87,"[4, 19, 14, 6, 10, 12, 13, 8, 9, 15, 17, 18, 3, 16, 1, 0, 7, 5, 11, 2]",7.0963638
./random_graph_db/graph_db_node_20/03_p0.3/03_graph_n20_p0.3_idx5.gpickle,20,0.3,5,6,34,103,"[18, 16, 3, 0, 15, 8, 4, 10, 17, 5, 13, 2, 11, 7, 1, 9, 14, 19, 6, 12]",7.4064982
./random_graph_db/graph_db_node_20/03_p0.3/03_graph_n20_p0.3_idx6.gpickle,20,0.3,6,7,53,139,"[7, 2, 8, 12, 17, 11, 13, 3, 10, 15, 9, 18, 6, 5, 4, 0, 1, 16, 14, 19]",7.6710999
./random_graph_db/graph_db_node_20/03_p0.3/03_graph_n20_p0.3_idx7.gpickle,20,0.3,7,6,42,116,"[6, 16, 0, 11, 14, 9, 7, 3, 19, 5, 4, 18, 17, 13, 15, 8, 10, 12, 2, 1]",7.3326592
./random_graph_db/graph_db_node_20/03_p0.3/03_graph_n20_p0.3_idx8.gpickle,20,0.3,8,6,46,124,"[10, 13, 5, 6, 12, 17, 18, 16, 8, 4, 14, 2, 1, 19, 15, 0, 9, 7, 11, 3]",7.3093369
./random_graph_db/graph_db_node_20/03_p0.3/03_graph_n20_p0.3_idx9.gpickle,20,0.3,9,6,50,141,"[13, 4, 15, 9, 17, 5, 16, 8, 2, 19, 1, 0, 7, 18, 10, 14, 6, 12, 3, 11]",7.6714509
./random_graph_db/graph_db_node_20/04_p0.4/04_graph_n20_p0.4_idx1.gpickle,20,0.4,1,6,52,128,"[12, 7, 11, 9, 3, 1, 14, 13, 15, 8, 0, 5, 4, 16, 2, 17, 10, 6, 18, 19]",7.3409371
./random_graph_db/graph_db_node_20/04_p0.4/04_graph_n20_p0.4_idx10.gpickle,20,0.4,10,7,58,147,"[17, 11, 12, 18, 16, 14, 19, 10, 7, 0, 1, 9, 2, 5, 15, 6, 8, 4, 3, 13]",7.7718372
./random_graph_db/graph_db_node_20/04_p0.4/04_graph_n20_p0.4_idx2.gpickle,20,0.4,2,7,56,166,"[5, 9, 14, 3, 13, 1, 12, 4, 8, 10, 15, 0, 16, 2, 17, 7, 6, 19, 11, 18]",7.5260282
./random_graph_db/graph_db_node_20/04_p0.4/04_graph_n20_p0.4_idx3.gpickle,20,0.4,3,6,52,136,"[19, 14, 8, 11, 0, 9, 3, 18, 12, 1, 5, 17, 13, 16, 4, 10, 2, 7, 6, 15]",7.544575
./random_graph_db/graph_db_node_20/04_p0.4/04_graph_n20_p0.4_idx4.gpickle,20,0.4,4,7,57,152,"[0, 17, 15, 4, 8, 2, 1, 13, 18, 14, 19, 16, 11, 3, 9, 7, 12, 6, 5, 10]",8.0219562
./random_graph_db/graph_db_node_20/04_p0.4/04_graph_n20_p0.4_idx5.gpickle,20,0.4,5,7,59,160,"[11, 13, 17, 4, 19, 1, 2, 5, 18, 6, 0, 10, 16, 3, 7, 9, 8, 12, 14, 15]",8.0634029
./random_graph_db/graph_db_node_20/04_p0.4/04_graph_n20_p0.4_idx6.gpickle,20,0.4,6,7,56,145,"[8, 5, 3, 15, 13, 17, 2, 14, 7, 11, 18, 1, 4, 10, 19, 16, 9, 12, 6, 0]",7.6459327
./random_graph_db/graph_db_node_20/04_p0.4/04_graph_n20_p0.4_idx7.gpickle,20,0.4,7,6,47,129,"[12, 13, 19, 11, 9, 1, 2, 18, 7, 4, 3, 8, 0, 10, 14, 6, 16, 5, 17, 15]",7.8408501
./random_graph_db/graph_db_node_20/04_p0.4/04_graph_n20_p0.4_idx8.gpickle,20,0.4,8,7,59,149,"[4, 11, 5, 0, 19, 13, 8, 3, 16, 18, 15, 1, 7, 12, 10, 9, 14, 6, 17, 2]",7.7246861
./random_graph_db/graph_db_node_20/04_p0.4/04_graph_n20_p0.4_idx9.gpickle,20,0.4,9,7,54,148,"[14, 16, 11, 7, 3, 18, 12, 17, 9, 4, 15, 8, 1, 0, 5, 2, 13, 10, 19, 6]",7.86815
./random_graph_db/graph_db_node_20/05_p0.45/05_graph_n20_p0.45_idx1.gpickle,20,0.45,1,7,71,193,"[14, 19, 1, 7, 11, 8, 6, 2, 15, 13, 12, 16, 3, 4, 5, 10, 17, 18, 0, 9]",7.8777809
./random_graph_db/graph_db_node_20/05_p0.45/05_graph_n20_p0.45_idx10.gpickle,20,0.45,10,7,65,167,"[0, 1, 9, 17, 10, 7, 15, 4, 13, 11, 19, 8, 6, 12, 2, 14, 16, 5, 3, 18]",8.0916092
./random_graph_db/graph_db_node_20/05_p0.45/05_graph_n20_p0.45_idx2.gpickle,20,0.45,2,7,61,170,"[16, 8, 3, 0, 15, 12, 6, 2, 9, 7, 4, 13, 18, 1, 17, 5, 10, 11, 14, 19]",7.8244443
./random_graph_db/graph_db_node_20/05_p0.45/05_graph_n20_p0.45_idx3.gpickle,20,0.45,3,7,52,161,"[3, 1, 5, 10, 0, 13, 2, 7, 19, 16, 4, 9, 17, 8, 12, 14, 11, 15, 18, 6]",7.6563621
./random_graph_db/graph_db_node_20/05_p0.45/05_graph_n20_p0.45_idx4.gpickle,20,0.45,4,7,61,164,"[13, 14, 2, 12, 6, 5, 8, 18, 17, 4, 1, 15, 16, 11, 10, 0, 9, 7, 19, 3]",7.8975627
./random_graph_db/graph_db_node_20/05_p0.45/05_graph_n20_p0.45_idx5.gpickle,20,0.45,5,7,59,160,"[1, 9, 14, 8, 15, 10, 6, 3, 18, 13, 0, 2, 7, 16, 17, 19, 11, 4, 12, 5]",7.6658008
./random_graph_db/graph_db_node_20/05_p0.45/05_graph_n20_p0.45_idx6.gpickle,20,0.45,6,7,60,165,"[7, 13, 17, 12, 11, 1, 19, 5, 8, 3, 14, 2, 9, 16, 18, 6, 4, 0, 15, 10]",8.0162349
./random_graph_db/graph_db_node_20/05_p0.45/05_graph_n20_p0.45_idx7.gpickle,20,0.45,7,7,55,140,"[16, 3, 19, 9, 18, 1, 4, 5, 15, 14, 2, 13, 11, 10, 17, 7, 12, 0, 8, 6]",7.536598
./random_graph_db/graph_db_node_20/05_p0.45/05_graph_n20_p0.45_idx8.gpickle,20,0.45,8,7,43,134,"[13, 8, 5, 16, 0, 18, 10, 14, 11, 19, 12, 2, 4, 9, 6, 15, 3, 17, 7, 1]",7.44226
./random_graph_db/graph_db_node_20/05_p0.45/05_graph_n20_p0.45_idx9.gpickle,20,0.45,9,7,67,185,"[18, 2, 19, 11, 8, 4, 5, 1, 12, 0, 6, 13, 3, 16, 10, 7, 17, 9, 15, 14]",8.1706462
./random_graph_db/graph_db_node_20/06_p0.5/06_graph_n20_p0.5_idx1.gpickle,20,0.5,1,7,58,154,"[16, 6, 11, 18, 12, 2, 19, 3, 9, 7, 5, 13, 4, 1, 0, 17, 10, 15, 8, 14]",7.7520611
./random_graph_db/graph_db_node_20/06_p0.5/06_graph_n20_p0.5_idx10.gpickle,20,0.5,10,7,59,178,"[17, 12, 19, 1, 6, 3, 9, 11, 8, 13, 18, 0, 5, 15, 7, 2, 14, 4, 16, 10]",7.8672061
./random_graph_db/graph_db_node_20/06_p0.5/06_graph_n20_p0.5_idx2.gpickle,20,0.5,2,7,53,141,"[11, 16, 14, 1, 0, 9, 18, 4, 6, 8, 2, 15, 12, 7, 5, 17, 19, 13, 3, 10]",7.6136801
./random_graph_db/graph_db_node_20/06_p0.5/06_graph_n20_p0.5_idx3.gpickle,20,0.5,3,7,54,168,"[9, 12, 5, 19, 14, 6, 7, 18, 10, 3, 16, 13, 1, 15, 8, 0, 2, 11, 17, 4]",7.5970831
./random_graph_db/graph_db_node_20/06_p0.5/06_graph_n20_p0.5_idx4.gpickle,20,0.5,4,7,59,179,"[13, 7, 4, 19, 9, 18, 17, 3, 8, 2, 16, 11, 5, 12, 15, 6, 1, 14, 0, 10]",7.7508652
./random_graph_db/graph_db_node_20/06_p0.5/06_graph_n20_p0.5_idx5.gpickle,20,0.5,5,7,57,161,"[15, 18, 10, 1, 17, 3, 8, 4, 7, 12, 14, 6, 19, 0, 13, 9, 5, 2, 16, 11]",7.6218598
./random_graph_db/graph_db_node_20/06_p0.5/06_graph_n20_p0.5_idx6.gpickle,20,0.5,6,7,59,165,"[19, 6, 2, 8, 11, 10, 15, 3, 18, 9, 7, 16, 12, 17, 13, 5, 0, 14, 4, 1]",7.7235708
./random_graph_db/graph_db_node_20/06_p0.5/06_graph_n20_p0.5_idx7.gpickle,20,0.5,7,7,72,181,"[15, 18, 1, 5, 13, 16, 4, 12, 17, 9, 10, 14, 0, 3, 19, 6, 2, 8, 7, 11]",7.954098
./random_graph_db/graph_db_node_20/06_p0.5/06_graph_n20_p0.5_idx8.gpickle,20,0.5,8,7,58,165,"[5, 1, 18, 16, 10, 4, 7, 3, 19, 17, 6, 12, 2, 0, 15, 11, 9, 14, 8, 13]",7.7395611
./random_graph_db/graph_db_node_20/06_p0.5/06_graph_n20_p0.5_idx9.gpickle,20,0.5,9,7,64,181,"[16, 15, 4, 8, 1, 2, 13, 0, 14, 12, 18, 6, 9, 10, 5, 17, 3, 11, 7, 19]",7.5531869
./random_graph_db/graph_db_node_20/07_p0.55/07_graph_n20_p0.55_idx1.gpickle,20,0.55,1,7,53,155,"[15, 19, 10, 17, 1, 7, 6, 0, 4, 14, 3, 18, 9, 5, 8, 11, 13, 12, 16, 2]",7.470731
./random_graph_db/graph_db_node_20/07_p0.55/07_graph_n20_p0.55_idx10.gpickle,20,0.55,10,7,56,157,"[18, 19, 0, 8, 16, 3, 4, 6, 1, 17, 9, 13, 2, 5, 10, 11, 12, 7, 15, 14]",7.6537809
./random_graph_db/graph_db_node_20/07_p0.55/07_graph_n20_p0.55_idx2.gpickle,20,0.55,2,7,59,158,"[19, 2, 5, 7, 3, 17, 14, 1, 6, 16, 15, 8, 9, 13, 10, 18, 4, 0, 12, 11]",7.6493819
./random_graph_db/graph_db_node_20/07_p0.55/07_graph_n20_p0.55_idx3.gpickle,20,0.55,3,7,52,143,"[9, 1, 15, 2, 18, 14, 19, 7, 12, 17, 11, 13, 3, 0, 16, 5, 8, 6, 4, 10]",7.5091491
./random_graph_db/graph_db_node_20/07_p0.55/07_graph_n20_p0.55_idx4.gpickle,20,0.55,4,7,60,154,"[16, 17, 11, 2, 15, 10, 6, 13, 1, 4, 8, 0, 14, 5, 18, 9, 3, 7, 12, 19]",7.9663589
./random_graph_db/graph_db_node_20/07_p0.55/07_graph_n20_p0.55_idx5.gpickle,20,0.55,5,7,53,157,"[18, 8, 3, 16, 14, 9, 1, 19, 4, 17, 12, 11, 0, 15, 2, 5, 6, 10, 7, 13]",7.6680138
./random_graph_db/graph_db_node_20/07_p0.55/07_graph_n20_p0.55_idx6.gpickle,20,0.55,6,7,63,184,"[13, 16, 5, 8, 4, 10, 3, 0, 19, 11, 1, 15, 14, 2, 12, 18, 17, 7, 9, 6]",7.616004
./random_graph_db/graph_db_node_20/07_p0.55/07_graph_n20_p0.55_idx7.gpickle,20,0.55,7,7,59,165,"[1, 5, 13, 18, 16, 14, 4, 10, 8, 15, 7, 9, 2, 3, 12, 6, 0, 11, 19, 17]",7.7570202
./random_graph_db/graph_db_node_20/07_p0.55/07_graph_n20_p0.55_idx8.gpickle,20,0.55,8,7,56,143,"[2, 11, 5, 19, 1, 12, 18, 8, 0, 15, 14, 4, 7, 10, 9, 17, 6, 13, 16, 3]",7.5551739
./random_graph_db/graph_db_node_20/07_p0.55/07_graph_n20_p0.55_idx9.gpickle,20,0.55,9,7,64,179,"[8, 11, 9, 4, 17, 6, 10, 12, 3, 14, 2, 19, 15, 18, 16, 13, 1, 7, 0, 5]",7.8941741
./random_graph_db/graph_db_node_20/08_p0.6/08_graph_n20_p0.6_idx1.gpickle,20,0.6,1,7,54,131,"[13, 18, 11, 16, 2, 1, 17, 0, 10, 7, 12, 3, 19, 9, 6, 14, 4, 15, 8, 5]",7.7245188
./random_graph_db/graph_db_node_20/08_p0.6/08_graph_n20_p0.6_idx10.gpickle,20,0.6,10,7,57,154,"[7, 3, 6, 18, 15, 0, 12, 8, 16, 9, 5, 17, 1, 10, 19, 4, 13, 11, 14, 2]",7.5818999
./random_graph_db/graph_db_node_20/08_p0.6/08_graph_n20_p0.6_idx2.gpickle,20,0.6,2,7,59,148,"[13, 1, 18, 12, 3, 6, 7, 17, 2, 16, 10, 8, 14, 5, 15, 11, 19, 9, 0, 4]",7.8444231
./random_graph_db/graph_db_node_20/08_p0.6/08_graph_n20_p0.6_idx3.gpickle,20,0.6,3,7,52,157,"[3, 8, 0, 11, 16, 2, 5, 13, 14, 19, 17, 6, 18, 10, 12, 9, 4, 1, 7, 15]",7.5299039
./random_graph_db/graph_db_node_20/08_p0.6/08_graph_n20_p0.6_idx4.gpickle,20,0.6,4,7,54,143,"[14, 7, 9, 4, 12, 8, 15, 13, 10, 17, 5, 2, 3, 19, 1, 0, 16, 6, 18, 11]",7.5754611
./random_graph_db/graph_db_node_20/08_p0.6/08_graph_n20_p0.6_idx5.gpickle,20,0.6,5,7,47,130,"[15, 5, 11, 3, 9, 18, 10, 6, 0, 17, 14, 13, 7, 8, 2, 12, 1, 4, 19, 16]",7.616483
./random_graph_db/graph_db_node_20/08_p0.6/08_graph_n20_p0.6_idx6.gpickle,20,0.6,6,6,52,132,"[17, 19, 18, 15, 10, 5, 1, 13, 16, 14, 8, 6, 7, 11, 3, 9, 12, 4, 0, 2]",7.5139711
./random_graph_db/graph_db_node_20/08_p0.6/08_graph_n20_p0.6_idx7.gpickle,20,0.6,7,8,61,156,"[1, 13, 9, 12, 11, 16, 4, 3, 2, 0, 18, 15, 10, 8, 17, 5, 7, 19, 14, 6]",7.6605799
./random_graph_db/graph_db_node_20/08_p0.6/08_graph_n20_p0.6_idx8.gpickle,20,0.6,8,7,58,167,"[14, 9, 17, 8, 3, 5, 12, 4, 10, 15, 0, 2, 6, 18, 19, 13, 1, 16, 7, 11]",7.5937939
./random_graph_db/graph_db_node_20/08_p0.6/08_graph_n20_p0.6_idx9.gpickle,20,0.6,9,7,59,154,"[0, 5, 18, 7, 10, 1, 19, 12, 11, 17, 9, 3, 4, 2, 13, 6, 14, 8, 16, 15]",7.5461597
./random_graph_db/graph_db_node_20/09_p0.65/09_graph_n20_p0.65_idx1.gpickle,20,0.65,1,7,56,144,"[9, 0, 13, 4, 14, 19, 6, 3, 11, 16, 18, 10, 7, 5, 17, 1, 8, 15, 2, 12]",8.3299909
./random_graph_db/graph_db_node_20/09_p0.65/09_graph_n20_p0.65_idx10.gpickle,20,0.65,10,7,63,185,"[15, 16, 11, 7, 12, 3, 2, 19, 6, 0, 8, 14, 1, 18, 13, 17, 10, 9, 4, 5]",7.6630468
./random_graph_db/graph_db_node_20/09_p0.65/09_graph_n20_p0.65_idx2.gpickle,20,0.65,2,7,56,165,"[15, 9, 5, 7, 12, 4, 2, 3, 11, 14, 16, 0, 10, 1, 18, 17, 6, 13, 8, 19]",7.5696647
./random_graph_db/graph_db_node_20/09_p0.65/09_graph_n20_p0.65_idx3.gpickle,20,0.65,3,7,53,152,"[14, 17, 11, 16, 1, 10, 5, 9, 13, 15, 7, 8, 12, 4, 19, 2, 6, 0, 3, 18]",7.975404
./random_graph_db/graph_db_node_20/09_p0.65/09_graph_n20_p0.65_idx4.gpickle,20,0.65,4,7,71,177,"[12, 18, 17, 4, 2, 10, 11, 13, 1, 3, 6, 15, 7, 5, 16, 19, 0, 9, 8, 14]",7.8778
./random_graph_db/graph_db_node_20/09_p0.65/09_graph_n20_p0.65_idx5.gpickle,20,0.65,5,7,69,180,"[19, 16, 1, 17, 13, 5, 7, 14, 3, 18, 8, 4, 10, 2, 6, 12, 11, 15, 0, 9]",7.973259
./random_graph_db/graph_db_node_20/09_p0.65/09_graph_n20_p0.65_idx6.gpickle,20,0.65,6,7,57,160,"[2, 16, 11, 13, 17, 14, 0, 3, 12, 15, 6, 8, 4, 5, 10, 18, 7, 9, 19, 1]",7.590426
./random_graph_db/graph_db_node_20/09_p0.65/09_graph_n20_p0.65_idx7.gpickle,20,0.65,7,7,60,167,"[16, 6, 11, 7, 17, 5, 18, 4, 15, 1, 9, 2, 8, 14, 10, 13, 12, 3, 19, 0]",7.561383
./random_graph_db/graph_db_node_20/09_p0.65/09_graph_n20_p0.65_idx8.gpickle,20,0.65,8,7,53,157,"[2, 0, 16, 15, 14, 8, 6, 17, 12, 1, 5, 19, 18, 9, 13, 10, 4, 11, 7, 3]",7.9381959
./random_graph_db/graph_db_node_20/09_p0.65/09_graph_n20_p0.65_idx9.gpickle,20,0.65,9,7,55,157,"[19, 5, 16, 9, 18, 15, 8, 2, 3, 11, 12, 14, 0, 13, 4, 10, 6, 17, 1, 7]",7.633898
./random_graph_db/graph_db_node_20/10_p0.7/10_graph_n20_p0.7_idx1.gpickle,20,0.7,1,7,53,147,"[19, 16, 2, 5, 4, 8, 18, 1, 14, 11, 7, 12, 0, 6, 3, 10, 15, 13, 9, 17]",7.546427
./random_graph_db/graph_db_node_20/10_p0.7/10_graph_n20_p0.7_idx10.gpickle,20,0.7,10,6,42,126,"[13, 18, 10, 2, 3, 9, 17, 19, 1, 11, 16, 4, 7, 12, 0, 14, 15, 5, 6, 8]",7.568152
./random_graph_db/graph_db_node_20/10_p0.7/10_graph_n20_p0.7_idx2.gpickle,20,0.7,2,7,65,176,"[17, 16, 0, 15, 19, 1, 2, 4, 10, 3, 12, 7, 6, 11, 14, 5, 9, 13, 8, 18]",7.9349821
./random_graph_db/graph_db_node_20/10_p0.7/10_graph_n20_p0.7_idx3.gpickle,20,0.7,3,7,55,152,"[15, 5, 7, 17, 16, 10, 6, 2, 18, 19, 12, 0, 4, 13, 14, 8, 11, 3, 9, 1]",7.693738
./random_graph_db/graph_db_node_20/10_p0.7/10_graph_n20_p0.7_idx4.gpickle,20,0.7,4,7,51,146,"[5, 9, 0, 12, 11, 8, 17, 1, 19, 13, 6, 16, 14, 10, 3, 4, 2, 15, 18, 7]",7.533314
./random_graph_db/graph_db_node_20/10_p0.7/10_graph_n20_p0.7_idx5.gpickle,20,0.7,5,7,63,170,"[4, 0, 19, 8, 15, 12, 7, 14, 9, 18, 1, 16, 11, 5, 10, 3, 13, 6, 2, 17]",7.785285
./random_graph_db/graph_db_node_20/10_p0.7/10_graph_n20_p0.7_idx6.gpickle,20,0.7,6,7,57,153,"[10, 6, 5, 8, 11, 1, 7, 13, 0, 18, 14, 2, 9, 16, 15, 12, 17, 19, 3, 4]",7.858511
./random_graph_db/graph_db_node_20/10_p0.7/10_graph_n20_p0.7_idx7.gpickle,20,0.7,7,7,51,142,"[17, 13, 9, 18, 14, 8, 5, 1, 15, 3, 2, 7, 19, 12, 11, 16, 10, 0, 4, 6]",7.776309
./random_graph_db/graph_db_node_20/10_p0.7/10_graph_n20_p0.7_idx8.gpickle,20,0.7,8,7,53,145,"[6, 11, 1, 14, 7, 16, 3, 5, 13, 4, 12, 10, 8, 19, 2, 0, 17, 18, 9, 15]",7.6571283
./random_graph_db/graph_db_node_20/10_p0.7/10_graph_n20_p0.7_idx9.gpickle,20,0.7,9,6,53,145,"[18, 12, 13, 1, 19, 17, 5, 6, 9, 2, 8, 4, 15, 7, 3, 10, 14, 0, 16, 11]",7.8032598
./random_graph_db/graph_db_node_20/11_p0.8/11_graph_n20_p0.8_idx1.gpickle,20,0.8,1,5,42,101,"[18, 12, 10, 6, 5, 16, 7, 1, 8, 3, 13, 9, 19, 15, 11, 0, 2, 4, 14, 17]",7.3449161
./random_graph_db/graph_db_node_20/11_p0.8/11_graph_n20_p0.8_idx10.gpickle,20,0.8,10,7,46,123,"[15, 12, 3, 14, 1, 19, 8, 2, 9, 18, 7, 10, 6, 17, 13, 0, 5, 16, 4, 11]",7.6182349
./random_graph_db/graph_db_node_20/11_p0.8/11_graph_n20_p0.8_idx2.gpickle,20,0.8,2,5,28,88,"[0, 10, 9, 12, 4, 6, 5, 18, 16, 15, 17, 13, 2, 8, 7, 3, 14, 11, 1, 19]",6.9997067
./random_graph_db/graph_db_node_20/11_p0.8/11_graph_n20_p0.8_idx3.gpickle,20,0.8,3,6,45,138,"[17, 7, 19, 2, 4, 0, 16, 1, 13, 8, 3, 12, 10, 11, 5, 9, 18, 6, 15, 14]",7.5302238
./random_graph_db/graph_db_node_20/11_p0.8/11_graph_n20_p0.8_idx4.gpickle,20,0.8,4,6,36,119,"[10, 11, 19, 2, 14, 17, 3, 12, 7, 18, 9, 4, 16, 8, 0, 13, 6, 5, 1, 15]",7.6064148
./random_graph_db/graph_db_node_20/11_p0.8/11_graph_n20_p0.8_idx5.gpickle,20,0.8,5,4,21,80,"[1, 18, 4, 17, 3, 11, 14, 12, 0, 10, 5, 9, 8, 13, 16, 15, 2, 6, 19, 7]",6.9048371
./random_graph_db/graph_db_node_20/11_p0.8/11_graph_n20_p0.8_idx6.gpickle,20,0.8,6,7,40,104,"[4, 2, 11, 15, 1, 18, 12, 10, 14, 0, 5, 9, 16, 8, 7, 6, 13, 17, 3, 19]",7.462352
./random_graph_db/graph_db_node_20/11_p0.8/11_graph_n20_p0.8_idx7.gpickle,20,0.8,7,6,35,91,"[13, 11, 7, 16, 18, 5, 4, 12, 14, 17, 1, 0, 6, 15, 2, 8, 10, 9, 19, 3]",7.4680219
./random_graph_db/graph_db_node_20/11_p0.8/11_graph_n20_p0.8_idx8.gpickle,20,0.8,8,6,41,113,"[1, 17, 5, 3, 12, 4, 7, 11, 16, 10, 15, 8, 18, 19, 0, 14, 9, 6, 2, 13]",7.2999382
./random_graph_db/graph_db_node_20/11_p0.8/11_graph_n20_p0.8_idx9.gpickle,20,0.8,9,6,38,119,"[13, 19, 1, 5, 11, 4, 0, 18, 10, 3, 7, 17, 2, 9, 16, 14, 6, 15, 8, 12]",7.62343
./random_graph_db/graph_db_node_20/12_p0.9/12_graph_n20_p0.9_idx1.gpickle,20,0.9,1,4,15,48,"[13, 5, 2, 19, 6, 14, 9, 0, 11, 4, 17, 15, 16, 18, 3, 12, 7, 10, 1, 8]",6.6363971
./random_graph_db/graph_db_node_20/12_p0.9/12_graph_n20_p0.9_idx10.gpickle,20,0.9,10,4,17,49,"[6, 7, 17, 4, 10, 12, 11, 8, 9, 18, 0, 5, 19, 1, 13, 16, 3, 14, 2, 15]",6.7848818
./random_graph_db/graph_db_node_20/12_p0.9/12_graph_n20_p0.9_idx2.gpickle,20,0.9,2,4,11,46,"[3, 4, 15, 0, 18, 14, 17, 16, 5, 13, 9, 11, 7, 10, 6, 12, 19, 1, 8, 2]",7.007829
./random_graph_db/graph_db_node_20/12_p0.9/12_graph_n20_p0.9_idx3.gpickle,20,0.9,3,5,29,89,"[5, 15, 19, 2, 0, 6, 9, 4, 8, 16, 7, 1, 14, 10, 12, 18, 3, 17, 11, 13]",7.0777333
./random_graph_db/graph_db_node_20/12_p0.9/12_graph_n20_p0.9_idx4.gpickle,20,0.9,4,3,15,57,"[0, 19, 13, 9, 12, 2, 6, 10, 15, 18, 14, 4, 16, 11, 3, 17, 1, 5, 8, 7]",6.6026931
./random_graph_db/graph_db_node_20/12_p0.9/12_graph_n20_p0.9_idx5.gpickle,20,0.9,5,3,13,54,"[17, 12, 16, 5, 13, 1, 18, 4, 9, 11, 7, 14, 0, 15, 3, 19, 2, 10, 6, 8]",6.7113779
./random_graph_db/graph_db_node_20/12_p0.9/12_graph_n20_p0.9_idx6.gpickle,20,0.9,6,2,9,44,"[1, 8, 2, 18, 0, 4, 13, 10, 19, 3, 16, 6, 7, 5, 12, 9, 14, 11, 17, 15]",6.3390729
./random_graph_db/graph_db_node_20/12_p0.9/12_graph_n20_p0.9_idx7.gpickle,20,0.9,7,3,11,46,"[11, 17, 19, 5, 12, 18, 9, 0, 7, 2, 13, 14, 4, 3, 6, 10, 15, 16, 1, 8]",6.63008
./random_graph_db/graph_db_node_20/12_p0.9/12_graph_n20_p0.9_idx8.gpickle,20,0.9,8,4,19,71,"[4, 5, 14, 1, 8, 7, 16, 19, 2, 3, 13, 6, 0, 15, 10, 17, 12, 9, 18, 11]",7.1209221
./random_graph_db/graph_db_node_20/12_p0.9/12_graph_n20_p0.9_idx9.gpickle,20,0.9,9,4,22,64,"[8, 11, 16, 17, 10, 2, 13, 6, 4, 19, 12, 5, 15, 3, 1, 9, 14, 7, 18, 0]",6.924989
./random_graph_db/graph_db_node_21/01_p0.1/01_graph_n21_p0.1_idx1.gpickle,21,0.1,1,3,7,37,"[6, 13, 18, 17, 7, 20, 16, 19, 5, 15, 9, 10, 11, 1, 14, 2, 0, 3, 4, 12, 8]",6.6020613
./random_graph_db/graph_db_node_21/01_p0.1/01_graph_n21_p0.1_idx10.gpickle,21,0.1,10,3,8,46,"[16, 3, 4, 5, 15, 14, 9, 20, 12, 17, 13, 0, 19, 6, 11, 10, 2, 1, 7, 18, 8]",7.0335057
./random_graph_db/graph_db_node_21/01_p0.1/01_graph_n21_p0.1_idx2.gpickle,21,0.1,2,4,16,60,"[11, 14, 6, 4, 7, 18, 2, 0, 20, 12, 3, 1, 15, 8, 16, 17, 5, 13, 9, 19, 10]",7.0499969
./random_graph_db/graph_db_node_21/01_p0.1/01_graph_n21_p0.1_idx3.gpickle,21,0.1,3,3,2,26,"[11, 10, 12, 7, 5, 4, 14, 3, 13, 6, 0, 18, 1, 15, 17, 9, 2, 19, 8, 20, 16]",14.9666731
./random_graph_db/graph_db_node_21/01_p0.1/01_graph_n21_p0.1_idx4.gpickle,21,0.1,4,3,4,28,"[15, 1, 13, 19, 10, 14, 7, 3, 0, 18, 16, 17, 5, 11, 2, 4, 6, 8, 9, 20, 12]",6.7615607
./random_graph_db/graph_db_node_21/01_p0.1/01_graph_n21_p0.1_idx5.gpickle,21,0.1,5,4,16,51,"[2, 12, 3, 18, 6, 13, 1, 16, 11, 14, 4, 17, 15, 8, 10, 19, 0, 5, 7, 9, 20]",7.22823
./random_graph_db/graph_db_node_21/01_p0.1/01_graph_n21_p0.1_idx6.gpickle,21,0.1,6,3,5,35,"[1, 10, 3, 11, 19, 4, 7, 2, 8, 16, 0, 20, 15, 12, 5, 6, 13, 18, 9, 17, 14]",6.765131
./random_graph_db/graph_db_node_21/01_p0.1/01_graph_n21_p0.1_idx7.gpickle,21,0.1,7,3,13,55,"[7, 13, 4, 0, 8, 11, 14, 9, 6, 19, 20, 3, 12, 18, 16, 10, 1, 17, 2, 15, 5]",6.9252338
./random_graph_db/graph_db_node_21/01_p0.1/01_graph_n21_p0.1_idx8.gpickle,21,0.1,8,2,3,36,"[20, 7, 4, 2, 0, 6, 10, 9, 15, 1, 18, 13, 3, 8, 19, 14, 17, 11, 5, 12, 16]",15.5420821
./random_graph_db/graph_db_node_21/01_p0.1/01_graph_n21_p0.1_idx9.gpickle,21,0.1,9,2,3,36,"[2, 5, 11, 0, 19, 1, 14, 15, 8, 4, 17, 9, 20, 16, 18, 12, 3, 10, 7, 13, 6]",6.858932
./random_graph_db/graph_db_node_21/02_p0.2/02_graph_n21_p0.2_idx1.gpickle,21,0.2,1,5,28,76,"[17, 7, 13, 16, 20, 2, 0, 15, 19, 18, 10, 6, 5, 14, 12, 8, 11, 1, 3, 4, 9]",7.5127418
./random_graph_db/graph_db_node_21/02_p0.2/02_graph_n21_p0.2_idx10.gpickle,21,0.2,10,5,16,57,"[0, 15, 11, 4, 20, 18, 7, 14, 1, 10, 13, 8, 3, 5, 2, 12, 9, 17, 19, 16, 6]",7.1700161
./random_graph_db/graph_db_node_21/02_p0.2/02_graph_n21_p0.2_idx2.gpickle,21,0.2,2,5,34,123,"[3, 10, 12, 2, 1, 14, 7, 9, 15, 18, 5, 17, 6, 16, 20, 11, 19, 8, 4, 13, 0]",7.911895
./random_graph_db/graph_db_node_21/02_p0.2/02_graph_n21_p0.2_idx3.gpickle,21,0.2,3,6,44,126,"[2, 14, 6, 19, 7, 4, 5, 12, 9, 10, 20, 17, 0, 8, 16, 3, 11, 15, 1, 18, 13]",7.6859028
./random_graph_db/graph_db_node_21/02_p0.2/02_graph_n21_p0.2_idx4.gpickle,21,0.2,4,6,40,122,"[13, 5, 20, 19, 0, 9, 8, 3, 11, 18, 16, 4, 6, 12, 7, 15, 10, 1, 17, 14, 2]",7.689882
./random_graph_db/graph_db_node_21/02_p0.2/02_graph_n21_p0.2_idx5.gpickle,21,0.2,5,5,33,98,"[5, 4, 2, 1, 13, 3, 7, 0, 12, 18, 10, 6, 11, 16, 19, 20, 9, 14, 8, 17, 15]",7.8736382
./random_graph_db/graph_db_node_21/02_p0.2/02_graph_n21_p0.2_idx6.gpickle,21,0.2,6,5,26,75,"[6, 2, 9, 8, 4, 11, 13, 14, 16, 15, 7, 3, 12, 10, 5, 1, 17, 0, 19, 18, 20]",7.3876581
./random_graph_db/graph_db_node_21/02_p0.2/02_graph_n21_p0.2_idx7.gpickle,21,0.2,7,6,27,78,"[19, 4, 1, 5, 12, 9, 15, 16, 11, 6, 3, 8, 14, 2, 7, 18, 20, 13, 0, 17, 10]",7.5372121
./random_graph_db/graph_db_node_21/02_p0.2/02_graph_n21_p0.2_idx8.gpickle,21,0.2,8,5,23,67,"[8, 12, 0, 7, 10, 9, 1, 13, 19, 6, 3, 17, 18, 14, 20, 4, 11, 2, 5, 16, 15]",7.6984999
./random_graph_db/graph_db_node_21/02_p0.2/02_graph_n21_p0.2_idx9.gpickle,21,0.2,9,5,35,95,"[1, 19, 0, 3, 4, 17, 7, 12, 5, 13, 8, 10, 11, 2, 9, 15, 6, 14, 16, 20, 18]",7.7332816
./random_graph_db/graph_db_node_21/03_p0.3/03_graph_n21_p0.3_idx1.gpickle,21,0.3,1,7,63,175,"[6, 0, 18, 16, 1, 9, 13, 12, 4, 3, 19, 5, 2, 15, 7, 14, 8, 17, 20, 10, 11]",8.421546
./random_graph_db/graph_db_node_21/03_p0.3/03_graph_n21_p0.3_idx10.gpickle,21,0.3,10,6,43,139,"[7, 9, 15, 4, 13, 11, 6, 19, 20, 3, 5, 10, 17, 8, 1, 16, 2, 12, 14, 0, 18]",7.7386789
./random_graph_db/graph_db_node_21/03_p0.3/03_graph_n21_p0.3_idx2.gpickle,21,0.3,2,7,57,159,"[3, 2, 1, 20, 7, 14, 9, 18, 15, 10, 17, 11, 13, 6, 19, 16, 12, 0, 5, 8, 4]",8.1931281
./random_graph_db/graph_db_node_21/03_p0.3/03_graph_n21_p0.3_idx3.gpickle,21,0.3,3,7,56,139,"[2, 9, 20, 1, 16, 5, 15, 8, 7, 6, 19, 17, 14, 4, 12, 18, 13, 0, 11, 10, 3]",8.326385
./random_graph_db/graph_db_node_21/03_p0.3/03_graph_n21_p0.3_idx4.gpickle,21,0.3,4,6,43,118,"[11, 4, 3, 18, 5, 12, 2, 9, 15, 20, 6, 13, 8, 10, 17, 1, 14, 19, 7, 0, 16]",7.7832739
./random_graph_db/graph_db_node_21/03_p0.3/03_graph_n21_p0.3_idx5.gpickle,21,0.3,5,7,50,143,"[2, 13, 4, 20, 3, 19, 11, 17, 18, 0, 8, 9, 6, 1, 12, 14, 10, 15, 5, 16, 7]",8.0525126
./random_graph_db/graph_db_node_21/03_p0.3/03_graph_n21_p0.3_idx6.gpickle,21,0.3,6,6,52,156,"[15, 2, 6, 5, 1, 8, 3, 17, 14, 19, 9, 0, 4, 10, 13, 11, 16, 7, 20, 12, 18]",8.1556261
./random_graph_db/graph_db_node_21/03_p0.3/03_graph_n21_p0.3_idx7.gpickle,21,0.3,7,7,55,154,"[16, 0, 3, 15, 2, 20, 13, 10, 1, 4, 7, 19, 14, 5, 11, 9, 8, 18, 6, 17, 12]",8.0083179
./random_graph_db/graph_db_node_21/03_p0.3/03_graph_n21_p0.3_idx8.gpickle,21,0.3,8,7,46,119,"[18, 14, 6, 16, 19, 2, 4, 15, 17, 1, 7, 5, 20, 3, 12, 11, 8, 13, 9, 10, 0]",7.8969269
./random_graph_db/graph_db_node_21/03_p0.3/03_graph_n21_p0.3_idx9.gpickle,21,0.3,9,8,74,194,"[0, 7, 4, 10, 8, 11, 16, 19, 17, 20, 18, 1, 5, 2, 14, 13, 6, 3, 15, 12, 9]",8.3008399
./random_graph_db/graph_db_node_21/04_p0.4/04_graph_n21_p0.4_idx1.gpickle,21,0.4,1,8,62,157,"[10, 2, 12, 8, 13, 19, 20, 7, 17, 0, 18, 6, 5, 15, 3, 4, 11, 9, 1, 14, 16]",8.5333843
./random_graph_db/graph_db_node_21/04_p0.4/04_graph_n21_p0.4_idx10.gpickle,21,0.4,10,7,63,179,"[10, 20, 1, 15, 8, 19, 4, 2, 11, 14, 12, 7, 16, 3, 13, 0, 17, 18, 9, 5, 6]",8.1964517
./random_graph_db/graph_db_node_21/04_p0.4/04_graph_n21_p0.4_idx2.gpickle,21,0.4,2,7,54,161,"[6, 10, 15, 20, 2, 1, 3, 13, 14, 8, 11, 7, 0, 4, 16, 18, 5, 9, 19, 12, 17]",8.3363841
./random_graph_db/graph_db_node_21/04_p0.4/04_graph_n21_p0.4_idx3.gpickle,21,0.4,3,8,72,190,"[18, 13, 17, 6, 9, 4, 16, 10, 14, 19, 1, 3, 0, 20, 8, 11, 12, 2, 15, 5, 7]",8.350389
./random_graph_db/graph_db_node_21/04_p0.4/04_graph_n21_p0.4_idx4.gpickle,21,0.4,4,8,73,191,"[13, 0, 7, 10, 2, 5, 15, 16, 18, 14, 19, 6, 11, 1, 20, 12, 3, 4, 9, 8, 17]",8.3901608
./random_graph_db/graph_db_node_21/04_p0.4/04_graph_n21_p0.4_idx5.gpickle,21,0.4,5,7,55,160,"[19, 11, 1, 17, 15, 10, 0, 20, 14, 4, 16, 8, 9, 18, 12, 6, 13, 3, 2, 7, 5]",8.4327562
./random_graph_db/graph_db_node_21/04_p0.4/04_graph_n21_p0.4_idx6.gpickle,21,0.4,6,7,58,165,"[6, 8, 16, 14, 1, 13, 19, 2, 18, 3, 4, 0, 7, 20, 12, 17, 11, 5, 10, 9, 15]",8.1160703
./random_graph_db/graph_db_node_21/04_p0.4/04_graph_n21_p0.4_idx7.gpickle,21,0.4,7,7,51,153,"[16, 10, 8, 0, 6, 12, 20, 4, 5, 7, 13, 2, 19, 9, 15, 18, 11, 17, 14, 3, 1]",8.240273
./random_graph_db/graph_db_node_21/04_p0.4/04_graph_n21_p0.4_idx8.gpickle,21,0.4,8,7,55,153,"[19, 17, 16, 3, 6, 13, 7, 18, 9, 10, 8, 14, 4, 2, 12, 0, 20, 5, 15, 11, 1]",8.4945061
./random_graph_db/graph_db_node_21/04_p0.4/04_graph_n21_p0.4_idx9.gpickle,21,0.4,9,8,70,184,"[16, 14, 11, 0, 17, 7, 4, 2, 19, 18, 10, 15, 9, 8, 20, 1, 13, 5, 3, 12, 6]",8.2848961
./random_graph_db/graph_db_node_21/05_p0.45/05_graph_n21_p0.45_idx1.gpickle,21,0.45,1,7,66,193,"[20, 2, 0, 16, 10, 15, 11, 4, 5, 9, 18, 6, 12, 14, 19, 7, 3, 8, 17, 1, 13]",8.467176
./random_graph_db/graph_db_node_21/05_p0.45/05_graph_n21_p0.45_idx10.gpickle,21,0.45,10,8,71,180,"[1, 15, 5, 12, 18, 11, 13, 3, 8, 9, 17, 19, 6, 14, 10, 2, 20, 7, 16, 0, 4]",8.3553131
./random_graph_db/graph_db_node_21/05_p0.45/05_graph_n21_p0.45_idx2.gpickle,21,0.45,2,7,63,172,"[16, 15, 6, 7, 20, 18, 12, 9, 1, 17, 11, 4, 2, 19, 3, 14, 8, 5, 13, 10, 0]",8.4334688
./random_graph_db/graph_db_node_21/05_p0.45/05_graph_n21_p0.45_idx3.gpickle,21,0.45,3,7,70,196,"[16, 7, 0, 17, 2, 20, 1, 6, 13, 15, 3, 10, 18, 5, 19, 4, 8, 9, 14, 12, 11]",8.3804591
./random_graph_db/graph_db_node_21/05_p0.45/05_graph_n21_p0.45_idx4.gpickle,21,0.45,4,7,60,164,"[9, 4, 3, 13, 16, 8, 12, 5, 14, 10, 6, 1, 7, 15, 19, 2, 11, 20, 0, 18, 17]",8.23313
./random_graph_db/graph_db_node_21/05_p0.45/05_graph_n21_p0.45_idx5.gpickle,21,0.45,5,7,69,197,"[4, 11, 10, 2, 14, 18, 9, 16, 3, 1, 13, 6, 12, 7, 8, 5, 19, 17, 20, 0, 15]",8.8602953
./random_graph_db/graph_db_node_21/05_p0.45/05_graph_n21_p0.45_idx6.gpickle,21,0.45,6,8,71,181,"[18, 13, 19, 6, 11, 2, 1, 0, 14, 7, 4, 3, 20, 12, 10, 17, 5, 8, 15, 9, 16]",8.3626409
./random_graph_db/graph_db_node_21/05_p0.45/05_graph_n21_p0.45_idx7.gpickle,21,0.45,7,7,66,182,"[18, 9, 5, 13, 17, 2, 10, 1, 7, 20, 3, 14, 0, 19, 8, 12, 6, 16, 15, 4, 11]",8.5033932
./random_graph_db/graph_db_node_21/05_p0.45/05_graph_n21_p0.45_idx8.gpickle,21,0.45,8,8,77,188,"[16, 10, 13, 12, 19, 18, 7, 17, 1, 2, 9, 4, 15, 3, 20, 5, 6, 8, 14, 11, 0]",8.5977509
./random_graph_db/graph_db_node_21/05_p0.45/05_graph_n21_p0.45_idx9.gpickle,21,0.45,9,7,61,165,"[10, 12, 0, 19, 11, 6, 3, 8, 13, 15, 4, 2, 17, 20, 7, 1, 9, 14, 18, 16, 5]",8.3909361
./random_graph_db/graph_db_node_21/06_p0.5/06_graph_n21_p0.5_idx1.gpickle,21,0.5,1,7,64,177,"[9, 8, 13, 18, 10, 14, 12, 2, 20, 3, 16, 11, 6, 17, 19, 15, 5, 1, 7, 0, 4]",8.311379
./random_graph_db/graph_db_node_21/06_p0.5/06_graph_n21_p0.5_idx10.gpickle,21,0.5,10,7,63,180,"[2, 6, 20, 19, 14, 12, 1, 16, 18, 10, 17, 4, 7, 9, 3, 5, 13, 11, 15, 0, 8]",8.109396
./random_graph_db/graph_db_node_21/06_p0.5/06_graph_n21_p0.5_idx2.gpickle,21,0.5,2,7,56,151,"[14, 5, 13, 15, 8, 1, 4, 7, 12, 10, 6, 0, 9, 19, 18, 3, 11, 17, 16, 20, 2]",8.5223141
./random_graph_db/graph_db_node_21/06_p0.5/06_graph_n21_p0.5_idx3.gpickle,21,0.5,3,8,79,195,"[2, 10, 11, 1, 6, 0, 4, 15, 20, 3, 17, 8, 14, 5, 16, 7, 9, 19, 18, 13, 12]",8.4793141
./random_graph_db/graph_db_node_21/06_p0.5/06_graph_n21_p0.5_idx4.gpickle,21,0.5,4,8,64,160,"[1, 17, 9, 8, 14, 3, 16, 4, 6, 20, 11, 19, 10, 13, 0, 2, 18, 7, 12, 5, 15]",8.5442111
./random_graph_db/graph_db_node_21/06_p0.5/06_graph_n21_p0.5_idx5.gpickle,21,0.5,5,7,57,150,"[18, 3, 10, 16, 12, 4, 2, 5, 7, 0, 20, 14, 13, 9, 15, 11, 1, 6, 17, 8, 19]",8.211339
./random_graph_db/graph_db_node_21/06_p0.5/06_graph_n21_p0.5_idx6.gpickle,21,0.5,6,8,66,165,"[15, 18, 1, 8, 16, 0, 4, 6, 10, 14, 5, 7, 19, 13, 11, 12, 2, 20, 3, 9, 17]",8.3350673
./random_graph_db/graph_db_node_21/06_p0.5/06_graph_n21_p0.5_idx7.gpickle,21,0.5,7,7,65,179,"[0, 18, 16, 19, 1, 8, 15, 11, 13, 12, 17, 10, 9, 7, 14, 2, 4, 5, 20, 6, 3]",8.2684782
./random_graph_db/graph_db_node_21/06_p0.5/06_graph_n21_p0.5_idx8.gpickle,21,0.5,8,8,76,186,"[15, 1, 13, 20, 17, 12, 8, 18, 10, 7, 6, 3, 16, 4, 11, 19, 2, 14, 9, 5, 0]",8.4548209
./random_graph_db/graph_db_node_21/06_p0.5/06_graph_n21_p0.5_idx9.gpickle,21,0.5,9,7,65,158,"[7, 10, 11, 3, 8, 6, 1, 15, 9, 16, 18, 17, 19, 12, 14, 4, 0, 20, 5, 2, 13]",8.5798509
./random_graph_db/graph_db_node_21/07_p0.55/07_graph_n21_p0.55_idx1.gpickle,21,0.55,1,7,64,188,"[13, 3, 6, 10, 1, 14, 7, 19, 16, 20, 15, 12, 11, 5, 17, 9, 4, 0, 2, 18, 8]",8.1582749
./random_graph_db/graph_db_node_21/07_p0.55/07_graph_n21_p0.55_idx10.gpickle,21,0.55,10,7,71,208,"[16, 3, 5, 9, 10, 8, 7, 19, 1, 12, 15, 11, 17, 6, 2, 18, 14, 20, 0, 13, 4]",8.4174879
./random_graph_db/graph_db_node_21/07_p0.55/07_graph_n21_p0.55_idx2.gpickle,21,0.55,2,8,67,195,"[1, 10, 9, 17, 15, 14, 8, 3, 20, 18, 11, 16, 6, 2, 7, 0, 4, 19, 12, 13, 5]",8.3740711
./random_graph_db/graph_db_node_21/07_p0.55/07_graph_n21_p0.55_idx3.gpickle,21,0.55,3,7,69,198,"[4, 13, 17, 5, 15, 19, 10, 0, 18, 1, 20, 11, 2, 3, 14, 9, 8, 12, 7, 6, 16]",8.4447429
./random_graph_db/graph_db_node_21/07_p0.55/07_graph_n21_p0.55_idx4.gpickle,21,0.55,4,7,70,197,"[7, 19, 16, 12, 5, 6, 18, 17, 8, 14, 3, 13, 1, 15, 11, 4, 2, 9, 20, 10, 0]",8.364357
./random_graph_db/graph_db_node_21/07_p0.55/07_graph_n21_p0.55_idx5.gpickle,21,0.55,5,7,66,181,"[6, 0, 16, 5, 10, 18, 11, 15, 7, 2, 14, 19, 13, 12, 3, 1, 20, 8, 9, 4, 17]",8.3816452
./random_graph_db/graph_db_node_21/07_p0.55/07_graph_n21_p0.55_idx6.gpickle,21,0.55,6,7,58,164,"[14, 10, 6, 12, 11, 7, 17, 0, 2, 1, 5, 9, 13, 4, 8, 3, 20, 19, 16, 18, 15]",8.5770848
./random_graph_db/graph_db_node_21/07_p0.55/07_graph_n21_p0.55_idx7.gpickle,21,0.55,7,8,67,184,"[11, 4, 16, 9, 6, 18, 2, 19, 10, 12, 5, 13, 3, 15, 0, 8, 7, 14, 20, 17, 1]",8.2781641
./random_graph_db/graph_db_node_21/07_p0.55/07_graph_n21_p0.55_idx8.gpickle,21,0.55,8,7,54,165,"[6, 17, 11, 7, 0, 14, 18, 13, 19, 4, 1, 2, 9, 12, 3, 8, 15, 16, 10, 20, 5]",8.3708451
./random_graph_db/graph_db_node_21/07_p0.55/07_graph_n21_p0.55_idx9.gpickle,21,0.55,9,8,70,190,"[8, 3, 4, 7, 17, 18, 6, 16, 12, 10, 9, 14, 1, 2, 15, 20, 11, 13, 0, 19, 5]",8.4105887
./random_graph_db/graph_db_node_21/08_p0.6/08_graph_n21_p0.6_idx1.gpickle,21,0.6,1,7,58,155,"[13, 17, 1, 15, 11, 0, 19, 10, 18, 12, 6, 14, 5, 8, 16, 7, 9, 2, 20, 4, 3]",8.5019059
./random_graph_db/graph_db_node_21/08_p0.6/08_graph_n21_p0.6_idx10.gpickle,21,0.6,10,7,64,175,"[2, 18, 12, 11, 20, 9, 1, 0, 6, 15, 7, 17, 13, 10, 14, 4, 5, 19, 3, 8, 16]",8.6540418
./random_graph_db/graph_db_node_21/08_p0.6/08_graph_n21_p0.6_idx2.gpickle,21,0.6,2,8,63,170,"[13, 8, 3, 16, 19, 0, 4, 18, 7, 1, 5, 20, 10, 12, 9, 14, 17, 2, 11, 15, 6]",8.2408271
./random_graph_db/graph_db_node_21/08_p0.6/08_graph_n21_p0.6_idx3.gpickle,21,0.6,3,7,68,172,"[0, 4, 12, 17, 6, 9, 2, 15, 13, 11, 19, 3, 16, 5, 14, 18, 8, 7, 20, 1, 10]",8.9084792
./random_graph_db/graph_db_node_21/08_p0.6/08_graph_n21_p0.6_idx4.gpickle,21,0.6,4,7,52,140,"[12, 8, 18, 7, 11, 6, 0, 13, 17, 20, 4, 16, 2, 14, 1, 15, 19, 3, 9, 10, 5]",8.1436286
./random_graph_db/graph_db_node_21/08_p0.6/08_graph_n21_p0.6_idx5.gpickle,21,0.6,5,8,69,179,"[14, 11, 13, 9, 7, 4, 17, 8, 15, 18, 3, 16, 6, 5, 19, 1, 2, 0, 20, 12, 10]",8.2997139
./random_graph_db/graph_db_node_21/08_p0.6/08_graph_n21_p0.6_idx6.gpickle,21,0.6,6,8,69,180,"[1, 2, 19, 9, 16, 12, 11, 17, 5, 18, 14, 0, 3, 20, 15, 6, 4, 10, 13, 8, 7]",8.4575701
./random_graph_db/graph_db_node_21/08_p0.6/08_graph_n21_p0.6_idx7.gpickle,21,0.6,7,7,58,155,"[14, 20, 11, 3, 19, 4, 18, 6, 0, 10, 8, 15, 7, 12, 5, 13, 17, 9, 1, 2, 16]",8.3212953
./random_graph_db/graph_db_node_21/08_p0.6/08_graph_n21_p0.6_idx8.gpickle,21,0.6,8,8,79,195,"[14, 8, 4, 2, 20, 12, 17, 11, 13, 16, 19, 1, 10, 9, 3, 6, 5, 7, 15, 18, 0]",8.8035359
./random_graph_db/graph_db_node_21/08_p0.6/08_graph_n21_p0.6_idx9.gpickle,21,0.6,9,7,64,168,"[20, 16, 9, 1, 19, 7, 18, 2, 14, 4, 17, 5, 8, 12, 15, 6, 3, 10, 13, 11, 0]",8.432272
./random_graph_db/graph_db_node_21/09_p0.65/09_graph_n21_p0.65_idx1.gpickle,21,0.65,1,7,60,160,"[1, 17, 6, 20, 15, 4, 13, 19, 5, 7, 12, 11, 9, 0, 16, 2, 8, 14, 10, 3, 18]",9.1590588
./random_graph_db/graph_db_node_21/09_p0.65/09_graph_n21_p0.65_idx10.gpickle,21,0.65,10,7,56,151,"[14, 4, 15, 12, 18, 20, 6, 3, 5, 7, 16, 19, 11, 8, 2, 17, 13, 9, 1, 0, 10]",8.3471742
./random_graph_db/graph_db_node_21/09_p0.65/09_graph_n21_p0.65_idx2.gpickle,21,0.65,2,7,69,197,"[4, 10, 0, 3, 15, 13, 16, 20, 9, 2, 7, 8, 12, 14, 18, 1, 19, 5, 17, 11, 6]",8.5410781
./random_graph_db/graph_db_node_21/09_p0.65/09_graph_n21_p0.65_idx3.gpickle,21,0.65,3,7,61,184,"[6, 0, 2, 15, 5, 3, 11, 4, 20, 12, 8, 13, 16, 19, 10, 7, 17, 14, 1, 9, 18]",8.271064
./random_graph_db/graph_db_node_21/09_p0.65/09_graph_n21_p0.65_idx4.gpickle,21,0.65,4,8,64,163,"[1, 14, 7, 4, 5, 11, 17, 12, 10, 9, 19, 0, 8, 18, 16, 13, 2, 15, 6, 3, 20]",8.5640662
./random_graph_db/graph_db_node_21/09_p0.65/09_graph_n21_p0.65_idx5.gpickle,21,0.65,5,8,64,179,"[6, 4, 12, 14, 11, 10, 0, 3, 15, 20, 17, 7, 18, 16, 2, 19, 5, 8, 13, 1, 9]",8.5977511
./random_graph_db/graph_db_node_21/09_p0.65/09_graph_n21_p0.65_idx6.gpickle,21,0.65,6,7,52,141,"[0, 9, 14, 3, 20, 16, 1, 18, 4, 11, 17, 7, 12, 15, 2, 8, 6, 13, 5, 19, 10]",8.205765
./random_graph_db/graph_db_node_21/09_p0.65/09_graph_n21_p0.65_idx7.gpickle,21,0.65,7,7,60,175,"[17, 0, 7, 6, 13, 2, 16, 8, 10, 20, 15, 12, 18, 4, 19, 14, 11, 9, 1, 5, 3]",8.8547161
./random_graph_db/graph_db_node_21/09_p0.65/09_graph_n21_p0.65_idx8.gpickle,21,0.65,8,7,70,196,"[17, 14, 0, 10, 13, 12, 16, 9, 4, 19, 20, 5, 6, 2, 11, 7, 3, 1, 18, 15, 8]",8.443886
./random_graph_db/graph_db_node_21/09_p0.65/09_graph_n21_p0.65_idx9.gpickle,21,0.65,9,8,64,186,"[18, 10, 5, 14, 2, 16, 9, 20, 7, 13, 17, 3, 6, 8, 0, 15, 4, 19, 12, 11, 1]",8.5288198
./random_graph_db/graph_db_node_21/10_p0.7/10_graph_n21_p0.7_idx1.gpickle,21,0.7,1,7,60,154,"[5, 9, 8, 12, 20, 16, 19, 15, 17, 0, 6, 2, 4, 14, 10, 18, 7, 13, 3, 1, 11]",8.415267
./random_graph_db/graph_db_node_21/10_p0.7/10_graph_n21_p0.7_idx10.gpickle,21,0.7,10,7,67,173,"[10, 18, 5, 13, 14, 3, 4, 6, 19, 20, 1, 11, 2, 0, 9, 16, 8, 12, 17, 7, 15]",8.5726581
./random_graph_db/graph_db_node_21/10_p0.7/10_graph_n21_p0.7_idx2.gpickle,21,0.7,2,7,63,176,"[6, 1, 11, 15, 19, 14, 2, 3, 18, 9, 20, 16, 12, 7, 17, 5, 10, 4, 8, 0, 13]",9.1148829
./random_graph_db/graph_db_node_21/10_p0.7/10_graph_n21_p0.7_idx3.gpickle,21,0.7,3,7,61,161,"[16, 11, 8, 6, 2, 7, 10, 0, 9, 18, 4, 20, 12, 3, 1, 15, 5, 19, 14, 17, 13]",8.35448
./random_graph_db/graph_db_node_21/10_p0.7/10_graph_n21_p0.7_idx4.gpickle,21,0.7,4,7,55,155,"[12, 2, 15, 5, 9, 10, 18, 1, 20, 16, 3, 19, 0, 11, 14, 13, 8, 7, 6, 17, 4]",8.5626562
./random_graph_db/graph_db_node_21/10_p0.7/10_graph_n21_p0.7_idx5.gpickle,21,0.7,5,7,61,172,"[9, 0, 20, 1, 15, 17, 8, 14, 7, 19, 6, 18, 16, 3, 2, 10, 12, 4, 11, 5, 13]",8.5027778
./random_graph_db/graph_db_node_21/10_p0.7/10_graph_n21_p0.7_idx6.gpickle,21,0.7,6,8,63,158,"[19, 10, 4, 1, 9, 14, 7, 20, 0, 8, 15, 11, 13, 17, 6, 2, 16, 3, 5, 18, 12]",8.3072739
./random_graph_db/graph_db_node_21/10_p0.7/10_graph_n21_p0.7_idx7.gpickle,21,0.7,7,7,57,155,"[1, 8, 17, 7, 3, 12, 9, 0, 6, 10, 16, 13, 11, 18, 20, 4, 5, 2, 19, 15, 14]",8.6313002
./random_graph_db/graph_db_node_21/10_p0.7/10_graph_n21_p0.7_idx8.gpickle,21,0.7,8,7,60,155,"[18, 20, 16, 4, 2, 11, 10, 14, 3, 13, 7, 5, 8, 9, 1, 19, 12, 17, 6, 15, 0]",8.6520011
./random_graph_db/graph_db_node_21/10_p0.7/10_graph_n21_p0.7_idx9.gpickle,21,0.7,9,8,76,191,"[14, 13, 16, 18, 7, 19, 20, 12, 4, 0, 3, 15, 5, 11, 10, 1, 2, 9, 6, 8, 17]",8.4936738
./random_graph_db/graph_db_node_21/11_p0.8/11_graph_n21_p0.8_idx1.gpickle,21,0.8,1,5,27,82,"[11, 2, 0, 6, 18, 7, 17, 10, 4, 13, 12, 16, 15, 9, 1, 5, 8, 3, 14, 19, 20]",7.5296099
./random_graph_db/graph_db_node_21/11_p0.8/11_graph_n21_p0.8_idx10.gpickle,21,0.8,10,6,51,149,"[17, 3, 4, 6, 18, 20, 12, 14, 7, 1, 8, 5, 9, 19, 0, 2, 10, 15, 16, 13, 11]",8.5149059
./random_graph_db/graph_db_node_21/11_p0.8/11_graph_n21_p0.8_idx2.gpickle,21,0.8,2,6,39,112,"[14, 5, 10, 2, 13, 3, 17, 16, 8, 12, 19, 11, 4, 18, 1, 7, 20, 15, 9, 0, 6]",7.6597679
./random_graph_db/graph_db_node_21/11_p0.8/11_graph_n21_p0.8_idx3.gpickle,21,0.8,3,6,52,154,"[7, 0, 9, 15, 18, 11, 10, 4, 17, 2, 14, 8, 20, 3, 1, 12, 13, 19, 5, 16, 6]",8.0016298
./random_graph_db/graph_db_node_21/11_p0.8/11_graph_n21_p0.8_idx4.gpickle,21,0.8,4,6,44,138,"[20, 18, 17, 2, 13, 16, 15, 14, 10, 1, 9, 5, 8, 19, 3, 12, 0, 7, 6, 11, 4]",8.0805309
./random_graph_db/graph_db_node_21/11_p0.8/11_graph_n21_p0.8_idx5.gpickle,21,0.8,5,6,36,95,"[15, 17, 7, 5, 11, 6, 18, 2, 9, 13, 1, 8, 3, 14, 12, 0, 19, 10, 16, 20, 4]",7.8200281
./random_graph_db/graph_db_node_21/11_p0.8/11_graph_n21_p0.8_idx6.gpickle,21,0.8,6,6,48,127,"[10, 7, 12, 15, 20, 6, 16, 1, 5, 3, 14, 0, 13, 4, 9, 17, 19, 8, 18, 2, 11]",7.9939153
./random_graph_db/graph_db_node_21/11_p0.8/11_graph_n21_p0.8_idx7.gpickle,21,0.8,7,6,38,122,"[5, 13, 0, 8, 2, 14, 11, 19, 3, 10, 4, 20, 15, 1, 9, 6, 7, 18, 12, 17, 16]",7.8451149
./random_graph_db/graph_db_node_21/11_p0.8/11_graph_n21_p0.8_idx8.gpickle,21,0.8,8,6,42,137,"[11, 12, 14, 20, 9, 8, 19, 7, 2, 0, 6, 1, 16, 5, 15, 10, 18, 13, 17, 3, 4]",7.637943
./random_graph_db/graph_db_node_21/11_p0.8/11_graph_n21_p0.8_idx9.gpickle,21,0.8,9,6,49,137,"[0, 12, 7, 4, 6, 10, 15, 19, 1, 20, 3, 17, 5, 11, 9, 13, 2, 14, 8, 16, 18]",8.6295371
./random_graph_db/graph_db_node_21/12_p0.9/12_graph_n21_p0.9_idx1.gpickle,21,0.9,1,4,23,59,"[19, 10, 15, 12, 9, 4, 13, 0, 17, 3, 14, 2, 1, 20, 18, 5, 8, 16, 7, 6, 11]",7.211483
./random_graph_db/graph_db_node_21/12_p0.9/12_graph_n21_p0.9_idx10.gpickle,21,0.9,10,4,21,59,"[6, 4, 13, 2, 9, 16, 8, 18, 11, 19, 20, 5, 3, 12, 0, 17, 7, 14, 15, 1, 10]",7.5230708
./random_graph_db/graph_db_node_21/12_p0.9/12_graph_n21_p0.9_idx2.gpickle,21,0.9,2,4,11,57,"[20, 6, 7, 0, 2, 17, 13, 1, 15, 16, 12, 3, 8, 19, 4, 18, 9, 11, 14, 10, 5]",6.9156082
./random_graph_db/graph_db_node_21/12_p0.9/12_graph_n21_p0.9_idx3.gpickle,21,0.9,3,5,36,96,"[20, 18, 2, 9, 0, 10, 15, 14, 17, 8, 1, 6, 3, 19, 12, 7, 13, 4, 16, 11, 5]",7.8141513
./random_graph_db/graph_db_node_21/12_p0.9/12_graph_n21_p0.9_idx4.gpickle,21,0.9,4,5,31,89,"[7, 6, 10, 2, 11, 1, 18, 17, 13, 5, 20, 4, 3, 12, 19, 0, 9, 14, 8, 16, 15]",7.6685698
./random_graph_db/graph_db_node_21/12_p0.9/12_graph_n21_p0.9_idx5.gpickle,21,0.9,5,4,14,50,"[4, 2, 20, 6, 15, 5, 11, 19, 1, 18, 10, 0, 9, 3, 8, 13, 16, 12, 7, 17, 14]",7.0991716
./random_graph_db/graph_db_node_21/12_p0.9/12_graph_n21_p0.9_idx6.gpickle,21,0.9,6,3,11,59,"[5, 8, 1, 7, 14, 16, 15, 11, 10, 6, 18, 3, 4, 0, 9, 13, 19, 2, 17, 20, 12]",6.8195257
./random_graph_db/graph_db_node_21/12_p0.9/12_graph_n21_p0.9_idx7.gpickle,21,0.9,7,3,13,65,"[2, 5, 4, 11, 18, 12, 0, 3, 10, 13, 7, 8, 20, 1, 15, 16, 14, 17, 9, 6, 19]",7.1863711
./random_graph_db/graph_db_node_21/12_p0.9/12_graph_n21_p0.9_idx8.gpickle,21,0.9,8,4,24,83,"[6, 10, 8, 16, 12, 7, 2, 17, 9, 20, 3, 11, 15, 18, 4, 19, 13, 0, 1, 14, 5]",7.1627929
./random_graph_db/graph_db_node_21/12_p0.9/12_graph_n21_p0.9_idx9.gpickle,21,0.9,9,5,24,62,"[18, 6, 3, 2, 1, 15, 20, 8, 7, 16, 10, 5, 13, 14, 0, 4, 9, 12, 11, 17, 19]",7.5087309
./random_graph_db/graph_db_node_22/01_p0.1/01_graph_n22_p0.1_idx1.gpickle,22,0.1,1,3,8,45,"[3, 10, 12, 21, 1, 20, 2, 8, 7, 17, 6, 14, 4, 5, 0, 9, 16, 15, 18, 13, 11, 19]",7.4619269
./random_graph_db/graph_db_node_22/01_p0.1/01_graph_n22_p0.1_idx10.gpickle,22,0.1,10,4,12,60,"[14, 8, 12, 21, 19, 13, 0, 4, 16, 2, 5, 20, 9, 7, 1, 11, 6, 3, 15, 10, 18, 17]",7.4981401
./random_graph_db/graph_db_node_22/01_p0.1/01_graph_n22_p0.1_idx2.gpickle,22,0.1,2,3,7,37,"[4, 1, 6, 7, 18, 0, 19, 12, 11, 16, 17, 13, 9, 10, 8, 3, 14, 5, 21, 15, 2, 20]",7.136682
./random_graph_db/graph_db_node_22/01_p0.1/01_graph_n22_p0.1_idx3.gpickle,22,0.1,3,4,9,49,"[5, 8, 4, 6, 18, 10, 12, 9, 17, 20, 3, 21, 7, 16, 19, 15, 14, 1, 0, 11, 2, 13]",16.9882419
./random_graph_db/graph_db_node_22/01_p0.1/01_graph_n22_p0.1_idx4.gpickle,22,0.1,4,4,15,66,"[11, 7, 8, 10, 5, 21, 13, 20, 3, 2, 1, 17, 9, 15, 6, 4, 18, 0, 16, 14, 19, 12]",16.933475
./random_graph_db/graph_db_node_22/01_p0.1/01_graph_n22_p0.1_idx5.gpickle,22,0.1,5,2,5,31,"[4, 0, 15, 14, 2, 17, 16, 18, 21, 5, 8, 11, 12, 9, 3, 20, 19, 10, 6, 7, 1, 13]",7.239161
./random_graph_db/graph_db_node_22/01_p0.1/01_graph_n22_p0.1_idx6.gpickle,22,0.1,6,4,15,62,"[9, 1, 10, 12, 13, 14, 15, 4, 6, 11, 17, 2, 5, 0, 7, 8, 20, 21, 3, 16, 19, 18]",7.548851
./random_graph_db/graph_db_node_22/01_p0.1/01_graph_n22_p0.1_idx7.gpickle,22,0.1,7,3,8,43,"[13, 18, 11, 16, 15, 19, 14, 5, 20, 10, 4, 9, 8, 7, 1, 12, 0, 17, 2, 3, 6, 21]",7.4861062
./random_graph_db/graph_db_node_22/01_p0.1/01_graph_n22_p0.1_idx8.gpickle,22,0.1,8,3,7,39,"[7, 3, 10, 1, 8, 5, 17, 9, 19, 13, 0, 4, 14, 18, 12, 6, 21, 16, 15, 11, 2, 20]",7.379581
./random_graph_db/graph_db_node_22/01_p0.1/01_graph_n22_p0.1_idx9.gpickle,22,0.1,9,5,23,68,"[4, 7, 2, 11, 16, 8, 12, 3, 5, 17, 21, 9, 19, 15, 1, 10, 6, 0, 14, 18, 13, 20]",7.72768
./random_graph_db/graph_db_node_22/02_p0.2/02_graph_n22_p0.2_idx1.gpickle,22,0.2,1,5,30,104,"[0, 19, 15, 6, 5, 16, 7, 11, 3, 20, 21, 18, 10, 2, 14, 17, 8, 9, 1, 4, 12, 13]",7.9766936
./random_graph_db/graph_db_node_22/02_p0.2/02_graph_n22_p0.2_idx10.gpickle,22,0.2,10,6,35,100,"[10, 3, 15, 0, 20, 4, 1, 9, 5, 7, 21, 2, 16, 13, 19, 8, 17, 12, 6, 18, 11, 14]",8.634901
./random_graph_db/graph_db_node_22/02_p0.2/02_graph_n22_p0.2_idx2.gpickle,22,0.2,2,6,47,129,"[16, 4, 8, 7, 12, 2, 21, 0, 13, 20, 1, 18, 10, 15, 14, 11, 9, 17, 6, 5, 19, 3]",8.3017788
./random_graph_db/graph_db_node_22/02_p0.2/02_graph_n22_p0.2_idx3.gpickle,22,0.2,3,7,49,150,"[2, 17, 8, 14, 12, 10, 20, 4, 7, 5, 1, 21, 16, 9, 13, 11, 19, 18, 6, 3, 0, 15]",8.609726
./random_graph_db/graph_db_node_22/02_p0.2/02_graph_n22_p0.2_idx4.gpickle,22,0.2,4,5,21,70,"[4, 21, 15, 17, 20, 19, 13, 1, 11, 10, 9, 16, 18, 7, 5, 0, 3, 14, 8, 12, 2, 6]",7.9967542
./random_graph_db/graph_db_node_22/02_p0.2/02_graph_n22_p0.2_idx5.gpickle,22,0.2,5,5,20,56,"[17, 9, 8, 11, 6, 1, 14, 12, 19, 20, 10, 7, 13, 16, 0, 5, 18, 21, 3, 15, 2, 4]",7.7605901
./random_graph_db/graph_db_node_22/02_p0.2/02_graph_n22_p0.2_idx6.gpickle,22,0.2,6,5,26,90,"[3, 15, 20, 9, 17, 1, 2, 16, 4, 12, 6, 7, 21, 19, 8, 10, 14, 5, 18, 13, 11, 0]",8.186554
./random_graph_db/graph_db_node_22/02_p0.2/02_graph_n22_p0.2_idx7.gpickle,22,0.2,7,5,29,94,"[4, 11, 3, 8, 14, 15, 0, 20, 1, 18, 12, 7, 13, 2, 16, 9, 6, 5, 21, 17, 19, 10]",7.9842751
./random_graph_db/graph_db_node_22/02_p0.2/02_graph_n22_p0.2_idx8.gpickle,22,0.2,8,6,24,76,"[20, 8, 21, 13, 12, 0, 9, 10, 7, 14, 4, 1, 17, 16, 6, 3, 19, 15, 18, 2, 5, 11]",8.3708723
./random_graph_db/graph_db_node_22/02_p0.2/02_graph_n22_p0.2_idx9.gpickle,22,0.2,9,6,40,104,"[6, 5, 8, 3, 18, 0, 19, 1, 10, 12, 21, 13, 2, 4, 14, 20, 17, 7, 15, 11, 9, 16]",8.2231932
./random_graph_db/graph_db_node_22/03_p0.3/03_graph_n22_p0.3_idx1.gpickle,22,0.3,1,8,67,164,"[6, 9, 3, 18, 5, 20, 0, 19, 10, 7, 14, 21, 8, 12, 11, 1, 15, 2, 17, 13, 16, 4]",9.0524721
./random_graph_db/graph_db_node_22/03_p0.3/03_graph_n22_p0.3_idx10.gpickle,22,0.3,10,8,58,157,"[5, 2, 9, 3, 0, 13, 12, 11, 10, 1, 15, 19, 18, 4, 17, 21, 7, 20, 14, 16, 8, 6]",8.7070861
./random_graph_db/graph_db_node_22/03_p0.3/03_graph_n22_p0.3_idx2.gpickle,22,0.3,2,7,50,133,"[14, 4, 12, 0, 2, 7, 1, 21, 19, 20, 10, 9, 13, 11, 15, 5, 8, 18, 17, 3, 16, 6]",8.8979862
./random_graph_db/graph_db_node_22/03_p0.3/03_graph_n22_p0.3_idx3.gpickle,22,0.3,3,8,71,192,"[12, 7, 20, 3, 18, 11, 5, 9, 6, 8, 0, 10, 2, 21, 15, 14, 4, 13, 19, 1, 17, 16]",8.902889
./random_graph_db/graph_db_node_22/03_p0.3/03_graph_n22_p0.3_idx4.gpickle,22,0.3,4,6,50,151,"[14, 10, 11, 13, 6, 21, 12, 4, 17, 0, 18, 2, 8, 5, 1, 16, 3, 7, 20, 15, 9, 19]",8.5090346
./random_graph_db/graph_db_node_22/03_p0.3/03_graph_n22_p0.3_idx5.gpickle,22,0.3,5,7,53,132,"[2, 6, 8, 12, 5, 1, 17, 3, 11, 7, 19, 14, 21, 15, 0, 13, 9, 20, 4, 18, 16, 10]",8.9648151
./random_graph_db/graph_db_node_22/03_p0.3/03_graph_n22_p0.3_idx6.gpickle,22,0.3,6,7,61,147,"[16, 17, 5, 10, 20, 13, 6, 9, 15, 18, 21, 14, 0, 1, 12, 4, 7, 11, 3, 8, 19, 2]",8.7980239
./random_graph_db/graph_db_node_22/03_p0.3/03_graph_n22_p0.3_idx7.gpickle,22,0.3,7,7,61,172,"[3, 6, 19, 10, 1, 20, 12, 18, 17, 2, 0, 9, 8, 7, 16, 14, 5, 4, 13, 21, 15, 11]",8.8198349
./random_graph_db/graph_db_node_22/03_p0.3/03_graph_n22_p0.3_idx8.gpickle,22,0.3,8,7,63,178,"[17, 1, 3, 13, 8, 7, 11, 15, 4, 9, 18, 5, 16, 2, 14, 21, 6, 19, 10, 0, 12, 20]",8.5468369
./random_graph_db/graph_db_node_22/03_p0.3/03_graph_n22_p0.3_idx9.gpickle,22,0.3,9,8,81,196,"[9, 17, 12, 0, 3, 14, 13, 1, 21, 8, 6, 4, 18, 19, 5, 20, 16, 11, 10, 2, 7, 15]",9.128861
./random_graph_db/graph_db_node_22/04_p0.4/04_graph_n22_p0.4_idx1.gpickle,22,0.4,1,8,67,187,"[19, 14, 1, 21, 18, 11, 16, 15, 12, 10, 5, 4, 17, 9, 3, 8, 7, 0, 20, 13, 6, 2]",9.1022441
./random_graph_db/graph_db_node_22/04_p0.4/04_graph_n22_p0.4_idx10.gpickle,22,0.4,10,8,66,184,"[17, 1, 7, 19, 2, 10, 3, 15, 5, 0, 14, 16, 11, 13, 9, 12, 8, 18, 6, 4, 21, 20]",9.0326021
./random_graph_db/graph_db_node_22/04_p0.4/04_graph_n22_p0.4_idx2.gpickle,22,0.4,2,8,72,192,"[21, 3, 16, 5, 15, 9, 0, 1, 11, 13, 17, 10, 19, 18, 6, 20, 2, 12, 8, 4, 14, 7]",9.2322569
./random_graph_db/graph_db_node_22/04_p0.4/04_graph_n22_p0.4_idx3.gpickle,22,0.4,3,8,79,200,"[18, 17, 9, 19, 5, 12, 3, 16, 8, 14, 13, 7, 1, 15, 2, 4, 10, 21, 6, 20, 0, 11]",9.052937
./random_graph_db/graph_db_node_22/04_p0.4/04_graph_n22_p0.4_idx4.gpickle,22,0.4,4,7,71,187,"[21, 15, 3, 16, 1, 8, 2, 14, 10, 19, 13, 5, 17, 11, 0, 6, 20, 12, 18, 7, 4, 9]",8.9988542
./random_graph_db/graph_db_node_22/04_p0.4/04_graph_n22_p0.4_idx5.gpickle,22,0.4,5,8,83,202,"[11, 13, 18, 0, 19, 2, 12, 7, 3, 6, 20, 5, 4, 16, 14, 17, 9, 21, 10, 15, 1, 8]",9.141309
./random_graph_db/graph_db_node_22/04_p0.4/04_graph_n22_p0.4_idx6.gpickle,22,0.4,6,7,65,176,"[2, 5, 12, 11, 9, 1, 13, 16, 19, 3, 15, 20, 18, 6, 14, 4, 17, 10, 8, 21, 7, 0]",9.008991
./random_graph_db/graph_db_node_22/04_p0.4/04_graph_n22_p0.4_idx7.gpickle,22,0.4,7,8,78,194,"[13, 9, 7, 12, 1, 6, 8, 10, 2, 3, 11, 19, 18, 16, 17, 14, 5, 20, 0, 21, 15, 4]",9.0872009
./random_graph_db/graph_db_node_22/04_p0.4/04_graph_n22_p0.4_idx8.gpickle,22,0.4,8,8,81,226,"[7, 3, 0, 8, 5, 14, 19, 20, 18, 1, 9, 11, 4, 12, 21, 16, 17, 10, 6, 15, 2, 13]",9.3196499
./random_graph_db/graph_db_node_22/04_p0.4/04_graph_n22_p0.4_idx9.gpickle,22,0.4,9,8,76,198,"[18, 15, 3, 10, 17, 20, 8, 5, 1, 4, 7, 19, 6, 11, 21, 12, 9, 14, 0, 13, 2, 16]",10.062433
./random_graph_db/graph_db_node_22/05_p0.45/05_graph_n22_p0.45_idx1.gpickle,22,0.45,1,8,67,189,"[21, 2, 17, 8, 18, 10, 19, 15, 3, 12, 20, 7, 0, 1, 14, 4, 6, 13, 5, 11, 9, 16]",9.1080139
./random_graph_db/graph_db_node_22/05_p0.45/05_graph_n22_p0.45_idx10.gpickle,22,0.45,10,8,68,187,"[16, 7, 12, 5, 8, 4, 6, 20, 17, 2, 21, 0, 11, 14, 19, 18, 9, 1, 15, 13, 10, 3]",9.331419
./random_graph_db/graph_db_node_22/05_p0.45/05_graph_n22_p0.45_idx2.gpickle,22,0.45,2,8,80,215,"[3, 9, 12, 18, 20, 16, 1, 6, 14, 10, 13, 7, 15, 2, 4, 17, 0, 19, 11, 8, 5, 21]",9.441803
./random_graph_db/graph_db_node_22/05_p0.45/05_graph_n22_p0.45_idx3.gpickle,22,0.45,3,8,74,211,"[10, 3, 14, 11, 21, 4, 9, 12, 15, 13, 16, 20, 8, 19, 5, 0, 17, 1, 6, 7, 2, 18]",9.5099289
./random_graph_db/graph_db_node_22/05_p0.45/05_graph_n22_p0.45_idx4.gpickle,22,0.45,4,8,62,177,"[20, 17, 10, 16, 14, 8, 11, 7, 2, 21, 15, 1, 3, 6, 18, 5, 12, 9, 4, 0, 13, 19]",9.0718842
./random_graph_db/graph_db_node_22/05_p0.45/05_graph_n22_p0.45_idx5.gpickle,22,0.45,5,8,84,213,"[1, 15, 19, 3, 11, 4, 6, 8, 9, 20, 13, 12, 21, 0, 10, 17, 5, 14, 2, 16, 7, 18]",9.4534009
./random_graph_db/graph_db_node_22/05_p0.45/05_graph_n22_p0.45_idx6.gpickle,22,0.45,6,7,66,191,"[20, 2, 5, 17, 1, 4, 15, 3, 11, 13, 21, 16, 12, 10, 19, 9, 7, 8, 6, 14, 0, 18]",8.907079
./random_graph_db/graph_db_node_22/05_p0.45/05_graph_n22_p0.45_idx7.gpickle,22,0.45,7,8,73,176,"[18, 21, 3, 11, 17, 14, 19, 15, 12, 5, 20, 6, 7, 16, 9, 8, 10, 13, 0, 2, 1, 4]",9.155364
./random_graph_db/graph_db_node_22/05_p0.45/05_graph_n22_p0.45_idx8.gpickle,22,0.45,8,8,70,192,"[0, 19, 8, 2, 20, 16, 14, 15, 10, 7, 9, 18, 4, 1, 6, 5, 17, 11, 21, 3, 12, 13]",8.9844468
./random_graph_db/graph_db_node_22/05_p0.45/05_graph_n22_p0.45_idx9.gpickle,22,0.45,9,8,72,185,"[15, 7, 1, 12, 2, 19, 3, 18, 14, 16, 21, 10, 0, 4, 9, 17, 5, 8, 6, 11, 20, 13]",9.106081
./random_graph_db/graph_db_node_22/06_p0.5/06_graph_n22_p0.5_idx1.gpickle,22,0.5,1,8,80,206,"[17, 15, 8, 6, 2, 19, 4, 7, 9, 14, 10, 0, 3, 18, 21, 11, 16, 12, 20, 1, 5, 13]",9.0407557
./random_graph_db/graph_db_node_22/06_p0.5/06_graph_n22_p0.5_idx10.gpickle,22,0.5,10,7,69,195,"[10, 17, 3, 5, 19, 12, 18, 8, 11, 9, 4, 13, 1, 16, 6, 15, 2, 0, 14, 21, 7, 20]",9.2233939
./random_graph_db/graph_db_node_22/06_p0.5/06_graph_n22_p0.5_idx2.gpickle,22,0.5,2,7,68,186,"[14, 8, 5, 17, 4, 0, 18, 20, 11, 19, 6, 7, 3, 12, 21, 1, 13, 2, 10, 9, 15, 16]",8.976824
./random_graph_db/graph_db_node_22/06_p0.5/06_graph_n22_p0.5_idx3.gpickle,22,0.5,3,8,77,204,"[4, 2, 0, 17, 14, 13, 1, 5, 11, 7, 20, 9, 8, 16, 15, 10, 12, 19, 18, 3, 21, 6]",8.8637681
./random_graph_db/graph_db_node_22/06_p0.5/06_graph_n22_p0.5_idx4.gpickle,22,0.5,4,8,77,197,"[3, 6, 5, 4, 19, 12, 13, 21, 20, 11, 15, 9, 7, 14, 16, 2, 17, 10, 0, 1, 8, 18]",9.077781
./random_graph_db/graph_db_node_22/06_p0.5/06_graph_n22_p0.5_idx5.gpickle,22,0.5,5,8,78,201,"[16, 5, 11, 14, 4, 19, 1, 9, 15, 6, 0, 17, 21, 18, 8, 13, 20, 3, 12, 2, 10, 7]",8.9693832
./random_graph_db/graph_db_node_22/06_p0.5/06_graph_n22_p0.5_idx6.gpickle,22,0.5,6,8,75,197,"[21, 1, 8, 5, 6, 19, 12, 4, 20, 0, 18, 7, 16, 9, 3, 17, 11, 14, 13, 15, 2, 10]",9.072149
./random_graph_db/graph_db_node_22/06_p0.5/06_graph_n22_p0.5_idx7.gpickle,22,0.5,7,8,61,164,"[3, 16, 18, 12, 4, 15, 8, 21, 9, 6, 1, 19, 5, 11, 2, 0, 14, 13, 10, 17, 20, 7]",8.62707
./random_graph_db/graph_db_node_22/06_p0.5/06_graph_n22_p0.5_idx8.gpickle,22,0.5,8,7,66,169,"[7, 8, 4, 16, 0, 12, 5, 18, 6, 21, 10, 15, 2, 19, 11, 17, 14, 1, 13, 9, 20, 3]",9.12953
./random_graph_db/graph_db_node_22/06_p0.5/06_graph_n22_p0.5_idx9.gpickle,22,0.5,9,8,85,212,"[1, 15, 11, 16, 13, 5, 21, 2, 3, 17, 4, 7, 8, 14, 10, 9, 18, 6, 20, 12, 19, 0]",9.2565272
./random_graph_db/graph_db_node_22/07_p0.55/07_graph_n22_p0.55_idx1.gpickle,22,0.55,1,8,80,214,"[5, 16, 10, 14, 2, 7, 11, 17, 3, 6, 19, 4, 13, 20, 1, 12, 8, 18, 9, 0, 15, 21]",9.1295249
./random_graph_db/graph_db_node_22/07_p0.55/07_graph_n22_p0.55_idx10.gpickle,22,0.55,10,8,61,179,"[4, 19, 10, 5, 1, 9, 6, 15, 7, 16, 8, 3, 11, 2, 17, 21, 14, 18, 12, 13, 20, 0]",8.6361399
./random_graph_db/graph_db_node_22/07_p0.55/07_graph_n22_p0.55_idx2.gpickle,22,0.55,2,8,73,206,"[2, 8, 6, 9, 4, 17, 5, 13, 19, 21, 1, 12, 0, 16, 14, 15, 3, 11, 10, 18, 7, 20]",9.008177
./random_graph_db/graph_db_node_22/07_p0.55/07_graph_n22_p0.55_idx3.gpickle,22,0.55,3,8,69,174,"[0, 8, 2, 16, 15, 21, 10, 9, 13, 11, 1, 5, 12, 6, 19, 20, 3, 7, 14, 4, 18, 17]",8.8557382
./random_graph_db/graph_db_node_22/07_p0.55/07_graph_n22_p0.55_idx4.gpickle,22,0.55,4,8,79,211,"[2, 1, 11, 21, 12, 13, 16, 9, 3, 5, 4, 10, 17, 0, 6, 20, 8, 7, 14, 18, 19, 15]",9.388608
./random_graph_db/graph_db_node_22/07_p0.55/07_graph_n22_p0.55_idx5.gpickle,22,0.55,5,7,75,201,"[2, 18, 14, 4, 12, 1, 16, 3, 10, 0, 19, 5, 20, 15, 21, 17, 8, 13, 6, 9, 7, 11]",8.8940392
./random_graph_db/graph_db_node_22/07_p0.55/07_graph_n22_p0.55_idx6.gpickle,22,0.55,6,8,89,231,"[20, 6, 5, 15, 13, 17, 21, 14, 0, 8, 1, 18, 4, 7, 2, 12, 9, 19, 3, 11, 10, 16]",9.1074228
./random_graph_db/graph_db_node_22/07_p0.55/07_graph_n22_p0.55_idx7.gpickle,22,0.55,7,8,76,202,"[5, 18, 9, 1, 12, 2, 14, 15, 20, 6, 10, 7, 21, 8, 17, 3, 4, 13, 11, 0, 19, 16]",9.0974152
./random_graph_db/graph_db_node_22/07_p0.55/07_graph_n22_p0.55_idx8.gpickle,22,0.55,8,8,79,212,"[10, 20, 17, 4, 9, 5, 7, 21, 2, 0, 19, 18, 13, 16, 12, 14, 6, 1, 3, 8, 11, 15]",8.9812031
./random_graph_db/graph_db_node_22/07_p0.55/07_graph_n22_p0.55_idx9.gpickle,22,0.55,9,8,74,187,"[21, 7, 12, 6, 0, 3, 13, 5, 11, 14, 17, 2, 8, 9, 18, 10, 19, 16, 20, 1, 4, 15]",9.390533
./random_graph_db/graph_db_node_22/08_p0.6/08_graph_n22_p0.6_idx1.gpickle,22,0.6,1,8,84,212,"[18, 10, 8, 4, 6, 16, 12, 17, 13, 3, 2, 20, 9, 1, 7, 5, 21, 19, 11, 0, 15, 14]",9.0809119
./random_graph_db/graph_db_node_22/08_p0.6/08_graph_n22_p0.6_idx10.gpickle,22,0.6,10,8,75,193,"[5, 14, 19, 17, 13, 10, 8, 6, 0, 16, 21, 20, 11, 1, 2, 3, 7, 9, 15, 12, 4, 18]",9.2722001
./random_graph_db/graph_db_node_22/08_p0.6/08_graph_n22_p0.6_idx2.gpickle,22,0.6,2,8,83,217,"[17, 10, 4, 5, 12, 11, 6, 7, 14, 8, 13, 0, 21, 1, 20, 2, 15, 3, 16, 19, 18, 9]",9.0226779
./random_graph_db/graph_db_node_22/08_p0.6/08_graph_n22_p0.6_idx3.gpickle,22,0.6,3,8,68,171,"[20, 13, 21, 11, 5, 1, 15, 7, 16, 0, 18, 12, 17, 19, 4, 9, 10, 6, 2, 14, 3, 8]",8.9592681
./random_graph_db/graph_db_node_22/08_p0.6/08_graph_n22_p0.6_idx4.gpickle,22,0.6,4,7,67,200,"[0, 20, 10, 9, 17, 15, 18, 21, 5, 6, 13, 16, 7, 19, 11, 1, 14, 12, 3, 4, 2, 8]",9.6808448
./random_graph_db/graph_db_node_22/08_p0.6/08_graph_n22_p0.6_idx5.gpickle,22,0.6,5,8,77,197,"[21, 9, 1, 15, 16, 5, 4, 2, 7, 17, 8, 3, 18, 20, 6, 12, 11, 0, 19, 14, 10, 13]",10.6987429
./random_graph_db/graph_db_node_22/08_p0.6/08_graph_n22_p0.6_idx6.gpickle,22,0.6,6,8,78,213,"[8, 0, 5, 2, 21, 9, 7, 17, 20, 3, 11, 13, 15, 18, 1, 4, 14, 10, 12, 16, 6, 19]",10.1618788
./random_graph_db/graph_db_node_22/08_p0.6/08_graph_n22_p0.6_idx7.gpickle,22,0.6,7,8,83,216,"[16, 13, 4, 19, 14, 9, 2, 5, 15, 6, 8, 20, 1, 18, 3, 10, 11, 21, 12, 17, 7, 0]",10.704138
./random_graph_db/graph_db_node_22/08_p0.6/08_graph_n22_p0.6_idx8.gpickle,22,0.6,8,8,71,185,"[7, 10, 12, 2, 9, 14, 18, 11, 13, 3, 0, 6, 4, 15, 5, 1, 17, 21, 19, 16, 20, 8]",10.5463161
./random_graph_db/graph_db_node_22/08_p0.6/08_graph_n22_p0.6_idx9.gpickle,22,0.6,9,8,79,198,"[7, 9, 14, 20, 17, 11, 1, 6, 16, 19, 13, 18, 3, 8, 4, 12, 10, 2, 0, 21, 5, 15]",10.425585
./random_graph_db/graph_db_node_22/09_p0.65/09_graph_n22_p0.65_idx1.gpickle,22,0.65,1,8,81,204,"[16, 11, 1, 4, 20, 13, 2, 15, 9, 19, 12, 10, 14, 8, 3, 0, 7, 6, 18, 21, 5, 17]",9.7126448
./random_graph_db/graph_db_node_22/09_p0.65/09_graph_n22_p0.65_idx10.gpickle,22,0.65,10,8,79,203,"[20, 12, 3, 0, 16, 9, 14, 6, 17, 1, 8, 15, 13, 10, 11, 4, 7, 5, 2, 21, 19, 18]",9.7303669
./random_graph_db/graph_db_node_22/09_p0.65/09_graph_n22_p0.65_idx2.gpickle,22,0.65,2,8,82,215,"[13, 8, 6, 7, 0, 15, 20, 18, 17, 21, 2, 16, 3, 4, 12, 5, 10, 9, 14, 19, 1, 11]",9.5077751
./random_graph_db/graph_db_node_22/09_p0.65/09_graph_n22_p0.65_idx3.gpickle,22,0.65,3,8,80,199,"[12, 11, 5, 1, 6, 18, 16, 13, 21, 14, 8, 10, 3, 15, 0, 20, 7, 19, 9, 4, 17, 2]",9.8990979
./random_graph_db/graph_db_node_22/09_p0.65/09_graph_n22_p0.65_idx4.gpickle,22,0.65,4,8,78,190,"[13, 7, 12, 18, 10, 17, 0, 4, 9, 5, 6, 21, 11, 2, 20, 15, 8, 14, 19, 3, 1, 16]",9.350389
./random_graph_db/graph_db_node_22/09_p0.65/09_graph_n22_p0.65_idx5.gpickle,22,0.65,5,8,75,196,"[12, 6, 8, 5, 17, 3, 11, 7, 10, 19, 9, 14, 0, 2, 4, 1, 20, 13, 16, 15, 18, 21]",9.369055
./random_graph_db/graph_db_node_22/09_p0.65/09_graph_n22_p0.65_idx6.gpickle,22,0.65,6,8,69,195,"[15, 13, 17, 11, 0, 7, 19, 14, 2, 16, 8, 9, 4, 21, 18, 6, 20, 1, 10, 5, 3, 12]",9.018976
./random_graph_db/graph_db_node_22/09_p0.65/09_graph_n22_p0.65_idx7.gpickle,22,0.65,7,8,71,178,"[11, 2, 21, 18, 8, 9, 10, 13, 15, 6, 19, 17, 12, 3, 14, 20, 4, 5, 0, 16, 7, 1]",9.3410382
./random_graph_db/graph_db_node_22/09_p0.65/09_graph_n22_p0.65_idx8.gpickle,22,0.65,8,8,74,189,"[12, 2, 1, 6, 9, 17, 18, 10, 3, 19, 4, 0, 20, 5, 11, 21, 8, 7, 14, 13, 15, 16]",8.9207542
./random_graph_db/graph_db_node_22/09_p0.65/09_graph_n22_p0.65_idx9.gpickle,22,0.65,9,8,70,186,"[17, 19, 6, 1, 3, 2, 5, 16, 15, 0, 10, 7, 11, 20, 18, 12, 9, 8, 14, 21, 4, 13]",9.0825021
./random_graph_db/graph_db_node_22/10_p0.7/10_graph_n22_p0.7_idx1.gpickle,22,0.7,1,8,68,181,"[1, 17, 19, 5, 0, 7, 2, 12, 10, 13, 21, 6, 11, 18, 4, 20, 9, 15, 8, 14, 16, 3]",9.084779
./random_graph_db/graph_db_node_22/10_p0.7/10_graph_n22_p0.7_idx10.gpickle,22,0.7,10,7,64,179,"[19, 15, 4, 2, 6, 20, 1, 21, 16, 18, 3, 14, 0, 12, 11, 8, 17, 5, 13, 7, 9, 10]",8.845696
./random_graph_db/graph_db_node_22/10_p0.7/10_graph_n22_p0.7_idx2.gpickle,22,0.7,2,8,82,209,"[17, 18, 10, 0, 5, 6, 20, 12, 7, 3, 13, 11, 1, 8, 16, 9, 14, 15, 2, 4, 19, 21]",8.8065488
./random_graph_db/graph_db_node_22/10_p0.7/10_graph_n22_p0.7_idx3.gpickle,22,0.7,3,7,74,192,"[2, 3, 19, 20, 6, 1, 8, 0, 18, 13, 9, 11, 21, 7, 17, 15, 14, 5, 4, 10, 12, 16]",9.2108657
./random_graph_db/graph_db_node_22/10_p0.7/10_graph_n22_p0.7_idx4.gpickle,22,0.7,4,8,76,180,"[13, 21, 3, 11, 4, 8, 16, 0, 6, 2, 20, 5, 10, 15, 17, 18, 14, 1, 12, 7, 19, 9]",8.8369491
./random_graph_db/graph_db_node_22/10_p0.7/10_graph_n22_p0.7_idx5.gpickle,22,0.7,5,8,71,200,"[20, 21, 19, 9, 10, 1, 4, 15, 5, 8, 17, 18, 13, 14, 7, 0, 3, 12, 2, 11, 16, 6]",9.0863252
./random_graph_db/graph_db_node_22/10_p0.7/10_graph_n22_p0.7_idx6.gpickle,22,0.7,6,7,75,175,"[11, 17, 21, 9, 19, 4, 0, 5, 16, 8, 15, 6, 20, 10, 2, 18, 1, 3, 12, 7, 13, 14]",8.9944568
./random_graph_db/graph_db_node_22/10_p0.7/10_graph_n22_p0.7_idx7.gpickle,22,0.7,7,8,80,198,"[17, 11, 2, 3, 5, 1, 8, 15, 6, 16, 21, 14, 0, 4, 18, 13, 7, 12, 20, 9, 19, 10]",9.2017059
./random_graph_db/graph_db_node_22/10_p0.7/10_graph_n22_p0.7_idx8.gpickle,22,0.7,8,8,72,186,"[19, 8, 2, 3, 20, 12, 11, 7, 0, 17, 9, 13, 4, 10, 1, 18, 16, 21, 14, 15, 5, 6]",8.9149621
./random_graph_db/graph_db_node_22/10_p0.7/10_graph_n22_p0.7_idx9.gpickle,22,0.7,9,8,72,178,"[12, 15, 20, 17, 21, 1, 10, 0, 13, 6, 19, 11, 3, 14, 4, 16, 8, 7, 18, 5, 2, 9]",9.058743
./random_graph_db/graph_db_node_22/11_p0.8/11_graph_n22_p0.8_idx1.gpickle,22,0.8,1,6,49,124,"[12, 5, 2, 6, 10, 17, 18, 9, 15, 8, 7, 21, 19, 20, 3, 16, 13, 11, 1, 4, 0, 14]",8.4489691
./random_graph_db/graph_db_node_22/11_p0.8/11_graph_n22_p0.8_idx10.gpickle,22,0.8,10,7,56,147,"[0, 1, 9, 20, 14, 6, 19, 5, 2, 3, 17, 13, 10, 18, 11, 15, 8, 21, 7, 12, 4, 16]",8.817342
./random_graph_db/graph_db_node_22/11_p0.8/11_graph_n22_p0.8_idx2.gpickle,22,0.8,2,5,36,125,"[15, 11, 20, 14, 17, 10, 21, 1, 19, 3, 4, 7, 18, 13, 12, 0, 8, 16, 6, 9, 2, 5]",7.9853997
./random_graph_db/graph_db_node_22/11_p0.8/11_graph_n22_p0.8_idx3.gpickle,22,0.8,3,7,55,145,"[20, 12, 17, 11, 7, 8, 1, 4, 3, 0, 9, 19, 6, 5, 15, 2, 21, 14, 16, 13, 18, 10]",8.7596161
./random_graph_db/graph_db_node_22/11_p0.8/11_graph_n22_p0.8_idx4.gpickle,22,0.8,4,6,55,156,"[20, 9, 1, 17, 3, 12, 13, 2, 21, 14, 5, 10, 15, 16, 7, 8, 0, 18, 11, 19, 6, 4]",8.4290431
./random_graph_db/graph_db_node_22/11_p0.8/11_graph_n22_p0.8_idx5.gpickle,22,0.8,5,5,31,97,"[10, 21, 7, 17, 8, 3, 14, 15, 9, 13, 0, 5, 2, 16, 6, 12, 1, 18, 11, 4, 20, 19]",8.198916
./random_graph_db/graph_db_node_22/11_p0.8/11_graph_n22_p0.8_idx6.gpickle,22,0.8,6,7,50,139,"[6, 3, 19, 4, 21, 18, 12, 9, 15, 17, 10, 20, 16, 11, 5, 8, 13, 14, 1, 7, 2, 0]",8.6835968
./random_graph_db/graph_db_node_22/11_p0.8/11_graph_n22_p0.8_idx7.gpickle,22,0.8,7,6,42,123,"[5, 20, 19, 8, 2, 4, 0, 17, 18, 3, 15, 11, 1, 10, 9, 6, 13, 12, 14, 7, 16, 21]",8.3529229
./random_graph_db/graph_db_node_22/11_p0.8/11_graph_n22_p0.8_idx8.gpickle,22,0.8,8,6,47,131,"[9, 19, 11, 17, 16, 8, 20, 18, 0, 10, 2, 1, 15, 21, 4, 5, 6, 3, 12, 14, 7, 13]",8.736469
./random_graph_db/graph_db_node_22/11_p0.8/11_graph_n22_p0.8_idx9.gpickle,22,0.8,9,6,49,136,"[7, 15, 12, 6, 1, 0, 10, 14, 13, 20, 9, 5, 19, 4, 18, 2, 8, 21, 11, 16, 17, 3]",8.4077871
./random_graph_db/graph_db_node_22/12_p0.9/12_graph_n22_p0.9_idx1.gpickle,22,0.9,1,4,16,55,"[12, 20, 14, 1, 21, 17, 8, 15, 10, 0, 2, 11, 6, 5, 13, 18, 3, 16, 7, 9, 4, 19]",7.9006393
./random_graph_db/graph_db_node_22/12_p0.9/12_graph_n22_p0.9_idx10.gpickle,22,0.9,10,4,35,100,"[20, 8, 14, 19, 7, 3, 18, 0, 12, 11, 17, 2, 21, 6, 10, 4, 1, 5, 15, 9, 16, 13]",7.9771941
./random_graph_db/graph_db_node_22/12_p0.9/12_graph_n22_p0.9_idx2.gpickle,22,0.9,2,3,15,58,"[3, 5, 9, 13, 15, 0, 11, 6, 20, 1, 12, 18, 10, 8, 14, 19, 21, 4, 7, 16, 17, 2]",7.4480429
./random_graph_db/graph_db_node_22/12_p0.9/12_graph_n22_p0.9_idx3.gpickle,22,0.9,3,5,26,67,"[7, 14, 12, 4, 17, 0, 20, 1, 16, 21, 3, 8, 5, 11, 13, 2, 15, 9, 19, 10, 6, 18]",7.972928
./random_graph_db/graph_db_node_22/12_p0.9/12_graph_n22_p0.9_idx4.gpickle,22,0.9,4,6,33,100,"[6, 0, 17, 1, 9, 12, 2, 19, 18, 11, 3, 21, 14, 15, 16, 13, 7, 5, 10, 4, 8, 20]",8.3063121
./random_graph_db/graph_db_node_22/12_p0.9/12_graph_n22_p0.9_idx5.gpickle,22,0.9,5,4,14,43,"[20, 1, 16, 21, 11, 18, 5, 6, 10, 12, 7, 0, 9, 13, 19, 14, 3, 4, 17, 15, 2, 8]",7.667258
./random_graph_db/graph_db_node_22/12_p0.9/12_graph_n22_p0.9_idx6.gpickle,22,0.9,6,3,16,65,"[17, 9, 11, 14, 21, 8, 16, 13, 4, 2, 18, 0, 12, 20, 3, 15, 1, 5, 19, 7, 6, 10]",7.160929
./random_graph_db/graph_db_node_22/12_p0.9/12_graph_n22_p0.9_idx7.gpickle,22,0.9,7,4,24,75,"[9, 16, 2, 19, 12, 18, 15, 8, 5, 21, 3, 20, 11, 4, 7, 0, 17, 10, 6, 13, 14, 1]",7.5293779
./random_graph_db/graph_db_node_22/12_p0.9/12_graph_n22_p0.9_idx8.gpickle,22,0.9,8,5,24,71,"[20, 12, 8, 14, 18, 6, 10, 15, 19, 5, 3, 7, 2, 11, 4, 1, 16, 17, 9, 0, 21, 13]",8.0659599
./random_graph_db/graph_db_node_22/12_p0.9/12_graph_n22_p0.9_idx9.gpickle,22,0.9,9,5,25,84,"[9, 15, 10, 6, 18, 0, 14, 12, 19, 13, 2, 16, 21, 3, 11, 20, 8, 5, 4, 7, 1, 17]",7.8416882
./random_graph_db/graph_db_node_23/01_p0.1/01_graph_n23_p0.1_idx1.gpickle,23,0.1,1,4,12,51,"[15, 3, 14, 21, 19, 12, 11, 2, 20, 8, 17, 0, 9, 16, 6, 7, 5, 22, 10, 1, 4, 18, 13]",16.922307
./random_graph_db/graph_db_node_23/01_p0.1/01_graph_n23_p0.1_idx10.gpickle,23,0.1,10,5,20,74,"[11, 19, 1, 20, 2, 18, 22, 4, 8, 3, 21, 13, 9, 12, 16, 6, 7, 0, 17, 15, 14, 10, 5]",8.1373191
./random_graph_db/graph_db_node_23/01_p0.1/01_graph_n23_p0.1_idx2.gpickle,23,0.1,2,5,18,62,"[9, 11, 5, 6, 10, 7, 2, 8, 22, 3, 15, 14, 17, 1, 20, 19, 0, 21, 4, 13, 16, 12, 18]",8.3537018
./random_graph_db/graph_db_node_23/01_p0.1/01_graph_n23_p0.1_idx3.gpickle,23,0.1,3,4,10,39,"[4, 16, 0, 14, 9, 5, 18, 1, 22, 7, 21, 11, 12, 15, 13, 2, 8, 10, 17, 20, 19, 3, 6]",7.8755121
./random_graph_db/graph_db_node_23/01_p0.1/01_graph_n23_p0.1_idx4.gpickle,23,0.1,4,4,18,62,"[8, 10, 19, 18, 5, 7, 3, 14, 22, 9, 20, 0, 16, 15, 17, 4, 13, 1, 6, 12, 21, 2, 11]",8.134902
./random_graph_db/graph_db_node_23/01_p0.1/01_graph_n23_p0.1_idx5.gpickle,23,0.1,5,4,9,42,"[10, 20, 16, 17, 22, 21, 9, 11, 5, 6, 7, 13, 2, 0, 8, 12, 14, 4, 18, 1, 3, 19, 15]",12.120178
./random_graph_db/graph_db_node_23/01_p0.1/01_graph_n23_p0.1_idx6.gpickle,23,0.1,6,5,20,60,"[13, 11, 19, 10, 12, 8, 17, 0, 21, 14, 2, 18, 4, 7, 6, 15, 5, 3, 1, 20, 16, 9, 22]",9.7876291
./random_graph_db/graph_db_node_23/01_p0.1/01_graph_n23_p0.1_idx7.gpickle,23,0.1,7,4,8,39,"[7, 19, 17, 20, 0, 1, 8, 4, 3, 22, 9, 16, 15, 6, 10, 14, 12, 18, 13, 5, 2, 11, 21]",20.7158339
./random_graph_db/graph_db_node_23/01_p0.1/01_graph_n23_p0.1_idx8.gpickle,23,0.1,8,4,11,48,"[5, 16, 17, 0, 21, 3, 7, 12, 6, 14, 4, 10, 20, 19, 13, 22, 18, 15, 1, 8, 11, 2, 9]",9.5545628
./random_graph_db/graph_db_node_23/01_p0.1/01_graph_n23_p0.1_idx9.gpickle,23,0.1,9,4,8,42,"[8, 13, 2, 6, 16, 18, 14, 20, 10, 11, 1, 4, 22, 3, 12, 9, 19, 0, 17, 15, 7, 5, 21]",8.577656
./random_graph_db/graph_db_node_23/02_p0.2/02_graph_n23_p0.2_idx1.gpickle,23,0.2,1,6,33,111,"[5, 21, 22, 18, 17, 19, 15, 3, 4, 1, 13, 8, 20, 7, 2, 6, 9, 10, 0, 14, 11, 12, 16]",9.4396801
./random_graph_db/graph_db_node_23/02_p0.2/02_graph_n23_p0.2_idx10.gpickle,23,0.2,10,7,47,137,"[7, 10, 4, 6, 19, 11, 18, 2, 20, 15, 8, 12, 9, 14, 0, 5, 1, 22, 13, 3, 16, 17, 21]",11.2571158
./random_graph_db/graph_db_node_23/02_p0.2/02_graph_n23_p0.2_idx2.gpickle,23,0.2,2,7,51,132,"[1, 19, 17, 14, 8, 18, 2, 10, 0, 11, 22, 6, 15, 12, 7, 21, 3, 20, 4, 9, 5, 16, 13]",10.3573728
./random_graph_db/graph_db_node_23/02_p0.2/02_graph_n23_p0.2_idx3.gpickle,23,0.2,3,7,56,138,"[9, 1, 6, 16, 5, 4, 18, 2, 3, 8, 12, 10, 13, 19, 17, 0, 21, 11, 7, 15, 22, 20, 14]",9.491307
./random_graph_db/graph_db_node_23/02_p0.2/02_graph_n23_p0.2_idx4.gpickle,23,0.2,4,6,33,104,"[20, 16, 9, 11, 17, 4, 22, 2, 7, 8, 18, 6, 0, 5, 12, 1, 15, 13, 19, 10, 3, 21, 14]",9.045157
./random_graph_db/graph_db_node_23/02_p0.2/02_graph_n23_p0.2_idx5.gpickle,23,0.2,5,5,32,82,"[8, 4, 17, 18, 1, 3, 13, 16, 21, 5, 6, 14, 15, 0, 2, 11, 10, 20, 7, 9, 12, 22, 19]",8.4452329
./random_graph_db/graph_db_node_23/02_p0.2/02_graph_n23_p0.2_idx6.gpickle,23,0.2,6,6,30,94,"[21, 18, 9, 6, 1, 17, 2, 5, 10, 19, 13, 4, 14, 12, 7, 15, 8, 3, 16, 20, 22, 11, 0]",8.2327189
./random_graph_db/graph_db_node_23/02_p0.2/02_graph_n23_p0.2_idx7.gpickle,23,0.2,7,6,42,106,"[11, 16, 2, 1, 14, 17, 9, 22, 10, 4, 19, 13, 12, 21, 5, 0, 20, 18, 6, 7, 8, 15, 3]",10.8978078
./random_graph_db/graph_db_node_23/02_p0.2/02_graph_n23_p0.2_idx8.gpickle,23,0.2,8,5,25,74,"[21, 1, 13, 8, 18, 4, 12, 5, 6, 11, 20, 0, 9, 10, 3, 15, 16, 7, 22, 19, 14, 2, 17]",8.6194823
./random_graph_db/graph_db_node_23/02_p0.2/02_graph_n23_p0.2_idx9.gpickle,23,0.2,9,7,56,166,"[20, 12, 11, 21, 18, 0, 10, 15, 3, 7, 2, 17, 1, 8, 22, 14, 5, 6, 9, 19, 4, 16, 13]",9.0794389
./random_graph_db/graph_db_node_23/03_p0.3/03_graph_n23_p0.3_idx1.gpickle,23,0.3,1,8,80,204,"[6, 16, 11, 15, 5, 20, 12, 1, 13, 18, 9, 4, 19, 0, 3, 7, 10, 22, 21, 17, 2, 8, 14]",9.8041041
./random_graph_db/graph_db_node_23/03_p0.3/03_graph_n23_p0.3_idx10.gpickle,23,0.3,10,8,60,165,"[20, 19, 3, 2, 15, 4, 10, 21, 13, 22, 14, 1, 0, 12, 6, 16, 11, 8, 17, 5, 7, 18, 9]",9.2922978
./random_graph_db/graph_db_node_23/03_p0.3/03_graph_n23_p0.3_idx2.gpickle,23,0.3,2,8,64,166,"[5, 8, 16, 3, 14, 9, 11, 7, 10, 2, 21, 19, 17, 20, 4, 1, 12, 18, 0, 22, 13, 6, 15]",9.5243509
./random_graph_db/graph_db_node_23/03_p0.3/03_graph_n23_p0.3_idx3.gpickle,23,0.3,3,8,76,204,"[7, 2, 4, 9, 1, 18, 22, 3, 0, 6, 17, 12, 13, 10, 16, 20, 8, 11, 21, 15, 5, 14, 19]",9.7500131
./random_graph_db/graph_db_node_23/03_p0.3/03_graph_n23_p0.3_idx4.gpickle,23,0.3,4,7,65,181,"[13, 20, 18, 10, 4, 9, 22, 1, 14, 21, 16, 17, 3, 12, 6, 19, 8, 2, 7, 5, 15, 0, 11]",9.149503
./random_graph_db/graph_db_node_23/03_p0.3/03_graph_n23_p0.3_idx5.gpickle,23,0.3,5,8,70,172,"[8, 15, 13, 2, 14, 6, 19, 22, 4, 11, 17, 21, 7, 0, 18, 20, 9, 16, 10, 1, 3, 12, 5]",9.6978648
./random_graph_db/graph_db_node_23/03_p0.3/03_graph_n23_p0.3_idx6.gpickle,23,0.3,6,7,69,182,"[14, 1, 9, 13, 0, 8, 12, 20, 19, 10, 3, 5, 17, 21, 11, 4, 16, 6, 7, 2, 18, 15, 22]",9.2888722
./random_graph_db/graph_db_node_23/03_p0.3/03_graph_n23_p0.3_idx7.gpickle,23,0.3,7,8,79,198,"[1, 9, 19, 6, 2, 17, 7, 0, 8, 22, 18, 16, 14, 11, 13, 3, 21, 10, 4, 15, 20, 5, 12]",9.6486609
./random_graph_db/graph_db_node_23/03_p0.3/03_graph_n23_p0.3_idx8.gpickle,23,0.3,8,8,66,184,"[3, 10, 0, 22, 21, 5, 2, 4, 1, 20, 19, 8, 7, 6, 9, 16, 18, 14, 17, 11, 13, 12, 15]",9.3161361
./random_graph_db/graph_db_node_23/03_p0.3/03_graph_n23_p0.3_idx9.gpickle,23,0.3,9,8,77,208,"[13, 4, 11, 12, 20, 6, 1, 17, 15, 19, 18, 14, 21, 2, 22, 5, 0, 10, 16, 7, 3, 9, 8]",9.7397091
./random_graph_db/graph_db_node_23/04_p0.4/04_graph_n23_p0.4_idx1.gpickle,23,0.4,1,8,81,227,"[3, 18, 10, 15, 19, 9, 2, 1, 16, 22, 11, 14, 6, 17, 0, 20, 21, 5, 4, 12, 7, 8, 13]",9.6241262
./random_graph_db/graph_db_node_23/04_p0.4/04_graph_n23_p0.4_idx10.gpickle,23,0.4,10,8,82,230,"[19, 13, 14, 0, 16, 21, 17, 8, 5, 15, 6, 1, 3, 2, 9, 7, 10, 22, 18, 4, 12, 11, 20]",9.865782
./random_graph_db/graph_db_node_23/04_p0.4/04_graph_n23_p0.4_idx2.gpickle,23,0.4,2,8,87,228,"[18, 14, 13, 7, 15, 17, 12, 5, 21, 22, 16, 19, 4, 8, 9, 20, 11, 1, 0, 2, 6, 10, 3]",11.0077939
./random_graph_db/graph_db_node_23/04_p0.4/04_graph_n23_p0.4_idx3.gpickle,23,0.4,3,9,97,236,"[17, 19, 10, 7, 9, 14, 16, 4, 12, 8, 22, 13, 3, 15, 20, 0, 2, 18, 21, 5, 1, 6, 11]",14.2568953
./random_graph_db/graph_db_node_23/04_p0.4/04_graph_n23_p0.4_idx4.gpickle,23,0.4,4,8,78,206,"[18, 21, 11, 6, 2, 10, 20, 22, 3, 19, 0, 5, 13, 15, 12, 1, 16, 17, 4, 9, 8, 7, 14]",10.878089
./random_graph_db/graph_db_node_23/04_p0.4/04_graph_n23_p0.4_idx5.gpickle,23,0.4,5,9,79,179,"[16, 2, 12, 5, 18, 22, 1, 8, 19, 13, 15, 21, 17, 4, 3, 11, 9, 14, 0, 7, 6, 10, 20]",10.3951139
./random_graph_db/graph_db_node_23/04_p0.4/04_graph_n23_p0.4_idx6.gpickle,23,0.4,6,7,69,193,"[3, 13, 20, 12, 16, 7, 6, 10, 14, 11, 21, 15, 8, 9, 22, 0, 5, 18, 4, 17, 1, 19, 2]",9.8392179
./random_graph_db/graph_db_node_23/04_p0.4/04_graph_n23_p0.4_idx7.gpickle,23,0.4,7,9,81,211,"[20, 7, 1, 3, 12, 8, 5, 11, 17, 14, 9, 13, 16, 22, 18, 15, 21, 19, 0, 10, 6, 4, 2]",10.819648
./random_graph_db/graph_db_node_23/04_p0.4/04_graph_n23_p0.4_idx8.gpickle,23,0.4,8,8,77,202,"[8, 0, 20, 17, 2, 11, 4, 5, 13, 21, 12, 15, 16, 14, 10, 9, 1, 19, 22, 3, 7, 18, 6]",9.8096271
./random_graph_db/graph_db_node_23/04_p0.4/04_graph_n23_p0.4_idx9.gpickle,23,0.4,9,9,89,219,"[4, 8, 21, 17, 0, 7, 14, 11, 1, 16, 2, 10, 12, 19, 20, 13, 18, 3, 15, 9, 6, 22, 5]",9.9396544
./random_graph_db/graph_db_node_23/05_p0.45/05_graph_n23_p0.45_idx1.gpickle,23,0.45,1,8,76,202,"[11, 0, 3, 16, 21, 6, 9, 13, 15, 19, 8, 20, 10, 7, 4, 12, 14, 18, 5, 2, 17, 22, 1]",10.075794
./random_graph_db/graph_db_node_23/05_p0.45/05_graph_n23_p0.45_idx10.gpickle,23,0.45,10,8,77,203,"[5, 20, 1, 10, 17, 2, 3, 8, 14, 6, 15, 18, 21, 16, 13, 7, 0, 19, 22, 12, 9, 4, 11]",9.9635091
./random_graph_db/graph_db_node_23/05_p0.45/05_graph_n23_p0.45_idx2.gpickle,23,0.45,2,8,84,209,"[0, 12, 3, 7, 5, 21, 2, 11, 20, 1, 16, 13, 14, 19, 9, 4, 18, 17, 10, 22, 8, 6, 15]",9.7663531
./random_graph_db/graph_db_node_23/05_p0.45/05_graph_n23_p0.45_idx3.gpickle,23,0.45,3,9,88,211,"[5, 1, 16, 12, 11, 17, 15, 6, 0, 21, 22, 3, 9, 14, 13, 2, 20, 8, 4, 19, 10, 18, 7]",10.219358
./random_graph_db/graph_db_node_23/05_p0.45/05_graph_n23_p0.45_idx4.gpickle,23,0.45,4,8,68,178,"[20, 19, 17, 12, 18, 3, 5, 4, 2, 7, 11, 9, 15, 14, 21, 22, 16, 10, 0, 8, 6, 1, 13]",9.6678929
./random_graph_db/graph_db_node_23/05_p0.45/05_graph_n23_p0.45_idx5.gpickle,23,0.45,5,8,78,206,"[17, 22, 3, 16, 8, 9, 7, 0, 2, 10, 20, 12, 21, 4, 15, 11, 19, 6, 18, 5, 13, 1, 14]",10.1265171
./random_graph_db/graph_db_node_23/05_p0.45/05_graph_n23_p0.45_idx6.gpickle,23,0.45,6,9,85,211,"[2, 0, 7, 1, 4, 16, 11, 22, 14, 18, 5, 8, 17, 10, 3, 6, 12, 15, 9, 19, 20, 13, 21]",9.7602112
./random_graph_db/graph_db_node_23/05_p0.45/05_graph_n23_p0.45_idx7.gpickle,23,0.45,7,8,77,193,"[20, 8, 5, 4, 10, 2, 15, 18, 3, 12, 14, 7, 17, 6, 9, 16, 0, 1, 22, 21, 11, 19, 13]",9.774848
./random_graph_db/graph_db_node_23/05_p0.45/05_graph_n23_p0.45_idx8.gpickle,23,0.45,8,9,93,243,"[1, 10, 5, 13, 7, 9, 4, 14, 21, 22, 2, 15, 6, 17, 11, 0, 16, 20, 12, 18, 8, 19, 3]",9.813653
./random_graph_db/graph_db_node_23/05_p0.45/05_graph_n23_p0.45_idx9.gpickle,23,0.45,9,8,82,222,"[2, 0, 10, 15, 18, 6, 13, 14, 8, 21, 4, 9, 5, 1, 19, 7, 17, 12, 22, 16, 3, 20, 11]",9.9599049
./random_graph_db/graph_db_node_23/06_p0.5/06_graph_n23_p0.5_idx1.gpickle,23,0.5,1,8,69,180,"[3, 10, 18, 2, 7, 12, 21, 9, 0, 15, 17, 4, 16, 22, 6, 20, 1, 8, 5, 11, 14, 19, 13]",9.4713411
./random_graph_db/graph_db_node_23/06_p0.5/06_graph_n23_p0.5_idx10.gpickle,23,0.5,10,8,81,210,"[22, 18, 4, 13, 1, 0, 17, 21, 11, 16, 12, 20, 3, 10, 9, 5, 8, 2, 19, 15, 7, 14, 6]",9.8117571
./random_graph_db/graph_db_node_23/06_p0.5/06_graph_n23_p0.5_idx2.gpickle,23,0.5,2,8,79,220,"[14, 13, 2, 3, 7, 22, 10, 18, 1, 17, 20, 5, 21, 4, 12, 19, 11, 16, 9, 8, 6, 0, 15]",9.701165
./random_graph_db/graph_db_node_23/06_p0.5/06_graph_n23_p0.5_idx3.gpickle,23,0.5,3,8,74,201,"[18, 19, 15, 20, 10, 1, 17, 2, 22, 16, 4, 3, 21, 0, 7, 13, 6, 11, 5, 9, 12, 8, 14]",9.9539449
./random_graph_db/graph_db_node_23/06_p0.5/06_graph_n23_p0.5_idx4.gpickle,23,0.5,4,8,77,195,"[8, 2, 16, 9, 4, 11, 13, 15, 0, 12, 14, 10, 3, 22, 5, 17, 1, 18, 19, 6, 20, 7, 21]",9.773303
./random_graph_db/graph_db_node_23/06_p0.5/06_graph_n23_p0.5_idx5.gpickle,23,0.5,5,8,81,215,"[6, 21, 19, 10, 0, 8, 18, 1, 15, 20, 5, 2, 12, 11, 4, 9, 7, 22, 13, 17, 3, 16, 14]",9.7557449
./random_graph_db/graph_db_node_23/06_p0.5/06_graph_n23_p0.5_idx6.gpickle,23,0.5,6,9,96,233,"[14, 12, 5, 10, 13, 7, 0, 17, 1, 4, 8, 9, 2, 20, 21, 6, 22, 18, 16, 11, 19, 3, 15]",9.8778541
./random_graph_db/graph_db_node_23/06_p0.5/06_graph_n23_p0.5_idx7.gpickle,23,0.5,7,9,87,217,"[14, 7, 19, 6, 1, 21, 3, 20, 13, 10, 16, 0, 15, 9, 18, 8, 12, 17, 22, 11, 2, 5, 4]",10.0096099
./random_graph_db/graph_db_node_23/06_p0.5/06_graph_n23_p0.5_idx8.gpickle,23,0.5,8,9,84,206,"[6, 4, 19, 9, 17, 1, 16, 15, 14, 12, 2, 3, 10, 13, 11, 22, 7, 0, 20, 21, 18, 8, 5]",9.9240038
./random_graph_db/graph_db_node_23/06_p0.5/06_graph_n23_p0.5_idx9.gpickle,23,0.5,9,8,79,202,"[18, 19, 16, 14, 12, 8, 3, 13, 11, 6, 20, 0, 1, 21, 9, 5, 2, 10, 4, 7, 15, 17, 22]",9.9452071
./random_graph_db/graph_db_node_23/07_p0.55/07_graph_n23_p0.55_idx1.gpickle,23,0.55,1,8,79,198,"[8, 2, 7, 4, 21, 17, 6, 14, 22, 5, 1, 9, 3, 12, 11, 19, 16, 20, 10, 0, 13, 15, 18]",9.7439721
./random_graph_db/graph_db_node_23/07_p0.55/07_graph_n23_p0.55_idx10.gpickle,23,0.55,10,8,75,200,"[12, 20, 13, 17, 21, 2, 1, 9, 15, 6, 14, 4, 0, 19, 8, 11, 22, 18, 10, 5, 16, 7, 3]",11.129209
./random_graph_db/graph_db_node_23/07_p0.55/07_graph_n23_p0.55_idx2.gpickle,23,0.55,2,8,78,216,"[0, 5, 6, 7, 1, 21, 19, 9, 14, 16, 2, 4, 17, 11, 8, 22, 10, 18, 12, 13, 15, 20, 3]",10.7346809
./random_graph_db/graph_db_node_23/07_p0.55/07_graph_n23_p0.55_idx3.gpickle,23,0.55,3,8,74,193,"[7, 1, 5, 8, 2, 18, 15, 12, 3, 14, 16, 19, 20, 9, 22, 11, 13, 10, 17, 21, 6, 4, 0]",10.0569768
./random_graph_db/graph_db_node_23/07_p0.55/07_graph_n23_p0.55_idx4.gpickle,23,0.55,4,8,76,200,"[18, 6, 16, 8, 4, 1, 14, 0, 11, 17, 2, 10, 12, 13, 7, 5, 3, 19, 20, 15, 22, 21, 9]",10.2065561
./random_graph_db/graph_db_node_23/07_p0.55/07_graph_n23_p0.55_idx5.gpickle,23,0.55,5,8,81,201,"[13, 20, 16, 2, 5, 18, 11, 12, 19, 3, 4, 1, 21, 8, 15, 14, 17, 9, 7, 0, 22, 6, 10]",10.0513258
./random_graph_db/graph_db_node_23/07_p0.55/07_graph_n23_p0.55_idx6.gpickle,23,0.55,6,9,98,224,"[21, 16, 0, 19, 6, 22, 15, 14, 2, 11, 10, 4, 1, 17, 12, 7, 5, 3, 20, 18, 9, 8, 13]",9.939959
./random_graph_db/graph_db_node_23/07_p0.55/07_graph_n23_p0.55_idx7.gpickle,23,0.55,7,8,81,199,"[2, 7, 12, 5, 0, 6, 18, 10, 22, 14, 16, 8, 3, 11, 15, 19, 1, 13, 21, 4, 9, 17, 20]",9.849894
./random_graph_db/graph_db_node_23/07_p0.55/07_graph_n23_p0.55_idx8.gpickle,23,0.55,8,9,89,229,"[11, 7, 18, 5, 10, 15, 8, 17, 20, 1, 4, 19, 9, 12, 21, 13, 14, 0, 16, 6, 3, 2, 22]",10.0758097
./random_graph_db/graph_db_node_23/07_p0.55/07_graph_n23_p0.55_idx9.gpickle,23,0.55,9,8,80,217,"[8, 3, 17, 2, 12, 1, 21, 10, 15, 9, 11, 6, 19, 5, 22, 13, 20, 0, 18, 14, 4, 16, 7]",9.914839
./random_graph_db/graph_db_node_23/08_p0.6/08_graph_n23_p0.6_idx1.gpickle,23,0.6,1,8,77,189,"[8, 6, 7, 20, 17, 10, 2, 18, 16, 11, 19, 15, 13, 22, 9, 5, 0, 12, 4, 21, 1, 14, 3]",9.8220978
./random_graph_db/graph_db_node_23/08_p0.6/08_graph_n23_p0.6_idx10.gpickle,23,0.6,10,9,94,229,"[7, 2, 16, 15, 3, 13, 12, 0, 10, 21, 17, 8, 19, 1, 11, 9, 20, 4, 6, 22, 18, 14, 5]",10.042521
./random_graph_db/graph_db_node_23/08_p0.6/08_graph_n23_p0.6_idx2.gpickle,23,0.6,2,9,85,232,"[3, 18, 6, 14, 22, 8, 5, 16, 0, 15, 2, 20, 11, 10, 7, 13, 21, 19, 12, 4, 1, 17, 9]",9.6677661
./random_graph_db/graph_db_node_23/08_p0.6/08_graph_n23_p0.6_idx3.gpickle,23,0.6,3,7,63,175,"[16, 13, 20, 6, 4, 17, 15, 7, 12, 0, 21, 18, 5, 22, 14, 8, 19, 9, 3, 11, 1, 2, 10]",9.6601663
./random_graph_db/graph_db_node_23/08_p0.6/08_graph_n23_p0.6_idx4.gpickle,23,0.6,4,8,77,213,"[18, 5, 22, 6, 2, 8, 20, 10, 7, 3, 21, 19, 14, 12, 9, 0, 4, 13, 17, 16, 11, 15, 1]",9.771404
./random_graph_db/graph_db_node_23/08_p0.6/08_graph_n23_p0.6_idx5.gpickle,23,0.6,5,9,91,204,"[18, 13, 10, 12, 2, 19, 21, 7, 22, 11, 15, 20, 6, 4, 8, 14, 9, 17, 5, 3, 0, 1, 16]",9.8562222
./random_graph_db/graph_db_node_23/08_p0.6/08_graph_n23_p0.6_idx6.gpickle,23,0.6,6,8,72,181,"[20, 4, 12, 6, 14, 9, 10, 13, 17, 21, 15, 11, 0, 16, 7, 8, 5, 19, 22, 1, 18, 2, 3]",9.7092049
./random_graph_db/graph_db_node_23/08_p0.6/08_graph_n23_p0.6_idx7.gpickle,23,0.6,7,8,84,217,"[2, 17, 5, 22, 11, 9, 4, 13, 1, 12, 3, 15, 6, 21, 7, 0, 16, 19, 18, 14, 10, 20, 8]",9.9377029
./random_graph_db/graph_db_node_23/08_p0.6/08_graph_n23_p0.6_idx8.gpickle,23,0.6,8,8,79,213,"[17, 2, 8, 20, 1, 7, 21, 19, 16, 10, 14, 3, 4, 0, 9, 5, 12, 11, 15, 22, 13, 18, 6]",9.632174
./random_graph_db/graph_db_node_23/08_p0.6/08_graph_n23_p0.6_idx9.gpickle,23,0.6,9,9,83,215,"[22, 7, 15, 5, 19, 20, 2, 9, 11, 16, 0, 10, 4, 14, 21, 12, 3, 18, 1, 8, 13, 17, 6]",9.8681884
./random_graph_db/graph_db_node_23/09_p0.65/09_graph_n23_p0.65_idx1.gpickle,23,0.65,1,9,86,221,"[13, 0, 11, 19, 14, 6, 12, 3, 1, 10, 16, 5, 21, 18, 22, 15, 2, 17, 8, 20, 9, 7, 4]",9.5934012
./random_graph_db/graph_db_node_23/09_p0.65/09_graph_n23_p0.65_idx10.gpickle,23,0.65,10,8,87,231,"[7, 13, 11, 5, 20, 15, 1, 9, 21, 4, 3, 6, 10, 18, 8, 0, 2, 22, 17, 16, 19, 14, 12]",9.7406359
./random_graph_db/graph_db_node_23/09_p0.65/09_graph_n23_p0.65_idx2.gpickle,23,0.65,2,8,79,206,"[2, 9, 20, 11, 0, 16, 12, 5, 13, 6, 17, 19, 10, 21, 22, 1, 14, 18, 7, 3, 4, 15, 8]",9.5861893
./random_graph_db/graph_db_node_23/09_p0.65/09_graph_n23_p0.65_idx3.gpickle,23,0.65,3,9,103,265,"[17, 15, 14, 21, 5, 11, 4, 6, 9, 0, 2, 1, 19, 18, 12, 13, 16, 3, 22, 7, 10, 20, 8]",9.991509
./random_graph_db/graph_db_node_23/09_p0.65/09_graph_n23_p0.65_idx4.gpickle,23,0.65,4,8,85,214,"[21, 10, 22, 4, 18, 1, 6, 15, 14, 13, 8, 11, 5, 12, 7, 19, 9, 2, 3, 16, 0, 20, 17]",9.497587
./random_graph_db/graph_db_node_23/09_p0.65/09_graph_n23_p0.65_idx5.gpickle,23,0.65,5,9,81,207,"[12, 14, 3, 17, 0, 9, 5, 16, 13, 10, 2, 8, 18, 1, 15, 11, 22, 7, 6, 19, 20, 4, 21]",9.6765771
./random_graph_db/graph_db_node_23/09_p0.65/09_graph_n23_p0.65_idx6.gpickle,23,0.65,6,8,74,203,"[0, 1, 5, 21, 22, 15, 13, 2, 7, 18, 4, 14, 3, 12, 11, 8, 10, 20, 19, 17, 6, 16, 9]",9.4123771
./random_graph_db/graph_db_node_23/09_p0.65/09_graph_n23_p0.65_idx7.gpickle,23,0.65,7,8,76,186,"[18, 9, 21, 12, 1, 7, 4, 5, 11, 0, 6, 17, 14, 16, 15, 8, 19, 2, 3, 10, 22, 20, 13]",9.7826419
./random_graph_db/graph_db_node_23/09_p0.65/09_graph_n23_p0.65_idx8.gpickle,23,0.65,8,9,91,235,"[19, 18, 12, 17, 3, 11, 10, 7, 8, 0, 15, 16, 9, 22, 13, 14, 1, 20, 2, 5, 6, 21, 4]",9.6258643
./random_graph_db/graph_db_node_23/09_p0.65/09_graph_n23_p0.65_idx9.gpickle,23,0.65,9,8,74,202,"[3, 8, 22, 17, 21, 7, 9, 0, 20, 6, 2, 18, 11, 5, 12, 1, 4, 13, 16, 19, 14, 15, 10]",9.6287811
./random_graph_db/graph_db_node_23/10_p0.7/10_graph_n23_p0.7_idx1.gpickle,23,0.7,1,8,68,197,"[17, 19, 13, 6, 2, 9, 18, 20, 10, 15, 16, 14, 1, 11, 12, 5, 4, 7, 0, 8, 22, 21, 3]",9.228055
./random_graph_db/graph_db_node_23/10_p0.7/10_graph_n23_p0.7_idx10.gpickle,23,0.7,10,9,79,187,"[16, 2, 19, 15, 0, 14, 3, 7, 8, 20, 4, 9, 12, 6, 22, 5, 17, 11, 10, 21, 18, 13, 1]",9.457454
./random_graph_db/graph_db_node_23/10_p0.7/10_graph_n23_p0.7_idx2.gpickle,23,0.7,2,8,80,215,"[9, 14, 12, 3, 18, 1, 17, 16, 5, 19, 6, 20, 21, 2, 10, 8, 0, 22, 7, 11, 15, 13, 4]",9.4271748
./random_graph_db/graph_db_node_23/10_p0.7/10_graph_n23_p0.7_idx3.gpickle,23,0.7,3,8,71,181,"[10, 8, 6, 13, 3, 12, 7, 18, 15, 14, 21, 2, 19, 0, 11, 20, 16, 5, 4, 1, 22, 17, 9]",9.3771729
./random_graph_db/graph_db_node_23/10_p0.7/10_graph_n23_p0.7_idx4.gpickle,23,0.7,4,8,73,198,"[1, 16, 17, 20, 15, 21, 7, 0, 5, 8, 2, 12, 22, 3, 13, 9, 11, 6, 4, 19, 18, 10, 14]",9.6432149
./random_graph_db/graph_db_node_23/10_p0.7/10_graph_n23_p0.7_idx5.gpickle,23,0.7,5,8,76,199,"[21, 14, 16, 22, 6, 12, 18, 4, 19, 2, 3, 20, 15, 7, 9, 17, 1, 0, 8, 11, 5, 13, 10]",9.8436379
./random_graph_db/graph_db_node_23/10_p0.7/10_graph_n23_p0.7_idx6.gpickle,23,0.7,6,8,59,150,"[15, 0, 13, 19, 7, 6, 5, 20, 21, 14, 17, 1, 4, 10, 8, 18, 9, 12, 11, 3, 22, 2, 16]",9.5397072
./random_graph_db/graph_db_node_23/10_p0.7/10_graph_n23_p0.7_idx7.gpickle,23,0.7,7,9,94,242,"[2, 20, 15, 22, 14, 0, 10, 3, 17, 1, 21, 9, 12, 19, 11, 5, 6, 16, 4, 13, 7, 18, 8]",9.521466
./random_graph_db/graph_db_node_23/10_p0.7/10_graph_n23_p0.7_idx8.gpickle,23,0.7,8,8,78,202,"[12, 20, 9, 14, 11, 2, 7, 16, 18, 3, 17, 13, 22, 1, 21, 19, 5, 15, 8, 6, 0, 10, 4]",9.6631498
./random_graph_db/graph_db_node_23/10_p0.7/10_graph_n23_p0.7_idx9.gpickle,23,0.7,9,8,73,198,"[6, 10, 8, 11, 21, 2, 13, 0, 9, 1, 17, 16, 18, 4, 7, 15, 5, 12, 20, 3, 14, 19, 22]",9.3669949
./random_graph_db/graph_db_node_23/11_p0.8/11_graph_n23_p0.8_idx1.gpickle,23,0.8,1,7,57,150,"[4, 11, 22, 7, 16, 12, 21, 20, 0, 10, 5, 6, 19, 8, 3, 9, 18, 14, 1, 2, 17, 15, 13]",9.2300782
./random_graph_db/graph_db_node_23/11_p0.8/11_graph_n23_p0.8_idx10.gpickle,23,0.8,10,7,54,153,"[8, 22, 13, 9, 6, 18, 14, 3, 10, 0, 11, 17, 5, 16, 1, 2, 12, 4, 21, 19, 15, 7, 20]",9.1746693
./random_graph_db/graph_db_node_23/11_p0.8/11_graph_n23_p0.8_idx2.gpickle,23,0.8,2,6,45,119,"[12, 22, 10, 11, 21, 5, 18, 7, 15, 1, 14, 19, 17, 3, 4, 16, 0, 9, 2, 8, 6, 20, 13]",9.021575
./random_graph_db/graph_db_node_23/11_p0.8/11_graph_n23_p0.8_idx3.gpickle,23,0.8,3,7,63,182,"[4, 21, 20, 14, 15, 11, 0, 12, 22, 16, 3, 10, 17, 7, 1, 9, 19, 2, 8, 6, 5, 13, 18]",9.0645592
./random_graph_db/graph_db_node_23/11_p0.8/11_graph_n23_p0.8_idx4.gpickle,23,0.8,4,7,61,165,"[21, 6, 0, 17, 16, 18, 7, 4, 22, 9, 1, 12, 5, 8, 3, 14, 10, 15, 19, 11, 2, 13, 20]",9.2534709
./random_graph_db/graph_db_node_23/11_p0.8/11_graph_n23_p0.8_idx5.gpickle,23,0.8,5,6,55,155,"[15, 22, 4, 13, 8, 1, 21, 16, 11, 5, 9, 17, 2, 7, 14, 6, 12, 18, 10, 19, 20, 0, 3]",9.1001198
./random_graph_db/graph_db_node_23/11_p0.8/11_graph_n23_p0.8_idx6.gpickle,23,0.8,6,6,56,152,"[3, 22, 7, 17, 21, 18, 11, 8, 20, 16, 14, 4, 13, 5, 6, 0, 19, 1, 9, 12, 2, 15, 10]",8.9829001
./random_graph_db/graph_db_node_23/11_p0.8/11_graph_n23_p0.8_idx7.gpickle,23,0.8,7,7,59,159,"[12, 11, 4, 22, 6, 1, 3, 14, 8, 9, 16, 15, 0, 18, 5, 13, 7, 17, 20, 21, 2, 10, 19]",9.0782831
./random_graph_db/graph_db_node_23/11_p0.8/11_graph_n23_p0.8_idx8.gpickle,23,0.8,8,7,63,173,"[5, 17, 9, 7, 6, 13, 12, 16, 20, 0, 10, 21, 8, 2, 22, 19, 3, 1, 15, 14, 11, 18, 4]",9.063297
./random_graph_db/graph_db_node_23/11_p0.8/11_graph_n23_p0.8_idx9.gpickle,23,0.8,9,7,57,147,"[15, 19, 16, 3, 5, 4, 22, 17, 14, 9, 11, 1, 20, 8, 0, 2, 13, 7, 21, 6, 10, 18, 12]",9.2195008
./random_graph_db/graph_db_node_23/12_p0.9/12_graph_n23_p0.9_idx1.gpickle,23,0.9,1,5,35,102,"[3, 11, 12, 14, 16, 10, 6, 9, 17, 0, 8, 13, 2, 20, 4, 5, 15, 18, 21, 7, 1, 19, 22]",8.389847
./random_graph_db/graph_db_node_23/12_p0.9/12_graph_n23_p0.9_idx10.gpickle,23,0.9,10,6,37,109,"[13, 1, 14, 3, 9, 15, 19, 2, 16, 11, 5, 12, 10, 22, 4, 18, 17, 20, 8, 6, 21, 0, 7]",8.4017599
./random_graph_db/graph_db_node_23/12_p0.9/12_graph_n23_p0.9_idx2.gpickle,23,0.9,2,4,24,86,"[2, 13, 14, 16, 7, 22, 9, 10, 19, 21, 20, 18, 11, 4, 3, 15, 0, 6, 17, 12, 8, 1, 5]",8.1844511
./random_graph_db/graph_db_node_23/12_p0.9/12_graph_n23_p0.9_idx3.gpickle,23,0.9,3,7,52,129,"[4, 7, 10, 17, 2, 13, 11, 5, 9, 19, 21, 1, 22, 8, 14, 6, 0, 3, 12, 18, 15, 16, 20]",8.9787872
./random_graph_db/graph_db_node_23/12_p0.9/12_graph_n23_p0.9_idx4.gpickle,23,0.9,4,6,42,121,"[10, 8, 9, 5, 18, 4, 17, 1, 22, 11, 6, 13, 20, 16, 0, 15, 12, 14, 7, 21, 3, 2, 19]",8.5075421
./random_graph_db/graph_db_node_23/12_p0.9/12_graph_n23_p0.9_idx5.gpickle,23,0.9,5,4,28,94,"[5, 11, 16, 19, 7, 21, 10, 9, 8, 0, 3, 2, 12, 4, 18, 20, 22, 13, 15, 14, 1, 6, 17]",8.3953891
./random_graph_db/graph_db_node_23/12_p0.9/12_graph_n23_p0.9_idx6.gpickle,23,0.9,6,4,15,63,"[17, 0, 5, 18, 10, 1, 13, 8, 14, 15, 20, 11, 4, 6, 9, 2, 19, 22, 3, 21, 12, 16, 7]",8.1479819
./random_graph_db/graph_db_node_23/12_p0.9/12_graph_n23_p0.9_idx7.gpickle,23,0.9,7,4,21,75,"[17, 0, 3, 1, 5, 13, 4, 20, 9, 19, 12, 16, 8, 11, 15, 10, 21, 18, 22, 14, 6, 2, 7]",18.361526
./random_graph_db/graph_db_node_23/12_p0.9/12_graph_n23_p0.9_idx8.gpickle,23,0.9,8,4,25,82,"[7, 4, 10, 22, 2, 18, 19, 13, 6, 9, 16, 15, 11, 8, 12, 21, 14, 17, 0, 3, 1, 5, 20]",8.465018
./random_graph_db/graph_db_node_23/12_p0.9/12_graph_n23_p0.9_idx9.gpickle,23,0.9,9,4,25,83,"[4, 19, 7, 11, 22, 2, 21, 14, 5, 3, 18, 8, 12, 9, 0, 6, 16, 1, 13, 15, 10, 17, 20]",8.9837341
./random_graph_db/graph_db_node_24/01_p0.1/01_graph_n24_p0.1_idx1.gpickle,24,0.1,1,4,10,43,"[19, 11, 5, 0, 21, 16, 12, 14, 2, 8, 6, 23, 15, 17, 9, 13, 4, 1, 18, 20, 7, 22, 3, 10]",8.9402051
./random_graph_db/graph_db_node_24/01_p0.1/01_graph_n24_p0.1_idx10.gpickle,24,0.1,10,5,22,71,"[1, 14, 13, 4, 7, 19, 11, 6, 3, 0, 8, 9, 23, 2, 5, 20, 18, 16, 10, 12, 21, 15, 22, 17]",9.0023661
./random_graph_db/graph_db_node_24/01_p0.1/01_graph_n24_p0.1_idx2.gpickle,24,0.1,2,5,9,42,"[15, 3, 4, 13, 10, 5, 21, 23, 7, 17, 8, 9, 6, 1, 22, 18, 2, 11, 0, 16, 14, 19, 20, 12]",8.594919
./random_graph_db/graph_db_node_24/01_p0.1/01_graph_n24_p0.1_idx3.gpickle,24,0.1,3,5,14,50,"[17, 0, 5, 3, 15, 16, 7, 22, 14, 23, 18, 13, 9, 10, 11, 2, 19, 8, 6, 21, 20, 12, 1, 4]",8.461288
./random_graph_db/graph_db_node_24/01_p0.1/01_graph_n24_p0.1_idx4.gpickle,24,0.1,4,3,10,49,"[1, 22, 12, 21, 16, 0, 7, 13, 10, 9, 3, 14, 11, 15, 17, 20, 19, 4, 2, 6, 8, 5, 18, 23]",8.4226189
./random_graph_db/graph_db_node_24/01_p0.1/01_graph_n24_p0.1_idx5.gpickle,24,0.1,5,5,24,78,"[19, 9, 0, 10, 2, 5, 6, 22, 12, 4, 17, 16, 11, 8, 18, 20, 13, 7, 14, 3, 23, 1, 21, 15]",8.8724747
./random_graph_db/graph_db_node_24/01_p0.1/01_graph_n24_p0.1_idx6.gpickle,24,0.1,6,4,11,48,"[23, 11, 14, 9, 16, 17, 19, 1, 4, 22, 18, 0, 20, 6, 3, 15, 2, 7, 21, 8, 5, 12, 10, 13]",9.100982
./random_graph_db/graph_db_node_24/01_p0.1/01_graph_n24_p0.1_idx7.gpickle,24,0.1,7,3,9,38,"[17, 1, 20, 0, 13, 19, 21, 14, 6, 4, 2, 11, 15, 9, 18, 7, 5, 12, 22, 23, 16, 8, 3, 10]",8.6225641
./random_graph_db/graph_db_node_24/01_p0.1/01_graph_n24_p0.1_idx8.gpickle,24,0.1,8,5,15,50,"[0, 6, 17, 8, 3, 15, 10, 21, 20, 16, 13, 1, 12, 2, 4, 14, 11, 5, 23, 9, 19, 18, 7, 22]",8.9622018
./random_graph_db/graph_db_node_24/01_p0.1/01_graph_n24_p0.1_idx9.gpickle,24,0.1,9,4,12,46,"[15, 14, 2, 1, 13, 7, 11, 4, 12, 3, 23, 6, 16, 0, 9, 10, 20, 8, 17, 19, 22, 5, 21, 18]",8.3428481
./random_graph_db/graph_db_node_24/02_p0.2/02_graph_n24_p0.2_idx1.gpickle,24,0.2,1,6,42,102,"[7, 5, 9, 6, 1, 18, 11, 12, 8, 3, 13, 21, 16, 19, 20, 4, 15, 0, 23, 17, 10, 2, 14, 22]",9.2828622
./random_graph_db/graph_db_node_24/02_p0.2/02_graph_n24_p0.2_idx10.gpickle,24,0.2,10,7,56,151,"[18, 13, 20, 9, 1, 16, 11, 4, 8, 14, 2, 5, 6, 3, 7, 21, 19, 22, 0, 10, 17, 15, 23, 12]",9.743325
./random_graph_db/graph_db_node_24/02_p0.2/02_graph_n24_p0.2_idx2.gpickle,24,0.2,2,7,46,137,"[20, 17, 15, 13, 14, 23, 10, 22, 11, 7, 3, 21, 12, 16, 6, 5, 19, 2, 4, 1, 9, 18, 0, 8]",9.5939031
./random_graph_db/graph_db_node_24/02_p0.2/02_graph_n24_p0.2_idx3.gpickle,24,0.2,3,6,44,130,"[7, 8, 18, 9, 0, 1, 5, 11, 17, 21, 19, 14, 3, 15, 13, 4, 2, 12, 23, 22, 16, 6, 20, 10]",9.4744463
./random_graph_db/graph_db_node_24/02_p0.2/02_graph_n24_p0.2_idx4.gpickle,24,0.2,4,6,35,96,"[5, 13, 21, 4, 23, 9, 6, 22, 15, 20, 8, 1, 0, 17, 7, 18, 3, 16, 10, 14, 12, 2, 19, 11]",9.062655
./random_graph_db/graph_db_node_24/02_p0.2/02_graph_n24_p0.2_idx5.gpickle,24,0.2,5,7,47,141,"[14, 8, 15, 19, 13, 2, 21, 12, 18, 1, 6, 11, 23, 16, 10, 5, 9, 17, 7, 4, 20, 3, 22, 0]",9.7008851
./random_graph_db/graph_db_node_24/02_p0.2/02_graph_n24_p0.2_idx6.gpickle,24,0.2,6,6,33,92,"[0, 5, 18, 1, 11, 13, 16, 20, 3, 23, 21, 19, 14, 17, 2, 4, 10, 15, 6, 9, 12, 7, 22, 8]",9.1760361
./random_graph_db/graph_db_node_24/02_p0.2/02_graph_n24_p0.2_idx7.gpickle,24,0.2,7,7,47,119,"[13, 14, 0, 7, 4, 20, 11, 17, 2, 5, 6, 16, 23, 1, 9, 15, 18, 8, 10, 12, 21, 22, 19, 3]",9.681844
./random_graph_db/graph_db_node_24/02_p0.2/02_graph_n24_p0.2_idx8.gpickle,24,0.2,8,7,48,114,"[10, 3, 0, 16, 1, 9, 19, 4, 2, 8, 14, 13, 5, 20, 6, 18, 12, 7, 15, 17, 23, 22, 21, 11]",9.5433087
./random_graph_db/graph_db_node_24/02_p0.2/02_graph_n24_p0.2_idx9.gpickle,24,0.2,9,6,46,130,"[6, 15, 0, 11, 12, 13, 8, 23, 17, 19, 10, 22, 3, 7, 5, 16, 4, 18, 20, 9, 21, 14, 2, 1]",9.4941947
./random_graph_db/graph_db_node_24/03_p0.3/03_graph_n24_p0.3_idx1.gpickle,24,0.3,1,8,69,182,"[18, 7, 13, 9, 1, 8, 23, 20, 2, 6, 22, 0, 17, 16, 10, 5, 14, 4, 21, 15, 19, 11, 12, 3]",9.882431
./random_graph_db/graph_db_node_24/03_p0.3/03_graph_n24_p0.3_idx10.gpickle,24,0.3,10,8,65,176,"[3, 19, 8, 1, 16, 18, 13, 9, 23, 21, 6, 17, 14, 20, 22, 7, 2, 5, 12, 15, 0, 11, 4, 10]",10.3464639
./random_graph_db/graph_db_node_24/03_p0.3/03_graph_n24_p0.3_idx2.gpickle,24,0.3,2,8,75,187,"[9, 23, 4, 18, 19, 21, 16, 10, 20, 13, 8, 7, 3, 1, 0, 5, 15, 17, 12, 14, 11, 2, 6, 22]",9.9676621
./random_graph_db/graph_db_node_24/03_p0.3/03_graph_n24_p0.3_idx3.gpickle,24,0.3,3,8,74,193,"[2, 0, 7, 6, 19, 1, 23, 14, 20, 9, 3, 22, 13, 12, 5, 4, 21, 17, 15, 8, 18, 16, 10, 11]",10.1675801
./random_graph_db/graph_db_node_24/03_p0.3/03_graph_n24_p0.3_idx4.gpickle,24,0.3,4,8,72,172,"[10, 17, 1, 4, 14, 7, 23, 6, 9, 3, 5, 2, 11, 18, 20, 19, 15, 8, 12, 0, 13, 16, 21, 22]",10.0130203
./random_graph_db/graph_db_node_24/03_p0.3/03_graph_n24_p0.3_idx5.gpickle,24,0.3,5,8,63,152,"[8, 5, 12, 4, 21, 9, 7, 2, 20, 13, 15, 19, 14, 18, 3, 0, 22, 23, 1, 11, 16, 6, 10, 17]",9.9913027
./random_graph_db/graph_db_node_24/03_p0.3/03_graph_n24_p0.3_idx6.gpickle,24,0.3,6,8,79,211,"[1, 12, 8, 5, 6, 4, 19, 21, 10, 13, 2, 16, 23, 7, 0, 22, 15, 18, 20, 9, 3, 14, 11, 17]",10.194699
./random_graph_db/graph_db_node_24/03_p0.3/03_graph_n24_p0.3_idx7.gpickle,24,0.3,7,9,78,184,"[2, 1, 7, 8, 9, 15, 14, 11, 3, 4, 20, 18, 0, 23, 10, 19, 12, 13, 5, 21, 22, 6, 16, 17]",10.1944149
./random_graph_db/graph_db_node_24/03_p0.3/03_graph_n24_p0.3_idx8.gpickle,24,0.3,8,8,69,200,"[15, 22, 10, 4, 20, 17, 5, 13, 7, 11, 12, 0, 23, 1, 9, 16, 2, 21, 3, 14, 8, 6, 19, 18]",10.005466
./random_graph_db/graph_db_node_24/03_p0.3/03_graph_n24_p0.3_idx9.gpickle,24,0.3,9,9,92,240,"[19, 16, 14, 15, 8, 6, 22, 5, 13, 0, 17, 20, 11, 4, 2, 18, 10, 21, 12, 23, 1, 9, 7, 3]",10.4028261
./random_graph_db/graph_db_node_24/04_p0.4/04_graph_n24_p0.4_idx1.gpickle,24,0.4,1,9,72,200,"[1, 19, 5, 13, 22, 4, 2, 16, 6, 21, 9, 7, 8, 12, 15, 18, 11, 0, 10, 20, 14, 23, 17, 3]",10.015779
./random_graph_db/graph_db_node_24/04_p0.4/04_graph_n24_p0.4_idx10.gpickle,24,0.4,10,9,89,228,"[16, 2, 5, 17, 20, 22, 8, 10, 12, 23, 9, 4, 18, 21, 15, 13, 6, 11, 14, 1, 3, 7, 19, 0]",10.1952538
./random_graph_db/graph_db_node_24/04_p0.4/04_graph_n24_p0.4_idx2.gpickle,24,0.4,2,9,103,264,"[14, 13, 7, 4, 18, 19, 20, 16, 1, 12, 21, 23, 11, 5, 6, 22, 10, 0, 15, 3, 8, 9, 17, 2]",10.9141366
./random_graph_db/graph_db_node_24/04_p0.4/04_graph_n24_p0.4_idx3.gpickle,24,0.4,3,8,78,211,"[11, 8, 3, 21, 22, 20, 19, 16, 23, 1, 4, 6, 0, 7, 14, 17, 15, 18, 12, 10, 5, 2, 13, 9]",10.5766742
./random_graph_db/graph_db_node_24/04_p0.4/04_graph_n24_p0.4_idx4.gpickle,24,0.4,4,9,86,237,"[8, 21, 16, 12, 11, 2, 7, 14, 1, 3, 18, 5, 9, 17, 20, 6, 13, 4, 0, 23, 10, 22, 19, 15]",10.2494128
./random_graph_db/graph_db_node_24/04_p0.4/04_graph_n24_p0.4_idx5.gpickle,24,0.4,5,8,75,194,"[12, 13, 23, 5, 14, 4, 21, 6, 18, 22, 10, 19, 2, 1, 7, 0, 8, 3, 20, 15, 16, 11, 9, 17]",10.4621601
./random_graph_db/graph_db_node_24/04_p0.4/04_graph_n24_p0.4_idx6.gpickle,24,0.4,6,9,86,238,"[6, 10, 12, 9, 11, 21, 7, 17, 15, 13, 19, 5, 3, 2, 22, 18, 23, 4, 0, 14, 16, 8, 20, 1]",10.1462362
./random_graph_db/graph_db_node_24/04_p0.4/04_graph_n24_p0.4_idx7.gpickle,24,0.4,7,9,94,234,"[6, 18, 3, 0, 17, 14, 8, 16, 22, 12, 21, 1, 19, 7, 9, 20, 23, 10, 15, 2, 13, 4, 5, 11]",10.6992171
./random_graph_db/graph_db_node_24/04_p0.4/04_graph_n24_p0.4_idx8.gpickle,24,0.4,8,9,95,260,"[3, 2, 9, 0, 14, 4, 23, 15, 20, 10, 8, 18, 21, 5, 13, 7, 19, 22, 16, 11, 1, 6, 17, 12]",10.4440897
./random_graph_db/graph_db_node_24/04_p0.4/04_graph_n24_p0.4_idx9.gpickle,24,0.4,9,9,83,207,"[16, 12, 5, 2, 18, 9, 17, 13, 4, 1, 14, 23, 19, 21, 22, 7, 11, 6, 10, 3, 20, 15, 0, 8]",11.0925989
./random_graph_db/graph_db_node_24/05_p0.45/05_graph_n24_p0.45_idx1.gpickle,24,0.45,1,9,82,221,"[2, 16, 8, 19, 13, 5, 6, 20, 4, 23, 18, 22, 15, 3, 7, 21, 17, 10, 11, 0, 1, 14, 9, 12]",10.502197
./random_graph_db/graph_db_node_24/05_p0.45/05_graph_n24_p0.45_idx10.gpickle,24,0.45,10,9,108,268,"[8, 10, 4, 18, 23, 2, 5, 13, 9, 11, 1, 16, 7, 21, 0, 20, 12, 3, 17, 15, 19, 14, 22, 6]",10.7862308
./random_graph_db/graph_db_node_24/05_p0.45/05_graph_n24_p0.45_idx2.gpickle,24,0.45,2,9,106,269,"[10, 7, 15, 5, 1, 9, 14, 20, 13, 4, 23, 11, 6, 0, 8, 18, 22, 21, 19, 17, 12, 16, 3, 2]",10.6133101
./random_graph_db/graph_db_node_24/05_p0.45/05_graph_n24_p0.45_idx3.gpickle,24,0.45,3,9,86,220,"[3, 22, 1, 20, 5, 21, 16, 7, 17, 4, 15, 12, 14, 23, 10, 18, 6, 11, 13, 2, 9, 8, 0, 19]",10.3575969
./random_graph_db/graph_db_node_24/05_p0.45/05_graph_n24_p0.45_idx4.gpickle,24,0.45,4,8,85,219,"[1, 4, 5, 22, 23, 6, 12, 11, 0, 3, 8, 14, 10, 9, 2, 15, 21, 19, 13, 17, 20, 7, 18, 16]",10.5455539
./random_graph_db/graph_db_node_24/05_p0.45/05_graph_n24_p0.45_idx5.gpickle,24,0.45,5,8,96,243,"[21, 22, 8, 19, 15, 18, 3, 2, 10, 7, 12, 23, 0, 4, 9, 13, 20, 5, 17, 1, 16, 14, 6, 11]",10.318804
./random_graph_db/graph_db_node_24/05_p0.45/05_graph_n24_p0.45_idx6.gpickle,24,0.45,6,9,90,216,"[23, 2, 15, 7, 13, 4, 9, 16, 17, 6, 12, 0, 3, 21, 5, 14, 10, 1, 22, 19, 18, 20, 11, 8]",10.5781348
./random_graph_db/graph_db_node_24/05_p0.45/05_graph_n24_p0.45_idx7.gpickle,24,0.45,7,9,88,222,"[19, 1, 0, 9, 23, 11, 2, 8, 21, 17, 18, 14, 7, 20, 10, 5, 4, 6, 22, 3, 16, 15, 13, 12]",10.348202
./random_graph_db/graph_db_node_24/05_p0.45/05_graph_n24_p0.45_idx8.gpickle,24,0.45,8,9,104,259,"[20, 6, 12, 13, 16, 10, 23, 11, 7, 18, 21, 8, 17, 14, 0, 2, 15, 19, 3, 22, 9, 4, 1, 5]",12.3599892
./random_graph_db/graph_db_node_24/05_p0.45/05_graph_n24_p0.45_idx9.gpickle,24,0.45,9,9,92,221,"[19, 0, 18, 17, 15, 20, 12, 8, 22, 11, 13, 21, 3, 7, 4, 9, 6, 2, 23, 10, 16, 5, 14, 1]",11.199842
./random_graph_db/graph_db_node_24/06_p0.5/06_graph_n24_p0.5_idx1.gpickle,24,0.5,1,9,94,244,"[4, 12, 14, 1, 0, 16, 18, 7, 17, 13, 21, 2, 8, 5, 9, 10, 19, 11, 6, 23, 15, 3, 20, 22]",11.232373
./random_graph_db/graph_db_node_24/06_p0.5/06_graph_n24_p0.5_idx10.gpickle,24,0.5,10,9,105,245,"[3, 17, 13, 18, 7, 12, 11, 23, 1, 6, 14, 21, 15, 0, 20, 2, 19, 8, 4, 10, 16, 5, 22, 9]",11.034924
./random_graph_db/graph_db_node_24/06_p0.5/06_graph_n24_p0.5_idx2.gpickle,24,0.5,2,9,91,229,"[10, 1, 12, 11, 8, 22, 9, 23, 17, 4, 18, 15, 19, 6, 5, 13, 21, 7, 3, 16, 14, 20, 0, 2]",10.5616319
./random_graph_db/graph_db_node_24/06_p0.5/06_graph_n24_p0.5_idx3.gpickle,24,0.5,3,9,101,233,"[5, 12, 23, 16, 22, 15, 1, 3, 11, 0, 19, 7, 14, 2, 4, 21, 9, 13, 8, 6, 20, 17, 18, 10]",10.756382
./random_graph_db/graph_db_node_24/06_p0.5/06_graph_n24_p0.5_idx4.gpickle,24,0.5,4,9,102,246,"[1, 10, 16, 12, 9, 21, 6, 8, 15, 7, 5, 13, 11, 22, 0, 3, 18, 14, 4, 23, 20, 2, 19, 17]",10.5019581
./random_graph_db/graph_db_node_24/06_p0.5/06_graph_n24_p0.5_idx5.gpickle,24,0.5,5,8,77,213,"[22, 9, 16, 2, 13, 10, 0, 18, 12, 19, 5, 17, 15, 11, 1, 3, 8, 7, 21, 4, 6, 14, 23, 20]",10.5091183
./random_graph_db/graph_db_node_24/06_p0.5/06_graph_n24_p0.5_idx6.gpickle,24,0.5,6,9,90,211,"[11, 6, 20, 10, 0, 21, 12, 3, 18, 13, 16, 9, 23, 19, 17, 15, 1, 4, 8, 14, 7, 5, 2, 22]",10.5776939
./random_graph_db/graph_db_node_24/06_p0.5/06_graph_n24_p0.5_idx7.gpickle,24,0.5,7,9,102,239,"[0, 5, 17, 19, 21, 20, 6, 18, 15, 12, 9, 8, 13, 3, 2, 10, 7, 22, 4, 1, 14, 16, 11, 23]",10.8314219
./random_graph_db/graph_db_node_24/06_p0.5/06_graph_n24_p0.5_idx8.gpickle,24,0.5,8,9,101,262,"[11, 0, 23, 4, 20, 19, 22, 12, 1, 8, 5, 15, 17, 18, 14, 2, 3, 13, 10, 16, 21, 6, 9, 7]",11.0409563
./random_graph_db/graph_db_node_24/06_p0.5/06_graph_n24_p0.5_idx9.gpickle,24,0.5,9,9,99,265,"[17, 10, 14, 15, 13, 6, 7, 3, 5, 8, 16, 12, 4, 21, 9, 18, 0, 23, 22, 19, 1, 2, 20, 11]",10.85128
./random_graph_db/graph_db_node_24/07_p0.55/07_graph_n24_p0.55_idx1.gpickle,24,0.55,1,9,96,231,"[0, 22, 17, 23, 2, 5, 10, 18, 8, 15, 3, 1, 7, 14, 21, 19, 20, 12, 6, 4, 13, 9, 16, 11]",10.4826832
./random_graph_db/graph_db_node_24/07_p0.55/07_graph_n24_p0.55_idx10.gpickle,24,0.55,10,9,113,288,"[13, 14, 6, 1, 17, 23, 8, 21, 9, 18, 12, 20, 7, 11, 0, 10, 3, 2, 15, 16, 19, 22, 5, 4]",10.9093838
./random_graph_db/graph_db_node_24/07_p0.55/07_graph_n24_p0.55_idx2.gpickle,24,0.55,2,9,89,227,"[6, 13, 5, 10, 22, 23, 19, 15, 16, 2, 11, 1, 21, 3, 7, 18, 0, 8, 4, 9, 14, 12, 20, 17]",10.4070759
./random_graph_db/graph_db_node_24/07_p0.55/07_graph_n24_p0.55_idx3.gpickle,24,0.55,3,9,93,216,"[15, 23, 18, 21, 10, 22, 17, 16, 1, 0, 20, 8, 19, 9, 14, 13, 12, 2, 11, 7, 6, 3, 5, 4]",10.6759949
./random_graph_db/graph_db_node_24/07_p0.55/07_graph_n24_p0.55_idx4.gpickle,24,0.55,4,9,91,225,"[20, 2, 12, 17, 7, 4, 22, 5, 9, 11, 16, 15, 1, 13, 10, 6, 3, 8, 23, 19, 14, 21, 0, 18]",10.4773331
./random_graph_db/graph_db_node_24/07_p0.55/07_graph_n24_p0.55_idx5.gpickle,24,0.55,5,8,80,202,"[22, 10, 12, 7, 17, 20, 1, 0, 13, 16, 15, 23, 2, 21, 9, 3, 5, 19, 4, 8, 11, 6, 18, 14]",10.2766032
./random_graph_db/graph_db_node_24/07_p0.55/07_graph_n24_p0.55_idx6.gpickle,24,0.55,6,8,81,214,"[12, 19, 17, 7, 23, 13, 16, 15, 3, 22, 14, 5, 6, 11, 10, 18, 8, 9, 1, 2, 21, 4, 20, 0]",10.4893301
./random_graph_db/graph_db_node_24/07_p0.55/07_graph_n24_p0.55_idx7.gpickle,24,0.55,7,9,104,250,"[21, 2, 23, 15, 1, 16, 22, 8, 19, 5, 7, 3, 0, 12, 20, 14, 6, 10, 4, 18, 17, 13, 9, 11]",11.7012281
./random_graph_db/graph_db_node_24/07_p0.55/07_graph_n24_p0.55_idx8.gpickle,24,0.55,8,9,86,213,"[15, 16, 21, 6, 2, 12, 20, 11, 1, 7, 3, 14, 17, 18, 4, 13, 5, 10, 0, 19, 8, 23, 22, 9]",11.2160802
./random_graph_db/graph_db_node_24/07_p0.55/07_graph_n24_p0.55_idx9.gpickle,24,0.55,9,8,92,230,"[3, 8, 13, 1, 16, 23, 2, 22, 18, 0, 10, 6, 11, 17, 21, 5, 19, 20, 14, 15, 9, 7, 12, 4]",10.4754269
./random_graph_db/graph_db_node_24/08_p0.6/08_graph_n24_p0.6_idx1.gpickle,24,0.6,1,9,99,243,"[1, 11, 18, 5, 19, 9, 15, 7, 8, 4, 6, 12, 14, 13, 23, 3, 20, 0, 22, 17, 16, 10, 21, 2]",11.0804529
./random_graph_db/graph_db_node_24/08_p0.6/08_graph_n24_p0.6_idx10.gpickle,24,0.6,10,9,85,215,"[20, 4, 21, 6, 12, 16, 11, 7, 15, 10, 18, 0, 5, 17, 8, 3, 1, 13, 9, 22, 14, 23, 19, 2]",10.9535632
./random_graph_db/graph_db_node_24/08_p0.6/08_graph_n24_p0.6_idx2.gpickle,24,0.6,2,9,80,204,"[4, 20, 13, 9, 17, 12, 3, 6, 0, 16, 14, 10, 2, 23, 5, 18, 21, 11, 8, 19, 7, 1, 22, 15]",10.8218119
./random_graph_db/graph_db_node_24/08_p0.6/08_graph_n24_p0.6_idx3.gpickle,24,0.6,3,9,94,244,"[3, 19, 23, 14, 13, 15, 12, 6, 7, 11, 18, 21, 8, 17, 5, 22, 4, 2, 16, 20, 0, 1, 9, 10]",10.4766903
./random_graph_db/graph_db_node_24/08_p0.6/08_graph_n24_p0.6_idx4.gpickle,24,0.6,4,9,100,239,"[11, 17, 19, 2, 6, 14, 7, 15, 18, 13, 20, 12, 0, 3, 23, 8, 21, 22, 10, 16, 5, 1, 4, 9]",10.6999788
./random_graph_db/graph_db_node_24/08_p0.6/08_graph_n24_p0.6_idx5.gpickle,24,0.6,5,8,75,211,"[12, 21, 14, 1, 20, 8, 5, 13, 19, 7, 9, 0, 11, 3, 4, 10, 16, 15, 18, 17, 6, 2, 22, 23]",10.3201838
./random_graph_db/graph_db_node_24/08_p0.6/08_graph_n24_p0.6_idx6.gpickle,24,0.6,6,8,80,213,"[22, 19, 2, 12, 3, 0, 8, 15, 4, 18, 13, 1, 23, 11, 5, 17, 20, 9, 10, 7, 6, 14, 16, 21]",10.363817
./random_graph_db/graph_db_node_24/08_p0.6/08_graph_n24_p0.6_idx7.gpickle,24,0.6,7,8,82,206,"[5, 17, 1, 4, 10, 9, 2, 12, 6, 22, 0, 20, 18, 3, 21, 8, 23, 7, 15, 13, 11, 19, 14, 16]",10.1758173
./random_graph_db/graph_db_node_24/08_p0.6/08_graph_n24_p0.6_idx8.gpickle,24,0.6,8,9,97,243,"[4, 2, 7, 14, 21, 19, 1, 5, 12, 13, 16, 0, 6, 9, 3, 11, 8, 15, 20, 18, 10, 22, 23, 17]",10.5379109
./random_graph_db/graph_db_node_24/08_p0.6/08_graph_n24_p0.6_idx9.gpickle,24,0.6,9,10,110,259,"[3, 6, 19, 14, 17, 16, 12, 2, 0, 4, 22, 20, 11, 9, 1, 23, 15, 7, 21, 10, 18, 8, 5, 13]",10.5630701
./random_graph_db/graph_db_node_24/09_p0.65/09_graph_n24_p0.65_idx1.gpickle,24,0.65,1,9,96,240,"[13, 22, 23, 20, 5, 8, 18, 10, 6, 3, 14, 12, 1, 0, 11, 15, 9, 17, 16, 21, 19, 2, 7, 4]",10.5672929
./random_graph_db/graph_db_node_24/09_p0.65/09_graph_n24_p0.65_idx10.gpickle,24,0.65,10,8,90,225,"[17, 8, 23, 13, 21, 19, 1, 11, 22, 16, 4, 0, 18, 15, 2, 20, 10, 5, 9, 12, 6, 3, 7, 14]",10.0473032
./random_graph_db/graph_db_node_24/09_p0.65/09_graph_n24_p0.65_idx2.gpickle,24,0.65,2,8,76,219,"[5, 17, 21, 3, 18, 8, 2, 6, 23, 13, 22, 14, 15, 0, 4, 19, 12, 1, 10, 9, 16, 7, 11, 20]",10.1332028
./random_graph_db/graph_db_node_24/09_p0.65/09_graph_n24_p0.65_idx3.gpickle,24,0.65,3,9,88,211,"[2, 6, 10, 22, 21, 19, 20, 17, 7, 1, 9, 18, 13, 16, 8, 5, 23, 15, 4, 14, 0, 11, 3, 12]",10.544662
./random_graph_db/graph_db_node_24/09_p0.65/09_graph_n24_p0.65_idx4.gpickle,24,0.65,4,9,88,231,"[20, 18, 5, 3, 15, 22, 14, 17, 13, 7, 19, 11, 9, 21, 2, 8, 0, 1, 6, 12, 10, 16, 23, 4]",10.5720248
./random_graph_db/graph_db_node_24/09_p0.65/09_graph_n24_p0.65_idx5.gpickle,24,0.65,5,9,107,263,"[2, 4, 21, 5, 3, 22, 12, 18, 8, 7, 1, 10, 0, 11, 15, 13, 19, 16, 6, 23, 20, 17, 9, 14]",10.8886001
./random_graph_db/graph_db_node_24/09_p0.65/09_graph_n24_p0.65_idx6.gpickle,24,0.65,6,9,96,242,"[11, 1, 15, 8, 17, 16, 19, 0, 10, 18, 13, 9, 2, 12, 4, 22, 14, 5, 21, 7, 20, 6, 23, 3]",10.541734
./random_graph_db/graph_db_node_24/09_p0.65/09_graph_n24_p0.65_idx7.gpickle,24,0.65,7,9,96,236,"[0, 23, 1, 5, 9, 17, 3, 14, 21, 7, 2, 13, 16, 22, 12, 18, 10, 6, 20, 4, 15, 8, 11, 19]",10.8856378
./random_graph_db/graph_db_node_24/09_p0.65/09_graph_n24_p0.65_idx8.gpickle,24,0.65,8,9,102,253,"[7, 3, 8, 13, 9, 5, 10, 20, 2, 15, 14, 16, 6, 21, 22, 18, 11, 23, 17, 1, 12, 19, 0, 4]",10.7904189
./random_graph_db/graph_db_node_24/09_p0.65/09_graph_n24_p0.65_idx9.gpickle,24,0.65,9,8,95,244,"[21, 8, 12, 10, 18, 7, 17, 2, 6, 1, 20, 14, 9, 5, 16, 11, 4, 13, 15, 0, 3, 22, 19, 23]",10.8648226
./random_graph_db/graph_db_node_24/10_p0.7/10_graph_n24_p0.7_idx1.gpickle,24,0.7,1,9,87,231,"[1, 21, 13, 12, 22, 5, 14, 19, 0, 9, 16, 8, 17, 10, 11, 3, 4, 20, 18, 7, 2, 15, 6, 23]",10.5396211
./random_graph_db/graph_db_node_24/10_p0.7/10_graph_n24_p0.7_idx10.gpickle,24,0.7,10,9,102,268,"[0, 6, 19, 10, 20, 21, 11, 4, 13, 7, 8, 18, 23, 12, 15, 16, 3, 9, 5, 22, 14, 2, 1, 17]",10.6762009
./random_graph_db/graph_db_node_24/10_p0.7/10_graph_n24_p0.7_idx2.gpickle,24,0.7,2,8,92,233,"[21, 2, 11, 22, 17, 7, 3, 18, 6, 19, 20, 16, 23, 10, 15, 0, 8, 4, 1, 12, 13, 5, 9, 14]",10.8588939
./random_graph_db/graph_db_node_24/10_p0.7/10_graph_n24_p0.7_idx3.gpickle,24,0.7,3,9,91,230,"[7, 20, 10, 14, 9, 0, 2, 3, 18, 17, 23, 13, 12, 8, 19, 11, 21, 16, 1, 6, 15, 4, 22, 5]",10.5063739
./random_graph_db/graph_db_node_24/10_p0.7/10_graph_n24_p0.7_idx4.gpickle,24,0.7,4,9,105,264,"[21, 4, 0, 15, 2, 20, 6, 11, 3, 12, 5, 10, 9, 22, 13, 19, 1, 14, 17, 18, 7, 16, 23, 8]",11.0474091
./random_graph_db/graph_db_node_24/10_p0.7/10_graph_n24_p0.7_idx5.gpickle,24,0.7,5,9,98,249,"[0, 16, 6, 17, 4, 7, 5, 20, 22, 21, 9, 14, 18, 13, 1, 12, 2, 8, 23, 15, 11, 3, 19, 10]",10.6547291
./random_graph_db/graph_db_node_24/10_p0.7/10_graph_n24_p0.7_idx6.gpickle,24,0.7,6,9,79,198,"[20, 16, 10, 13, 11, 18, 9, 0, 22, 15, 6, 12, 19, 23, 4, 8, 1, 3, 7, 17, 2, 14, 5, 21]",10.5745738
./random_graph_db/graph_db_node_24/10_p0.7/10_graph_n24_p0.7_idx7.gpickle,24,0.7,7,8,81,228,"[7, 17, 8, 21, 11, 14, 20, 12, 22, 19, 15, 10, 16, 6, 0, 1, 2, 9, 23, 18, 3, 5, 4, 13]",11.0019557
./random_graph_db/graph_db_node_24/10_p0.7/10_graph_n24_p0.7_idx8.gpickle,24,0.7,8,9,99,247,"[19, 13, 20, 7, 4, 14, 8, 5, 10, 23, 16, 9, 2, 0, 11, 12, 18, 17, 6, 1, 22, 3, 15, 21]",10.8368342
./random_graph_db/graph_db_node_24/10_p0.7/10_graph_n24_p0.7_idx9.gpickle,24,0.7,9,8,65,193,"[22, 19, 11, 14, 6, 7, 0, 17, 1, 20, 13, 21, 23, 15, 8, 12, 3, 18, 2, 10, 5, 16, 9, 4]",10.0473409
./random_graph_db/graph_db_node_24/11_p0.8/11_graph_n24_p0.8_idx1.gpickle,24,0.8,1,8,65,149,"[22, 16, 12, 10, 3, 1, 2, 11, 20, 14, 6, 5, 17, 7, 13, 9, 0, 8, 23, 15, 18, 4, 21, 19]",10.2507839
./random_graph_db/graph_db_node_24/11_p0.8/11_graph_n24_p0.8_idx10.gpickle,24,0.8,10,8,78,199,"[4, 11, 16, 8, 3, 14, 17, 5, 19, 1, 0, 9, 18, 15, 10, 13, 21, 12, 7, 2, 6, 23, 22, 20]",10.1690192
./random_graph_db/graph_db_node_24/11_p0.8/11_graph_n24_p0.8_idx2.gpickle,24,0.8,2,7,62,151,"[18, 12, 4, 16, 19, 20, 13, 3, 2, 17, 22, 5, 6, 0, 21, 7, 23, 11, 9, 1, 8, 15, 10, 14]",9.9150128
./random_graph_db/graph_db_node_24/11_p0.8/11_graph_n24_p0.8_idx3.gpickle,24,0.8,3,8,63,155,"[15, 13, 21, 3, 17, 8, 4, 2, 9, 10, 19, 6, 1, 14, 11, 0, 5, 20, 7, 16, 18, 22, 12, 23]",9.8532088
./random_graph_db/graph_db_node_24/11_p0.8/11_graph_n24_p0.8_idx4.gpickle,24,0.8,4,8,61,173,"[14, 20, 2, 18, 13, 23, 12, 1, 10, 4, 21, 22, 17, 15, 7, 8, 9, 0, 5, 19, 3, 16, 6, 11]",10.2213941
./random_graph_db/graph_db_node_24/11_p0.8/11_graph_n24_p0.8_idx5.gpickle,24,0.8,5,6,48,146,"[6, 13, 7, 19, 8, 5, 0, 1, 21, 16, 12, 9, 22, 2, 3, 20, 15, 23, 14, 10, 17, 11, 4, 18]",9.381278
./random_graph_db/graph_db_node_24/11_p0.8/11_graph_n24_p0.8_idx6.gpickle,24,0.8,6,7,53,124,"[19, 5, 11, 18, 22, 23, 1, 9, 15, 0, 14, 2, 17, 16, 3, 6, 21, 12, 10, 13, 4, 8, 7, 20]",10.4686818
./random_graph_db/graph_db_node_24/11_p0.8/11_graph_n24_p0.8_idx7.gpickle,24,0.8,7,7,67,184,"[13, 18, 16, 9, 8, 0, 22, 2, 1, 17, 12, 3, 21, 5, 10, 6, 23, 15, 7, 4, 19, 11, 14, 20]",10.2509959
./random_graph_db/graph_db_node_24/11_p0.8/11_graph_n24_p0.8_idx8.gpickle,24,0.8,8,8,65,146,"[22, 19, 9, 14, 18, 7, 21, 20, 8, 12, 10, 11, 5, 13, 4, 16, 2, 6, 3, 15, 1, 23, 0, 17]",10.3932648
./random_graph_db/graph_db_node_24/11_p0.8/11_graph_n24_p0.8_idx9.gpickle,24,0.8,9,7,58,152,"[17, 7, 5, 15, 6, 4, 23, 3, 16, 11, 20, 22, 9, 14, 12, 0, 18, 10, 19, 21, 2, 1, 8, 13]",9.9887989
./random_graph_db/graph_db_node_24/12_p0.9/12_graph_n24_p0.9_idx1.gpickle,24,0.9,1,4,22,79,"[3, 9, 5, 20, 19, 14, 15, 21, 7, 18, 16, 12, 1, 8, 0, 17, 23, 11, 6, 13, 2, 10, 22, 4]",9.0075259
./random_graph_db/graph_db_node_24/12_p0.9/12_graph_n24_p0.9_idx10.gpickle,24,0.9,10,5,33,80,"[17, 19, 16, 20, 3, 21, 8, 12, 0, 11, 13, 18, 1, 6, 14, 9, 15, 22, 10, 5, 4, 23, 7, 2]",9.1571369
./random_graph_db/graph_db_node_24/12_p0.9/12_graph_n24_p0.9_idx2.gpickle,24,0.9,2,4,21,61,"[7, 13, 4, 21, 1, 8, 11, 20, 17, 0, 22, 15, 16, 10, 18, 3, 9, 6, 14, 19, 5, 2, 12, 23]",8.867728
./random_graph_db/graph_db_node_24/12_p0.9/12_graph_n24_p0.9_idx3.gpickle,24,0.9,3,6,50,127,"[14, 15, 18, 4, 19, 17, 3, 13, 6, 16, 1, 21, 11, 5, 23, 20, 9, 2, 10, 12, 8, 7, 22, 0]",9.805702
./random_graph_db/graph_db_node_24/12_p0.9/12_graph_n24_p0.9_idx4.gpickle,24,0.9,4,6,44,120,"[2, 21, 22, 11, 6, 18, 4, 5, 16, 23, 3, 1, 15, 10, 12, 7, 20, 17, 8, 0, 14, 19, 13, 9]",9.334157
./random_graph_db/graph_db_node_24/12_p0.9/12_graph_n24_p0.9_idx5.gpickle,24,0.9,5,4,24,80,"[18, 4, 14, 2, 3, 0, 5, 19, 16, 13, 20, 1, 6, 7, 17, 23, 10, 22, 21, 11, 8, 9, 12, 15]",8.7335401
./random_graph_db/graph_db_node_24/12_p0.9/12_graph_n24_p0.9_idx6.gpickle,24,0.9,6,4,24,85,"[18, 5, 0, 1, 9, 13, 11, 4, 20, 3, 10, 7, 12, 15, 17, 21, 6, 23, 19, 16, 8, 14, 22, 2]",8.5615261
./random_graph_db/graph_db_node_24/12_p0.9/12_graph_n24_p0.9_idx7.gpickle,24,0.9,7,5,22,81,"[13, 0, 11, 7, 23, 19, 17, 20, 14, 18, 16, 6, 15, 3, 5, 4, 22, 2, 21, 8, 12, 1, 9, 10]",8.7499068
./random_graph_db/graph_db_node_24/12_p0.9/12_graph_n24_p0.9_idx8.gpickle,24,0.9,8,5,32,82,"[18, 16, 3, 11, 4, 7, 6, 5, 20, 19, 12, 1, 2, 22, 14, 21, 15, 9, 0, 23, 17, 8, 13, 10]",9.243588
./random_graph_db/graph_db_node_24/12_p0.9/12_graph_n24_p0.9_idx9.gpickle,24,0.9,9,6,32,87,"[3, 22, 13, 18, 16, 20, 1, 15, 4, 5, 14, 10, 19, 23, 7, 0, 21, 6, 12, 9, 2, 17, 8, 11]",9.2798269
./random_graph_db/graph_db_node_25/01_p0.1/01_graph_n25_p0.1_idx1.gpickle,25,0.1,1,5,16,50,"[9, 13, 15, 24, 3, 21, 16, 14, 8, 0, 4, 7, 5, 10, 22, 20, 12, 18, 19, 11, 17, 23, 2, 1, 6]",21.2121418
./random_graph_db/graph_db_node_25/01_p0.1/01_graph_n25_p0.1_idx10.gpickle,25,0.1,10,5,19,51,"[21, 19, 9, 17, 24, 13, 20, 18, 23, 11, 12, 8, 0, 14, 15, 7, 6, 2, 16, 4, 3, 1, 22, 5, 10]",9.2887149
./random_graph_db/graph_db_node_25/01_p0.1/01_graph_n25_p0.1_idx2.gpickle,25,0.1,2,5,25,96,"[22, 17, 5, 1, 7, 8, 0, 21, 23, 3, 13, 18, 14, 6, 19, 2, 24, 4, 12, 15, 9, 10, 20, 11, 16]",9.2544181
./random_graph_db/graph_db_node_25/01_p0.1/01_graph_n25_p0.1_idx3.gpickle,25,0.1,3,4,21,69,"[14, 5, 3, 12, 16, 7, 22, 8, 9, 0, 19, 4, 6, 24, 20, 1, 2, 18, 11, 10, 15, 17, 23, 13, 21]",9.3755112
./random_graph_db/graph_db_node_25/01_p0.1/01_graph_n25_p0.1_idx4.gpickle,25,0.1,4,5,17,70,"[12, 8, 18, 2, 7, 22, 19, 0, 11, 3, 4, 5, 10, 1, 6, 23, 14, 15, 9, 20, 21, 24, 17, 16, 13]",9.7032959
./random_graph_db/graph_db_node_25/01_p0.1/01_graph_n25_p0.1_idx5.gpickle,25,0.1,5,5,25,89,"[21, 24, 22, 3, 23, 2, 6, 5, 4, 7, 18, 8, 19, 16, 1, 9, 0, 14, 10, 11, 13, 15, 17, 20, 12]",9.4329989
./random_graph_db/graph_db_node_25/01_p0.1/01_graph_n25_p0.1_idx6.gpickle,25,0.1,6,6,22,61,"[16, 19, 2, 11, 0, 4, 9, 1, 18, 22, 13, 14, 10, 17, 15, 7, 5, 3, 12, 8, 20, 21, 6, 24, 23]",9.5920179
./random_graph_db/graph_db_node_25/01_p0.1/01_graph_n25_p0.1_idx7.gpickle,25,0.1,7,5,25,67,"[8, 13, 2, 15, 17, 6, 1, 24, 20, 16, 4, 10, 3, 18, 21, 9, 7, 19, 11, 5, 23, 12, 0, 14, 22]",9.6633401
./random_graph_db/graph_db_node_25/01_p0.1/01_graph_n25_p0.1_idx8.gpickle,25,0.1,8,3,6,41,"[14, 18, 16, 1, 19, 10, 11, 23, 4, 7, 22, 12, 5, 20, 3, 9, 6, 15, 17, 0, 2, 8, 13, 21, 24]",18.2217369
./random_graph_db/graph_db_node_25/01_p0.1/01_graph_n25_p0.1_idx9.gpickle,25,0.1,9,4,15,53,"[17, 6, 15, 10, 18, 1, 19, 23, 0, 4, 2, 11, 14, 20, 16, 22, 12, 8, 3, 5, 9, 21, 7, 24, 13]",9.1582112
./random_graph_db/graph_db_node_25/02_p0.2/02_graph_n25_p0.2_idx1.gpickle,25,0.2,1,7,46,125,"[18, 20, 9, 8, 2, 17, 5, 12, 19, 4, 6, 21, 1, 3, 7, 14, 16, 0, 22, 23, 24, 11, 10, 13, 15]",10.141293
./random_graph_db/graph_db_node_25/02_p0.2/02_graph_n25_p0.2_idx10.gpickle,25,0.2,10,8,78,201,"[24, 17, 7, 8, 4, 10, 9, 22, 2, 13, 18, 1, 5, 14, 11, 16, 23, 19, 12, 6, 0, 21, 3, 15, 20]",10.4466021
./random_graph_db/graph_db_node_25/02_p0.2/02_graph_n25_p0.2_idx2.gpickle,25,0.2,2,7,56,160,"[9, 5, 3, 16, 11, 12, 15, 23, 19, 22, 10, 13, 20, 7, 6, 1, 2, 0, 17, 4, 14, 8, 18, 21, 24]",10.6322989
./random_graph_db/graph_db_node_25/02_p0.2/02_graph_n25_p0.2_idx3.gpickle,25,0.2,3,7,43,137,"[16, 13, 3, 22, 11, 5, 24, 4, 18, 6, 19, 1, 15, 12, 20, 2, 7, 21, 14, 0, 10, 8, 17, 23, 9]",10.2475131
./random_graph_db/graph_db_node_25/02_p0.2/02_graph_n25_p0.2_idx4.gpickle,25,0.2,4,7,46,124,"[23, 7, 19, 8, 6, 16, 2, 14, 22, 10, 12, 20, 1, 24, 11, 0, 18, 17, 4, 15, 21, 9, 5, 3, 13]",10.1609681
./random_graph_db/graph_db_node_25/02_p0.2/02_graph_n25_p0.2_idx5.gpickle,25,0.2,5,7,63,165,"[10, 4, 3, 12, 21, 14, 20, 1, 5, 13, 15, 19, 9, 24, 6, 8, 16, 0, 7, 11, 18, 2, 22, 17, 23]",10.4158611
./random_graph_db/graph_db_node_25/02_p0.2/02_graph_n25_p0.2_idx6.gpickle,25,0.2,6,7,58,144,"[4, 23, 15, 24, 9, 6, 13, 21, 19, 1, 12, 5, 8, 10, 11, 16, 17, 18, 22, 2, 14, 3, 20, 0, 7]",10.5459332
./random_graph_db/graph_db_node_25/02_p0.2/02_graph_n25_p0.2_idx7.gpickle,25,0.2,7,7,44,116,"[0, 9, 10, 6, 13, 12, 20, 16, 3, 5, 22, 11, 1, 17, 21, 2, 18, 19, 4, 14, 23, 7, 24, 15, 8]",10.2357728
./random_graph_db/graph_db_node_25/02_p0.2/02_graph_n25_p0.2_idx8.gpickle,25,0.2,8,7,60,167,"[8, 23, 3, 1, 17, 15, 4, 10, 9, 19, 20, 5, 16, 14, 6, 11, 7, 22, 18, 13, 21, 24, 12, 2, 0]",10.7600241
./random_graph_db/graph_db_node_25/02_p0.2/02_graph_n25_p0.2_idx9.gpickle,25,0.2,9,7,57,166,"[22, 19, 24, 6, 7, 5, 14, 8, 13, 12, 18, 11, 2, 15, 17, 23, 3, 0, 1, 4, 16, 10, 20, 9, 21]",10.486392
./random_graph_db/graph_db_node_25/03_p0.3/03_graph_n25_p0.3_idx1.gpickle,25,0.3,1,9,84,214,"[16, 2, 23, 6, 18, 1, 8, 4, 14, 17, 9, 11, 20, 13, 5, 3, 21, 15, 22, 12, 0, 19, 24, 7, 10]",11.2170401
./random_graph_db/graph_db_node_25/03_p0.3/03_graph_n25_p0.3_idx10.gpickle,25,0.3,10,9,88,201,"[4, 0, 16, 9, 19, 10, 8, 24, 2, 11, 1, 20, 5, 18, 14, 22, 12, 3, 7, 15, 23, 13, 17, 21, 6]",11.943017
./random_graph_db/graph_db_node_25/03_p0.3/03_graph_n25_p0.3_idx2.gpickle,25,0.3,2,8,67,181,"[22, 7, 20, 8, 18, 4, 21, 0, 24, 23, 3, 15, 11, 17, 12, 1, 10, 2, 16, 6, 9, 5, 14, 13, 19]",10.7145081
./random_graph_db/graph_db_node_25/03_p0.3/03_graph_n25_p0.3_idx3.gpickle,25,0.3,3,9,102,249,"[2, 16, 8, 0, 15, 22, 19, 17, 1, 11, 6, 10, 3, 14, 12, 20, 7, 18, 9, 5, 23, 24, 4, 13, 21]",11.604007
./random_graph_db/graph_db_node_25/03_p0.3/03_graph_n25_p0.3_idx4.gpickle,25,0.3,4,9,66,146,"[18, 16, 20, 9, 4, 1, 14, 15, 6, 21, 22, 5, 2, 10, 3, 0, 24, 8, 23, 7, 11, 12, 13, 19, 17]",10.446044
./random_graph_db/graph_db_node_25/03_p0.3/03_graph_n25_p0.3_idx5.gpickle,25,0.3,5,9,76,220,"[7, 14, 3, 23, 22, 10, 15, 1, 8, 16, 11, 4, 6, 24, 5, 9, 19, 21, 0, 2, 13, 18, 12, 20, 17]",10.9025509
./random_graph_db/graph_db_node_25/03_p0.3/03_graph_n25_p0.3_idx6.gpickle,25,0.3,6,9,85,238,"[21, 10, 24, 22, 23, 8, 6, 4, 11, 13, 20, 16, 7, 12, 2, 5, 17, 1, 15, 3, 18, 19, 0, 9, 14]",10.7708743
./random_graph_db/graph_db_node_25/03_p0.3/03_graph_n25_p0.3_idx7.gpickle,25,0.3,7,9,88,226,"[7, 6, 16, 2, 12, 20, 11, 18, 22, 9, 17, 19, 23, 5, 21, 8, 15, 13, 14, 24, 4, 3, 10, 0, 1]",11.180584
./random_graph_db/graph_db_node_25/03_p0.3/03_graph_n25_p0.3_idx8.gpickle,25,0.3,8,9,66,161,"[11, 23, 9, 13, 8, 20, 2, 15, 7, 6, 12, 24, 17, 1, 0, 14, 5, 22, 3, 10, 4, 18, 21, 19, 16]",10.3819451
./random_graph_db/graph_db_node_25/03_p0.3/03_graph_n25_p0.3_idx9.gpickle,25,0.3,9,8,92,233,"[7, 5, 13, 9, 11, 24, 2, 15, 20, 21, 18, 22, 3, 0, 6, 16, 4, 12, 8, 19, 23, 17, 10, 14, 1]",11.364182
./random_graph_db/graph_db_node_25/04_p0.4/04_graph_n25_p0.4_idx1.gpickle,25,0.4,1,9,98,253,"[3, 2, 22, 17, 19, 23, 21, 13, 5, 12, 6, 18, 15, 9, 7, 16, 4, 1, 24, 8, 20, 0, 11, 10, 14]",11.0873332
./random_graph_db/graph_db_node_25/04_p0.4/04_graph_n25_p0.4_idx10.gpickle,25,0.4,10,9,101,250,"[20, 22, 1, 13, 21, 0, 3, 17, 24, 15, 18, 12, 7, 14, 16, 11, 2, 10, 6, 4, 5, 9, 19, 23, 8]",11.4918761
./random_graph_db/graph_db_node_25/04_p0.4/04_graph_n25_p0.4_idx2.gpickle,25,0.4,2,10,121,294,"[1, 22, 16, 24, 18, 23, 13, 15, 3, 10, 19, 12, 8, 21, 17, 11, 2, 0, 9, 6, 7, 5, 20, 4, 14]",12.157119
./random_graph_db/graph_db_node_25/04_p0.4/04_graph_n25_p0.4_idx3.gpickle,25,0.4,3,10,110,267,"[0, 19, 4, 20, 1, 8, 5, 10, 13, 17, 12, 23, 14, 15, 6, 11, 7, 24, 16, 3, 21, 9, 22, 18, 2]",11.16219
./random_graph_db/graph_db_node_25/04_p0.4/04_graph_n25_p0.4_idx4.gpickle,25,0.4,4,10,101,260,"[10, 21, 16, 14, 3, 11, 23, 5, 22, 7, 9, 17, 1, 19, 8, 2, 15, 24, 20, 6, 18, 4, 12, 13, 0]",11.4459531
./random_graph_db/graph_db_node_25/04_p0.4/04_graph_n25_p0.4_idx5.gpickle,25,0.4,5,10,112,276,"[12, 10, 23, 14, 9, 22, 16, 18, 7, 6, 2, 20, 21, 13, 1, 0, 8, 24, 4, 5, 17, 19, 15, 3, 11]",11.3823199
./random_graph_db/graph_db_node_25/04_p0.4/04_graph_n25_p0.4_idx6.gpickle,25,0.4,6,9,100,247,"[13, 16, 21, 5, 12, 18, 3, 23, 17, 20, 10, 11, 22, 6, 0, 24, 15, 7, 1, 4, 2, 19, 9, 8, 14]",11.540046
./random_graph_db/graph_db_node_25/04_p0.4/04_graph_n25_p0.4_idx7.gpickle,25,0.4,7,9,107,264,"[12, 8, 13, 19, 0, 24, 20, 15, 14, 16, 21, 23, 4, 2, 11, 5, 10, 9, 7, 17, 22, 6, 1, 18, 3]",11.713562
./random_graph_db/graph_db_node_25/04_p0.4/04_graph_n25_p0.4_idx8.gpickle,25,0.4,8,9,102,266,"[20, 2, 8, 14, 19, 17, 11, 12, 4, 0, 24, 21, 3, 13, 23, 18, 16, 15, 9, 6, 7, 22, 5, 1, 10]",11.002152
./random_graph_db/graph_db_node_25/04_p0.4/04_graph_n25_p0.4_idx9.gpickle,25,0.4,9,9,105,268,"[17, 6, 8, 13, 18, 15, 16, 1, 24, 21, 14, 9, 11, 20, 0, 12, 7, 2, 23, 5, 19, 10, 3, 22, 4]",11.3300941
./random_graph_db/graph_db_node_25/05_p0.45/05_graph_n25_p0.45_idx1.gpickle,25,0.45,1,10,107,275,"[5, 18, 22, 16, 12, 17, 10, 8, 2, 24, 23, 15, 0, 3, 19, 13, 21, 9, 4, 1, 14, 6, 7, 11, 20]",11.2576683
./random_graph_db/graph_db_node_25/05_p0.45/05_graph_n25_p0.45_idx10.gpickle,25,0.45,10,9,104,249,"[6, 0, 14, 9, 13, 12, 20, 15, 11, 16, 18, 24, 19, 4, 17, 7, 22, 1, 21, 23, 10, 5, 2, 3, 8]",11.182054
./random_graph_db/graph_db_node_25/05_p0.45/05_graph_n25_p0.45_idx2.gpickle,25,0.45,2,9,94,236,"[7, 18, 21, 5, 9, 13, 8, 2, 11, 12, 16, 3, 1, 14, 24, 23, 0, 10, 22, 17, 15, 6, 19, 4, 20]",11.1407149
./random_graph_db/graph_db_node_25/05_p0.45/05_graph_n25_p0.45_idx3.gpickle,25,0.45,3,10,107,270,"[20, 13, 9, 2, 5, 17, 14, 3, 8, 11, 12, 15, 6, 16, 10, 22, 18, 21, 24, 4, 19, 23, 1, 7, 0]",11.4625909
./random_graph_db/graph_db_node_25/05_p0.45/05_graph_n25_p0.45_idx4.gpickle,25,0.45,4,9,94,246,"[3, 8, 20, 13, 24, 4, 11, 19, 2, 16, 5, 1, 0, 21, 17, 18, 12, 9, 15, 7, 14, 22, 23, 10, 6]",11.0651472
./random_graph_db/graph_db_node_25/05_p0.45/05_graph_n25_p0.45_idx5.gpickle,25,0.45,5,10,130,313,"[8, 21, 14, 13, 6, 24, 7, 22, 0, 20, 19, 9, 12, 15, 10, 16, 23, 18, 17, 2, 11, 4, 3, 1, 5]",11.705261
./random_graph_db/graph_db_node_25/05_p0.45/05_graph_n25_p0.45_idx6.gpickle,25,0.45,6,10,116,287,"[4, 8, 9, 18, 10, 22, 14, 11, 23, 5, 19, 2, 0, 12, 6, 21, 13, 16, 15, 3, 20, 24, 7, 1, 17]",11.3954387
./random_graph_db/graph_db_node_25/05_p0.45/05_graph_n25_p0.45_idx7.gpickle,25,0.45,7,9,96,254,"[23, 24, 3, 21, 1, 19, 4, 7, 17, 20, 18, 8, 11, 12, 6, 13, 0, 15, 9, 22, 10, 16, 2, 14, 5]",11.16628
./random_graph_db/graph_db_node_25/05_p0.45/05_graph_n25_p0.45_idx8.gpickle,25,0.45,8,9,110,282,"[5, 12, 4, 15, 2, 10, 0, 3, 20, 14, 21, 13, 18, 1, 23, 6, 7, 22, 8, 17, 9, 19, 24, 16, 11]",11.669764
./random_graph_db/graph_db_node_25/05_p0.45/05_graph_n25_p0.45_idx9.gpickle,25,0.45,9,9,103,267,"[18, 14, 16, 7, 11, 2, 9, 23, 0, 15, 12, 19, 1, 13, 17, 20, 6, 5, 8, 21, 10, 3, 24, 4, 22]",11.4258032
./random_graph_db/graph_db_node_25/06_p0.5/06_graph_n25_p0.5_idx1.gpickle,25,0.5,1,9,112,279,"[5, 23, 13, 22, 4, 11, 18, 19, 0, 14, 9, 7, 17, 1, 6, 2, 24, 21, 12, 3, 8, 16, 15, 20, 10]",11.2934182
./random_graph_db/graph_db_node_25/06_p0.5/06_graph_n25_p0.5_idx10.gpickle,25,0.5,10,9,97,247,"[9, 15, 20, 3, 0, 1, 8, 10, 4, 16, 22, 6, 12, 19, 17, 14, 11, 5, 23, 7, 13, 24, 2, 21, 18]",11.0872209
./random_graph_db/graph_db_node_25/06_p0.5/06_graph_n25_p0.5_idx2.gpickle,25,0.5,2,9,107,274,"[5, 16, 10, 9, 21, 14, 24, 22, 6, 15, 19, 0, 20, 4, 3, 12, 8, 23, 1, 13, 17, 11, 7, 2, 18]",11.102664
./random_graph_db/graph_db_node_25/06_p0.5/06_graph_n25_p0.5_idx3.gpickle,25,0.5,3,9,101,258,"[22, 23, 8, 0, 17, 5, 14, 21, 2, 24, 19, 20, 3, 7, 6, 13, 16, 9, 11, 15, 4, 1, 10, 18, 12]",11.5662663
./random_graph_db/graph_db_node_25/06_p0.5/06_graph_n25_p0.5_idx4.gpickle,25,0.5,4,9,100,246,"[4, 9, 13, 15, 8, 7, 22, 20, 12, 0, 14, 19, 11, 23, 3, 18, 21, 2, 24, 10, 17, 5, 6, 1, 16]",11.2147987
./random_graph_db/graph_db_node_25/06_p0.5/06_graph_n25_p0.5_idx5.gpickle,25,0.5,5,9,108,277,"[7, 22, 4, 11, 12, 15, 14, 21, 13, 16, 6, 20, 24, 23, 17, 8, 1, 10, 19, 18, 2, 9, 3, 5, 0]",11.2078621
./random_graph_db/graph_db_node_25/06_p0.5/06_graph_n25_p0.5_idx6.gpickle,25,0.5,6,10,106,266,"[20, 4, 15, 9, 23, 22, 13, 1, 6, 3, 16, 5, 8, 14, 11, 0, 21, 24, 17, 10, 18, 12, 19, 2, 7]",11.4272509
./random_graph_db/graph_db_node_25/06_p0.5/06_graph_n25_p0.5_idx7.gpickle,25,0.5,7,10,108,257,"[13, 16, 8, 7, 15, 10, 4, 24, 14, 9, 1, 18, 0, 20, 19, 11, 2, 23, 6, 5, 3, 22, 12, 17, 21]",11.5488739
./random_graph_db/graph_db_node_25/06_p0.5/06_graph_n25_p0.5_idx8.gpickle,25,0.5,8,9,96,239,"[14, 6, 17, 20, 18, 8, 4, 9, 3, 21, 12, 7, 1, 16, 0, 11, 15, 10, 5, 22, 19, 23, 2, 24, 13]",11.0594752
./random_graph_db/graph_db_node_25/06_p0.5/06_graph_n25_p0.5_idx9.gpickle,25,0.5,9,10,112,284,"[24, 9, 14, 10, 15, 11, 22, 7, 1, 17, 23, 4, 0, 8, 19, 6, 5, 2, 21, 13, 18, 20, 12, 16, 3]",11.3635828
./random_graph_db/graph_db_node_25/07_p0.55/07_graph_n25_p0.55_idx1.gpickle,25,0.55,1,9,94,254,"[8, 5, 10, 17, 7, 14, 9, 12, 11, 16, 22, 2, 19, 18, 21, 1, 15, 13, 3, 24, 4, 6, 20, 23, 0]",11.21578
./random_graph_db/graph_db_node_25/07_p0.55/07_graph_n25_p0.55_idx10.gpickle,25,0.55,10,9,95,240,"[2, 8, 0, 23, 16, 14, 13, 6, 12, 22, 24, 4, 21, 19, 18, 11, 10, 20, 15, 9, 1, 17, 7, 5, 3]",11.1340871
./random_graph_db/graph_db_node_25/07_p0.55/07_graph_n25_p0.55_idx2.gpickle,25,0.55,2,10,113,280,"[8, 21, 16, 14, 12, 6, 4, 5, 11, 22, 18, 15, 7, 20, 3, 10, 24, 0, 23, 13, 1, 19, 2, 17, 9]",11.6835542
./random_graph_db/graph_db_node_25/07_p0.55/07_graph_n25_p0.55_idx3.gpickle,25,0.55,3,9,105,257,"[6, 16, 8, 24, 5, 9, 15, 4, 20, 3, 18, 13, 14, 23, 7, 12, 17, 2, 22, 19, 21, 10, 11, 1, 0]",11.2001889
./random_graph_db/graph_db_node_25/07_p0.55/07_graph_n25_p0.55_idx4.gpickle,25,0.55,4,9,82,214,"[20, 5, 11, 1, 8, 10, 2, 24, 18, 23, 22, 14, 0, 6, 17, 16, 4, 3, 7, 12, 15, 21, 19, 13, 9]",11.769001
./random_graph_db/graph_db_node_25/07_p0.55/07_graph_n25_p0.55_idx5.gpickle,25,0.55,5,9,108,273,"[11, 7, 19, 2, 13, 24, 1, 18, 17, 6, 23, 14, 16, 20, 5, 8, 9, 15, 10, 22, 3, 12, 21, 4, 0]",11.476099
./random_graph_db/graph_db_node_25/07_p0.55/07_graph_n25_p0.55_idx6.gpickle,25,0.55,6,9,89,237,"[19, 16, 18, 20, 7, 15, 12, 8, 10, 6, 9, 22, 4, 11, 21, 14, 5, 17, 24, 1, 13, 0, 23, 2, 3]",11.082989
./random_graph_db/graph_db_node_25/07_p0.55/07_graph_n25_p0.55_idx7.gpickle,25,0.55,7,9,103,271,"[20, 2, 15, 11, 7, 12, 10, 0, 1, 23, 19, 8, 22, 9, 5, 17, 13, 21, 14, 4, 6, 18, 3, 24, 16]",11.4873037
./random_graph_db/graph_db_node_25/07_p0.55/07_graph_n25_p0.55_idx8.gpickle,25,0.55,8,10,103,272,"[1, 12, 20, 14, 7, 21, 3, 4, 0, 24, 22, 10, 13, 19, 18, 9, 15, 17, 11, 23, 5, 2, 6, 8, 16]",11.302768
./random_graph_db/graph_db_node_25/07_p0.55/07_graph_n25_p0.55_idx9.gpickle,25,0.55,9,9,99,258,"[21, 20, 15, 1, 7, 14, 17, 19, 22, 3, 12, 2, 4, 24, 11, 16, 6, 5, 23, 13, 0, 10, 18, 8, 9]",11.447794
./random_graph_db/graph_db_node_25/08_p0.6/08_graph_n25_p0.6_idx1.gpickle,25,0.6,1,9,94,234,"[17, 21, 2, 22, 15, 18, 9, 10, 16, 13, 12, 8, 7, 14, 5, 11, 4, 19, 23, 20, 0, 3, 24, 1, 6]",11.5947468
./random_graph_db/graph_db_node_25/08_p0.6/08_graph_n25_p0.6_idx10.gpickle,25,0.6,10,9,102,259,"[0, 17, 21, 13, 3, 18, 14, 12, 19, 22, 16, 8, 20, 10, 15, 24, 11, 4, 23, 9, 1, 6, 5, 7, 2]",12.7606642
./random_graph_db/graph_db_node_25/08_p0.6/08_graph_n25_p0.6_idx2.gpickle,25,0.6,2,9,105,245,"[12, 24, 8, 22, 13, 3, 21, 9, 7, 16, 5, 19, 0, 10, 17, 11, 1, 4, 18, 15, 6, 23, 14, 2, 20]",12.8667421
./random_graph_db/graph_db_node_25/08_p0.6/08_graph_n25_p0.6_idx3.gpickle,25,0.6,3,10,109,267,"[10, 0, 12, 21, 2, 20, 16, 23, 4, 18, 15, 17, 5, 7, 1, 13, 19, 24, 11, 14, 6, 9, 8, 22, 3]",12.853642
./random_graph_db/graph_db_node_25/08_p0.6/08_graph_n25_p0.6_idx4.gpickle,25,0.6,4,9,107,271,"[5, 23, 9, 16, 20, 22, 4, 18, 7, 13, 12, 1, 14, 19, 11, 6, 2, 21, 10, 8, 3, 15, 0, 24, 17]",13.1014559
./random_graph_db/graph_db_node_25/08_p0.6/08_graph_n25_p0.6_idx5.gpickle,25,0.6,5,9,97,254,"[10, 23, 3, 17, 24, 11, 1, 16, 7, 14, 18, 20, 12, 4, 13, 5, 21, 0, 6, 2, 22, 9, 8, 19, 15]",11.8624749
./random_graph_db/graph_db_node_25/08_p0.6/08_graph_n25_p0.6_idx6.gpickle,25,0.6,6,10,98,251,"[10, 21, 24, 11, 17, 3, 0, 14, 22, 19, 8, 15, 5, 13, 16, 2, 23, 6, 4, 1, 18, 12, 20, 7, 9]",11.7048621
./random_graph_db/graph_db_node_25/08_p0.6/08_graph_n25_p0.6_idx7.gpickle,25,0.6,7,9,112,276,"[6, 19, 15, 13, 11, 7, 14, 17, 8, 2, 10, 24, 18, 5, 3, 4, 9, 23, 16, 12, 20, 1, 0, 22, 21]",11.8199067
./random_graph_db/graph_db_node_25/08_p0.6/08_graph_n25_p0.6_idx8.gpickle,25,0.6,8,9,94,254,"[0, 8, 7, 1, 11, 9, 19, 4, 22, 13, 18, 23, 17, 20, 24, 14, 21, 6, 10, 15, 5, 3, 16, 2, 12]",11.4092839
./random_graph_db/graph_db_node_25/08_p0.6/08_graph_n25_p0.6_idx9.gpickle,25,0.6,9,9,115,284,"[21, 6, 15, 9, 11, 2, 16, 22, 0, 5, 18, 10, 1, 20, 23, 7, 12, 4, 3, 13, 8, 19, 14, 17, 24]",11.7518649
./random_graph_db/graph_db_node_25/09_p0.65/09_graph_n25_p0.65_idx1.gpickle,25,0.65,1,9,97,252,"[1, 20, 9, 24, 3, 7, 13, 22, 15, 6, 11, 12, 17, 18, 10, 21, 19, 5, 16, 14, 23, 0, 4, 8, 2]",10.9442272
./random_graph_db/graph_db_node_25/09_p0.65/09_graph_n25_p0.65_idx10.gpickle,25,0.65,10,9,78,199,"[1, 22, 20, 17, 12, 10, 14, 13, 19, 23, 5, 21, 0, 24, 8, 11, 15, 4, 6, 16, 7, 3, 9, 2, 18]",11.2115438
./random_graph_db/graph_db_node_25/09_p0.65/09_graph_n25_p0.65_idx2.gpickle,25,0.65,2,10,114,282,"[8, 7, 6, 17, 23, 10, 1, 12, 19, 13, 4, 9, 18, 5, 22, 24, 21, 20, 0, 14, 15, 11, 2, 16, 3]",11.304373
./random_graph_db/graph_db_node_25/09_p0.65/09_graph_n25_p0.65_idx3.gpickle,25,0.65,3,9,101,259,"[18, 23, 3, 0, 8, 4, 5, 19, 16, 22, 10, 1, 21, 9, 7, 17, 11, 15, 2, 12, 6, 20, 14, 24, 13]",11.3800242
./random_graph_db/graph_db_node_25/09_p0.65/09_graph_n25_p0.65_idx4.gpickle,25,0.65,4,9,98,240,"[24, 10, 19, 11, 21, 12, 22, 17, 3, 8, 23, 16, 0, 7, 18, 4, 9, 5, 1, 13, 6, 14, 2, 15, 20]",11.565655
./random_graph_db/graph_db_node_25/09_p0.65/09_graph_n25_p0.65_idx5.gpickle,25,0.65,5,10,94,234,"[3, 13, 10, 21, 4, 12, 2, 5, 22, 15, 8, 19, 16, 20, 17, 7, 18, 24, 23, 6, 11, 14, 9, 0, 1]",11.1724851
./random_graph_db/graph_db_node_25/09_p0.65/09_graph_n25_p0.65_idx6.gpickle,25,0.65,6,9,113,281,"[13, 18, 16, 14, 20, 7, 0, 5, 23, 1, 9, 10, 24, 8, 3, 11, 21, 2, 17, 6, 15, 22, 4, 12, 19]",11.3278201
./random_graph_db/graph_db_node_25/09_p0.65/09_graph_n25_p0.65_idx7.gpickle,25,0.65,7,9,94,225,"[7, 15, 6, 3, 21, 9, 24, 16, 14, 18, 20, 10, 5, 19, 22, 0, 1, 8, 11, 17, 12, 23, 4, 2, 13]",10.9054799
./random_graph_db/graph_db_node_25/09_p0.65/09_graph_n25_p0.65_idx8.gpickle,25,0.65,8,9,106,253,"[18, 11, 20, 19, 3, 8, 23, 1, 14, 15, 17, 12, 6, 10, 5, 22, 4, 13, 16, 21, 0, 7, 24, 2, 9]",11.3635569
./random_graph_db/graph_db_node_25/09_p0.65/09_graph_n25_p0.65_idx9.gpickle,25,0.65,9,10,113,290,"[15, 3, 7, 10, 14, 8, 13, 20, 22, 0, 9, 23, 5, 2, 1, 17, 24, 11, 19, 6, 18, 16, 21, 4, 12]",11.3483059
./random_graph_db/graph_db_node_25/10_p0.7/10_graph_n25_p0.7_idx1.gpickle,25,0.7,1,9,80,211,"[22, 18, 5, 20, 16, 0, 1, 11, 8, 9, 12, 21, 4, 19, 14, 23, 2, 6, 3, 7, 10, 13, 17, 15, 24]",11.2645569
./random_graph_db/graph_db_node_25/10_p0.7/10_graph_n25_p0.7_idx10.gpickle,25,0.7,10,10,112,267,"[14, 12, 1, 22, 3, 17, 13, 4, 16, 2, 0, 8, 15, 23, 24, 19, 6, 5, 21, 7, 10, 9, 18, 20, 11]",11.5201559
./random_graph_db/graph_db_node_25/10_p0.7/10_graph_n25_p0.7_idx2.gpickle,25,0.7,2,9,96,243,"[8, 10, 14, 23, 4, 24, 19, 21, 7, 3, 17, 18, 9, 11, 0, 2, 16, 15, 12, 22, 1, 20, 6, 5, 13]",11.3831449
./random_graph_db/graph_db_node_25/10_p0.7/10_graph_n25_p0.7_idx3.gpickle,25,0.7,3,9,99,266,"[6, 3, 2, 9, 14, 1, 16, 5, 18, 21, 12, 19, 23, 0, 20, 8, 13, 22, 7, 10, 17, 15, 24, 4, 11]",11.1772938
./random_graph_db/graph_db_node_25/10_p0.7/10_graph_n25_p0.7_idx4.gpickle,25,0.7,4,9,98,254,"[11, 14, 13, 9, 0, 8, 21, 3, 10, 18, 23, 1, 6, 24, 19, 17, 15, 5, 12, 2, 22, 4, 16, 20, 7]",11.345639
./random_graph_db/graph_db_node_25/10_p0.7/10_graph_n25_p0.7_idx5.gpickle,25,0.7,5,9,101,264,"[0, 21, 4, 24, 15, 20, 19, 17, 2, 11, 14, 3, 12, 18, 7, 5, 1, 9, 13, 22, 16, 8, 10, 6, 23]",11.4903243
./random_graph_db/graph_db_node_25/10_p0.7/10_graph_n25_p0.7_idx6.gpickle,25,0.7,6,9,90,221,"[15, 22, 12, 11, 14, 10, 1, 20, 2, 7, 18, 8, 21, 9, 6, 3, 4, 24, 16, 17, 5, 23, 19, 13, 0]",11.077322
./random_graph_db/graph_db_node_25/10_p0.7/10_graph_n25_p0.7_idx7.gpickle,25,0.7,7,10,118,275,"[18, 13, 19, 16, 23, 6, 5, 8, 22, 14, 17, 24, 9, 20, 2, 15, 3, 7, 12, 21, 10, 11, 1, 4, 0]",11.2422919
./random_graph_db/graph_db_node_25/10_p0.7/10_graph_n25_p0.7_idx8.gpickle,25,0.7,8,9,97,237,"[4, 19, 12, 5, 15, 7, 1, 24, 0, 2, 6, 22, 9, 23, 20, 10, 21, 14, 16, 11, 13, 8, 17, 18, 3]",11.1951342
./random_graph_db/graph_db_node_25/10_p0.7/10_graph_n25_p0.7_idx9.gpickle,25,0.7,9,9,111,268,"[19, 13, 7, 8, 17, 23, 22, 15, 12, 3, 5, 1, 0, 6, 11, 20, 14, 2, 18, 10, 4, 21, 16, 9, 24]",11.2502787
./random_graph_db/graph_db_node_25/11_p0.8/11_graph_n25_p0.8_idx1.gpickle,25,0.8,1,7,67,165,"[7, 9, 21, 15, 2, 6, 8, 4, 3, 22, 17, 5, 18, 19, 20, 10, 11, 23, 12, 14, 0, 1, 16, 13, 24]",11.0914979
./random_graph_db/graph_db_node_25/11_p0.8/11_graph_n25_p0.8_idx10.gpickle,25,0.8,10,9,89,208,"[21, 12, 13, 0, 15, 20, 24, 16, 4, 8, 3, 9, 6, 2, 11, 10, 23, 5, 1, 19, 7, 22, 14, 18, 17]",10.8350348
./random_graph_db/graph_db_node_25/11_p0.8/11_graph_n25_p0.8_idx2.gpickle,25,0.8,2,7,51,149,"[21, 0, 19, 2, 18, 6, 9, 7, 17, 16, 24, 4, 15, 14, 22, 23, 5, 12, 13, 10, 11, 3, 20, 1, 8]",10.4786701
./random_graph_db/graph_db_node_25/11_p0.8/11_graph_n25_p0.8_idx3.gpickle,25,0.8,3,8,85,217,"[20, 21, 7, 6, 18, 5, 8, 9, 11, 13, 23, 22, 16, 3, 17, 1, 24, 4, 0, 15, 14, 10, 19, 12, 2]",10.693583
./random_graph_db/graph_db_node_25/11_p0.8/11_graph_n25_p0.8_idx4.gpickle,25,0.8,4,8,65,171,"[12, 4, 24, 19, 20, 17, 16, 1, 7, 23, 14, 11, 8, 3, 6, 15, 5, 21, 9, 10, 22, 18, 0, 2, 13]",10.4130292
./random_graph_db/graph_db_node_25/11_p0.8/11_graph_n25_p0.8_idx5.gpickle,25,0.8,5,8,86,222,"[23, 8, 12, 18, 17, 16, 11, 24, 14, 7, 10, 9, 3, 4, 13, 22, 20, 6, 21, 0, 1, 19, 2, 15, 5]",10.492974
./random_graph_db/graph_db_node_25/11_p0.8/11_graph_n25_p0.8_idx6.gpickle,25,0.8,6,7,44,111,"[21, 7, 20, 3, 18, 23, 10, 6, 11, 17, 9, 24, 1, 5, 4, 14, 12, 19, 13, 16, 8, 0, 15, 22, 2]",10.5237122
./random_graph_db/graph_db_node_25/11_p0.8/11_graph_n25_p0.8_idx7.gpickle,25,0.8,7,8,78,200,"[6, 20, 22, 4, 5, 8, 21, 13, 18, 12, 7, 19, 3, 9, 11, 10, 0, 1, 23, 16, 14, 2, 24, 17, 15]",10.4843421
./random_graph_db/graph_db_node_25/11_p0.8/11_graph_n25_p0.8_idx8.gpickle,25,0.8,8,7,69,180,"[24, 15, 13, 14, 21, 10, 7, 8, 11, 20, 18, 9, 23, 2, 22, 1, 19, 4, 16, 0, 3, 6, 17, 5, 12]",10.9151299
./random_graph_db/graph_db_node_25/11_p0.8/11_graph_n25_p0.8_idx9.gpickle,25,0.8,9,8,68,169,"[3, 2, 1, 7, 13, 0, 23, 11, 19, 9, 20, 16, 18, 8, 10, 22, 12, 5, 21, 4, 15, 24, 6, 17, 14]",10.4863317
./random_graph_db/graph_db_node_25/12_p0.9/12_graph_n25_p0.9_idx1.gpickle,25,0.9,1,4,22,82,"[2, 7, 11, 13, 8, 4, 20, 18, 9, 24, 6, 21, 15, 16, 10, 1, 17, 5, 12, 3, 14, 0, 19, 23, 22]",9.6289642
./random_graph_db/graph_db_node_25/12_p0.9/12_graph_n25_p0.9_idx10.gpickle,25,0.9,10,5,28,74,"[2, 17, 5, 20, 3, 7, 16, 8, 19, 1, 13, 10, 12, 23, 6, 11, 22, 21, 0, 14, 15, 4, 18, 24, 9]",9.55492
./random_graph_db/graph_db_node_25/12_p0.9/12_graph_n25_p0.9_idx2.gpickle,25,0.9,2,4,21,85,"[9, 5, 4, 17, 18, 14, 13, 7, 11, 8, 20, 19, 1, 0, 15, 10, 3, 6, 21, 12, 16, 22, 23, 2, 24]",9.362262
./random_graph_db/graph_db_node_25/12_p0.9/12_graph_n25_p0.9_idx3.gpickle,25,0.9,3,7,53,120,"[10, 8, 20, 6, 12, 0, 22, 24, 17, 7, 21, 13, 14, 16, 4, 1, 15, 9, 23, 3, 11, 2, 18, 5, 19]",10.0020728
./random_graph_db/graph_db_node_25/12_p0.9/12_graph_n25_p0.9_idx4.gpickle,25,0.9,4,5,32,120,"[12, 14, 17, 5, 9, 19, 0, 21, 18, 4, 20, 11, 23, 3, 6, 2, 13, 22, 10, 16, 15, 7, 8, 1, 24]",9.8901629
./random_graph_db/graph_db_node_25/12_p0.9/12_graph_n25_p0.9_idx5.gpickle,25,0.9,5,5,24,71,"[20, 22, 11, 2, 16, 13, 3, 0, 5, 19, 9, 21, 15, 1, 18, 17, 8, 24, 6, 12, 7, 23, 14, 4, 10]",9.2088871
./random_graph_db/graph_db_node_25/12_p0.9/12_graph_n25_p0.9_idx6.gpickle,25,0.9,6,4,20,101,"[22, 1, 11, 19, 21, 3, 10, 12, 2, 7, 17, 9, 8, 16, 23, 14, 5, 24, 20, 18, 0, 4, 6, 13, 15]",21.0160482
./random_graph_db/graph_db_node_25/12_p0.9/12_graph_n25_p0.9_idx7.gpickle,25,0.9,7,4,29,83,"[15, 23, 18, 13, 24, 5, 0, 14, 16, 8, 12, 4, 22, 17, 20, 19, 11, 7, 1, 2, 10, 3, 6, 21, 9]",9.9425402
./random_graph_db/graph_db_node_25/12_p0.9/12_graph_n25_p0.9_idx8.gpickle,25,0.9,8,5,30,77,"[13, 6, 21, 7, 24, 12, 3, 20, 2, 8, 9, 15, 17, 0, 16, 22, 18, 10, 1, 23, 11, 5, 14, 19, 4]",9.6197312
./random_graph_db/graph_db_node_25/12_p0.9/12_graph_n25_p0.9_idx9.gpickle,25,0.9,9,5,36,116,"[3, 13, 16, 7, 12, 20, 11, 2, 19, 10, 21, 15, 5, 22, 9, 23, 0, 17, 1, 24, 6, 4, 8, 18, 14]",9.989563
./random_graph_db/graph_db_node_26/01_p0.1/01_graph_n26_p0.1_idx1.gpickle,26,0.1,1,4,15,65,"[21, 12, 6, 0, 23, 10, 25, 15, 20, 11, 2, 4, 16, 24, 7, 19, 14, 22, 18, 9, 17, 13, 3, 8, 5, 1]",9.4150498
./random_graph_db/graph_db_node_26/01_p0.1/01_graph_n26_p0.1_idx10.gpickle,26,0.1,10,4,9,41,"[23, 17, 24, 21, 14, 18, 22, 15, 10, 7, 13, 0, 1, 4, 12, 9, 2, 25, 5, 3, 16, 8, 19, 20, 11, 6]",9.2858028
./random_graph_db/graph_db_node_26/01_p0.1/01_graph_n26_p0.1_idx2.gpickle,26,0.1,2,4,12,66,"[13, 19, 23, 14, 11, 22, 24, 9, 5, 8, 25, 6, 15, 18, 2, 0, 12, 7, 1, 20, 21, 10, 16, 4, 17, 3]",20.1890249
./random_graph_db/graph_db_node_26/01_p0.1/01_graph_n26_p0.1_idx3.gpickle,26,0.1,3,4,13,56,"[15, 16, 10, 20, 7, 17, 12, 13, 1, 18, 19, 21, 0, 8, 9, 14, 11, 4, 5, 24, 25, 23, 3, 2, 6, 22]",9.3433311
./random_graph_db/graph_db_node_26/01_p0.1/01_graph_n26_p0.1_idx4.gpickle,26,0.1,4,5,18,70,"[23, 21, 18, 8, 24, 15, 2, 1, 13, 11, 14, 10, 16, 6, 20, 3, 5, 12, 19, 17, 7, 22, 4, 9, 0, 25]",9.509501
./random_graph_db/graph_db_node_26/01_p0.1/01_graph_n26_p0.1_idx5.gpickle,26,0.1,5,5,13,57,"[16, 2, 15, 19, 21, 10, 22, 25, 23, 6, 9, 7, 12, 24, 13, 20, 0, 18, 3, 5, 11, 1, 8, 17, 14, 4]",9.8157601
./random_graph_db/graph_db_node_26/01_p0.1/01_graph_n26_p0.1_idx6.gpickle,26,0.1,6,5,29,89,"[2, 11, 16, 22, 14, 24, 12, 25, 15, 17, 8, 9, 20, 10, 0, 23, 5, 3, 18, 6, 21, 7, 4, 13, 19, 1]",10.0370979
./random_graph_db/graph_db_node_26/01_p0.1/01_graph_n26_p0.1_idx7.gpickle,26,0.1,7,5,12,47,"[14, 8, 3, 19, 1, 5, 16, 21, 23, 24, 2, 13, 0, 20, 17, 12, 10, 11, 25, 15, 7, 18, 9, 22, 4, 6]",9.440352
./random_graph_db/graph_db_node_26/01_p0.1/01_graph_n26_p0.1_idx8.gpickle,26,0.1,8,5,16,57,"[19, 5, 22, 20, 17, 8, 16, 24, 10, 21, 1, 25, 2, 12, 3, 7, 15, 11, 23, 18, 14, 13, 6, 4, 0, 9]",10.0280001
./random_graph_db/graph_db_node_26/01_p0.1/01_graph_n26_p0.1_idx9.gpickle,26,0.1,9,6,29,75,"[11, 13, 20, 6, 7, 8, 23, 21, 22, 15, 16, 24, 25, 19, 1, 2, 3, 5, 18, 10, 14, 12, 17, 0, 9, 4]",9.8650739
./random_graph_db/graph_db_node_26/02_p0.2/02_graph_n26_p0.2_idx1.gpickle,26,0.2,1,8,50,125,"[21, 20, 18, 9, 15, 16, 11, 8, 5, 24, 1, 2, 25, 19, 4, 6, 7, 17, 22, 14, 0, 13, 23, 12, 10, 3]",10.5827868
./random_graph_db/graph_db_node_26/02_p0.2/02_graph_n26_p0.2_idx10.gpickle,26,0.2,10,8,65,168,"[25, 9, 13, 16, 15, 14, 12, 24, 1, 21, 4, 8, 3, 7, 20, 11, 18, 19, 0, 6, 2, 17, 5, 22, 23, 10]",11.2588873
./random_graph_db/graph_db_node_26/02_p0.2/02_graph_n26_p0.2_idx2.gpickle,26,0.2,2,8,59,160,"[15, 24, 16, 21, 17, 4, 3, 14, 1, 11, 13, 20, 2, 23, 6, 25, 7, 10, 19, 18, 5, 0, 12, 9, 22, 8]",11.0369952
./random_graph_db/graph_db_node_26/02_p0.2/02_graph_n26_p0.2_idx3.gpickle,26,0.2,3,8,73,184,"[18, 6, 15, 1, 0, 16, 25, 3, 13, 23, 24, 22, 21, 10, 9, 14, 5, 7, 8, 12, 11, 4, 17, 20, 2, 19]",10.895087
./random_graph_db/graph_db_node_26/02_p0.2/02_graph_n26_p0.2_idx4.gpickle,26,0.2,4,7,48,123,"[5, 15, 0, 1, 18, 16, 4, 8, 20, 12, 11, 17, 24, 6, 14, 25, 22, 7, 19, 21, 10, 9, 13, 3, 23, 2]",10.8688319
./random_graph_db/graph_db_node_26/02_p0.2/02_graph_n26_p0.2_idx5.gpickle,26,0.2,5,7,38,105,"[15, 24, 2, 25, 4, 14, 16, 19, 21, 13, 20, 23, 18, 12, 1, 5, 22, 8, 9, 17, 11, 6, 7, 3, 0, 10]",10.4561522
./random_graph_db/graph_db_node_26/02_p0.2/02_graph_n26_p0.2_idx6.gpickle,26,0.2,6,8,63,174,"[14, 19, 9, 5, 22, 3, 20, 13, 16, 21, 24, 23, 4, 1, 17, 0, 18, 25, 2, 15, 12, 11, 6, 8, 7, 10]",11.0602119
./random_graph_db/graph_db_node_26/02_p0.2/02_graph_n26_p0.2_idx7.gpickle,26,0.2,7,7,64,147,"[2, 6, 12, 18, 5, 17, 3, 4, 9, 11, 16, 10, 24, 21, 15, 7, 25, 13, 0, 14, 20, 23, 22, 8, 1, 19]",11.109345
./random_graph_db/graph_db_node_26/02_p0.2/02_graph_n26_p0.2_idx8.gpickle,26,0.2,8,6,38,109,"[18, 1, 9, 22, 0, 20, 10, 3, 17, 12, 5, 15, 14, 11, 6, 21, 13, 25, 7, 8, 2, 23, 16, 4, 19, 24]",10.4951398
./random_graph_db/graph_db_node_26/02_p0.2/02_graph_n26_p0.2_idx9.gpickle,26,0.2,9,8,60,149,"[2, 24, 7, 17, 14, 18, 8, 9, 16, 21, 15, 22, 4, 12, 6, 11, 1, 0, 3, 13, 5, 20, 23, 19, 10, 25]",11.125921
./random_graph_db/graph_db_node_26/03_p0.3/03_graph_n26_p0.3_idx1.gpickle,26,0.3,1,9,99,239,"[23, 25, 0, 11, 22, 24, 20, 3, 8, 21, 14, 15, 10, 16, 2, 1, 4, 7, 12, 6, 13, 19, 9, 5, 18, 17]",11.8475711
./random_graph_db/graph_db_node_26/03_p0.3/03_graph_n26_p0.3_idx10.gpickle,26,0.3,10,9,98,242,"[22, 6, 8, 1, 20, 23, 9, 12, 17, 18, 14, 25, 7, 5, 11, 13, 15, 4, 0, 19, 10, 21, 2, 24, 16, 3]",11.9644949
./random_graph_db/graph_db_node_26/03_p0.3/03_graph_n26_p0.3_idx2.gpickle,26,0.3,2,9,93,233,"[13, 18, 21, 16, 6, 8, 1, 19, 12, 5, 3, 22, 2, 24, 20, 14, 7, 10, 25, 4, 23, 15, 11, 17, 9, 0]",11.654196
./random_graph_db/graph_db_node_26/03_p0.3/03_graph_n26_p0.3_idx3.gpickle,26,0.3,3,9,105,256,"[18, 22, 15, 8, 3, 7, 24, 20, 2, 1, 17, 19, 10, 14, 6, 13, 23, 0, 25, 11, 5, 21, 12, 4, 16, 9]",11.9541399
./random_graph_db/graph_db_node_26/03_p0.3/03_graph_n26_p0.3_idx4.gpickle,26,0.3,4,9,88,221,"[22, 20, 14, 11, 12, 18, 19, 10, 13, 9, 6, 15, 7, 23, 3, 17, 5, 24, 8, 2, 25, 0, 4, 16, 21, 1]",11.682646
./random_graph_db/graph_db_node_26/03_p0.3/03_graph_n26_p0.3_idx5.gpickle,26,0.3,5,9,91,240,"[14, 1, 11, 6, 15, 21, 0, 10, 20, 5, 3, 24, 23, 25, 17, 13, 16, 22, 9, 8, 18, 12, 2, 7, 19, 4]",11.5627611
./random_graph_db/graph_db_node_26/03_p0.3/03_graph_n26_p0.3_idx6.gpickle,26,0.3,6,9,106,280,"[21, 8, 17, 0, 18, 19, 5, 20, 16, 4, 9, 15, 24, 14, 10, 2, 11, 13, 25, 7, 22, 12, 3, 6, 23, 1]",12.0954208
./random_graph_db/graph_db_node_26/03_p0.3/03_graph_n26_p0.3_idx7.gpickle,26,0.3,7,10,105,245,"[1, 17, 16, 9, 4, 10, 19, 15, 24, 14, 21, 13, 5, 22, 8, 20, 6, 0, 7, 3, 23, 11, 12, 25, 2, 18]",11.8453481
./random_graph_db/graph_db_node_26/03_p0.3/03_graph_n26_p0.3_idx8.gpickle,26,0.3,8,9,86,219,"[14, 11, 2, 6, 8, 9, 19, 4, 24, 18, 15, 3, 10, 21, 5, 22, 16, 13, 1, 12, 7, 20, 25, 0, 23, 17]",11.642941
./random_graph_db/graph_db_node_26/03_p0.3/03_graph_n26_p0.3_idx9.gpickle,26,0.3,9,10,105,253,"[1, 22, 20, 4, 17, 11, 16, 9, 10, 15, 14, 8, 24, 7, 6, 5, 2, 19, 3, 13, 18, 12, 25, 0, 21, 23]",12.1175439
./random_graph_db/graph_db_node_26/04_p0.4/04_graph_n26_p0.4_idx1.gpickle,26,0.4,1,10,112,260,"[6, 19, 22, 15, 23, 8, 10, 25, 12, 14, 1, 9, 16, 0, 18, 11, 2, 20, 17, 4, 13, 24, 21, 3, 7, 5]",12.0938549
./random_graph_db/graph_db_node_26/04_p0.4/04_graph_n26_p0.4_idx10.gpickle,26,0.4,10,9,102,258,"[6, 19, 8, 17, 2, 14, 10, 18, 11, 25, 4, 0, 21, 12, 22, 1, 13, 3, 7, 23, 9, 16, 15, 5, 20, 24]",12.0505552
./random_graph_db/graph_db_node_26/04_p0.4/04_graph_n26_p0.4_idx2.gpickle,26,0.4,2,10,113,271,"[18, 17, 5, 2, 22, 14, 13, 11, 8, 24, 0, 16, 3, 9, 6, 15, 1, 10, 21, 23, 19, 7, 20, 12, 25, 4]",11.9478641
./random_graph_db/graph_db_node_26/04_p0.4/04_graph_n26_p0.4_idx3.gpickle,26,0.4,3,10,110,252,"[2, 12, 10, 3, 17, 4, 20, 5, 16, 22, 8, 11, 21, 0, 25, 9, 19, 24, 15, 18, 13, 23, 7, 14, 6, 1]",11.9146359
./random_graph_db/graph_db_node_26/04_p0.4/04_graph_n26_p0.4_idx4.gpickle,26,0.4,4,9,108,283,"[9, 17, 20, 11, 0, 3, 1, 19, 2, 6, 24, 4, 21, 13, 15, 8, 25, 16, 12, 22, 23, 7, 18, 14, 5, 10]",12.1712792
./random_graph_db/graph_db_node_26/04_p0.4/04_graph_n26_p0.4_idx5.gpickle,26,0.4,5,10,115,277,"[14, 12, 21, 11, 8, 3, 19, 9, 24, 16, 10, 5, 18, 13, 7, 1, 15, 20, 22, 4, 25, 23, 0, 2, 17, 6]",12.0361221
./random_graph_db/graph_db_node_26/04_p0.4/04_graph_n26_p0.4_idx6.gpickle,26,0.4,6,9,107,274,"[10, 18, 20, 4, 25, 6, 21, 15, 17, 2, 14, 8, 12, 16, 0, 9, 24, 22, 5, 13, 23, 7, 3, 11, 19, 1]",11.9436648
./random_graph_db/graph_db_node_26/04_p0.4/04_graph_n26_p0.4_idx7.gpickle,26,0.4,7,10,123,302,"[14, 21, 18, 19, 3, 20, 7, 22, 10, 13, 4, 15, 17, 16, 2, 6, 12, 8, 24, 9, 23, 11, 5, 25, 1, 0]",12.192534
./random_graph_db/graph_db_node_26/04_p0.4/04_graph_n26_p0.4_idx8.gpickle,26,0.4,8,10,117,304,"[9, 21, 10, 6, 15, 24, 7, 8, 3, 25, 1, 4, 18, 16, 17, 0, 20, 13, 22, 2, 14, 23, 5, 11, 12, 19]",12.385339
./random_graph_db/graph_db_node_26/04_p0.4/04_graph_n26_p0.4_idx9.gpickle,26,0.4,9,9,120,295,"[6, 1, 13, 3, 9, 23, 17, 11, 5, 19, 12, 21, 8, 24, 14, 2, 15, 20, 22, 7, 18, 4, 16, 25, 0, 10]",12.263577
./random_graph_db/graph_db_node_26/05_p0.45/05_graph_n26_p0.45_idx1.gpickle,26,0.45,1,10,134,346,"[9, 17, 7, 5, 21, 4, 8, 18, 19, 22, 25, 3, 12, 20, 23, 11, 13, 14, 16, 24, 2, 10, 0, 6, 15, 1]",12.2265799
./random_graph_db/graph_db_node_26/05_p0.45/05_graph_n26_p0.45_idx10.gpickle,26,0.45,10,10,110,270,"[11, 20, 22, 19, 8, 21, 16, 1, 14, 24, 2, 17, 25, 4, 3, 18, 13, 15, 10, 9, 23, 6, 7, 5, 0, 12]",12.1655152
./random_graph_db/graph_db_node_26/05_p0.45/05_graph_n26_p0.45_idx2.gpickle,26,0.45,2,10,108,257,"[20, 19, 0, 24, 21, 10, 6, 11, 1, 15, 17, 16, 13, 12, 9, 8, 3, 18, 4, 14, 25, 22, 23, 5, 7, 2]",12.155591
./random_graph_db/graph_db_node_26/05_p0.45/05_graph_n26_p0.45_idx3.gpickle,26,0.45,3,10,113,267,"[14, 7, 19, 20, 23, 4, 22, 9, 6, 24, 1, 5, 17, 0, 25, 21, 2, 3, 13, 10, 8, 15, 18, 12, 16, 11]",11.8915527
./random_graph_db/graph_db_node_26/05_p0.45/05_graph_n26_p0.45_idx4.gpickle,26,0.45,4,10,125,317,"[0, 12, 5, 11, 2, 14, 17, 19, 1, 4, 10, 3, 21, 15, 6, 13, 25, 9, 7, 8, 16, 23, 22, 20, 24, 18]",12.6453671
./random_graph_db/graph_db_node_26/05_p0.45/05_graph_n26_p0.45_idx5.gpickle,26,0.45,5,10,124,301,"[14, 10, 4, 20, 1, 13, 3, 8, 24, 6, 21, 23, 12, 17, 7, 5, 0, 15, 16, 18, 22, 19, 11, 25, 2, 9]",12.2481019
./random_graph_db/graph_db_node_26/05_p0.45/05_graph_n26_p0.45_idx6.gpickle,26,0.45,6,10,117,278,"[7, 3, 6, 1, 0, 14, 19, 8, 9, 15, 24, 25, 10, 2, 17, 23, 20, 16, 21, 22, 12, 11, 13, 4, 18, 5]",12.593857
./random_graph_db/graph_db_node_26/05_p0.45/05_graph_n26_p0.45_idx7.gpickle,26,0.45,7,9,118,295,"[12, 5, 13, 0, 21, 10, 17, 16, 14, 23, 24, 3, 20, 18, 7, 1, 25, 9, 15, 22, 2, 4, 8, 19, 11, 6]",12.1946371
./random_graph_db/graph_db_node_26/05_p0.45/05_graph_n26_p0.45_idx8.gpickle,26,0.45,8,10,105,277,"[22, 3, 21, 18, 14, 19, 4, 0, 7, 5, 23, 13, 2, 1, 6, 9, 16, 20, 24, 17, 8, 10, 15, 11, 12, 25]",12.1491442
./random_graph_db/graph_db_node_26/05_p0.45/05_graph_n26_p0.45_idx9.gpickle,26,0.45,9,10,133,318,"[3, 2, 18, 8, 0, 12, 22, 6, 9, 1, 25, 14, 16, 20, 13, 23, 24, 10, 7, 5, 21, 19, 4, 17, 15, 11]",12.4285011
./random_graph_db/graph_db_node_26/06_p0.5/06_graph_n26_p0.5_idx1.gpickle,26,0.5,1,10,112,272,"[6, 0, 25, 8, 21, 14, 22, 4, 24, 15, 18, 17, 20, 13, 16, 23, 11, 5, 3, 7, 19, 1, 2, 12, 9, 10]",11.915777
./random_graph_db/graph_db_node_26/06_p0.5/06_graph_n26_p0.5_idx10.gpickle,26,0.5,10,8,79,201,"[2, 12, 13, 5, 15, 6, 20, 21, 7, 1, 19, 4, 23, 8, 14, 16, 25, 3, 9, 22, 17, 24, 0, 18, 11, 10]",12.7394879
./random_graph_db/graph_db_node_26/06_p0.5/06_graph_n26_p0.5_idx2.gpickle,26,0.5,2,10,117,296,"[6, 7, 17, 5, 20, 22, 2, 1, 13, 19, 25, 23, 11, 10, 24, 8, 9, 3, 18, 14, 15, 0, 21, 16, 4, 12]",12.585429
./random_graph_db/graph_db_node_26/06_p0.5/06_graph_n26_p0.5_idx3.gpickle,26,0.5,3,10,122,281,"[12, 10, 14, 3, 13, 18, 6, 4, 17, 15, 22, 0, 25, 24, 11, 19, 9, 23, 1, 16, 20, 8, 7, 21, 5, 2]",12.788245
./random_graph_db/graph_db_node_26/06_p0.5/06_graph_n26_p0.5_idx4.gpickle,26,0.5,4,9,109,273,"[7, 8, 11, 13, 9, 3, 10, 15, 17, 19, 6, 12, 21, 1, 25, 16, 5, 22, 14, 24, 0, 2, 4, 23, 18, 20]",12.6427641
./random_graph_db/graph_db_node_26/06_p0.5/06_graph_n26_p0.5_idx5.gpickle,26,0.5,5,10,100,245,"[1, 21, 16, 20, 3, 0, 19, 9, 15, 25, 17, 13, 18, 22, 24, 2, 5, 4, 11, 23, 7, 14, 6, 12, 10, 8]",12.096596
./random_graph_db/graph_db_node_26/06_p0.5/06_graph_n26_p0.5_idx6.gpickle,26,0.5,6,10,112,278,"[12, 23, 5, 17, 9, 22, 2, 10, 13, 4, 6, 3, 0, 14, 7, 20, 1, 16, 24, 19, 25, 11, 15, 18, 21, 8]",12.6941409
./random_graph_db/graph_db_node_26/06_p0.5/06_graph_n26_p0.5_idx7.gpickle,26,0.5,7,10,106,243,"[24, 14, 18, 12, 2, 25, 22, 4, 19, 15, 11, 20, 10, 16, 8, 5, 7, 9, 6, 23, 13, 21, 0, 17, 1, 3]",12.5720758
./random_graph_db/graph_db_node_26/06_p0.5/06_graph_n26_p0.5_idx8.gpickle,26,0.5,8,10,121,300,"[24, 13, 21, 8, 5, 19, 2, 9, 7, 4, 11, 18, 14, 10, 1, 22, 16, 20, 3, 17, 23, 15, 6, 12, 25, 0]",12.5208941
./random_graph_db/graph_db_node_26/06_p0.5/06_graph_n26_p0.5_idx9.gpickle,26,0.5,9,10,117,276,"[24, 14, 3, 16, 20, 1, 23, 0, 5, 10, 8, 15, 9, 6, 18, 17, 13, 2, 19, 22, 21, 11, 12, 4, 7, 25]",12.5723588
./random_graph_db/graph_db_node_26/07_p0.55/07_graph_n26_p0.55_idx1.gpickle,26,0.55,1,9,114,268,"[1, 3, 15, 8, 4, 6, 23, 25, 7, 13, 17, 14, 18, 24, 16, 5, 19, 10, 9, 12, 20, 21, 11, 2, 0, 22]",11.9999108
./random_graph_db/graph_db_node_26/07_p0.55/07_graph_n26_p0.55_idx10.gpickle,26,0.55,10,10,110,288,"[10, 8, 22, 19, 7, 3, 2, 24, 9, 11, 13, 17, 1, 0, 5, 25, 23, 20, 21, 15, 4, 16, 14, 18, 6, 12]",12.6246409
./random_graph_db/graph_db_node_26/07_p0.55/07_graph_n26_p0.55_idx2.gpickle,26,0.55,2,10,126,308,"[12, 19, 22, 25, 1, 9, 0, 13, 8, 10, 15, 21, 18, 11, 5, 4, 16, 24, 7, 14, 6, 3, 2, 17, 20, 23]",12.245954
./random_graph_db/graph_db_node_26/07_p0.55/07_graph_n26_p0.55_idx3.gpickle,26,0.55,3,9,99,257,"[18, 23, 3, 21, 0, 19, 6, 11, 20, 1, 2, 14, 16, 22, 9, 7, 25, 15, 12, 8, 17, 10, 24, 13, 5, 4]",11.9909019
./random_graph_db/graph_db_node_26/07_p0.55/07_graph_n26_p0.55_idx4.gpickle,26,0.55,4,9,98,241,"[21, 14, 2, 25, 13, 4, 0, 5, 17, 23, 24, 15, 7, 6, 18, 22, 9, 8, 3, 12, 10, 20, 16, 1, 19, 11]",12.0844779
./random_graph_db/graph_db_node_26/07_p0.55/07_graph_n26_p0.55_idx5.gpickle,26,0.55,5,10,120,309,"[24, 12, 5, 16, 22, 10, 25, 1, 3, 21, 23, 4, 9, 19, 13, 15, 8, 18, 0, 11, 6, 14, 20, 2, 17, 7]",12.0412591
./random_graph_db/graph_db_node_26/07_p0.55/07_graph_n26_p0.55_idx6.gpickle,26,0.55,6,10,120,280,"[0, 4, 22, 13, 9, 20, 16, 8, 12, 7, 25, 5, 23, 15, 21, 19, 14, 11, 24, 6, 2, 17, 18, 10, 1, 3]",12.4368241
./random_graph_db/graph_db_node_26/07_p0.55/07_graph_n26_p0.55_idx7.gpickle,26,0.55,7,10,123,303,"[13, 25, 4, 23, 24, 1, 11, 14, 22, 7, 2, 19, 20, 9, 5, 3, 15, 8, 12, 16, 21, 17, 6, 18, 0, 10]",12.4895818
./random_graph_db/graph_db_node_26/07_p0.55/07_graph_n26_p0.55_idx8.gpickle,26,0.55,8,10,116,293,"[5, 13, 23, 1, 20, 14, 19, 15, 3, 8, 10, 7, 17, 9, 22, 2, 11, 21, 25, 12, 6, 0, 16, 24, 18, 4]",12.2572379
./random_graph_db/graph_db_node_26/07_p0.55/07_graph_n26_p0.55_idx9.gpickle,26,0.55,9,10,124,280,"[25, 4, 0, 7, 11, 14, 5, 8, 3, 9, 1, 24, 20, 21, 22, 17, 16, 6, 15, 12, 23, 2, 19, 13, 18, 10]",12.6235943
./random_graph_db/graph_db_node_26/08_p0.6/08_graph_n26_p0.6_idx1.gpickle,26,0.6,1,10,114,282,"[3, 0, 6, 16, 5, 19, 15, 8, 23, 13, 4, 25, 2, 12, 18, 10, 22, 24, 14, 11, 7, 1, 9, 17, 20, 21]",12.07007
./random_graph_db/graph_db_node_26/08_p0.6/08_graph_n26_p0.6_idx10.gpickle,26,0.6,10,10,116,289,"[3, 1, 12, 15, 7, 6, 17, 5, 0, 21, 24, 16, 8, 23, 14, 11, 9, 13, 19, 18, 4, 22, 2, 20, 10, 25]",11.9669919
./random_graph_db/graph_db_node_26/08_p0.6/08_graph_n26_p0.6_idx2.gpickle,26,0.6,2,10,132,326,"[2, 13, 5, 16, 10, 8, 11, 25, 18, 7, 6, 19, 22, 23, 3, 21, 17, 0, 15, 1, 24, 20, 12, 9, 14, 4]",12.4988899
./random_graph_db/graph_db_node_26/08_p0.6/08_graph_n26_p0.6_idx3.gpickle,26,0.6,3,10,120,279,"[14, 2, 24, 0, 1, 16, 18, 5, 25, 23, 6, 4, 22, 13, 19, 11, 15, 12, 3, 17, 20, 7, 9, 10, 8, 21]",12.275147
./random_graph_db/graph_db_node_26/08_p0.6/08_graph_n26_p0.6_idx4.gpickle,26,0.6,4,10,108,272,"[24, 22, 7, 25, 23, 16, 10, 3, 2, 14, 17, 9, 12, 19, 1, 4, 21, 18, 6, 0, 15, 13, 5, 8, 20, 11]",12.0077109
./random_graph_db/graph_db_node_26/08_p0.6/08_graph_n26_p0.6_idx5.gpickle,26,0.6,5,10,102,258,"[0, 18, 6, 19, 3, 10, 8, 25, 2, 23, 16, 4, 1, 20, 21, 13, 11, 7, 22, 14, 15, 5, 12, 9, 17, 24]",11.8620288
./random_graph_db/graph_db_node_26/08_p0.6/08_graph_n26_p0.6_idx6.gpickle,26,0.6,6,10,104,249,"[13, 25, 9, 4, 20, 16, 5, 10, 6, 7, 19, 8, 0, 22, 21, 3, 23, 24, 18, 12, 15, 1, 14, 17, 2, 11]",12.4715807
./random_graph_db/graph_db_node_26/08_p0.6/08_graph_n26_p0.6_idx7.gpickle,26,0.6,7,10,100,266,"[18, 2, 15, 23, 8, 1, 24, 21, 16, 4, 13, 25, 20, 3, 6, 14, 0, 12, 5, 19, 7, 11, 22, 17, 10, 9]",11.8892069
./random_graph_db/graph_db_node_26/08_p0.6/08_graph_n26_p0.6_idx8.gpickle,26,0.6,8,10,122,292,"[15, 12, 1, 21, 22, 4, 19, 18, 3, 8, 9, 13, 7, 20, 11, 2, 5, 0, 25, 23, 14, 10, 6, 16, 17, 24]",12.4098229
./random_graph_db/graph_db_node_26/08_p0.6/08_graph_n26_p0.6_idx9.gpickle,26,0.6,9,10,124,288,"[7, 0, 14, 6, 11, 23, 19, 5, 20, 10, 1, 2, 21, 3, 18, 25, 8, 4, 17, 9, 15, 13, 24, 16, 12, 22]",12.230078
./random_graph_db/graph_db_node_26/09_p0.65/09_graph_n26_p0.65_idx1.gpickle,26,0.65,1,9,102,228,"[10, 25, 4, 11, 18, 0, 1, 9, 3, 19, 7, 14, 2, 21, 16, 22, 13, 6, 8, 15, 24, 12, 20, 23, 17, 5]",11.9153879
./random_graph_db/graph_db_node_26/09_p0.65/09_graph_n26_p0.65_idx10.gpickle,26,0.65,10,10,108,266,"[14, 15, 21, 5, 0, 20, 11, 17, 24, 8, 19, 2, 6, 16, 3, 4, 13, 18, 10, 7, 23, 22, 1, 25, 9, 12]",11.743417
./random_graph_db/graph_db_node_26/09_p0.65/09_graph_n26_p0.65_idx2.gpickle,26,0.65,2,10,116,293,"[8, 23, 13, 9, 18, 16, 24, 19, 21, 10, 11, 6, 14, 0, 20, 5, 15, 12, 22, 17, 7, 25, 4, 2, 1, 3]",12.1148999
./random_graph_db/graph_db_node_26/09_p0.65/09_graph_n26_p0.65_idx3.gpickle,26,0.65,3,10,118,277,"[22, 7, 11, 24, 20, 23, 17, 15, 1, 3, 2, 5, 25, 18, 21, 16, 19, 13, 0, 4, 14, 6, 10, 8, 9, 12]",12.1464531
./random_graph_db/graph_db_node_26/09_p0.65/09_graph_n26_p0.65_idx4.gpickle,26,0.65,4,10,110,277,"[0, 7, 16, 9, 21, 8, 13, 20, 24, 10, 22, 3, 4, 25, 23, 14, 17, 15, 11, 2, 18, 5, 1, 19, 6, 12]",12.1310678
./random_graph_db/graph_db_node_26/09_p0.65/09_graph_n26_p0.65_idx5.gpickle,26,0.65,5,10,117,275,"[5, 20, 23, 12, 8, 21, 10, 25, 13, 7, 1, 9, 17, 3, 18, 15, 16, 14, 22, 2, 6, 4, 11, 24, 19, 0]",12.3325698
./random_graph_db/graph_db_node_26/09_p0.65/09_graph_n26_p0.65_idx6.gpickle,26,0.65,6,10,110,258,"[5, 18, 6, 21, 10, 13, 11, 4, 17, 0, 3, 22, 2, 19, 15, 1, 16, 23, 9, 8, 14, 12, 25, 7, 24, 20]",12.0946927
./random_graph_db/graph_db_node_26/09_p0.65/09_graph_n26_p0.65_idx7.gpickle,26,0.65,7,10,113,281,"[9, 15, 5, 4, 25, 10, 21, 6, 14, 13, 18, 3, 17, 7, 19, 20, 24, 2, 8, 16, 1, 23, 22, 0, 11, 12]",11.907378
./random_graph_db/graph_db_node_26/09_p0.65/09_graph_n26_p0.65_idx8.gpickle,26,0.65,8,10,108,265,"[16, 10, 2, 13, 24, 3, 7, 8, 11, 23, 9, 21, 22, 18, 15, 14, 19, 1, 12, 25, 20, 0, 4, 5, 6, 17]",12.2248929
./random_graph_db/graph_db_node_26/09_p0.65/09_graph_n26_p0.65_idx9.gpickle,26,0.65,9,10,107,249,"[2, 5, 7, 12, 3, 0, 16, 1, 25, 15, 6, 18, 8, 4, 23, 13, 10, 11, 17, 9, 21, 14, 24, 19, 22, 20]",11.8451951
./random_graph_db/graph_db_node_26/10_p0.7/10_graph_n26_p0.7_idx1.gpickle,26,0.7,1,9,102,270,"[23, 8, 6, 4, 21, 5, 19, 2, 14, 1, 0, 20, 18, 11, 3, 7, 9, 17, 16, 12, 10, 15, 13, 22, 25, 24]",11.850234
./random_graph_db/graph_db_node_26/10_p0.7/10_graph_n26_p0.7_idx10.gpickle,26,0.7,10,10,101,242,"[10, 15, 22, 0, 6, 23, 11, 12, 19, 8, 3, 13, 21, 14, 2, 25, 16, 20, 7, 17, 5, 9, 24, 4, 18, 1]",11.9127121
./random_graph_db/graph_db_node_26/10_p0.7/10_graph_n26_p0.7_idx2.gpickle,26,0.7,2,9,107,277,"[12, 22, 13, 2, 5, 10, 24, 8, 9, 7, 17, 19, 6, 21, 25, 15, 23, 0, 11, 16, 1, 20, 14, 3, 4, 18]",12.039263
./random_graph_db/graph_db_node_26/10_p0.7/10_graph_n26_p0.7_idx3.gpickle,26,0.7,3,9,100,241,"[20, 19, 25, 15, 6, 22, 1, 14, 9, 3, 10, 21, 4, 11, 8, 5, 2, 18, 13, 23, 7, 24, 16, 17, 0, 12]",11.917989
./random_graph_db/graph_db_node_26/10_p0.7/10_graph_n26_p0.7_idx4.gpickle,26,0.7,4,10,116,282,"[9, 0, 22, 21, 2, 7, 10, 19, 14, 15, 17, 11, 25, 23, 1, 8, 4, 18, 24, 3, 13, 12, 20, 16, 6, 5]",11.9011209
./random_graph_db/graph_db_node_26/10_p0.7/10_graph_n26_p0.7_idx5.gpickle,26,0.7,5,10,125,315,"[20, 13, 3, 2, 10, 18, 8, 14, 0, 7, 16, 6, 11, 19, 17, 4, 25, 21, 22, 24, 15, 1, 23, 9, 5, 12]",12.0470858
./random_graph_db/graph_db_node_26/10_p0.7/10_graph_n26_p0.7_idx6.gpickle,26,0.7,6,9,89,241,"[17, 12, 24, 7, 0, 1, 20, 10, 18, 2, 25, 11, 13, 21, 14, 22, 9, 19, 16, 15, 3, 8, 23, 4, 5, 6]",11.875195
./random_graph_db/graph_db_node_26/10_p0.7/10_graph_n26_p0.7_idx7.gpickle,26,0.7,7,10,115,287,"[0, 10, 4, 3, 24, 23, 9, 21, 14, 8, 13, 17, 25, 12, 20, 6, 18, 7, 15, 11, 2, 16, 22, 19, 5, 1]",11.9847519
./random_graph_db/graph_db_node_26/10_p0.7/10_graph_n26_p0.7_idx8.gpickle,26,0.7,8,10,107,236,"[25, 20, 3, 10, 19, 6, 5, 24, 1, 2, 14, 12, 22, 8, 15, 18, 23, 11, 17, 0, 7, 21, 16, 9, 4, 13]",12.083389
./random_graph_db/graph_db_node_26/10_p0.7/10_graph_n26_p0.7_idx9.gpickle,26,0.7,9,10,93,239,"[2, 23, 0, 13, 25, 21, 9, 14, 12, 5, 11, 15, 4, 24, 19, 16, 20, 10, 8, 18, 3, 7, 6, 17, 1, 22]",11.4711471
./random_graph_db/graph_db_node_26/11_p0.8/11_graph_n26_p0.8_idx1.gpickle,26,0.8,1,7,70,205,"[18, 1, 0, 9, 12, 10, 11, 24, 25, 13, 4, 7, 20, 22, 3, 2, 5, 21, 23, 6, 17, 15, 8, 19, 16, 14]",11.216362
./random_graph_db/graph_db_node_26/11_p0.8/11_graph_n26_p0.8_idx10.gpickle,26,0.8,10,10,105,258,"[13, 8, 14, 21, 18, 11, 1, 16, 12, 24, 23, 0, 17, 10, 9, 15, 4, 25, 2, 20, 7, 5, 6, 22, 3, 19]",11.5617769
./random_graph_db/graph_db_node_26/11_p0.8/11_graph_n26_p0.8_idx2.gpickle,26,0.8,2,8,76,196,"[9, 21, 0, 2, 12, 5, 22, 4, 17, 1, 24, 11, 18, 16, 13, 14, 8, 19, 15, 20, 25, 10, 23, 3, 7, 6]",11.0388501
./random_graph_db/graph_db_node_26/11_p0.8/11_graph_n26_p0.8_idx3.gpickle,26,0.8,3,8,82,229,"[20, 21, 8, 14, 0, 6, 24, 13, 25, 12, 7, 15, 16, 1, 4, 5, 10, 23, 17, 19, 18, 11, 3, 9, 22, 2]",11.4604969
./random_graph_db/graph_db_node_26/11_p0.8/11_graph_n26_p0.8_idx4.gpickle,26,0.8,4,9,98,236,"[2, 0, 15, 22, 14, 9, 6, 10, 18, 19, 3, 1, 20, 11, 12, 23, 4, 21, 7, 16, 8, 5, 25, 24, 17, 13]",11.9760191
./random_graph_db/graph_db_node_26/11_p0.8/11_graph_n26_p0.8_idx5.gpickle,26,0.8,5,9,78,194,"[23, 15, 11, 5, 21, 7, 12, 14, 16, 6, 19, 18, 10, 1, 4, 8, 24, 2, 17, 0, 22, 13, 20, 25, 9, 3]",11.1474831
./random_graph_db/graph_db_node_26/11_p0.8/11_graph_n26_p0.8_idx6.gpickle,26,0.8,6,7,57,158,"[25, 21, 23, 11, 8, 9, 3, 12, 1, 4, 13, 18, 24, 16, 22, 10, 7, 6, 20, 14, 15, 5, 0, 2, 17, 19]",10.8982401
./random_graph_db/graph_db_node_26/11_p0.8/11_graph_n26_p0.8_idx7.gpickle,26,0.8,7,8,80,182,"[11, 16, 6, 14, 13, 19, 1, 23, 17, 20, 7, 5, 22, 8, 9, 3, 24, 18, 4, 12, 21, 15, 25, 2, 0, 10]",11.2068779
./random_graph_db/graph_db_node_26/11_p0.8/11_graph_n26_p0.8_idx8.gpickle,26,0.8,8,8,88,231,"[1, 13, 14, 18, 22, 11, 25, 24, 2, 20, 7, 0, 12, 4, 8, 15, 19, 10, 9, 17, 6, 16, 23, 3, 5, 21]",11.8506839
./random_graph_db/graph_db_node_26/11_p0.8/11_graph_n26_p0.8_idx9.gpickle,26,0.8,9,9,88,229,"[21, 18, 6, 15, 10, 24, 19, 0, 5, 13, 2, 11, 16, 23, 3, 25, 12, 14, 9, 8, 17, 4, 1, 20, 7, 22]",11.6952128
./random_graph_db/graph_db_node_26/12_p0.9/12_graph_n26_p0.9_idx1.gpickle,26,0.9,1,5,37,101,"[2, 13, 7, 4, 16, 1, 25, 19, 12, 14, 23, 3, 17, 8, 24, 15, 9, 0, 10, 21, 11, 18, 22, 6, 5, 20]",10.1535921
./random_graph_db/graph_db_node_26/12_p0.9/12_graph_n26_p0.9_idx10.gpickle,26,0.9,10,6,33,90,"[10, 4, 15, 13, 18, 2, 8, 1, 6, 9, 17, 19, 24, 5, 7, 3, 12, 21, 14, 23, 22, 25, 20, 16, 0, 11]",10.5201249
./random_graph_db/graph_db_node_26/12_p0.9/12_graph_n26_p0.9_idx2.gpickle,26,0.9,2,5,25,83,"[24, 12, 3, 2, 25, 8, 1, 21, 19, 23, 11, 20, 18, 5, 17, 0, 9, 4, 15, 7, 6, 14, 13, 22, 16, 10]",10.0944421
./random_graph_db/graph_db_node_26/12_p0.9/12_graph_n26_p0.9_idx3.gpickle,26,0.9,3,7,59,128,"[10, 18, 19, 6, 11, 14, 15, 22, 25, 0, 16, 9, 17, 23, 20, 24, 4, 1, 8, 3, 2, 21, 5, 12, 13, 7]",10.819011
./random_graph_db/graph_db_node_26/12_p0.9/12_graph_n26_p0.9_idx4.gpickle,26,0.9,4,6,37,96,"[13, 3, 18, 4, 16, 15, 5, 11, 22, 12, 20, 19, 14, 9, 0, 7, 10, 1, 23, 6, 21, 24, 17, 2, 8, 25]",10.4538341
./random_graph_db/graph_db_node_26/12_p0.9/12_graph_n26_p0.9_idx5.gpickle,26,0.9,5,4,27,88,"[19, 20, 21, 24, 22, 8, 6, 4, 10, 25, 9, 15, 11, 23, 13, 3, 0, 12, 18, 17, 7, 1, 2, 5, 16, 14]",10.318028
./random_graph_db/graph_db_node_26/12_p0.9/12_graph_n26_p0.9_idx6.gpickle,26,0.9,6,5,27,77,"[6, 9, 19, 15, 21, 13, 22, 14, 5, 0, 16, 7, 17, 24, 4, 25, 2, 20, 12, 1, 10, 8, 11, 23, 18, 3]",10.222332
./random_graph_db/graph_db_node_26/12_p0.9/12_graph_n26_p0.9_idx7.gpickle,26,0.9,7,5,32,122,"[4, 18, 7, 25, 0, 3, 19, 12, 14, 13, 24, 1, 10, 11, 23, 17, 21, 5, 6, 22, 8, 9, 2, 15, 16, 20]",9.7686021
./random_graph_db/graph_db_node_26/12_p0.9/12_graph_n26_p0.9_idx8.gpickle,26,0.9,8,6,38,94,"[8, 18, 0, 24, 1, 3, 7, 5, 17, 9, 21, 19, 12, 6, 14, 15, 20, 23, 10, 22, 11, 4, 25, 2, 13, 16]",10.4042239
./random_graph_db/graph_db_node_26/12_p0.9/12_graph_n26_p0.9_idx9.gpickle,26,0.9,9,6,41,110,"[7, 18, 12, 20, 25, 19, 4, 24, 3, 10, 16, 22, 6, 23, 1, 11, 5, 13, 9, 2, 17, 14, 0, 21, 8, 15]",10.5587759
./random_graph_db/graph_db_node_27/01_p0.1/01_graph_n27_p0.1_idx1.gpickle,27,0.1,1,5,23,80,"[4, 0, 7, 15, 14, 24, 6, 17, 13, 5, 3, 20, 8, 10, 9, 25, 19, 22, 1, 12, 21, 18, 2, 11, 23, 16, 26]",10.6950417
./random_graph_db/graph_db_node_27/01_p0.1/01_graph_n27_p0.1_idx10.gpickle,27,0.1,10,6,23,69,"[21, 8, 23, 0, 1, 25, 19, 20, 22, 11, 3, 16, 5, 14, 6, 10, 13, 7, 15, 2, 17, 26, 4, 9, 12, 18, 24]",10.9170859
./random_graph_db/graph_db_node_27/01_p0.1/01_graph_n27_p0.1_idx2.gpickle,27,0.1,2,4,13,52,"[1, 0, 4, 25, 22, 21, 17, 5, 26, 16, 3, 14, 6, 8, 15, 18, 13, 24, 7, 11, 10, 23, 9, 12, 2, 20, 19]",10.217999
./random_graph_db/graph_db_node_27/01_p0.1/01_graph_n27_p0.1_idx3.gpickle,27,0.1,3,6,20,68,"[20, 18, 25, 0, 12, 13, 11, 7, 3, 5, 23, 8, 16, 21, 22, 17, 10, 15, 19, 9, 6, 1, 26, 4, 2, 14, 24]",23.182601
./random_graph_db/graph_db_node_27/01_p0.1/01_graph_n27_p0.1_idx4.gpickle,27,0.1,4,5,22,79,"[20, 25, 2, 12, 19, 11, 7, 4, 16, 9, 0, 5, 8, 6, 21, 22, 3, 1, 14, 18, 23, 17, 26, 13, 24, 10, 15]",10.2897949
./random_graph_db/graph_db_node_27/01_p0.1/01_graph_n27_p0.1_idx5.gpickle,27,0.1,5,4,13,56,"[19, 17, 25, 2, 23, 5, 8, 18, 26, 0, 22, 16, 13, 6, 15, 9, 3, 7, 11, 1, 21, 4, 20, 10, 12, 24, 14]",10.3992691
./random_graph_db/graph_db_node_27/01_p0.1/01_graph_n27_p0.1_idx6.gpickle,27,0.1,6,5,23,68,"[24, 5, 7, 22, 20, 19, 13, 2, 12, 8, 17, 25, 26, 21, 11, 23, 14, 18, 6, 15, 3, 16, 0, 10, 4, 9, 1]",10.5117371
./random_graph_db/graph_db_node_27/01_p0.1/01_graph_n27_p0.1_idx7.gpickle,27,0.1,7,4,12,53,"[26, 5, 7, 16, 21, 4, 9, 10, 17, 24, 18, 8, 25, 14, 6, 15, 1, 12, 11, 2, 13, 0, 22, 3, 23, 19, 20]",21.0995529
./random_graph_db/graph_db_node_27/01_p0.1/01_graph_n27_p0.1_idx8.gpickle,27,0.1,8,4,20,67,"[8, 11, 16, 13, 12, 6, 18, 22, 7, 25, 5, 10, 1, 23, 4, 20, 0, 9, 17, 2, 24, 3, 26, 14, 15, 19, 21]",9.6441951
./random_graph_db/graph_db_node_27/01_p0.1/01_graph_n27_p0.1_idx9.gpickle,27,0.1,9,6,18,59,"[11, 5, 26, 6, 18, 17, 21, 0, 16, 10, 22, 1, 20, 3, 14, 8, 23, 13, 7, 4, 9, 12, 19, 25, 15, 2, 24]",9.064352
./random_graph_db/graph_db_node_27/02_p0.2/02_graph_n27_p0.2_idx1.gpickle,27,0.2,1,8,64,178,"[23, 0, 9, 12, 24, 11, 4, 7, 19, 14, 17, 16, 13, 21, 15, 26, 5, 10, 18, 3, 8, 2, 6, 25, 22, 20, 1]",10.2615981
./random_graph_db/graph_db_node_27/02_p0.2/02_graph_n27_p0.2_idx10.gpickle,27,0.2,10,8,76,197,"[6, 20, 26, 7, 2, 17, 15, 21, 5, 1, 24, 4, 14, 3, 18, 10, 25, 11, 8, 22, 12, 19, 13, 9, 16, 0, 23]",10.2186241
./random_graph_db/graph_db_node_27/02_p0.2/02_graph_n27_p0.2_idx2.gpickle,27,0.2,2,8,68,178,"[16, 26, 10, 23, 24, 14, 3, 2, 9, 4, 17, 20, 15, 8, 22, 21, 7, 5, 19, 13, 25, 0, 12, 1, 18, 11, 6]",10.259753
./random_graph_db/graph_db_node_27/02_p0.2/02_graph_n27_p0.2_idx3.gpickle,27,0.2,3,8,63,194,"[0, 9, 26, 18, 22, 16, 21, 13, 15, 19, 11, 8, 23, 14, 3, 4, 2, 6, 17, 7, 12, 10, 20, 1, 25, 24, 5]",9.9768667
./random_graph_db/graph_db_node_27/02_p0.2/02_graph_n27_p0.2_idx4.gpickle,27,0.2,4,8,61,164,"[1, 2, 15, 3, 13, 16, 26, 22, 7, 25, 23, 24, 11, 21, 9, 12, 10, 5, 17, 8, 19, 20, 4, 14, 6, 18, 0]",9.8103049
./random_graph_db/graph_db_node_27/02_p0.2/02_graph_n27_p0.2_idx5.gpickle,27,0.2,5,7,47,146,"[22, 6, 18, 16, 17, 1, 14, 9, 12, 13, 8, 4, 25, 5, 24, 15, 20, 23, 21, 0, 10, 7, 11, 2, 3, 19, 26]",9.3566079
./random_graph_db/graph_db_node_27/02_p0.2/02_graph_n27_p0.2_idx6.gpickle,27,0.2,6,7,46,120,"[6, 7, 19, 11, 22, 0, 25, 16, 14, 2, 26, 15, 18, 13, 4, 3, 17, 20, 12, 24, 10, 1, 9, 8, 23, 5, 21]",9.6035249
./random_graph_db/graph_db_node_27/02_p0.2/02_graph_n27_p0.2_idx7.gpickle,27,0.2,7,8,63,151,"[1, 4, 11, 3, 14, 8, 16, 26, 25, 21, 18, 7, 2, 9, 12, 5, 6, 22, 15, 10, 19, 17, 20, 0, 23, 13, 24]",9.7932763
./random_graph_db/graph_db_node_27/02_p0.2/02_graph_n27_p0.2_idx8.gpickle,27,0.2,8,7,50,135,"[26, 23, 16, 19, 20, 21, 5, 13, 6, 15, 14, 18, 24, 10, 9, 2, 17, 3, 8, 1, 7, 11, 22, 0, 4, 25, 12]",9.506963
./random_graph_db/graph_db_node_27/02_p0.2/02_graph_n27_p0.2_idx9.gpickle,27,0.2,9,8,65,179,"[11, 3, 26, 1, 20, 13, 18, 21, 9, 2, 25, 10, 12, 22, 7, 14, 4, 0, 5, 16, 6, 24, 23, 8, 19, 15, 17]",10.0332148
./random_graph_db/graph_db_node_27/03_p0.3/03_graph_n27_p0.3_idx1.gpickle,27,0.3,1,9,99,261,"[8, 17, 23, 10, 4, 22, 19, 9, 14, 26, 20, 15, 21, 12, 18, 2, 5, 16, 6, 25, 1, 7, 3, 0, 11, 13, 24]",10.8506157
./random_graph_db/graph_db_node_27/03_p0.3/03_graph_n27_p0.3_idx10.gpickle,27,0.3,10,9,94,230,"[16, 17, 24, 26, 3, 21, 11, 12, 10, 9, 7, 5, 6, 0, 25, 22, 15, 20, 14, 1, 13, 18, 19, 23, 4, 2, 8]",10.548939
./random_graph_db/graph_db_node_27/03_p0.3/03_graph_n27_p0.3_idx2.gpickle,27,0.3,2,10,117,294,"[3, 14, 10, 1, 17, 26, 12, 25, 8, 2, 9, 0, 19, 18, 16, 20, 5, 11, 6, 7, 4, 15, 23, 21, 24, 13, 22]",10.896162
./random_graph_db/graph_db_node_27/03_p0.3/03_graph_n27_p0.3_idx3.gpickle,27,0.3,3,10,119,294,"[21, 8, 24, 1, 20, 10, 12, 14, 26, 7, 25, 13, 11, 17, 3, 6, 22, 9, 15, 18, 5, 23, 19, 16, 4, 2, 0]",10.8357601
./random_graph_db/graph_db_node_27/03_p0.3/03_graph_n27_p0.3_idx4.gpickle,27,0.3,4,10,93,227,"[17, 13, 1, 5, 10, 8, 4, 2, 18, 21, 22, 26, 9, 11, 24, 6, 0, 16, 7, 23, 14, 12, 20, 25, 19, 3, 15]",10.6093059
./random_graph_db/graph_db_node_27/03_p0.3/03_graph_n27_p0.3_idx5.gpickle,27,0.3,5,9,89,241,"[0, 4, 17, 26, 16, 12, 8, 5, 15, 20, 13, 11, 3, 2, 23, 9, 7, 6, 24, 22, 19, 1, 14, 18, 21, 10, 25]",10.3426592
./random_graph_db/graph_db_node_27/03_p0.3/03_graph_n27_p0.3_idx6.gpickle,27,0.3,6,10,110,269,"[11, 5, 8, 12, 15, 9, 1, 22, 23, 20, 14, 0, 4, 19, 17, 24, 21, 18, 7, 2, 6, 3, 16, 25, 26, 13, 10]",10.8284237
./random_graph_db/graph_db_node_27/03_p0.3/03_graph_n27_p0.3_idx7.gpickle,27,0.3,7,11,125,288,"[23, 7, 0, 5, 14, 21, 18, 19, 8, 2, 24, 13, 25, 22, 6, 20, 10, 12, 3, 26, 4, 9, 16, 17, 11, 15, 1]",11.278573
./random_graph_db/graph_db_node_27/03_p0.3/03_graph_n27_p0.3_idx8.gpickle,27,0.3,8,9,98,254,"[16, 6, 21, 0, 18, 10, 19, 5, 7, 13, 12, 23, 20, 14, 2, 9, 4, 24, 25, 3, 22, 1, 17, 11, 26, 8, 15]",10.4852772
./random_graph_db/graph_db_node_27/03_p0.3/03_graph_n27_p0.3_idx9.gpickle,27,0.3,9,10,106,263,"[9, 5, 23, 12, 17, 13, 11, 0, 25, 21, 8, 14, 18, 26, 3, 22, 24, 16, 1, 20, 4, 2, 6, 7, 10, 19, 15]",10.569752
./random_graph_db/graph_db_node_27/04_p0.4/04_graph_n27_p0.4_idx1.gpickle,27,0.4,1,10,110,286,"[12, 13, 3, 9, 6, 26, 24, 21, 14, 20, 8, 18, 25, 15, 7, 17, 1, 4, 16, 10, 23, 5, 19, 2, 11, 22, 0]",11.3022759
./random_graph_db/graph_db_node_27/04_p0.4/04_graph_n27_p0.4_idx10.gpickle,27,0.4,10,10,117,276,"[22, 4, 15, 11, 20, 25, 24, 0, 3, 16, 9, 26, 7, 18, 14, 12, 19, 6, 1, 13, 23, 21, 8, 17, 2, 10, 5]",11.087621
./random_graph_db/graph_db_node_27/04_p0.4/04_graph_n27_p0.4_idx2.gpickle,27,0.4,2,10,130,313,"[21, 10, 19, 11, 17, 20, 15, 23, 26, 5, 14, 1, 24, 13, 2, 12, 0, 4, 8, 16, 25, 3, 18, 7, 22, 6, 9]",11.2166851
./random_graph_db/graph_db_node_27/04_p0.4/04_graph_n27_p0.4_idx3.gpickle,27,0.4,3,10,114,294,"[17, 5, 4, 23, 14, 7, 0, 26, 8, 9, 19, 18, 24, 6, 13, 11, 1, 2, 20, 10, 3, 25, 22, 15, 12, 21, 16]",11.2666581
./random_graph_db/graph_db_node_27/04_p0.4/04_graph_n27_p0.4_idx4.gpickle,27,0.4,4,10,139,330,"[12, 21, 11, 1, 14, 25, 8, 18, 17, 0, 22, 9, 26, 5, 16, 24, 13, 20, 2, 3, 7, 23, 6, 15, 4, 10, 19]",11.097343
./random_graph_db/graph_db_node_27/04_p0.4/04_graph_n27_p0.4_idx5.gpickle,27,0.4,5,9,109,277,"[10, 26, 12, 14, 22, 18, 8, 19, 2, 13, 16, 6, 15, 1, 23, 7, 0, 9, 20, 17, 11, 24, 3, 25, 21, 5, 4]",11.1674008
./random_graph_db/graph_db_node_27/04_p0.4/04_graph_n27_p0.4_idx6.gpickle,27,0.4,6,10,114,280,"[8, 0, 7, 9, 12, 13, 1, 6, 4, 24, 16, 17, 15, 11, 5, 23, 26, 21, 2, 20, 25, 14, 3, 18, 22, 19, 10]",11.1296797
./random_graph_db/graph_db_node_27/04_p0.4/04_graph_n27_p0.4_idx7.gpickle,27,0.4,7,11,120,285,"[16, 4, 7, 12, 18, 8, 6, 11, 17, 1, 14, 21, 22, 3, 24, 20, 19, 10, 2, 0, 23, 25, 15, 26, 13, 9, 5]",11.549154
./random_graph_db/graph_db_node_27/04_p0.4/04_graph_n27_p0.4_idx8.gpickle,27,0.4,8,10,115,290,"[14, 12, 7, 20, 22, 4, 2, 17, 23, 24, 15, 5, 18, 26, 10, 9, 3, 19, 13, 16, 1, 8, 6, 25, 11, 21, 0]",11.0818372
./random_graph_db/graph_db_node_27/04_p0.4/04_graph_n27_p0.4_idx9.gpickle,27,0.4,9,10,107,278,"[10, 9, 17, 22, 15, 25, 0, 2, 1, 3, 13, 16, 6, 5, 24, 21, 18, 14, 26, 7, 19, 4, 11, 8, 23, 12, 20]",11.0731571
./random_graph_db/graph_db_node_27/05_p0.45/05_graph_n27_p0.45_idx1.gpickle,27,0.45,1,10,135,326,"[19, 15, 14, 8, 12, 2, 6, 9, 11, 18, 3, 26, 13, 22, 10, 17, 5, 25, 21, 7, 23, 20, 16, 24, 1, 4, 0]",11.702666
./random_graph_db/graph_db_node_27/05_p0.45/05_graph_n27_p0.45_idx10.gpickle,27,0.45,10,11,142,325,"[21, 2, 0, 14, 1, 5, 17, 26, 7, 4, 8, 9, 11, 16, 23, 13, 18, 12, 22, 24, 19, 25, 3, 6, 10, 15, 20]",11.428128
./random_graph_db/graph_db_node_27/05_p0.45/05_graph_n27_p0.45_idx2.gpickle,27,0.45,2,10,129,299,"[20, 15, 25, 23, 14, 11, 7, 10, 16, 5, 18, 12, 17, 9, 22, 0, 26, 4, 2, 21, 13, 19, 6, 8, 24, 1, 3]",11.3197649
./random_graph_db/graph_db_node_27/05_p0.45/05_graph_n27_p0.45_idx3.gpickle,27,0.45,3,10,129,312,"[13, 19, 4, 20, 3, 15, 1, 17, 9, 5, 25, 22, 21, 10, 11, 26, 23, 7, 24, 12, 2, 6, 16, 14, 8, 0, 18]",11.153367
./random_graph_db/graph_db_node_27/05_p0.45/05_graph_n27_p0.45_idx4.gpickle,27,0.45,4,10,109,281,"[18, 14, 19, 5, 12, 9, 26, 21, 4, 7, 25, 22, 10, 15, 0, 13, 11, 24, 8, 17, 16, 23, 6, 2, 1, 20, 3]",11.1477032
./random_graph_db/graph_db_node_27/05_p0.45/05_graph_n27_p0.45_idx5.gpickle,27,0.45,5,10,122,309,"[14, 5, 22, 13, 21, 20, 8, 10, 26, 25, 19, 15, 2, 18, 9, 0, 7, 11, 12, 3, 16, 17, 1, 4, 6, 24, 23]",11.1416709
./random_graph_db/graph_db_node_27/05_p0.45/05_graph_n27_p0.45_idx6.gpickle,27,0.45,6,10,124,306,"[17, 7, 3, 16, 23, 6, 11, 9, 2, 26, 13, 5, 14, 12, 25, 15, 24, 4, 10, 22, 19, 0, 21, 20, 8, 18, 1]",11.1749241
./random_graph_db/graph_db_node_27/05_p0.45/05_graph_n27_p0.45_idx7.gpickle,27,0.45,7,10,134,308,"[24, 0, 1, 17, 19, 7, 9, 2, 20, 3, 26, 5, 15, 13, 8, 22, 6, 23, 16, 11, 12, 14, 4, 18, 25, 10, 21]",11.1036508
./random_graph_db/graph_db_node_27/05_p0.45/05_graph_n27_p0.45_idx8.gpickle,27,0.45,8,11,131,307,"[0, 1, 26, 2, 19, 21, 25, 4, 8, 23, 13, 3, 7, 16, 24, 6, 20, 22, 10, 18, 11, 15, 5, 9, 17, 12, 14]",11.4033411
./random_graph_db/graph_db_node_27/05_p0.45/05_graph_n27_p0.45_idx9.gpickle,27,0.45,9,10,123,292,"[16, 9, 14, 2, 24, 18, 7, 19, 17, 15, 13, 10, 12, 26, 1, 0, 5, 23, 3, 25, 11, 8, 22, 4, 21, 20, 6]",11.2719119
./random_graph_db/graph_db_node_27/06_p0.5/06_graph_n27_p0.5_idx1.gpickle,27,0.5,1,11,130,303,"[12, 11, 20, 2, 16, 10, 23, 3, 15, 17, 8, 21, 5, 6, 9, 26, 14, 0, 25, 19, 18, 22, 7, 13, 24, 1, 4]",10.8432062
./random_graph_db/graph_db_node_27/06_p0.5/06_graph_n27_p0.5_idx10.gpickle,27,0.5,10,11,143,351,"[7, 6, 5, 21, 23, 0, 4, 14, 12, 1, 18, 20, 26, 22, 3, 10, 9, 17, 16, 8, 24, 13, 19, 2, 25, 15, 11]",11.3566289
./random_graph_db/graph_db_node_27/06_p0.5/06_graph_n27_p0.5_idx2.gpickle,27,0.5,2,10,123,306,"[22, 26, 4, 2, 17, 6, 18, 1, 23, 11, 5, 0, 19, 12, 8, 24, 20, 15, 21, 14, 9, 7, 16, 3, 10, 25, 13]",11.0257261
./random_graph_db/graph_db_node_27/06_p0.5/06_graph_n27_p0.5_idx3.gpickle,27,0.5,3,10,116,294,"[24, 9, 3, 11, 10, 15, 6, 17, 4, 21, 8, 2, 18, 13, 22, 12, 1, 19, 23, 0, 26, 25, 5, 16, 14, 20, 7]",11.3379579
./random_graph_db/graph_db_node_27/06_p0.5/06_graph_n27_p0.5_idx4.gpickle,27,0.5,4,10,113,294,"[13, 14, 10, 3, 1, 17, 0, 25, 2, 20, 6, 9, 11, 24, 8, 23, 22, 7, 5, 21, 18, 15, 12, 26, 19, 4, 16]",11.3255203
./random_graph_db/graph_db_node_27/06_p0.5/06_graph_n27_p0.5_idx5.gpickle,27,0.5,5,10,127,304,"[14, 13, 8, 15, 9, 0, 6, 22, 20, 12, 26, 1, 24, 19, 17, 7, 23, 3, 11, 21, 16, 4, 10, 5, 18, 25, 2]",11.284416
./random_graph_db/graph_db_node_27/06_p0.5/06_graph_n27_p0.5_idx6.gpickle,27,0.5,6,10,121,295,"[13, 12, 0, 7, 22, 20, 24, 6, 16, 5, 15, 10, 25, 26, 19, 11, 14, 4, 1, 3, 9, 21, 18, 2, 17, 8, 23]",11.2423899
./random_graph_db/graph_db_node_27/06_p0.5/06_graph_n27_p0.5_idx7.gpickle,27,0.5,7,11,123,300,"[13, 12, 23, 21, 15, 7, 17, 10, 1, 18, 25, 6, 5, 22, 2, 20, 9, 16, 11, 26, 4, 24, 19, 8, 0, 14, 3]",11.168642
./random_graph_db/graph_db_node_27/06_p0.5/06_graph_n27_p0.5_idx8.gpickle,27,0.5,8,10,124,315,"[11, 13, 4, 21, 14, 23, 5, 18, 17, 8, 24, 19, 9, 22, 2, 0, 15, 6, 12, 25, 3, 16, 7, 26, 1, 10, 20]",11.2316532
./random_graph_db/graph_db_node_27/06_p0.5/06_graph_n27_p0.5_idx9.gpickle,27,0.5,9,10,109,283,"[18, 16, 17, 6, 13, 10, 9, 21, 14, 0, 22, 12, 8, 7, 20, 2, 15, 11, 19, 26, 5, 24, 25, 23, 3, 1, 4]",10.9336209
./random_graph_db/graph_db_node_27/07_p0.55/07_graph_n27_p0.55_idx1.gpickle,27,0.55,1,10,117,297,"[3, 13, 0, 11, 15, 17, 23, 12, 8, 2, 19, 9, 7, 26, 5, 21, 20, 18, 4, 25, 14, 22, 16, 1, 24, 6, 10]",11.293524
./random_graph_db/graph_db_node_27/07_p0.55/07_graph_n27_p0.55_idx10.gpickle,27,0.55,10,10,128,320,"[26, 25, 22, 11, 8, 1, 2, 14, 13, 20, 19, 6, 0, 16, 4, 21, 3, 15, 23, 18, 10, 7, 9, 24, 17, 5, 12]",11.1137049
./random_graph_db/graph_db_node_27/07_p0.55/07_graph_n27_p0.55_idx2.gpickle,27,0.55,2,10,122,296,"[7, 15, 26, 24, 21, 12, 3, 5, 19, 8, 6, 11, 0, 13, 17, 4, 2, 25, 22, 23, 1, 18, 10, 20, 14, 16, 9]",11.0199673
./random_graph_db/graph_db_node_27/07_p0.55/07_graph_n27_p0.55_idx3.gpickle,27,0.55,3,10,133,318,"[15, 25, 2, 14, 5, 13, 8, 9, 20, 24, 4, 19, 6, 10, 3, 21, 1, 18, 23, 12, 16, 17, 11, 22, 26, 7, 0]",11.3285289
./random_graph_db/graph_db_node_27/07_p0.55/07_graph_n27_p0.55_idx4.gpickle,27,0.55,4,11,136,323,"[19, 4, 14, 5, 13, 17, 0, 25, 9, 10, 1, 18, 21, 12, 22, 7, 11, 15, 24, 26, 6, 2, 3, 16, 23, 20, 8]",11.6086903
./random_graph_db/graph_db_node_27/07_p0.55/07_graph_n27_p0.55_idx5.gpickle,27,0.55,5,10,118,287,"[11, 3, 17, 23, 7, 16, 1, 6, 12, 26, 8, 2, 18, 25, 24, 9, 13, 14, 10, 20, 5, 4, 0, 15, 21, 22, 19]",11.385705
./random_graph_db/graph_db_node_27/07_p0.55/07_graph_n27_p0.55_idx6.gpickle,27,0.55,6,11,133,324,"[26, 5, 11, 1, 22, 10, 21, 0, 9, 3, 18, 20, 8, 16, 19, 12, 15, 17, 14, 7, 4, 25, 24, 13, 2, 6, 23]",11.1090269
./random_graph_db/graph_db_node_27/07_p0.55/07_graph_n27_p0.55_idx7.gpickle,27,0.55,7,10,127,315,"[4, 2, 24, 18, 7, 12, 10, 1, 9, 0, 20, 19, 25, 21, 8, 26, 3, 5, 11, 17, 6, 13, 14, 22, 16, 23, 15]",11.179534
./random_graph_db/graph_db_node_27/07_p0.55/07_graph_n27_p0.55_idx8.gpickle,27,0.55,8,10,131,332,"[9, 13, 4, 16, 25, 18, 20, 5, 8, 6, 26, 2, 24, 12, 3, 7, 21, 10, 23, 0, 19, 11, 1, 14, 22, 15, 17]",10.9412658
./random_graph_db/graph_db_node_27/07_p0.55/07_graph_n27_p0.55_idx9.gpickle,27,0.55,9,10,121,282,"[14, 15, 23, 1, 6, 16, 13, 7, 2, 5, 24, 17, 9, 11, 8, 12, 3, 10, 0, 26, 21, 19, 25, 18, 4, 22, 20]",11.245492
./random_graph_db/graph_db_node_27/08_p0.6/08_graph_n27_p0.6_idx1.gpickle,27,0.6,1,10,110,253,"[13, 6, 20, 3, 7, 25, 0, 9, 2, 22, 16, 11, 23, 15, 17, 1, 24, 19, 10, 26, 4, 14, 12, 18, 21, 5, 8]",10.8744702
./random_graph_db/graph_db_node_27/08_p0.6/08_graph_n27_p0.6_idx10.gpickle,27,0.6,10,10,124,307,"[16, 9, 11, 0, 18, 8, 5, 3, 7, 20, 6, 25, 23, 17, 4, 12, 19, 26, 13, 21, 24, 1, 22, 10, 14, 2, 15]",11.141175
./random_graph_db/graph_db_node_27/08_p0.6/08_graph_n27_p0.6_idx2.gpickle,27,0.6,2,10,135,351,"[8, 13, 17, 9, 23, 14, 12, 16, 10, 15, 20, 26, 1, 6, 18, 2, 5, 11, 0, 21, 4, 22, 3, 24, 7, 19, 25]",11.1041002
./random_graph_db/graph_db_node_27/08_p0.6/08_graph_n27_p0.6_idx3.gpickle,27,0.6,3,11,115,275,"[5, 18, 11, 6, 9, 21, 7, 3, 8, 14, 13, 10, 0, 19, 2, 23, 12, 16, 20, 22, 15, 4, 25, 26, 17, 1, 24]",10.8775039
./random_graph_db/graph_db_node_27/08_p0.6/08_graph_n27_p0.6_idx4.gpickle,27,0.6,4,10,128,297,"[2, 12, 10, 23, 13, 15, 0, 19, 26, 4, 6, 11, 17, 8, 1, 14, 25, 18, 21, 20, 16, 22, 5, 9, 24, 3, 7]",11.0236762
./random_graph_db/graph_db_node_27/08_p0.6/08_graph_n27_p0.6_idx5.gpickle,27,0.6,5,10,126,308,"[7, 16, 6, 22, 3, 21, 12, 15, 0, 1, 2, 9, 10, 13, 14, 4, 5, 19, 17, 26, 11, 23, 25, 18, 20, 8, 24]",10.9588778
./random_graph_db/graph_db_node_27/08_p0.6/08_graph_n27_p0.6_idx6.gpickle,27,0.6,6,10,122,307,"[4, 0, 2, 18, 3, 13, 16, 5, 17, 22, 14, 6, 12, 9, 15, 21, 19, 23, 25, 7, 24, 1, 26, 20, 10, 8, 11]",11.127646
./random_graph_db/graph_db_node_27/08_p0.6/08_graph_n27_p0.6_idx7.gpickle,27,0.6,7,10,120,307,"[1, 8, 3, 4, 22, 19, 21, 16, 20, 6, 7, 11, 15, 17, 14, 23, 5, 24, 25, 12, 10, 18, 26, 0, 9, 2, 13]",10.9758999
./random_graph_db/graph_db_node_27/08_p0.6/08_graph_n27_p0.6_idx8.gpickle,27,0.6,8,10,121,296,"[11, 3, 10, 0, 7, 20, 12, 16, 14, 17, 15, 6, 5, 18, 9, 1, 19, 22, 13, 25, 23, 26, 8, 4, 21, 24, 2]",11.3691599
./random_graph_db/graph_db_node_27/08_p0.6/08_graph_n27_p0.6_idx9.gpickle,27,0.6,9,10,127,306,"[6, 3, 11, 21, 15, 13, 8, 19, 4, 9, 17, 23, 12, 5, 10, 22, 24, 0, 7, 20, 18, 25, 14, 1, 26, 16, 2]",11.0297909
./random_graph_db/graph_db_node_27/09_p0.65/09_graph_n27_p0.65_idx1.gpickle,27,0.65,1,10,118,299,"[6, 25, 3, 10, 22, 14, 12, 5, 26, 23, 13, 16, 19, 0, 11, 1, 8, 21, 17, 15, 2, 9, 20, 4, 7, 24, 18]",11.016504
./random_graph_db/graph_db_node_27/09_p0.65/09_graph_n27_p0.65_idx10.gpickle,27,0.65,10,11,124,281,"[5, 13, 16, 12, 14, 4, 24, 1, 0, 6, 15, 11, 10, 7, 9, 21, 19, 25, 23, 2, 3, 8, 26, 22, 20, 18, 17]",11.2291031
./random_graph_db/graph_db_node_27/09_p0.65/09_graph_n27_p0.65_idx2.gpickle,27,0.65,2,10,125,306,"[23, 3, 2, 5, 12, 13, 16, 18, 19, 20, 4, 8, 7, 22, 17, 9, 26, 14, 21, 1, 0, 6, 11, 25, 15, 10, 24]",11.1838992
./random_graph_db/graph_db_node_27/09_p0.65/09_graph_n27_p0.65_idx3.gpickle,27,0.65,3,10,112,269,"[2, 15, 22, 25, 1, 17, 16, 4, 5, 0, 13, 26, 18, 9, 7, 6, 23, 8, 24, 12, 20, 21, 10, 14, 11, 3, 19]",10.7753
./random_graph_db/graph_db_node_27/09_p0.65/09_graph_n27_p0.65_idx4.gpickle,27,0.65,4,11,142,338,"[12, 6, 14, 22, 1, 5, 0, 15, 2, 11, 17, 20, 10, 13, 24, 3, 25, 23, 16, 7, 8, 18, 21, 26, 9, 4, 19]",11.2994218
./random_graph_db/graph_db_node_27/09_p0.65/09_graph_n27_p0.65_idx5.gpickle,27,0.65,5,9,123,290,"[15, 12, 1, 25, 6, 19, 17, 13, 18, 16, 3, 9, 21, 7, 11, 23, 8, 0, 20, 2, 4, 10, 22, 5, 14, 26, 24]",11.1588531
./random_graph_db/graph_db_node_27/09_p0.65/09_graph_n27_p0.65_idx6.gpickle,27,0.65,6,10,137,330,"[26, 21, 9, 3, 10, 1, 14, 4, 16, 6, 18, 20, 2, 15, 24, 0, 23, 5, 25, 8, 13, 22, 12, 17, 19, 7, 11]",11.0188529
./random_graph_db/graph_db_node_27/09_p0.65/09_graph_n27_p0.65_idx7.gpickle,27,0.65,7,10,104,249,"[12, 8, 22, 16, 0, 15, 17, 25, 26, 10, 24, 11, 23, 18, 20, 3, 9, 6, 1, 21, 19, 13, 2, 4, 5, 14, 7]",10.9426918
./random_graph_db/graph_db_node_27/09_p0.65/09_graph_n27_p0.65_idx8.gpickle,27,0.65,8,11,125,290,"[17, 12, 16, 3, 21, 19, 24, 22, 15, 26, 6, 5, 10, 0, 2, 8, 14, 13, 18, 9, 20, 23, 25, 1, 7, 4, 11]",11.2435429
./random_graph_db/graph_db_node_27/09_p0.65/09_graph_n27_p0.65_idx9.gpickle,27,0.65,9,11,114,280,"[24, 10, 23, 12, 2, 17, 14, 16, 9, 20, 1, 4, 26, 21, 6, 0, 5, 8, 7, 18, 25, 15, 13, 11, 19, 3, 22]",10.936352
./random_graph_db/graph_db_node_27/10_p0.7/10_graph_n27_p0.7_idx1.gpickle,27,0.7,1,10,116,288,"[10, 3, 7, 12, 15, 26, 5, 22, 21, 0, 6, 23, 19, 9, 11, 24, 18, 16, 4, 13, 17, 25, 14, 20, 2, 8, 1]",10.783406
./random_graph_db/graph_db_node_27/10_p0.7/10_graph_n27_p0.7_idx10.gpickle,27,0.7,10,10,113,272,"[23, 25, 15, 6, 0, 21, 12, 26, 9, 19, 7, 24, 20, 10, 22, 2, 11, 4, 5, 13, 3, 18, 17, 16, 1, 8, 14]",10.9345148
./random_graph_db/graph_db_node_27/10_p0.7/10_graph_n27_p0.7_idx2.gpickle,27,0.7,2,10,108,277,"[12, 8, 11, 19, 3, 14, 25, 4, 17, 15, 16, 1, 5, 7, 0, 22, 9, 26, 6, 21, 20, 24, 10, 2, 18, 13, 23]",10.6544859
./random_graph_db/graph_db_node_27/10_p0.7/10_graph_n27_p0.7_idx3.gpickle,27,0.7,3,10,121,303,"[23, 19, 26, 7, 13, 20, 12, 5, 15, 2, 1, 24, 9, 17, 3, 0, 16, 10, 11, 14, 6, 25, 22, 18, 4, 21, 8]",10.9022071
./random_graph_db/graph_db_node_27/10_p0.7/10_graph_n27_p0.7_idx4.gpickle,27,0.7,4,10,115,256,"[8, 22, 0, 21, 17, 23, 9, 26, 18, 2, 6, 11, 10, 12, 20, 15, 3, 7, 16, 25, 24, 5, 13, 1, 14, 19, 4]",10.7615869
./random_graph_db/graph_db_node_27/10_p0.7/10_graph_n27_p0.7_idx5.gpickle,27,0.7,5,11,128,288,"[2, 11, 14, 15, 8, 0, 13, 25, 24, 23, 22, 16, 1, 20, 17, 5, 4, 6, 18, 19, 21, 12, 7, 3, 10, 9, 26]",11.0443552
./random_graph_db/graph_db_node_27/10_p0.7/10_graph_n27_p0.7_idx6.gpickle,27,0.7,6,10,107,252,"[20, 22, 4, 19, 24, 8, 9, 18, 7, 6, 11, 21, 23, 2, 15, 1, 17, 16, 13, 0, 14, 25, 26, 12, 5, 3, 10]",10.9185541
./random_graph_db/graph_db_node_27/10_p0.7/10_graph_n27_p0.7_idx7.gpickle,27,0.7,7,10,125,308,"[18, 25, 12, 8, 17, 1, 15, 4, 10, 20, 6, 7, 24, 22, 23, 5, 13, 11, 0, 16, 26, 9, 19, 3, 2, 21, 14]",11.0871863
./random_graph_db/graph_db_node_27/10_p0.7/10_graph_n27_p0.7_idx8.gpickle,27,0.7,8,10,117,292,"[15, 7, 22, 16, 14, 3, 6, 4, 1, 20, 21, 9, 13, 24, 23, 11, 17, 5, 0, 26, 8, 19, 25, 10, 18, 12, 2]",11.2688613
./random_graph_db/graph_db_node_27/10_p0.7/10_graph_n27_p0.7_idx9.gpickle,27,0.7,9,10,110,270,"[13, 20, 3, 0, 14, 24, 7, 2, 25, 11, 5, 21, 10, 23, 15, 4, 16, 22, 1, 12, 9, 6, 18, 8, 26, 17, 19]",10.6619599
./random_graph_db/graph_db_node_27/11_p0.8/11_graph_n27_p0.8_idx1.gpickle,27,0.8,1,10,86,192,"[3, 20, 12, 18, 23, 19, 2, 5, 22, 6, 16, 24, 4, 21, 25, 15, 10, 17, 11, 0, 7, 13, 14, 9, 1, 8, 26]",10.4115331
./random_graph_db/graph_db_node_27/11_p0.8/11_graph_n27_p0.8_idx10.gpickle,27,0.8,10,8,68,182,"[12, 4, 13, 15, 26, 24, 7, 19, 23, 22, 5, 3, 2, 20, 17, 6, 21, 10, 18, 25, 0, 8, 14, 11, 9, 1, 16]",10.0015612
./random_graph_db/graph_db_node_27/11_p0.8/11_graph_n27_p0.8_idx2.gpickle,27,0.8,2,9,86,224,"[18, 23, 14, 19, 7, 13, 4, 21, 11, 15, 8, 3, 24, 16, 17, 12, 0, 9, 26, 2, 20, 5, 10, 25, 6, 22, 1]",10.4124722
./random_graph_db/graph_db_node_27/11_p0.8/11_graph_n27_p0.8_idx3.gpickle,27,0.8,3,9,92,265,"[1, 23, 8, 19, 22, 11, 15, 4, 9, 5, 2, 16, 26, 13, 17, 24, 3, 6, 10, 0, 25, 18, 12, 20, 21, 7, 14]",10.5833089
./random_graph_db/graph_db_node_27/11_p0.8/11_graph_n27_p0.8_idx4.gpickle,27,0.8,4,9,104,261,"[20, 11, 2, 4, 9, 22, 24, 13, 26, 18, 3, 1, 7, 14, 15, 10, 19, 16, 21, 25, 0, 23, 17, 12, 6, 5, 8]",10.602788
./random_graph_db/graph_db_node_27/11_p0.8/11_graph_n27_p0.8_idx5.gpickle,27,0.8,5,9,91,216,"[7, 22, 5, 6, 16, 18, 10, 14, 0, 19, 3, 11, 24, 21, 13, 1, 12, 8, 4, 25, 26, 20, 2, 15, 23, 9, 17]",10.3158762
./random_graph_db/graph_db_node_27/11_p0.8/11_graph_n27_p0.8_idx6.gpickle,27,0.8,6,8,61,154,"[10, 5, 9, 13, 0, 18, 7, 21, 14, 22, 1, 26, 11, 15, 12, 6, 19, 25, 8, 3, 17, 2, 4, 20, 24, 23, 16]",10.4101787
./random_graph_db/graph_db_node_27/11_p0.8/11_graph_n27_p0.8_idx7.gpickle,27,0.8,7,9,109,262,"[11, 16, 18, 7, 13, 5, 1, 12, 17, 15, 20, 6, 24, 0, 3, 23, 8, 26, 19, 2, 9, 25, 22, 21, 10, 4, 14]",10.9088137
./random_graph_db/graph_db_node_27/11_p0.8/11_graph_n27_p0.8_idx8.gpickle,27,0.8,8,8,77,199,"[21, 11, 23, 9, 10, 13, 7, 20, 8, 22, 4, 18, 17, 6, 16, 24, 14, 1, 12, 15, 5, 19, 3, 26, 25, 2, 0]",10.3155839
./random_graph_db/graph_db_node_27/11_p0.8/11_graph_n27_p0.8_idx9.gpickle,27,0.8,9,10,91,243,"[13, 1, 3, 4, 16, 25, 20, 17, 8, 9, 7, 24, 11, 18, 2, 19, 0, 21, 14, 5, 22, 6, 15, 23, 12, 26, 10]",10.5377381
./random_graph_db/graph_db_node_27/12_p0.9/12_graph_n27_p0.9_idx1.gpickle,27,0.9,1,4,28,95,"[4, 10, 11, 1, 3, 26, 24, 15, 21, 8, 0, 17, 23, 20, 19, 16, 9, 18, 7, 12, 25, 6, 5, 13, 2, 22, 14]",9.1108763
./random_graph_db/graph_db_node_27/12_p0.9/12_graph_n27_p0.9_idx10.gpickle,27,0.9,10,7,45,129,"[25, 6, 2, 11, 7, 23, 0, 16, 8, 1, 5, 19, 9, 3, 4, 14, 17, 24, 26, 12, 13, 15, 20, 18, 22, 21, 10]",9.2877522
./random_graph_db/graph_db_node_27/12_p0.9/12_graph_n27_p0.9_idx2.gpickle,27,0.9,2,5,39,101,"[18, 22, 24, 13, 4, 23, 5, 14, 3, 9, 2, 17, 19, 21, 11, 6, 1, 20, 26, 0, 8, 25, 16, 7, 15, 10, 12]",9.6226101
./random_graph_db/graph_db_node_27/12_p0.9/12_graph_n27_p0.9_idx3.gpickle,27,0.9,3,7,53,162,"[3, 7, 2, 14, 24, 16, 20, 9, 6, 5, 18, 10, 21, 8, 1, 19, 17, 4, 22, 26, 15, 25, 12, 23, 13, 0, 11]",9.854636
./random_graph_db/graph_db_node_27/12_p0.9/12_graph_n27_p0.9_idx4.gpickle,27,0.9,4,7,68,177,"[26, 23, 2, 1, 8, 20, 22, 9, 13, 25, 14, 5, 0, 21, 19, 7, 16, 10, 17, 11, 15, 6, 3, 24, 4, 12, 18]",9.6070483
./random_graph_db/graph_db_node_27/12_p0.9/12_graph_n27_p0.9_idx5.gpickle,27,0.9,5,5,24,72,"[19, 7, 9, 5, 22, 1, 11, 10, 15, 17, 26, 13, 16, 2, 12, 18, 0, 24, 3, 25, 21, 6, 4, 20, 14, 23, 8]",9.2143841
./random_graph_db/graph_db_node_27/12_p0.9/12_graph_n27_p0.9_idx6.gpickle,27,0.9,6,5,31,100,"[11, 25, 19, 6, 4, 0, 13, 7, 1, 21, 20, 17, 12, 22, 15, 26, 3, 14, 23, 24, 18, 10, 9, 5, 16, 2, 8]",9.0808928
./random_graph_db/graph_db_node_27/12_p0.9/12_graph_n27_p0.9_idx7.gpickle,27,0.9,7,5,37,120,"[7, 18, 2, 16, 24, 15, 19, 12, 11, 4, 20, 10, 21, 26, 14, 3, 8, 0, 6, 13, 1, 23, 9, 5, 17, 22, 25]",9.3895218
./random_graph_db/graph_db_node_27/12_p0.9/12_graph_n27_p0.9_idx8.gpickle,27,0.9,8,6,43,110,"[26, 25, 21, 2, 12, 23, 10, 13, 4, 18, 5, 19, 9, 15, 3, 6, 14, 24, 16, 1, 8, 0, 20, 17, 11, 7, 22]",9.28407
./random_graph_db/graph_db_node_27/12_p0.9/12_graph_n27_p0.9_idx9.gpickle,27,0.9,9,6,61,170,"[15, 0, 8, 22, 17, 6, 9, 24, 10, 14, 18, 13, 20, 26, 2, 4, 3, 25, 11, 12, 21, 19, 23, 16, 7, 1, 5]",9.5304339
./random_graph_db/graph_db_node_28/01_p0.1/01_graph_n28_p0.1_idx1.gpickle,28,0.1,1,6,31,83,"[10, 2, 11, 21, 24, 16, 3, 9, 26, 17, 23, 5, 27, 22, 18, 15, 1, 19, 13, 8, 4, 0, 25, 20, 14, 6, 7, 12]",9.5941808
./random_graph_db/graph_db_node_28/01_p0.1/01_graph_n28_p0.1_idx10.gpickle,28,0.1,10,6,31,94,"[24, 2, 8, 13, 5, 1, 16, 0, 6, 7, 17, 9, 4, 14, 10, 21, 27, 12, 3, 26, 23, 20, 18, 25, 11, 22, 15, 19]",9.2762799
./random_graph_db/graph_db_node_28/01_p0.1/01_graph_n28_p0.1_idx2.gpickle,28,0.1,2,4,12,63,"[13, 26, 2, 17, 7, 3, 27, 11, 5, 8, 9, 24, 20, 14, 12, 10, 15, 25, 4, 21, 6, 18, 22, 0, 1, 16, 19, 23]",20.0882759
./random_graph_db/graph_db_node_28/01_p0.1/01_graph_n28_p0.1_idx3.gpickle,28,0.1,3,5,25,87,"[9, 19, 8, 4, 7, 17, 12, 27, 23, 14, 24, 21, 13, 16, 1, 20, 2, 0, 26, 15, 22, 25, 5, 18, 3, 6, 10, 11]",9.4035683
./random_graph_db/graph_db_node_28/01_p0.1/01_graph_n28_p0.1_idx4.gpickle,28,0.1,4,5,17,76,"[18, 6, 16, 1, 21, 23, 0, 14, 22, 25, 2, 4, 27, 8, 12, 11, 13, 17, 7, 9, 10, 19, 26, 24, 15, 5, 3, 20]",9.050848
./random_graph_db/graph_db_node_28/01_p0.1/01_graph_n28_p0.1_idx5.gpickle,28,0.1,5,5,14,55,"[11, 14, 20, 17, 10, 7, 25, 8, 27, 19, 16, 21, 26, 12, 9, 6, 15, 3, 1, 4, 2, 18, 23, 0, 13, 5, 22, 24]",8.897583
./random_graph_db/graph_db_node_28/01_p0.1/01_graph_n28_p0.1_idx6.gpickle,28,0.1,6,4,14,63,"[6, 16, 12, 7, 20, 19, 23, 5, 24, 11, 17, 22, 3, 1, 27, 8, 18, 10, 9, 13, 25, 26, 15, 21, 2, 14, 0, 4]",20.489877
./random_graph_db/graph_db_node_28/01_p0.1/01_graph_n28_p0.1_idx7.gpickle,28,0.1,7,6,37,128,"[15, 6, 5, 8, 20, 17, 13, 18, 4, 27, 21, 3, 1, 10, 23, 19, 26, 16, 9, 24, 11, 22, 25, 7, 2, 12, 0, 14]",9.666934
./random_graph_db/graph_db_node_28/01_p0.1/01_graph_n28_p0.1_idx8.gpickle,28,0.1,8,5,14,57,"[24, 3, 23, 18, 25, 12, 4, 26, 16, 14, 6, 15, 13, 27, 22, 7, 10, 19, 1, 11, 5, 8, 21, 20, 0, 9, 2, 17]",9.0186861
./random_graph_db/graph_db_node_28/01_p0.1/01_graph_n28_p0.1_idx9.gpickle,28,0.1,9,5,22,83,"[6, 21, 8, 16, 18, 3, 0, 2, 26, 1, 19, 15, 5, 12, 9, 13, 20, 24, 27, 17, 14, 10, 4, 7, 11, 23, 25, 22]",20.1443493
./random_graph_db/graph_db_node_28/02_p0.2/02_graph_n28_p0.2_idx1.gpickle,28,0.2,1,8,65,173,"[21, 24, 25, 27, 26, 18, 12, 16, 9, 15, 17, 10, 14, 7, 1, 4, 5, 0, 8, 2, 11, 3, 19, 22, 23, 13, 6, 20]",10.5015569
./random_graph_db/graph_db_node_28/02_p0.2/02_graph_n28_p0.2_idx10.gpickle,28,0.2,10,8,77,195,"[15, 9, 3, 4, 7, 25, 17, 20, 8, 27, 10, 2, 12, 13, 14, 23, 18, 0, 21, 11, 19, 24, 5, 22, 1, 6, 26, 16]",10.9386737
./random_graph_db/graph_db_node_28/02_p0.2/02_graph_n28_p0.2_idx2.gpickle,28,0.2,2,10,87,213,"[20, 27, 14, 17, 23, 9, 1, 5, 24, 8, 10, 26, 22, 11, 3, 16, 21, 15, 19, 2, 4, 13, 18, 25, 12, 0, 7, 6]",10.778626
./random_graph_db/graph_db_node_28/02_p0.2/02_graph_n28_p0.2_idx3.gpickle,28,0.2,3,9,92,230,"[25, 8, 10, 9, 14, 7, 15, 5, 12, 20, 3, 16, 21, 24, 2, 17, 27, 0, 6, 18, 22, 4, 26, 23, 11, 1, 13, 19]",11.041188
./random_graph_db/graph_db_node_28/02_p0.2/02_graph_n28_p0.2_idx4.gpickle,28,0.2,4,7,57,156,"[15, 20, 2, 23, 21, 5, 13, 22, 10, 17, 24, 8, 16, 19, 12, 9, 25, 27, 26, 11, 6, 3, 4, 7, 18, 14, 0, 1]",10.255935
./random_graph_db/graph_db_node_28/02_p0.2/02_graph_n28_p0.2_idx5.gpickle,28,0.2,5,8,63,161,"[18, 12, 19, 15, 14, 4, 17, 13, 1, 16, 7, 26, 23, 0, 6, 10, 20, 25, 27, 24, 5, 21, 9, 11, 22, 8, 3, 2]",10.451447
./random_graph_db/graph_db_node_28/02_p0.2/02_graph_n28_p0.2_idx6.gpickle,28,0.2,6,9,56,145,"[0, 23, 1, 25, 24, 18, 4, 14, 20, 16, 11, 2, 27, 9, 5, 10, 8, 12, 15, 7, 17, 3, 22, 21, 13, 26, 19, 6]",10.139323
./random_graph_db/graph_db_node_28/02_p0.2/02_graph_n28_p0.2_idx7.gpickle,28,0.2,7,8,74,178,"[16, 23, 4, 21, 0, 13, 22, 2, 17, 9, 14, 12, 15, 27, 8, 24, 11, 10, 7, 18, 20, 26, 5, 25, 3, 1, 6, 19]",10.654762
./random_graph_db/graph_db_node_28/02_p0.2/02_graph_n28_p0.2_idx8.gpickle,28,0.2,8,8,74,167,"[24, 9, 15, 22, 6, 0, 17, 27, 13, 23, 10, 2, 18, 11, 26, 7, 21, 4, 12, 14, 19, 25, 3, 16, 5, 1, 8, 20]",10.5964191
./random_graph_db/graph_db_node_28/02_p0.2/02_graph_n28_p0.2_idx9.gpickle,28,0.2,9,8,69,177,"[1, 26, 20, 6, 18, 4, 10, 5, 22, 15, 25, 23, 16, 19, 7, 24, 12, 8, 21, 9, 2, 17, 11, 3, 0, 13, 14, 27]",10.357986
./random_graph_db/graph_db_node_28/03_p0.3/03_graph_n28_p0.3_idx1.gpickle,28,0.3,1,10,112,268,"[12, 16, 15, 17, 18, 8, 0, 1, 3, 22, 2, 4, 21, 5, 23, 7, 19, 6, 20, 14, 27, 10, 11, 25, 26, 9, 13, 24]",11.251065
./random_graph_db/graph_db_node_28/03_p0.3/03_graph_n28_p0.3_idx10.gpickle,28,0.3,10,10,99,253,"[26, 10, 6, 15, 2, 18, 0, 23, 9, 4, 16, 27, 3, 21, 25, 12, 1, 14, 22, 20, 8, 11, 5, 7, 19, 24, 13, 17]",11.358834
./random_graph_db/graph_db_node_28/03_p0.3/03_graph_n28_p0.3_idx2.gpickle,28,0.3,2,10,117,299,"[0, 16, 1, 9, 23, 19, 15, 14, 13, 10, 4, 24, 12, 27, 7, 5, 21, 8, 26, 6, 17, 25, 2, 3, 18, 20, 22, 11]",11.9236178
./random_graph_db/graph_db_node_28/03_p0.3/03_graph_n28_p0.3_idx3.gpickle,28,0.3,3,10,118,272,"[3, 26, 15, 2, 5, 8, 9, 14, 13, 10, 24, 25, 7, 21, 17, 16, 18, 1, 6, 4, 20, 22, 11, 12, 23, 19, 0, 27]",11.582464
./random_graph_db/graph_db_node_28/03_p0.3/03_graph_n28_p0.3_idx4.gpickle,28,0.3,4,10,119,278,"[7, 18, 14, 8, 3, 5, 20, 2, 19, 1, 23, 15, 4, 12, 0, 17, 25, 27, 21, 26, 22, 10, 24, 16, 11, 13, 6, 9]",11.2301352
./random_graph_db/graph_db_node_28/03_p0.3/03_graph_n28_p0.3_idx5.gpickle,28,0.3,5,10,121,291,"[25, 15, 20, 22, 7, 21, 5, 9, 12, 10, 0, 13, 23, 2, 14, 17, 16, 26, 24, 3, 6, 4, 11, 1, 8, 19, 27, 18]",11.3166661
./random_graph_db/graph_db_node_28/03_p0.3/03_graph_n28_p0.3_idx6.gpickle,28,0.3,6,9,114,278,"[16, 22, 0, 2, 26, 13, 27, 12, 9, 11, 25, 3, 17, 4, 7, 10, 5, 1, 21, 19, 24, 14, 20, 6, 15, 23, 18, 8]",11.2414649
./random_graph_db/graph_db_node_28/03_p0.3/03_graph_n28_p0.3_idx7.gpickle,28,0.3,7,10,116,282,"[23, 22, 13, 26, 11, 3, 5, 17, 8, 14, 4, 20, 15, 12, 7, 1, 18, 27, 24, 2, 21, 25, 19, 16, 6, 9, 10, 0]",11.714081
./random_graph_db/graph_db_node_28/03_p0.3/03_graph_n28_p0.3_idx8.gpickle,28,0.3,8,10,108,261,"[15, 18, 24, 16, 1, 20, 5, 2, 19, 6, 11, 14, 3, 25, 10, 8, 9, 23, 12, 21, 7, 0, 17, 4, 26, 13, 27, 22]",12.0162811
./random_graph_db/graph_db_node_28/03_p0.3/03_graph_n28_p0.3_idx9.gpickle,28,0.3,9,11,127,303,"[12, 15, 17, 11, 2, 26, 24, 25, 22, 4, 16, 18, 14, 3, 6, 19, 0, 21, 7, 8, 27, 5, 10, 13, 23, 20, 9, 1]",12.8993452
./random_graph_db/graph_db_node_28/04_p0.4/04_graph_n28_p0.4_idx1.gpickle,28,0.4,1,11,124,296,"[26, 6, 25, 14, 5, 0, 10, 9, 18, 12, 21, 1, 27, 11, 13, 23, 16, 7, 22, 20, 3, 24, 8, 2, 4, 19, 15, 17]",12.6525788
./random_graph_db/graph_db_node_28/04_p0.4/04_graph_n28_p0.4_idx10.gpickle,28,0.4,10,11,144,332,"[13, 26, 24, 15, 11, 5, 25, 23, 0, 17, 4, 10, 20, 9, 2, 6, 14, 3, 18, 19, 12, 27, 7, 21, 22, 8, 1, 16]",13.3462989
./random_graph_db/graph_db_node_28/04_p0.4/04_graph_n28_p0.4_idx2.gpickle,28,0.4,2,11,139,329,"[13, 6, 4, 18, 10, 9, 11, 17, 5, 12, 7, 14, 20, 1, 22, 23, 24, 8, 19, 25, 2, 21, 26, 3, 27, 0, 15, 16]",12.9518521
./random_graph_db/graph_db_node_28/04_p0.4/04_graph_n28_p0.4_idx3.gpickle,28,0.4,3,10,138,342,"[22, 11, 27, 16, 1, 2, 26, 13, 0, 20, 10, 3, 17, 8, 21, 24, 9, 5, 25, 18, 7, 19, 23, 4, 15, 12, 14, 6]",12.3005009
./random_graph_db/graph_db_node_28/04_p0.4/04_graph_n28_p0.4_idx4.gpickle,28,0.4,4,11,132,325,"[11, 16, 14, 26, 25, 13, 12, 27, 10, 18, 15, 6, 24, 17, 19, 22, 23, 9, 4, 8, 21, 0, 7, 20, 3, 1, 5, 2]",12.228842
./random_graph_db/graph_db_node_28/04_p0.4/04_graph_n28_p0.4_idx5.gpickle,28,0.4,5,11,142,347,"[14, 20, 4, 13, 22, 3, 7, 11, 2, 1, 10, 16, 21, 27, 12, 0, 26, 8, 6, 5, 24, 18, 19, 17, 15, 9, 23, 25]",12.0434339
./random_graph_db/graph_db_node_28/04_p0.4/04_graph_n28_p0.4_idx6.gpickle,28,0.4,6,11,132,310,"[9, 25, 5, 2, 4, 0, 7, 27, 23, 21, 17, 1, 14, 24, 26, 13, 6, 20, 3, 19, 10, 11, 18, 16, 12, 22, 8, 15]",11.8366201
./random_graph_db/graph_db_node_28/04_p0.4/04_graph_n28_p0.4_idx7.gpickle,28,0.4,7,11,151,353,"[26, 7, 12, 2, 14, 22, 4, 25, 23, 0, 20, 27, 10, 15, 17, 11, 1, 19, 9, 8, 24, 6, 5, 21, 18, 13, 16, 3]",12.595531
./random_graph_db/graph_db_node_28/04_p0.4/04_graph_n28_p0.4_idx8.gpickle,28,0.4,8,11,133,320,"[23, 19, 18, 8, 2, 24, 22, 25, 17, 13, 26, 4, 1, 7, 27, 5, 11, 0, 6, 9, 21, 15, 14, 3, 16, 20, 10, 12]",12.0333409
./random_graph_db/graph_db_node_28/04_p0.4/04_graph_n28_p0.4_idx9.gpickle,28,0.4,9,10,133,313,"[8, 14, 22, 7, 6, 9, 18, 4, 3, 20, 11, 10, 5, 21, 23, 0, 26, 1, 25, 19, 13, 27, 2, 24, 17, 12, 16, 15]",12.1067011
./random_graph_db/graph_db_node_28/05_p0.45/05_graph_n28_p0.45_idx1.gpickle,28,0.45,1,11,129,324,"[23, 7, 24, 12, 13, 3, 25, 0, 1, 18, 5, 6, 11, 27, 15, 9, 19, 21, 2, 26, 22, 10, 4, 16, 17, 14, 20, 8]",12.083528
./random_graph_db/graph_db_node_28/05_p0.45/05_graph_n28_p0.45_idx10.gpickle,28,0.45,10,11,138,331,"[10, 16, 27, 26, 4, 14, 18, 2, 8, 25, 6, 5, 13, 0, 9, 3, 7, 1, 11, 23, 22, 19, 15, 12, 17, 20, 24, 21]",12.220088
./random_graph_db/graph_db_node_28/05_p0.45/05_graph_n28_p0.45_idx2.gpickle,28,0.45,2,11,133,315,"[12, 16, 20, 26, 17, 24, 22, 19, 10, 23, 0, 8, 18, 1, 25, 27, 13, 21, 14, 4, 7, 2, 11, 9, 15, 6, 5, 3]",12.3387501
./random_graph_db/graph_db_node_28/05_p0.45/05_graph_n28_p0.45_idx3.gpickle,28,0.45,3,11,140,334,"[15, 20, 1, 23, 27, 13, 22, 25, 17, 2, 3, 7, 4, 12, 21, 18, 26, 19, 8, 0, 16, 9, 6, 24, 11, 10, 5, 14]",11.9964759
./random_graph_db/graph_db_node_28/05_p0.45/05_graph_n28_p0.45_idx4.gpickle,28,0.45,4,11,137,339,"[11, 8, 23, 19, 18, 21, 7, 9, 5, 0, 15, 22, 3, 24, 10, 20, 1, 2, 27, 4, 12, 26, 17, 16, 25, 6, 13, 14]",12.2207649
./random_graph_db/graph_db_node_28/05_p0.45/05_graph_n28_p0.45_idx5.gpickle,28,0.45,5,11,147,373,"[25, 0, 11, 23, 14, 17, 4, 5, 27, 20, 6, 9, 16, 2, 7, 22, 8, 24, 15, 21, 18, 19, 13, 12, 26, 1, 3, 10]",12.11871
./random_graph_db/graph_db_node_28/05_p0.45/05_graph_n28_p0.45_idx6.gpickle,28,0.45,6,11,148,323,"[20, 17, 6, 8, 14, 9, 25, 2, 1, 26, 15, 10, 4, 18, 13, 5, 3, 22, 12, 16, 23, 24, 11, 27, 0, 21, 7, 19]",10.6453741
./random_graph_db/graph_db_node_28/05_p0.45/05_graph_n28_p0.45_idx7.gpickle,28,0.45,7,11,153,357,"[19, 27, 0, 23, 18, 21, 12, 17, 5, 20, 24, 3, 14, 25, 10, 2, 22, 1, 15, 6, 26, 13, 4, 9, 8, 16, 11, 7]",10.5744312
./random_graph_db/graph_db_node_28/05_p0.45/05_graph_n28_p0.45_idx8.gpickle,28,0.45,8,11,131,314,"[6, 5, 23, 17, 19, 15, 1, 26, 3, 10, 18, 16, 7, 11, 14, 4, 12, 24, 0, 8, 27, 2, 9, 21, 25, 20, 22, 13]",9.8221078
./random_graph_db/graph_db_node_28/05_p0.45/05_graph_n28_p0.45_idx9.gpickle,28,0.45,9,10,118,293,"[3, 17, 12, 5, 8, 2, 22, 14, 24, 27, 23, 19, 6, 20, 10, 7, 13, 25, 9, 15, 21, 18, 11, 16, 26, 0, 1, 4]",9.8584142
./random_graph_db/graph_db_node_28/06_p0.5/06_graph_n28_p0.5_idx1.gpickle,28,0.5,1,11,137,321,"[17, 10, 22, 13, 21, 6, 16, 20, 11, 15, 4, 19, 27, 23, 2, 0, 5, 1, 3, 7, 8, 25, 18, 26, 14, 12, 24, 9]",9.929502
./random_graph_db/graph_db_node_28/06_p0.5/06_graph_n28_p0.5_idx10.gpickle,28,0.5,10,10,137,326,"[16, 6, 11, 5, 25, 14, 1, 2, 18, 26, 24, 10, 7, 15, 3, 19, 27, 22, 20, 13, 4, 17, 8, 21, 12, 9, 23, 0]",10.2389288
./random_graph_db/graph_db_node_28/06_p0.5/06_graph_n28_p0.5_idx2.gpickle,28,0.5,2,11,148,353,"[21, 15, 8, 11, 26, 9, 27, 13, 22, 3, 18, 12, 24, 10, 2, 20, 14, 19, 23, 4, 16, 1, 25, 5, 17, 0, 7, 6]",10.255059
./random_graph_db/graph_db_node_28/06_p0.5/06_graph_n28_p0.5_idx3.gpickle,28,0.5,3,11,134,322,"[19, 7, 4, 6, 15, 10, 18, 8, 0, 5, 9, 26, 27, 22, 25, 11, 23, 20, 24, 16, 12, 13, 17, 3, 2, 1, 14, 21]",10.2523263
./random_graph_db/graph_db_node_28/06_p0.5/06_graph_n28_p0.5_idx4.gpickle,28,0.5,4,11,128,319,"[25, 27, 11, 5, 15, 13, 24, 22, 9, 12, 8, 1, 10, 18, 0, 16, 20, 4, 6, 23, 2, 3, 21, 14, 17, 26, 19, 7]",9.8274131
./random_graph_db/graph_db_node_28/06_p0.5/06_graph_n28_p0.5_idx5.gpickle,28,0.5,5,11,131,311,"[27, 14, 15, 17, 22, 24, 18, 3, 12, 4, 0, 21, 10, 13, 7, 26, 2, 5, 23, 16, 11, 1, 20, 6, 25, 9, 19, 8]",9.9978871
./random_graph_db/graph_db_node_28/06_p0.5/06_graph_n28_p0.5_idx6.gpickle,28,0.5,6,10,121,297,"[22, 15, 20, 7, 19, 5, 24, 16, 21, 9, 25, 6, 3, 12, 26, 27, 17, 10, 0, 8, 14, 1, 4, 13, 2, 18, 23, 11]",9.9047489
./random_graph_db/graph_db_node_28/06_p0.5/06_graph_n28_p0.5_idx7.gpickle,28,0.5,7,11,137,333,"[26, 4, 27, 9, 22, 14, 15, 10, 12, 19, 1, 5, 0, 16, 3, 17, 20, 24, 2, 18, 23, 8, 21, 13, 6, 25, 11, 7]",10.0657229
./random_graph_db/graph_db_node_28/06_p0.5/06_graph_n28_p0.5_idx8.gpickle,28,0.5,8,11,140,338,"[3, 2, 8, 17, 5, 6, 13, 4, 14, 25, 9, 12, 16, 24, 27, 21, 19, 15, 26, 0, 11, 20, 22, 18, 23, 7, 10, 1]",10.2008588
./random_graph_db/graph_db_node_28/06_p0.5/06_graph_n28_p0.5_idx9.gpickle,28,0.5,9,11,148,346,"[9, 27, 14, 16, 25, 7, 5, 19, 15, 17, 20, 24, 8, 11, 6, 13, 1, 3, 12, 10, 4, 21, 22, 23, 2, 26, 0, 18]",10.273998
./random_graph_db/graph_db_node_28/07_p0.55/07_graph_n28_p0.55_idx1.gpickle,28,0.55,1,11,146,343,"[14, 12, 20, 8, 7, 18, 21, 4, 1, 27, 13, 3, 15, 9, 11, 19, 22, 25, 23, 0, 26, 2, 24, 6, 10, 16, 5, 17]",10.190346
./random_graph_db/graph_db_node_28/07_p0.55/07_graph_n28_p0.55_idx10.gpickle,28,0.55,10,11,155,363,"[21, 11, 2, 23, 13, 19, 4, 25, 20, 12, 0, 16, 22, 7, 14, 3, 1, 24, 9, 5, 10, 17, 15, 6, 26, 8, 18, 27]",10.064394
./random_graph_db/graph_db_node_28/07_p0.55/07_graph_n28_p0.55_idx2.gpickle,28,0.55,2,11,132,320,"[12, 19, 1, 2, 21, 4, 27, 20, 14, 10, 6, 9, 25, 22, 5, 0, 24, 7, 13, 17, 11, 15, 18, 23, 16, 26, 3, 8]",10.3707299
./random_graph_db/graph_db_node_28/07_p0.55/07_graph_n28_p0.55_idx3.gpickle,28,0.55,3,11,138,316,"[22, 19, 26, 7, 5, 17, 1, 6, 16, 20, 25, 9, 2, 10, 13, 21, 24, 12, 18, 15, 11, 8, 14, 3, 23, 4, 27, 0]",10.1243749
./random_graph_db/graph_db_node_28/07_p0.55/07_graph_n28_p0.55_idx4.gpickle,28,0.55,4,11,145,343,"[15, 26, 12, 8, 13, 2, 27, 16, 25, 6, 3, 22, 7, 5, 21, 17, 1, 9, 20, 14, 18, 0, 10, 11, 4, 19, 24, 23]",9.886976
./random_graph_db/graph_db_node_28/07_p0.55/07_graph_n28_p0.55_idx5.gpickle,28,0.55,5,11,154,359,"[27, 7, 24, 0, 26, 21, 15, 12, 20, 9, 17, 1, 10, 5, 13, 2, 4, 23, 25, 3, 14, 8, 22, 6, 18, 16, 11, 19]",10.53918
./random_graph_db/graph_db_node_28/07_p0.55/07_graph_n28_p0.55_idx6.gpickle,28,0.55,6,11,123,306,"[7, 5, 0, 23, 12, 9, 21, 20, 22, 18, 27, 4, 26, 3, 2, 14, 13, 1, 6, 15, 19, 10, 8, 24, 16, 17, 25, 11]",9.8266344
./random_graph_db/graph_db_node_28/07_p0.55/07_graph_n28_p0.55_idx7.gpickle,28,0.55,7,10,124,308,"[15, 26, 10, 24, 16, 14, 11, 19, 17, 23, 5, 22, 13, 25, 21, 3, 18, 20, 27, 4, 8, 2, 0, 9, 12, 1, 7, 6]",10.0907512
./random_graph_db/graph_db_node_28/07_p0.55/07_graph_n28_p0.55_idx8.gpickle,28,0.55,8,11,142,328,"[0, 23, 24, 9, 15, 11, 1, 7, 25, 5, 4, 6, 22, 27, 10, 13, 16, 14, 21, 18, 3, 8, 2, 19, 26, 12, 20, 17]",10.1092479
./random_graph_db/graph_db_node_28/07_p0.55/07_graph_n28_p0.55_idx9.gpickle,28,0.55,9,11,140,338,"[25, 4, 27, 19, 13, 0, 26, 2, 9, 5, 12, 11, 22, 23, 16, 15, 6, 8, 7, 10, 21, 18, 1, 20, 24, 17, 3, 14]",10.0802367
./random_graph_db/graph_db_node_28/08_p0.6/08_graph_n28_p0.6_idx1.gpickle,28,0.6,1,10,118,289,"[22, 9, 14, 26, 11, 21, 8, 12, 3, 4, 15, 7, 16, 25, 24, 19, 6, 0, 1, 13, 27, 23, 5, 17, 18, 20, 10, 2]",9.8673608
./random_graph_db/graph_db_node_28/08_p0.6/08_graph_n28_p0.6_idx10.gpickle,28,0.6,10,11,137,318,"[19, 13, 11, 26, 16, 7, 5, 22, 21, 24, 8, 3, 9, 20, 4, 1, 0, 18, 14, 2, 25, 12, 17, 27, 23, 10, 15, 6]",10.1023471
./random_graph_db/graph_db_node_28/08_p0.6/08_graph_n28_p0.6_idx2.gpickle,28,0.6,2,11,146,339,"[4, 0, 21, 1, 16, 23, 15, 6, 25, 9, 20, 7, 3, 8, 12, 26, 27, 17, 10, 2, 19, 5, 11, 13, 18, 22, 14, 24]",10.2352781
./random_graph_db/graph_db_node_28/08_p0.6/08_graph_n28_p0.6_idx3.gpickle,28,0.6,3,11,148,334,"[26, 1, 11, 2, 21, 15, 27, 7, 20, 4, 0, 22, 9, 19, 13, 10, 12, 8, 24, 14, 5, 3, 25, 23, 6, 16, 17, 18]",10.0599217
./random_graph_db/graph_db_node_28/08_p0.6/08_graph_n28_p0.6_idx4.gpickle,28,0.6,4,11,147,339,"[6, 4, 0, 12, 20, 11, 27, 21, 3, 15, 25, 19, 7, 26, 1, 23, 2, 22, 13, 9, 5, 18, 10, 17, 8, 14, 16, 24]",10.3621509
./random_graph_db/graph_db_node_28/08_p0.6/08_graph_n28_p0.6_idx5.gpickle,28,0.6,5,11,131,319,"[25, 6, 4, 19, 9, 5, 8, 23, 18, 20, 15, 26, 0, 3, 22, 13, 16, 10, 21, 7, 11, 17, 12, 1, 24, 27, 2, 14]",10.0074072
./random_graph_db/graph_db_node_28/08_p0.6/08_graph_n28_p0.6_idx6.gpickle,28,0.6,6,11,143,353,"[1, 19, 18, 27, 12, 20, 15, 24, 4, 5, 9, 16, 3, 25, 2, 8, 7, 17, 10, 22, 11, 14, 13, 26, 21, 0, 6, 23]",10.0734999
./random_graph_db/graph_db_node_28/08_p0.6/08_graph_n28_p0.6_idx7.gpickle,28,0.6,7,11,138,304,"[12, 7, 0, 8, 23, 2, 3, 4, 19, 27, 11, 16, 17, 25, 6, 22, 10, 13, 5, 24, 20, 15, 14, 18, 21, 1, 9, 26]",10.3662658
./random_graph_db/graph_db_node_28/08_p0.6/08_graph_n28_p0.6_idx8.gpickle,28,0.6,8,11,140,329,"[26, 1, 22, 27, 15, 5, 20, 7, 23, 24, 8, 10, 21, 17, 12, 0, 11, 9, 25, 14, 6, 2, 16, 19, 4, 3, 18, 13]",10.0258451
./random_graph_db/graph_db_node_28/08_p0.6/08_graph_n28_p0.6_idx9.gpickle,28,0.6,9,11,129,309,"[11, 0, 22, 19, 18, 15, 2, 16, 27, 13, 10, 23, 6, 12, 8, 21, 4, 25, 9, 14, 20, 26, 1, 5, 3, 7, 17, 24]",10.2726588
./random_graph_db/graph_db_node_28/09_p0.65/09_graph_n28_p0.65_idx1.gpickle,28,0.65,1,11,130,314,"[3, 17, 23, 4, 5, 22, 7, 25, 20, 8, 0, 18, 13, 14, 6, 19, 1, 24, 15, 11, 27, 2, 21, 26, 16, 10, 9, 12]",10.0043077
./random_graph_db/graph_db_node_28/09_p0.65/09_graph_n28_p0.65_idx10.gpickle,28,0.65,10,11,149,354,"[2, 26, 13, 23, 16, 14, 6, 17, 3, 12, 9, 15, 27, 25, 8, 21, 24, 11, 7, 1, 18, 0, 19, 4, 22, 5, 10, 20]",10.0069208
./random_graph_db/graph_db_node_28/09_p0.65/09_graph_n28_p0.65_idx2.gpickle,28,0.65,2,11,161,378,"[11, 12, 20, 2, 27, 16, 6, 9, 5, 21, 4, 25, 18, 17, 24, 8, 14, 7, 3, 19, 0, 26, 15, 10, 13, 23, 22, 1]",10.5186009
./random_graph_db/graph_db_node_28/09_p0.65/09_graph_n28_p0.65_idx3.gpickle,28,0.65,3,11,150,327,"[1, 15, 22, 12, 20, 7, 19, 11, 17, 10, 16, 23, 4, 13, 24, 9, 21, 14, 6, 8, 25, 0, 26, 18, 27, 5, 3, 2]",10.3653538
./random_graph_db/graph_db_node_28/09_p0.65/09_graph_n28_p0.65_idx4.gpickle,28,0.65,4,11,155,376,"[22, 0, 10, 11, 19, 27, 2, 16, 14, 15, 26, 13, 21, 5, 1, 20, 18, 8, 17, 9, 12, 25, 7, 3, 23, 6, 4, 24]",10.1704571
./random_graph_db/graph_db_node_28/09_p0.65/09_graph_n28_p0.65_idx5.gpickle,28,0.65,5,11,142,332,"[17, 27, 21, 14, 20, 10, 11, 25, 4, 19, 15, 5, 9, 8, 0, 16, 3, 7, 23, 22, 24, 6, 13, 2, 12, 26, 18, 1]",10.19625
./random_graph_db/graph_db_node_28/09_p0.65/09_graph_n28_p0.65_idx6.gpickle,28,0.65,6,11,135,301,"[12, 20, 9, 17, 2, 15, 21, 22, 4, 27, 24, 3, 23, 0, 14, 8, 5, 25, 1, 11, 10, 19, 7, 16, 13, 6, 26, 18]",9.7857728
./random_graph_db/graph_db_node_28/09_p0.65/09_graph_n28_p0.65_idx7.gpickle,28,0.65,7,11,155,361,"[26, 20, 13, 11, 25, 2, 22, 0, 12, 4, 7, 6, 1, 23, 18, 21, 8, 15, 9, 16, 27, 24, 17, 10, 3, 19, 14, 5]",10.13203
./random_graph_db/graph_db_node_28/09_p0.65/09_graph_n28_p0.65_idx8.gpickle,28,0.65,8,11,144,340,"[19, 16, 15, 1, 25, 23, 22, 26, 2, 3, 9, 17, 10, 4, 8, 14, 27, 7, 21, 5, 20, 13, 6, 24, 18, 12, 11, 0]",10.1585681
./random_graph_db/graph_db_node_28/09_p0.65/09_graph_n28_p0.65_idx9.gpickle,28,0.65,9,10,118,315,"[8, 26, 7, 6, 13, 2, 5, 21, 22, 23, 27, 16, 15, 11, 17, 25, 9, 10, 3, 19, 14, 18, 20, 12, 4, 24, 1, 0]",9.8411939
./random_graph_db/graph_db_node_28/10_p0.7/10_graph_n28_p0.7_idx1.gpickle,28,0.7,1,11,125,288,"[9, 25, 21, 7, 4, 12, 8, 22, 16, 13, 3, 0, 14, 2, 26, 17, 5, 11, 24, 20, 27, 23, 18, 15, 10, 1, 6, 19]",9.8127868
./random_graph_db/graph_db_node_28/10_p0.7/10_graph_n28_p0.7_idx10.gpickle,28,0.7,10,10,151,368,"[5, 8, 13, 26, 4, 21, 7, 16, 15, 18, 17, 1, 23, 0, 25, 3, 11, 6, 22, 14, 9, 19, 24, 2, 27, 20, 10, 12]",10.4042571
./random_graph_db/graph_db_node_28/10_p0.7/10_graph_n28_p0.7_idx2.gpickle,28,0.7,2,10,132,317,"[22, 0, 19, 13, 10, 24, 5, 2, 6, 3, 4, 14, 8, 11, 12, 15, 27, 9, 18, 25, 16, 26, 7, 23, 20, 21, 17, 1]",10.0625782
./random_graph_db/graph_db_node_28/10_p0.7/10_graph_n28_p0.7_idx3.gpickle,28,0.7,3,10,133,316,"[6, 10, 1, 15, 13, 27, 16, 17, 11, 20, 18, 9, 21, 24, 0, 23, 25, 4, 26, 22, 2, 5, 3, 19, 7, 12, 8, 14]",10.0263491
./random_graph_db/graph_db_node_28/10_p0.7/10_graph_n28_p0.7_idx4.gpickle,28,0.7,4,11,134,324,"[11, 27, 7, 20, 17, 19, 6, 9, 1, 24, 25, 8, 23, 15, 12, 26, 22, 0, 2, 13, 21, 16, 14, 5, 3, 4, 10, 18]",9.8509858
./random_graph_db/graph_db_node_28/10_p0.7/10_graph_n28_p0.7_idx5.gpickle,28,0.7,5,11,149,351,"[11, 14, 4, 12, 19, 0, 21, 23, 15, 22, 3, 13, 2, 9, 1, 20, 7, 25, 18, 17, 6, 8, 24, 26, 16, 10, 27, 5]",10.291955
./random_graph_db/graph_db_node_28/10_p0.7/10_graph_n28_p0.7_idx6.gpickle,28,0.7,6,10,112,284,"[20, 23, 27, 5, 25, 15, 9, 24, 11, 13, 17, 19, 26, 3, 6, 14, 18, 0, 4, 22, 10, 21, 7, 12, 1, 8, 16, 2]",9.6187351
./random_graph_db/graph_db_node_28/10_p0.7/10_graph_n28_p0.7_idx7.gpickle,28,0.7,7,11,133,315,"[15, 8, 1, 14, 10, 2, 18, 4, 0, 25, 22, 7, 21, 24, 27, 6, 11, 17, 16, 26, 20, 13, 5, 12, 9, 3, 23, 19]",11.6419809
./random_graph_db/graph_db_node_28/10_p0.7/10_graph_n28_p0.7_idx8.gpickle,28,0.7,8,11,124,292,"[21, 9, 5, 27, 11, 18, 15, 25, 6, 16, 2, 26, 3, 14, 7, 23, 1, 20, 17, 0, 8, 12, 22, 10, 24, 4, 19, 13]",11.3124101
./random_graph_db/graph_db_node_28/10_p0.7/10_graph_n28_p0.7_idx9.gpickle,28,0.7,9,10,98,247,"[23, 15, 1, 3, 9, 16, 24, 7, 11, 18, 4, 5, 2, 20, 27, 22, 10, 8, 19, 6, 0, 13, 21, 17, 25, 26, 14, 12]",9.8823211
./random_graph_db/graph_db_node_28/11_p0.8/11_graph_n28_p0.8_idx1.gpickle,28,0.8,1,10,102,267,"[20, 0, 1, 4, 24, 13, 14, 9, 11, 25, 23, 27, 7, 26, 15, 5, 2, 12, 10, 6, 21, 22, 3, 17, 18, 19, 8, 16]",9.6283472
./random_graph_db/graph_db_node_28/11_p0.8/11_graph_n28_p0.8_idx10.gpickle,28,0.8,10,10,127,304,"[8, 24, 1, 17, 6, 13, 7, 2, 21, 3, 5, 10, 22, 12, 26, 9, 14, 20, 25, 11, 4, 19, 18, 23, 16, 15, 27, 0]",9.9416461
./random_graph_db/graph_db_node_28/11_p0.8/11_graph_n28_p0.8_idx2.gpickle,28,0.8,2,9,103,249,"[11, 20, 0, 23, 19, 27, 1, 3, 22, 8, 4, 16, 6, 18, 15, 25, 2, 26, 5, 10, 12, 14, 21, 9, 7, 13, 17, 24]",9.5498509
./random_graph_db/graph_db_node_28/11_p0.8/11_graph_n28_p0.8_idx3.gpickle,28,0.8,3,10,120,270,"[16, 10, 13, 21, 12, 8, 20, 4, 19, 25, 23, 7, 22, 1, 3, 5, 9, 18, 26, 27, 15, 2, 6, 17, 0, 14, 24, 11]",10.1651111
./random_graph_db/graph_db_node_28/11_p0.8/11_graph_n28_p0.8_idx4.gpickle,28,0.8,4,10,99,246,"[20, 6, 2, 15, 27, 8, 13, 23, 5, 26, 0, 22, 7, 24, 21, 10, 18, 12, 19, 16, 4, 17, 9, 1, 11, 25, 14, 3]",9.3115849
./random_graph_db/graph_db_node_28/11_p0.8/11_graph_n28_p0.8_idx5.gpickle,28,0.8,5,9,100,251,"[5, 21, 7, 6, 2, 14, 16, 19, 3, 22, 25, 9, 13, 11, 18, 20, 26, 23, 8, 17, 4, 15, 0, 12, 24, 10, 27, 1]",9.4106889
./random_graph_db/graph_db_node_28/11_p0.8/11_graph_n28_p0.8_idx6.gpickle,28,0.8,6,10,101,244,"[19, 20, 2, 8, 12, 5, 17, 15, 9, 10, 18, 11, 1, 3, 22, 16, 26, 24, 7, 27, 13, 21, 6, 23, 14, 0, 25, 4]",9.3833313
./random_graph_db/graph_db_node_28/11_p0.8/11_graph_n28_p0.8_idx7.gpickle,28,0.8,7,9,110,277,"[12, 3, 23, 19, 24, 27, 7, 26, 2, 14, 0, 20, 9, 25, 8, 18, 10, 4, 22, 6, 11, 15, 13, 1, 16, 21, 17, 5]",9.7525949
./random_graph_db/graph_db_node_28/11_p0.8/11_graph_n28_p0.8_idx8.gpickle,28,0.8,8,10,101,237,"[25, 14, 1, 20, 4, 22, 3, 23, 13, 7, 17, 5, 0, 18, 11, 27, 24, 26, 9, 6, 12, 16, 8, 15, 19, 10, 21, 2]",9.2844241
./random_graph_db/graph_db_node_28/11_p0.8/11_graph_n28_p0.8_idx9.gpickle,28,0.8,9,11,133,313,"[5, 2, 16, 24, 9, 6, 1, 26, 3, 12, 11, 15, 8, 0, 27, 14, 17, 4, 25, 7, 18, 13, 19, 21, 10, 22, 20, 23]",10.010453
./random_graph_db/graph_db_node_28/12_p0.9/12_graph_n28_p0.9_idx1.gpickle,28,0.9,1,6,43,135,"[26, 16, 10, 20, 21, 27, 25, 7, 15, 0, 12, 14, 17, 24, 5, 4, 9, 18, 3, 19, 23, 22, 1, 8, 2, 11, 6, 13]",8.3014541
./random_graph_db/graph_db_node_28/12_p0.9/12_graph_n28_p0.9_idx10.gpickle,28,0.9,10,6,45,128,"[12, 5, 20, 4, 0, 19, 24, 22, 26, 15, 7, 13, 18, 16, 11, 14, 1, 6, 21, 9, 3, 23, 2, 17, 10, 27, 8, 25]",8.2914391
./random_graph_db/graph_db_node_28/12_p0.9/12_graph_n28_p0.9_idx2.gpickle,28,0.9,2,6,39,106,"[26, 13, 10, 4, 5, 2, 16, 15, 23, 0, 14, 21, 6, 20, 1, 19, 22, 11, 3, 24, 18, 27, 12, 9, 25, 17, 7, 8]",8.465071
./random_graph_db/graph_db_node_28/12_p0.9/12_graph_n28_p0.9_idx3.gpickle,28,0.9,3,8,93,238,"[20, 8, 24, 9, 25, 3, 21, 23, 26, 4, 14, 6, 7, 1, 2, 12, 13, 11, 0, 17, 19, 5, 10, 16, 18, 22, 15, 27]",9.4550061
./random_graph_db/graph_db_node_28/12_p0.9/12_graph_n28_p0.9_idx4.gpickle,28,0.9,4,7,69,173,"[0, 3, 13, 6, 12, 21, 11, 1, 25, 26, 22, 7, 5, 27, 19, 15, 10, 23, 4, 14, 18, 16, 9, 2, 8, 17, 24, 20]",8.8935411
./random_graph_db/graph_db_node_28/12_p0.9/12_graph_n28_p0.9_idx5.gpickle,28,0.9,5,6,32,100,"[21, 12, 11, 27, 8, 7, 25, 23, 15, 16, 1, 3, 24, 4, 19, 2, 10, 18, 20, 26, 14, 0, 9, 13, 22, 5, 6, 17]",8.2343388
./random_graph_db/graph_db_node_28/12_p0.9/12_graph_n28_p0.9_idx6.gpickle,28,0.9,6,5,41,116,"[16, 23, 9, 21, 15, 17, 2, 1, 6, 19, 13, 7, 14, 4, 0, 27, 8, 24, 26, 25, 12, 11, 10, 5, 22, 18, 20, 3]",8.3161149
./random_graph_db/graph_db_node_28/12_p0.9/12_graph_n28_p0.9_idx7.gpickle,28,0.9,7,6,41,114,"[4, 16, 9, 2, 20, 6, 10, 0, 13, 24, 21, 17, 11, 26, 18, 22, 1, 27, 7, 15, 8, 5, 23, 12, 25, 3, 14, 19]",8.0930591
./random_graph_db/graph_db_node_28/12_p0.9/12_graph_n28_p0.9_idx8.gpickle,28,0.9,8,7,45,119,"[24, 13, 19, 25, 3, 26, 11, 6, 23, 20, 14, 12, 5, 16, 21, 2, 1, 10, 18, 22, 7, 4, 0, 9, 17, 15, 8, 27]",8.3680601
./random_graph_db/graph_db_node_28/12_p0.9/12_graph_n28_p0.9_idx9.gpickle,28,0.9,9,7,48,143,"[1, 11, 14, 3, 10, 26, 20, 6, 24, 8, 5, 18, 15, 0, 2, 4, 9, 21, 25, 27, 7, 13, 22, 16, 17, 23, 12, 19]",8.84882
./random_graph_db/graph_db_node_29/01_p0.1/01_graph_n29_p0.1_idx1.gpickle,29,0.1,1,6,29,77,"[25, 11, 5, 6, 22, 4, 7, 14, 26, 2, 10, 1, 21, 17, 24, 15, 13, 16, 20, 0, 18, 9, 28, 19, 8, 12, 27, 3, 23]",8.5302901
./random_graph_db/graph_db_node_29/01_p0.1/01_graph_n29_p0.1_idx10.gpickle,29,0.1,10,7,41,121,"[9, 12, 15, 13, 1, 25, 19, 27, 7, 8, 14, 2, 23, 16, 5, 17, 0, 10, 11, 26, 21, 6, 24, 20, 4, 18, 28, 22, 3]",8.781383
./random_graph_db/graph_db_node_29/01_p0.1/01_graph_n29_p0.1_idx2.gpickle,29,0.1,2,5,22,91,"[11, 10, 7, 15, 8, 27, 25, 16, 20, 26, 5, 21, 2, 24, 14, 6, 4, 9, 3, 0, 1, 13, 12, 19, 28, 22, 18, 17, 23]",18.8093247
./random_graph_db/graph_db_node_29/01_p0.1/01_graph_n29_p0.1_idx3.gpickle,29,0.1,3,4,29,82,"[6, 7, 0, 3, 22, 27, 18, 14, 16, 8, 4, 28, 17, 11, 25, 10, 1, 20, 9, 19, 2, 24, 21, 5, 12, 15, 23, 13, 26]",8.3722763
./random_graph_db/graph_db_node_29/01_p0.1/01_graph_n29_p0.1_idx4.gpickle,29,0.1,4,5,19,66,"[3, 24, 16, 13, 17, 14, 11, 26, 9, 0, 25, 18, 8, 4, 7, 22, 1, 28, 20, 6, 10, 27, 2, 15, 23, 5, 21, 12, 19]",8.040976
./random_graph_db/graph_db_node_29/01_p0.1/01_graph_n29_p0.1_idx5.gpickle,29,0.1,5,4,15,62,"[11, 21, 9, 1, 18, 6, 25, 28, 5, 24, 16, 12, 27, 14, 13, 10, 23, 7, 4, 26, 22, 0, 3, 15, 8, 2, 20, 17, 19]",8.382971
./random_graph_db/graph_db_node_29/01_p0.1/01_graph_n29_p0.1_idx6.gpickle,29,0.1,6,5,17,59,"[4, 0, 22, 27, 21, 11, 18, 15, 20, 13, 14, 2, 25, 9, 24, 28, 1, 16, 12, 3, 26, 17, 7, 10, 8, 6, 23, 5, 19]",8.5381918
./random_graph_db/graph_db_node_29/01_p0.1/01_graph_n29_p0.1_idx7.gpickle,29,0.1,7,5,23,70,"[27, 5, 26, 8, 10, 17, 9, 18, 6, 2, 25, 28, 7, 22, 15, 14, 24, 0, 20, 13, 4, 16, 1, 19, 3, 21, 23, 12, 11]",8.2393103
./random_graph_db/graph_db_node_29/01_p0.1/01_graph_n29_p0.1_idx8.gpickle,29,0.1,8,6,27,90,"[24, 19, 23, 6, 2, 28, 17, 5, 0, 4, 20, 9, 11, 7, 15, 16, 8, 1, 12, 25, 3, 22, 10, 14, 21, 13, 27, 26, 18]",8.4337821
./random_graph_db/graph_db_node_29/01_p0.1/01_graph_n29_p0.1_idx9.gpickle,29,0.1,9,6,32,91,"[19, 12, 21, 11, 16, 18, 9, 28, 13, 4, 25, 15, 17, 14, 10, 0, 26, 7, 8, 22, 20, 24, 1, 23, 2, 27, 6, 5, 3]",8.4265523
./random_graph_db/graph_db_node_29/02_p0.2/02_graph_n29_p0.2_idx1.gpickle,29,0.2,1,9,78,194,"[4, 11, 8, 1, 7, 0, 19, 3, 21, 28, 20, 10, 22, 2, 15, 25, 23, 17, 18, 6, 9, 16, 14, 27, 26, 12, 13, 5, 24]",9.7748501
./random_graph_db/graph_db_node_29/02_p0.2/02_graph_n29_p0.2_idx10.gpickle,29,0.2,10,10,84,197,"[25, 13, 2, 16, 27, 19, 20, 1, 5, 9, 18, 23, 22, 21, 0, 10, 4, 28, 15, 24, 7, 8, 3, 26, 6, 11, 14, 17, 12]",9.447912
./random_graph_db/graph_db_node_29/02_p0.2/02_graph_n29_p0.2_idx2.gpickle,29,0.2,2,10,91,232,"[10, 24, 12, 21, 7, 18, 1, 13, 27, 25, 19, 0, 17, 23, 22, 9, 2, 5, 16, 4, 6, 8, 11, 28, 26, 15, 20, 3, 14]",9.7636719
./random_graph_db/graph_db_node_29/02_p0.2/02_graph_n29_p0.2_idx3.gpickle,29,0.2,3,10,99,267,"[27, 6, 25, 1, 11, 18, 7, 28, 0, 16, 10, 13, 23, 15, 24, 4, 8, 20, 3, 17, 14, 5, 2, 22, 12, 19, 21, 26, 9]",10.0148971
./random_graph_db/graph_db_node_29/02_p0.2/02_graph_n29_p0.2_idx4.gpickle,29,0.2,4,8,74,194,"[22, 7, 2, 6, 19, 20, 10, 24, 16, 17, 23, 3, 25, 5, 28, 26, 15, 21, 8, 27, 9, 14, 12, 0, 1, 4, 13, 11, 18]",9.2724731
./random_graph_db/graph_db_node_29/02_p0.2/02_graph_n29_p0.2_idx5.gpickle,29,0.2,5,8,65,175,"[20, 0, 14, 26, 24, 25, 7, 17, 23, 3, 10, 4, 18, 27, 28, 13, 8, 11, 9, 6, 19, 22, 21, 5, 12, 15, 16, 2, 1]",9.1799319
./random_graph_db/graph_db_node_29/02_p0.2/02_graph_n29_p0.2_idx6.gpickle,29,0.2,6,10,100,250,"[18, 9, 25, 28, 11, 10, 26, 2, 14, 27, 1, 16, 24, 12, 13, 4, 3, 23, 6, 8, 21, 20, 19, 17, 22, 5, 15, 0, 7]",9.8844092
./random_graph_db/graph_db_node_29/02_p0.2/02_graph_n29_p0.2_idx7.gpickle,29,0.2,7,9,96,240,"[4, 13, 8, 21, 15, 14, 10, 18, 27, 7, 5, 0, 2, 24, 22, 9, 16, 6, 25, 26, 23, 12, 28, 20, 17, 3, 19, 11, 1]",9.6502221
./random_graph_db/graph_db_node_29/02_p0.2/02_graph_n29_p0.2_idx8.gpickle,29,0.2,8,8,69,177,"[8, 17, 25, 11, 3, 6, 21, 18, 4, 5, 20, 14, 27, 22, 24, 16, 23, 28, 2, 19, 12, 1, 15, 13, 26, 7, 9, 10, 0]",9.4761088
./random_graph_db/graph_db_node_29/02_p0.2/02_graph_n29_p0.2_idx9.gpickle,29,0.2,9,8,58,167,"[18, 6, 20, 22, 19, 17, 2, 1, 4, 25, 5, 15, 11, 9, 3, 16, 12, 13, 24, 14, 23, 21, 0, 27, 28, 10, 8, 26, 7]",9.47908
./random_graph_db/graph_db_node_29/03_p0.3/03_graph_n29_p0.3_idx1.gpickle,29,0.3,1,10,116,294,"[16, 9, 28, 6, 21, 20, 5, 18, 15, 7, 17, 23, 8, 11, 3, 26, 4, 0, 19, 12, 27, 14, 22, 24, 10, 1, 13, 25, 2]",10.235625
./random_graph_db/graph_db_node_29/03_p0.3/03_graph_n29_p0.3_idx10.gpickle,29,0.3,10,11,132,304,"[28, 18, 9, 22, 10, 8, 17, 14, 2, 16, 6, 15, 25, 5, 13, 11, 7, 3, 26, 23, 12, 27, 4, 21, 1, 0, 20, 19, 24]",10.4741912
./random_graph_db/graph_db_node_29/03_p0.3/03_graph_n29_p0.3_idx2.gpickle,29,0.3,2,11,136,332,"[1, 25, 17, 12, 20, 4, 14, 22, 13, 5, 19, 8, 16, 7, 28, 3, 15, 2, 24, 9, 10, 0, 6, 11, 27, 26, 23, 21, 18]",10.5207529
./random_graph_db/graph_db_node_29/03_p0.3/03_graph_n29_p0.3_idx3.gpickle,29,0.3,3,11,141,329,"[2, 13, 21, 9, 20, 25, 23, 0, 14, 7, 24, 26, 12, 28, 5, 18, 8, 1, 19, 15, 11, 17, 6, 3, 10, 4, 16, 22, 27]",10.5249069
./random_graph_db/graph_db_node_29/03_p0.3/03_graph_n29_p0.3_idx4.gpickle,29,0.3,4,11,133,303,"[21, 23, 0, 27, 16, 13, 7, 12, 5, 24, 14, 18, 19, 1, 22, 11, 17, 2, 28, 26, 25, 3, 9, 8, 15, 6, 10, 20, 4]",10.3242712
./random_graph_db/graph_db_node_29/03_p0.3/03_graph_n29_p0.3_idx5.gpickle,29,0.3,5,10,102,260,"[21, 1, 13, 18, 6, 11, 2, 22, 3, 23, 26, 12, 25, 7, 16, 17, 20, 0, 28, 5, 14, 24, 4, 10, 19, 8, 9, 15, 27]",10.042644
./random_graph_db/graph_db_node_29/03_p0.3/03_graph_n29_p0.3_idx6.gpickle,29,0.3,6,10,97,261,"[17, 1, 11, 22, 28, 0, 9, 25, 10, 6, 20, 5, 16, 26, 12, 2, 18, 21, 14, 27, 23, 4, 13, 7, 3, 24, 19, 8, 15]",10.1069
./random_graph_db/graph_db_node_29/03_p0.3/03_graph_n29_p0.3_idx7.gpickle,29,0.3,7,11,111,255,"[17, 9, 16, 4, 5, 18, 22, 27, 3, 20, 7, 24, 19, 15, 10, 21, 28, 25, 2, 8, 12, 11, 0, 14, 6, 23, 13, 26, 1]",10.0933311
./random_graph_db/graph_db_node_29/03_p0.3/03_graph_n29_p0.3_idx8.gpickle,29,0.3,8,11,116,281,"[25, 28, 3, 12, 18, 26, 21, 27, 10, 7, 11, 5, 24, 20, 4, 15, 9, 22, 14, 1, 16, 8, 23, 19, 2, 17, 0, 13, 6]",10.3510547
./random_graph_db/graph_db_node_29/03_p0.3/03_graph_n29_p0.3_idx9.gpickle,29,0.3,9,11,132,331,"[9, 25, 23, 1, 6, 8, 10, 5, 11, 7, 4, 15, 14, 17, 21, 2, 20, 28, 27, 0, 18, 26, 24, 16, 13, 12, 3, 22, 19]",10.5856512
./random_graph_db/graph_db_node_29/04_p0.4/04_graph_n29_p0.4_idx1.gpickle,29,0.4,1,11,178,419,"[26, 3, 20, 9, 15, 23, 24, 27, 22, 19, 21, 2, 12, 17, 14, 10, 7, 18, 1, 4, 6, 5, 11, 0, 13, 16, 8, 25, 28]",11.1225228
./random_graph_db/graph_db_node_29/04_p0.4/04_graph_n29_p0.4_idx10.gpickle,29,0.4,10,11,135,336,"[16, 24, 10, 28, 13, 20, 4, 8, 26, 22, 0, 3, 7, 2, 1, 14, 6, 11, 21, 18, 17, 19, 12, 5, 9, 15, 23, 25, 27]",10.6621768
./random_graph_db/graph_db_node_29/04_p0.4/04_graph_n29_p0.4_idx2.gpickle,29,0.4,2,12,167,394,"[26, 19, 21, 2, 1, 9, 18, 7, 15, 13, 11, 8, 6, 23, 12, 3, 20, 24, 25, 10, 17, 28, 5, 27, 22, 16, 0, 4, 14]",10.8523622
./random_graph_db/graph_db_node_29/04_p0.4/04_graph_n29_p0.4_idx3.gpickle,29,0.4,3,11,133,326,"[11, 6, 20, 23, 8, 28, 10, 25, 1, 9, 17, 12, 13, 5, 3, 26, 2, 16, 22, 21, 15, 27, 7, 4, 0, 18, 19, 14, 24]",10.6681199
./random_graph_db/graph_db_node_29/04_p0.4/04_graph_n29_p0.4_idx4.gpickle,29,0.4,4,11,122,288,"[15, 16, 2, 9, 26, 13, 17, 28, 14, 8, 5, 23, 22, 7, 27, 18, 10, 4, 24, 3, 21, 0, 6, 19, 20, 11, 1, 12, 25]",10.284337
./random_graph_db/graph_db_node_29/04_p0.4/04_graph_n29_p0.4_idx5.gpickle,29,0.4,5,11,142,356,"[23, 27, 18, 20, 28, 22, 15, 1, 7, 19, 16, 24, 13, 11, 2, 25, 21, 0, 6, 8, 14, 9, 10, 4, 17, 26, 12, 5, 3]",10.5571659
./random_graph_db/graph_db_node_29/04_p0.4/04_graph_n29_p0.4_idx6.gpickle,29,0.4,6,11,137,327,"[15, 24, 14, 27, 2, 21, 19, 20, 7, 18, 10, 5, 12, 22, 0, 8, 17, 23, 6, 11, 28, 16, 13, 1, 4, 3, 9, 25, 26]",11.026392
./random_graph_db/graph_db_node_29/04_p0.4/04_graph_n29_p0.4_idx7.gpickle,29,0.4,7,11,144,333,"[7, 17, 9, 20, 25, 22, 15, 18, 16, 3, 21, 11, 13, 4, 2, 8, 5, 28, 23, 14, 19, 12, 1, 0, 27, 10, 24, 26, 6]",10.6339052
./random_graph_db/graph_db_node_29/04_p0.4/04_graph_n29_p0.4_idx8.gpickle,29,0.4,8,12,150,355,"[12, 10, 17, 28, 23, 7, 16, 20, 15, 14, 3, 5, 2, 13, 24, 19, 27, 25, 21, 8, 22, 11, 4, 18, 1, 0, 6, 9, 26]",10.7047319
./random_graph_db/graph_db_node_29/04_p0.4/04_graph_n29_p0.4_idx9.gpickle,29,0.4,9,11,132,317,"[27, 14, 19, 6, 4, 5, 23, 8, 17, 2, 7, 3, 15, 24, 13, 9, 0, 28, 11, 1, 25, 16, 18, 20, 21, 12, 26, 22, 10]",10.575742
./random_graph_db/graph_db_node_29/05_p0.45/05_graph_n29_p0.45_idx1.gpickle,29,0.45,1,12,151,363,"[8, 27, 5, 15, 24, 17, 2, 16, 25, 1, 28, 14, 26, 23, 7, 11, 4, 19, 20, 6, 18, 0, 21, 9, 13, 12, 22, 3, 10]",10.953073
./random_graph_db/graph_db_node_29/05_p0.45/05_graph_n29_p0.45_idx10.gpickle,29,0.45,10,12,156,371,"[4, 28, 18, 21, 8, 6, 20, 11, 9, 14, 26, 27, 24, 17, 16, 15, 12, 1, 5, 13, 0, 7, 2, 23, 10, 19, 3, 25, 22]",10.7446141
./random_graph_db/graph_db_node_29/05_p0.45/05_graph_n29_p0.45_idx2.gpickle,29,0.45,2,12,159,386,"[4, 27, 6, 19, 28, 15, 7, 12, 22, 23, 0, 11, 18, 1, 5, 17, 20, 26, 3, 25, 8, 2, 21, 14, 24, 13, 16, 9, 10]",11.2511902
./random_graph_db/graph_db_node_29/05_p0.45/05_graph_n29_p0.45_idx3.gpickle,29,0.45,3,11,149,355,"[20, 14, 9, 7, 19, 22, 24, 15, 16, 0, 27, 18, 3, 13, 23, 28, 4, 2, 26, 8, 10, 1, 17, 5, 6, 11, 12, 25, 21]",10.55146
./random_graph_db/graph_db_node_29/05_p0.45/05_graph_n29_p0.45_idx4.gpickle,29,0.45,4,11,148,364,"[3, 24, 11, 18, 16, 1, 28, 7, 26, 17, 2, 20, 14, 9, 8, 0, 27, 19, 5, 15, 13, 12, 10, 21, 25, 22, 23, 6, 4]",10.9555666
./random_graph_db/graph_db_node_29/05_p0.45/05_graph_n29_p0.45_idx5.gpickle,29,0.45,5,11,139,333,"[28, 23, 27, 3, 19, 21, 11, 24, 15, 5, 26, 9, 6, 4, 22, 18, 7, 17, 20, 2, 0, 12, 14, 25, 10, 13, 8, 16, 1]",10.6104782
./random_graph_db/graph_db_node_29/05_p0.45/05_graph_n29_p0.45_idx6.gpickle,29,0.45,6,11,129,296,"[2, 27, 6, 15, 19, 8, 3, 7, 10, 28, 12, 21, 20, 5, 16, 25, 26, 0, 24, 11, 18, 23, 22, 4, 9, 1, 13, 17, 14]",10.500514
./random_graph_db/graph_db_node_29/05_p0.45/05_graph_n29_p0.45_idx7.gpickle,29,0.45,7,12,151,354,"[10, 24, 26, 8, 7, 15, 28, 3, 25, 18, 12, 14, 21, 9, 11, 13, 22, 5, 1, 0, 19, 4, 20, 2, 17, 6, 16, 27, 23]",10.9336541
./random_graph_db/graph_db_node_29/05_p0.45/05_graph_n29_p0.45_idx8.gpickle,29,0.45,8,11,138,356,"[1, 0, 24, 6, 15, 26, 5, 12, 27, 28, 13, 7, 21, 20, 25, 14, 8, 11, 23, 16, 10, 4, 3, 19, 2, 9, 22, 17, 18]",10.9300711
./random_graph_db/graph_db_node_29/05_p0.45/05_graph_n29_p0.45_idx9.gpickle,29,0.45,9,11,142,336,"[18, 7, 14, 2, 23, 24, 22, 6, 3, 17, 9, 13, 5, 27, 15, 21, 25, 1, 12, 10, 28, 20, 0, 16, 26, 11, 8, 4, 19]",10.639534
./random_graph_db/graph_db_node_29/06_p0.5/06_graph_n29_p0.5_idx1.gpickle,29,0.5,1,12,151,353,"[27, 9, 5, 26, 21, 14, 15, 22, 18, 19, 8, 17, 25, 0, 10, 20, 6, 4, 23, 2, 12, 7, 24, 16, 28, 13, 11, 3, 1]",10.6413991
./random_graph_db/graph_db_node_29/06_p0.5/06_graph_n29_p0.5_idx10.gpickle,29,0.5,10,11,146,374,"[11, 0, 22, 23, 25, 9, 28, 1, 20, 13, 21, 6, 17, 4, 24, 15, 18, 10, 3, 19, 5, 7, 26, 8, 2, 12, 14, 16, 27]",10.8985219
./random_graph_db/graph_db_node_29/06_p0.5/06_graph_n29_p0.5_idx2.gpickle,29,0.5,2,11,147,347,"[2, 19, 8, 20, 24, 23, 6, 25, 26, 12, 3, 21, 15, 5, 0, 4, 7, 27, 9, 28, 22, 18, 1, 14, 10, 13, 16, 11, 17]",10.994303
./random_graph_db/graph_db_node_29/06_p0.5/06_graph_n29_p0.5_idx3.gpickle,29,0.5,3,11,139,329,"[15, 27, 25, 17, 5, 28, 18, 1, 20, 6, 9, 16, 2, 13, 7, 24, 3, 19, 0, 21, 4, 22, 10, 23, 8, 26, 14, 11, 12]",10.8717339
./random_graph_db/graph_db_node_29/06_p0.5/06_graph_n29_p0.5_idx4.gpickle,29,0.5,4,11,163,392,"[14, 19, 11, 24, 2, 9, 5, 4, 28, 27, 7, 23, 21, 1, 18, 15, 8, 10, 22, 20, 3, 0, 6, 12, 16, 13, 26, 25, 17]",10.8956411
./random_graph_db/graph_db_node_29/06_p0.5/06_graph_n29_p0.5_idx5.gpickle,29,0.5,5,12,146,350,"[14, 12, 28, 1, 18, 20, 8, 17, 11, 9, 7, 3, 13, 19, 25, 21, 15, 24, 27, 26, 23, 5, 10, 4, 16, 6, 0, 2, 22]",10.8815949
./random_graph_db/graph_db_node_29/06_p0.5/06_graph_n29_p0.5_idx6.gpickle,29,0.5,6,12,160,366,"[10, 4, 12, 23, 1, 26, 3, 18, 11, 7, 0, 13, 17, 16, 9, 25, 27, 21, 24, 2, 15, 5, 14, 28, 6, 20, 19, 8, 22]",10.7997551
./random_graph_db/graph_db_node_29/06_p0.5/06_graph_n29_p0.5_idx7.gpickle,29,0.5,7,11,157,351,"[27, 23, 11, 6, 26, 7, 17, 28, 22, 25, 15, 14, 18, 19, 20, 24, 5, 9, 4, 13, 12, 2, 16, 1, 3, 10, 0, 21, 8]",10.807987
./random_graph_db/graph_db_node_29/06_p0.5/06_graph_n29_p0.5_idx8.gpickle,29,0.5,8,12,153,357,"[11, 21, 17, 2, 4, 1, 7, 0, 20, 23, 5, 6, 26, 19, 3, 25, 13, 18, 16, 22, 28, 24, 12, 14, 27, 15, 8, 10, 9]",11.04704
./random_graph_db/graph_db_node_29/06_p0.5/06_graph_n29_p0.5_idx9.gpickle,29,0.5,9,12,147,348,"[12, 0, 8, 27, 7, 28, 25, 15, 14, 23, 19, 11, 6, 16, 26, 1, 18, 17, 21, 13, 22, 10, 9, 20, 4, 24, 5, 3, 2]",10.9639349
./random_graph_db/graph_db_node_29/07_p0.55/07_graph_n29_p0.55_idx1.gpickle,29,0.55,1,11,153,374,"[5, 2, 22, 20, 21, 9, 10, 26, 15, 11, 14, 18, 1, 12, 25, 24, 27, 8, 17, 0, 19, 6, 16, 4, 23, 7, 28, 13, 3]",10.6922381
./random_graph_db/graph_db_node_29/07_p0.55/07_graph_n29_p0.55_idx10.gpickle,29,0.55,10,11,142,328,"[15, 9, 7, 13, 28, 8, 27, 23, 14, 25, 4, 5, 21, 24, 3, 19, 0, 26, 11, 6, 1, 10, 18, 22, 17, 12, 16, 2, 20]",10.8220108
./random_graph_db/graph_db_node_29/07_p0.55/07_graph_n29_p0.55_idx2.gpickle,29,0.55,2,11,150,355,"[2, 6, 20, 3, 1, 27, 28, 0, 10, 24, 5, 7, 8, 4, 18, 13, 16, 23, 21, 26, 19, 12, 15, 22, 25, 9, 17, 14, 11]",10.7447898
./random_graph_db/graph_db_node_29/07_p0.55/07_graph_n29_p0.55_idx3.gpickle,29,0.55,3,11,152,369,"[20, 4, 6, 14, 18, 1, 7, 15, 28, 9, 27, 0, 13, 17, 10, 21, 11, 19, 16, 23, 8, 26, 2, 3, 5, 24, 12, 25, 22]",10.882988
./random_graph_db/graph_db_node_29/07_p0.55/07_graph_n29_p0.55_idx4.gpickle,29,0.55,4,12,139,354,"[0, 7, 11, 26, 19, 4, 14, 17, 15, 2, 12, 1, 28, 8, 21, 13, 22, 24, 20, 6, 27, 25, 16, 23, 10, 9, 3, 5, 18]",10.628726
./random_graph_db/graph_db_node_29/07_p0.55/07_graph_n29_p0.55_idx5.gpickle,29,0.55,5,12,167,395,"[13, 14, 9, 24, 11, 28, 17, 2, 18, 15, 6, 22, 12, 7, 3, 25, 16, 21, 8, 26, 5, 19, 23, 20, 1, 27, 10, 0, 4]",10.8402166
./random_graph_db/graph_db_node_29/07_p0.55/07_graph_n29_p0.55_idx6.gpickle,29,0.55,6,11,142,340,"[20, 24, 26, 13, 18, 28, 15, 9, 2, 8, 23, 11, 3, 6, 19, 21, 4, 25, 22, 5, 10, 1, 17, 12, 27, 0, 14, 7, 16]",10.4808309
./random_graph_db/graph_db_node_29/07_p0.55/07_graph_n29_p0.55_idx7.gpickle,29,0.55,7,11,153,357,"[25, 27, 1, 3, 13, 0, 18, 8, 21, 5, 10, 16, 4, 2, 23, 7, 19, 6, 14, 24, 28, 17, 22, 26, 20, 12, 15, 9, 11]",10.9693739
./random_graph_db/graph_db_node_29/07_p0.55/07_graph_n29_p0.55_idx8.gpickle,29,0.55,8,11,145,344,"[7, 24, 6, 4, 20, 8, 15, 13, 5, 19, 28, 25, 1, 27, 2, 23, 22, 12, 10, 18, 16, 14, 26, 11, 17, 21, 3, 9, 0]",10.9867959
./random_graph_db/graph_db_node_29/07_p0.55/07_graph_n29_p0.55_idx9.gpickle,29,0.55,9,12,158,362,"[3, 11, 0, 25, 7, 20, 19, 23, 2, 10, 1, 28, 18, 12, 4, 14, 24, 27, 22, 26, 21, 9, 13, 6, 17, 5, 15, 16, 8]",10.8909879
./random_graph_db/graph_db_node_29/08_p0.6/08_graph_n29_p0.6_idx1.gpickle,29,0.6,1,11,118,302,"[18, 13, 4, 17, 15, 22, 0, 28, 20, 7, 16, 1, 25, 6, 11, 9, 27, 12, 26, 8, 3, 10, 24, 14, 2, 21, 23, 5, 19]",10.6141639
./random_graph_db/graph_db_node_29/08_p0.6/08_graph_n29_p0.6_idx10.gpickle,29,0.6,10,10,130,315,"[5, 7, 4, 9, 13, 23, 26, 20, 16, 17, 0, 22, 11, 1, 3, 24, 8, 10, 28, 6, 2, 21, 25, 18, 14, 27, 19, 12, 15]",10.461076
./random_graph_db/graph_db_node_29/08_p0.6/08_graph_n29_p0.6_idx2.gpickle,29,0.6,2,11,140,313,"[14, 5, 16, 15, 19, 7, 8, 6, 2, 28, 1, 18, 22, 4, 3, 23, 13, 21, 26, 25, 20, 12, 17, 0, 9, 11, 10, 24, 27]",10.869144
./random_graph_db/graph_db_node_29/08_p0.6/08_graph_n29_p0.6_idx3.gpickle,29,0.6,3,12,143,319,"[5, 26, 11, 4, 25, 23, 14, 9, 16, 15, 21, 12, 1, 8, 3, 17, 20, 7, 19, 13, 2, 0, 27, 10, 22, 18, 28, 6, 24]",10.830224
./random_graph_db/graph_db_node_29/08_p0.6/08_graph_n29_p0.6_idx4.gpickle,29,0.6,4,11,132,325,"[25, 9, 16, 14, 22, 15, 1, 11, 0, 27, 24, 3, 2, 4, 23, 21, 20, 18, 7, 28, 19, 17, 13, 10, 6, 5, 26, 8, 12]",10.5647159
./random_graph_db/graph_db_node_29/08_p0.6/08_graph_n29_p0.6_idx5.gpickle,29,0.6,5,11,133,316,"[25, 18, 24, 8, 9, 4, 12, 27, 13, 15, 20, 5, 11, 14, 17, 0, 22, 10, 1, 28, 26, 21, 6, 7, 23, 3, 16, 19, 2]",10.9061317
./random_graph_db/graph_db_node_29/08_p0.6/08_graph_n29_p0.6_idx6.gpickle,29,0.6,6,11,151,367,"[26, 17, 3, 25, 9, 18, 13, 19, 27, 6, 7, 16, 8, 24, 14, 15, 11, 1, 28, 12, 21, 4, 10, 5, 2, 0, 23, 20, 22]",10.7495379
./random_graph_db/graph_db_node_29/08_p0.6/08_graph_n29_p0.6_idx7.gpickle,29,0.6,7,11,155,393,"[3, 25, 14, 9, 4, 28, 8, 13, 22, 12, 1, 19, 17, 10, 18, 11, 23, 0, 26, 2, 5, 6, 24, 20, 16, 7, 21, 15, 27]",10.8216009
./random_graph_db/graph_db_node_29/08_p0.6/08_graph_n29_p0.6_idx8.gpickle,29,0.6,8,11,145,353,"[7, 26, 2, 12, 20, 13, 14, 5, 6, 18, 3, 15, 22, 23, 24, 0, 9, 17, 11, 16, 1, 27, 25, 21, 19, 10, 4, 28, 8]",10.9703622
./random_graph_db/graph_db_node_29/08_p0.6/08_graph_n29_p0.6_idx9.gpickle,29,0.6,9,11,167,395,"[11, 7, 1, 4, 24, 9, 3, 0, 17, 23, 16, 14, 15, 2, 5, 25, 13, 8, 21, 26, 20, 12, 19, 18, 27, 22, 28, 6, 10]",10.897965
./random_graph_db/graph_db_node_29/09_p0.65/09_graph_n29_p0.65_idx1.gpickle,29,0.65,1,12,154,369,"[26, 22, 24, 18, 20, 17, 6, 5, 7, 8, 28, 9, 10, 19, 16, 2, 23, 11, 3, 25, 1, 4, 27, 12, 15, 13, 21, 0, 14]",10.725781
./random_graph_db/graph_db_node_29/09_p0.65/09_graph_n29_p0.65_idx10.gpickle,29,0.65,10,11,136,307,"[11, 12, 15, 22, 28, 10, 4, 21, 3, 9, 13, 16, 23, 8, 27, 6, 18, 25, 7, 1, 26, 2, 24, 20, 14, 5, 19, 17, 0]",10.8038571
./random_graph_db/graph_db_node_29/09_p0.65/09_graph_n29_p0.65_idx2.gpickle,29,0.65,2,11,136,335,"[3, 18, 0, 2, 20, 14, 16, 17, 28, 9, 11, 1, 19, 22, 6, 27, 10, 12, 7, 23, 24, 26, 8, 25, 5, 4, 13, 15, 21]",10.4942691
./random_graph_db/graph_db_node_29/09_p0.65/09_graph_n29_p0.65_idx3.gpickle,29,0.65,3,12,149,343,"[27, 16, 18, 15, 22, 11, 24, 25, 1, 2, 14, 4, 23, 17, 13, 10, 6, 26, 5, 28, 19, 9, 12, 20, 21, 7, 3, 8, 0]",10.8395658
./random_graph_db/graph_db_node_29/09_p0.65/09_graph_n29_p0.65_idx4.gpickle,29,0.65,4,11,148,360,"[6, 26, 15, 2, 20, 23, 18, 10, 8, 27, 28, 1, 7, 25, 14, 12, 11, 22, 13, 0, 5, 21, 9, 3, 19, 16, 4, 24, 17]",10.696064
./random_graph_db/graph_db_node_29/09_p0.65/09_graph_n29_p0.65_idx5.gpickle,29,0.65,5,11,142,319,"[20, 4, 2, 24, 11, 22, 27, 28, 3, 21, 14, 15, 0, 7, 18, 19, 5, 17, 25, 8, 10, 9, 13, 26, 12, 6, 23, 16, 1]",10.5163291
./random_graph_db/graph_db_node_29/09_p0.65/09_graph_n29_p0.65_idx6.gpickle,29,0.65,6,11,141,338,"[2, 22, 14, 1, 6, 25, 3, 0, 20, 5, 21, 4, 9, 16, 15, 27, 23, 24, 28, 13, 18, 8, 19, 26, 12, 10, 7, 11, 17]",10.7969799
./random_graph_db/graph_db_node_29/09_p0.65/09_graph_n29_p0.65_idx7.gpickle,29,0.65,7,11,143,366,"[17, 22, 19, 4, 21, 16, 8, 3, 23, 13, 25, 1, 18, 12, 2, 5, 26, 20, 7, 14, 27, 10, 9, 28, 0, 11, 24, 6, 15]",10.514827
./random_graph_db/graph_db_node_29/09_p0.65/09_graph_n29_p0.65_idx8.gpickle,29,0.65,8,11,145,352,"[13, 19, 24, 10, 22, 2, 20, 14, 27, 5, 0, 12, 17, 25, 3, 4, 6, 21, 16, 9, 18, 1, 23, 26, 11, 8, 7, 15, 28]",10.8696399
./random_graph_db/graph_db_node_29/09_p0.65/09_graph_n29_p0.65_idx9.gpickle,29,0.65,9,11,139,319,"[3, 18, 23, 11, 2, 17, 16, 5, 19, 9, 7, 20, 22, 1, 8, 12, 27, 4, 13, 10, 6, 26, 25, 14, 21, 28, 0, 15, 24]",10.732733
./random_graph_db/graph_db_node_29/10_p0.7/10_graph_n29_p0.7_idx1.gpickle,29,0.7,1,11,141,338,"[19, 5, 23, 18, 12, 20, 6, 25, 4, 27, 14, 22, 1, 0, 11, 3, 28, 9, 15, 21, 7, 8, 10, 24, 2, 26, 17, 13, 16]",10.5588009
./random_graph_db/graph_db_node_29/10_p0.7/10_graph_n29_p0.7_idx10.gpickle,29,0.7,10,12,159,363,"[16, 3, 11, 27, 25, 5, 7, 23, 2, 4, 10, 24, 19, 12, 13, 28, 8, 15, 17, 18, 26, 21, 6, 14, 1, 22, 9, 20, 0]",10.921232
./random_graph_db/graph_db_node_29/10_p0.7/10_graph_n29_p0.7_idx2.gpickle,29,0.7,2,11,138,300,"[19, 16, 3, 18, 21, 9, 17, 20, 6, 0, 11, 27, 2, 4, 5, 25, 13, 24, 10, 7, 1, 15, 12, 22, 26, 28, 14, 8, 23]",10.7467048
./random_graph_db/graph_db_node_29/10_p0.7/10_graph_n29_p0.7_idx3.gpickle,29,0.7,3,10,133,324,"[8, 4, 27, 12, 17, 16, 3, 5, 15, 22, 20, 2, 25, 11, 10, 7, 18, 26, 24, 6, 19, 14, 23, 21, 0, 13, 1, 28, 9]",10.3779588
./random_graph_db/graph_db_node_29/10_p0.7/10_graph_n29_p0.7_idx4.gpickle,29,0.7,4,11,116,277,"[27, 13, 6, 5, 20, 4, 3, 11, 19, 22, 23, 16, 8, 17, 0, 25, 10, 12, 24, 26, 15, 9, 21, 1, 7, 18, 2, 14, 28]",10.4071763
./random_graph_db/graph_db_node_29/10_p0.7/10_graph_n29_p0.7_idx5.gpickle,29,0.7,5,12,162,375,"[8, 19, 17, 2, 27, 7, 24, 23, 13, 4, 18, 15, 5, 9, 28, 21, 26, 3, 11, 1, 16, 14, 10, 22, 25, 0, 6, 12, 20]",10.8322203
./random_graph_db/graph_db_node_29/10_p0.7/10_graph_n29_p0.7_idx6.gpickle,29,0.7,6,11,148,346,"[20, 19, 2, 6, 24, 10, 27, 3, 5, 14, 1, 23, 4, 16, 12, 9, 13, 22, 11, 18, 15, 7, 8, 25, 28, 26, 0, 21, 17]",10.7276788
./random_graph_db/graph_db_node_29/10_p0.7/10_graph_n29_p0.7_idx7.gpickle,29,0.7,7,11,166,390,"[5, 13, 18, 17, 3, 19, 23, 1, 4, 2, 27, 9, 25, 24, 10, 6, 21, 8, 28, 22, 15, 16, 20, 0, 14, 12, 26, 11, 7]",10.9903502
./random_graph_db/graph_db_node_29/10_p0.7/10_graph_n29_p0.7_idx8.gpickle,29,0.7,8,11,125,306,"[26, 27, 11, 1, 9, 6, 25, 23, 7, 8, 3, 19, 24, 5, 16, 14, 22, 17, 13, 4, 12, 18, 20, 21, 10, 2, 15, 0, 28]",10.7668641
./random_graph_db/graph_db_node_29/10_p0.7/10_graph_n29_p0.7_idx9.gpickle,29,0.7,9,11,139,329,"[27, 8, 11, 7, 19, 18, 5, 0, 6, 25, 23, 16, 4, 21, 3, 10, 24, 26, 22, 14, 12, 2, 20, 28, 13, 15, 1, 9, 17]",10.5450811
./random_graph_db/graph_db_node_29/11_p0.8/11_graph_n29_p0.8_idx1.gpickle,29,0.8,1,9,105,281,"[26, 28, 2, 11, 24, 21, 8, 5, 17, 16, 1, 9, 0, 14, 6, 19, 15, 20, 22, 23, 12, 13, 3, 25, 4, 7, 10, 18, 27]",10.177125
./random_graph_db/graph_db_node_29/11_p0.8/11_graph_n29_p0.8_idx10.gpickle,29,0.8,10,10,132,327,"[26, 7, 11, 23, 4, 12, 18, 16, 17, 8, 3, 20, 0, 1, 15, 21, 28, 24, 27, 13, 25, 2, 10, 14, 9, 6, 19, 5, 22]",10.397404
./random_graph_db/graph_db_node_29/11_p0.8/11_graph_n29_p0.8_idx2.gpickle,29,0.8,2,10,103,251,"[5, 7, 4, 12, 10, 24, 3, 28, 14, 1, 11, 20, 25, 16, 15, 17, 27, 21, 8, 23, 6, 18, 19, 22, 13, 2, 0, 9, 26]",10.0298223
./random_graph_db/graph_db_node_29/11_p0.8/11_graph_n29_p0.8_idx3.gpickle,29,0.8,3,10,127,315,"[3, 16, 25, 4, 20, 6, 1, 17, 15, 11, 19, 8, 5, 9, 7, 24, 0, 27, 23, 10, 18, 26, 14, 22, 2, 28, 12, 13, 21]",10.464992
./random_graph_db/graph_db_node_29/11_p0.8/11_graph_n29_p0.8_idx4.gpickle,29,0.8,4,9,106,269,"[3, 16, 8, 1, 24, 15, 11, 5, 7, 23, 20, 14, 13, 2, 19, 10, 21, 26, 9, 17, 25, 22, 4, 28, 0, 6, 27, 18, 12]",9.9644783
./random_graph_db/graph_db_node_29/11_p0.8/11_graph_n29_p0.8_idx5.gpickle,29,0.8,5,9,90,225,"[25, 18, 21, 20, 3, 8, 10, 22, 9, 6, 15, 28, 26, 23, 12, 19, 13, 27, 17, 2, 11, 7, 14, 4, 24, 0, 16, 1, 5]",9.7433128
./random_graph_db/graph_db_node_29/11_p0.8/11_graph_n29_p0.8_idx6.gpickle,29,0.8,6,9,88,215,"[18, 1, 0, 27, 9, 21, 8, 13, 15, 11, 5, 6, 25, 28, 17, 14, 4, 10, 12, 3, 24, 2, 7, 16, 20, 19, 22, 26, 23]",9.8366878
./random_graph_db/graph_db_node_29/11_p0.8/11_graph_n29_p0.8_idx7.gpickle,29,0.8,7,11,118,301,"[4, 21, 18, 11, 0, 14, 6, 1, 16, 27, 10, 3, 24, 7, 15, 2, 8, 22, 9, 25, 28, 19, 17, 23, 12, 13, 20, 26, 5]",10.4013469
./random_graph_db/graph_db_node_29/11_p0.8/11_graph_n29_p0.8_idx8.gpickle,29,0.8,8,10,102,255,"[7, 12, 24, 19, 22, 14, 13, 28, 27, 11, 5, 26, 17, 23, 1, 21, 20, 8, 0, 2, 9, 16, 6, 3, 4, 25, 18, 10, 15]",10.1414902
./random_graph_db/graph_db_node_29/11_p0.8/11_graph_n29_p0.8_idx9.gpickle,29,0.8,9,9,106,275,"[10, 14, 20, 12, 27, 17, 9, 28, 15, 25, 2, 24, 8, 1, 16, 26, 18, 7, 4, 6, 23, 19, 0, 5, 21, 11, 3, 22, 13]",10.2583702
./random_graph_db/graph_db_node_29/12_p0.9/12_graph_n29_p0.9_idx1.gpickle,29,0.9,1,6,42,133,"[8, 6, 7, 0, 23, 17, 14, 2, 20, 10, 12, 21, 28, 18, 26, 1, 27, 13, 25, 16, 24, 15, 19, 3, 5, 9, 11, 22, 4]",8.8026841
./random_graph_db/graph_db_node_29/12_p0.9/12_graph_n29_p0.9_idx10.gpickle,29,0.9,10,6,37,99,"[3, 5, 15, 22, 17, 14, 0, 24, 16, 19, 11, 27, 26, 10, 28, 12, 21, 2, 18, 25, 13, 23, 1, 6, 9, 4, 8, 20, 7]",8.7638171
./random_graph_db/graph_db_node_29/12_p0.9/12_graph_n29_p0.9_idx2.gpickle,29,0.9,2,7,55,134,"[11, 5, 14, 18, 8, 21, 9, 4, 10, 3, 19, 16, 25, 23, 24, 7, 15, 28, 1, 17, 22, 12, 2, 13, 6, 0, 26, 20, 27]",8.96878
./random_graph_db/graph_db_node_29/12_p0.9/12_graph_n29_p0.9_idx3.gpickle,29,0.9,3,8,83,218,"[13, 23, 6, 5, 24, 3, 21, 4, 16, 10, 20, 1, 26, 8, 11, 18, 25, 7, 0, 14, 15, 27, 22, 2, 28, 9, 17, 19, 12]",9.6199729
./random_graph_db/graph_db_node_29/12_p0.9/12_graph_n29_p0.9_idx4.gpickle,29,0.9,4,7,53,138,"[26, 0, 21, 19, 24, 2, 27, 16, 15, 23, 7, 8, 3, 18, 1, 6, 22, 20, 17, 10, 9, 25, 14, 13, 12, 11, 4, 5, 28]",8.8587761
./random_graph_db/graph_db_node_29/12_p0.9/12_graph_n29_p0.9_idx5.gpickle,29,0.9,5,5,33,118,"[15, 17, 5, 16, 26, 24, 12, 6, 7, 4, 27, 10, 21, 20, 28, 2, 8, 23, 22, 18, 13, 1, 11, 3, 9, 19, 0, 14, 25]",8.362206
./random_graph_db/graph_db_node_29/12_p0.9/12_graph_n29_p0.9_idx6.gpickle,29,0.9,6,5,46,145,"[1, 14, 25, 19, 27, 21, 22, 8, 15, 17, 9, 7, 3, 16, 12, 2, 23, 4, 18, 20, 5, 11, 6, 28, 26, 13, 0, 10, 24]",8.8051019
./random_graph_db/graph_db_node_29/12_p0.9/12_graph_n29_p0.9_idx7.gpickle,29,0.9,7,5,32,108,"[12, 0, 8, 26, 27, 17, 7, 13, 18, 10, 21, 23, 5, 1, 28, 24, 20, 9, 16, 15, 22, 19, 11, 6, 4, 14, 25, 3, 2]",8.4330399
./random_graph_db/graph_db_node_29/12_p0.9/12_graph_n29_p0.9_idx8.gpickle,29,0.9,8,7,65,170,"[8, 2, 5, 19, 11, 28, 23, 7, 6, 27, 20, 16, 14, 18, 24, 21, 1, 13, 12, 15, 4, 0, 22, 26, 17, 25, 3, 10, 9]",9.13096
./random_graph_db/graph_db_node_29/12_p0.9/12_graph_n29_p0.9_idx9.gpickle,29,0.9,9,7,70,212,"[28, 1, 21, 7, 2, 16, 14, 18, 26, 10, 25, 8, 17, 3, 13, 11, 22, 6, 24, 15, 20, 19, 12, 23, 4, 27, 0, 9, 5]",9.1307349
./random_graph_db/graph_db_node_30/01_p0.1/01_graph_n30_p0.1_idx1.gpickle,30,0.1,1,6,29,112,"[5, 16, 26, 4, 15, 29, 28, 19, 3, 13, 17, 22, 25, 21, 9, 18, 8, 24, 7, 12, 10, 23, 27, 14, 1, 11, 6, 0, 2, 20]",18.6740181
./random_graph_db/graph_db_node_30/01_p0.1/01_graph_n30_p0.1_idx10.gpickle,30,0.1,10,6,48,132,"[3, 29, 14, 13, 16, 19, 0, 15, 23, 5, 4, 2, 8, 24, 26, 1, 9, 20, 25, 11, 21, 28, 18, 27, 6, 10, 17, 12, 22, 7]",9.2517619
./random_graph_db/graph_db_node_30/01_p0.1/01_graph_n30_p0.1_idx2.gpickle,30,0.1,2,7,34,86,"[10, 4, 26, 29, 19, 25, 12, 13, 23, 27, 2, 20, 3, 5, 28, 16, 6, 22, 7, 11, 21, 18, 1, 17, 24, 15, 9, 8, 0, 14]",20.4703097
./random_graph_db/graph_db_node_30/01_p0.1/01_graph_n30_p0.1_idx3.gpickle,30,0.1,3,6,25,77,"[11, 27, 5, 6, 10, 0, 13, 24, 26, 23, 1, 3, 15, 22, 16, 14, 21, 4, 18, 2, 29, 28, 19, 25, 9, 20, 12, 7, 8, 17]",8.8160169
./random_graph_db/graph_db_node_30/01_p0.1/01_graph_n30_p0.1_idx4.gpickle,30,0.1,4,5,29,91,"[25, 19, 7, 4, 27, 14, 17, 23, 5, 1, 11, 2, 8, 20, 0, 21, 24, 29, 28, 18, 3, 12, 9, 22, 6, 13, 16, 15, 10, 26]",8.8256934
./random_graph_db/graph_db_node_30/01_p0.1/01_graph_n30_p0.1_idx5.gpickle,30,0.1,5,6,30,94,"[11, 5, 18, 24, 9, 15, 17, 3, 21, 19, 2, 6, 13, 8, 23, 7, 20, 0, 28, 16, 12, 4, 22, 27, 14, 29, 10, 25, 26, 1]",8.89922
./random_graph_db/graph_db_node_30/01_p0.1/01_graph_n30_p0.1_idx6.gpickle,30,0.1,6,6,35,100,"[0, 10, 20, 19, 15, 17, 27, 28, 12, 13, 29, 21, 5, 26, 11, 22, 16, 24, 23, 18, 7, 25, 3, 14, 4, 8, 9, 6, 1, 2]",8.9794869
./random_graph_db/graph_db_node_30/01_p0.1/01_graph_n30_p0.1_idx7.gpickle,30,0.1,7,5,17,62,"[21, 27, 8, 18, 23, 7, 0, 28, 16, 24, 9, 15, 29, 20, 19, 14, 25, 12, 13, 17, 10, 3, 11, 6, 5, 1, 2, 22, 4, 26]",8.6803632
./random_graph_db/graph_db_node_30/01_p0.1/01_graph_n30_p0.1_idx8.gpickle,30,0.1,8,7,43,116,"[22, 13, 20, 6, 11, 23, 26, 21, 29, 16, 19, 5, 0, 2, 18, 25, 4, 8, 17, 15, 9, 3, 7, 12, 28, 10, 1, 24, 14, 27]",8.9502699
./random_graph_db/graph_db_node_30/01_p0.1/01_graph_n30_p0.1_idx9.gpickle,30,0.1,9,7,34,109,"[10, 28, 17, 24, 23, 22, 21, 7, 11, 19, 9, 13, 5, 1, 16, 29, 14, 25, 4, 2, 15, 26, 6, 3, 18, 0, 27, 12, 20, 8]",8.8146098
./random_graph_db/graph_db_node_30/02_p0.2/02_graph_n30_p0.2_idx1.gpickle,30,0.2,1,10,85,226,"[23, 6, 18, 7, 27, 12, 19, 16, 25, 8, 21, 22, 24, 4, 20, 0, 26, 17, 14, 28, 10, 5, 2, 9, 11, 3, 29, 13, 1, 15]",10.0808289
./random_graph_db/graph_db_node_30/02_p0.2/02_graph_n30_p0.2_idx10.gpickle,30,0.2,10,9,90,204,"[16, 1, 11, 2, 8, 14, 12, 21, 17, 5, 24, 3, 4, 6, 29, 20, 19, 13, 23, 10, 28, 15, 27, 0, 7, 22, 9, 25, 26, 18]",10.3832059
./random_graph_db/graph_db_node_30/02_p0.2/02_graph_n30_p0.2_idx2.gpickle,30,0.2,2,10,101,246,"[4, 6, 27, 5, 16, 25, 14, 3, 8, 13, 23, 9, 20, 26, 24, 10, 1, 11, 17, 7, 0, 19, 22, 12, 29, 15, 28, 21, 18, 2]",10.2366612
./random_graph_db/graph_db_node_30/02_p0.2/02_graph_n30_p0.2_idx3.gpickle,30,0.2,3,8,80,225,"[5, 3, 23, 13, 16, 0, 20, 4, 11, 9, 15, 27, 1, 29, 12, 2, 8, 24, 26, 19, 21, 7, 14, 28, 10, 6, 18, 17, 25, 22]",10.413322
./random_graph_db/graph_db_node_30/02_p0.2/02_graph_n30_p0.2_idx4.gpickle,30,0.2,4,9,78,203,"[10, 19, 17, 12, 22, 7, 6, 21, 1, 8, 4, 28, 18, 0, 2, 5, 25, 13, 23, 11, 14, 24, 26, 20, 27, 16, 3, 9, 15, 29]",9.907711
./random_graph_db/graph_db_node_30/02_p0.2/02_graph_n30_p0.2_idx5.gpickle,30,0.2,5,9,66,158,"[15, 8, 19, 13, 4, 23, 10, 27, 18, 11, 21, 0, 16, 5, 22, 7, 14, 1, 20, 9, 26, 2, 3, 28, 25, 12, 29, 17, 24, 6]",9.6182289
./random_graph_db/graph_db_node_30/02_p0.2/02_graph_n30_p0.2_idx6.gpickle,30,0.2,6,10,79,175,"[22, 4, 3, 27, 21, 6, 17, 23, 9, 13, 26, 7, 29, 19, 2, 10, 20, 16, 18, 24, 1, 14, 12, 5, 25, 11, 28, 0, 8, 15]",10.168637
./random_graph_db/graph_db_node_30/02_p0.2/02_graph_n30_p0.2_idx7.gpickle,30,0.2,7,9,83,221,"[12, 0, 11, 14, 4, 22, 24, 13, 15, 20, 7, 17, 2, 28, 18, 1, 10, 23, 9, 29, 6, 3, 26, 16, 25, 8, 27, 21, 5, 19]",9.960068
./random_graph_db/graph_db_node_30/02_p0.2/02_graph_n30_p0.2_idx8.gpickle,30,0.2,8,9,91,220,"[19, 26, 15, 7, 14, 25, 21, 5, 17, 23, 1, 11, 6, 8, 24, 29, 27, 18, 12, 16, 3, 13, 9, 10, 20, 28, 2, 0, 4, 22]",10.3465419
./random_graph_db/graph_db_node_30/02_p0.2/02_graph_n30_p0.2_idx9.gpickle,30,0.2,9,8,76,200,"[11, 13, 25, 27, 22, 28, 0, 21, 19, 8, 5, 23, 3, 15, 7, 6, 2, 16, 20, 14, 12, 29, 18, 10, 17, 1, 9, 4, 26, 24]",9.9500122
./random_graph_db/graph_db_node_30/03_p0.3/03_graph_n30_p0.3_idx1.gpickle,30,0.3,1,11,140,327,"[19, 2, 14, 0, 17, 26, 15, 9, 23, 22, 8, 16, 27, 20, 24, 1, 12, 13, 6, 4, 21, 10, 5, 3, 7, 25, 29, 28, 18, 11]",11.0252464
./random_graph_db/graph_db_node_30/03_p0.3/03_graph_n30_p0.3_idx10.gpickle,30,0.3,10,11,135,321,"[10, 1, 8, 13, 7, 22, 20, 9, 12, 11, 0, 5, 2, 4, 6, 24, 16, 28, 27, 3, 26, 15, 18, 19, 17, 25, 14, 29, 23, 21]",11.1329939
./random_graph_db/graph_db_node_30/03_p0.3/03_graph_n30_p0.3_idx2.gpickle,30,0.3,2,11,144,346,"[19, 21, 4, 14, 26, 15, 11, 20, 8, 7, 28, 1, 6, 3, 22, 23, 16, 9, 18, 10, 27, 25, 5, 12, 24, 17, 29, 0, 13, 2]",11.171488
./random_graph_db/graph_db_node_30/03_p0.3/03_graph_n30_p0.3_idx3.gpickle,30,0.3,3,11,120,307,"[8, 12, 0, 24, 17, 10, 26, 28, 3, 2, 20, 9, 25, 19, 13, 16, 7, 6, 11, 29, 4, 1, 23, 22, 27, 5, 18, 14, 15, 21]",10.9027722
./random_graph_db/graph_db_node_30/03_p0.3/03_graph_n30_p0.3_idx4.gpickle,30,0.3,4,11,130,298,"[1, 18, 4, 5, 2, 10, 17, 27, 12, 23, 7, 11, 20, 28, 25, 3, 26, 24, 9, 14, 0, 16, 29, 21, 15, 13, 6, 19, 8, 22]",10.9950581
./random_graph_db/graph_db_node_30/03_p0.3/03_graph_n30_p0.3_idx5.gpickle,30,0.3,5,11,145,330,"[1, 20, 18, 16, 22, 7, 5, 25, 19, 10, 11, 4, 27, 17, 15, 2, 23, 12, 6, 14, 29, 24, 9, 8, 3, 21, 26, 28, 13, 0]",11.1966488
./random_graph_db/graph_db_node_30/03_p0.3/03_graph_n30_p0.3_idx6.gpickle,30,0.3,6,10,119,288,"[6, 18, 19, 24, 0, 17, 10, 29, 12, 7, 1, 22, 9, 27, 23, 21, 2, 26, 11, 4, 28, 13, 5, 3, 16, 15, 25, 8, 20, 14]",10.744139
./random_graph_db/graph_db_node_30/03_p0.3/03_graph_n30_p0.3_idx7.gpickle,30,0.3,7,11,126,301,"[11, 24, 18, 2, 27, 29, 8, 15, 9, 3, 6, 25, 19, 26, 7, 10, 28, 13, 17, 22, 0, 16, 20, 4, 5, 12, 1, 23, 21, 14]",11.0829628
./random_graph_db/graph_db_node_30/03_p0.3/03_graph_n30_p0.3_idx8.gpickle,30,0.3,8,10,129,313,"[19, 3, 0, 24, 9, 22, 6, 28, 18, 4, 7, 20, 29, 10, 13, 15, 5, 12, 27, 11, 25, 2, 8, 21, 26, 16, 17, 1, 23, 14]",10.7838418
./random_graph_db/graph_db_node_30/03_p0.3/03_graph_n30_p0.3_idx9.gpickle,30,0.3,9,12,150,349,"[0, 1, 14, 26, 15, 12, 2, 27, 4, 28, 11, 24, 22, 5, 20, 16, 13, 3, 21, 18, 9, 8, 17, 19, 6, 29, 10, 25, 23, 7]",11.2504919
./random_graph_db/graph_db_node_30/04_p0.4/04_graph_n30_p0.4_idx1.gpickle,30,0.4,1,12,146,345,"[15, 19, 23, 2, 20, 10, 29, 17, 25, 27, 28, 18, 6, 0, 14, 5, 7, 13, 12, 8, 22, 11, 9, 21, 24, 1, 4, 26, 16, 3]",11.732729
./random_graph_db/graph_db_node_30/04_p0.4/04_graph_n30_p0.4_idx10.gpickle,30,0.4,10,12,158,395,"[4, 26, 9, 8, 24, 29, 27, 23, 7, 12, 14, 17, 15, 3, 25, 1, 5, 18, 11, 10, 6, 21, 2, 28, 22, 16, 0, 20, 13, 19]",11.375072
./random_graph_db/graph_db_node_30/04_p0.4/04_graph_n30_p0.4_idx2.gpickle,30,0.4,2,11,147,346,"[8, 22, 27, 3, 10, 26, 20, 2, 15, 19, 7, 13, 5, 9, 1, 29, 25, 17, 21, 11, 6, 24, 16, 23, 14, 12, 28, 18, 4, 0]",11.4419031
./random_graph_db/graph_db_node_30/04_p0.4/04_graph_n30_p0.4_idx3.gpickle,30,0.4,3,12,167,428,"[10, 16, 6, 28, 14, 2, 24, 27, 4, 17, 25, 26, 15, 22, 19, 3, 13, 7, 5, 12, 1, 0, 11, 21, 20, 8, 23, 9, 29, 18]",11.7833419
./random_graph_db/graph_db_node_30/04_p0.4/04_graph_n30_p0.4_idx4.gpickle,30,0.4,4,12,157,367,"[1, 10, 17, 22, 4, 14, 11, 23, 28, 3, 18, 2, 7, 15, 25, 29, 24, 6, 5, 0, 9, 20, 12, 19, 16, 13, 21, 26, 27, 8]",11.4847479
./random_graph_db/graph_db_node_30/04_p0.4/04_graph_n30_p0.4_idx5.gpickle,30,0.4,5,12,163,390,"[29, 27, 21, 0, 2, 4, 10, 23, 25, 17, 19, 20, 3, 1, 11, 6, 24, 9, 5, 28, 15, 13, 16, 22, 8, 12, 7, 26, 18, 14]",11.7962697
./random_graph_db/graph_db_node_30/04_p0.4/04_graph_n30_p0.4_idx6.gpickle,30,0.4,6,11,166,376,"[23, 24, 28, 21, 18, 8, 20, 14, 17, 16, 2, 6, 26, 7, 29, 10, 15, 11, 25, 12, 5, 0, 1, 9, 27, 4, 3, 13, 19, 22]",11.5532279
./random_graph_db/graph_db_node_30/04_p0.4/04_graph_n30_p0.4_idx7.gpickle,30,0.4,7,12,169,383,"[3, 19, 29, 5, 27, 23, 10, 16, 12, 9, 6, 22, 7, 2, 8, 20, 15, 4, 14, 26, 17, 25, 18, 21, 11, 1, 24, 0, 13, 28]",11.7059941
./random_graph_db/graph_db_node_30/04_p0.4/04_graph_n30_p0.4_idx8.gpickle,30,0.4,8,12,155,363,"[2, 7, 0, 20, 26, 8, 13, 24, 18, 21, 16, 25, 11, 17, 1, 10, 5, 22, 4, 28, 23, 27, 29, 3, 15, 6, 12, 14, 9, 19]",11.420454
./random_graph_db/graph_db_node_30/04_p0.4/04_graph_n30_p0.4_idx9.gpickle,30,0.4,9,12,168,380,"[16, 3, 13, 28, 7, 2, 21, 14, 10, 18, 9, 8, 29, 20, 6, 24, 23, 4, 22, 0, 17, 11, 12, 15, 25, 19, 5, 26, 1, 27]",11.7471538
./random_graph_db/graph_db_node_30/05_p0.45/05_graph_n30_p0.45_idx1.gpickle,30,0.45,1,11,151,371,"[15, 28, 12, 9, 0, 8, 17, 29, 27, 7, 21, 20, 5, 19, 18, 2, 25, 1, 6, 14, 24, 23, 10, 22, 26, 13, 4, 3, 11, 16]",11.4033902
./random_graph_db/graph_db_node_30/05_p0.45/05_graph_n30_p0.45_idx10.gpickle,30,0.45,10,12,165,376,"[21, 22, 15, 3, 20, 18, 17, 27, 2, 7, 6, 13, 26, 29, 25, 1, 28, 12, 10, 9, 0, 8, 14, 5, 24, 11, 23, 4, 19, 16]",11.8456531
./random_graph_db/graph_db_node_30/05_p0.45/05_graph_n30_p0.45_idx2.gpickle,30,0.45,2,11,160,378,"[28, 12, 23, 13, 9, 6, 16, 10, 8, 17, 26, 29, 24, 14, 2, 1, 19, 25, 27, 21, 22, 11, 0, 18, 4, 5, 15, 20, 7, 3]",11.3966839
./random_graph_db/graph_db_node_30/05_p0.45/05_graph_n30_p0.45_idx3.gpickle,30,0.45,3,12,175,405,"[13, 16, 9, 21, 15, 6, 11, 14, 10, 17, 0, 1, 28, 26, 29, 23, 24, 25, 12, 4, 20, 3, 2, 7, 19, 5, 27, 8, 22, 18]",11.6014059
./random_graph_db/graph_db_node_30/05_p0.45/05_graph_n30_p0.45_idx4.gpickle,30,0.45,4,11,152,366,"[15, 2, 6, 25, 12, 9, 16, 4, 11, 14, 17, 26, 13, 18, 29, 10, 28, 23, 21, 27, 3, 20, 24, 22, 19, 8, 7, 1, 0, 5]",11.296742
./random_graph_db/graph_db_node_30/05_p0.45/05_graph_n30_p0.45_idx5.gpickle,30,0.45,5,12,171,396,"[13, 2, 7, 22, 12, 24, 10, 5, 0, 4, 26, 19, 1, 28, 20, 25, 17, 8, 11, 3, 27, 14, 15, 18, 6, 21, 16, 9, 29, 23]",11.4932439
./random_graph_db/graph_db_node_30/05_p0.45/05_graph_n30_p0.45_idx6.gpickle,30,0.45,6,12,169,382,"[26, 27, 8, 20, 29, 10, 17, 9, 28, 6, 12, 0, 5, 24, 13, 2, 19, 14, 16, 18, 25, 7, 3, 22, 21, 11, 23, 1, 15, 4]",11.5688131
./random_graph_db/graph_db_node_30/05_p0.45/05_graph_n30_p0.45_idx7.gpickle,30,0.45,7,12,168,384,"[27, 29, 17, 15, 18, 19, 12, 24, 14, 22, 13, 9, 28, 3, 11, 1, 26, 0, 23, 2, 16, 8, 6, 21, 20, 7, 10, 25, 5, 4]",11.5318642
./random_graph_db/graph_db_node_30/05_p0.45/05_graph_n30_p0.45_idx8.gpickle,30,0.45,8,12,155,371,"[23, 11, 14, 16, 28, 20, 0, 9, 21, 29, 8, 2, 12, 19, 13, 4, 18, 27, 26, 7, 25, 10, 17, 24, 1, 15, 22, 6, 5, 3]",11.3014121
./random_graph_db/graph_db_node_30/05_p0.45/05_graph_n30_p0.45_idx9.gpickle,30,0.45,9,12,169,388,"[26, 22, 27, 8, 9, 28, 29, 4, 15, 7, 13, 3, 12, 1, 25, 19, 23, 14, 2, 11, 6, 16, 21, 20, 18, 17, 24, 0, 10, 5]",11.6387928
./random_graph_db/graph_db_node_30/06_p0.5/06_graph_n30_p0.5_idx1.gpickle,30,0.5,1,12,146,351,"[10, 26, 6, 8, 9, 15, 20, 23, 22, 24, 7, 18, 17, 14, 19, 16, 1, 3, 28, 0, 29, 25, 4, 13, 21, 5, 12, 27, 11, 2]",11.185869
./random_graph_db/graph_db_node_30/06_p0.5/06_graph_n30_p0.5_idx10.gpickle,30,0.5,10,12,165,383,"[11, 16, 21, 23, 12, 20, 19, 0, 18, 3, 7, 9, 27, 25, 1, 26, 29, 8, 6, 15, 22, 28, 10, 14, 24, 2, 13, 17, 4, 5]",11.8667452
./random_graph_db/graph_db_node_30/06_p0.5/06_graph_n30_p0.5_idx2.gpickle,30,0.5,2,12,166,376,"[22, 17, 14, 27, 18, 2, 26, 5, 13, 20, 16, 1, 0, 6, 21, 12, 8, 7, 29, 25, 28, 15, 10, 11, 23, 3, 19, 4, 9, 24]",11.546293
./random_graph_db/graph_db_node_30/06_p0.5/06_graph_n30_p0.5_idx3.gpickle,30,0.5,3,12,161,388,"[9, 17, 10, 15, 26, 28, 20, 22, 16, 19, 2, 8, 0, 18, 23, 3, 21, 27, 13, 1, 6, 24, 25, 12, 14, 5, 7, 4, 29, 11]",11.510973
./random_graph_db/graph_db_node_30/06_p0.5/06_graph_n30_p0.5_idx4.gpickle,30,0.5,4,12,152,365,"[4, 13, 2, 9, 5, 0, 26, 14, 17, 8, 19, 12, 18, 16, 29, 11, 25, 1, 6, 3, 22, 23, 27, 20, 28, 15, 21, 7, 10, 24]",11.4571493
./random_graph_db/graph_db_node_30/06_p0.5/06_graph_n30_p0.5_idx5.gpickle,30,0.5,5,12,171,395,"[8, 14, 27, 17, 29, 4, 6, 18, 0, 24, 22, 25, 21, 15, 20, 26, 9, 2, 11, 28, 13, 23, 19, 12, 7, 3, 10, 16, 1, 5]",11.5730729
./random_graph_db/graph_db_node_30/06_p0.5/06_graph_n30_p0.5_idx6.gpickle,30,0.5,6,11,146,345,"[20, 14, 3, 4, 5, 28, 11, 1, 18, 22, 16, 12, 2, 15, 7, 17, 26, 10, 8, 24, 19, 6, 21, 9, 23, 0, 27, 13, 29, 25]",11.4948771
./random_graph_db/graph_db_node_30/06_p0.5/06_graph_n30_p0.5_idx7.gpickle,30,0.5,7,11,160,384,"[13, 16, 29, 5, 21, 19, 9, 27, 11, 14, 26, 4, 12, 17, 22, 20, 28, 6, 24, 23, 8, 2, 0, 7, 25, 18, 15, 3, 1, 10]",11.3423913
./random_graph_db/graph_db_node_30/06_p0.5/06_graph_n30_p0.5_idx8.gpickle,30,0.5,8,12,152,353,"[13, 10, 25, 26, 7, 20, 2, 0, 23, 22, 14, 18, 15, 24, 29, 3, 11, 6, 27, 9, 17, 1, 8, 19, 4, 16, 5, 28, 12, 21]",11.3880157
./random_graph_db/graph_db_node_30/06_p0.5/06_graph_n30_p0.5_idx9.gpickle,30,0.5,9,12,163,360,"[18, 4, 28, 8, 9, 14, 10, 17, 29, 6, 26, 19, 11, 3, 24, 7, 20, 23, 0, 15, 5, 1, 27, 12, 25, 2, 13, 16, 22, 21]",11.676522
./random_graph_db/graph_db_node_30/07_p0.55/07_graph_n30_p0.55_idx1.gpickle,30,0.55,1,12,175,416,"[9, 10, 26, 5, 8, 27, 16, 29, 12, 11, 28, 7, 21, 22, 2, 17, 13, 15, 4, 3, 0, 1, 19, 24, 14, 18, 23, 25, 20, 6]",11.704433
./random_graph_db/graph_db_node_30/07_p0.55/07_graph_n30_p0.55_idx10.gpickle,30,0.55,10,11,164,398,"[26, 6, 22, 10, 21, 11, 12, 3, 0, 2, 24, 8, 25, 7, 14, 19, 4, 28, 5, 16, 1, 17, 27, 9, 13, 18, 15, 29, 23, 20]",11.685323
./random_graph_db/graph_db_node_30/07_p0.55/07_graph_n30_p0.55_idx2.gpickle,30,0.55,2,12,168,398,"[0, 15, 6, 27, 29, 1, 2, 18, 25, 16, 5, 8, 21, 24, 23, 10, 7, 3, 28, 17, 11, 12, 22, 19, 26, 4, 13, 20, 14, 9]",11.5296547
./random_graph_db/graph_db_node_30/07_p0.55/07_graph_n30_p0.55_idx3.gpickle,30,0.55,3,12,165,393,"[17, 5, 13, 18, 26, 2, 22, 1, 14, 21, 11, 8, 9, 12, 28, 0, 15, 10, 7, 6, 24, 23, 29, 3, 25, 4, 27, 19, 20, 16]",11.4571421
./random_graph_db/graph_db_node_30/07_p0.55/07_graph_n30_p0.55_idx4.gpickle,30,0.55,4,12,160,364,"[13, 18, 26, 24, 20, 2, 29, 14, 17, 23, 25, 19, 5, 3, 11, 21, 1, 6, 4, 15, 9, 10, 22, 16, 0, 8, 27, 28, 12, 7]",11.8257658
./random_graph_db/graph_db_node_30/07_p0.55/07_graph_n30_p0.55_idx5.gpickle,30,0.55,5,12,167,381,"[10, 1, 26, 18, 28, 4, 11, 13, 24, 6, 7, 14, 0, 23, 20, 3, 21, 19, 22, 5, 2, 9, 29, 8, 15, 12, 17, 27, 16, 25]",11.554318
./random_graph_db/graph_db_node_30/07_p0.55/07_graph_n30_p0.55_idx6.gpickle,30,0.55,6,11,153,338,"[23, 11, 14, 9, 6, 24, 10, 4, 20, 13, 16, 12, 27, 0, 26, 25, 19, 17, 18, 15, 2, 5, 8, 3, 29, 1, 21, 28, 7, 22]",11.384093
./random_graph_db/graph_db_node_30/07_p0.55/07_graph_n30_p0.55_idx7.gpickle,30,0.55,7,12,158,398,"[5, 14, 6, 18, 7, 13, 20, 4, 24, 23, 3, 17, 0, 16, 8, 9, 29, 22, 1, 2, 19, 27, 21, 15, 11, 28, 25, 10, 26, 12]",11.5554068
./random_graph_db/graph_db_node_30/07_p0.55/07_graph_n30_p0.55_idx8.gpickle,30,0.55,8,12,167,390,"[16, 11, 24, 7, 15, 14, 29, 28, 6, 22, 23, 1, 9, 4, 27, 2, 5, 18, 10, 19, 12, 20, 25, 21, 8, 17, 13, 26, 3, 0]",11.4337809
./random_graph_db/graph_db_node_30/07_p0.55/07_graph_n30_p0.55_idx9.gpickle,30,0.55,9,12,165,403,"[17, 28, 16, 29, 26, 19, 25, 21, 7, 9, 18, 6, 3, 14, 8, 15, 11, 12, 5, 24, 10, 4, 0, 1, 20, 23, 22, 13, 2, 27]",11.3574071
./random_graph_db/graph_db_node_30/08_p0.6/08_graph_n30_p0.6_idx1.gpickle,30,0.6,1,12,188,436,"[25, 6, 28, 21, 11, 17, 15, 16, 8, 3, 20, 1, 13, 14, 29, 22, 10, 26, 0, 19, 7, 9, 2, 4, 23, 18, 27, 5, 12, 24]",11.7095191
./random_graph_db/graph_db_node_30/08_p0.6/08_graph_n30_p0.6_idx10.gpickle,30,0.6,10,11,151,374,"[15, 6, 21, 20, 12, 23, 18, 16, 14, 19, 13, 17, 22, 29, 28, 4, 7, 25, 0, 11, 3, 27, 26, 9, 2, 24, 1, 10, 8, 5]",11.4076798
./random_graph_db/graph_db_node_30/08_p0.6/08_graph_n30_p0.6_idx2.gpickle,30,0.6,2,12,166,371,"[7, 28, 4, 19, 16, 14, 26, 24, 20, 12, 9, 8, 3, 2, 6, 22, 18, 17, 11, 5, 29, 23, 27, 25, 10, 13, 15, 21, 1, 0]",11.643271
./random_graph_db/graph_db_node_30/08_p0.6/08_graph_n30_p0.6_idx3.gpickle,30,0.6,3,12,160,370,"[14, 17, 16, 22, 10, 9, 3, 24, 11, 23, 25, 19, 2, 6, 8, 5, 0, 27, 15, 29, 28, 13, 21, 20, 7, 12, 1, 26, 4, 18]",11.4358437
./random_graph_db/graph_db_node_30/08_p0.6/08_graph_n30_p0.6_idx4.gpickle,30,0.6,4,11,143,347,"[0, 14, 3, 7, 21, 12, 6, 23, 27, 10, 28, 20, 16, 19, 11, 9, 4, 1, 25, 15, 18, 24, 22, 2, 8, 26, 29, 17, 13, 5]",11.5319598
./random_graph_db/graph_db_node_30/08_p0.6/08_graph_n30_p0.6_idx5.gpickle,30,0.6,5,12,146,330,"[20, 0, 6, 22, 23, 25, 28, 7, 11, 29, 26, 10, 15, 1, 8, 17, 14, 2, 13, 5, 4, 24, 16, 19, 27, 12, 9, 21, 18, 3]",11.3379438
./random_graph_db/graph_db_node_30/08_p0.6/08_graph_n30_p0.6_idx6.gpickle,30,0.6,6,12,160,375,"[27, 7, 22, 15, 6, 21, 16, 23, 20, 9, 25, 28, 24, 26, 13, 18, 2, 1, 0, 3, 14, 19, 5, 17, 4, 10, 29, 11, 8, 12]",11.3281112
./random_graph_db/graph_db_node_30/08_p0.6/08_graph_n30_p0.6_idx7.gpickle,30,0.6,7,11,148,364,"[28, 24, 16, 14, 18, 23, 27, 26, 8, 6, 12, 2, 20, 22, 29, 25, 10, 13, 5, 11, 4, 0, 15, 17, 19, 21, 3, 7, 9, 1]",11.406394
./random_graph_db/graph_db_node_30/08_p0.6/08_graph_n30_p0.6_idx8.gpickle,30,0.6,8,12,165,391,"[25, 11, 10, 27, 13, 21, 22, 14, 9, 16, 26, 5, 29, 3, 17, 12, 2, 8, 6, 24, 19, 7, 23, 4, 1, 15, 0, 18, 20, 28]",11.2813101
./random_graph_db/graph_db_node_30/08_p0.6/08_graph_n30_p0.6_idx9.gpickle,30,0.6,9,11,145,344,"[7, 18, 11, 27, 29, 15, 25, 3, 0, 9, 21, 19, 4, 20, 17, 6, 12, 5, 10, 23, 2, 28, 1, 24, 16, 22, 14, 26, 8, 13]",11.1983781
./random_graph_db/graph_db_node_30/09_p0.65/09_graph_n30_p0.65_idx1.gpickle,30,0.65,1,12,144,328,"[21, 0, 3, 19, 5, 23, 2, 11, 16, 18, 4, 20, 15, 12, 22, 1, 7, 24, 9, 29, 10, 26, 28, 25, 14, 8, 17, 27, 13, 6]",11.1839681
./random_graph_db/graph_db_node_30/09_p0.65/09_graph_n30_p0.65_idx10.gpickle,30,0.65,10,12,159,381,"[6, 7, 15, 17, 3, 13, 20, 10, 25, 29, 1, 22, 26, 12, 9, 19, 16, 5, 27, 4, 24, 0, 23, 14, 8, 11, 21, 28, 2, 18]",11.4546788
./random_graph_db/graph_db_node_30/09_p0.65/09_graph_n30_p0.65_idx2.gpickle,30,0.65,2,12,170,398,"[1, 3, 21, 26, 27, 25, 29, 4, 18, 12, 6, 15, 20, 5, 2, 10, 0, 19, 16, 22, 24, 13, 8, 11, 28, 23, 14, 17, 7, 9]",11.7642591
./random_graph_db/graph_db_node_30/09_p0.65/09_graph_n30_p0.65_idx3.gpickle,30,0.65,3,12,176,391,"[0, 27, 23, 20, 19, 28, 5, 21, 11, 1, 17, 13, 18, 12, 16, 15, 4, 14, 10, 8, 22, 25, 3, 9, 7, 29, 6, 2, 24, 26]",11.5421629
./random_graph_db/graph_db_node_30/09_p0.65/09_graph_n30_p0.65_idx4.gpickle,30,0.65,4,11,135,331,"[12, 26, 20, 6, 14, 22, 24, 9, 28, 5, 11, 23, 1, 0, 29, 2, 8, 7, 17, 3, 25, 16, 10, 21, 13, 4, 27, 19, 18, 15]",11.090523
./random_graph_db/graph_db_node_30/09_p0.65/09_graph_n30_p0.65_idx5.gpickle,30,0.65,5,12,186,425,"[29, 6, 24, 8, 7, 12, 20, 26, 17, 16, 5, 3, 22, 25, 0, 23, 13, 2, 19, 1, 28, 21, 18, 10, 11, 9, 27, 14, 4, 15]",11.626579
./random_graph_db/graph_db_node_30/09_p0.65/09_graph_n30_p0.65_idx6.gpickle,30,0.65,6,12,177,428,"[7, 18, 17, 0, 14, 19, 15, 28, 24, 16, 12, 4, 5, 10, 6, 1, 9, 25, 11, 21, 13, 20, 26, 29, 8, 27, 22, 2, 3, 23]",11.542243
./random_graph_db/graph_db_node_30/09_p0.65/09_graph_n30_p0.65_idx7.gpickle,30,0.65,7,11,152,351,"[9, 2, 14, 20, 23, 25, 22, 21, 27, 11, 15, 28, 16, 4, 13, 12, 26, 8, 6, 17, 1, 24, 18, 10, 7, 0, 3, 29, 19, 5]",11.5141799
./random_graph_db/graph_db_node_30/09_p0.65/09_graph_n30_p0.65_idx8.gpickle,30,0.65,8,12,177,430,"[23, 28, 13, 17, 27, 15, 4, 21, 26, 0, 14, 1, 7, 8, 25, 11, 9, 6, 2, 29, 16, 10, 19, 20, 24, 5, 22, 12, 18, 3]",11.6692071
./random_graph_db/graph_db_node_30/09_p0.65/09_graph_n30_p0.65_idx9.gpickle,30,0.65,9,12,164,369,"[7, 8, 23, 17, 15, 2, 11, 6, 4, 20, 0, 5, 3, 26, 24, 25, 22, 13, 27, 21, 14, 19, 10, 12, 9, 18, 16, 28, 1, 29]",11.4383812
./random_graph_db/graph_db_node_30/10_p0.7/10_graph_n30_p0.7_idx1.gpickle,30,0.7,1,11,151,369,"[24, 29, 18, 9, 13, 5, 3, 12, 4, 22, 19, 7, 6, 20, 27, 16, 17, 26, 28, 8, 15, 1, 11, 14, 2, 21, 0, 25, 10, 23]",11.2352741
./random_graph_db/graph_db_node_30/10_p0.7/10_graph_n30_p0.7_idx10.gpickle,30,0.7,10,12,159,363,"[21, 1, 19, 13, 2, 15, 5, 28, 11, 12, 16, 22, 17, 29, 0, 27, 4, 9, 24, 20, 25, 8, 3, 6, 26, 18, 23, 10, 14, 7]",11.5125558
./random_graph_db/graph_db_node_30/10_p0.7/10_graph_n30_p0.7_idx2.gpickle,30,0.7,2,12,135,331,"[28, 27, 25, 4, 21, 6, 12, 5, 19, 17, 10, 8, 20, 23, 2, 3, 24, 26, 18, 11, 29, 13, 7, 1, 14, 0, 15, 22, 9, 16]",10.862257
./random_graph_db/graph_db_node_30/10_p0.7/10_graph_n30_p0.7_idx3.gpickle,30,0.7,3,11,140,354,"[22, 4, 7, 14, 25, 29, 1, 6, 9, 10, 2, 5, 11, 18, 16, 13, 26, 19, 24, 21, 15, 3, 8, 28, 12, 0, 27, 17, 23, 20]",11.2870541
./random_graph_db/graph_db_node_30/10_p0.7/10_graph_n30_p0.7_idx4.gpickle,30,0.7,4,12,166,394,"[6, 8, 19, 20, 24, 7, 15, 12, 17, 5, 18, 23, 2, 4, 28, 14, 22, 26, 21, 10, 27, 3, 9, 29, 16, 25, 13, 1, 11, 0]",11.341718
./random_graph_db/graph_db_node_30/10_p0.7/10_graph_n30_p0.7_idx5.gpickle,30,0.7,5,12,160,381,"[14, 18, 6, 11, 29, 19, 0, 17, 20, 27, 16, 21, 7, 8, 4, 25, 9, 23, 15, 5, 22, 13, 3, 26, 28, 12, 10, 24, 1, 2]",11.6517832
./random_graph_db/graph_db_node_30/10_p0.7/10_graph_n30_p0.7_idx6.gpickle,30,0.7,6,12,144,344,"[8, 22, 13, 3, 19, 14, 15, 5, 17, 0, 10, 26, 20, 24, 23, 28, 29, 27, 12, 25, 21, 16, 11, 2, 4, 7, 18, 1, 9, 6]",11.1297791
./random_graph_db/graph_db_node_30/10_p0.7/10_graph_n30_p0.7_idx7.gpickle,30,0.7,7,12,171,385,"[17, 23, 21, 9, 6, 19, 0, 3, 13, 11, 15, 5, 20, 14, 4, 28, 24, 29, 25, 27, 18, 12, 16, 1, 7, 8, 2, 26, 10, 22]",11.4136398
./random_graph_db/graph_db_node_30/10_p0.7/10_graph_n30_p0.7_idx8.gpickle,30,0.7,8,12,182,420,"[24, 8, 23, 17, 3, 14, 16, 22, 11, 0, 6, 28, 13, 7, 15, 18, 12, 26, 19, 1, 29, 2, 4, 20, 5, 21, 9, 25, 27, 10]",11.7909043
./random_graph_db/graph_db_node_30/10_p0.7/10_graph_n30_p0.7_idx9.gpickle,30,0.7,9,12,151,339,"[22, 6, 28, 1, 14, 18, 29, 21, 24, 8, 27, 15, 11, 4, 13, 12, 9, 7, 0, 17, 20, 16, 5, 23, 26, 19, 3, 25, 10, 2]",11.0569751
./random_graph_db/graph_db_node_30/11_p0.8/11_graph_n30_p0.8_idx1.gpickle,30,0.8,1,9,119,280,"[1, 22, 21, 13, 25, 16, 4, 27, 2, 10, 8, 0, 5, 17, 29, 18, 15, 26, 28, 6, 11, 24, 20, 23, 19, 3, 14, 9, 7, 12]",10.4333708
./random_graph_db/graph_db_node_30/11_p0.8/11_graph_n30_p0.8_idx10.gpickle,30,0.8,10,11,154,348,"[0, 11, 26, 19, 2, 22, 13, 6, 4, 12, 27, 1, 16, 21, 8, 25, 24, 15, 9, 3, 10, 23, 7, 20, 17, 18, 5, 28, 14, 29]",11.3067253
./random_graph_db/graph_db_node_30/11_p0.8/11_graph_n30_p0.8_idx2.gpickle,30,0.8,2,10,123,300,"[24, 28, 4, 2, 18, 1, 7, 16, 9, 15, 26, 19, 17, 27, 21, 0, 29, 20, 8, 10, 13, 23, 6, 12, 25, 22, 3, 5, 11, 14]",10.571785
./random_graph_db/graph_db_node_30/11_p0.8/11_graph_n30_p0.8_idx3.gpickle,30,0.8,3,10,132,317,"[22, 29, 16, 11, 14, 25, 3, 17, 12, 1, 7, 0, 24, 28, 9, 18, 4, 26, 8, 19, 6, 27, 13, 23, 10, 2, 5, 20, 15, 21]",10.6294699
./random_graph_db/graph_db_node_30/11_p0.8/11_graph_n30_p0.8_idx4.gpickle,30,0.8,4,11,125,304,"[22, 13, 26, 29, 6, 11, 27, 0, 23, 21, 4, 12, 18, 1, 24, 3, 9, 20, 25, 5, 28, 19, 8, 17, 14, 15, 16, 7, 2, 10]",10.88557
./random_graph_db/graph_db_node_30/11_p0.8/11_graph_n30_p0.8_idx5.gpickle,30,0.8,5,10,121,282,"[10, 1, 4, 15, 17, 6, 24, 5, 23, 20, 22, 11, 8, 19, 18, 9, 21, 27, 28, 13, 14, 3, 12, 29, 0, 7, 25, 2, 26, 16]",10.5687721
./random_graph_db/graph_db_node_30/11_p0.8/11_graph_n30_p0.8_idx6.gpickle,30,0.8,6,10,121,288,"[9, 11, 29, 25, 15, 22, 27, 18, 28, 26, 20, 1, 16, 2, 8, 0, 12, 23, 4, 5, 24, 17, 10, 6, 7, 21, 14, 13, 3, 19]",10.5891981
./random_graph_db/graph_db_node_30/11_p0.8/11_graph_n30_p0.8_idx7.gpickle,30,0.8,7,9,97,233,"[13, 3, 1, 27, 12, 26, 24, 9, 5, 6, 22, 4, 2, 16, 0, 20, 17, 25, 28, 11, 29, 10, 19, 8, 14, 21, 18, 7, 23, 15]",10.542124
./random_graph_db/graph_db_node_30/11_p0.8/11_graph_n30_p0.8_idx8.gpickle,30,0.8,8,11,131,291,"[19, 11, 15, 0, 17, 28, 23, 16, 24, 14, 12, 4, 10, 2, 21, 18, 13, 27, 29, 5, 26, 8, 6, 20, 1, 7, 25, 22, 3, 9]",10.7950799
./random_graph_db/graph_db_node_30/11_p0.8/11_graph_n30_p0.8_idx9.gpickle,30,0.8,9,10,122,328,"[15, 13, 12, 24, 20, 27, 29, 0, 6, 17, 4, 7, 8, 21, 11, 23, 9, 2, 10, 26, 16, 22, 19, 28, 5, 18, 1, 3, 14, 25]",10.8832269
./random_graph_db/graph_db_node_30/12_p0.9/12_graph_n30_p0.9_idx1.gpickle,30,0.9,1,6,62,172,"[17, 29, 21, 28, 0, 19, 6, 5, 23, 2, 13, 26, 8, 20, 11, 24, 9, 7, 27, 1, 16, 3, 25, 12, 4, 18, 15, 22, 10, 14]",9.2165492
./random_graph_db/graph_db_node_30/12_p0.9/12_graph_n30_p0.9_idx10.gpickle,30,0.9,10,7,44,106,"[3, 4, 9, 27, 25, 13, 18, 14, 19, 6, 23, 28, 7, 24, 15, 16, 17, 10, 2, 11, 21, 29, 5, 26, 20, 22, 1, 0, 8, 12]",9.1584311
./random_graph_db/graph_db_node_30/12_p0.9/12_graph_n30_p0.9_idx2.gpickle,30,0.9,2,7,52,125,"[15, 28, 17, 3, 5, 9, 12, 25, 18, 10, 24, 6, 16, 2, 11, 0, 26, 14, 4, 19, 20, 13, 22, 7, 8, 27, 1, 21, 23, 29]",9.723722
./random_graph_db/graph_db_node_30/12_p0.9/12_graph_n30_p0.9_idx3.gpickle,30,0.9,3,8,77,191,"[22, 8, 2, 9, 10, 26, 12, 28, 0, 7, 23, 13, 11, 21, 27, 3, 15, 6, 1, 29, 5, 17, 24, 14, 4, 16, 19, 20, 25, 18]",9.929213
./random_graph_db/graph_db_node_30/12_p0.9/12_graph_n30_p0.9_idx4.gpickle,30,0.9,4,7,54,127,"[10, 17, 2, 16, 20, 29, 4, 27, 19, 1, 11, 8, 13, 5, 9, 12, 18, 23, 0, 26, 15, 21, 14, 25, 7, 6, 3, 22, 24, 28]",9.4961679
./random_graph_db/graph_db_node_30/12_p0.9/12_graph_n30_p0.9_idx5.gpickle,30,0.9,5,6,47,128,"[16, 21, 9, 29, 19, 3, 15, 26, 8, 0, 18, 4, 11, 13, 23, 22, 28, 1, 14, 5, 24, 25, 10, 17, 27, 2, 20, 7, 12, 6]",9.1428161
./random_graph_db/graph_db_node_30/12_p0.9/12_graph_n30_p0.9_idx6.gpickle,30,0.9,6,6,50,150,"[19, 3, 17, 11, 7, 23, 2, 25, 27, 6, 12, 21, 8, 28, 5, 22, 14, 10, 1, 18, 20, 24, 4, 15, 26, 13, 16, 29, 9, 0]",9.4286621
./random_graph_db/graph_db_node_30/12_p0.9/12_graph_n30_p0.9_idx7.gpickle,30,0.9,7,5,31,96,"[29, 23, 11, 8, 10, 18, 22, 28, 19, 9, 16, 7, 25, 6, 2, 1, 3, 12, 27, 20, 4, 14, 13, 21, 17, 5, 26, 15, 0, 24]",8.79934
./random_graph_db/graph_db_node_30/12_p0.9/12_graph_n30_p0.9_idx8.gpickle,30,0.9,8,7,77,207,"[20, 28, 19, 25, 8, 22, 5, 10, 16, 21, 15, 18, 26, 14, 9, 4, 6, 13, 1, 11, 17, 27, 0, 24, 12, 3, 23, 2, 7, 29]",9.7840259
./random_graph_db/graph_db_node_30/12_p0.9/12_graph_n30_p0.9_idx9.gpickle,30,0.9,9,7,67,199,"[9, 27, 18, 22, 5, 0, 19, 25, 2, 23, 1, 14, 26, 8, 6, 20, 7, 4, 24, 21, 13, 28, 11, 10, 12, 29, 3, 15, 16, 17]",9.683393
./random_graph_db/graph_db_node_6/01_p0.1/01_graph_n6_p0.1_idx1.gpickle,6,0.1,1,1,0,7,"[3, 4, 2, 1, 5, 0]",1.2296367
./random_graph_db/graph_db_node_6/01_p0.1/01_graph_n6_p0.1_idx10.gpickle,6,0.1,10,1,0,7,"[2, 5, 4, 3, 0, 1]",1.2141321
./random_graph_db/graph_db_node_6/01_p0.1/01_graph_n6_p0.1_idx2.gpickle,6,0.1,2,1,0,7,"[5, 0, 4, 1, 2, 3]",1.2288659
./random_graph_db/graph_db_node_6/01_p0.1/01_graph_n6_p0.1_idx3.gpickle,6,0.1,3,1,0,7,"[4, 5, 2, 0, 1, 3]",1.2222233
./random_graph_db/graph_db_node_6/01_p0.1/01_graph_n6_p0.1_idx4.gpickle,6,0.1,4,1,0,7,"[2, 0, 4, 3, 5, 1]",1.201262
./random_graph_db/graph_db_node_6/01_p0.1/01_graph_n6_p0.1_idx5.gpickle,6,0.1,5,1,0,7,"[4, 3, 1, 0, 5, 2]",1.369127
./random_graph_db/graph_db_node_6/01_p0.1/01_graph_n6_p0.1_idx6.gpickle,6,0.1,6,1,0,7,"[2, 4, 0, 1, 3, 5]",1.2239637
./random_graph_db/graph_db_node_6/01_p0.1/01_graph_n6_p0.1_idx7.gpickle,6,0.1,7,1,0,7,"[3, 5, 0, 1, 2, 4]",1.192044
./random_graph_db/graph_db_node_6/01_p0.1/01_graph_n6_p0.1_idx8.gpickle,6,0.1,8,1,0,7,"[3, 0, 2, 4, 5, 1]",1.22558
./random_graph_db/graph_db_node_6/01_p0.1/01_graph_n6_p0.1_idx9.gpickle,6,0.1,9,2,2,12,"[2, 4, 1, 5, 3, 0]",1.3059521
./random_graph_db/graph_db_node_6/02_p0.2/02_graph_n6_p0.2_idx1.gpickle,6,0.2,1,1,0,7,"[0, 5, 2, 1, 3, 4]",1.239068
./random_graph_db/graph_db_node_6/02_p0.2/02_graph_n6_p0.2_idx10.gpickle,6,0.2,10,1,0,7,"[5, 0, 3, 4, 1, 2]",1.2063501
./random_graph_db/graph_db_node_6/02_p0.2/02_graph_n6_p0.2_idx2.gpickle,6,0.2,2,2,2,12,"[1, 2, 5, 3, 0, 4]",1.2684271
./random_graph_db/graph_db_node_6/02_p0.2/02_graph_n6_p0.2_idx3.gpickle,6,0.2,3,2,2,12,"[3, 0, 1, 4, 2, 5]",1.388721
./random_graph_db/graph_db_node_6/02_p0.2/02_graph_n6_p0.2_idx4.gpickle,6,0.2,4,2,2,12,"[2, 5, 3, 4, 0, 1]",1.261615
./random_graph_db/graph_db_node_6/02_p0.2/02_graph_n6_p0.2_idx5.gpickle,6,0.2,5,2,2,12,"[1, 4, 3, 5, 0, 2]",1.2197249
./random_graph_db/graph_db_node_6/02_p0.2/02_graph_n6_p0.2_idx6.gpickle,6,0.2,6,1,0,7,"[1, 5, 2, 3, 4, 0]",1.2109036
./random_graph_db/graph_db_node_6/02_p0.2/02_graph_n6_p0.2_idx7.gpickle,6,0.2,7,1,0,7,"[0, 5, 2, 1, 3, 4]",1.2573628
./random_graph_db/graph_db_node_6/02_p0.2/02_graph_n6_p0.2_idx8.gpickle,6,0.2,8,1,0,7,"[4, 2, 0, 1, 3, 5]",1.3908801
./random_graph_db/graph_db_node_6/02_p0.2/02_graph_n6_p0.2_idx9.gpickle,6,0.2,9,1,0,7,"[3, 5, 1, 4, 2, 0]",1.236022
./random_graph_db/graph_db_node_6/03_p0.3/03_graph_n6_p0.3_idx1.gpickle,6,0.3,1,1,0,7,"[5, 0, 4, 2, 3, 1]",1.3728023
./random_graph_db/graph_db_node_6/03_p0.3/03_graph_n6_p0.3_idx10.gpickle,6,0.3,10,2,2,12,"[4, 5, 2, 3, 1, 0]",1.3182168
./random_graph_db/graph_db_node_6/03_p0.3/03_graph_n6_p0.3_idx2.gpickle,6,0.3,2,2,2,12,"[0, 4, 2, 1, 3, 5]",1.2352581
./random_graph_db/graph_db_node_6/03_p0.3/03_graph_n6_p0.3_idx3.gpickle,6,0.3,3,1,0,7,"[0, 3, 5, 4, 2, 1]",1.2340961
./random_graph_db/graph_db_node_6/03_p0.3/03_graph_n6_p0.3_idx4.gpickle,6,0.3,4,2,2,12,"[1, 4, 2, 3, 5, 0]",1.2684159
./random_graph_db/graph_db_node_6/03_p0.3/03_graph_n6_p0.3_idx5.gpickle,6,0.3,5,1,0,7,"[4, 2, 1, 0, 5, 3]",1.274091
./random_graph_db/graph_db_node_6/03_p0.3/03_graph_n6_p0.3_idx6.gpickle,6,0.3,6,1,0,7,"[0, 5, 4, 3, 1, 2]",1.4319291
./random_graph_db/graph_db_node_6/03_p0.3/03_graph_n6_p0.3_idx7.gpickle,6,0.3,7,2,2,12,"[4, 5, 2, 1, 0, 3]",1.2612011
./random_graph_db/graph_db_node_6/03_p0.3/03_graph_n6_p0.3_idx8.gpickle,6,0.3,8,1,0,7,"[0, 5, 4, 1, 2, 3]",1.2548189
./random_graph_db/graph_db_node_6/03_p0.3/03_graph_n6_p0.3_idx9.gpickle,6,0.3,9,1,0,7,"[2, 0, 3, 4, 5, 1]",1.2748179
./random_graph_db/graph_db_node_6/04_p0.4/04_graph_n6_p0.4_idx1.gpickle,6,0.4,1,1,0,7,"[1, 0, 3, 2, 5, 4]",1.2475421
./random_graph_db/graph_db_node_6/04_p0.4/04_graph_n6_p0.4_idx10.gpickle,6,0.4,10,1,0,7,"[0, 2, 5, 1, 4, 3]",1.2612982
./random_graph_db/graph_db_node_6/04_p0.4/04_graph_n6_p0.4_idx2.gpickle,6,0.4,2,2,2,12,"[2, 5, 3, 1, 4, 0]",1.3358228
./random_graph_db/graph_db_node_6/04_p0.4/04_graph_n6_p0.4_idx3.gpickle,6,0.4,3,1,0,7,"[4, 1, 3, 0, 5, 2]",1.3637269
./random_graph_db/graph_db_node_6/04_p0.4/04_graph_n6_p0.4_idx4.gpickle,6,0.4,4,2,2,12,"[0, 2, 5, 4, 3, 1]",1.2993462
./random_graph_db/graph_db_node_6/04_p0.4/04_graph_n6_p0.4_idx5.gpickle,6,0.4,5,1,0,7,"[0, 2, 1, 4, 5, 3]",1.2612562
./random_graph_db/graph_db_node_6/04_p0.4/04_graph_n6_p0.4_idx6.gpickle,6,0.4,6,1,0,7,"[4, 1, 0, 5, 3, 2]",1.2434111
./random_graph_db/graph_db_node_6/04_p0.4/04_graph_n6_p0.4_idx7.gpickle,6,0.4,7,1,0,7,"[2, 3, 0, 5, 4, 1]",1.2569044
./random_graph_db/graph_db_node_6/04_p0.4/04_graph_n6_p0.4_idx8.gpickle,6,0.4,8,2,2,12,"[1, 2, 4, 0, 5, 3]",1.2711909
./random_graph_db/graph_db_node_6/04_p0.4/04_graph_n6_p0.4_idx9.gpickle,6,0.4,9,2,2,12,"[2, 4, 3, 5, 0, 1]",1.2754869
./random_graph_db/graph_db_node_6/05_p0.45/05_graph_n6_p0.45_idx1.gpickle,6,0.45,1,1,0,7,"[4, 0, 3, 1, 5, 2]",1.2747698
./random_graph_db/graph_db_node_6/05_p0.45/05_graph_n6_p0.45_idx10.gpickle,6,0.45,10,2,3,13,"[0, 1, 3, 4, 5, 2]",1.4409993
./random_graph_db/graph_db_node_6/05_p0.45/05_graph_n6_p0.45_idx2.gpickle,6,0.45,2,2,2,12,"[3, 4, 0, 5, 1, 2]",1.266628
./random_graph_db/graph_db_node_6/05_p0.45/05_graph_n6_p0.45_idx3.gpickle,6,0.45,3,1,0,7,"[5, 0, 2, 4, 1, 3]",1.2369659
./random_graph_db/graph_db_node_6/05_p0.45/05_graph_n6_p0.45_idx4.gpickle,6,0.45,4,1,0,7,"[1, 5, 4, 0, 3, 2]",1.2644632
./random_graph_db/graph_db_node_6/05_p0.45/05_graph_n6_p0.45_idx5.gpickle,6,0.45,5,2,2,12,"[0, 4, 3, 5, 2, 1]",1.2596779
./random_graph_db/graph_db_node_6/05_p0.45/05_graph_n6_p0.45_idx6.gpickle,6,0.45,6,1,0,7,"[0, 1, 3, 5, 4, 2]",1.235522
./random_graph_db/graph_db_node_6/05_p0.45/05_graph_n6_p0.45_idx7.gpickle,6,0.45,7,1,0,7,"[0, 3, 1, 4, 5, 2]",1.2375832
./random_graph_db/graph_db_node_6/05_p0.45/05_graph_n6_p0.45_idx8.gpickle,6,0.45,8,2,2,12,"[0, 3, 1, 2, 5, 4]",1.2850351
./random_graph_db/graph_db_node_6/05_p0.45/05_graph_n6_p0.45_idx9.gpickle,6,0.45,9,1,0,7,"[3, 2, 0, 4, 1, 5]",1.4231329
./random_graph_db/graph_db_node_6/06_p0.5/06_graph_n6_p0.5_idx1.gpickle,6,0.5,1,1,0,7,"[4, 2, 1, 5, 0, 3]",1.244947
./random_graph_db/graph_db_node_6/06_p0.5/06_graph_n6_p0.5_idx10.gpickle,6,0.5,10,1,0,11,"[1, 0, 4, 2, 3, 5]",1.2286229
./random_graph_db/graph_db_node_6/06_p0.5/06_graph_n6_p0.5_idx2.gpickle,6,0.5,2,1,0,7,"[2, 4, 0, 5, 1, 3]",1.2639589
./random_graph_db/graph_db_node_6/06_p0.5/06_graph_n6_p0.5_idx3.gpickle,6,0.5,3,2,2,12,"[2, 0, 5, 1, 3, 4]",1.2847109
./random_graph_db/graph_db_node_6/06_p0.5/06_graph_n6_p0.5_idx4.gpickle,6,0.5,4,2,2,12,"[1, 0, 2, 4, 3, 5]",1.2689779
./random_graph_db/graph_db_node_6/06_p0.5/06_graph_n6_p0.5_idx5.gpickle,6,0.5,5,2,2,12,"[2, 4, 0, 1, 5, 3]",1.2705612
./random_graph_db/graph_db_node_6/06_p0.5/06_graph_n6_p0.5_idx6.gpickle,6,0.5,6,2,2,12,"[1, 2, 3, 0, 4, 5]",1.2639809
./random_graph_db/graph_db_node_6/06_p0.5/06_graph_n6_p0.5_idx7.gpickle,6,0.5,7,1,0,9,"[4, 1, 5, 2, 0, 3]",1.3503339
./random_graph_db/graph_db_node_6/06_p0.5/06_graph_n6_p0.5_idx8.gpickle,6,0.5,8,1,0,7,"[1, 2, 4, 5, 0, 3]",1.264729
./random_graph_db/graph_db_node_6/06_p0.5/06_graph_n6_p0.5_idx9.gpickle,6,0.5,9,2,2,12,"[0, 1, 2, 5, 3, 4]",1.2798378
./random_graph_db/graph_db_node_6/07_p0.55/07_graph_n6_p0.55_idx1.gpickle,6,0.55,1,2,2,12,"[1, 2, 5, 3, 0, 4]",1.2943139
./random_graph_db/graph_db_node_6/07_p0.55/07_graph_n6_p0.55_idx10.gpickle,6,0.55,10,1,0,7,"[4, 1, 3, 0, 2, 5]",1.2363698
./random_graph_db/graph_db_node_6/07_p0.55/07_graph_n6_p0.55_idx2.gpickle,6,0.55,2,1,0,7,"[1, 4, 3, 0, 2, 5]",1.2615011
./random_graph_db/graph_db_node_6/07_p0.55/07_graph_n6_p0.55_idx3.gpickle,6,0.55,3,1,0,7,"[4, 3, 2, 0, 1, 5]",1.2240701
./random_graph_db/graph_db_node_6/07_p0.55/07_graph_n6_p0.55_idx4.gpickle,6,0.55,4,1,0,7,"[1, 2, 3, 5, 0, 4]",1.3686848
./random_graph_db/graph_db_node_6/07_p0.55/07_graph_n6_p0.55_idx5.gpickle,6,0.55,5,2,3,13,"[2, 4, 5, 1, 0, 3]",1.453414
./random_graph_db/graph_db_node_6/07_p0.55/07_graph_n6_p0.55_idx6.gpickle,6,0.55,6,1,0,7,"[3, 0, 2, 4, 5, 1]",1.2443419
./random_graph_db/graph_db_node_6/07_p0.55/07_graph_n6_p0.55_idx7.gpickle,6,0.55,7,2,2,12,"[4, 3, 5, 1, 2, 0]",1.2986927
./random_graph_db/graph_db_node_6/07_p0.55/07_graph_n6_p0.55_idx8.gpickle,6,0.55,8,2,2,12,"[0, 4, 5, 2, 1, 3]",1.315876
./random_graph_db/graph_db_node_6/07_p0.55/07_graph_n6_p0.55_idx9.gpickle,6,0.55,9,2,3,13,"[4, 2, 1, 3, 0, 5]",1.2865639
./random_graph_db/graph_db_node_6/08_p0.6/08_graph_n6_p0.6_idx1.gpickle,6,0.6,1,2,2,12,"[4, 1, 2, 5, 3, 0]",1.2668502
./random_graph_db/graph_db_node_6/08_p0.6/08_graph_n6_p0.6_idx10.gpickle,6,0.6,10,2,2,12,"[3, 1, 5, 4, 2, 0]",1.2559748
./random_graph_db/graph_db_node_6/08_p0.6/08_graph_n6_p0.6_idx2.gpickle,6,0.6,2,2,2,12,"[3, 2, 1, 0, 4, 5]",1.4257112
./random_graph_db/graph_db_node_6/08_p0.6/08_graph_n6_p0.6_idx3.gpickle,6,0.6,3,2,2,12,"[0, 2, 5, 1, 4, 3]",1.272589
./random_graph_db/graph_db_node_6/08_p0.6/08_graph_n6_p0.6_idx4.gpickle,6,0.6,4,2,2,12,"[1, 4, 0, 2, 5, 3]",1.2642
./random_graph_db/graph_db_node_6/08_p0.6/08_graph_n6_p0.6_idx5.gpickle,6,0.6,5,2,3,13,"[3, 4, 1, 2, 5, 0]",1.2673674
./random_graph_db/graph_db_node_6/08_p0.6/08_graph_n6_p0.6_idx6.gpickle,6,0.6,6,1,0,7,"[2, 1, 5, 3, 4, 0]",1.2786329
./random_graph_db/graph_db_node_6/08_p0.6/08_graph_n6_p0.6_idx7.gpickle,6,0.6,7,1,0,7,"[0, 1, 5, 4, 3, 2]",1.2319791
./random_graph_db/graph_db_node_6/08_p0.6/08_graph_n6_p0.6_idx8.gpickle,6,0.6,8,2,2,12,"[2, 4, 0, 5, 1, 3]",1.2781382
./random_graph_db/graph_db_node_6/08_p0.6/08_graph_n6_p0.6_idx9.gpickle,6,0.6,9,1,0,7,"[5, 0, 4, 1, 3, 2]",1.2401149
./random_graph_db/graph_db_node_6/09_p0.65/09_graph_n6_p0.65_idx1.gpickle,6,0.65,1,2,2,12,"[3, 0, 1, 2, 4, 5]",1.4563692
./random_graph_db/graph_db_node_6/09_p0.65/09_graph_n6_p0.65_idx10.gpickle,6,0.65,10,1,0,7,"[3, 1, 2, 4, 5, 0]",1.2266829
./random_graph_db/graph_db_node_6/09_p0.65/09_graph_n6_p0.65_idx2.gpickle,6,0.65,2,1,0,7,"[0, 2, 1, 3, 4, 5]",1.2302363
./random_graph_db/graph_db_node_6/09_p0.65/09_graph_n6_p0.65_idx3.gpickle,6,0.65,3,2,3,13,"[0, 3, 5, 2, 4, 1]",1.2621191
./random_graph_db/graph_db_node_6/09_p0.65/09_graph_n6_p0.65_idx4.gpickle,6,0.65,4,1,0,7,"[0, 4, 3, 1, 2, 5]",1.436604
./random_graph_db/graph_db_node_6/09_p0.65/09_graph_n6_p0.65_idx5.gpickle,6,0.65,5,2,2,12,"[0, 5, 4, 1, 2, 3]",1.290627
./random_graph_db/graph_db_node_6/09_p0.65/09_graph_n6_p0.65_idx6.gpickle,6,0.65,6,2,3,18,"[1, 4, 5, 0, 3, 2]",1.276886
./random_graph_db/graph_db_node_6/09_p0.65/09_graph_n6_p0.65_idx7.gpickle,6,0.65,7,2,2,12,"[4, 1, 3, 5, 2, 0]",1.2704577
./random_graph_db/graph_db_node_6/09_p0.65/09_graph_n6_p0.65_idx8.gpickle,6,0.65,8,2,2,12,"[3, 1, 5, 0, 4, 2]",1.425611
./random_graph_db/graph_db_node_6/09_p0.65/09_graph_n6_p0.65_idx9.gpickle,6,0.65,9,2,2,12,"[0, 1, 2, 3, 4, 5]",1.2941031
./random_graph_db/graph_db_node_6/10_p0.7/10_graph_n6_p0.7_idx1.gpickle,6,0.7,1,1,0,7,"[4, 5, 1, 3, 0, 2]",1.2196538
./random_graph_db/graph_db_node_6/10_p0.7/10_graph_n6_p0.7_idx10.gpickle,6,0.7,10,2,2,12,"[0, 1, 3, 5, 2, 4]",1.2680221
./random_graph_db/graph_db_node_6/10_p0.7/10_graph_n6_p0.7_idx2.gpickle,6,0.7,2,1,0,7,"[0, 2, 4, 5, 1, 3]",1.2595501
./random_graph_db/graph_db_node_6/10_p0.7/10_graph_n6_p0.7_idx3.gpickle,6,0.7,3,2,2,12,"[5, 0, 1, 2, 4, 3]",1.2635
./random_graph_db/graph_db_node_6/10_p0.7/10_graph_n6_p0.7_idx4.gpickle,6,0.7,4,1,0,7,"[4, 1, 3, 2, 5, 0]",1.2286148
./random_graph_db/graph_db_node_6/10_p0.7/10_graph_n6_p0.7_idx5.gpickle,6,0.7,5,1,0,7,"[3, 0, 5, 1, 4, 2]",1.2910459
./random_graph_db/graph_db_node_6/10_p0.7/10_graph_n6_p0.7_idx6.gpickle,6,0.7,6,1,0,7,"[1, 4, 5, 2, 3, 0]",1.3940289
./random_graph_db/graph_db_node_6/10_p0.7/10_graph_n6_p0.7_idx7.gpickle,6,0.7,7,2,2,12,"[0, 3, 4, 5, 2, 1]",1.262481
./random_graph_db/graph_db_node_6/10_p0.7/10_graph_n6_p0.7_idx8.gpickle,6,0.7,8,2,3,18,"[1, 2, 3, 5, 0, 4]",1.32336
./random_graph_db/graph_db_node_6/10_p0.7/10_graph_n6_p0.7_idx9.gpickle,6,0.7,9,1,0,7,"[3, 0, 1, 2, 4, 5]",1.3231881
./random_graph_db/graph_db_node_6/11_p0.8/11_graph_n6_p0.8_idx1.gpickle,6,0.8,1,1,0,9,"[2, 1, 0, 5, 4, 3]",1.2863138
./random_graph_db/graph_db_node_6/11_p0.8/11_graph_n6_p0.8_idx10.gpickle,6,0.8,10,2,2,12,"[2, 3, 0, 1, 4, 5]",1.4738598
./random_graph_db/graph_db_node_6/11_p0.8/11_graph_n6_p0.8_idx2.gpickle,6,0.8,2,1,0,7,"[2, 0, 4, 3, 1, 5]",1.3193521
./random_graph_db/graph_db_node_6/11_p0.8/11_graph_n6_p0.8_idx3.gpickle,6,0.8,3,1,0,7,"[3, 1, 4, 0, 5, 2]",1.4946311
./random_graph_db/graph_db_node_6/11_p0.8/11_graph_n6_p0.8_idx4.gpickle,6,0.8,4,2,2,12,"[3, 0, 5, 4, 2, 1]",1.8158751
./random_graph_db/graph_db_node_6/11_p0.8/11_graph_n6_p0.8_idx5.gpickle,6,0.8,5,1,0,7,"[3, 5, 1, 0, 4, 2]",1.5476968
./random_graph_db/graph_db_node_6/11_p0.8/11_graph_n6_p0.8_idx6.gpickle,6,0.8,6,2,2,12,"[4, 0, 2, 5, 3, 1]",1.5122728
./random_graph_db/graph_db_node_6/11_p0.8/11_graph_n6_p0.8_idx7.gpickle,6,0.8,7,1,0,9,"[2, 0, 1, 3, 5, 4]",1.3506892
./random_graph_db/graph_db_node_6/11_p0.8/11_graph_n6_p0.8_idx8.gpickle,6,0.8,8,1,0,7,"[0, 5, 2, 3, 4, 1]",1.3694751
./random_graph_db/graph_db_node_6/11_p0.8/11_graph_n6_p0.8_idx9.gpickle,6,0.8,9,1,0,7,"[2, 3, 4, 5, 1, 0]",1.331075
./random_graph_db/graph_db_node_6/12_p0.9/12_graph_n6_p0.9_idx1.gpickle,6,0.9,1,1,0,7,"[3, 2, 0, 1, 4, 5]",1.7733619
./random_graph_db/graph_db_node_6/12_p0.9/12_graph_n6_p0.9_idx10.gpickle,6,0.9,10,2,3,13,"[2, 4, 5, 0, 3, 1]",1.4290779
./random_graph_db/graph_db_node_6/12_p0.9/12_graph_n6_p0.9_idx2.gpickle,6,0.9,2,1,0,7,"[4, 1, 0, 3, 2, 5]",1.3500299
./random_graph_db/graph_db_node_6/12_p0.9/12_graph_n6_p0.9_idx3.gpickle,6,0.9,3,1,0,7,"[1, 2, 3, 5, 4, 0]",1.2755611
./random_graph_db/graph_db_node_6/12_p0.9/12_graph_n6_p0.9_idx4.gpickle,6,0.9,4,1,0,7,"[2, 5, 4, 3, 0, 1]",1.4612517
./random_graph_db/graph_db_node_6/12_p0.9/12_graph_n6_p0.9_idx5.gpickle,6,0.9,5,1,0,7,"[5, 1, 3, 4, 2, 0]",1.321306
./random_graph_db/graph_db_node_6/12_p0.9/12_graph_n6_p0.9_idx6.gpickle,6,0.9,6,1,0,11,"[3, 5, 0, 4, 1, 2]",1.3441489
./random_graph_db/graph_db_node_6/12_p0.9/12_graph_n6_p0.9_idx7.gpickle,6,0.9,7,1,0,7,"[0, 3, 1, 4, 2, 5]",1.3373001
./random_graph_db/graph_db_node_6/12_p0.9/12_graph_n6_p0.9_idx8.gpickle,6,0.9,8,2,2,12,"[1, 0, 2, 3, 5, 4]",1.6251392
./random_graph_db/graph_db_node_6/12_p0.9/12_graph_n6_p0.9_idx9.gpickle,6,0.9,9,2,2,12,"[2, 4, 3, 0, 5, 1]",1.417115
./random_graph_db/graph_db_node_7/01_p0.1/01_graph_n7_p0.1_idx1.gpickle,7,0.1,1,1,0,8,"[6, 5, 4, 2, 1, 0, 3]",1.5142584
./random_graph_db/graph_db_node_7/01_p0.1/01_graph_n7_p0.1_idx10.gpickle,7,0.1,10,1,0,8,"[1, 2, 6, 3, 4, 0, 5]",1.5365732
./random_graph_db/graph_db_node_7/01_p0.1/01_graph_n7_p0.1_idx2.gpickle,7,0.1,2,2,2,13,"[6, 5, 0, 3, 1, 2, 4]",1.5604019
./random_graph_db/graph_db_node_7/01_p0.1/01_graph_n7_p0.1_idx3.gpickle,7,0.1,3,2,2,13,"[1, 5, 3, 2, 4, 6, 0]",1.6109521
./random_graph_db/graph_db_node_7/01_p0.1/01_graph_n7_p0.1_idx4.gpickle,7,0.1,4,1,0,8,"[1, 3, 5, 0, 4, 6, 2]",1.610688
./random_graph_db/graph_db_node_7/01_p0.1/01_graph_n7_p0.1_idx5.gpickle,7,0.1,5,2,2,13,"[3, 2, 0, 5, 4, 6, 1]",1.6832409
./random_graph_db/graph_db_node_7/01_p0.1/01_graph_n7_p0.1_idx6.gpickle,7,0.1,6,1,0,8,"[5, 1, 0, 2, 3, 6, 4]",1.5003362
./random_graph_db/graph_db_node_7/01_p0.1/01_graph_n7_p0.1_idx7.gpickle,7,0.1,7,1,0,8,"[6, 1, 2, 5, 3, 0, 4]",1.5953701
./random_graph_db/graph_db_node_7/01_p0.1/01_graph_n7_p0.1_idx8.gpickle,7,0.1,8,1,0,8,"[4, 5, 3, 1, 6, 0, 2]",1.568198
./random_graph_db/graph_db_node_7/01_p0.1/01_graph_n7_p0.1_idx9.gpickle,7,0.1,9,2,1,10,"[1, 4, 6, 5, 0, 3, 2]",1.5669551
./random_graph_db/graph_db_node_7/02_p0.2/02_graph_n7_p0.2_idx1.gpickle,7,0.2,1,2,2,13,"[3, 4, 1, 6, 5, 2, 0]",1.565294
./random_graph_db/graph_db_node_7/02_p0.2/02_graph_n7_p0.2_idx10.gpickle,7,0.2,10,2,2,13,"[3, 5, 6, 0, 4, 1, 2]",1.5780222
./random_graph_db/graph_db_node_7/02_p0.2/02_graph_n7_p0.2_idx2.gpickle,7,0.2,2,1,0,8,"[6, 2, 4, 1, 5, 0, 3]",1.7862151
./random_graph_db/graph_db_node_7/02_p0.2/02_graph_n7_p0.2_idx3.gpickle,7,0.2,3,1,0,8,"[6, 0, 3, 4, 1, 2, 5]",1.5501668
./random_graph_db/graph_db_node_7/02_p0.2/02_graph_n7_p0.2_idx4.gpickle,7,0.2,4,1,0,8,"[4, 2, 1, 5, 6, 3, 0]",1.5665071
./random_graph_db/graph_db_node_7/02_p0.2/02_graph_n7_p0.2_idx5.gpickle,7,0.2,5,1,0,8,"[4, 6, 3, 5, 1, 0, 2]",1.50577
./random_graph_db/graph_db_node_7/02_p0.2/02_graph_n7_p0.2_idx6.gpickle,7,0.2,6,1,0,8,"[6, 3, 5, 2, 4, 0, 1]",1.5459638
./random_graph_db/graph_db_node_7/02_p0.2/02_graph_n7_p0.2_idx7.gpickle,7,0.2,7,2,2,13,"[5, 4, 3, 0, 2, 1, 6]",1.5535591
./random_graph_db/graph_db_node_7/02_p0.2/02_graph_n7_p0.2_idx8.gpickle,7,0.2,8,2,2,11,"[5, 6, 4, 0, 3, 1, 2]",1.593013
./random_graph_db/graph_db_node_7/02_p0.2/02_graph_n7_p0.2_idx9.gpickle,7,0.2,9,1,0,8,"[4, 0, 5, 6, 3, 2, 1]",1.4726391
./random_graph_db/graph_db_node_7/03_p0.3/03_graph_n7_p0.3_idx1.gpickle,7,0.3,1,1,0,8,"[4, 1, 0, 5, 6, 3, 2]",1.5384278
./random_graph_db/graph_db_node_7/03_p0.3/03_graph_n7_p0.3_idx10.gpickle,7,0.3,10,2,1,10,"[6, 2, 0, 5, 1, 4, 3]",1.5157409
./random_graph_db/graph_db_node_7/03_p0.3/03_graph_n7_p0.3_idx2.gpickle,7,0.3,2,1,0,10,"[2, 3, 6, 0, 4, 5, 1]",1.6044462
./random_graph_db/graph_db_node_7/03_p0.3/03_graph_n7_p0.3_idx3.gpickle,7,0.3,3,1,0,8,"[1, 2, 4, 3, 5, 6, 0]",1.5016942
./random_graph_db/graph_db_node_7/03_p0.3/03_graph_n7_p0.3_idx4.gpickle,7,0.3,4,2,3,14,"[5, 6, 3, 4, 0, 2, 1]",1.5500789
./random_graph_db/graph_db_node_7/03_p0.3/03_graph_n7_p0.3_idx5.gpickle,7,0.3,5,2,4,13,"[1, 2, 0, 6, 3, 5, 4]",1.674788
./random_graph_db/graph_db_node_7/03_p0.3/03_graph_n7_p0.3_idx6.gpickle,7,0.3,6,3,6,20,"[1, 0, 3, 6, 2, 4, 5]",1.5413809
./random_graph_db/graph_db_node_7/03_p0.3/03_graph_n7_p0.3_idx7.gpickle,7,0.3,7,3,5,19,"[0, 1, 6, 3, 4, 5, 2]",1.543571
./random_graph_db/graph_db_node_7/03_p0.3/03_graph_n7_p0.3_idx8.gpickle,7,0.3,8,1,0,8,"[2, 3, 6, 1, 5, 0, 4]",1.4631648
./random_graph_db/graph_db_node_7/03_p0.3/03_graph_n7_p0.3_idx9.gpickle,7,0.3,9,2,4,21,"[1, 0, 2, 4, 5, 3, 6]",1.6958849
./random_graph_db/graph_db_node_7/04_p0.4/04_graph_n7_p0.4_idx1.gpickle,7,0.4,1,2,2,13,"[3, 0, 1, 4, 6, 5, 2]",1.525907
./random_graph_db/graph_db_node_7/04_p0.4/04_graph_n7_p0.4_idx10.gpickle,7,0.4,10,2,4,15,"[6, 2, 3, 1, 5, 4, 0]",1.529824
./random_graph_db/graph_db_node_7/04_p0.4/04_graph_n7_p0.4_idx2.gpickle,7,0.4,2,2,2,13,"[0, 3, 6, 5, 4, 2, 1]",1.4710529
./random_graph_db/graph_db_node_7/04_p0.4/04_graph_n7_p0.4_idx3.gpickle,7,0.4,3,2,4,17,"[1, 2, 0, 6, 3, 4, 5]",1.581594
./random_graph_db/graph_db_node_7/04_p0.4/04_graph_n7_p0.4_idx4.gpickle,7,0.4,4,2,4,15,"[0, 3, 5, 1, 2, 4, 6]",1.486774
./random_graph_db/graph_db_node_7/04_p0.4/04_graph_n7_p0.4_idx5.gpickle,7,0.4,5,2,2,13,"[5, 0, 4, 1, 3, 6, 2]",1.6335051
./random_graph_db/graph_db_node_7/04_p0.4/04_graph_n7_p0.4_idx6.gpickle,7,0.4,6,2,3,14,"[5, 6, 3, 2, 0, 1, 4]",1.5097971
./random_graph_db/graph_db_node_7/04_p0.4/04_graph_n7_p0.4_idx7.gpickle,7,0.4,7,2,2,13,"[5, 4, 0, 1, 6, 2, 3]",1.5089259
./random_graph_db/graph_db_node_7/04_p0.4/04_graph_n7_p0.4_idx8.gpickle,7,0.4,8,1,0,8,"[5, 6, 2, 4, 1, 0, 3]",1.448025
./random_graph_db/graph_db_node_7/04_p0.4/04_graph_n7_p0.4_idx9.gpickle,7,0.4,9,1,0,8,"[2, 3, 0, 6, 4, 1, 5]",1.4456592
./random_graph_db/graph_db_node_7/05_p0.45/05_graph_n7_p0.45_idx1.gpickle,7,0.45,1,2,2,13,"[5, 0, 2, 6, 1, 4, 3]",1.4913201
./random_graph_db/graph_db_node_7/05_p0.45/05_graph_n7_p0.45_idx10.gpickle,7,0.45,10,2,3,22,"[2, 0, 1, 4, 5, 3, 6]",1.5256987
./random_graph_db/graph_db_node_7/05_p0.45/05_graph_n7_p0.45_idx2.gpickle,7,0.45,2,1,0,8,"[6, 3, 0, 1, 4, 2, 5]",1.5915418
./random_graph_db/graph_db_node_7/05_p0.45/05_graph_n7_p0.45_idx3.gpickle,7,0.45,3,1,0,8,"[4, 0, 5, 3, 2, 1, 6]",1.4835052
./random_graph_db/graph_db_node_7/05_p0.45/05_graph_n7_p0.45_idx4.gpickle,7,0.45,4,2,3,12,"[1, 3, 2, 6, 5, 0, 4]",1.467371
./random_graph_db/graph_db_node_7/05_p0.45/05_graph_n7_p0.45_idx5.gpickle,7,0.45,5,2,4,24,"[3, 1, 0, 5, 2, 6, 4]",1.5119839
./random_graph_db/graph_db_node_7/05_p0.45/05_graph_n7_p0.45_idx6.gpickle,7,0.45,6,2,4,20,"[2, 3, 4, 0, 5, 1, 6]",1.5129111
./random_graph_db/graph_db_node_7/05_p0.45/05_graph_n7_p0.45_idx7.gpickle,7,0.45,7,2,4,20,"[2, 4, 5, 6, 0, 1, 3]",1.5060551
./random_graph_db/graph_db_node_7/05_p0.45/05_graph_n7_p0.45_idx8.gpickle,7,0.45,8,2,3,14,"[2, 4, 6, 0, 5, 1, 3]",1.4809418
./random_graph_db/graph_db_node_7/05_p0.45/05_graph_n7_p0.45_idx9.gpickle,7,0.45,9,3,6,30,"[1, 5, 4, 6, 3, 2, 0]",1.5425441
./random_graph_db/graph_db_node_7/06_p0.5/06_graph_n7_p0.5_idx1.gpickle,7,0.5,1,2,2,13,"[5, 2, 0, 4, 6, 1, 3]",1.6158271
./random_graph_db/graph_db_node_7/06_p0.5/06_graph_n7_p0.5_idx10.gpickle,7,0.5,10,1,0,8,"[5, 2, 6, 1, 3, 4, 0]",1.4283712
./random_graph_db/graph_db_node_7/06_p0.5/06_graph_n7_p0.5_idx2.gpickle,7,0.5,2,3,6,20,"[0, 1, 5, 3, 4, 2, 6]",1.4944172
./random_graph_db/graph_db_node_7/06_p0.5/06_graph_n7_p0.5_idx3.gpickle,7,0.5,3,2,4,20,"[2, 5, 4, 3, 1, 6, 0]",1.5027869
./random_graph_db/graph_db_node_7/06_p0.5/06_graph_n7_p0.5_idx4.gpickle,7,0.5,4,2,2,13,"[4, 3, 0, 5, 1, 2, 6]",1.4769847
./random_graph_db/graph_db_node_7/06_p0.5/06_graph_n7_p0.5_idx5.gpickle,7,0.5,5,2,2,11,"[2, 1, 5, 0, 4, 3, 6]",1.4637051
./random_graph_db/graph_db_node_7/06_p0.5/06_graph_n7_p0.5_idx6.gpickle,7,0.5,6,2,4,24,"[6, 4, 5, 2, 1, 0, 3]",1.4701951
./random_graph_db/graph_db_node_7/06_p0.5/06_graph_n7_p0.5_idx7.gpickle,7,0.5,7,2,3,14,"[5, 0, 6, 4, 2, 1, 3]",1.6278789
./random_graph_db/graph_db_node_7/06_p0.5/06_graph_n7_p0.5_idx8.gpickle,7,0.5,8,2,2,13,"[4, 1, 2, 3, 6, 0, 5]",1.546855
./random_graph_db/graph_db_node_7/06_p0.5/06_graph_n7_p0.5_idx9.gpickle,7,0.5,9,1,0,8,"[4, 1, 5, 6, 3, 0, 2]",1.4254432
./random_graph_db/graph_db_node_7/07_p0.55/07_graph_n7_p0.55_idx1.gpickle,7,0.55,1,1,0,8,"[4, 6, 0, 2, 3, 5, 1]",1.4640141
./random_graph_db/graph_db_node_7/07_p0.55/07_graph_n7_p0.55_idx10.gpickle,7,0.55,10,3,5,17,"[6, 4, 1, 0, 5, 3, 2]",1.5096171
./random_graph_db/graph_db_node_7/07_p0.55/07_graph_n7_p0.55_idx2.gpickle,7,0.55,2,2,2,13,"[6, 3, 4, 5, 1, 2, 0]",1.4718542
./random_graph_db/graph_db_node_7/07_p0.55/07_graph_n7_p0.55_idx3.gpickle,7,0.55,3,2,2,13,"[4, 1, 6, 3, 0, 2, 5]",1.4671533
./random_graph_db/graph_db_node_7/07_p0.55/07_graph_n7_p0.55_idx4.gpickle,7,0.55,4,2,3,20,"[1, 4, 2, 5, 6, 0, 3]",1.6027839
./random_graph_db/graph_db_node_7/07_p0.55/07_graph_n7_p0.55_idx5.gpickle,7,0.55,5,2,3,14,"[1, 5, 6, 0, 2, 3, 4]",1.4666252
./random_graph_db/graph_db_node_7/07_p0.55/07_graph_n7_p0.55_idx6.gpickle,7,0.55,6,2,2,13,"[4, 2, 0, 3, 6, 5, 1]",1.4911299
./random_graph_db/graph_db_node_7/07_p0.55/07_graph_n7_p0.55_idx7.gpickle,7,0.55,7,2,2,13,"[4, 0, 2, 5, 3, 1, 6]",1.4814489
./random_graph_db/graph_db_node_7/07_p0.55/07_graph_n7_p0.55_idx8.gpickle,7,0.55,8,2,3,14,"[5, 4, 2, 6, 0, 1, 3]",1.4443319
./random_graph_db/graph_db_node_7/07_p0.55/07_graph_n7_p0.55_idx9.gpickle,7,0.55,9,2,2,13,"[3, 2, 6, 0, 5, 1, 4]",1.6226058
./random_graph_db/graph_db_node_7/08_p0.6/08_graph_n7_p0.6_idx1.gpickle,7,0.6,1,3,5,17,"[3, 1, 6, 0, 2, 5, 4]",1.5241518
./random_graph_db/graph_db_node_7/08_p0.6/08_graph_n7_p0.6_idx10.gpickle,7,0.6,10,2,4,15,"[0, 3, 5, 6, 1, 4, 2]",1.481571
./random_graph_db/graph_db_node_7/08_p0.6/08_graph_n7_p0.6_idx2.gpickle,7,0.6,2,1,0,8,"[0, 6, 2, 1, 3, 5, 4]",1.422802
./random_graph_db/graph_db_node_7/08_p0.6/08_graph_n7_p0.6_idx3.gpickle,7,0.6,3,2,2,13,"[5, 3, 2, 0, 6, 1, 4]",1.4578807
./random_graph_db/graph_db_node_7/08_p0.6/08_graph_n7_p0.6_idx4.gpickle,7,0.6,4,2,4,20,"[2, 4, 1, 0, 3, 5, 6]",1.5307899
./random_graph_db/graph_db_node_7/08_p0.6/08_graph_n7_p0.6_idx5.gpickle,7,0.6,5,1,0,8,"[1, 2, 4, 0, 6, 3, 5]",1.5859079
./random_graph_db/graph_db_node_7/08_p0.6/08_graph_n7_p0.6_idx6.gpickle,7,0.6,6,2,3,19,"[0, 5, 6, 1, 3, 4, 2]",1.454433
./random_graph_db/graph_db_node_7/08_p0.6/08_graph_n7_p0.6_idx7.gpickle,7,0.6,7,2,2,13,"[3, 4, 0, 1, 6, 2, 5]",1.4781661
./random_graph_db/graph_db_node_7/08_p0.6/08_graph_n7_p0.6_idx8.gpickle,7,0.6,8,2,3,12,"[0, 4, 5, 3, 1, 2, 6]",1.4718952
./random_graph_db/graph_db_node_7/08_p0.6/08_graph_n7_p0.6_idx9.gpickle,7,0.6,9,2,2,13,"[2, 3, 0, 6, 4, 5, 1]",1.4297912
./random_graph_db/graph_db_node_7/09_p0.65/09_graph_n7_p0.65_idx1.gpickle,7,0.65,1,2,4,20,"[0, 3, 4, 1, 6, 2, 5]",1.4886179
./random_graph_db/graph_db_node_7/09_p0.65/09_graph_n7_p0.65_idx10.gpickle,7,0.65,10,2,3,14,"[6, 5, 1, 2, 3, 0, 4]",1.5018802
./random_graph_db/graph_db_node_7/09_p0.65/09_graph_n7_p0.65_idx2.gpickle,7,0.65,2,3,5,19,"[0, 3, 4, 2, 5, 6, 1]",1.6737928
./random_graph_db/graph_db_node_7/09_p0.65/09_graph_n7_p0.65_idx3.gpickle,7,0.65,3,2,4,15,"[6, 3, 1, 5, 2, 4, 0]",1.6723158
./random_graph_db/graph_db_node_7/09_p0.65/09_graph_n7_p0.65_idx4.gpickle,7,0.65,4,2,2,13,"[5, 0, 2, 1, 4, 6, 3]",1.4569001
./random_graph_db/graph_db_node_7/09_p0.65/09_graph_n7_p0.65_idx5.gpickle,7,0.65,5,1,0,8,"[0, 1, 2, 6, 3, 5, 4]",1.3992109
./random_graph_db/graph_db_node_7/09_p0.65/09_graph_n7_p0.65_idx6.gpickle,7,0.65,6,2,4,24,"[6, 2, 0, 3, 4, 5, 1]",1.461874
./random_graph_db/graph_db_node_7/09_p0.65/09_graph_n7_p0.65_idx7.gpickle,7,0.65,7,2,2,13,"[6, 5, 3, 2, 0, 1, 4]",1.4702671
./random_graph_db/graph_db_node_7/09_p0.65/09_graph_n7_p0.65_idx8.gpickle,7,0.65,8,2,2,13,"[3, 0, 6, 4, 1, 5, 2]",1.4623122
./random_graph_db/graph_db_node_7/09_p0.65/09_graph_n7_p0.65_idx9.gpickle,7,0.65,9,2,3,21,"[5, 2, 1, 4, 3, 0, 6]",1.4626791
./random_graph_db/graph_db_node_7/10_p0.7/10_graph_n7_p0.7_idx1.gpickle,7,0.7,1,2,2,13,"[3, 2, 0, 5, 6, 4, 1]",1.6347048
./random_graph_db/graph_db_node_7/10_p0.7/10_graph_n7_p0.7_idx10.gpickle,7,0.7,10,2,4,20,"[2, 1, 5, 0, 4, 3, 6]",1.5423338
./random_graph_db/graph_db_node_7/10_p0.7/10_graph_n7_p0.7_idx2.gpickle,7,0.7,2,3,7,23,"[1, 3, 0, 2, 5, 4, 6]",1.483988
./random_graph_db/graph_db_node_7/10_p0.7/10_graph_n7_p0.7_idx3.gpickle,7,0.7,3,3,7,21,"[3, 5, 4, 2, 6, 1, 0]",1.4905729
./random_graph_db/graph_db_node_7/10_p0.7/10_graph_n7_p0.7_idx4.gpickle,7,0.7,4,2,4,15,"[0, 4, 6, 2, 5, 3, 1]",1.4780962
./random_graph_db/graph_db_node_7/10_p0.7/10_graph_n7_p0.7_idx5.gpickle,7,0.7,5,2,4,17,"[6, 0, 2, 5, 3, 1, 4]",1.5032849
./random_graph_db/graph_db_node_7/10_p0.7/10_graph_n7_p0.7_idx6.gpickle,7,0.7,6,2,4,20,"[1, 6, 3, 5, 2, 0, 4]",1.469944
./random_graph_db/graph_db_node_7/10_p0.7/10_graph_n7_p0.7_idx7.gpickle,7,0.7,7,1,0,10,"[0, 4, 6, 2, 3, 1, 5]",1.542485
./random_graph_db/graph_db_node_7/10_p0.7/10_graph_n7_p0.7_idx8.gpickle,7,0.7,8,1,0,8,"[6, 5, 4, 0, 1, 2, 3]",1.4157729
./random_graph_db/graph_db_node_7/10_p0.7/10_graph_n7_p0.7_idx9.gpickle,7,0.7,9,2,3,12,"[3, 0, 1, 6, 4, 2, 5]",1.4792719
./random_graph_db/graph_db_node_7/11_p0.8/11_graph_n7_p0.8_idx1.gpickle,7,0.8,1,2,2,13,"[6, 5, 4, 1, 0, 3, 2]",1.4265728
./random_graph_db/graph_db_node_7/11_p0.8/11_graph_n7_p0.8_idx10.gpickle,7,0.8,10,2,2,13,"[2, 5, 3, 0, 1, 6, 4]",1.484858
./random_graph_db/graph_db_node_7/11_p0.8/11_graph_n7_p0.8_idx2.gpickle,7,0.8,2,2,2,13,"[2, 6, 1, 0, 3, 5, 4]",1.444566
./random_graph_db/graph_db_node_7/11_p0.8/11_graph_n7_p0.8_idx3.gpickle,7,0.8,3,3,6,30,"[1, 5, 3, 0, 4, 6, 2]",1.5083489
./random_graph_db/graph_db_node_7/11_p0.8/11_graph_n7_p0.8_idx4.gpickle,7,0.8,4,2,2,13,"[5, 1, 0, 6, 2, 4, 3]",1.577636
./random_graph_db/graph_db_node_7/11_p0.8/11_graph_n7_p0.8_idx5.gpickle,7,0.8,5,2,3,14,"[2, 1, 6, 3, 5, 0, 4]",1.4557531
./random_graph_db/graph_db_node_7/11_p0.8/11_graph_n7_p0.8_idx6.gpickle,7,0.8,6,1,0,8,"[3, 0, 1, 2, 4, 5, 6]",1.385272
./random_graph_db/graph_db_node_7/11_p0.8/11_graph_n7_p0.8_idx7.gpickle,7,0.8,7,2,2,13,"[6, 5, 4, 0, 1, 2, 3]",1.50578
./random_graph_db/graph_db_node_7/11_p0.8/11_graph_n7_p0.8_idx8.gpickle,7,0.8,8,1,0,8,"[6, 5, 0, 3, 2, 1, 4]",1.438755
./random_graph_db/graph_db_node_7/11_p0.8/11_graph_n7_p0.8_idx9.gpickle,7,0.8,9,2,2,13,"[3, 2, 5, 4, 6, 0, 1]",1.6117468
./random_graph_db/graph_db_node_7/12_p0.9/12_graph_n7_p0.9_idx1.gpickle,7,0.9,1,1,0,8,"[3, 5, 2, 0, 4, 1, 6]",1.398432
./random_graph_db/graph_db_node_7/12_p0.9/12_graph_n7_p0.9_idx10.gpickle,7,0.9,10,1,0,10,"[2, 0, 5, 3, 4, 6, 1]",1.4315822
./random_graph_db/graph_db_node_7/12_p0.9/12_graph_n7_p0.9_idx2.gpickle,7,0.9,2,2,2,13,"[1, 3, 4, 5, 0, 6, 2]",1.4218817
./random_graph_db/graph_db_node_7/12_p0.9/12_graph_n7_p0.9_idx3.gpickle,7,0.9,3,1,0,8,"[1, 0, 4, 3, 6, 5, 2]",1.367372
./random_graph_db/graph_db_node_7/12_p0.9/12_graph_n7_p0.9_idx4.gpickle,7,0.9,4,1,0,8,"[0, 1, 3, 4, 5, 6, 2]",1.3314569
./random_graph_db/graph_db_node_7/12_p0.9/12_graph_n7_p0.9_idx5.gpickle,7,0.9,5,1,0,8,"[6, 2, 1, 4, 3, 0, 5]",1.4648728
./random_graph_db/graph_db_node_7/12_p0.9/12_graph_n7_p0.9_idx6.gpickle,7,0.9,6,2,4,17,"[5, 4, 2, 3, 1, 6, 0]",1.5765359
./random_graph_db/graph_db_node_7/12_p0.9/12_graph_n7_p0.9_idx7.gpickle,7,0.9,7,2,2,13,"[0, 5, 6, 4, 3, 1, 2]",1.4348562
./random_graph_db/graph_db_node_7/12_p0.9/12_graph_n7_p0.9_idx8.gpickle,7,0.9,8,1,0,8,"[4, 5, 1, 6, 2, 3, 0]",1.4101808
./random_graph_db/graph_db_node_7/12_p0.9/12_graph_n7_p0.9_idx9.gpickle,7,0.9,9,2,4,20,"[3, 2, 5, 0, 1, 4, 6]",1.4981968
./random_graph_db/graph_db_node_8/01_p0.1/01_graph_n8_p0.1_idx1.gpickle,8,0.1,1,1,0,9,"[6, 3, 5, 7, 2, 1, 0, 4]",1.5713749
./random_graph_db/graph_db_node_8/01_p0.1/01_graph_n8_p0.1_idx10.gpickle,8,0.1,10,2,3,21,"[7, 5, 4, 3, 1, 2, 6, 0]",1.6487241
./random_graph_db/graph_db_node_8/01_p0.1/01_graph_n8_p0.1_idx2.gpickle,8,0.1,2,2,3,15,"[3, 2, 1, 7, 6, 4, 0, 5]",1.63854
./random_graph_db/graph_db_node_8/01_p0.1/01_graph_n8_p0.1_idx3.gpickle,8,0.1,3,1,0,9,"[1, 5, 7, 0, 3, 6, 4, 2]",1.7532091
./random_graph_db/graph_db_node_8/01_p0.1/01_graph_n8_p0.1_idx4.gpickle,8,0.1,4,2,2,14,"[5, 4, 6, 7, 1, 2, 3, 0]",1.689975
./random_graph_db/graph_db_node_8/01_p0.1/01_graph_n8_p0.1_idx5.gpickle,8,0.1,5,2,1,11,"[0, 5, 2, 4, 6, 7, 1, 3]",1.6094651
./random_graph_db/graph_db_node_8/01_p0.1/01_graph_n8_p0.1_idx6.gpickle,8,0.1,6,1,0,9,"[5, 2, 6, 7, 4, 1, 0, 3]",1.6355491
./random_graph_db/graph_db_node_8/01_p0.1/01_graph_n8_p0.1_idx7.gpickle,8,0.1,7,1,0,9,"[3, 4, 0, 7, 6, 2, 5, 1]",1.6107609
./random_graph_db/graph_db_node_8/01_p0.1/01_graph_n8_p0.1_idx8.gpickle,8,0.1,8,2,3,22,"[3, 4, 2, 1, 7, 6, 0, 5]",1.6543701
./random_graph_db/graph_db_node_8/01_p0.1/01_graph_n8_p0.1_idx9.gpickle,8,0.1,9,1,0,9,"[0, 3, 5, 6, 7, 2, 4, 1]",1.555289
./random_graph_db/graph_db_node_8/02_p0.2/02_graph_n8_p0.2_idx1.gpickle,8,0.2,1,2,1,13,"[5, 3, 0, 1, 6, 2, 4, 7]",1.7509549
./random_graph_db/graph_db_node_8/02_p0.2/02_graph_n8_p0.2_idx10.gpickle,8,0.2,10,2,2,14,"[7, 0, 2, 4, 6, 3, 5, 1]",1.6442988
./random_graph_db/graph_db_node_8/02_p0.2/02_graph_n8_p0.2_idx2.gpickle,8,0.2,2,1,0,9,"[0, 5, 6, 7, 4, 1, 3, 2]",1.609576
./random_graph_db/graph_db_node_8/02_p0.2/02_graph_n8_p0.2_idx3.gpickle,8,0.2,3,1,0,9,"[7, 6, 1, 4, 3, 5, 0, 2]",1.637162
./random_graph_db/graph_db_node_8/02_p0.2/02_graph_n8_p0.2_idx4.gpickle,8,0.2,4,2,3,15,"[1, 6, 4, 3, 7, 5, 2, 0]",1.7074239
./random_graph_db/graph_db_node_8/02_p0.2/02_graph_n8_p0.2_idx5.gpickle,8,0.2,5,1,0,9,"[7, 0, 5, 1, 3, 4, 2, 6]",1.585212
./random_graph_db/graph_db_node_8/02_p0.2/02_graph_n8_p0.2_idx6.gpickle,8,0.2,6,1,0,9,"[3, 7, 4, 0, 6, 2, 5, 1]",1.5846269
./random_graph_db/graph_db_node_8/02_p0.2/02_graph_n8_p0.2_idx7.gpickle,8,0.2,7,1,0,9,"[3, 7, 0, 6, 5, 4, 1, 2]",1.9472702
./random_graph_db/graph_db_node_8/02_p0.2/02_graph_n8_p0.2_idx8.gpickle,8,0.2,8,1,0,9,"[4, 2, 3, 0, 5, 6, 7, 1]",1.6009381
./random_graph_db/graph_db_node_8/02_p0.2/02_graph_n8_p0.2_idx9.gpickle,8,0.2,9,1,0,9,"[2, 1, 0, 6, 5, 4, 7, 3]",1.598352
./random_graph_db/graph_db_node_8/03_p0.3/03_graph_n8_p0.3_idx1.gpickle,8,0.3,1,1,0,9,"[3, 2, 7, 0, 4, 5, 1, 6]",1.6440372
./random_graph_db/graph_db_node_8/03_p0.3/03_graph_n8_p0.3_idx10.gpickle,8,0.3,10,2,2,14,"[1, 4, 3, 6, 7, 5, 2, 0]",1.6158609
./random_graph_db/graph_db_node_8/03_p0.3/03_graph_n8_p0.3_idx2.gpickle,8,0.3,2,2,5,24,"[1, 5, 2, 4, 7, 6, 0, 3]",1.658447
./random_graph_db/graph_db_node_8/03_p0.3/03_graph_n8_p0.3_idx3.gpickle,8,0.3,3,2,2,14,"[2, 7, 1, 3, 4, 6, 5, 0]",1.7699502
./random_graph_db/graph_db_node_8/03_p0.3/03_graph_n8_p0.3_idx4.gpickle,8,0.3,4,2,1,11,"[1, 3, 0, 2, 5, 6, 7, 4]",1.6152909
./random_graph_db/graph_db_node_8/03_p0.3/03_graph_n8_p0.3_idx5.gpickle,8,0.3,5,2,3,24,"[1, 5, 7, 4, 3, 2, 6, 0]",1.6782908
./random_graph_db/graph_db_node_8/03_p0.3/03_graph_n8_p0.3_idx6.gpickle,8,0.3,6,2,2,14,"[2, 0, 6, 7, 5, 4, 1, 3]",1.8279653
./random_graph_db/graph_db_node_8/03_p0.3/03_graph_n8_p0.3_idx7.gpickle,8,0.3,7,2,2,14,"[1, 7, 3, 6, 4, 2, 5, 0]",1.702378
./random_graph_db/graph_db_node_8/03_p0.3/03_graph_n8_p0.3_idx8.gpickle,8,0.3,8,1,0,13,"[4, 3, 1, 7, 5, 6, 2, 0]",1.5972679
./random_graph_db/graph_db_node_8/03_p0.3/03_graph_n8_p0.3_idx9.gpickle,8,0.3,9,2,4,26,"[7, 3, 2, 0, 4, 5, 1, 6]",1.6683331
./random_graph_db/graph_db_node_8/04_p0.4/04_graph_n8_p0.4_idx1.gpickle,8,0.4,1,3,5,18,"[1, 4, 6, 3, 7, 2, 5, 0]",1.6703701
./random_graph_db/graph_db_node_8/04_p0.4/04_graph_n8_p0.4_idx10.gpickle,8,0.4,10,2,4,27,"[2, 4, 7, 1, 5, 3, 0, 6]",1.6954932
./random_graph_db/graph_db_node_8/04_p0.4/04_graph_n8_p0.4_idx2.gpickle,8,0.4,2,2,4,21,"[4, 5, 3, 2, 6, 1, 0, 7]",1.844779
./random_graph_db/graph_db_node_8/04_p0.4/04_graph_n8_p0.4_idx3.gpickle,8,0.4,3,2,3,13,"[1, 6, 3, 0, 5, 2, 4, 7]",1.6235387
./random_graph_db/graph_db_node_8/04_p0.4/04_graph_n8_p0.4_idx4.gpickle,8,0.4,4,2,2,12,"[4, 0, 2, 1, 3, 6, 5, 7]",1.601501
./random_graph_db/graph_db_node_8/04_p0.4/04_graph_n8_p0.4_idx5.gpickle,8,0.4,5,1,0,9,"[2, 5, 7, 4, 6, 3, 1, 0]",1.6270192
./random_graph_db/graph_db_node_8/04_p0.4/04_graph_n8_p0.4_idx6.gpickle,8,0.4,6,2,4,25,"[1, 0, 3, 7, 4, 2, 5, 6]",1.6425712
./random_graph_db/graph_db_node_8/04_p0.4/04_graph_n8_p0.4_idx7.gpickle,8,0.4,7,3,8,33,"[1, 7, 6, 0, 2, 4, 3, 5]",1.727386
./random_graph_db/graph_db_node_8/04_p0.4/04_graph_n8_p0.4_idx8.gpickle,8,0.4,8,3,7,23,"[7, 2, 0, 5, 6, 3, 4, 1]",1.7743313
./random_graph_db/graph_db_node_8/04_p0.4/04_graph_n8_p0.4_idx9.gpickle,8,0.4,9,2,3,15,"[6, 2, 4, 0, 7, 5, 1, 3]",1.7872798
./random_graph_db/graph_db_node_8/05_p0.45/05_graph_n8_p0.45_idx1.gpickle,8,0.45,1,1,0,9,"[0, 1, 7, 6, 2, 3, 5, 4]",1.6130331
./random_graph_db/graph_db_node_8/05_p0.45/05_graph_n8_p0.45_idx10.gpickle,8,0.45,10,2,2,14,"[4, 3, 0, 5, 2, 1, 7, 6]",1.6531129
./random_graph_db/graph_db_node_8/05_p0.45/05_graph_n8_p0.45_idx2.gpickle,8,0.45,2,2,2,12,"[7, 3, 5, 6, 0, 4, 2, 1]",1.6404321
./random_graph_db/graph_db_node_8/05_p0.45/05_graph_n8_p0.45_idx3.gpickle,8,0.45,3,3,6,24,"[7, 6, 0, 4, 5, 3, 2, 1]",1.6841772
./random_graph_db/graph_db_node_8/05_p0.45/05_graph_n8_p0.45_idx4.gpickle,8,0.45,4,2,3,15,"[7, 2, 4, 0, 6, 5, 3, 1]",1.7346709
./random_graph_db/graph_db_node_8/05_p0.45/05_graph_n8_p0.45_idx5.gpickle,8,0.45,5,2,3,26,"[0, 7, 2, 3, 4, 6, 5, 1]",1.6900113
./random_graph_db/graph_db_node_8/05_p0.45/05_graph_n8_p0.45_idx6.gpickle,8,0.45,6,3,7,31,"[3, 2, 7, 0, 4, 1, 6, 5]",1.813868
./random_graph_db/graph_db_node_8/05_p0.45/05_graph_n8_p0.45_idx7.gpickle,8,0.45,7,2,4,18,"[1, 6, 2, 5, 4, 0, 3, 7]",1.6792221
./random_graph_db/graph_db_node_8/05_p0.45/05_graph_n8_p0.45_idx8.gpickle,8,0.45,8,2,2,14,"[4, 3, 5, 6, 7, 2, 1, 0]",1.6380653
./random_graph_db/graph_db_node_8/05_p0.45/05_graph_n8_p0.45_idx9.gpickle,8,0.45,9,3,5,18,"[2, 3, 1, 0, 7, 4, 6, 5]",1.6806858
./random_graph_db/graph_db_node_8/06_p0.5/06_graph_n8_p0.5_idx1.gpickle,8,0.5,1,3,9,29,"[3, 4, 0, 1, 2, 6, 7, 5]",1.7492056
./random_graph_db/graph_db_node_8/06_p0.5/06_graph_n8_p0.5_idx10.gpickle,8,0.5,10,2,2,14,"[5, 4, 0, 1, 6, 2, 7, 3]",1.6495008
./random_graph_db/graph_db_node_8/06_p0.5/06_graph_n8_p0.5_idx2.gpickle,8,0.5,2,1,0,9,"[1, 0, 5, 6, 3, 2, 7, 4]",1.6356328
./random_graph_db/graph_db_node_8/06_p0.5/06_graph_n8_p0.5_idx3.gpickle,8,0.5,3,2,5,27,"[6, 2, 7, 0, 5, 3, 1, 4]",1.8087149
./random_graph_db/graph_db_node_8/06_p0.5/06_graph_n8_p0.5_idx4.gpickle,8,0.5,4,3,6,21,"[5, 6, 1, 4, 0, 7, 3, 2]",1.6650181
./random_graph_db/graph_db_node_8/06_p0.5/06_graph_n8_p0.5_idx5.gpickle,8,0.5,5,2,3,15,"[5, 3, 4, 7, 6, 1, 2, 0]",1.6422348
./random_graph_db/graph_db_node_8/06_p0.5/06_graph_n8_p0.5_idx6.gpickle,8,0.5,6,2,4,25,"[6, 1, 7, 5, 3, 4, 2, 0]",1.698693
./random_graph_db/graph_db_node_8/06_p0.5/06_graph_n8_p0.5_idx7.gpickle,8,0.5,7,2,2,14,"[1, 2, 4, 3, 5, 0, 7, 6]",1.656055
./random_graph_db/graph_db_node_8/06_p0.5/06_graph_n8_p0.5_idx8.gpickle,8,0.5,8,2,2,14,"[3, 7, 4, 1, 6, 2, 5, 0]",1.6384339
./random_graph_db/graph_db_node_8/06_p0.5/06_graph_n8_p0.5_idx9.gpickle,8,0.5,9,3,7,28,"[4, 6, 0, 3, 1, 7, 2, 5]",1.8601179
./random_graph_db/graph_db_node_8/07_p0.55/07_graph_n8_p0.55_idx1.gpickle,8,0.55,1,3,9,28,"[1, 6, 5, 3, 0, 4, 7, 2]",1.7026629
./random_graph_db/graph_db_node_8/07_p0.55/07_graph_n8_p0.55_idx10.gpickle,8,0.55,10,2,2,14,"[5, 6, 1, 3, 7, 0, 2, 4]",1.656575
./random_graph_db/graph_db_node_8/07_p0.55/07_graph_n8_p0.55_idx2.gpickle,8,0.55,2,2,3,20,"[7, 6, 5, 2, 3, 1, 0, 4]",1.8401668
./random_graph_db/graph_db_node_8/07_p0.55/07_graph_n8_p0.55_idx3.gpickle,8,0.55,3,2,3,20,"[3, 5, 6, 4, 7, 1, 2, 0]",1.688168
./random_graph_db/graph_db_node_8/07_p0.55/07_graph_n8_p0.55_idx4.gpickle,8,0.55,4,2,2,14,"[2, 5, 3, 6, 0, 1, 7, 4]",1.6518741
./random_graph_db/graph_db_node_8/07_p0.55/07_graph_n8_p0.55_idx5.gpickle,8,0.55,5,2,3,22,"[1, 2, 7, 5, 4, 6, 3, 0]",1.6933122
./random_graph_db/graph_db_node_8/07_p0.55/07_graph_n8_p0.55_idx6.gpickle,8,0.55,6,2,5,27,"[6, 0, 3, 4, 1, 2, 7, 5]",1.6985726
./random_graph_db/graph_db_node_8/07_p0.55/07_graph_n8_p0.55_idx7.gpickle,8,0.55,7,3,6,23,"[4, 2, 3, 5, 0, 1, 6, 7]",1.6644497
./random_graph_db/graph_db_node_8/07_p0.55/07_graph_n8_p0.55_idx8.gpickle,8,0.55,8,2,4,16,"[6, 4, 1, 7, 2, 0, 3, 5]",1.9619713
./random_graph_db/graph_db_node_8/07_p0.55/07_graph_n8_p0.55_idx9.gpickle,8,0.55,9,3,6,29,"[6, 4, 2, 3, 0, 1, 5, 7]",1.7050478
./random_graph_db/graph_db_node_8/08_p0.6/08_graph_n8_p0.6_idx1.gpickle,8,0.6,1,2,2,12,"[3, 6, 5, 0, 4, 2, 7, 1]",1.6700561
./random_graph_db/graph_db_node_8/08_p0.6/08_graph_n8_p0.6_idx10.gpickle,8,0.6,10,2,4,31,"[2, 7, 6, 4, 5, 3, 0, 1]",1.6764641
./random_graph_db/graph_db_node_8/08_p0.6/08_graph_n8_p0.6_idx2.gpickle,8,0.6,2,3,9,29,"[5, 6, 1, 2, 4, 0, 7, 3]",1.7070439
./random_graph_db/graph_db_node_8/08_p0.6/08_graph_n8_p0.6_idx3.gpickle,8,0.6,3,3,6,22,"[5, 2, 3, 7, 6, 1, 4, 0]",1.7339442
./random_graph_db/graph_db_node_8/08_p0.6/08_graph_n8_p0.6_idx4.gpickle,8,0.6,4,2,4,20,"[7, 0, 5, 3, 1, 4, 2, 6]",1.6762431
./random_graph_db/graph_db_node_8/08_p0.6/08_graph_n8_p0.6_idx5.gpickle,8,0.6,5,3,7,22,"[5, 6, 4, 2, 1, 3, 0, 7]",1.8233259
./random_graph_db/graph_db_node_8/08_p0.6/08_graph_n8_p0.6_idx6.gpickle,8,0.6,6,2,3,20,"[7, 5, 1, 0, 3, 6, 2, 4]",1.7012768
./random_graph_db/graph_db_node_8/08_p0.6/08_graph_n8_p0.6_idx7.gpickle,8,0.6,7,2,4,21,"[3, 7, 1, 2, 6, 5, 4, 0]",1.6811719
./random_graph_db/graph_db_node_8/08_p0.6/08_graph_n8_p0.6_idx8.gpickle,8,0.6,8,3,5,22,"[0, 4, 5, 3, 2, 7, 6, 1]",1.68117
./random_graph_db/graph_db_node_8/08_p0.6/08_graph_n8_p0.6_idx9.gpickle,8,0.6,9,3,7,20,"[7, 2, 6, 5, 1, 0, 4, 3]",1.7226441
./random_graph_db/graph_db_node_8/09_p0.65/09_graph_n8_p0.65_idx1.gpickle,8,0.65,1,3,6,26,"[1, 7, 5, 6, 2, 3, 4, 0]",1.7138307
./random_graph_db/graph_db_node_8/09_p0.65/09_graph_n8_p0.65_idx10.gpickle,8,0.65,10,2,4,27,"[0, 5, 7, 4, 3, 2, 1, 6]",1.6670022
./random_graph_db/graph_db_node_8/09_p0.65/09_graph_n8_p0.65_idx2.gpickle,8,0.65,2,2,4,21,"[0, 5, 6, 4, 7, 1, 2, 3]",1.8360877
./random_graph_db/graph_db_node_8/09_p0.65/09_graph_n8_p0.65_idx3.gpickle,8,0.65,3,2,4,24,"[3, 0, 7, 5, 2, 6, 4, 1]",1.64991
./random_graph_db/graph_db_node_8/09_p0.65/09_graph_n8_p0.65_idx4.gpickle,8,0.65,4,2,5,27,"[2, 7, 5, 4, 1, 6, 0, 3]",1.6896019
./random_graph_db/graph_db_node_8/09_p0.65/09_graph_n8_p0.65_idx5.gpickle,8,0.65,5,2,5,30,"[2, 7, 6, 5, 4, 3, 0, 1]",1.7035551
./random_graph_db/graph_db_node_8/09_p0.65/09_graph_n8_p0.65_idx6.gpickle,8,0.65,6,3,6,25,"[6, 1, 2, 5, 4, 7, 3, 0]",1.6655941
./random_graph_db/graph_db_node_8/09_p0.65/09_graph_n8_p0.65_idx7.gpickle,8,0.65,7,2,3,15,"[4, 3, 1, 2, 6, 7, 5, 0]",1.6604788
./random_graph_db/graph_db_node_8/09_p0.65/09_graph_n8_p0.65_idx8.gpickle,8,0.65,8,2,3,15,"[2, 4, 7, 6, 5, 3, 1, 0]",1.7934289
./random_graph_db/graph_db_node_8/09_p0.65/09_graph_n8_p0.65_idx9.gpickle,8,0.65,9,2,5,19,"[6, 2, 1, 7, 5, 3, 4, 0]",1.672045
./random_graph_db/graph_db_node_8/10_p0.7/10_graph_n8_p0.7_idx1.gpickle,8,0.7,1,3,8,36,"[4, 2, 6, 3, 7, 1, 5, 0]",1.7026577
./random_graph_db/graph_db_node_8/10_p0.7/10_graph_n8_p0.7_idx10.gpickle,8,0.7,10,2,4,21,"[7, 3, 1, 4, 6, 2, 0, 5]",1.7302551
./random_graph_db/graph_db_node_8/10_p0.7/10_graph_n8_p0.7_idx2.gpickle,8,0.7,2,2,6,34,"[2, 0, 6, 3, 7, 1, 5, 4]",1.671417
./random_graph_db/graph_db_node_8/10_p0.7/10_graph_n8_p0.7_idx3.gpickle,8,0.7,3,3,6,19,"[2, 0, 6, 3, 4, 1, 5, 7]",1.677089
./random_graph_db/graph_db_node_8/10_p0.7/10_graph_n8_p0.7_idx4.gpickle,8,0.7,4,2,4,18,"[0, 4, 6, 7, 1, 2, 5, 3]",1.6923242
./random_graph_db/graph_db_node_8/10_p0.7/10_graph_n8_p0.7_idx5.gpickle,8,0.7,5,2,4,21,"[1, 0, 5, 6, 3, 4, 2, 7]",1.8004172
./random_graph_db/graph_db_node_8/10_p0.7/10_graph_n8_p0.7_idx6.gpickle,8,0.7,6,2,4,23,"[4, 3, 7, 5, 6, 2, 0, 1]",1.660732
./random_graph_db/graph_db_node_8/10_p0.7/10_graph_n8_p0.7_idx7.gpickle,8,0.7,7,3,7,20,"[1, 2, 7, 0, 3, 4, 6, 5]",1.8831797
./random_graph_db/graph_db_node_8/10_p0.7/10_graph_n8_p0.7_idx8.gpickle,8,0.7,8,2,4,22,"[2, 6, 7, 5, 0, 4, 3, 1]",1.6751432
./random_graph_db/graph_db_node_8/10_p0.7/10_graph_n8_p0.7_idx9.gpickle,8,0.7,9,3,5,20,"[1, 6, 4, 7, 5, 0, 2, 3]",1.6630919
./random_graph_db/graph_db_node_8/11_p0.8/11_graph_n8_p0.8_idx1.gpickle,8,0.8,1,1,0,11,"[3, 2, 0, 5, 6, 7, 1, 4]",1.6139359
./random_graph_db/graph_db_node_8/11_p0.8/11_graph_n8_p0.8_idx10.gpickle,8,0.8,10,2,2,14,"[4, 1, 2, 0, 5, 6, 7, 3]",1.6265323
./random_graph_db/graph_db_node_8/11_p0.8/11_graph_n8_p0.8_idx2.gpickle,8,0.8,2,2,2,12,"[7, 6, 3, 0, 5, 4, 2, 1]",1.7625129
./random_graph_db/graph_db_node_8/11_p0.8/11_graph_n8_p0.8_idx3.gpickle,8,0.8,3,2,4,26,"[2, 3, 6, 4, 1, 7, 5, 0]",1.6923001
./random_graph_db/graph_db_node_8/11_p0.8/11_graph_n8_p0.8_idx4.gpickle,8,0.8,4,2,3,20,"[5, 0, 1, 7, 6, 2, 4, 3]",1.6475871
./random_graph_db/graph_db_node_8/11_p0.8/11_graph_n8_p0.8_idx5.gpickle,8,0.8,5,2,4,21,"[7, 4, 5, 6, 1, 0, 2, 3]",1.6655898
./random_graph_db/graph_db_node_8/11_p0.8/11_graph_n8_p0.8_idx6.gpickle,8,0.8,6,1,0,9,"[7, 4, 3, 1, 2, 0, 6, 5]",1.6136351
./random_graph_db/graph_db_node_8/11_p0.8/11_graph_n8_p0.8_idx7.gpickle,8,0.8,7,2,2,14,"[6, 5, 0, 7, 4, 1, 2, 3]",1.6380811
./random_graph_db/graph_db_node_8/11_p0.8/11_graph_n8_p0.8_idx8.gpickle,8,0.8,8,2,2,14,"[0, 5, 1, 4, 2, 7, 3, 6]",1.7531409
./random_graph_db/graph_db_node_8/11_p0.8/11_graph_n8_p0.8_idx9.gpickle,8,0.8,9,1,0,11,"[5, 4, 1, 6, 2, 0, 3, 7]",1.671032
./random_graph_db/graph_db_node_8/12_p0.9/12_graph_n8_p0.9_idx1.gpickle,8,0.9,1,1,0,9,"[3, 5, 7, 6, 0, 4, 1, 2]",1.5769749
./random_graph_db/graph_db_node_8/12_p0.9/12_graph_n8_p0.9_idx10.gpickle,8,0.9,10,2,4,18,"[1, 3, 6, 2, 4, 5, 7, 0]",1.6361899
./random_graph_db/graph_db_node_8/12_p0.9/12_graph_n8_p0.9_idx2.gpickle,8,0.9,2,2,2,14,"[1, 3, 5, 4, 6, 7, 0, 2]",1.6367161
./random_graph_db/graph_db_node_8/12_p0.9/12_graph_n8_p0.9_idx3.gpickle,8,0.9,3,2,1,11,"[1, 7, 4, 0, 3, 2, 5, 6]",1.6043613
./random_graph_db/graph_db_node_8/12_p0.9/12_graph_n8_p0.9_idx4.gpickle,8,0.9,4,1,0,9,"[6, 5, 2, 4, 0, 3, 7, 1]",1.5666618
./random_graph_db/graph_db_node_8/12_p0.9/12_graph_n8_p0.9_idx5.gpickle,8,0.9,5,1,0,9,"[6, 5, 1, 4, 0, 3, 2, 7]",1.7396498
./random_graph_db/graph_db_node_8/12_p0.9/12_graph_n8_p0.9_idx6.gpickle,8,0.9,6,2,2,14,"[7, 2, 5, 6, 0, 1, 4, 3]",1.677501
./random_graph_db/graph_db_node_8/12_p0.9/12_graph_n8_p0.9_idx7.gpickle,8,0.9,7,1,0,9,"[0, 4, 1, 5, 7, 6, 3, 2]",1.5322011
./random_graph_db/graph_db_node_8/12_p0.9/12_graph_n8_p0.9_idx8.gpickle,8,0.9,8,1,0,9,"[6, 5, 3, 1, 2, 4, 7, 0]",1.5802329
./random_graph_db/graph_db_node_8/12_p0.9/12_graph_n8_p0.9_idx9.gpickle,8,0.9,9,1,0,9,"[3, 6, 7, 0, 4, 5, 1, 2]",1.5289409
./random_graph_db/graph_db_node_9/01_p0.1/01_graph_n9_p0.1_idx1.gpickle,9,0.1,1,2,2,13,"[3, 6, 1, 4, 0, 2, 8, 5, 7]",2.0438428
./random_graph_db/graph_db_node_9/01_p0.1/01_graph_n9_p0.1_idx10.gpickle,9,0.1,10,2,1,12,"[7, 6, 0, 1, 8, 4, 3, 5, 2]",1.8519728
./random_graph_db/graph_db_node_9/01_p0.1/01_graph_n9_p0.1_idx2.gpickle,9,0.1,2,2,2,13,"[1, 4, 6, 7, 2, 3, 8, 0, 5]",1.8846731
./random_graph_db/graph_db_node_9/01_p0.1/01_graph_n9_p0.1_idx3.gpickle,9,0.1,3,2,2,15,"[3, 4, 1, 8, 7, 5, 0, 6, 2]",1.9030781
./random_graph_db/graph_db_node_9/01_p0.1/01_graph_n9_p0.1_idx4.gpickle,9,0.1,4,1,0,10,"[0, 3, 2, 8, 4, 7, 1, 5, 6]",1.8143318
./random_graph_db/graph_db_node_9/01_p0.1/01_graph_n9_p0.1_idx5.gpickle,9,0.1,5,2,1,12,"[5, 0, 3, 1, 2, 7, 8, 6, 4]",1.8039248
./random_graph_db/graph_db_node_9/01_p0.1/01_graph_n9_p0.1_idx6.gpickle,9,0.1,6,1,0,10,"[1, 0, 7, 3, 8, 5, 6, 2, 4]",1.7647781
./random_graph_db/graph_db_node_9/01_p0.1/01_graph_n9_p0.1_idx7.gpickle,9,0.1,7,1,0,10,"[6, 2, 1, 5, 3, 0, 8, 7, 4]",1.857507
./random_graph_db/graph_db_node_9/01_p0.1/01_graph_n9_p0.1_idx8.gpickle,9,0.1,8,2,3,16,"[8, 0, 5, 2, 3, 1, 4, 6, 7]",1.9291
./random_graph_db/graph_db_node_9/01_p0.1/01_graph_n9_p0.1_idx9.gpickle,9,0.1,9,1,0,10,"[3, 6, 8, 1, 0, 2, 5, 4, 7]",1.8049071
./random_graph_db/graph_db_node_9/02_p0.2/02_graph_n9_p0.2_idx1.gpickle,9,0.2,1,3,6,22,"[6, 5, 8, 2, 0, 3, 4, 7, 1]",1.9353971
./random_graph_db/graph_db_node_9/02_p0.2/02_graph_n9_p0.2_idx10.gpickle,9,0.2,10,2,2,15,"[0, 7, 2, 8, 1, 5, 6, 4, 3]",1.814343
./random_graph_db/graph_db_node_9/02_p0.2/02_graph_n9_p0.2_idx2.gpickle,9,0.2,2,2,3,14,"[4, 8, 3, 6, 7, 5, 0, 2, 1]",2.0408409
./random_graph_db/graph_db_node_9/02_p0.2/02_graph_n9_p0.2_idx3.gpickle,9,0.2,3,2,3,14,"[3, 0, 1, 7, 8, 6, 2, 5, 4]",1.8375549
./random_graph_db/graph_db_node_9/02_p0.2/02_graph_n9_p0.2_idx4.gpickle,9,0.2,4,2,5,16,"[6, 0, 4, 2, 3, 8, 7, 1, 5]",1.8953249
./random_graph_db/graph_db_node_9/02_p0.2/02_graph_n9_p0.2_idx5.gpickle,9,0.2,5,2,2,15,"[0, 8, 6, 2, 3, 1, 7, 4, 5]",1.8565691
./random_graph_db/graph_db_node_9/02_p0.2/02_graph_n9_p0.2_idx6.gpickle,9,0.2,6,2,3,14,"[3, 0, 5, 7, 6, 1, 2, 8, 4]",1.8519468
./random_graph_db/graph_db_node_9/02_p0.2/02_graph_n9_p0.2_idx7.gpickle,9,0.2,7,1,0,14,"[2, 6, 0, 5, 1, 8, 4, 7, 3]",1.9485719
./random_graph_db/graph_db_node_9/02_p0.2/02_graph_n9_p0.2_idx8.gpickle,9,0.2,8,1,0,10,"[5, 6, 1, 4, 2, 8, 0, 7, 3]",1.8555131
./random_graph_db/graph_db_node_9/02_p0.2/02_graph_n9_p0.2_idx9.gpickle,9,0.2,9,2,3,14,"[3, 5, 2, 1, 7, 6, 4, 8, 0]",1.8523011
./random_graph_db/graph_db_node_9/03_p0.3/03_graph_n9_p0.3_idx1.gpickle,9,0.3,1,3,6,26,"[6, 5, 1, 0, 7, 2, 3, 8, 4]",1.8997462
./random_graph_db/graph_db_node_9/03_p0.3/03_graph_n9_p0.3_idx10.gpickle,9,0.3,10,2,3,21,"[2, 6, 7, 0, 5, 4, 8, 3, 1]",1.898488
./random_graph_db/graph_db_node_9/03_p0.3/03_graph_n9_p0.3_idx2.gpickle,9,0.3,2,2,5,34,"[0, 4, 8, 5, 2, 6, 7, 3, 1]",1.9312928
./random_graph_db/graph_db_node_9/03_p0.3/03_graph_n9_p0.3_idx3.gpickle,9,0.3,3,2,2,20,"[0, 4, 1, 3, 7, 5, 6, 8, 2]",2.0214081
./random_graph_db/graph_db_node_9/03_p0.3/03_graph_n9_p0.3_idx4.gpickle,9,0.3,4,3,7,23,"[2, 6, 0, 5, 7, 4, 3, 1, 8]",1.9199061
./random_graph_db/graph_db_node_9/03_p0.3/03_graph_n9_p0.3_idx5.gpickle,9,0.3,5,3,6,28,"[0, 5, 6, 1, 8, 2, 3, 4, 7]",1.8904769
./random_graph_db/graph_db_node_9/03_p0.3/03_graph_n9_p0.3_idx6.gpickle,9,0.3,6,1,0,10,"[4, 5, 2, 1, 8, 7, 6, 3, 0]",1.8355131
./random_graph_db/graph_db_node_9/03_p0.3/03_graph_n9_p0.3_idx7.gpickle,9,0.3,7,2,5,32,"[4, 3, 1, 6, 0, 2, 8, 5, 7]",1.8775129
./random_graph_db/graph_db_node_9/03_p0.3/03_graph_n9_p0.3_idx8.gpickle,9,0.3,8,2,2,15,"[6, 0, 8, 5, 2, 1, 7, 4, 3]",1.93751
./random_graph_db/graph_db_node_9/03_p0.3/03_graph_n9_p0.3_idx9.gpickle,9,0.3,9,3,9,36,"[1, 6, 3, 7, 0, 2, 4, 5, 8]",1.9341691
./random_graph_db/graph_db_node_9/04_p0.4/04_graph_n9_p0.4_idx1.gpickle,9,0.4,1,2,5,24,"[3, 4, 1, 5, 8, 0, 6, 2, 7]",1.9984529
./random_graph_db/graph_db_node_9/04_p0.4/04_graph_n9_p0.4_idx10.gpickle,9,0.4,10,3,5,21,"[6, 4, 8, 2, 7, 1, 3, 5, 0]",1.9326689
./random_graph_db/graph_db_node_9/04_p0.4/04_graph_n9_p0.4_idx2.gpickle,9,0.4,2,3,12,37,"[2, 3, 4, 0, 6, 8, 1, 7, 5]",1.9200261
./random_graph_db/graph_db_node_9/04_p0.4/04_graph_n9_p0.4_idx3.gpickle,9,0.4,3,2,3,21,"[2, 6, 3, 1, 7, 8, 0, 5, 4]",1.8582368
./random_graph_db/graph_db_node_9/04_p0.4/04_graph_n9_p0.4_idx4.gpickle,9,0.4,4,2,4,17,"[6, 5, 8, 0, 1, 4, 7, 3, 2]",1.899931
./random_graph_db/graph_db_node_9/04_p0.4/04_graph_n9_p0.4_idx5.gpickle,9,0.4,5,2,2,15,"[0, 5, 2, 6, 1, 8, 3, 4, 7]",1.8976052
./random_graph_db/graph_db_node_9/04_p0.4/04_graph_n9_p0.4_idx6.gpickle,9,0.4,6,2,3,23,"[6, 7, 2, 1, 8, 0, 4, 3, 5]",1.9992623
./random_graph_db/graph_db_node_9/04_p0.4/04_graph_n9_p0.4_idx7.gpickle,9,0.4,7,2,5,27,"[1, 2, 5, 6, 8, 4, 7, 3, 0]",1.8808482
./random_graph_db/graph_db_node_9/04_p0.4/04_graph_n9_p0.4_idx8.gpickle,9,0.4,8,3,5,21,"[5, 4, 6, 2, 8, 3, 7, 1, 0]",1.8955779
./random_graph_db/graph_db_node_9/04_p0.4/04_graph_n9_p0.4_idx9.gpickle,9,0.4,9,3,8,22,"[6, 1, 3, 0, 4, 2, 5, 7, 8]",1.9099891
./random_graph_db/graph_db_node_9/05_p0.45/05_graph_n9_p0.45_idx1.gpickle,9,0.45,1,3,10,33,"[8, 4, 2, 0, 7, 6, 5, 3, 1]",1.9135623
./random_graph_db/graph_db_node_9/05_p0.45/05_graph_n9_p0.45_idx10.gpickle,9,0.45,10,2,5,27,"[4, 5, 8, 3, 0, 2, 6, 1, 7]",1.8942008
./random_graph_db/graph_db_node_9/05_p0.45/05_graph_n9_p0.45_idx2.gpickle,9,0.45,2,3,9,38,"[3, 1, 7, 4, 8, 2, 6, 5, 0]",1.9613271
./random_graph_db/graph_db_node_9/05_p0.45/05_graph_n9_p0.45_idx3.gpickle,9,0.45,3,2,3,16,"[1, 2, 7, 3, 5, 6, 4, 8, 0]",2.2119348
./random_graph_db/graph_db_node_9/05_p0.45/05_graph_n9_p0.45_idx4.gpickle,9,0.45,4,3,12,38,"[3, 4, 7, 1, 0, 5, 2, 6, 8]",1.980098
./random_graph_db/graph_db_node_9/05_p0.45/05_graph_n9_p0.45_idx5.gpickle,9,0.45,5,2,4,22,"[2, 8, 7, 1, 6, 4, 5, 0, 3]",1.9116721
./random_graph_db/graph_db_node_9/05_p0.45/05_graph_n9_p0.45_idx6.gpickle,9,0.45,6,2,4,22,"[7, 0, 4, 5, 1, 2, 8, 3, 6]",1.8511422
./random_graph_db/graph_db_node_9/05_p0.45/05_graph_n9_p0.45_idx7.gpickle,9,0.45,7,3,9,36,"[3, 4, 0, 6, 7, 8, 1, 5, 2]",1.963429
./random_graph_db/graph_db_node_9/05_p0.45/05_graph_n9_p0.45_idx8.gpickle,9,0.45,8,2,4,28,"[3, 2, 0, 8, 1, 5, 6, 4, 7]",1.8779988
./random_graph_db/graph_db_node_9/05_p0.45/05_graph_n9_p0.45_idx9.gpickle,9,0.45,9,2,4,26,"[4, 6, 3, 0, 8, 5, 1, 7, 2]",2.1114271
./random_graph_db/graph_db_node_9/06_p0.5/06_graph_n9_p0.5_idx1.gpickle,9,0.5,1,2,5,23,"[7, 3, 0, 6, 5, 1, 8, 4, 2]",1.8903551
./random_graph_db/graph_db_node_9/06_p0.5/06_graph_n9_p0.5_idx10.gpickle,9,0.5,10,3,7,26,"[2, 6, 4, 3, 5, 8, 1, 7, 0]",1.8999071
./random_graph_db/graph_db_node_9/06_p0.5/06_graph_n9_p0.5_idx2.gpickle,9,0.5,2,3,5,19,"[3, 1, 4, 2, 8, 0, 5, 6, 7]",1.9268763
./random_graph_db/graph_db_node_9/06_p0.5/06_graph_n9_p0.5_idx3.gpickle,9,0.5,3,3,8,24,"[4, 3, 5, 7, 1, 8, 2, 6, 0]",1.961653
./random_graph_db/graph_db_node_9/06_p0.5/06_graph_n9_p0.5_idx4.gpickle,9,0.5,4,2,3,16,"[2, 8, 1, 4, 7, 3, 5, 0, 6]",1.8469603
./random_graph_db/graph_db_node_9/06_p0.5/06_graph_n9_p0.5_idx5.gpickle,9,0.5,5,3,9,37,"[7, 3, 6, 1, 4, 0, 8, 5, 2]",1.986038
./random_graph_db/graph_db_node_9/06_p0.5/06_graph_n9_p0.5_idx6.gpickle,9,0.5,6,3,8,35,"[6, 7, 3, 5, 0, 4, 1, 8, 2]",2.0642128
./random_graph_db/graph_db_node_9/06_p0.5/06_graph_n9_p0.5_idx7.gpickle,9,0.5,7,2,2,15,"[2, 1, 3, 6, 5, 7, 4, 8, 0]",1.889308
./random_graph_db/graph_db_node_9/06_p0.5/06_graph_n9_p0.5_idx8.gpickle,9,0.5,8,3,11,33,"[6, 5, 8, 3, 2, 1, 7, 0, 4]",1.9481449
./random_graph_db/graph_db_node_9/06_p0.5/06_graph_n9_p0.5_idx9.gpickle,9,0.5,9,2,5,28,"[5, 3, 6, 0, 2, 1, 7, 8, 4]",1.9139869
./random_graph_db/graph_db_node_9/07_p0.55/07_graph_n9_p0.55_idx1.gpickle,9,0.55,1,2,4,30,"[1, 8, 7, 0, 3, 4, 6, 5, 2]",1.9216549
./random_graph_db/graph_db_node_9/07_p0.55/07_graph_n9_p0.55_idx10.gpickle,9,0.55,10,3,10,40,"[6, 2, 0, 5, 3, 7, 1, 8, 4]",1.9176941
./random_graph_db/graph_db_node_9/07_p0.55/07_graph_n9_p0.55_idx2.gpickle,9,0.55,2,2,2,15,"[4, 7, 5, 3, 0, 1, 6, 2, 8]",2.0199699
./random_graph_db/graph_db_node_9/07_p0.55/07_graph_n9_p0.55_idx3.gpickle,9,0.55,3,3,7,30,"[4, 7, 8, 6, 0, 5, 1, 3, 2]",1.90606
./random_graph_db/graph_db_node_9/07_p0.55/07_graph_n9_p0.55_idx4.gpickle,9,0.55,4,3,7,23,"[2, 5, 3, 8, 4, 1, 0, 7, 6]",1.9303679
./random_graph_db/graph_db_node_9/07_p0.55/07_graph_n9_p0.55_idx5.gpickle,9,0.55,5,2,5,26,"[8, 5, 7, 4, 0, 6, 1, 3, 2]",1.9088709
./random_graph_db/graph_db_node_9/07_p0.55/07_graph_n9_p0.55_idx6.gpickle,9,0.55,6,2,4,19,"[3, 8, 2, 6, 0, 4, 7, 5, 1]",1.8739369
./random_graph_db/graph_db_node_9/07_p0.55/07_graph_n9_p0.55_idx7.gpickle,9,0.55,7,3,8,24,"[2, 8, 7, 4, 6, 0, 1, 3, 5]",1.940706
./random_graph_db/graph_db_node_9/07_p0.55/07_graph_n9_p0.55_idx8.gpickle,9,0.55,8,3,9,37,"[7, 8, 6, 0, 1, 5, 2, 4, 3]",1.9409621
./random_graph_db/graph_db_node_9/07_p0.55/07_graph_n9_p0.55_idx9.gpickle,9,0.55,9,3,10,38,"[7, 6, 1, 5, 0, 3, 4, 2, 8]",2.0701189
./random_graph_db/graph_db_node_9/08_p0.6/08_graph_n9_p0.6_idx1.gpickle,9,0.6,1,3,10,41,"[7, 0, 3, 8, 6, 2, 4, 5, 1]",1.9417808
./random_graph_db/graph_db_node_9/08_p0.6/08_graph_n9_p0.6_idx10.gpickle,9,0.6,10,3,7,24,"[5, 8, 1, 4, 7, 2, 6, 0, 3]",1.908565
./random_graph_db/graph_db_node_9/08_p0.6/08_graph_n9_p0.6_idx2.gpickle,9,0.6,2,3,10,42,"[2, 1, 8, 6, 0, 7, 4, 5, 3]",1.9098649
./random_graph_db/graph_db_node_9/08_p0.6/08_graph_n9_p0.6_idx3.gpickle,9,0.6,3,3,10,36,"[2, 5, 8, 3, 6, 1, 7, 0, 4]",1.9728723
./random_graph_db/graph_db_node_9/08_p0.6/08_graph_n9_p0.6_idx4.gpickle,9,0.6,4,3,10,43,"[3, 7, 5, 4, 8, 1, 0, 6, 2]",2.0764039
./random_graph_db/graph_db_node_9/08_p0.6/08_graph_n9_p0.6_idx5.gpickle,9,0.6,5,2,4,23,"[6, 0, 8, 4, 7, 5, 3, 2, 1]",1.8893201
./random_graph_db/graph_db_node_9/08_p0.6/08_graph_n9_p0.6_idx6.gpickle,9,0.6,6,3,8,26,"[5, 4, 0, 8, 7, 1, 2, 6, 3]",1.938201
./random_graph_db/graph_db_node_9/08_p0.6/08_graph_n9_p0.6_idx7.gpickle,9,0.6,7,3,7,25,"[8, 5, 6, 4, 1, 2, 0, 7, 3]",1.9191439
./random_graph_db/graph_db_node_9/08_p0.6/08_graph_n9_p0.6_idx8.gpickle,9,0.6,8,2,2,15,"[0, 6, 3, 1, 7, 4, 5, 8, 2]",1.8556321
./random_graph_db/graph_db_node_9/08_p0.6/08_graph_n9_p0.6_idx9.gpickle,9,0.6,9,2,3,21,"[0, 7, 4, 2, 1, 8, 6, 3, 5]",1.9420352
./random_graph_db/graph_db_node_9/09_p0.65/09_graph_n9_p0.65_idx1.gpickle,9,0.65,1,3,9,39,"[5, 1, 4, 7, 8, 3, 2, 0, 6]",1.9382532
./random_graph_db/graph_db_node_9/09_p0.65/09_graph_n9_p0.65_idx10.gpickle,9,0.65,10,2,4,24,"[8, 7, 6, 3, 4, 5, 2, 1, 0]",1.8906319
./random_graph_db/graph_db_node_9/09_p0.65/09_graph_n9_p0.65_idx2.gpickle,9,0.65,2,3,10,40,"[1, 2, 7, 0, 8, 6, 3, 5, 4]",1.8869419
./random_graph_db/graph_db_node_9/09_p0.65/09_graph_n9_p0.65_idx3.gpickle,9,0.65,3,3,9,32,"[6, 4, 0, 1, 8, 3, 7, 2, 5]",1.9546421
./random_graph_db/graph_db_node_9/09_p0.65/09_graph_n9_p0.65_idx4.gpickle,9,0.65,4,3,7,23,"[1, 6, 2, 3, 0, 4, 8, 5, 7]",1.9048791
./random_graph_db/graph_db_node_9/09_p0.65/09_graph_n9_p0.65_idx5.gpickle,9,0.65,5,3,8,33,"[7, 0, 1, 3, 5, 8, 4, 6, 2]",1.9167438
./random_graph_db/graph_db_node_9/09_p0.65/09_graph_n9_p0.65_idx6.gpickle,9,0.65,6,2,5,26,"[6, 7, 5, 4, 0, 3, 1, 2, 8]",2.0430381
./random_graph_db/graph_db_node_9/09_p0.65/09_graph_n9_p0.65_idx7.gpickle,9,0.65,7,2,3,16,"[5, 4, 3, 6, 7, 2, 8, 1, 0]",2.0611539
./random_graph_db/graph_db_node_9/09_p0.65/09_graph_n9_p0.65_idx8.gpickle,9,0.65,8,2,5,20,"[8, 6, 1, 0, 4, 7, 3, 5, 2]",1.878922
./random_graph_db/graph_db_node_9/09_p0.65/09_graph_n9_p0.65_idx9.gpickle,9,0.65,9,2,3,17,"[6, 4, 1, 3, 7, 2, 0, 8, 5]",1.8665819
./random_graph_db/graph_db_node_9/10_p0.7/10_graph_n9_p0.7_idx1.gpickle,9,0.7,1,3,7,26,"[8, 5, 3, 0, 2, 1, 6, 7, 4]",1.923701
./random_graph_db/graph_db_node_9/10_p0.7/10_graph_n9_p0.7_idx10.gpickle,9,0.7,10,3,9,36,"[8, 0, 6, 7, 2, 5, 3, 1, 4]",2.0622761
./random_graph_db/graph_db_node_9/10_p0.7/10_graph_n9_p0.7_idx2.gpickle,9,0.7,2,3,8,30,"[1, 5, 8, 3, 6, 4, 2, 7, 0]",1.9005361
./random_graph_db/graph_db_node_9/10_p0.7/10_graph_n9_p0.7_idx3.gpickle,9,0.7,3,2,4,17,"[6, 3, 7, 4, 5, 1, 8, 2, 0]",1.8512409
./random_graph_db/graph_db_node_9/10_p0.7/10_graph_n9_p0.7_idx4.gpickle,9,0.7,4,3,7,23,"[1, 3, 0, 4, 8, 5, 7, 6, 2]",1.884299
./random_graph_db/graph_db_node_9/10_p0.7/10_graph_n9_p0.7_idx5.gpickle,9,0.7,5,3,10,47,"[6, 5, 4, 0, 8, 2, 7, 1, 3]",1.9267206
./random_graph_db/graph_db_node_9/10_p0.7/10_graph_n9_p0.7_idx6.gpickle,9,0.7,6,3,9,23,"[4, 6, 8, 0, 1, 2, 3, 7, 5]",1.9377458
./random_graph_db/graph_db_node_9/10_p0.7/10_graph_n9_p0.7_idx7.gpickle,9,0.7,7,3,8,35,"[1, 2, 8, 4, 5, 0, 6, 7, 3]",1.9115419
./random_graph_db/graph_db_node_9/10_p0.7/10_graph_n9_p0.7_idx8.gpickle,9,0.7,8,3,10,34,"[2, 5, 1, 8, 4, 3, 6, 7, 0]",2.0232241
./random_graph_db/graph_db_node_9/10_p0.7/10_graph_n9_p0.7_idx9.gpickle,9,0.7,9,2,5,35,"[2, 8, 5, 7, 1, 3, 0, 4, 6]",1.9243262
./random_graph_db/graph_db_node_9/11_p0.8/11_graph_n9_p0.8_idx1.gpickle,9,0.8,1,2,2,15,"[1, 0, 6, 4, 3, 7, 2, 5, 8]",1.8425059
./random_graph_db/graph_db_node_9/11_p0.8/11_graph_n9_p0.8_idx10.gpickle,9,0.8,10,2,3,14,"[5, 2, 8, 6, 3, 7, 1, 0, 4]",1.8302412
./random_graph_db/graph_db_node_9/11_p0.8/11_graph_n9_p0.8_idx2.gpickle,9,0.8,2,2,2,15,"[6, 2, 0, 3, 1, 7, 5, 8, 4]",1.8150599
./random_graph_db/graph_db_node_9/11_p0.8/11_graph_n9_p0.8_idx3.gpickle,9,0.8,3,2,3,21,"[7, 5, 4, 3, 1, 6, 0, 2, 8]",1.8303521
./random_graph_db/graph_db_node_9/11_p0.8/11_graph_n9_p0.8_idx4.gpickle,9,0.8,4,2,4,26,"[1, 7, 8, 2, 6, 0, 3, 4, 5]",2.0312722
./random_graph_db/graph_db_node_9/11_p0.8/11_graph_n9_p0.8_idx5.gpickle,9,0.8,5,3,8,26,"[3, 2, 0, 5, 8, 4, 1, 7, 6]",2.0824718
./random_graph_db/graph_db_node_9/11_p0.8/11_graph_n9_p0.8_idx6.gpickle,9,0.8,6,3,7,37,"[5, 1, 0, 6, 7, 8, 2, 3, 4]",1.890523
./random_graph_db/graph_db_node_9/11_p0.8/11_graph_n9_p0.8_idx7.gpickle,9,0.8,7,3,6,20,"[6, 7, 3, 2, 0, 1, 8, 5, 4]",1.9307251
./random_graph_db/graph_db_node_9/11_p0.8/11_graph_n9_p0.8_idx8.gpickle,9,0.8,8,2,6,19,"[8, 6, 0, 5, 1, 4, 2, 3, 7]",1.8902309
./random_graph_db/graph_db_node_9/11_p0.8/11_graph_n9_p0.8_idx9.gpickle,9,0.8,9,2,4,17,"[7, 0, 5, 6, 2, 4, 1, 3, 8]",1.8736043
./random_graph_db/graph_db_node_9/12_p0.9/12_graph_n9_p0.9_idx1.gpickle,9,0.9,1,2,2,15,"[0, 5, 7, 3, 1, 4, 8, 2, 6]",1.9021831
./random_graph_db/graph_db_node_9/12_p0.9/12_graph_n9_p0.9_idx10.gpickle,9,0.9,10,1,0,12,"[4, 5, 1, 7, 2, 8, 3, 0, 6]",1.7541049
./random_graph_db/graph_db_node_9/12_p0.9/12_graph_n9_p0.9_idx2.gpickle,9,0.9,2,2,1,14,"[6, 2, 0, 7, 4, 5, 8, 1, 3]",1.8038001
./random_graph_db/graph_db_node_9/12_p0.9/12_graph_n9_p0.9_idx3.gpickle,9,0.9,3,2,3,21,"[8, 2, 0, 7, 5, 4, 1, 6, 3]",1.8438332
./random_graph_db/graph_db_node_9/12_p0.9/12_graph_n9_p0.9_idx4.gpickle,9,0.9,4,2,3,23,"[8, 6, 3, 4, 7, 2, 0, 5, 1]",1.851532
./random_graph_db/graph_db_node_9/12_p0.9/12_graph_n9_p0.9_idx5.gpickle,9,0.9,5,2,1,12,"[0, 4, 5, 7, 2, 8, 1, 3, 6]",1.8361611
./random_graph_db/graph_db_node_9/12_p0.9/12_graph_n9_p0.9_idx6.gpickle,9,0.9,6,1,0,10,"[1, 7, 6, 4, 5, 2, 0, 8, 3]",1.7649288
./random_graph_db/graph_db_node_9/12_p0.9/12_graph_n9_p0.9_idx7.gpickle,9,0.9,7,2,2,16,"[0, 1, 3, 6, 4, 2, 7, 8, 5]",1.8925703
./random_graph_db/graph_db_node_9/12_p0.9/12_graph_n9_p0.9_idx8.gpickle,9,0.9,8,3,7,25,"[3, 1, 4, 8, 7, 5, 0, 2, 6]",1.9099171
./random_graph_db/graph_db_node_9/12_p0.9/12_graph_n9_p0.9_idx9.gpickle,9,0.9,9,2,4,19,"[5, 6, 7, 0, 4, 2, 8, 3, 1]",1.8472509
