path,node_number,p,idx,num_emitters_rw_sa,num_emitter_CNOTs_rw_sa,num_gates_rw_sa,sa_ordering_rw_sa,run_time_rw_sa
./random_graph_db/graph_db_node_10/01_p0.1/01_graph_n10_p0.1_idx1.gpickle,10,0.1,1,1,0,11,"[8, 6, 0, 9, 5, 4, 3, 2, 7, 1]",2.803432
./random_graph_db/graph_db_node_10/01_p0.1/01_graph_n10_p0.1_idx10.gpickle,10,0.1,10,1,0,11,"[7, 1, 9, 5, 0, 3, 2, 6, 8, 4]",2.7291861
./random_graph_db/graph_db_node_10/01_p0.1/01_graph_n10_p0.1_idx2.gpickle,10,0.1,2,2,2,16,"[4, 8, 3, 5, 7, 0, 9, 1, 6, 2]",3.004523
./random_graph_db/graph_db_node_10/01_p0.1/01_graph_n10_p0.1_idx3.gpickle,10,0.1,3,1,0,11,"[6, 1, 9, 4, 8, 2, 5, 0, 7, 3]",2.492507
./random_graph_db/graph_db_node_10/01_p0.1/01_graph_n10_p0.1_idx4.gpickle,10,0.1,4,1,0,11,"[3, 0, 9, 2, 6, 5, 8, 7, 1, 4]",2.6488118
./random_graph_db/graph_db_node_10/01_p0.1/01_graph_n10_p0.1_idx5.gpickle,10,0.1,5,2,1,13,"[1, 6, 5, 7, 4, 2, 8, 9, 3, 0]",2.8134868
./random_graph_db/graph_db_node_10/01_p0.1/01_graph_n10_p0.1_idx6.gpickle,10,0.1,6,2,2,16,"[7, 0, 6, 8, 5, 3, 9, 2, 4, 1]",2.7082381
./random_graph_db/graph_db_node_10/01_p0.1/01_graph_n10_p0.1_idx7.gpickle,10,0.1,7,2,5,21,"[5, 2, 4, 0, 3, 6, 9, 1, 8, 7]",2.7238111
./random_graph_db/graph_db_node_10/01_p0.1/01_graph_n10_p0.1_idx8.gpickle,10,0.1,8,2,2,16,"[9, 1, 7, 0, 2, 8, 4, 6, 5, 3]",2.6138949
./random_graph_db/graph_db_node_10/01_p0.1/01_graph_n10_p0.1_idx9.gpickle,10,0.1,9,2,3,17,"[2, 1, 8, 5, 0, 4, 7, 3, 6, 9]",3.0812581
./random_graph_db/graph_db_node_10/02_p0.2/02_graph_n10_p0.2_idx1.gpickle,10,0.2,1,2,4,21,"[6, 5, 1, 3, 2, 0, 8, 4, 7, 9]",3.1816149
./random_graph_db/graph_db_node_10/02_p0.2/02_graph_n10_p0.2_idx10.gpickle,10,0.2,10,2,2,16,"[9, 3, 4, 7, 6, 5, 2, 1, 0, 8]",2.8039789
./random_graph_db/graph_db_node_10/02_p0.2/02_graph_n10_p0.2_idx2.gpickle,10,0.2,2,2,2,14,"[3, 7, 8, 2, 1, 5, 0, 6, 4, 9]",2.8264811
./random_graph_db/graph_db_node_10/02_p0.2/02_graph_n10_p0.2_idx3.gpickle,10,0.2,3,2,4,22,"[3, 4, 7, 1, 9, 6, 0, 5, 8, 2]",2.9701681
./random_graph_db/graph_db_node_10/02_p0.2/02_graph_n10_p0.2_idx4.gpickle,10,0.2,4,2,3,17,"[5, 9, 0, 8, 3, 2, 1, 6, 4, 7]",3.1758859
./random_graph_db/graph_db_node_10/02_p0.2/02_graph_n10_p0.2_idx5.gpickle,10,0.2,5,2,4,23,"[9, 4, 0, 3, 2, 8, 1, 6, 5, 7]",3.3320301
./random_graph_db/graph_db_node_10/02_p0.2/02_graph_n10_p0.2_idx6.gpickle,10,0.2,6,2,4,16,"[4, 7, 3, 2, 1, 9, 8, 0, 6, 5]",2.918107
./random_graph_db/graph_db_node_10/02_p0.2/02_graph_n10_p0.2_idx7.gpickle,10,0.2,7,1,0,11,"[2, 7, 0, 4, 6, 8, 5, 3, 9, 1]",2.8610733
./random_graph_db/graph_db_node_10/02_p0.2/02_graph_n10_p0.2_idx8.gpickle,10,0.2,8,2,4,20,"[2, 1, 7, 8, 9, 5, 4, 3, 0, 6]",3.6895411
./random_graph_db/graph_db_node_10/02_p0.2/02_graph_n10_p0.2_idx9.gpickle,10,0.2,9,2,2,16,"[6, 3, 9, 1, 7, 4, 0, 5, 8, 2]",4.4418859
./random_graph_db/graph_db_node_10/03_p0.3/03_graph_n10_p0.3_idx1.gpickle,10,0.3,1,2,6,39,"[0, 2, 8, 6, 5, 4, 1, 9, 3, 7]",3.1872129
./random_graph_db/graph_db_node_10/03_p0.3/03_graph_n10_p0.3_idx10.gpickle,10,0.3,10,3,8,32,"[7, 8, 6, 3, 4, 9, 5, 0, 2, 1]",3.1103311
./random_graph_db/graph_db_node_10/03_p0.3/03_graph_n10_p0.3_idx2.gpickle,10,0.3,2,2,2,16,"[6, 2, 3, 1, 7, 9, 0, 4, 8, 5]",3.0396187
./random_graph_db/graph_db_node_10/03_p0.3/03_graph_n10_p0.3_idx3.gpickle,10,0.3,3,2,4,24,"[0, 5, 4, 3, 8, 1, 2, 6, 9, 7]",3.1578209
./random_graph_db/graph_db_node_10/03_p0.3/03_graph_n10_p0.3_idx4.gpickle,10,0.3,4,2,2,16,"[5, 4, 0, 8, 1, 7, 2, 3, 9, 6]",2.906656
./random_graph_db/graph_db_node_10/03_p0.3/03_graph_n10_p0.3_idx5.gpickle,10,0.3,5,2,2,16,"[8, 1, 7, 2, 6, 9, 5, 4, 3, 0]",2.8609681
./random_graph_db/graph_db_node_10/03_p0.3/03_graph_n10_p0.3_idx6.gpickle,10,0.3,6,3,10,33,"[7, 6, 2, 5, 9, 0, 8, 1, 3, 4]",3.0762451
./random_graph_db/graph_db_node_10/03_p0.3/03_graph_n10_p0.3_idx7.gpickle,10,0.3,7,2,4,18,"[2, 9, 6, 5, 1, 3, 0, 7, 4, 8]",2.945576
./random_graph_db/graph_db_node_10/03_p0.3/03_graph_n10_p0.3_idx8.gpickle,10,0.3,8,2,4,18,"[5, 7, 0, 9, 4, 2, 1, 6, 3, 8]",3.0214851
./random_graph_db/graph_db_node_10/03_p0.3/03_graph_n10_p0.3_idx9.gpickle,10,0.3,9,3,9,33,"[8, 1, 4, 9, 2, 7, 5, 0, 6, 3]",3.186944
./random_graph_db/graph_db_node_10/04_p0.4/04_graph_n10_p0.4_idx1.gpickle,10,0.4,1,3,6,28,"[7, 8, 5, 1, 3, 0, 4, 6, 9, 2]",3.0867567
./random_graph_db/graph_db_node_10/04_p0.4/04_graph_n10_p0.4_idx10.gpickle,10,0.4,10,3,8,27,"[9, 0, 2, 7, 8, 5, 3, 1, 4, 6]",3.0209422
./random_graph_db/graph_db_node_10/04_p0.4/04_graph_n10_p0.4_idx2.gpickle,10,0.4,2,3,7,24,"[1, 3, 5, 7, 9, 8, 4, 6, 0, 2]",3.04989
./random_graph_db/graph_db_node_10/04_p0.4/04_graph_n10_p0.4_idx3.gpickle,10,0.4,3,3,9,35,"[3, 1, 4, 7, 5, 2, 0, 6, 9, 8]",3.1734991
./random_graph_db/graph_db_node_10/04_p0.4/04_graph_n10_p0.4_idx4.gpickle,10,0.4,4,3,12,54,"[2, 4, 8, 9, 6, 0, 7, 5, 3, 1]",3.1737628
./random_graph_db/graph_db_node_10/04_p0.4/04_graph_n10_p0.4_idx5.gpickle,10,0.4,5,2,6,31,"[1, 9, 4, 2, 3, 5, 7, 8, 0, 6]",3.099251
./random_graph_db/graph_db_node_10/04_p0.4/04_graph_n10_p0.4_idx6.gpickle,10,0.4,6,2,4,23,"[1, 9, 5, 8, 7, 3, 0, 2, 6, 4]",3.098314
./random_graph_db/graph_db_node_10/04_p0.4/04_graph_n10_p0.4_idx7.gpickle,10,0.4,7,3,8,29,"[2, 4, 3, 6, 9, 8, 1, 7, 5, 0]",3.585644
./random_graph_db/graph_db_node_10/04_p0.4/04_graph_n10_p0.4_idx8.gpickle,10,0.4,8,2,3,17,"[2, 5, 4, 8, 6, 3, 9, 0, 1, 7]",3.0942128
./random_graph_db/graph_db_node_10/04_p0.4/04_graph_n10_p0.4_idx9.gpickle,10,0.4,9,2,5,29,"[6, 1, 2, 0, 9, 5, 3, 4, 8, 7]",3.2335529
./random_graph_db/graph_db_node_10/05_p0.45/05_graph_n10_p0.45_idx1.gpickle,10,0.45,1,3,10,44,"[0, 4, 6, 3, 7, 5, 8, 1, 2, 9]",3.289923
./random_graph_db/graph_db_node_10/05_p0.45/05_graph_n10_p0.45_idx10.gpickle,10,0.45,10,3,10,40,"[3, 5, 6, 2, 8, 1, 9, 0, 7, 4]",3.2675982
./random_graph_db/graph_db_node_10/05_p0.45/05_graph_n10_p0.45_idx2.gpickle,10,0.45,2,3,10,37,"[3, 6, 5, 7, 2, 9, 0, 1, 4, 8]",3.2386351
./random_graph_db/graph_db_node_10/05_p0.45/05_graph_n10_p0.45_idx3.gpickle,10,0.45,3,2,4,25,"[6, 5, 3, 9, 4, 1, 8, 2, 0, 7]",3.2789321
./random_graph_db/graph_db_node_10/05_p0.45/05_graph_n10_p0.45_idx4.gpickle,10,0.45,4,2,3,17,"[9, 4, 3, 0, 6, 5, 2, 8, 1, 7]",3.1788619
./random_graph_db/graph_db_node_10/05_p0.45/05_graph_n10_p0.45_idx5.gpickle,10,0.45,5,3,12,40,"[5, 0, 2, 4, 3, 1, 9, 8, 6, 7]",3.2722881
./random_graph_db/graph_db_node_10/05_p0.45/05_graph_n10_p0.45_idx6.gpickle,10,0.45,6,3,7,38,"[2, 0, 3, 9, 4, 5, 6, 7, 8, 1]",3.2403629
./random_graph_db/graph_db_node_10/05_p0.45/05_graph_n10_p0.45_idx7.gpickle,10,0.45,7,2,4,18,"[8, 4, 3, 7, 2, 9, 0, 5, 6, 1]",3.1009579
./random_graph_db/graph_db_node_10/05_p0.45/05_graph_n10_p0.45_idx8.gpickle,10,0.45,8,3,10,39,"[1, 6, 9, 7, 8, 0, 5, 2, 3, 4]",3.3696551
./random_graph_db/graph_db_node_10/05_p0.45/05_graph_n10_p0.45_idx9.gpickle,10,0.45,9,3,7,31,"[3, 8, 2, 0, 9, 6, 7, 1, 4, 5]",3.2128072
./random_graph_db/graph_db_node_10/06_p0.5/06_graph_n10_p0.5_idx1.gpickle,10,0.5,1,3,8,26,"[2, 5, 6, 0, 4, 1, 3, 9, 8, 7]",3.2894719
./random_graph_db/graph_db_node_10/06_p0.5/06_graph_n10_p0.5_idx10.gpickle,10,0.5,10,3,9,31,"[4, 0, 7, 8, 9, 1, 6, 2, 5, 3]",3.264138
./random_graph_db/graph_db_node_10/06_p0.5/06_graph_n10_p0.5_idx2.gpickle,10,0.5,2,3,10,42,"[7, 6, 9, 5, 8, 0, 4, 1, 3, 2]",3.3319471
./random_graph_db/graph_db_node_10/06_p0.5/06_graph_n10_p0.5_idx3.gpickle,10,0.5,3,3,10,44,"[1, 0, 3, 9, 8, 7, 5, 6, 4, 2]",3.4119301
./random_graph_db/graph_db_node_10/06_p0.5/06_graph_n10_p0.5_idx4.gpickle,10,0.5,4,3,9,25,"[7, 9, 1, 0, 5, 8, 4, 3, 6, 2]",3.344949
./random_graph_db/graph_db_node_10/06_p0.5/06_graph_n10_p0.5_idx5.gpickle,10,0.5,5,2,5,27,"[2, 1, 0, 8, 9, 4, 5, 6, 7, 3]",3.3711329
./random_graph_db/graph_db_node_10/06_p0.5/06_graph_n10_p0.5_idx6.gpickle,10,0.5,6,3,10,45,"[8, 0, 4, 3, 6, 2, 1, 7, 9, 5]",3.779305
./random_graph_db/graph_db_node_10/06_p0.5/06_graph_n10_p0.5_idx7.gpickle,10,0.5,7,3,8,27,"[4, 9, 5, 8, 0, 3, 7, 2, 1, 6]",3.3493991
./random_graph_db/graph_db_node_10/06_p0.5/06_graph_n10_p0.5_idx8.gpickle,10,0.5,8,3,12,45,"[0, 5, 9, 4, 3, 7, 6, 1, 8, 2]",3.336704
./random_graph_db/graph_db_node_10/06_p0.5/06_graph_n10_p0.5_idx9.gpickle,10,0.5,9,3,7,27,"[1, 5, 4, 9, 2, 0, 3, 6, 8, 7]",3.3012559
./random_graph_db/graph_db_node_10/07_p0.55/07_graph_n10_p0.55_idx1.gpickle,10,0.55,1,3,11,43,"[6, 0, 1, 5, 3, 9, 7, 4, 8, 2]",3.230473
./random_graph_db/graph_db_node_10/07_p0.55/07_graph_n10_p0.55_idx10.gpickle,10,0.55,10,3,9,45,"[0, 4, 8, 7, 9, 2, 6, 5, 3, 1]",3.328203
./random_graph_db/graph_db_node_10/07_p0.55/07_graph_n10_p0.55_idx2.gpickle,10,0.55,2,3,7,26,"[8, 4, 9, 1, 2, 7, 3, 5, 6, 0]",3.2132862
./random_graph_db/graph_db_node_10/07_p0.55/07_graph_n10_p0.55_idx3.gpickle,10,0.55,3,3,10,43,"[9, 7, 3, 6, 2, 0, 1, 8, 4, 5]",3.2346699
./random_graph_db/graph_db_node_10/07_p0.55/07_graph_n10_p0.55_idx4.gpickle,10,0.55,4,2,5,30,"[1, 3, 7, 0, 9, 5, 4, 2, 8, 6]",3.2002831
./random_graph_db/graph_db_node_10/07_p0.55/07_graph_n10_p0.55_idx5.gpickle,10,0.55,5,3,6,25,"[2, 1, 8, 0, 6, 7, 5, 9, 3, 4]",3.3511071
./random_graph_db/graph_db_node_10/07_p0.55/07_graph_n10_p0.55_idx6.gpickle,10,0.55,6,3,8,27,"[0, 2, 6, 3, 5, 9, 8, 1, 7, 4]",3.3996201
./random_graph_db/graph_db_node_10/07_p0.55/07_graph_n10_p0.55_idx7.gpickle,10,0.55,7,3,12,46,"[7, 6, 5, 1, 9, 4, 0, 2, 3, 8]",3.3716879
./random_graph_db/graph_db_node_10/07_p0.55/07_graph_n10_p0.55_idx8.gpickle,10,0.55,8,3,11,41,"[3, 2, 1, 8, 7, 6, 0, 9, 5, 4]",3.238565
./random_graph_db/graph_db_node_10/07_p0.55/07_graph_n10_p0.55_idx9.gpickle,10,0.55,9,3,6,23,"[6, 8, 2, 5, 1, 7, 0, 4, 3, 9]",3.2605469
./random_graph_db/graph_db_node_10/08_p0.6/08_graph_n10_p0.6_idx1.gpickle,10,0.6,1,3,9,43,"[8, 9, 6, 4, 1, 0, 7, 3, 5, 2]",3.5732491
./random_graph_db/graph_db_node_10/08_p0.6/08_graph_n10_p0.6_idx10.gpickle,10,0.6,10,3,11,35,"[2, 8, 5, 9, 4, 1, 7, 3, 6, 0]",3.3306129
./random_graph_db/graph_db_node_10/08_p0.6/08_graph_n10_p0.6_idx2.gpickle,10,0.6,2,3,12,44,"[1, 5, 8, 7, 2, 9, 0, 4, 3, 6]",3.346848
./random_graph_db/graph_db_node_10/08_p0.6/08_graph_n10_p0.6_idx3.gpickle,10,0.6,3,2,5,29,"[8, 6, 7, 0, 4, 2, 9, 3, 5, 1]",3.6316619
./random_graph_db/graph_db_node_10/08_p0.6/08_graph_n10_p0.6_idx4.gpickle,10,0.6,4,3,11,46,"[4, 8, 3, 9, 5, 0, 1, 2, 7, 6]",3.8258572
./random_graph_db/graph_db_node_10/08_p0.6/08_graph_n10_p0.6_idx5.gpickle,10,0.6,5,3,9,47,"[1, 2, 8, 0, 9, 5, 7, 4, 3, 6]",3.5499771
./random_graph_db/graph_db_node_10/08_p0.6/08_graph_n10_p0.6_idx6.gpickle,10,0.6,6,3,10,36,"[6, 3, 0, 4, 9, 2, 1, 5, 8, 7]",3.5235488
./random_graph_db/graph_db_node_10/08_p0.6/08_graph_n10_p0.6_idx7.gpickle,10,0.6,7,3,13,50,"[9, 7, 8, 6, 1, 4, 5, 2, 3, 0]",3.753087
./random_graph_db/graph_db_node_10/08_p0.6/08_graph_n10_p0.6_idx8.gpickle,10,0.6,8,3,5,22,"[2, 7, 8, 3, 1, 5, 6, 9, 4, 0]",3.3878891
./random_graph_db/graph_db_node_10/08_p0.6/08_graph_n10_p0.6_idx9.gpickle,10,0.6,9,3,7,24,"[4, 2, 0, 8, 6, 3, 7, 1, 9, 5]",3.3202333
./random_graph_db/graph_db_node_10/09_p0.65/09_graph_n10_p0.65_idx1.gpickle,10,0.65,1,3,8,30,"[3, 2, 7, 1, 4, 5, 9, 6, 8, 0]",3.327796
./random_graph_db/graph_db_node_10/09_p0.65/09_graph_n10_p0.65_idx10.gpickle,10,0.65,10,2,4,27,"[8, 9, 0, 2, 1, 5, 7, 6, 3, 4]",3.5745151
./random_graph_db/graph_db_node_10/09_p0.65/09_graph_n10_p0.65_idx2.gpickle,10,0.65,2,3,13,49,"[8, 3, 1, 4, 0, 7, 2, 9, 6, 5]",3.449424
./random_graph_db/graph_db_node_10/09_p0.65/09_graph_n10_p0.65_idx3.gpickle,10,0.65,3,3,9,37,"[0, 4, 9, 2, 1, 8, 7, 5, 6, 3]",3.341269
./random_graph_db/graph_db_node_10/09_p0.65/09_graph_n10_p0.65_idx4.gpickle,10,0.65,4,3,7,33,"[6, 0, 4, 3, 7, 9, 5, 2, 8, 1]",3.3728068
./random_graph_db/graph_db_node_10/09_p0.65/09_graph_n10_p0.65_idx5.gpickle,10,0.65,5,3,8,48,"[4, 9, 0, 2, 6, 8, 3, 1, 7, 5]",3.3311651
./random_graph_db/graph_db_node_10/09_p0.65/09_graph_n10_p0.65_idx6.gpickle,10,0.65,6,3,6,33,"[1, 0, 3, 9, 5, 6, 8, 7, 2, 4]",3.2949641
./random_graph_db/graph_db_node_10/09_p0.65/09_graph_n10_p0.65_idx7.gpickle,10,0.65,7,3,10,40,"[2, 3, 4, 9, 1, 0, 6, 7, 8, 5]",3.3710451
./random_graph_db/graph_db_node_10/09_p0.65/09_graph_n10_p0.65_idx8.gpickle,10,0.65,8,3,7,26,"[5, 6, 0, 1, 2, 9, 7, 8, 3, 4]",3.373569
./random_graph_db/graph_db_node_10/09_p0.65/09_graph_n10_p0.65_idx9.gpickle,10,0.65,9,3,8,31,"[0, 8, 9, 5, 7, 6, 2, 3, 1, 4]",3.4879141
./random_graph_db/graph_db_node_10/10_p0.7/10_graph_n10_p0.7_idx1.gpickle,10,0.7,1,2,5,23,"[0, 3, 8, 2, 5, 7, 9, 6, 4, 1]",3.2940171
./random_graph_db/graph_db_node_10/10_p0.7/10_graph_n10_p0.7_idx10.gpickle,10,0.7,10,3,11,36,"[7, 4, 9, 2, 6, 5, 8, 3, 1, 0]",3.4856179
./random_graph_db/graph_db_node_10/10_p0.7/10_graph_n10_p0.7_idx2.gpickle,10,0.7,2,3,12,54,"[0, 5, 6, 9, 1, 4, 7, 3, 2, 8]",3.394407
./random_graph_db/graph_db_node_10/10_p0.7/10_graph_n10_p0.7_idx3.gpickle,10,0.7,3,3,6,25,"[7, 2, 1, 4, 6, 9, 3, 0, 8, 5]",3.335243
./random_graph_db/graph_db_node_10/10_p0.7/10_graph_n10_p0.7_idx4.gpickle,10,0.7,4,3,7,34,"[4, 9, 0, 3, 8, 7, 5, 6, 1, 2]",3.3673768
./random_graph_db/graph_db_node_10/10_p0.7/10_graph_n10_p0.7_idx5.gpickle,10,0.7,5,3,9,39,"[6, 9, 1, 4, 0, 5, 3, 2, 7, 8]",3.3342888
./random_graph_db/graph_db_node_10/10_p0.7/10_graph_n10_p0.7_idx6.gpickle,10,0.7,6,3,8,45,"[7, 9, 3, 4, 0, 1, 6, 8, 2, 5]",3.3605688
./random_graph_db/graph_db_node_10/10_p0.7/10_graph_n10_p0.7_idx7.gpickle,10,0.7,7,3,9,44,"[7, 2, 6, 0, 1, 9, 5, 3, 8, 4]",3.3419929
./random_graph_db/graph_db_node_10/10_p0.7/10_graph_n10_p0.7_idx8.gpickle,10,0.7,8,3,8,37,"[7, 4, 8, 2, 9, 1, 6, 3, 5, 0]",3.363924
./random_graph_db/graph_db_node_10/10_p0.7/10_graph_n10_p0.7_idx9.gpickle,10,0.7,9,3,10,47,"[6, 8, 3, 1, 0, 7, 9, 4, 2, 5]",3.4169202
./random_graph_db/graph_db_node_10/11_p0.8/11_graph_n10_p0.8_idx1.gpickle,10,0.8,1,2,4,25,"[5, 1, 2, 3, 9, 6, 7, 8, 0, 4]",3.218468
./random_graph_db/graph_db_node_10/11_p0.8/11_graph_n10_p0.8_idx10.gpickle,10,0.8,10,3,4,19,"[3, 0, 1, 4, 7, 9, 8, 6, 2, 5]",3.369848
./random_graph_db/graph_db_node_10/11_p0.8/11_graph_n10_p0.8_idx2.gpickle,10,0.8,2,2,2,16,"[9, 1, 0, 8, 6, 2, 3, 4, 5, 7]",3.220916
./random_graph_db/graph_db_node_10/11_p0.8/11_graph_n10_p0.8_idx3.gpickle,10,0.8,3,3,8,25,"[2, 9, 0, 5, 3, 1, 7, 4, 8, 6]",3.309319
./random_graph_db/graph_db_node_10/11_p0.8/11_graph_n10_p0.8_idx4.gpickle,10,0.8,4,2,4,27,"[3, 4, 1, 8, 9, 0, 6, 7, 2, 5]",3.2625809
./random_graph_db/graph_db_node_10/11_p0.8/11_graph_n10_p0.8_idx5.gpickle,10,0.8,5,3,7,22,"[1, 0, 6, 2, 5, 8, 3, 9, 4, 7]",3.348639
./random_graph_db/graph_db_node_10/11_p0.8/11_graph_n10_p0.8_idx6.gpickle,10,0.8,6,2,3,17,"[8, 3, 9, 2, 7, 5, 0, 6, 1, 4]",3.617481
./random_graph_db/graph_db_node_10/11_p0.8/11_graph_n10_p0.8_idx7.gpickle,10,0.8,7,2,5,28,"[4, 5, 7, 6, 1, 3, 2, 8, 9, 0]",3.3233509
./random_graph_db/graph_db_node_10/11_p0.8/11_graph_n10_p0.8_idx8.gpickle,10,0.8,8,2,4,25,"[8, 1, 4, 9, 3, 7, 5, 2, 6, 0]",3.3093419
./random_graph_db/graph_db_node_10/11_p0.8/11_graph_n10_p0.8_idx9.gpickle,10,0.8,9,3,7,24,"[0, 4, 6, 9, 2, 5, 3, 1, 7, 8]",3.5180848
./random_graph_db/graph_db_node_10/12_p0.9/12_graph_n10_p0.9_idx1.gpickle,10,0.9,1,2,2,16,"[9, 1, 5, 0, 8, 4, 3, 6, 7, 2]",3.2757261
./random_graph_db/graph_db_node_10/12_p0.9/12_graph_n10_p0.9_idx10.gpickle,10,0.9,10,1,0,11,"[9, 3, 5, 4, 1, 2, 8, 7, 6, 0]",3.0958197
./random_graph_db/graph_db_node_10/12_p0.9/12_graph_n10_p0.9_idx2.gpickle,10,0.9,2,2,1,15,"[1, 6, 7, 0, 9, 4, 8, 5, 3, 2]",3.0827088
./random_graph_db/graph_db_node_10/12_p0.9/12_graph_n10_p0.9_idx3.gpickle,10,0.9,3,2,2,16,"[2, 6, 7, 4, 3, 5, 1, 9, 8, 0]",3.2230699
./random_graph_db/graph_db_node_10/12_p0.9/12_graph_n10_p0.9_idx4.gpickle,10,0.9,4,2,4,23,"[4, 6, 1, 2, 8, 7, 5, 0, 3, 9]",3.2645571
./random_graph_db/graph_db_node_10/12_p0.9/12_graph_n10_p0.9_idx5.gpickle,10,0.9,5,2,2,16,"[8, 5, 6, 1, 4, 7, 3, 9, 0, 2]",3.3313611
./random_graph_db/graph_db_node_10/12_p0.9/12_graph_n10_p0.9_idx6.gpickle,10,0.9,6,1,0,11,"[3, 1, 5, 6, 7, 8, 9, 2, 0, 4]",3.1168599
./random_graph_db/graph_db_node_10/12_p0.9/12_graph_n10_p0.9_idx7.gpickle,10,0.9,7,2,2,24,"[8, 6, 2, 5, 9, 3, 0, 1, 7, 4]",3.1743722
./random_graph_db/graph_db_node_10/12_p0.9/12_graph_n10_p0.9_idx8.gpickle,10,0.9,8,2,4,24,"[2, 9, 8, 7, 4, 0, 1, 5, 6, 3]",3.53267
./random_graph_db/graph_db_node_10/12_p0.9/12_graph_n10_p0.9_idx9.gpickle,10,0.9,9,2,3,23,"[5, 8, 4, 2, 1, 9, 0, 3, 7, 6]",3.2241859
./random_graph_db/graph_db_node_11/01_p0.1/01_graph_n11_p0.1_idx1.gpickle,11,0.1,1,1,0,12,"[4, 2, 6, 9, 0, 1, 3, 7, 10, 8, 5]",3.4197378
./random_graph_db/graph_db_node_11/01_p0.1/01_graph_n11_p0.1_idx10.gpickle,11,0.1,10,1,0,14,"[9, 6, 1, 3, 7, 0, 8, 5, 2, 10, 4]",3.442009
./random_graph_db/graph_db_node_11/01_p0.1/01_graph_n11_p0.1_idx2.gpickle,11,0.1,2,2,2,17,"[7, 5, 9, 0, 1, 10, 6, 8, 3, 2, 4]",3.691839
./random_graph_db/graph_db_node_11/01_p0.1/01_graph_n11_p0.1_idx3.gpickle,11,0.1,3,1,0,12,"[0, 9, 2, 4, 3, 5, 8, 1, 7, 6, 10]",3.5119629
./random_graph_db/graph_db_node_11/01_p0.1/01_graph_n11_p0.1_idx4.gpickle,11,0.1,4,2,3,16,"[3, 8, 6, 9, 1, 0, 7, 4, 2, 5, 10]",3.578131
./random_graph_db/graph_db_node_11/01_p0.1/01_graph_n11_p0.1_idx5.gpickle,11,0.1,5,2,3,18,"[1, 10, 6, 9, 0, 2, 8, 5, 3, 4, 7]",3.4941413
./random_graph_db/graph_db_node_11/01_p0.1/01_graph_n11_p0.1_idx6.gpickle,11,0.1,6,1,0,12,"[9, 1, 5, 10, 8, 7, 2, 6, 3, 0, 4]",3.5146589
./random_graph_db/graph_db_node_11/01_p0.1/01_graph_n11_p0.1_idx7.gpickle,11,0.1,7,2,2,15,"[1, 0, 2, 4, 3, 6, 10, 5, 8, 7, 9]",3.864078
./random_graph_db/graph_db_node_11/01_p0.1/01_graph_n11_p0.1_idx8.gpickle,11,0.1,8,1,0,12,"[5, 0, 10, 4, 3, 9, 1, 8, 7, 2, 6]",3.5011399
./random_graph_db/graph_db_node_11/01_p0.1/01_graph_n11_p0.1_idx9.gpickle,11,0.1,9,1,0,12,"[9, 3, 2, 6, 0, 8, 1, 5, 10, 7, 4]",3.4092979
./random_graph_db/graph_db_node_11/02_p0.2/02_graph_n11_p0.2_idx1.gpickle,11,0.2,1,3,7,23,"[2, 9, 10, 0, 4, 3, 1, 5, 7, 6, 8]",3.724947
./random_graph_db/graph_db_node_11/02_p0.2/02_graph_n11_p0.2_idx10.gpickle,11,0.2,10,2,3,24,"[1, 8, 7, 5, 6, 9, 10, 3, 0, 2, 4]",3.5410111
./random_graph_db/graph_db_node_11/02_p0.2/02_graph_n11_p0.2_idx2.gpickle,11,0.2,2,2,5,29,"[7, 5, 3, 8, 2, 6, 4, 10, 0, 1, 9]",3.7837088
./random_graph_db/graph_db_node_11/02_p0.2/02_graph_n11_p0.2_idx3.gpickle,11,0.2,3,3,6,31,"[8, 0, 1, 10, 3, 5, 7, 9, 6, 4, 2]",3.6713879
./random_graph_db/graph_db_node_11/02_p0.2/02_graph_n11_p0.2_idx4.gpickle,11,0.2,4,3,7,25,"[8, 7, 6, 1, 9, 3, 5, 4, 0, 10, 2]",3.6344678
./random_graph_db/graph_db_node_11/02_p0.2/02_graph_n11_p0.2_idx5.gpickle,11,0.2,5,3,10,36,"[1, 5, 3, 4, 7, 8, 2, 6, 10, 0, 9]",3.7460148
./random_graph_db/graph_db_node_11/02_p0.2/02_graph_n11_p0.2_idx6.gpickle,11,0.2,6,2,1,14,"[10, 1, 0, 9, 3, 7, 4, 5, 8, 2, 6]",3.582618
./random_graph_db/graph_db_node_11/02_p0.2/02_graph_n11_p0.2_idx7.gpickle,11,0.2,7,2,2,17,"[2, 8, 5, 9, 3, 0, 4, 10, 6, 7, 1]",3.4344687
./random_graph_db/graph_db_node_11/02_p0.2/02_graph_n11_p0.2_idx8.gpickle,11,0.2,8,2,1,14,"[5, 8, 7, 3, 2, 10, 1, 4, 6, 0, 9]",3.4252019
./random_graph_db/graph_db_node_11/02_p0.2/02_graph_n11_p0.2_idx9.gpickle,11,0.2,9,2,6,24,"[0, 3, 1, 7, 10, 9, 4, 2, 8, 6, 5]",3.657171
./random_graph_db/graph_db_node_11/03_p0.3/03_graph_n11_p0.3_idx1.gpickle,11,0.3,1,2,4,24,"[1, 3, 10, 7, 9, 0, 6, 8, 5, 4, 2]",3.6566839
./random_graph_db/graph_db_node_11/03_p0.3/03_graph_n11_p0.3_idx10.gpickle,11,0.3,10,3,11,37,"[1, 10, 5, 0, 4, 8, 2, 9, 7, 6, 3]",3.9990199
./random_graph_db/graph_db_node_11/03_p0.3/03_graph_n11_p0.3_idx2.gpickle,11,0.3,2,3,7,23,"[6, 8, 0, 1, 9, 5, 7, 4, 10, 3, 2]",3.7044511
./random_graph_db/graph_db_node_11/03_p0.3/03_graph_n11_p0.3_idx3.gpickle,11,0.3,3,3,7,35,"[1, 9, 3, 8, 5, 4, 0, 6, 7, 10, 2]",4.3319459
./random_graph_db/graph_db_node_11/03_p0.3/03_graph_n11_p0.3_idx4.gpickle,11,0.3,4,3,8,32,"[4, 7, 3, 0, 8, 5, 10, 2, 9, 1, 6]",3.887574
./random_graph_db/graph_db_node_11/03_p0.3/03_graph_n11_p0.3_idx5.gpickle,11,0.3,5,3,7,25,"[4, 10, 5, 8, 7, 6, 0, 2, 9, 3, 1]",3.7778671
./random_graph_db/graph_db_node_11/03_p0.3/03_graph_n11_p0.3_idx6.gpickle,11,0.3,6,3,11,49,"[8, 5, 3, 4, 10, 9, 6, 0, 2, 7, 1]",3.841747
./random_graph_db/graph_db_node_11/03_p0.3/03_graph_n11_p0.3_idx7.gpickle,11,0.3,7,3,6,28,"[7, 8, 2, 0, 1, 6, 10, 4, 5, 3, 9]",3.6441107
./random_graph_db/graph_db_node_11/03_p0.3/03_graph_n11_p0.3_idx8.gpickle,11,0.3,8,3,10,34,"[1, 3, 9, 2, 6, 10, 5, 0, 8, 4, 7]",3.9935369
./random_graph_db/graph_db_node_11/03_p0.3/03_graph_n11_p0.3_idx9.gpickle,11,0.3,9,3,11,39,"[5, 10, 2, 0, 7, 4, 3, 1, 9, 8, 6]",3.793807
./random_graph_db/graph_db_node_11/04_p0.4/04_graph_n11_p0.4_idx1.gpickle,11,0.4,1,3,8,36,"[3, 6, 10, 8, 7, 4, 0, 9, 5, 2, 1]",3.7516088
./random_graph_db/graph_db_node_11/04_p0.4/04_graph_n11_p0.4_idx10.gpickle,11,0.4,10,3,10,41,"[1, 6, 9, 5, 7, 0, 2, 3, 8, 10, 4]",3.777225
./random_graph_db/graph_db_node_11/04_p0.4/04_graph_n11_p0.4_idx2.gpickle,11,0.4,2,3,11,41,"[8, 9, 6, 3, 1, 7, 5, 4, 0, 10, 2]",4.0782721
./random_graph_db/graph_db_node_11/04_p0.4/04_graph_n11_p0.4_idx3.gpickle,11,0.4,3,3,12,46,"[3, 8, 1, 0, 9, 7, 2, 5, 10, 6, 4]",3.8508029
./random_graph_db/graph_db_node_11/04_p0.4/04_graph_n11_p0.4_idx4.gpickle,11,0.4,4,3,12,40,"[6, 7, 1, 0, 4, 3, 8, 5, 2, 9, 10]",4.030364
./random_graph_db/graph_db_node_11/04_p0.4/04_graph_n11_p0.4_idx5.gpickle,11,0.4,5,3,12,39,"[5, 1, 10, 0, 3, 6, 8, 2, 9, 7, 4]",3.8735981
./random_graph_db/graph_db_node_11/04_p0.4/04_graph_n11_p0.4_idx6.gpickle,11,0.4,6,3,6,36,"[2, 5, 0, 8, 9, 1, 3, 6, 7, 4, 10]",3.8141999
./random_graph_db/graph_db_node_11/04_p0.4/04_graph_n11_p0.4_idx7.gpickle,11,0.4,7,3,9,34,"[3, 0, 4, 7, 9, 8, 2, 6, 1, 5, 10]",3.7562699
./random_graph_db/graph_db_node_11/04_p0.4/04_graph_n11_p0.4_idx8.gpickle,11,0.4,8,3,11,44,"[3, 0, 2, 1, 10, 6, 9, 7, 5, 8, 4]",3.7285528
./random_graph_db/graph_db_node_11/04_p0.4/04_graph_n11_p0.4_idx9.gpickle,11,0.4,9,3,8,28,"[1, 5, 2, 8, 9, 6, 3, 10, 7, 4, 0]",4.1629958
./random_graph_db/graph_db_node_11/05_p0.45/05_graph_n11_p0.45_idx1.gpickle,11,0.45,1,3,12,56,"[6, 9, 10, 5, 0, 7, 1, 8, 2, 4, 3]",3.8869498
./random_graph_db/graph_db_node_11/05_p0.45/05_graph_n11_p0.45_idx10.gpickle,11,0.45,10,3,10,41,"[1, 3, 10, 5, 0, 7, 2, 8, 6, 4, 9]",3.8167109
./random_graph_db/graph_db_node_11/05_p0.45/05_graph_n11_p0.45_idx2.gpickle,11,0.45,2,4,16,59,"[6, 5, 3, 1, 2, 8, 10, 9, 7, 4, 0]",3.900939
./random_graph_db/graph_db_node_11/05_p0.45/05_graph_n11_p0.45_idx3.gpickle,11,0.45,3,3,13,50,"[6, 8, 3, 0, 9, 1, 2, 7, 10, 4, 5]",3.754585
./random_graph_db/graph_db_node_11/05_p0.45/05_graph_n11_p0.45_idx4.gpickle,11,0.45,4,2,6,31,"[1, 6, 10, 9, 2, 4, 5, 7, 8, 0, 3]",3.9202483
./random_graph_db/graph_db_node_11/05_p0.45/05_graph_n11_p0.45_idx5.gpickle,11,0.45,5,4,16,53,"[0, 6, 7, 4, 2, 5, 3, 1, 10, 9, 8]",3.9011271
./random_graph_db/graph_db_node_11/05_p0.45/05_graph_n11_p0.45_idx6.gpickle,11,0.45,6,3,12,55,"[0, 8, 10, 5, 4, 7, 2, 1, 3, 6, 9]",3.852205
./random_graph_db/graph_db_node_11/05_p0.45/05_graph_n11_p0.45_idx7.gpickle,11,0.45,7,3,8,35,"[7, 0, 9, 2, 8, 4, 1, 5, 6, 10, 3]",3.7492092
./random_graph_db/graph_db_node_11/05_p0.45/05_graph_n11_p0.45_idx8.gpickle,11,0.45,8,3,9,39,"[4, 1, 3, 9, 10, 0, 8, 2, 7, 5, 6]",3.9987919
./random_graph_db/graph_db_node_11/05_p0.45/05_graph_n11_p0.45_idx9.gpickle,11,0.45,9,4,15,55,"[3, 1, 6, 0, 8, 9, 2, 10, 4, 5, 7]",3.9880352
./random_graph_db/graph_db_node_11/06_p0.5/06_graph_n11_p0.5_idx1.gpickle,11,0.5,1,3,15,50,"[8, 0, 10, 5, 6, 9, 7, 1, 2, 4, 3]",3.9203839
./random_graph_db/graph_db_node_11/06_p0.5/06_graph_n11_p0.5_idx10.gpickle,11,0.5,10,3,8,31,"[10, 3, 2, 4, 9, 0, 6, 8, 7, 5, 1]",3.8455489
./random_graph_db/graph_db_node_11/06_p0.5/06_graph_n11_p0.5_idx2.gpickle,11,0.5,2,3,12,48,"[6, 7, 3, 1, 5, 0, 8, 10, 4, 9, 2]",3.91782
./random_graph_db/graph_db_node_11/06_p0.5/06_graph_n11_p0.5_idx3.gpickle,11,0.5,3,2,6,33,"[4, 9, 5, 0, 1, 7, 10, 2, 3, 8, 6]",3.8008752
./random_graph_db/graph_db_node_11/06_p0.5/06_graph_n11_p0.5_idx4.gpickle,11,0.5,4,3,10,41,"[10, 9, 0, 7, 5, 4, 3, 2, 8, 1, 6]",4.0575211
./random_graph_db/graph_db_node_11/06_p0.5/06_graph_n11_p0.5_idx5.gpickle,11,0.5,5,3,10,31,"[5, 4, 0, 10, 2, 7, 3, 6, 9, 8, 1]",3.8295569
./random_graph_db/graph_db_node_11/06_p0.5/06_graph_n11_p0.5_idx6.gpickle,11,0.5,6,4,18,46,"[9, 10, 8, 1, 0, 5, 7, 3, 2, 6, 4]",3.925051
./random_graph_db/graph_db_node_11/06_p0.5/06_graph_n11_p0.5_idx7.gpickle,11,0.5,7,3,14,57,"[5, 7, 10, 9, 8, 3, 6, 4, 2, 1, 0]",3.9113472
./random_graph_db/graph_db_node_11/06_p0.5/06_graph_n11_p0.5_idx8.gpickle,11,0.5,8,3,11,39,"[1, 9, 5, 4, 7, 10, 0, 8, 3, 6, 2]",3.8062503
./random_graph_db/graph_db_node_11/06_p0.5/06_graph_n11_p0.5_idx9.gpickle,11,0.5,9,4,12,42,"[9, 5, 0, 4, 1, 2, 8, 7, 6, 3, 10]",3.8437071
./random_graph_db/graph_db_node_11/07_p0.55/07_graph_n11_p0.55_idx1.gpickle,11,0.55,1,4,20,70,"[8, 5, 10, 7, 4, 2, 9, 3, 0, 1, 6]",4.099834
./random_graph_db/graph_db_node_11/07_p0.55/07_graph_n11_p0.55_idx10.gpickle,11,0.55,10,3,10,47,"[5, 7, 9, 10, 4, 0, 2, 3, 8, 6, 1]",3.88362
./random_graph_db/graph_db_node_11/07_p0.55/07_graph_n11_p0.55_idx2.gpickle,11,0.55,2,3,13,49,"[6, 1, 10, 3, 4, 7, 5, 2, 8, 9, 0]",3.8402231
./random_graph_db/graph_db_node_11/07_p0.55/07_graph_n11_p0.55_idx3.gpickle,11,0.55,3,4,17,52,"[0, 5, 2, 1, 4, 10, 3, 6, 9, 8, 7]",3.8902049
./random_graph_db/graph_db_node_11/07_p0.55/07_graph_n11_p0.55_idx4.gpickle,11,0.55,4,3,13,55,"[2, 7, 1, 10, 5, 8, 0, 4, 6, 9, 3]",3.7994878
./random_graph_db/graph_db_node_11/07_p0.55/07_graph_n11_p0.55_idx5.gpickle,11,0.55,5,3,13,43,"[0, 2, 10, 1, 7, 4, 6, 5, 3, 9, 8]",4.0463369
./random_graph_db/graph_db_node_11/07_p0.55/07_graph_n11_p0.55_idx6.gpickle,11,0.55,6,3,12,46,"[5, 8, 1, 3, 9, 4, 2, 7, 0, 6, 10]",3.787179
./random_graph_db/graph_db_node_11/07_p0.55/07_graph_n11_p0.55_idx7.gpickle,11,0.55,7,4,16,56,"[8, 6, 9, 7, 5, 3, 10, 4, 1, 2, 0]",4.1387241
./random_graph_db/graph_db_node_11/07_p0.55/07_graph_n11_p0.55_idx8.gpickle,11,0.55,8,3,11,44,"[3, 8, 10, 9, 7, 4, 5, 2, 6, 0, 1]",3.8959653
./random_graph_db/graph_db_node_11/07_p0.55/07_graph_n11_p0.55_idx9.gpickle,11,0.55,9,3,9,38,"[10, 4, 0, 5, 8, 2, 9, 7, 3, 6, 1]",3.8930628
./random_graph_db/graph_db_node_11/08_p0.6/08_graph_n11_p0.6_idx1.gpickle,11,0.6,1,3,14,47,"[7, 6, 8, 9, 1, 10, 0, 4, 2, 3, 5]",4.0709031
./random_graph_db/graph_db_node_11/08_p0.6/08_graph_n11_p0.6_idx10.gpickle,11,0.6,10,3,9,43,"[7, 3, 9, 5, 6, 10, 2, 8, 4, 1, 0]",3.8382053
./random_graph_db/graph_db_node_11/08_p0.6/08_graph_n11_p0.6_idx2.gpickle,11,0.6,2,4,16,55,"[0, 6, 4, 5, 2, 10, 1, 9, 3, 7, 8]",3.9289682
./random_graph_db/graph_db_node_11/08_p0.6/08_graph_n11_p0.6_idx3.gpickle,11,0.6,3,3,9,44,"[1, 8, 2, 3, 5, 7, 9, 4, 10, 0, 6]",3.8746634
./random_graph_db/graph_db_node_11/08_p0.6/08_graph_n11_p0.6_idx4.gpickle,11,0.6,4,3,11,46,"[6, 10, 9, 2, 3, 4, 1, 0, 8, 7, 5]",3.7783487
./random_graph_db/graph_db_node_11/08_p0.6/08_graph_n11_p0.6_idx5.gpickle,11,0.6,5,3,10,40,"[2, 9, 1, 8, 0, 10, 3, 5, 4, 7, 6]",3.9700942
./random_graph_db/graph_db_node_11/08_p0.6/08_graph_n11_p0.6_idx6.gpickle,11,0.6,6,3,11,46,"[1, 7, 3, 6, 4, 8, 2, 0, 5, 10, 9]",4.000596
./random_graph_db/graph_db_node_11/08_p0.6/08_graph_n11_p0.6_idx7.gpickle,11,0.6,7,3,12,49,"[1, 3, 8, 9, 10, 7, 6, 4, 5, 2, 0]",3.9282973
./random_graph_db/graph_db_node_11/08_p0.6/08_graph_n11_p0.6_idx8.gpickle,11,0.6,8,3,10,30,"[1, 7, 2, 9, 5, 3, 0, 10, 6, 4, 8]",3.844965
./random_graph_db/graph_db_node_11/08_p0.6/08_graph_n11_p0.6_idx9.gpickle,11,0.6,9,4,16,45,"[2, 5, 3, 8, 0, 7, 1, 9, 6, 10, 4]",3.9020481
./random_graph_db/graph_db_node_11/09_p0.65/09_graph_n11_p0.65_idx1.gpickle,11,0.65,1,3,11,36,"[2, 10, 9, 1, 6, 0, 3, 5, 4, 7, 8]",3.9708002
./random_graph_db/graph_db_node_11/09_p0.65/09_graph_n11_p0.65_idx10.gpickle,11,0.65,10,3,11,42,"[8, 1, 6, 3, 7, 2, 4, 0, 10, 9, 5]",3.8683593
./random_graph_db/graph_db_node_11/09_p0.65/09_graph_n11_p0.65_idx2.gpickle,11,0.65,2,4,19,55,"[10, 2, 7, 5, 8, 0, 1, 3, 4, 6, 9]",3.9458308
./random_graph_db/graph_db_node_11/09_p0.65/09_graph_n11_p0.65_idx3.gpickle,11,0.65,3,3,15,53,"[6, 4, 1, 2, 8, 9, 10, 3, 7, 5, 0]",3.780586
./random_graph_db/graph_db_node_11/09_p0.65/09_graph_n11_p0.65_idx4.gpickle,11,0.65,4,3,11,53,"[7, 9, 1, 8, 0, 4, 2, 6, 10, 5, 3]",3.9627159
./random_graph_db/graph_db_node_11/09_p0.65/09_graph_n11_p0.65_idx5.gpickle,11,0.65,5,3,10,52,"[7, 0, 9, 2, 1, 10, 3, 8, 6, 5, 4]",4.1129899
./random_graph_db/graph_db_node_11/09_p0.65/09_graph_n11_p0.65_idx6.gpickle,11,0.65,6,4,14,44,"[2, 3, 5, 7, 1, 6, 8, 10, 4, 0, 9]",3.8889589
./random_graph_db/graph_db_node_11/09_p0.65/09_graph_n11_p0.65_idx7.gpickle,11,0.65,7,3,9,40,"[3, 5, 4, 1, 6, 9, 2, 10, 8, 7, 0]",3.8599031
./random_graph_db/graph_db_node_11/09_p0.65/09_graph_n11_p0.65_idx8.gpickle,11,0.65,8,3,14,50,"[1, 5, 10, 3, 4, 9, 7, 6, 8, 2, 0]",3.8607459
./random_graph_db/graph_db_node_11/09_p0.65/09_graph_n11_p0.65_idx9.gpickle,11,0.65,9,3,10,30,"[8, 5, 0, 10, 9, 2, 4, 6, 1, 7, 3]",3.8374212
./random_graph_db/graph_db_node_11/10_p0.7/10_graph_n11_p0.7_idx1.gpickle,11,0.7,1,3,8,37,"[6, 4, 9, 2, 3, 0, 7, 10, 5, 8, 1]",3.982954
./random_graph_db/graph_db_node_11/10_p0.7/10_graph_n11_p0.7_idx10.gpickle,11,0.7,10,3,10,42,"[5, 8, 6, 7, 10, 3, 2, 1, 0, 9, 4]",3.8420129
./random_graph_db/graph_db_node_11/10_p0.7/10_graph_n11_p0.7_idx2.gpickle,11,0.7,2,4,14,46,"[8, 6, 0, 1, 7, 9, 3, 4, 10, 2, 5]",3.9061849
./random_graph_db/graph_db_node_11/10_p0.7/10_graph_n11_p0.7_idx3.gpickle,11,0.7,3,3,9,30,"[10, 8, 2, 4, 0, 9, 1, 3, 5, 7, 6]",3.81496
./random_graph_db/graph_db_node_11/10_p0.7/10_graph_n11_p0.7_idx4.gpickle,11,0.7,4,3,14,55,"[7, 5, 10, 0, 6, 1, 3, 2, 4, 8, 9]",3.8994322
./random_graph_db/graph_db_node_11/10_p0.7/10_graph_n11_p0.7_idx5.gpickle,11,0.7,5,3,8,36,"[2, 0, 10, 5, 8, 6, 1, 9, 7, 4, 3]",3.90099
./random_graph_db/graph_db_node_11/10_p0.7/10_graph_n11_p0.7_idx6.gpickle,11,0.7,6,3,13,46,"[9, 4, 5, 1, 6, 0, 7, 2, 8, 10, 3]",3.9268453
./random_graph_db/graph_db_node_11/10_p0.7/10_graph_n11_p0.7_idx7.gpickle,11,0.7,7,3,10,39,"[1, 0, 4, 5, 7, 6, 9, 10, 3, 2, 8]",3.83476
./random_graph_db/graph_db_node_11/10_p0.7/10_graph_n11_p0.7_idx8.gpickle,11,0.7,8,3,12,56,"[5, 2, 9, 0, 4, 1, 10, 7, 3, 6, 8]",3.8842921
./random_graph_db/graph_db_node_11/10_p0.7/10_graph_n11_p0.7_idx9.gpickle,11,0.7,9,3,14,43,"[6, 1, 5, 9, 2, 3, 10, 4, 7, 8, 0]",3.8489029
./random_graph_db/graph_db_node_11/11_p0.8/11_graph_n11_p0.8_idx1.gpickle,11,0.8,1,3,8,28,"[0, 4, 1, 2, 9, 5, 3, 7, 8, 6, 10]",4.2365949
./random_graph_db/graph_db_node_11/11_p0.8/11_graph_n11_p0.8_idx10.gpickle,11,0.8,10,2,6,21,"[9, 10, 3, 7, 8, 5, 0, 1, 2, 4, 6]",3.8307898
./random_graph_db/graph_db_node_11/11_p0.8/11_graph_n11_p0.8_idx2.gpickle,11,0.8,2,2,3,16,"[10, 5, 8, 6, 0, 9, 2, 3, 7, 1, 4]",3.7647192
./random_graph_db/graph_db_node_11/11_p0.8/11_graph_n11_p0.8_idx3.gpickle,11,0.8,3,2,4,25,"[10, 4, 1, 5, 3, 7, 6, 8, 2, 0, 9]",3.656595
./random_graph_db/graph_db_node_11/11_p0.8/11_graph_n11_p0.8_idx4.gpickle,11,0.8,4,3,6,31,"[0, 2, 5, 6, 7, 4, 8, 10, 9, 3, 1]",3.8338921
./random_graph_db/graph_db_node_11/11_p0.8/11_graph_n11_p0.8_idx5.gpickle,11,0.8,5,3,11,35,"[4, 8, 7, 2, 6, 1, 0, 10, 9, 5, 3]",3.8124375
./random_graph_db/graph_db_node_11/11_p0.8/11_graph_n11_p0.8_idx6.gpickle,11,0.8,6,2,6,36,"[8, 9, 3, 7, 6, 4, 10, 1, 2, 0, 5]",4.2782388
./random_graph_db/graph_db_node_11/11_p0.8/11_graph_n11_p0.8_idx7.gpickle,11,0.8,7,2,5,29,"[7, 4, 10, 2, 1, 5, 6, 9, 0, 8, 3]",3.879246
./random_graph_db/graph_db_node_11/11_p0.8/11_graph_n11_p0.8_idx8.gpickle,11,0.8,8,3,10,39,"[5, 4, 10, 6, 0, 9, 3, 2, 8, 7, 1]",3.9565833
./random_graph_db/graph_db_node_11/11_p0.8/11_graph_n11_p0.8_idx9.gpickle,11,0.8,9,3,7,23,"[7, 9, 4, 10, 1, 6, 2, 0, 8, 5, 3]",3.88079
./random_graph_db/graph_db_node_11/12_p0.9/12_graph_n11_p0.9_idx1.gpickle,11,0.9,1,2,5,20,"[0, 7, 9, 1, 8, 10, 6, 5, 2, 4, 3]",3.686866
./random_graph_db/graph_db_node_11/12_p0.9/12_graph_n11_p0.9_idx10.gpickle,11,0.9,10,2,4,24,"[7, 6, 8, 4, 0, 10, 2, 9, 1, 3, 5]",3.9120162
./random_graph_db/graph_db_node_11/12_p0.9/12_graph_n11_p0.9_idx2.gpickle,11,0.9,2,2,2,17,"[1, 0, 6, 8, 5, 7, 4, 2, 10, 3, 9]",3.6473432
./random_graph_db/graph_db_node_11/12_p0.9/12_graph_n11_p0.9_idx3.gpickle,11,0.9,3,3,5,21,"[9, 4, 6, 10, 2, 5, 7, 1, 8, 0, 3]",3.7372558
./random_graph_db/graph_db_node_11/12_p0.9/12_graph_n11_p0.9_idx4.gpickle,11,0.9,4,2,4,27,"[10, 3, 9, 1, 7, 5, 6, 0, 2, 8, 4]",3.6491778
./random_graph_db/graph_db_node_11/12_p0.9/12_graph_n11_p0.9_idx5.gpickle,11,0.9,5,2,4,24,"[1, 0, 9, 3, 2, 7, 10, 5, 4, 6, 8]",3.6473989
./random_graph_db/graph_db_node_11/12_p0.9/12_graph_n11_p0.9_idx6.gpickle,11,0.9,6,1,0,12,"[2, 9, 7, 8, 10, 6, 3, 5, 4, 1, 0]",3.683234
./random_graph_db/graph_db_node_11/12_p0.9/12_graph_n11_p0.9_idx7.gpickle,11,0.9,7,2,2,17,"[3, 9, 10, 2, 6, 8, 5, 0, 7, 1, 4]",3.628211
./random_graph_db/graph_db_node_11/12_p0.9/12_graph_n11_p0.9_idx8.gpickle,11,0.9,8,2,4,22,"[3, 9, 8, 0, 1, 2, 7, 4, 6, 5, 10]",3.6982629
./random_graph_db/graph_db_node_11/12_p0.9/12_graph_n11_p0.9_idx9.gpickle,11,0.9,9,2,4,19,"[5, 1, 6, 8, 0, 9, 3, 2, 10, 4, 7]",3.6981168
./random_graph_db/graph_db_node_12/01_p0.1/01_graph_n12_p0.1_idx1.gpickle,12,0.1,1,2,3,17,"[10, 1, 9, 6, 3, 4, 5, 0, 7, 8, 2, 11]",4.0418909
./random_graph_db/graph_db_node_12/01_p0.1/01_graph_n12_p0.1_idx10.gpickle,12,0.1,10,2,3,17,"[9, 11, 10, 6, 8, 0, 3, 4, 1, 5, 2, 7]",4.078079
./random_graph_db/graph_db_node_12/01_p0.1/01_graph_n12_p0.1_idx2.gpickle,12,0.1,2,2,2,18,"[10, 11, 6, 1, 4, 0, 5, 8, 2, 3, 9, 7]",3.8980877
./random_graph_db/graph_db_node_12/01_p0.1/01_graph_n12_p0.1_idx3.gpickle,12,0.1,3,2,2,18,"[10, 5, 4, 8, 9, 1, 2, 3, 6, 7, 0, 11]",3.9851158
./random_graph_db/graph_db_node_12/01_p0.1/01_graph_n12_p0.1_idx4.gpickle,12,0.1,4,2,4,20,"[8, 10, 9, 7, 2, 4, 5, 11, 1, 0, 6, 3]",4.048368
./random_graph_db/graph_db_node_12/01_p0.1/01_graph_n12_p0.1_idx5.gpickle,12,0.1,5,2,2,16,"[4, 6, 5, 9, 0, 3, 7, 8, 10, 1, 11, 2]",4.1447792
./random_graph_db/graph_db_node_12/01_p0.1/01_graph_n12_p0.1_idx6.gpickle,12,0.1,6,2,4,20,"[0, 7, 3, 2, 8, 1, 10, 9, 11, 4, 6, 5]",4.32726
./random_graph_db/graph_db_node_12/01_p0.1/01_graph_n12_p0.1_idx7.gpickle,12,0.1,7,2,2,16,"[7, 4, 9, 2, 1, 3, 11, 0, 10, 5, 6, 8]",4.027808
./random_graph_db/graph_db_node_12/01_p0.1/01_graph_n12_p0.1_idx8.gpickle,12,0.1,8,1,0,13,"[9, 0, 11, 2, 4, 3, 6, 7, 8, 5, 10, 1]",3.890919
./random_graph_db/graph_db_node_12/01_p0.1/01_graph_n12_p0.1_idx9.gpickle,12,0.1,9,2,5,26,"[9, 4, 0, 8, 1, 2, 5, 7, 3, 11, 10, 6]",4.03824
./random_graph_db/graph_db_node_12/02_p0.2/02_graph_n12_p0.2_idx1.gpickle,12,0.2,1,3,8,23,"[7, 11, 8, 2, 4, 1, 0, 10, 3, 9, 6, 5]",4.5588839
./random_graph_db/graph_db_node_12/02_p0.2/02_graph_n12_p0.2_idx10.gpickle,12,0.2,10,3,5,22,"[3, 2, 6, 10, 11, 1, 0, 4, 9, 7, 5, 8]",4.3013101
./random_graph_db/graph_db_node_12/02_p0.2/02_graph_n12_p0.2_idx2.gpickle,12,0.2,2,2,3,19,"[9, 1, 8, 2, 11, 10, 5, 7, 0, 6, 4, 3]",4.034204
./random_graph_db/graph_db_node_12/02_p0.2/02_graph_n12_p0.2_idx3.gpickle,12,0.2,3,3,9,28,"[8, 3, 9, 6, 11, 2, 0, 7, 4, 5, 1, 10]",4.228157
./random_graph_db/graph_db_node_12/02_p0.2/02_graph_n12_p0.2_idx4.gpickle,12,0.2,4,2,6,25,"[7, 9, 5, 11, 4, 2, 8, 1, 6, 10, 3, 0]",4.2604849
./random_graph_db/graph_db_node_12/02_p0.2/02_graph_n12_p0.2_idx5.gpickle,12,0.2,5,3,7,24,"[7, 9, 4, 8, 3, 1, 6, 11, 10, 0, 2, 5]",4.3397312
./random_graph_db/graph_db_node_12/02_p0.2/02_graph_n12_p0.2_idx6.gpickle,12,0.2,6,3,7,26,"[4, 7, 9, 5, 1, 3, 6, 8, 11, 2, 0, 10]",4.253824
./random_graph_db/graph_db_node_12/02_p0.2/02_graph_n12_p0.2_idx7.gpickle,12,0.2,7,2,3,24,"[11, 7, 2, 0, 8, 4, 9, 1, 10, 6, 5, 3]",4.0742669
./random_graph_db/graph_db_node_12/02_p0.2/02_graph_n12_p0.2_idx8.gpickle,12,0.2,8,2,2,16,"[9, 3, 4, 1, 2, 10, 5, 7, 8, 11, 0, 6]",4.132257
./random_graph_db/graph_db_node_12/02_p0.2/02_graph_n12_p0.2_idx9.gpickle,12,0.2,9,2,4,29,"[5, 1, 0, 4, 2, 7, 9, 8, 6, 10, 3, 11]",4.182065
./random_graph_db/graph_db_node_12/03_p0.3/03_graph_n12_p0.3_idx1.gpickle,12,0.3,1,4,14,45,"[7, 3, 4, 9, 0, 6, 11, 5, 1, 10, 8, 2]",4.480758
./random_graph_db/graph_db_node_12/03_p0.3/03_graph_n12_p0.3_idx10.gpickle,12,0.3,10,3,10,27,"[6, 2, 7, 11, 0, 5, 10, 4, 3, 8, 9, 1]",4.496537
./random_graph_db/graph_db_node_12/03_p0.3/03_graph_n12_p0.3_idx2.gpickle,12,0.3,2,3,7,30,"[6, 7, 0, 10, 5, 3, 8, 2, 9, 11, 1, 4]",4.255729
./random_graph_db/graph_db_node_12/03_p0.3/03_graph_n12_p0.3_idx3.gpickle,12,0.3,3,2,5,38,"[6, 7, 5, 3, 1, 8, 4, 2, 0, 10, 9, 11]",4.2615647
./random_graph_db/graph_db_node_12/03_p0.3/03_graph_n12_p0.3_idx4.gpickle,12,0.3,4,2,7,33,"[7, 9, 8, 0, 2, 11, 10, 5, 6, 4, 3, 1]",4.3900158
./random_graph_db/graph_db_node_12/03_p0.3/03_graph_n12_p0.3_idx5.gpickle,12,0.3,5,2,4,20,"[9, 8, 2, 11, 6, 7, 5, 1, 4, 3, 10, 0]",4.4883888
./random_graph_db/graph_db_node_12/03_p0.3/03_graph_n12_p0.3_idx6.gpickle,12,0.3,6,2,4,26,"[10, 4, 6, 8, 7, 1, 2, 3, 9, 11, 0, 5]",4.343672
./random_graph_db/graph_db_node_12/03_p0.3/03_graph_n12_p0.3_idx7.gpickle,12,0.3,7,3,12,45,"[3, 4, 5, 2, 11, 10, 6, 1, 9, 0, 8, 7]",4.6292841
./random_graph_db/graph_db_node_12/03_p0.3/03_graph_n12_p0.3_idx8.gpickle,12,0.3,8,3,11,33,"[7, 4, 8, 9, 3, 6, 2, 10, 5, 1, 0, 11]",5.4811783
./random_graph_db/graph_db_node_12/03_p0.3/03_graph_n12_p0.3_idx9.gpickle,12,0.3,9,3,11,47,"[2, 5, 0, 8, 4, 3, 10, 6, 7, 9, 1, 11]",5.056947
./random_graph_db/graph_db_node_12/04_p0.4/04_graph_n12_p0.4_idx1.gpickle,12,0.4,1,3,14,54,"[0, 1, 6, 7, 8, 4, 5, 2, 3, 9, 10, 11]",4.670037
./random_graph_db/graph_db_node_12/04_p0.4/04_graph_n12_p0.4_idx10.gpickle,12,0.4,10,4,19,59,"[6, 0, 2, 8, 9, 11, 5, 3, 4, 1, 10, 7]",4.6650989
./random_graph_db/graph_db_node_12/04_p0.4/04_graph_n12_p0.4_idx2.gpickle,12,0.4,2,3,13,48,"[9, 3, 4, 2, 11, 0, 7, 8, 5, 10, 6, 1]",4.6827929
./random_graph_db/graph_db_node_12/04_p0.4/04_graph_n12_p0.4_idx3.gpickle,12,0.4,3,3,14,47,"[1, 9, 6, 7, 4, 0, 10, 11, 2, 8, 5, 3]",4.5547898
./random_graph_db/graph_db_node_12/04_p0.4/04_graph_n12_p0.4_idx4.gpickle,12,0.4,4,3,11,41,"[11, 0, 5, 2, 3, 1, 8, 7, 4, 10, 6, 9]",4.699096
./random_graph_db/graph_db_node_12/04_p0.4/04_graph_n12_p0.4_idx5.gpickle,12,0.4,5,3,10,33,"[4, 7, 6, 11, 10, 2, 3, 5, 8, 0, 1, 9]",4.44642
./random_graph_db/graph_db_node_12/04_p0.4/04_graph_n12_p0.4_idx6.gpickle,12,0.4,6,4,18,53,"[1, 8, 7, 11, 6, 5, 10, 3, 9, 0, 4, 2]",4.642962
./random_graph_db/graph_db_node_12/04_p0.4/04_graph_n12_p0.4_idx7.gpickle,12,0.4,7,3,10,46,"[11, 4, 2, 6, 10, 0, 7, 1, 8, 3, 5, 9]",4.543746
./random_graph_db/graph_db_node_12/04_p0.4/04_graph_n12_p0.4_idx8.gpickle,12,0.4,8,4,15,48,"[7, 5, 4, 11, 3, 0, 9, 1, 10, 8, 6, 2]",4.944417
./random_graph_db/graph_db_node_12/04_p0.4/04_graph_n12_p0.4_idx9.gpickle,12,0.4,9,3,10,37,"[0, 9, 1, 5, 6, 8, 3, 10, 2, 4, 7, 11]",4.5284622
./random_graph_db/graph_db_node_12/05_p0.45/05_graph_n12_p0.45_idx1.gpickle,12,0.45,1,4,18,63,"[8, 11, 10, 7, 2, 6, 5, 0, 3, 4, 1, 9]",4.5914183
./random_graph_db/graph_db_node_12/05_p0.45/05_graph_n12_p0.45_idx10.gpickle,12,0.45,10,4,15,46,"[6, 3, 4, 10, 0, 8, 2, 1, 11, 7, 5, 9]",4.5827494
./random_graph_db/graph_db_node_12/05_p0.45/05_graph_n12_p0.45_idx2.gpickle,12,0.45,2,4,16,54,"[8, 7, 3, 2, 0, 5, 9, 10, 4, 6, 11, 1]",4.670006
./random_graph_db/graph_db_node_12/05_p0.45/05_graph_n12_p0.45_idx3.gpickle,12,0.45,3,3,8,41,"[8, 0, 10, 3, 1, 7, 4, 2, 9, 5, 6, 11]",4.3467872
./random_graph_db/graph_db_node_12/05_p0.45/05_graph_n12_p0.45_idx4.gpickle,12,0.45,4,4,16,48,"[1, 6, 9, 7, 5, 11, 3, 4, 10, 2, 0, 8]",4.4841559
./random_graph_db/graph_db_node_12/05_p0.45/05_graph_n12_p0.45_idx5.gpickle,12,0.45,5,4,16,54,"[1, 2, 7, 11, 5, 4, 9, 8, 0, 6, 3, 10]",5.1728461
./random_graph_db/graph_db_node_12/05_p0.45/05_graph_n12_p0.45_idx6.gpickle,12,0.45,6,4,18,66,"[3, 6, 10, 2, 1, 9, 5, 0, 7, 8, 4, 11]",5.0401013
./random_graph_db/graph_db_node_12/05_p0.45/05_graph_n12_p0.45_idx7.gpickle,12,0.45,7,3,11,40,"[3, 2, 8, 0, 1, 4, 5, 11, 9, 10, 7, 6]",4.7033379
./random_graph_db/graph_db_node_12/05_p0.45/05_graph_n12_p0.45_idx8.gpickle,12,0.45,8,4,17,65,"[10, 9, 1, 4, 5, 11, 6, 2, 0, 7, 3, 8]",5.0225558
./random_graph_db/graph_db_node_12/05_p0.45/05_graph_n12_p0.45_idx9.gpickle,12,0.45,9,3,12,47,"[8, 6, 4, 0, 5, 2, 3, 10, 1, 9, 7, 11]",4.713778
./random_graph_db/graph_db_node_12/06_p0.5/06_graph_n12_p0.5_idx1.gpickle,12,0.5,1,4,14,52,"[1, 8, 9, 5, 4, 6, 2, 11, 3, 10, 7, 0]",5.1410518
./random_graph_db/graph_db_node_12/06_p0.5/06_graph_n12_p0.5_idx10.gpickle,12,0.5,10,3,13,69,"[10, 6, 1, 3, 9, 0, 5, 7, 2, 4, 8, 11]",4.7698119
./random_graph_db/graph_db_node_12/06_p0.5/06_graph_n12_p0.5_idx2.gpickle,12,0.5,2,3,12,54,"[1, 3, 5, 0, 11, 4, 9, 6, 2, 7, 8, 10]",4.9331839
./random_graph_db/graph_db_node_12/06_p0.5/06_graph_n12_p0.5_idx3.gpickle,12,0.5,3,3,13,54,"[7, 10, 9, 1, 8, 4, 2, 11, 5, 6, 3, 0]",4.81251
./random_graph_db/graph_db_node_12/06_p0.5/06_graph_n12_p0.5_idx4.gpickle,12,0.5,4,4,16,63,"[9, 3, 10, 6, 8, 0, 2, 11, 4, 5, 1, 7]",4.880693
./random_graph_db/graph_db_node_12/06_p0.5/06_graph_n12_p0.5_idx5.gpickle,12,0.5,5,4,18,66,"[9, 8, 6, 2, 4, 3, 5, 11, 10, 0, 1, 7]",5.272073
./random_graph_db/graph_db_node_12/06_p0.5/06_graph_n12_p0.5_idx6.gpickle,12,0.5,6,3,15,59,"[5, 6, 2, 9, 7, 0, 4, 11, 10, 8, 1, 3]",4.6423769
./random_graph_db/graph_db_node_12/06_p0.5/06_graph_n12_p0.5_idx7.gpickle,12,0.5,7,2,7,43,"[7, 4, 11, 10, 1, 5, 6, 3, 9, 8, 2, 0]",4.5668333
./random_graph_db/graph_db_node_12/06_p0.5/06_graph_n12_p0.5_idx8.gpickle,12,0.5,8,4,20,65,"[7, 6, 2, 9, 10, 4, 1, 0, 8, 11, 5, 3]",4.8252232
./random_graph_db/graph_db_node_12/06_p0.5/06_graph_n12_p0.5_idx9.gpickle,12,0.5,9,4,16,56,"[7, 11, 9, 6, 5, 2, 8, 3, 0, 4, 1, 10]",4.7172773
./random_graph_db/graph_db_node_12/07_p0.55/07_graph_n12_p0.55_idx1.gpickle,12,0.55,1,4,22,73,"[2, 8, 10, 6, 4, 7, 11, 9, 1, 0, 5, 3]",4.681612
./random_graph_db/graph_db_node_12/07_p0.55/07_graph_n12_p0.55_idx10.gpickle,12,0.55,10,4,21,78,"[4, 3, 10, 6, 0, 1, 11, 7, 2, 5, 8, 9]",4.6585119
./random_graph_db/graph_db_node_12/07_p0.55/07_graph_n12_p0.55_idx2.gpickle,12,0.55,2,3,12,55,"[7, 5, 9, 1, 3, 10, 8, 2, 11, 6, 4, 0]",4.5465868
./random_graph_db/graph_db_node_12/07_p0.55/07_graph_n12_p0.55_idx3.gpickle,12,0.55,3,4,18,68,"[9, 6, 3, 10, 2, 11, 5, 7, 8, 0, 1, 4]",5.0322919
./random_graph_db/graph_db_node_12/07_p0.55/07_graph_n12_p0.55_idx4.gpickle,12,0.55,4,3,12,49,"[6, 9, 1, 8, 4, 5, 10, 3, 11, 2, 0, 7]",4.5788167
./random_graph_db/graph_db_node_12/07_p0.55/07_graph_n12_p0.55_idx5.gpickle,12,0.55,5,3,9,30,"[4, 3, 6, 9, 5, 2, 11, 1, 8, 0, 7, 10]",4.5047708
./random_graph_db/graph_db_node_12/07_p0.55/07_graph_n12_p0.55_idx6.gpickle,12,0.55,6,4,17,64,"[10, 0, 2, 11, 1, 3, 5, 7, 4, 9, 8, 6]",4.6609919
./random_graph_db/graph_db_node_12/07_p0.55/07_graph_n12_p0.55_idx7.gpickle,12,0.55,7,4,21,68,"[9, 7, 4, 1, 5, 10, 2, 0, 3, 8, 11, 6]",4.7668223
./random_graph_db/graph_db_node_12/07_p0.55/07_graph_n12_p0.55_idx8.gpickle,12,0.55,8,4,16,56,"[7, 1, 2, 5, 11, 9, 8, 4, 10, 3, 0, 6]",4.757555
./random_graph_db/graph_db_node_12/07_p0.55/07_graph_n12_p0.55_idx9.gpickle,12,0.55,9,4,22,67,"[0, 7, 5, 10, 1, 6, 9, 2, 11, 8, 4, 3]",4.531492
./random_graph_db/graph_db_node_12/08_p0.6/08_graph_n12_p0.6_idx1.gpickle,12,0.6,1,4,16,52,"[0, 4, 2, 11, 8, 6, 10, 7, 5, 3, 1, 9]",4.5517621
./random_graph_db/graph_db_node_12/08_p0.6/08_graph_n12_p0.6_idx10.gpickle,12,0.6,10,3,14,49,"[5, 1, 4, 11, 9, 10, 8, 0, 3, 2, 6, 7]",4.4664071
./random_graph_db/graph_db_node_12/08_p0.6/08_graph_n12_p0.6_idx2.gpickle,12,0.6,2,3,13,54,"[2, 6, 9, 3, 8, 4, 1, 0, 11, 7, 5, 10]",4.5434167
./random_graph_db/graph_db_node_12/08_p0.6/08_graph_n12_p0.6_idx3.gpickle,12,0.6,3,4,15,52,"[6, 9, 8, 3, 2, 10, 0, 11, 7, 5, 1, 4]",4.5346978
./random_graph_db/graph_db_node_12/08_p0.6/08_graph_n12_p0.6_idx4.gpickle,12,0.6,4,3,13,52,"[10, 11, 2, 6, 4, 8, 3, 9, 7, 0, 5, 1]",4.4249172
./random_graph_db/graph_db_node_12/08_p0.6/08_graph_n12_p0.6_idx5.gpickle,12,0.6,5,4,20,78,"[5, 3, 1, 6, 7, 2, 0, 9, 10, 8, 4, 11]",4.550385
./random_graph_db/graph_db_node_12/08_p0.6/08_graph_n12_p0.6_idx6.gpickle,12,0.6,6,4,17,64,"[0, 5, 9, 4, 8, 11, 6, 7, 1, 10, 3, 2]",4.9061937
./random_graph_db/graph_db_node_12/08_p0.6/08_graph_n12_p0.6_idx7.gpickle,12,0.6,7,4,20,69,"[4, 7, 0, 9, 1, 8, 11, 3, 10, 6, 5, 2]",4.6339991
./random_graph_db/graph_db_node_12/08_p0.6/08_graph_n12_p0.6_idx8.gpickle,12,0.6,8,3,12,50,"[2, 0, 4, 6, 3, 7, 5, 1, 9, 10, 8, 11]",4.4944601
./random_graph_db/graph_db_node_12/08_p0.6/08_graph_n12_p0.6_idx9.gpickle,12,0.6,9,4,16,59,"[9, 0, 11, 8, 6, 4, 2, 10, 5, 7, 3, 1]",4.5838811
./random_graph_db/graph_db_node_12/09_p0.65/09_graph_n12_p0.65_idx1.gpickle,12,0.65,1,3,11,37,"[9, 10, 5, 7, 6, 2, 0, 3, 11, 1, 8, 4]",4.6402709
./random_graph_db/graph_db_node_12/09_p0.65/09_graph_n12_p0.65_idx10.gpickle,12,0.65,10,4,18,59,"[1, 0, 6, 8, 3, 11, 4, 7, 2, 10, 9, 5]",4.5491011
./random_graph_db/graph_db_node_12/09_p0.65/09_graph_n12_p0.65_idx2.gpickle,12,0.65,2,4,13,55,"[11, 7, 8, 2, 4, 1, 6, 5, 10, 3, 9, 0]",4.451772
./random_graph_db/graph_db_node_12/09_p0.65/09_graph_n12_p0.65_idx3.gpickle,12,0.65,3,3,13,54,"[0, 8, 6, 7, 3, 1, 4, 10, 9, 5, 11, 2]",4.5733421
./random_graph_db/graph_db_node_12/09_p0.65/09_graph_n12_p0.65_idx4.gpickle,12,0.65,4,4,16,50,"[0, 7, 9, 5, 11, 8, 2, 10, 4, 6, 3, 1]",4.562443
./random_graph_db/graph_db_node_12/09_p0.65/09_graph_n12_p0.65_idx5.gpickle,12,0.65,5,4,20,57,"[9, 10, 1, 6, 4, 11, 3, 2, 8, 7, 5, 0]",4.7898879
./random_graph_db/graph_db_node_12/09_p0.65/09_graph_n12_p0.65_idx6.gpickle,12,0.65,6,4,19,64,"[7, 1, 11, 5, 9, 4, 8, 3, 10, 2, 6, 0]",4.8627632
./random_graph_db/graph_db_node_12/09_p0.65/09_graph_n12_p0.65_idx7.gpickle,12,0.65,7,4,17,61,"[6, 8, 1, 5, 4, 3, 7, 2, 10, 9, 0, 11]",4.63063
./random_graph_db/graph_db_node_12/09_p0.65/09_graph_n12_p0.65_idx8.gpickle,12,0.65,8,3,15,61,"[6, 11, 2, 3, 5, 0, 7, 8, 10, 9, 4, 1]",4.64521
./random_graph_db/graph_db_node_12/09_p0.65/09_graph_n12_p0.65_idx9.gpickle,12,0.65,9,3,11,49,"[11, 1, 9, 0, 5, 8, 10, 4, 3, 7, 2, 6]",4.7173259
./random_graph_db/graph_db_node_12/10_p0.7/10_graph_n12_p0.7_idx1.gpickle,12,0.7,1,3,8,25,"[3, 5, 10, 1, 9, 2, 6, 7, 11, 8, 0, 4]",4.4589641
./random_graph_db/graph_db_node_12/10_p0.7/10_graph_n12_p0.7_idx10.gpickle,12,0.7,10,4,14,41,"[5, 10, 0, 3, 8, 7, 4, 1, 11, 9, 2, 6]",4.719059
./random_graph_db/graph_db_node_12/10_p0.7/10_graph_n12_p0.7_idx2.gpickle,12,0.7,2,3,13,51,"[6, 4, 0, 11, 8, 7, 9, 1, 3, 10, 2, 5]",4.4684451
./random_graph_db/graph_db_node_12/10_p0.7/10_graph_n12_p0.7_idx3.gpickle,12,0.7,3,3,8,35,"[8, 9, 10, 7, 11, 0, 3, 1, 6, 2, 5, 4]",4.3467681
./random_graph_db/graph_db_node_12/10_p0.7/10_graph_n12_p0.7_idx4.gpickle,12,0.7,4,3,11,49,"[2, 6, 1, 5, 9, 7, 11, 4, 10, 3, 0, 8]",4.4295118
./random_graph_db/graph_db_node_12/10_p0.7/10_graph_n12_p0.7_idx5.gpickle,12,0.7,5,3,14,46,"[3, 6, 0, 4, 2, 9, 7, 8, 1, 11, 5, 10]",4.4799261
./random_graph_db/graph_db_node_12/10_p0.7/10_graph_n12_p0.7_idx6.gpickle,12,0.7,6,3,11,43,"[2, 10, 6, 9, 5, 3, 8, 7, 4, 0, 11, 1]",4.6080194
./random_graph_db/graph_db_node_12/10_p0.7/10_graph_n12_p0.7_idx7.gpickle,12,0.7,7,4,20,81,"[9, 3, 7, 11, 6, 8, 0, 2, 4, 1, 10, 5]",4.610101
./random_graph_db/graph_db_node_12/10_p0.7/10_graph_n12_p0.7_idx8.gpickle,12,0.7,8,4,19,59,"[5, 4, 1, 6, 3, 0, 2, 9, 10, 7, 11, 8]",4.5563588
./random_graph_db/graph_db_node_12/10_p0.7/10_graph_n12_p0.7_idx9.gpickle,12,0.7,9,4,19,63,"[10, 11, 9, 4, 6, 3, 0, 2, 5, 7, 8, 1]",4.644762
./random_graph_db/graph_db_node_12/11_p0.8/11_graph_n12_p0.8_idx1.gpickle,12,0.8,1,2,8,28,"[7, 3, 1, 8, 6, 9, 10, 5, 2, 4, 11, 0]",4.5468318
./random_graph_db/graph_db_node_12/11_p0.8/11_graph_n12_p0.8_idx10.gpickle,12,0.8,10,2,8,39,"[6, 9, 7, 1, 0, 3, 8, 11, 4, 5, 10, 2]",4.2614589
./random_graph_db/graph_db_node_12/11_p0.8/11_graph_n12_p0.8_idx2.gpickle,12,0.8,2,2,6,27,"[5, 7, 1, 6, 8, 2, 0, 9, 10, 3, 4, 11]",4.489579
./random_graph_db/graph_db_node_12/11_p0.8/11_graph_n12_p0.8_idx3.gpickle,12,0.8,3,3,8,40,"[7, 1, 5, 4, 3, 10, 0, 6, 11, 9, 8, 2]",4.4945769
./random_graph_db/graph_db_node_12/11_p0.8/11_graph_n12_p0.8_idx4.gpickle,12,0.8,4,3,8,34,"[3, 2, 10, 1, 6, 8, 11, 9, 7, 0, 5, 4]",4.5031989
./random_graph_db/graph_db_node_12/11_p0.8/11_graph_n12_p0.8_idx5.gpickle,12,0.8,5,3,8,34,"[5, 2, 10, 8, 0, 9, 6, 11, 3, 1, 7, 4]",4.6937151
./random_graph_db/graph_db_node_12/11_p0.8/11_graph_n12_p0.8_idx6.gpickle,12,0.8,6,3,12,46,"[7, 11, 10, 2, 9, 5, 3, 1, 8, 6, 0, 4]",4.620214
./random_graph_db/graph_db_node_12/11_p0.8/11_graph_n12_p0.8_idx7.gpickle,12,0.8,7,3,10,43,"[0, 6, 8, 1, 3, 10, 9, 5, 7, 11, 2, 4]",4.4016418
./random_graph_db/graph_db_node_12/11_p0.8/11_graph_n12_p0.8_idx8.gpickle,12,0.8,8,3,9,30,"[4, 11, 3, 8, 10, 9, 5, 0, 6, 2, 7, 1]",4.4335842
./random_graph_db/graph_db_node_12/11_p0.8/11_graph_n12_p0.8_idx9.gpickle,12,0.8,9,3,9,31,"[7, 10, 0, 6, 8, 2, 5, 1, 4, 11, 9, 3]",4.3707759
./random_graph_db/graph_db_node_12/12_p0.9/12_graph_n12_p0.9_idx1.gpickle,12,0.9,1,2,4,22,"[11, 7, 1, 0, 3, 8, 10, 2, 5, 6, 9, 4]",4.1451869
./random_graph_db/graph_db_node_12/12_p0.9/12_graph_n12_p0.9_idx10.gpickle,12,0.9,10,2,6,33,"[11, 0, 8, 9, 6, 3, 7, 2, 1, 10, 5, 4]",4.4857683
./random_graph_db/graph_db_node_12/12_p0.9/12_graph_n12_p0.9_idx2.gpickle,12,0.9,2,2,4,22,"[3, 8, 4, 0, 6, 9, 11, 10, 5, 7, 1, 2]",4.2434418
./random_graph_db/graph_db_node_12/12_p0.9/12_graph_n12_p0.9_idx3.gpickle,12,0.9,3,3,8,32,"[11, 7, 4, 1, 6, 9, 3, 2, 10, 0, 5, 8]",4.3640499
./random_graph_db/graph_db_node_12/12_p0.9/12_graph_n12_p0.9_idx4.gpickle,12,0.9,4,2,4,25,"[6, 10, 0, 9, 1, 11, 2, 7, 3, 4, 5, 8]",4.3141692
./random_graph_db/graph_db_node_12/12_p0.9/12_graph_n12_p0.9_idx5.gpickle,12,0.9,5,2,5,29,"[7, 2, 4, 3, 6, 10, 5, 11, 1, 9, 8, 0]",4.4451649
./random_graph_db/graph_db_node_12/12_p0.9/12_graph_n12_p0.9_idx6.gpickle,12,0.9,6,2,1,17,"[4, 3, 0, 1, 9, 11, 10, 5, 6, 7, 8, 2]",4.2934909
./random_graph_db/graph_db_node_12/12_p0.9/12_graph_n12_p0.9_idx7.gpickle,12,0.9,7,2,4,26,"[0, 6, 9, 10, 8, 5, 11, 4, 1, 3, 2, 7]",4.220576
./random_graph_db/graph_db_node_12/12_p0.9/12_graph_n12_p0.9_idx8.gpickle,12,0.9,8,2,4,30,"[2, 5, 3, 6, 10, 0, 1, 7, 9, 8, 4, 11]",4.2612243
./random_graph_db/graph_db_node_12/12_p0.9/12_graph_n12_p0.9_idx9.gpickle,12,0.9,9,2,4,26,"[1, 4, 2, 8, 9, 0, 5, 3, 7, 10, 6, 11]",4.3173623
./random_graph_db/graph_db_node_13/01_p0.1/01_graph_n13_p0.1_idx1.gpickle,13,0.1,1,2,3,25,"[2, 1, 8, 9, 12, 10, 6, 5, 7, 3, 0, 4, 11]",4.575923
./random_graph_db/graph_db_node_13/01_p0.1/01_graph_n13_p0.1_idx10.gpickle,13,0.1,10,2,2,19,"[3, 7, 2, 8, 9, 6, 12, 11, 10, 1, 0, 4, 5]",4.7198279
./random_graph_db/graph_db_node_13/01_p0.1/01_graph_n13_p0.1_idx2.gpickle,13,0.1,2,2,3,20,"[2, 7, 10, 8, 12, 11, 4, 1, 5, 9, 3, 6, 0]",4.6552072
./random_graph_db/graph_db_node_13/01_p0.1/01_graph_n13_p0.1_idx3.gpickle,13,0.1,3,3,7,29,"[9, 10, 2, 5, 8, 6, 1, 0, 4, 12, 11, 3, 7]",4.7659271
./random_graph_db/graph_db_node_13/01_p0.1/01_graph_n13_p0.1_idx4.gpickle,13,0.1,4,1,0,14,"[12, 7, 2, 8, 11, 10, 0, 9, 6, 4, 3, 1, 5]",4.6008501
./random_graph_db/graph_db_node_13/01_p0.1/01_graph_n13_p0.1_idx5.gpickle,13,0.1,5,2,3,23,"[0, 9, 2, 5, 12, 8, 4, 6, 1, 11, 3, 7, 10]",4.703687
./random_graph_db/graph_db_node_13/01_p0.1/01_graph_n13_p0.1_idx6.gpickle,13,0.1,6,2,5,22,"[6, 0, 8, 9, 7, 2, 12, 4, 5, 10, 11, 1, 3]",4.9366751
./random_graph_db/graph_db_node_13/01_p0.1/01_graph_n13_p0.1_idx7.gpickle,13,0.1,7,2,3,25,"[7, 12, 2, 5, 4, 10, 0, 11, 8, 6, 1, 9, 3]",4.6028883
./random_graph_db/graph_db_node_13/01_p0.1/01_graph_n13_p0.1_idx8.gpickle,13,0.1,8,3,6,26,"[10, 0, 9, 5, 8, 2, 4, 3, 11, 6, 1, 12, 7]",4.7073259
./random_graph_db/graph_db_node_13/01_p0.1/01_graph_n13_p0.1_idx9.gpickle,13,0.1,9,2,3,20,"[5, 11, 2, 3, 12, 1, 8, 0, 7, 10, 9, 4, 6]",5.0434048
./random_graph_db/graph_db_node_13/02_p0.2/02_graph_n13_p0.2_idx1.gpickle,13,0.2,1,3,7,36,"[3, 0, 11, 10, 6, 2, 7, 9, 5, 4, 8, 12, 1]",4.7749097
./random_graph_db/graph_db_node_13/02_p0.2/02_graph_n13_p0.2_idx10.gpickle,13,0.2,10,2,3,29,"[5, 11, 1, 8, 0, 2, 7, 12, 6, 3, 9, 10, 4]",4.599334
./random_graph_db/graph_db_node_13/02_p0.2/02_graph_n13_p0.2_idx2.gpickle,13,0.2,2,3,7,27,"[11, 3, 10, 2, 7, 1, 5, 8, 0, 6, 12, 9, 4]",4.7992709
./random_graph_db/graph_db_node_13/02_p0.2/02_graph_n13_p0.2_idx3.gpickle,13,0.2,3,2,2,22,"[5, 4, 1, 6, 8, 9, 12, 2, 10, 3, 11, 0, 7]",4.618963
./random_graph_db/graph_db_node_13/02_p0.2/02_graph_n13_p0.2_idx4.gpickle,13,0.2,4,3,5,23,"[0, 10, 12, 3, 9, 4, 2, 7, 1, 11, 5, 8, 6]",5.0023019
./random_graph_db/graph_db_node_13/02_p0.2/02_graph_n13_p0.2_idx5.gpickle,13,0.2,5,2,3,20,"[12, 3, 8, 4, 5, 11, 9, 2, 10, 0, 6, 1, 7]",4.7255433
./random_graph_db/graph_db_node_13/02_p0.2/02_graph_n13_p0.2_idx6.gpickle,13,0.2,6,2,4,21,"[4, 6, 10, 5, 2, 12, 3, 11, 1, 7, 0, 8, 9]",4.6995959
./random_graph_db/graph_db_node_13/02_p0.2/02_graph_n13_p0.2_idx7.gpickle,13,0.2,7,2,2,19,"[3, 1, 12, 10, 11, 6, 5, 9, 4, 2, 0, 8, 7]",4.7387261
./random_graph_db/graph_db_node_13/02_p0.2/02_graph_n13_p0.2_idx8.gpickle,13,0.2,8,2,5,22,"[7, 4, 9, 0, 6, 10, 11, 1, 8, 2, 3, 5, 12]",4.7597871
./random_graph_db/graph_db_node_13/02_p0.2/02_graph_n13_p0.2_idx9.gpickle,13,0.2,9,4,13,42,"[2, 12, 3, 4, 0, 7, 9, 1, 5, 8, 6, 10, 11]",4.9577572
./random_graph_db/graph_db_node_13/03_p0.3/03_graph_n13_p0.3_idx1.gpickle,13,0.3,1,4,19,65,"[8, 9, 6, 11, 3, 12, 2, 1, 0, 4, 10, 7, 5]",5.1617649
./random_graph_db/graph_db_node_13/03_p0.3/03_graph_n13_p0.3_idx10.gpickle,13,0.3,10,3,11,37,"[1, 8, 7, 11, 12, 6, 4, 3, 2, 9, 0, 5, 10]",5.0965209
./random_graph_db/graph_db_node_13/03_p0.3/03_graph_n13_p0.3_idx2.gpickle,13,0.3,2,3,9,34,"[5, 10, 8, 1, 0, 12, 7, 2, 9, 4, 11, 6, 3]",5.0448618
./random_graph_db/graph_db_node_13/03_p0.3/03_graph_n13_p0.3_idx3.gpickle,13,0.3,3,3,11,42,"[11, 10, 0, 2, 12, 4, 6, 3, 1, 8, 7, 5, 9]",4.939702
./random_graph_db/graph_db_node_13/03_p0.3/03_graph_n13_p0.3_idx4.gpickle,13,0.3,4,3,11,45,"[0, 4, 1, 2, 11, 5, 8, 9, 12, 7, 6, 3, 10]",5.2793188
./random_graph_db/graph_db_node_13/03_p0.3/03_graph_n13_p0.3_idx5.gpickle,13,0.3,5,3,9,44,"[1, 0, 3, 7, 12, 9, 5, 6, 8, 2, 4, 10, 11]",4.8950429
./random_graph_db/graph_db_node_13/03_p0.3/03_graph_n13_p0.3_idx6.gpickle,13,0.3,6,2,4,22,"[0, 8, 10, 9, 2, 3, 4, 11, 12, 7, 5, 1, 6]",4.7300279
./random_graph_db/graph_db_node_13/03_p0.3/03_graph_n13_p0.3_idx7.gpickle,13,0.3,7,3,10,48,"[8, 11, 12, 1, 6, 0, 4, 9, 10, 7, 2, 3, 5]",4.849699
./random_graph_db/graph_db_node_13/03_p0.3/03_graph_n13_p0.3_idx8.gpickle,13,0.3,8,3,12,41,"[5, 3, 10, 1, 0, 9, 8, 11, 2, 4, 12, 6, 7]",4.9676371
./random_graph_db/graph_db_node_13/03_p0.3/03_graph_n13_p0.3_idx9.gpickle,13,0.3,9,3,11,33,"[0, 7, 3, 6, 4, 2, 1, 9, 12, 5, 10, 11, 8]",5.0348539
./random_graph_db/graph_db_node_13/04_p0.4/04_graph_n13_p0.4_idx1.gpickle,13,0.4,1,4,15,55,"[11, 10, 6, 8, 7, 12, 4, 3, 1, 0, 9, 5, 2]",5.1637301
./random_graph_db/graph_db_node_13/04_p0.4/04_graph_n13_p0.4_idx10.gpickle,13,0.4,10,4,18,53,"[0, 3, 9, 10, 5, 7, 12, 4, 2, 11, 8, 1, 6]",5.0844159
./random_graph_db/graph_db_node_13/04_p0.4/04_graph_n13_p0.4_idx2.gpickle,13,0.4,2,3,14,50,"[11, 1, 6, 2, 3, 4, 9, 7, 0, 12, 10, 8, 5]",5.0706632
./random_graph_db/graph_db_node_13/04_p0.4/04_graph_n13_p0.4_idx3.gpickle,13,0.4,3,4,19,62,"[2, 11, 6, 3, 9, 5, 8, 12, 10, 7, 1, 0, 4]",5.38942
./random_graph_db/graph_db_node_13/04_p0.4/04_graph_n13_p0.4_idx4.gpickle,13,0.4,4,4,22,61,"[5, 6, 2, 9, 7, 8, 11, 0, 12, 3, 10, 1, 4]",5.1559453
./random_graph_db/graph_db_node_13/04_p0.4/04_graph_n13_p0.4_idx5.gpickle,13,0.4,5,4,20,74,"[11, 7, 3, 8, 5, 1, 10, 2, 12, 0, 9, 4, 6]",5.1195431
./random_graph_db/graph_db_node_13/04_p0.4/04_graph_n13_p0.4_idx6.gpickle,13,0.4,6,4,17,57,"[5, 12, 7, 11, 2, 4, 3, 0, 6, 10, 8, 1, 9]",5.2241342
./random_graph_db/graph_db_node_13/04_p0.4/04_graph_n13_p0.4_idx7.gpickle,13,0.4,7,4,16,51,"[0, 3, 9, 5, 6, 10, 12, 7, 4, 8, 2, 1, 11]",5.177628
./random_graph_db/graph_db_node_13/04_p0.4/04_graph_n13_p0.4_idx8.gpickle,13,0.4,8,4,20,71,"[11, 5, 2, 4, 12, 1, 0, 9, 6, 7, 8, 10, 3]",5.090292
./random_graph_db/graph_db_node_13/04_p0.4/04_graph_n13_p0.4_idx9.gpickle,13,0.4,9,3,14,57,"[12, 3, 6, 9, 2, 5, 4, 1, 10, 0, 8, 7, 11]",5.019757
./random_graph_db/graph_db_node_13/05_p0.45/05_graph_n13_p0.45_idx1.gpickle,13,0.45,1,4,17,45,"[11, 2, 9, 3, 6, 12, 7, 10, 0, 8, 4, 5, 1]",5.2701199
./random_graph_db/graph_db_node_13/05_p0.45/05_graph_n13_p0.45_idx10.gpickle,13,0.45,10,4,17,63,"[10, 11, 2, 1, 4, 6, 5, 8, 3, 9, 0, 12, 7]",5.1581051
./random_graph_db/graph_db_node_13/05_p0.45/05_graph_n13_p0.45_idx2.gpickle,13,0.45,2,4,23,84,"[9, 3, 2, 4, 8, 7, 10, 0, 6, 12, 1, 5, 11]",5.3425019
./random_graph_db/graph_db_node_13/05_p0.45/05_graph_n13_p0.45_idx3.gpickle,13,0.45,3,4,14,50,"[12, 0, 8, 3, 5, 10, 9, 4, 11, 7, 6, 2, 1]",5.2763162
./random_graph_db/graph_db_node_13/05_p0.45/05_graph_n13_p0.45_idx4.gpickle,13,0.45,4,4,19,58,"[8, 12, 7, 0, 5, 1, 3, 6, 9, 10, 2, 11, 4]",5.0737758
./random_graph_db/graph_db_node_13/05_p0.45/05_graph_n13_p0.45_idx5.gpickle,13,0.45,5,4,15,55,"[8, 4, 3, 5, 6, 2, 0, 9, 11, 10, 7, 1, 12]",5.353889
./random_graph_db/graph_db_node_13/05_p0.45/05_graph_n13_p0.45_idx6.gpickle,13,0.45,6,4,17,65,"[7, 8, 11, 10, 3, 6, 0, 9, 1, 5, 12, 4, 2]",5.4886901
./random_graph_db/graph_db_node_13/05_p0.45/05_graph_n13_p0.45_idx7.gpickle,13,0.45,7,4,18,60,"[10, 3, 7, 4, 5, 6, 11, 12, 9, 1, 0, 2, 8]",5.142709
./random_graph_db/graph_db_node_13/05_p0.45/05_graph_n13_p0.45_idx8.gpickle,13,0.45,8,4,18,69,"[1, 7, 0, 12, 6, 2, 9, 10, 11, 4, 8, 3, 5]",5.283253
./random_graph_db/graph_db_node_13/05_p0.45/05_graph_n13_p0.45_idx9.gpickle,13,0.45,9,4,21,83,"[3, 6, 11, 9, 1, 4, 8, 0, 12, 7, 5, 10, 2]",5.095639
./random_graph_db/graph_db_node_13/06_p0.5/06_graph_n13_p0.5_idx1.gpickle,13,0.5,1,4,20,72,"[5, 2, 0, 9, 6, 10, 4, 11, 3, 1, 7, 8, 12]",5.1842091
./random_graph_db/graph_db_node_13/06_p0.5/06_graph_n13_p0.5_idx10.gpickle,13,0.5,10,4,16,66,"[0, 4, 12, 1, 3, 9, 10, 6, 7, 11, 8, 5, 2]",5.1065462
./random_graph_db/graph_db_node_13/06_p0.5/06_graph_n13_p0.5_idx2.gpickle,13,0.5,2,4,22,77,"[4, 3, 9, 6, 7, 2, 0, 8, 10, 1, 12, 11, 5]",5.2541943
./random_graph_db/graph_db_node_13/06_p0.5/06_graph_n13_p0.5_idx3.gpickle,13,0.5,3,4,17,69,"[6, 10, 11, 4, 7, 9, 1, 0, 3, 5, 2, 12, 8]",5.1927817
./random_graph_db/graph_db_node_13/06_p0.5/06_graph_n13_p0.5_idx4.gpickle,13,0.5,4,4,18,65,"[0, 1, 10, 9, 8, 11, 7, 2, 4, 3, 6, 5, 12]",5.0670829
./random_graph_db/graph_db_node_13/06_p0.5/06_graph_n13_p0.5_idx5.gpickle,13,0.5,5,4,21,76,"[0, 2, 12, 11, 7, 3, 6, 10, 4, 5, 1, 9, 8]",5.0946271
./random_graph_db/graph_db_node_13/06_p0.5/06_graph_n13_p0.5_idx6.gpickle,13,0.5,6,4,19,63,"[7, 10, 12, 2, 0, 3, 8, 9, 4, 1, 5, 11, 6]",5.464601
./random_graph_db/graph_db_node_13/06_p0.5/06_graph_n13_p0.5_idx7.gpickle,13,0.5,7,4,22,79,"[9, 8, 6, 0, 5, 7, 11, 3, 4, 10, 12, 1, 2]",5.2070971
./random_graph_db/graph_db_node_13/06_p0.5/06_graph_n13_p0.5_idx8.gpickle,13,0.5,8,4,21,78,"[10, 4, 7, 8, 5, 3, 6, 1, 0, 12, 11, 2, 9]",5.211149
./random_graph_db/graph_db_node_13/06_p0.5/06_graph_n13_p0.5_idx9.gpickle,13,0.5,9,4,21,70,"[4, 6, 8, 9, 3, 2, 10, 12, 5, 7, 1, 11, 0]",5.3833919
./random_graph_db/graph_db_node_13/07_p0.55/07_graph_n13_p0.55_idx1.gpickle,13,0.55,1,4,17,60,"[5, 9, 4, 0, 2, 11, 12, 6, 10, 3, 8, 7, 1]",5.3677719
./random_graph_db/graph_db_node_13/07_p0.55/07_graph_n13_p0.55_idx10.gpickle,13,0.55,10,4,22,61,"[5, 1, 2, 3, 4, 11, 6, 10, 8, 7, 12, 0, 9]",5.1235211
./random_graph_db/graph_db_node_13/07_p0.55/07_graph_n13_p0.55_idx2.gpickle,13,0.55,2,4,19,71,"[10, 8, 2, 0, 1, 6, 5, 3, 12, 4, 9, 7, 11]",5.1842179
./random_graph_db/graph_db_node_13/07_p0.55/07_graph_n13_p0.55_idx3.gpickle,13,0.55,3,4,22,81,"[12, 8, 6, 9, 1, 10, 7, 11, 5, 3, 4, 0, 2]",5.207448
./random_graph_db/graph_db_node_13/07_p0.55/07_graph_n13_p0.55_idx4.gpickle,13,0.55,4,4,26,87,"[8, 2, 5, 0, 6, 1, 4, 11, 3, 12, 9, 7, 10]",5.2918789
./random_graph_db/graph_db_node_13/07_p0.55/07_graph_n13_p0.55_idx5.gpickle,13,0.55,5,4,23,72,"[12, 5, 0, 7, 9, 6, 3, 10, 1, 2, 4, 8, 11]",5.184912
./random_graph_db/graph_db_node_13/07_p0.55/07_graph_n13_p0.55_idx6.gpickle,13,0.55,6,4,19,58,"[5, 6, 4, 2, 3, 8, 11, 0, 9, 10, 1, 12, 7]",5.089133
./random_graph_db/graph_db_node_13/07_p0.55/07_graph_n13_p0.55_idx7.gpickle,13,0.55,7,4,20,61,"[10, 4, 7, 1, 11, 2, 6, 12, 0, 3, 5, 9, 8]",5.2018521
./random_graph_db/graph_db_node_13/07_p0.55/07_graph_n13_p0.55_idx8.gpickle,13,0.55,8,4,22,79,"[0, 5, 3, 8, 2, 1, 4, 6, 10, 7, 11, 9, 12]",5.5051262
./random_graph_db/graph_db_node_13/07_p0.55/07_graph_n13_p0.55_idx9.gpickle,13,0.55,9,4,18,62,"[9, 0, 6, 11, 7, 1, 5, 12, 4, 3, 8, 2, 10]",5.1758459
./random_graph_db/graph_db_node_13/08_p0.6/08_graph_n13_p0.6_idx1.gpickle,13,0.6,1,4,16,64,"[0, 1, 2, 4, 6, 12, 11, 10, 5, 7, 9, 3, 8]",5.1278701
./random_graph_db/graph_db_node_13/08_p0.6/08_graph_n13_p0.6_idx10.gpickle,13,0.6,10,4,19,65,"[7, 2, 12, 6, 9, 4, 5, 0, 11, 3, 10, 8, 1]",5.1144819
./random_graph_db/graph_db_node_13/08_p0.6/08_graph_n13_p0.6_idx2.gpickle,13,0.6,2,3,13,51,"[2, 9, 3, 1, 8, 0, 4, 12, 5, 7, 11, 10, 6]",5.2122619
./random_graph_db/graph_db_node_13/08_p0.6/08_graph_n13_p0.6_idx3.gpickle,13,0.6,3,4,21,76,"[11, 5, 0, 2, 9, 3, 4, 8, 6, 7, 12, 1, 10]",5.1507051
./random_graph_db/graph_db_node_13/08_p0.6/08_graph_n13_p0.6_idx4.gpickle,13,0.6,4,4,18,58,"[7, 4, 3, 8, 11, 10, 6, 9, 0, 1, 12, 5, 2]",5.1725938
./random_graph_db/graph_db_node_13/08_p0.6/08_graph_n13_p0.6_idx5.gpickle,13,0.6,5,4,15,45,"[2, 11, 1, 7, 4, 5, 3, 8, 9, 10, 6, 0, 12]",5.0655742
./random_graph_db/graph_db_node_13/08_p0.6/08_graph_n13_p0.6_idx6.gpickle,13,0.6,6,4,17,52,"[7, 12, 4, 0, 3, 6, 10, 1, 8, 5, 9, 2, 11]",5.9948621
./random_graph_db/graph_db_node_13/08_p0.6/08_graph_n13_p0.6_idx7.gpickle,13,0.6,7,4,22,74,"[5, 0, 12, 8, 4, 3, 1, 7, 11, 10, 9, 2, 6]",7.6713719
./random_graph_db/graph_db_node_13/08_p0.6/08_graph_n13_p0.6_idx8.gpickle,13,0.6,8,4,21,76,"[1, 9, 12, 7, 4, 8, 0, 11, 3, 5, 10, 2, 6]",7.3093219
./random_graph_db/graph_db_node_13/08_p0.6/08_graph_n13_p0.6_idx9.gpickle,13,0.6,9,4,19,59,"[10, 3, 11, 2, 8, 0, 5, 7, 6, 1, 9, 12, 4]",5.278656
./random_graph_db/graph_db_node_13/09_p0.65/09_graph_n13_p0.65_idx1.gpickle,13,0.65,1,4,21,80,"[12, 8, 0, 2, 7, 1, 5, 11, 4, 10, 9, 6, 3]",5.423692
./random_graph_db/graph_db_node_13/09_p0.65/09_graph_n13_p0.65_idx10.gpickle,13,0.65,10,4,20,71,"[11, 2, 12, 4, 0, 5, 10, 3, 8, 9, 7, 1, 6]",5.3505709
./random_graph_db/graph_db_node_13/09_p0.65/09_graph_n13_p0.65_idx2.gpickle,13,0.65,2,4,19,66,"[1, 4, 7, 10, 6, 3, 8, 5, 12, 0, 2, 9, 11]",5.6036212
./random_graph_db/graph_db_node_13/09_p0.65/09_graph_n13_p0.65_idx3.gpickle,13,0.65,3,4,20,71,"[2, 12, 3, 1, 5, 8, 11, 9, 6, 7, 0, 4, 10]",5.2975419
./random_graph_db/graph_db_node_13/09_p0.65/09_graph_n13_p0.65_idx4.gpickle,13,0.65,4,4,20,65,"[7, 1, 2, 9, 6, 11, 0, 10, 8, 5, 12, 3, 4]",5.2631512
./random_graph_db/graph_db_node_13/09_p0.65/09_graph_n13_p0.65_idx5.gpickle,13,0.65,5,4,17,50,"[10, 8, 4, 0, 12, 3, 7, 1, 6, 5, 9, 11, 2]",5.4167111
./random_graph_db/graph_db_node_13/09_p0.65/09_graph_n13_p0.65_idx6.gpickle,13,0.65,6,4,19,67,"[5, 1, 2, 3, 8, 6, 0, 11, 12, 7, 10, 4, 9]",5.2772381
./random_graph_db/graph_db_node_13/09_p0.65/09_graph_n13_p0.65_idx7.gpickle,13,0.65,7,4,17,54,"[4, 10, 8, 1, 2, 5, 0, 12, 6, 7, 9, 3, 11]",5.200213
./random_graph_db/graph_db_node_13/09_p0.65/09_graph_n13_p0.65_idx8.gpickle,13,0.65,8,4,21,66,"[4, 1, 0, 12, 11, 3, 6, 8, 9, 7, 2, 5, 10]",5.258683
./random_graph_db/graph_db_node_13/09_p0.65/09_graph_n13_p0.65_idx9.gpickle,13,0.65,9,4,15,45,"[12, 10, 1, 6, 8, 0, 3, 4, 7, 2, 11, 5, 9]",5.4107342
./random_graph_db/graph_db_node_13/10_p0.7/10_graph_n13_p0.7_idx1.gpickle,13,0.7,1,3,15,52,"[1, 5, 0, 7, 9, 4, 12, 11, 2, 6, 8, 10, 3]",5.3891001
./random_graph_db/graph_db_node_13/10_p0.7/10_graph_n13_p0.7_idx10.gpickle,13,0.7,10,4,17,56,"[12, 8, 1, 9, 5, 6, 0, 7, 3, 10, 4, 2, 11]",5.2249572
./random_graph_db/graph_db_node_13/10_p0.7/10_graph_n13_p0.7_idx2.gpickle,13,0.7,2,4,20,64,"[0, 6, 3, 8, 7, 2, 1, 11, 10, 4, 5, 12, 9]",5.3696041
./random_graph_db/graph_db_node_13/10_p0.7/10_graph_n13_p0.7_idx3.gpickle,13,0.7,3,3,13,47,"[12, 7, 11, 5, 6, 0, 9, 2, 3, 10, 4, 1, 8]",4.9758759
./random_graph_db/graph_db_node_13/10_p0.7/10_graph_n13_p0.7_idx4.gpickle,13,0.7,4,4,19,74,"[0, 2, 3, 9, 1, 8, 12, 10, 4, 6, 11, 5, 7]",5.461597
./random_graph_db/graph_db_node_13/10_p0.7/10_graph_n13_p0.7_idx5.gpickle,13,0.7,5,4,19,67,"[11, 9, 1, 7, 0, 8, 5, 2, 12, 4, 10, 6, 3]",5.1436608
./random_graph_db/graph_db_node_13/10_p0.7/10_graph_n13_p0.7_idx6.gpickle,13,0.7,6,4,15,45,"[11, 6, 0, 7, 4, 3, 12, 5, 9, 10, 8, 1, 2]",5.1302021
./random_graph_db/graph_db_node_13/10_p0.7/10_graph_n13_p0.7_idx7.gpickle,13,0.7,7,4,17,61,"[6, 4, 2, 9, 8, 7, 11, 3, 0, 1, 10, 12, 5]",5.335357
./random_graph_db/graph_db_node_13/10_p0.7/10_graph_n13_p0.7_idx8.gpickle,13,0.7,8,4,21,75,"[12, 10, 7, 9, 3, 1, 2, 5, 4, 0, 6, 8, 11]",5.2009542
./random_graph_db/graph_db_node_13/10_p0.7/10_graph_n13_p0.7_idx9.gpickle,13,0.7,9,4,23,67,"[2, 7, 11, 6, 1, 8, 4, 12, 5, 9, 10, 0, 3]",5.1172972
./random_graph_db/graph_db_node_13/11_p0.8/11_graph_n13_p0.8_idx1.gpickle,13,0.8,1,3,6,24,"[5, 9, 3, 2, 1, 12, 10, 7, 6, 8, 4, 11, 0]",4.8556869
./random_graph_db/graph_db_node_13/11_p0.8/11_graph_n13_p0.8_idx10.gpickle,13,0.8,10,3,10,28,"[9, 0, 8, 10, 1, 11, 5, 2, 7, 12, 4, 6, 3]",5.4512961
./random_graph_db/graph_db_node_13/11_p0.8/11_graph_n13_p0.8_idx2.gpickle,13,0.8,2,3,6,25,"[1, 5, 6, 2, 0, 12, 7, 9, 10, 4, 3, 11, 8]",4.892854
./random_graph_db/graph_db_node_13/11_p0.8/11_graph_n13_p0.8_idx3.gpickle,13,0.8,3,3,9,35,"[0, 6, 11, 8, 4, 10, 12, 2, 3, 1, 9, 7, 5]",5.084209
./random_graph_db/graph_db_node_13/11_p0.8/11_graph_n13_p0.8_idx4.gpickle,13,0.8,4,3,12,45,"[8, 3, 7, 4, 6, 0, 10, 11, 1, 5, 2, 9, 12]",5.0285749
./random_graph_db/graph_db_node_13/11_p0.8/11_graph_n13_p0.8_idx5.gpickle,13,0.8,5,3,9,34,"[4, 12, 7, 5, 8, 2, 0, 1, 3, 9, 6, 11, 10]",5.1650372
./random_graph_db/graph_db_node_13/11_p0.8/11_graph_n13_p0.8_idx6.gpickle,13,0.8,6,3,9,43,"[9, 11, 2, 7, 10, 3, 6, 1, 8, 0, 12, 5, 4]",4.9617379
./random_graph_db/graph_db_node_13/11_p0.8/11_graph_n13_p0.8_idx7.gpickle,13,0.8,7,3,8,35,"[10, 11, 8, 6, 1, 0, 9, 12, 5, 4, 2, 7, 3]",4.9069881
./random_graph_db/graph_db_node_13/11_p0.8/11_graph_n13_p0.8_idx8.gpickle,13,0.8,8,3,10,32,"[8, 5, 6, 12, 3, 9, 1, 4, 0, 7, 10, 11, 2]",4.9723551
./random_graph_db/graph_db_node_13/11_p0.8/11_graph_n13_p0.8_idx9.gpickle,13,0.8,9,3,10,38,"[8, 2, 1, 11, 3, 6, 0, 4, 5, 9, 10, 7, 12]",5.1395352
./random_graph_db/graph_db_node_13/12_p0.9/12_graph_n13_p0.9_idx1.gpickle,13,0.9,1,2,5,29,"[0, 2, 7, 8, 9, 5, 11, 4, 12, 6, 1, 3, 10]",4.8253818
./random_graph_db/graph_db_node_13/12_p0.9/12_graph_n13_p0.9_idx10.gpickle,13,0.9,10,3,7,27,"[6, 1, 3, 11, 7, 10, 9, 8, 0, 4, 12, 2, 5]",4.869463
./random_graph_db/graph_db_node_13/12_p0.9/12_graph_n13_p0.9_idx2.gpickle,13,0.9,2,2,4,27,"[3, 4, 9, 1, 6, 0, 8, 11, 12, 2, 5, 7, 10]",4.6378491
./random_graph_db/graph_db_node_13/12_p0.9/12_graph_n13_p0.9_idx3.gpickle,13,0.9,3,3,10,43,"[2, 1, 6, 11, 3, 10, 8, 0, 12, 4, 9, 7, 5]",5.2021251
./random_graph_db/graph_db_node_13/12_p0.9/12_graph_n13_p0.9_idx4.gpickle,13,0.9,4,3,11,31,"[5, 2, 10, 1, 4, 6, 8, 9, 11, 3, 0, 7, 12]",5.094718
./random_graph_db/graph_db_node_13/12_p0.9/12_graph_n13_p0.9_idx5.gpickle,13,0.9,5,2,8,28,"[0, 9, 5, 2, 8, 12, 11, 3, 10, 6, 7, 4, 1]",4.7751591
./random_graph_db/graph_db_node_13/12_p0.9/12_graph_n13_p0.9_idx6.gpickle,13,0.9,6,2,4,27,"[3, 4, 0, 8, 9, 10, 11, 7, 6, 2, 1, 5, 12]",4.643955
./random_graph_db/graph_db_node_13/12_p0.9/12_graph_n13_p0.9_idx7.gpickle,13,0.9,7,2,3,25,"[11, 8, 7, 6, 9, 0, 12, 4, 2, 3, 1, 5, 10]",4.8777452
./random_graph_db/graph_db_node_13/12_p0.9/12_graph_n13_p0.9_idx8.gpickle,13,0.9,8,2,3,23,"[2, 12, 11, 3, 9, 7, 4, 10, 5, 8, 1, 0, 6]",4.669569
./random_graph_db/graph_db_node_13/12_p0.9/12_graph_n13_p0.9_idx9.gpickle,13,0.9,9,2,5,38,"[2, 0, 6, 4, 12, 11, 8, 9, 10, 5, 7, 3, 1]",4.726578
./random_graph_db/graph_db_node_14/01_p0.1/01_graph_n14_p0.1_idx1.gpickle,14,0.1,1,2,4,25,"[13, 5, 4, 9, 7, 10, 12, 3, 8, 11, 1, 2, 0, 6]",5.197453
./random_graph_db/graph_db_node_14/01_p0.1/01_graph_n14_p0.1_idx10.gpickle,14,0.1,10,2,5,21,"[11, 7, 10, 12, 9, 8, 5, 1, 3, 2, 0, 13, 4, 6]",5.3693161
./random_graph_db/graph_db_node_14/01_p0.1/01_graph_n14_p0.1_idx2.gpickle,14,0.1,2,2,3,24,"[10, 11, 6, 0, 5, 7, 9, 8, 1, 4, 12, 2, 3, 13]",5.112525
./random_graph_db/graph_db_node_14/01_p0.1/01_graph_n14_p0.1_idx3.gpickle,14,0.1,3,2,2,18,"[6, 9, 3, 4, 5, 0, 2, 10, 13, 1, 12, 8, 11, 7]",5.0669122
./random_graph_db/graph_db_node_14/01_p0.1/01_graph_n14_p0.1_idx4.gpickle,14,0.1,4,2,3,23,"[4, 6, 5, 1, 3, 13, 9, 2, 8, 7, 11, 10, 0, 12]",5.1677539
./random_graph_db/graph_db_node_14/01_p0.1/01_graph_n14_p0.1_idx5.gpickle,14,0.1,5,2,1,17,"[4, 13, 11, 0, 1, 2, 3, 8, 9, 5, 12, 6, 7, 10]",5.3409131
./random_graph_db/graph_db_node_14/01_p0.1/01_graph_n14_p0.1_idx6.gpickle,14,0.1,6,2,2,26,"[8, 5, 12, 10, 13, 7, 1, 3, 9, 0, 11, 4, 2, 6]",5.2539546
./random_graph_db/graph_db_node_14/01_p0.1/01_graph_n14_p0.1_idx7.gpickle,14,0.1,7,2,3,19,"[9, 13, 3, 1, 2, 4, 7, 11, 12, 5, 6, 8, 10, 0]",6.189836
./random_graph_db/graph_db_node_14/01_p0.1/01_graph_n14_p0.1_idx8.gpickle,14,0.1,8,3,7,33,"[11, 5, 9, 0, 3, 8, 2, 4, 6, 10, 13, 12, 1, 7]",5.708658
./random_graph_db/graph_db_node_14/01_p0.1/01_graph_n14_p0.1_idx9.gpickle,14,0.1,9,3,8,33,"[11, 5, 4, 3, 2, 0, 9, 8, 12, 10, 7, 13, 6, 1]",5.3316791
./random_graph_db/graph_db_node_14/02_p0.2/02_graph_n14_p0.2_idx1.gpickle,14,0.2,1,3,8,32,"[2, 0, 10, 3, 6, 11, 7, 8, 4, 1, 13, 9, 5, 12]",5.296052
./random_graph_db/graph_db_node_14/02_p0.2/02_graph_n14_p0.2_idx10.gpickle,14,0.2,10,3,9,38,"[4, 3, 2, 9, 7, 6, 5, 11, 12, 8, 0, 13, 1, 10]",5.395766
./random_graph_db/graph_db_node_14/02_p0.2/02_graph_n14_p0.2_idx2.gpickle,14,0.2,2,3,7,28,"[8, 2, 3, 6, 1, 7, 0, 13, 9, 12, 5, 10, 11, 4]",5.4029272
./random_graph_db/graph_db_node_14/02_p0.2/02_graph_n14_p0.2_idx3.gpickle,14,0.2,3,2,3,23,"[11, 0, 13, 7, 2, 4, 8, 3, 12, 1, 6, 10, 9, 5]",5.300966
./random_graph_db/graph_db_node_14/02_p0.2/02_graph_n14_p0.2_idx4.gpickle,14,0.2,4,3,10,47,"[10, 3, 13, 1, 0, 8, 6, 11, 2, 7, 5, 4, 9, 12]",5.4060071
./random_graph_db/graph_db_node_14/02_p0.2/02_graph_n14_p0.2_idx5.gpickle,14,0.2,5,3,12,52,"[10, 12, 3, 13, 11, 4, 8, 2, 9, 7, 1, 6, 5, 0]",5.6639991
./random_graph_db/graph_db_node_14/02_p0.2/02_graph_n14_p0.2_idx6.gpickle,14,0.2,6,3,8,27,"[9, 4, 3, 10, 8, 13, 2, 12, 5, 1, 11, 6, 0, 7]",5.6203251
./random_graph_db/graph_db_node_14/02_p0.2/02_graph_n14_p0.2_idx7.gpickle,14,0.2,7,2,3,21,"[13, 2, 10, 6, 4, 1, 0, 3, 11, 8, 5, 7, 9, 12]",5.2947233
./random_graph_db/graph_db_node_14/02_p0.2/02_graph_n14_p0.2_idx8.gpickle,14,0.2,8,3,9,37,"[2, 0, 10, 13, 3, 1, 9, 4, 12, 8, 11, 5, 6, 7]",5.4496512
./random_graph_db/graph_db_node_14/02_p0.2/02_graph_n14_p0.2_idx9.gpickle,14,0.2,9,3,12,47,"[5, 12, 11, 3, 10, 2, 6, 7, 9, 0, 13, 1, 4, 8]",5.4465139
./random_graph_db/graph_db_node_14/03_p0.3/03_graph_n14_p0.3_idx1.gpickle,14,0.3,1,4,18,54,"[9, 1, 3, 8, 6, 0, 12, 10, 2, 5, 13, 7, 4, 11]",5.7571831
./random_graph_db/graph_db_node_14/03_p0.3/03_graph_n14_p0.3_idx10.gpickle,14,0.3,10,4,21,79,"[3, 0, 6, 4, 5, 8, 10, 7, 1, 12, 2, 9, 11, 13]",5.5642812
./random_graph_db/graph_db_node_14/03_p0.3/03_graph_n14_p0.3_idx2.gpickle,14,0.3,2,3,10,42,"[3, 2, 12, 5, 1, 9, 13, 11, 10, 4, 7, 6, 0, 8]",5.588479
./random_graph_db/graph_db_node_14/03_p0.3/03_graph_n14_p0.3_idx3.gpickle,14,0.3,3,3,9,48,"[10, 3, 8, 5, 9, 1, 11, 4, 0, 6, 7, 2, 12, 13]",5.6961999
./random_graph_db/graph_db_node_14/03_p0.3/03_graph_n14_p0.3_idx4.gpickle,14,0.3,4,4,18,58,"[5, 13, 8, 10, 12, 3, 1, 0, 2, 4, 6, 7, 11, 9]",5.6548452
./random_graph_db/graph_db_node_14/03_p0.3/03_graph_n14_p0.3_idx5.gpickle,14,0.3,5,4,23,76,"[13, 11, 2, 4, 1, 0, 12, 5, 9, 10, 6, 8, 3, 7]",5.723459
./random_graph_db/graph_db_node_14/03_p0.3/03_graph_n14_p0.3_idx6.gpickle,14,0.3,6,3,10,39,"[3, 0, 9, 12, 13, 8, 5, 4, 1, 10, 2, 6, 11, 7]",5.5719349
./random_graph_db/graph_db_node_14/03_p0.3/03_graph_n14_p0.3_idx7.gpickle,14,0.3,7,3,10,41,"[0, 13, 12, 2, 6, 10, 11, 1, 7, 9, 3, 8, 4, 5]",5.9997709
./random_graph_db/graph_db_node_14/03_p0.3/03_graph_n14_p0.3_idx8.gpickle,14,0.3,8,3,18,60,"[7, 13, 6, 8, 4, 2, 1, 11, 10, 0, 12, 5, 9, 3]",5.632673
./random_graph_db/graph_db_node_14/03_p0.3/03_graph_n14_p0.3_idx9.gpickle,14,0.3,9,5,25,66,"[5, 6, 4, 9, 1, 8, 12, 3, 2, 10, 11, 7, 0, 13]",5.7201509
./random_graph_db/graph_db_node_14/04_p0.4/04_graph_n14_p0.4_idx1.gpickle,14,0.4,1,4,24,82,"[13, 12, 5, 9, 4, 10, 1, 2, 3, 11, 7, 8, 6, 0]",5.9074171
./random_graph_db/graph_db_node_14/04_p0.4/04_graph_n14_p0.4_idx10.gpickle,14,0.4,10,4,21,71,"[7, 8, 13, 1, 11, 10, 12, 0, 6, 4, 2, 3, 9, 5]",5.7481732
./random_graph_db/graph_db_node_14/04_p0.4/04_graph_n14_p0.4_idx2.gpickle,14,0.4,2,4,20,62,"[8, 11, 13, 0, 1, 9, 6, 3, 5, 4, 10, 12, 7, 2]",5.6688919
./random_graph_db/graph_db_node_14/04_p0.4/04_graph_n14_p0.4_idx3.gpickle,14,0.4,3,4,19,75,"[2, 5, 7, 1, 12, 13, 9, 10, 8, 3, 6, 0, 11, 4]",5.6020591
./random_graph_db/graph_db_node_14/04_p0.4/04_graph_n14_p0.4_idx4.gpickle,14,0.4,4,4,18,70,"[8, 10, 12, 9, 3, 0, 11, 13, 4, 7, 6, 5, 1, 2]",5.815618
./random_graph_db/graph_db_node_14/04_p0.4/04_graph_n14_p0.4_idx5.gpickle,14,0.4,5,4,18,59,"[10, 0, 9, 4, 5, 11, 3, 13, 7, 12, 8, 1, 6, 2]",5.5954242
./random_graph_db/graph_db_node_14/04_p0.4/04_graph_n14_p0.4_idx6.gpickle,14,0.4,6,4,15,52,"[7, 12, 10, 13, 1, 11, 8, 5, 6, 4, 3, 0, 2, 9]",5.5851898
./random_graph_db/graph_db_node_14/04_p0.4/04_graph_n14_p0.4_idx7.gpickle,14,0.4,7,4,19,66,"[9, 3, 1, 0, 8, 13, 6, 5, 12, 2, 10, 7, 11, 4]",6.0043368
./random_graph_db/graph_db_node_14/04_p0.4/04_graph_n14_p0.4_idx8.gpickle,14,0.4,8,4,20,71,"[2, 1, 4, 0, 8, 11, 3, 6, 5, 10, 9, 13, 7, 12]",5.8872898
./random_graph_db/graph_db_node_14/04_p0.4/04_graph_n14_p0.4_idx9.gpickle,14,0.4,9,4,20,65,"[1, 3, 2, 0, 7, 12, 6, 8, 4, 13, 11, 10, 5, 9]",5.670697
./random_graph_db/graph_db_node_14/05_p0.45/05_graph_n14_p0.45_idx1.gpickle,14,0.45,1,4,23,84,"[8, 9, 1, 2, 7, 13, 11, 3, 6, 4, 12, 0, 10, 5]",5.644649
./random_graph_db/graph_db_node_14/05_p0.45/05_graph_n14_p0.45_idx10.gpickle,14,0.45,10,4,22,81,"[1, 9, 12, 8, 6, 5, 0, 13, 3, 10, 7, 4, 2, 11]",5.7987192
./random_graph_db/graph_db_node_14/05_p0.45/05_graph_n14_p0.45_idx2.gpickle,14,0.45,2,5,30,93,"[13, 7, 4, 9, 0, 12, 8, 6, 11, 3, 5, 2, 1, 10]",5.819977
./random_graph_db/graph_db_node_14/05_p0.45/05_graph_n14_p0.45_idx3.gpickle,14,0.45,3,4,25,78,"[4, 13, 9, 12, 11, 3, 8, 1, 7, 0, 6, 5, 10, 2]",5.642411
./random_graph_db/graph_db_node_14/05_p0.45/05_graph_n14_p0.45_idx4.gpickle,14,0.45,4,4,21,72,"[13, 9, 3, 6, 4, 5, 1, 0, 11, 10, 12, 8, 2, 7]",5.7507398
./random_graph_db/graph_db_node_14/05_p0.45/05_graph_n14_p0.45_idx5.gpickle,14,0.45,5,5,28,78,"[1, 7, 3, 9, 8, 6, 11, 0, 5, 10, 13, 2, 4, 12]",5.8075702
./random_graph_db/graph_db_node_14/05_p0.45/05_graph_n14_p0.45_idx6.gpickle,14,0.45,6,5,29,80,"[10, 8, 3, 7, 9, 4, 0, 1, 12, 13, 5, 11, 6, 2]",5.774354
./random_graph_db/graph_db_node_14/05_p0.45/05_graph_n14_p0.45_idx7.gpickle,14,0.45,7,3,8,51,"[7, 12, 2, 9, 5, 13, 1, 4, 3, 0, 8, 11, 6, 10]",5.4505401
./random_graph_db/graph_db_node_14/05_p0.45/05_graph_n14_p0.45_idx8.gpickle,14,0.45,8,4,21,81,"[11, 12, 4, 6, 0, 7, 10, 8, 9, 5, 1, 2, 3, 13]",6.1629992
./random_graph_db/graph_db_node_14/05_p0.45/05_graph_n14_p0.45_idx9.gpickle,14,0.45,9,4,21,68,"[12, 7, 6, 9, 11, 0, 8, 5, 3, 1, 4, 10, 2, 13]",5.7942951
./random_graph_db/graph_db_node_14/06_p0.5/06_graph_n14_p0.5_idx1.gpickle,14,0.5,1,4,20,74,"[8, 9, 11, 2, 6, 1, 0, 5, 3, 12, 13, 10, 4, 7]",5.936619
./random_graph_db/graph_db_node_14/06_p0.5/06_graph_n14_p0.5_idx10.gpickle,14,0.5,10,5,29,86,"[4, 11, 2, 0, 8, 13, 10, 7, 3, 9, 12, 5, 1, 6]",6.1833928
./random_graph_db/graph_db_node_14/06_p0.5/06_graph_n14_p0.5_idx2.gpickle,14,0.5,2,4,22,71,"[3, 13, 1, 7, 12, 9, 8, 10, 6, 0, 4, 2, 5, 11]",5.6475091
./random_graph_db/graph_db_node_14/06_p0.5/06_graph_n14_p0.5_idx3.gpickle,14,0.5,3,4,22,85,"[1, 6, 3, 11, 13, 12, 4, 2, 9, 5, 0, 7, 8, 10]",5.7606828
./random_graph_db/graph_db_node_14/06_p0.5/06_graph_n14_p0.5_idx4.gpickle,14,0.5,4,4,25,75,"[12, 11, 5, 6, 10, 8, 3, 0, 9, 13, 4, 1, 7, 2]",6.1153169
./random_graph_db/graph_db_node_14/06_p0.5/06_graph_n14_p0.5_idx5.gpickle,14,0.5,5,5,23,73,"[13, 10, 5, 0, 7, 9, 11, 1, 8, 6, 4, 12, 3, 2]",5.810102
./random_graph_db/graph_db_node_14/06_p0.5/06_graph_n14_p0.5_idx6.gpickle,14,0.5,6,4,21,79,"[7, 8, 12, 3, 13, 6, 1, 5, 10, 2, 11, 0, 9, 4]",5.7364161
./random_graph_db/graph_db_node_14/06_p0.5/06_graph_n14_p0.5_idx7.gpickle,14,0.5,7,5,28,71,"[4, 3, 6, 5, 1, 13, 12, 0, 10, 9, 2, 7, 8, 11]",6.0714509
./random_graph_db/graph_db_node_14/06_p0.5/06_graph_n14_p0.5_idx8.gpickle,14,0.5,8,4,23,83,"[9, 13, 11, 8, 10, 4, 3, 7, 12, 1, 5, 2, 0, 6]",6.1286123
./random_graph_db/graph_db_node_14/06_p0.5/06_graph_n14_p0.5_idx9.gpickle,14,0.5,9,4,15,55,"[4, 12, 8, 7, 3, 10, 5, 11, 0, 13, 1, 2, 6, 9]",5.6338623
./random_graph_db/graph_db_node_14/07_p0.55/07_graph_n14_p0.55_idx1.gpickle,14,0.55,1,4,19,68,"[4, 6, 0, 10, 8, 3, 2, 1, 7, 13, 9, 5, 11, 12]",5.806304
./random_graph_db/graph_db_node_14/07_p0.55/07_graph_n14_p0.55_idx10.gpickle,14,0.55,10,4,19,66,"[7, 0, 12, 11, 2, 3, 4, 9, 10, 1, 5, 8, 6, 13]",6.0036371
./random_graph_db/graph_db_node_14/07_p0.55/07_graph_n14_p0.55_idx2.gpickle,14,0.55,2,4,22,66,"[11, 12, 5, 3, 2, 8, 9, 10, 7, 4, 6, 13, 1, 0]",5.8488157
./random_graph_db/graph_db_node_14/07_p0.55/07_graph_n14_p0.55_idx3.gpickle,14,0.55,3,4,20,69,"[13, 9, 8, 6, 11, 12, 10, 0, 5, 4, 3, 7, 1, 2]",5.766515
./random_graph_db/graph_db_node_14/07_p0.55/07_graph_n14_p0.55_idx4.gpickle,14,0.55,4,4,19,63,"[11, 9, 6, 12, 0, 3, 7, 10, 1, 5, 13, 8, 4, 2]",5.747632
./random_graph_db/graph_db_node_14/07_p0.55/07_graph_n14_p0.55_idx5.gpickle,14,0.55,5,4,21,73,"[0, 8, 4, 5, 9, 2, 10, 6, 13, 11, 1, 7, 3, 12]",5.717412
./random_graph_db/graph_db_node_14/07_p0.55/07_graph_n14_p0.55_idx6.gpickle,14,0.55,6,4,25,78,"[12, 10, 1, 4, 3, 9, 8, 6, 0, 5, 7, 13, 11, 2]",5.797745
./random_graph_db/graph_db_node_14/07_p0.55/07_graph_n14_p0.55_idx7.gpickle,14,0.55,7,4,22,76,"[8, 5, 0, 1, 7, 10, 4, 11, 13, 12, 2, 6, 9, 3]",5.7396412
./random_graph_db/graph_db_node_14/07_p0.55/07_graph_n14_p0.55_idx8.gpickle,14,0.55,8,5,29,81,"[0, 2, 6, 12, 9, 3, 13, 5, 11, 10, 8, 7, 1, 4]",6.2250631
./random_graph_db/graph_db_node_14/07_p0.55/07_graph_n14_p0.55_idx9.gpickle,14,0.55,9,4,17,63,"[13, 12, 8, 2, 6, 4, 5, 7, 9, 0, 3, 10, 1, 11]",5.8522029
./random_graph_db/graph_db_node_14/08_p0.6/08_graph_n14_p0.6_idx1.gpickle,14,0.6,1,4,21,70,"[12, 13, 7, 2, 4, 1, 3, 0, 6, 5, 10, 8, 11, 9]",5.7373199
./random_graph_db/graph_db_node_14/08_p0.6/08_graph_n14_p0.6_idx10.gpickle,14,0.6,10,5,25,85,"[10, 4, 12, 0, 6, 13, 3, 7, 8, 5, 9, 1, 11, 2]",5.9151292
./random_graph_db/graph_db_node_14/08_p0.6/08_graph_n14_p0.6_idx2.gpickle,14,0.6,2,4,19,64,"[1, 2, 13, 8, 7, 0, 9, 4, 6, 5, 3, 11, 12, 10]",5.6820917
./random_graph_db/graph_db_node_14/08_p0.6/08_graph_n14_p0.6_idx3.gpickle,14,0.6,3,4,20,79,"[12, 8, 2, 5, 7, 4, 9, 10, 3, 13, 11, 0, 1, 6]",5.714519
./random_graph_db/graph_db_node_14/08_p0.6/08_graph_n14_p0.6_idx4.gpickle,14,0.6,4,4,20,58,"[8, 0, 2, 10, 11, 6, 9, 3, 1, 5, 4, 13, 12, 7]",5.6567993
./random_graph_db/graph_db_node_14/08_p0.6/08_graph_n14_p0.6_idx5.gpickle,14,0.6,5,4,15,65,"[0, 12, 6, 8, 10, 4, 7, 5, 1, 2, 3, 11, 9, 13]",5.8434792
./random_graph_db/graph_db_node_14/08_p0.6/08_graph_n14_p0.6_idx6.gpickle,14,0.6,6,4,22,71,"[2, 6, 11, 10, 12, 8, 3, 9, 1, 7, 5, 4, 0, 13]",5.7404878
./random_graph_db/graph_db_node_14/08_p0.6/08_graph_n14_p0.6_idx7.gpickle,14,0.6,7,4,19,74,"[1, 5, 3, 11, 8, 0, 6, 7, 10, 9, 12, 4, 2, 13]",5.6536012
./random_graph_db/graph_db_node_14/08_p0.6/08_graph_n14_p0.6_idx8.gpickle,14,0.6,8,4,27,79,"[10, 13, 6, 5, 8, 7, 0, 12, 11, 9, 1, 2, 4, 3]",6.071274
./random_graph_db/graph_db_node_14/08_p0.6/08_graph_n14_p0.6_idx9.gpickle,14,0.6,9,4,17,58,"[10, 6, 1, 12, 2, 5, 0, 3, 7, 4, 9, 8, 13, 11]",5.9785752
./random_graph_db/graph_db_node_14/09_p0.65/09_graph_n14_p0.65_idx1.gpickle,14,0.65,1,4,21,69,"[1, 12, 0, 13, 11, 7, 8, 9, 2, 5, 3, 10, 4, 6]",5.7519052
./random_graph_db/graph_db_node_14/09_p0.65/09_graph_n14_p0.65_idx10.gpickle,14,0.65,10,4,27,84,"[7, 13, 11, 1, 10, 4, 5, 0, 6, 2, 8, 3, 9, 12]",5.8327622
./random_graph_db/graph_db_node_14/09_p0.65/09_graph_n14_p0.65_idx2.gpickle,14,0.65,2,4,19,72,"[4, 9, 6, 5, 10, 11, 1, 3, 7, 0, 8, 12, 2, 13]",5.691674
./random_graph_db/graph_db_node_14/09_p0.65/09_graph_n14_p0.65_idx3.gpickle,14,0.65,3,4,24,95,"[1, 9, 5, 4, 8, 12, 6, 2, 3, 7, 13, 11, 10, 0]",5.6742589
./random_graph_db/graph_db_node_14/09_p0.65/09_graph_n14_p0.65_idx4.gpickle,14,0.65,4,4,21,62,"[11, 1, 7, 5, 2, 8, 6, 0, 13, 4, 12, 9, 3, 10]",5.7942832
./random_graph_db/graph_db_node_14/09_p0.65/09_graph_n14_p0.65_idx5.gpickle,14,0.65,5,4,19,67,"[4, 3, 5, 0, 12, 8, 6, 11, 7, 10, 9, 2, 1, 13]",5.8185709
./random_graph_db/graph_db_node_14/09_p0.65/09_graph_n14_p0.65_idx6.gpickle,14,0.65,6,4,21,67,"[9, 0, 2, 6, 3, 12, 5, 4, 11, 13, 1, 8, 10, 7]",5.786119
./random_graph_db/graph_db_node_14/09_p0.65/09_graph_n14_p0.65_idx7.gpickle,14,0.65,7,5,27,83,"[13, 5, 8, 6, 10, 7, 2, 12, 9, 0, 4, 11, 3, 1]",5.6735663
./random_graph_db/graph_db_node_14/09_p0.65/09_graph_n14_p0.65_idx8.gpickle,14,0.65,8,4,21,65,"[10, 5, 2, 7, 13, 1, 11, 12, 4, 8, 0, 9, 6, 3]",5.846436
./random_graph_db/graph_db_node_14/09_p0.65/09_graph_n14_p0.65_idx9.gpickle,14,0.65,9,4,21,69,"[2, 0, 3, 5, 11, 10, 8, 13, 12, 9, 4, 6, 7, 1]",6.0010922
./random_graph_db/graph_db_node_14/10_p0.7/10_graph_n14_p0.7_idx1.gpickle,14,0.7,1,3,12,56,"[8, 7, 13, 1, 11, 5, 4, 6, 2, 9, 0, 10, 3, 12]",5.5885623
./random_graph_db/graph_db_node_14/10_p0.7/10_graph_n14_p0.7_idx10.gpickle,14,0.7,10,5,27,77,"[13, 2, 9, 6, 4, 8, 3, 7, 11, 10, 1, 0, 5, 12]",5.7491798
./random_graph_db/graph_db_node_14/10_p0.7/10_graph_n14_p0.7_idx2.gpickle,14,0.7,2,5,26,74,"[1, 3, 2, 9, 12, 0, 11, 5, 8, 10, 7, 13, 6, 4]",5.9274662
./random_graph_db/graph_db_node_14/10_p0.7/10_graph_n14_p0.7_idx3.gpickle,14,0.7,3,4,18,53,"[2, 1, 6, 13, 0, 9, 8, 3, 7, 5, 12, 4, 11, 10]",5.603091
./random_graph_db/graph_db_node_14/10_p0.7/10_graph_n14_p0.7_idx4.gpickle,14,0.7,4,4,20,76,"[0, 13, 2, 6, 12, 11, 3, 10, 7, 8, 5, 9, 4, 1]",5.6787641
./random_graph_db/graph_db_node_14/10_p0.7/10_graph_n14_p0.7_idx5.gpickle,14,0.7,5,4,21,79,"[1, 4, 6, 12, 3, 8, 0, 10, 5, 13, 9, 11, 7, 2]",5.767041
./random_graph_db/graph_db_node_14/10_p0.7/10_graph_n14_p0.7_idx6.gpickle,14,0.7,6,4,18,62,"[11, 7, 6, 12, 1, 2, 5, 0, 4, 8, 13, 3, 10, 9]",5.6071899
./random_graph_db/graph_db_node_14/10_p0.7/10_graph_n14_p0.7_idx7.gpickle,14,0.7,7,4,23,75,"[12, 0, 1, 8, 7, 3, 10, 9, 6, 5, 2, 13, 4, 11]",5.808557
./random_graph_db/graph_db_node_14/10_p0.7/10_graph_n14_p0.7_idx8.gpickle,14,0.7,8,4,23,83,"[8, 3, 9, 10, 12, 7, 5, 4, 6, 0, 2, 11, 13, 1]",5.7703259
./random_graph_db/graph_db_node_14/10_p0.7/10_graph_n14_p0.7_idx9.gpickle,14,0.7,9,4,18,62,"[9, 4, 6, 3, 2, 11, 0, 12, 5, 7, 8, 10, 1, 13]",6.159915
./random_graph_db/graph_db_node_14/11_p0.8/11_graph_n14_p0.8_idx1.gpickle,14,0.8,1,3,13,49,"[8, 12, 9, 1, 4, 7, 11, 5, 0, 2, 10, 13, 6, 3]",5.7798672
./random_graph_db/graph_db_node_14/11_p0.8/11_graph_n14_p0.8_idx10.gpickle,14,0.8,10,3,10,36,"[5, 11, 2, 13, 6, 10, 8, 1, 4, 3, 9, 7, 12, 0]",5.5074661
./random_graph_db/graph_db_node_14/11_p0.8/11_graph_n14_p0.8_idx2.gpickle,14,0.8,2,3,7,33,"[2, 9, 10, 0, 5, 6, 7, 1, 4, 3, 13, 12, 8, 11]",5.5881279
./random_graph_db/graph_db_node_14/11_p0.8/11_graph_n14_p0.8_idx3.gpickle,14,0.8,3,3,13,57,"[12, 9, 1, 0, 2, 3, 11, 10, 7, 8, 6, 13, 5, 4]",5.499299
./random_graph_db/graph_db_node_14/11_p0.8/11_graph_n14_p0.8_idx4.gpickle,14,0.8,4,4,17,61,"[13, 4, 6, 1, 12, 2, 9, 3, 0, 10, 11, 5, 7, 8]",5.5367448
./random_graph_db/graph_db_node_14/11_p0.8/11_graph_n14_p0.8_idx5.gpickle,14,0.8,5,4,20,50,"[6, 7, 2, 9, 10, 1, 11, 4, 0, 3, 5, 8, 13, 12]",5.6359942
./random_graph_db/graph_db_node_14/11_p0.8/11_graph_n14_p0.8_idx6.gpickle,14,0.8,6,3,15,55,"[9, 6, 10, 11, 4, 12, 3, 5, 7, 2, 1, 0, 13, 8]",5.651444
./random_graph_db/graph_db_node_14/11_p0.8/11_graph_n14_p0.8_idx7.gpickle,14,0.8,7,3,9,42,"[5, 9, 10, 2, 8, 0, 7, 11, 3, 4, 1, 12, 6, 13]",5.431736
./random_graph_db/graph_db_node_14/11_p0.8/11_graph_n14_p0.8_idx8.gpickle,14,0.8,8,4,14,45,"[12, 3, 2, 0, 9, 5, 6, 13, 11, 10, 7, 4, 1, 8]",5.5357821
./random_graph_db/graph_db_node_14/11_p0.8/11_graph_n14_p0.8_idx9.gpickle,14,0.8,9,3,12,53,"[1, 4, 11, 7, 3, 13, 10, 0, 9, 2, 12, 6, 5, 8]",5.4854519
./random_graph_db/graph_db_node_14/12_p0.9/12_graph_n14_p0.9_idx1.gpickle,14,0.9,1,2,4,27,"[12, 7, 4, 3, 10, 13, 8, 0, 6, 5, 11, 2, 9, 1]",5.5760598
./random_graph_db/graph_db_node_14/12_p0.9/12_graph_n14_p0.9_idx10.gpickle,14,0.9,10,3,6,27,"[1, 6, 4, 8, 10, 2, 3, 13, 7, 5, 0, 9, 11, 12]",5.3079228
./random_graph_db/graph_db_node_14/12_p0.9/12_graph_n14_p0.9_idx2.gpickle,14,0.9,2,2,2,20,"[1, 8, 2, 4, 3, 13, 12, 7, 5, 10, 11, 6, 9, 0]",5.1119139
./random_graph_db/graph_db_node_14/12_p0.9/12_graph_n14_p0.9_idx3.gpickle,14,0.9,3,3,12,50,"[9, 13, 1, 2, 0, 8, 10, 5, 6, 12, 7, 4, 11, 3]",5.5732658
./random_graph_db/graph_db_node_14/12_p0.9/12_graph_n14_p0.9_idx4.gpickle,14,0.9,4,3,11,36,"[12, 0, 13, 10, 1, 7, 9, 5, 4, 6, 2, 3, 8, 11]",5.412133
./random_graph_db/graph_db_node_14/12_p0.9/12_graph_n14_p0.9_idx5.gpickle,14,0.9,5,2,5,28,"[6, 1, 7, 10, 12, 13, 2, 0, 9, 4, 8, 3, 5, 11]",5.2723591
./random_graph_db/graph_db_node_14/12_p0.9/12_graph_n14_p0.9_idx6.gpickle,14,0.9,6,2,2,21,"[12, 6, 10, 2, 3, 7, 11, 9, 5, 8, 1, 0, 4, 13]",5.2741051
./random_graph_db/graph_db_node_14/12_p0.9/12_graph_n14_p0.9_idx7.gpickle,14,0.9,7,2,7,30,"[7, 12, 10, 6, 4, 13, 8, 0, 3, 5, 1, 2, 11, 9]",5.2666149
./random_graph_db/graph_db_node_14/12_p0.9/12_graph_n14_p0.9_idx8.gpickle,14,0.9,8,3,9,40,"[2, 1, 4, 5, 0, 12, 9, 10, 6, 13, 11, 3, 7, 8]",5.4441919
./random_graph_db/graph_db_node_14/12_p0.9/12_graph_n14_p0.9_idx9.gpickle,14,0.9,9,3,10,36,"[6, 12, 1, 10, 2, 5, 3, 7, 4, 11, 9, 13, 8, 0]",5.5555341
./random_graph_db/graph_db_node_15/01_p0.1/01_graph_n15_p0.1_idx1.gpickle,15,0.1,1,2,2,21,"[6, 14, 13, 1, 7, 11, 10, 9, 2, 12, 8, 3, 5, 4, 0]",5.6870511
./random_graph_db/graph_db_node_15/01_p0.1/01_graph_n15_p0.1_idx10.gpickle,15,0.1,10,3,8,38,"[10, 8, 1, 7, 0, 13, 6, 4, 11, 2, 5, 12, 9, 3, 14]",6.1267788
./random_graph_db/graph_db_node_15/01_p0.1/01_graph_n15_p0.1_idx2.gpickle,15,0.1,2,2,3,22,"[13, 2, 11, 8, 12, 3, 0, 10, 6, 7, 1, 5, 9, 4, 14]",5.7326472
./random_graph_db/graph_db_node_15/01_p0.1/01_graph_n15_p0.1_idx3.gpickle,15,0.1,3,2,4,23,"[5, 1, 0, 8, 14, 10, 9, 4, 13, 12, 3, 7, 11, 6, 2]",5.6389439
./random_graph_db/graph_db_node_15/01_p0.1/01_graph_n15_p0.1_idx4.gpickle,15,0.1,4,1,0,16,"[7, 8, 9, 11, 3, 2, 0, 1, 10, 6, 14, 4, 13, 5, 12]",5.8120871
./random_graph_db/graph_db_node_15/01_p0.1/01_graph_n15_p0.1_idx5.gpickle,15,0.1,5,2,4,32,"[6, 9, 1, 0, 10, 14, 3, 8, 4, 2, 7, 13, 12, 5, 11]",5.722213
./random_graph_db/graph_db_node_15/01_p0.1/01_graph_n15_p0.1_idx6.gpickle,15,0.1,6,2,3,22,"[14, 13, 5, 7, 4, 12, 2, 8, 9, 1, 11, 0, 10, 6, 3]",5.964489
./random_graph_db/graph_db_node_15/01_p0.1/01_graph_n15_p0.1_idx7.gpickle,15,0.1,7,3,6,30,"[14, 13, 1, 3, 6, 12, 2, 11, 10, 0, 5, 4, 7, 8, 9]",5.9296038
./random_graph_db/graph_db_node_15/01_p0.1/01_graph_n15_p0.1_idx8.gpickle,15,0.1,8,2,2,24,"[4, 5, 11, 2, 10, 13, 1, 6, 8, 7, 3, 0, 9, 12, 14]",5.589716
./random_graph_db/graph_db_node_15/01_p0.1/01_graph_n15_p0.1_idx9.gpickle,15,0.1,9,2,3,22,"[12, 7, 1, 8, 3, 6, 10, 5, 4, 9, 2, 13, 11, 14, 0]",5.6990619
./random_graph_db/graph_db_node_15/02_p0.2/02_graph_n15_p0.2_idx1.gpickle,15,0.2,1,3,13,57,"[14, 12, 7, 9, 13, 4, 5, 6, 0, 10, 3, 8, 2, 1, 11]",5.9687629
./random_graph_db/graph_db_node_15/02_p0.2/02_graph_n15_p0.2_idx10.gpickle,15,0.2,10,3,9,32,"[5, 8, 11, 3, 13, 14, 12, 4, 9, 0, 1, 6, 10, 7, 2]",6.7375369
./random_graph_db/graph_db_node_15/02_p0.2/02_graph_n15_p0.2_idx2.gpickle,15,0.2,2,3,10,30,"[12, 14, 0, 7, 6, 13, 2, 9, 1, 4, 5, 3, 8, 11, 10]",6.0539632
./random_graph_db/graph_db_node_15/02_p0.2/02_graph_n15_p0.2_idx3.gpickle,15,0.2,3,3,16,69,"[14, 11, 5, 10, 9, 4, 2, 3, 0, 7, 8, 12, 13, 1, 6]",6.084403
./random_graph_db/graph_db_node_15/02_p0.2/02_graph_n15_p0.2_idx4.gpickle,15,0.2,4,3,10,39,"[13, 12, 10, 0, 7, 5, 14, 1, 9, 3, 4, 2, 11, 8, 6]",5.8312612
./random_graph_db/graph_db_node_15/02_p0.2/02_graph_n15_p0.2_idx5.gpickle,15,0.2,5,3,10,51,"[7, 3, 10, 8, 12, 4, 9, 6, 0, 13, 2, 1, 5, 14, 11]",6.2560389
./random_graph_db/graph_db_node_15/02_p0.2/02_graph_n15_p0.2_idx6.gpickle,15,0.2,6,3,12,53,"[0, 5, 1, 7, 4, 3, 11, 14, 9, 6, 8, 10, 13, 12, 2]",5.9874918
./random_graph_db/graph_db_node_15/02_p0.2/02_graph_n15_p0.2_idx7.gpickle,15,0.2,7,3,7,33,"[11, 12, 6, 2, 0, 13, 5, 8, 9, 3, 4, 10, 14, 1, 7]",5.7660007
./random_graph_db/graph_db_node_15/02_p0.2/02_graph_n15_p0.2_idx8.gpickle,15,0.2,8,3,6,30,"[7, 3, 8, 6, 4, 12, 5, 11, 1, 10, 2, 0, 14, 13, 9]",5.9715531
./random_graph_db/graph_db_node_15/02_p0.2/02_graph_n15_p0.2_idx9.gpickle,15,0.2,9,3,17,61,"[13, 0, 9, 14, 11, 7, 1, 10, 4, 12, 8, 2, 3, 5, 6]",5.9219661
./random_graph_db/graph_db_node_15/03_p0.3/03_graph_n15_p0.3_idx1.gpickle,15,0.3,1,3,11,43,"[4, 6, 2, 9, 12, 8, 11, 1, 14, 7, 5, 0, 3, 13, 10]",5.9328742
./random_graph_db/graph_db_node_15/03_p0.3/03_graph_n15_p0.3_idx10.gpickle,15,0.3,10,4,20,63,"[5, 3, 7, 12, 13, 9, 14, 11, 10, 6, 0, 1, 2, 4, 8]",6.3256741
./random_graph_db/graph_db_node_15/03_p0.3/03_graph_n15_p0.3_idx2.gpickle,15,0.3,2,4,18,62,"[5, 2, 4, 14, 0, 1, 6, 9, 10, 13, 3, 7, 12, 8, 11]",6.158097
./random_graph_db/graph_db_node_15/03_p0.3/03_graph_n15_p0.3_idx3.gpickle,15,0.3,3,4,16,51,"[6, 2, 5, 1, 3, 10, 9, 8, 12, 0, 7, 4, 14, 13, 11]",6.0831378
./random_graph_db/graph_db_node_15/03_p0.3/03_graph_n15_p0.3_idx4.gpickle,15,0.3,4,4,21,68,"[10, 7, 12, 3, 6, 8, 2, 11, 4, 14, 0, 9, 1, 13, 5]",6.3437641
./random_graph_db/graph_db_node_15/03_p0.3/03_graph_n15_p0.3_idx5.gpickle,15,0.3,5,4,16,54,"[0, 3, 11, 7, 2, 1, 6, 12, 14, 9, 8, 13, 5, 10, 4]",6.2808151
./random_graph_db/graph_db_node_15/03_p0.3/03_graph_n15_p0.3_idx6.gpickle,15,0.3,6,3,11,57,"[6, 11, 2, 14, 3, 10, 0, 1, 13, 9, 12, 8, 7, 4, 5]",6.0854719
./random_graph_db/graph_db_node_15/03_p0.3/03_graph_n15_p0.3_idx7.gpickle,15,0.3,7,4,16,59,"[3, 4, 5, 14, 13, 12, 6, 0, 8, 2, 7, 11, 10, 1, 9]",7.4504209
./random_graph_db/graph_db_node_15/03_p0.3/03_graph_n15_p0.3_idx8.gpickle,15,0.3,8,4,24,75,"[9, 12, 10, 6, 4, 8, 11, 13, 0, 5, 1, 2, 7, 14, 3]",6.5229383
./random_graph_db/graph_db_node_15/03_p0.3/03_graph_n15_p0.3_idx9.gpickle,15,0.3,9,4,18,70,"[5, 10, 12, 4, 0, 11, 13, 6, 7, 14, 3, 1, 8, 2, 9]",6.4084008
./random_graph_db/graph_db_node_15/04_p0.4/04_graph_n15_p0.4_idx1.gpickle,15,0.4,1,5,28,90,"[1, 0, 10, 11, 12, 2, 5, 3, 6, 8, 13, 7, 4, 9, 14]",6.693249
./random_graph_db/graph_db_node_15/04_p0.4/04_graph_n15_p0.4_idx10.gpickle,15,0.4,10,5,30,94,"[14, 4, 5, 13, 0, 11, 7, 10, 2, 6, 3, 9, 1, 12, 8]",6.9351327
./random_graph_db/graph_db_node_15/04_p0.4/04_graph_n15_p0.4_idx2.gpickle,15,0.4,2,5,28,90,"[9, 13, 1, 10, 0, 5, 14, 8, 6, 11, 2, 7, 3, 12, 4]",6.5894949
./random_graph_db/graph_db_node_15/04_p0.4/04_graph_n15_p0.4_idx3.gpickle,15,0.4,3,4,23,83,"[2, 0, 8, 5, 12, 11, 7, 14, 4, 13, 1, 10, 6, 9, 3]",6.6670239
./random_graph_db/graph_db_node_15/04_p0.4/04_graph_n15_p0.4_idx4.gpickle,15,0.4,4,5,31,86,"[14, 12, 13, 3, 11, 1, 4, 8, 0, 7, 9, 10, 2, 5, 6]",6.4942338
./random_graph_db/graph_db_node_15/04_p0.4/04_graph_n15_p0.4_idx5.gpickle,15,0.4,5,5,25,71,"[5, 3, 2, 13, 0, 1, 12, 11, 10, 8, 7, 6, 4, 9, 14]",6.4076271
./random_graph_db/graph_db_node_15/04_p0.4/04_graph_n15_p0.4_idx6.gpickle,15,0.4,6,5,26,77,"[9, 14, 10, 7, 0, 6, 11, 13, 12, 8, 2, 3, 4, 5, 1]",6.5426388
./random_graph_db/graph_db_node_15/04_p0.4/04_graph_n15_p0.4_idx7.gpickle,15,0.4,7,5,30,102,"[6, 10, 5, 8, 7, 2, 11, 12, 13, 1, 4, 14, 3, 9, 0]",6.553823
./random_graph_db/graph_db_node_15/04_p0.4/04_graph_n15_p0.4_idx8.gpickle,15,0.4,8,5,31,99,"[0, 3, 14, 1, 2, 12, 6, 13, 8, 7, 5, 10, 11, 9, 4]",6.505743
./random_graph_db/graph_db_node_15/04_p0.4/04_graph_n15_p0.4_idx9.gpickle,15,0.4,9,5,29,103,"[12, 2, 5, 6, 9, 8, 14, 10, 3, 13, 4, 7, 11, 1, 0]",6.8103459
./random_graph_db/graph_db_node_15/05_p0.45/05_graph_n15_p0.45_idx1.gpickle,15,0.45,1,5,30,85,"[11, 2, 13, 10, 9, 5, 8, 3, 4, 0, 6, 12, 1, 14, 7]",6.8313429
./random_graph_db/graph_db_node_15/05_p0.45/05_graph_n15_p0.45_idx10.gpickle,15,0.45,10,5,31,106,"[10, 6, 12, 9, 4, 3, 8, 13, 11, 1, 2, 5, 0, 14, 7]",6.385448
./random_graph_db/graph_db_node_15/05_p0.45/05_graph_n15_p0.45_idx2.gpickle,15,0.45,2,5,31,91,"[11, 0, 12, 3, 1, 5, 4, 8, 2, 14, 6, 13, 7, 10, 9]",6.3161881
./random_graph_db/graph_db_node_15/05_p0.45/05_graph_n15_p0.45_idx3.gpickle,15,0.45,3,4,21,76,"[5, 4, 8, 7, 1, 12, 11, 0, 14, 3, 13, 10, 9, 6, 2]",6.5105143
./random_graph_db/graph_db_node_15/05_p0.45/05_graph_n15_p0.45_idx4.gpickle,15,0.45,4,4,18,66,"[10, 7, 12, 3, 13, 6, 0, 14, 5, 2, 4, 8, 11, 9, 1]",6.109844
./random_graph_db/graph_db_node_15/05_p0.45/05_graph_n15_p0.45_idx5.gpickle,15,0.45,5,5,28,85,"[13, 1, 14, 0, 10, 4, 11, 6, 9, 5, 3, 2, 8, 12, 7]",6.2156239
./random_graph_db/graph_db_node_15/05_p0.45/05_graph_n15_p0.45_idx6.gpickle,15,0.45,6,5,28,96,"[11, 0, 9, 12, 3, 13, 7, 10, 8, 5, 2, 1, 6, 4, 14]",6.501199
./random_graph_db/graph_db_node_15/05_p0.45/05_graph_n15_p0.45_idx7.gpickle,15,0.45,7,4,19,58,"[4, 1, 5, 9, 12, 13, 10, 3, 6, 8, 0, 14, 11, 2, 7]",6.175317
./random_graph_db/graph_db_node_15/05_p0.45/05_graph_n15_p0.45_idx8.gpickle,15,0.45,8,5,27,73,"[2, 8, 5, 11, 7, 10, 14, 6, 13, 0, 1, 9, 3, 4, 12]",6.204952
./random_graph_db/graph_db_node_15/05_p0.45/05_graph_n15_p0.45_idx9.gpickle,15,0.45,9,5,28,94,"[4, 12, 2, 14, 8, 5, 9, 3, 10, 0, 1, 7, 13, 11, 6]",6.503876
./random_graph_db/graph_db_node_15/06_p0.5/06_graph_n15_p0.5_idx1.gpickle,15,0.5,1,5,28,89,"[12, 1, 4, 11, 10, 13, 5, 14, 6, 8, 9, 0, 7, 3, 2]",6.3552251
./random_graph_db/graph_db_node_15/06_p0.5/06_graph_n15_p0.5_idx10.gpickle,15,0.5,10,5,23,79,"[7, 6, 2, 5, 3, 4, 9, 13, 10, 0, 8, 12, 1, 11, 14]",6.4688272
./random_graph_db/graph_db_node_15/06_p0.5/06_graph_n15_p0.5_idx2.gpickle,15,0.5,2,5,29,90,"[13, 14, 7, 5, 12, 6, 11, 10, 0, 2, 3, 4, 1, 9, 8]",6.6031899
./random_graph_db/graph_db_node_15/06_p0.5/06_graph_n15_p0.5_idx3.gpickle,15,0.5,3,5,30,92,"[1, 4, 13, 8, 5, 2, 7, 11, 12, 3, 14, 9, 6, 0, 10]",6.3071921
./random_graph_db/graph_db_node_15/06_p0.5/06_graph_n15_p0.5_idx4.gpickle,15,0.5,4,5,32,97,"[9, 4, 6, 8, 3, 11, 7, 0, 5, 2, 14, 10, 1, 12, 13]",6.3052781
./random_graph_db/graph_db_node_15/06_p0.5/06_graph_n15_p0.5_idx5.gpickle,15,0.5,5,5,30,104,"[5, 7, 11, 8, 13, 3, 9, 2, 4, 0, 14, 10, 12, 6, 1]",6.545949
./random_graph_db/graph_db_node_15/06_p0.5/06_graph_n15_p0.5_idx6.gpickle,15,0.5,6,5,31,102,"[10, 13, 6, 2, 9, 11, 8, 4, 14, 3, 1, 7, 5, 0, 12]",6.346348
./random_graph_db/graph_db_node_15/06_p0.5/06_graph_n15_p0.5_idx7.gpickle,15,0.5,7,5,34,112,"[2, 4, 3, 1, 9, 14, 0, 12, 6, 13, 8, 11, 5, 7, 10]",6.3501279
./random_graph_db/graph_db_node_15/06_p0.5/06_graph_n15_p0.5_idx8.gpickle,15,0.5,8,5,30,93,"[1, 5, 0, 11, 7, 9, 3, 13, 8, 6, 4, 10, 2, 14, 12]",6.8168242
./random_graph_db/graph_db_node_15/06_p0.5/06_graph_n15_p0.5_idx9.gpickle,15,0.5,9,4,21,72,"[12, 2, 5, 4, 11, 14, 1, 0, 9, 8, 13, 10, 7, 3, 6]",6.2991109
./random_graph_db/graph_db_node_15/07_p0.55/07_graph_n15_p0.55_idx1.gpickle,15,0.55,1,5,23,79,"[1, 6, 11, 0, 8, 13, 2, 5, 7, 10, 3, 9, 14, 12, 4]",6.2079601
./random_graph_db/graph_db_node_15/07_p0.55/07_graph_n15_p0.55_idx10.gpickle,15,0.55,10,5,30,95,"[13, 1, 0, 10, 6, 5, 11, 4, 9, 7, 12, 3, 14, 2, 8]",6.4223228
./random_graph_db/graph_db_node_15/07_p0.55/07_graph_n15_p0.55_idx2.gpickle,15,0.55,2,5,31,79,"[0, 5, 4, 10, 8, 12, 3, 7, 13, 14, 1, 6, 9, 2, 11]",6.4854448
./random_graph_db/graph_db_node_15/07_p0.55/07_graph_n15_p0.55_idx3.gpickle,15,0.55,3,5,24,73,"[2, 4, 9, 7, 12, 8, 1, 11, 10, 14, 3, 5, 6, 0, 13]",6.2155938
./random_graph_db/graph_db_node_15/07_p0.55/07_graph_n15_p0.55_idx4.gpickle,15,0.55,4,5,29,84,"[13, 11, 5, 4, 0, 7, 2, 8, 1, 12, 14, 3, 10, 9, 6]",6.5980437
./random_graph_db/graph_db_node_15/07_p0.55/07_graph_n15_p0.55_idx5.gpickle,15,0.55,5,5,26,82,"[7, 9, 5, 4, 8, 14, 11, 6, 13, 12, 1, 0, 3, 10, 2]",6.504236
./random_graph_db/graph_db_node_15/07_p0.55/07_graph_n15_p0.55_idx6.gpickle,15,0.55,6,5,22,68,"[11, 4, 8, 5, 1, 3, 13, 0, 9, 12, 6, 10, 7, 14, 2]",6.2937331
./random_graph_db/graph_db_node_15/07_p0.55/07_graph_n15_p0.55_idx7.gpickle,15,0.55,7,5,34,105,"[3, 4, 9, 8, 11, 7, 13, 14, 2, 1, 10, 12, 0, 6, 5]",6.62567
./random_graph_db/graph_db_node_15/07_p0.55/07_graph_n15_p0.55_idx8.gpickle,15,0.55,8,5,33,110,"[9, 5, 12, 4, 14, 7, 11, 3, 2, 1, 6, 10, 13, 0, 8]",6.6750038
./random_graph_db/graph_db_node_15/07_p0.55/07_graph_n15_p0.55_idx9.gpickle,15,0.55,9,5,24,94,"[2, 14, 13, 4, 6, 3, 5, 9, 8, 11, 1, 7, 12, 10, 0]",6.3218341
./random_graph_db/graph_db_node_15/08_p0.6/08_graph_n15_p0.6_idx1.gpickle,15,0.6,1,5,27,91,"[10, 2, 13, 9, 1, 3, 14, 12, 0, 4, 5, 6, 8, 11, 7]",6.480202
./random_graph_db/graph_db_node_15/08_p0.6/08_graph_n15_p0.6_idx10.gpickle,15,0.6,10,4,24,71,"[10, 5, 1, 7, 14, 13, 6, 9, 3, 4, 11, 0, 2, 8, 12]",6.6818821
./random_graph_db/graph_db_node_15/08_p0.6/08_graph_n15_p0.6_idx2.gpickle,15,0.6,2,5,27,82,"[2, 7, 12, 5, 6, 1, 9, 10, 4, 11, 13, 3, 0, 14, 8]",6.3601258
./random_graph_db/graph_db_node_15/08_p0.6/08_graph_n15_p0.6_idx3.gpickle,15,0.6,3,5,33,95,"[14, 6, 8, 1, 12, 13, 3, 5, 11, 7, 10, 2, 9, 4, 0]",6.3722029
./random_graph_db/graph_db_node_15/08_p0.6/08_graph_n15_p0.6_idx4.gpickle,15,0.6,4,5,32,101,"[0, 8, 11, 1, 2, 14, 10, 6, 12, 5, 9, 4, 7, 3, 13]",6.644979
./random_graph_db/graph_db_node_15/08_p0.6/08_graph_n15_p0.6_idx5.gpickle,15,0.6,5,5,31,90,"[9, 13, 2, 6, 4, 8, 7, 5, 1, 10, 12, 11, 3, 14, 0]",6.366518
./random_graph_db/graph_db_node_15/08_p0.6/08_graph_n15_p0.6_idx6.gpickle,15,0.6,6,5,32,113,"[8, 4, 13, 10, 0, 12, 9, 7, 5, 3, 6, 14, 1, 11, 2]",6.416815
./random_graph_db/graph_db_node_15/08_p0.6/08_graph_n15_p0.6_idx7.gpickle,15,0.6,7,5,33,99,"[4, 13, 8, 1, 12, 10, 0, 2, 11, 3, 6, 5, 14, 7, 9]",6.834111
./random_graph_db/graph_db_node_15/08_p0.6/08_graph_n15_p0.6_idx8.gpickle,15,0.6,8,5,29,96,"[4, 10, 13, 3, 2, 8, 7, 12, 6, 9, 14, 0, 11, 1, 5]",6.3895469
./random_graph_db/graph_db_node_15/08_p0.6/08_graph_n15_p0.6_idx9.gpickle,15,0.6,9,4,26,90,"[14, 11, 0, 12, 1, 5, 3, 9, 10, 2, 8, 4, 7, 13, 6]",6.5239241
./random_graph_db/graph_db_node_15/09_p0.65/09_graph_n15_p0.65_idx1.gpickle,15,0.65,1,4,24,86,"[13, 5, 3, 6, 7, 4, 0, 9, 1, 10, 12, 2, 14, 11, 8]",6.4594018
./random_graph_db/graph_db_node_15/09_p0.65/09_graph_n15_p0.65_idx10.gpickle,15,0.65,10,4,24,78,"[2, 3, 1, 14, 5, 11, 0, 7, 9, 8, 12, 6, 10, 4, 13]",6.7376871
./random_graph_db/graph_db_node_15/09_p0.65/09_graph_n15_p0.65_idx2.gpickle,15,0.65,2,5,34,101,"[1, 11, 5, 8, 13, 6, 12, 9, 3, 2, 14, 4, 0, 7, 10]",6.4497542
./random_graph_db/graph_db_node_15/09_p0.65/09_graph_n15_p0.65_idx3.gpickle,15,0.65,3,5,34,111,"[0, 3, 4, 2, 6, 14, 7, 1, 10, 13, 11, 9, 12, 8, 5]",6.6354339
./random_graph_db/graph_db_node_15/09_p0.65/09_graph_n15_p0.65_idx4.gpickle,15,0.65,4,5,27,77,"[1, 0, 3, 11, 6, 10, 9, 4, 2, 13, 8, 12, 14, 7, 5]",6.3157949
./random_graph_db/graph_db_node_15/09_p0.65/09_graph_n15_p0.65_idx5.gpickle,15,0.65,5,5,29,104,"[12, 0, 13, 10, 5, 11, 2, 1, 6, 3, 7, 8, 9, 4, 14]",6.3818262
./random_graph_db/graph_db_node_15/09_p0.65/09_graph_n15_p0.65_idx6.gpickle,15,0.65,6,5,36,107,"[3, 8, 1, 2, 9, 14, 4, 11, 6, 5, 7, 12, 10, 13, 0]",6.7836249
./random_graph_db/graph_db_node_15/09_p0.65/09_graph_n15_p0.65_idx7.gpickle,15,0.65,7,5,24,66,"[1, 9, 3, 6, 7, 0, 2, 13, 10, 14, 11, 12, 4, 8, 5]",6.30388
./random_graph_db/graph_db_node_15/09_p0.65/09_graph_n15_p0.65_idx8.gpickle,15,0.65,8,5,33,100,"[7, 5, 1, 8, 11, 10, 4, 12, 6, 0, 9, 14, 2, 13, 3]",6.425787
./random_graph_db/graph_db_node_15/09_p0.65/09_graph_n15_p0.65_idx9.gpickle,15,0.65,9,5,26,81,"[9, 1, 14, 13, 4, 8, 2, 5, 0, 10, 12, 6, 3, 11, 7]",6.559412
./random_graph_db/graph_db_node_15/10_p0.7/10_graph_n15_p0.7_idx1.gpickle,15,0.7,1,4,21,68,"[12, 11, 14, 2, 4, 10, 6, 8, 5, 7, 3, 0, 1, 9, 13]",6.297405
./random_graph_db/graph_db_node_15/10_p0.7/10_graph_n15_p0.7_idx10.gpickle,15,0.7,10,5,27,87,"[8, 2, 6, 7, 14, 10, 12, 3, 1, 9, 4, 11, 13, 0, 5]",6.5541902
./random_graph_db/graph_db_node_15/10_p0.7/10_graph_n15_p0.7_idx2.gpickle,15,0.7,2,5,33,99,"[5, 14, 10, 11, 8, 3, 9, 13, 6, 12, 0, 7, 4, 1, 2]",6.4053397
./random_graph_db/graph_db_node_15/10_p0.7/10_graph_n15_p0.7_idx3.gpickle,15,0.7,3,4,23,72,"[1, 9, 2, 7, 12, 11, 4, 14, 13, 3, 10, 0, 6, 8, 5]",6.6879032
./random_graph_db/graph_db_node_15/10_p0.7/10_graph_n15_p0.7_idx4.gpickle,15,0.7,4,5,28,92,"[11, 0, 5, 2, 14, 4, 9, 10, 1, 7, 3, 8, 13, 6, 12]",6.3356819
./random_graph_db/graph_db_node_15/10_p0.7/10_graph_n15_p0.7_idx5.gpickle,15,0.7,5,5,24,71,"[5, 1, 11, 10, 2, 0, 9, 7, 12, 8, 3, 13, 14, 6, 4]",6.3263469
./random_graph_db/graph_db_node_15/10_p0.7/10_graph_n15_p0.7_idx6.gpickle,15,0.7,6,5,27,76,"[8, 6, 9, 7, 3, 2, 4, 14, 0, 1, 12, 10, 11, 13, 5]",6.864116
./random_graph_db/graph_db_node_15/10_p0.7/10_graph_n15_p0.7_idx7.gpickle,15,0.7,7,5,26,78,"[13, 9, 14, 4, 11, 3, 7, 12, 0, 5, 2, 10, 8, 6, 1]",6.412127
./random_graph_db/graph_db_node_15/10_p0.7/10_graph_n15_p0.7_idx8.gpickle,15,0.7,8,5,28,83,"[14, 2, 9, 0, 13, 11, 8, 6, 5, 10, 7, 3, 4, 1, 12]",6.3397818
./random_graph_db/graph_db_node_15/10_p0.7/10_graph_n15_p0.7_idx9.gpickle,15,0.7,9,5,28,93,"[14, 4, 13, 8, 9, 3, 2, 12, 6, 0, 10, 7, 11, 1, 5]",6.5711
./random_graph_db/graph_db_node_15/11_p0.8/11_graph_n15_p0.8_idx1.gpickle,15,0.8,1,4,17,47,"[10, 3, 0, 1, 11, 13, 14, 4, 12, 8, 5, 7, 9, 2, 6]",6.177573
./random_graph_db/graph_db_node_15/11_p0.8/11_graph_n15_p0.8_idx10.gpickle,15,0.8,10,4,24,68,"[6, 4, 7, 1, 12, 14, 0, 3, 11, 10, 13, 5, 8, 2, 9]",6.3092291
./random_graph_db/graph_db_node_15/11_p0.8/11_graph_n15_p0.8_idx2.gpickle,15,0.8,2,3,16,57,"[10, 13, 6, 8, 12, 0, 2, 4, 7, 5, 9, 14, 11, 1, 3]",6.1062222
./random_graph_db/graph_db_node_15/11_p0.8/11_graph_n15_p0.8_idx3.gpickle,15,0.8,3,4,19,70,"[6, 12, 4, 14, 7, 0, 8, 5, 3, 9, 2, 10, 11, 13, 1]",6.1660988
./random_graph_db/graph_db_node_15/11_p0.8/11_graph_n15_p0.8_idx4.gpickle,15,0.8,4,4,21,79,"[8, 6, 7, 1, 9, 0, 4, 11, 5, 14, 13, 2, 3, 10, 12]",6.205328
./random_graph_db/graph_db_node_15/11_p0.8/11_graph_n15_p0.8_idx5.gpickle,15,0.8,5,4,19,62,"[7, 10, 8, 1, 11, 3, 6, 4, 0, 14, 5, 12, 13, 9, 2]",6.61918
./random_graph_db/graph_db_node_15/11_p0.8/11_graph_n15_p0.8_idx6.gpickle,15,0.8,6,4,19,70,"[6, 13, 2, 8, 7, 4, 11, 14, 10, 12, 5, 9, 1, 0, 3]",6.2504089
./random_graph_db/graph_db_node_15/11_p0.8/11_graph_n15_p0.8_idx7.gpickle,15,0.8,7,3,11,39,"[3, 0, 2, 8, 5, 10, 12, 7, 11, 6, 9, 4, 1, 13, 14]",6.2165329
./random_graph_db/graph_db_node_15/11_p0.8/11_graph_n15_p0.8_idx8.gpickle,15,0.8,8,3,9,40,"[0, 2, 10, 5, 6, 8, 11, 7, 4, 14, 1, 12, 3, 13, 9]",6.280108
./random_graph_db/graph_db_node_15/11_p0.8/11_graph_n15_p0.8_idx9.gpickle,15,0.8,9,4,19,58,"[2, 1, 7, 6, 3, 0, 5, 14, 10, 11, 4, 13, 9, 12, 8]",6.1234152
./random_graph_db/graph_db_node_15/12_p0.9/12_graph_n15_p0.9_idx1.gpickle,15,0.9,1,2,5,34,"[10, 12, 9, 5, 11, 0, 13, 7, 2, 6, 14, 3, 1, 8, 4]",5.5811939
./random_graph_db/graph_db_node_15/12_p0.9/12_graph_n15_p0.9_idx10.gpickle,15,0.9,10,3,8,35,"[10, 5, 1, 9, 13, 7, 6, 2, 8, 4, 3, 11, 0, 14, 12]",5.932065
./random_graph_db/graph_db_node_15/12_p0.9/12_graph_n15_p0.9_idx2.gpickle,15,0.9,2,3,13,47,"[14, 0, 8, 6, 10, 13, 12, 1, 3, 2, 4, 7, 9, 5, 11]",5.7890542
./random_graph_db/graph_db_node_15/12_p0.9/12_graph_n15_p0.9_idx3.gpickle,15,0.9,3,3,7,34,"[5, 13, 10, 8, 6, 0, 1, 4, 3, 9, 14, 7, 12, 11, 2]",5.7540088
./random_graph_db/graph_db_node_15/12_p0.9/12_graph_n15_p0.9_idx4.gpickle,15,0.9,4,4,21,64,"[13, 12, 2, 14, 7, 3, 11, 5, 8, 10, 0, 9, 6, 1, 4]",6.092396
./random_graph_db/graph_db_node_15/12_p0.9/12_graph_n15_p0.9_idx5.gpickle,15,0.9,5,2,6,34,"[13, 11, 2, 10, 12, 8, 14, 7, 4, 1, 6, 0, 5, 9, 3]",6.0922823
./random_graph_db/graph_db_node_15/12_p0.9/12_graph_n15_p0.9_idx6.gpickle,15,0.9,6,2,5,22,"[1, 0, 13, 4, 11, 14, 9, 8, 5, 12, 2, 7, 10, 6, 3]",5.629205
./random_graph_db/graph_db_node_15/12_p0.9/12_graph_n15_p0.9_idx7.gpickle,15,0.9,7,2,6,42,"[0, 10, 13, 8, 7, 1, 3, 6, 12, 5, 4, 2, 14, 9, 11]",5.6148419
./random_graph_db/graph_db_node_15/12_p0.9/12_graph_n15_p0.9_idx8.gpickle,15,0.9,8,3,6,24,"[2, 12, 8, 11, 7, 1, 6, 4, 0, 10, 3, 5, 9, 14, 13]",5.7333119
./random_graph_db/graph_db_node_15/12_p0.9/12_graph_n15_p0.9_idx9.gpickle,15,0.9,9,3,11,43,"[3, 5, 12, 2, 13, 1, 14, 0, 4, 6, 10, 7, 8, 9, 11]",5.932909
./random_graph_db/graph_db_node_16/01_p0.1/01_graph_n16_p0.1_idx1.gpickle,16,0.1,1,2,2,25,"[12, 15, 9, 2, 8, 14, 10, 3, 4, 1, 7, 0, 13, 5, 6, 11]",5.9990799
./random_graph_db/graph_db_node_16/01_p0.1/01_graph_n16_p0.1_idx10.gpickle,16,0.1,10,2,6,24,"[2, 0, 15, 13, 5, 14, 4, 10, 8, 12, 9, 1, 3, 7, 6, 11]",6.156359
./random_graph_db/graph_db_node_16/01_p0.1/01_graph_n16_p0.1_idx2.gpickle,16,0.1,2,3,6,25,"[1, 8, 6, 0, 15, 2, 3, 9, 10, 7, 5, 11, 13, 12, 4, 14]",6.6416078
./random_graph_db/graph_db_node_16/01_p0.1/01_graph_n16_p0.1_idx3.gpickle,16,0.1,3,2,2,22,"[14, 1, 3, 11, 13, 0, 7, 9, 12, 4, 6, 15, 8, 5, 10, 2]",6.2484341
./random_graph_db/graph_db_node_16/01_p0.1/01_graph_n16_p0.1_idx4.gpickle,16,0.1,4,3,7,34,"[7, 13, 11, 15, 8, 2, 14, 4, 1, 0, 12, 5, 3, 10, 9, 6]",6.4843311
./random_graph_db/graph_db_node_16/01_p0.1/01_graph_n16_p0.1_idx5.gpickle,16,0.1,5,3,7,33,"[11, 3, 6, 13, 14, 5, 1, 9, 7, 4, 0, 8, 12, 15, 10, 2]",6.545634
./random_graph_db/graph_db_node_16/01_p0.1/01_graph_n16_p0.1_idx6.gpickle,16,0.1,6,3,4,23,"[5, 15, 1, 3, 4, 13, 14, 0, 8, 2, 9, 6, 12, 10, 11, 7]",6.3278079
./random_graph_db/graph_db_node_16/01_p0.1/01_graph_n16_p0.1_idx7.gpickle,16,0.1,7,3,9,35,"[8, 4, 12, 5, 2, 3, 13, 15, 7, 0, 6, 14, 9, 11, 1, 10]",6.5185151
./random_graph_db/graph_db_node_16/01_p0.1/01_graph_n16_p0.1_idx8.gpickle,16,0.1,8,3,10,41,"[2, 11, 4, 7, 1, 5, 9, 12, 0, 8, 3, 10, 13, 15, 6, 14]",6.3494971
./random_graph_db/graph_db_node_16/01_p0.1/01_graph_n16_p0.1_idx9.gpickle,16,0.1,9,3,6,30,"[15, 8, 6, 10, 14, 5, 9, 0, 2, 4, 7, 11, 3, 1, 13, 12]",6.1649632
./random_graph_db/graph_db_node_16/02_p0.2/02_graph_n16_p0.2_idx1.gpickle,16,0.2,1,3,10,41,"[4, 14, 10, 2, 13, 7, 5, 12, 6, 15, 3, 9, 8, 1, 0, 11]",6.6429331
./random_graph_db/graph_db_node_16/02_p0.2/02_graph_n16_p0.2_idx10.gpickle,16,0.2,10,3,8,35,"[4, 6, 15, 9, 11, 7, 2, 3, 0, 8, 1, 13, 14, 5, 12, 10]",6.2298312
./random_graph_db/graph_db_node_16/02_p0.2/02_graph_n16_p0.2_idx2.gpickle,16,0.2,2,3,9,28,"[11, 0, 6, 1, 4, 15, 13, 12, 3, 14, 2, 7, 9, 10, 8, 5]",6.5032949
./random_graph_db/graph_db_node_16/02_p0.2/02_graph_n16_p0.2_idx3.gpickle,16,0.2,3,4,14,54,"[1, 9, 4, 10, 11, 8, 2, 12, 13, 3, 5, 7, 15, 6, 0, 14]",6.4724801
./random_graph_db/graph_db_node_16/02_p0.2/02_graph_n16_p0.2_idx4.gpickle,16,0.2,4,3,9,30,"[5, 11, 14, 8, 0, 3, 12, 6, 7, 10, 2, 4, 13, 1, 15, 9]",6.662879
./random_graph_db/graph_db_node_16/02_p0.2/02_graph_n16_p0.2_idx5.gpickle,16,0.2,5,3,13,48,"[11, 9, 3, 7, 15, 10, 2, 12, 1, 0, 6, 14, 5, 4, 13, 8]",6.4460621
./random_graph_db/graph_db_node_16/02_p0.2/02_graph_n16_p0.2_idx6.gpickle,16,0.2,6,3,11,50,"[7, 0, 15, 1, 5, 13, 8, 9, 12, 2, 10, 6, 3, 14, 4, 11]",6.6804552
./random_graph_db/graph_db_node_16/02_p0.2/02_graph_n16_p0.2_idx7.gpickle,16,0.2,7,3,6,29,"[14, 0, 2, 4, 11, 13, 15, 8, 12, 10, 5, 9, 3, 7, 6, 1]",6.6009481
./random_graph_db/graph_db_node_16/02_p0.2/02_graph_n16_p0.2_idx8.gpickle,16,0.2,8,3,11,45,"[0, 3, 11, 4, 6, 5, 7, 12, 10, 15, 14, 9, 2, 13, 8, 1]",6.382726
./random_graph_db/graph_db_node_16/02_p0.2/02_graph_n16_p0.2_idx9.gpickle,16,0.2,9,3,12,50,"[13, 8, 10, 4, 5, 6, 15, 14, 12, 11, 3, 2, 0, 1, 7, 9]",6.3812361
./random_graph_db/graph_db_node_16/03_p0.3/03_graph_n16_p0.3_idx1.gpickle,16,0.3,1,4,22,80,"[14, 12, 8, 2, 15, 1, 11, 7, 6, 13, 5, 0, 4, 9, 10, 3]",6.7969501
./random_graph_db/graph_db_node_16/03_p0.3/03_graph_n16_p0.3_idx10.gpickle,16,0.3,10,5,25,80,"[14, 4, 0, 2, 3, 12, 8, 10, 9, 5, 6, 1, 7, 11, 15, 13]",6.8679419
./random_graph_db/graph_db_node_16/03_p0.3/03_graph_n16_p0.3_idx2.gpickle,16,0.3,2,4,19,68,"[5, 9, 15, 14, 6, 4, 10, 7, 0, 8, 1, 12, 3, 13, 2, 11]",6.5584772
./random_graph_db/graph_db_node_16/03_p0.3/03_graph_n16_p0.3_idx3.gpickle,16,0.3,3,5,29,83,"[5, 1, 7, 3, 11, 2, 8, 9, 13, 14, 4, 15, 0, 10, 6, 12]",7.3458059
./random_graph_db/graph_db_node_16/03_p0.3/03_graph_n16_p0.3_idx4.gpickle,16,0.3,4,4,20,79,"[1, 11, 12, 14, 0, 7, 15, 3, 6, 10, 9, 13, 4, 8, 5, 2]",6.773942
./random_graph_db/graph_db_node_16/03_p0.3/03_graph_n16_p0.3_idx5.gpickle,16,0.3,5,5,24,79,"[1, 13, 2, 11, 10, 9, 7, 5, 4, 6, 12, 8, 14, 15, 3, 0]",6.870187
./random_graph_db/graph_db_node_16/03_p0.3/03_graph_n16_p0.3_idx6.gpickle,16,0.3,6,4,24,68,"[9, 7, 2, 3, 5, 15, 13, 0, 6, 12, 10, 11, 1, 8, 4, 14]",7.0017788
./random_graph_db/graph_db_node_16/03_p0.3/03_graph_n16_p0.3_idx7.gpickle,16,0.3,7,5,21,52,"[4, 8, 12, 6, 14, 0, 2, 1, 5, 13, 9, 10, 15, 7, 11, 3]",6.6733451
./random_graph_db/graph_db_node_16/03_p0.3/03_graph_n16_p0.3_idx8.gpickle,16,0.3,8,5,31,97,"[10, 3, 0, 1, 5, 11, 12, 13, 6, 15, 4, 7, 14, 2, 9, 8]",6.9672959
./random_graph_db/graph_db_node_16/03_p0.3/03_graph_n16_p0.3_idx9.gpickle,16,0.3,9,5,25,76,"[12, 2, 13, 3, 14, 7, 9, 5, 10, 11, 0, 6, 15, 1, 4, 8]",7.1216493
./random_graph_db/graph_db_node_16/04_p0.4/04_graph_n16_p0.4_idx1.gpickle,16,0.4,1,5,25,90,"[13, 6, 2, 0, 14, 9, 8, 12, 1, 15, 11, 5, 4, 10, 3, 7]",7.092926
./random_graph_db/graph_db_node_16/04_p0.4/04_graph_n16_p0.4_idx10.gpickle,16,0.4,10,5,29,85,"[7, 8, 15, 12, 2, 5, 4, 11, 9, 13, 14, 1, 0, 3, 10, 6]",6.9830332
./random_graph_db/graph_db_node_16/04_p0.4/04_graph_n16_p0.4_idx2.gpickle,16,0.4,2,5,26,85,"[10, 13, 6, 3, 9, 1, 7, 8, 11, 14, 5, 0, 12, 15, 2, 4]",7.177871
./random_graph_db/graph_db_node_16/04_p0.4/04_graph_n16_p0.4_idx3.gpickle,16,0.4,3,5,32,97,"[3, 15, 0, 12, 13, 5, 7, 2, 9, 1, 8, 4, 6, 11, 10, 14]",6.8345239
./random_graph_db/graph_db_node_16/04_p0.4/04_graph_n16_p0.4_idx4.gpickle,16,0.4,4,5,28,99,"[0, 1, 9, 4, 7, 10, 12, 8, 2, 5, 13, 3, 6, 11, 15, 14]",7.0645628
./random_graph_db/graph_db_node_16/04_p0.4/04_graph_n16_p0.4_idx5.gpickle,16,0.4,5,5,25,82,"[9, 6, 12, 7, 8, 0, 11, 2, 15, 4, 1, 10, 13, 3, 14, 5]",6.9183109
./random_graph_db/graph_db_node_16/04_p0.4/04_graph_n16_p0.4_idx6.gpickle,16,0.4,6,5,28,95,"[13, 0, 4, 1, 3, 14, 11, 5, 10, 6, 8, 7, 2, 15, 12, 9]",6.7842569
./random_graph_db/graph_db_node_16/04_p0.4/04_graph_n16_p0.4_idx7.gpickle,16,0.4,7,5,30,98,"[2, 15, 8, 3, 10, 4, 14, 6, 12, 0, 5, 7, 1, 11, 9, 13]",7.0085833
./random_graph_db/graph_db_node_16/04_p0.4/04_graph_n16_p0.4_idx8.gpickle,16,0.4,8,4,25,74,"[9, 6, 14, 7, 15, 4, 0, 12, 1, 5, 8, 2, 13, 11, 10, 3]",6.931021
./random_graph_db/graph_db_node_16/04_p0.4/04_graph_n16_p0.4_idx9.gpickle,16,0.4,9,5,27,101,"[14, 4, 0, 12, 6, 13, 15, 10, 3, 7, 11, 1, 9, 8, 2, 5]",6.7713449
./random_graph_db/graph_db_node_16/05_p0.45/05_graph_n16_p0.45_idx1.gpickle,16,0.45,1,5,35,104,"[9, 3, 8, 14, 4, 12, 10, 0, 6, 7, 1, 13, 5, 15, 11, 2]",7.3190711
./random_graph_db/graph_db_node_16/05_p0.45/05_graph_n16_p0.45_idx10.gpickle,16,0.45,10,5,31,91,"[15, 2, 11, 12, 10, 14, 5, 13, 9, 3, 1, 7, 8, 4, 0, 6]",6.913168
./random_graph_db/graph_db_node_16/05_p0.45/05_graph_n16_p0.45_idx2.gpickle,16,0.45,2,5,35,106,"[14, 7, 8, 12, 4, 6, 13, 15, 0, 3, 5, 9, 10, 2, 11, 1]",7.077558
./random_graph_db/graph_db_node_16/05_p0.45/05_graph_n16_p0.45_idx3.gpickle,16,0.45,3,5,33,110,"[5, 2, 7, 11, 6, 3, 15, 4, 14, 9, 8, 0, 13, 1, 12, 10]",7.113188
./random_graph_db/graph_db_node_16/05_p0.45/05_graph_n16_p0.45_idx4.gpickle,16,0.45,4,5,28,93,"[1, 3, 13, 0, 10, 7, 8, 12, 14, 5, 11, 15, 6, 2, 9, 4]",6.836437
./random_graph_db/graph_db_node_16/05_p0.45/05_graph_n16_p0.45_idx5.gpickle,16,0.45,5,5,34,103,"[5, 11, 9, 6, 14, 7, 12, 15, 13, 0, 3, 8, 1, 2, 4, 10]",6.867321
./random_graph_db/graph_db_node_16/05_p0.45/05_graph_n16_p0.45_idx6.gpickle,16,0.45,6,5,29,100,"[7, 12, 2, 3, 9, 0, 11, 8, 4, 5, 10, 1, 6, 15, 13, 14]",7.1474922
./random_graph_db/graph_db_node_16/05_p0.45/05_graph_n16_p0.45_idx7.gpickle,16,0.45,7,5,33,113,"[5, 9, 14, 4, 1, 11, 8, 10, 15, 0, 2, 3, 7, 6, 13, 12]",6.8572891
./random_graph_db/graph_db_node_16/05_p0.45/05_graph_n16_p0.45_idx8.gpickle,16,0.45,8,5,26,101,"[8, 2, 12, 4, 9, 11, 14, 3, 6, 13, 0, 15, 10, 1, 5, 7]",6.8435779
./random_graph_db/graph_db_node_16/05_p0.45/05_graph_n16_p0.45_idx9.gpickle,16,0.45,9,5,30,101,"[11, 9, 14, 10, 15, 12, 4, 13, 3, 8, 2, 0, 5, 6, 7, 1]",7.3071132
./random_graph_db/graph_db_node_16/06_p0.5/06_graph_n16_p0.5_idx1.gpickle,16,0.5,1,5,39,111,"[7, 5, 10, 9, 0, 14, 6, 13, 2, 3, 1, 8, 15, 4, 11, 12]",7.0730419
./random_graph_db/graph_db_node_16/06_p0.5/06_graph_n16_p0.5_idx10.gpickle,16,0.5,10,5,38,114,"[6, 12, 7, 15, 4, 14, 9, 11, 0, 5, 2, 10, 1, 8, 3, 13]",7.020803
./random_graph_db/graph_db_node_16/06_p0.5/06_graph_n16_p0.5_idx2.gpickle,16,0.5,2,5,25,66,"[5, 13, 8, 10, 7, 6, 15, 2, 1, 12, 9, 11, 14, 0, 4, 3]",6.874644
./random_graph_db/graph_db_node_16/06_p0.5/06_graph_n16_p0.5_idx3.gpickle,16,0.5,3,5,34,106,"[15, 4, 6, 12, 13, 5, 0, 10, 8, 11, 7, 14, 3, 1, 2, 9]",6.8580742
./random_graph_db/graph_db_node_16/06_p0.5/06_graph_n16_p0.5_idx4.gpickle,16,0.5,4,5,33,98,"[6, 3, 12, 5, 8, 10, 2, 13, 9, 7, 14, 1, 11, 0, 4, 15]",7.1494882
./random_graph_db/graph_db_node_16/06_p0.5/06_graph_n16_p0.5_idx5.gpickle,16,0.5,5,6,46,126,"[8, 1, 12, 10, 5, 0, 14, 9, 3, 6, 2, 13, 11, 4, 7, 15]",7.0191338
./random_graph_db/graph_db_node_16/06_p0.5/06_graph_n16_p0.5_idx6.gpickle,16,0.5,6,5,31,85,"[12, 10, 7, 8, 5, 14, 13, 9, 6, 15, 4, 1, 3, 2, 11, 0]",6.803751
./random_graph_db/graph_db_node_16/06_p0.5/06_graph_n16_p0.5_idx7.gpickle,16,0.5,7,5,32,109,"[7, 9, 0, 11, 4, 8, 5, 6, 14, 12, 1, 10, 2, 15, 13, 3]",7.043704
./random_graph_db/graph_db_node_16/06_p0.5/06_graph_n16_p0.5_idx8.gpickle,16,0.5,8,5,32,97,"[14, 9, 11, 12, 13, 2, 4, 7, 1, 10, 6, 3, 5, 8, 15, 0]",7.1482251
./random_graph_db/graph_db_node_16/06_p0.5/06_graph_n16_p0.5_idx9.gpickle,16,0.5,9,5,28,108,"[9, 12, 13, 4, 2, 15, 1, 8, 10, 7, 11, 0, 5, 14, 3, 6]",6.937149
./random_graph_db/graph_db_node_16/07_p0.55/07_graph_n16_p0.55_idx1.gpickle,16,0.55,1,5,33,106,"[15, 1, 12, 7, 10, 3, 5, 8, 0, 13, 14, 4, 11, 6, 2, 9]",7.0397592
./random_graph_db/graph_db_node_16/07_p0.55/07_graph_n16_p0.55_idx10.gpickle,16,0.55,10,5,32,88,"[4, 11, 7, 1, 5, 10, 8, 2, 9, 13, 12, 6, 15, 3, 14, 0]",6.909204
./random_graph_db/graph_db_node_16/07_p0.55/07_graph_n16_p0.55_idx2.gpickle,16,0.55,2,5,30,95,"[4, 9, 5, 10, 3, 6, 14, 13, 11, 2, 12, 0, 15, 7, 8, 1]",6.9230049
./random_graph_db/graph_db_node_16/07_p0.55/07_graph_n16_p0.55_idx3.gpickle,16,0.55,3,5,33,105,"[1, 6, 4, 7, 3, 10, 9, 15, 5, 12, 14, 13, 8, 2, 11, 0]",7.123688
./random_graph_db/graph_db_node_16/07_p0.55/07_graph_n16_p0.55_idx4.gpickle,16,0.55,4,5,36,107,"[9, 7, 0, 8, 10, 12, 3, 5, 11, 2, 14, 13, 15, 4, 6, 1]",6.9816449
./random_graph_db/graph_db_node_16/07_p0.55/07_graph_n16_p0.55_idx5.gpickle,16,0.55,5,5,35,103,"[3, 14, 10, 9, 0, 12, 15, 13, 5, 2, 8, 6, 4, 7, 1, 11]",7.0315738
./random_graph_db/graph_db_node_16/07_p0.55/07_graph_n16_p0.55_idx6.gpickle,16,0.55,6,5,30,97,"[6, 9, 14, 2, 12, 7, 10, 11, 5, 8, 15, 0, 13, 3, 1, 4]",7.4232628
./random_graph_db/graph_db_node_16/07_p0.55/07_graph_n16_p0.55_idx7.gpickle,16,0.55,7,5,28,100,"[7, 15, 13, 14, 0, 8, 6, 1, 3, 10, 11, 5, 2, 9, 12, 4]",7.2323411
./random_graph_db/graph_db_node_16/07_p0.55/07_graph_n16_p0.55_idx8.gpickle,16,0.55,8,5,43,126,"[14, 13, 4, 1, 12, 7, 3, 8, 9, 0, 11, 6, 10, 2, 5, 15]",7.04409
./random_graph_db/graph_db_node_16/07_p0.55/07_graph_n16_p0.55_idx9.gpickle,16,0.55,9,6,37,108,"[5, 11, 9, 3, 2, 12, 4, 1, 10, 0, 14, 15, 6, 8, 7, 13]",7.0848446
./random_graph_db/graph_db_node_16/08_p0.6/08_graph_n16_p0.6_idx1.gpickle,16,0.6,1,5,30,106,"[8, 2, 5, 3, 0, 15, 13, 14, 11, 1, 7, 12, 6, 10, 9, 4]",6.8964911
./random_graph_db/graph_db_node_16/08_p0.6/08_graph_n16_p0.6_idx10.gpickle,16,0.6,10,5,34,103,"[7, 4, 10, 9, 2, 12, 8, 6, 13, 5, 14, 15, 1, 11, 0, 3]",6.8371911
./random_graph_db/graph_db_node_16/08_p0.6/08_graph_n16_p0.6_idx2.gpickle,16,0.6,2,5,30,101,"[4, 2, 15, 12, 1, 0, 3, 9, 8, 5, 7, 11, 6, 10, 14, 13]",7.1166742
./random_graph_db/graph_db_node_16/08_p0.6/08_graph_n16_p0.6_idx3.gpickle,16,0.6,3,5,30,92,"[4, 7, 14, 12, 9, 8, 13, 2, 11, 0, 3, 15, 1, 6, 10, 5]",6.916225
./random_graph_db/graph_db_node_16/08_p0.6/08_graph_n16_p0.6_idx4.gpickle,16,0.6,4,5,31,86,"[6, 9, 15, 12, 10, 13, 11, 7, 2, 1, 5, 8, 14, 0, 3, 4]",6.8841052
./random_graph_db/graph_db_node_16/08_p0.6/08_graph_n16_p0.6_idx5.gpickle,16,0.6,5,6,38,99,"[13, 10, 3, 8, 0, 15, 4, 2, 14, 1, 12, 7, 6, 5, 11, 9]",7.3193231
./random_graph_db/graph_db_node_16/08_p0.6/08_graph_n16_p0.6_idx6.gpickle,16,0.6,6,5,29,93,"[14, 11, 12, 13, 0, 2, 3, 7, 9, 5, 8, 10, 15, 1, 6, 4]",7.1415732
./random_graph_db/graph_db_node_16/08_p0.6/08_graph_n16_p0.6_idx7.gpickle,16,0.6,7,5,33,109,"[4, 5, 12, 3, 14, 10, 9, 11, 8, 0, 6, 13, 1, 15, 7, 2]",6.8613501
./random_graph_db/graph_db_node_16/08_p0.6/08_graph_n16_p0.6_idx8.gpickle,16,0.6,8,5,31,93,"[6, 11, 0, 4, 14, 10, 5, 2, 9, 15, 8, 7, 13, 1, 12, 3]",7.01507
./random_graph_db/graph_db_node_16/08_p0.6/08_graph_n16_p0.6_idx9.gpickle,16,0.6,9,5,29,106,"[11, 9, 8, 5, 13, 3, 0, 10, 12, 4, 15, 7, 14, 1, 2, 6]",7.0532579
./random_graph_db/graph_db_node_16/09_p0.65/09_graph_n16_p0.65_idx1.gpickle,16,0.65,1,5,28,96,"[1, 4, 9, 7, 3, 2, 12, 5, 0, 8, 10, 13, 6, 11, 14, 15]",6.9065118
./random_graph_db/graph_db_node_16/09_p0.65/09_graph_n16_p0.65_idx10.gpickle,16,0.65,10,5,37,109,"[1, 0, 6, 2, 8, 14, 9, 5, 11, 13, 10, 7, 4, 3, 12, 15]",7.0823319
./random_graph_db/graph_db_node_16/09_p0.65/09_graph_n16_p0.65_idx2.gpickle,16,0.65,2,5,34,111,"[15, 6, 3, 8, 2, 0, 1, 12, 13, 7, 11, 14, 4, 9, 10, 5]",6.8906338
./random_graph_db/graph_db_node_16/09_p0.65/09_graph_n16_p0.65_idx3.gpickle,16,0.65,3,5,32,94,"[0, 4, 6, 2, 12, 9, 1, 14, 8, 3, 13, 5, 7, 11, 15, 10]",7.1661892
./random_graph_db/graph_db_node_16/09_p0.65/09_graph_n16_p0.65_idx4.gpickle,16,0.65,4,5,39,122,"[15, 14, 4, 11, 12, 3, 5, 10, 0, 2, 9, 6, 8, 1, 13, 7]",6.9795771
./random_graph_db/graph_db_node_16/09_p0.65/09_graph_n16_p0.65_idx5.gpickle,16,0.65,5,5,31,91,"[6, 13, 8, 2, 3, 7, 14, 10, 12, 5, 11, 9, 1, 15, 4, 0]",6.8367548
./random_graph_db/graph_db_node_16/09_p0.65/09_graph_n16_p0.65_idx6.gpickle,16,0.65,6,5,30,87,"[2, 15, 0, 3, 6, 7, 11, 9, 10, 8, 4, 12, 13, 5, 1, 14]",7.0816007
./random_graph_db/graph_db_node_16/09_p0.65/09_graph_n16_p0.65_idx7.gpickle,16,0.65,7,6,34,101,"[8, 11, 6, 0, 14, 15, 10, 12, 13, 2, 4, 9, 5, 1, 7, 3]",6.881439
./random_graph_db/graph_db_node_16/09_p0.65/09_graph_n16_p0.65_idx8.gpickle,16,0.65,8,6,42,122,"[4, 13, 12, 11, 0, 9, 2, 6, 10, 8, 15, 14, 1, 5, 3, 7]",7.0237801
./random_graph_db/graph_db_node_16/09_p0.65/09_graph_n16_p0.65_idx9.gpickle,16,0.65,9,4,24,86,"[5, 0, 7, 8, 4, 10, 11, 13, 2, 1, 9, 3, 6, 14, 15, 12]",7.1315398
./random_graph_db/graph_db_node_16/10_p0.7/10_graph_n16_p0.7_idx1.gpickle,16,0.7,1,4,23,78,"[13, 11, 10, 7, 14, 5, 8, 2, 3, 0, 15, 12, 1, 6, 9, 4]",6.7533119
./random_graph_db/graph_db_node_16/10_p0.7/10_graph_n16_p0.7_idx10.gpickle,16,0.7,10,5,31,101,"[5, 15, 0, 10, 2, 14, 4, 1, 7, 6, 8, 3, 11, 13, 9, 12]",6.8347628
./random_graph_db/graph_db_node_16/10_p0.7/10_graph_n16_p0.7_idx2.gpickle,16,0.7,2,5,33,105,"[8, 2, 13, 5, 14, 0, 6, 7, 9, 3, 15, 12, 4, 10, 1, 11]",7.4493032
./random_graph_db/graph_db_node_16/10_p0.7/10_graph_n16_p0.7_idx3.gpickle,16,0.7,3,5,34,95,"[1, 11, 2, 5, 14, 13, 10, 0, 3, 15, 9, 7, 6, 12, 8, 4]",6.9146838
./random_graph_db/graph_db_node_16/10_p0.7/10_graph_n16_p0.7_idx4.gpickle,16,0.7,4,5,36,104,"[8, 12, 5, 0, 13, 3, 11, 10, 9, 1, 6, 2, 4, 7, 15, 14]",7.0745451
./random_graph_db/graph_db_node_16/10_p0.7/10_graph_n16_p0.7_idx5.gpickle,16,0.7,5,5,34,108,"[13, 4, 3, 8, 6, 14, 15, 11, 0, 10, 5, 12, 7, 2, 9, 1]",6.96486
./random_graph_db/graph_db_node_16/10_p0.7/10_graph_n16_p0.7_idx6.gpickle,16,0.7,6,5,30,89,"[6, 15, 4, 3, 2, 0, 9, 13, 5, 11, 14, 12, 8, 1, 7, 10]",6.8520262
./random_graph_db/graph_db_node_16/10_p0.7/10_graph_n16_p0.7_idx7.gpickle,16,0.7,7,5,29,96,"[12, 15, 7, 1, 9, 14, 5, 2, 10, 3, 4, 11, 8, 6, 13, 0]",7.0975029
./random_graph_db/graph_db_node_16/10_p0.7/10_graph_n16_p0.7_idx8.gpickle,16,0.7,8,6,40,117,"[13, 14, 2, 4, 15, 3, 5, 7, 6, 9, 0, 10, 8, 12, 1, 11]",7.0388858
./random_graph_db/graph_db_node_16/10_p0.7/10_graph_n16_p0.7_idx9.gpickle,16,0.7,9,5,29,90,"[11, 2, 1, 10, 13, 3, 0, 5, 7, 8, 15, 9, 6, 4, 12, 14]",7.0019531
./random_graph_db/graph_db_node_16/11_p0.8/11_graph_n16_p0.8_idx1.gpickle,16,0.8,1,3,12,50,"[8, 6, 2, 12, 7, 5, 13, 4, 0, 11, 3, 15, 1, 14, 9, 10]",6.7280719
./random_graph_db/graph_db_node_16/11_p0.8/11_graph_n16_p0.8_idx10.gpickle,16,0.8,10,4,22,74,"[10, 12, 14, 5, 15, 3, 4, 13, 8, 7, 6, 1, 2, 9, 11, 0]",6.749655
./random_graph_db/graph_db_node_16/11_p0.8/11_graph_n16_p0.8_idx2.gpickle,16,0.8,2,3,10,48,"[2, 9, 12, 0, 1, 10, 6, 7, 13, 14, 4, 3, 5, 8, 15, 11]",6.5533071
./random_graph_db/graph_db_node_16/11_p0.8/11_graph_n16_p0.8_idx3.gpickle,16,0.8,3,4,24,76,"[7, 2, 10, 15, 4, 1, 3, 13, 11, 8, 12, 5, 14, 6, 9, 0]",6.9309552
./random_graph_db/graph_db_node_16/11_p0.8/11_graph_n16_p0.8_idx4.gpickle,16,0.8,4,5,28,91,"[2, 6, 13, 3, 12, 8, 14, 11, 9, 10, 4, 1, 7, 15, 5, 0]",6.7621589
./random_graph_db/graph_db_node_16/11_p0.8/11_graph_n16_p0.8_idx5.gpickle,16,0.8,5,4,15,52,"[15, 9, 1, 7, 8, 2, 5, 13, 12, 0, 14, 4, 11, 3, 6, 10]",6.7972798
./random_graph_db/graph_db_node_16/11_p0.8/11_graph_n16_p0.8_idx6.gpickle,16,0.8,6,4,15,58,"[15, 11, 9, 10, 12, 6, 7, 3, 2, 14, 4, 5, 13, 1, 8, 0]",6.610996
./random_graph_db/graph_db_node_16/11_p0.8/11_graph_n16_p0.8_idx7.gpickle,16,0.8,7,4,19,68,"[15, 1, 12, 10, 5, 11, 7, 6, 14, 2, 3, 8, 9, 0, 4, 13]",6.607584
./random_graph_db/graph_db_node_16/11_p0.8/11_graph_n16_p0.8_idx8.gpickle,16,0.8,8,4,18,69,"[15, 8, 4, 14, 3, 2, 11, 1, 12, 7, 13, 10, 0, 5, 9, 6]",6.779633
./random_graph_db/graph_db_node_16/11_p0.8/11_graph_n16_p0.8_idx9.gpickle,16,0.8,9,4,15,44,"[4, 3, 12, 15, 13, 5, 1, 2, 11, 10, 0, 7, 14, 6, 8, 9]",6.8566678
./random_graph_db/graph_db_node_16/12_p0.9/12_graph_n16_p0.9_idx1.gpickle,16,0.9,1,3,8,41,"[7, 8, 14, 9, 1, 5, 6, 0, 3, 4, 15, 13, 2, 12, 11, 10]",6.6307402
./random_graph_db/graph_db_node_16/12_p0.9/12_graph_n16_p0.9_idx10.gpickle,16,0.9,10,3,8,29,"[4, 15, 1, 8, 12, 0, 3, 11, 14, 5, 13, 7, 6, 2, 9, 10]",6.5398977
./random_graph_db/graph_db_node_16/12_p0.9/12_graph_n16_p0.9_idx2.gpickle,16,0.9,2,2,6,29,"[1, 12, 4, 5, 6, 0, 3, 15, 8, 10, 13, 7, 2, 11, 14, 9]",6.5198522
./random_graph_db/graph_db_node_16/12_p0.9/12_graph_n16_p0.9_idx3.gpickle,16,0.9,3,3,10,39,"[12, 0, 1, 6, 13, 10, 14, 9, 8, 2, 3, 7, 15, 11, 4, 5]",6.4286819
./random_graph_db/graph_db_node_16/12_p0.9/12_graph_n16_p0.9_idx4.gpickle,16,0.9,4,4,16,50,"[4, 6, 9, 8, 13, 3, 15, 0, 14, 5, 2, 12, 11, 7, 1, 10]",6.635437
./random_graph_db/graph_db_node_16/12_p0.9/12_graph_n16_p0.9_idx5.gpickle,16,0.9,5,2,7,41,"[8, 7, 13, 12, 3, 0, 9, 10, 6, 14, 5, 2, 11, 15, 4, 1]",6.1773
./random_graph_db/graph_db_node_16/12_p0.9/12_graph_n16_p0.9_idx6.gpickle,16,0.9,6,2,7,38,"[9, 6, 10, 3, 14, 8, 5, 11, 15, 7, 4, 13, 2, 1, 12, 0]",6.304388
./random_graph_db/graph_db_node_16/12_p0.9/12_graph_n16_p0.9_idx7.gpickle,16,0.9,7,3,10,44,"[3, 9, 6, 8, 0, 14, 13, 10, 7, 11, 4, 15, 2, 5, 12, 1]",6.197911
./random_graph_db/graph_db_node_16/12_p0.9/12_graph_n16_p0.9_idx8.gpickle,16,0.9,8,3,14,49,"[4, 0, 1, 3, 10, 9, 11, 7, 5, 14, 8, 2, 6, 12, 13, 15]",6.7526152
./random_graph_db/graph_db_node_16/12_p0.9/12_graph_n16_p0.9_idx9.gpickle,16,0.9,9,3,11,56,"[7, 8, 6, 4, 12, 5, 2, 10, 1, 3, 15, 13, 9, 11, 0, 14]",6.704514
./random_graph_db/graph_db_node_17/01_p0.1/01_graph_n17_p0.1_idx1.gpickle,17,0.1,1,2,2,23,"[8, 4, 7, 13, 12, 15, 11, 3, 9, 10, 2, 1, 5, 16, 14, 6, 0]",6.693301
./random_graph_db/graph_db_node_17/01_p0.1/01_graph_n17_p0.1_idx10.gpickle,17,0.1,10,3,9,44,"[14, 12, 13, 4, 1, 5, 0, 10, 9, 8, 3, 16, 6, 15, 11, 7, 2]",7.0274413
./random_graph_db/graph_db_node_17/01_p0.1/01_graph_n17_p0.1_idx2.gpickle,17,0.1,2,2,2,23,"[2, 9, 12, 14, 13, 6, 0, 16, 11, 4, 3, 5, 1, 8, 15, 10, 7]",6.5896881
./random_graph_db/graph_db_node_17/01_p0.1/01_graph_n17_p0.1_idx3.gpickle,17,0.1,3,3,9,35,"[0, 16, 7, 15, 6, 5, 2, 10, 1, 8, 11, 4, 14, 3, 12, 9, 13]",6.7502663
./random_graph_db/graph_db_node_17/01_p0.1/01_graph_n17_p0.1_idx4.gpickle,17,0.1,4,2,3,22,"[6, 16, 15, 13, 3, 11, 4, 5, 2, 14, 0, 9, 7, 10, 1, 8, 12]",6.8881712
./random_graph_db/graph_db_node_17/01_p0.1/01_graph_n17_p0.1_idx5.gpickle,17,0.1,5,3,10,32,"[16, 8, 7, 2, 6, 3, 14, 15, 11, 12, 1, 10, 9, 4, 13, 0, 5]",6.919338
./random_graph_db/graph_db_node_17/01_p0.1/01_graph_n17_p0.1_idx6.gpickle,17,0.1,6,2,3,24,"[5, 6, 15, 12, 13, 3, 2, 1, 9, 14, 0, 4, 11, 7, 16, 8, 10]",6.6155798
./random_graph_db/graph_db_node_17/01_p0.1/01_graph_n17_p0.1_idx7.gpickle,17,0.1,7,2,2,26,"[10, 7, 6, 8, 5, 13, 12, 0, 2, 16, 3, 1, 9, 14, 11, 15, 4]",6.7850819
./random_graph_db/graph_db_node_17/01_p0.1/01_graph_n17_p0.1_idx8.gpickle,17,0.1,8,3,5,27,"[8, 16, 0, 11, 3, 4, 7, 14, 5, 9, 12, 6, 2, 15, 13, 1, 10]",6.6675949
./random_graph_db/graph_db_node_17/01_p0.1/01_graph_n17_p0.1_idx9.gpickle,17,0.1,9,2,3,27,"[5, 3, 15, 4, 11, 6, 16, 2, 7, 8, 10, 12, 14, 0, 9, 1, 13]",6.6014669
./random_graph_db/graph_db_node_17/02_p0.2/02_graph_n17_p0.2_idx1.gpickle,17,0.2,1,4,16,56,"[4, 2, 10, 12, 9, 7, 3, 8, 5, 0, 6, 11, 13, 16, 15, 14, 1]",7.3634131
./random_graph_db/graph_db_node_17/02_p0.2/02_graph_n17_p0.2_idx10.gpickle,17,0.2,10,3,9,43,"[16, 3, 10, 5, 14, 11, 13, 6, 8, 9, 15, 0, 1, 12, 2, 4, 7]",7.1430342
./random_graph_db/graph_db_node_17/02_p0.2/02_graph_n17_p0.2_idx2.gpickle,17,0.2,2,4,27,81,"[12, 4, 0, 7, 9, 3, 5, 10, 8, 2, 14, 1, 15, 6, 13, 11, 16]",7.3199499
./random_graph_db/graph_db_node_17/02_p0.2/02_graph_n17_p0.2_idx3.gpickle,17,0.2,3,4,18,62,"[6, 0, 4, 8, 10, 14, 15, 1, 2, 5, 7, 13, 9, 11, 16, 12, 3]",7.3764238
./random_graph_db/graph_db_node_17/02_p0.2/02_graph_n17_p0.2_idx4.gpickle,17,0.2,4,3,9,40,"[5, 6, 9, 13, 15, 3, 12, 1, 0, 14, 10, 7, 16, 2, 11, 8, 4]",6.8465519
./random_graph_db/graph_db_node_17/02_p0.2/02_graph_n17_p0.2_idx5.gpickle,17,0.2,5,5,15,57,"[7, 5, 14, 4, 16, 10, 0, 1, 2, 3, 8, 12, 15, 9, 13, 11, 6]",7.0393169
./random_graph_db/graph_db_node_17/02_p0.2/02_graph_n17_p0.2_idx6.gpickle,17,0.2,6,4,13,45,"[3, 9, 7, 0, 16, 15, 1, 13, 12, 14, 10, 6, 5, 11, 2, 4, 8]",7.5787902
./random_graph_db/graph_db_node_17/02_p0.2/02_graph_n17_p0.2_idx7.gpickle,17,0.2,7,4,17,54,"[13, 0, 3, 2, 4, 15, 9, 16, 11, 6, 14, 7, 12, 10, 8, 1, 5]",7.133528
./random_graph_db/graph_db_node_17/02_p0.2/02_graph_n17_p0.2_idx8.gpickle,17,0.2,8,3,10,54,"[15, 2, 16, 3, 13, 5, 6, 11, 10, 8, 1, 0, 14, 4, 7, 12, 9]",6.9769878
./random_graph_db/graph_db_node_17/02_p0.2/02_graph_n17_p0.2_idx9.gpickle,17,0.2,9,5,27,72,"[5, 6, 0, 1, 8, 4, 13, 14, 7, 2, 15, 9, 12, 11, 16, 10, 3]",7.251883
./random_graph_db/graph_db_node_17/03_p0.3/03_graph_n17_p0.3_idx1.gpickle,17,0.3,1,4,20,74,"[14, 0, 9, 3, 7, 12, 8, 5, 15, 16, 1, 11, 4, 6, 2, 10, 13]",7.3519499
./random_graph_db/graph_db_node_17/03_p0.3/03_graph_n17_p0.3_idx10.gpickle,17,0.3,10,5,28,85,"[13, 9, 1, 2, 14, 15, 10, 11, 7, 8, 16, 3, 6, 5, 12, 4, 0]",7.488447
./random_graph_db/graph_db_node_17/03_p0.3/03_graph_n17_p0.3_idx2.gpickle,17,0.3,2,5,33,97,"[3, 7, 13, 15, 14, 0, 8, 12, 5, 9, 11, 10, 16, 6, 4, 1, 2]",7.6479359
./random_graph_db/graph_db_node_17/03_p0.3/03_graph_n17_p0.3_idx3.gpickle,17,0.3,3,4,20,70,"[6, 7, 9, 5, 2, 13, 14, 16, 8, 15, 10, 0, 1, 11, 12, 4, 3]",7.3203361
./random_graph_db/graph_db_node_17/03_p0.3/03_graph_n17_p0.3_idx4.gpickle,17,0.3,4,5,33,97,"[12, 13, 5, 1, 3, 7, 6, 15, 16, 0, 2, 8, 4, 14, 10, 9, 11]",7.750102
./random_graph_db/graph_db_node_17/03_p0.3/03_graph_n17_p0.3_idx5.gpickle,17,0.3,5,5,27,78,"[15, 5, 8, 12, 2, 10, 0, 9, 6, 1, 3, 11, 4, 16, 13, 7, 14]",7.4733639
./random_graph_db/graph_db_node_17/03_p0.3/03_graph_n17_p0.3_idx6.gpickle,17,0.3,6,5,26,73,"[2, 13, 4, 1, 10, 3, 5, 12, 9, 6, 14, 7, 11, 0, 15, 8, 16]",7.3480978
./random_graph_db/graph_db_node_17/03_p0.3/03_graph_n17_p0.3_idx7.gpickle,17,0.3,7,5,28,69,"[9, 5, 11, 2, 12, 10, 1, 0, 4, 13, 6, 14, 15, 7, 8, 16, 3]",7.717206
./random_graph_db/graph_db_node_17/03_p0.3/03_graph_n17_p0.3_idx8.gpickle,17,0.3,8,5,34,103,"[4, 7, 6, 14, 13, 10, 0, 8, 15, 2, 16, 11, 9, 5, 1, 12, 3]",7.4675181
./random_graph_db/graph_db_node_17/03_p0.3/03_graph_n17_p0.3_idx9.gpickle,17,0.3,9,5,35,107,"[7, 6, 13, 15, 16, 1, 3, 5, 8, 9, 4, 11, 2, 0, 12, 10, 14]",7.6964962
./random_graph_db/graph_db_node_17/04_p0.4/04_graph_n17_p0.4_idx1.gpickle,17,0.4,1,6,42,123,"[5, 2, 15, 1, 3, 0, 9, 10, 4, 13, 12, 6, 16, 7, 8, 14, 11]",7.5283041
./random_graph_db/graph_db_node_17/04_p0.4/04_graph_n17_p0.4_idx10.gpickle,17,0.4,10,5,38,121,"[10, 2, 16, 14, 15, 5, 13, 1, 12, 4, 11, 7, 0, 8, 3, 6, 9]",7.538826
./random_graph_db/graph_db_node_17/04_p0.4/04_graph_n17_p0.4_idx2.gpickle,17,0.4,2,5,30,88,"[1, 0, 12, 6, 15, 9, 11, 2, 13, 7, 16, 4, 5, 8, 10, 14, 3]",7.8961139
./random_graph_db/graph_db_node_17/04_p0.4/04_graph_n17_p0.4_idx3.gpickle,17,0.4,3,5,36,113,"[4, 5, 8, 10, 1, 16, 2, 9, 0, 14, 7, 12, 6, 11, 15, 3, 13]",7.669086
./random_graph_db/graph_db_node_17/04_p0.4/04_graph_n17_p0.4_idx4.gpickle,17,0.4,4,6,48,132,"[1, 11, 8, 14, 6, 0, 16, 12, 13, 2, 15, 9, 7, 3, 10, 5, 4]",7.6280119
./random_graph_db/graph_db_node_17/04_p0.4/04_graph_n17_p0.4_idx5.gpickle,17,0.4,5,5,30,93,"[9, 8, 11, 12, 14, 16, 2, 6, 15, 7, 5, 4, 10, 0, 3, 13, 1]",7.79597
./random_graph_db/graph_db_node_17/04_p0.4/04_graph_n17_p0.4_idx6.gpickle,17,0.4,6,6,39,116,"[0, 7, 16, 10, 9, 11, 6, 5, 13, 1, 12, 14, 4, 2, 3, 8, 15]",7.5748391
./random_graph_db/graph_db_node_17/04_p0.4/04_graph_n17_p0.4_idx7.gpickle,17,0.4,7,5,33,96,"[13, 12, 5, 2, 7, 3, 0, 9, 1, 16, 10, 4, 11, 6, 15, 14, 8]",7.742162
./random_graph_db/graph_db_node_17/04_p0.4/04_graph_n17_p0.4_idx8.gpickle,17,0.4,8,5,35,101,"[5, 6, 15, 1, 8, 0, 16, 4, 3, 13, 7, 10, 2, 12, 9, 14, 11]",7.5526938
./random_graph_db/graph_db_node_17/04_p0.4/04_graph_n17_p0.4_idx9.gpickle,17,0.4,9,5,29,97,"[2, 3, 1, 16, 8, 4, 9, 15, 14, 11, 0, 12, 7, 13, 10, 6, 5]",7.5976131
./random_graph_db/graph_db_node_17/05_p0.45/05_graph_n17_p0.45_idx1.gpickle,17,0.45,1,5,35,120,"[11, 10, 14, 0, 12, 16, 2, 15, 9, 8, 3, 5, 1, 4, 13, 7, 6]",8.0717239
./random_graph_db/graph_db_node_17/05_p0.45/05_graph_n17_p0.45_idx10.gpickle,17,0.45,10,5,32,111,"[6, 12, 3, 13, 2, 0, 11, 1, 4, 10, 14, 9, 5, 16, 8, 15, 7]",7.5518889
./random_graph_db/graph_db_node_17/05_p0.45/05_graph_n17_p0.45_idx2.gpickle,17,0.45,2,5,33,108,"[14, 3, 0, 7, 13, 6, 2, 10, 8, 4, 16, 5, 1, 15, 12, 11, 9]",7.6349039
./random_graph_db/graph_db_node_17/05_p0.45/05_graph_n17_p0.45_idx3.gpickle,17,0.45,3,5,36,116,"[14, 15, 10, 4, 9, 13, 11, 8, 1, 7, 0, 16, 5, 2, 6, 12, 3]",7.6053951
./random_graph_db/graph_db_node_17/05_p0.45/05_graph_n17_p0.45_idx4.gpickle,17,0.45,4,6,39,108,"[13, 8, 1, 5, 12, 7, 0, 11, 16, 15, 10, 3, 4, 6, 14, 9, 2]",7.6682179
./random_graph_db/graph_db_node_17/05_p0.45/05_graph_n17_p0.45_idx5.gpickle,17,0.45,5,6,50,137,"[4, 6, 2, 3, 14, 10, 13, 1, 7, 8, 5, 9, 11, 12, 15, 16, 0]",7.8468621
./random_graph_db/graph_db_node_17/05_p0.45/05_graph_n17_p0.45_idx6.gpickle,17,0.45,6,6,40,112,"[2, 12, 15, 8, 7, 13, 14, 1, 4, 10, 11, 3, 0, 5, 16, 6, 9]",7.7271464
./random_graph_db/graph_db_node_17/05_p0.45/05_graph_n17_p0.45_idx7.gpickle,17,0.45,7,5,27,82,"[6, 0, 3, 13, 14, 2, 15, 9, 12, 1, 4, 11, 7, 5, 10, 8, 16]",7.581902
./random_graph_db/graph_db_node_17/05_p0.45/05_graph_n17_p0.45_idx8.gpickle,17,0.45,8,6,50,133,"[0, 14, 2, 1, 8, 11, 10, 13, 7, 5, 4, 16, 9, 6, 12, 3, 15]",7.8384809
./random_graph_db/graph_db_node_17/05_p0.45/05_graph_n17_p0.45_idx9.gpickle,17,0.45,9,6,40,111,"[16, 15, 1, 4, 7, 2, 11, 6, 10, 0, 14, 13, 5, 8, 12, 3, 9]",7.774971
./random_graph_db/graph_db_node_17/06_p0.5/06_graph_n17_p0.5_idx1.gpickle,17,0.5,1,5,42,128,"[16, 3, 1, 13, 15, 10, 7, 8, 14, 4, 9, 6, 5, 11, 0, 12, 2]",7.7306879
./random_graph_db/graph_db_node_17/06_p0.5/06_graph_n17_p0.5_idx10.gpickle,17,0.5,10,5,36,106,"[10, 16, 3, 6, 1, 4, 11, 5, 8, 13, 0, 14, 2, 12, 9, 7, 15]",7.5085952
./random_graph_db/graph_db_node_17/06_p0.5/06_graph_n17_p0.5_idx2.gpickle,17,0.5,2,5,34,109,"[6, 5, 14, 9, 8, 12, 11, 16, 1, 3, 15, 10, 2, 4, 13, 7, 0]",7.5166647
./random_graph_db/graph_db_node_17/06_p0.5/06_graph_n17_p0.5_idx3.gpickle,17,0.5,3,6,45,123,"[11, 2, 6, 12, 8, 3, 15, 0, 10, 7, 4, 14, 1, 5, 16, 13, 9]",8.2087197
./random_graph_db/graph_db_node_17/06_p0.5/06_graph_n17_p0.5_idx4.gpickle,17,0.5,4,5,35,106,"[9, 11, 3, 5, 13, 15, 2, 16, 10, 4, 8, 6, 12, 0, 14, 1, 7]",8.3842671
./random_graph_db/graph_db_node_17/06_p0.5/06_graph_n17_p0.5_idx5.gpickle,17,0.5,5,6,35,106,"[1, 2, 7, 6, 15, 5, 10, 11, 3, 8, 12, 13, 9, 16, 0, 14, 4]",8.6506391
./random_graph_db/graph_db_node_17/06_p0.5/06_graph_n17_p0.5_idx6.gpickle,17,0.5,6,6,39,120,"[7, 2, 5, 10, 0, 13, 12, 1, 4, 16, 14, 11, 6, 8, 15, 9, 3]",8.5140579
./random_graph_db/graph_db_node_17/06_p0.5/06_graph_n17_p0.5_idx7.gpickle,17,0.5,7,6,42,120,"[15, 0, 14, 13, 11, 6, 8, 9, 16, 3, 4, 5, 2, 10, 1, 7, 12]",8.4288421
./random_graph_db/graph_db_node_17/06_p0.5/06_graph_n17_p0.5_idx8.gpickle,17,0.5,8,6,42,114,"[8, 2, 7, 5, 3, 12, 1, 14, 9, 16, 4, 11, 13, 6, 10, 15, 0]",8.9737833
./random_graph_db/graph_db_node_17/06_p0.5/06_graph_n17_p0.5_idx9.gpickle,17,0.5,9,6,36,110,"[5, 16, 0, 7, 8, 3, 4, 15, 6, 2, 9, 14, 13, 10, 12, 1, 11]",8.450985
./random_graph_db/graph_db_node_17/07_p0.55/07_graph_n17_p0.55_idx1.gpickle,17,0.55,1,6,43,124,"[9, 11, 7, 4, 1, 8, 10, 14, 15, 16, 2, 5, 13, 6, 12, 0, 3]",8.490773
./random_graph_db/graph_db_node_17/07_p0.55/07_graph_n17_p0.55_idx10.gpickle,17,0.55,10,5,38,101,"[4, 3, 9, 11, 8, 13, 0, 7, 10, 6, 14, 15, 16, 2, 12, 1, 5]",7.9613607
./random_graph_db/graph_db_node_17/07_p0.55/07_graph_n17_p0.55_idx2.gpickle,17,0.55,2,6,37,109,"[15, 6, 1, 7, 14, 3, 11, 0, 16, 10, 4, 2, 12, 8, 9, 5, 13]",8.4580789
./random_graph_db/graph_db_node_17/07_p0.55/07_graph_n17_p0.55_idx3.gpickle,17,0.55,3,6,45,123,"[15, 14, 6, 8, 11, 0, 4, 10, 9, 3, 1, 2, 16, 13, 5, 12, 7]",7.9151742
./random_graph_db/graph_db_node_17/07_p0.55/07_graph_n17_p0.55_idx4.gpickle,17,0.55,4,6,41,114,"[12, 5, 7, 9, 10, 3, 15, 2, 13, 4, 14, 16, 6, 0, 8, 1, 11]",8.0386171
./random_graph_db/graph_db_node_17/07_p0.55/07_graph_n17_p0.55_idx5.gpickle,17,0.55,5,6,43,121,"[0, 8, 9, 2, 15, 14, 1, 7, 3, 11, 16, 4, 12, 13, 5, 10, 6]",7.740227
./random_graph_db/graph_db_node_17/07_p0.55/07_graph_n17_p0.55_idx6.gpickle,17,0.55,6,5,39,114,"[0, 10, 3, 14, 11, 5, 2, 6, 12, 15, 13, 16, 1, 9, 8, 7, 4]",7.7455971
./random_graph_db/graph_db_node_17/07_p0.55/07_graph_n17_p0.55_idx7.gpickle,17,0.55,7,6,42,122,"[0, 5, 10, 15, 6, 4, 2, 16, 12, 7, 14, 3, 9, 11, 1, 13, 8]",7.6632609
./random_graph_db/graph_db_node_17/07_p0.55/07_graph_n17_p0.55_idx8.gpickle,17,0.55,8,6,53,143,"[4, 16, 0, 3, 9, 13, 2, 12, 14, 15, 11, 7, 10, 6, 1, 8, 5]",8.367959
./random_graph_db/graph_db_node_17/07_p0.55/07_graph_n17_p0.55_idx9.gpickle,17,0.55,9,6,49,134,"[4, 2, 6, 5, 1, 7, 0, 3, 16, 8, 15, 12, 11, 9, 13, 10, 14]",7.7328751
./random_graph_db/graph_db_node_17/08_p0.6/08_graph_n17_p0.6_idx1.gpickle,17,0.6,1,6,44,139,"[11, 8, 7, 5, 1, 10, 9, 2, 13, 4, 12, 0, 3, 14, 15, 6, 16]",7.920933
./random_graph_db/graph_db_node_17/08_p0.6/08_graph_n17_p0.6_idx10.gpickle,17,0.6,10,5,38,117,"[12, 4, 3, 7, 9, 10, 14, 0, 2, 13, 11, 16, 5, 1, 15, 6, 8]",7.8157799
./random_graph_db/graph_db_node_17/08_p0.6/08_graph_n17_p0.6_idx2.gpickle,17,0.6,2,6,46,133,"[16, 12, 7, 3, 4, 9, 10, 15, 5, 11, 1, 6, 14, 0, 2, 8, 13]",7.491564
./random_graph_db/graph_db_node_17/08_p0.6/08_graph_n17_p0.6_idx3.gpickle,17,0.6,3,5,33,104,"[15, 2, 6, 16, 11, 4, 0, 14, 1, 5, 7, 8, 13, 3, 10, 12, 9]",7.6154082
./random_graph_db/graph_db_node_17/08_p0.6/08_graph_n17_p0.6_idx4.gpickle,17,0.6,4,5,42,125,"[0, 13, 6, 2, 16, 15, 5, 14, 1, 12, 9, 4, 8, 3, 10, 11, 7]",7.6457071
./random_graph_db/graph_db_node_17/08_p0.6/08_graph_n17_p0.6_idx5.gpickle,17,0.6,5,5,35,96,"[5, 6, 12, 4, 15, 13, 2, 3, 11, 10, 1, 8, 9, 14, 16, 7, 0]",7.779392
./random_graph_db/graph_db_node_17/08_p0.6/08_graph_n17_p0.6_idx6.gpickle,17,0.6,6,5,33,111,"[3, 13, 2, 8, 4, 11, 16, 9, 7, 6, 14, 5, 15, 0, 10, 12, 1]",7.3914371
./random_graph_db/graph_db_node_17/08_p0.6/08_graph_n17_p0.6_idx7.gpickle,17,0.6,7,5,29,90,"[5, 13, 10, 4, 8, 0, 2, 15, 1, 11, 16, 7, 9, 6, 12, 14, 3]",7.6396019
./random_graph_db/graph_db_node_17/08_p0.6/08_graph_n17_p0.6_idx8.gpickle,17,0.6,8,6,36,103,"[11, 3, 1, 9, 13, 0, 10, 8, 2, 12, 4, 15, 7, 6, 5, 16, 14]",7.897737
./random_graph_db/graph_db_node_17/08_p0.6/08_graph_n17_p0.6_idx9.gpickle,17,0.6,9,6,43,126,"[16, 8, 3, 12, 5, 14, 9, 7, 0, 1, 10, 6, 15, 4, 13, 2, 11]",7.701582
./random_graph_db/graph_db_node_17/09_p0.65/09_graph_n17_p0.65_idx1.gpickle,17,0.65,1,6,36,111,"[9, 15, 10, 13, 2, 4, 3, 12, 16, 14, 5, 0, 7, 11, 1, 6, 8]",7.781718
./random_graph_db/graph_db_node_17/09_p0.65/09_graph_n17_p0.65_idx10.gpickle,17,0.65,10,6,46,130,"[14, 0, 13, 15, 4, 16, 12, 6, 9, 3, 5, 10, 1, 2, 11, 8, 7]",7.7449841
./random_graph_db/graph_db_node_17/09_p0.65/09_graph_n17_p0.65_idx2.gpickle,17,0.65,2,6,42,113,"[12, 15, 3, 6, 7, 5, 16, 13, 10, 9, 4, 0, 14, 1, 11, 2, 8]",7.5871522
./random_graph_db/graph_db_node_17/09_p0.65/09_graph_n17_p0.65_idx3.gpickle,17,0.65,3,6,40,123,"[7, 10, 5, 2, 0, 3, 11, 15, 1, 16, 13, 12, 9, 4, 8, 14, 6]",7.7885969
./random_graph_db/graph_db_node_17/09_p0.65/09_graph_n17_p0.65_idx4.gpickle,17,0.65,4,6,45,119,"[16, 14, 6, 8, 4, 15, 13, 7, 12, 1, 10, 2, 11, 5, 9, 0, 3]",7.588618
./random_graph_db/graph_db_node_17/09_p0.65/09_graph_n17_p0.65_idx5.gpickle,17,0.65,5,5,33,112,"[6, 1, 4, 9, 13, 12, 5, 3, 2, 0, 10, 16, 7, 15, 14, 8, 11]",7.4336722
./random_graph_db/graph_db_node_17/09_p0.65/09_graph_n17_p0.65_idx6.gpickle,17,0.65,6,6,42,119,"[8, 7, 9, 10, 15, 14, 3, 6, 11, 1, 16, 0, 4, 2, 12, 13, 5]",7.9136481
./random_graph_db/graph_db_node_17/09_p0.65/09_graph_n17_p0.65_idx7.gpickle,17,0.65,7,6,42,106,"[9, 0, 3, 5, 11, 13, 14, 6, 4, 10, 12, 15, 16, 2, 8, 7, 1]",7.7688172
./random_graph_db/graph_db_node_17/09_p0.65/09_graph_n17_p0.65_idx8.gpickle,17,0.65,8,5,33,98,"[4, 2, 9, 1, 8, 14, 13, 6, 7, 12, 16, 10, 15, 0, 11, 5, 3]",7.5031731
./random_graph_db/graph_db_node_17/09_p0.65/09_graph_n17_p0.65_idx9.gpickle,17,0.65,9,5,30,97,"[7, 4, 15, 8, 0, 10, 6, 5, 12, 1, 3, 11, 2, 16, 13, 9, 14]",7.5212688
./random_graph_db/graph_db_node_17/10_p0.7/10_graph_n17_p0.7_idx1.gpickle,17,0.7,1,4,25,80,"[3, 16, 9, 6, 12, 14, 2, 0, 10, 13, 8, 5, 7, 4, 15, 11, 1]",7.4539702
./random_graph_db/graph_db_node_17/10_p0.7/10_graph_n17_p0.7_idx10.gpickle,17,0.7,10,5,31,101,"[6, 1, 3, 13, 2, 14, 11, 16, 10, 0, 12, 8, 7, 5, 9, 4, 15]",7.6498168
./random_graph_db/graph_db_node_17/10_p0.7/10_graph_n17_p0.7_idx2.gpickle,17,0.7,2,5,34,110,"[4, 15, 3, 9, 7, 13, 16, 6, 2, 1, 8, 11, 10, 5, 12, 0, 14]",7.6133702
./random_graph_db/graph_db_node_17/10_p0.7/10_graph_n17_p0.7_idx3.gpickle,17,0.7,3,5,35,113,"[7, 5, 4, 12, 11, 3, 9, 6, 16, 10, 13, 0, 14, 15, 2, 1, 8]",7.891264
./random_graph_db/graph_db_node_17/10_p0.7/10_graph_n17_p0.7_idx4.gpickle,17,0.7,4,5,37,121,"[3, 4, 8, 16, 15, 14, 12, 10, 11, 6, 1, 7, 9, 2, 0, 5, 13]",7.5516868
./random_graph_db/graph_db_node_17/10_p0.7/10_graph_n17_p0.7_idx5.gpickle,17,0.7,5,6,36,106,"[11, 4, 13, 12, 10, 8, 3, 16, 15, 5, 0, 1, 9, 14, 7, 6, 2]",7.5996339
./random_graph_db/graph_db_node_17/10_p0.7/10_graph_n17_p0.7_idx6.gpickle,17,0.7,6,5,30,103,"[0, 15, 3, 11, 14, 12, 2, 4, 8, 1, 10, 9, 16, 7, 6, 13, 5]",7.5583868
./random_graph_db/graph_db_node_17/10_p0.7/10_graph_n17_p0.7_idx7.gpickle,17,0.7,7,6,34,105,"[10, 8, 15, 3, 12, 13, 14, 6, 11, 7, 0, 9, 4, 5, 16, 1, 2]",7.6543338
./random_graph_db/graph_db_node_17/10_p0.7/10_graph_n17_p0.7_idx8.gpickle,17,0.7,8,6,36,107,"[8, 5, 15, 12, 4, 7, 16, 0, 2, 11, 13, 6, 9, 14, 1, 10, 3]",7.6818502
./random_graph_db/graph_db_node_17/10_p0.7/10_graph_n17_p0.7_idx9.gpickle,17,0.7,9,6,42,126,"[9, 10, 1, 12, 5, 13, 6, 11, 8, 14, 0, 3, 15, 16, 2, 7, 4]",7.6628668
./random_graph_db/graph_db_node_17/11_p0.8/11_graph_n17_p0.8_idx1.gpickle,17,0.8,1,4,21,72,"[12, 2, 1, 9, 10, 5, 8, 16, 4, 3, 7, 13, 14, 15, 0, 6, 11]",7.2593272
./random_graph_db/graph_db_node_17/11_p0.8/11_graph_n17_p0.8_idx10.gpickle,17,0.8,10,5,32,87,"[3, 8, 9, 15, 13, 12, 4, 10, 11, 1, 6, 2, 16, 7, 0, 14, 5]",7.841279
./random_graph_db/graph_db_node_17/11_p0.8/11_graph_n17_p0.8_idx2.gpickle,17,0.8,2,3,14,52,"[2, 15, 12, 13, 8, 10, 4, 16, 0, 5, 3, 7, 9, 1, 6, 14, 11]",7.1337259
./random_graph_db/graph_db_node_17/11_p0.8/11_graph_n17_p0.8_idx3.gpickle,17,0.8,3,5,26,65,"[6, 13, 5, 7, 12, 1, 0, 14, 16, 15, 2, 9, 11, 3, 8, 4, 10]",7.5560281
./random_graph_db/graph_db_node_17/11_p0.8/11_graph_n17_p0.8_idx4.gpickle,17,0.8,4,6,43,110,"[9, 10, 5, 0, 2, 14, 11, 13, 7, 4, 3, 6, 1, 8, 16, 15, 12]",7.8510957
./random_graph_db/graph_db_node_17/11_p0.8/11_graph_n17_p0.8_idx5.gpickle,17,0.8,5,4,23,63,"[9, 12, 2, 7, 8, 16, 3, 0, 13, 15, 14, 5, 10, 6, 11, 1, 4]",7.2648261
./random_graph_db/graph_db_node_17/11_p0.8/11_graph_n17_p0.8_idx6.gpickle,17,0.8,6,4,25,67,"[8, 14, 9, 12, 6, 15, 10, 11, 16, 1, 13, 0, 5, 7, 4, 3, 2]",7.3193731
./random_graph_db/graph_db_node_17/11_p0.8/11_graph_n17_p0.8_idx7.gpickle,17,0.8,7,4,25,93,"[13, 10, 14, 11, 9, 12, 15, 1, 7, 16, 6, 8, 2, 3, 4, 0, 5]",7.5293009
./random_graph_db/graph_db_node_17/11_p0.8/11_graph_n17_p0.8_idx8.gpickle,17,0.8,8,3,16,53,"[16, 0, 1, 10, 15, 5, 6, 2, 7, 14, 3, 11, 9, 8, 12, 13, 4]",7.061636
./random_graph_db/graph_db_node_17/11_p0.8/11_graph_n17_p0.8_idx9.gpickle,17,0.8,9,5,33,99,"[9, 4, 11, 8, 3, 1, 14, 2, 0, 10, 12, 15, 5, 6, 16, 13, 7]",7.8101501
./random_graph_db/graph_db_node_17/12_p0.9/12_graph_n17_p0.9_idx1.gpickle,17,0.9,1,3,10,44,"[0, 4, 2, 11, 1, 8, 6, 13, 3, 14, 12, 7, 5, 9, 10, 15, 16]",6.8938899
./random_graph_db/graph_db_node_17/12_p0.9/12_graph_n17_p0.9_idx10.gpickle,17,0.9,10,3,9,40,"[3, 6, 8, 13, 15, 0, 14, 12, 5, 9, 11, 1, 10, 16, 7, 2, 4]",6.7948151
./random_graph_db/graph_db_node_17/12_p0.9/12_graph_n17_p0.9_idx2.gpickle,17,0.9,2,3,11,46,"[9, 4, 13, 12, 7, 3, 6, 0, 2, 8, 11, 15, 16, 14, 1, 5, 10]",7.0638099
./random_graph_db/graph_db_node_17/12_p0.9/12_graph_n17_p0.9_idx3.gpickle,17,0.9,3,3,16,54,"[10, 1, 6, 12, 7, 9, 3, 0, 2, 15, 8, 13, 11, 16, 14, 4, 5]",6.978848
./random_graph_db/graph_db_node_17/12_p0.9/12_graph_n17_p0.9_idx4.gpickle,17,0.9,4,4,19,60,"[2, 10, 15, 7, 3, 9, 0, 13, 5, 16, 12, 6, 8, 11, 1, 4, 14]",7.1615238
./random_graph_db/graph_db_node_17/12_p0.9/12_graph_n17_p0.9_idx5.gpickle,17,0.9,5,3,7,29,"[14, 16, 11, 7, 4, 5, 8, 10, 13, 6, 2, 15, 12, 9, 3, 0, 1]",7.0857892
./random_graph_db/graph_db_node_17/12_p0.9/12_graph_n17_p0.9_idx6.gpickle,17,0.9,6,2,3,30,"[3, 15, 10, 11, 1, 6, 12, 14, 5, 0, 13, 9, 2, 7, 4, 8, 16]",6.3212938
./random_graph_db/graph_db_node_17/12_p0.9/12_graph_n17_p0.9_idx7.gpickle,17,0.9,7,2,9,47,"[8, 1, 11, 16, 5, 12, 7, 2, 10, 4, 13, 15, 14, 9, 3, 6, 0]",7.0967379
./random_graph_db/graph_db_node_17/12_p0.9/12_graph_n17_p0.9_idx8.gpickle,17,0.9,8,3,13,47,"[3, 12, 13, 6, 0, 4, 2, 1, 5, 9, 16, 7, 8, 11, 10, 14, 15]",7.2158151
./random_graph_db/graph_db_node_17/12_p0.9/12_graph_n17_p0.9_idx9.gpickle,17,0.9,9,4,14,47,"[2, 8, 1, 12, 13, 3, 4, 6, 5, 11, 16, 7, 14, 0, 10, 9, 15]",7.019572
./random_graph_db/graph_db_node_18/01_p0.1/01_graph_n18_p0.1_idx1.gpickle,18,0.1,1,2,2,27,"[0, 15, 14, 5, 6, 11, 2, 8, 10, 12, 17, 7, 3, 16, 4, 1, 9, 13]",6.9176083
./random_graph_db/graph_db_node_18/01_p0.1/01_graph_n18_p0.1_idx10.gpickle,18,0.1,10,3,6,29,"[9, 12, 10, 13, 14, 5, 1, 2, 6, 7, 0, 16, 15, 4, 17, 3, 8, 11]",7.3764558
./random_graph_db/graph_db_node_18/01_p0.1/01_graph_n18_p0.1_idx2.gpickle,18,0.1,2,3,5,28,"[17, 16, 0, 8, 15, 14, 7, 3, 5, 6, 10, 1, 11, 9, 2, 12, 13, 4]",7.1961689
./random_graph_db/graph_db_node_18/01_p0.1/01_graph_n18_p0.1_idx3.gpickle,18,0.1,3,3,7,35,"[14, 9, 3, 13, 4, 2, 17, 8, 7, 15, 16, 11, 6, 12, 5, 10, 0, 1]",7.3847771
./random_graph_db/graph_db_node_18/01_p0.1/01_graph_n18_p0.1_idx4.gpickle,18,0.1,4,2,3,30,"[6, 8, 5, 13, 1, 16, 3, 0, 2, 12, 10, 17, 4, 14, 7, 15, 11, 9]",7.0080981
./random_graph_db/graph_db_node_18/01_p0.1/01_graph_n18_p0.1_idx5.gpickle,18,0.1,5,3,4,30,"[8, 14, 11, 16, 4, 9, 1, 6, 13, 3, 2, 0, 17, 7, 10, 15, 12, 5]",7.1111772
./random_graph_db/graph_db_node_18/01_p0.1/01_graph_n18_p0.1_idx6.gpickle,18,0.1,6,2,3,30,"[2, 6, 4, 11, 13, 15, 16, 3, 9, 14, 17, 8, 1, 0, 10, 12, 7, 5]",7.4260452
./random_graph_db/graph_db_node_18/01_p0.1/01_graph_n18_p0.1_idx7.gpickle,18,0.1,7,3,6,32,"[8, 4, 15, 3, 17, 6, 1, 10, 11, 0, 7, 5, 12, 14, 2, 13, 16, 9]",7.2439492
./random_graph_db/graph_db_node_18/01_p0.1/01_graph_n18_p0.1_idx8.gpickle,18,0.1,8,2,3,35,"[9, 1, 12, 6, 7, 17, 10, 5, 14, 8, 4, 2, 11, 0, 3, 16, 13, 15]",7.2733181
./random_graph_db/graph_db_node_18/01_p0.1/01_graph_n18_p0.1_idx9.gpickle,18,0.1,9,2,5,34,"[0, 14, 8, 9, 13, 1, 15, 4, 6, 2, 7, 11, 10, 3, 17, 16, 5, 12]",7.5007999
./random_graph_db/graph_db_node_18/02_p0.2/02_graph_n18_p0.2_idx1.gpickle,18,0.2,1,3,16,60,"[12, 0, 6, 2, 7, 16, 4, 15, 10, 14, 17, 1, 5, 8, 3, 13, 9, 11]",7.683763
./random_graph_db/graph_db_node_18/02_p0.2/02_graph_n18_p0.2_idx10.gpickle,18,0.2,10,4,24,87,"[16, 12, 17, 5, 2, 7, 14, 3, 8, 13, 11, 10, 15, 6, 4, 0, 1, 9]",7.6724291
./random_graph_db/graph_db_node_18/02_p0.2/02_graph_n18_p0.2_idx2.gpickle,18,0.2,2,4,24,77,"[2, 11, 9, 12, 1, 0, 16, 7, 15, 14, 17, 6, 5, 8, 10, 4, 3, 13]",8.053524
./random_graph_db/graph_db_node_18/02_p0.2/02_graph_n18_p0.2_idx3.gpickle,18,0.2,3,4,15,44,"[3, 10, 14, 12, 5, 2, 16, 6, 1, 9, 11, 4, 8, 15, 0, 17, 13, 7]",7.54126
./random_graph_db/graph_db_node_18/02_p0.2/02_graph_n18_p0.2_idx4.gpickle,18,0.2,4,4,23,83,"[4, 1, 7, 15, 6, 17, 3, 12, 9, 13, 8, 2, 11, 14, 10, 5, 16, 0]",8.092494
./random_graph_db/graph_db_node_18/02_p0.2/02_graph_n18_p0.2_idx5.gpickle,18,0.2,5,4,19,72,"[17, 5, 16, 13, 3, 11, 4, 9, 8, 6, 14, 15, 1, 2, 12, 0, 7, 10]",7.902247
./random_graph_db/graph_db_node_18/02_p0.2/02_graph_n18_p0.2_idx6.gpickle,18,0.2,6,4,14,45,"[1, 8, 12, 9, 13, 3, 5, 14, 16, 15, 4, 10, 7, 6, 2, 17, 11, 0]",7.4290872
./random_graph_db/graph_db_node_18/02_p0.2/02_graph_n18_p0.2_idx7.gpickle,18,0.2,7,5,17,51,"[9, 7, 5, 1, 4, 16, 3, 15, 17, 6, 10, 11, 8, 13, 14, 2, 0, 12]",7.9075992
./random_graph_db/graph_db_node_18/02_p0.2/02_graph_n18_p0.2_idx8.gpickle,18,0.2,8,4,18,71,"[0, 7, 15, 14, 6, 12, 9, 10, 16, 17, 3, 4, 5, 13, 8, 2, 1, 11]",7.6171772
./random_graph_db/graph_db_node_18/02_p0.2/02_graph_n18_p0.2_idx9.gpickle,18,0.2,9,4,17,55,"[2, 15, 9, 6, 13, 10, 8, 16, 4, 11, 1, 17, 5, 7, 3, 0, 12, 14]",7.6996791
./random_graph_db/graph_db_node_18/03_p0.3/03_graph_n18_p0.3_idx1.gpickle,18,0.3,1,6,38,121,"[7, 4, 3, 9, 12, 17, 8, 11, 15, 10, 13, 6, 16, 2, 0, 1, 14, 5]",8.4462631
./random_graph_db/graph_db_node_18/03_p0.3/03_graph_n18_p0.3_idx10.gpickle,18,0.3,10,5,24,84,"[8, 17, 2, 16, 14, 4, 3, 5, 0, 1, 15, 10, 12, 13, 7, 6, 11, 9]",7.8858619
./random_graph_db/graph_db_node_18/03_p0.3/03_graph_n18_p0.3_idx2.gpickle,18,0.3,2,5,25,96,"[7, 5, 12, 15, 16, 2, 17, 3, 10, 13, 6, 9, 4, 8, 0, 1, 11, 14]",8.1705501
./random_graph_db/graph_db_node_18/03_p0.3/03_graph_n18_p0.3_idx3.gpickle,18,0.3,3,6,36,93,"[13, 8, 3, 1, 2, 17, 7, 9, 15, 12, 14, 10, 4, 11, 5, 6, 16, 0]",8.1138752
./random_graph_db/graph_db_node_18/03_p0.3/03_graph_n18_p0.3_idx4.gpickle,18,0.3,4,5,28,89,"[10, 5, 14, 13, 3, 1, 17, 6, 11, 4, 9, 8, 2, 16, 15, 12, 7, 0]",7.8657899
./random_graph_db/graph_db_node_18/03_p0.3/03_graph_n18_p0.3_idx5.gpickle,18,0.3,5,6,39,109,"[4, 16, 5, 11, 1, 10, 13, 7, 14, 8, 0, 15, 9, 6, 17, 3, 2, 12]",8.2654121
./random_graph_db/graph_db_node_18/03_p0.3/03_graph_n18_p0.3_idx6.gpickle,18,0.3,6,6,37,117,"[8, 9, 14, 7, 6, 12, 10, 17, 11, 4, 15, 16, 3, 13, 5, 0, 1, 2]",8.0375772
./random_graph_db/graph_db_node_18/03_p0.3/03_graph_n18_p0.3_idx7.gpickle,18,0.3,7,5,25,72,"[2, 10, 0, 14, 4, 9, 16, 8, 15, 1, 6, 17, 7, 11, 12, 5, 13, 3]",8.0792289
./random_graph_db/graph_db_node_18/03_p0.3/03_graph_n18_p0.3_idx8.gpickle,18,0.3,8,6,45,136,"[6, 15, 17, 14, 7, 9, 13, 16, 3, 11, 8, 4, 0, 10, 12, 1, 2, 5]",8.2025139
./random_graph_db/graph_db_node_18/03_p0.3/03_graph_n18_p0.3_idx9.gpickle,18,0.3,9,6,39,112,"[8, 10, 17, 14, 4, 5, 0, 7, 3, 12, 13, 11, 9, 2, 6, 1, 16, 15]",8.5253198
./random_graph_db/graph_db_node_18/04_p0.4/04_graph_n18_p0.4_idx1.gpickle,18,0.4,1,6,45,134,"[9, 11, 16, 0, 13, 4, 3, 5, 2, 10, 15, 6, 12, 8, 1, 14, 17, 7]",8.446728
./random_graph_db/graph_db_node_18/04_p0.4/04_graph_n18_p0.4_idx10.gpickle,18,0.4,10,6,37,113,"[6, 3, 9, 17, 16, 2, 13, 12, 4, 5, 14, 0, 1, 8, 15, 7, 11, 10]",8.4580443
./random_graph_db/graph_db_node_18/04_p0.4/04_graph_n18_p0.4_idx2.gpickle,18,0.4,2,6,39,114,"[1, 16, 3, 7, 8, 15, 2, 9, 13, 4, 14, 12, 11, 5, 0, 6, 10, 17]",8.4119267
./random_graph_db/graph_db_node_18/04_p0.4/04_graph_n18_p0.4_idx3.gpickle,18,0.4,3,6,46,134,"[17, 8, 5, 4, 7, 1, 0, 15, 6, 9, 16, 3, 14, 11, 12, 13, 2, 10]",8.4809511
./random_graph_db/graph_db_node_18/04_p0.4/04_graph_n18_p0.4_idx4.gpickle,18,0.4,4,6,44,127,"[6, 0, 5, 17, 12, 2, 11, 9, 13, 16, 4, 8, 15, 3, 10, 1, 7, 14]",8.3522651
./random_graph_db/graph_db_node_18/04_p0.4/04_graph_n18_p0.4_idx5.gpickle,18,0.4,5,6,45,118,"[3, 12, 5, 11, 7, 4, 1, 9, 2, 8, 6, 14, 10, 16, 13, 17, 15, 0]",8.240036
./random_graph_db/graph_db_node_18/04_p0.4/04_graph_n18_p0.4_idx6.gpickle,18,0.4,6,6,40,104,"[6, 1, 7, 5, 2, 9, 11, 16, 0, 3, 8, 4, 15, 10, 13, 14, 12, 17]",8.4361091
./random_graph_db/graph_db_node_18/04_p0.4/04_graph_n18_p0.4_idx7.gpickle,18,0.4,7,5,36,99,"[11, 6, 14, 13, 5, 7, 1, 4, 15, 12, 2, 17, 3, 10, 8, 0, 9, 16]",8.2657881
./random_graph_db/graph_db_node_18/04_p0.4/04_graph_n18_p0.4_idx8.gpickle,18,0.4,8,6,41,104,"[5, 8, 11, 13, 15, 6, 4, 3, 16, 14, 7, 1, 2, 0, 12, 17, 10, 9]",8.4640744
./random_graph_db/graph_db_node_18/04_p0.4/04_graph_n18_p0.4_idx9.gpickle,18,0.4,9,6,48,129,"[14, 11, 10, 15, 1, 8, 4, 17, 0, 12, 7, 13, 3, 6, 16, 2, 5, 9]",8.6045539
./random_graph_db/graph_db_node_18/05_p0.45/05_graph_n18_p0.45_idx1.gpickle,18,0.45,1,6,51,141,"[4, 0, 8, 14, 5, 16, 1, 7, 10, 9, 13, 6, 15, 3, 2, 11, 12, 17]",8.9330039
./random_graph_db/graph_db_node_18/05_p0.45/05_graph_n18_p0.45_idx10.gpickle,18,0.45,10,6,50,136,"[1, 17, 14, 3, 13, 6, 7, 10, 4, 5, 2, 16, 11, 15, 8, 0, 9, 12]",8.7262547
./random_graph_db/graph_db_node_18/05_p0.45/05_graph_n18_p0.45_idx2.gpickle,18,0.45,2,6,46,131,"[16, 9, 0, 13, 8, 4, 11, 5, 17, 2, 6, 15, 14, 3, 12, 1, 10, 7]",8.9251959
./random_graph_db/graph_db_node_18/05_p0.45/05_graph_n18_p0.45_idx3.gpickle,18,0.45,3,6,42,128,"[11, 9, 17, 16, 0, 1, 4, 8, 7, 10, 6, 13, 2, 14, 12, 3, 5, 15]",8.5499589
./random_graph_db/graph_db_node_18/05_p0.45/05_graph_n18_p0.45_idx4.gpickle,18,0.45,4,6,44,128,"[0, 15, 10, 9, 17, 6, 1, 5, 3, 16, 4, 12, 7, 8, 11, 14, 13, 2]",8.328218
./random_graph_db/graph_db_node_18/05_p0.45/05_graph_n18_p0.45_idx5.gpickle,18,0.45,5,6,54,150,"[7, 0, 5, 4, 6, 9, 17, 16, 11, 1, 12, 2, 14, 13, 10, 15, 3, 8]",8.5948641
./random_graph_db/graph_db_node_18/05_p0.45/05_graph_n18_p0.45_idx6.gpickle,18,0.45,6,6,41,123,"[0, 16, 2, 4, 6, 5, 10, 15, 1, 3, 13, 12, 11, 17, 7, 14, 8, 9]",8.4533482
./random_graph_db/graph_db_node_18/05_p0.45/05_graph_n18_p0.45_idx7.gpickle,18,0.45,7,6,44,120,"[15, 16, 14, 13, 17, 11, 3, 4, 9, 7, 1, 12, 10, 6, 5, 8, 2, 0]",8.399945
./random_graph_db/graph_db_node_18/05_p0.45/05_graph_n18_p0.45_idx8.gpickle,18,0.45,8,6,42,128,"[10, 2, 7, 9, 12, 13, 6, 8, 11, 15, 3, 16, 17, 4, 5, 1, 14, 0]",8.4166629
./random_graph_db/graph_db_node_18/05_p0.45/05_graph_n18_p0.45_idx9.gpickle,18,0.45,9,6,39,119,"[11, 16, 9, 1, 14, 10, 8, 15, 4, 12, 7, 5, 13, 3, 6, 17, 0, 2]",8.4492521
./random_graph_db/graph_db_node_18/06_p0.5/06_graph_n18_p0.5_idx1.gpickle,18,0.5,1,6,45,125,"[7, 12, 3, 5, 9, 16, 2, 6, 1, 10, 11, 8, 14, 15, 0, 17, 13, 4]",8.5378311
./random_graph_db/graph_db_node_18/06_p0.5/06_graph_n18_p0.5_idx10.gpickle,18,0.5,10,6,46,128,"[3, 0, 5, 10, 6, 12, 13, 17, 14, 7, 2, 16, 1, 15, 9, 8, 11, 4]",8.4109199
./random_graph_db/graph_db_node_18/06_p0.5/06_graph_n18_p0.5_idx2.gpickle,18,0.5,2,6,49,148,"[7, 17, 11, 14, 6, 16, 9, 8, 1, 12, 10, 15, 2, 3, 5, 4, 13, 0]",8.4286737
./random_graph_db/graph_db_node_18/06_p0.5/06_graph_n18_p0.5_idx3.gpickle,18,0.5,3,6,48,140,"[17, 15, 10, 12, 4, 1, 16, 9, 11, 2, 6, 0, 8, 13, 5, 7, 3, 14]",8.4167681
./random_graph_db/graph_db_node_18/06_p0.5/06_graph_n18_p0.5_idx4.gpickle,18,0.5,4,6,49,145,"[9, 10, 12, 3, 8, 16, 15, 7, 6, 13, 4, 2, 14, 1, 11, 0, 17, 5]",8.288228
./random_graph_db/graph_db_node_18/06_p0.5/06_graph_n18_p0.5_idx5.gpickle,18,0.5,5,6,41,132,"[4, 1, 17, 10, 14, 16, 15, 12, 0, 3, 5, 13, 11, 6, 9, 8, 2, 7]",8.3803511
./random_graph_db/graph_db_node_18/06_p0.5/06_graph_n18_p0.5_idx6.gpickle,18,0.5,6,6,44,125,"[2, 10, 9, 7, 17, 6, 16, 8, 11, 13, 4, 14, 1, 12, 0, 3, 5, 15]",8.5024838
./random_graph_db/graph_db_node_18/06_p0.5/06_graph_n18_p0.5_idx7.gpickle,18,0.5,7,5,37,127,"[7, 9, 6, 11, 14, 4, 1, 10, 16, 13, 17, 2, 8, 15, 12, 0, 5, 3]",8.2410252
./random_graph_db/graph_db_node_18/06_p0.5/06_graph_n18_p0.5_idx8.gpickle,18,0.5,8,6,48,131,"[15, 11, 16, 7, 9, 4, 17, 8, 10, 5, 13, 12, 1, 0, 14, 2, 3, 6]",8.6240683
./random_graph_db/graph_db_node_18/06_p0.5/06_graph_n18_p0.5_idx9.gpickle,18,0.5,9,6,41,129,"[3, 11, 8, 7, 4, 6, 16, 14, 15, 1, 12, 10, 13, 9, 0, 5, 17, 2]",8.4602489
./random_graph_db/graph_db_node_18/07_p0.55/07_graph_n18_p0.55_idx1.gpickle,18,0.55,1,6,43,130,"[6, 10, 3, 17, 13, 14, 0, 5, 9, 8, 11, 7, 2, 15, 12, 1, 4, 16]",8.3494661
./random_graph_db/graph_db_node_18/07_p0.55/07_graph_n18_p0.55_idx10.gpickle,18,0.55,10,6,44,145,"[9, 6, 14, 15, 17, 7, 2, 4, 8, 13, 16, 0, 5, 12, 11, 10, 3, 1]",8.3118651
./random_graph_db/graph_db_node_18/07_p0.55/07_graph_n18_p0.55_idx2.gpickle,18,0.55,2,6,41,113,"[9, 12, 5, 13, 4, 1, 10, 7, 17, 16, 2, 11, 3, 6, 8, 14, 0, 15]",8.660943
./random_graph_db/graph_db_node_18/07_p0.55/07_graph_n18_p0.55_idx3.gpickle,18,0.55,3,6,42,118,"[9, 15, 10, 4, 2, 6, 17, 1, 7, 3, 5, 0, 11, 14, 12, 16, 13, 8]",8.274909
./random_graph_db/graph_db_node_18/07_p0.55/07_graph_n18_p0.55_idx4.gpickle,18,0.55,4,6,50,135,"[9, 11, 0, 16, 4, 13, 12, 8, 3, 5, 6, 10, 1, 7, 14, 15, 17, 2]",8.4524229
./random_graph_db/graph_db_node_18/07_p0.55/07_graph_n18_p0.55_idx5.gpickle,18,0.55,5,6,41,120,"[8, 14, 16, 12, 5, 9, 4, 3, 10, 7, 17, 2, 11, 6, 0, 13, 1, 15]",8.5919428
./random_graph_db/graph_db_node_18/07_p0.55/07_graph_n18_p0.55_idx6.gpickle,18,0.55,6,6,43,109,"[4, 6, 8, 0, 9, 10, 15, 13, 2, 5, 11, 12, 14, 3, 1, 17, 7, 16]",8.4798439
./random_graph_db/graph_db_node_18/07_p0.55/07_graph_n18_p0.55_idx7.gpickle,18,0.55,7,6,38,107,"[11, 12, 7, 14, 8, 15, 1, 2, 13, 0, 6, 16, 3, 9, 4, 17, 5, 10]",8.4783609
./random_graph_db/graph_db_node_18/07_p0.55/07_graph_n18_p0.55_idx8.gpickle,18,0.55,8,6,45,131,"[4, 1, 9, 17, 15, 13, 3, 16, 0, 12, 6, 14, 2, 8, 10, 5, 7, 11]",8.4339499
./random_graph_db/graph_db_node_18/07_p0.55/07_graph_n18_p0.55_idx9.gpickle,18,0.55,9,6,51,137,"[14, 1, 12, 8, 17, 13, 2, 6, 10, 16, 0, 15, 11, 7, 4, 3, 5, 9]",8.5295832
./random_graph_db/graph_db_node_18/08_p0.6/08_graph_n18_p0.6_idx1.gpickle,18,0.6,1,6,37,124,"[7, 10, 3, 14, 4, 9, 11, 17, 6, 13, 2, 8, 12, 0, 16, 5, 1, 15]",8.1538091
./random_graph_db/graph_db_node_18/08_p0.6/08_graph_n18_p0.6_idx10.gpickle,18,0.6,10,6,39,121,"[15, 9, 16, 4, 13, 1, 6, 7, 8, 0, 11, 12, 5, 2, 3, 14, 10, 17]",8.0904331
./random_graph_db/graph_db_node_18/08_p0.6/08_graph_n18_p0.6_idx2.gpickle,18,0.6,2,6,49,137,"[11, 6, 15, 5, 4, 1, 13, 17, 10, 9, 16, 7, 3, 2, 12, 0, 8, 14]",8.9930234
./random_graph_db/graph_db_node_18/08_p0.6/08_graph_n18_p0.6_idx3.gpickle,18,0.6,3,6,40,121,"[2, 16, 0, 1, 11, 8, 10, 9, 14, 5, 12, 13, 17, 6, 4, 3, 15, 7]",8.2731471
./random_graph_db/graph_db_node_18/08_p0.6/08_graph_n18_p0.6_idx4.gpickle,18,0.6,4,6,40,126,"[5, 8, 7, 11, 16, 9, 17, 4, 3, 10, 0, 1, 12, 2, 6, 14, 15, 13]",8.377867
./random_graph_db/graph_db_node_18/08_p0.6/08_graph_n18_p0.6_idx5.gpickle,18,0.6,5,6,50,150,"[5, 9, 2, 13, 3, 11, 7, 16, 12, 17, 6, 14, 15, 8, 1, 0, 4, 10]",8.433008
./random_graph_db/graph_db_node_18/08_p0.6/08_graph_n18_p0.6_idx6.gpickle,18,0.6,6,6,49,136,"[15, 9, 12, 10, 13, 14, 11, 1, 0, 6, 3, 8, 16, 17, 4, 7, 5, 2]",8.366617
./random_graph_db/graph_db_node_18/08_p0.6/08_graph_n18_p0.6_idx7.gpickle,18,0.6,7,6,41,124,"[6, 3, 12, 17, 1, 7, 4, 5, 11, 15, 9, 14, 8, 0, 2, 13, 10, 16]",8.4685981
./random_graph_db/graph_db_node_18/08_p0.6/08_graph_n18_p0.6_idx8.gpickle,18,0.6,8,6,43,113,"[7, 14, 2, 10, 3, 16, 8, 11, 1, 4, 6, 13, 17, 9, 15, 0, 5, 12]",8.2350109
./random_graph_db/graph_db_node_18/08_p0.6/08_graph_n18_p0.6_idx9.gpickle,18,0.6,9,6,37,110,"[3, 1, 5, 16, 17, 14, 13, 0, 4, 2, 9, 10, 15, 12, 11, 8, 7, 6]",8.6263139
./random_graph_db/graph_db_node_18/09_p0.65/09_graph_n18_p0.65_idx1.gpickle,18,0.65,1,6,41,115,"[2, 9, 3, 4, 12, 1, 15, 17, 5, 13, 10, 8, 6, 14, 11, 7, 16, 0]",8.21661
./random_graph_db/graph_db_node_18/09_p0.65/09_graph_n18_p0.65_idx10.gpickle,18,0.65,10,6,45,122,"[0, 16, 4, 2, 3, 15, 13, 8, 14, 17, 5, 6, 11, 7, 10, 12, 1, 9]",8.3700042
./random_graph_db/graph_db_node_18/09_p0.65/09_graph_n18_p0.65_idx2.gpickle,18,0.65,2,6,50,135,"[9, 13, 4, 17, 12, 11, 8, 1, 2, 3, 5, 7, 14, 0, 10, 16, 15, 6]",8.2845161
./random_graph_db/graph_db_node_18/09_p0.65/09_graph_n18_p0.65_idx3.gpickle,18,0.65,3,6,49,143,"[16, 15, 14, 1, 2, 12, 11, 3, 0, 5, 10, 7, 4, 17, 9, 13, 8, 6]",8.2345469
./random_graph_db/graph_db_node_18/09_p0.65/09_graph_n18_p0.65_idx4.gpickle,18,0.65,4,6,39,101,"[16, 2, 1, 5, 11, 3, 10, 9, 7, 13, 17, 12, 8, 4, 6, 15, 0, 14]",8.4601049
./random_graph_db/graph_db_node_18/09_p0.65/09_graph_n18_p0.65_idx5.gpickle,18,0.65,5,6,40,113,"[10, 11, 15, 2, 9, 17, 4, 6, 0, 1, 8, 5, 13, 3, 14, 12, 7, 16]",8.1660779
./random_graph_db/graph_db_node_18/09_p0.65/09_graph_n18_p0.65_idx6.gpickle,18,0.65,6,6,44,127,"[13, 7, 17, 8, 9, 15, 3, 14, 1, 4, 0, 11, 10, 16, 6, 12, 2, 5]",8.4384289
./random_graph_db/graph_db_node_18/09_p0.65/09_graph_n18_p0.65_idx7.gpickle,18,0.65,7,5,39,106,"[10, 8, 14, 9, 7, 11, 5, 4, 2, 12, 17, 0, 13, 15, 1, 6, 16, 3]",8.1659031
./random_graph_db/graph_db_node_18/09_p0.65/09_graph_n18_p0.65_idx8.gpickle,18,0.65,8,6,41,123,"[5, 4, 16, 0, 10, 3, 9, 15, 12, 7, 6, 14, 11, 17, 2, 1, 8, 13]",8.1554708
./random_graph_db/graph_db_node_18/09_p0.65/09_graph_n18_p0.65_idx9.gpickle,18,0.65,9,6,53,142,"[11, 6, 10, 9, 2, 12, 1, 0, 8, 17, 13, 4, 14, 7, 16, 3, 5, 15]",8.3311312
./random_graph_db/graph_db_node_18/10_p0.7/10_graph_n18_p0.7_idx1.gpickle,18,0.7,1,5,34,105,"[12, 17, 2, 14, 6, 13, 5, 0, 15, 11, 8, 10, 3, 1, 7, 16, 9, 4]",8.0123589
./random_graph_db/graph_db_node_18/10_p0.7/10_graph_n18_p0.7_idx10.gpickle,18,0.7,10,6,45,129,"[8, 14, 7, 12, 1, 3, 6, 4, 16, 10, 0, 2, 15, 11, 5, 17, 9, 13]",8.169656
./random_graph_db/graph_db_node_18/10_p0.7/10_graph_n18_p0.7_idx2.gpickle,18,0.7,2,6,39,107,"[17, 3, 9, 11, 1, 14, 5, 10, 15, 2, 4, 7, 6, 12, 16, 8, 0, 13]",8.0107143
./random_graph_db/graph_db_node_18/10_p0.7/10_graph_n18_p0.7_idx3.gpickle,18,0.7,3,5,25,76,"[16, 9, 1, 11, 12, 0, 6, 8, 7, 2, 5, 4, 3, 13, 14, 10, 17, 15]",7.7737598
./random_graph_db/graph_db_node_18/10_p0.7/10_graph_n18_p0.7_idx4.gpickle,18,0.7,4,6,37,107,"[11, 4, 13, 1, 9, 0, 2, 5, 8, 14, 3, 7, 12, 17, 16, 6, 10, 15]",8.5747459
./random_graph_db/graph_db_node_18/10_p0.7/10_graph_n18_p0.7_idx5.gpickle,18,0.7,5,6,50,128,"[16, 4, 15, 0, 9, 8, 5, 17, 14, 12, 3, 6, 1, 7, 2, 10, 11, 13]",8.548557
./random_graph_db/graph_db_node_18/10_p0.7/10_graph_n18_p0.7_idx6.gpickle,18,0.7,6,6,61,164,"[3, 9, 13, 4, 2, 12, 0, 5, 15, 14, 8, 6, 7, 16, 11, 10, 17, 1]",8.7203858
./random_graph_db/graph_db_node_18/10_p0.7/10_graph_n18_p0.7_idx7.gpickle,18,0.7,7,6,48,130,"[7, 15, 12, 5, 6, 0, 2, 10, 8, 1, 3, 4, 13, 9, 17, 14, 11, 16]",8.3164518
./random_graph_db/graph_db_node_18/10_p0.7/10_graph_n18_p0.7_idx8.gpickle,18,0.7,8,6,45,122,"[11, 9, 15, 6, 10, 7, 8, 4, 13, 3, 17, 16, 2, 12, 1, 5, 14, 0]",8.5308921
./random_graph_db/graph_db_node_18/10_p0.7/10_graph_n18_p0.7_idx9.gpickle,18,0.7,9,6,49,144,"[9, 4, 3, 1, 15, 11, 7, 17, 10, 8, 0, 2, 16, 12, 5, 14, 6, 13]",8.5974381
./random_graph_db/graph_db_node_18/11_p0.8/11_graph_n18_p0.8_idx1.gpickle,18,0.8,1,5,36,96,"[4, 0, 5, 12, 3, 11, 13, 10, 9, 7, 2, 15, 14, 17, 6, 16, 1, 8]",7.8900242
./random_graph_db/graph_db_node_18/11_p0.8/11_graph_n18_p0.8_idx10.gpickle,18,0.8,10,5,33,105,"[0, 17, 2, 1, 3, 7, 10, 8, 6, 5, 9, 4, 11, 16, 12, 13, 14, 15]",8.5250101
./random_graph_db/graph_db_node_18/11_p0.8/11_graph_n18_p0.8_idx2.gpickle,18,0.8,2,4,19,60,"[13, 16, 2, 14, 0, 4, 17, 10, 9, 11, 7, 1, 6, 15, 3, 8, 12, 5]",7.6683562
./random_graph_db/graph_db_node_18/11_p0.8/11_graph_n18_p0.8_idx3.gpickle,18,0.8,3,5,33,90,"[3, 15, 5, 1, 8, 10, 4, 11, 12, 7, 13, 9, 0, 16, 17, 2, 14, 6]",8.1921992
./random_graph_db/graph_db_node_18/11_p0.8/11_graph_n18_p0.8_idx4.gpickle,18,0.8,4,5,32,102,"[0, 2, 15, 8, 4, 11, 1, 9, 16, 6, 12, 17, 14, 7, 10, 5, 13, 3]",7.9325204
./random_graph_db/graph_db_node_18/11_p0.8/11_graph_n18_p0.8_idx5.gpickle,18,0.8,5,4,20,82,"[11, 4, 12, 17, 15, 6, 16, 9, 8, 5, 0, 3, 2, 14, 1, 13, 7, 10]",7.5717828
./random_graph_db/graph_db_node_18/11_p0.8/11_graph_n18_p0.8_idx6.gpickle,18,0.8,6,5,30,94,"[3, 5, 16, 9, 4, 0, 13, 8, 14, 12, 1, 7, 15, 6, 2, 17, 11, 10]",8.3249149
./random_graph_db/graph_db_node_18/11_p0.8/11_graph_n18_p0.8_idx7.gpickle,18,0.8,7,5,28,91,"[6, 9, 13, 5, 12, 4, 16, 10, 15, 17, 11, 8, 14, 1, 7, 2, 3, 0]",7.8797319
./random_graph_db/graph_db_node_18/11_p0.8/11_graph_n18_p0.8_idx8.gpickle,18,0.8,8,5,44,131,"[3, 16, 5, 11, 0, 1, 4, 12, 9, 8, 10, 15, 6, 7, 17, 2, 14, 13]",8.5553563
./random_graph_db/graph_db_node_18/11_p0.8/11_graph_n18_p0.8_idx9.gpickle,18,0.8,9,5,22,70,"[3, 7, 16, 4, 1, 8, 17, 5, 11, 15, 9, 0, 10, 13, 14, 2, 6, 12]",7.8476651
./random_graph_db/graph_db_node_18/12_p0.9/12_graph_n18_p0.9_idx1.gpickle,18,0.9,1,3,13,50,"[10, 8, 15, 17, 0, 7, 16, 14, 6, 13, 12, 1, 2, 9, 5, 3, 4, 11]",7.5270522
./random_graph_db/graph_db_node_18/12_p0.9/12_graph_n18_p0.9_idx10.gpickle,18,0.9,10,3,13,50,"[4, 9, 7, 16, 14, 0, 12, 11, 8, 15, 13, 3, 2, 10, 17, 6, 5, 1]",7.2838912
./random_graph_db/graph_db_node_18/12_p0.9/12_graph_n18_p0.9_idx2.gpickle,18,0.9,2,3,12,53,"[11, 15, 5, 14, 0, 2, 17, 6, 9, 16, 13, 12, 8, 10, 7, 4, 3, 1]",7.312187
./random_graph_db/graph_db_node_18/12_p0.9/12_graph_n18_p0.9_idx3.gpickle,18,0.9,3,4,21,76,"[2, 5, 7, 9, 3, 12, 11, 13, 17, 1, 15, 8, 6, 16, 14, 0, 10, 4]",7.8263581
./random_graph_db/graph_db_node_18/12_p0.9/12_graph_n18_p0.9_idx4.gpickle,18,0.9,4,5,27,85,"[10, 5, 0, 3, 9, 17, 1, 13, 14, 11, 7, 15, 8, 16, 4, 2, 12, 6]",7.8006291
./random_graph_db/graph_db_node_18/12_p0.9/12_graph_n18_p0.9_idx5.gpickle,18,0.9,5,3,14,55,"[6, 15, 17, 4, 8, 13, 2, 5, 1, 14, 12, 11, 10, 7, 0, 16, 9, 3]",7.1977839
./random_graph_db/graph_db_node_18/12_p0.9/12_graph_n18_p0.9_idx6.gpickle,18,0.9,6,2,8,49,"[10, 1, 6, 16, 11, 2, 5, 17, 12, 8, 3, 15, 14, 9, 7, 0, 4, 13]",7.3594739
./random_graph_db/graph_db_node_18/12_p0.9/12_graph_n18_p0.9_idx7.gpickle,18,0.9,7,3,14,48,"[12, 7, 5, 17, 0, 14, 13, 3, 8, 4, 2, 11, 10, 6, 16, 15, 9, 1]",7.49387
./random_graph_db/graph_db_node_18/12_p0.9/12_graph_n18_p0.9_idx8.gpickle,18,0.9,8,3,14,49,"[6, 16, 9, 7, 4, 12, 13, 14, 2, 10, 3, 11, 5, 15, 17, 1, 8, 0]",7.6083658
./random_graph_db/graph_db_node_18/12_p0.9/12_graph_n18_p0.9_idx9.gpickle,18,0.9,9,4,13,48,"[14, 15, 8, 17, 5, 9, 11, 1, 10, 16, 12, 0, 6, 4, 13, 2, 3, 7]",7.3991539
./random_graph_db/graph_db_node_19/01_p0.1/01_graph_n19_p0.1_idx1.gpickle,19,0.1,1,3,7,31,"[15, 6, 12, 14, 1, 13, 16, 2, 10, 8, 18, 5, 3, 0, 11, 9, 17, 4, 7]",7.5987782
./random_graph_db/graph_db_node_19/01_p0.1/01_graph_n19_p0.1_idx10.gpickle,19,0.1,10,3,7,31,"[1, 3, 2, 12, 17, 18, 15, 4, 0, 16, 7, 14, 11, 5, 6, 13, 9, 10, 8]",7.808326
./random_graph_db/graph_db_node_19/01_p0.1/01_graph_n19_p0.1_idx2.gpickle,19,0.1,2,2,2,26,"[2, 15, 7, 5, 1, 8, 6, 16, 4, 3, 14, 9, 12, 13, 0, 17, 11, 10, 18]",7.2358069
./random_graph_db/graph_db_node_19/01_p0.1/01_graph_n19_p0.1_idx3.gpickle,19,0.1,3,2,4,27,"[10, 11, 15, 18, 8, 9, 2, 14, 7, 16, 17, 3, 6, 5, 1, 13, 0, 12, 4]",7.6759019
./random_graph_db/graph_db_node_19/01_p0.1/01_graph_n19_p0.1_idx4.gpickle,19,0.1,4,3,10,49,"[9, 17, 10, 14, 13, 11, 1, 6, 2, 3, 4, 16, 5, 7, 15, 12, 0, 18, 8]",7.872895
./random_graph_db/graph_db_node_19/01_p0.1/01_graph_n19_p0.1_idx5.gpickle,19,0.1,5,3,8,35,"[8, 9, 17, 4, 6, 3, 0, 11, 12, 1, 14, 2, 10, 5, 15, 18, 13, 16, 7]",7.7434511
./random_graph_db/graph_db_node_19/01_p0.1/01_graph_n19_p0.1_idx6.gpickle,19,0.1,6,2,2,30,"[5, 13, 11, 14, 18, 15, 16, 6, 4, 2, 9, 8, 0, 12, 1, 3, 10, 17, 7]",7.4429622
./random_graph_db/graph_db_node_19/01_p0.1/01_graph_n19_p0.1_idx7.gpickle,19,0.1,7,3,6,37,"[0, 6, 13, 17, 10, 3, 12, 16, 9, 7, 18, 1, 4, 8, 11, 5, 2, 14, 15]",7.7910521
./random_graph_db/graph_db_node_19/01_p0.1/01_graph_n19_p0.1_idx8.gpickle,19,0.1,8,2,4,38,"[10, 6, 17, 11, 3, 12, 2, 1, 8, 0, 13, 9, 5, 14, 15, 18, 7, 16, 4]",7.745791
./random_graph_db/graph_db_node_19/01_p0.1/01_graph_n19_p0.1_idx9.gpickle,19,0.1,9,4,15,56,"[2, 0, 11, 8, 13, 4, 5, 3, 15, 17, 6, 12, 16, 10, 14, 18, 1, 7, 9]",8.2745831
./random_graph_db/graph_db_node_19/02_p0.2/02_graph_n19_p0.2_idx1.gpickle,19,0.2,1,4,16,51,"[7, 9, 15, 18, 11, 8, 6, 5, 3, 0, 10, 16, 1, 2, 14, 17, 13, 12, 4]",8.0581617
./random_graph_db/graph_db_node_19/02_p0.2/02_graph_n19_p0.2_idx10.gpickle,19,0.2,10,4,10,46,"[15, 2, 8, 7, 3, 14, 9, 13, 18, 6, 0, 5, 10, 16, 17, 1, 12, 11, 4]",7.849766
./random_graph_db/graph_db_node_19/02_p0.2/02_graph_n19_p0.2_idx2.gpickle,19,0.2,2,5,23,81,"[4, 2, 6, 17, 3, 7, 10, 18, 13, 14, 1, 12, 11, 8, 5, 15, 9, 16, 0]",8.5790002
./random_graph_db/graph_db_node_19/02_p0.2/02_graph_n19_p0.2_idx3.gpickle,19,0.2,3,4,21,82,"[9, 2, 12, 16, 14, 4, 8, 1, 7, 5, 0, 13, 15, 11, 18, 10, 6, 17, 3]",8.1046412
./random_graph_db/graph_db_node_19/02_p0.2/02_graph_n19_p0.2_idx4.gpickle,19,0.2,4,4,17,77,"[8, 11, 6, 15, 16, 14, 17, 3, 2, 13, 0, 1, 5, 12, 18, 7, 10, 9, 4]",8.0556862
./random_graph_db/graph_db_node_19/02_p0.2/02_graph_n19_p0.2_idx5.gpickle,19,0.2,5,5,22,68,"[16, 4, 10, 11, 2, 0, 5, 18, 6, 15, 3, 9, 13, 12, 7, 1, 14, 8, 17]",8.382596
./random_graph_db/graph_db_node_19/02_p0.2/02_graph_n19_p0.2_idx6.gpickle,19,0.2,6,4,14,48,"[1, 4, 8, 12, 18, 15, 16, 14, 9, 6, 10, 2, 17, 5, 13, 3, 11, 7, 0]",8.1658952
./random_graph_db/graph_db_node_19/02_p0.2/02_graph_n19_p0.2_idx7.gpickle,19,0.2,7,5,22,86,"[7, 9, 13, 12, 15, 8, 16, 6, 4, 18, 2, 5, 3, 0, 11, 10, 1, 17, 14]",8.268847
./random_graph_db/graph_db_node_19/02_p0.2/02_graph_n19_p0.2_idx8.gpickle,19,0.2,8,4,24,67,"[1, 2, 17, 6, 9, 4, 12, 14, 0, 18, 15, 10, 3, 7, 5, 13, 11, 8, 16]",8.133605
./random_graph_db/graph_db_node_19/02_p0.2/02_graph_n19_p0.2_idx9.gpickle,19,0.2,9,5,31,100,"[9, 6, 13, 2, 1, 18, 16, 8, 15, 17, 11, 5, 10, 12, 7, 3, 0, 4, 14]",9.1140563
./random_graph_db/graph_db_node_19/03_p0.3/03_graph_n19_p0.3_idx1.gpickle,19,0.3,1,6,40,116,"[16, 15, 8, 17, 2, 5, 0, 4, 3, 10, 14, 12, 7, 1, 6, 9, 13, 11, 18]",8.709758
./random_graph_db/graph_db_node_19/03_p0.3/03_graph_n19_p0.3_idx10.gpickle,19,0.3,10,6,48,126,"[5, 12, 4, 16, 9, 7, 14, 17, 3, 6, 1, 11, 15, 10, 0, 2, 18, 13, 8]",8.896244
./random_graph_db/graph_db_node_19/03_p0.3/03_graph_n19_p0.3_idx2.gpickle,19,0.3,2,6,30,67,"[14, 5, 2, 15, 9, 0, 11, 17, 8, 6, 3, 18, 7, 4, 1, 13, 12, 10, 16]",8.705904
./random_graph_db/graph_db_node_19/03_p0.3/03_graph_n19_p0.3_idx3.gpickle,19,0.3,3,6,38,114,"[18, 2, 11, 1, 12, 0, 7, 17, 4, 13, 14, 6, 16, 15, 3, 9, 10, 8, 5]",8.9248118
./random_graph_db/graph_db_node_19/03_p0.3/03_graph_n19_p0.3_idx4.gpickle,19,0.3,4,5,37,118,"[10, 15, 7, 2, 3, 18, 4, 9, 6, 0, 11, 16, 1, 13, 14, 17, 5, 8, 12]",8.591619
./random_graph_db/graph_db_node_19/03_p0.3/03_graph_n19_p0.3_idx5.gpickle,19,0.3,5,5,30,102,"[10, 13, 12, 4, 14, 5, 0, 18, 16, 15, 2, 9, 7, 3, 8, 17, 11, 6, 1]",8.5611889
./random_graph_db/graph_db_node_19/03_p0.3/03_graph_n19_p0.3_idx6.gpickle,19,0.3,6,6,33,115,"[5, 3, 7, 16, 1, 0, 10, 11, 15, 14, 12, 17, 9, 4, 18, 6, 13, 8, 2]",9.0589268
./random_graph_db/graph_db_node_19/03_p0.3/03_graph_n19_p0.3_idx7.gpickle,19,0.3,7,6,43,132,"[10, 13, 3, 16, 5, 1, 8, 15, 7, 9, 12, 18, 2, 6, 4, 14, 11, 17, 0]",8.7090359
./random_graph_db/graph_db_node_19/03_p0.3/03_graph_n19_p0.3_idx8.gpickle,19,0.3,8,7,54,150,"[4, 14, 7, 18, 17, 6, 16, 9, 2, 8, 13, 15, 1, 3, 5, 11, 12, 10, 0]",8.9571378
./random_graph_db/graph_db_node_19/03_p0.3/03_graph_n19_p0.3_idx9.gpickle,19,0.3,9,7,56,140,"[4, 5, 17, 9, 0, 1, 7, 18, 2, 16, 3, 12, 13, 11, 8, 15, 6, 10, 14]",9.169138
./random_graph_db/graph_db_node_19/04_p0.4/04_graph_n19_p0.4_idx1.gpickle,19,0.4,1,6,46,148,"[6, 4, 11, 9, 10, 15, 16, 1, 5, 17, 18, 8, 14, 12, 13, 0, 3, 7, 2]",9.1464362
./random_graph_db/graph_db_node_19/04_p0.4/04_graph_n19_p0.4_idx10.gpickle,19,0.4,10,6,45,130,"[4, 10, 16, 9, 1, 0, 2, 13, 7, 8, 17, 12, 5, 6, 18, 11, 3, 14, 15]",8.843663
./random_graph_db/graph_db_node_19/04_p0.4/04_graph_n19_p0.4_idx2.gpickle,19,0.4,2,7,50,134,"[12, 11, 14, 2, 17, 7, 9, 15, 3, 8, 10, 0, 1, 13, 5, 16, 4, 18, 6]",9.231993
./random_graph_db/graph_db_node_19/04_p0.4/04_graph_n19_p0.4_idx3.gpickle,19,0.4,3,7,42,98,"[14, 5, 18, 12, 11, 16, 3, 13, 2, 15, 17, 0, 1, 7, 6, 10, 4, 8, 9]",8.8671849
./random_graph_db/graph_db_node_19/04_p0.4/04_graph_n19_p0.4_idx4.gpickle,19,0.4,4,6,49,145,"[11, 12, 13, 9, 18, 14, 8, 17, 0, 16, 4, 10, 5, 7, 1, 15, 6, 2, 3]",9.3401389
./random_graph_db/graph_db_node_19/04_p0.4/04_graph_n19_p0.4_idx5.gpickle,19,0.4,5,6,44,133,"[9, 11, 8, 17, 7, 10, 14, 5, 18, 13, 16, 1, 0, 3, 2, 6, 15, 12, 4]",9.0518038
./random_graph_db/graph_db_node_19/04_p0.4/04_graph_n19_p0.4_idx6.gpickle,19,0.4,6,6,49,134,"[12, 10, 7, 16, 0, 9, 2, 3, 4, 6, 8, 15, 13, 5, 1, 11, 14, 17, 18]",8.9610987
./random_graph_db/graph_db_node_19/04_p0.4/04_graph_n19_p0.4_idx7.gpickle,19,0.4,7,6,49,135,"[8, 18, 9, 15, 10, 2, 3, 0, 16, 6, 13, 11, 12, 17, 4, 5, 14, 1, 7]",9.0170631
./random_graph_db/graph_db_node_19/04_p0.4/04_graph_n19_p0.4_idx8.gpickle,19,0.4,8,6,46,127,"[18, 7, 3, 15, 8, 9, 0, 16, 2, 1, 13, 5, 11, 6, 12, 4, 14, 17, 10]",8.9012182
./random_graph_db/graph_db_node_19/04_p0.4/04_graph_n19_p0.4_idx9.gpickle,19,0.4,9,6,50,142,"[0, 8, 4, 18, 11, 13, 6, 2, 5, 12, 1, 16, 7, 10, 9, 3, 15, 14, 17]",9.4032769
./random_graph_db/graph_db_node_19/05_p0.45/05_graph_n19_p0.45_idx1.gpickle,19,0.45,1,6,50,139,"[17, 7, 2, 12, 13, 9, 6, 16, 1, 5, 18, 0, 4, 11, 8, 3, 15, 14, 10]",9.086251
./random_graph_db/graph_db_node_19/05_p0.45/05_graph_n19_p0.45_idx10.gpickle,19,0.45,10,7,57,159,"[8, 12, 15, 7, 1, 2, 4, 5, 13, 10, 14, 3, 17, 6, 18, 0, 11, 9, 16]",9.311053
./random_graph_db/graph_db_node_19/05_p0.45/05_graph_n19_p0.45_idx2.gpickle,19,0.45,2,7,48,126,"[12, 4, 15, 6, 3, 16, 17, 18, 1, 11, 9, 14, 2, 13, 5, 10, 8, 7, 0]",9.0078781
./random_graph_db/graph_db_node_19/05_p0.45/05_graph_n19_p0.45_idx3.gpickle,19,0.45,3,6,47,144,"[0, 2, 10, 6, 7, 1, 3, 14, 15, 16, 9, 18, 12, 17, 8, 11, 5, 4, 13]",9.3061287
./random_graph_db/graph_db_node_19/05_p0.45/05_graph_n19_p0.45_idx4.gpickle,19,0.45,4,6,44,125,"[6, 1, 14, 12, 13, 11, 17, 18, 8, 4, 3, 7, 2, 16, 10, 5, 0, 15, 9]",8.8573871
./random_graph_db/graph_db_node_19/05_p0.45/05_graph_n19_p0.45_idx5.gpickle,19,0.45,5,6,53,147,"[0, 2, 5, 13, 3, 14, 11, 16, 6, 9, 1, 4, 8, 7, 18, 15, 17, 12, 10]",9.347332
./random_graph_db/graph_db_node_19/05_p0.45/05_graph_n19_p0.45_idx6.gpickle,19,0.45,6,6,44,121,"[4, 3, 10, 16, 18, 17, 15, 2, 5, 0, 1, 8, 7, 14, 6, 9, 13, 12, 11]",9.1555588
./random_graph_db/graph_db_node_19/05_p0.45/05_graph_n19_p0.45_idx7.gpickle,19,0.45,7,6,49,127,"[14, 17, 18, 10, 16, 0, 11, 12, 6, 8, 9, 13, 1, 15, 5, 2, 7, 4, 3]",8.7605102
./random_graph_db/graph_db_node_19/05_p0.45/05_graph_n19_p0.45_idx8.gpickle,19,0.45,8,6,52,155,"[4, 11, 15, 17, 9, 7, 18, 16, 12, 13, 6, 10, 14, 3, 2, 5, 0, 8, 1]",9.093107
./random_graph_db/graph_db_node_19/05_p0.45/05_graph_n19_p0.45_idx9.gpickle,19,0.45,9,6,46,118,"[13, 10, 14, 5, 2, 3, 0, 8, 12, 11, 4, 6, 9, 18, 1, 7, 16, 15, 17]",9.0717278
./random_graph_db/graph_db_node_19/06_p0.5/06_graph_n19_p0.5_idx1.gpickle,19,0.5,1,6,45,140,"[7, 13, 11, 12, 5, 1, 10, 18, 9, 8, 3, 17, 2, 0, 14, 6, 16, 15, 4]",9.1822269
./random_graph_db/graph_db_node_19/06_p0.5/06_graph_n19_p0.5_idx10.gpickle,19,0.5,10,7,57,154,"[17, 5, 3, 1, 4, 9, 8, 7, 12, 10, 15, 0, 13, 11, 16, 14, 18, 2, 6]",8.9990971
./random_graph_db/graph_db_node_19/06_p0.5/06_graph_n19_p0.5_idx2.gpickle,19,0.5,2,7,61,162,"[6, 4, 14, 7, 11, 15, 18, 13, 8, 16, 5, 3, 17, 12, 10, 2, 1, 0, 9]",9.3128998
./random_graph_db/graph_db_node_19/06_p0.5/06_graph_n19_p0.5_idx3.gpickle,19,0.5,3,7,55,165,"[9, 8, 11, 16, 4, 7, 18, 15, 10, 1, 0, 17, 3, 14, 2, 12, 5, 13, 6]",9.0812669
./random_graph_db/graph_db_node_19/06_p0.5/06_graph_n19_p0.5_idx4.gpickle,19,0.5,4,7,60,157,"[12, 14, 18, 13, 8, 3, 10, 17, 0, 15, 2, 16, 6, 4, 7, 5, 11, 9, 1]",9.1588209
./random_graph_db/graph_db_node_19/06_p0.5/06_graph_n19_p0.5_idx5.gpickle,19,0.5,5,7,64,164,"[8, 4, 0, 9, 7, 11, 1, 13, 2, 17, 14, 12, 15, 10, 5, 16, 3, 18, 6]",9.0802088
./random_graph_db/graph_db_node_19/06_p0.5/06_graph_n19_p0.5_idx6.gpickle,19,0.5,6,6,47,125,"[10, 14, 3, 17, 18, 12, 11, 9, 8, 16, 6, 7, 5, 2, 15, 1, 13, 4, 0]",9.0486648
./random_graph_db/graph_db_node_19/06_p0.5/06_graph_n19_p0.5_idx7.gpickle,19,0.5,7,6,47,150,"[15, 4, 11, 14, 3, 0, 13, 5, 6, 12, 7, 18, 9, 1, 10, 17, 16, 2, 8]",8.8467808
./random_graph_db/graph_db_node_19/06_p0.5/06_graph_n19_p0.5_idx8.gpickle,19,0.5,8,7,53,148,"[15, 4, 10, 3, 13, 5, 1, 0, 11, 9, 8, 12, 2, 16, 7, 6, 17, 18, 14]",9.165427
./random_graph_db/graph_db_node_19/06_p0.5/06_graph_n19_p0.5_idx9.gpickle,19,0.5,9,6,43,127,"[3, 10, 15, 4, 0, 2, 14, 11, 6, 13, 12, 5, 9, 7, 16, 1, 17, 8, 18]",9.258708
./random_graph_db/graph_db_node_19/07_p0.55/07_graph_n19_p0.55_idx1.gpickle,19,0.55,1,7,58,155,"[0, 11, 15, 1, 8, 16, 9, 4, 14, 6, 7, 12, 10, 13, 18, 3, 2, 17, 5]",9.1687741
./random_graph_db/graph_db_node_19/07_p0.55/07_graph_n19_p0.55_idx10.gpickle,19,0.55,10,7,50,138,"[9, 6, 8, 3, 11, 12, 10, 15, 18, 14, 17, 0, 1, 7, 5, 2, 13, 4, 16]",9.242178
./random_graph_db/graph_db_node_19/07_p0.55/07_graph_n19_p0.55_idx2.gpickle,19,0.55,2,7,50,136,"[3, 9, 0, 5, 4, 2, 12, 14, 17, 11, 16, 1, 15, 8, 13, 6, 7, 10, 18]",8.9787521
./random_graph_db/graph_db_node_19/07_p0.55/07_graph_n19_p0.55_idx3.gpickle,19,0.55,3,6,45,130,"[16, 7, 5, 6, 0, 2, 12, 11, 9, 15, 13, 18, 8, 10, 14, 1, 17, 4, 3]",8.9547982
./random_graph_db/graph_db_node_19/07_p0.55/07_graph_n19_p0.55_idx4.gpickle,19,0.55,4,6,43,121,"[6, 14, 2, 3, 1, 15, 8, 10, 13, 18, 9, 11, 12, 17, 0, 7, 16, 5, 4]",8.6921868
./random_graph_db/graph_db_node_19/07_p0.55/07_graph_n19_p0.55_idx5.gpickle,19,0.55,5,6,46,132,"[4, 8, 5, 17, 7, 18, 16, 12, 10, 13, 2, 15, 3, 1, 6, 0, 11, 9, 14]",9.0773239
./random_graph_db/graph_db_node_19/07_p0.55/07_graph_n19_p0.55_idx6.gpickle,19,0.55,6,6,52,150,"[7, 6, 11, 15, 3, 12, 18, 16, 17, 1, 5, 0, 8, 10, 13, 4, 14, 9, 2]",9.0539091
./random_graph_db/graph_db_node_19/07_p0.55/07_graph_n19_p0.55_idx7.gpickle,19,0.55,7,6,42,128,"[13, 6, 14, 0, 16, 4, 1, 12, 8, 10, 18, 5, 9, 2, 11, 17, 15, 3, 7]",8.938808
./random_graph_db/graph_db_node_19/07_p0.55/07_graph_n19_p0.55_idx8.gpickle,19,0.55,8,7,65,180,"[1, 8, 2, 17, 9, 11, 0, 7, 10, 5, 4, 15, 12, 16, 6, 18, 3, 13, 14]",9.586813
./random_graph_db/graph_db_node_19/07_p0.55/07_graph_n19_p0.55_idx9.gpickle,19,0.55,9,7,52,137,"[13, 6, 15, 4, 12, 3, 8, 5, 1, 0, 18, 7, 10, 16, 11, 9, 2, 14, 17]",9.0856762
./random_graph_db/graph_db_node_19/08_p0.6/08_graph_n19_p0.6_idx1.gpickle,19,0.6,1,7,62,173,"[5, 12, 3, 15, 13, 11, 4, 9, 10, 0, 2, 7, 14, 8, 17, 6, 16, 18, 1]",9.0220749
./random_graph_db/graph_db_node_19/08_p0.6/08_graph_n19_p0.6_idx10.gpickle,19,0.6,10,7,47,131,"[18, 14, 4, 11, 2, 13, 16, 1, 8, 15, 5, 10, 17, 7, 3, 0, 9, 6, 12]",8.7991769
./random_graph_db/graph_db_node_19/08_p0.6/08_graph_n19_p0.6_idx2.gpickle,19,0.6,2,7,47,133,"[2, 17, 4, 13, 5, 10, 3, 0, 1, 14, 7, 11, 16, 18, 8, 15, 6, 9, 12]",9.2744031
./random_graph_db/graph_db_node_19/08_p0.6/08_graph_n19_p0.6_idx3.gpickle,19,0.6,3,6,40,122,"[11, 17, 10, 16, 2, 5, 15, 0, 3, 9, 4, 14, 7, 12, 18, 1, 8, 13, 6]",8.863744
./random_graph_db/graph_db_node_19/08_p0.6/08_graph_n19_p0.6_idx4.gpickle,19,0.6,4,7,54,164,"[11, 5, 12, 13, 14, 1, 4, 0, 16, 8, 15, 3, 18, 17, 9, 7, 6, 2, 10]",9.069845
./random_graph_db/graph_db_node_19/08_p0.6/08_graph_n19_p0.6_idx5.gpickle,19,0.6,5,7,59,162,"[15, 11, 3, 17, 18, 16, 2, 10, 6, 14, 4, 1, 13, 9, 8, 7, 5, 12, 0]",9.2568052
./random_graph_db/graph_db_node_19/08_p0.6/08_graph_n19_p0.6_idx6.gpickle,19,0.6,6,7,46,133,"[3, 7, 11, 9, 17, 1, 8, 2, 15, 12, 14, 0, 13, 10, 6, 4, 16, 5, 18]",8.9228737
./random_graph_db/graph_db_node_19/08_p0.6/08_graph_n19_p0.6_idx7.gpickle,19,0.6,7,6,45,147,"[1, 10, 3, 18, 7, 5, 0, 12, 9, 4, 17, 2, 6, 8, 16, 13, 11, 15, 14]",8.7948322
./random_graph_db/graph_db_node_19/08_p0.6/08_graph_n19_p0.6_idx8.gpickle,19,0.6,8,7,51,137,"[7, 3, 18, 1, 11, 16, 6, 8, 14, 5, 13, 10, 4, 17, 15, 2, 12, 0, 9]",8.967803
./random_graph_db/graph_db_node_19/08_p0.6/08_graph_n19_p0.6_idx9.gpickle,19,0.6,9,7,64,180,"[8, 5, 4, 12, 7, 1, 18, 3, 11, 17, 10, 0, 9, 6, 14, 15, 2, 13, 16]",9.2880652
./random_graph_db/graph_db_node_19/09_p0.65/09_graph_n19_p0.65_idx1.gpickle,19,0.65,1,7,64,175,"[10, 1, 3, 11, 5, 9, 6, 17, 15, 13, 2, 16, 14, 4, 7, 8, 12, 18, 0]",8.941335
./random_graph_db/graph_db_node_19/09_p0.65/09_graph_n19_p0.65_idx10.gpickle,19,0.65,10,7,57,155,"[12, 7, 4, 0, 3, 13, 1, 2, 8, 17, 10, 9, 18, 5, 6, 11, 14, 15, 16]",9.1356959
./random_graph_db/graph_db_node_19/09_p0.65/09_graph_n19_p0.65_idx2.gpickle,19,0.65,2,7,52,141,"[5, 4, 3, 13, 11, 6, 1, 8, 17, 15, 16, 12, 0, 14, 7, 9, 2, 10, 18]",8.934237
./random_graph_db/graph_db_node_19/09_p0.65/09_graph_n19_p0.65_idx3.gpickle,19,0.65,3,6,48,132,"[17, 1, 16, 14, 9, 12, 11, 7, 6, 3, 15, 4, 2, 18, 5, 10, 0, 8, 13]",9.1768403
./random_graph_db/graph_db_node_19/09_p0.65/09_graph_n19_p0.65_idx4.gpickle,19,0.65,4,7,52,155,"[2, 3, 1, 5, 10, 7, 12, 11, 0, 8, 18, 4, 13, 15, 16, 6, 14, 9, 17]",8.840755
./random_graph_db/graph_db_node_19/09_p0.65/09_graph_n19_p0.65_idx5.gpickle,19,0.65,5,6,43,127,"[5, 15, 3, 12, 7, 10, 2, 17, 1, 18, 4, 9, 0, 11, 16, 14, 8, 6, 13]",9.2168641
./random_graph_db/graph_db_node_19/09_p0.65/09_graph_n19_p0.65_idx6.gpickle,19,0.65,6,7,55,141,"[7, 11, 15, 10, 14, 0, 17, 4, 9, 1, 18, 12, 2, 16, 3, 8, 5, 13, 6]",9.213717
./random_graph_db/graph_db_node_19/09_p0.65/09_graph_n19_p0.65_idx7.gpickle,19,0.65,7,6,53,151,"[11, 1, 17, 5, 3, 4, 10, 0, 15, 12, 18, 7, 14, 2, 13, 8, 9, 16, 6]",8.8221281
./random_graph_db/graph_db_node_19/09_p0.65/09_graph_n19_p0.65_idx8.gpickle,19,0.65,8,6,48,153,"[14, 3, 15, 17, 16, 8, 12, 5, 11, 13, 9, 1, 0, 7, 2, 6, 10, 4, 18]",9.069994
./random_graph_db/graph_db_node_19/09_p0.65/09_graph_n19_p0.65_idx9.gpickle,19,0.65,9,7,60,158,"[17, 15, 16, 13, 2, 9, 14, 4, 7, 0, 6, 3, 10, 18, 8, 1, 11, 12, 5]",9.0266159
./random_graph_db/graph_db_node_19/10_p0.7/10_graph_n19_p0.7_idx1.gpickle,19,0.7,1,6,33,85,"[7, 8, 11, 18, 15, 3, 1, 10, 6, 17, 14, 5, 12, 0, 9, 4, 13, 16, 2]",8.8242261
./random_graph_db/graph_db_node_19/10_p0.7/10_graph_n19_p0.7_idx10.gpickle,19,0.7,10,6,52,144,"[13, 16, 15, 6, 5, 9, 0, 2, 17, 11, 12, 8, 14, 18, 4, 7, 10, 3, 1]",9.0087249
./random_graph_db/graph_db_node_19/10_p0.7/10_graph_n19_p0.7_idx2.gpickle,19,0.7,2,7,44,132,"[1, 3, 5, 4, 2, 9, 10, 16, 6, 7, 13, 12, 0, 18, 8, 11, 17, 15, 14]",9.060287
./random_graph_db/graph_db_node_19/10_p0.7/10_graph_n19_p0.7_idx3.gpickle,19,0.7,3,6,48,144,"[0, 2, 9, 14, 1, 4, 10, 11, 18, 8, 7, 12, 5, 3, 16, 17, 13, 6, 15]",9.0824342
./random_graph_db/graph_db_node_19/10_p0.7/10_graph_n19_p0.7_idx4.gpickle,19,0.7,4,6,45,138,"[9, 17, 0, 2, 10, 1, 14, 5, 3, 12, 16, 8, 11, 18, 4, 6, 13, 15, 7]",8.9895692
./random_graph_db/graph_db_node_19/10_p0.7/10_graph_n19_p0.7_idx5.gpickle,19,0.7,5,7,51,128,"[7, 9, 12, 14, 13, 6, 15, 17, 4, 5, 2, 0, 10, 8, 3, 11, 18, 1, 16]",9.0494721
./random_graph_db/graph_db_node_19/10_p0.7/10_graph_n19_p0.7_idx6.gpickle,19,0.7,6,6,45,96,"[18, 14, 7, 17, 4, 10, 9, 11, 5, 1, 13, 8, 6, 16, 15, 0, 3, 2, 12]",8.9583862
./random_graph_db/graph_db_node_19/10_p0.7/10_graph_n19_p0.7_idx7.gpickle,19,0.7,7,6,41,126,"[1, 17, 9, 12, 11, 14, 0, 5, 15, 18, 10, 7, 2, 13, 4, 6, 3, 16, 8]",8.9972751
./random_graph_db/graph_db_node_19/10_p0.7/10_graph_n19_p0.7_idx8.gpickle,19,0.7,8,6,49,141,"[1, 5, 18, 9, 8, 4, 0, 12, 15, 10, 2, 11, 6, 3, 17, 7, 16, 14, 13]",8.9169509
./random_graph_db/graph_db_node_19/10_p0.7/10_graph_n19_p0.7_idx9.gpickle,19,0.7,9,6,39,110,"[18, 6, 17, 10, 5, 13, 11, 12, 0, 2, 3, 8, 1, 7, 9, 16, 4, 15, 14]",8.950439
./random_graph_db/graph_db_node_19/11_p0.8/11_graph_n19_p0.8_idx1.gpickle,19,0.8,1,5,30,87,"[10, 14, 9, 5, 15, 13, 4, 6, 0, 12, 3, 18, 11, 1, 2, 8, 17, 7, 16]",8.5166218
./random_graph_db/graph_db_node_19/11_p0.8/11_graph_n19_p0.8_idx10.gpickle,19,0.8,10,6,37,100,"[8, 12, 18, 9, 11, 10, 6, 4, 16, 0, 1, 17, 3, 15, 5, 7, 13, 2, 14]",8.9066801
./random_graph_db/graph_db_node_19/11_p0.8/11_graph_n19_p0.8_idx2.gpickle,19,0.8,2,4,21,70,"[11, 7, 0, 5, 12, 6, 1, 2, 15, 8, 13, 18, 9, 3, 16, 10, 14, 17, 4]",8.142138
./random_graph_db/graph_db_node_19/11_p0.8/11_graph_n19_p0.8_idx3.gpickle,19,0.8,3,6,40,110,"[2, 10, 7, 17, 9, 5, 1, 14, 4, 13, 11, 12, 0, 16, 18, 8, 6, 15, 3]",8.9659519
./random_graph_db/graph_db_node_19/11_p0.8/11_graph_n19_p0.8_idx4.gpickle,19,0.8,4,6,50,121,"[4, 10, 15, 18, 0, 5, 1, 6, 11, 7, 17, 12, 9, 13, 16, 2, 8, 3, 14]",8.6581581
./random_graph_db/graph_db_node_19/11_p0.8/11_graph_n19_p0.8_idx5.gpickle,19,0.8,5,5,28,81,"[8, 0, 7, 13, 14, 10, 17, 5, 15, 16, 2, 11, 9, 18, 3, 6, 1, 4, 12]",8.4311931
./random_graph_db/graph_db_node_19/11_p0.8/11_graph_n19_p0.8_idx6.gpickle,19,0.8,6,5,29,84,"[3, 2, 8, 7, 9, 16, 17, 13, 5, 12, 4, 1, 0, 18, 14, 6, 11, 15, 10]",8.9350982
./random_graph_db/graph_db_node_19/11_p0.8/11_graph_n19_p0.8_idx7.gpickle,19,0.8,7,5,28,69,"[15, 6, 2, 0, 11, 3, 4, 14, 13, 8, 12, 18, 7, 9, 1, 10, 16, 17, 5]",8.628345
./random_graph_db/graph_db_node_19/11_p0.8/11_graph_n19_p0.8_idx8.gpickle,19,0.8,8,6,46,114,"[8, 6, 0, 15, 4, 2, 12, 10, 16, 5, 17, 13, 3, 18, 14, 1, 9, 7, 11]",8.6280761
./random_graph_db/graph_db_node_19/11_p0.8/11_graph_n19_p0.8_idx9.gpickle,19,0.8,9,4,24,73,"[14, 4, 8, 9, 3, 17, 7, 12, 13, 6, 11, 15, 16, 18, 2, 1, 0, 10, 5]",8.3272409
./random_graph_db/graph_db_node_19/12_p0.9/12_graph_n19_p0.9_idx1.gpickle,19,0.9,1,3,13,46,"[18, 3, 6, 15, 5, 8, 12, 13, 9, 11, 17, 4, 1, 2, 14, 16, 10, 0, 7]",8.0564239
./random_graph_db/graph_db_node_19/12_p0.9/12_graph_n19_p0.9_idx10.gpickle,19,0.9,10,3,12,57,"[2, 3, 17, 15, 18, 13, 6, 16, 10, 7, 9, 1, 5, 11, 4, 12, 0, 8, 14]",7.923141
./random_graph_db/graph_db_node_19/12_p0.9/12_graph_n19_p0.9_idx2.gpickle,19,0.9,2,3,7,35,"[15, 16, 6, 0, 17, 8, 12, 5, 18, 2, 4, 13, 1, 9, 14, 3, 10, 11, 7]",7.947422
./random_graph_db/graph_db_node_19/12_p0.9/12_graph_n19_p0.9_idx3.gpickle,19,0.9,3,4,18,70,"[11, 13, 16, 12, 14, 18, 9, 17, 2, 15, 10, 0, 8, 1, 5, 6, 7, 4, 3]",8.3867357
./random_graph_db/graph_db_node_19/12_p0.9/12_graph_n19_p0.9_idx4.gpickle,19,0.9,4,5,26,69,"[6, 16, 11, 18, 4, 2, 1, 15, 17, 12, 9, 0, 10, 13, 5, 14, 8, 7, 3]",8.3797371
./random_graph_db/graph_db_node_19/12_p0.9/12_graph_n19_p0.9_idx5.gpickle,19,0.9,5,3,11,43,"[4, 11, 12, 10, 15, 17, 5, 2, 7, 16, 14, 8, 18, 1, 3, 13, 0, 6, 9]",8.0032198
./random_graph_db/graph_db_node_19/12_p0.9/12_graph_n19_p0.9_idx6.gpickle,19,0.9,6,3,8,42,"[1, 3, 9, 2, 7, 11, 16, 14, 18, 6, 10, 13, 0, 4, 8, 12, 5, 17, 15]",7.7519372
./random_graph_db/graph_db_node_19/12_p0.9/12_graph_n19_p0.9_idx7.gpickle,19,0.9,7,3,13,54,"[9, 1, 2, 17, 15, 6, 14, 8, 16, 7, 10, 3, 4, 0, 11, 5, 13, 18, 12]",7.9757872
./random_graph_db/graph_db_node_19/12_p0.9/12_graph_n19_p0.9_idx8.gpickle,19,0.9,8,4,22,76,"[6, 13, 18, 5, 14, 17, 12, 7, 0, 4, 1, 15, 16, 8, 3, 9, 10, 2, 11]",8.6541603
./random_graph_db/graph_db_node_19/12_p0.9/12_graph_n19_p0.9_idx9.gpickle,19,0.9,9,4,21,74,"[13, 16, 11, 17, 2, 4, 8, 3, 18, 7, 12, 14, 0, 6, 10, 15, 5, 1, 9]",8.0781631
./random_graph_db/graph_db_node_20/01_p0.1/01_graph_n20_p0.1_idx1.gpickle,20,0.1,1,3,5,32,"[12, 19, 10, 3, 0, 8, 11, 6, 15, 13, 4, 14, 18, 17, 2, 1, 7, 16, 5, 9]",8.7473588
./random_graph_db/graph_db_node_20/01_p0.1/01_graph_n20_p0.1_idx10.gpickle,20,0.1,10,4,8,36,"[15, 17, 6, 7, 18, 1, 11, 19, 10, 13, 9, 16, 12, 4, 14, 2, 0, 8, 3, 5]",8.390444
./random_graph_db/graph_db_node_20/01_p0.1/01_graph_n20_p0.1_idx2.gpickle,20,0.1,2,3,5,30,"[8, 15, 0, 11, 17, 18, 12, 4, 2, 14, 13, 9, 7, 19, 6, 16, 3, 1, 10, 5]",8.2495461
./random_graph_db/graph_db_node_20/01_p0.1/01_graph_n20_p0.1_idx3.gpickle,20,0.1,3,4,14,51,"[8, 14, 11, 19, 9, 2, 16, 15, 3, 4, 12, 18, 10, 13, 0, 6, 17, 5, 7, 1]",8.6024158
./random_graph_db/graph_db_node_20/01_p0.1/01_graph_n20_p0.1_idx4.gpickle,20,0.1,4,2,3,27,"[0, 12, 2, 13, 15, 3, 1, 18, 19, 4, 17, 5, 10, 16, 7, 9, 11, 6, 8, 14]",8.0922449
./random_graph_db/graph_db_node_20/01_p0.1/01_graph_n20_p0.1_idx5.gpickle,20,0.1,5,4,8,36,"[2, 11, 0, 15, 16, 1, 3, 18, 19, 4, 17, 5, 14, 9, 10, 7, 12, 8, 6, 13]",8.7728817
./random_graph_db/graph_db_node_20/01_p0.1/01_graph_n20_p0.1_idx6.gpickle,20,0.1,6,3,7,34,"[13, 15, 0, 12, 19, 16, 9, 14, 5, 3, 6, 2, 4, 7, 11, 1, 10, 18, 8, 17]",8.3861868
./random_graph_db/graph_db_node_20/01_p0.1/01_graph_n20_p0.1_idx7.gpickle,20,0.1,7,2,5,27,"[5, 14, 8, 9, 11, 1, 6, 17, 0, 12, 4, 16, 2, 7, 10, 19, 13, 15, 18, 3]",9.1038249
./random_graph_db/graph_db_node_20/01_p0.1/01_graph_n20_p0.1_idx8.gpickle,20,0.1,8,3,6,31,"[12, 14, 19, 5, 1, 15, 18, 6, 11, 4, 10, 0, 17, 2, 16, 8, 9, 7, 13, 3]",8.4896507
./random_graph_db/graph_db_node_20/01_p0.1/01_graph_n20_p0.1_idx9.gpickle,20,0.1,9,3,7,39,"[8, 2, 12, 10, 5, 15, 18, 0, 16, 1, 11, 14, 4, 7, 13, 19, 3, 6, 9, 17]",8.3161011
./random_graph_db/graph_db_node_20/02_p0.2/02_graph_n20_p0.2_idx1.gpickle,20,0.2,1,5,27,85,"[5, 15, 1, 18, 11, 4, 2, 7, 12, 17, 19, 14, 10, 13, 0, 3, 6, 9, 8, 16]",9.164305
./random_graph_db/graph_db_node_20/02_p0.2/02_graph_n20_p0.2_idx10.gpickle,20,0.2,10,6,28,74,"[16, 19, 14, 18, 10, 9, 17, 13, 11, 2, 6, 12, 1, 4, 3, 0, 15, 5, 7, 8]",9.36847
./random_graph_db/graph_db_node_20/02_p0.2/02_graph_n20_p0.2_idx2.gpickle,20,0.2,2,5,28,95,"[13, 6, 8, 11, 17, 1, 5, 10, 14, 4, 2, 9, 3, 12, 15, 18, 19, 7, 0, 16]",9.4085901
./random_graph_db/graph_db_node_20/02_p0.2/02_graph_n20_p0.2_idx3.gpickle,20,0.2,3,5,19,77,"[14, 7, 19, 9, 1, 4, 10, 17, 12, 5, 2, 6, 18, 3, 16, 8, 11, 13, 0, 15]",8.9907091
./random_graph_db/graph_db_node_20/02_p0.2/02_graph_n20_p0.2_idx4.gpickle,20,0.2,4,4,18,68,"[8, 11, 9, 17, 3, 1, 19, 13, 14, 12, 0, 15, 18, 16, 6, 10, 2, 5, 4, 7]",9.3012261
./random_graph_db/graph_db_node_20/02_p0.2/02_graph_n20_p0.2_idx5.gpickle,20,0.2,5,5,18,70,"[18, 17, 6, 4, 8, 1, 13, 14, 19, 15, 9, 16, 5, 12, 2, 11, 7, 10, 0, 3]",9.0124841
./random_graph_db/graph_db_node_20/02_p0.2/02_graph_n20_p0.2_idx6.gpickle,20,0.2,6,4,20,77,"[0, 7, 19, 12, 5, 1, 17, 13, 4, 15, 14, 3, 18, 8, 9, 10, 6, 11, 2, 16]",9.016813
./random_graph_db/graph_db_node_20/02_p0.2/02_graph_n20_p0.2_idx7.gpickle,20,0.2,7,5,22,80,"[19, 5, 4, 9, 1, 12, 6, 8, 0, 17, 3, 2, 15, 7, 18, 14, 11, 13, 16, 10]",9.3321769
./random_graph_db/graph_db_node_20/02_p0.2/02_graph_n20_p0.2_idx8.gpickle,20,0.2,8,4,14,47,"[17, 10, 9, 4, 0, 18, 19, 2, 14, 5, 16, 3, 7, 12, 6, 8, 13, 15, 11, 1]",9.0785599
./random_graph_db/graph_db_node_20/02_p0.2/02_graph_n20_p0.2_idx9.gpickle,20,0.2,9,5,26,85,"[1, 4, 16, 10, 7, 5, 6, 11, 18, 15, 14, 8, 17, 3, 13, 2, 0, 9, 12, 19]",9.3855162
./random_graph_db/graph_db_node_20/03_p0.3/03_graph_n20_p0.3_idx1.gpickle,20,0.3,1,7,52,134,"[18, 10, 2, 17, 0, 12, 7, 9, 6, 19, 5, 8, 14, 13, 1, 15, 16, 11, 3, 4]",9.9282682
./random_graph_db/graph_db_node_20/03_p0.3/03_graph_n20_p0.3_idx10.gpickle,20,0.3,10,7,43,117,"[11, 3, 16, 13, 17, 12, 19, 1, 8, 7, 14, 2, 6, 4, 18, 9, 0, 5, 10, 15]",9.7259219
./random_graph_db/graph_db_node_20/03_p0.3/03_graph_n20_p0.3_idx2.gpickle,20,0.3,2,5,36,98,"[13, 4, 7, 18, 0, 8, 16, 17, 5, 15, 6, 2, 10, 1, 14, 12, 3, 9, 19, 11]",9.7477379
./random_graph_db/graph_db_node_20/03_p0.3/03_graph_n20_p0.3_idx3.gpickle,20,0.3,3,6,52,158,"[19, 5, 7, 8, 9, 10, 14, 6, 1, 16, 15, 11, 17, 3, 2, 0, 12, 13, 18, 4]",9.6402488
./random_graph_db/graph_db_node_20/03_p0.3/03_graph_n20_p0.3_idx4.gpickle,20,0.3,4,5,35,106,"[17, 19, 9, 8, 14, 3, 4, 6, 13, 12, 7, 10, 15, 18, 16, 11, 0, 1, 2, 5]",9.5958841
./random_graph_db/graph_db_node_20/03_p0.3/03_graph_n20_p0.3_idx5.gpickle,20,0.3,5,6,34,101,"[8, 10, 3, 15, 18, 7, 1, 13, 12, 17, 2, 0, 16, 6, 19, 4, 9, 14, 5, 11]",9.4335849
./random_graph_db/graph_db_node_20/03_p0.3/03_graph_n20_p0.3_idx6.gpickle,20,0.3,6,6,48,127,"[6, 0, 9, 19, 7, 1, 16, 15, 18, 5, 14, 10, 17, 4, 3, 2, 13, 11, 8, 12]",9.635191
./random_graph_db/graph_db_node_20/03_p0.3/03_graph_n20_p0.3_idx7.gpickle,20,0.3,7,6,43,128,"[9, 3, 7, 19, 17, 6, 14, 0, 16, 11, 5, 12, 8, 18, 4, 10, 13, 1, 2, 15]",9.6989732
./random_graph_db/graph_db_node_20/03_p0.3/03_graph_n20_p0.3_idx8.gpickle,20,0.3,8,6,38,127,"[15, 3, 7, 14, 11, 4, 1, 0, 6, 19, 8, 5, 9, 12, 13, 10, 17, 18, 2, 16]",9.3217552
./random_graph_db/graph_db_node_20/03_p0.3/03_graph_n20_p0.3_idx9.gpickle,20,0.3,9,7,48,116,"[12, 15, 17, 14, 1, 4, 16, 5, 19, 9, 3, 7, 10, 11, 2, 8, 18, 0, 13, 6]",9.749578
./random_graph_db/graph_db_node_20/04_p0.4/04_graph_n20_p0.4_idx1.gpickle,20,0.4,1,6,49,137,"[6, 16, 0, 8, 18, 19, 17, 4, 10, 2, 5, 13, 7, 15, 3, 12, 9, 11, 1, 14]",9.7388558
./random_graph_db/graph_db_node_20/04_p0.4/04_graph_n20_p0.4_idx10.gpickle,20,0.4,10,6,49,138,"[17, 14, 7, 1, 12, 19, 16, 13, 11, 3, 4, 9, 2, 6, 0, 5, 8, 18, 15, 10]",9.5539699
./random_graph_db/graph_db_node_20/04_p0.4/04_graph_n20_p0.4_idx2.gpickle,20,0.4,2,7,61,164,"[18, 19, 14, 2, 17, 16, 9, 7, 15, 8, 12, 0, 4, 1, 3, 5, 11, 6, 13, 10]",9.6212921
./random_graph_db/graph_db_node_20/04_p0.4/04_graph_n20_p0.4_idx3.gpickle,20,0.4,3,6,52,135,"[7, 17, 16, 13, 6, 9, 4, 15, 11, 5, 1, 18, 0, 8, 14, 3, 19, 10, 12, 2]",10.3672609
./random_graph_db/graph_db_node_20/04_p0.4/04_graph_n20_p0.4_idx4.gpickle,20,0.4,4,7,57,152,"[0, 17, 15, 4, 8, 2, 1, 13, 18, 14, 19, 16, 11, 3, 9, 7, 12, 6, 5, 10]",9.6055579
./random_graph_db/graph_db_node_20/04_p0.4/04_graph_n20_p0.4_idx5.gpickle,20,0.4,5,7,68,175,"[19, 16, 14, 18, 13, 9, 2, 0, 11, 8, 17, 12, 10, 5, 3, 4, 15, 6, 1, 7]",9.951102
./random_graph_db/graph_db_node_20/04_p0.4/04_graph_n20_p0.4_idx6.gpickle,20,0.4,6,7,45,117,"[7, 18, 11, 9, 13, 3, 17, 0, 2, 8, 16, 5, 15, 10, 12, 4, 6, 14, 19, 1]",9.782264
./random_graph_db/graph_db_node_20/04_p0.4/04_graph_n20_p0.4_idx7.gpickle,20,0.4,7,7,44,125,"[18, 10, 12, 1, 4, 11, 2, 5, 13, 17, 8, 19, 14, 0, 9, 7, 16, 3, 15, 6]",9.6264367
./random_graph_db/graph_db_node_20/04_p0.4/04_graph_n20_p0.4_idx8.gpickle,20,0.4,8,6,53,153,"[4, 19, 0, 13, 12, 16, 8, 5, 11, 3, 18, 1, 17, 2, 9, 7, 6, 15, 14, 10]",9.6341879
./random_graph_db/graph_db_node_20/04_p0.4/04_graph_n20_p0.4_idx9.gpickle,20,0.4,9,7,55,150,"[11, 2, 6, 18, 13, 15, 9, 16, 7, 8, 14, 4, 1, 12, 19, 3, 0, 17, 10, 5]",9.8670809
./random_graph_db/graph_db_node_20/05_p0.45/05_graph_n20_p0.45_idx1.gpickle,20,0.45,1,7,59,177,"[13, 1, 11, 6, 10, 12, 8, 5, 7, 19, 17, 14, 16, 2, 9, 4, 18, 3, 15, 0]",9.7877281
./random_graph_db/graph_db_node_20/05_p0.45/05_graph_n20_p0.45_idx10.gpickle,20,0.45,10,7,56,152,"[16, 9, 10, 12, 14, 15, 1, 0, 2, 19, 7, 5, 11, 17, 4, 18, 13, 6, 8, 3]",9.8632019
./random_graph_db/graph_db_node_20/05_p0.45/05_graph_n20_p0.45_idx2.gpickle,20,0.45,2,7,74,200,"[0, 12, 15, 9, 18, 5, 2, 6, 3, 4, 10, 14, 16, 8, 17, 7, 19, 13, 1, 11]",9.7159901
./random_graph_db/graph_db_node_20/05_p0.45/05_graph_n20_p0.45_idx3.gpickle,20,0.45,3,7,63,164,"[4, 5, 15, 1, 8, 14, 0, 10, 11, 6, 9, 2, 16, 3, 13, 12, 17, 18, 7, 19]",9.877723
./random_graph_db/graph_db_node_20/05_p0.45/05_graph_n20_p0.45_idx4.gpickle,20,0.45,4,7,54,148,"[7, 9, 2, 11, 13, 8, 3, 19, 14, 5, 1, 18, 6, 0, 10, 12, 4, 16, 15, 17]",9.5924132
./random_graph_db/graph_db_node_20/05_p0.45/05_graph_n20_p0.45_idx5.gpickle,20,0.45,5,7,63,163,"[6, 7, 17, 2, 13, 9, 5, 1, 0, 11, 8, 14, 3, 15, 12, 10, 19, 16, 18, 4]",10.0347292
./random_graph_db/graph_db_node_20/05_p0.45/05_graph_n20_p0.45_idx6.gpickle,20,0.45,6,7,59,170,"[10, 12, 17, 11, 7, 8, 18, 5, 6, 3, 2, 19, 9, 4, 0, 15, 1, 13, 14, 16]",9.9077599
./random_graph_db/graph_db_node_20/05_p0.45/05_graph_n20_p0.45_idx7.gpickle,20,0.45,7,6,59,182,"[4, 1, 7, 14, 11, 8, 17, 10, 19, 16, 18, 5, 12, 2, 3, 9, 0, 13, 6, 15]",9.6969082
./random_graph_db/graph_db_node_20/05_p0.45/05_graph_n20_p0.45_idx8.gpickle,20,0.45,8,7,66,174,"[3, 4, 1, 2, 19, 6, 7, 10, 12, 9, 18, 0, 5, 16, 15, 11, 17, 13, 14, 8]",9.7700529
./random_graph_db/graph_db_node_20/05_p0.45/05_graph_n20_p0.45_idx9.gpickle,20,0.45,9,7,63,161,"[12, 10, 17, 5, 15, 0, 2, 18, 8, 7, 9, 16, 4, 1, 13, 14, 6, 11, 3, 19]",10.2987652
./random_graph_db/graph_db_node_20/06_p0.5/06_graph_n20_p0.5_idx1.gpickle,20,0.5,1,7,57,164,"[7, 6, 18, 12, 9, 8, 2, 0, 11, 10, 4, 17, 16, 13, 15, 1, 14, 5, 19, 3]",9.7442467
./random_graph_db/graph_db_node_20/06_p0.5/06_graph_n20_p0.5_idx10.gpickle,20,0.5,10,7,63,156,"[16, 8, 12, 10, 11, 0, 14, 7, 6, 15, 17, 18, 19, 4, 2, 13, 3, 5, 9, 1]",10.1270921
./random_graph_db/graph_db_node_20/06_p0.5/06_graph_n20_p0.5_idx2.gpickle,20,0.5,2,7,54,162,"[7, 0, 17, 12, 9, 1, 8, 2, 13, 16, 3, 18, 5, 6, 14, 15, 10, 11, 19, 4]",9.792285
./random_graph_db/graph_db_node_20/06_p0.5/06_graph_n20_p0.5_idx3.gpickle,20,0.5,3,7,60,156,"[19, 11, 9, 17, 10, 16, 15, 12, 2, 1, 0, 3, 14, 8, 7, 5, 6, 4, 18, 13]",9.953831
./random_graph_db/graph_db_node_20/06_p0.5/06_graph_n20_p0.5_idx4.gpickle,20,0.5,4,7,66,170,"[14, 1, 12, 7, 18, 9, 13, 11, 5, 19, 8, 16, 3, 6, 4, 17, 15, 2, 0, 10]",9.9535501
./random_graph_db/graph_db_node_20/06_p0.5/06_graph_n20_p0.5_idx5.gpickle,20,0.5,5,7,67,172,"[1, 19, 10, 12, 0, 8, 14, 18, 3, 5, 16, 4, 2, 17, 11, 9, 7, 13, 15, 6]",10.2219679
./random_graph_db/graph_db_node_20/06_p0.5/06_graph_n20_p0.5_idx6.gpickle,20,0.5,6,7,58,159,"[1, 16, 14, 2, 4, 12, 5, 7, 17, 9, 11, 6, 18, 15, 19, 13, 0, 10, 3, 8]",9.6846321
./random_graph_db/graph_db_node_20/06_p0.5/06_graph_n20_p0.5_idx7.gpickle,20,0.5,7,7,55,145,"[14, 15, 4, 19, 0, 13, 12, 10, 2, 5, 3, 16, 11, 8, 7, 6, 17, 18, 9, 1]",10.0920978
./random_graph_db/graph_db_node_20/06_p0.5/06_graph_n20_p0.5_idx8.gpickle,20,0.5,8,7,54,158,"[19, 18, 9, 8, 4, 14, 11, 13, 17, 10, 5, 1, 0, 7, 3, 2, 6, 12, 15, 16]",9.6244831
./random_graph_db/graph_db_node_20/06_p0.5/06_graph_n20_p0.5_idx9.gpickle,20,0.5,9,7,71,207,"[8, 7, 6, 11, 3, 5, 10, 19, 17, 9, 15, 2, 16, 1, 13, 4, 0, 14, 18, 12]",10.1933372
./random_graph_db/graph_db_node_20/07_p0.55/07_graph_n20_p0.55_idx1.gpickle,20,0.55,1,6,56,163,"[17, 13, 11, 4, 15, 16, 8, 12, 14, 1, 19, 5, 18, 0, 10, 2, 3, 9, 6, 7]",9.7315779
./random_graph_db/graph_db_node_20/07_p0.55/07_graph_n20_p0.55_idx10.gpickle,20,0.55,10,7,51,152,"[14, 1, 6, 16, 17, 11, 0, 5, 4, 3, 18, 10, 12, 19, 15, 13, 8, 9, 7, 2]",10.1283479
./random_graph_db/graph_db_node_20/07_p0.55/07_graph_n20_p0.55_idx2.gpickle,20,0.55,2,7,66,170,"[12, 8, 16, 6, 2, 15, 14, 1, 7, 5, 19, 18, 11, 4, 3, 17, 13, 10, 0, 9]",9.7502322
./random_graph_db/graph_db_node_20/07_p0.55/07_graph_n20_p0.55_idx3.gpickle,20,0.55,3,7,52,141,"[18, 3, 15, 19, 8, 14, 6, 13, 1, 7, 16, 4, 2, 0, 9, 5, 10, 17, 11, 12]",10.1324291
./random_graph_db/graph_db_node_20/07_p0.55/07_graph_n20_p0.55_idx4.gpickle,20,0.55,4,7,50,146,"[1, 11, 13, 17, 6, 8, 3, 10, 16, 15, 2, 0, 7, 14, 12, 4, 9, 18, 5, 19]",9.732847
./random_graph_db/graph_db_node_20/07_p0.55/07_graph_n20_p0.55_idx5.gpickle,20,0.55,5,6,48,149,"[15, 11, 6, 10, 13, 0, 2, 12, 7, 1, 19, 4, 8, 5, 18, 9, 17, 14, 16, 3]",9.580497
./random_graph_db/graph_db_node_20/07_p0.55/07_graph_n20_p0.55_idx6.gpickle,20,0.55,6,7,62,166,"[16, 6, 0, 14, 10, 15, 3, 18, 8, 1, 2, 13, 17, 5, 11, 12, 19, 9, 4, 7]",9.9444139
./random_graph_db/graph_db_node_20/07_p0.55/07_graph_n20_p0.55_idx7.gpickle,20,0.55,7,7,68,179,"[13, 2, 3, 1, 0, 11, 10, 19, 9, 7, 4, 6, 5, 16, 15, 14, 17, 8, 18, 12]",10.2383521
./random_graph_db/graph_db_node_20/07_p0.55/07_graph_n20_p0.55_idx8.gpickle,20,0.55,8,6,44,130,"[12, 8, 1, 0, 11, 18, 2, 7, 17, 16, 6, 5, 14, 19, 10, 13, 9, 4, 15, 3]",9.6179459
./random_graph_db/graph_db_node_20/07_p0.55/07_graph_n20_p0.55_idx9.gpickle,20,0.55,9,7,65,176,"[14, 2, 16, 15, 5, 7, 9, 8, 4, 13, 6, 12, 1, 18, 19, 17, 10, 3, 11, 0]",10.1178989
./random_graph_db/graph_db_node_20/08_p0.6/08_graph_n20_p0.6_idx1.gpickle,20,0.6,1,7,60,148,"[0, 11, 8, 6, 10, 15, 17, 3, 5, 14, 19, 1, 13, 18, 7, 4, 12, 9, 2, 16]",9.7054379
./random_graph_db/graph_db_node_20/08_p0.6/08_graph_n20_p0.6_idx10.gpickle,20,0.6,10,7,61,167,"[0, 12, 19, 14, 17, 11, 16, 13, 5, 10, 8, 2, 6, 7, 18, 15, 9, 3, 4, 1]",10.064543
./random_graph_db/graph_db_node_20/08_p0.6/08_graph_n20_p0.6_idx2.gpickle,20,0.6,2,7,60,158,"[19, 15, 0, 6, 14, 11, 18, 10, 9, 7, 4, 1, 8, 16, 12, 17, 13, 2, 3, 5]",9.800565
./random_graph_db/graph_db_node_20/08_p0.6/08_graph_n20_p0.6_idx3.gpickle,20,0.6,3,7,58,158,"[17, 10, 8, 3, 1, 14, 5, 0, 11, 2, 9, 16, 13, 12, 4, 6, 7, 19, 15, 18]",9.7355978
./random_graph_db/graph_db_node_20/08_p0.6/08_graph_n20_p0.6_idx4.gpickle,20,0.6,4,7,64,166,"[17, 2, 3, 6, 18, 19, 16, 15, 11, 0, 10, 9, 5, 13, 7, 14, 4, 12, 8, 1]",9.9805052
./random_graph_db/graph_db_node_20/08_p0.6/08_graph_n20_p0.6_idx5.gpickle,20,0.6,5,7,63,172,"[2, 8, 12, 13, 14, 15, 6, 11, 5, 7, 3, 16, 18, 19, 17, 0, 9, 10, 4, 1]",9.967325
./random_graph_db/graph_db_node_20/08_p0.6/08_graph_n20_p0.6_idx6.gpickle,20,0.6,6,6,47,142,"[15, 1, 13, 5, 19, 17, 18, 10, 8, 9, 14, 16, 12, 2, 3, 0, 7, 4, 11, 6]",10.4981949
./random_graph_db/graph_db_node_20/08_p0.6/08_graph_n20_p0.6_idx7.gpickle,20,0.6,7,7,65,194,"[8, 7, 19, 11, 6, 4, 17, 14, 18, 16, 5, 12, 9, 0, 1, 10, 2, 3, 13, 15]",9.9359939
./random_graph_db/graph_db_node_20/08_p0.6/08_graph_n20_p0.6_idx8.gpickle,20,0.6,8,7,50,144,"[18, 5, 7, 14, 6, 19, 1, 12, 13, 4, 11, 16, 0, 17, 8, 15, 2, 9, 10, 3]",10.145689
./random_graph_db/graph_db_node_20/08_p0.6/08_graph_n20_p0.6_idx9.gpickle,20,0.6,9,7,57,155,"[13, 16, 11, 10, 2, 6, 15, 12, 3, 14, 1, 19, 8, 17, 7, 4, 0, 18, 5, 9]",10.213701
./random_graph_db/graph_db_node_20/09_p0.65/09_graph_n20_p0.65_idx1.gpickle,20,0.65,1,7,62,170,"[4, 18, 9, 6, 13, 15, 19, 3, 1, 11, 0, 17, 7, 5, 16, 2, 8, 10, 12, 14]",10.2214189
./random_graph_db/graph_db_node_20/09_p0.65/09_graph_n20_p0.65_idx10.gpickle,20,0.65,10,7,61,154,"[17, 19, 16, 1, 10, 7, 0, 11, 5, 15, 9, 18, 14, 2, 6, 4, 8, 3, 13, 12]",10.1353018
./random_graph_db/graph_db_node_20/09_p0.65/09_graph_n20_p0.65_idx2.gpickle,20,0.65,2,7,68,180,"[1, 9, 5, 15, 6, 4, 0, 13, 18, 8, 3, 7, 19, 16, 12, 2, 11, 10, 17, 14]",9.92208
./random_graph_db/graph_db_node_20/09_p0.65/09_graph_n20_p0.65_idx3.gpickle,20,0.65,3,7,61,168,"[5, 8, 19, 15, 7, 13, 4, 11, 6, 0, 14, 12, 1, 3, 16, 10, 17, 9, 2, 18]",10.0695059
./random_graph_db/graph_db_node_20/09_p0.65/09_graph_n20_p0.65_idx4.gpickle,20,0.65,4,7,63,176,"[16, 11, 9, 0, 4, 13, 15, 8, 18, 6, 2, 1, 3, 17, 12, 10, 7, 19, 5, 14]",9.8638351
./random_graph_db/graph_db_node_20/09_p0.65/09_graph_n20_p0.65_idx5.gpickle,20,0.65,5,7,58,159,"[10, 7, 0, 5, 14, 6, 16, 17, 18, 12, 4, 19, 3, 15, 13, 11, 2, 1, 8, 9]",10.0596318
./random_graph_db/graph_db_node_20/09_p0.65/09_graph_n20_p0.65_idx6.gpickle,20,0.65,6,7,52,145,"[6, 16, 7, 4, 11, 8, 0, 12, 2, 13, 17, 15, 19, 9, 3, 5, 18, 14, 1, 10]",9.660352
./random_graph_db/graph_db_node_20/09_p0.65/09_graph_n20_p0.65_idx7.gpickle,20,0.65,7,7,61,158,"[5, 11, 0, 13, 19, 10, 18, 3, 14, 2, 16, 12, 1, 4, 7, 17, 8, 6, 15, 9]",10.1587451
./random_graph_db/graph_db_node_20/09_p0.65/09_graph_n20_p0.65_idx8.gpickle,20,0.65,8,7,63,184,"[1, 6, 19, 3, 14, 13, 15, 16, 10, 7, 0, 18, 17, 8, 4, 9, 11, 5, 2, 12]",9.6394801
./random_graph_db/graph_db_node_20/09_p0.65/09_graph_n20_p0.65_idx9.gpickle,20,0.65,9,8,73,192,"[8, 6, 0, 10, 1, 13, 3, 19, 14, 16, 2, 18, 17, 4, 9, 11, 7, 5, 15, 12]",9.6889129
./random_graph_db/graph_db_node_20/10_p0.7/10_graph_n20_p0.7_idx1.gpickle,20,0.7,1,7,52,133,"[5, 7, 12, 19, 14, 3, 8, 10, 0, 11, 2, 16, 1, 4, 13, 18, 15, 6, 17, 9]",9.6495323
./random_graph_db/graph_db_node_20/10_p0.7/10_graph_n20_p0.7_idx10.gpickle,20,0.7,10,6,57,158,"[5, 0, 2, 16, 15, 11, 4, 10, 7, 14, 9, 8, 6, 12, 19, 1, 18, 17, 3, 13]",9.7537138
./random_graph_db/graph_db_node_20/10_p0.7/10_graph_n20_p0.7_idx2.gpickle,20,0.7,2,7,59,174,"[19, 16, 10, 8, 4, 3, 11, 0, 9, 15, 7, 13, 1, 2, 5, 12, 6, 17, 18, 14]",9.5633759
./random_graph_db/graph_db_node_20/10_p0.7/10_graph_n20_p0.7_idx3.gpickle,20,0.7,3,7,54,133,"[9, 16, 13, 4, 11, 15, 0, 10, 18, 5, 14, 17, 19, 1, 2, 3, 6, 7, 8, 12]",9.4875519
./random_graph_db/graph_db_node_20/10_p0.7/10_graph_n20_p0.7_idx4.gpickle,20,0.7,4,7,52,152,"[12, 4, 13, 8, 0, 6, 3, 17, 19, 5, 9, 16, 11, 14, 18, 7, 15, 2, 10, 1]",9.8910503
./random_graph_db/graph_db_node_20/10_p0.7/10_graph_n20_p0.7_idx5.gpickle,20,0.7,5,7,60,150,"[3, 7, 10, 2, 8, 16, 13, 1, 6, 14, 12, 18, 0, 9, 17, 11, 19, 5, 15, 4]",9.9415119
./random_graph_db/graph_db_node_20/10_p0.7/10_graph_n20_p0.7_idx6.gpickle,20,0.7,6,7,49,132,"[1, 7, 6, 0, 4, 14, 13, 11, 16, 8, 18, 10, 19, 3, 12, 9, 15, 2, 5, 17]",9.4485612
./random_graph_db/graph_db_node_20/10_p0.7/10_graph_n20_p0.7_idx7.gpickle,20,0.7,7,7,63,171,"[2, 10, 5, 3, 0, 17, 15, 11, 12, 7, 14, 16, 6, 9, 8, 19, 18, 1, 13, 4]",9.7696831
./random_graph_db/graph_db_node_20/10_p0.7/10_graph_n20_p0.7_idx8.gpickle,20,0.7,8,7,56,155,"[7, 8, 12, 3, 11, 16, 14, 4, 1, 5, 19, 6, 15, 9, 0, 17, 10, 13, 18, 2]",9.4966159
./random_graph_db/graph_db_node_20/10_p0.7/10_graph_n20_p0.7_idx9.gpickle,20,0.7,9,7,52,150,"[16, 17, 5, 6, 1, 2, 0, 10, 13, 4, 11, 8, 19, 7, 12, 3, 18, 14, 15, 9]",9.7844019
./random_graph_db/graph_db_node_20/11_p0.8/11_graph_n20_p0.8_idx1.gpickle,20,0.8,1,5,36,95,"[17, 14, 4, 2, 0, 11, 15, 19, 13, 3, 9, 8, 1, 7, 6, 16, 5, 10, 12, 18]",9.5377691
./random_graph_db/graph_db_node_20/11_p0.8/11_graph_n20_p0.8_idx10.gpickle,20,0.8,10,7,46,126,"[18, 5, 0, 13, 10, 4, 19, 16, 11, 17, 6, 2, 15, 9, 7, 14, 12, 3, 8, 1]",9.5069342
./random_graph_db/graph_db_node_20/11_p0.8/11_graph_n20_p0.8_idx2.gpickle,20,0.8,2,5,29,101,"[2, 6, 5, 9, 12, 0, 14, 8, 11, 10, 4, 18, 19, 17, 15, 7, 3, 1, 13, 16]",8.8959548
./random_graph_db/graph_db_node_20/11_p0.8/11_graph_n20_p0.8_idx3.gpickle,20,0.8,3,7,51,141,"[9, 1, 19, 10, 7, 5, 6, 14, 12, 18, 11, 3, 16, 2, 17, 4, 8, 0, 13, 15]",9.2654788
./random_graph_db/graph_db_node_20/11_p0.8/11_graph_n20_p0.8_idx4.gpickle,20,0.8,4,5,29,91,"[0, 5, 1, 13, 16, 6, 15, 4, 8, 19, 10, 12, 11, 9, 3, 18, 17, 7, 2, 14]",9.5013371
./random_graph_db/graph_db_node_20/11_p0.8/11_graph_n20_p0.8_idx5.gpickle,20,0.8,5,4,23,82,"[4, 1, 11, 17, 14, 3, 18, 10, 0, 7, 12, 5, 9, 13, 2, 19, 16, 15, 6, 8]",8.8191221
./random_graph_db/graph_db_node_20/11_p0.8/11_graph_n20_p0.8_idx6.gpickle,20,0.8,6,6,36,107,"[2, 11, 10, 8, 18, 5, 9, 4, 6, 7, 13, 19, 15, 0, 12, 16, 17, 3, 1, 14]",9.6793909
./random_graph_db/graph_db_node_20/11_p0.8/11_graph_n20_p0.8_idx7.gpickle,20,0.8,7,6,45,106,"[2, 10, 13, 9, 3, 0, 11, 8, 15, 19, 1, 17, 7, 4, 16, 12, 18, 5, 6, 14]",9.4126461
./random_graph_db/graph_db_node_20/11_p0.8/11_graph_n20_p0.8_idx8.gpickle,20,0.8,8,6,32,102,"[11, 12, 1, 5, 3, 4, 16, 7, 8, 15, 0, 13, 6, 19, 10, 9, 2, 17, 14, 18]",9.4404168
./random_graph_db/graph_db_node_20/11_p0.8/11_graph_n20_p0.8_idx9.gpickle,20,0.8,9,6,36,88,"[8, 17, 2, 16, 15, 6, 7, 12, 9, 18, 0, 10, 19, 5, 1, 11, 14, 4, 13, 3]",10.244451
./random_graph_db/graph_db_node_20/12_p0.9/12_graph_n20_p0.9_idx1.gpickle,20,0.9,1,4,17,51,"[13, 5, 2, 19, 14, 6, 9, 4, 0, 11, 15, 17, 18, 7, 10, 16, 8, 3, 12, 1]",10.33213
./random_graph_db/graph_db_node_20/12_p0.9/12_graph_n20_p0.9_idx10.gpickle,20,0.9,10,4,17,49,"[6, 7, 17, 4, 10, 12, 11, 8, 9, 18, 0, 5, 19, 1, 13, 16, 3, 14, 2, 15]",9.850935
./random_graph_db/graph_db_node_20/12_p0.9/12_graph_n20_p0.9_idx2.gpickle,20,0.9,2,3,15,55,"[8, 2, 18, 17, 12, 1, 16, 4, 19, 7, 3, 15, 0, 6, 10, 14, 11, 13, 5, 9]",9.9085639
./random_graph_db/graph_db_node_20/12_p0.9/12_graph_n20_p0.9_idx3.gpickle,20,0.9,3,5,26,83,"[2, 13, 8, 5, 9, 0, 19, 11, 14, 10, 12, 3, 17, 1, 4, 15, 6, 18, 7, 16]",10.5404618
./random_graph_db/graph_db_node_20/12_p0.9/12_graph_n20_p0.9_idx4.gpickle,20,0.9,4,3,20,66,"[19, 9, 0, 12, 13, 2, 6, 11, 15, 10, 14, 18, 16, 4, 8, 17, 3, 1, 7, 5]",10.3445959
./random_graph_db/graph_db_node_20/12_p0.9/12_graph_n20_p0.9_idx5.gpickle,20,0.9,5,3,13,52,"[4, 12, 17, 13, 14, 1, 18, 5, 16, 8, 10, 3, 0, 2, 6, 15, 11, 9, 7, 19]",9.170012
./random_graph_db/graph_db_node_20/12_p0.9/12_graph_n20_p0.9_idx6.gpickle,20,0.9,6,2,9,44,"[1, 8, 14, 18, 0, 4, 13, 10, 19, 3, 16, 6, 7, 5, 12, 9, 2, 11, 17, 15]",9.2240219
./random_graph_db/graph_db_node_20/12_p0.9/12_graph_n20_p0.9_idx7.gpickle,20,0.9,7,3,11,46,"[11, 12, 17, 14, 5, 18, 9, 0, 7, 2, 13, 19, 4, 3, 6, 10, 15, 16, 1, 8]",8.6303763
./random_graph_db/graph_db_node_20/12_p0.9/12_graph_n20_p0.9_idx8.gpickle,20,0.9,8,4,20,87,"[12, 14, 5, 7, 19, 8, 4, 15, 16, 11, 3, 2, 18, 10, 17, 0, 1, 13, 6, 9]",9.6238427
./random_graph_db/graph_db_node_20/12_p0.9/12_graph_n20_p0.9_idx9.gpickle,20,0.9,9,4,22,64,"[8, 11, 16, 17, 10, 2, 13, 5, 4, 19, 12, 6, 15, 3, 1, 9, 14, 7, 18, 0]",9.29405
./random_graph_db/graph_db_node_21/01_p0.1/01_graph_n21_p0.1_idx1.gpickle,21,0.1,1,3,7,37,"[6, 13, 18, 17, 7, 20, 16, 19, 5, 15, 9, 10, 11, 1, 14, 2, 0, 3, 4, 12, 8]",9.063251
./random_graph_db/graph_db_node_21/01_p0.1/01_graph_n21_p0.1_idx10.gpickle,21,0.1,10,3,8,46,"[16, 3, 4, 5, 15, 14, 9, 20, 12, 17, 13, 0, 19, 6, 11, 10, 2, 1, 7, 18, 8]",9.0106208
./random_graph_db/graph_db_node_21/01_p0.1/01_graph_n21_p0.1_idx2.gpickle,21,0.1,2,4,10,45,"[14, 7, 5, 13, 17, 19, 16, 18, 11, 6, 2, 4, 0, 1, 20, 15, 10, 3, 9, 8, 12]",9.170871
./random_graph_db/graph_db_node_21/01_p0.1/01_graph_n21_p0.1_idx3.gpickle,21,0.1,3,2,2,28,"[19, 2, 9, 17, 15, 16, 1, 18, 0, 6, 13, 3, 8, 20, 14, 4, 5, 7, 12, 10, 11]",8.8522451
./random_graph_db/graph_db_node_21/01_p0.1/01_graph_n21_p0.1_idx4.gpickle,21,0.1,4,3,4,28,"[15, 1, 13, 19, 10, 14, 7, 3, 0, 18, 16, 17, 5, 11, 2, 4, 6, 8, 9, 20, 12]",8.7911539
./random_graph_db/graph_db_node_21/01_p0.1/01_graph_n21_p0.1_idx5.gpickle,21,0.1,5,4,15,50,"[2, 6, 12, 3, 18, 13, 16, 1, 14, 9, 11, 20, 4, 15, 10, 5, 0, 17, 8, 19, 7]",9.3280101
./random_graph_db/graph_db_node_21/01_p0.1/01_graph_n21_p0.1_idx6.gpickle,21,0.1,6,3,5,35,"[1, 10, 3, 11, 19, 4, 7, 2, 8, 16, 0, 20, 15, 12, 5, 17, 13, 18, 9, 6, 14]",8.6912861
./random_graph_db/graph_db_node_21/01_p0.1/01_graph_n21_p0.1_idx7.gpickle,21,0.1,7,4,11,43,"[5, 10, 2, 15, 1, 17, 11, 18, 7, 9, 12, 6, 20, 19, 3, 13, 16, 14, 0, 8, 4]",9.0247359
./random_graph_db/graph_db_node_21/01_p0.1/01_graph_n21_p0.1_idx8.gpickle,21,0.1,8,2,1,34,"[20, 7, 4, 2, 0, 6, 10, 9, 12, 5, 16, 15, 1, 18, 13, 3, 8, 19, 14, 11, 17]",8.6917703
./random_graph_db/graph_db_node_21/01_p0.1/01_graph_n21_p0.1_idx9.gpickle,21,0.1,9,2,3,36,"[2, 5, 11, 0, 19, 1, 14, 15, 8, 4, 17, 9, 20, 16, 18, 12, 3, 10, 7, 13, 6]",8.465205
./random_graph_db/graph_db_node_21/02_p0.2/02_graph_n21_p0.2_idx1.gpickle,21,0.2,1,5,28,76,"[17, 7, 13, 16, 20, 2, 0, 15, 19, 18, 10, 6, 5, 14, 12, 8, 11, 1, 3, 4, 9]",9.4632421
./random_graph_db/graph_db_node_21/02_p0.2/02_graph_n21_p0.2_idx10.gpickle,21,0.2,10,5,16,57,"[0, 7, 11, 4, 20, 18, 15, 14, 1, 10, 13, 8, 3, 5, 2, 12, 9, 17, 19, 16, 6]",9.3488481
./random_graph_db/graph_db_node_21/02_p0.2/02_graph_n21_p0.2_idx2.gpickle,21,0.2,2,5,31,94,"[2, 14, 1, 10, 15, 18, 12, 3, 7, 5, 16, 9, 17, 6, 20, 4, 11, 0, 19, 8, 13]",10.1637282
./random_graph_db/graph_db_node_21/02_p0.2/02_graph_n21_p0.2_idx3.gpickle,21,0.2,3,6,41,115,"[6, 0, 17, 13, 11, 3, 4, 12, 15, 2, 5, 19, 16, 7, 1, 10, 9, 20, 14, 18, 8]",9.8848
./random_graph_db/graph_db_node_21/02_p0.2/02_graph_n21_p0.2_idx4.gpickle,21,0.2,4,6,43,119,"[12, 13, 9, 2, 8, 19, 5, 3, 6, 10, 7, 14, 1, 18, 15, 0, 11, 17, 20, 4, 16]",9.9994969
./random_graph_db/graph_db_node_21/02_p0.2/02_graph_n21_p0.2_idx5.gpickle,21,0.2,5,5,31,80,"[11, 4, 0, 17, 2, 5, 10, 3, 9, 20, 7, 6, 18, 12, 15, 16, 8, 13, 14, 19, 1]",9.685585
./random_graph_db/graph_db_node_21/02_p0.2/02_graph_n21_p0.2_idx6.gpickle,21,0.2,6,5,26,75,"[6, 2, 9, 8, 4, 11, 13, 14, 16, 15, 7, 3, 12, 10, 5, 1, 17, 0, 19, 18, 20]",9.699157
./random_graph_db/graph_db_node_21/02_p0.2/02_graph_n21_p0.2_idx7.gpickle,21,0.2,7,5,29,99,"[18, 17, 11, 0, 20, 2, 13, 7, 14, 8, 6, 9, 12, 15, 4, 1, 5, 19, 3, 16, 10]",9.4048779
./random_graph_db/graph_db_node_21/02_p0.2/02_graph_n21_p0.2_idx8.gpickle,21,0.2,8,5,23,67,"[12, 8, 0, 7, 10, 9, 1, 13, 19, 6, 3, 17, 18, 14, 20, 4, 11, 2, 5, 16, 15]",9.619359
./random_graph_db/graph_db_node_21/02_p0.2/02_graph_n21_p0.2_idx9.gpickle,21,0.2,9,5,32,98,"[0, 7, 5, 19, 17, 12, 4, 1, 13, 8, 10, 3, 16, 15, 18, 9, 2, 11, 20, 6, 14]",9.6161392
./random_graph_db/graph_db_node_21/03_p0.3/03_graph_n21_p0.3_idx1.gpickle,21,0.3,1,7,68,173,"[12, 7, 8, 3, 5, 14, 15, 11, 13, 6, 2, 18, 19, 16, 10, 9, 4, 1, 0, 20, 17]",10.6553869
./random_graph_db/graph_db_node_21/03_p0.3/03_graph_n21_p0.3_idx10.gpickle,21,0.3,10,6,44,135,"[0, 14, 8, 2, 12, 18, 16, 3, 7, 10, 13, 17, 4, 5, 11, 1, 6, 9, 15, 19, 20]",10.1917961
./random_graph_db/graph_db_node_21/03_p0.3/03_graph_n21_p0.3_idx2.gpickle,21,0.3,2,7,56,147,"[12, 0, 13, 4, 16, 20, 18, 3, 11, 7, 19, 6, 5, 1, 2, 15, 10, 17, 9, 8, 14]",10.4647799
./random_graph_db/graph_db_node_21/03_p0.3/03_graph_n21_p0.3_idx3.gpickle,21,0.3,3,7,56,139,"[2, 9, 20, 1, 16, 5, 15, 8, 7, 6, 19, 17, 14, 4, 12, 18, 13, 0, 11, 10, 3]",10.4111111
./random_graph_db/graph_db_node_21/03_p0.3/03_graph_n21_p0.3_idx4.gpickle,21,0.3,4,6,42,114,"[20, 15, 9, 11, 2, 12, 5, 4, 18, 3, 17, 1, 6, 13, 8, 7, 19, 16, 10, 0, 14]",10.1716959
./random_graph_db/graph_db_node_21/03_p0.3/03_graph_n21_p0.3_idx5.gpickle,21,0.3,5,7,52,139,"[4, 13, 14, 2, 20, 5, 8, 9, 16, 3, 19, 15, 6, 0, 17, 11, 10, 1, 12, 18, 7]",10.005013
./random_graph_db/graph_db_node_21/03_p0.3/03_graph_n21_p0.3_idx6.gpickle,21,0.3,6,6,47,126,"[17, 1, 2, 19, 5, 6, 14, 15, 8, 9, 11, 0, 3, 4, 13, 7, 10, 18, 20, 16, 12]",10.2592897
./random_graph_db/graph_db_node_21/03_p0.3/03_graph_n21_p0.3_idx7.gpickle,21,0.3,7,7,56,162,"[15, 6, 0, 2, 10, 3, 20, 8, 4, 17, 18, 11, 19, 5, 7, 12, 14, 1, 9, 13, 16]",10.0570869
./random_graph_db/graph_db_node_21/03_p0.3/03_graph_n21_p0.3_idx8.gpickle,21,0.3,8,6,51,129,"[3, 8, 15, 9, 4, 7, 0, 17, 10, 5, 1, 2, 18, 6, 20, 14, 13, 16, 11, 19, 12]",10.28462
./random_graph_db/graph_db_node_21/03_p0.3/03_graph_n21_p0.3_idx9.gpickle,21,0.3,9,7,72,175,"[16, 13, 14, 12, 8, 5, 9, 15, 10, 11, 3, 7, 18, 2, 17, 0, 6, 19, 1, 4, 20]",10.3704009
./random_graph_db/graph_db_node_21/04_p0.4/04_graph_n21_p0.4_idx1.gpickle,21,0.4,1,7,47,154,"[20, 11, 18, 1, 10, 15, 5, 19, 4, 14, 16, 3, 6, 0, 17, 2, 12, 9, 13, 7, 8]",10.6126242
./random_graph_db/graph_db_node_21/04_p0.4/04_graph_n21_p0.4_idx10.gpickle,21,0.4,10,8,67,175,"[8, 7, 16, 14, 17, 9, 10, 0, 6, 18, 5, 12, 2, 13, 11, 15, 4, 19, 20, 3, 1]",10.325382
./random_graph_db/graph_db_node_21/04_p0.4/04_graph_n21_p0.4_idx2.gpickle,21,0.4,2,8,71,189,"[1, 11, 2, 5, 9, 6, 10, 8, 4, 3, 15, 17, 18, 16, 0, 14, 19, 13, 12, 7, 20]",10.7249627
./random_graph_db/graph_db_node_21/04_p0.4/04_graph_n21_p0.4_idx3.gpickle,21,0.4,3,7,57,157,"[20, 5, 18, 1, 6, 8, 9, 14, 12, 7, 19, 0, 13, 10, 3, 17, 15, 4, 2, 11, 16]",10.2756062
./random_graph_db/graph_db_node_21/04_p0.4/04_graph_n21_p0.4_idx4.gpickle,21,0.4,4,8,75,209,"[0, 13, 3, 2, 9, 8, 11, 10, 14, 17, 18, 16, 20, 5, 1, 19, 6, 12, 15, 7, 4]",11.0707691
./random_graph_db/graph_db_node_21/04_p0.4/04_graph_n21_p0.4_idx5.gpickle,21,0.4,5,7,66,185,"[1, 11, 13, 15, 17, 2, 20, 8, 7, 10, 18, 19, 0, 6, 16, 14, 9, 12, 4, 5, 3]",10.8008769
./random_graph_db/graph_db_node_21/04_p0.4/04_graph_n21_p0.4_idx6.gpickle,21,0.4,6,8,60,159,"[18, 20, 10, 14, 9, 11, 13, 0, 6, 4, 15, 7, 1, 17, 3, 19, 5, 16, 12, 8, 2]",15.7823918
./random_graph_db/graph_db_node_21/04_p0.4/04_graph_n21_p0.4_idx7.gpickle,21,0.4,7,7,55,157,"[2, 20, 19, 6, 0, 14, 17, 18, 1, 8, 15, 12, 10, 11, 13, 3, 4, 16, 9, 7, 5]",11.924716
./random_graph_db/graph_db_node_21/04_p0.4/04_graph_n21_p0.4_idx8.gpickle,21,0.4,8,8,59,149,"[6, 14, 15, 18, 16, 3, 10, 11, 9, 7, 8, 17, 20, 19, 12, 13, 4, 5, 0, 1, 2]",12.2450552
./random_graph_db/graph_db_node_21/04_p0.4/04_graph_n21_p0.4_idx9.gpickle,21,0.4,9,7,55,154,"[4, 9, 5, 13, 7, 8, 0, 2, 12, 14, 10, 11, 6, 15, 17, 19, 16, 1, 20, 18, 3]",12.3487229
./random_graph_db/graph_db_node_21/05_p0.45/05_graph_n21_p0.45_idx1.gpickle,21,0.45,1,7,59,177,"[13, 3, 6, 9, 1, 18, 2, 12, 15, 16, 7, 11, 10, 17, 4, 8, 0, 20, 14, 19, 5]",11.7469342
./random_graph_db/graph_db_node_21/05_p0.45/05_graph_n21_p0.45_idx10.gpickle,21,0.45,10,7,53,170,"[17, 3, 12, 13, 6, 2, 19, 18, 4, 15, 8, 10, 0, 5, 11, 14, 9, 20, 1, 16, 7]",12.4376338
./random_graph_db/graph_db_node_21/05_p0.45/05_graph_n21_p0.45_idx2.gpickle,21,0.45,2,7,53,145,"[0, 3, 2, 7, 13, 4, 19, 11, 10, 14, 12, 15, 8, 6, 9, 1, 5, 18, 16, 20, 17]",12.0714779
./random_graph_db/graph_db_node_21/05_p0.45/05_graph_n21_p0.45_idx3.gpickle,21,0.45,3,7,66,181,"[7, 12, 8, 4, 3, 0, 6, 2, 11, 18, 14, 20, 16, 15, 19, 1, 5, 13, 9, 10, 17]",11.1927958
./random_graph_db/graph_db_node_21/05_p0.45/05_graph_n21_p0.45_idx4.gpickle,21,0.45,4,7,65,177,"[13, 3, 14, 8, 10, 9, 20, 16, 18, 5, 12, 4, 17, 11, 1, 19, 0, 2, 6, 15, 7]",10.8948369
./random_graph_db/graph_db_node_21/05_p0.45/05_graph_n21_p0.45_idx5.gpickle,21,0.45,5,7,64,165,"[0, 2, 18, 1, 4, 12, 17, 19, 10, 13, 5, 9, 8, 14, 3, 20, 16, 6, 11, 7, 15]",10.276875
./random_graph_db/graph_db_node_21/05_p0.45/05_graph_n21_p0.45_idx6.gpickle,21,0.45,6,7,66,166,"[12, 4, 7, 2, 20, 10, 3, 16, 13, 15, 14, 9, 8, 17, 0, 11, 6, 19, 5, 18, 1]",12.625984
./random_graph_db/graph_db_node_21/05_p0.45/05_graph_n21_p0.45_idx7.gpickle,21,0.45,7,7,60,157,"[9, 3, 15, 16, 14, 18, 10, 17, 12, 20, 7, 8, 4, 5, 1, 19, 0, 6, 2, 11, 13]",10.827225
./random_graph_db/graph_db_node_21/05_p0.45/05_graph_n21_p0.45_idx8.gpickle,21,0.45,8,7,67,175,"[5, 3, 0, 18, 10, 11, 6, 14, 9, 15, 17, 20, 19, 7, 2, 13, 16, 12, 8, 4, 1]",10.613416
./random_graph_db/graph_db_node_21/05_p0.45/05_graph_n21_p0.45_idx9.gpickle,21,0.45,9,8,68,168,"[1, 8, 20, 11, 2, 9, 6, 3, 7, 17, 18, 12, 4, 14, 0, 10, 19, 16, 5, 15, 13]",10.8018429
./random_graph_db/graph_db_node_21/06_p0.5/06_graph_n21_p0.5_idx1.gpickle,21,0.5,1,7,62,175,"[19, 15, 6, 8, 1, 10, 9, 0, 4, 7, 17, 14, 20, 18, 2, 11, 13, 12, 16, 5, 3]",10.4480979
./random_graph_db/graph_db_node_21/06_p0.5/06_graph_n21_p0.5_idx10.gpickle,21,0.5,10,7,62,160,"[10, 1, 19, 16, 14, 2, 18, 12, 17, 5, 13, 0, 8, 7, 11, 9, 20, 3, 6, 4, 15]",10.5288241
./random_graph_db/graph_db_node_21/06_p0.5/06_graph_n21_p0.5_idx2.gpickle,21,0.5,2,8,68,182,"[13, 10, 18, 3, 4, 14, 19, 17, 2, 0, 8, 11, 7, 6, 1, 12, 16, 9, 5, 20, 15]",10.7458413
./random_graph_db/graph_db_node_21/06_p0.5/06_graph_n21_p0.5_idx3.gpickle,21,0.5,3,8,76,187,"[5, 20, 9, 7, 10, 6, 16, 19, 2, 17, 8, 18, 12, 1, 11, 4, 0, 14, 15, 13, 3]",10.8795831
./random_graph_db/graph_db_node_21/06_p0.5/06_graph_n21_p0.5_idx4.gpickle,21,0.5,4,8,74,175,"[4, 16, 8, 15, 3, 7, 20, 18, 0, 1, 11, 10, 19, 5, 17, 12, 6, 9, 13, 14, 2]",10.6949899
./random_graph_db/graph_db_node_21/06_p0.5/06_graph_n21_p0.5_idx5.gpickle,21,0.5,5,7,59,160,"[8, 4, 6, 12, 13, 2, 18, 19, 10, 7, 11, 15, 14, 17, 3, 5, 1, 9, 16, 20, 0]",10.6019702
./random_graph_db/graph_db_node_21/06_p0.5/06_graph_n21_p0.5_idx6.gpickle,21,0.5,6,7,63,170,"[7, 15, 2, 12, 5, 10, 0, 18, 4, 14, 6, 8, 20, 19, 13, 9, 1, 3, 16, 11, 17]",10.4375138
./random_graph_db/graph_db_node_21/06_p0.5/06_graph_n21_p0.5_idx7.gpickle,21,0.5,7,7,66,180,"[20, 0, 16, 8, 12, 18, 15, 19, 11, 17, 13, 1, 9, 3, 5, 2, 14, 7, 6, 4, 10]",10.8266304
./random_graph_db/graph_db_node_21/06_p0.5/06_graph_n21_p0.5_idx8.gpickle,21,0.5,8,8,76,186,"[15, 1, 13, 20, 17, 12, 8, 18, 10, 7, 6, 3, 16, 4, 11, 19, 2, 14, 9, 5, 0]",10.555722
./random_graph_db/graph_db_node_21/06_p0.5/06_graph_n21_p0.5_idx9.gpickle,21,0.5,9,7,73,192,"[5, 17, 16, 11, 14, 13, 18, 12, 4, 8, 20, 6, 10, 7, 2, 15, 1, 19, 3, 9, 0]",10.9954529
./random_graph_db/graph_db_node_21/07_p0.55/07_graph_n21_p0.55_idx1.gpickle,21,0.55,1,7,59,166,"[12, 20, 8, 7, 9, 17, 3, 19, 10, 1, 6, 5, 13, 15, 2, 16, 11, 0, 18, 4, 14]",14.5960069
./random_graph_db/graph_db_node_21/07_p0.55/07_graph_n21_p0.55_idx10.gpickle,21,0.55,10,7,62,188,"[11, 16, 8, 2, 5, 7, 3, 9, 19, 10, 1, 4, 15, 6, 0, 17, 14, 13, 20, 12, 18]",12.373152
./random_graph_db/graph_db_node_21/07_p0.55/07_graph_n21_p0.55_idx2.gpickle,21,0.55,2,7,67,178,"[15, 11, 6, 16, 4, 19, 12, 14, 8, 7, 3, 20, 1, 9, 10, 5, 2, 0, 13, 17, 18]",11.551017
./random_graph_db/graph_db_node_21/07_p0.55/07_graph_n21_p0.55_idx3.gpickle,21,0.55,3,8,69,185,"[5, 9, 18, 13, 20, 7, 1, 10, 4, 8, 16, 19, 3, 6, 0, 17, 2, 11, 12, 14, 15]",11.1052301
./random_graph_db/graph_db_node_21/07_p0.55/07_graph_n21_p0.55_idx4.gpickle,21,0.55,4,7,65,184,"[14, 2, 6, 19, 7, 17, 11, 13, 1, 8, 12, 18, 0, 9, 3, 20, 16, 15, 5, 4, 10]",11.5274282
./random_graph_db/graph_db_node_21/07_p0.55/07_graph_n21_p0.55_idx5.gpickle,21,0.55,5,7,56,154,"[13, 17, 7, 16, 1, 12, 14, 8, 3, 15, 9, 11, 4, 0, 2, 6, 20, 19, 18, 10, 5]",11.0543392
./random_graph_db/graph_db_node_21/07_p0.55/07_graph_n21_p0.55_idx6.gpickle,21,0.55,6,7,67,174,"[12, 6, 10, 11, 18, 7, 4, 1, 0, 14, 2, 9, 5, 15, 3, 19, 8, 20, 17, 13, 16]",10.7837739
./random_graph_db/graph_db_node_21/07_p0.55/07_graph_n21_p0.55_idx7.gpickle,21,0.55,7,7,59,167,"[14, 8, 7, 6, 4, 2, 3, 11, 5, 9, 1, 17, 10, 18, 13, 19, 12, 15, 16, 0, 20]",10.87725
./random_graph_db/graph_db_node_21/07_p0.55/07_graph_n21_p0.55_idx8.gpickle,21,0.55,8,7,68,177,"[15, 5, 4, 18, 0, 20, 3, 14, 16, 6, 12, 19, 7, 8, 1, 2, 17, 9, 13, 10, 11]",10.9935918
./random_graph_db/graph_db_node_21/07_p0.55/07_graph_n21_p0.55_idx9.gpickle,21,0.55,9,8,68,179,"[3, 18, 20, 5, 0, 14, 17, 4, 1, 8, 2, 19, 11, 6, 9, 7, 15, 12, 13, 16, 10]",10.94309
./random_graph_db/graph_db_node_21/08_p0.6/08_graph_n21_p0.6_idx1.gpickle,21,0.6,1,8,59,166,"[11, 20, 4, 14, 3, 12, 9, 10, 16, 0, 1, 7, 5, 8, 17, 2, 18, 6, 19, 13, 15]",10.6531329
./random_graph_db/graph_db_node_21/08_p0.6/08_graph_n21_p0.6_idx10.gpickle,21,0.6,10,7,62,170,"[17, 12, 11, 13, 6, 9, 1, 7, 20, 15, 18, 3, 8, 14, 5, 2, 16, 4, 19, 10, 0]",10.844188
./random_graph_db/graph_db_node_21/08_p0.6/08_graph_n21_p0.6_idx2.gpickle,21,0.6,2,7,68,183,"[8, 17, 9, 0, 18, 19, 7, 13, 5, 6, 15, 12, 14, 1, 2, 10, 16, 4, 3, 20, 11]",10.6407259
./random_graph_db/graph_db_node_21/08_p0.6/08_graph_n21_p0.6_idx3.gpickle,21,0.6,3,7,64,174,"[17, 5, 2, 14, 16, 9, 3, 11, 20, 15, 19, 4, 13, 0, 1, 12, 18, 10, 8, 7, 6]",10.792311
./random_graph_db/graph_db_node_21/08_p0.6/08_graph_n21_p0.6_idx4.gpickle,21,0.6,4,7,61,168,"[16, 17, 6, 13, 18, 11, 8, 1, 12, 20, 4, 9, 3, 19, 10, 0, 14, 2, 15, 5, 7]",10.405453
./random_graph_db/graph_db_node_21/08_p0.6/08_graph_n21_p0.6_idx5.gpickle,21,0.6,5,7,66,172,"[5, 16, 6, 0, 15, 14, 8, 1, 13, 2, 3, 11, 9, 17, 18, 12, 10, 20, 4, 7, 19]",10.7995062
./random_graph_db/graph_db_node_21/08_p0.6/08_graph_n21_p0.6_idx6.gpickle,21,0.6,6,7,69,186,"[1, 0, 17, 6, 19, 18, 11, 14, 16, 9, 4, 2, 8, 12, 13, 5, 20, 15, 3, 7, 10]",10.6259861
./random_graph_db/graph_db_node_21/08_p0.6/08_graph_n21_p0.6_idx7.gpickle,21,0.6,7,8,71,181,"[18, 5, 0, 20, 19, 8, 4, 14, 6, 11, 1, 2, 16, 12, 9, 7, 13, 17, 3, 10, 15]",10.79689
./random_graph_db/graph_db_node_21/08_p0.6/08_graph_n21_p0.6_idx8.gpickle,21,0.6,8,7,59,189,"[12, 11, 0, 17, 18, 9, 19, 8, 20, 1, 2, 4, 13, 14, 7, 3, 6, 15, 5, 10, 16]",10.5817661
./random_graph_db/graph_db_node_21/08_p0.6/08_graph_n21_p0.6_idx9.gpickle,21,0.6,9,8,64,174,"[0, 3, 16, 12, 4, 1, 6, 8, 19, 7, 10, 15, 5, 2, 18, 14, 11, 13, 9, 17, 20]",11.1405032
./random_graph_db/graph_db_node_21/09_p0.65/09_graph_n21_p0.65_idx1.gpickle,21,0.65,1,7,62,180,"[14, 11, 0, 2, 9, 4, 15, 8, 16, 3, 6, 5, 13, 1, 19, 7, 20, 17, 12, 18, 10]",10.4805231
./random_graph_db/graph_db_node_21/09_p0.65/09_graph_n21_p0.65_idx10.gpickle,21,0.65,10,7,50,142,"[8, 5, 16, 6, 10, 18, 15, 4, 11, 17, 19, 3, 1, 13, 20, 9, 7, 14, 12, 0, 2]",10.608089
./random_graph_db/graph_db_node_21/09_p0.65/09_graph_n21_p0.65_idx2.gpickle,21,0.65,2,7,72,184,"[17, 14, 4, 8, 7, 12, 19, 18, 11, 15, 5, 6, 1, 10, 13, 3, 20, 0, 2, 9, 16]",10.8052742
./random_graph_db/graph_db_node_21/09_p0.65/09_graph_n21_p0.65_idx3.gpickle,21,0.65,3,7,71,192,"[12, 6, 20, 17, 1, 19, 14, 9, 7, 13, 4, 15, 0, 5, 11, 3, 16, 8, 2, 18, 10]",10.7362864
./random_graph_db/graph_db_node_21/09_p0.65/09_graph_n21_p0.65_idx4.gpickle,21,0.65,4,7,65,172,"[10, 13, 8, 20, 1, 5, 15, 18, 7, 3, 2, 11, 17, 14, 16, 19, 4, 0, 9, 6, 12]",10.7503853
./random_graph_db/graph_db_node_21/09_p0.65/09_graph_n21_p0.65_idx5.gpickle,21,0.65,5,7,67,177,"[14, 5, 4, 2, 10, 17, 11, 3, 16, 18, 12, 7, 9, 13, 0, 19, 1, 8, 15, 6, 20]",10.6639149
./random_graph_db/graph_db_node_21/09_p0.65/09_graph_n21_p0.65_idx6.gpickle,21,0.65,6,7,74,197,"[19, 10, 4, 12, 8, 13, 5, 15, 6, 2, 16, 7, 14, 11, 20, 17, 9, 0, 1, 18, 3]",11.8036809
./random_graph_db/graph_db_node_21/09_p0.65/09_graph_n21_p0.65_idx7.gpickle,21,0.65,7,7,60,164,"[2, 10, 20, 16, 5, 3, 1, 11, 7, 19, 0, 9, 13, 15, 14, 8, 17, 6, 18, 4, 12]",11.656729
./random_graph_db/graph_db_node_21/09_p0.65/09_graph_n21_p0.65_idx8.gpickle,21,0.65,8,7,55,150,"[1, 16, 7, 2, 11, 0, 17, 9, 13, 10, 14, 3, 19, 6, 12, 20, 4, 5, 8, 18, 15]",11.199821
./random_graph_db/graph_db_node_21/09_p0.65/09_graph_n21_p0.65_idx9.gpickle,21,0.65,9,7,63,172,"[13, 17, 8, 12, 14, 0, 4, 11, 15, 2, 19, 5, 18, 20, 3, 1, 7, 10, 6, 16, 9]",11.1681519
./random_graph_db/graph_db_node_21/10_p0.7/10_graph_n21_p0.7_idx1.gpickle,21,0.7,1,7,60,167,"[5, 7, 15, 20, 9, 16, 11, 17, 18, 13, 1, 0, 19, 12, 10, 4, 6, 2, 3, 8, 14]",10.825155
./random_graph_db/graph_db_node_21/10_p0.7/10_graph_n21_p0.7_idx10.gpickle,21,0.7,10,8,64,174,"[4, 7, 18, 12, 2, 16, 3, 0, 17, 10, 9, 15, 19, 20, 13, 8, 5, 11, 14, 1, 6]",10.663554
./random_graph_db/graph_db_node_21/10_p0.7/10_graph_n21_p0.7_idx2.gpickle,21,0.7,2,7,62,164,"[16, 6, 5, 1, 3, 15, 11, 18, 14, 19, 2, 20, 10, 17, 13, 4, 12, 8, 0, 9, 7]",11.0514929
./random_graph_db/graph_db_node_21/10_p0.7/10_graph_n21_p0.7_idx3.gpickle,21,0.7,3,7,64,164,"[3, 8, 2, 7, 0, 11, 15, 6, 16, 9, 10, 5, 13, 20, 14, 4, 1, 19, 18, 17, 12]",10.576838
./random_graph_db/graph_db_node_21/10_p0.7/10_graph_n21_p0.7_idx4.gpickle,21,0.7,4,7,66,167,"[4, 1, 0, 19, 3, 2, 11, 6, 16, 13, 7, 12, 10, 9, 5, 15, 8, 17, 18, 20, 14]",10.6305389
./random_graph_db/graph_db_node_21/10_p0.7/10_graph_n21_p0.7_idx5.gpickle,21,0.7,5,7,63,182,"[5, 10, 7, 2, 3, 4, 1, 6, 12, 15, 18, 16, 11, 19, 9, 0, 17, 20, 14, 13, 8]",10.847841
./random_graph_db/graph_db_node_21/10_p0.7/10_graph_n21_p0.7_idx6.gpickle,21,0.7,6,7,54,148,"[9, 2, 19, 16, 6, 1, 8, 7, 17, 0, 4, 15, 13, 3, 11, 12, 10, 5, 14, 18, 20]",10.3655789
./random_graph_db/graph_db_node_21/10_p0.7/10_graph_n21_p0.7_idx7.gpickle,21,0.7,7,8,64,175,"[4, 7, 0, 3, 12, 17, 6, 8, 1, 9, 2, 20, 13, 18, 10, 16, 19, 15, 5, 14, 11]",10.5562079
./random_graph_db/graph_db_node_21/10_p0.7/10_graph_n21_p0.7_idx8.gpickle,21,0.7,8,7,59,177,"[7, 12, 14, 18, 10, 4, 1, 20, 3, 17, 15, 9, 19, 5, 0, 8, 2, 13, 11, 6, 16]",10.5774097
./random_graph_db/graph_db_node_21/10_p0.7/10_graph_n21_p0.7_idx9.gpickle,21,0.7,9,8,67,168,"[13, 20, 18, 7, 3, 19, 12, 16, 10, 4, 9, 5, 17, 14, 11, 8, 2, 1, 0, 6, 15]",10.8695068
./random_graph_db/graph_db_node_21/11_p0.8/11_graph_n21_p0.8_idx1.gpickle,21,0.8,1,5,34,109,"[3, 11, 6, 0, 17, 18, 7, 10, 2, 13, 9, 4, 15, 19, 14, 20, 16, 8, 5, 12, 1]",10.0246868
./random_graph_db/graph_db_node_21/11_p0.8/11_graph_n21_p0.8_idx10.gpickle,21,0.8,10,6,49,148,"[1, 12, 7, 8, 3, 4, 20, 17, 18, 6, 14, 9, 5, 15, 13, 2, 10, 19, 0, 16, 11]",10.5839679
./random_graph_db/graph_db_node_21/11_p0.8/11_graph_n21_p0.8_idx2.gpickle,21,0.8,2,6,49,149,"[12, 10, 14, 3, 5, 13, 17, 15, 2, 8, 16, 11, 20, 1, 18, 19, 9, 4, 0, 7, 6]",10.086431
./random_graph_db/graph_db_node_21/11_p0.8/11_graph_n21_p0.8_idx3.gpickle,21,0.8,3,6,42,120,"[17, 15, 7, 18, 14, 10, 0, 9, 11, 3, 20, 4, 6, 12, 2, 16, 13, 5, 19, 8, 1]",10.2535422
./random_graph_db/graph_db_node_21/11_p0.8/11_graph_n21_p0.8_idx4.gpickle,21,0.8,4,6,44,129,"[4, 0, 9, 5, 6, 7, 11, 17, 15, 12, 1, 8, 20, 2, 3, 19, 13, 10, 18, 14, 16]",10.179404
./random_graph_db/graph_db_node_21/11_p0.8/11_graph_n21_p0.8_idx5.gpickle,21,0.8,5,6,39,122,"[19, 16, 4, 0, 20, 5, 3, 14, 1, 10, 2, 12, 7, 15, 17, 9, 8, 11, 6, 13, 18]",10.018996
./random_graph_db/graph_db_node_21/11_p0.8/11_graph_n21_p0.8_idx6.gpickle,21,0.8,6,6,50,135,"[19, 18, 4, 11, 17, 8, 16, 9, 15, 20, 2, 3, 13, 1, 12, 14, 6, 5, 10, 7, 0]",9.922919
./random_graph_db/graph_db_node_21/11_p0.8/11_graph_n21_p0.8_idx7.gpickle,21,0.8,7,6,45,129,"[10, 17, 9, 18, 11, 12, 15, 16, 1, 6, 7, 3, 20, 8, 2, 4, 0, 13, 5, 14, 19]",10.1642113
./random_graph_db/graph_db_node_21/11_p0.8/11_graph_n21_p0.8_idx8.gpickle,21,0.8,8,6,46,126,"[16, 5, 18, 0, 4, 17, 1, 8, 6, 15, 10, 13, 2, 3, 9, 12, 11, 14, 7, 19, 20]",9.870841
./random_graph_db/graph_db_node_21/11_p0.8/11_graph_n21_p0.8_idx9.gpickle,21,0.8,9,6,40,119,"[8, 13, 11, 17, 3, 14, 16, 5, 1, 7, 12, 15, 20, 18, 6, 19, 10, 9, 0, 2, 4]",10.1078448
./random_graph_db/graph_db_node_21/12_p0.9/12_graph_n21_p0.9_idx1.gpickle,21,0.9,1,4,17,55,"[10, 15, 0, 17, 13, 4, 19, 3, 2, 12, 20, 18, 1, 9, 14, 11, 5, 8, 7, 6, 16]",9.1144841
./random_graph_db/graph_db_node_21/12_p0.9/12_graph_n21_p0.9_idx10.gpickle,21,0.9,10,4,18,58,"[6, 4, 13, 2, 16, 8, 19, 18, 9, 11, 20, 0, 3, 12, 5, 17, 7, 15, 1, 14, 10]",9.5230329
./random_graph_db/graph_db_node_21/12_p0.9/12_graph_n21_p0.9_idx2.gpickle,21,0.9,2,4,17,60,"[20, 7, 5, 1, 2, 10, 18, 8, 0, 16, 14, 4, 9, 11, 17, 6, 3, 15, 12, 13, 19]",9.026861
./random_graph_db/graph_db_node_21/12_p0.9/12_graph_n21_p0.9_idx3.gpickle,21,0.9,3,5,32,100,"[4, 16, 19, 7, 12, 11, 3, 13, 6, 1, 17, 2, 0, 5, 14, 9, 20, 8, 15, 10, 18]",9.8317811
./random_graph_db/graph_db_node_21/12_p0.9/12_graph_n21_p0.9_idx4.gpickle,21,0.9,4,5,31,89,"[7, 6, 10, 2, 11, 1, 18, 17, 13, 5, 20, 4, 3, 12, 19, 0, 9, 14, 8, 16, 15]",9.5734589
./random_graph_db/graph_db_node_21/12_p0.9/12_graph_n21_p0.9_idx5.gpickle,21,0.9,5,4,22,77,"[20, 2, 19, 11, 5, 15, 4, 18, 1, 6, 17, 13, 14, 8, 0, 7, 10, 12, 9, 16, 3]",9.1174662
./random_graph_db/graph_db_node_21/12_p0.9/12_graph_n21_p0.9_idx6.gpickle,21,0.9,6,3,17,61,"[8, 14, 6, 16, 18, 19, 11, 9, 3, 2, 12, 13, 0, 17, 20, 4, 10, 1, 5, 15, 7]",8.8732789
./random_graph_db/graph_db_node_21/12_p0.9/12_graph_n21_p0.9_idx7.gpickle,21,0.9,7,3,10,47,"[2, 5, 4, 11, 18, 12, 0, 13, 10, 3, 6, 17, 19, 9, 16, 15, 14, 8, 1, 7, 20]",8.6775639
./random_graph_db/graph_db_node_21/12_p0.9/12_graph_n21_p0.9_idx8.gpickle,21,0.9,8,4,25,74,"[18, 14, 19, 1, 13, 0, 5, 15, 2, 4, 17, 11, 8, 20, 7, 3, 16, 6, 10, 12, 9]",9.647892
./random_graph_db/graph_db_node_21/12_p0.9/12_graph_n21_p0.9_idx9.gpickle,21,0.9,9,5,28,84,"[19, 17, 11, 12, 9, 4, 0, 14, 13, 5, 10, 15, 7, 20, 16, 3, 6, 2, 8, 1, 18]",9.8284192
./random_graph_db/graph_db_node_22/01_p0.1/01_graph_n22_p0.1_idx1.gpickle,22,0.1,1,3,8,45,"[3, 10, 12, 21, 1, 20, 2, 8, 7, 17, 6, 14, 4, 5, 0, 9, 16, 15, 18, 13, 11, 19]",9.5649941
./random_graph_db/graph_db_node_22/01_p0.1/01_graph_n22_p0.1_idx10.gpickle,22,0.1,10,4,12,60,"[14, 8, 12, 21, 19, 13, 0, 4, 16, 2, 5, 20, 9, 7, 1, 11, 6, 3, 15, 10, 18, 17]",9.4655719
./random_graph_db/graph_db_node_22/01_p0.1/01_graph_n22_p0.1_idx2.gpickle,22,0.1,2,3,7,37,"[4, 1, 6, 7, 18, 0, 19, 12, 11, 16, 17, 13, 9, 10, 8, 3, 14, 5, 21, 15, 2, 20]",9.3332784
./random_graph_db/graph_db_node_22/01_p0.1/01_graph_n22_p0.1_idx3.gpickle,22,0.1,3,4,9,37,"[0, 19, 7, 1, 14, 15, 3, 16, 21, 12, 10, 9, 8, 11, 18, 5, 6, 4, 20, 17, 13, 2]",9.2591069
./random_graph_db/graph_db_node_22/01_p0.1/01_graph_n22_p0.1_idx4.gpickle,22,0.1,4,4,12,56,"[12, 21, 11, 7, 4, 8, 10, 13, 17, 5, 3, 2, 15, 20, 1, 6, 18, 9, 0, 16, 19, 14]",9.6287889
./random_graph_db/graph_db_node_22/01_p0.1/01_graph_n22_p0.1_idx5.gpickle,22,0.1,5,2,5,31,"[4, 0, 15, 14, 2, 17, 16, 18, 21, 5, 8, 11, 12, 9, 3, 20, 19, 10, 6, 7, 1, 13]",9.0978777
./random_graph_db/graph_db_node_22/01_p0.1/01_graph_n22_p0.1_idx6.gpickle,22,0.1,6,4,15,62,"[9, 1, 10, 12, 13, 14, 15, 4, 6, 11, 17, 2, 5, 0, 7, 8, 20, 21, 3, 16, 19, 18]",9.851532
./random_graph_db/graph_db_node_22/01_p0.1/01_graph_n22_p0.1_idx7.gpickle,22,0.1,7,3,8,43,"[13, 18, 11, 16, 15, 19, 14, 5, 20, 10, 4, 9, 8, 7, 1, 12, 0, 17, 2, 3, 6, 21]",9.2049999
./random_graph_db/graph_db_node_22/01_p0.1/01_graph_n22_p0.1_idx8.gpickle,22,0.1,8,3,7,39,"[7, 3, 10, 1, 8, 5, 17, 9, 19, 13, 0, 4, 14, 18, 12, 6, 21, 16, 15, 11, 2, 20]",9.6006811
./random_graph_db/graph_db_node_22/01_p0.1/01_graph_n22_p0.1_idx9.gpickle,22,0.1,9,5,21,61,"[6, 21, 16, 5, 3, 8, 4, 12, 11, 9, 2, 1, 14, 7, 10, 0, 15, 18, 20, 17, 19, 13]",9.8098199
./random_graph_db/graph_db_node_22/02_p0.2/02_graph_n22_p0.2_idx1.gpickle,22,0.2,1,5,35,111,"[19, 5, 6, 15, 18, 7, 0, 16, 4, 11, 3, 10, 13, 8, 14, 20, 17, 21, 9, 2, 12, 1]",10.1977911
./random_graph_db/graph_db_node_22/02_p0.2/02_graph_n22_p0.2_idx10.gpickle,22,0.2,10,6,35,100,"[10, 3, 15, 0, 20, 4, 1, 9, 5, 7, 21, 2, 16, 13, 19, 8, 17, 12, 6, 18, 11, 14]",10.3636389
./random_graph_db/graph_db_node_22/02_p0.2/02_graph_n22_p0.2_idx2.gpickle,22,0.2,2,6,42,108,"[1, 13, 20, 11, 4, 0, 12, 9, 21, 16, 2, 7, 8, 10, 19, 15, 17, 18, 5, 6, 3, 14]",10.6094978
./random_graph_db/graph_db_node_22/02_p0.2/02_graph_n22_p0.2_idx3.gpickle,22,0.2,3,7,47,135,"[12, 17, 8, 7, 21, 1, 20, 5, 14, 10, 4, 0, 18, 6, 9, 15, 2, 16, 19, 3, 11, 13]",10.671138
./random_graph_db/graph_db_node_22/02_p0.2/02_graph_n22_p0.2_idx4.gpickle,22,0.2,4,5,21,70,"[4, 21, 15, 17, 20, 19, 13, 1, 11, 10, 9, 16, 18, 7, 5, 0, 3, 14, 8, 12, 2, 6]",10.0972102
./random_graph_db/graph_db_node_22/02_p0.2/02_graph_n22_p0.2_idx5.gpickle,22,0.2,5,5,20,56,"[17, 9, 8, 11, 6, 1, 14, 12, 19, 20, 10, 7, 13, 16, 0, 5, 18, 21, 3, 15, 2, 4]",9.7826102
./random_graph_db/graph_db_node_22/02_p0.2/02_graph_n22_p0.2_idx6.gpickle,22,0.2,6,5,29,86,"[1, 9, 17, 4, 20, 3, 16, 10, 15, 12, 6, 13, 2, 5, 14, 21, 0, 8, 18, 19, 7, 11]",10.076895
./random_graph_db/graph_db_node_22/02_p0.2/02_graph_n22_p0.2_idx7.gpickle,22,0.2,7,5,38,102,"[15, 4, 12, 18, 8, 19, 14, 1, 20, 3, 11, 9, 7, 16, 13, 0, 2, 10, 21, 5, 6, 17]",10.3381503
./random_graph_db/graph_db_node_22/02_p0.2/02_graph_n22_p0.2_idx8.gpickle,22,0.2,8,5,21,68,"[0, 10, 8, 7, 12, 17, 20, 4, 21, 13, 16, 14, 9, 1, 19, 11, 3, 6, 5, 2, 18, 15]",10.1181691
./random_graph_db/graph_db_node_22/02_p0.2/02_graph_n22_p0.2_idx9.gpickle,22,0.2,9,6,40,104,"[6, 5, 8, 3, 18, 0, 19, 1, 10, 12, 21, 13, 2, 4, 14, 20, 17, 7, 15, 11, 9, 16]",10.3329263
./random_graph_db/graph_db_node_22/03_p0.3/03_graph_n22_p0.3_idx1.gpickle,22,0.3,1,7,57,164,"[17, 13, 3, 20, 10, 9, 15, 8, 6, 7, 12, 16, 14, 4, 2, 21, 0, 11, 5, 18, 19, 1]",10.9341753
./random_graph_db/graph_db_node_22/03_p0.3/03_graph_n22_p0.3_idx10.gpickle,22,0.3,10,7,56,151,"[19, 15, 6, 17, 2, 0, 8, 12, 7, 18, 9, 14, 11, 21, 20, 1, 3, 5, 16, 4, 10, 13]",10.790977
./random_graph_db/graph_db_node_22/03_p0.3/03_graph_n22_p0.3_idx2.gpickle,22,0.3,2,7,59,160,"[6, 16, 19, 15, 18, 5, 10, 11, 8, 21, 3, 17, 7, 13, 4, 20, 9, 14, 0, 2, 12, 1]",12.1567149
./random_graph_db/graph_db_node_22/03_p0.3/03_graph_n22_p0.3_idx3.gpickle,22,0.3,3,8,68,178,"[6, 7, 15, 5, 20, 3, 18, 8, 0, 19, 2, 4, 11, 21, 9, 17, 14, 1, 12, 13, 16, 10]",11.89398
./random_graph_db/graph_db_node_22/03_p0.3/03_graph_n22_p0.3_idx4.gpickle,22,0.3,4,7,51,148,"[10, 14, 6, 0, 21, 12, 11, 4, 13, 3, 18, 19, 17, 2, 20, 8, 9, 16, 15, 7, 1, 5]",10.9313922
./random_graph_db/graph_db_node_22/03_p0.3/03_graph_n22_p0.3_idx5.gpickle,22,0.3,5,7,53,132,"[2, 6, 8, 12, 5, 1, 17, 3, 11, 7, 19, 14, 21, 15, 0, 13, 9, 20, 4, 18, 16, 10]",11.118232
./random_graph_db/graph_db_node_22/03_p0.3/03_graph_n22_p0.3_idx6.gpickle,22,0.3,6,7,58,173,"[9, 18, 1, 6, 4, 21, 17, 10, 20, 0, 15, 11, 16, 13, 2, 3, 7, 19, 14, 12, 8, 5]",11.2095058
./random_graph_db/graph_db_node_22/03_p0.3/03_graph_n22_p0.3_idx7.gpickle,22,0.3,7,7,58,150,"[7, 10, 14, 16, 20, 6, 1, 21, 5, 8, 11, 18, 13, 4, 15, 19, 9, 3, 17, 12, 2, 0]",12.049866
./random_graph_db/graph_db_node_22/03_p0.3/03_graph_n22_p0.3_idx8.gpickle,22,0.3,8,7,63,178,"[17, 1, 3, 13, 8, 7, 11, 15, 4, 9, 18, 5, 16, 2, 14, 21, 6, 19, 10, 0, 12, 20]",10.908036
./random_graph_db/graph_db_node_22/03_p0.3/03_graph_n22_p0.3_idx9.gpickle,22,0.3,9,8,63,178,"[16, 9, 20, 15, 5, 2, 11, 10, 4, 18, 8, 1, 14, 12, 0, 21, 17, 6, 7, 19, 13, 3]",11.650573
./random_graph_db/graph_db_node_22/04_p0.4/04_graph_n22_p0.4_idx1.gpickle,22,0.4,1,7,64,171,"[15, 18, 11, 14, 1, 19, 9, 12, 16, 10, 5, 4, 21, 13, 8, 20, 7, 6, 17, 3, 2, 0]",11.32739
./random_graph_db/graph_db_node_22/04_p0.4/04_graph_n22_p0.4_idx10.gpickle,22,0.4,10,8,78,193,"[6, 13, 10, 8, 21, 20, 17, 3, 14, 9, 2, 4, 19, 7, 15, 16, 12, 11, 0, 18, 5, 1]",11.3620067
./random_graph_db/graph_db_node_22/04_p0.4/04_graph_n22_p0.4_idx2.gpickle,22,0.4,2,8,80,212,"[0, 7, 2, 16, 9, 18, 12, 3, 21, 1, 15, 17, 5, 20, 4, 11, 14, 6, 8, 10, 13, 19]",11.4487438
./random_graph_db/graph_db_node_22/04_p0.4/04_graph_n22_p0.4_idx3.gpickle,22,0.4,3,8,71,199,"[7, 9, 18, 1, 15, 2, 5, 13, 8, 14, 19, 3, 16, 12, 11, 6, 10, 17, 21, 0, 20, 4]",11.2629881
./random_graph_db/graph_db_node_22/04_p0.4/04_graph_n22_p0.4_idx4.gpickle,22,0.4,4,7,61,153,"[18, 20, 9, 5, 6, 17, 12, 11, 0, 4, 13, 7, 3, 19, 1, 15, 2, 16, 21, 14, 10, 8]",11.3688629
./random_graph_db/graph_db_node_22/04_p0.4/04_graph_n22_p0.4_idx5.gpickle,22,0.4,5,8,76,197,"[14, 6, 3, 21, 5, 18, 9, 10, 8, 16, 19, 11, 7, 0, 4, 13, 2, 17, 1, 20, 12, 15]",11.4933779
./random_graph_db/graph_db_node_22/04_p0.4/04_graph_n22_p0.4_idx6.gpickle,22,0.4,6,8,64,155,"[6, 13, 8, 16, 20, 2, 3, 11, 9, 5, 1, 19, 10, 4, 14, 21, 18, 0, 7, 15, 17, 12]",11.4219933
./random_graph_db/graph_db_node_22/04_p0.4/04_graph_n22_p0.4_idx7.gpickle,22,0.4,7,8,78,213,"[13, 16, 7, 2, 19, 6, 18, 3, 21, 5, 20, 14, 1, 9, 12, 11, 15, 17, 10, 0, 4, 8]",11.4078383
./random_graph_db/graph_db_node_22/04_p0.4/04_graph_n22_p0.4_idx8.gpickle,22,0.4,8,8,66,168,"[10, 0, 16, 15, 21, 6, 12, 1, 17, 19, 7, 9, 20, 8, 13, 4, 3, 14, 2, 11, 18, 5]",11.0894139
./random_graph_db/graph_db_node_22/04_p0.4/04_graph_n22_p0.4_idx9.gpickle,22,0.4,9,8,79,208,"[16, 9, 17, 4, 3, 20, 2, 0, 8, 21, 7, 10, 13, 15, 1, 12, 19, 14, 5, 11, 6, 18]",11.8528173
./random_graph_db/graph_db_node_22/05_p0.45/05_graph_n22_p0.45_idx1.gpickle,22,0.45,1,8,76,210,"[14, 15, 0, 1, 3, 11, 4, 16, 13, 18, 12, 5, 8, 9, 19, 21, 10, 2, 7, 17, 6, 20]",11.2466569
./random_graph_db/graph_db_node_22/05_p0.45/05_graph_n22_p0.45_idx10.gpickle,22,0.45,10,8,78,192,"[4, 12, 11, 17, 10, 1, 8, 5, 7, 2, 16, 9, 6, 18, 3, 21, 13, 15, 14, 0, 20, 19]",11.509871
./random_graph_db/graph_db_node_22/05_p0.45/05_graph_n22_p0.45_idx2.gpickle,22,0.45,2,8,79,220,"[11, 3, 20, 17, 12, 10, 4, 19, 1, 2, 16, 9, 18, 13, 21, 8, 6, 15, 7, 0, 5, 14]",11.3207319
./random_graph_db/graph_db_node_22/05_p0.45/05_graph_n22_p0.45_idx3.gpickle,22,0.45,3,8,74,190,"[10, 2, 15, 13, 19, 20, 3, 14, 1, 4, 8, 16, 11, 6, 17, 21, 18, 9, 12, 7, 0, 5]",11.5763168
./random_graph_db/graph_db_node_22/05_p0.45/05_graph_n22_p0.45_idx4.gpickle,22,0.45,4,8,70,200,"[13, 18, 3, 4, 6, 0, 17, 20, 21, 5, 8, 19, 12, 11, 15, 2, 7, 10, 9, 1, 14, 16]",11.3534522
./random_graph_db/graph_db_node_22/05_p0.45/05_graph_n22_p0.45_idx5.gpickle,22,0.45,5,7,64,155,"[17, 18, 4, 14, 1, 2, 3, 20, 6, 10, 11, 15, 9, 8, 7, 0, 12, 16, 5, 19, 13, 21]",11.1371531
./random_graph_db/graph_db_node_22/05_p0.45/05_graph_n22_p0.45_idx6.gpickle,22,0.45,6,8,72,194,"[18, 21, 17, 16, 5, 14, 12, 11, 10, 20, 1, 13, 7, 0, 4, 2, 19, 15, 9, 6, 8, 3]",11.6069
./random_graph_db/graph_db_node_22/05_p0.45/05_graph_n22_p0.45_idx7.gpickle,22,0.45,7,8,73,176,"[18, 21, 3, 11, 17, 14, 19, 15, 12, 5, 20, 6, 7, 16, 9, 8, 10, 13, 0, 2, 1, 4]",11.1804609
./random_graph_db/graph_db_node_22/05_p0.45/05_graph_n22_p0.45_idx8.gpickle,22,0.45,8,8,71,194,"[7, 11, 2, 3, 12, 9, 14, 1, 16, 6, 19, 13, 20, 8, 0, 18, 17, 21, 15, 5, 4, 10]",11.409471
./random_graph_db/graph_db_node_22/05_p0.45/05_graph_n22_p0.45_idx9.gpickle,22,0.45,9,7,58,145,"[12, 16, 15, 18, 14, 19, 3, 7, 1, 9, 0, 5, 13, 8, 4, 11, 6, 10, 21, 20, 2, 17]",11.468313
./random_graph_db/graph_db_node_22/06_p0.5/06_graph_n22_p0.5_idx1.gpickle,22,0.5,1,7,68,193,"[2, 21, 13, 17, 8, 16, 10, 6, 15, 7, 19, 14, 11, 3, 0, 18, 4, 9, 1, 5, 12, 20]",11.4680777
./random_graph_db/graph_db_node_22/06_p0.5/06_graph_n22_p0.5_idx10.gpickle,22,0.5,10,8,71,171,"[7, 15, 14, 21, 16, 6, 9, 5, 2, 10, 13, 18, 0, 20, 8, 11, 4, 17, 19, 3, 1, 12]",11.1951311
./random_graph_db/graph_db_node_22/06_p0.5/06_graph_n22_p0.5_idx2.gpickle,22,0.5,2,8,77,210,"[4, 8, 0, 7, 1, 18, 3, 15, 13, 6, 16, 19, 17, 20, 9, 2, 21, 11, 10, 14, 12, 5]",11.6717613
./random_graph_db/graph_db_node_22/06_p0.5/06_graph_n22_p0.5_idx3.gpickle,22,0.5,3,8,84,207,"[5, 9, 15, 13, 7, 3, 1, 12, 8, 16, 14, 17, 21, 19, 2, 6, 18, 20, 11, 4, 10, 0]",11.5777652
./random_graph_db/graph_db_node_22/06_p0.5/06_graph_n22_p0.5_idx4.gpickle,22,0.5,4,8,76,210,"[2, 6, 8, 16, 9, 20, 3, 21, 17, 14, 4, 19, 5, 13, 15, 18, 7, 1, 12, 0, 11, 10]",11.6092029
./random_graph_db/graph_db_node_22/06_p0.5/06_graph_n22_p0.5_idx5.gpickle,22,0.5,5,8,83,221,"[14, 21, 20, 11, 10, 4, 0, 17, 7, 18, 9, 6, 16, 12, 1, 19, 13, 3, 8, 5, 15, 2]",12.224129
./random_graph_db/graph_db_node_22/06_p0.5/06_graph_n22_p0.5_idx6.gpickle,22,0.5,6,8,68,174,"[14, 6, 17, 20, 4, 19, 0, 8, 1, 13, 16, 21, 5, 18, 3, 12, 7, 9, 10, 2, 15, 11]",11.1900129
./random_graph_db/graph_db_node_22/06_p0.5/06_graph_n22_p0.5_idx7.gpickle,22,0.5,7,7,73,203,"[2, 19, 16, 1, 4, 20, 13, 10, 5, 6, 15, 18, 7, 12, 17, 21, 9, 3, 0, 8, 14, 11]",11.7471852
./random_graph_db/graph_db_node_22/06_p0.5/06_graph_n22_p0.5_idx8.gpickle,22,0.5,8,8,72,197,"[11, 16, 13, 15, 14, 21, 7, 6, 8, 9, 10, 12, 2, 5, 18, 17, 20, 0, 19, 1, 3, 4]",11.4408298
./random_graph_db/graph_db_node_22/06_p0.5/06_graph_n22_p0.5_idx9.gpickle,22,0.5,9,8,72,199,"[16, 19, 9, 14, 13, 15, 6, 18, 4, 3, 10, 21, 0, 20, 12, 8, 2, 17, 11, 1, 7, 5]",11.5021052
./random_graph_db/graph_db_node_22/07_p0.55/07_graph_n22_p0.55_idx1.gpickle,22,0.55,1,8,69,194,"[20, 5, 14, 2, 3, 1, 7, 4, 13, 11, 10, 19, 8, 12, 16, 18, 6, 9, 21, 15, 17, 0]",11.617331
./random_graph_db/graph_db_node_22/07_p0.55/07_graph_n22_p0.55_idx10.gpickle,22,0.55,10,8,82,214,"[20, 16, 21, 19, 6, 8, 17, 0, 10, 18, 11, 12, 14, 5, 3, 1, 13, 7, 2, 9, 15, 4]",11.4615092
./random_graph_db/graph_db_node_22/07_p0.55/07_graph_n22_p0.55_idx2.gpickle,22,0.55,2,7,72,208,"[20, 15, 19, 0, 3, 18, 11, 16, 21, 7, 4, 1, 17, 12, 2, 5, 13, 14, 6, 8, 9, 10]",11.4284527
./random_graph_db/graph_db_node_22/07_p0.55/07_graph_n22_p0.55_idx3.gpickle,22,0.55,3,8,66,189,"[9, 5, 16, 14, 15, 18, 21, 8, 3, 17, 12, 20, 4, 11, 10, 19, 13, 2, 1, 6, 0, 7]",11.452379
./random_graph_db/graph_db_node_22/07_p0.55/07_graph_n22_p0.55_idx4.gpickle,22,0.55,4,8,68,186,"[20, 3, 1, 15, 5, 21, 8, 11, 9, 0, 12, 7, 2, 4, 13, 16, 14, 17, 6, 19, 18, 10]",13.0944662
./random_graph_db/graph_db_node_22/07_p0.55/07_graph_n22_p0.55_idx5.gpickle,22,0.55,5,8,81,219,"[11, 15, 0, 17, 19, 14, 6, 8, 5, 18, 12, 21, 16, 2, 20, 9, 10, 13, 7, 1, 3, 4]",12.5280099
./random_graph_db/graph_db_node_22/07_p0.55/07_graph_n22_p0.55_idx6.gpickle,22,0.55,6,8,73,199,"[11, 4, 0, 17, 13, 18, 16, 20, 5, 19, 7, 2, 12, 10, 14, 21, 1, 6, 15, 9, 3, 8]",11.4394469
./random_graph_db/graph_db_node_22/07_p0.55/07_graph_n22_p0.55_idx7.gpickle,22,0.55,7,8,62,185,"[2, 8, 21, 11, 7, 14, 1, 10, 19, 16, 6, 4, 13, 20, 18, 5, 17, 12, 15, 0, 9, 3]",11.6957998
./random_graph_db/graph_db_node_22/07_p0.55/07_graph_n22_p0.55_idx8.gpickle,22,0.55,8,8,68,172,"[10, 15, 3, 13, 9, 6, 21, 19, 20, 8, 4, 5, 1, 0, 2, 12, 7, 11, 18, 16, 14, 17]",11.6373141
./random_graph_db/graph_db_node_22/07_p0.55/07_graph_n22_p0.55_idx9.gpickle,22,0.55,9,8,72,199,"[17, 19, 20, 6, 0, 12, 3, 21, 9, 7, 1, 18, 14, 4, 10, 13, 8, 16, 11, 2, 15, 5]",11.3741078
./random_graph_db/graph_db_node_22/08_p0.6/08_graph_n22_p0.6_idx1.gpickle,22,0.6,1,8,79,205,"[16, 20, 13, 21, 7, 0, 15, 14, 2, 9, 10, 3, 6, 17, 4, 12, 5, 18, 19, 11, 1, 8]",11.9839439
./random_graph_db/graph_db_node_22/08_p0.6/08_graph_n22_p0.6_idx10.gpickle,22,0.6,10,8,73,194,"[0, 10, 7, 15, 18, 20, 11, 8, 16, 3, 14, 2, 12, 21, 17, 4, 1, 13, 19, 5, 6, 9]",11.6182241
./random_graph_db/graph_db_node_22/08_p0.6/08_graph_n22_p0.6_idx2.gpickle,22,0.6,2,8,79,211,"[14, 8, 21, 0, 9, 18, 10, 20, 11, 6, 1, 12, 19, 4, 16, 7, 3, 15, 13, 2, 5, 17]",11.7124941
./random_graph_db/graph_db_node_22/08_p0.6/08_graph_n22_p0.6_idx3.gpickle,22,0.6,3,8,79,213,"[14, 10, 6, 20, 1, 11, 8, 13, 3, 9, 18, 7, 21, 12, 16, 4, 17, 15, 0, 5, 19, 2]",11.8779409
./random_graph_db/graph_db_node_22/08_p0.6/08_graph_n22_p0.6_idx4.gpickle,22,0.6,4,7,69,181,"[20, 5, 6, 21, 15, 0, 9, 10, 18, 17, 13, 16, 19, 3, 1, 2, 12, 4, 14, 7, 8, 11]",11.5105159
./random_graph_db/graph_db_node_22/08_p0.6/08_graph_n22_p0.6_idx5.gpickle,22,0.6,5,8,82,203,"[1, 6, 8, 15, 21, 20, 4, 16, 13, 11, 10, 3, 19, 7, 5, 9, 14, 0, 18, 17, 12, 2]",11.6462803
./random_graph_db/graph_db_node_22/08_p0.6/08_graph_n22_p0.6_idx6.gpickle,22,0.6,6,8,70,182,"[2, 20, 4, 7, 10, 15, 18, 21, 0, 3, 12, 1, 6, 17, 16, 9, 5, 11, 13, 8, 19, 14]",11.314625
./random_graph_db/graph_db_node_22/08_p0.6/08_graph_n22_p0.6_idx7.gpickle,22,0.6,7,8,67,181,"[7, 19, 20, 21, 2, 0, 3, 15, 4, 12, 13, 11, 9, 18, 14, 5, 10, 6, 17, 16, 1, 8]",11.4507849
./random_graph_db/graph_db_node_22/08_p0.6/08_graph_n22_p0.6_idx8.gpickle,22,0.6,8,8,83,220,"[6, 17, 3, 8, 4, 20, 10, 5, 1, 12, 7, 13, 11, 21, 15, 18, 14, 19, 2, 0, 9, 16]",11.5171421
./random_graph_db/graph_db_node_22/08_p0.6/08_graph_n22_p0.6_idx9.gpickle,22,0.6,9,8,80,214,"[4, 8, 0, 19, 1, 17, 20, 10, 5, 3, 11, 18, 16, 15, 12, 7, 2, 13, 21, 14, 9, 6]",11.50266
./random_graph_db/graph_db_node_22/09_p0.65/09_graph_n22_p0.65_idx1.gpickle,22,0.65,1,8,78,192,"[16, 3, 14, 13, 6, 1, 2, 18, 7, 15, 4, 20, 8, 10, 12, 17, 0, 21, 11, 19, 9, 5]",11.12971
./random_graph_db/graph_db_node_22/09_p0.65/09_graph_n22_p0.65_idx10.gpickle,22,0.65,10,8,74,193,"[9, 3, 4, 10, 5, 20, 19, 15, 1, 6, 7, 21, 18, 14, 8, 13, 2, 12, 11, 16, 17, 0]",12.6625862
./random_graph_db/graph_db_node_22/09_p0.65/09_graph_n22_p0.65_idx2.gpickle,22,0.65,2,8,66,185,"[7, 21, 18, 13, 16, 11, 8, 4, 15, 20, 9, 0, 10, 14, 3, 1, 17, 12, 2, 5, 19, 6]",12.2128122
./random_graph_db/graph_db_node_22/09_p0.65/09_graph_n22_p0.65_idx3.gpickle,22,0.65,3,8,64,176,"[4, 1, 2, 17, 21, 8, 15, 0, 7, 6, 5, 10, 20, 13, 18, 12, 14, 11, 9, 3, 16, 19]",11.273272
./random_graph_db/graph_db_node_22/09_p0.65/09_graph_n22_p0.65_idx4.gpickle,22,0.65,4,8,70,183,"[3, 9, 17, 4, 21, 13, 19, 8, 0, 15, 1, 5, 11, 7, 12, 16, 6, 14, 2, 18, 10, 20]",12.119091
./random_graph_db/graph_db_node_22/09_p0.65/09_graph_n22_p0.65_idx5.gpickle,22,0.65,5,8,78,201,"[0, 16, 11, 14, 8, 3, 6, 21, 18, 13, 4, 1, 2, 12, 17, 7, 9, 5, 10, 19, 20, 15]",11.5761549
./random_graph_db/graph_db_node_22/09_p0.65/09_graph_n22_p0.65_idx6.gpickle,22,0.65,6,8,71,176,"[18, 15, 14, 19, 10, 0, 11, 2, 5, 16, 4, 9, 6, 17, 21, 12, 8, 13, 7, 20, 3, 1]",11.915256
./random_graph_db/graph_db_node_22/09_p0.65/09_graph_n22_p0.65_idx7.gpickle,22,0.65,7,8,67,182,"[0, 15, 13, 11, 6, 8, 16, 5, 3, 1, 4, 2, 21, 7, 20, 17, 12, 10, 19, 18, 14, 9]",11.2419839
./random_graph_db/graph_db_node_22/09_p0.65/09_graph_n22_p0.65_idx8.gpickle,22,0.65,8,8,84,219,"[6, 0, 7, 2, 13, 8, 3, 10, 20, 18, 12, 1, 11, 17, 14, 21, 16, 9, 5, 19, 4, 15]",11.8220022
./random_graph_db/graph_db_node_22/09_p0.65/09_graph_n22_p0.65_idx9.gpickle,22,0.65,9,8,84,209,"[7, 2, 17, 20, 15, 10, 3, 8, 6, 0, 16, 9, 5, 11, 1, 19, 14, 4, 13, 12, 18, 21]",11.4988892
./random_graph_db/graph_db_node_22/10_p0.7/10_graph_n22_p0.7_idx1.gpickle,22,0.7,1,8,75,190,"[10, 16, 14, 1, 19, 12, 9, 5, 17, 7, 18, 15, 6, 2, 0, 20, 21, 13, 11, 8, 4, 3]",11.2498019
./random_graph_db/graph_db_node_22/10_p0.7/10_graph_n22_p0.7_idx10.gpickle,22,0.7,10,8,63,169,"[1, 17, 6, 5, 15, 3, 18, 7, 20, 4, 12, 14, 16, 0, 13, 19, 11, 8, 2, 21, 9, 10]",11.3648319
./random_graph_db/graph_db_node_22/10_p0.7/10_graph_n22_p0.7_idx2.gpickle,22,0.7,2,8,77,199,"[17, 6, 10, 4, 16, 19, 8, 3, 1, 9, 18, 21, 5, 0, 14, 12, 13, 11, 2, 7, 15, 20]",11.1757069
./random_graph_db/graph_db_node_22/10_p0.7/10_graph_n22_p0.7_idx3.gpickle,22,0.7,3,7,69,186,"[13, 2, 8, 19, 0, 6, 5, 9, 17, 21, 11, 3, 1, 16, 14, 20, 15, 18, 12, 7, 4, 10]",11.2450151
./random_graph_db/graph_db_node_22/10_p0.7/10_graph_n22_p0.7_idx4.gpickle,22,0.7,4,8,76,202,"[16, 21, 4, 18, 20, 3, 8, 15, 11, 13, 5, 10, 0, 6, 14, 2, 17, 12, 1, 7, 9, 19]",11.145987
./random_graph_db/graph_db_node_22/10_p0.7/10_graph_n22_p0.7_idx5.gpickle,22,0.7,5,8,86,214,"[1, 6, 15, 19, 21, 5, 9, 17, 8, 12, 11, 10, 4, 13, 3, 18, 14, 16, 2, 7, 0, 20]",11.5750041
./random_graph_db/graph_db_node_22/10_p0.7/10_graph_n22_p0.7_idx6.gpickle,22,0.7,6,7,66,174,"[21, 4, 11, 12, 7, 3, 15, 19, 0, 13, 1, 8, 14, 6, 20, 5, 18, 16, 9, 17, 10, 2]",11.654454
./random_graph_db/graph_db_node_22/10_p0.7/10_graph_n22_p0.7_idx7.gpickle,22,0.7,7,8,72,195,"[1, 2, 17, 9, 15, 7, 18, 10, 19, 8, 13, 21, 16, 4, 11, 12, 14, 5, 0, 3, 20, 6]",11.4273589
./random_graph_db/graph_db_node_22/10_p0.7/10_graph_n22_p0.7_idx8.gpickle,22,0.7,8,8,63,180,"[2, 16, 17, 1, 10, 7, 8, 5, 15, 13, 11, 18, 14, 4, 20, 3, 19, 9, 12, 21, 6, 0]",11.5426753
./random_graph_db/graph_db_node_22/10_p0.7/10_graph_n22_p0.7_idx9.gpickle,22,0.7,9,8,74,177,"[16, 12, 10, 18, 21, 7, 13, 0, 15, 8, 4, 1, 3, 11, 14, 2, 19, 17, 20, 5, 6, 9]",11.656812
./random_graph_db/graph_db_node_22/11_p0.8/11_graph_n22_p0.8_idx1.gpickle,22,0.8,1,6,46,129,"[0, 4, 3, 20, 21, 14, 19, 6, 1, 11, 8, 16, 13, 9, 15, 12, 2, 10, 5, 17, 18, 7]",10.8423378
./random_graph_db/graph_db_node_22/11_p0.8/11_graph_n22_p0.8_idx10.gpickle,22,0.8,10,7,53,145,"[15, 21, 14, 7, 16, 17, 1, 3, 2, 0, 11, 9, 13, 20, 12, 5, 6, 10, 8, 19, 18, 4]",11.2564769
./random_graph_db/graph_db_node_22/11_p0.8/11_graph_n22_p0.8_idx2.gpickle,22,0.8,2,5,34,112,"[17, 20, 14, 11, 15, 1, 3, 10, 19, 4, 12, 21, 13, 6, 5, 8, 18, 7, 16, 9, 0, 2]",10.888406
./random_graph_db/graph_db_node_22/11_p0.8/11_graph_n22_p0.8_idx3.gpickle,22,0.8,3,7,64,172,"[7, 5, 18, 13, 10, 20, 21, 2, 1, 15, 17, 11, 16, 14, 9, 8, 3, 19, 4, 6, 12, 0]",11.393389
./random_graph_db/graph_db_node_22/11_p0.8/11_graph_n22_p0.8_idx4.gpickle,22,0.8,4,5,40,125,"[17, 12, 3, 20, 1, 13, 5, 10, 9, 15, 21, 2, 0, 11, 16, 14, 18, 6, 7, 4, 19, 8]",11.3855717
./random_graph_db/graph_db_node_22/11_p0.8/11_graph_n22_p0.8_idx5.gpickle,22,0.8,5,5,38,117,"[9, 12, 19, 20, 11, 4, 6, 2, 18, 5, 1, 21, 14, 16, 15, 17, 7, 0, 10, 3, 13, 8]",10.6324606
./random_graph_db/graph_db_node_22/11_p0.8/11_graph_n22_p0.8_idx6.gpickle,22,0.8,6,6,54,141,"[0, 1, 7, 13, 16, 8, 2, 11, 18, 5, 14, 20, 21, 9, 3, 6, 15, 17, 19, 4, 10, 12]",11.3764009
./random_graph_db/graph_db_node_22/11_p0.8/11_graph_n22_p0.8_idx7.gpickle,22,0.8,7,6,48,134,"[8, 20, 12, 9, 0, 21, 2, 7, 16, 4, 3, 6, 10, 15, 1, 14, 13, 11, 18, 17, 5, 19]",11.0319591
./random_graph_db/graph_db_node_22/11_p0.8/11_graph_n22_p0.8_idx8.gpickle,22,0.8,8,6,41,124,"[1, 7, 12, 5, 6, 21, 13, 15, 3, 0, 4, 14, 2, 16, 18, 10, 17, 11, 19, 9, 20, 8]",10.983794
./random_graph_db/graph_db_node_22/11_p0.8/11_graph_n22_p0.8_idx9.gpickle,22,0.8,9,6,53,129,"[7, 10, 13, 15, 12, 1, 20, 5, 9, 19, 0, 14, 4, 3, 8, 21, 6, 2, 18, 16, 11, 17]",11.5927811
./random_graph_db/graph_db_node_22/12_p0.9/12_graph_n22_p0.9_idx1.gpickle,22,0.9,1,4,16,55,"[14, 20, 8, 12, 1, 17, 21, 15, 10, 0, 2, 11, 6, 13, 5, 18, 3, 16, 7, 9, 4, 19]",10.1489811
./random_graph_db/graph_db_node_22/12_p0.9/12_graph_n22_p0.9_idx10.gpickle,22,0.9,10,4,24,60,"[19, 20, 3, 8, 14, 0, 17, 7, 12, 21, 10, 5, 6, 18, 11, 2, 1, 16, 13, 15, 4, 9]",10.1617327
./random_graph_db/graph_db_node_22/12_p0.9/12_graph_n22_p0.9_idx2.gpickle,22,0.9,2,3,15,58,"[3, 5, 9, 13, 15, 0, 11, 6, 20, 1, 12, 18, 10, 8, 14, 19, 21, 4, 7, 16, 17, 2]",9.7798011
./random_graph_db/graph_db_node_22/12_p0.9/12_graph_n22_p0.9_idx3.gpickle,22,0.9,3,5,31,84,"[7, 14, 4, 12, 17, 8, 0, 1, 20, 11, 21, 3, 16, 15, 2, 9, 13, 5, 19, 10, 18, 6]",10.7087872
./random_graph_db/graph_db_node_22/12_p0.9/12_graph_n22_p0.9_idx4.gpickle,22,0.9,4,6,46,133,"[6, 15, 17, 20, 14, 7, 1, 19, 3, 12, 18, 21, 5, 11, 4, 13, 2, 8, 16, 10, 9, 0]",10.7480729
./random_graph_db/graph_db_node_22/12_p0.9/12_graph_n22_p0.9_idx5.gpickle,22,0.9,5,4,14,47,"[2, 8, 13, 17, 3, 4, 0, 9, 14, 19, 6, 5, 10, 21, 11, 1, 20, 16, 15, 7, 18, 12]",9.7230918
./random_graph_db/graph_db_node_22/12_p0.9/12_graph_n22_p0.9_idx6.gpickle,22,0.9,6,3,10,54,"[12, 10, 3, 1, 5, 20, 6, 15, 4, 0, 13, 2, 17, 11, 16, 18, 8, 21, 14, 9, 7, 19]",9.4875391
./random_graph_db/graph_db_node_22/12_p0.9/12_graph_n22_p0.9_idx7.gpickle,22,0.9,7,3,18,75,"[19, 15, 4, 12, 18, 8, 9, 2, 16, 11, 5, 0, 7, 3, 10, 17, 20, 14, 1, 21, 13, 6]",9.7708888
./random_graph_db/graph_db_node_22/12_p0.9/12_graph_n22_p0.9_idx8.gpickle,22,0.9,8,4,33,100,"[11, 17, 21, 13, 1, 0, 9, 4, 18, 7, 16, 5, 10, 3, 19, 2, 20, 6, 12, 14, 8, 15]",10.9683361
./random_graph_db/graph_db_node_22/12_p0.9/12_graph_n22_p0.9_idx9.gpickle,22,0.9,9,5,25,84,"[9, 15, 10, 6, 18, 0, 14, 12, 19, 13, 2, 16, 21, 3, 11, 20, 8, 5, 4, 7, 1, 17]",10.6380289
./random_graph_db/graph_db_node_23/01_p0.1/01_graph_n23_p0.1_idx1.gpickle,23,0.1,1,4,9,44,"[13, 22, 10, 7, 5, 6, 9, 16, 0, 17, 19, 20, 15, 14, 8, 12, 3, 21, 2, 11, 4, 18, 1]",10.5467288
./random_graph_db/graph_db_node_23/01_p0.1/01_graph_n23_p0.1_idx10.gpickle,23,0.1,10,4,23,83,"[3, 2, 18, 11, 20, 19, 4, 22, 21, 8, 9, 1, 13, 17, 10, 12, 7, 6, 15, 5, 16, 0, 14]",10.9296589
./random_graph_db/graph_db_node_23/01_p0.1/01_graph_n23_p0.1_idx2.gpickle,23,0.1,2,5,18,62,"[9, 11, 5, 6, 10, 7, 2, 8, 22, 3, 15, 14, 17, 1, 20, 19, 0, 21, 4, 13, 16, 12, 18]",10.7008247
./random_graph_db/graph_db_node_23/01_p0.1/01_graph_n23_p0.1_idx3.gpickle,23,0.1,3,4,10,39,"[4, 16, 0, 14, 9, 5, 18, 21, 22, 7, 1, 11, 12, 15, 13, 2, 8, 10, 17, 20, 19, 3, 6]",10.2651169
./random_graph_db/graph_db_node_23/01_p0.1/01_graph_n23_p0.1_idx4.gpickle,23,0.1,4,4,18,62,"[8, 10, 19, 18, 5, 7, 3, 14, 22, 9, 20, 0, 16, 15, 17, 4, 13, 1, 6, 12, 21, 2, 11]",10.6123252
./random_graph_db/graph_db_node_23/01_p0.1/01_graph_n23_p0.1_idx5.gpickle,23,0.1,5,4,9,42,"[10, 20, 16, 17, 22, 21, 9, 11, 5, 6, 7, 13, 2, 0, 8, 12, 14, 4, 18, 1, 3, 19, 15]",10.0784571
./random_graph_db/graph_db_node_23/01_p0.1/01_graph_n23_p0.1_idx6.gpickle,23,0.1,6,5,22,68,"[13, 10, 18, 12, 1, 19, 0, 17, 8, 3, 4, 5, 11, 16, 22, 21, 15, 7, 6, 20, 2, 9, 14]",10.5017228
./random_graph_db/graph_db_node_23/01_p0.1/01_graph_n23_p0.1_idx7.gpickle,23,0.1,7,3,6,34,"[7, 19, 17, 20, 0, 1, 8, 4, 3, 22, 16, 10, 9, 6, 14, 12, 15, 18, 21, 11, 13, 5, 2]",9.875443
./random_graph_db/graph_db_node_23/01_p0.1/01_graph_n23_p0.1_idx8.gpickle,23,0.1,8,4,11,48,"[5, 16, 17, 0, 21, 3, 7, 12, 6, 14, 4, 10, 20, 19, 13, 22, 18, 15, 1, 8, 11, 2, 9]",10.3365917
./random_graph_db/graph_db_node_23/01_p0.1/01_graph_n23_p0.1_idx9.gpickle,23,0.1,9,4,8,42,"[8, 13, 2, 6, 16, 18, 14, 20, 10, 11, 1, 4, 22, 3, 12, 9, 19, 0, 17, 15, 7, 5, 21]",10.1681678
./random_graph_db/graph_db_node_23/02_p0.2/02_graph_n23_p0.2_idx1.gpickle,23,0.2,1,6,36,108,"[5, 3, 2, 15, 7, 21, 17, 22, 9, 18, 0, 8, 16, 11, 10, 6, 20, 13, 4, 19, 14, 1, 12]",11.2766571
./random_graph_db/graph_db_node_23/02_p0.2/02_graph_n23_p0.2_idx10.gpickle,23,0.2,10,6,57,129,"[9, 0, 11, 4, 17, 2, 22, 1, 20, 14, 7, 10, 8, 18, 21, 13, 19, 5, 12, 15, 16, 3, 6]",11.5541921
./random_graph_db/graph_db_node_23/02_p0.2/02_graph_n23_p0.2_idx2.gpickle,23,0.2,2,7,51,132,"[1, 19, 17, 14, 8, 18, 2, 10, 0, 11, 22, 6, 15, 12, 7, 21, 3, 20, 4, 9, 5, 16, 13]",12.2197211
./random_graph_db/graph_db_node_23/02_p0.2/02_graph_n23_p0.2_idx3.gpickle,23,0.2,3,7,45,133,"[2, 6, 13, 17, 4, 0, 3, 15, 11, 18, 22, 14, 10, 7, 19, 20, 8, 12, 5, 9, 16, 1, 21]",11.3860731
./random_graph_db/graph_db_node_23/02_p0.2/02_graph_n23_p0.2_idx4.gpickle,23,0.2,4,6,36,96,"[6, 9, 4, 7, 22, 20, 17, 16, 1, 11, 2, 10, 0, 12, 13, 18, 21, 19, 8, 3, 5, 14, 15]",11.5147374
./random_graph_db/graph_db_node_23/02_p0.2/02_graph_n23_p0.2_idx5.gpickle,23,0.2,5,5,32,82,"[8, 4, 17, 18, 1, 3, 13, 16, 21, 5, 6, 14, 15, 0, 2, 11, 10, 20, 7, 9, 12, 22, 19]",11.4251447
./random_graph_db/graph_db_node_23/02_p0.2/02_graph_n23_p0.2_idx6.gpickle,23,0.2,6,6,30,94,"[21, 18, 9, 6, 1, 17, 2, 5, 10, 19, 13, 4, 14, 12, 7, 15, 8, 3, 16, 20, 22, 11, 0]",11.0247948
./random_graph_db/graph_db_node_23/02_p0.2/02_graph_n23_p0.2_idx7.gpickle,23,0.2,7,6,29,92,"[4, 3, 12, 15, 18, 6, 16, 14, 17, 9, 11, 8, 19, 13, 5, 0, 10, 1, 21, 2, 20, 22, 7]",11.4821539
./random_graph_db/graph_db_node_23/02_p0.2/02_graph_n23_p0.2_idx8.gpickle,23,0.2,8,5,25,74,"[21, 1, 13, 8, 18, 4, 12, 5, 6, 11, 20, 0, 9, 10, 3, 15, 16, 7, 22, 19, 14, 2, 17]",10.70875
./random_graph_db/graph_db_node_23/02_p0.2/02_graph_n23_p0.2_idx9.gpickle,23,0.2,9,7,56,148,"[18, 11, 12, 3, 6, 20, 7, 2, 8, 10, 15, 9, 13, 1, 16, 21, 4, 5, 17, 22, 19, 14, 0]",11.650629
./random_graph_db/graph_db_node_23/03_p0.3/03_graph_n23_p0.3_idx1.gpickle,23,0.3,1,8,80,204,"[6, 16, 11, 15, 5, 20, 12, 1, 13, 18, 9, 4, 19, 0, 3, 7, 10, 22, 21, 17, 2, 8, 14]",12.5240231
./random_graph_db/graph_db_node_23/03_p0.3/03_graph_n23_p0.3_idx10.gpickle,23,0.3,10,8,84,220,"[9, 22, 2, 1, 4, 5, 0, 16, 19, 17, 7, 6, 13, 20, 10, 21, 18, 11, 8, 14, 15, 12, 3]",12.0439334
./random_graph_db/graph_db_node_23/03_p0.3/03_graph_n23_p0.3_idx2.gpickle,23,0.3,2,8,63,161,"[12, 19, 13, 20, 15, 5, 9, 11, 3, 1, 16, 6, 14, 4, 21, 18, 22, 17, 8, 10, 7, 0, 2]",12.2356532
./random_graph_db/graph_db_node_23/03_p0.3/03_graph_n23_p0.3_idx3.gpickle,23,0.3,3,9,82,210,"[11, 9, 1, 14, 2, 16, 13, 6, 4, 15, 3, 0, 22, 10, 5, 8, 7, 18, 21, 12, 19, 17, 20]",12.4523931
./random_graph_db/graph_db_node_23/03_p0.3/03_graph_n23_p0.3_idx4.gpickle,23,0.3,4,7,60,165,"[8, 3, 2, 17, 0, 7, 5, 15, 19, 6, 12, 11, 4, 10, 14, 22, 9, 13, 16, 21, 1, 18, 20]",12.107378
./random_graph_db/graph_db_node_23/03_p0.3/03_graph_n23_p0.3_idx5.gpickle,23,0.3,5,8,73,202,"[2, 6, 16, 3, 15, 10, 20, 7, 0, 12, 11, 22, 21, 5, 17, 13, 4, 18, 9, 1, 8, 19, 14]",12.1482599
./random_graph_db/graph_db_node_23/03_p0.3/03_graph_n23_p0.3_idx6.gpickle,23,0.3,6,8,68,172,"[17, 21, 1, 22, 2, 12, 13, 8, 18, 4, 9, 10, 3, 0, 11, 7, 20, 5, 16, 19, 15, 6, 14]",11.9871531
./random_graph_db/graph_db_node_23/03_p0.3/03_graph_n23_p0.3_idx7.gpickle,23,0.3,7,8,72,171,"[3, 13, 12, 22, 19, 4, 6, 21, 7, 8, 16, 5, 14, 20, 1, 10, 2, 0, 11, 18, 15, 17, 9]",12.5561352
./random_graph_db/graph_db_node_23/03_p0.3/03_graph_n23_p0.3_idx8.gpickle,23,0.3,8,8,64,161,"[8, 19, 7, 0, 13, 16, 12, 6, 17, 11, 10, 3, 18, 2, 5, 1, 22, 15, 9, 21, 14, 20, 4]",11.9599509
./random_graph_db/graph_db_node_23/03_p0.3/03_graph_n23_p0.3_idx9.gpickle,23,0.3,9,8,77,204,"[5, 13, 22, 3, 2, 6, 11, 4, 12, 10, 8, 21, 20, 7, 15, 1, 14, 0, 16, 9, 19, 17, 18]",12.4309771
./random_graph_db/graph_db_node_23/04_p0.4/04_graph_n23_p0.4_idx1.gpickle,23,0.4,1,8,72,187,"[5, 14, 6, 1, 0, 4, 2, 21, 20, 13, 12, 15, 7, 18, 3, 17, 8, 9, 11, 19, 10, 22, 16]",13.2838788
./random_graph_db/graph_db_node_23/04_p0.4/04_graph_n23_p0.4_idx10.gpickle,23,0.4,10,8,74,192,"[13, 12, 3, 5, 19, 4, 8, 0, 7, 14, 10, 6, 22, 20, 17, 18, 1, 16, 2, 11, 21, 15, 9]",12.3224618
./random_graph_db/graph_db_node_23/04_p0.4/04_graph_n23_p0.4_idx2.gpickle,23,0.4,2,8,83,210,"[2, 1, 11, 7, 16, 6, 10, 9, 21, 3, 8, 0, 20, 13, 14, 17, 22, 4, 19, 12, 5, 18, 15]",12.609916
./random_graph_db/graph_db_node_23/04_p0.4/04_graph_n23_p0.4_idx3.gpickle,23,0.4,3,8,73,209,"[13, 2, 9, 16, 4, 11, 20, 12, 15, 21, 0, 7, 19, 14, 6, 10, 18, 22, 5, 17, 1, 3, 8]",12.2312551
./random_graph_db/graph_db_node_23/04_p0.4/04_graph_n23_p0.4_idx4.gpickle,23,0.4,4,8,77,211,"[15, 22, 4, 21, 6, 14, 5, 11, 2, 7, 19, 20, 1, 10, 13, 0, 8, 12, 9, 17, 16, 18, 3]",12.2857649
./random_graph_db/graph_db_node_23/04_p0.4/04_graph_n23_p0.4_idx5.gpickle,23,0.4,5,9,80,211,"[13, 0, 6, 7, 20, 9, 10, 14, 19, 1, 21, 2, 15, 22, 12, 16, 11, 8, 17, 5, 4, 3, 18]",12.5889602
./random_graph_db/graph_db_node_23/04_p0.4/04_graph_n23_p0.4_idx6.gpickle,23,0.4,6,8,74,210,"[4, 13, 7, 14, 6, 15, 8, 10, 21, 16, 11, 17, 19, 0, 20, 12, 3, 22, 5, 18, 9, 1, 2]",11.9208078
./random_graph_db/graph_db_node_23/04_p0.4/04_graph_n23_p0.4_idx7.gpickle,23,0.4,7,8,77,205,"[18, 6, 16, 20, 4, 8, 11, 12, 1, 10, 13, 14, 22, 2, 17, 0, 19, 3, 9, 7, 21, 5, 15]",12.4969518
./random_graph_db/graph_db_node_23/04_p0.4/04_graph_n23_p0.4_idx8.gpickle,23,0.4,8,9,85,233,"[20, 1, 22, 16, 8, 19, 7, 12, 5, 0, 2, 6, 13, 15, 3, 4, 21, 14, 18, 9, 17, 10, 11]",12.5017662
./random_graph_db/graph_db_node_23/04_p0.4/04_graph_n23_p0.4_idx9.gpickle,23,0.4,9,9,84,207,"[9, 21, 15, 3, 1, 4, 14, 19, 2, 12, 22, 20, 16, 11, 17, 18, 7, 5, 6, 0, 8, 13, 10]",12.5746422
./random_graph_db/graph_db_node_23/05_p0.45/05_graph_n23_p0.45_idx1.gpickle,23,0.45,1,9,91,239,"[2, 17, 18, 12, 4, 19, 1, 14, 22, 9, 10, 5, 7, 6, 11, 21, 15, 8, 13, 3, 20, 0, 16]",12.7049451
./random_graph_db/graph_db_node_23/05_p0.45/05_graph_n23_p0.45_idx10.gpickle,23,0.45,10,8,72,201,"[1, 22, 6, 21, 5, 2, 15, 8, 10, 11, 4, 12, 9, 0, 14, 16, 20, 7, 19, 3, 13, 18, 17]",12.113481
./random_graph_db/graph_db_node_23/05_p0.45/05_graph_n23_p0.45_idx2.gpickle,23,0.45,2,8,73,189,"[20, 14, 21, 12, 15, 6, 17, 0, 1, 4, 19, 10, 18, 13, 16, 5, 3, 8, 7, 9, 2, 11, 22]",12.2877944
./random_graph_db/graph_db_node_23/05_p0.45/05_graph_n23_p0.45_idx3.gpickle,23,0.45,3,9,88,236,"[4, 6, 16, 14, 17, 21, 13, 0, 15, 5, 11, 8, 12, 10, 22, 3, 1, 18, 20, 2, 9, 7, 19]",12.7366199
./random_graph_db/graph_db_node_23/05_p0.45/05_graph_n23_p0.45_idx4.gpickle,23,0.45,4,8,78,208,"[2, 19, 18, 20, 9, 11, 12, 5, 17, 4, 15, 8, 14, 22, 7, 3, 10, 1, 16, 13, 6, 21, 0]",12.2485502
./random_graph_db/graph_db_node_23/05_p0.45/05_graph_n23_p0.45_idx5.gpickle,23,0.45,5,8,95,237,"[8, 21, 12, 6, 9, 14, 13, 5, 0, 4, 19, 17, 18, 2, 3, 10, 16, 11, 15, 20, 22, 7, 1]",12.633266
./random_graph_db/graph_db_node_23/05_p0.45/05_graph_n23_p0.45_idx6.gpickle,23,0.45,6,9,81,203,"[17, 10, 4, 20, 18, 3, 0, 11, 8, 9, 13, 1, 7, 21, 22, 12, 19, 2, 5, 14, 6, 16, 15]",12.3267138
./random_graph_db/graph_db_node_23/05_p0.45/05_graph_n23_p0.45_idx7.gpickle,23,0.45,7,7,65,169,"[18, 3, 19, 20, 15, 7, 12, 4, 5, 8, 6, 11, 1, 13, 17, 2, 14, 9, 10, 16, 21, 0, 22]",12.1859052
./random_graph_db/graph_db_node_23/05_p0.45/05_graph_n23_p0.45_idx8.gpickle,23,0.45,8,8,83,208,"[18, 6, 20, 11, 13, 2, 4, 5, 8, 10, 16, 0, 1, 3, 19, 22, 17, 12, 15, 14, 9, 7, 21]",12.2901101
./random_graph_db/graph_db_node_23/05_p0.45/05_graph_n23_p0.45_idx9.gpickle,23,0.45,9,8,84,215,"[18, 22, 4, 0, 15, 16, 19, 9, 21, 14, 20, 10, 1, 7, 6, 5, 3, 8, 11, 17, 13, 12, 2]",12.1024499
./random_graph_db/graph_db_node_23/06_p0.5/06_graph_n23_p0.5_idx1.gpickle,23,0.5,1,8,85,218,"[15, 20, 14, 4, 6, 8, 12, 13, 22, 16, 21, 18, 5, 17, 11, 10, 0, 2, 7, 1, 19, 9, 3]",12.522691
./random_graph_db/graph_db_node_23/06_p0.5/06_graph_n23_p0.5_idx10.gpickle,23,0.5,10,9,85,214,"[2, 20, 10, 15, 16, 9, 1, 17, 14, 4, 7, 21, 18, 22, 3, 8, 6, 12, 0, 5, 13, 19, 11]",12.3587573
./random_graph_db/graph_db_node_23/06_p0.5/06_graph_n23_p0.5_idx2.gpickle,23,0.5,2,8,77,192,"[9, 2, 13, 15, 21, 19, 11, 8, 4, 16, 7, 17, 0, 6, 22, 5, 1, 20, 12, 3, 18, 10, 14]",12.0817049
./random_graph_db/graph_db_node_23/06_p0.5/06_graph_n23_p0.5_idx3.gpickle,23,0.5,3,8,89,233,"[4, 19, 22, 0, 16, 11, 20, 10, 2, 17, 18, 5, 12, 8, 14, 21, 7, 13, 15, 3, 9, 1, 6]",12.2329831
./random_graph_db/graph_db_node_23/06_p0.5/06_graph_n23_p0.5_idx4.gpickle,23,0.5,4,8,92,246,"[21, 3, 14, 8, 22, 0, 17, 5, 16, 10, 11, 1, 2, 6, 7, 13, 4, 18, 20, 9, 19, 12, 15]",12.5909407
./random_graph_db/graph_db_node_23/06_p0.5/06_graph_n23_p0.5_idx5.gpickle,23,0.5,5,8,84,235,"[21, 19, 2, 8, 18, 6, 15, 0, 10, 20, 5, 1, 4, 22, 3, 11, 16, 12, 17, 14, 7, 13, 9]",12.3507669
./random_graph_db/graph_db_node_23/06_p0.5/06_graph_n23_p0.5_idx6.gpickle,23,0.5,6,9,84,211,"[13, 20, 21, 19, 16, 11, 22, 2, 9, 10, 18, 7, 5, 4, 6, 3, 15, 17, 12, 0, 1, 8, 14]",12.5140021
./random_graph_db/graph_db_node_23/06_p0.5/06_graph_n23_p0.5_idx7.gpickle,23,0.5,7,8,78,212,"[15, 13, 19, 21, 4, 1, 3, 2, 16, 20, 9, 7, 14, 10, 0, 6, 18, 11, 12, 22, 8, 17, 5]",12.1329041
./random_graph_db/graph_db_node_23/06_p0.5/06_graph_n23_p0.5_idx8.gpickle,23,0.5,8,9,85,204,"[0, 15, 13, 9, 11, 1, 7, 3, 20, 19, 2, 18, 16, 4, 6, 21, 17, 22, 12, 5, 14, 8, 10]",12.189992
./random_graph_db/graph_db_node_23/06_p0.5/06_graph_n23_p0.5_idx9.gpickle,23,0.5,9,8,77,198,"[15, 3, 11, 16, 10, 18, 8, 12, 5, 14, 4, 13, 20, 19, 9, 22, 2, 6, 0, 21, 7, 17, 1]",12.283113
./random_graph_db/graph_db_node_23/07_p0.55/07_graph_n23_p0.55_idx1.gpickle,23,0.55,1,8,70,197,"[3, 22, 8, 18, 19, 17, 11, 14, 10, 15, 16, 2, 21, 13, 4, 20, 0, 1, 12, 6, 9, 7, 5]",11.8394842
./random_graph_db/graph_db_node_23/07_p0.55/07_graph_n23_p0.55_idx10.gpickle,23,0.55,10,8,84,224,"[10, 6, 9, 21, 0, 2, 15, 5, 14, 22, 19, 8, 11, 4, 13, 7, 3, 18, 16, 1, 12, 20, 17]",11.980407
./random_graph_db/graph_db_node_23/07_p0.55/07_graph_n23_p0.55_idx2.gpickle,23,0.55,2,8,81,218,"[8, 11, 22, 4, 3, 0, 20, 5, 21, 17, 16, 15, 19, 14, 1, 18, 9, 12, 7, 2, 13, 10, 6]",12.4037671
./random_graph_db/graph_db_node_23/07_p0.55/07_graph_n23_p0.55_idx3.gpickle,23,0.55,3,8,69,177,"[10, 22, 17, 11, 15, 21, 20, 6, 3, 12, 5, 7, 13, 8, 9, 4, 1, 14, 0, 16, 2, 18, 19]",12.096324
./random_graph_db/graph_db_node_23/07_p0.55/07_graph_n23_p0.55_idx4.gpickle,23,0.55,4,9,73,188,"[16, 17, 13, 1, 18, 12, 8, 6, 3, 15, 5, 7, 0, 9, 14, 2, 4, 11, 21, 19, 10, 22, 20]",12.2742929
./random_graph_db/graph_db_node_23/07_p0.55/07_graph_n23_p0.55_idx5.gpickle,23,0.55,5,8,81,215,"[7, 5, 2, 12, 8, 10, 6, 15, 17, 21, 19, 9, 1, 22, 18, 20, 14, 11, 13, 4, 16, 0, 3]",12.0568638
./random_graph_db/graph_db_node_23/07_p0.55/07_graph_n23_p0.55_idx6.gpickle,23,0.55,6,8,83,200,"[1, 10, 2, 16, 17, 0, 4, 3, 15, 12, 21, 5, 13, 18, 6, 7, 14, 20, 22, 11, 9, 19, 8]",12.1463771
./random_graph_db/graph_db_node_23/07_p0.55/07_graph_n23_p0.55_idx7.gpickle,23,0.55,7,8,83,197,"[18, 8, 0, 4, 10, 16, 14, 11, 19, 15, 13, 21, 6, 12, 7, 20, 17, 3, 2, 9, 5, 1, 22]",12.106678
./random_graph_db/graph_db_node_23/07_p0.55/07_graph_n23_p0.55_idx8.gpickle,23,0.55,8,8,65,178,"[13, 3, 6, 5, 8, 21, 22, 20, 2, 10, 12, 7, 18, 9, 4, 11, 17, 19, 16, 0, 14, 1, 15]",12.1784079
./random_graph_db/graph_db_node_23/07_p0.55/07_graph_n23_p0.55_idx9.gpickle,23,0.55,9,8,72,188,"[13, 7, 1, 21, 9, 10, 3, 0, 8, 15, 18, 14, 19, 22, 12, 16, 17, 6, 4, 20, 2, 11, 5]",12.9044251
./random_graph_db/graph_db_node_23/08_p0.6/08_graph_n23_p0.6_idx1.gpickle,23,0.6,1,8,78,195,"[21, 11, 10, 9, 22, 16, 14, 5, 17, 3, 19, 13, 1, 18, 4, 20, 15, 7, 8, 0, 6, 2, 12]",12.4527731
./random_graph_db/graph_db_node_23/08_p0.6/08_graph_n23_p0.6_idx10.gpickle,23,0.6,10,9,99,245,"[20, 6, 1, 9, 0, 7, 3, 2, 13, 10, 21, 14, 5, 17, 4, 8, 22, 18, 16, 12, 15, 19, 11]",12.5561249
./random_graph_db/graph_db_node_23/08_p0.6/08_graph_n23_p0.6_idx2.gpickle,23,0.6,2,9,95,235,"[4, 14, 12, 20, 7, 10, 1, 8, 15, 3, 19, 18, 2, 11, 21, 22, 9, 16, 6, 0, 13, 17, 5]",12.4296761
./random_graph_db/graph_db_node_23/08_p0.6/08_graph_n23_p0.6_idx3.gpickle,23,0.6,3,7,70,189,"[15, 16, 4, 0, 12, 7, 6, 17, 13, 21, 20, 14, 5, 10, 18, 8, 9, 1, 2, 22, 3, 11, 19]",12.0830271
./random_graph_db/graph_db_node_23/08_p0.6/08_graph_n23_p0.6_idx4.gpickle,23,0.6,4,8,80,221,"[17, 11, 10, 22, 0, 7, 2, 9, 18, 6, 13, 12, 20, 4, 16, 8, 5, 14, 21, 15, 19, 1, 3]",12.3517308
./random_graph_db/graph_db_node_23/08_p0.6/08_graph_n23_p0.6_idx5.gpickle,23,0.6,5,8,80,229,"[12, 2, 7, 8, 4, 21, 18, 3, 6, 19, 22, 5, 13, 10, 1, 9, 16, 0, 17, 15, 20, 11, 14]",13.079051
./random_graph_db/graph_db_node_23/08_p0.6/08_graph_n23_p0.6_idx6.gpickle,23,0.6,6,8,80,212,"[19, 4, 8, 16, 15, 5, 9, 11, 10, 22, 13, 3, 0, 7, 1, 12, 20, 14, 18, 6, 2, 17, 21]",13.3398228
./random_graph_db/graph_db_node_23/08_p0.6/08_graph_n23_p0.6_idx7.gpickle,23,0.6,7,8,83,214,"[20, 12, 13, 8, 4, 7, 11, 22, 2, 0, 15, 9, 5, 17, 18, 21, 19, 14, 10, 1, 6, 3, 16]",13.9342871
./random_graph_db/graph_db_node_23/08_p0.6/08_graph_n23_p0.6_idx8.gpickle,23,0.6,8,8,90,216,"[19, 10, 9, 17, 8, 1, 4, 21, 16, 6, 11, 7, 3, 13, 15, 5, 14, 22, 18, 12, 2, 0, 20]",14.3446269
./random_graph_db/graph_db_node_23/08_p0.6/08_graph_n23_p0.6_idx9.gpickle,23,0.6,9,9,91,224,"[18, 1, 6, 5, 15, 8, 3, 9, 17, 12, 19, 22, 20, 4, 0, 7, 21, 16, 2, 10, 13, 14, 11]",13.7862401
./random_graph_db/graph_db_node_23/09_p0.65/09_graph_n23_p0.65_idx1.gpickle,23,0.65,1,9,85,223,"[16, 12, 9, 20, 10, 2, 7, 15, 3, 6, 21, 13, 19, 11, 0, 4, 18, 8, 14, 17, 1, 22, 5]",12.8650398
./random_graph_db/graph_db_node_23/09_p0.65/09_graph_n23_p0.65_idx10.gpickle,23,0.65,10,9,101,242,"[1, 20, 0, 15, 8, 17, 10, 7, 4, 19, 5, 6, 2, 3, 18, 21, 9, 11, 16, 13, 22, 12, 14]",12.9879451
./random_graph_db/graph_db_node_23/09_p0.65/09_graph_n23_p0.65_idx2.gpickle,23,0.65,2,9,86,213,"[15, 12, 1, 19, 0, 6, 4, 13, 17, 7, 18, 21, 14, 2, 8, 5, 20, 16, 22, 10, 9, 3, 11]",12.5835469
./random_graph_db/graph_db_node_23/09_p0.65/09_graph_n23_p0.65_idx3.gpickle,23,0.65,3,8,71,188,"[2, 18, 13, 8, 14, 6, 22, 5, 15, 19, 11, 1, 0, 4, 7, 20, 12, 3, 16, 10, 9, 21, 17]",12.6750162
./random_graph_db/graph_db_node_23/09_p0.65/09_graph_n23_p0.65_idx4.gpickle,23,0.65,4,8,83,225,"[15, 18, 11, 9, 14, 6, 13, 10, 21, 8, 19, 4, 17, 3, 20, 7, 16, 12, 1, 0, 22, 2, 5]",12.0942419
./random_graph_db/graph_db_node_23/09_p0.65/09_graph_n23_p0.65_idx5.gpickle,23,0.65,5,8,82,203,"[16, 0, 12, 10, 9, 13, 3, 8, 18, 11, 14, 4, 20, 2, 15, 5, 7, 1, 6, 19, 21, 22, 17]",12.6306298
./random_graph_db/graph_db_node_23/09_p0.65/09_graph_n23_p0.65_idx6.gpickle,23,0.65,6,8,77,197,"[3, 15, 14, 9, 6, 12, 20, 19, 17, 16, 2, 11, 4, 8, 1, 5, 18, 10, 7, 22, 13, 21, 0]",12.0647449
./random_graph_db/graph_db_node_23/09_p0.65/09_graph_n23_p0.65_idx7.gpickle,23,0.65,7,9,88,214,"[15, 9, 14, 16, 0, 18, 6, 17, 3, 21, 1, 7, 22, 12, 11, 8, 4, 5, 10, 2, 20, 13, 19]",12.1329751
./random_graph_db/graph_db_node_23/09_p0.65/09_graph_n23_p0.65_idx8.gpickle,23,0.65,8,9,88,221,"[5, 22, 17, 2, 14, 12, 0, 21, 7, 13, 15, 8, 4, 20, 16, 19, 11, 1, 9, 6, 10, 18, 3]",12.6410303
./random_graph_db/graph_db_node_23/09_p0.65/09_graph_n23_p0.65_idx9.gpickle,23,0.65,9,9,85,195,"[16, 3, 22, 0, 21, 5, 20, 11, 14, 1, 8, 10, 18, 4, 19, 9, 7, 17, 6, 2, 12, 15, 13]",12.0098758
./random_graph_db/graph_db_node_23/10_p0.7/10_graph_n23_p0.7_idx1.gpickle,23,0.7,1,8,60,171,"[18, 13, 1, 20, 22, 2, 3, 5, 11, 16, 10, 8, 14, 6, 21, 9, 19, 7, 0, 4, 15, 17, 12]",11.8829727
./random_graph_db/graph_db_node_23/10_p0.7/10_graph_n23_p0.7_idx10.gpickle,23,0.7,10,8,90,215,"[17, 9, 16, 20, 4, 6, 7, 12, 11, 19, 5, 14, 15, 10, 18, 2, 22, 13, 3, 21, 8, 1, 0]",12.4361899
./random_graph_db/graph_db_node_23/10_p0.7/10_graph_n23_p0.7_idx2.gpickle,23,0.7,2,9,81,194,"[20, 8, 14, 13, 17, 5, 3, 15, 1, 11, 21, 9, 2, 12, 16, 6, 19, 7, 18, 22, 10, 0, 4]",11.8951819
./random_graph_db/graph_db_node_23/10_p0.7/10_graph_n23_p0.7_idx3.gpickle,23,0.7,3,8,71,181,"[10, 8, 6, 13, 3, 12, 7, 18, 15, 14, 21, 2, 19, 0, 11, 20, 16, 5, 4, 1, 22, 17, 9]",12.6622732
./random_graph_db/graph_db_node_23/10_p0.7/10_graph_n23_p0.7_idx4.gpickle,23,0.7,4,8,68,194,"[22, 13, 11, 10, 14, 8, 18, 6, 5, 1, 7, 9, 3, 12, 19, 16, 21, 0, 20, 17, 15, 2, 4]",12.3613839
./random_graph_db/graph_db_node_23/10_p0.7/10_graph_n23_p0.7_idx5.gpickle,23,0.7,5,8,74,203,"[15, 8, 21, 1, 3, 11, 20, 6, 5, 7, 2, 0, 4, 18, 17, 9, 16, 13, 19, 14, 10, 12, 22]",12.4243808
./random_graph_db/graph_db_node_23/10_p0.7/10_graph_n23_p0.7_idx6.gpickle,23,0.7,6,8,84,203,"[14, 15, 3, 20, 0, 21, 13, 5, 17, 6, 7, 1, 4, 18, 10, 2, 22, 8, 19, 12, 16, 9, 11]",12.4114978
./random_graph_db/graph_db_node_23/10_p0.7/10_graph_n23_p0.7_idx7.gpickle,23,0.7,7,8,78,211,"[22, 6, 21, 0, 12, 4, 1, 13, 2, 20, 14, 10, 15, 16, 19, 3, 7, 5, 9, 11, 8, 18, 17]",12.1520562
./random_graph_db/graph_db_node_23/10_p0.7/10_graph_n23_p0.7_idx8.gpickle,23,0.7,8,8,92,235,"[0, 18, 21, 20, 17, 12, 8, 1, 15, 2, 11, 9, 22, 4, 19, 6, 3, 16, 5, 14, 13, 10, 7]",12.4521689
./random_graph_db/graph_db_node_23/10_p0.7/10_graph_n23_p0.7_idx9.gpickle,23,0.7,9,8,85,203,"[18, 21, 2, 5, 0, 17, 20, 14, 22, 15, 8, 12, 3, 4, 16, 13, 6, 1, 11, 19, 9, 10, 7]",12.3607199
./random_graph_db/graph_db_node_23/11_p0.8/11_graph_n23_p0.8_idx1.gpickle,23,0.8,1,7,54,136,"[17, 20, 3, 12, 1, 18, 4, 0, 11, 9, 14, 19, 13, 2, 5, 6, 15, 16, 21, 8, 7, 10, 22]",11.7987609
./random_graph_db/graph_db_node_23/11_p0.8/11_graph_n23_p0.8_idx10.gpickle,23,0.8,10,8,72,196,"[2, 7, 3, 22, 10, 9, 6, 18, 14, 5, 11, 8, 15, 0, 17, 1, 12, 19, 4, 20, 13, 16, 21]",11.9051907
./random_graph_db/graph_db_node_23/11_p0.8/11_graph_n23_p0.8_idx2.gpickle,23,0.8,2,6,44,115,"[6, 0, 20, 2, 17, 13, 21, 8, 9, 15, 4, 19, 3, 14, 11, 10, 5, 1, 12, 7, 16, 18, 22]",11.737119
./random_graph_db/graph_db_node_23/11_p0.8/11_graph_n23_p0.8_idx3.gpickle,23,0.8,3,7,66,181,"[2, 3, 6, 1, 16, 10, 18, 11, 9, 8, 19, 15, 5, 7, 21, 14, 0, 12, 17, 22, 4, 20, 13]",12.1516018
./random_graph_db/graph_db_node_23/11_p0.8/11_graph_n23_p0.8_idx4.gpickle,23,0.8,4,7,75,201,"[1, 22, 9, 21, 0, 16, 17, 7, 4, 12, 18, 5, 6, 19, 8, 3, 20, 14, 2, 13, 10, 15, 11]",12.159683
./random_graph_db/graph_db_node_23/11_p0.8/11_graph_n23_p0.8_idx5.gpickle,23,0.8,5,6,45,140,"[18, 9, 6, 2, 14, 5, 11, 0, 21, 12, 20, 4, 3, 19, 16, 17, 15, 7, 10, 13, 8, 22, 1]",11.404187
./random_graph_db/graph_db_node_23/11_p0.8/11_graph_n23_p0.8_idx6.gpickle,23,0.8,6,6,45,141,"[17, 3, 21, 8, 5, 20, 7, 16, 18, 22, 11, 12, 0, 14, 4, 13, 10, 15, 6, 9, 1, 2, 19]",11.4620559
./random_graph_db/graph_db_node_23/11_p0.8/11_graph_n23_p0.8_idx7.gpickle,23,0.8,7,7,61,148,"[0, 2, 19, 21, 13, 5, 18, 6, 17, 7, 12, 16, 10, 15, 4, 3, 20, 1, 14, 11, 9, 22, 8]",11.5204659
./random_graph_db/graph_db_node_23/11_p0.8/11_graph_n23_p0.8_idx8.gpickle,23,0.8,8,7,50,158,"[18, 10, 19, 4, 7, 11, 1, 15, 21, 3, 0, 2, 8, 12, 17, 20, 16, 5, 6, 14, 13, 22, 9]",11.8261518
./random_graph_db/graph_db_node_23/11_p0.8/11_graph_n23_p0.8_idx9.gpickle,23,0.8,9,7,57,147,"[15, 19, 16, 3, 5, 4, 22, 17, 14, 9, 11, 1, 20, 8, 0, 2, 13, 7, 21, 6, 10, 18, 12]",11.5792229
./random_graph_db/graph_db_node_23/12_p0.9/12_graph_n23_p0.9_idx1.gpickle,23,0.9,1,5,35,102,"[18, 11, 12, 14, 16, 10, 6, 9, 17, 0, 8, 13, 2, 20, 4, 5, 15, 3, 21, 7, 1, 19, 22]",11.1123698
./random_graph_db/graph_db_node_23/12_p0.9/12_graph_n23_p0.9_idx10.gpickle,23,0.9,10,5,29,94,"[3, 2, 22, 5, 16, 9, 17, 7, 4, 14, 1, 13, 15, 12, 0, 8, 19, 10, 21, 20, 11, 18, 6]",11.162364
./random_graph_db/graph_db_node_23/12_p0.9/12_graph_n23_p0.9_idx2.gpickle,23,0.9,2,4,26,85,"[18, 1, 20, 17, 5, 4, 8, 0, 3, 6, 21, 15, 10, 11, 7, 9, 16, 2, 22, 19, 14, 12, 13]",10.7347338
./random_graph_db/graph_db_node_23/12_p0.9/12_graph_n23_p0.9_idx3.gpickle,23,0.9,3,7,47,130,"[9, 19, 12, 15, 13, 7, 8, 21, 20, 10, 4, 2, 1, 16, 22, 3, 14, 11, 5, 0, 6, 17, 18]",11.5682979
./random_graph_db/graph_db_node_23/12_p0.9/12_graph_n23_p0.9_idx4.gpickle,23,0.9,4,6,45,115,"[7, 12, 0, 21, 19, 17, 15, 9, 14, 2, 13, 16, 22, 3, 6, 10, 8, 4, 11, 20, 1, 5, 18]",11.23106
./random_graph_db/graph_db_node_23/12_p0.9/12_graph_n23_p0.9_idx5.gpickle,23,0.9,5,3,13,62,"[15, 13, 1, 14, 6, 17, 20, 2, 22, 12, 4, 8, 18, 3, 0, 9, 10, 21, 5, 11, 16, 19, 7]",10.5038428
./random_graph_db/graph_db_node_23/12_p0.9/12_graph_n23_p0.9_idx6.gpickle,23,0.9,6,4,17,73,"[8, 7, 12, 21, 2, 11, 3, 16, 22, 20, 13, 18, 14, 9, 19, 4, 5, 17, 10, 0, 6, 15, 1]",10.2826509
./random_graph_db/graph_db_node_23/12_p0.9/12_graph_n23_p0.9_idx7.gpickle,23,0.9,7,4,19,69,"[1, 10, 11, 8, 5, 13, 0, 19, 9, 16, 12, 20, 4, 3, 18, 17, 6, 7, 21, 22, 15, 2, 14]",10.5840583
./random_graph_db/graph_db_node_23/12_p0.9/12_graph_n23_p0.9_idx8.gpickle,23,0.9,8,4,25,82,"[7, 4, 10, 22, 2, 18, 19, 13, 6, 9, 16, 15, 11, 8, 12, 21, 14, 17, 0, 3, 1, 5, 20]",10.6501298
./random_graph_db/graph_db_node_23/12_p0.9/12_graph_n23_p0.9_idx9.gpickle,23,0.9,9,5,27,81,"[21, 3, 19, 5, 11, 2, 18, 22, 4, 13, 12, 8, 7, 0, 17, 9, 14, 20, 6, 16, 10, 15, 1]",11.2930822
./random_graph_db/graph_db_node_24/01_p0.1/01_graph_n24_p0.1_idx1.gpickle,24,0.1,1,4,10,43,"[19, 11, 5, 0, 21, 16, 12, 14, 2, 8, 6, 23, 15, 17, 9, 13, 4, 1, 18, 20, 7, 22, 3, 10]",10.658251
./random_graph_db/graph_db_node_24/01_p0.1/01_graph_n24_p0.1_idx10.gpickle,24,0.1,10,5,22,71,"[1, 14, 13, 4, 7, 19, 11, 6, 3, 0, 8, 9, 23, 2, 5, 20, 18, 16, 10, 12, 21, 15, 22, 17]",11.4390249
./random_graph_db/graph_db_node_24/01_p0.1/01_graph_n24_p0.1_idx2.gpickle,24,0.1,2,4,13,51,"[15, 12, 5, 3, 20, 13, 19, 16, 22, 0, 14, 23, 18, 2, 11, 7, 21, 8, 17, 1, 9, 6, 4, 10]",10.6107762
./random_graph_db/graph_db_node_24/01_p0.1/01_graph_n24_p0.1_idx3.gpickle,24,0.1,3,5,14,50,"[17, 0, 5, 3, 15, 16, 7, 22, 14, 23, 18, 13, 9, 10, 11, 2, 19, 8, 6, 21, 20, 12, 1, 4]",10.9231377
./random_graph_db/graph_db_node_24/01_p0.1/01_graph_n24_p0.1_idx4.gpickle,24,0.1,4,4,8,46,"[18, 2, 8, 6, 5, 19, 23, 3, 9, 10, 13, 0, 16, 15, 1, 12, 21, 7, 22, 11, 17, 14, 20, 4]",10.7287822
./random_graph_db/graph_db_node_24/01_p0.1/01_graph_n24_p0.1_idx5.gpickle,24,0.1,5,5,24,78,"[19, 9, 0, 10, 2, 5, 6, 22, 12, 4, 17, 16, 11, 8, 18, 20, 13, 7, 14, 3, 23, 1, 21, 15]",11.1583869
./random_graph_db/graph_db_node_24/01_p0.1/01_graph_n24_p0.1_idx6.gpickle,24,0.1,6,4,11,48,"[23, 11, 14, 9, 16, 17, 19, 1, 4, 22, 18, 0, 20, 6, 3, 15, 2, 7, 21, 8, 5, 12, 10, 13]",11.1499419
./random_graph_db/graph_db_node_24/01_p0.1/01_graph_n24_p0.1_idx7.gpickle,24,0.1,7,3,9,38,"[17, 1, 20, 0, 13, 19, 21, 14, 6, 4, 2, 11, 15, 9, 18, 7, 5, 12, 22, 23, 16, 8, 3, 10]",10.7317781
./random_graph_db/graph_db_node_24/01_p0.1/01_graph_n24_p0.1_idx8.gpickle,24,0.1,8,5,15,50,"[0, 6, 17, 8, 3, 15, 10, 21, 20, 16, 13, 1, 12, 2, 4, 14, 11, 5, 23, 9, 19, 18, 7, 22]",11.2130749
./random_graph_db/graph_db_node_24/01_p0.1/01_graph_n24_p0.1_idx9.gpickle,24,0.1,9,4,12,46,"[15, 14, 2, 1, 13, 7, 11, 4, 12, 3, 23, 6, 16, 0, 9, 10, 20, 8, 17, 19, 22, 5, 21, 18]",10.794446
./random_graph_db/graph_db_node_24/02_p0.2/02_graph_n24_p0.2_idx1.gpickle,24,0.2,1,6,42,102,"[7, 5, 9, 6, 1, 18, 11, 12, 8, 3, 13, 21, 16, 19, 20, 4, 15, 0, 23, 17, 10, 2, 14, 22]",12.3393672
./random_graph_db/graph_db_node_24/02_p0.2/02_graph_n24_p0.2_idx10.gpickle,24,0.2,10,7,54,151,"[23, 1, 5, 13, 9, 17, 18, 2, 22, 0, 14, 7, 10, 12, 16, 4, 15, 8, 6, 3, 11, 19, 21, 20]",12.0661848
./random_graph_db/graph_db_node_24/02_p0.2/02_graph_n24_p0.2_idx2.gpickle,24,0.2,2,7,50,137,"[2, 9, 22, 1, 19, 5, 8, 7, 18, 12, 4, 23, 14, 10, 6, 3, 20, 16, 0, 21, 15, 13, 17, 11]",12.2705131
./random_graph_db/graph_db_node_24/02_p0.2/02_graph_n24_p0.2_idx3.gpickle,24,0.2,3,7,47,130,"[2, 16, 20, 22, 10, 12, 23, 6, 4, 17, 21, 11, 3, 15, 8, 18, 7, 13, 5, 0, 19, 1, 14, 9]",12.2196441
./random_graph_db/graph_db_node_24/02_p0.2/02_graph_n24_p0.2_idx4.gpickle,24,0.2,4,6,45,132,"[8, 14, 2, 18, 3, 0, 7, 19, 11, 1, 12, 17, 15, 10, 23, 16, 6, 20, 4, 22, 21, 5, 13, 9]",11.7535501
./random_graph_db/graph_db_node_24/02_p0.2/02_graph_n24_p0.2_idx5.gpickle,24,0.2,5,7,51,137,"[9, 20, 3, 22, 4, 11, 17, 13, 10, 16, 5, 7, 1, 0, 6, 19, 21, 15, 18, 23, 14, 2, 8, 12]",12.3699951
./random_graph_db/graph_db_node_24/02_p0.2/02_graph_n24_p0.2_idx6.gpickle,24,0.2,6,6,30,82,"[22, 8, 12, 7, 6, 14, 9, 2, 15, 10, 21, 19, 4, 17, 1, 3, 11, 20, 13, 23, 18, 16, 5, 0]",11.4859593
./random_graph_db/graph_db_node_24/02_p0.2/02_graph_n24_p0.2_idx7.gpickle,24,0.2,7,7,41,123,"[21, 1, 9, 23, 19, 22, 8, 2, 15, 11, 6, 5, 12, 4, 20, 0, 3, 14, 18, 16, 7, 13, 17, 10]",12.333569
./random_graph_db/graph_db_node_24/02_p0.2/02_graph_n24_p0.2_idx8.gpickle,24,0.2,8,7,48,114,"[10, 3, 0, 16, 1, 9, 19, 4, 2, 8, 14, 13, 5, 20, 6, 18, 12, 7, 15, 17, 23, 22, 21, 11]",12.171356
./random_graph_db/graph_db_node_24/02_p0.2/02_graph_n24_p0.2_idx9.gpickle,24,0.2,9,7,43,125,"[1, 18, 13, 7, 23, 9, 3, 5, 2, 21, 20, 17, 12, 8, 15, 16, 22, 6, 0, 19, 14, 4, 11, 10]",12.028733
./random_graph_db/graph_db_node_24/03_p0.3/03_graph_n24_p0.3_idx1.gpickle,24,0.3,1,8,71,175,"[17, 21, 5, 12, 22, 6, 19, 13, 10, 0, 15, 2, 4, 20, 23, 9, 1, 7, 18, 8, 14, 16, 11, 3]",13.2173712
./random_graph_db/graph_db_node_24/03_p0.3/03_graph_n24_p0.3_idx10.gpickle,24,0.3,10,8,79,195,"[23, 9, 19, 21, 14, 5, 3, 2, 16, 8, 18, 0, 6, 1, 17, 11, 22, 13, 12, 20, 7, 4, 15, 10]",13.1147988
./random_graph_db/graph_db_node_24/03_p0.3/03_graph_n24_p0.3_idx2.gpickle,24,0.3,2,8,75,189,"[6, 14, 16, 19, 7, 15, 1, 8, 5, 17, 12, 13, 10, 11, 4, 23, 3, 18, 22, 9, 0, 2, 21, 20]",12.7090821
./random_graph_db/graph_db_node_24/03_p0.3/03_graph_n24_p0.3_idx3.gpickle,24,0.3,3,9,78,203,"[10, 0, 20, 11, 6, 23, 18, 7, 13, 9, 8, 14, 19, 15, 1, 21, 22, 17, 4, 16, 2, 3, 12, 5]",13.15713
./random_graph_db/graph_db_node_24/03_p0.3/03_graph_n24_p0.3_idx4.gpickle,24,0.3,4,7,59,174,"[14, 17, 4, 1, 7, 10, 6, 11, 3, 23, 19, 12, 9, 15, 5, 20, 8, 2, 21, 18, 22, 0, 13, 16]",12.6723006
./random_graph_db/graph_db_node_24/03_p0.3/03_graph_n24_p0.3_idx5.gpickle,24,0.3,5,8,73,186,"[1, 18, 10, 17, 6, 23, 9, 7, 22, 12, 2, 4, 20, 21, 13, 19, 0, 8, 15, 11, 16, 5, 3, 14]",12.6025007
./random_graph_db/graph_db_node_24/03_p0.3/03_graph_n24_p0.3_idx6.gpickle,24,0.3,6,8,65,168,"[0, 21, 3, 14, 9, 17, 22, 11, 4, 7, 15, 20, 19, 2, 18, 8, 13, 23, 16, 1, 6, 5, 10, 12]",12.6386788
./random_graph_db/graph_db_node_24/03_p0.3/03_graph_n24_p0.3_idx7.gpickle,24,0.3,7,8,86,223,"[10, 15, 16, 18, 6, 2, 1, 8, 0, 7, 9, 12, 13, 19, 17, 20, 23, 21, 5, 14, 22, 4, 3, 11]",12.940932
./random_graph_db/graph_db_node_24/03_p0.3/03_graph_n24_p0.3_idx8.gpickle,24,0.3,8,8,70,193,"[6, 4, 2, 15, 16, 18, 22, 1, 20, 9, 14, 23, 8, 21, 12, 13, 10, 7, 3, 19, 0, 5, 17, 11]",12.5546927
./random_graph_db/graph_db_node_24/03_p0.3/03_graph_n24_p0.3_idx9.gpickle,24,0.3,9,8,85,209,"[20, 23, 3, 4, 0, 13, 8, 2, 21, 17, 6, 19, 15, 9, 11, 18, 7, 1, 5, 12, 16, 14, 10, 22]",13.2198851
./random_graph_db/graph_db_node_24/04_p0.4/04_graph_n24_p0.4_idx1.gpickle,24,0.4,1,8,80,199,"[18, 21, 22, 4, 12, 3, 7, 1, 11, 16, 6, 23, 5, 14, 19, 8, 10, 20, 15, 17, 2, 0, 9, 13]",13.0773041
./random_graph_db/graph_db_node_24/04_p0.4/04_graph_n24_p0.4_idx10.gpickle,24,0.4,10,8,82,220,"[2, 17, 21, 5, 20, 15, 7, 6, 23, 3, 14, 22, 11, 13, 19, 8, 12, 0, 18, 10, 4, 16, 1, 9]",13.102438
./random_graph_db/graph_db_node_24/04_p0.4/04_graph_n24_p0.4_idx2.gpickle,24,0.4,2,9,91,221,"[10, 3, 6, 11, 12, 16, 15, 14, 5, 8, 7, 22, 0, 20, 21, 9, 13, 4, 1, 2, 19, 18, 17, 23]",13.0121551
./random_graph_db/graph_db_node_24/04_p0.4/04_graph_n24_p0.4_idx3.gpickle,24,0.4,3,9,95,247,"[1, 12, 0, 21, 4, 20, 15, 5, 17, 9, 7, 18, 23, 10, 8, 14, 16, 3, 2, 13, 11, 22, 6, 19]",13.3481152
./random_graph_db/graph_db_node_24/04_p0.4/04_graph_n24_p0.4_idx4.gpickle,24,0.4,4,9,106,263,"[1, 17, 2, 10, 5, 23, 14, 11, 21, 7, 16, 8, 12, 13, 3, 20, 19, 22, 15, 0, 18, 9, 4, 6]",13.3802488
./random_graph_db/graph_db_node_24/04_p0.4/04_graph_n24_p0.4_idx5.gpickle,24,0.4,5,8,92,223,"[19, 16, 17, 12, 0, 5, 23, 15, 3, 7, 21, 22, 2, 9, 6, 11, 13, 4, 8, 10, 1, 18, 14, 20]",13.2065368
./random_graph_db/graph_db_node_24/04_p0.4/04_graph_n24_p0.4_idx6.gpickle,24,0.4,6,9,76,196,"[6, 9, 7, 22, 12, 23, 8, 13, 5, 3, 17, 14, 15, 0, 1, 19, 16, 4, 10, 2, 18, 21, 20, 11]",12.9974189
./random_graph_db/graph_db_node_24/04_p0.4/04_graph_n24_p0.4_idx7.gpickle,24,0.4,7,9,112,273,"[13, 2, 18, 21, 9, 8, 15, 5, 4, 12, 7, 3, 20, 11, 10, 16, 22, 14, 6, 23, 17, 1, 19, 0]",13.4451098
./random_graph_db/graph_db_node_24/04_p0.4/04_graph_n24_p0.4_idx8.gpickle,24,0.4,8,9,106,260,"[12, 21, 18, 11, 17, 5, 20, 3, 7, 19, 13, 2, 15, 10, 1, 9, 23, 6, 14, 0, 22, 16, 4, 8]",13.2855411
./random_graph_db/graph_db_node_24/04_p0.4/04_graph_n24_p0.4_idx9.gpickle,24,0.4,9,9,83,223,"[2, 10, 8, 14, 3, 6, 21, 17, 5, 0, 20, 12, 7, 9, 22, 23, 1, 13, 19, 18, 16, 4, 15, 11]",13.1440592
./random_graph_db/graph_db_node_24/05_p0.45/05_graph_n24_p0.45_idx1.gpickle,24,0.45,1,9,93,232,"[2, 14, 6, 9, 16, 4, 22, 8, 7, 5, 18, 1, 19, 0, 12, 17, 15, 23, 11, 10, 3, 13, 21, 20]",13.1124661
./random_graph_db/graph_db_node_24/05_p0.45/05_graph_n24_p0.45_idx10.gpickle,24,0.45,10,9,83,220,"[4, 18, 1, 11, 5, 17, 13, 16, 10, 9, 7, 2, 0, 20, 22, 23, 3, 12, 8, 14, 6, 15, 21, 19]",12.9063098
./random_graph_db/graph_db_node_24/05_p0.45/05_graph_n24_p0.45_idx2.gpickle,24,0.45,2,9,98,237,"[13, 23, 18, 22, 1, 21, 5, 14, 19, 16, 12, 4, 17, 11, 9, 8, 15, 7, 20, 0, 10, 3, 2, 6]",13.223841
./random_graph_db/graph_db_node_24/05_p0.45/05_graph_n24_p0.45_idx3.gpickle,24,0.45,3,9,81,207,"[11, 6, 7, 14, 13, 17, 15, 12, 4, 0, 1, 2, 16, 18, 20, 23, 21, 22, 9, 3, 19, 10, 8, 5]",13.1409698
./random_graph_db/graph_db_node_24/05_p0.45/05_graph_n24_p0.45_idx4.gpickle,24,0.45,4,9,98,244,"[16, 1, 3, 5, 23, 7, 10, 11, 4, 9, 20, 18, 22, 17, 8, 12, 14, 19, 15, 2, 21, 13, 6, 0]",13.6822569
./random_graph_db/graph_db_node_24/05_p0.45/05_graph_n24_p0.45_idx5.gpickle,24,0.45,5,9,95,242,"[8, 14, 11, 22, 12, 9, 16, 19, 7, 5, 1, 18, 23, 20, 10, 13, 15, 21, 2, 3, 17, 0, 4, 6]",13.1077242
./random_graph_db/graph_db_node_24/05_p0.45/05_graph_n24_p0.45_idx6.gpickle,24,0.45,6,9,88,234,"[16, 0, 14, 7, 8, 19, 15, 18, 2, 12, 23, 4, 11, 20, 22, 6, 1, 9, 21, 13, 10, 17, 3, 5]",13.1813121
./random_graph_db/graph_db_node_24/05_p0.45/05_graph_n24_p0.45_idx7.gpickle,24,0.45,7,9,95,245,"[19, 1, 8, 15, 11, 5, 9, 12, 18, 3, 20, 22, 6, 4, 14, 10, 2, 7, 21, 17, 23, 13, 16, 0]",13.384999
./random_graph_db/graph_db_node_24/05_p0.45/05_graph_n24_p0.45_idx8.gpickle,24,0.45,8,9,108,259,"[8, 4, 17, 19, 11, 9, 21, 22, 0, 20, 5, 2, 12, 16, 10, 1, 7, 23, 6, 3, 14, 15, 13, 18]",13.1879742
./random_graph_db/graph_db_node_24/05_p0.45/05_graph_n24_p0.45_idx9.gpickle,24,0.45,9,9,91,233,"[12, 22, 16, 17, 5, 19, 1, 10, 23, 8, 6, 14, 15, 18, 4, 0, 3, 13, 2, 20, 9, 21, 11, 7]",14.436075
./random_graph_db/graph_db_node_24/06_p0.5/06_graph_n24_p0.5_idx1.gpickle,24,0.5,1,9,96,249,"[15, 22, 1, 0, 17, 16, 5, 2, 10, 23, 14, 3, 9, 18, 12, 21, 13, 8, 19, 4, 7, 11, 20, 6]",13.8662527
./random_graph_db/graph_db_node_24/06_p0.5/06_graph_n24_p0.5_idx10.gpickle,24,0.5,10,9,98,253,"[7, 0, 5, 20, 23, 9, 14, 17, 21, 22, 10, 4, 12, 8, 11, 3, 2, 18, 19, 16, 6, 15, 13, 1]",14.0987589
./random_graph_db/graph_db_node_24/06_p0.5/06_graph_n24_p0.5_idx2.gpickle,24,0.5,2,8,98,247,"[4, 0, 8, 21, 15, 10, 17, 16, 18, 1, 5, 13, 22, 7, 20, 23, 19, 11, 2, 3, 14, 6, 9, 12]",13.5027909
./random_graph_db/graph_db_node_24/06_p0.5/06_graph_n24_p0.5_idx3.gpickle,24,0.5,3,9,95,250,"[18, 6, 3, 20, 10, 9, 13, 1, 8, 23, 22, 16, 4, 7, 2, 12, 14, 15, 17, 0, 5, 21, 19, 11]",13.8144069
./random_graph_db/graph_db_node_24/06_p0.5/06_graph_n24_p0.5_idx4.gpickle,24,0.5,4,9,85,216,"[1, 0, 20, 18, 15, 21, 16, 6, 13, 11, 5, 22, 3, 17, 2, 14, 10, 19, 8, 4, 7, 12, 23, 9]",13.6906438
./random_graph_db/graph_db_node_24/06_p0.5/06_graph_n24_p0.5_idx5.gpickle,24,0.5,5,9,102,257,"[22, 10, 9, 19, 12, 7, 23, 2, 20, 21, 0, 16, 1, 11, 8, 18, 14, 6, 5, 3, 4, 17, 15, 13]",13.5428133
./random_graph_db/graph_db_node_24/06_p0.5/06_graph_n24_p0.5_idx6.gpickle,24,0.5,6,9,105,260,"[10, 11, 6, 23, 18, 8, 0, 16, 13, 14, 21, 5, 3, 15, 1, 20, 4, 12, 2, 17, 7, 9, 19, 22]",13.810775
./random_graph_db/graph_db_node_24/06_p0.5/06_graph_n24_p0.5_idx7.gpickle,24,0.5,7,9,92,236,"[17, 0, 2, 16, 19, 6, 23, 5, 9, 20, 21, 4, 15, 8, 11, 22, 18, 7, 14, 13, 1, 3, 10, 12]",13.387146
./random_graph_db/graph_db_node_24/06_p0.5/06_graph_n24_p0.5_idx8.gpickle,24,0.5,8,9,100,255,"[16, 17, 9, 5, 13, 12, 1, 6, 10, 18, 0, 8, 14, 23, 3, 19, 11, 20, 2, 22, 21, 15, 4, 7]",13.4693289
./random_graph_db/graph_db_node_24/06_p0.5/06_graph_n24_p0.5_idx9.gpickle,24,0.5,9,9,87,242,"[7, 2, 4, 3, 13, 14, 6, 8, 17, 12, 22, 10, 11, 18, 15, 20, 16, 1, 23, 5, 19, 0, 9, 21]",13.1072383
./random_graph_db/graph_db_node_24/07_p0.55/07_graph_n24_p0.55_idx1.gpickle,24,0.55,1,8,94,242,"[20, 10, 0, 4, 15, 11, 23, 17, 21, 14, 5, 6, 1, 18, 7, 19, 2, 22, 13, 8, 9, 12, 16, 3]",13.1892638
./random_graph_db/graph_db_node_24/07_p0.55/07_graph_n24_p0.55_idx10.gpickle,24,0.55,10,8,87,229,"[0, 23, 6, 15, 22, 14, 2, 21, 13, 11, 3, 18, 7, 8, 10, 4, 17, 12, 16, 20, 1, 19, 9, 5]",12.984669
./random_graph_db/graph_db_node_24/07_p0.55/07_graph_n24_p0.55_idx2.gpickle,24,0.55,2,8,87,226,"[15, 19, 13, 10, 18, 12, 3, 14, 23, 8, 1, 21, 9, 16, 2, 4, 6, 0, 11, 20, 7, 17, 22, 5]",13.2814457
./random_graph_db/graph_db_node_24/07_p0.55/07_graph_n24_p0.55_idx3.gpickle,24,0.55,3,9,93,246,"[3, 6, 7, 11, 5, 13, 2, 9, 10, 19, 1, 16, 8, 22, 21, 20, 14, 15, 4, 12, 23, 18, 0, 17]",12.9332838
./random_graph_db/graph_db_node_24/07_p0.55/07_graph_n24_p0.55_idx4.gpickle,24,0.55,4,9,97,242,"[21, 17, 6, 19, 8, 13, 9, 7, 14, 2, 1, 23, 18, 20, 12, 11, 16, 10, 22, 3, 5, 0, 15, 4]",13.7006128
./random_graph_db/graph_db_node_24/07_p0.55/07_graph_n24_p0.55_idx5.gpickle,24,0.55,5,9,91,224,"[15, 6, 2, 3, 0, 23, 18, 14, 13, 22, 4, 9, 19, 10, 8, 17, 20, 21, 7, 1, 11, 16, 12, 5]",13.5018554
./random_graph_db/graph_db_node_24/07_p0.55/07_graph_n24_p0.55_idx6.gpickle,24,0.55,6,9,96,239,"[6, 9, 11, 10, 21, 23, 20, 3, 15, 0, 7, 4, 8, 2, 5, 13, 14, 1, 12, 16, 19, 18, 17, 22]",13.2449
./random_graph_db/graph_db_node_24/07_p0.55/07_graph_n24_p0.55_idx7.gpickle,24,0.55,7,9,89,237,"[5, 7, 23, 3, 8, 20, 11, 17, 15, 6, 1, 13, 19, 9, 2, 16, 12, 21, 4, 22, 18, 10, 14, 0]",12.9920111
./random_graph_db/graph_db_node_24/07_p0.55/07_graph_n24_p0.55_idx8.gpickle,24,0.55,8,9,91,227,"[20, 3, 15, 6, 16, 8, 14, 2, 21, 7, 4, 17, 18, 12, 19, 11, 5, 13, 9, 23, 0, 1, 22, 10]",13.3136091
./random_graph_db/graph_db_node_24/07_p0.55/07_graph_n24_p0.55_idx9.gpickle,24,0.55,9,8,80,217,"[15, 5, 14, 2, 7, 20, 9, 12, 21, 4, 17, 6, 18, 19, 16, 13, 22, 23, 3, 8, 1, 11, 10, 0]",13.0468669
./random_graph_db/graph_db_node_24/08_p0.6/08_graph_n24_p0.6_idx1.gpickle,24,0.6,1,9,97,246,"[6, 19, 18, 20, 13, 15, 1, 21, 8, 4, 9, 3, 11, 7, 17, 14, 2, 10, 22, 16, 0, 12, 23, 5]",13.2245371
./random_graph_db/graph_db_node_24/08_p0.6/08_graph_n24_p0.6_idx10.gpickle,24,0.6,10,9,87,232,"[2, 12, 20, 9, 8, 14, 0, 5, 10, 18, 1, 16, 21, 6, 4, 11, 15, 23, 17, 7, 19, 13, 3, 22]",13.1977353
./random_graph_db/graph_db_node_24/08_p0.6/08_graph_n24_p0.6_idx2.gpickle,24,0.6,2,9,95,238,"[0, 2, 11, 21, 20, 5, 1, 4, 15, 19, 10, 12, 7, 8, 22, 14, 17, 18, 6, 16, 23, 9, 13, 3]",13.2542539
./random_graph_db/graph_db_node_24/08_p0.6/08_graph_n24_p0.6_idx3.gpickle,24,0.6,3,8,81,225,"[14, 3, 4, 21, 16, 17, 0, 12, 13, 9, 11, 15, 18, 19, 1, 10, 2, 22, 5, 23, 20, 8, 6, 7]",13.0550549
./random_graph_db/graph_db_node_24/08_p0.6/08_graph_n24_p0.6_idx4.gpickle,24,0.6,4,9,100,257,"[23, 14, 9, 1, 6, 5, 3, 11, 22, 8, 4, 21, 10, 7, 18, 0, 17, 15, 20, 19, 16, 13, 2, 12]",13.4121122
./random_graph_db/graph_db_node_24/08_p0.6/08_graph_n24_p0.6_idx5.gpickle,24,0.6,5,9,99,248,"[5, 4, 13, 21, 22, 17, 6, 23, 15, 14, 20, 0, 18, 3, 10, 16, 11, 19, 1, 9, 2, 8, 12, 7]",13.259697
./random_graph_db/graph_db_node_24/08_p0.6/08_graph_n24_p0.6_idx6.gpickle,24,0.6,6,9,80,202,"[6, 5, 14, 13, 17, 21, 11, 12, 9, 1, 10, 7, 20, 2, 0, 16, 18, 3, 22, 19, 8, 23, 4, 15]",12.8640451
./random_graph_db/graph_db_node_24/08_p0.6/08_graph_n24_p0.6_idx7.gpickle,24,0.6,7,9,103,251,"[23, 2, 19, 13, 1, 7, 18, 4, 12, 8, 22, 0, 15, 14, 21, 20, 16, 10, 3, 9, 6, 17, 11, 5]",13.2901907
./random_graph_db/graph_db_node_24/08_p0.6/08_graph_n24_p0.6_idx8.gpickle,24,0.6,8,8,78,209,"[1, 15, 6, 21, 10, 22, 11, 19, 23, 2, 12, 13, 18, 5, 4, 7, 9, 14, 0, 8, 20, 3, 16, 17]",12.9966409
./random_graph_db/graph_db_node_24/08_p0.6/08_graph_n24_p0.6_idx9.gpickle,24,0.6,9,9,100,262,"[4, 7, 13, 20, 11, 0, 1, 9, 19, 10, 21, 23, 8, 12, 2, 14, 22, 5, 16, 6, 17, 3, 18, 15]",13.3317163
./random_graph_db/graph_db_node_24/09_p0.65/09_graph_n24_p0.65_idx1.gpickle,24,0.65,1,9,96,243,"[17, 21, 11, 9, 22, 3, 20, 0, 8, 18, 5, 6, 1, 14, 12, 13, 10, 2, 19, 15, 16, 4, 23, 7]",13.335197
./random_graph_db/graph_db_node_24/09_p0.65/09_graph_n24_p0.65_idx10.gpickle,24,0.65,10,8,88,236,"[2, 15, 6, 12, 5, 4, 20, 0, 10, 7, 18, 3, 1, 14, 19, 13, 21, 11, 9, 22, 16, 17, 8, 23]",13.1358202
./random_graph_db/graph_db_node_24/09_p0.65/09_graph_n24_p0.65_idx2.gpickle,24,0.65,2,8,97,226,"[17, 2, 4, 13, 6, 22, 0, 5, 23, 21, 14, 7, 11, 3, 12, 18, 16, 8, 15, 10, 19, 1, 9, 20]",12.921488
./random_graph_db/graph_db_node_24/09_p0.65/09_graph_n24_p0.65_idx3.gpickle,24,0.65,3,9,111,287,"[21, 22, 17, 0, 13, 10, 16, 19, 8, 9, 2, 20, 6, 7, 14, 15, 12, 1, 4, 3, 23, 11, 18, 5]",13.5180991
./random_graph_db/graph_db_node_24/09_p0.65/09_graph_n24_p0.65_idx4.gpickle,24,0.65,4,9,99,246,"[13, 16, 17, 14, 7, 10, 23, 5, 11, 3, 1, 6, 18, 8, 15, 21, 4, 22, 19, 0, 2, 9, 20, 12]",13.0087831
./random_graph_db/graph_db_node_24/09_p0.65/09_graph_n24_p0.65_idx5.gpickle,24,0.65,5,9,100,241,"[11, 5, 4, 20, 14, 8, 15, 10, 18, 9, 23, 17, 22, 21, 3, 16, 6, 0, 13, 7, 1, 12, 2, 19]",13.2478127
./random_graph_db/graph_db_node_24/09_p0.65/09_graph_n24_p0.65_idx6.gpickle,24,0.65,6,9,83,212,"[17, 2, 7, 20, 16, 13, 12, 10, 0, 9, 23, 22, 1, 14, 21, 8, 3, 4, 6, 19, 15, 5, 18, 11]",13.187628
./random_graph_db/graph_db_node_24/09_p0.65/09_graph_n24_p0.65_idx7.gpickle,24,0.65,7,9,98,260,"[9, 15, 3, 13, 12, 23, 10, 6, 7, 0, 1, 8, 18, 16, 2, 17, 5, 20, 22, 21, 11, 14, 4, 19]",13.1305952
./random_graph_db/graph_db_node_24/09_p0.65/09_graph_n24_p0.65_idx8.gpickle,24,0.65,8,9,101,249,"[3, 23, 17, 21, 11, 2, 9, 4, 7, 15, 12, 20, 18, 5, 19, 10, 6, 0, 14, 1, 8, 13, 22, 16]",13.2756391
./random_graph_db/graph_db_node_24/09_p0.65/09_graph_n24_p0.65_idx9.gpickle,24,0.65,9,9,91,225,"[14, 9, 13, 7, 16, 22, 17, 15, 18, 6, 8, 19, 12, 2, 5, 23, 21, 10, 1, 0, 11, 3, 4, 20]",13.086431
./random_graph_db/graph_db_node_24/10_p0.7/10_graph_n24_p0.7_idx1.gpickle,24,0.7,1,9,103,264,"[20, 9, 0, 8, 13, 1, 2, 21, 16, 11, 12, 3, 19, 10, 4, 7, 15, 6, 5, 14, 18, 23, 22, 17]",13.3739059
./random_graph_db/graph_db_node_24/10_p0.7/10_graph_n24_p0.7_idx10.gpickle,24,0.7,10,9,96,228,"[2, 11, 4, 19, 20, 22, 23, 9, 16, 0, 12, 13, 15, 17, 5, 21, 14, 3, 10, 1, 8, 6, 18, 7]",13.024112
./random_graph_db/graph_db_node_24/10_p0.7/10_graph_n24_p0.7_idx2.gpickle,24,0.7,2,9,81,226,"[19, 5, 4, 23, 13, 18, 22, 8, 0, 20, 3, 15, 7, 14, 11, 9, 2, 10, 21, 6, 12, 16, 1, 17]",13.0722878
./random_graph_db/graph_db_node_24/10_p0.7/10_graph_n24_p0.7_idx3.gpickle,24,0.7,3,8,85,230,"[22, 21, 8, 2, 5, 6, 19, 11, 13, 1, 16, 4, 20, 7, 18, 17, 23, 12, 14, 10, 0, 3, 15, 9]",12.8578331
./random_graph_db/graph_db_node_24/10_p0.7/10_graph_n24_p0.7_idx4.gpickle,24,0.7,4,9,89,233,"[7, 23, 22, 17, 0, 1, 5, 8, 20, 21, 11, 14, 12, 3, 13, 18, 9, 16, 15, 6, 4, 19, 2, 10]",13.0128951
./random_graph_db/graph_db_node_24/10_p0.7/10_graph_n24_p0.7_idx5.gpickle,24,0.7,5,9,95,224,"[0, 2, 18, 13, 7, 14, 1, 23, 6, 5, 16, 10, 12, 4, 8, 20, 17, 15, 11, 22, 19, 9, 21, 3]",13.0502019
./random_graph_db/graph_db_node_24/10_p0.7/10_graph_n24_p0.7_idx6.gpickle,24,0.7,6,8,75,208,"[21, 4, 11, 8, 5, 15, 6, 22, 23, 12, 20, 1, 3, 16, 14, 13, 10, 17, 9, 0, 18, 7, 2, 19]",12.662725
./random_graph_db/graph_db_node_24/10_p0.7/10_graph_n24_p0.7_idx7.gpickle,24,0.7,7,8,87,233,"[16, 21, 7, 17, 8, 12, 20, 15, 10, 22, 6, 2, 11, 14, 3, 23, 0, 5, 4, 9, 13, 19, 1, 18]",13.2634273
./random_graph_db/graph_db_node_24/10_p0.7/10_graph_n24_p0.7_idx8.gpickle,24,0.7,8,9,101,250,"[3, 13, 12, 10, 9, 7, 15, 5, 17, 0, 16, 4, 11, 20, 14, 23, 1, 2, 22, 19, 18, 8, 21, 6]",13.0900221
./random_graph_db/graph_db_node_24/10_p0.7/10_graph_n24_p0.7_idx9.gpickle,24,0.7,9,9,87,241,"[11, 0, 20, 22, 2, 1, 13, 5, 16, 8, 10, 23, 15, 7, 12, 6, 4, 3, 18, 19, 9, 21, 17, 14]",12.8563139
./random_graph_db/graph_db_node_24/11_p0.8/11_graph_n24_p0.8_idx1.gpickle,24,0.8,1,8,70,157,"[16, 22, 1, 10, 12, 11, 3, 2, 14, 17, 20, 5, 0, 13, 6, 9, 7, 8, 18, 23, 4, 19, 15, 21]",12.6784577
./random_graph_db/graph_db_node_24/11_p0.8/11_graph_n24_p0.8_idx10.gpickle,24,0.8,10,7,69,189,"[10, 7, 18, 11, 5, 3, 9, 15, 2, 20, 17, 0, 21, 6, 4, 19, 22, 8, 12, 14, 23, 16, 13, 1]",12.7349739
./random_graph_db/graph_db_node_24/11_p0.8/11_graph_n24_p0.8_idx2.gpickle,24,0.8,2,6,45,107,"[2, 1, 5, 0, 23, 15, 21, 6, 11, 4, 9, 16, 22, 14, 17, 19, 12, 20, 10, 18, 3, 13, 8, 7]",11.8504419
./random_graph_db/graph_db_node_24/11_p0.8/11_graph_n24_p0.8_idx3.gpickle,24,0.8,3,8,71,182,"[13, 18, 21, 6, 16, 15, 8, 1, 3, 4, 23, 19, 17, 7, 22, 11, 14, 0, 2, 20, 9, 5, 12, 10]",13.2538476
./random_graph_db/graph_db_node_24/11_p0.8/11_graph_n24_p0.8_idx4.gpickle,24,0.8,4,8,81,216,"[4, 18, 14, 9, 15, 2, 1, 21, 23, 17, 22, 10, 3, 11, 0, 20, 8, 6, 12, 5, 16, 19, 7, 13]",13.035141
./random_graph_db/graph_db_node_24/11_p0.8/11_graph_n24_p0.8_idx5.gpickle,24,0.8,5,6,48,146,"[6, 13, 7, 19, 8, 5, 0, 1, 21, 16, 12, 9, 22, 2, 3, 20, 15, 23, 14, 10, 17, 11, 4, 18]",12.054203
./random_graph_db/graph_db_node_24/11_p0.8/11_graph_n24_p0.8_idx6.gpickle,24,0.8,6,7,60,170,"[9, 11, 15, 23, 5, 1, 0, 22, 21, 7, 18, 14, 12, 10, 13, 8, 17, 6, 16, 2, 20, 19, 3, 4]",12.5269201
./random_graph_db/graph_db_node_24/11_p0.8/11_graph_n24_p0.8_idx7.gpickle,24,0.8,7,6,52,154,"[23, 15, 19, 4, 1, 11, 7, 10, 14, 0, 6, 21, 3, 8, 2, 5, 18, 12, 22, 16, 9, 17, 13, 20]",12.7481539
./random_graph_db/graph_db_node_24/11_p0.8/11_graph_n24_p0.8_idx8.gpickle,24,0.8,8,7,63,155,"[4, 3, 21, 7, 9, 12, 18, 14, 22, 5, 13, 19, 15, 20, 16, 6, 0, 23, 2, 10, 11, 1, 8, 17]",12.587482
./random_graph_db/graph_db_node_24/11_p0.8/11_graph_n24_p0.8_idx9.gpickle,24,0.8,9,7,56,166,"[0, 20, 15, 17, 9, 4, 11, 6, 23, 22, 10, 19, 18, 16, 5, 21, 8, 3, 1, 7, 14, 13, 12, 2]",12.564388
./random_graph_db/graph_db_node_24/12_p0.9/12_graph_n24_p0.9_idx1.gpickle,24,0.9,1,5,26,82,"[14, 5, 15, 21, 0, 3, 7, 23, 17, 20, 9, 13, 16, 19, 8, 18, 11, 10, 4, 1, 12, 6, 2, 22]",11.5982621
./random_graph_db/graph_db_node_24/12_p0.9/12_graph_n24_p0.9_idx10.gpickle,24,0.9,10,6,39,109,"[13, 20, 21, 18, 17, 8, 3, 19, 15, 16, 1, 4, 11, 12, 14, 9, 23, 6, 0, 10, 5, 22, 2, 7]",12.134872
./random_graph_db/graph_db_node_24/12_p0.9/12_graph_n24_p0.9_idx2.gpickle,24,0.9,2,4,19,67,"[2, 23, 12, 5, 19, 6, 18, 3, 22, 10, 9, 16, 15, 0, 14, 20, 11, 17, 8, 21, 1, 4, 13, 7]",11.4515741
./random_graph_db/graph_db_node_24/12_p0.9/12_graph_n24_p0.9_idx3.gpickle,24,0.9,3,6,42,122,"[9, 1, 2, 5, 19, 3, 11, 23, 13, 7, 16, 6, 18, 12, 0, 20, 14, 17, 21, 8, 22, 15, 10, 4]",12.4076133
./random_graph_db/graph_db_node_24/12_p0.9/12_graph_n24_p0.9_idx4.gpickle,24,0.9,4,6,43,127,"[7, 1, 5, 23, 2, 17, 12, 8, 15, 4, 6, 11, 22, 13, 16, 14, 20, 18, 3, 21, 0, 10, 19, 9]",11.974719
./random_graph_db/graph_db_node_24/12_p0.9/12_graph_n24_p0.9_idx5.gpickle,24,0.9,5,4,19,66,"[11, 6, 21, 13, 7, 17, 9, 10, 19, 1, 20, 23, 16, 0, 3, 2, 5, 14, 18, 8, 22, 12, 15, 4]",11.1373162
./random_graph_db/graph_db_node_24/12_p0.9/12_graph_n24_p0.9_idx6.gpickle,24,0.9,6,4,23,75,"[3, 5, 0, 9, 11, 7, 20, 4, 13, 17, 10, 18, 12, 15, 2, 1, 22, 14, 21, 16, 6, 19, 8, 23]",11.580359
./random_graph_db/graph_db_node_24/12_p0.9/12_graph_n24_p0.9_idx7.gpickle,24,0.9,7,4,25,76,"[10, 14, 9, 13, 15, 6, 19, 11, 0, 7, 18, 3, 23, 1, 17, 4, 20, 5, 22, 12, 8, 16, 21, 2]",11.4175663
./random_graph_db/graph_db_node_24/12_p0.9/12_graph_n24_p0.9_idx8.gpickle,24,0.9,8,5,33,88,"[13, 10, 8, 23, 17, 19, 1, 0, 22, 7, 12, 2, 15, 6, 5, 20, 14, 11, 4, 3, 18, 16, 9, 21]",11.7436211
./random_graph_db/graph_db_node_24/12_p0.9/12_graph_n24_p0.9_idx9.gpickle,24,0.9,9,5,28,91,"[7, 3, 15, 12, 13, 21, 18, 22, 19, 1, 2, 17, 5, 16, 8, 4, 11, 14, 23, 9, 0, 20, 6, 10]",11.6920152
./random_graph_db/graph_db_node_25/01_p0.1/01_graph_n25_p0.1_idx1.gpickle,25,0.1,1,4,15,64,"[2, 23, 17, 11, 19, 12, 18, 5, 7, 4, 8, 0, 14, 16, 3, 21, 10, 20, 24, 15, 13, 22, 9, 6, 1]",10.5388389
./random_graph_db/graph_db_node_25/01_p0.1/01_graph_n25_p0.1_idx10.gpickle,25,0.1,10,5,19,51,"[21, 19, 9, 17, 24, 13, 20, 18, 23, 11, 12, 8, 0, 14, 15, 7, 6, 2, 16, 4, 3, 1, 22, 5, 10]",10.2407
./random_graph_db/graph_db_node_25/01_p0.1/01_graph_n25_p0.1_idx2.gpickle,25,0.1,2,6,20,64,"[21, 3, 22, 2, 13, 6, 10, 16, 18, 7, 11, 20, 24, 12, 1, 14, 9, 4, 19, 15, 23, 5, 0, 8, 17]",10.444603
./random_graph_db/graph_db_node_25/01_p0.1/01_graph_n25_p0.1_idx3.gpickle,25,0.1,3,4,18,71,"[5, 19, 22, 0, 9, 16, 1, 12, 3, 14, 7, 8, 24, 18, 4, 10, 15, 2, 6, 21, 11, 13, 20, 17, 23]",10.2013111
./random_graph_db/graph_db_node_25/01_p0.1/01_graph_n25_p0.1_idx4.gpickle,25,0.1,4,5,17,70,"[12, 8, 18, 2, 7, 22, 19, 0, 11, 3, 4, 5, 10, 1, 6, 23, 14, 15, 9, 20, 21, 24, 17, 16, 13]",10.2557352
./random_graph_db/graph_db_node_25/01_p0.1/01_graph_n25_p0.1_idx5.gpickle,25,0.1,5,6,22,65,"[16, 15, 12, 3, 8, 22, 20, 2, 10, 24, 17, 4, 1, 9, 5, 0, 11, 13, 7, 14, 6, 19, 21, 18, 23]",10.3262799
./random_graph_db/graph_db_node_25/01_p0.1/01_graph_n25_p0.1_idx6.gpickle,25,0.1,6,6,22,61,"[16, 19, 2, 11, 0, 4, 9, 1, 18, 22, 13, 14, 10, 17, 15, 7, 5, 3, 12, 8, 20, 21, 6, 24, 23]",10.0249107
./random_graph_db/graph_db_node_25/01_p0.1/01_graph_n25_p0.1_idx7.gpickle,25,0.1,7,5,25,67,"[8, 13, 2, 15, 17, 6, 1, 24, 20, 16, 4, 10, 3, 18, 21, 9, 7, 19, 11, 5, 23, 12, 0, 14, 22]",10.3621099
./random_graph_db/graph_db_node_25/01_p0.1/01_graph_n25_p0.1_idx8.gpickle,25,0.1,8,2,6,39,"[8, 2, 17, 0, 9, 15, 6, 3, 20, 5, 12, 22, 7, 4, 13, 24, 21, 23, 11, 10, 19, 1, 16, 18, 14]",9.3196988
./random_graph_db/graph_db_node_25/01_p0.1/01_graph_n25_p0.1_idx9.gpickle,25,0.1,9,4,15,53,"[17, 6, 15, 10, 18, 1, 19, 23, 0, 4, 2, 11, 14, 20, 16, 22, 12, 8, 3, 5, 9, 21, 7, 24, 13]",10.023978
./random_graph_db/graph_db_node_25/02_p0.2/02_graph_n25_p0.2_idx1.gpickle,25,0.2,1,7,45,137,"[23, 8, 4, 2, 16, 20, 5, 14, 11, 7, 24, 22, 10, 17, 6, 18, 19, 12, 13, 15, 21, 9, 3, 1, 0]",10.7471449
./random_graph_db/graph_db_node_25/02_p0.2/02_graph_n25_p0.2_idx10.gpickle,25,0.2,10,8,69,186,"[4, 24, 16, 15, 8, 10, 3, 20, 6, 2, 21, 12, 13, 14, 5, 19, 23, 17, 18, 11, 9, 1, 7, 0, 22]",11.1382949
./random_graph_db/graph_db_node_25/02_p0.2/02_graph_n25_p0.2_idx2.gpickle,25,0.2,2,7,53,162,"[23, 9, 3, 12, 13, 22, 19, 10, 20, 15, 16, 5, 11, 18, 4, 6, 1, 24, 8, 2, 21, 17, 14, 0, 7]",11.2158558
./random_graph_db/graph_db_node_25/02_p0.2/02_graph_n25_p0.2_idx3.gpickle,25,0.2,3,7,53,152,"[9, 21, 2, 23, 7, 24, 10, 22, 19, 14, 3, 12, 15, 5, 8, 16, 20, 13, 11, 6, 0, 4, 17, 18, 1]",11.2690392
./random_graph_db/graph_db_node_25/02_p0.2/02_graph_n25_p0.2_idx4.gpickle,25,0.2,4,7,45,144,"[15, 9, 13, 12, 5, 22, 16, 4, 7, 3, 24, 21, 14, 1, 17, 2, 18, 8, 10, 11, 6, 0, 23, 19, 20]",10.5967891
./random_graph_db/graph_db_node_25/02_p0.2/02_graph_n25_p0.2_idx5.gpickle,25,0.2,5,7,55,140,"[10, 0, 13, 23, 20, 4, 21, 15, 3, 7, 9, 14, 12, 6, 22, 19, 5, 1, 11, 16, 24, 18, 2, 17, 8]",11.1076531
./random_graph_db/graph_db_node_25/02_p0.2/02_graph_n25_p0.2_idx6.gpickle,25,0.2,6,7,40,117,"[5, 4, 18, 16, 0, 24, 3, 2, 13, 11, 10, 12, 1, 22, 19, 17, 15, 7, 6, 9, 8, 14, 21, 20, 23]",10.5697908
./random_graph_db/graph_db_node_25/02_p0.2/02_graph_n25_p0.2_idx7.gpickle,25,0.2,7,7,58,156,"[11, 20, 0, 17, 24, 5, 7, 13, 6, 18, 23, 2, 21, 4, 10, 3, 16, 19, 15, 22, 14, 1, 8, 9, 12]",11.0735309
./random_graph_db/graph_db_node_25/02_p0.2/02_graph_n25_p0.2_idx8.gpickle,25,0.2,8,8,67,188,"[5, 22, 18, 9, 21, 13, 24, 3, 20, 11, 4, 15, 23, 1, 12, 10, 8, 16, 2, 14, 17, 6, 19, 7, 0]",11.071475
./random_graph_db/graph_db_node_25/02_p0.2/02_graph_n25_p0.2_idx9.gpickle,25,0.2,9,7,54,150,"[13, 6, 16, 8, 15, 20, 19, 12, 5, 3, 7, 18, 23, 21, 1, 11, 17, 4, 22, 10, 24, 9, 2, 0, 14]",11.4026351
./random_graph_db/graph_db_node_25/03_p0.3/03_graph_n25_p0.3_idx1.gpickle,25,0.3,1,9,89,231,"[17, 4, 5, 1, 8, 2, 12, 16, 15, 22, 11, 14, 18, 6, 9, 0, 23, 21, 7, 19, 13, 10, 20, 24, 3]",11.5844038
./random_graph_db/graph_db_node_25/03_p0.3/03_graph_n25_p0.3_idx10.gpickle,25,0.3,10,9,88,201,"[4, 0, 16, 9, 19, 10, 8, 24, 2, 11, 1, 20, 5, 18, 14, 22, 12, 3, 7, 15, 23, 13, 17, 21, 6]",11.8840129
./random_graph_db/graph_db_node_25/03_p0.3/03_graph_n25_p0.3_idx2.gpickle,25,0.3,2,8,67,176,"[15, 0, 18, 20, 4, 24, 21, 22, 7, 23, 10, 12, 14, 13, 8, 9, 5, 1, 6, 19, 2, 3, 17, 16, 11]",11.406924
./random_graph_db/graph_db_node_25/03_p0.3/03_graph_n25_p0.3_idx3.gpickle,25,0.3,3,9,101,248,"[11, 14, 21, 24, 8, 22, 18, 0, 6, 13, 4, 20, 2, 17, 5, 10, 9, 1, 16, 12, 7, 15, 23, 19, 3]",12.0255868
./random_graph_db/graph_db_node_25/03_p0.3/03_graph_n25_p0.3_idx4.gpickle,25,0.3,4,8,70,176,"[7, 0, 19, 13, 9, 21, 10, 17, 24, 15, 3, 1, 14, 5, 11, 23, 20, 16, 6, 22, 2, 12, 8, 4, 18]",11.4502401
./random_graph_db/graph_db_node_25/03_p0.3/03_graph_n25_p0.3_idx5.gpickle,25,0.3,5,9,81,210,"[11, 19, 2, 17, 3, 10, 13, 24, 12, 18, 21, 23, 16, 5, 14, 6, 22, 4, 15, 1, 8, 0, 20, 9, 7]",11.455544
./random_graph_db/graph_db_node_25/03_p0.3/03_graph_n25_p0.3_idx6.gpickle,25,0.3,6,9,82,193,"[21, 6, 12, 7, 2, 5, 19, 15, 18, 0, 17, 10, 4, 14, 22, 9, 11, 16, 1, 20, 24, 3, 23, 8, 13]",11.9911559
./random_graph_db/graph_db_node_25/03_p0.3/03_graph_n25_p0.3_idx7.gpickle,25,0.3,7,9,91,226,"[14, 16, 19, 17, 2, 10, 1, 7, 15, 18, 22, 9, 24, 21, 11, 0, 23, 4, 12, 8, 13, 5, 6, 3, 20]",11.9821901
./random_graph_db/graph_db_node_25/03_p0.3/03_graph_n25_p0.3_idx8.gpickle,25,0.3,8,8,74,207,"[9, 22, 17, 21, 10, 3, 24, 19, 5, 23, 16, 6, 4, 11, 13, 7, 20, 18, 2, 8, 12, 14, 1, 0, 15]",11.8074923
./random_graph_db/graph_db_node_25/03_p0.3/03_graph_n25_p0.3_idx9.gpickle,25,0.3,9,8,93,237,"[7, 2, 5, 21, 11, 13, 20, 9, 22, 15, 24, 18, 0, 3, 6, 16, 1, 12, 23, 10, 14, 4, 8, 17, 19]",12.1644268
./random_graph_db/graph_db_node_25/04_p0.4/04_graph_n25_p0.4_idx1.gpickle,25,0.4,1,9,95,240,"[10, 8, 15, 14, 13, 3, 4, 23, 17, 20, 19, 12, 22, 18, 6, 5, 1, 2, 21, 9, 11, 24, 7, 16, 0]",12.0772638
./random_graph_db/graph_db_node_25/04_p0.4/04_graph_n25_p0.4_idx10.gpickle,25,0.4,10,9,104,261,"[15, 13, 16, 8, 2, 21, 23, 6, 3, 19, 7, 22, 20, 1, 10, 24, 5, 11, 18, 17, 12, 9, 4, 14, 0]",12.4631929
./random_graph_db/graph_db_node_25/04_p0.4/04_graph_n25_p0.4_idx2.gpickle,25,0.4,2,10,107,259,"[0, 17, 4, 1, 18, 6, 11, 5, 20, 15, 16, 14, 21, 12, 10, 2, 8, 13, 19, 22, 24, 7, 23, 3, 9]",12.1722372
./random_graph_db/graph_db_node_25/04_p0.4/04_graph_n25_p0.4_idx3.gpickle,25,0.4,3,9,93,232,"[18, 5, 9, 21, 19, 16, 20, 23, 0, 11, 22, 6, 4, 15, 2, 1, 13, 7, 12, 17, 3, 10, 24, 8, 14]",12.006669
./random_graph_db/graph_db_node_25/04_p0.4/04_graph_n25_p0.4_idx4.gpickle,25,0.4,4,9,107,274,"[18, 20, 8, 21, 16, 5, 12, 2, 23, 19, 3, 6, 9, 1, 17, 13, 4, 7, 24, 14, 15, 11, 0, 22, 10]",12.363512
./random_graph_db/graph_db_node_25/04_p0.4/04_graph_n25_p0.4_idx5.gpickle,25,0.4,5,9,94,260,"[6, 19, 2, 20, 14, 9, 3, 0, 1, 12, 8, 7, 24, 18, 23, 5, 15, 22, 10, 13, 4, 11, 16, 17, 21]",11.9815779
./random_graph_db/graph_db_node_25/04_p0.4/04_graph_n25_p0.4_idx6.gpickle,25,0.4,6,9,94,246,"[4, 7, 15, 14, 2, 9, 22, 6, 24, 17, 19, 8, 0, 20, 18, 12, 3, 21, 1, 23, 11, 13, 16, 10, 5]",11.9321101
./random_graph_db/graph_db_node_25/04_p0.4/04_graph_n25_p0.4_idx7.gpickle,25,0.4,7,9,110,266,"[24, 19, 6, 18, 1, 4, 9, 22, 2, 3, 11, 0, 23, 14, 20, 7, 16, 17, 12, 13, 8, 15, 5, 10, 21]",11.8688819
./random_graph_db/graph_db_node_25/04_p0.4/04_graph_n25_p0.4_idx8.gpickle,25,0.4,8,8,87,244,"[9, 16, 5, 15, 18, 1, 23, 13, 7, 2, 6, 22, 24, 0, 10, 4, 20, 3, 19, 12, 21, 11, 14, 8, 17]",11.8340042
./random_graph_db/graph_db_node_25/04_p0.4/04_graph_n25_p0.4_idx9.gpickle,25,0.4,9,9,90,222,"[7, 0, 19, 11, 16, 6, 22, 10, 12, 4, 8, 3, 23, 18, 24, 2, 14, 20, 15, 21, 17, 1, 5, 9, 13]",11.934411
./random_graph_db/graph_db_node_25/05_p0.45/05_graph_n25_p0.45_idx1.gpickle,25,0.45,1,10,103,243,"[0, 19, 5, 3, 1, 8, 18, 10, 15, 13, 9, 6, 17, 23, 11, 20, 22, 16, 21, 12, 7, 24, 2, 14, 4]",11.7951651
./random_graph_db/graph_db_node_25/05_p0.45/05_graph_n25_p0.45_idx10.gpickle,25,0.45,10,9,107,266,"[24, 9, 2, 16, 18, 0, 7, 3, 21, 1, 20, 6, 12, 14, 10, 8, 5, 19, 17, 15, 22, 23, 4, 11, 13]",12.2464693
./random_graph_db/graph_db_node_25/05_p0.45/05_graph_n25_p0.45_idx2.gpickle,25,0.45,2,9,87,214,"[12, 3, 18, 7, 2, 24, 19, 10, 9, 20, 5, 15, 14, 17, 11, 8, 23, 16, 4, 1, 21, 0, 13, 6, 22]",11.8155491
./random_graph_db/graph_db_node_25/05_p0.45/05_graph_n25_p0.45_idx3.gpickle,25,0.45,3,9,104,260,"[23, 7, 24, 10, 3, 8, 1, 19, 15, 17, 4, 0, 20, 16, 11, 14, 22, 12, 6, 13, 21, 9, 18, 5, 2]",12.540771
./random_graph_db/graph_db_node_25/05_p0.45/05_graph_n25_p0.45_idx4.gpickle,25,0.45,4,9,101,253,"[16, 12, 5, 1, 2, 4, 7, 14, 24, 19, 9, 15, 23, 21, 17, 6, 22, 13, 11, 8, 10, 0, 3, 20, 18]",12.585649
./random_graph_db/graph_db_node_25/05_p0.45/05_graph_n25_p0.45_idx5.gpickle,25,0.45,5,10,101,242,"[12, 11, 0, 22, 15, 9, 10, 7, 3, 13, 6, 19, 21, 14, 23, 18, 5, 2, 16, 20, 8, 4, 1, 17, 24]",12.260926
./random_graph_db/graph_db_node_25/05_p0.45/05_graph_n25_p0.45_idx6.gpickle,25,0.45,6,10,116,280,"[8, 12, 17, 20, 22, 7, 0, 21, 23, 15, 19, 4, 10, 9, 16, 2, 24, 13, 14, 11, 5, 3, 18, 6, 1]",12.1055799
./random_graph_db/graph_db_node_25/05_p0.45/05_graph_n25_p0.45_idx7.gpickle,25,0.45,7,9,95,246,"[22, 4, 24, 0, 3, 9, 21, 2, 13, 20, 15, 1, 16, 7, 14, 12, 5, 8, 18, 10, 17, 11, 6, 23, 19]",12.0433612
./random_graph_db/graph_db_node_25/05_p0.45/05_graph_n25_p0.45_idx8.gpickle,25,0.45,8,9,109,272,"[1, 19, 14, 23, 0, 20, 6, 7, 21, 17, 15, 4, 9, 18, 5, 16, 2, 8, 22, 12, 24, 10, 11, 3, 13]",12.0680339
./random_graph_db/graph_db_node_25/05_p0.45/05_graph_n25_p0.45_idx9.gpickle,25,0.45,9,9,110,266,"[23, 2, 13, 14, 10, 6, 12, 5, 15, 19, 24, 22, 7, 9, 0, 1, 18, 11, 3, 16, 21, 4, 8, 17, 20]",12.3812692
./random_graph_db/graph_db_node_25/06_p0.5/06_graph_n25_p0.5_idx1.gpickle,25,0.5,1,9,103,262,"[2, 8, 4, 6, 1, 10, 23, 7, 15, 18, 14, 19, 20, 0, 17, 5, 24, 22, 11, 13, 3, 12, 16, 21, 9]",11.8691709
./random_graph_db/graph_db_node_25/06_p0.5/06_graph_n25_p0.5_idx10.gpickle,25,0.5,10,9,105,252,"[9, 22, 17, 0, 1, 23, 19, 4, 6, 12, 10, 15, 24, 20, 3, 11, 5, 21, 2, 16, 8, 14, 18, 13, 7]",12.3093739
./random_graph_db/graph_db_node_25/06_p0.5/06_graph_n25_p0.5_idx2.gpickle,25,0.5,2,10,109,286,"[23, 6, 2, 5, 15, 14, 1, 4, 18, 22, 16, 0, 11, 3, 21, 10, 13, 9, 12, 17, 7, 19, 24, 20, 8]",12.2769101
./random_graph_db/graph_db_node_25/06_p0.5/06_graph_n25_p0.5_idx3.gpickle,25,0.5,3,9,101,256,"[4, 10, 9, 18, 14, 21, 24, 1, 13, 15, 11, 7, 8, 6, 16, 23, 5, 0, 3, 2, 20, 19, 12, 22, 17]",12.3585572
./random_graph_db/graph_db_node_25/06_p0.5/06_graph_n25_p0.5_idx4.gpickle,25,0.5,4,9,105,263,"[20, 9, 17, 16, 23, 1, 24, 12, 0, 5, 22, 2, 3, 21, 19, 13, 8, 7, 4, 11, 14, 6, 10, 15, 18]",12.31373
./random_graph_db/graph_db_node_25/06_p0.5/06_graph_n25_p0.5_idx5.gpickle,25,0.5,5,9,95,241,"[20, 22, 13, 6, 16, 19, 12, 15, 7, 11, 21, 24, 4, 14, 8, 1, 9, 0, 18, 23, 10, 3, 5, 2, 17]",11.9043519
./random_graph_db/graph_db_node_25/06_p0.5/06_graph_n25_p0.5_idx6.gpickle,25,0.5,6,9,106,269,"[12, 22, 20, 6, 9, 23, 17, 21, 14, 8, 2, 24, 11, 18, 13, 16, 4, 19, 10, 0, 15, 5, 3, 1, 7]",12.2025499
./random_graph_db/graph_db_node_25/06_p0.5/06_graph_n25_p0.5_idx7.gpickle,25,0.5,7,10,108,257,"[13, 16, 8, 7, 15, 10, 4, 24, 14, 9, 1, 18, 0, 20, 19, 11, 2, 23, 6, 5, 3, 22, 12, 17, 21]",12.203768
./random_graph_db/graph_db_node_25/06_p0.5/06_graph_n25_p0.5_idx8.gpickle,25,0.5,8,9,118,298,"[4, 12, 18, 7, 3, 14, 2, 17, 10, 16, 19, 21, 15, 24, 22, 1, 5, 11, 23, 0, 6, 20, 13, 9, 8]",12.288522
./random_graph_db/graph_db_node_25/06_p0.5/06_graph_n25_p0.5_idx9.gpickle,25,0.5,9,9,103,228,"[1, 8, 9, 4, 0, 2, 20, 3, 17, 24, 11, 13, 19, 15, 5, 10, 16, 23, 21, 22, 18, 7, 6, 14, 12]",11.9500973
./random_graph_db/graph_db_node_25/07_p0.55/07_graph_n25_p0.55_idx1.gpickle,25,0.55,1,9,101,237,"[10, 24, 17, 11, 22, 16, 12, 7, 14, 2, 21, 3, 8, 15, 20, 18, 23, 0, 6, 9, 13, 4, 5, 1, 19]",12.0765688
./random_graph_db/graph_db_node_25/07_p0.55/07_graph_n25_p0.55_idx10.gpickle,25,0.55,10,9,91,238,"[21, 14, 16, 6, 23, 13, 2, 4, 8, 19, 22, 17, 12, 15, 24, 3, 11, 10, 18, 5, 1, 0, 20, 7, 9]",11.9977601
./random_graph_db/graph_db_node_25/07_p0.55/07_graph_n25_p0.55_idx2.gpickle,25,0.55,2,9,107,277,"[8, 13, 22, 16, 12, 10, 17, 3, 18, 21, 15, 6, 1, 4, 9, 5, 7, 24, 2, 19, 0, 14, 20, 23, 11]",12.1061628
./random_graph_db/graph_db_node_25/07_p0.55/07_graph_n25_p0.55_idx3.gpickle,25,0.55,3,9,99,242,"[12, 11, 17, 19, 3, 22, 7, 13, 24, 21, 9, 23, 5, 8, 15, 18, 20, 4, 10, 14, 1, 0, 6, 2, 16]",12.225657
./random_graph_db/graph_db_node_25/07_p0.55/07_graph_n25_p0.55_idx4.gpickle,25,0.55,4,10,101,241,"[22, 20, 0, 7, 8, 23, 5, 2, 24, 21, 10, 6, 15, 11, 13, 4, 16, 17, 1, 14, 19, 9, 3, 18, 12]",11.9572887
./random_graph_db/graph_db_node_25/07_p0.55/07_graph_n25_p0.55_idx5.gpickle,25,0.55,5,9,103,272,"[3, 22, 9, 15, 10, 8, 20, 17, 12, 0, 21, 16, 14, 4, 23, 11, 5, 7, 24, 2, 19, 1, 13, 18, 6]",12.423275
./random_graph_db/graph_db_node_25/07_p0.55/07_graph_n25_p0.55_idx6.gpickle,25,0.55,6,9,99,232,"[0, 9, 1, 6, 11, 22, 17, 5, 8, 23, 3, 2, 12, 19, 18, 14, 24, 7, 4, 20, 10, 16, 13, 15, 21]",12.1124139
./random_graph_db/graph_db_node_25/07_p0.55/07_graph_n25_p0.55_idx7.gpickle,25,0.55,7,9,103,256,"[22, 7, 18, 0, 10, 4, 6, 9, 19, 2, 13, 3, 11, 8, 20, 17, 23, 5, 15, 14, 16, 1, 21, 12, 24]",12.2457311
./random_graph_db/graph_db_node_25/07_p0.55/07_graph_n25_p0.55_idx8.gpickle,25,0.55,8,9,106,277,"[23, 9, 14, 10, 12, 15, 19, 20, 1, 11, 3, 22, 24, 7, 5, 21, 17, 16, 8, 4, 18, 6, 13, 2, 0]",12.051142
./random_graph_db/graph_db_node_25/07_p0.55/07_graph_n25_p0.55_idx9.gpickle,25,0.55,9,9,105,264,"[13, 6, 17, 16, 5, 18, 4, 9, 14, 11, 1, 7, 12, 10, 20, 23, 3, 8, 15, 19, 0, 21, 2, 24, 22]",12.2649119
./random_graph_db/graph_db_node_25/08_p0.6/08_graph_n25_p0.6_idx1.gpickle,25,0.6,1,9,103,249,"[16, 23, 9, 4, 22, 13, 17, 3, 21, 18, 2, 15, 8, 11, 24, 20, 5, 7, 14, 6, 1, 10, 12, 0, 19]",11.862865
./random_graph_db/graph_db_node_25/08_p0.6/08_graph_n25_p0.6_idx10.gpickle,25,0.6,10,9,105,286,"[10, 8, 15, 16, 11, 24, 23, 14, 0, 5, 3, 4, 20, 18, 12, 17, 2, 7, 13, 9, 6, 21, 19, 1, 22]",12.2660098
./random_graph_db/graph_db_node_25/08_p0.6/08_graph_n25_p0.6_idx2.gpickle,25,0.6,2,9,94,261,"[19, 15, 7, 5, 10, 17, 22, 6, 8, 16, 4, 3, 23, 9, 18, 13, 21, 0, 24, 1, 12, 14, 20, 11, 2]",12.099611
./random_graph_db/graph_db_node_25/08_p0.6/08_graph_n25_p0.6_idx3.gpickle,25,0.6,3,9,106,267,"[2, 13, 4, 22, 17, 3, 7, 20, 6, 8, 11, 1, 23, 19, 9, 18, 21, 14, 16, 15, 24, 0, 10, 12, 5]",12.2457681
./random_graph_db/graph_db_node_25/08_p0.6/08_graph_n25_p0.6_idx4.gpickle,25,0.6,4,10,117,292,"[4, 0, 1, 7, 12, 15, 17, 11, 5, 23, 10, 20, 9, 3, 18, 22, 16, 14, 8, 19, 21, 24, 13, 6, 2]",12.3365421
./random_graph_db/graph_db_node_25/08_p0.6/08_graph_n25_p0.6_idx5.gpickle,25,0.6,5,9,91,251,"[6, 20, 8, 2, 13, 21, 17, 5, 7, 9, 15, 22, 11, 4, 24, 3, 12, 1, 10, 19, 16, 23, 0, 18, 14]",12.0205011
./random_graph_db/graph_db_node_25/08_p0.6/08_graph_n25_p0.6_idx6.gpickle,25,0.6,6,10,108,261,"[10, 18, 6, 7, 22, 19, 0, 14, 12, 23, 17, 20, 2, 3, 1, 9, 24, 4, 13, 15, 8, 11, 16, 21, 5]",12.0141869
./random_graph_db/graph_db_node_25/08_p0.6/08_graph_n25_p0.6_idx7.gpickle,25,0.6,7,9,100,262,"[19, 0, 6, 14, 5, 8, 23, 21, 9, 20, 16, 3, 1, 17, 22, 7, 2, 18, 24, 12, 4, 11, 13, 15, 10]",11.8841112
./random_graph_db/graph_db_node_25/08_p0.6/08_graph_n25_p0.6_idx8.gpickle,25,0.6,8,9,109,278,"[8, 11, 7, 23, 20, 12, 5, 17, 0, 22, 18, 19, 4, 3, 15, 9, 14, 10, 16, 6, 1, 21, 24, 13, 2]",12.4895141
./random_graph_db/graph_db_node_25/08_p0.6/08_graph_n25_p0.6_idx9.gpickle,25,0.6,9,9,100,252,"[9, 18, 21, 15, 6, 22, 5, 17, 0, 2, 16, 11, 23, 1, 3, 10, 12, 4, 8, 7, 14, 20, 24, 19, 13]",11.9934139
./random_graph_db/graph_db_node_25/09_p0.65/09_graph_n25_p0.65_idx1.gpickle,25,0.65,1,9,78,213,"[6, 13, 17, 16, 21, 11, 20, 24, 4, 7, 22, 1, 12, 2, 0, 9, 3, 14, 23, 18, 15, 5, 19, 8, 10]",11.903476
./random_graph_db/graph_db_node_25/09_p0.65/09_graph_n25_p0.65_idx10.gpickle,25,0.65,10,9,102,269,"[21, 23, 13, 3, 5, 6, 0, 11, 14, 12, 9, 19, 4, 24, 15, 17, 10, 22, 1, 20, 2, 7, 8, 16, 18]",11.8837979
./random_graph_db/graph_db_node_25/09_p0.65/09_graph_n25_p0.65_idx2.gpickle,25,0.65,2,10,104,256,"[13, 5, 4, 24, 11, 22, 8, 16, 3, 23, 9, 15, 17, 12, 6, 21, 19, 20, 10, 7, 18, 14, 2, 1, 0]",12.1471112
./random_graph_db/graph_db_node_25/09_p0.65/09_graph_n25_p0.65_idx3.gpickle,25,0.65,3,10,105,257,"[5, 24, 0, 8, 19, 18, 11, 16, 7, 9, 17, 23, 21, 6, 22, 20, 10, 4, 15, 13, 1, 2, 3, 14, 12]",12.5253642
./random_graph_db/graph_db_node_25/09_p0.65/09_graph_n25_p0.65_idx4.gpickle,25,0.65,4,8,89,236,"[22, 15, 9, 4, 24, 1, 17, 11, 2, 19, 16, 10, 18, 7, 14, 6, 5, 8, 21, 12, 0, 23, 13, 20, 3]",11.7866459
./random_graph_db/graph_db_node_25/09_p0.65/09_graph_n25_p0.65_idx5.gpickle,25,0.65,5,10,110,261,"[20, 17, 5, 1, 12, 13, 11, 7, 15, 23, 21, 6, 3, 14, 10, 9, 16, 18, 4, 22, 19, 0, 2, 24, 8]",12.1880829
./random_graph_db/graph_db_node_25/09_p0.65/09_graph_n25_p0.65_idx6.gpickle,25,0.65,6,9,102,254,"[14, 13, 20, 18, 21, 12, 6, 8, 16, 3, 15, 5, 24, 1, 10, 7, 11, 9, 2, 0, 4, 22, 19, 23, 17]",11.8813832
./random_graph_db/graph_db_node_25/09_p0.65/09_graph_n25_p0.65_idx7.gpickle,25,0.65,7,10,109,272,"[0, 14, 22, 8, 10, 12, 5, 6, 9, 4, 23, 24, 21, 18, 3, 7, 19, 16, 17, 1, 20, 15, 13, 11, 2]",12.306689
./random_graph_db/graph_db_node_25/09_p0.65/09_graph_n25_p0.65_idx8.gpickle,25,0.65,8,9,106,244,"[20, 1, 19, 8, 3, 12, 16, 11, 15, 10, 22, 17, 23, 4, 6, 24, 7, 14, 0, 18, 21, 13, 5, 9, 2]",12.1781049
./random_graph_db/graph_db_node_25/09_p0.65/09_graph_n25_p0.65_idx9.gpickle,25,0.65,9,9,102,251,"[3, 10, 17, 19, 14, 0, 16, 4, 13, 22, 12, 21, 15, 20, 23, 8, 11, 2, 9, 5, 1, 24, 6, 7, 18]",11.8899601
./random_graph_db/graph_db_node_25/10_p0.7/10_graph_n25_p0.7_idx1.gpickle,25,0.7,1,8,84,210,"[4, 18, 7, 16, 24, 14, 15, 22, 10, 21, 19, 6, 23, 11, 3, 8, 12, 5, 13, 0, 9, 17, 2, 1, 20]",11.8791621
./random_graph_db/graph_db_node_25/10_p0.7/10_graph_n25_p0.7_idx10.gpickle,25,0.7,10,10,110,272,"[3, 14, 22, 19, 20, 23, 8, 7, 0, 2, 11, 9, 6, 10, 21, 18, 16, 15, 17, 24, 12, 5, 13, 1, 4]",12.1888409
./random_graph_db/graph_db_node_25/10_p0.7/10_graph_n25_p0.7_idx2.gpickle,25,0.7,2,10,115,283,"[17, 2, 19, 16, 0, 11, 5, 21, 22, 15, 6, 20, 1, 4, 14, 3, 12, 7, 9, 18, 23, 24, 8, 13, 10]",12.611203
./random_graph_db/graph_db_node_25/10_p0.7/10_graph_n25_p0.7_idx3.gpickle,25,0.7,3,9,94,223,"[22, 16, 14, 17, 10, 21, 3, 11, 19, 8, 20, 15, 13, 1, 2, 7, 24, 0, 5, 23, 9, 12, 4, 18, 6]",12.0822279
./random_graph_db/graph_db_node_25/10_p0.7/10_graph_n25_p0.7_idx4.gpickle,25,0.7,4,9,95,238,"[7, 15, 17, 4, 12, 5, 22, 1, 14, 20, 16, 13, 8, 18, 21, 2, 19, 11, 10, 23, 24, 9, 0, 6, 3]",11.8385992
./random_graph_db/graph_db_node_25/10_p0.7/10_graph_n25_p0.7_idx5.gpickle,25,0.7,5,9,112,269,"[7, 17, 13, 22, 0, 18, 10, 24, 16, 8, 23, 2, 21, 6, 19, 14, 9, 1, 12, 4, 20, 11, 15, 5, 3]",12.2640731
./random_graph_db/graph_db_node_25/10_p0.7/10_graph_n25_p0.7_idx6.gpickle,25,0.7,6,9,92,226,"[18, 5, 22, 10, 8, 0, 17, 7, 15, 20, 16, 13, 6, 24, 21, 3, 19, 12, 1, 4, 2, 11, 9, 14, 23]",12.047925
./random_graph_db/graph_db_node_25/10_p0.7/10_graph_n25_p0.7_idx7.gpickle,25,0.7,7,9,102,259,"[7, 6, 0, 1, 24, 5, 12, 4, 9, 18, 15, 8, 23, 3, 11, 17, 19, 20, 10, 13, 22, 16, 21, 14, 2]",12.1676469
./random_graph_db/graph_db_node_25/10_p0.7/10_graph_n25_p0.7_idx8.gpickle,25,0.7,8,9,99,242,"[16, 11, 4, 7, 5, 20, 14, 21, 15, 22, 12, 19, 13, 10, 18, 8, 23, 1, 24, 17, 3, 0, 6, 2, 9]",12.4747121
./random_graph_db/graph_db_node_25/10_p0.7/10_graph_n25_p0.7_idx9.gpickle,25,0.7,9,9,102,229,"[9, 17, 4, 11, 18, 16, 10, 21, 1, 22, 2, 0, 6, 19, 24, 14, 13, 8, 23, 5, 12, 3, 7, 20, 15]",12.1999791
./random_graph_db/graph_db_node_25/11_p0.8/11_graph_n25_p0.8_idx1.gpickle,25,0.8,1,8,67,140,"[14, 19, 10, 4, 23, 2, 1, 5, 13, 20, 0, 12, 11, 9, 16, 15, 24, 3, 22, 7, 6, 17, 8, 21, 18]",11.4773908
./random_graph_db/graph_db_node_25/11_p0.8/11_graph_n25_p0.8_idx10.gpickle,25,0.8,10,8,73,186,"[18, 14, 9, 6, 17, 7, 2, 22, 10, 5, 23, 11, 19, 20, 15, 8, 21, 3, 0, 16, 1, 13, 12, 24, 4]",11.3914199
./random_graph_db/graph_db_node_25/11_p0.8/11_graph_n25_p0.8_idx2.gpickle,25,0.8,2,7,47,140,"[6, 21, 9, 2, 18, 1, 24, 14, 0, 19, 16, 7, 20, 17, 22, 13, 3, 15, 10, 23, 5, 4, 11, 12, 8]",11.1248481
./random_graph_db/graph_db_node_25/11_p0.8/11_graph_n25_p0.8_idx3.gpickle,25,0.8,3,8,71,183,"[15, 21, 7, 2, 19, 9, 18, 8, 6, 4, 11, 20, 16, 14, 23, 0, 12, 3, 17, 1, 10, 5, 22, 24, 13]",11.706126
./random_graph_db/graph_db_node_25/11_p0.8/11_graph_n25_p0.8_idx4.gpickle,25,0.8,4,8,87,211,"[8, 6, 9, 1, 10, 13, 3, 22, 2, 14, 18, 21, 5, 0, 4, 19, 17, 23, 7, 20, 15, 24, 12, 11, 16]",11.4736369
./random_graph_db/graph_db_node_25/11_p0.8/11_graph_n25_p0.8_idx5.gpickle,25,0.8,5,8,86,222,"[23, 8, 12, 18, 17, 16, 11, 24, 14, 7, 10, 9, 3, 4, 13, 22, 20, 6, 21, 0, 1, 19, 2, 15, 5]",11.5691609
./random_graph_db/graph_db_node_25/11_p0.8/11_graph_n25_p0.8_idx6.gpickle,25,0.8,6,7,44,111,"[21, 7, 20, 3, 18, 23, 10, 6, 11, 17, 9, 24, 1, 5, 4, 14, 12, 19, 13, 16, 8, 0, 15, 22, 2]",10.8893089
./random_graph_db/graph_db_node_25/11_p0.8/11_graph_n25_p0.8_idx7.gpickle,25,0.8,7,8,78,200,"[6, 20, 22, 4, 5, 8, 21, 13, 18, 12, 7, 19, 3, 9, 11, 10, 0, 1, 23, 16, 14, 2, 24, 17, 15]",11.234206
./random_graph_db/graph_db_node_25/11_p0.8/11_graph_n25_p0.8_idx8.gpickle,25,0.8,8,7,65,172,"[9, 7, 10, 20, 11, 24, 21, 14, 13, 8, 18, 19, 22, 16, 17, 6, 23, 3, 5, 2, 15, 1, 4, 0, 12]",11.6209209
./random_graph_db/graph_db_node_25/11_p0.8/11_graph_n25_p0.8_idx9.gpickle,25,0.8,9,8,83,222,"[2, 6, 13, 23, 20, 0, 16, 1, 9, 18, 7, 5, 15, 12, 17, 3, 14, 21, 4, 10, 24, 22, 8, 11, 19]",11.7893672
./random_graph_db/graph_db_node_25/12_p0.9/12_graph_n25_p0.9_idx1.gpickle,25,0.9,1,5,33,110,"[2, 22, 20, 8, 13, 7, 3, 14, 4, 19, 1, 21, 5, 23, 9, 0, 16, 11, 18, 6, 12, 10, 17, 15, 24]",10.3762147
./random_graph_db/graph_db_node_25/12_p0.9/12_graph_n25_p0.9_idx10.gpickle,25,0.9,10,5,31,90,"[24, 6, 18, 15, 4, 14, 21, 0, 9, 22, 11, 12, 23, 10, 13, 8, 1, 16, 7, 19, 3, 20, 5, 17, 2]",10.4084318
./random_graph_db/graph_db_node_25/12_p0.9/12_graph_n25_p0.9_idx2.gpickle,25,0.9,2,4,26,89,"[4, 5, 13, 17, 9, 7, 8, 0, 1, 3, 23, 15, 12, 16, 6, 10, 22, 20, 19, 11, 21, 14, 18, 2, 24]",9.9887097
./random_graph_db/graph_db_node_25/12_p0.9/12_graph_n25_p0.9_idx3.gpickle,25,0.9,3,7,53,120,"[10, 8, 20, 6, 12, 0, 22, 24, 17, 7, 21, 13, 14, 16, 4, 1, 15, 9, 23, 3, 11, 2, 18, 5, 19]",11.0503302
./random_graph_db/graph_db_node_25/12_p0.9/12_graph_n25_p0.9_idx4.gpickle,25,0.9,4,5,43,118,"[12, 20, 4, 0, 19, 9, 23, 14, 17, 21, 2, 5, 8, 1, 22, 11, 10, 3, 18, 7, 24, 15, 16, 6, 13]",10.840313
./random_graph_db/graph_db_node_25/12_p0.9/12_graph_n25_p0.9_idx5.gpickle,25,0.9,5,5,21,63,"[11, 22, 20, 2, 16, 13, 3, 0, 5, 19, 9, 21, 14, 6, 4, 10, 23, 7, 15, 1, 18, 12, 8, 17, 24]",10.17311
./random_graph_db/graph_db_node_25/12_p0.9/12_graph_n25_p0.9_idx6.gpickle,25,0.9,6,4,22,75,"[1, 21, 3, 2, 10, 12, 22, 8, 7, 17, 19, 9, 11, 23, 16, 15, 6, 4, 0, 5, 24, 14, 20, 13, 18]",10.1858621
./random_graph_db/graph_db_node_25/12_p0.9/12_graph_n25_p0.9_idx7.gpickle,25,0.9,7,4,24,77,"[15, 18, 24, 13, 23, 0, 5, 16, 14, 8, 12, 22, 4, 17, 20, 11, 19, 7, 2, 1, 10, 21, 9, 3, 6]",10.4041281
./random_graph_db/graph_db_node_25/12_p0.9/12_graph_n25_p0.9_idx8.gpickle,25,0.9,8,5,30,77,"[6, 13, 21, 7, 24, 12, 3, 20, 2, 8, 9, 15, 17, 0, 16, 22, 18, 10, 1, 23, 11, 5, 14, 19, 4]",10.3357048
./random_graph_db/graph_db_node_25/12_p0.9/12_graph_n25_p0.9_idx9.gpickle,25,0.9,9,5,44,134,"[6, 22, 4, 8, 24, 1, 14, 17, 5, 23, 0, 9, 7, 18, 21, 2, 10, 12, 16, 20, 3, 19, 13, 11, 15]",11.1269228
./random_graph_db/graph_db_node_26/01_p0.1/01_graph_n26_p0.1_idx1.gpickle,26,0.1,1,5,14,49,"[6, 21, 15, 10, 12, 11, 25, 2, 0, 20, 24, 23, 13, 16, 1, 4, 9, 17, 19, 5, 3, 14, 18, 22, 8, 7]",10.6233971
./random_graph_db/graph_db_node_26/01_p0.1/01_graph_n26_p0.1_idx10.gpickle,26,0.1,10,4,9,41,"[23, 17, 24, 21, 14, 18, 22, 15, 10, 7, 13, 0, 1, 4, 12, 9, 2, 25, 5, 3, 16, 8, 19, 20, 11, 6]",10.0817351
./random_graph_db/graph_db_node_26/01_p0.1/01_graph_n26_p0.1_idx2.gpickle,26,0.1,2,3,8,48,"[3, 6, 2, 25, 18, 0, 20, 7, 11, 10, 9, 8, 24, 16, 19, 12, 15, 5, 22, 23, 14, 13, 1, 17, 4, 21]",10.1478372
./random_graph_db/graph_db_node_26/01_p0.1/01_graph_n26_p0.1_idx3.gpickle,26,0.1,3,4,13,56,"[15, 16, 10, 20, 7, 17, 12, 13, 1, 18, 19, 21, 0, 8, 9, 14, 11, 4, 5, 24, 25, 23, 3, 2, 6, 22]",10.353565
./random_graph_db/graph_db_node_26/01_p0.1/01_graph_n26_p0.1_idx4.gpickle,26,0.1,4,5,17,69,"[23, 21, 18, 8, 24, 15, 2, 1, 13, 11, 14, 10, 16, 6, 20, 3, 5, 12, 19, 17, 7, 22, 4, 9, 0, 25]",10.4875181
./random_graph_db/graph_db_node_26/01_p0.1/01_graph_n26_p0.1_idx5.gpickle,26,0.1,5,4,12,51,"[3, 0, 19, 18, 14, 4, 5, 1, 8, 13, 9, 25, 17, 6, 11, 20, 21, 12, 7, 24, 16, 10, 2, 15, 23, 22]",10.2650352
./random_graph_db/graph_db_node_26/01_p0.1/01_graph_n26_p0.1_idx6.gpickle,26,0.1,6,5,22,73,"[3, 7, 21, 5, 4, 6, 19, 10, 0, 17, 8, 12, 18, 13, 23, 16, 1, 22, 9, 24, 25, 14, 2, 11, 20, 15]",11.1411374
./random_graph_db/graph_db_node_26/01_p0.1/01_graph_n26_p0.1_idx7.gpickle,26,0.1,7,5,12,47,"[14, 8, 3, 19, 1, 5, 16, 21, 23, 24, 2, 13, 0, 20, 17, 12, 10, 11, 25, 15, 7, 18, 9, 22, 4, 6]",10.3007429
./random_graph_db/graph_db_node_26/01_p0.1/01_graph_n26_p0.1_idx8.gpickle,26,0.1,8,5,16,57,"[19, 5, 22, 20, 17, 8, 16, 24, 10, 21, 1, 25, 2, 12, 3, 7, 15, 11, 23, 18, 14, 13, 6, 4, 0, 9]",10.6981711
./random_graph_db/graph_db_node_26/01_p0.1/01_graph_n26_p0.1_idx9.gpickle,26,0.1,9,5,25,83,"[18, 3, 21, 7, 13, 11, 16, 5, 25, 22, 8, 0, 1, 15, 19, 10, 14, 17, 24, 6, 20, 2, 23, 4, 12, 9]",10.5884001
./random_graph_db/graph_db_node_26/02_p0.2/02_graph_n26_p0.2_idx1.gpickle,26,0.2,1,7,65,179,"[23, 0, 12, 16, 4, 17, 7, 10, 3, 14, 15, 13, 11, 6, 19, 2, 25, 21, 1, 5, 20, 18, 22, 8, 24, 9]",11.6833851
./random_graph_db/graph_db_node_26/02_p0.2/02_graph_n26_p0.2_idx10.gpickle,26,0.2,10,9,84,215,"[4, 2, 16, 22, 17, 23, 10, 19, 5, 3, 6, 11, 18, 12, 20, 0, 1, 8, 7, 21, 13, 9, 25, 24, 14, 15]",12.2025139
./random_graph_db/graph_db_node_26/02_p0.2/02_graph_n26_p0.2_idx2.gpickle,26,0.2,2,8,59,160,"[15, 24, 16, 21, 17, 4, 3, 14, 1, 11, 13, 20, 2, 23, 6, 25, 7, 10, 19, 18, 5, 0, 12, 9, 22, 8]",12.9530308
./random_graph_db/graph_db_node_26/02_p0.2/02_graph_n26_p0.2_idx3.gpickle,26,0.2,3,7,54,151,"[7, 8, 21, 9, 17, 2, 12, 20, 4, 19, 22, 24, 14, 10, 3, 6, 23, 25, 5, 1, 11, 15, 13, 16, 18, 0]",12.991214
./random_graph_db/graph_db_node_26/02_p0.2/02_graph_n26_p0.2_idx4.gpickle,26,0.2,4,7,59,154,"[22, 9, 1, 16, 8, 13, 11, 15, 20, 21, 10, 6, 0, 19, 18, 25, 14, 23, 2, 7, 3, 24, 4, 12, 5, 17]",12.6334541
./random_graph_db/graph_db_node_26/02_p0.2/02_graph_n26_p0.2_idx5.gpickle,26,0.2,5,7,38,105,"[15, 24, 2, 25, 4, 14, 16, 19, 21, 13, 20, 23, 18, 12, 1, 5, 22, 8, 9, 17, 11, 6, 7, 3, 0, 10]",12.4424729
./random_graph_db/graph_db_node_26/02_p0.2/02_graph_n26_p0.2_idx6.gpickle,26,0.2,6,8,75,181,"[0, 2, 25, 24, 11, 13, 7, 8, 4, 20, 5, 6, 21, 15, 16, 10, 19, 18, 3, 17, 1, 14, 12, 22, 23, 9]",12.7195299
./random_graph_db/graph_db_node_26/02_p0.2/02_graph_n26_p0.2_idx7.gpickle,26,0.2,7,7,49,141,"[23, 9, 8, 14, 13, 2, 3, 6, 0, 10, 17, 20, 4, 18, 25, 12, 1, 11, 5, 22, 16, 7, 24, 15, 21, 19]",12.104877
./random_graph_db/graph_db_node_26/02_p0.2/02_graph_n26_p0.2_idx8.gpickle,26,0.2,8,6,45,128,"[1, 19, 14, 10, 12, 9, 0, 18, 15, 5, 21, 20, 22, 13, 23, 6, 4, 11, 7, 3, 17, 16, 24, 2, 8, 25]",11.6614473
./random_graph_db/graph_db_node_26/02_p0.2/02_graph_n26_p0.2_idx9.gpickle,26,0.2,9,8,63,164,"[11, 6, 1, 13, 23, 3, 20, 4, 0, 5, 10, 25, 19, 21, 17, 12, 9, 18, 22, 2, 15, 16, 14, 8, 24, 7]",12.2773383
./random_graph_db/graph_db_node_26/03_p0.3/03_graph_n26_p0.3_idx1.gpickle,26,0.3,1,9,89,230,"[16, 13, 4, 0, 5, 15, 7, 9, 17, 8, 12, 6, 19, 1, 21, 23, 10, 18, 20, 14, 3, 11, 2, 25, 22, 24]",12.653769
./random_graph_db/graph_db_node_26/03_p0.3/03_graph_n26_p0.3_idx10.gpickle,26,0.3,10,9,94,232,"[25, 21, 3, 13, 8, 16, 15, 2, 17, 11, 20, 9, 19, 0, 12, 14, 22, 5, 18, 1, 7, 23, 6, 4, 10, 24]",13.0893919
./random_graph_db/graph_db_node_26/03_p0.3/03_graph_n26_p0.3_idx2.gpickle,26,0.3,2,9,85,207,"[25, 3, 15, 1, 23, 7, 20, 0, 17, 22, 14, 24, 4, 19, 11, 6, 10, 9, 21, 13, 8, 5, 16, 18, 12, 2]",12.6667578
./random_graph_db/graph_db_node_26/03_p0.3/03_graph_n26_p0.3_idx3.gpickle,26,0.3,3,9,106,268,"[9, 13, 17, 3, 12, 6, 1, 23, 8, 7, 22, 20, 24, 4, 0, 14, 5, 15, 10, 25, 21, 18, 19, 11, 16, 2]",13.2723041
./random_graph_db/graph_db_node_26/03_p0.3/03_graph_n26_p0.3_idx4.gpickle,26,0.3,4,9,86,225,"[21, 12, 23, 9, 24, 2, 10, 25, 5, 22, 11, 4, 6, 16, 17, 14, 15, 18, 0, 7, 8, 20, 1, 3, 19, 13]",12.7335038
./random_graph_db/graph_db_node_26/03_p0.3/03_graph_n26_p0.3_idx5.gpickle,26,0.3,5,9,81,196,"[21, 8, 0, 23, 3, 10, 25, 15, 2, 17, 22, 5, 20, 4, 19, 11, 24, 18, 12, 1, 9, 7, 16, 13, 6, 14]",12.946202
./random_graph_db/graph_db_node_26/03_p0.3/03_graph_n26_p0.3_idx6.gpickle,26,0.3,6,9,81,193,"[3, 0, 5, 21, 23, 22, 8, 4, 13, 9, 1, 16, 6, 24, 19, 14, 17, 25, 11, 15, 12, 2, 18, 7, 10, 20]",12.6095397
./random_graph_db/graph_db_node_26/03_p0.3/03_graph_n26_p0.3_idx7.gpickle,26,0.3,7,10,105,245,"[1, 17, 16, 9, 4, 10, 19, 15, 24, 14, 21, 13, 5, 22, 8, 20, 6, 0, 7, 3, 23, 11, 12, 25, 2, 18]",12.85571
./random_graph_db/graph_db_node_26/03_p0.3/03_graph_n26_p0.3_idx8.gpickle,26,0.3,8,9,83,218,"[24, 14, 6, 20, 8, 9, 1, 11, 0, 25, 13, 3, 23, 17, 10, 12, 2, 4, 5, 7, 21, 18, 15, 22, 19, 16]",12.4979839
./random_graph_db/graph_db_node_26/03_p0.3/03_graph_n26_p0.3_idx9.gpickle,26,0.3,9,10,119,299,"[13, 8, 11, 7, 25, 20, 22, 1, 16, 4, 9, 6, 14, 5, 0, 19, 24, 21, 23, 18, 17, 15, 2, 3, 10, 12]",11.6662571
./random_graph_db/graph_db_node_26/04_p0.4/04_graph_n26_p0.4_idx1.gpickle,26,0.4,1,10,119,293,"[24, 8, 3, 18, 5, 7, 25, 10, 15, 2, 17, 20, 14, 4, 19, 13, 6, 12, 1, 11, 21, 23, 9, 16, 0, 22]",11.649188
./random_graph_db/graph_db_node_26/04_p0.4/04_graph_n26_p0.4_idx10.gpickle,26,0.4,10,10,102,253,"[14, 17, 13, 19, 4, 8, 2, 11, 16, 9, 1, 0, 18, 12, 5, 15, 24, 23, 25, 22, 6, 3, 7, 21, 20, 10]",10.8980081
./random_graph_db/graph_db_node_26/04_p0.4/04_graph_n26_p0.4_idx2.gpickle,26,0.4,2,10,117,282,"[22, 1, 10, 2, 23, 18, 3, 14, 8, 20, 16, 5, 19, 0, 21, 7, 11, 25, 13, 6, 17, 12, 24, 9, 15, 4]",11.0554872
./random_graph_db/graph_db_node_26/04_p0.4/04_graph_n26_p0.4_idx3.gpickle,26,0.4,3,10,109,264,"[17, 19, 16, 11, 10, 1, 20, 3, 0, 25, 21, 15, 12, 13, 7, 9, 2, 8, 24, 4, 22, 5, 18, 14, 23, 6]",10.6984069
./random_graph_db/graph_db_node_26/04_p0.4/04_graph_n26_p0.4_idx4.gpickle,26,0.4,4,10,120,298,"[19, 13, 20, 9, 24, 7, 8, 15, 6, 2, 16, 1, 25, 10, 18, 23, 12, 0, 5, 3, 17, 14, 11, 4, 21, 22]",11.3283358
./random_graph_db/graph_db_node_26/04_p0.4/04_graph_n26_p0.4_idx5.gpickle,26,0.4,5,10,111,268,"[23, 15, 13, 17, 21, 24, 1, 3, 16, 8, 18, 11, 19, 4, 7, 6, 5, 22, 14, 20, 25, 10, 9, 12, 2, 0]",10.9983819
./random_graph_db/graph_db_node_26/04_p0.4/04_graph_n26_p0.4_idx6.gpickle,26,0.4,6,10,104,262,"[21, 9, 10, 16, 22, 3, 24, 4, 18, 2, 5, 14, 1, 11, 23, 8, 12, 15, 17, 25, 19, 13, 6, 0, 20, 7]",11.0900552
./random_graph_db/graph_db_node_26/04_p0.4/04_graph_n26_p0.4_idx7.gpickle,26,0.4,7,10,130,319,"[21, 24, 17, 23, 20, 1, 18, 14, 6, 9, 16, 2, 3, 7, 15, 10, 22, 4, 8, 25, 13, 19, 0, 12, 11, 5]",10.9723639
./random_graph_db/graph_db_node_26/04_p0.4/04_graph_n26_p0.4_idx8.gpickle,26,0.4,8,10,110,262,"[18, 19, 25, 9, 3, 4, 14, 20, 17, 24, 5, 6, 15, 16, 21, 13, 11, 2, 8, 10, 7, 0, 12, 22, 23, 1]",11.0146701
./random_graph_db/graph_db_node_26/04_p0.4/04_graph_n26_p0.4_idx9.gpickle,26,0.4,9,10,116,277,"[25, 24, 0, 23, 18, 7, 19, 1, 14, 13, 10, 9, 17, 16, 3, 8, 20, 12, 21, 15, 2, 22, 4, 5, 11, 6]",10.8033309
./random_graph_db/graph_db_node_26/05_p0.45/05_graph_n26_p0.45_idx1.gpickle,26,0.45,1,10,125,306,"[17, 13, 19, 10, 22, 14, 4, 18, 23, 8, 0, 12, 25, 15, 11, 1, 24, 6, 5, 20, 3, 7, 9, 2, 21, 16]",11.0922871
./random_graph_db/graph_db_node_26/05_p0.45/05_graph_n26_p0.45_idx10.gpickle,26,0.45,10,10,109,274,"[6, 1, 25, 11, 7, 2, 16, 5, 4, 12, 18, 15, 24, 23, 3, 19, 22, 13, 17, 14, 9, 10, 0, 20, 21, 8]",11.148385
./random_graph_db/graph_db_node_26/05_p0.45/05_graph_n26_p0.45_idx2.gpickle,26,0.45,2,10,123,302,"[14, 0, 5, 17, 10, 25, 11, 13, 7, 6, 4, 19, 22, 12, 20, 24, 2, 18, 15, 8, 23, 3, 9, 16, 1, 21]",11.0414798
./random_graph_db/graph_db_node_26/05_p0.45/05_graph_n26_p0.45_idx3.gpickle,26,0.45,3,9,108,273,"[13, 8, 5, 19, 2, 23, 3, 25, 10, 17, 7, 11, 4, 20, 18, 12, 24, 0, 14, 16, 15, 6, 1, 21, 22, 9]",10.7649739
./random_graph_db/graph_db_node_26/05_p0.45/05_graph_n26_p0.45_idx4.gpickle,26,0.45,4,10,115,260,"[21, 20, 9, 24, 3, 5, 10, 23, 13, 8, 12, 1, 0, 17, 2, 19, 7, 22, 15, 25, 6, 14, 16, 11, 4, 18]",11.3397813
./random_graph_db/graph_db_node_26/05_p0.45/05_graph_n26_p0.45_idx5.gpickle,26,0.45,5,10,117,282,"[1, 8, 22, 4, 19, 16, 14, 3, 13, 9, 18, 12, 11, 10, 23, 15, 7, 17, 0, 5, 2, 21, 20, 24, 6, 25]",11.0465629
./random_graph_db/graph_db_node_26/05_p0.45/05_graph_n26_p0.45_idx6.gpickle,26,0.45,6,10,116,293,"[25, 23, 13, 20, 12, 24, 2, 4, 8, 3, 7, 22, 11, 18, 17, 14, 10, 1, 19, 21, 6, 16, 15, 9, 0, 5]",11.1345952
./random_graph_db/graph_db_node_26/05_p0.45/05_graph_n26_p0.45_idx7.gpickle,26,0.45,7,10,132,315,"[10, 9, 21, 11, 20, 13, 7, 1, 22, 0, 16, 15, 14, 18, 19, 2, 8, 17, 5, 12, 24, 25, 4, 23, 6, 3]",11.2441421
./random_graph_db/graph_db_node_26/05_p0.45/05_graph_n26_p0.45_idx8.gpickle,26,0.45,8,9,113,273,"[4, 3, 0, 22, 21, 19, 7, 23, 6, 18, 5, 2, 16, 13, 12, 8, 1, 20, 11, 17, 14, 24, 10, 9, 15, 25]",11.0887182
./random_graph_db/graph_db_node_26/05_p0.45/05_graph_n26_p0.45_idx9.gpickle,26,0.45,9,10,115,279,"[25, 18, 14, 7, 6, 23, 5, 1, 9, 21, 20, 24, 19, 16, 12, 15, 11, 13, 8, 4, 2, 10, 3, 17, 0, 22]",11.1321301
./random_graph_db/graph_db_node_26/06_p0.5/06_graph_n26_p0.5_idx1.gpickle,26,0.5,1,9,102,261,"[7, 23, 10, 9, 5, 25, 12, 18, 11, 21, 24, 6, 16, 2, 1, 20, 13, 17, 14, 15, 0, 8, 3, 19, 22, 4]",10.790581
./random_graph_db/graph_db_node_26/06_p0.5/06_graph_n26_p0.5_idx10.gpickle,26,0.5,10,9,105,282,"[2, 12, 5, 21, 13, 15, 20, 7, 1, 19, 6, 3, 8, 4, 9, 25, 10, 17, 11, 24, 0, 14, 23, 18, 16, 22]",10.8706334
./random_graph_db/graph_db_node_26/06_p0.5/06_graph_n26_p0.5_idx2.gpickle,26,0.5,2,10,115,314,"[17, 14, 0, 4, 20, 18, 24, 13, 7, 21, 5, 23, 12, 19, 16, 1, 6, 25, 10, 22, 9, 3, 8, 11, 15, 2]",11.017323
./random_graph_db/graph_db_node_26/06_p0.5/06_graph_n26_p0.5_idx3.gpickle,26,0.5,3,10,122,291,"[14, 0, 19, 18, 2, 20, 12, 15, 16, 24, 3, 23, 17, 1, 5, 25, 10, 22, 13, 8, 7, 4, 21, 9, 6, 11]",11.2827499
./random_graph_db/graph_db_node_26/06_p0.5/06_graph_n26_p0.5_idx4.gpickle,26,0.5,4,10,114,274,"[6, 8, 21, 15, 25, 16, 19, 3, 13, 5, 9, 22, 2, 14, 11, 17, 0, 24, 1, 7, 20, 23, 10, 4, 18, 12]",10.97507
./random_graph_db/graph_db_node_26/06_p0.5/06_graph_n26_p0.5_idx5.gpickle,26,0.5,5,9,102,262,"[23, 7, 18, 10, 13, 5, 11, 9, 4, 6, 2, 24, 14, 12, 15, 20, 1, 8, 21, 0, 17, 16, 19, 22, 3, 25]",11.0813441
./random_graph_db/graph_db_node_26/06_p0.5/06_graph_n26_p0.5_idx6.gpickle,26,0.5,6,10,130,324,"[17, 10, 25, 6, 24, 14, 4, 13, 21, 2, 7, 18, 16, 5, 1, 23, 11, 9, 15, 22, 3, 12, 0, 8, 19, 20]",10.9710248
./random_graph_db/graph_db_node_26/06_p0.5/06_graph_n26_p0.5_idx7.gpickle,26,0.5,7,10,122,309,"[7, 18, 22, 4, 25, 16, 9, 13, 0, 11, 8, 24, 17, 1, 14, 6, 21, 5, 10, 3, 19, 23, 20, 12, 2, 15]",11.3915691
./random_graph_db/graph_db_node_26/06_p0.5/06_graph_n26_p0.5_idx8.gpickle,26,0.5,8,10,102,263,"[12, 18, 11, 7, 20, 25, 4, 10, 13, 9, 2, 3, 5, 24, 8, 21, 6, 16, 14, 17, 22, 1, 0, 19, 23, 15]",10.8094311
./random_graph_db/graph_db_node_26/06_p0.5/06_graph_n26_p0.5_idx9.gpickle,26,0.5,9,10,118,290,"[4, 11, 19, 3, 21, 25, 5, 12, 1, 14, 9, 20, 6, 15, 8, 17, 22, 7, 0, 18, 10, 2, 23, 24, 16, 13]",11.0505164
./random_graph_db/graph_db_node_26/07_p0.55/07_graph_n26_p0.55_idx1.gpickle,26,0.55,1,10,139,316,"[12, 3, 1, 13, 10, 0, 15, 20, 19, 18, 5, 23, 16, 2, 17, 24, 21, 22, 25, 8, 11, 14, 4, 7, 6, 9]",11.3571651
./random_graph_db/graph_db_node_26/07_p0.55/07_graph_n26_p0.55_idx10.gpickle,26,0.55,10,10,119,289,"[3, 8, 10, 22, 5, 18, 17, 1, 16, 2, 13, 11, 21, 9, 19, 24, 4, 0, 14, 23, 20, 12, 6, 7, 15, 25]",10.9557989
./random_graph_db/graph_db_node_26/07_p0.55/07_graph_n26_p0.55_idx2.gpickle,26,0.55,2,10,112,272,"[17, 5, 0, 11, 8, 24, 7, 13, 15, 4, 22, 10, 6, 20, 16, 23, 12, 18, 25, 19, 21, 3, 2, 14, 1, 9]",11.2921588
./random_graph_db/graph_db_node_26/07_p0.55/07_graph_n26_p0.55_idx3.gpickle,26,0.55,3,9,122,295,"[10, 0, 2, 23, 3, 24, 16, 6, 14, 1, 13, 19, 18, 22, 21, 17, 7, 4, 12, 15, 20, 8, 5, 11, 9, 25]",11.1827869
./random_graph_db/graph_db_node_26/07_p0.55/07_graph_n26_p0.55_idx4.gpickle,26,0.55,4,10,115,270,"[8, 13, 6, 10, 20, 11, 7, 19, 24, 0, 18, 16, 15, 14, 9, 25, 2, 4, 22, 17, 3, 23, 1, 12, 5, 21]",10.9776099
./random_graph_db/graph_db_node_26/07_p0.55/07_graph_n26_p0.55_idx5.gpickle,26,0.55,5,10,124,290,"[19, 11, 8, 10, 20, 18, 4, 3, 6, 0, 22, 9, 23, 12, 24, 1, 16, 7, 5, 17, 14, 21, 15, 13, 25, 2]",11.3158362
./random_graph_db/graph_db_node_26/07_p0.55/07_graph_n26_p0.55_idx6.gpickle,26,0.55,6,10,101,248,"[7, 5, 15, 4, 1, 12, 22, 2, 23, 14, 3, 0, 24, 21, 6, 18, 16, 10, 13, 25, 17, 11, 9, 19, 8, 20]",10.88151
./random_graph_db/graph_db_node_26/07_p0.55/07_graph_n26_p0.55_idx7.gpickle,26,0.55,7,9,95,257,"[18, 0, 8, 7, 19, 11, 3, 5, 9, 17, 25, 14, 10, 15, 20, 1, 23, 22, 21, 6, 13, 12, 4, 2, 24, 16]",10.8496788
./random_graph_db/graph_db_node_26/07_p0.55/07_graph_n26_p0.55_idx8.gpickle,26,0.55,8,10,121,288,"[0, 8, 5, 11, 4, 1, 14, 16, 12, 24, 23, 20, 18, 22, 17, 25, 2, 10, 7, 21, 3, 13, 15, 6, 9, 19]",11.2524269
./random_graph_db/graph_db_node_26/07_p0.55/07_graph_n26_p0.55_idx9.gpickle,26,0.55,9,10,104,262,"[8, 11, 25, 0, 13, 23, 9, 3, 4, 1, 2, 22, 18, 16, 19, 12, 14, 10, 21, 15, 20, 6, 24, 17, 5, 7]",10.9160509
./random_graph_db/graph_db_node_26/08_p0.6/08_graph_n26_p0.6_idx1.gpickle,26,0.6,1,10,114,282,"[3, 0, 6, 16, 5, 19, 15, 8, 23, 13, 4, 25, 2, 12, 18, 10, 22, 24, 14, 11, 7, 1, 9, 17, 20, 21]",11.0994303
./random_graph_db/graph_db_node_26/08_p0.6/08_graph_n26_p0.6_idx10.gpickle,26,0.6,10,10,103,269,"[2, 22, 9, 23, 19, 20, 16, 18, 25, 12, 11, 15, 13, 1, 14, 0, 17, 7, 24, 21, 5, 6, 8, 10, 3, 4]",10.8955033
./random_graph_db/graph_db_node_26/08_p0.6/08_graph_n26_p0.6_idx2.gpickle,26,0.6,2,10,121,287,"[1, 16, 8, 7, 3, 2, 14, 24, 19, 23, 4, 22, 0, 11, 18, 6, 21, 13, 5, 12, 10, 15, 25, 20, 9, 17]",11.1403918
./random_graph_db/graph_db_node_26/08_p0.6/08_graph_n26_p0.6_idx3.gpickle,26,0.6,3,10,122,294,"[19, 16, 15, 21, 14, 7, 22, 9, 25, 13, 11, 1, 18, 10, 24, 8, 2, 5, 20, 0, 12, 23, 17, 6, 3, 4]",11.1226001
./random_graph_db/graph_db_node_26/08_p0.6/08_graph_n26_p0.6_idx4.gpickle,26,0.6,4,10,120,288,"[7, 10, 0, 12, 23, 1, 17, 15, 9, 11, 8, 6, 25, 14, 13, 4, 5, 19, 16, 18, 20, 21, 2, 22, 3, 24]",11.1829929
./random_graph_db/graph_db_node_26/08_p0.6/08_graph_n26_p0.6_idx5.gpickle,26,0.6,5,10,116,281,"[1, 13, 20, 7, 24, 21, 17, 23, 25, 0, 3, 14, 19, 9, 15, 16, 18, 11, 2, 4, 10, 5, 8, 22, 12, 6]",10.8424149
./random_graph_db/graph_db_node_26/08_p0.6/08_graph_n26_p0.6_idx6.gpickle,26,0.6,6,10,120,289,"[21, 20, 12, 14, 0, 11, 18, 5, 22, 16, 6, 10, 13, 15, 7, 2, 19, 25, 1, 17, 24, 4, 9, 3, 23, 8]",14.0347741
./random_graph_db/graph_db_node_26/08_p0.6/08_graph_n26_p0.6_idx7.gpickle,26,0.6,7,10,104,257,"[6, 9, 10, 1, 14, 5, 20, 4, 22, 12, 17, 7, 0, 2, 13, 18, 11, 16, 25, 23, 15, 8, 21, 3, 19, 24]",11.2635381
./random_graph_db/graph_db_node_26/08_p0.6/08_graph_n26_p0.6_idx8.gpickle,26,0.6,8,10,124,312,"[7, 25, 20, 6, 24, 23, 1, 14, 22, 0, 4, 21, 13, 18, 2, 15, 9, 8, 12, 5, 16, 3, 10, 19, 17, 11]",11.4101419
./random_graph_db/graph_db_node_26/08_p0.6/08_graph_n26_p0.6_idx9.gpickle,26,0.6,9,10,108,280,"[16, 11, 12, 8, 20, 13, 15, 9, 0, 2, 6, 14, 4, 19, 5, 24, 23, 7, 18, 10, 3, 21, 1, 25, 22, 17]",11.3386421
./random_graph_db/graph_db_node_26/09_p0.65/09_graph_n26_p0.65_idx1.gpickle,26,0.65,1,9,83,232,"[5, 14, 7, 8, 1, 2, 10, 6, 20, 19, 13, 11, 4, 3, 24, 0, 16, 9, 18, 12, 23, 25, 15, 17, 22, 21]",10.6442873
./random_graph_db/graph_db_node_26/09_p0.65/09_graph_n26_p0.65_idx10.gpickle,26,0.65,10,10,114,267,"[14, 18, 11, 1, 19, 12, 8, 0, 7, 9, 17, 13, 25, 22, 24, 21, 3, 4, 10, 2, 16, 15, 5, 23, 6, 20]",11.490561
./random_graph_db/graph_db_node_26/09_p0.65/09_graph_n26_p0.65_idx2.gpickle,26,0.65,2,10,118,280,"[19, 5, 1, 17, 8, 13, 0, 4, 3, 24, 12, 23, 11, 6, 20, 22, 9, 14, 18, 10, 25, 21, 16, 15, 2, 7]",11.2313168
./random_graph_db/graph_db_node_26/09_p0.65/09_graph_n26_p0.65_idx3.gpickle,26,0.65,3,10,127,278,"[6, 23, 4, 5, 17, 25, 22, 20, 15, 1, 12, 11, 2, 3, 7, 21, 8, 10, 0, 19, 13, 16, 18, 24, 9, 14]",11.146894
./random_graph_db/graph_db_node_26/09_p0.65/09_graph_n26_p0.65_idx4.gpickle,26,0.65,4,10,112,273,"[22, 2, 24, 15, 12, 10, 23, 1, 9, 0, 16, 3, 21, 6, 20, 13, 18, 14, 7, 5, 11, 17, 19, 8, 25, 4]",11.128377
./random_graph_db/graph_db_node_26/09_p0.65/09_graph_n26_p0.65_idx5.gpickle,26,0.65,5,10,124,304,"[22, 23, 0, 8, 25, 13, 17, 1, 10, 3, 7, 2, 4, 11, 24, 14, 21, 12, 18, 6, 19, 16, 9, 20, 5, 15]",11.1363261
./random_graph_db/graph_db_node_26/09_p0.65/09_graph_n26_p0.65_idx6.gpickle,26,0.65,6,9,100,254,"[8, 1, 5, 13, 14, 17, 6, 0, 11, 24, 18, 7, 19, 2, 16, 4, 9, 20, 12, 3, 22, 25, 15, 21, 23, 10]",10.9397812
./random_graph_db/graph_db_node_26/09_p0.65/09_graph_n26_p0.65_idx7.gpickle,26,0.65,7,10,111,278,"[25, 15, 12, 14, 10, 3, 1, 20, 24, 4, 23, 18, 2, 16, 9, 22, 13, 6, 21, 7, 0, 5, 19, 8, 17, 11]",10.8448451
./random_graph_db/graph_db_node_26/09_p0.65/09_graph_n26_p0.65_idx8.gpickle,26,0.65,8,10,106,276,"[22, 24, 18, 25, 8, 20, 12, 15, 0, 9, 2, 21, 1, 16, 5, 23, 17, 19, 10, 7, 3, 13, 6, 4, 11, 14]",10.7428412
./random_graph_db/graph_db_node_26/09_p0.65/09_graph_n26_p0.65_idx9.gpickle,26,0.65,9,10,121,298,"[2, 13, 3, 11, 17, 8, 18, 1, 4, 20, 6, 10, 25, 14, 12, 15, 5, 22, 7, 24, 23, 9, 19, 16, 21, 0]",11.029768
./random_graph_db/graph_db_node_26/10_p0.7/10_graph_n26_p0.7_idx1.gpickle,26,0.7,1,9,96,237,"[14, 25, 12, 23, 24, 3, 15, 13, 17, 16, 7, 10, 8, 4, 18, 0, 2, 19, 20, 9, 21, 22, 11, 1, 6, 5]",10.8550971
./random_graph_db/graph_db_node_26/10_p0.7/10_graph_n26_p0.7_idx10.gpickle,26,0.7,10,10,117,295,"[1, 15, 9, 4, 11, 2, 18, 13, 25, 5, 16, 7, 21, 17, 14, 24, 12, 22, 23, 8, 0, 10, 3, 6, 20, 19]",11.1696718
./random_graph_db/graph_db_node_26/10_p0.7/10_graph_n26_p0.7_idx2.gpickle,26,0.7,2,9,96,264,"[9, 25, 10, 23, 5, 11, 24, 17, 12, 21, 14, 4, 20, 0, 8, 18, 1, 22, 6, 15, 19, 16, 3, 13, 2, 7]",10.9208751
./random_graph_db/graph_db_node_26/10_p0.7/10_graph_n26_p0.7_idx3.gpickle,26,0.7,3,10,103,239,"[0, 12, 9, 3, 10, 14, 8, 17, 13, 18, 6, 25, 1, 24, 15, 23, 20, 21, 5, 2, 19, 4, 16, 22, 11, 7]",10.7435048
./random_graph_db/graph_db_node_26/10_p0.7/10_graph_n26_p0.7_idx4.gpickle,26,0.7,4,10,101,256,"[10, 13, 11, 17, 18, 16, 9, 8, 19, 23, 4, 14, 25, 20, 3, 1, 24, 6, 5, 22, 12, 7, 15, 0, 21, 2]",11.1235709
./random_graph_db/graph_db_node_26/10_p0.7/10_graph_n26_p0.7_idx5.gpickle,26,0.7,5,9,97,275,"[9, 14, 19, 22, 25, 18, 6, 11, 21, 0, 12, 8, 7, 15, 4, 10, 23, 2, 5, 24, 1, 3, 17, 20, 13, 16]",11.008739
./random_graph_db/graph_db_node_26/10_p0.7/10_graph_n26_p0.7_idx6.gpickle,26,0.7,6,9,89,226,"[0, 11, 18, 25, 17, 20, 12, 10, 24, 13, 6, 7, 2, 1, 22, 23, 9, 8, 21, 14, 15, 5, 16, 4, 3, 19]",10.5784059
./random_graph_db/graph_db_node_26/10_p0.7/10_graph_n26_p0.7_idx7.gpickle,26,0.7,7,10,125,305,"[14, 20, 8, 4, 9, 10, 23, 13, 1, 19, 18, 22, 6, 7, 3, 0, 5, 24, 16, 11, 17, 15, 2, 25, 21, 12]",10.9469469
./random_graph_db/graph_db_node_26/10_p0.7/10_graph_n26_p0.7_idx8.gpickle,26,0.7,8,10,119,288,"[18, 25, 7, 19, 5, 20, 1, 9, 21, 24, 0, 23, 4, 3, 6, 8, 2, 11, 22, 12, 13, 16, 15, 14, 10, 17]",10.9726663
./random_graph_db/graph_db_node_26/10_p0.7/10_graph_n26_p0.7_idx9.gpickle,26,0.7,9,10,115,276,"[13, 7, 3, 1, 23, 10, 22, 9, 21, 25, 5, 4, 8, 14, 17, 18, 0, 11, 2, 16, 12, 6, 15, 20, 24, 19]",10.7736082
./random_graph_db/graph_db_node_26/11_p0.8/11_graph_n26_p0.8_idx1.gpickle,26,0.8,1,8,79,207,"[6, 22, 7, 0, 2, 21, 16, 14, 3, 5, 8, 24, 1, 19, 23, 15, 17, 11, 4, 10, 12, 20, 18, 25, 13, 9]",10.8249421
./random_graph_db/graph_db_node_26/11_p0.8/11_graph_n26_p0.8_idx10.gpickle,26,0.8,10,10,100,257,"[17, 7, 11, 19, 20, 16, 1, 25, 18, 12, 14, 6, 8, 22, 2, 3, 0, 21, 5, 24, 23, 15, 9, 4, 10, 13]",10.978327
./random_graph_db/graph_db_node_26/11_p0.8/11_graph_n26_p0.8_idx2.gpickle,26,0.8,2,8,74,180,"[11, 1, 23, 5, 25, 9, 21, 4, 22, 0, 13, 2, 17, 12, 24, 18, 14, 7, 20, 19, 10, 15, 16, 8, 3, 6]",10.3051069
./random_graph_db/graph_db_node_26/11_p0.8/11_graph_n26_p0.8_idx3.gpickle,26,0.8,3,8,95,236,"[0, 13, 15, 20, 4, 12, 25, 8, 14, 21, 5, 10, 7, 11, 1, 19, 16, 24, 6, 22, 3, 18, 2, 23, 9, 17]",10.930583
./random_graph_db/graph_db_node_26/11_p0.8/11_graph_n26_p0.8_idx4.gpickle,26,0.8,4,9,108,259,"[1, 18, 6, 14, 24, 9, 0, 7, 4, 13, 22, 21, 23, 17, 25, 12, 16, 3, 5, 11, 20, 10, 2, 15, 8, 19]",10.6736667
./random_graph_db/graph_db_node_26/11_p0.8/11_graph_n26_p0.8_idx5.gpickle,26,0.8,5,9,84,199,"[0, 18, 13, 8, 1, 12, 19, 2, 5, 20, 23, 11, 4, 21, 17, 16, 15, 10, 9, 6, 24, 7, 22, 14, 3, 25]",10.392724
./random_graph_db/graph_db_node_26/11_p0.8/11_graph_n26_p0.8_idx6.gpickle,26,0.8,6,7,55,160,"[14, 13, 17, 0, 1, 5, 7, 22, 9, 19, 6, 15, 2, 16, 10, 12, 3, 24, 4, 20, 11, 8, 21, 25, 18, 23]",10.183814
./random_graph_db/graph_db_node_26/11_p0.8/11_graph_n26_p0.8_idx7.gpickle,26,0.8,7,8,81,210,"[3, 11, 13, 7, 5, 9, 12, 2, 1, 16, 6, 23, 8, 19, 14, 20, 24, 0, 10, 4, 25, 15, 22, 17, 21, 18]",10.3027363
./random_graph_db/graph_db_node_26/11_p0.8/11_graph_n26_p0.8_idx8.gpickle,26,0.8,8,9,75,206,"[23, 10, 2, 25, 17, 5, 0, 20, 18, 14, 1, 7, 16, 6, 11, 15, 19, 24, 22, 4, 8, 3, 12, 13, 21, 9]",10.4181771
./random_graph_db/graph_db_node_26/11_p0.8/11_graph_n26_p0.8_idx9.gpickle,26,0.8,9,8,73,198,"[14, 3, 11, 20, 22, 9, 12, 7, 25, 23, 4, 18, 17, 19, 5, 15, 13, 24, 10, 16, 0, 8, 21, 6, 2, 1]",10.562505
./random_graph_db/graph_db_node_26/12_p0.9/12_graph_n26_p0.9_idx1.gpickle,26,0.9,1,5,26,77,"[6, 20, 9, 22, 11, 5, 21, 18, 0, 15, 10, 24, 3, 23, 17, 8, 14, 12, 25, 19, 1, 16, 4, 7, 13, 2]",9.373203
./random_graph_db/graph_db_node_26/12_p0.9/12_graph_n26_p0.9_idx10.gpickle,26,0.9,10,5,33,92,"[21, 22, 0, 23, 11, 16, 12, 14, 25, 15, 20, 5, 7, 19, 3, 8, 18, 2, 13, 1, 17, 9, 10, 6, 24, 4]",9.4990301
./random_graph_db/graph_db_node_26/12_p0.9/12_graph_n26_p0.9_idx2.gpickle,26,0.9,2,6,32,85,"[16, 10, 22, 13, 15, 6, 7, 14, 4, 0, 9, 17, 5, 18, 20, 23, 11, 21, 25, 24, 12, 19, 8, 1, 3, 2]",9.4304011
./random_graph_db/graph_db_node_26/12_p0.9/12_graph_n26_p0.9_idx3.gpickle,26,0.9,3,6,61,165,"[11, 0, 25, 8, 15, 10, 9, 21, 22, 3, 18, 17, 2, 12, 13, 24, 4, 20, 1, 14, 7, 23, 19, 16, 6, 5]",9.7318261
./random_graph_db/graph_db_node_26/12_p0.9/12_graph_n26_p0.9_idx4.gpickle,26,0.9,4,6,37,96,"[13, 3, 18, 4, 16, 15, 5, 11, 22, 12, 20, 19, 14, 9, 0, 7, 10, 1, 23, 6, 21, 24, 17, 2, 8, 25]",9.5216238
./random_graph_db/graph_db_node_26/12_p0.9/12_graph_n26_p0.9_idx5.gpickle,26,0.9,5,4,26,81,"[19, 20, 21, 4, 8, 6, 10, 24, 22, 25, 9, 13, 23, 15, 11, 3, 0, 12, 18, 17, 7, 1, 2, 5, 16, 14]",9.4242001
./random_graph_db/graph_db_node_26/12_p0.9/12_graph_n26_p0.9_idx6.gpickle,26,0.9,6,4,27,76,"[5, 24, 2, 1, 3, 23, 18, 8, 11, 12, 10, 20, 25, 4, 0, 7, 17, 16, 6, 9, 15, 14, 22, 13, 19, 21]",9.1813421
./random_graph_db/graph_db_node_26/12_p0.9/12_graph_n26_p0.9_idx7.gpickle,26,0.9,7,4,22,89,"[3, 21, 6, 15, 22, 5, 8, 18, 4, 9, 25, 7, 2, 17, 16, 20, 1, 11, 0, 24, 14, 10, 13, 23, 19, 12]",9.1192782
./random_graph_db/graph_db_node_26/12_p0.9/12_graph_n26_p0.9_idx8.gpickle,26,0.9,8,6,38,94,"[8, 18, 0, 24, 1, 3, 7, 5, 17, 9, 21, 19, 12, 6, 14, 15, 20, 23, 10, 22, 11, 4, 25, 2, 13, 16]",9.3008018
./random_graph_db/graph_db_node_26/12_p0.9/12_graph_n26_p0.9_idx9.gpickle,26,0.9,9,6,50,126,"[13, 15, 8, 2, 1, 17, 21, 9, 0, 10, 3, 22, 5, 16, 11, 14, 23, 19, 12, 6, 4, 24, 7, 25, 20, 18]",9.9682519
./random_graph_db/graph_db_node_27/01_p0.1/01_graph_n27_p0.1_idx1.gpickle,27,0.1,1,6,18,63,"[26, 23, 11, 18, 9, 2, 14, 3, 22, 21, 25, 16, 1, 6, 15, 10, 8, 7, 19, 4, 12, 17, 13, 5, 20, 24, 0]",9.4111009
./random_graph_db/graph_db_node_27/01_p0.1/01_graph_n27_p0.1_idx10.gpickle,27,0.1,10,6,23,69,"[21, 8, 23, 0, 1, 25, 19, 20, 22, 11, 3, 16, 5, 14, 6, 10, 13, 7, 15, 2, 17, 26, 4, 9, 12, 18, 24]",9.6679287
./random_graph_db/graph_db_node_27/01_p0.1/01_graph_n27_p0.1_idx2.gpickle,27,0.1,2,4,13,52,"[1, 0, 4, 25, 22, 21, 17, 5, 26, 16, 3, 14, 6, 8, 15, 18, 13, 24, 7, 11, 10, 23, 9, 12, 2, 20, 19]",9.299129
./random_graph_db/graph_db_node_27/01_p0.1/01_graph_n27_p0.1_idx3.gpickle,27,0.1,3,5,25,91,"[14, 24, 4, 23, 21, 1, 15, 2, 9, 17, 10, 22, 3, 19, 8, 5, 16, 0, 7, 13, 12, 6, 20, 26, 18, 25, 11]",9.403744
./random_graph_db/graph_db_node_27/01_p0.1/01_graph_n27_p0.1_idx4.gpickle,27,0.1,4,5,28,105,"[24, 5, 16, 3, 13, 21, 12, 17, 26, 22, 1, 10, 6, 18, 15, 14, 7, 23, 9, 8, 4, 11, 2, 19, 0, 25, 20]",9.599782
./random_graph_db/graph_db_node_27/01_p0.1/01_graph_n27_p0.1_idx5.gpickle,27,0.1,5,4,13,56,"[19, 17, 25, 2, 23, 5, 8, 18, 26, 0, 22, 16, 13, 6, 15, 9, 3, 7, 11, 1, 21, 4, 20, 10, 12, 24, 14]",9.3743179
./random_graph_db/graph_db_node_27/01_p0.1/01_graph_n27_p0.1_idx6.gpickle,27,0.1,6,4,25,84,"[4, 1, 10, 18, 15, 9, 0, 14, 16, 3, 6, 23, 24, 5, 7, 17, 22, 13, 8, 20, 21, 12, 19, 26, 2, 11, 25]",9.526284
./random_graph_db/graph_db_node_27/01_p0.1/01_graph_n27_p0.1_idx7.gpickle,27,0.1,7,3,11,57,"[13, 19, 6, 0, 9, 12, 22, 7, 23, 20, 2, 3, 24, 15, 1, 25, 18, 11, 5, 14, 26, 10, 16, 21, 8, 17, 4]",9.1710179
./random_graph_db/graph_db_node_27/01_p0.1/01_graph_n27_p0.1_idx8.gpickle,27,0.1,8,4,20,67,"[8, 11, 16, 13, 12, 6, 18, 22, 7, 25, 5, 10, 1, 23, 4, 20, 0, 9, 17, 2, 24, 3, 26, 14, 15, 19, 21]",9.4627907
./random_graph_db/graph_db_node_27/01_p0.1/01_graph_n27_p0.1_idx9.gpickle,27,0.1,9,6,18,59,"[11, 5, 26, 6, 18, 17, 21, 0, 16, 10, 22, 1, 20, 3, 14, 8, 23, 13, 7, 4, 9, 12, 19, 25, 15, 2, 24]",9.3174098
./random_graph_db/graph_db_node_27/02_p0.2/02_graph_n27_p0.2_idx1.gpickle,27,0.2,1,8,65,170,"[18, 22, 5, 6, 25, 1, 8, 24, 20, 17, 16, 26, 2, 10, 3, 11, 21, 9, 23, 7, 19, 13, 15, 4, 0, 14, 12]",10.5268741
./random_graph_db/graph_db_node_27/02_p0.2/02_graph_n27_p0.2_idx10.gpickle,27,0.2,10,8,68,183,"[7, 21, 14, 4, 5, 1, 12, 10, 15, 6, 3, 17, 13, 23, 19, 26, 22, 25, 24, 20, 2, 0, 16, 8, 11, 18, 9]",10.8243699
./random_graph_db/graph_db_node_27/02_p0.2/02_graph_n27_p0.2_idx2.gpickle,27,0.2,2,8,89,204,"[19, 4, 0, 21, 6, 18, 12, 7, 13, 5, 20, 14, 1, 8, 11, 23, 3, 9, 22, 15, 24, 26, 2, 17, 10, 25, 16]",10.6799631
./random_graph_db/graph_db_node_27/02_p0.2/02_graph_n27_p0.2_idx3.gpickle,27,0.2,3,9,61,164,"[11, 0, 23, 16, 21, 22, 14, 19, 15, 13, 8, 25, 1, 9, 5, 26, 18, 24, 10, 2, 7, 6, 20, 12, 17, 3, 4]",10.4559631
./random_graph_db/graph_db_node_27/02_p0.2/02_graph_n27_p0.2_idx4.gpickle,27,0.2,4,8,61,164,"[1, 2, 15, 3, 13, 16, 26, 22, 7, 25, 23, 24, 11, 21, 9, 12, 10, 5, 17, 8, 19, 20, 4, 14, 6, 18, 0]",10.4044449
./random_graph_db/graph_db_node_27/02_p0.2/02_graph_n27_p0.2_idx5.gpickle,27,0.2,5,7,57,160,"[26, 7, 4, 10, 2, 3, 0, 15, 1, 5, 25, 17, 24, 11, 19, 23, 13, 6, 9, 18, 8, 12, 20, 16, 21, 14, 22]",10.474016
./random_graph_db/graph_db_node_27/02_p0.2/02_graph_n27_p0.2_idx6.gpickle,27,0.2,6,7,49,151,"[0, 12, 6, 3, 9, 25, 11, 2, 7, 4, 23, 10, 24, 8, 14, 15, 20, 21, 17, 22, 13, 19, 26, 16, 1, 18, 5]",10.2434659
./random_graph_db/graph_db_node_27/02_p0.2/02_graph_n27_p0.2_idx7.gpickle,27,0.2,7,8,60,165,"[1, 13, 11, 20, 19, 17, 22, 24, 23, 15, 26, 4, 25, 14, 7, 16, 18, 0, 10, 21, 6, 9, 8, 3, 5, 2, 12]",10.8385003
./random_graph_db/graph_db_node_27/02_p0.2/02_graph_n27_p0.2_idx8.gpickle,27,0.2,8,6,39,124,"[7, 1, 3, 18, 4, 25, 22, 11, 12, 8, 10, 24, 0, 2, 17, 9, 15, 6, 26, 21, 5, 23, 20, 19, 16, 14, 13]",9.9437771
./random_graph_db/graph_db_node_27/02_p0.2/02_graph_n27_p0.2_idx9.gpickle,27,0.2,9,8,67,172,"[8, 4, 24, 23, 19, 9, 16, 17, 7, 14, 5, 25, 22, 10, 3, 1, 21, 15, 20, 13, 2, 18, 6, 12, 0, 11, 26]",10.4732859
./random_graph_db/graph_db_node_27/03_p0.3/03_graph_n27_p0.3_idx1.gpickle,27,0.3,1,10,107,267,"[16, 23, 2, 0, 10, 19, 12, 13, 26, 3, 8, 24, 21, 11, 1, 15, 14, 7, 25, 17, 20, 18, 5, 4, 9, 6, 22]",11.5069251
./random_graph_db/graph_db_node_27/03_p0.3/03_graph_n27_p0.3_idx10.gpickle,27,0.3,10,10,87,188,"[17, 3, 26, 16, 12, 6, 10, 11, 24, 1, 7, 22, 25, 21, 9, 14, 20, 18, 23, 15, 5, 0, 2, 4, 13, 19, 8]",11.008467
./random_graph_db/graph_db_node_27/03_p0.3/03_graph_n27_p0.3_idx2.gpickle,27,0.3,2,10,116,298,"[25, 1, 10, 19, 11, 9, 16, 18, 12, 26, 14, 7, 8, 3, 0, 24, 23, 20, 5, 21, 2, 13, 22, 15, 4, 17, 6]",11.6046169
./random_graph_db/graph_db_node_27/03_p0.3/03_graph_n27_p0.3_idx3.gpickle,27,0.3,3,9,109,285,"[11, 23, 15, 12, 16, 19, 10, 14, 6, 24, 25, 3, 2, 0, 5, 26, 1, 8, 17, 7, 18, 9, 20, 21, 4, 22, 13]",11.6184912
./random_graph_db/graph_db_node_27/03_p0.3/03_graph_n27_p0.3_idx4.gpickle,27,0.3,4,10,85,217,"[26, 10, 24, 13, 11, 25, 14, 5, 4, 19, 15, 12, 16, 2, 23, 18, 20, 9, 3, 21, 7, 0, 17, 22, 6, 8, 1]",11.0365493
./random_graph_db/graph_db_node_27/03_p0.3/03_graph_n27_p0.3_idx5.gpickle,27,0.3,5,9,107,266,"[23, 3, 20, 0, 16, 9, 15, 17, 21, 14, 2, 25, 26, 13, 7, 5, 6, 11, 1, 18, 19, 12, 24, 4, 8, 10, 22]",11.0591469
./random_graph_db/graph_db_node_27/03_p0.3/03_graph_n27_p0.3_idx6.gpickle,27,0.3,6,10,109,274,"[17, 7, 18, 6, 23, 3, 21, 9, 2, 22, 8, 26, 1, 0, 24, 5, 12, 13, 16, 11, 15, 19, 14, 4, 20, 10, 25]",11.4535909
./random_graph_db/graph_db_node_27/03_p0.3/03_graph_n27_p0.3_idx7.gpickle,27,0.3,7,10,107,266,"[8, 4, 20, 1, 10, 16, 18, 9, 17, 26, 22, 11, 13, 19, 3, 14, 5, 7, 24, 23, 15, 6, 25, 2, 21, 0, 12]",11.4863622
./random_graph_db/graph_db_node_27/03_p0.3/03_graph_n27_p0.3_idx8.gpickle,27,0.3,8,10,104,266,"[21, 5, 26, 19, 13, 1, 25, 15, 16, 20, 8, 0, 23, 14, 22, 4, 17, 9, 24, 7, 18, 10, 11, 12, 2, 3, 6]",11.331826
./random_graph_db/graph_db_node_27/03_p0.3/03_graph_n27_p0.3_idx9.gpickle,27,0.3,9,10,109,272,"[7, 21, 0, 25, 17, 11, 6, 9, 4, 26, 19, 12, 8, 22, 20, 18, 1, 3, 16, 10, 2, 23, 13, 24, 5, 14, 15]",11.28618
./random_graph_db/graph_db_node_27/04_p0.4/04_graph_n27_p0.4_idx1.gpickle,27,0.4,1,10,126,310,"[16, 15, 11, 25, 24, 1, 3, 2, 19, 26, 18, 7, 14, 0, 10, 17, 4, 20, 22, 6, 21, 5, 12, 13, 23, 9, 8]",11.746773
./random_graph_db/graph_db_node_27/04_p0.4/04_graph_n27_p0.4_idx10.gpickle,27,0.4,10,11,118,289,"[25, 6, 19, 16, 9, 7, 13, 23, 2, 24, 0, 14, 1, 11, 15, 21, 22, 8, 4, 26, 17, 12, 10, 5, 18, 20, 3]",11.6711819
./random_graph_db/graph_db_node_27/04_p0.4/04_graph_n27_p0.4_idx2.gpickle,27,0.4,2,10,118,298,"[23, 11, 6, 24, 26, 22, 25, 21, 9, 17, 15, 7, 19, 2, 10, 12, 16, 13, 1, 3, 18, 8, 20, 4, 0, 5, 14]",11.8766661
./random_graph_db/graph_db_node_27/04_p0.4/04_graph_n27_p0.4_idx3.gpickle,27,0.4,3,10,134,328,"[14, 9, 26, 23, 22, 5, 18, 19, 24, 10, 8, 4, 17, 6, 1, 12, 3, 13, 7, 25, 0, 2, 11, 15, 20, 16, 21]",11.966934
./random_graph_db/graph_db_node_27/04_p0.4/04_graph_n27_p0.4_idx4.gpickle,27,0.4,4,10,107,270,"[11, 1, 14, 5, 17, 25, 7, 15, 22, 9, 23, 13, 6, 12, 4, 19, 26, 3, 2, 20, 24, 18, 8, 21, 16, 10, 0]",11.5505238
./random_graph_db/graph_db_node_27/04_p0.4/04_graph_n27_p0.4_idx5.gpickle,27,0.4,5,10,123,301,"[25, 24, 22, 16, 11, 1, 15, 12, 21, 4, 5, 26, 8, 18, 9, 10, 14, 17, 7, 0, 2, 3, 23, 20, 19, 6, 13]",11.8965671
./random_graph_db/graph_db_node_27/04_p0.4/04_graph_n27_p0.4_idx6.gpickle,27,0.4,6,10,121,308,"[23, 18, 20, 8, 7, 11, 5, 0, 19, 26, 10, 2, 14, 21, 22, 3, 1, 12, 24, 6, 16, 17, 9, 4, 13, 25, 15]",11.5619347
./random_graph_db/graph_db_node_27/04_p0.4/04_graph_n27_p0.4_idx7.gpickle,27,0.4,7,10,118,300,"[11, 10, 24, 21, 23, 20, 2, 9, 7, 16, 4, 15, 19, 12, 3, 17, 5, 6, 18, 14, 1, 26, 25, 22, 13, 8, 0]",11.6246562
./random_graph_db/graph_db_node_27/04_p0.4/04_graph_n27_p0.4_idx8.gpickle,27,0.4,8,10,123,306,"[14, 15, 19, 0, 2, 21, 23, 17, 24, 1, 20, 7, 25, 16, 11, 26, 18, 6, 4, 10, 8, 22, 5, 3, 9, 13, 12]",11.5472403
./random_graph_db/graph_db_node_27/04_p0.4/04_graph_n27_p0.4_idx9.gpickle,27,0.4,9,10,116,298,"[6, 5, 11, 24, 26, 19, 7, 17, 15, 2, 13, 16, 25, 3, 14, 9, 22, 0, 4, 18, 1, 8, 20, 21, 10, 12, 23]",11.567621
./random_graph_db/graph_db_node_27/05_p0.45/05_graph_n27_p0.45_idx1.gpickle,27,0.45,1,10,116,295,"[15, 3, 2, 25, 13, 5, 8, 18, 7, 19, 0, 23, 17, 16, 14, 20, 12, 24, 10, 6, 21, 1, 26, 22, 9, 11, 4]",11.6686759
./random_graph_db/graph_db_node_27/05_p0.45/05_graph_n27_p0.45_idx10.gpickle,27,0.45,10,11,134,308,"[14, 7, 24, 16, 21, 19, 4, 12, 18, 5, 17, 0, 2, 1, 9, 20, 3, 26, 25, 6, 8, 22, 13, 11, 15, 10, 23]",11.9875419
./random_graph_db/graph_db_node_27/05_p0.45/05_graph_n27_p0.45_idx2.gpickle,27,0.45,2,10,132,325,"[11, 16, 14, 21, 6, 20, 19, 13, 9, 7, 4, 23, 17, 26, 2, 22, 3, 10, 0, 24, 1, 12, 5, 8, 18, 25, 15]",11.9723299
./random_graph_db/graph_db_node_27/05_p0.45/05_graph_n27_p0.45_idx3.gpickle,27,0.45,3,10,119,295,"[22, 1, 10, 2, 23, 5, 7, 11, 9, 17, 24, 18, 13, 6, 4, 12, 20, 25, 15, 3, 16, 26, 0, 21, 19, 14, 8]",11.9161282
./random_graph_db/graph_db_node_27/05_p0.45/05_graph_n27_p0.45_idx4.gpickle,27,0.45,4,10,123,315,"[9, 1, 6, 4, 13, 0, 26, 19, 11, 3, 15, 2, 16, 21, 7, 17, 8, 10, 18, 20, 23, 22, 5, 12, 25, 14, 24]",11.7378421
./random_graph_db/graph_db_node_27/05_p0.45/05_graph_n27_p0.45_idx5.gpickle,27,0.45,5,10,117,264,"[3, 20, 8, 9, 5, 11, 21, 10, 6, 1, 0, 22, 26, 24, 13, 15, 7, 18, 16, 4, 25, 2, 19, 23, 17, 12, 14]",11.61115
./random_graph_db/graph_db_node_27/05_p0.45/05_graph_n27_p0.45_idx6.gpickle,27,0.45,6,11,134,346,"[20, 19, 17, 21, 5, 22, 16, 12, 0, 4, 14, 23, 24, 18, 6, 26, 9, 25, 1, 10, 2, 8, 11, 13, 15, 7, 3]",11.9788983
./random_graph_db/graph_db_node_27/05_p0.45/05_graph_n27_p0.45_idx7.gpickle,27,0.45,7,10,111,275,"[16, 9, 21, 5, 10, 15, 20, 12, 7, 23, 17, 8, 19, 2, 25, 4, 3, 18, 24, 0, 26, 1, 6, 14, 11, 13, 22]",11.7070491
./random_graph_db/graph_db_node_27/05_p0.45/05_graph_n27_p0.45_idx8.gpickle,27,0.45,8,11,110,279,"[13, 0, 7, 1, 17, 23, 19, 25, 3, 6, 4, 8, 26, 9, 12, 21, 24, 5, 20, 11, 14, 15, 22, 18, 10, 2, 16]",11.907223
./random_graph_db/graph_db_node_27/05_p0.45/05_graph_n27_p0.45_idx9.gpickle,27,0.45,9,10,123,312,"[25, 0, 11, 10, 1, 21, 7, 26, 9, 4, 23, 19, 5, 6, 14, 22, 15, 13, 3, 18, 17, 16, 12, 8, 2, 20, 24]",11.7822583
./random_graph_db/graph_db_node_27/06_p0.5/06_graph_n27_p0.5_idx1.gpickle,27,0.5,1,11,125,287,"[18, 21, 26, 2, 19, 11, 24, 25, 16, 6, 5, 8, 9, 17, 13, 23, 1, 3, 7, 0, 20, 12, 15, 14, 4, 22, 10]",11.7834249
./random_graph_db/graph_db_node_27/06_p0.5/06_graph_n27_p0.5_idx10.gpickle,27,0.5,10,10,104,258,"[10, 20, 21, 6, 24, 11, 0, 2, 1, 17, 7, 18, 15, 25, 14, 12, 8, 4, 13, 16, 5, 9, 22, 26, 19, 23, 3]",11.9823968
./random_graph_db/graph_db_node_27/06_p0.5/06_graph_n27_p0.5_idx2.gpickle,27,0.5,2,11,119,313,"[16, 22, 21, 12, 6, 15, 11, 20, 17, 3, 26, 18, 7, 8, 19, 23, 1, 0, 10, 2, 4, 24, 5, 25, 14, 9, 13]",11.756124
./random_graph_db/graph_db_node_27/06_p0.5/06_graph_n27_p0.5_idx3.gpickle,27,0.5,3,10,121,315,"[1, 17, 8, 16, 25, 6, 3, 20, 14, 13, 15, 19, 10, 24, 5, 7, 23, 12, 21, 2, 22, 9, 18, 26, 4, 0, 11]",12.0027401
./random_graph_db/graph_db_node_27/06_p0.5/06_graph_n27_p0.5_idx4.gpickle,27,0.5,4,10,120,285,"[3, 17, 13, 23, 12, 2, 0, 4, 11, 20, 25, 21, 16, 14, 18, 8, 15, 6, 9, 26, 22, 24, 5, 1, 7, 19, 10]",11.5616162
./random_graph_db/graph_db_node_27/06_p0.5/06_graph_n27_p0.5_idx5.gpickle,27,0.5,5,10,129,341,"[12, 20, 13, 14, 0, 16, 7, 2, 24, 8, 19, 1, 26, 22, 18, 9, 4, 15, 25, 21, 5, 10, 6, 23, 3, 11, 17]",11.8330183
./random_graph_db/graph_db_node_27/06_p0.5/06_graph_n27_p0.5_idx6.gpickle,27,0.5,6,10,136,338,"[8, 3, 6, 13, 25, 16, 19, 11, 7, 2, 21, 5, 14, 0, 12, 10, 24, 26, 22, 9, 17, 15, 4, 18, 20, 23, 1]",11.8475871
./random_graph_db/graph_db_node_27/06_p0.5/06_graph_n27_p0.5_idx7.gpickle,27,0.5,7,10,114,274,"[8, 17, 12, 5, 15, 0, 16, 2, 7, 10, 11, 20, 1, 22, 18, 14, 13, 21, 4, 3, 24, 23, 19, 9, 26, 25, 6]",11.502331
./random_graph_db/graph_db_node_27/06_p0.5/06_graph_n27_p0.5_idx8.gpickle,27,0.5,8,11,137,315,"[4, 3, 25, 24, 8, 11, 14, 16, 20, 1, 15, 17, 18, 19, 0, 6, 21, 23, 26, 7, 22, 2, 13, 10, 12, 5, 9]",11.9185901
./random_graph_db/graph_db_node_27/06_p0.5/06_graph_n27_p0.5_idx9.gpickle,27,0.5,9,10,132,329,"[26, 1, 12, 15, 13, 7, 19, 4, 8, 23, 6, 16, 5, 10, 9, 3, 0, 18, 21, 22, 11, 25, 14, 20, 24, 2, 17]",11.7954428
./random_graph_db/graph_db_node_27/07_p0.55/07_graph_n27_p0.55_idx1.gpickle,27,0.55,1,11,143,335,"[21, 4, 19, 22, 24, 8, 2, 9, 17, 1, 14, 15, 18, 12, 3, 0, 10, 5, 25, 16, 20, 11, 6, 13, 7, 26, 23]",12.1184392
./random_graph_db/graph_db_node_27/07_p0.55/07_graph_n27_p0.55_idx10.gpickle,27,0.55,10,11,126,314,"[7, 12, 19, 1, 18, 22, 11, 24, 10, 17, 14, 0, 20, 9, 13, 21, 15, 26, 5, 4, 3, 2, 23, 25, 6, 16, 8]",11.9303532
./random_graph_db/graph_db_node_27/07_p0.55/07_graph_n27_p0.55_idx2.gpickle,27,0.55,2,10,123,301,"[1, 22, 15, 14, 0, 18, 23, 10, 13, 17, 4, 7, 19, 24, 12, 25, 8, 6, 11, 5, 21, 3, 20, 16, 26, 2, 9]",11.6856821
./random_graph_db/graph_db_node_27/07_p0.55/07_graph_n27_p0.55_idx3.gpickle,27,0.55,3,10,128,306,"[1, 9, 26, 0, 3, 5, 19, 25, 13, 23, 14, 21, 8, 16, 10, 4, 24, 6, 7, 12, 20, 15, 11, 2, 18, 17, 22]",12.0226369
./random_graph_db/graph_db_node_27/07_p0.55/07_graph_n27_p0.55_idx4.gpickle,27,0.55,4,10,120,316,"[2, 24, 26, 13, 14, 0, 18, 5, 16, 25, 11, 3, 23, 10, 8, 17, 4, 1, 15, 6, 21, 7, 19, 12, 22, 9, 20]",11.5570652
./random_graph_db/graph_db_node_27/07_p0.55/07_graph_n27_p0.55_idx5.gpickle,27,0.55,5,10,109,271,"[14, 13, 12, 10, 5, 2, 4, 24, 0, 25, 20, 1, 15, 3, 23, 7, 18, 19, 16, 17, 8, 26, 21, 11, 22, 6, 9]",11.6149399
./random_graph_db/graph_db_node_27/07_p0.55/07_graph_n27_p0.55_idx6.gpickle,27,0.55,6,10,121,284,"[19, 17, 26, 3, 22, 24, 18, 8, 10, 5, 16, 4, 12, 25, 15, 20, 9, 23, 0, 1, 2, 7, 21, 11, 13, 14, 6]",11.5913312
./random_graph_db/graph_db_node_27/07_p0.55/07_graph_n27_p0.55_idx7.gpickle,27,0.55,7,10,139,340,"[6, 11, 2, 0, 13, 9, 1, 21, 26, 25, 23, 15, 3, 19, 16, 14, 12, 10, 7, 22, 24, 18, 4, 17, 5, 20, 8]",11.9105191
./random_graph_db/graph_db_node_27/07_p0.55/07_graph_n27_p0.55_idx8.gpickle,27,0.55,8,10,122,296,"[13, 25, 19, 14, 7, 6, 9, 20, 23, 10, 5, 17, 11, 12, 18, 26, 3, 0, 15, 22, 8, 4, 21, 1, 2, 16, 24]",11.7281439
./random_graph_db/graph_db_node_27/07_p0.55/07_graph_n27_p0.55_idx9.gpickle,27,0.55,9,11,136,328,"[13, 8, 2, 9, 17, 15, 10, 26, 19, 7, 11, 18, 1, 24, 12, 3, 5, 23, 16, 14, 0, 20, 21, 6, 25, 4, 22]",12.0711071
./random_graph_db/graph_db_node_27/08_p0.6/08_graph_n27_p0.6_idx1.gpickle,27,0.6,1,10,120,300,"[3, 26, 6, 20, 2, 17, 4, 15, 1, 0, 24, 7, 19, 18, 14, 13, 10, 21, 11, 9, 16, 12, 25, 5, 8, 22, 23]",11.7569983
./random_graph_db/graph_db_node_27/08_p0.6/08_graph_n27_p0.6_idx10.gpickle,27,0.6,10,10,127,301,"[23, 21, 4, 20, 17, 11, 5, 15, 12, 6, 18, 8, 0, 19, 13, 14, 24, 2, 9, 1, 16, 7, 25, 3, 22, 26, 10]",11.958751
./random_graph_db/graph_db_node_27/08_p0.6/08_graph_n27_p0.6_idx2.gpickle,27,0.6,2,10,139,349,"[3, 18, 6, 9, 1, 22, 11, 13, 26, 19, 8, 15, 14, 7, 10, 0, 24, 5, 2, 21, 25, 23, 16, 20, 17, 12, 4]",11.7222559
./random_graph_db/graph_db_node_27/08_p0.6/08_graph_n27_p0.6_idx3.gpickle,27,0.6,3,10,119,286,"[3, 18, 15, 17, 6, 16, 26, 12, 21, 10, 22, 25, 13, 5, 20, 0, 2, 1, 7, 14, 4, 11, 9, 8, 24, 23, 19]",11.5884089
./random_graph_db/graph_db_node_27/08_p0.6/08_graph_n27_p0.6_idx4.gpickle,27,0.6,4,10,136,320,"[1, 8, 17, 6, 26, 24, 2, 13, 10, 23, 21, 11, 4, 0, 16, 15, 3, 9, 12, 18, 20, 25, 19, 5, 7, 22, 14]",11.9298549
./random_graph_db/graph_db_node_27/08_p0.6/08_graph_n27_p0.6_idx5.gpickle,27,0.6,5,10,134,317,"[17, 19, 14, 23, 8, 13, 22, 10, 16, 4, 9, 18, 15, 24, 2, 11, 7, 5, 0, 1, 6, 20, 12, 3, 21, 26, 25]",11.7989073
./random_graph_db/graph_db_node_27/08_p0.6/08_graph_n27_p0.6_idx6.gpickle,27,0.6,6,10,125,322,"[11, 6, 16, 26, 15, 23, 14, 12, 9, 24, 1, 5, 0, 10, 18, 20, 7, 22, 3, 19, 17, 8, 21, 2, 25, 13, 4]",11.8002851
./random_graph_db/graph_db_node_27/08_p0.6/08_graph_n27_p0.6_idx7.gpickle,27,0.6,7,10,128,325,"[17, 4, 3, 15, 1, 24, 16, 0, 23, 21, 12, 13, 26, 20, 18, 14, 25, 22, 6, 19, 7, 8, 5, 10, 11, 2, 9]",11.5510988
./random_graph_db/graph_db_node_27/08_p0.6/08_graph_n27_p0.6_idx8.gpickle,27,0.6,8,9,116,290,"[26, 2, 24, 11, 8, 19, 10, 7, 16, 6, 12, 22, 14, 21, 20, 17, 25, 4, 3, 1, 9, 15, 18, 5, 0, 23, 13]",11.7365613
./random_graph_db/graph_db_node_27/08_p0.6/08_graph_n27_p0.6_idx9.gpickle,27,0.6,9,10,131,321,"[10, 23, 24, 19, 21, 2, 4, 5, 6, 17, 1, 20, 14, 7, 16, 11, 22, 9, 18, 25, 0, 3, 8, 26, 12, 13, 15]",11.8612931
./random_graph_db/graph_db_node_27/09_p0.65/09_graph_n27_p0.65_idx1.gpickle,27,0.65,1,10,120,304,"[9, 5, 1, 17, 23, 25, 2, 21, 16, 12, 18, 24, 11, 19, 6, 3, 15, 14, 7, 13, 26, 4, 8, 10, 20, 0, 22]",11.4955091
./random_graph_db/graph_db_node_27/09_p0.65/09_graph_n27_p0.65_idx10.gpickle,27,0.65,10,10,127,299,"[11, 17, 16, 22, 5, 23, 21, 2, 13, 10, 25, 3, 20, 18, 4, 6, 19, 8, 7, 1, 9, 0, 14, 26, 24, 12, 15]",11.950762
./random_graph_db/graph_db_node_27/09_p0.65/09_graph_n27_p0.65_idx2.gpickle,27,0.65,2,10,111,278,"[20, 16, 19, 8, 13, 3, 5, 17, 23, 2, 22, 18, 14, 1, 24, 7, 9, 0, 11, 15, 6, 4, 12, 21, 25, 26, 10]",11.5173929
./random_graph_db/graph_db_node_27/09_p0.65/09_graph_n27_p0.65_idx3.gpickle,27,0.65,3,10,125,290,"[1, 13, 3, 0, 24, 7, 8, 21, 25, 23, 11, 6, 26, 20, 18, 12, 16, 9, 2, 15, 19, 4, 10, 5, 17, 14, 22]",11.6955321
./random_graph_db/graph_db_node_27/09_p0.65/09_graph_n27_p0.65_idx4.gpickle,27,0.65,4,10,117,285,"[4, 8, 2, 1, 5, 7, 19, 14, 11, 21, 9, 23, 6, 16, 26, 12, 13, 18, 25, 24, 15, 0, 17, 3, 10, 20, 22]",11.733021
./random_graph_db/graph_db_node_27/09_p0.65/09_graph_n27_p0.65_idx5.gpickle,27,0.65,5,10,118,282,"[20, 10, 2, 11, 0, 4, 17, 21, 18, 1, 6, 19, 9, 23, 3, 24, 16, 14, 7, 22, 5, 15, 26, 8, 25, 12, 13]",11.4580081
./random_graph_db/graph_db_node_27/09_p0.65/09_graph_n27_p0.65_idx6.gpickle,27,0.65,6,10,116,265,"[14, 21, 3, 1, 25, 6, 9, 12, 5, 10, 7, 24, 11, 4, 0, 22, 26, 16, 15, 20, 13, 23, 19, 8, 17, 2, 18]",11.5327387
./random_graph_db/graph_db_node_27/09_p0.65/09_graph_n27_p0.65_idx7.gpickle,27,0.65,7,11,127,293,"[15, 20, 22, 21, 7, 4, 16, 5, 14, 23, 13, 26, 10, 24, 9, 17, 1, 19, 12, 0, 11, 3, 8, 25, 18, 2, 6]",11.8134263
./random_graph_db/graph_db_node_27/09_p0.65/09_graph_n27_p0.65_idx8.gpickle,27,0.65,8,10,128,345,"[20, 5, 22, 21, 1, 4, 25, 8, 9, 10, 2, 23, 24, 18, 17, 13, 12, 15, 26, 6, 7, 14, 16, 3, 19, 0, 11]",11.689029
./random_graph_db/graph_db_node_27/09_p0.65/09_graph_n27_p0.65_idx9.gpickle,27,0.65,9,11,125,318,"[16, 11, 20, 0, 4, 8, 2, 25, 9, 12, 26, 13, 5, 1, 23, 14, 22, 10, 3, 24, 21, 18, 17, 19, 6, 15, 7]",11.7535682
./random_graph_db/graph_db_node_27/10_p0.7/10_graph_n27_p0.7_idx1.gpickle,27,0.7,1,10,113,296,"[8, 21, 23, 13, 4, 11, 7, 16, 10, 20, 1, 14, 3, 2, 12, 6, 17, 18, 24, 19, 26, 15, 9, 22, 5, 25, 0]",11.2924039
./random_graph_db/graph_db_node_27/10_p0.7/10_graph_n27_p0.7_idx10.gpickle,27,0.7,10,10,116,290,"[0, 18, 15, 20, 23, 12, 3, 8, 24, 22, 9, 4, 19, 6, 11, 1, 14, 21, 5, 16, 26, 17, 10, 7, 2, 25, 13]",11.4429779
./random_graph_db/graph_db_node_27/10_p0.7/10_graph_n27_p0.7_idx2.gpickle,27,0.7,2,10,124,303,"[21, 10, 15, 7, 24, 8, 11, 5, 23, 17, 6, 2, 13, 26, 3, 1, 25, 16, 14, 22, 20, 18, 0, 19, 4, 9, 12]",11.6244149
./random_graph_db/graph_db_node_27/10_p0.7/10_graph_n27_p0.7_idx3.gpickle,27,0.7,3,10,120,300,"[4, 14, 0, 2, 20, 5, 8, 11, 9, 3, 21, 13, 1, 25, 22, 15, 17, 6, 24, 23, 26, 19, 10, 12, 7, 16, 18]",11.6827359
./random_graph_db/graph_db_node_27/10_p0.7/10_graph_n27_p0.7_idx4.gpickle,27,0.7,4,10,121,289,"[0, 20, 26, 7, 24, 3, 2, 12, 13, 5, 6, 16, 25, 1, 19, 14, 21, 8, 4, 23, 17, 22, 10, 9, 11, 18, 15]",11.8027759
./random_graph_db/graph_db_node_27/10_p0.7/10_graph_n27_p0.7_idx5.gpickle,27,0.7,5,11,112,286,"[17, 23, 2, 15, 16, 8, 20, 5, 22, 25, 24, 18, 7, 9, 21, 19, 6, 11, 10, 3, 12, 0, 13, 26, 1, 4, 14]",11.4676652
./random_graph_db/graph_db_node_27/10_p0.7/10_graph_n27_p0.7_idx6.gpickle,27,0.7,6,10,115,276,"[8, 10, 16, 26, 5, 3, 13, 15, 9, 17, 24, 12, 19, 2, 25, 11, 21, 4, 6, 23, 14, 0, 22, 18, 20, 7, 1]",11.33338
./random_graph_db/graph_db_node_27/10_p0.7/10_graph_n27_p0.7_idx7.gpickle,27,0.7,7,10,114,278,"[6, 18, 0, 13, 14, 11, 1, 2, 9, 17, 10, 26, 22, 3, 4, 5, 7, 24, 12, 16, 25, 23, 20, 15, 19, 8, 21]",11.8205559
./random_graph_db/graph_db_node_27/10_p0.7/10_graph_n27_p0.7_idx8.gpickle,27,0.7,8,10,134,331,"[13, 9, 10, 12, 5, 18, 11, 2, 19, 8, 17, 20, 14, 25, 24, 3, 1, 7, 15, 4, 26, 16, 23, 21, 22, 0, 6]",11.787976
./random_graph_db/graph_db_node_27/10_p0.7/10_graph_n27_p0.7_idx9.gpickle,27,0.7,9,10,113,268,"[23, 13, 20, 7, 17, 6, 14, 19, 4, 1, 15, 18, 12, 24, 5, 11, 2, 0, 26, 8, 22, 10, 25, 21, 16, 9, 3]",11.8036637
./random_graph_db/graph_db_node_27/11_p0.8/11_graph_n27_p0.8_idx1.gpickle,27,0.8,1,9,86,189,"[20, 12, 3, 25, 5, 22, 2, 17, 18, 7, 19, 24, 6, 23, 16, 4, 8, 26, 11, 9, 14, 1, 21, 10, 13, 0, 15]",11.2003992
./random_graph_db/graph_db_node_27/11_p0.8/11_graph_n27_p0.8_idx10.gpickle,27,0.8,10,9,78,191,"[4, 19, 13, 7, 22, 24, 2, 5, 20, 26, 3, 15, 25, 18, 6, 17, 23, 14, 12, 10, 21, 8, 9, 11, 1, 16, 0]",11.125618
./random_graph_db/graph_db_node_27/11_p0.8/11_graph_n27_p0.8_idx2.gpickle,27,0.8,2,8,72,204,"[12, 25, 18, 11, 16, 13, 10, 15, 14, 3, 4, 1, 23, 2, 8, 26, 17, 22, 6, 24, 21, 5, 20, 0, 19, 7, 9]",10.7726519
./random_graph_db/graph_db_node_27/11_p0.8/11_graph_n27_p0.8_idx3.gpickle,27,0.8,3,9,85,233,"[0, 24, 26, 19, 14, 17, 6, 13, 21, 23, 22, 7, 10, 12, 25, 16, 9, 2, 3, 5, 8, 11, 4, 1, 15, 18, 20]",11.0081971
./random_graph_db/graph_db_node_27/11_p0.8/11_graph_n27_p0.8_idx4.gpickle,27,0.8,4,9,105,249,"[12, 3, 2, 25, 20, 6, 8, 17, 21, 5, 10, 16, 14, 24, 7, 0, 11, 18, 4, 26, 1, 13, 22, 15, 23, 19, 9]",11.3516459
./random_graph_db/graph_db_node_27/11_p0.8/11_graph_n27_p0.8_idx5.gpickle,27,0.8,5,9,93,220,"[1, 8, 19, 3, 13, 4, 21, 20, 25, 12, 17, 26, 24, 2, 18, 23, 15, 22, 16, 7, 5, 6, 11, 14, 10, 0, 9]",11.1649683
./random_graph_db/graph_db_node_27/11_p0.8/11_graph_n27_p0.8_idx6.gpickle,27,0.8,6,8,75,197,"[21, 17, 10, 22, 15, 7, 11, 14, 0, 1, 3, 18, 25, 13, 6, 9, 5, 19, 4, 26, 16, 8, 20, 12, 2, 23, 24]",10.883029
./random_graph_db/graph_db_node_27/11_p0.8/11_graph_n27_p0.8_idx7.gpickle,27,0.8,7,9,81,197,"[23, 7, 8, 4, 16, 19, 22, 15, 25, 5, 14, 26, 21, 13, 12, 2, 1, 17, 6, 9, 0, 3, 18, 11, 24, 10, 20]",11.2079852
./random_graph_db/graph_db_node_27/11_p0.8/11_graph_n27_p0.8_idx8.gpickle,27,0.8,8,8,73,226,"[9, 10, 7, 22, 20, 4, 23, 8, 18, 13, 21, 12, 6, 11, 19, 14, 16, 15, 26, 25, 2, 3, 1, 0, 5, 24, 17]",10.7425532
./random_graph_db/graph_db_node_27/11_p0.8/11_graph_n27_p0.8_idx9.gpickle,27,0.8,9,10,104,251,"[25, 16, 7, 1, 9, 2, 18, 20, 17, 11, 22, 19, 23, 13, 8, 14, 4, 0, 15, 21, 5, 24, 6, 3, 12, 26, 10]",11.3069148
./random_graph_db/graph_db_node_27/12_p0.9/12_graph_n27_p0.9_idx1.gpickle,27,0.9,1,5,40,111,"[3, 4, 11, 0, 26, 1, 21, 15, 10, 17, 24, 8, 23, 16, 25, 6, 9, 12, 20, 5, 14, 2, 19, 13, 7, 18, 22]",10.1262672
./random_graph_db/graph_db_node_27/12_p0.9/12_graph_n27_p0.9_idx10.gpickle,27,0.9,10,7,59,165,"[9, 19, 15, 26, 5, 13, 14, 21, 10, 23, 18, 7, 24, 0, 3, 12, 20, 22, 25, 11, 16, 17, 4, 6, 2, 8, 1]",10.1169531
./random_graph_db/graph_db_node_27/12_p0.9/12_graph_n27_p0.9_idx2.gpickle,27,0.9,2,5,35,117,"[10, 11, 12, 0, 7, 15, 25, 8, 6, 16, 17, 26, 1, 19, 21, 2, 9, 13, 24, 5, 20, 14, 22, 3, 18, 23, 4]",9.8178482
./random_graph_db/graph_db_node_27/12_p0.9/12_graph_n27_p0.9_idx3.gpickle,27,0.9,3,7,61,157,"[10, 0, 13, 15, 26, 1, 11, 23, 22, 19, 21, 8, 25, 2, 6, 9, 18, 12, 5, 14, 7, 20, 17, 4, 16, 3, 24]",10.7154009
./random_graph_db/graph_db_node_27/12_p0.9/12_graph_n27_p0.9_idx4.gpickle,27,0.9,4,7,59,138,"[22, 5, 7, 24, 8, 13, 19, 10, 26, 20, 21, 0, 14, 25, 2, 9, 6, 18, 1, 23, 15, 3, 12, 4, 11, 16, 17]",10.3595381
./random_graph_db/graph_db_node_27/12_p0.9/12_graph_n27_p0.9_idx5.gpickle,27,0.9,5,5,24,72,"[7, 19, 9, 5, 22, 1, 11, 10, 15, 17, 26, 13, 16, 2, 12, 18, 0, 24, 3, 25, 21, 6, 4, 20, 14, 23, 8]",9.640636
./random_graph_db/graph_db_node_27/12_p0.9/12_graph_n27_p0.9_idx6.gpickle,27,0.9,6,5,30,92,"[5, 23, 24, 11, 19, 25, 6, 4, 0, 13, 7, 21, 3, 20, 15, 14, 22, 12, 17, 1, 26, 9, 18, 2, 8, 10, 16]",10.105037
./random_graph_db/graph_db_node_27/12_p0.9/12_graph_n27_p0.9_idx7.gpickle,27,0.9,7,5,30,108,"[18, 13, 20, 17, 8, 5, 0, 21, 26, 2, 7, 10, 19, 12, 15, 16, 22, 9, 11, 3, 25, 1, 6, 24, 14, 23, 4]",9.626781
./random_graph_db/graph_db_node_27/12_p0.9/12_graph_n27_p0.9_idx8.gpickle,27,0.9,8,6,43,110,"[26, 25, 21, 2, 12, 23, 10, 13, 4, 18, 5, 19, 9, 15, 3, 6, 14, 24, 16, 1, 8, 0, 20, 17, 11, 7, 22]",9.9564784
./random_graph_db/graph_db_node_27/12_p0.9/12_graph_n27_p0.9_idx9.gpickle,27,0.9,9,6,63,188,"[11, 12, 4, 7, 25, 1, 2, 5, 18, 21, 20, 16, 22, 23, 26, 6, 19, 9, 3, 15, 17, 0, 24, 10, 13, 8, 14]",10.3828409
./random_graph_db/graph_db_node_28/01_p0.1/01_graph_n28_p0.1_idx1.gpickle,28,0.1,1,6,31,83,"[10, 2, 11, 21, 24, 16, 3, 9, 26, 17, 23, 5, 27, 22, 18, 15, 1, 19, 13, 8, 4, 0, 25, 20, 14, 6, 7, 12]",10.318568
./random_graph_db/graph_db_node_28/01_p0.1/01_graph_n28_p0.1_idx10.gpickle,28,0.1,10,5,32,87,"[16, 13, 2, 6, 7, 5, 1, 10, 27, 3, 8, 17, 22, 24, 15, 0, 18, 25, 20, 4, 26, 19, 9, 21, 12, 11, 14, 23]",10.447453
./random_graph_db/graph_db_node_28/01_p0.1/01_graph_n28_p0.1_idx2.gpickle,28,0.1,2,4,13,68,"[1, 0, 16, 23, 19, 22, 18, 14, 21, 15, 4, 6, 20, 9, 3, 25, 24, 8, 10, 11, 12, 7, 5, 27, 26, 17, 2, 13]",9.8240099
./random_graph_db/graph_db_node_28/01_p0.1/01_graph_n28_p0.1_idx3.gpickle,28,0.1,3,5,25,87,"[9, 19, 8, 4, 7, 17, 12, 27, 23, 14, 24, 21, 13, 16, 1, 20, 2, 0, 26, 15, 22, 25, 5, 18, 3, 6, 10, 11]",9.97893
./random_graph_db/graph_db_node_28/01_p0.1/01_graph_n28_p0.1_idx4.gpickle,28,0.1,4,5,17,76,"[18, 6, 16, 1, 21, 23, 0, 14, 22, 25, 2, 4, 27, 8, 12, 11, 13, 17, 7, 9, 10, 19, 26, 24, 15, 5, 3, 20]",10.0533781
./random_graph_db/graph_db_node_28/01_p0.1/01_graph_n28_p0.1_idx5.gpickle,28,0.1,5,5,14,55,"[11, 14, 20, 17, 10, 7, 25, 8, 27, 19, 16, 21, 26, 12, 9, 6, 15, 3, 1, 4, 2, 18, 23, 0, 13, 5, 22, 24]",9.7455409
./random_graph_db/graph_db_node_28/01_p0.1/01_graph_n28_p0.1_idx6.gpickle,28,0.1,6,4,18,73,"[22, 17, 0, 1, 9, 13, 18, 4, 26, 21, 2, 25, 8, 14, 11, 10, 20, 3, 15, 27, 5, 6, 24, 19, 23, 7, 16, 12]",9.8157451
./random_graph_db/graph_db_node_28/01_p0.1/01_graph_n28_p0.1_idx7.gpickle,28,0.1,7,6,41,119,"[12, 0, 9, 11, 26, 2, 19, 22, 24, 4, 25, 14, 7, 18, 20, 5, 23, 13, 21, 1, 15, 3, 27, 16, 17, 8, 6, 10]",10.7140169
./random_graph_db/graph_db_node_28/01_p0.1/01_graph_n28_p0.1_idx8.gpickle,28,0.1,8,5,18,69,"[0, 9, 2, 17, 20, 21, 8, 5, 11, 19, 1, 10, 7, 22, 27, 13, 15, 6, 14, 16, 26, 4, 12, 25, 18, 23, 24, 3]",9.8387551
./random_graph_db/graph_db_node_28/01_p0.1/01_graph_n28_p0.1_idx9.gpickle,28,0.1,9,4,17,64,"[16, 8, 2, 21, 5, 6, 15, 3, 0, 26, 27, 13, 18, 1, 19, 4, 12, 17, 25, 24, 20, 7, 9, 14, 11, 10, 22, 23]",9.8096409
./random_graph_db/graph_db_node_28/02_p0.2/02_graph_n28_p0.2_idx1.gpickle,28,0.2,1,8,65,173,"[21, 24, 25, 27, 26, 18, 12, 16, 9, 15, 17, 10, 14, 7, 1, 4, 5, 0, 8, 2, 11, 3, 19, 22, 23, 13, 6, 20]",11.273659
./random_graph_db/graph_db_node_28/02_p0.2/02_graph_n28_p0.2_idx10.gpickle,28,0.2,10,8,65,165,"[16, 21, 1, 22, 26, 5, 24, 19, 0, 11, 14, 18, 17, 6, 23, 3, 2, 27, 9, 8, 13, 12, 25, 4, 20, 10, 15, 7]",11.1529632
./random_graph_db/graph_db_node_28/02_p0.2/02_graph_n28_p0.2_idx2.gpickle,28,0.2,2,9,92,226,"[21, 20, 5, 17, 11, 15, 27, 1, 24, 14, 8, 9, 16, 2, 22, 10, 4, 12, 0, 23, 25, 18, 6, 19, 26, 7, 13, 3]",11.5576711
./random_graph_db/graph_db_node_28/02_p0.2/02_graph_n28_p0.2_idx3.gpickle,28,0.2,3,9,78,198,"[21, 11, 4, 12, 9, 15, 19, 13, 14, 0, 17, 6, 10, 26, 27, 22, 2, 3, 18, 7, 24, 8, 5, 16, 1, 25, 20, 23]",11.532953
./random_graph_db/graph_db_node_28/02_p0.2/02_graph_n28_p0.2_idx4.gpickle,28,0.2,4,7,57,156,"[15, 20, 2, 23, 21, 5, 13, 22, 10, 17, 24, 8, 16, 19, 12, 9, 25, 27, 26, 11, 6, 3, 4, 7, 18, 14, 0, 1]",11.0286748
./random_graph_db/graph_db_node_28/02_p0.2/02_graph_n28_p0.2_idx5.gpickle,28,0.2,5,9,81,201,"[5, 15, 16, 6, 9, 0, 24, 7, 1, 14, 17, 10, 23, 18, 12, 8, 11, 19, 4, 26, 3, 21, 13, 22, 27, 25, 20, 2]",11.1752293
./random_graph_db/graph_db_node_28/02_p0.2/02_graph_n28_p0.2_idx6.gpickle,28,0.2,6,8,78,190,"[20, 18, 5, 12, 17, 9, 24, 15, 16, 14, 8, 7, 25, 11, 1, 13, 2, 27, 19, 26, 10, 22, 3, 6, 0, 4, 23, 21]",11.07215
./random_graph_db/graph_db_node_28/02_p0.2/02_graph_n28_p0.2_idx7.gpickle,28,0.2,7,7,57,163,"[14, 18, 19, 3, 26, 20, 1, 7, 6, 11, 5, 0, 12, 25, 15, 24, 10, 21, 16, 23, 2, 22, 13, 4, 9, 17, 27, 8]",11.0974302
./random_graph_db/graph_db_node_28/02_p0.2/02_graph_n28_p0.2_idx8.gpickle,28,0.2,8,8,62,169,"[20, 25, 7, 2, 12, 17, 6, 22, 23, 24, 27, 18, 0, 10, 11, 4, 15, 5, 1, 21, 9, 8, 19, 26, 16, 3, 14, 13]",11.069319
./random_graph_db/graph_db_node_28/02_p0.2/02_graph_n28_p0.2_idx9.gpickle,28,0.2,9,8,80,211,"[16, 9, 13, 7, 24, 8, 2, 0, 17, 18, 27, 22, 21, 14, 3, 5, 23, 11, 26, 4, 19, 12, 25, 20, 1, 15, 10, 6]",11.698698
./random_graph_db/graph_db_node_28/03_p0.3/03_graph_n28_p0.3_idx1.gpickle,28,0.3,1,10,116,288,"[20, 21, 7, 14, 27, 25, 15, 12, 8, 13, 1, 9, 26, 3, 23, 16, 18, 19, 4, 11, 0, 17, 6, 24, 5, 2, 22, 10]",12.2186508
./random_graph_db/graph_db_node_28/03_p0.3/03_graph_n28_p0.3_idx10.gpickle,28,0.3,10,10,132,298,"[22, 24, 8, 10, 26, 25, 0, 7, 1, 16, 4, 18, 23, 2, 20, 17, 12, 6, 13, 11, 9, 27, 19, 5, 3, 14, 15, 21]",12.1607177
./random_graph_db/graph_db_node_28/03_p0.3/03_graph_n28_p0.3_idx2.gpickle,28,0.3,2,10,114,282,"[21, 9, 1, 5, 26, 15, 6, 11, 14, 12, 10, 24, 3, 16, 25, 23, 2, 7, 8, 13, 17, 0, 27, 4, 19, 22, 18, 20]",12.3458288
./random_graph_db/graph_db_node_28/03_p0.3/03_graph_n28_p0.3_idx3.gpickle,28,0.3,3,10,114,280,"[14, 2, 13, 21, 17, 25, 3, 26, 24, 7, 15, 0, 16, 23, 27, 5, 22, 6, 18, 8, 19, 20, 11, 10, 12, 9, 4, 1]",12.118638
./random_graph_db/graph_db_node_28/03_p0.3/03_graph_n28_p0.3_idx4.gpickle,28,0.3,4,11,124,292,"[12, 3, 20, 19, 2, 8, 1, 13, 7, 14, 21, 5, 16, 6, 27, 25, 10, 24, 11, 4, 0, 9, 15, 17, 18, 22, 26, 23]",12.192909
./random_graph_db/graph_db_node_28/03_p0.3/03_graph_n28_p0.3_idx5.gpickle,28,0.3,5,11,133,280,"[23, 0, 14, 16, 2, 7, 3, 15, 25, 20, 10, 21, 12, 5, 9, 4, 18, 17, 26, 8, 11, 27, 1, 22, 13, 24, 6, 19]",12.0664239
./random_graph_db/graph_db_node_28/03_p0.3/03_graph_n28_p0.3_idx6.gpickle,28,0.3,6,9,111,278,"[27, 8, 14, 10, 2, 22, 12, 5, 4, 11, 26, 13, 9, 25, 16, 0, 6, 17, 21, 23, 7, 24, 18, 3, 19, 20, 15, 1]",12.0011687
./random_graph_db/graph_db_node_28/03_p0.3/03_graph_n28_p0.3_idx7.gpickle,28,0.3,7,10,129,317,"[21, 15, 7, 27, 17, 14, 16, 11, 3, 9, 2, 1, 6, 24, 13, 18, 20, 8, 10, 0, 5, 22, 19, 25, 4, 26, 12, 23]",12.005882
./random_graph_db/graph_db_node_28/03_p0.3/03_graph_n28_p0.3_idx8.gpickle,28,0.3,8,10,108,261,"[15, 18, 24, 16, 1, 20, 5, 2, 19, 6, 11, 14, 3, 25, 10, 8, 9, 23, 12, 21, 7, 0, 17, 4, 26, 13, 27, 22]",11.8506479
./random_graph_db/graph_db_node_28/03_p0.3/03_graph_n28_p0.3_idx9.gpickle,28,0.3,9,10,136,321,"[19, 17, 6, 22, 4, 12, 25, 26, 2, 24, 11, 27, 14, 3, 18, 5, 0, 16, 8, 21, 13, 20, 15, 10, 9, 1, 23, 7]",12.5454221
./random_graph_db/graph_db_node_28/04_p0.4/04_graph_n28_p0.4_idx1.gpickle,28,0.4,1,11,129,311,"[15, 3, 17, 12, 8, 19, 2, 26, 16, 18, 20, 9, 22, 0, 5, 4, 27, 1, 21, 14, 24, 23, 25, 11, 7, 10, 13, 6]",12.3038583
./random_graph_db/graph_db_node_28/04_p0.4/04_graph_n28_p0.4_idx10.gpickle,28,0.4,10,11,144,332,"[13, 26, 24, 15, 11, 5, 25, 23, 0, 17, 4, 10, 20, 9, 2, 6, 14, 3, 18, 19, 12, 27, 7, 21, 22, 8, 1, 16]",12.7498431
./random_graph_db/graph_db_node_28/04_p0.4/04_graph_n28_p0.4_idx2.gpickle,28,0.4,2,11,129,290,"[10, 20, 17, 6, 4, 12, 23, 13, 0, 14, 5, 7, 22, 25, 21, 1, 26, 2, 18, 24, 3, 9, 16, 15, 19, 27, 8, 11]",12.5147779
./random_graph_db/graph_db_node_28/04_p0.4/04_graph_n28_p0.4_idx3.gpickle,28,0.4,3,11,123,279,"[10, 4, 2, 6, 12, 8, 18, 19, 1, 9, 0, 24, 23, 25, 21, 11, 20, 14, 5, 13, 16, 26, 27, 3, 17, 15, 22, 7]",12.2525661
./random_graph_db/graph_db_node_28/04_p0.4/04_graph_n28_p0.4_idx4.gpickle,28,0.4,4,11,139,326,"[20, 18, 15, 19, 24, 6, 9, 2, 25, 14, 8, 21, 22, 4, 10, 7, 13, 27, 0, 5, 12, 16, 23, 17, 26, 1, 11, 3]",12.850003
./random_graph_db/graph_db_node_28/04_p0.4/04_graph_n28_p0.4_idx5.gpickle,28,0.4,5,11,125,311,"[1, 11, 10, 2, 14, 16, 22, 23, 3, 15, 17, 24, 27, 7, 4, 26, 19, 21, 13, 5, 20, 0, 9, 8, 6, 25, 18, 12]",12.3760641
./random_graph_db/graph_db_node_28/04_p0.4/04_graph_n28_p0.4_idx6.gpickle,28,0.4,6,11,139,321,"[3, 14, 19, 4, 12, 26, 22, 8, 0, 11, 7, 25, 17, 1, 24, 16, 21, 20, 27, 2, 13, 6, 18, 10, 5, 23, 15, 9]",12.3904338
./random_graph_db/graph_db_node_28/04_p0.4/04_graph_n28_p0.4_idx7.gpickle,28,0.4,7,10,127,317,"[11, 6, 7, 16, 17, 25, 18, 9, 3, 0, 14, 20, 15, 27, 23, 19, 21, 24, 10, 22, 8, 2, 5, 12, 26, 4, 1, 13]",12.5069609
./random_graph_db/graph_db_node_28/04_p0.4/04_graph_n28_p0.4_idx8.gpickle,28,0.4,8,11,167,364,"[14, 17, 0, 24, 25, 2, 1, 3, 18, 22, 27, 26, 21, 12, 19, 20, 16, 13, 10, 4, 23, 9, 8, 6, 11, 15, 5, 7]",12.643671
./random_graph_db/graph_db_node_28/04_p0.4/04_graph_n28_p0.4_idx9.gpickle,28,0.4,9,11,145,348,"[6, 21, 3, 9, 24, 25, 22, 23, 4, 12, 17, 11, 16, 26, 14, 27, 20, 19, 15, 8, 10, 0, 13, 7, 18, 5, 1, 2]",12.6624601
./random_graph_db/graph_db_node_28/05_p0.45/05_graph_n28_p0.45_idx1.gpickle,28,0.45,1,10,126,298,"[21, 3, 15, 19, 9, 27, 14, 6, 18, 0, 20, 10, 2, 23, 4, 26, 25, 7, 22, 1, 12, 5, 11, 16, 17, 24, 8, 13]",12.4226973
./random_graph_db/graph_db_node_28/05_p0.45/05_graph_n28_p0.45_idx10.gpickle,28,0.45,10,11,147,353,"[0, 27, 5, 23, 6, 14, 7, 10, 24, 13, 8, 25, 26, 17, 4, 9, 18, 15, 21, 2, 22, 12, 20, 19, 11, 16, 1, 3]",12.7098289
./random_graph_db/graph_db_node_28/05_p0.45/05_graph_n28_p0.45_idx2.gpickle,28,0.45,2,11,151,363,"[16, 11, 6, 14, 3, 7, 23, 20, 18, 24, 1, 21, 17, 10, 0, 26, 25, 12, 8, 22, 15, 5, 19, 27, 13, 4, 9, 2]",12.545253
./random_graph_db/graph_db_node_28/05_p0.45/05_graph_n28_p0.45_idx3.gpickle,28,0.45,3,10,139,347,"[24, 12, 0, 3, 25, 22, 4, 11, 21, 18, 13, 19, 20, 8, 2, 9, 10, 16, 7, 6, 27, 15, 5, 1, 17, 14, 23, 26]",12.8280408
./random_graph_db/graph_db_node_28/05_p0.45/05_graph_n28_p0.45_idx4.gpickle,28,0.45,4,11,142,350,"[10, 20, 24, 16, 13, 21, 5, 1, 22, 17, 6, 2, 18, 25, 9, 27, 0, 23, 11, 12, 8, 3, 4, 19, 14, 15, 7, 26]",12.6039708
./random_graph_db/graph_db_node_28/05_p0.45/05_graph_n28_p0.45_idx5.gpickle,28,0.45,5,11,152,364,"[3, 10, 22, 13, 0, 8, 4, 16, 21, 9, 5, 26, 25, 12, 27, 17, 23, 11, 6, 15, 14, 24, 2, 20, 18, 7, 1, 19]",12.6653931
./random_graph_db/graph_db_node_28/05_p0.45/05_graph_n28_p0.45_idx6.gpickle,28,0.45,6,11,131,328,"[21, 26, 7, 9, 13, 23, 17, 10, 0, 15, 16, 14, 19, 1, 18, 4, 22, 27, 12, 6, 3, 25, 5, 8, 24, 11, 20, 2]",12.7110448
./random_graph_db/graph_db_node_28/05_p0.45/05_graph_n28_p0.45_idx7.gpickle,28,0.45,7,10,116,311,"[10, 13, 20, 26, 21, 9, 19, 14, 22, 23, 17, 3, 4, 6, 16, 7, 27, 2, 25, 15, 1, 5, 24, 11, 12, 18, 0, 8]",12.4468222
./random_graph_db/graph_db_node_28/05_p0.45/05_graph_n28_p0.45_idx8.gpickle,28,0.45,8,11,129,309,"[16, 13, 15, 10, 18, 12, 21, 0, 8, 25, 9, 6, 22, 20, 4, 3, 1, 24, 27, 14, 5, 19, 7, 23, 17, 26, 2, 11]",12.6789329
./random_graph_db/graph_db_node_28/05_p0.45/05_graph_n28_p0.45_idx9.gpickle,28,0.45,9,11,148,361,"[23, 3, 10, 26, 9, 24, 27, 13, 12, 18, 14, 19, 21, 2, 22, 8, 4, 20, 5, 17, 16, 7, 6, 15, 0, 1, 11, 25]",12.5634341
./random_graph_db/graph_db_node_28/06_p0.5/06_graph_n28_p0.5_idx1.gpickle,28,0.5,1,11,157,383,"[1, 14, 10, 8, 26, 15, 16, 17, 27, 20, 11, 4, 23, 9, 2, 25, 0, 22, 21, 12, 18, 7, 19, 3, 5, 24, 6, 13]",12.8091118
./random_graph_db/graph_db_node_28/06_p0.5/06_graph_n28_p0.5_idx10.gpickle,28,0.5,10,11,154,369,"[1, 17, 25, 15, 22, 21, 18, 4, 20, 23, 24, 13, 16, 19, 2, 10, 7, 5, 27, 14, 0, 11, 26, 8, 9, 12, 3, 6]",12.5903542
./random_graph_db/graph_db_node_28/06_p0.5/06_graph_n28_p0.5_idx2.gpickle,28,0.5,2,11,147,351,"[21, 8, 25, 4, 13, 11, 0, 23, 16, 24, 17, 10, 19, 2, 5, 20, 3, 18, 15, 1, 6, 27, 14, 9, 7, 26, 12, 22]",12.6362469
./random_graph_db/graph_db_node_28/06_p0.5/06_graph_n28_p0.5_idx3.gpickle,28,0.5,3,11,152,351,"[12, 17, 10, 3, 2, 8, 16, 22, 7, 24, 20, 13, 23, 15, 6, 25, 11, 26, 21, 18, 27, 14, 5, 19, 9, 1, 0, 4]",13.1135228
./random_graph_db/graph_db_node_28/06_p0.5/06_graph_n28_p0.5_idx4.gpickle,28,0.5,4,11,132,327,"[18, 15, 1, 26, 12, 21, 4, 23, 6, 19, 9, 14, 10, 13, 3, 0, 20, 16, 22, 27, 25, 11, 8, 5, 7, 17, 2, 24]",12.44625
./random_graph_db/graph_db_node_28/06_p0.5/06_graph_n28_p0.5_idx5.gpickle,28,0.5,5,11,129,295,"[7, 2, 9, 26, 14, 12, 20, 4, 1, 8, 27, 21, 0, 25, 6, 16, 13, 10, 22, 15, 5, 17, 3, 11, 19, 18, 23, 24]",12.484376
./random_graph_db/graph_db_node_28/06_p0.5/06_graph_n28_p0.5_idx6.gpickle,28,0.5,6,11,140,338,"[11, 20, 9, 3, 4, 2, 14, 12, 23, 1, 6, 25, 7, 15, 26, 22, 21, 24, 18, 17, 5, 0, 8, 13, 27, 16, 10, 19]",12.7993572
./random_graph_db/graph_db_node_28/06_p0.5/06_graph_n28_p0.5_idx7.gpickle,28,0.5,7,11,147,337,"[17, 24, 0, 1, 16, 7, 2, 15, 3, 12, 25, 27, 6, 5, 4, 23, 22, 18, 26, 11, 14, 13, 10, 9, 8, 20, 19, 21]",12.5690351
./random_graph_db/graph_db_node_28/06_p0.5/06_graph_n28_p0.5_idx8.gpickle,28,0.5,8,11,134,312,"[26, 4, 18, 11, 21, 10, 13, 5, 8, 20, 1, 17, 25, 3, 15, 27, 14, 6, 0, 12, 24, 16, 23, 7, 22, 2, 9, 19]",12.728456
./random_graph_db/graph_db_node_28/06_p0.5/06_graph_n28_p0.5_idx9.gpickle,28,0.5,9,11,136,320,"[10, 23, 6, 19, 20, 8, 5, 0, 21, 7, 9, 11, 18, 26, 13, 4, 25, 1, 17, 2, 22, 15, 24, 3, 27, 14, 12, 16]",12.6211281
./random_graph_db/graph_db_node_28/07_p0.55/07_graph_n28_p0.55_idx1.gpickle,28,0.55,1,11,149,344,"[27, 22, 11, 26, 5, 14, 20, 16, 10, 19, 13, 24, 6, 18, 9, 7, 4, 21, 17, 1, 0, 3, 12, 15, 8, 23, 25, 2]",12.728224
./random_graph_db/graph_db_node_28/07_p0.55/07_graph_n28_p0.55_idx10.gpickle,28,0.55,10,11,143,341,"[10, 13, 21, 26, 24, 5, 2, 20, 15, 14, 1, 18, 4, 27, 8, 17, 19, 12, 16, 3, 6, 23, 0, 25, 22, 11, 9, 7]",12.5816371
./random_graph_db/graph_db_node_28/07_p0.55/07_graph_n28_p0.55_idx2.gpickle,28,0.55,2,11,158,392,"[10, 18, 17, 3, 25, 6, 14, 8, 15, 4, 20, 7, 11, 26, 27, 9, 22, 23, 1, 16, 21, 13, 5, 2, 24, 12, 19, 0]",12.8197079
./random_graph_db/graph_db_node_28/07_p0.55/07_graph_n28_p0.55_idx3.gpickle,28,0.55,3,11,144,336,"[11, 9, 17, 12, 23, 19, 3, 6, 16, 10, 4, 1, 13, 2, 25, 21, 14, 0, 26, 22, 5, 15, 18, 24, 20, 7, 8, 27]",12.4564588
./random_graph_db/graph_db_node_28/07_p0.55/07_graph_n28_p0.55_idx4.gpickle,28,0.55,4,10,124,315,"[1, 8, 12, 5, 24, 9, 20, 13, 17, 0, 6, 21, 18, 23, 16, 27, 25, 11, 10, 19, 4, 22, 15, 3, 14, 26, 7, 2]",12.3126059
./random_graph_db/graph_db_node_28/07_p0.55/07_graph_n28_p0.55_idx5.gpickle,28,0.55,5,11,136,337,"[15, 3, 20, 11, 5, 1, 16, 18, 2, 19, 23, 24, 6, 25, 14, 27, 12, 17, 0, 10, 4, 21, 8, 22, 9, 7, 26, 13]",12.653651
./random_graph_db/graph_db_node_28/07_p0.55/07_graph_n28_p0.55_idx6.gpickle,28,0.55,6,11,144,327,"[27, 18, 12, 5, 7, 25, 1, 10, 0, 4, 15, 9, 11, 24, 22, 6, 17, 14, 13, 23, 20, 19, 26, 16, 2, 21, 3, 8]",12.5980239
./random_graph_db/graph_db_node_28/07_p0.55/07_graph_n28_p0.55_idx7.gpickle,28,0.55,7,11,139,324,"[8, 12, 27, 10, 4, 26, 13, 0, 25, 18, 21, 17, 7, 9, 16, 2, 6, 5, 20, 22, 19, 14, 23, 1, 15, 11, 3, 24]",12.849462
./random_graph_db/graph_db_node_28/07_p0.55/07_graph_n28_p0.55_idx8.gpickle,28,0.55,8,11,154,349,"[26, 15, 21, 1, 23, 9, 6, 4, 17, 0, 12, 7, 13, 20, 8, 24, 5, 19, 18, 22, 27, 2, 11, 25, 10, 14, 16, 3]",12.6352348
./random_graph_db/graph_db_node_28/07_p0.55/07_graph_n28_p0.55_idx9.gpickle,28,0.55,9,11,137,345,"[23, 15, 13, 9, 1, 0, 14, 11, 4, 8, 17, 26, 25, 18, 20, 16, 7, 12, 19, 22, 10, 6, 2, 3, 5, 24, 21, 27]",12.2901771
./random_graph_db/graph_db_node_28/08_p0.6/08_graph_n28_p0.6_idx1.gpickle,28,0.6,1,11,132,308,"[27, 23, 26, 2, 0, 12, 8, 6, 13, 17, 15, 21, 4, 18, 10, 3, 11, 16, 7, 22, 9, 24, 25, 19, 14, 5, 1, 20]",12.4964957
./random_graph_db/graph_db_node_28/08_p0.6/08_graph_n28_p0.6_idx10.gpickle,28,0.6,10,11,147,368,"[6, 20, 7, 10, 27, 9, 15, 19, 26, 11, 12, 13, 4, 22, 18, 25, 5, 21, 0, 23, 24, 1, 14, 17, 8, 3, 16, 2]",12.5367541
./random_graph_db/graph_db_node_28/08_p0.6/08_graph_n28_p0.6_idx2.gpickle,28,0.6,2,11,156,351,"[9, 3, 25, 23, 16, 22, 11, 17, 10, 1, 24, 12, 15, 27, 8, 5, 26, 21, 6, 13, 20, 7, 2, 0, 19, 4, 18, 14]",12.8695059
./random_graph_db/graph_db_node_28/08_p0.6/08_graph_n28_p0.6_idx3.gpickle,28,0.6,3,11,148,359,"[16, 7, 4, 18, 24, 22, 19, 20, 25, 23, 1, 3, 15, 21, 14, 8, 5, 13, 12, 2, 27, 17, 6, 10, 26, 9, 0, 11]",12.6187541
./random_graph_db/graph_db_node_28/08_p0.6/08_graph_n28_p0.6_idx4.gpickle,28,0.6,4,11,137,330,"[25, 17, 16, 3, 6, 24, 11, 12, 4, 0, 5, 1, 27, 9, 13, 22, 14, 8, 15, 26, 10, 18, 19, 2, 20, 21, 7, 23]",12.7389011
./random_graph_db/graph_db_node_28/08_p0.6/08_graph_n28_p0.6_idx5.gpickle,28,0.6,5,10,128,316,"[9, 20, 5, 1, 14, 21, 26, 10, 17, 18, 7, 12, 2, 27, 16, 4, 23, 8, 25, 22, 11, 13, 24, 6, 19, 15, 3, 0]",12.3640277
./random_graph_db/graph_db_node_28/08_p0.6/08_graph_n28_p0.6_idx6.gpickle,28,0.6,6,11,125,310,"[18, 9, 6, 26, 13, 24, 1, 21, 11, 17, 3, 4, 22, 2, 14, 12, 16, 19, 25, 5, 8, 0, 23, 7, 15, 10, 20, 27]",12.4875021
./random_graph_db/graph_db_node_28/08_p0.6/08_graph_n28_p0.6_idx7.gpickle,28,0.6,7,11,139,314,"[8, 12, 10, 22, 11, 7, 14, 26, 13, 9, 21, 0, 15, 6, 17, 20, 27, 25, 1, 3, 16, 23, 18, 19, 5, 2, 24, 4]",12.6775382
./random_graph_db/graph_db_node_28/08_p0.6/08_graph_n28_p0.6_idx8.gpickle,28,0.6,8,11,143,312,"[8, 12, 16, 24, 26, 2, 9, 0, 5, 3, 21, 6, 22, 14, 20, 18, 7, 13, 10, 1, 27, 25, 15, 23, 19, 4, 11, 17]",12.3577321
./random_graph_db/graph_db_node_28/08_p0.6/08_graph_n28_p0.6_idx9.gpickle,28,0.6,9,11,133,322,"[26, 20, 19, 1, 10, 23, 2, 25, 15, 7, 21, 4, 12, 13, 9, 5, 22, 24, 0, 14, 6, 18, 3, 17, 8, 27, 16, 11]",12.5994389
./random_graph_db/graph_db_node_28/09_p0.65/09_graph_n28_p0.65_idx1.gpickle,28,0.65,1,10,145,333,"[1, 13, 26, 2, 15, 8, 23, 16, 14, 10, 25, 3, 22, 11, 17, 20, 24, 9, 12, 19, 21, 5, 18, 27, 6, 7, 0, 4]",12.5341849
./random_graph_db/graph_db_node_28/09_p0.65/09_graph_n28_p0.65_idx10.gpickle,28,0.65,10,11,139,340,"[18, 17, 27, 21, 0, 8, 25, 13, 11, 26, 23, 6, 14, 10, 7, 24, 1, 9, 2, 15, 22, 12, 19, 3, 16, 5, 4, 20]",12.7093489
./random_graph_db/graph_db_node_28/09_p0.65/09_graph_n28_p0.65_idx2.gpickle,28,0.65,2,11,144,342,"[24, 7, 4, 1, 3, 11, 19, 20, 2, 17, 8, 27, 16, 22, 6, 21, 12, 23, 10, 0, 15, 9, 18, 26, 14, 5, 25, 13]",12.9884291
./random_graph_db/graph_db_node_28/09_p0.65/09_graph_n28_p0.65_idx3.gpickle,28,0.65,3,11,151,355,"[7, 13, 22, 2, 20, 5, 24, 1, 26, 27, 25, 4, 0, 8, 10, 12, 18, 9, 11, 3, 6, 23, 21, 15, 17, 16, 19, 14]",12.8291981
./random_graph_db/graph_db_node_28/09_p0.65/09_graph_n28_p0.65_idx4.gpickle,28,0.65,4,11,153,377,"[11, 25, 0, 19, 5, 12, 27, 14, 22, 1, 6, 26, 13, 7, 17, 8, 10, 2, 18, 21, 15, 24, 4, 20, 16, 3, 23, 9]",12.8914499
./random_graph_db/graph_db_node_28/09_p0.65/09_graph_n28_p0.65_idx5.gpickle,28,0.65,5,11,139,344,"[20, 27, 18, 13, 11, 6, 4, 3, 14, 15, 7, 5, 9, 16, 23, 0, 22, 25, 17, 8, 24, 2, 26, 10, 21, 12, 1, 19]",12.5759637
./random_graph_db/graph_db_node_28/09_p0.65/09_graph_n28_p0.65_idx6.gpickle,28,0.65,6,11,135,314,"[25, 13, 8, 1, 0, 11, 27, 17, 10, 20, 15, 3, 7, 9, 2, 18, 26, 4, 24, 14, 23, 16, 22, 6, 12, 21, 5, 19]",12.810349
./random_graph_db/graph_db_node_28/09_p0.65/09_graph_n28_p0.65_idx7.gpickle,28,0.65,7,11,142,339,"[1, 3, 0, 9, 4, 22, 23, 26, 15, 10, 13, 20, 7, 18, 5, 25, 27, 16, 11, 21, 14, 6, 12, 24, 2, 19, 17, 8]",12.6525011
./random_graph_db/graph_db_node_28/09_p0.65/09_graph_n28_p0.65_idx8.gpickle,28,0.65,8,11,153,370,"[4, 1, 13, 20, 16, 17, 19, 8, 0, 26, 14, 18, 2, 24, 27, 12, 5, 3, 11, 10, 23, 25, 6, 7, 9, 22, 21, 15]",13.037353
./random_graph_db/graph_db_node_28/09_p0.65/09_graph_n28_p0.65_idx9.gpickle,28,0.65,9,11,143,336,"[2, 24, 19, 3, 27, 5, 10, 20, 7, 12, 13, 11, 25, 26, 17, 22, 8, 9, 6, 16, 0, 1, 23, 15, 21, 4, 18, 14]",12.725605
./random_graph_db/graph_db_node_28/10_p0.7/10_graph_n28_p0.7_idx1.gpickle,28,0.7,1,11,125,288,"[9, 25, 21, 7, 4, 12, 8, 22, 16, 13, 3, 0, 14, 2, 26, 17, 5, 11, 24, 20, 27, 23, 18, 15, 10, 1, 6, 19]",14.2275531
./random_graph_db/graph_db_node_28/10_p0.7/10_graph_n28_p0.7_idx10.gpickle,28,0.7,10,11,142,355,"[7, 24, 10, 25, 18, 22, 15, 17, 21, 5, 13, 26, 27, 3, 12, 11, 4, 9, 2, 20, 19, 14, 1, 0, 23, 16, 6, 8]",14.4892521
./random_graph_db/graph_db_node_28/10_p0.7/10_graph_n28_p0.7_idx2.gpickle,28,0.7,2,10,123,306,"[17, 12, 9, 19, 0, 7, 26, 13, 24, 18, 23, 15, 11, 5, 16, 8, 10, 14, 2, 21, 25, 20, 6, 1, 22, 4, 3, 27]",13.3707347
./random_graph_db/graph_db_node_28/10_p0.7/10_graph_n28_p0.7_idx3.gpickle,28,0.7,3,10,124,308,"[24, 5, 16, 25, 8, 27, 10, 19, 2, 4, 12, 9, 7, 13, 11, 15, 1, 18, 14, 21, 3, 6, 0, 17, 20, 26, 23, 22]",13.5551851
./random_graph_db/graph_db_node_28/10_p0.7/10_graph_n28_p0.7_idx4.gpickle,28,0.7,4,10,115,292,"[26, 13, 2, 17, 14, 19, 3, 15, 6, 5, 23, 27, 4, 22, 12, 16, 9, 24, 20, 1, 10, 7, 11, 0, 18, 21, 8, 25]",13.1767299
./random_graph_db/graph_db_node_28/10_p0.7/10_graph_n28_p0.7_idx5.gpickle,28,0.7,5,11,134,317,"[25, 0, 13, 12, 21, 16, 3, 10, 14, 6, 15, 27, 20, 2, 5, 24, 26, 22, 7, 17, 8, 19, 1, 9, 11, 18, 23, 4]",13.201441
./random_graph_db/graph_db_node_28/10_p0.7/10_graph_n28_p0.7_idx6.gpickle,28,0.7,6,10,126,304,"[23, 20, 11, 17, 5, 26, 14, 24, 25, 15, 9, 13, 27, 4, 18, 10, 19, 12, 1, 7, 0, 8, 3, 22, 6, 21, 2, 16]",12.6556952
./random_graph_db/graph_db_node_28/10_p0.7/10_graph_n28_p0.7_idx7.gpickle,28,0.7,7,10,142,343,"[2, 25, 0, 26, 3, 21, 27, 17, 22, 4, 14, 12, 6, 1, 11, 18, 23, 16, 7, 8, 13, 15, 20, 24, 9, 10, 5, 19]",12.8068151
./random_graph_db/graph_db_node_28/10_p0.7/10_graph_n28_p0.7_idx8.gpickle,28,0.7,8,10,127,299,"[20, 27, 3, 7, 0, 24, 17, 18, 23, 5, 1, 26, 12, 2, 15, 11, 10, 4, 8, 6, 16, 19, 22, 9, 13, 14, 21, 25]",12.6306798
./random_graph_db/graph_db_node_28/10_p0.7/10_graph_n28_p0.7_idx9.gpickle,28,0.7,9,9,101,266,"[8, 19, 12, 10, 27, 13, 14, 18, 6, 25, 17, 26, 15, 2, 3, 4, 11, 5, 1, 23, 16, 7, 21, 0, 24, 9, 20, 22]",12.2080791
./random_graph_db/graph_db_node_28/11_p0.8/11_graph_n28_p0.8_idx1.gpickle,28,0.8,1,10,108,276,"[13, 4, 12, 16, 26, 10, 7, 0, 20, 18, 14, 27, 24, 3, 23, 2, 21, 22, 6, 17, 11, 25, 5, 1, 19, 15, 9, 8]",12.072706
./random_graph_db/graph_db_node_28/11_p0.8/11_graph_n28_p0.8_idx10.gpickle,28,0.8,10,9,100,229,"[6, 25, 2, 24, 5, 22, 17, 13, 27, 12, 19, 26, 14, 20, 16, 4, 7, 0, 9, 11, 1, 8, 23, 21, 15, 18, 3, 10]",12.365072
./random_graph_db/graph_db_node_28/11_p0.8/11_graph_n28_p0.8_idx2.gpickle,28,0.8,2,9,108,270,"[2, 10, 9, 17, 13, 15, 26, 21, 25, 12, 14, 5, 7, 24, 18, 16, 20, 6, 27, 4, 3, 23, 11, 1, 8, 0, 22, 19]",12.3768117
./random_graph_db/graph_db_node_28/11_p0.8/11_graph_n28_p0.8_idx3.gpickle,28,0.8,3,9,107,250,"[26, 3, 27, 2, 20, 4, 0, 9, 12, 14, 23, 1, 7, 24, 15, 13, 19, 6, 11, 25, 17, 21, 22, 5, 18, 8, 16, 10]",12.048542
./random_graph_db/graph_db_node_28/11_p0.8/11_graph_n28_p0.8_idx4.gpickle,28,0.8,4,9,102,244,"[21, 4, 16, 12, 6, 19, 18, 5, 3, 25, 0, 22, 14, 2, 10, 8, 26, 13, 7, 17, 23, 20, 15, 9, 11, 24, 27, 1]",11.82477
./random_graph_db/graph_db_node_28/11_p0.8/11_graph_n28_p0.8_idx5.gpickle,28,0.8,5,9,85,223,"[16, 9, 3, 11, 21, 6, 14, 22, 2, 19, 7, 5, 13, 10, 20, 26, 27, 17, 24, 25, 8, 18, 12, 4, 0, 1, 23, 15]",11.9940798
./random_graph_db/graph_db_node_28/11_p0.8/11_graph_n28_p0.8_idx6.gpickle,28,0.8,6,9,94,225,"[20, 6, 1, 10, 5, 23, 9, 17, 14, 27, 8, 15, 24, 12, 11, 18, 3, 7, 25, 21, 13, 16, 0, 2, 26, 22, 19, 4]",11.7347631
./random_graph_db/graph_db_node_28/11_p0.8/11_graph_n28_p0.8_idx7.gpickle,28,0.8,7,9,94,232,"[17, 8, 19, 20, 12, 9, 13, 1, 25, 22, 14, 18, 10, 11, 2, 26, 4, 24, 0, 6, 3, 16, 5, 27, 21, 7, 23, 15]",11.842401
./random_graph_db/graph_db_node_28/11_p0.8/11_graph_n28_p0.8_idx8.gpickle,28,0.8,8,9,113,285,"[23, 18, 14, 11, 20, 25, 22, 4, 5, 0, 21, 17, 7, 9, 3, 24, 12, 1, 2, 26, 27, 16, 19, 8, 15, 10, 6, 13]",12.0951591
./random_graph_db/graph_db_node_28/11_p0.8/11_graph_n28_p0.8_idx9.gpickle,28,0.8,9,10,117,285,"[27, 15, 4, 13, 14, 2, 26, 18, 24, 11, 1, 17, 6, 7, 0, 9, 20, 10, 23, 5, 12, 21, 19, 16, 8, 22, 25, 3]",12.2762339
./random_graph_db/graph_db_node_28/12_p0.9/12_graph_n28_p0.9_idx1.gpickle,28,0.9,1,6,52,148,"[1, 2, 27, 3, 12, 25, 15, 5, 8, 7, 6, 22, 18, 11, 19, 4, 13, 9, 23, 16, 21, 14, 24, 17, 10, 26, 0, 20]",10.9863272
./random_graph_db/graph_db_node_28/12_p0.9/12_graph_n28_p0.9_idx10.gpickle,28,0.9,10,6,44,129,"[21, 14, 16, 3, 9, 17, 8, 25, 2, 23, 10, 0, 1, 27, 13, 18, 11, 24, 7, 4, 26, 5, 20, 12, 19, 6, 22, 15]",10.826221
./random_graph_db/graph_db_node_28/12_p0.9/12_graph_n28_p0.9_idx2.gpickle,28,0.9,2,6,39,106,"[26, 13, 10, 4, 5, 2, 16, 15, 23, 0, 14, 21, 6, 20, 1, 19, 22, 11, 3, 24, 18, 27, 12, 9, 25, 17, 7, 8]",10.7882061
./random_graph_db/graph_db_node_28/12_p0.9/12_graph_n28_p0.9_idx3.gpickle,28,0.9,3,8,81,200,"[12, 8, 0, 27, 2, 10, 22, 16, 9, 26, 3, 18, 11, 19, 15, 13, 20, 1, 21, 7, 5, 24, 23, 25, 6, 17, 14, 4]",11.673228
./random_graph_db/graph_db_node_28/12_p0.9/12_graph_n28_p0.9_idx4.gpickle,28,0.9,4,7,48,135,"[23, 8, 2, 18, 17, 12, 15, 9, 6, 16, 25, 27, 0, 7, 3, 13, 26, 5, 4, 1, 21, 14, 22, 20, 19, 10, 11, 24]",11.0202191
./random_graph_db/graph_db_node_28/12_p0.9/12_graph_n28_p0.9_idx5.gpickle,28,0.9,5,6,32,100,"[21, 12, 11, 8, 27, 7, 25, 14, 15, 16, 1, 3, 24, 4, 19, 2, 10, 18, 20, 26, 23, 0, 9, 13, 22, 5, 6, 17]",10.6353297
./random_graph_db/graph_db_node_28/12_p0.9/12_graph_n28_p0.9_idx6.gpickle,28,0.9,6,5,31,104,"[6, 0, 4, 22, 13, 7, 26, 16, 2, 12, 19, 14, 17, 23, 25, 3, 27, 8, 11, 15, 9, 1, 20, 10, 21, 5, 24, 18]",10.491327
./random_graph_db/graph_db_node_28/12_p0.9/12_graph_n28_p0.9_idx7.gpickle,28,0.9,7,5,35,122,"[16, 15, 2, 6, 20, 4, 17, 9, 19, 23, 10, 14, 11, 22, 27, 21, 7, 5, 18, 24, 25, 13, 1, 0, 8, 12, 26, 3]",10.4105542
./random_graph_db/graph_db_node_28/12_p0.9/12_graph_n28_p0.9_idx8.gpickle,28,0.9,8,6,52,147,"[23, 2, 8, 10, 11, 18, 27, 20, 7, 19, 6, 15, 4, 1, 26, 17, 9, 0, 16, 12, 25, 3, 5, 24, 14, 22, 21, 13]",10.7119029
./random_graph_db/graph_db_node_28/12_p0.9/12_graph_n28_p0.9_idx9.gpickle,28,0.9,9,7,45,133,"[22, 4, 23, 12, 7, 19, 15, 13, 17, 16, 18, 21, 25, 2, 3, 10, 1, 5, 27, 0, 9, 20, 8, 11, 6, 24, 14, 26]",10.935257
./random_graph_db/graph_db_node_29/01_p0.1/01_graph_n29_p0.1_idx1.gpickle,29,0.1,1,6,29,77,"[25, 11, 5, 6, 22, 4, 7, 14, 26, 2, 10, 1, 21, 17, 24, 15, 13, 16, 20, 0, 18, 9, 28, 19, 8, 12, 27, 3, 23]",10.751925
./random_graph_db/graph_db_node_29/01_p0.1/01_graph_n29_p0.1_idx10.gpickle,29,0.1,10,7,41,108,"[10, 27, 7, 3, 20, 12, 0, 19, 25, 8, 17, 22, 13, 9, 15, 1, 5, 28, 2, 16, 26, 11, 6, 4, 24, 14, 23, 21, 18]",11.3151991
./random_graph_db/graph_db_node_29/01_p0.1/01_graph_n29_p0.1_idx2.gpickle,29,0.1,2,5,28,106,"[25, 8, 20, 9, 10, 16, 6, 22, 7, 18, 17, 19, 28, 3, 1, 13, 12, 0, 14, 23, 5, 15, 4, 27, 2, 21, 24, 11, 26]",10.6055841
./random_graph_db/graph_db_node_29/01_p0.1/01_graph_n29_p0.1_idx3.gpickle,29,0.1,3,4,29,82,"[6, 7, 0, 3, 22, 27, 18, 14, 16, 8, 4, 28, 17, 11, 25, 10, 1, 20, 9, 19, 2, 24, 21, 5, 12, 15, 23, 13, 26]",10.8714712
./random_graph_db/graph_db_node_29/01_p0.1/01_graph_n29_p0.1_idx4.gpickle,29,0.1,4,5,19,66,"[3, 24, 16, 13, 17, 14, 11, 26, 9, 0, 25, 18, 8, 4, 7, 22, 1, 28, 20, 6, 10, 27, 2, 15, 23, 5, 21, 12, 19]",10.810432
./random_graph_db/graph_db_node_29/01_p0.1/01_graph_n29_p0.1_idx5.gpickle,29,0.1,5,4,15,62,"[11, 21, 9, 1, 18, 6, 25, 28, 5, 24, 16, 12, 27, 14, 13, 10, 23, 7, 4, 26, 22, 0, 3, 15, 8, 2, 20, 17, 19]",10.4796698
./random_graph_db/graph_db_node_29/01_p0.1/01_graph_n29_p0.1_idx6.gpickle,29,0.1,6,5,17,59,"[4, 0, 22, 27, 21, 11, 18, 15, 20, 13, 14, 2, 25, 9, 24, 28, 1, 16, 12, 3, 26, 17, 7, 10, 8, 6, 23, 5, 19]",10.640811
./random_graph_db/graph_db_node_29/01_p0.1/01_graph_n29_p0.1_idx7.gpickle,29,0.1,7,5,23,70,"[27, 5, 26, 8, 10, 17, 9, 18, 6, 2, 25, 28, 7, 22, 15, 14, 24, 0, 20, 13, 4, 16, 1, 19, 3, 21, 23, 12, 11]",10.7452474
./random_graph_db/graph_db_node_29/01_p0.1/01_graph_n29_p0.1_idx8.gpickle,29,0.1,8,7,24,75,"[10, 22, 20, 27, 18, 24, 14, 8, 12, 23, 26, 15, 9, 4, 17, 19, 5, 16, 21, 28, 25, 0, 7, 11, 2, 1, 6, 3, 13]",10.9011102
./random_graph_db/graph_db_node_29/01_p0.1/01_graph_n29_p0.1_idx9.gpickle,29,0.1,9,6,32,91,"[19, 12, 21, 11, 16, 18, 9, 28, 13, 4, 25, 15, 17, 14, 10, 0, 26, 7, 8, 22, 20, 24, 1, 23, 2, 27, 6, 5, 3]",10.7364471
./random_graph_db/graph_db_node_29/02_p0.2/02_graph_n29_p0.2_idx1.gpickle,29,0.2,1,9,80,190,"[27, 7, 21, 20, 18, 11, 4, 2, 3, 17, 28, 10, 9, 16, 1, 22, 19, 6, 23, 8, 26, 13, 14, 24, 12, 5, 15, 25, 0]",12.3233399
./random_graph_db/graph_db_node_29/02_p0.2/02_graph_n29_p0.2_idx10.gpickle,29,0.2,10,10,102,236,"[22, 2, 21, 15, 4, 17, 7, 3, 5, 16, 13, 23, 12, 6, 18, 10, 28, 1, 27, 19, 8, 14, 25, 0, 24, 11, 20, 9, 26]",12.3084052
./random_graph_db/graph_db_node_29/02_p0.2/02_graph_n29_p0.2_idx2.gpickle,29,0.2,2,10,91,212,"[2, 4, 5, 15, 7, 14, 10, 23, 28, 17, 22, 11, 26, 6, 8, 24, 0, 27, 1, 13, 20, 21, 9, 12, 25, 18, 16, 3, 19]",12.596755
./random_graph_db/graph_db_node_29/02_p0.2/02_graph_n29_p0.2_idx3.gpickle,29,0.2,3,9,104,247,"[14, 23, 24, 0, 28, 7, 2, 10, 11, 20, 15, 18, 8, 27, 13, 9, 4, 19, 5, 26, 6, 25, 12, 17, 22, 16, 3, 1, 21]",12.582963
./random_graph_db/graph_db_node_29/02_p0.2/02_graph_n29_p0.2_idx4.gpickle,29,0.2,4,8,62,162,"[18, 13, 16, 1, 23, 3, 0, 19, 8, 12, 26, 2, 7, 21, 6, 15, 10, 22, 28, 11, 17, 14, 25, 24, 5, 4, 27, 9, 20]",11.827528
./random_graph_db/graph_db_node_29/02_p0.2/02_graph_n29_p0.2_idx5.gpickle,29,0.2,5,8,74,179,"[17, 13, 16, 24, 2, 22, 4, 1, 21, 5, 11, 19, 3, 0, 25, 26, 8, 10, 23, 18, 27, 6, 9, 14, 7, 15, 20, 28, 12]",11.7590878
./random_graph_db/graph_db_node_29/02_p0.2/02_graph_n29_p0.2_idx6.gpickle,29,0.2,6,10,118,261,"[10, 23, 16, 18, 11, 26, 2, 25, 20, 17, 1, 28, 19, 14, 9, 8, 0, 13, 6, 15, 12, 3, 7, 27, 22, 21, 24, 5, 4]",12.6631188
./random_graph_db/graph_db_node_29/02_p0.2/02_graph_n29_p0.2_idx7.gpickle,29,0.2,7,9,87,211,"[12, 20, 19, 1, 17, 18, 13, 9, 28, 24, 6, 26, 0, 11, 25, 4, 16, 8, 14, 2, 10, 15, 21, 5, 22, 3, 23, 7, 27]",12.42453
./random_graph_db/graph_db_node_29/02_p0.2/02_graph_n29_p0.2_idx8.gpickle,29,0.2,8,8,69,177,"[8, 17, 25, 11, 3, 6, 21, 18, 4, 5, 20, 14, 27, 22, 24, 16, 23, 28, 2, 19, 12, 1, 15, 13, 26, 7, 9, 10, 0]",11.8993599
./random_graph_db/graph_db_node_29/02_p0.2/02_graph_n29_p0.2_idx9.gpickle,29,0.2,9,9,80,200,"[6, 18, 2, 4, 28, 21, 10, 23, 27, 25, 15, 5, 19, 1, 14, 13, 12, 3, 26, 16, 8, 11, 22, 9, 17, 0, 20, 24, 7]",12.1480169
./random_graph_db/graph_db_node_29/03_p0.3/03_graph_n29_p0.3_idx1.gpickle,29,0.3,1,11,128,299,"[1, 22, 27, 18, 15, 19, 8, 16, 14, 23, 9, 7, 21, 11, 17, 28, 24, 6, 10, 0, 20, 4, 26, 3, 13, 12, 2, 25, 5]",12.9522913
./random_graph_db/graph_db_node_29/03_p0.3/03_graph_n29_p0.3_idx10.gpickle,29,0.3,10,11,144,342,"[6, 8, 23, 27, 11, 28, 14, 25, 1, 12, 18, 0, 2, 22, 16, 3, 4, 7, 26, 13, 24, 10, 15, 19, 5, 21, 9, 20, 17]",13.2419989
./random_graph_db/graph_db_node_29/03_p0.3/03_graph_n29_p0.3_idx2.gpickle,29,0.3,2,11,138,323,"[3, 17, 19, 1, 20, 28, 25, 7, 24, 8, 13, 14, 26, 11, 5, 2, 22, 15, 6, 0, 27, 10, 4, 18, 23, 21, 9, 12, 16]",13.213881
./random_graph_db/graph_db_node_29/03_p0.3/03_graph_n29_p0.3_idx3.gpickle,29,0.3,3,11,141,329,"[2, 13, 21, 9, 20, 25, 23, 0, 14, 7, 24, 26, 12, 28, 5, 18, 8, 1, 19, 15, 11, 17, 6, 3, 10, 4, 16, 22, 27]",13.0450099
./random_graph_db/graph_db_node_29/03_p0.3/03_graph_n29_p0.3_idx4.gpickle,29,0.3,4,10,127,319,"[15, 23, 9, 19, 27, 8, 28, 21, 22, 20, 14, 6, 16, 17, 0, 18, 7, 24, 5, 11, 12, 10, 1, 13, 2, 25, 4, 26, 3]",11.846657
./random_graph_db/graph_db_node_29/03_p0.3/03_graph_n29_p0.3_idx5.gpickle,29,0.3,5,10,110,272,"[13, 12, 26, 21, 27, 19, 3, 23, 24, 22, 0, 17, 16, 6, 11, 9, 8, 10, 20, 4, 5, 15, 1, 14, 7, 28, 2, 18, 25]",11.7426341
./random_graph_db/graph_db_node_29/03_p0.3/03_graph_n29_p0.3_idx6.gpickle,29,0.3,6,10,114,275,"[4, 2, 1, 22, 6, 5, 3, 25, 21, 28, 7, 10, 24, 19, 8, 11, 14, 16, 17, 13, 20, 23, 15, 12, 9, 18, 0, 27, 26]",12.1901112
./random_graph_db/graph_db_node_29/03_p0.3/03_graph_n29_p0.3_idx7.gpickle,29,0.3,7,11,111,255,"[17, 9, 16, 4, 5, 18, 22, 27, 3, 20, 7, 24, 19, 15, 10, 21, 28, 25, 2, 8, 12, 11, 0, 14, 6, 23, 13, 26, 1]",11.9434733
./random_graph_db/graph_db_node_29/03_p0.3/03_graph_n29_p0.3_idx8.gpickle,29,0.3,8,10,124,291,"[12, 4, 21, 7, 1, 11, 0, 3, 10, 27, 5, 15, 18, 28, 19, 26, 9, 2, 22, 14, 6, 17, 23, 8, 16, 24, 25, 13, 20]",11.772352
./random_graph_db/graph_db_node_29/03_p0.3/03_graph_n29_p0.3_idx9.gpickle,29,0.3,9,12,134,332,"[23, 15, 11, 17, 18, 20, 5, 25, 26, 3, 19, 6, 16, 2, 28, 9, 22, 12, 8, 14, 1, 0, 7, 21, 10, 13, 27, 24, 4]",12.2014251
./random_graph_db/graph_db_node_29/04_p0.4/04_graph_n29_p0.4_idx1.gpickle,29,0.4,1,11,133,308,"[22, 20, 10, 4, 14, 17, 11, 8, 5, 9, 19, 2, 26, 13, 15, 23, 27, 16, 12, 0, 25, 18, 24, 7, 21, 1, 3, 6, 28]",12.515799
./random_graph_db/graph_db_node_29/04_p0.4/04_graph_n29_p0.4_idx10.gpickle,29,0.4,10,11,143,329,"[1, 22, 27, 17, 24, 10, 21, 0, 28, 7, 18, 15, 5, 23, 20, 9, 19, 8, 6, 14, 12, 16, 4, 26, 13, 2, 25, 11, 3]",12.735774
./random_graph_db/graph_db_node_29/04_p0.4/04_graph_n29_p0.4_idx2.gpickle,29,0.4,2,11,145,346,"[23, 1, 28, 17, 27, 7, 0, 26, 11, 4, 13, 10, 18, 22, 20, 14, 9, 12, 2, 16, 21, 5, 24, 15, 3, 8, 25, 6, 19]",12.5206573
./random_graph_db/graph_db_node_29/04_p0.4/04_graph_n29_p0.4_idx3.gpickle,29,0.4,3,11,126,306,"[10, 13, 28, 8, 4, 17, 12, 23, 11, 3, 0, 24, 16, 14, 6, 15, 19, 25, 5, 27, 1, 21, 7, 9, 22, 18, 20, 2, 26]",12.266947
./random_graph_db/graph_db_node_29/04_p0.4/04_graph_n29_p0.4_idx4.gpickle,29,0.4,4,11,146,354,"[8, 14, 10, 5, 22, 24, 4, 12, 1, 0, 18, 11, 28, 9, 13, 27, 17, 23, 7, 20, 16, 2, 15, 3, 6, 25, 19, 26, 21]",12.4101679
./random_graph_db/graph_db_node_29/04_p0.4/04_graph_n29_p0.4_idx5.gpickle,29,0.4,5,11,160,374,"[16, 24, 19, 26, 14, 17, 28, 2, 20, 12, 22, 23, 0, 27, 10, 13, 1, 21, 8, 18, 11, 3, 4, 6, 25, 15, 9, 7, 5]",12.4940836
./random_graph_db/graph_db_node_29/04_p0.4/04_graph_n29_p0.4_idx6.gpickle,29,0.4,6,11,138,349,"[8, 10, 1, 26, 16, 25, 5, 7, 21, 22, 28, 13, 24, 17, 3, 20, 4, 11, 6, 0, 12, 19, 18, 27, 2, 15, 14, 23, 9]",12.9226942
./random_graph_db/graph_db_node_29/04_p0.4/04_graph_n29_p0.4_idx7.gpickle,29,0.4,7,11,143,352,"[8, 20, 21, 18, 24, 17, 28, 9, 14, 19, 22, 2, 7, 27, 26, 16, 23, 4, 3, 5, 10, 1, 11, 25, 12, 6, 13, 0, 15]",12.4218314
./random_graph_db/graph_db_node_29/04_p0.4/04_graph_n29_p0.4_idx8.gpickle,29,0.4,8,11,151,356,"[0, 27, 20, 26, 13, 22, 17, 21, 5, 18, 11, 10, 12, 28, 14, 7, 25, 9, 15, 24, 23, 2, 3, 4, 1, 16, 6, 8, 19]",12.4997289
./random_graph_db/graph_db_node_29/04_p0.4/04_graph_n29_p0.4_idx9.gpickle,29,0.4,9,11,137,314,"[16, 10, 20, 28, 15, 18, 14, 5, 8, 21, 22, 3, 26, 19, 4, 9, 1, 6, 7, 27, 17, 0, 2, 11, 12, 25, 13, 24, 23]",12.3543518
./random_graph_db/graph_db_node_29/05_p0.45/05_graph_n29_p0.45_idx1.gpickle,29,0.45,1,11,162,382,"[5, 19, 7, 22, 20, 4, 12, 24, 23, 3, 18, 1, 13, 21, 2, 14, 6, 9, 25, 8, 15, 11, 28, 26, 27, 0, 10, 17, 16]",12.8762896
./random_graph_db/graph_db_node_29/05_p0.45/05_graph_n29_p0.45_idx10.gpickle,29,0.45,10,11,139,331,"[14, 1, 9, 27, 22, 11, 12, 24, 3, 4, 21, 28, 10, 0, 2, 5, 18, 17, 16, 8, 26, 6, 25, 20, 19, 7, 23, 13, 15]",12.5938318
./random_graph_db/graph_db_node_29/05_p0.45/05_graph_n29_p0.45_idx2.gpickle,29,0.45,2,12,160,365,"[15, 10, 17, 1, 24, 21, 8, 12, 5, 20, 16, 14, 25, 6, 19, 0, 23, 7, 18, 3, 13, 4, 2, 9, 28, 27, 26, 11, 22]",12.6729317
./random_graph_db/graph_db_node_29/05_p0.45/05_graph_n29_p0.45_idx3.gpickle,29,0.45,3,11,153,368,"[16, 10, 18, 14, 13, 15, 3, 9, 23, 19, 0, 27, 28, 8, 17, 11, 21, 5, 12, 20, 6, 1, 22, 24, 2, 7, 26, 4, 25]",12.6347599
./random_graph_db/graph_db_node_29/05_p0.45/05_graph_n29_p0.45_idx4.gpickle,29,0.45,4,11,160,382,"[9, 11, 7, 21, 18, 17, 13, 4, 5, 20, 10, 25, 22, 12, 27, 6, 28, 8, 14, 16, 15, 19, 2, 24, 0, 23, 1, 26, 3]",12.552593
./random_graph_db/graph_db_node_29/05_p0.45/05_graph_n29_p0.45_idx5.gpickle,29,0.45,5,11,147,355,"[28, 3, 22, 18, 13, 14, 19, 10, 7, 23, 21, 1, 20, 4, 25, 15, 11, 2, 6, 24, 16, 8, 26, 17, 0, 27, 9, 12, 5]",12.6654959
./random_graph_db/graph_db_node_29/05_p0.45/05_graph_n29_p0.45_idx6.gpickle,29,0.45,6,11,152,358,"[26, 9, 0, 10, 15, 18, 20, 19, 24, 23, 4, 17, 14, 21, 25, 7, 16, 28, 12, 27, 22, 6, 2, 8, 3, 1, 13, 5, 11]",12.55216
./random_graph_db/graph_db_node_29/05_p0.45/05_graph_n29_p0.45_idx7.gpickle,29,0.45,7,12,158,387,"[17, 7, 6, 3, 19, 14, 5, 26, 20, 18, 9, 25, 22, 27, 24, 10, 28, 4, 8, 0, 2, 1, 12, 16, 23, 11, 15, 21, 13]",12.696629
./random_graph_db/graph_db_node_29/05_p0.45/05_graph_n29_p0.45_idx8.gpickle,29,0.45,8,12,147,350,"[16, 1, 22, 26, 17, 6, 7, 19, 10, 0, 12, 11, 28, 27, 5, 14, 8, 3, 18, 23, 13, 15, 20, 2, 25, 21, 9, 24, 4]",12.4904027
./random_graph_db/graph_db_node_29/05_p0.45/05_graph_n29_p0.45_idx9.gpickle,29,0.45,9,12,150,345,"[22, 24, 10, 28, 13, 4, 12, 1, 8, 18, 7, 3, 2, 20, 17, 15, 26, 16, 19, 25, 21, 11, 5, 0, 27, 23, 14, 9, 6]",12.5180659
./random_graph_db/graph_db_node_29/06_p0.5/06_graph_n29_p0.5_idx1.gpickle,29,0.5,1,12,157,373,"[5, 27, 8, 4, 16, 18, 7, 0, 21, 14, 1, 22, 19, 24, 28, 23, 6, 9, 20, 10, 25, 3, 15, 2, 12, 13, 11, 26, 17]",12.9383678
./random_graph_db/graph_db_node_29/06_p0.5/06_graph_n29_p0.5_idx10.gpickle,29,0.5,10,12,159,372,"[21, 22, 16, 15, 28, 26, 13, 12, 24, 11, 14, 0, 20, 25, 9, 5, 19, 2, 18, 7, 6, 10, 17, 3, 8, 4, 1, 23, 27]",12.6695242
./random_graph_db/graph_db_node_29/06_p0.5/06_graph_n29_p0.5_idx2.gpickle,29,0.5,2,11,158,375,"[6, 24, 20, 3, 16, 23, 0, 14, 2, 9, 27, 11, 25, 13, 28, 1, 15, 10, 5, 4, 22, 19, 17, 26, 21, 18, 8, 12, 7]",12.6016419
./random_graph_db/graph_db_node_29/06_p0.5/06_graph_n29_p0.5_idx3.gpickle,29,0.5,3,11,148,366,"[3, 5, 16, 17, 2, 8, 22, 14, 9, 7, 15, 4, 11, 19, 24, 23, 12, 0, 25, 18, 20, 1, 26, 27, 6, 13, 10, 21, 28]",12.58182
./random_graph_db/graph_db_node_29/06_p0.5/06_graph_n29_p0.5_idx4.gpickle,29,0.5,4,11,151,365,"[16, 12, 1, 20, 17, 15, 27, 28, 9, 18, 26, 13, 10, 7, 0, 5, 6, 24, 19, 4, 23, 21, 2, 25, 14, 22, 11, 8, 3]",12.6523011
./random_graph_db/graph_db_node_29/06_p0.5/06_graph_n29_p0.5_idx5.gpickle,29,0.5,5,11,146,339,"[23, 25, 19, 6, 5, 20, 28, 8, 16, 2, 18, 7, 22, 14, 13, 4, 9, 1, 10, 0, 26, 11, 17, 21, 12, 3, 24, 15, 27]",13.0403609
./random_graph_db/graph_db_node_29/06_p0.5/06_graph_n29_p0.5_idx6.gpickle,29,0.5,6,11,161,375,"[1, 23, 18, 14, 13, 3, 17, 28, 7, 22, 8, 0, 16, 12, 21, 26, 5, 15, 4, 2, 20, 24, 6, 25, 9, 19, 27, 11, 10]",12.6953239
./random_graph_db/graph_db_node_29/06_p0.5/06_graph_n29_p0.5_idx7.gpickle,29,0.5,7,11,151,363,"[26, 10, 15, 9, 17, 11, 21, 22, 0, 19, 1, 2, 25, 27, 20, 13, 3, 14, 18, 12, 6, 8, 24, 28, 4, 16, 5, 23, 7]",12.519778
./random_graph_db/graph_db_node_29/06_p0.5/06_graph_n29_p0.5_idx8.gpickle,29,0.5,8,11,155,372,"[22, 8, 11, 16, 28, 13, 17, 20, 24, 5, 27, 21, 3, 0, 18, 2, 7, 23, 25, 4, 12, 10, 15, 1, 26, 6, 14, 9, 19]",12.4700789
./random_graph_db/graph_db_node_29/06_p0.5/06_graph_n29_p0.5_idx9.gpickle,29,0.5,9,12,163,388,"[23, 28, 22, 16, 1, 10, 19, 13, 21, 25, 3, 12, 2, 27, 14, 18, 4, 6, 8, 17, 0, 7, 24, 20, 9, 11, 15, 5, 26]",12.944118
./random_graph_db/graph_db_node_29/07_p0.55/07_graph_n29_p0.55_idx1.gpickle,29,0.55,1,11,149,363,"[20, 10, 5, 22, 21, 28, 11, 13, 19, 24, 15, 6, 7, 3, 0, 16, 26, 1, 4, 23, 14, 27, 12, 8, 25, 17, 2, 9, 18]",12.5907331
./random_graph_db/graph_db_node_29/07_p0.55/07_graph_n29_p0.55_idx10.gpickle,29,0.55,10,11,142,346,"[25, 7, 24, 14, 4, 27, 23, 28, 9, 15, 21, 22, 13, 8, 5, 6, 11, 0, 10, 3, 17, 26, 12, 19, 1, 16, 18, 2, 20]",12.5501521
./random_graph_db/graph_db_node_29/07_p0.55/07_graph_n29_p0.55_idx2.gpickle,29,0.55,2,11,165,414,"[5, 18, 11, 26, 0, 12, 24, 19, 28, 23, 16, 1, 27, 14, 13, 10, 17, 9, 21, 22, 25, 15, 20, 4, 2, 8, 3, 6, 7]",12.5412788
./random_graph_db/graph_db_node_29/07_p0.55/07_graph_n29_p0.55_idx3.gpickle,29,0.55,3,11,147,351,"[8, 26, 22, 28, 17, 0, 19, 16, 15, 11, 13, 4, 24, 10, 3, 23, 2, 25, 27, 14, 21, 1, 7, 6, 12, 18, 9, 5, 20]",12.53599
./random_graph_db/graph_db_node_29/07_p0.55/07_graph_n29_p0.55_idx4.gpickle,29,0.55,4,11,151,365,"[9, 28, 10, 17, 20, 6, 27, 12, 0, 3, 23, 26, 22, 21, 19, 11, 1, 14, 18, 15, 2, 5, 24, 7, 13, 8, 25, 16, 4]",12.6573157
./random_graph_db/graph_db_node_29/07_p0.55/07_graph_n29_p0.55_idx5.gpickle,29,0.55,5,11,149,354,"[8, 5, 11, 24, 26, 3, 19, 13, 6, 4, 21, 1, 7, 28, 12, 0, 15, 27, 22, 20, 9, 16, 18, 2, 10, 23, 14, 17, 25]",12.452369
./random_graph_db/graph_db_node_29/07_p0.55/07_graph_n29_p0.55_idx6.gpickle,29,0.55,6,11,142,341,"[14, 20, 2, 11, 26, 24, 1, 18, 3, 28, 16, 9, 7, 27, 21, 10, 15, 0, 6, 8, 5, 23, 25, 13, 4, 22, 12, 19, 17]",12.5804751
./random_graph_db/graph_db_node_29/07_p0.55/07_graph_n29_p0.55_idx7.gpickle,29,0.55,7,11,153,373,"[25, 9, 17, 22, 21, 19, 12, 1, 3, 5, 20, 7, 6, 15, 13, 11, 18, 16, 23, 8, 28, 10, 24, 4, 14, 27, 2, 26, 0]",12.5280671
./random_graph_db/graph_db_node_29/07_p0.55/07_graph_n29_p0.55_idx8.gpickle,29,0.55,8,11,141,351,"[0, 8, 11, 2, 26, 17, 18, 15, 25, 6, 24, 7, 16, 10, 21, 14, 3, 12, 23, 1, 28, 9, 5, 27, 20, 13, 19, 22, 4]",12.6662591
./random_graph_db/graph_db_node_29/07_p0.55/07_graph_n29_p0.55_idx9.gpickle,29,0.55,9,11,149,362,"[28, 8, 21, 1, 13, 10, 25, 23, 5, 11, 9, 20, 3, 22, 14, 7, 4, 0, 24, 16, 26, 6, 19, 27, 12, 15, 18, 2, 17]",12.7102861
./random_graph_db/graph_db_node_29/08_p0.6/08_graph_n29_p0.6_idx1.gpickle,29,0.6,1,11,152,359,"[16, 15, 1, 19, 28, 23, 11, 25, 13, 12, 24, 4, 14, 22, 8, 18, 17, 10, 7, 21, 27, 2, 9, 3, 6, 5, 20, 0, 26]",12.6080592
./random_graph_db/graph_db_node_29/08_p0.6/08_graph_n29_p0.6_idx10.gpickle,29,0.6,10,11,156,369,"[6, 10, 8, 27, 1, 26, 15, 23, 9, 5, 24, 22, 17, 18, 14, 13, 16, 28, 21, 2, 20, 0, 19, 3, 7, 4, 12, 11, 25]",12.467262
./random_graph_db/graph_db_node_29/08_p0.6/08_graph_n29_p0.6_idx2.gpickle,29,0.6,2,11,154,364,"[11, 18, 8, 6, 9, 2, 23, 10, 19, 17, 13, 15, 5, 1, 4, 0, 25, 24, 26, 20, 22, 14, 27, 7, 21, 12, 28, 3, 16]",12.5543408
./random_graph_db/graph_db_node_29/08_p0.6/08_graph_n29_p0.6_idx3.gpickle,29,0.6,3,11,133,324,"[20, 15, 4, 7, 5, 11, 25, 6, 0, 27, 8, 28, 1, 3, 13, 24, 10, 9, 18, 19, 26, 12, 17, 23, 14, 16, 21, 22, 2]",12.422195
./random_graph_db/graph_db_node_29/08_p0.6/08_graph_n29_p0.6_idx4.gpickle,29,0.6,4,11,146,349,"[14, 16, 27, 1, 24, 0, 15, 26, 20, 4, 25, 6, 22, 2, 23, 3, 11, 28, 12, 10, 7, 17, 21, 13, 8, 5, 18, 19, 9]",12.7753348
./random_graph_db/graph_db_node_29/08_p0.6/08_graph_n29_p0.6_idx5.gpickle,29,0.6,5,12,162,371,"[21, 15, 22, 24, 13, 12, 28, 2, 11, 5, 1, 3, 16, 8, 4, 18, 23, 19, 25, 20, 9, 26, 14, 17, 7, 27, 6, 0, 10]",12.5579889
./random_graph_db/graph_db_node_29/08_p0.6/08_graph_n29_p0.6_idx6.gpickle,29,0.6,6,11,155,359,"[15, 23, 6, 17, 8, 19, 2, 27, 12, 0, 24, 11, 21, 1, 14, 13, 3, 9, 4, 16, 25, 10, 7, 26, 5, 18, 22, 20, 28]",12.6805031
./random_graph_db/graph_db_node_29/08_p0.6/08_graph_n29_p0.6_idx7.gpickle,29,0.6,7,11,136,321,"[14, 5, 25, 1, 19, 28, 6, 10, 13, 3, 11, 7, 23, 17, 22, 12, 16, 24, 9, 4, 0, 18, 8, 21, 26, 2, 20, 27, 15]",12.4132011
./random_graph_db/graph_db_node_29/08_p0.6/08_graph_n29_p0.6_idx8.gpickle,29,0.6,8,12,166,382,"[21, 22, 10, 19, 28, 27, 18, 26, 14, 25, 24, 4, 1, 7, 11, 0, 9, 16, 5, 17, 8, 2, 20, 13, 12, 6, 3, 23, 15]",12.6323249
./random_graph_db/graph_db_node_29/08_p0.6/08_graph_n29_p0.6_idx9.gpickle,29,0.6,9,11,141,352,"[25, 21, 17, 24, 9, 5, 8, 27, 23, 4, 28, 22, 1, 13, 18, 15, 11, 14, 6, 7, 12, 0, 3, 2, 26, 20, 10, 19, 16]",12.6741619
./random_graph_db/graph_db_node_29/09_p0.65/09_graph_n29_p0.65_idx1.gpickle,29,0.65,1,12,167,398,"[13, 16, 17, 4, 0, 23, 6, 19, 12, 15, 24, 21, 28, 14, 8, 3, 2, 22, 26, 9, 25, 11, 7, 18, 27, 20, 5, 10, 1]",12.3859482
./random_graph_db/graph_db_node_29/09_p0.65/09_graph_n29_p0.65_idx10.gpickle,29,0.65,10,12,163,393,"[1, 18, 28, 25, 2, 21, 26, 20, 5, 7, 12, 6, 19, 13, 3, 27, 0, 16, 9, 14, 10, 11, 22, 15, 4, 17, 23, 24, 8]",12.8271351
./random_graph_db/graph_db_node_29/09_p0.65/09_graph_n29_p0.65_idx2.gpickle,29,0.65,2,12,155,360,"[11, 2, 12, 18, 5, 23, 28, 8, 7, 0, 24, 3, 13, 26, 10, 14, 16, 27, 21, 25, 9, 15, 19, 6, 20, 17, 4, 1, 22]",12.5379243
./random_graph_db/graph_db_node_29/09_p0.65/09_graph_n29_p0.65_idx3.gpickle,29,0.65,3,11,140,317,"[0, 8, 7, 14, 20, 9, 16, 12, 26, 10, 11, 15, 24, 18, 4, 2, 13, 23, 28, 21, 6, 22, 19, 25, 17, 27, 3, 5, 1]",12.2622042
./random_graph_db/graph_db_node_29/09_p0.65/09_graph_n29_p0.65_idx4.gpickle,29,0.65,4,12,158,357,"[21, 23, 3, 7, 12, 11, 10, 18, 15, 26, 25, 9, 1, 27, 24, 22, 0, 14, 28, 6, 20, 17, 8, 13, 5, 19, 16, 4, 2]",12.7609808
./random_graph_db/graph_db_node_29/09_p0.65/09_graph_n29_p0.65_idx5.gpickle,29,0.65,5,12,150,358,"[3, 19, 22, 13, 6, 5, 12, 18, 25, 0, 26, 23, 10, 27, 21, 14, 16, 20, 4, 9, 24, 28, 8, 15, 1, 17, 2, 7, 11]",12.4643271
./random_graph_db/graph_db_node_29/09_p0.65/09_graph_n29_p0.65_idx6.gpickle,29,0.65,6,11,151,361,"[20, 1, 3, 7, 16, 15, 4, 23, 27, 19, 6, 25, 10, 17, 5, 21, 22, 0, 13, 2, 14, 18, 26, 12, 11, 9, 24, 28, 8]",12.4332368
./random_graph_db/graph_db_node_29/09_p0.65/09_graph_n29_p0.65_idx7.gpickle,29,0.65,7,12,164,398,"[26, 9, 2, 15, 7, 0, 23, 13, 17, 18, 5, 21, 6, 3, 22, 24, 4, 14, 25, 20, 11, 16, 19, 12, 27, 28, 10, 1, 8]",12.7771578
./random_graph_db/graph_db_node_29/09_p0.65/09_graph_n29_p0.65_idx8.gpickle,29,0.65,8,11,139,333,"[12, 28, 7, 14, 3, 15, 16, 21, 11, 8, 4, 27, 18, 0, 6, 26, 9, 22, 2, 19, 17, 20, 5, 13, 1, 25, 24, 10, 23]",12.5633202
./random_graph_db/graph_db_node_29/09_p0.65/09_graph_n29_p0.65_idx9.gpickle,29,0.65,9,11,144,341,"[14, 1, 26, 10, 21, 8, 23, 20, 18, 17, 27, 16, 13, 22, 5, 4, 28, 3, 24, 11, 2, 15, 0, 25, 7, 9, 12, 6, 19]",12.2195032
./random_graph_db/graph_db_node_29/10_p0.7/10_graph_n29_p0.7_idx1.gpickle,29,0.7,1,11,159,377,"[6, 23, 1, 0, 17, 25, 5, 14, 18, 22, 27, 9, 28, 4, 10, 15, 7, 16, 21, 8, 19, 26, 20, 11, 24, 3, 13, 2, 12]",12.5600169
./random_graph_db/graph_db_node_29/10_p0.7/10_graph_n29_p0.7_idx10.gpickle,29,0.7,10,10,125,311,"[8, 24, 6, 9, 22, 16, 10, 5, 17, 4, 21, 26, 25, 11, 28, 20, 12, 27, 7, 14, 23, 3, 0, 13, 19, 1, 15, 18, 2]",12.2490592
./random_graph_db/graph_db_node_29/10_p0.7/10_graph_n29_p0.7_idx2.gpickle,29,0.7,2,11,127,325,"[24, 14, 9, 4, 3, 12, 8, 20, 10, 22, 11, 15, 26, 1, 28, 13, 25, 23, 18, 19, 17, 0, 6, 2, 16, 7, 21, 5, 27]",12.3419418
./random_graph_db/graph_db_node_29/10_p0.7/10_graph_n29_p0.7_idx3.gpickle,29,0.7,3,11,127,288,"[27, 22, 17, 3, 8, 25, 6, 0, 11, 19, 9, 23, 13, 28, 21, 1, 2, 7, 5, 14, 4, 16, 24, 10, 15, 12, 26, 20, 18]",12.4468963
./random_graph_db/graph_db_node_29/10_p0.7/10_graph_n29_p0.7_idx4.gpickle,29,0.7,4,10,128,327,"[1, 0, 8, 4, 18, 23, 10, 25, 26, 21, 28, 5, 16, 12, 3, 9, 19, 11, 6, 24, 7, 15, 27, 17, 13, 22, 2, 20, 14]",12.140873
./random_graph_db/graph_db_node_29/10_p0.7/10_graph_n29_p0.7_idx5.gpickle,29,0.7,5,11,145,349,"[13, 1, 12, 11, 24, 10, 21, 6, 28, 3, 14, 4, 16, 8, 26, 15, 18, 19, 25, 9, 7, 27, 23, 22, 20, 2, 17, 5, 0]",12.3351359
./random_graph_db/graph_db_node_29/10_p0.7/10_graph_n29_p0.7_idx6.gpickle,29,0.7,6,11,146,345,"[21, 11, 13, 16, 3, 22, 1, 15, 7, 26, 8, 25, 17, 9, 0, 5, 6, 12, 19, 4, 2, 14, 24, 28, 20, 23, 27, 18, 10]",12.3559921
./random_graph_db/graph_db_node_29/10_p0.7/10_graph_n29_p0.7_idx7.gpickle,29,0.7,7,11,162,383,"[0, 6, 22, 28, 17, 23, 1, 24, 19, 7, 3, 16, 5, 26, 13, 18, 12, 27, 21, 11, 14, 9, 20, 10, 4, 8, 2, 25, 15]",12.7096651
./random_graph_db/graph_db_node_29/10_p0.7/10_graph_n29_p0.7_idx8.gpickle,29,0.7,8,10,134,342,"[5, 6, 16, 19, 3, 9, 2, 25, 12, 1, 4, 23, 27, 26, 24, 11, 8, 22, 7, 15, 28, 0, 18, 20, 21, 14, 17, 13, 10]",12.353075
./random_graph_db/graph_db_node_29/10_p0.7/10_graph_n29_p0.7_idx9.gpickle,29,0.7,9,12,161,371,"[14, 17, 25, 1, 24, 8, 28, 16, 11, 7, 21, 27, 9, 18, 10, 2, 6, 4, 23, 26, 3, 19, 12, 13, 0, 20, 15, 22, 5]",12.4857531
./random_graph_db/graph_db_node_29/11_p0.8/11_graph_n29_p0.8_idx1.gpickle,29,0.8,1,9,101,254,"[6, 5, 20, 4, 19, 18, 9, 7, 25, 0, 14, 13, 23, 28, 22, 12, 2, 17, 27, 8, 1, 15, 11, 10, 24, 3, 26, 16, 21]",11.7402477
./random_graph_db/graph_db_node_29/11_p0.8/11_graph_n29_p0.8_idx10.gpickle,29,0.8,10,11,117,277,"[9, 13, 14, 6, 24, 10, 8, 20, 2, 19, 18, 17, 12, 22, 25, 5, 7, 15, 27, 3, 1, 11, 28, 21, 23, 16, 4, 0, 26]",11.685097
./random_graph_db/graph_db_node_29/11_p0.8/11_graph_n29_p0.8_idx2.gpickle,29,0.8,2,10,103,272,"[8, 11, 0, 21, 28, 26, 2, 6, 22, 16, 9, 27, 14, 13, 1, 3, 18, 17, 7, 24, 4, 10, 12, 19, 5, 20, 25, 23, 15]",12.031528
./random_graph_db/graph_db_node_29/11_p0.8/11_graph_n29_p0.8_idx3.gpickle,29,0.8,3,10,101,236,"[21, 12, 27, 13, 1, 0, 2, 7, 17, 8, 25, 14, 24, 28, 18, 22, 6, 16, 19, 10, 26, 9, 15, 4, 20, 5, 3, 23, 11]",11.7718449
./random_graph_db/graph_db_node_29/11_p0.8/11_graph_n29_p0.8_idx4.gpickle,29,0.8,4,9,83,208,"[1, 6, 4, 17, 21, 18, 0, 22, 10, 2, 5, 12, 14, 25, 13, 27, 19, 28, 23, 15, 24, 20, 11, 16, 8, 3, 7, 9, 26]",11.5604272
./random_graph_db/graph_db_node_29/11_p0.8/11_graph_n29_p0.8_idx5.gpickle,29,0.8,5,9,103,253,"[1, 14, 16, 13, 0, 2, 4, 24, 11, 27, 7, 5, 19, 17, 23, 18, 26, 28, 3, 12, 22, 8, 20, 10, 15, 21, 25, 6, 9]",11.4032819
./random_graph_db/graph_db_node_29/11_p0.8/11_graph_n29_p0.8_idx6.gpickle,29,0.8,6,9,108,263,"[3, 16, 13, 8, 15, 5, 10, 27, 1, 18, 6, 22, 0, 25, 23, 21, 4, 2, 12, 24, 19, 28, 9, 20, 26, 17, 11, 7, 14]",11.811218
./random_graph_db/graph_db_node_29/11_p0.8/11_graph_n29_p0.8_idx7.gpickle,29,0.8,7,10,133,314,"[10, 17, 4, 9, 1, 28, 24, 22, 6, 2, 21, 5, 8, 11, 0, 14, 3, 18, 7, 23, 27, 16, 26, 15, 19, 25, 20, 12, 13]",12.0867999
./random_graph_db/graph_db_node_29/11_p0.8/11_graph_n29_p0.8_idx8.gpickle,29,0.8,8,10,115,289,"[7, 0, 27, 1, 2, 6, 14, 20, 21, 10, 13, 3, 22, 4, 24, 16, 25, 11, 28, 23, 26, 9, 5, 8, 12, 17, 15, 19, 18]",12.174264
./random_graph_db/graph_db_node_29/11_p0.8/11_graph_n29_p0.8_idx9.gpickle,29,0.8,9,10,118,303,"[17, 21, 4, 8, 20, 18, 2, 7, 26, 28, 27, 12, 24, 13, 14, 15, 23, 5, 25, 16, 0, 9, 11, 6, 19, 3, 1, 22, 10]",11.9333858
./random_graph_db/graph_db_node_29/12_p0.9/12_graph_n29_p0.9_idx1.gpickle,29,0.9,1,6,53,145,"[2, 4, 11, 19, 20, 17, 8, 0, 28, 12, 7, 23, 21, 13, 18, 25, 10, 16, 26, 22, 1, 27, 3, 14, 6, 5, 9, 15, 24]",10.448482
./random_graph_db/graph_db_node_29/12_p0.9/12_graph_n29_p0.9_idx10.gpickle,29,0.9,10,5,43,140,"[9, 20, 5, 8, 3, 7, 13, 1, 28, 4, 6, 25, 2, 23, 0, 18, 12, 21, 26, 14, 10, 24, 16, 11, 19, 22, 17, 15, 27]",10.5068858
./random_graph_db/graph_db_node_29/12_p0.9/12_graph_n29_p0.9_idx2.gpickle,29,0.9,2,7,55,134,"[11, 5, 14, 18, 8, 21, 9, 4, 10, 3, 19, 16, 25, 23, 24, 7, 15, 28, 1, 17, 22, 12, 2, 13, 6, 0, 26, 20, 27]",10.8804731
./random_graph_db/graph_db_node_29/12_p0.9/12_graph_n29_p0.9_idx3.gpickle,29,0.9,3,8,55,128,"[27, 13, 22, 0, 24, 8, 23, 6, 15, 5, 16, 1, 14, 26, 21, 12, 25, 19, 4, 10, 7, 9, 17, 28, 2, 20, 18, 3, 11]",10.8859792
./random_graph_db/graph_db_node_29/12_p0.9/12_graph_n29_p0.9_idx4.gpickle,29,0.9,4,7,61,149,"[0, 2, 23, 19, 26, 21, 24, 16, 15, 8, 28, 18, 27, 10, 1, 9, 11, 5, 3, 12, 17, 20, 25, 4, 13, 6, 22, 7, 14]",10.7933519
./random_graph_db/graph_db_node_29/12_p0.9/12_graph_n29_p0.9_idx5.gpickle,29,0.9,5,5,36,126,"[7, 15, 5, 21, 27, 17, 16, 10, 6, 26, 23, 18, 3, 24, 4, 12, 0, 14, 9, 22, 8, 13, 1, 28, 25, 2, 20, 11, 19]",9.9412651
./random_graph_db/graph_db_node_29/12_p0.9/12_graph_n29_p0.9_idx6.gpickle,29,0.9,6,5,31,113,"[15, 16, 8, 25, 27, 3, 9, 1, 19, 14, 22, 12, 17, 28, 24, 20, 5, 7, 18, 21, 23, 11, 6, 13, 10, 26, 2, 4, 0]",10.0160508
./random_graph_db/graph_db_node_29/12_p0.9/12_graph_n29_p0.9_idx7.gpickle,29,0.9,7,5,39,104,"[2, 14, 22, 19, 20, 3, 11, 9, 6, 25, 10, 4, 28, 15, 7, 24, 1, 23, 5, 16, 21, 27, 18, 26, 17, 8, 13, 12, 0]",10.1564679
./random_graph_db/graph_db_node_29/12_p0.9/12_graph_n29_p0.9_idx8.gpickle,29,0.9,8,7,65,170,"[8, 2, 5, 19, 11, 28, 23, 7, 6, 27, 20, 16, 14, 18, 24, 21, 1, 13, 12, 15, 4, 0, 22, 26, 17, 25, 3, 10, 9]",10.9144001
./random_graph_db/graph_db_node_29/12_p0.9/12_graph_n29_p0.9_idx9.gpickle,29,0.9,9,7,51,163,"[17, 5, 23, 11, 0, 3, 27, 24, 15, 20, 19, 22, 13, 26, 25, 21, 7, 12, 4, 1, 18, 10, 14, 2, 9, 8, 16, 28, 6]",10.8496468
./random_graph_db/graph_db_node_30/01_p0.1/01_graph_n30_p0.1_idx1.gpickle,30,0.1,1,5,21,67,"[1, 6, 12, 27, 14, 2, 9, 24, 11, 8, 18, 13, 16, 20, 21, 25, 22, 15, 0, 26, 5, 4, 28, 23, 3, 29, 19, 10, 7, 17]",10.2893651
./random_graph_db/graph_db_node_30/01_p0.1/01_graph_n30_p0.1_idx10.gpickle,30,0.1,10,7,35,92,"[18, 7, 21, 9, 26, 11, 12, 10, 20, 17, 8, 23, 6, 2, 24, 28, 1, 19, 0, 27, 3, 4, 14, 22, 25, 5, 13, 16, 29, 15]",10.7930279
./random_graph_db/graph_db_node_30/01_p0.1/01_graph_n30_p0.1_idx2.gpickle,30,0.1,2,6,32,97,"[13, 20, 7, 23, 2, 12, 27, 19, 26, 9, 4, 10, 25, 29, 18, 11, 3, 5, 1, 17, 6, 24, 0, 8, 15, 22, 21, 28, 14, 16]",10.5290849
./random_graph_db/graph_db_node_30/01_p0.1/01_graph_n30_p0.1_idx3.gpickle,30,0.1,3,6,25,77,"[27, 11, 5, 6, 10, 1, 13, 24, 26, 23, 0, 3, 15, 22, 16, 14, 21, 4, 18, 2, 29, 28, 19, 25, 9, 7, 12, 20, 8, 17]",10.542438
./random_graph_db/graph_db_node_30/01_p0.1/01_graph_n30_p0.1_idx4.gpickle,30,0.1,4,6,27,91,"[17, 8, 23, 25, 14, 19, 4, 27, 5, 20, 2, 21, 7, 1, 11, 28, 0, 24, 15, 29, 9, 18, 13, 10, 3, 6, 22, 12, 16, 26]",10.7373378
./random_graph_db/graph_db_node_30/01_p0.1/01_graph_n30_p0.1_idx5.gpickle,30,0.1,5,6,39,126,"[7, 3, 9, 10, 8, 16, 18, 11, 17, 2, 6, 19, 12, 0, 20, 21, 5, 4, 22, 27, 13, 23, 24, 26, 1, 29, 15, 14, 25, 28]",10.701225
./random_graph_db/graph_db_node_30/01_p0.1/01_graph_n30_p0.1_idx6.gpickle,30,0.1,6,6,35,100,"[0, 10, 20, 19, 15, 17, 27, 28, 12, 13, 29, 21, 5, 26, 11, 22, 16, 24, 23, 18, 7, 25, 3, 14, 4, 8, 9, 6, 1, 2]",10.6174831
./random_graph_db/graph_db_node_30/01_p0.1/01_graph_n30_p0.1_idx7.gpickle,30,0.1,7,5,20,66,"[26, 4, 22, 2, 1, 5, 6, 11, 3, 10, 17, 13, 12, 25, 14, 19, 20, 29, 15, 9, 24, 16, 28, 7, 0, 23, 18, 8, 21, 27]",10.1529
./random_graph_db/graph_db_node_30/01_p0.1/01_graph_n30_p0.1_idx8.gpickle,30,0.1,8,7,43,116,"[22, 13, 20, 6, 11, 23, 26, 21, 29, 16, 19, 5, 0, 2, 18, 25, 4, 8, 17, 15, 9, 3, 7, 12, 28, 10, 1, 24, 14, 27]",10.7662261
./random_graph_db/graph_db_node_30/01_p0.1/01_graph_n30_p0.1_idx9.gpickle,30,0.1,9,6,33,100,"[8, 29, 20, 0, 6, 4, 26, 15, 16, 25, 18, 13, 28, 7, 5, 23, 17, 3, 24, 22, 2, 10, 14, 12, 9, 19, 21, 1, 27, 11]",10.5168409
./random_graph_db/graph_db_node_30/02_p0.2/02_graph_n30_p0.2_idx1.gpickle,30,0.2,1,9,90,234,"[5, 2, 19, 10, 25, 23, 15, 26, 6, 1, 28, 24, 3, 22, 11, 18, 17, 16, 0, 14, 21, 20, 8, 13, 29, 9, 27, 4, 12, 7]",12.005168
./random_graph_db/graph_db_node_30/02_p0.2/02_graph_n30_p0.2_idx10.gpickle,30,0.2,10,8,74,192,"[24, 29, 3, 4, 14, 11, 17, 21, 20, 12, 6, 27, 22, 19, 23, 2, 28, 26, 7, 5, 8, 18, 9, 13, 10, 16, 25, 0, 1, 15]",11.7978339
./random_graph_db/graph_db_node_30/02_p0.2/02_graph_n30_p0.2_idx2.gpickle,30,0.2,2,10,108,264,"[11, 14, 17, 26, 9, 4, 18, 24, 12, 28, 22, 2, 15, 7, 21, 8, 20, 16, 13, 19, 0, 5, 29, 3, 6, 27, 10, 25, 23, 1]",12.2222199
./random_graph_db/graph_db_node_30/02_p0.2/02_graph_n30_p0.2_idx3.gpickle,30,0.2,3,9,101,241,"[6, 2, 18, 28, 21, 8, 25, 10, 26, 24, 14, 7, 17, 29, 12, 23, 9, 5, 22, 27, 4, 20, 13, 3, 15, 0, 11, 1, 19, 16]",11.9299221
./random_graph_db/graph_db_node_30/02_p0.2/02_graph_n30_p0.2_idx4.gpickle,30,0.2,4,10,69,201,"[27, 11, 10, 17, 19, 9, 26, 0, 29, 7, 4, 18, 2, 8, 24, 6, 14, 23, 13, 3, 20, 21, 1, 25, 22, 16, 12, 28, 15, 5]",11.6284909
./random_graph_db/graph_db_node_30/02_p0.2/02_graph_n30_p0.2_idx5.gpickle,30,0.2,5,8,77,204,"[1, 5, 12, 17, 2, 20, 28, 26, 25, 14, 16, 13, 7, 6, 4, 3, 22, 24, 8, 0, 23, 29, 10, 15, 19, 11, 18, 27, 9, 21]",11.7262163
./random_graph_db/graph_db_node_30/02_p0.2/02_graph_n30_p0.2_idx6.gpickle,30,0.2,6,9,76,195,"[6, 20, 27, 8, 18, 28, 12, 1, 7, 19, 3, 16, 29, 21, 15, 14, 25, 26, 11, 9, 22, 4, 17, 5, 2, 13, 0, 10, 24, 23]",11.9415312
./random_graph_db/graph_db_node_30/02_p0.2/02_graph_n30_p0.2_idx7.gpickle,30,0.2,7,9,90,207,"[18, 12, 15, 22, 29, 24, 17, 26, 5, 14, 7, 8, 9, 4, 1, 28, 25, 16, 3, 27, 11, 6, 23, 19, 10, 20, 13, 0, 2, 21]",11.865366
./random_graph_db/graph_db_node_30/02_p0.2/02_graph_n30_p0.2_idx8.gpickle,30,0.2,8,10,86,183,"[13, 9, 0, 10, 4, 22, 20, 12, 6, 15, 16, 18, 29, 5, 3, 24, 28, 27, 17, 8, 2, 26, 25, 11, 23, 21, 19, 1, 14, 7]",12.0048337
./random_graph_db/graph_db_node_30/02_p0.2/02_graph_n30_p0.2_idx9.gpickle,30,0.2,9,9,78,205,"[0, 13, 8, 22, 28, 25, 19, 5, 27, 23, 2, 11, 3, 21, 7, 9, 26, 15, 29, 24, 12, 16, 17, 20, 10, 4, 14, 1, 6, 18]",11.745183
./random_graph_db/graph_db_node_30/03_p0.3/03_graph_n30_p0.3_idx1.gpickle,30,0.3,1,11,116,296,"[15, 18, 21, 7, 25, 14, 4, 2, 12, 22, 0, 20, 9, 27, 23, 19, 26, 17, 5, 11, 16, 1, 13, 3, 10, 29, 8, 6, 24, 28]",12.8242259
./random_graph_db/graph_db_node_30/03_p0.3/03_graph_n30_p0.3_idx10.gpickle,30,0.3,10,12,147,329,"[15, 26, 25, 18, 20, 11, 1, 28, 13, 9, 17, 8, 14, 7, 19, 27, 12, 21, 3, 4, 6, 16, 10, 2, 29, 5, 22, 23, 0, 24]",13.0300062
./random_graph_db/graph_db_node_30/03_p0.3/03_graph_n30_p0.3_idx2.gpickle,30,0.3,2,11,125,289,"[0, 20, 28, 24, 15, 16, 3, 5, 2, 26, 4, 25, 7, 14, 13, 27, 8, 11, 10, 1, 22, 9, 18, 29, 21, 6, 12, 17, 23, 19]",12.7352831
./random_graph_db/graph_db_node_30/03_p0.3/03_graph_n30_p0.3_idx3.gpickle,30,0.3,3,9,106,272,"[15, 9, 17, 21, 13, 25, 2, 23, 24, 16, 3, 10, 19, 29, 5, 22, 14, 28, 8, 6, 4, 1, 12, 26, 27, 11, 18, 0, 20, 7]",12.62692
./random_graph_db/graph_db_node_30/03_p0.3/03_graph_n30_p0.3_idx4.gpickle,30,0.3,4,11,140,314,"[22, 7, 15, 1, 27, 17, 13, 9, 18, 16, 25, 24, 8, 3, 20, 21, 14, 29, 10, 28, 23, 2, 6, 26, 11, 5, 12, 4, 19, 0]",12.7952077
./random_graph_db/graph_db_node_30/03_p0.3/03_graph_n30_p0.3_idx5.gpickle,30,0.3,5,11,134,325,"[25, 7, 18, 10, 19, 20, 9, 14, 16, 5, 1, 24, 15, 11, 27, 17, 28, 6, 23, 12, 8, 3, 13, 29, 0, 22, 26, 21, 4, 2]",12.8113229
./random_graph_db/graph_db_node_30/03_p0.3/03_graph_n30_p0.3_idx6.gpickle,30,0.3,6,11,118,305,"[10, 29, 24, 12, 7, 1, 3, 0, 6, 17, 23, 9, 18, 22, 27, 21, 28, 4, 15, 20, 11, 25, 14, 26, 5, 2, 13, 8, 16, 19]",12.5066381
./random_graph_db/graph_db_node_30/03_p0.3/03_graph_n30_p0.3_idx7.gpickle,30,0.3,7,11,136,314,"[27, 14, 24, 0, 8, 11, 6, 3, 15, 17, 29, 21, 26, 18, 13, 19, 2, 5, 25, 28, 22, 7, 12, 16, 23, 20, 9, 4, 10, 1]",12.8491299
./random_graph_db/graph_db_node_30/03_p0.3/03_graph_n30_p0.3_idx8.gpickle,30,0.3,8,11,109,277,"[24, 29, 23, 27, 21, 28, 26, 13, 5, 20, 3, 6, 12, 10, 19, 7, 8, 22, 2, 0, 4, 9, 1, 18, 16, 14, 11, 15, 17, 25]",12.3609648
./random_graph_db/graph_db_node_30/03_p0.3/03_graph_n30_p0.3_idx9.gpickle,30,0.3,9,12,151,339,"[13, 24, 12, 19, 4, 2, 28, 23, 0, 18, 22, 25, 7, 26, 21, 1, 16, 17, 11, 8, 14, 6, 27, 29, 3, 5, 15, 10, 20, 9]",13.0185468
./random_graph_db/graph_db_node_30/04_p0.4/04_graph_n30_p0.4_idx1.gpickle,30,0.4,1,12,172,400,"[14, 18, 17, 22, 25, 3, 2, 10, 19, 11, 5, 16, 0, 12, 23, 24, 7, 9, 13, 1, 4, 8, 26, 28, 20, 21, 6, 27, 29, 15]",13.7886159
./random_graph_db/graph_db_node_30/04_p0.4/04_graph_n30_p0.4_idx10.gpickle,30,0.4,10,12,154,355,"[12, 4, 26, 1, 19, 6, 2, 22, 23, 20, 28, 14, 25, 5, 15, 10, 17, 3, 13, 29, 0, 9, 8, 24, 7, 27, 18, 11, 16, 21]",13.2510321
./random_graph_db/graph_db_node_30/04_p0.4/04_graph_n30_p0.4_idx2.gpickle,30,0.4,2,12,163,383,"[12, 19, 8, 22, 4, 16, 21, 15, 25, 2, 18, 17, 5, 13, 6, 24, 11, 29, 14, 3, 27, 28, 1, 20, 9, 23, 0, 26, 7, 10]",13.36497
./random_graph_db/graph_db_node_30/04_p0.4/04_graph_n30_p0.4_idx3.gpickle,30,0.4,3,12,160,373,"[4, 17, 24, 9, 12, 2, 23, 8, 16, 18, 11, 5, 27, 13, 0, 14, 19, 28, 25, 26, 22, 20, 21, 1, 6, 7, 10, 3, 29, 15]",13.3535421
./random_graph_db/graph_db_node_30/04_p0.4/04_graph_n30_p0.4_idx4.gpickle,30,0.4,4,12,163,383,"[2, 3, 25, 22, 5, 29, 28, 12, 23, 15, 8, 1, 11, 21, 27, 24, 9, 20, 14, 26, 18, 7, 16, 19, 6, 13, 10, 4, 0, 17]",13.7554412
./random_graph_db/graph_db_node_30/04_p0.4/04_graph_n30_p0.4_idx5.gpickle,30,0.4,5,11,154,361,"[2, 19, 25, 12, 10, 13, 1, 17, 8, 20, 11, 7, 28, 4, 27, 18, 9, 0, 23, 14, 22, 3, 21, 29, 26, 15, 16, 5, 6, 24]",13.037236
./random_graph_db/graph_db_node_30/04_p0.4/04_graph_n30_p0.4_idx6.gpickle,30,0.4,6,12,153,353,"[6, 25, 23, 27, 8, 26, 0, 10, 24, 17, 7, 18, 15, 29, 12, 11, 19, 21, 4, 13, 28, 14, 5, 20, 22, 9, 16, 1, 2, 3]",13.2075751
./random_graph_db/graph_db_node_30/04_p0.4/04_graph_n30_p0.4_idx7.gpickle,30,0.4,7,11,130,305,"[24, 25, 11, 29, 12, 8, 28, 3, 0, 1, 2, 18, 27, 26, 14, 20, 19, 7, 10, 5, 22, 21, 4, 17, 13, 9, 6, 16, 23, 15]",12.9753251
./random_graph_db/graph_db_node_30/04_p0.4/04_graph_n30_p0.4_idx8.gpickle,30,0.4,8,11,151,356,"[1, 6, 3, 11, 28, 21, 29, 12, 24, 25, 0, 18, 20, 16, 9, 5, 4, 17, 14, 26, 2, 10, 8, 27, 7, 22, 13, 15, 19, 23]",13.3641198
./random_graph_db/graph_db_node_30/04_p0.4/04_graph_n30_p0.4_idx9.gpickle,30,0.4,9,11,154,361,"[7, 23, 20, 15, 6, 8, 13, 14, 27, 19, 0, 5, 22, 24, 17, 16, 12, 28, 26, 10, 18, 2, 1, 11, 4, 25, 9, 21, 29, 3]",13.2774241
./random_graph_db/graph_db_node_30/05_p0.45/05_graph_n30_p0.45_idx1.gpickle,30,0.45,1,12,155,381,"[15, 29, 13, 6, 22, 2, 23, 7, 8, 19, 11, 16, 28, 10, 26, 0, 18, 1, 20, 12, 17, 24, 25, 9, 3, 27, 4, 21, 14, 5]",13.261375
./random_graph_db/graph_db_node_30/05_p0.45/05_graph_n30_p0.45_idx10.gpickle,30,0.45,10,12,173,402,"[18, 25, 10, 16, 14, 15, 5, 6, 23, 13, 12, 27, 20, 29, 8, 9, 22, 24, 17, 3, 2, 26, 0, 11, 19, 28, 4, 21, 1, 7]",13.372905
./random_graph_db/graph_db_node_30/05_p0.45/05_graph_n30_p0.45_idx2.gpickle,30,0.45,2,12,165,391,"[7, 10, 25, 16, 20, 26, 13, 6, 21, 4, 1, 11, 14, 19, 22, 12, 15, 29, 17, 28, 2, 3, 23, 18, 9, 24, 5, 8, 0, 27]",13.338284
./random_graph_db/graph_db_node_30/05_p0.45/05_graph_n30_p0.45_idx3.gpickle,30,0.45,3,12,160,377,"[14, 20, 0, 8, 1, 28, 22, 6, 21, 4, 15, 2, 18, 16, 24, 29, 5, 27, 9, 10, 19, 12, 13, 26, 3, 23, 11, 7, 25, 17]",13.548945
./random_graph_db/graph_db_node_30/05_p0.45/05_graph_n30_p0.45_idx4.gpickle,30,0.45,4,12,169,365,"[18, 1, 22, 24, 3, 14, 26, 8, 28, 20, 4, 23, 10, 0, 9, 15, 16, 2, 13, 25, 21, 6, 17, 5, 29, 11, 12, 27, 19, 7]",13.44432
./random_graph_db/graph_db_node_30/05_p0.45/05_graph_n30_p0.45_idx5.gpickle,30,0.45,5,12,167,407,"[29, 9, 28, 15, 4, 14, 8, 27, 20, 10, 1, 3, 7, 5, 18, 25, 13, 21, 6, 23, 11, 0, 19, 22, 12, 2, 16, 24, 17, 26]",13.3128231
./random_graph_db/graph_db_node_30/05_p0.45/05_graph_n30_p0.45_idx6.gpickle,30,0.45,6,12,175,394,"[15, 8, 12, 28, 0, 29, 3, 11, 22, 21, 24, 16, 26, 20, 25, 6, 10, 13, 19, 18, 4, 5, 2, 23, 1, 14, 17, 27, 7, 9]",13.3310132
./random_graph_db/graph_db_node_30/05_p0.45/05_graph_n30_p0.45_idx7.gpickle,30,0.45,7,11,159,392,"[24, 10, 21, 4, 29, 7, 26, 14, 11, 3, 27, 9, 8, 16, 17, 13, 20, 25, 22, 2, 0, 18, 6, 19, 15, 5, 23, 1, 12, 28]",13.5993507
./random_graph_db/graph_db_node_30/05_p0.45/05_graph_n30_p0.45_idx8.gpickle,30,0.45,8,12,178,406,"[15, 8, 6, 0, 5, 20, 9, 4, 1, 28, 16, 19, 17, 12, 3, 26, 14, 18, 24, 29, 27, 25, 10, 23, 21, 22, 7, 13, 2, 11]",13.4563239
./random_graph_db/graph_db_node_30/05_p0.45/05_graph_n30_p0.45_idx9.gpickle,30,0.45,9,12,153,376,"[16, 11, 15, 29, 23, 13, 8, 12, 20, 1, 25, 2, 7, 19, 3, 0, 28, 18, 24, 9, 5, 10, 4, 27, 14, 6, 22, 17, 21, 26]",13.2093401
./random_graph_db/graph_db_node_30/06_p0.5/06_graph_n30_p0.5_idx1.gpickle,30,0.5,1,12,153,351,"[28, 10, 17, 20, 16, 22, 6, 0, 7, 15, 12, 2, 27, 4, 24, 13, 5, 14, 26, 3, 29, 18, 1, 9, 8, 21, 25, 11, 19, 23]",13.1946549
./random_graph_db/graph_db_node_30/06_p0.5/06_graph_n30_p0.5_idx10.gpickle,30,0.5,10,12,171,402,"[25, 26, 18, 17, 1, 20, 0, 23, 4, 6, 10, 3, 12, 13, 7, 14, 2, 29, 8, 28, 16, 5, 9, 15, 19, 21, 11, 22, 24, 27]",13.4594212
./random_graph_db/graph_db_node_30/06_p0.5/06_graph_n30_p0.5_idx2.gpickle,30,0.5,2,12,159,358,"[13, 28, 15, 3, 1, 5, 16, 8, 23, 22, 2, 0, 17, 6, 10, 14, 29, 4, 18, 26, 24, 9, 20, 7, 25, 12, 21, 19, 11, 27]",13.495358
./random_graph_db/graph_db_node_30/06_p0.5/06_graph_n30_p0.5_idx3.gpickle,30,0.5,3,11,150,362,"[24, 28, 7, 15, 1, 21, 5, 29, 6, 2, 19, 20, 4, 16, 23, 25, 14, 17, 18, 3, 22, 13, 12, 26, 27, 9, 0, 11, 8, 10]",13.2531142
./random_graph_db/graph_db_node_30/06_p0.5/06_graph_n30_p0.5_idx4.gpickle,30,0.5,4,12,158,383,"[16, 29, 10, 13, 12, 24, 2, 6, 27, 21, 20, 4, 11, 0, 3, 22, 5, 14, 1, 19, 7, 15, 17, 23, 18, 28, 9, 26, 8, 25]",13.3559091
./random_graph_db/graph_db_node_30/06_p0.5/06_graph_n30_p0.5_idx5.gpickle,30,0.5,5,12,176,399,"[23, 7, 0, 16, 27, 21, 19, 4, 11, 3, 24, 5, 12, 18, 28, 6, 13, 22, 17, 10, 2, 26, 25, 29, 20, 8, 9, 15, 1, 14]",13.408813
./random_graph_db/graph_db_node_30/06_p0.5/06_graph_n30_p0.5_idx6.gpickle,30,0.5,6,12,163,380,"[12, 14, 16, 22, 3, 18, 21, 15, 17, 10, 11, 25, 20, 27, 6, 1, 28, 5, 8, 4, 0, 7, 29, 26, 19, 9, 2, 13, 24, 23]",13.7401929
./random_graph_db/graph_db_node_30/06_p0.5/06_graph_n30_p0.5_idx7.gpickle,30,0.5,7,11,150,343,"[2, 12, 28, 9, 7, 13, 27, 3, 24, 23, 29, 4, 26, 19, 1, 10, 18, 16, 11, 8, 25, 15, 22, 17, 20, 14, 21, 0, 6, 5]",13.5207281
./random_graph_db/graph_db_node_30/06_p0.5/06_graph_n30_p0.5_idx8.gpickle,30,0.5,8,11,167,398,"[10, 0, 16, 29, 1, 20, 18, 4, 23, 3, 15, 25, 21, 6, 14, 9, 12, 24, 5, 17, 19, 8, 13, 2, 11, 28, 7, 26, 22, 27]",13.4697049
./random_graph_db/graph_db_node_30/06_p0.5/06_graph_n30_p0.5_idx9.gpickle,30,0.5,9,12,160,369,"[11, 16, 14, 23, 18, 5, 19, 15, 25, 12, 20, 4, 6, 26, 13, 22, 0, 21, 28, 1, 24, 27, 9, 2, 8, 10, 17, 7, 3, 29]",13.2759809
./random_graph_db/graph_db_node_30/07_p0.55/07_graph_n30_p0.55_idx1.gpickle,30,0.55,1,11,168,413,"[22, 25, 16, 21, 6, 10, 4, 13, 11, 24, 12, 0, 29, 26, 8, 19, 28, 1, 15, 2, 5, 17, 20, 27, 7, 14, 23, 9, 3, 18]",13.359726
./random_graph_db/graph_db_node_30/07_p0.55/07_graph_n30_p0.55_idx10.gpickle,30,0.55,10,11,165,403,"[19, 18, 26, 20, 10, 4, 13, 27, 24, 14, 11, 0, 6, 28, 17, 23, 29, 8, 7, 15, 5, 1, 22, 3, 2, 25, 16, 9, 21, 12]",13.5791652
./random_graph_db/graph_db_node_30/07_p0.55/07_graph_n30_p0.55_idx2.gpickle,30,0.55,2,11,150,360,"[25, 21, 13, 15, 0, 27, 19, 23, 24, 5, 11, 12, 2, 18, 16, 26, 6, 17, 20, 10, 22, 28, 7, 9, 1, 14, 3, 4, 29, 8]",13.1699581
./random_graph_db/graph_db_node_30/07_p0.55/07_graph_n30_p0.55_idx3.gpickle,30,0.55,3,12,173,414,"[14, 21, 15, 29, 0, 9, 11, 17, 18, 7, 25, 19, 1, 20, 5, 3, 22, 27, 16, 6, 24, 10, 13, 8, 4, 28, 2, 23, 12, 26]",13.455164
./random_graph_db/graph_db_node_30/07_p0.55/07_graph_n30_p0.55_idx4.gpickle,30,0.55,4,12,155,369,"[15, 23, 21, 12, 5, 0, 20, 2, 18, 7, 14, 6, 8, 28, 1, 19, 4, 3, 27, 26, 9, 24, 10, 13, 25, 22, 11, 17, 29, 16]",13.9044502
./random_graph_db/graph_db_node_30/07_p0.55/07_graph_n30_p0.55_idx5.gpickle,30,0.55,5,12,171,398,"[27, 12, 20, 0, 6, 16, 8, 1, 28, 9, 29, 7, 24, 21, 5, 26, 4, 19, 3, 23, 10, 15, 11, 25, 18, 2, 17, 22, 14, 13]",13.6635551
./random_graph_db/graph_db_node_30/07_p0.55/07_graph_n30_p0.55_idx6.gpickle,30,0.55,6,12,148,352,"[19, 12, 4, 0, 3, 14, 22, 15, 2, 13, 11, 20, 8, 26, 27, 29, 25, 18, 23, 7, 28, 5, 21, 24, 6, 9, 16, 1, 10, 17]",13.473701
./random_graph_db/graph_db_node_30/07_p0.55/07_graph_n30_p0.55_idx7.gpickle,30,0.55,7,12,171,393,"[9, 21, 29, 2, 18, 3, 14, 24, 17, 12, 7, 11, 13, 5, 23, 22, 26, 10, 20, 4, 15, 19, 6, 28, 8, 25, 0, 1, 27, 16]",13.4359131
./random_graph_db/graph_db_node_30/07_p0.55/07_graph_n30_p0.55_idx8.gpickle,30,0.55,8,12,164,409,"[18, 24, 28, 12, 6, 13, 16, 15, 11, 4, 22, 20, 23, 5, 1, 10, 14, 9, 2, 19, 29, 7, 0, 17, 27, 21, 26, 8, 25, 3]",13.4068632
./random_graph_db/graph_db_node_30/07_p0.55/07_graph_n30_p0.55_idx9.gpickle,30,0.55,9,12,171,416,"[23, 13, 26, 7, 1, 21, 20, 15, 4, 18, 2, 17, 28, 27, 10, 19, 12, 16, 8, 11, 5, 25, 14, 3, 29, 6, 22, 0, 9, 24]",13.4949093
./random_graph_db/graph_db_node_30/08_p0.6/08_graph_n30_p0.6_idx1.gpickle,30,0.6,1,12,174,391,"[18, 24, 10, 23, 9, 7, 14, 6, 16, 25, 0, 28, 19, 2, 20, 5, 26, 12, 21, 27, 4, 3, 11, 17, 15, 1, 29, 22, 13, 8]",13.7018182
./random_graph_db/graph_db_node_30/08_p0.6/08_graph_n30_p0.6_idx10.gpickle,30,0.6,10,12,169,399,"[15, 28, 19, 24, 17, 8, 26, 10, 14, 4, 7, 22, 13, 29, 3, 0, 27, 6, 9, 23, 20, 21, 18, 2, 1, 5, 11, 25, 16, 12]",13.3722169
./random_graph_db/graph_db_node_30/08_p0.6/08_graph_n30_p0.6_idx2.gpickle,30,0.6,2,12,171,412,"[2, 17, 27, 24, 6, 28, 10, 23, 29, 14, 9, 5, 11, 22, 8, 19, 12, 15, 13, 26, 21, 16, 1, 18, 0, 7, 3, 4, 20, 25]",13.6127849
./random_graph_db/graph_db_node_30/08_p0.6/08_graph_n30_p0.6_idx3.gpickle,30,0.6,3,12,164,375,"[29, 3, 16, 10, 4, 12, 11, 14, 13, 27, 5, 22, 20, 19, 21, 8, 6, 18, 23, 26, 25, 2, 28, 15, 9, 7, 0, 24, 1, 17]",13.429522
./random_graph_db/graph_db_node_30/08_p0.6/08_graph_n30_p0.6_idx4.gpickle,30,0.6,4,11,166,398,"[23, 12, 6, 9, 29, 15, 0, 1, 21, 19, 2, 22, 17, 18, 26, 11, 25, 28, 27, 3, 20, 10, 5, 4, 7, 13, 14, 24, 16, 8]",13.6684029
./random_graph_db/graph_db_node_30/08_p0.6/08_graph_n30_p0.6_idx5.gpickle,30,0.6,5,11,129,334,"[4, 3, 2, 10, 17, 18, 27, 1, 13, 26, 12, 15, 20, 19, 0, 9, 24, 8, 7, 11, 29, 23, 22, 28, 14, 25, 16, 5, 21, 6]",13.2188118
./random_graph_db/graph_db_node_30/08_p0.6/08_graph_n30_p0.6_idx6.gpickle,30,0.6,6,12,151,341,"[4, 25, 27, 14, 1, 8, 11, 15, 0, 3, 10, 19, 12, 16, 6, 2, 24, 18, 29, 9, 20, 21, 17, 13, 5, 22, 28, 7, 26, 23]",13.0507889
./random_graph_db/graph_db_node_30/08_p0.6/08_graph_n30_p0.6_idx7.gpickle,30,0.6,7,11,167,400,"[5, 20, 1, 29, 21, 9, 23, 25, 19, 27, 6, 24, 3, 15, 12, 8, 0, 18, 16, 10, 17, 7, 2, 28, 11, 26, 13, 4, 14, 22]",13.404424
./random_graph_db/graph_db_node_30/08_p0.6/08_graph_n30_p0.6_idx8.gpickle,30,0.6,8,12,166,379,"[24, 8, 4, 20, 0, 2, 19, 22, 11, 23, 5, 7, 29, 25, 17, 16, 10, 13, 12, 26, 27, 9, 28, 18, 21, 14, 1, 3, 6, 15]",13.37887
./random_graph_db/graph_db_node_30/08_p0.6/08_graph_n30_p0.6_idx9.gpickle,30,0.6,9,11,162,377,"[27, 18, 28, 0, 25, 14, 23, 9, 6, 26, 4, 10, 21, 17, 19, 29, 16, 20, 3, 2, 8, 11, 22, 13, 15, 1, 24, 12, 5, 7]",13.6036088
./random_graph_db/graph_db_node_30/09_p0.65/09_graph_n30_p0.65_idx1.gpickle,30,0.65,1,11,150,344,"[15, 11, 20, 0, 23, 13, 18, 25, 1, 29, 5, 22, 12, 14, 16, 2, 4, 6, 24, 9, 7, 3, 10, 8, 17, 21, 26, 28, 27, 19]",13.099438
./random_graph_db/graph_db_node_30/09_p0.65/09_graph_n30_p0.65_idx10.gpickle,30,0.65,10,12,157,359,"[5, 21, 27, 6, 7, 18, 11, 1, 20, 10, 16, 4, 26, 17, 28, 13, 3, 25, 19, 23, 12, 2, 15, 24, 8, 14, 0, 29, 22, 9]",13.279022
./random_graph_db/graph_db_node_30/09_p0.65/09_graph_n30_p0.65_idx2.gpickle,30,0.65,2,12,176,385,"[22, 26, 20, 13, 15, 29, 18, 0, 10, 6, 12, 19, 2, 8, 23, 17, 1, 28, 5, 3, 16, 9, 27, 4, 14, 24, 11, 7, 25, 21]",13.574043
./random_graph_db/graph_db_node_30/09_p0.65/09_graph_n30_p0.65_idx3.gpickle,30,0.65,3,11,129,318,"[18, 22, 23, 10, 11, 5, 2, 8, 1, 0, 19, 16, 24, 14, 26, 6, 7, 29, 3, 13, 27, 21, 9, 20, 4, 25, 28, 15, 17, 12]",13.0054681
./random_graph_db/graph_db_node_30/09_p0.65/09_graph_n30_p0.65_idx4.gpickle,30,0.65,4,11,172,415,"[16, 24, 8, 2, 10, 27, 4, 25, 9, 17, 28, 3, 29, 0, 26, 11, 7, 23, 13, 5, 21, 22, 15, 1, 20, 12, 14, 18, 6, 19]",13.6111469
./random_graph_db/graph_db_node_30/09_p0.65/09_graph_n30_p0.65_idx5.gpickle,30,0.65,5,12,189,448,"[20, 17, 7, 13, 11, 3, 10, 18, 19, 2, 21, 26, 28, 27, 1, 23, 24, 16, 6, 12, 0, 5, 25, 9, 8, 22, 29, 15, 4, 14]",13.5288889
./random_graph_db/graph_db_node_30/09_p0.65/09_graph_n30_p0.65_idx6.gpickle,30,0.65,6,12,173,415,"[17, 27, 9, 4, 6, 15, 28, 14, 19, 3, 7, 24, 22, 29, 13, 0, 26, 11, 8, 12, 2, 16, 25, 18, 20, 23, 10, 5, 1, 21]",13.2963011
./random_graph_db/graph_db_node_30/09_p0.65/09_graph_n30_p0.65_idx7.gpickle,30,0.65,7,12,175,388,"[27, 7, 11, 1, 20, 2, 3, 25, 5, 18, 26, 22, 10, 21, 29, 6, 16, 14, 23, 9, 12, 4, 19, 15, 28, 0, 8, 13, 17, 24]",13.2593532
./random_graph_db/graph_db_node_30/09_p0.65/09_graph_n30_p0.65_idx8.gpickle,30,0.65,8,12,166,382,"[2, 22, 25, 4, 8, 15, 26, 28, 14, 7, 10, 27, 29, 5, 9, 21, 24, 1, 12, 0, 13, 20, 17, 3, 18, 19, 11, 6, 23, 16]",13.6052899
./random_graph_db/graph_db_node_30/09_p0.65/09_graph_n30_p0.65_idx9.gpickle,30,0.65,9,12,167,395,"[22, 12, 1, 13, 7, 25, 17, 14, 4, 16, 28, 6, 0, 15, 29, 2, 9, 26, 27, 11, 10, 20, 19, 8, 5, 23, 3, 18, 24, 21]",13.2982011
./random_graph_db/graph_db_node_30/10_p0.7/10_graph_n30_p0.7_idx1.gpickle,30,0.7,1,12,147,332,"[15, 13, 2, 23, 11, 21, 24, 27, 4, 22, 12, 10, 6, 29, 18, 14, 17, 3, 26, 7, 25, 16, 8, 20, 9, 28, 0, 19, 5, 1]",13.1454089
./random_graph_db/graph_db_node_30/10_p0.7/10_graph_n30_p0.7_idx10.gpickle,30,0.7,10,12,155,347,"[26, 1, 13, 5, 28, 22, 6, 18, 3, 16, 8, 27, 20, 9, 14, 4, 10, 15, 12, 29, 25, 0, 19, 24, 21, 2, 7, 23, 11, 17]",13.2989721
./random_graph_db/graph_db_node_30/10_p0.7/10_graph_n30_p0.7_idx2.gpickle,30,0.7,2,12,171,394,"[27, 22, 21, 29, 13, 12, 2, 6, 15, 26, 3, 20, 19, 11, 0, 8, 1, 4, 5, 24, 18, 23, 10, 9, 14, 25, 17, 16, 28, 7]",13.2293937
./random_graph_db/graph_db_node_30/10_p0.7/10_graph_n30_p0.7_idx3.gpickle,30,0.7,3,11,145,355,"[3, 25, 10, 23, 21, 20, 4, 15, 28, 27, 8, 19, 6, 13, 24, 11, 16, 17, 7, 0, 1, 18, 5, 29, 9, 2, 26, 14, 22, 12]",13.240802
./random_graph_db/graph_db_node_30/10_p0.7/10_graph_n30_p0.7_idx4.gpickle,30,0.7,4,12,143,330,"[27, 26, 17, 16, 20, 12, 25, 4, 2, 9, 21, 13, 29, 0, 19, 11, 24, 28, 14, 10, 6, 3, 23, 22, 8, 1, 15, 18, 7, 5]",12.8624361
./random_graph_db/graph_db_node_30/10_p0.7/10_graph_n30_p0.7_idx5.gpickle,30,0.7,5,11,144,338,"[15, 7, 1, 28, 18, 14, 21, 24, 5, 8, 9, 13, 11, 23, 20, 10, 6, 2, 16, 22, 19, 25, 12, 29, 17, 3, 0, 4, 26, 27]",13.158957
./random_graph_db/graph_db_node_30/10_p0.7/10_graph_n30_p0.7_idx6.gpickle,30,0.7,6,11,152,377,"[6, 20, 10, 2, 4, 12, 26, 18, 1, 29, 7, 9, 22, 24, 16, 13, 8, 11, 27, 3, 14, 25, 23, 15, 21, 17, 19, 28, 0, 5]",13.0308809
./random_graph_db/graph_db_node_30/10_p0.7/10_graph_n30_p0.7_idx7.gpickle,30,0.7,7,11,148,332,"[7, 14, 16, 9, 1, 15, 26, 17, 4, 8, 20, 13, 6, 21, 5, 24, 10, 12, 22, 0, 19, 2, 3, 11, 29, 27, 23, 25, 28, 18]",13.311424
./random_graph_db/graph_db_node_30/10_p0.7/10_graph_n30_p0.7_idx8.gpickle,30,0.7,8,12,146,347,"[17, 13, 15, 20, 5, 1, 29, 10, 2, 9, 8, 3, 24, 4, 12, 23, 7, 27, 0, 18, 21, 14, 19, 11, 28, 16, 6, 26, 22, 25]",13.0348949
./random_graph_db/graph_db_node_30/10_p0.7/10_graph_n30_p0.7_idx9.gpickle,30,0.7,9,12,151,339,"[22, 6, 28, 1, 14, 18, 29, 21, 24, 8, 27, 15, 11, 4, 13, 12, 9, 7, 0, 17, 20, 16, 5, 23, 26, 19, 3, 25, 10, 2]",13.0564601
./random_graph_db/graph_db_node_30/11_p0.8/11_graph_n30_p0.8_idx1.gpickle,30,0.8,1,10,114,276,"[2, 18, 27, 16, 22, 17, 0, 6, 5, 24, 1, 25, 14, 8, 26, 21, 10, 13, 11, 28, 19, 23, 9, 20, 15, 29, 7, 4, 3, 12]",12.3955588
./random_graph_db/graph_db_node_30/11_p0.8/11_graph_n30_p0.8_idx10.gpickle,30,0.8,10,11,138,335,"[14, 8, 0, 6, 11, 26, 9, 27, 12, 29, 16, 4, 1, 10, 24, 3, 28, 17, 18, 23, 22, 2, 7, 13, 20, 19, 15, 5, 21, 25]",13.1927781
./random_graph_db/graph_db_node_30/11_p0.8/11_graph_n30_p0.8_idx2.gpickle,30,0.8,2,10,117,266,"[22, 28, 25, 6, 20, 16, 0, 23, 27, 26, 13, 18, 17, 2, 21, 14, 10, 24, 4, 12, 11, 29, 5, 1, 8, 15, 3, 7, 9, 19]",12.4762619
./random_graph_db/graph_db_node_30/11_p0.8/11_graph_n30_p0.8_idx3.gpickle,30,0.8,3,10,120,300,"[14, 25, 3, 10, 20, 21, 0, 24, 18, 7, 1, 4, 17, 29, 28, 5, 22, 13, 9, 15, 2, 8, 6, 19, 11, 16, 12, 23, 26, 27]",12.566067
./random_graph_db/graph_db_node_30/11_p0.8/11_graph_n30_p0.8_idx4.gpickle,30,0.8,4,11,141,326,"[29, 21, 3, 18, 27, 7, 2, 9, 8, 24, 11, 28, 12, 26, 14, 23, 4, 1, 13, 0, 17, 25, 5, 15, 10, 19, 6, 20, 22, 16]",12.6551509
./random_graph_db/graph_db_node_30/11_p0.8/11_graph_n30_p0.8_idx5.gpickle,30,0.8,5,10,123,273,"[19, 4, 1, 8, 20, 10, 0, 23, 5, 22, 6, 11, 12, 17, 14, 9, 21, 27, 24, 16, 28, 13, 2, 25, 26, 29, 18, 15, 3, 7]",12.4486201
./random_graph_db/graph_db_node_30/11_p0.8/11_graph_n30_p0.8_idx6.gpickle,30,0.8,6,10,100,226,"[19, 29, 8, 6, 22, 10, 0, 14, 7, 9, 17, 18, 1, 5, 3, 4, 16, 25, 11, 21, 20, 27, 2, 12, 15, 26, 13, 24, 28, 23]",12.3247609
./random_graph_db/graph_db_node_30/11_p0.8/11_graph_n30_p0.8_idx7.gpickle,30,0.8,7,10,106,259,"[18, 10, 19, 21, 23, 14, 29, 16, 7, 8, 28, 25, 17, 15, 20, 11, 3, 26, 27, 0, 22, 6, 9, 24, 13, 1, 5, 4, 2, 12]",12.7880571
./random_graph_db/graph_db_node_30/11_p0.8/11_graph_n30_p0.8_idx8.gpickle,30,0.8,8,10,108,266,"[14, 9, 20, 27, 1, 28, 21, 7, 5, 29, 25, 17, 10, 16, 19, 3, 0, 24, 6, 13, 12, 26, 18, 22, 4, 15, 8, 11, 2, 23]",12.480922
./random_graph_db/graph_db_node_30/11_p0.8/11_graph_n30_p0.8_idx9.gpickle,30,0.8,9,10,128,291,"[16, 23, 25, 19, 13, 18, 26, 3, 24, 14, 2, 29, 10, 12, 11, 7, 27, 1, 6, 15, 28, 9, 21, 4, 17, 5, 20, 0, 8, 22]",12.4695232
./random_graph_db/graph_db_node_30/12_p0.9/12_graph_n30_p0.9_idx1.gpickle,30,0.9,1,6,45,128,"[26, 9, 15, 25, 14, 16, 4, 12, 3, 10, 18, 1, 27, 22, 19, 7, 24, 23, 29, 6, 0, 2, 20, 13, 17, 11, 28, 8, 21, 5]",10.9372663
./random_graph_db/graph_db_node_30/12_p0.9/12_graph_n30_p0.9_idx10.gpickle,30,0.9,10,7,62,156,"[27, 28, 25, 6, 23, 13, 2, 17, 9, 20, 10, 24, 16, 21, 3, 15, 14, 29, 18, 0, 19, 1, 7, 26, 5, 4, 11, 12, 22, 8]",11.1563799
./random_graph_db/graph_db_node_30/12_p0.9/12_graph_n30_p0.9_idx2.gpickle,30,0.9,2,8,60,151,"[9, 5, 6, 20, 16, 0, 1, 4, 15, 23, 27, 24, 10, 14, 3, 28, 17, 25, 18, 11, 2, 29, 26, 12, 7, 21, 22, 13, 19, 8]",11.597393
./random_graph_db/graph_db_node_30/12_p0.9/12_graph_n30_p0.9_idx3.gpickle,30,0.9,3,8,93,214,"[29, 18, 19, 3, 16, 6, 9, 5, 15, 14, 25, 4, 17, 20, 13, 21, 24, 26, 27, 23, 0, 7, 22, 1, 11, 10, 12, 8, 2, 28]",11.84869
./random_graph_db/graph_db_node_30/12_p0.9/12_graph_n30_p0.9_idx4.gpickle,30,0.9,4,7,56,147,"[28, 24, 22, 3, 6, 7, 25, 14, 21, 15, 23, 26, 12, 9, 0, 18, 5, 13, 4, 8, 1, 16, 20, 29, 27, 2, 11, 17, 19, 10]",11.291899
./random_graph_db/graph_db_node_30/12_p0.9/12_graph_n30_p0.9_idx5.gpickle,30,0.9,5,6,36,111,"[1, 5, 13, 7, 23, 17, 11, 2, 10, 27, 24, 8, 6, 25, 26, 20, 29, 12, 4, 16, 19, 0, 18, 9, 15, 28, 3, 22, 21, 14]",10.9253378
./random_graph_db/graph_db_node_30/12_p0.9/12_graph_n30_p0.9_idx6.gpickle,30,0.9,6,7,51,151,"[19, 7, 14, 21, 3, 6, 11, 12, 2, 17, 22, 18, 27, 29, 16, 8, 24, 1, 28, 5, 0, 4, 9, 10, 26, 25, 13, 15, 20, 23]",11.0448411
./random_graph_db/graph_db_node_30/12_p0.9/12_graph_n30_p0.9_idx7.gpickle,30,0.9,7,5,44,126,"[18, 2, 28, 8, 29, 11, 10, 23, 22, 19, 25, 1, 16, 9, 3, 7, 6, 5, 12, 20, 15, 14, 27, 24, 13, 17, 26, 0, 21, 4]",11.0027702
./random_graph_db/graph_db_node_30/12_p0.9/12_graph_n30_p0.9_idx8.gpickle,30,0.9,8,6,63,185,"[10, 26, 18, 25, 28, 20, 15, 5, 2, 16, 9, 19, 4, 22, 21, 14, 8, 11, 17, 1, 12, 6, 23, 27, 24, 0, 7, 3, 13, 29]",11.4254599
./random_graph_db/graph_db_node_30/12_p0.9/12_graph_n30_p0.9_idx9.gpickle,30,0.9,9,8,71,168,"[4, 6, 28, 23, 13, 9, 20, 10, 17, 12, 29, 8, 21, 7, 16, 18, 1, 2, 24, 27, 22, 26, 3, 19, 25, 14, 5, 0, 15, 11]",11.4148409
./random_graph_db/graph_db_node_6/01_p0.1/01_graph_n6_p0.1_idx1.gpickle,6,0.1,1,1,0,7,"[3, 4, 2, 1, 5, 0]",1.5261312
./random_graph_db/graph_db_node_6/01_p0.1/01_graph_n6_p0.1_idx10.gpickle,6,0.1,10,1,0,7,"[2, 5, 4, 3, 0, 1]",1.474525
./random_graph_db/graph_db_node_6/01_p0.1/01_graph_n6_p0.1_idx2.gpickle,6,0.1,2,1,0,7,"[2, 3, 1, 4, 5, 0]",1.5571969
./random_graph_db/graph_db_node_6/01_p0.1/01_graph_n6_p0.1_idx3.gpickle,6,0.1,3,1,0,7,"[4, 5, 2, 0, 1, 3]",1.5035808
./random_graph_db/graph_db_node_6/01_p0.1/01_graph_n6_p0.1_idx4.gpickle,6,0.1,4,1,0,7,"[5, 1, 3, 4, 0, 2]",1.5376019
./random_graph_db/graph_db_node_6/01_p0.1/01_graph_n6_p0.1_idx5.gpickle,6,0.1,5,1,0,7,"[4, 3, 1, 0, 5, 2]",1.61922
./random_graph_db/graph_db_node_6/01_p0.1/01_graph_n6_p0.1_idx6.gpickle,6,0.1,6,1,0,7,"[2, 4, 0, 1, 5, 3]",1.5265779
./random_graph_db/graph_db_node_6/01_p0.1/01_graph_n6_p0.1_idx7.gpickle,6,0.1,7,1,0,7,"[3, 5, 0, 1, 2, 4]",1.5015152
./random_graph_db/graph_db_node_6/01_p0.1/01_graph_n6_p0.1_idx8.gpickle,6,0.1,8,1,0,7,"[3, 0, 2, 4, 5, 1]",1.5062561
./random_graph_db/graph_db_node_6/01_p0.1/01_graph_n6_p0.1_idx9.gpickle,6,0.1,9,2,2,12,"[2, 4, 1, 5, 3, 0]",1.5421939
./random_graph_db/graph_db_node_6/02_p0.2/02_graph_n6_p0.2_idx1.gpickle,6,0.2,1,1,0,7,"[0, 5, 2, 1, 3, 4]",1.5345001
./random_graph_db/graph_db_node_6/02_p0.2/02_graph_n6_p0.2_idx10.gpickle,6,0.2,10,1,0,7,"[5, 0, 3, 4, 1, 2]",1.5175362
./random_graph_db/graph_db_node_6/02_p0.2/02_graph_n6_p0.2_idx2.gpickle,6,0.2,2,2,2,12,"[1, 2, 5, 3, 0, 4]",1.556083
./random_graph_db/graph_db_node_6/02_p0.2/02_graph_n6_p0.2_idx3.gpickle,6,0.2,3,2,2,12,"[3, 0, 1, 4, 2, 5]",1.5702682
./random_graph_db/graph_db_node_6/02_p0.2/02_graph_n6_p0.2_idx4.gpickle,6,0.2,4,2,2,12,"[2, 5, 3, 4, 0, 1]",1.6971061
./random_graph_db/graph_db_node_6/02_p0.2/02_graph_n6_p0.2_idx5.gpickle,6,0.2,5,2,2,12,"[1, 4, 3, 5, 0, 2]",1.526463
./random_graph_db/graph_db_node_6/02_p0.2/02_graph_n6_p0.2_idx6.gpickle,6,0.2,6,1,0,7,"[1, 5, 2, 3, 4, 0]",1.515255
./random_graph_db/graph_db_node_6/02_p0.2/02_graph_n6_p0.2_idx7.gpickle,6,0.2,7,1,0,7,"[0, 5, 2, 1, 3, 4]",1.5101509
./random_graph_db/graph_db_node_6/02_p0.2/02_graph_n6_p0.2_idx8.gpickle,6,0.2,8,1,0,7,"[2, 4, 0, 1, 3, 5]",1.531065
./random_graph_db/graph_db_node_6/02_p0.2/02_graph_n6_p0.2_idx9.gpickle,6,0.2,9,1,0,7,"[3, 5, 1, 4, 2, 0]",1.5246327
./random_graph_db/graph_db_node_6/03_p0.3/03_graph_n6_p0.3_idx1.gpickle,6,0.3,1,1,0,7,"[5, 0, 4, 2, 3, 1]",1.6649482
./random_graph_db/graph_db_node_6/03_p0.3/03_graph_n6_p0.3_idx10.gpickle,6,0.3,10,2,2,12,"[4, 5, 0, 1, 3, 2]",1.566257
./random_graph_db/graph_db_node_6/03_p0.3/03_graph_n6_p0.3_idx2.gpickle,6,0.3,2,2,2,12,"[0, 4, 2, 1, 3, 5]",1.5319281
./random_graph_db/graph_db_node_6/03_p0.3/03_graph_n6_p0.3_idx3.gpickle,6,0.3,3,1,0,7,"[0, 3, 5, 4, 2, 1]",1.53286
./random_graph_db/graph_db_node_6/03_p0.3/03_graph_n6_p0.3_idx4.gpickle,6,0.3,4,2,2,12,"[1, 4, 2, 3, 5, 0]",1.6532872
./random_graph_db/graph_db_node_6/03_p0.3/03_graph_n6_p0.3_idx5.gpickle,6,0.3,5,1,0,7,"[2, 4, 1, 0, 5, 3]",1.5296252
./random_graph_db/graph_db_node_6/03_p0.3/03_graph_n6_p0.3_idx6.gpickle,6,0.3,6,1,0,7,"[0, 5, 4, 3, 2, 1]",1.5282381
./random_graph_db/graph_db_node_6/03_p0.3/03_graph_n6_p0.3_idx7.gpickle,6,0.3,7,2,2,12,"[4, 5, 2, 1, 0, 3]",1.5550561
./random_graph_db/graph_db_node_6/03_p0.3/03_graph_n6_p0.3_idx8.gpickle,6,0.3,8,1,0,7,"[0, 5, 4, 1, 2, 3]",1.517657
./random_graph_db/graph_db_node_6/03_p0.3/03_graph_n6_p0.3_idx9.gpickle,6,0.3,9,1,0,7,"[2, 0, 3, 4, 5, 1]",1.6591001
./random_graph_db/graph_db_node_6/04_p0.4/04_graph_n6_p0.4_idx1.gpickle,6,0.4,1,1,0,7,"[1, 0, 3, 2, 5, 4]",1.5204849
./random_graph_db/graph_db_node_6/04_p0.4/04_graph_n6_p0.4_idx10.gpickle,6,0.4,10,1,0,7,"[0, 2, 5, 1, 4, 3]",1.5754991
./random_graph_db/graph_db_node_6/04_p0.4/04_graph_n6_p0.4_idx2.gpickle,6,0.4,2,2,2,12,"[2, 5, 3, 1, 4, 0]",1.6892641
./random_graph_db/graph_db_node_6/04_p0.4/04_graph_n6_p0.4_idx3.gpickle,6,0.4,3,1,0,7,"[4, 1, 3, 0, 5, 2]",1.548872
./random_graph_db/graph_db_node_6/04_p0.4/04_graph_n6_p0.4_idx4.gpickle,6,0.4,4,2,2,12,"[1, 2, 4, 5, 3, 0]",1.6072309
./random_graph_db/graph_db_node_6/04_p0.4/04_graph_n6_p0.4_idx5.gpickle,6,0.4,5,1,0,7,"[2, 0, 1, 4, 5, 3]",1.5438509
./random_graph_db/graph_db_node_6/04_p0.4/04_graph_n6_p0.4_idx6.gpickle,6,0.4,6,1,0,7,"[4, 1, 0, 3, 2, 5]",1.694602
./random_graph_db/graph_db_node_6/04_p0.4/04_graph_n6_p0.4_idx7.gpickle,6,0.4,7,1,0,7,"[2, 3, 0, 5, 4, 1]",1.5250409
./random_graph_db/graph_db_node_6/04_p0.4/04_graph_n6_p0.4_idx8.gpickle,6,0.4,8,2,3,13,"[3, 5, 4, 0, 2, 1]",1.5613151
./random_graph_db/graph_db_node_6/04_p0.4/04_graph_n6_p0.4_idx9.gpickle,6,0.4,9,2,2,12,"[2, 4, 3, 5, 0, 1]",1.589848
./random_graph_db/graph_db_node_6/05_p0.45/05_graph_n6_p0.45_idx1.gpickle,6,0.45,1,1,0,7,"[4, 0, 3, 1, 5, 2]",1.516397
./random_graph_db/graph_db_node_6/05_p0.45/05_graph_n6_p0.45_idx10.gpickle,6,0.45,10,2,2,12,"[4, 0, 5, 3, 2, 1]",1.5723169
./random_graph_db/graph_db_node_6/05_p0.45/05_graph_n6_p0.45_idx2.gpickle,6,0.45,2,2,2,12,"[1, 0, 5, 2, 4, 3]",1.5632987
./random_graph_db/graph_db_node_6/05_p0.45/05_graph_n6_p0.45_idx3.gpickle,6,0.45,3,1,0,7,"[5, 0, 2, 4, 1, 3]",1.5269241
./random_graph_db/graph_db_node_6/05_p0.45/05_graph_n6_p0.45_idx4.gpickle,6,0.45,4,1,0,7,"[1, 5, 4, 0, 3, 2]",1.6669409
./random_graph_db/graph_db_node_6/05_p0.45/05_graph_n6_p0.45_idx5.gpickle,6,0.45,5,2,3,13,"[4, 0, 3, 5, 2, 1]",1.586072
./random_graph_db/graph_db_node_6/05_p0.45/05_graph_n6_p0.45_idx6.gpickle,6,0.45,6,1,0,7,"[1, 0, 3, 5, 2, 4]",1.542587
./random_graph_db/graph_db_node_6/05_p0.45/05_graph_n6_p0.45_idx7.gpickle,6,0.45,7,1,0,7,"[0, 3, 1, 4, 5, 2]",1.5723078
./random_graph_db/graph_db_node_6/05_p0.45/05_graph_n6_p0.45_idx8.gpickle,6,0.45,8,2,2,12,"[0, 3, 1, 2, 5, 4]",1.5496619
./random_graph_db/graph_db_node_6/05_p0.45/05_graph_n6_p0.45_idx9.gpickle,6,0.45,9,1,0,7,"[2, 3, 0, 4, 1, 5]",1.5410597
./random_graph_db/graph_db_node_6/06_p0.5/06_graph_n6_p0.5_idx1.gpickle,6,0.5,1,1,0,7,"[0, 3, 5, 1, 2, 4]",1.5498121
./random_graph_db/graph_db_node_6/06_p0.5/06_graph_n6_p0.5_idx10.gpickle,6,0.5,10,1,0,9,"[3, 5, 2, 0, 1, 4]",1.5126822
./random_graph_db/graph_db_node_6/06_p0.5/06_graph_n6_p0.5_idx2.gpickle,6,0.5,2,1,0,7,"[2, 4, 0, 5, 3, 1]",1.6443729
./random_graph_db/graph_db_node_6/06_p0.5/06_graph_n6_p0.5_idx3.gpickle,6,0.5,3,2,2,12,"[4, 3, 0, 2, 1, 5]",1.564544
./random_graph_db/graph_db_node_6/06_p0.5/06_graph_n6_p0.5_idx4.gpickle,6,0.5,4,2,2,12,"[0, 4, 5, 2, 1, 3]",1.5807471
./random_graph_db/graph_db_node_6/06_p0.5/06_graph_n6_p0.5_idx5.gpickle,6,0.5,5,2,2,12,"[2, 4, 0, 1, 5, 3]",1.586689
./random_graph_db/graph_db_node_6/06_p0.5/06_graph_n6_p0.5_idx6.gpickle,6,0.5,6,2,2,12,"[2, 1, 4, 5, 3, 0]",1.5230689
./random_graph_db/graph_db_node_6/06_p0.5/06_graph_n6_p0.5_idx7.gpickle,6,0.5,7,1,0,7,"[1, 4, 2, 5, 3, 0]",1.513767
./random_graph_db/graph_db_node_6/06_p0.5/06_graph_n6_p0.5_idx8.gpickle,6,0.5,8,1,0,7,"[2, 1, 4, 5, 0, 3]",1.527571
./random_graph_db/graph_db_node_6/06_p0.5/06_graph_n6_p0.5_idx9.gpickle,6,0.5,9,2,2,12,"[0, 1, 2, 5, 3, 4]",1.7125638
./random_graph_db/graph_db_node_6/07_p0.55/07_graph_n6_p0.55_idx1.gpickle,6,0.55,1,2,2,12,"[1, 2, 5, 3, 0, 4]",1.5729611
./random_graph_db/graph_db_node_6/07_p0.55/07_graph_n6_p0.55_idx10.gpickle,6,0.55,10,1,0,7,"[4, 1, 3, 0, 2, 5]",1.524677
./random_graph_db/graph_db_node_6/07_p0.55/07_graph_n6_p0.55_idx2.gpickle,6,0.55,2,1,0,7,"[4, 1, 3, 0, 5, 2]",1.542114
./random_graph_db/graph_db_node_6/07_p0.55/07_graph_n6_p0.55_idx3.gpickle,6,0.55,3,1,0,7,"[4, 3, 2, 0, 1, 5]",1.5227761
./random_graph_db/graph_db_node_6/07_p0.55/07_graph_n6_p0.55_idx4.gpickle,6,0.55,4,1,0,7,"[1, 2, 3, 5, 0, 4]",1.6268427
./random_graph_db/graph_db_node_6/07_p0.55/07_graph_n6_p0.55_idx5.gpickle,6,0.55,5,2,2,12,"[3, 0, 2, 5, 1, 4]",1.6751828
./random_graph_db/graph_db_node_6/07_p0.55/07_graph_n6_p0.55_idx6.gpickle,6,0.55,6,1,0,7,"[0, 3, 2, 4, 1, 5]",1.5513892
./random_graph_db/graph_db_node_6/07_p0.55/07_graph_n6_p0.55_idx7.gpickle,6,0.55,7,2,2,12,"[4, 3, 5, 1, 2, 0]",1.5522461
./random_graph_db/graph_db_node_6/07_p0.55/07_graph_n6_p0.55_idx8.gpickle,6,0.55,8,2,2,12,"[1, 0, 2, 4, 3, 5]",1.583832
./random_graph_db/graph_db_node_6/07_p0.55/07_graph_n6_p0.55_idx9.gpickle,6,0.55,9,2,2,12,"[2, 4, 1, 3, 0, 5]",1.5743518
./random_graph_db/graph_db_node_6/08_p0.6/08_graph_n6_p0.6_idx1.gpickle,6,0.6,1,2,2,12,"[4, 1, 2, 5, 3, 0]",1.5794261
./random_graph_db/graph_db_node_6/08_p0.6/08_graph_n6_p0.6_idx10.gpickle,6,0.6,10,2,2,12,"[3, 1, 5, 4, 2, 0]",1.5505679
./random_graph_db/graph_db_node_6/08_p0.6/08_graph_n6_p0.6_idx2.gpickle,6,0.6,2,2,2,12,"[4, 3, 1, 0, 5, 2]",1.5779428
./random_graph_db/graph_db_node_6/08_p0.6/08_graph_n6_p0.6_idx3.gpickle,6,0.6,3,2,2,12,"[0, 4, 5, 2, 1, 3]",1.6531799
./random_graph_db/graph_db_node_6/08_p0.6/08_graph_n6_p0.6_idx4.gpickle,6,0.6,4,2,2,12,"[1, 4, 0, 2, 5, 3]",1.5635951
./random_graph_db/graph_db_node_6/08_p0.6/08_graph_n6_p0.6_idx5.gpickle,6,0.6,5,2,2,12,"[1, 3, 4, 2, 5, 0]",1.5632429
./random_graph_db/graph_db_node_6/08_p0.6/08_graph_n6_p0.6_idx6.gpickle,6,0.6,6,1,0,7,"[1, 2, 5, 3, 0, 4]",1.5320871
./random_graph_db/graph_db_node_6/08_p0.6/08_graph_n6_p0.6_idx7.gpickle,6,0.6,7,1,0,7,"[0, 1, 5, 4, 3, 2]",1.5327928
./random_graph_db/graph_db_node_6/08_p0.6/08_graph_n6_p0.6_idx8.gpickle,6,0.6,8,2,2,12,"[2, 4, 0, 5, 1, 3]",1.6203401
./random_graph_db/graph_db_node_6/08_p0.6/08_graph_n6_p0.6_idx9.gpickle,6,0.6,9,1,0,7,"[2, 3, 1, 5, 4, 0]",1.522228
./random_graph_db/graph_db_node_6/09_p0.65/09_graph_n6_p0.65_idx1.gpickle,6,0.65,1,2,2,12,"[3, 0, 1, 2, 4, 5]",1.5721848
./random_graph_db/graph_db_node_6/09_p0.65/09_graph_n6_p0.65_idx10.gpickle,6,0.65,10,1,0,7,"[3, 1, 2, 5, 0, 4]",1.648807
./random_graph_db/graph_db_node_6/09_p0.65/09_graph_n6_p0.65_idx2.gpickle,6,0.65,2,1,0,7,"[0, 2, 1, 3, 4, 5]",1.5464442
./random_graph_db/graph_db_node_6/09_p0.65/09_graph_n6_p0.65_idx3.gpickle,6,0.65,3,2,2,12,"[4, 1, 5, 0, 3, 2]",1.553895
./random_graph_db/graph_db_node_6/09_p0.65/09_graph_n6_p0.65_idx4.gpickle,6,0.65,4,1,0,7,"[0, 4, 3, 1, 2, 5]",1.537612
./random_graph_db/graph_db_node_6/09_p0.65/09_graph_n6_p0.65_idx5.gpickle,6,0.65,5,2,2,12,"[0, 5, 4, 1, 2, 3]",1.5604701
./random_graph_db/graph_db_node_6/09_p0.65/09_graph_n6_p0.65_idx6.gpickle,6,0.65,6,2,3,18,"[1, 4, 5, 0, 3, 2]",1.5663011
./random_graph_db/graph_db_node_6/09_p0.65/09_graph_n6_p0.65_idx7.gpickle,6,0.65,7,2,2,12,"[3, 0, 1, 2, 4, 5]",1.5880892
./random_graph_db/graph_db_node_6/09_p0.65/09_graph_n6_p0.65_idx8.gpickle,6,0.65,8,2,2,12,"[3, 1, 5, 0, 4, 2]",1.580852
./random_graph_db/graph_db_node_6/09_p0.65/09_graph_n6_p0.65_idx9.gpickle,6,0.65,9,2,2,12,"[0, 1, 2, 3, 4, 5]",1.6318779
./random_graph_db/graph_db_node_6/10_p0.7/10_graph_n6_p0.7_idx1.gpickle,6,0.7,1,1,0,7,"[4, 5, 1, 3, 0, 2]",1.501801
./random_graph_db/graph_db_node_6/10_p0.7/10_graph_n6_p0.7_idx10.gpickle,6,0.7,10,2,2,12,"[0, 1, 3, 5, 2, 4]",1.586911
./random_graph_db/graph_db_node_6/10_p0.7/10_graph_n6_p0.7_idx2.gpickle,6,0.7,2,1,0,7,"[3, 1, 5, 4, 0, 2]",1.5514731
./random_graph_db/graph_db_node_6/10_p0.7/10_graph_n6_p0.7_idx3.gpickle,6,0.7,3,2,2,12,"[5, 0, 1, 2, 4, 3]",1.560883
./random_graph_db/graph_db_node_6/10_p0.7/10_graph_n6_p0.7_idx4.gpickle,6,0.7,4,1,0,7,"[0, 5, 2, 3, 4, 1]",1.5267401
./random_graph_db/graph_db_node_6/10_p0.7/10_graph_n6_p0.7_idx5.gpickle,6,0.7,5,1,0,7,"[0, 3, 5, 1, 4, 2]",1.5264311
./random_graph_db/graph_db_node_6/10_p0.7/10_graph_n6_p0.7_idx6.gpickle,6,0.7,6,1,0,7,"[1, 4, 5, 2, 0, 3]",1.4938278
./random_graph_db/graph_db_node_6/10_p0.7/10_graph_n6_p0.7_idx7.gpickle,6,0.7,7,2,2,12,"[2, 1, 0, 3, 4, 5]",1.7428842
./random_graph_db/graph_db_node_6/10_p0.7/10_graph_n6_p0.7_idx8.gpickle,6,0.7,8,2,2,12,"[2, 1, 3, 5, 4, 0]",1.5748491
./random_graph_db/graph_db_node_6/10_p0.7/10_graph_n6_p0.7_idx9.gpickle,6,0.7,9,1,0,7,"[3, 0, 1, 2, 4, 5]",1.5246353
./random_graph_db/graph_db_node_6/11_p0.8/11_graph_n6_p0.8_idx1.gpickle,6,0.8,1,1,0,9,"[2, 1, 0, 4, 3, 5]",1.5174932
./random_graph_db/graph_db_node_6/11_p0.8/11_graph_n6_p0.8_idx10.gpickle,6,0.8,10,2,2,12,"[0, 1, 3, 2, 4, 5]",1.572366
./random_graph_db/graph_db_node_6/11_p0.8/11_graph_n6_p0.8_idx2.gpickle,6,0.8,2,1,0,7,"[4, 0, 2, 3, 5, 1]",1.5325491
./random_graph_db/graph_db_node_6/11_p0.8/11_graph_n6_p0.8_idx3.gpickle,6,0.8,3,1,0,7,"[3, 1, 2, 0, 5, 4]",1.4939058
./random_graph_db/graph_db_node_6/11_p0.8/11_graph_n6_p0.8_idx4.gpickle,6,0.8,4,2,2,12,"[3, 0, 5, 4, 2, 1]",1.6818221
./random_graph_db/graph_db_node_6/11_p0.8/11_graph_n6_p0.8_idx5.gpickle,6,0.8,5,1,0,7,"[3, 5, 0, 1, 4, 2]",1.5185812
./random_graph_db/graph_db_node_6/11_p0.8/11_graph_n6_p0.8_idx6.gpickle,6,0.8,6,2,2,12,"[2, 3, 1, 5, 0, 4]",1.545079
./random_graph_db/graph_db_node_6/11_p0.8/11_graph_n6_p0.8_idx7.gpickle,6,0.8,7,1,0,9,"[5, 4, 3, 1, 2, 0]",1.5299847
./random_graph_db/graph_db_node_6/11_p0.8/11_graph_n6_p0.8_idx8.gpickle,6,0.8,8,1,0,7,"[4, 1, 3, 2, 0, 5]",1.551744
./random_graph_db/graph_db_node_6/11_p0.8/11_graph_n6_p0.8_idx9.gpickle,6,0.8,9,1,0,7,"[2, 3, 4, 5, 1, 0]",1.4599812
./random_graph_db/graph_db_node_6/12_p0.9/12_graph_n6_p0.9_idx1.gpickle,6,0.9,1,1,0,7,"[3, 2, 1, 0, 4, 5]",1.5245697
./random_graph_db/graph_db_node_6/12_p0.9/12_graph_n6_p0.9_idx10.gpickle,6,0.9,10,2,2,12,"[0, 4, 2, 5, 3, 1]",1.6514559
./random_graph_db/graph_db_node_6/12_p0.9/12_graph_n6_p0.9_idx2.gpickle,6,0.9,2,1,0,7,"[1, 3, 0, 4, 2, 5]",1.5025041
./random_graph_db/graph_db_node_6/12_p0.9/12_graph_n6_p0.9_idx3.gpickle,6,0.9,3,1,0,7,"[2, 3, 4, 5, 1, 0]",1.4714572
./random_graph_db/graph_db_node_6/12_p0.9/12_graph_n6_p0.9_idx4.gpickle,6,0.9,4,1,0,7,"[0, 1, 3, 4, 2, 5]",1.5432689
./random_graph_db/graph_db_node_6/12_p0.9/12_graph_n6_p0.9_idx5.gpickle,6,0.9,5,1,0,7,"[0, 2, 4, 3, 1, 5]",1.512224
./random_graph_db/graph_db_node_6/12_p0.9/12_graph_n6_p0.9_idx6.gpickle,6,0.9,6,1,0,9,"[2, 1, 4, 3, 5, 0]",1.5199649
./random_graph_db/graph_db_node_6/12_p0.9/12_graph_n6_p0.9_idx7.gpickle,6,0.9,7,1,0,7,"[2, 5, 4, 0, 1, 3]",1.519871
./random_graph_db/graph_db_node_6/12_p0.9/12_graph_n6_p0.9_idx8.gpickle,6,0.9,8,2,2,12,"[2, 3, 1, 0, 5, 4]",1.5618451
./random_graph_db/graph_db_node_6/12_p0.9/12_graph_n6_p0.9_idx9.gpickle,6,0.9,9,2,2,12,"[0, 3, 4, 2, 5, 1]",1.6471779
./random_graph_db/graph_db_node_7/01_p0.1/01_graph_n7_p0.1_idx1.gpickle,7,0.1,1,1,0,8,"[6, 5, 4, 2, 1, 0, 3]",1.7312117
./random_graph_db/graph_db_node_7/01_p0.1/01_graph_n7_p0.1_idx10.gpickle,7,0.1,10,1,0,8,"[1, 2, 6, 3, 4, 0, 5]",1.69804
./random_graph_db/graph_db_node_7/01_p0.1/01_graph_n7_p0.1_idx2.gpickle,7,0.1,2,2,2,13,"[6, 5, 0, 3, 1, 2, 4]",1.806463
./random_graph_db/graph_db_node_7/01_p0.1/01_graph_n7_p0.1_idx3.gpickle,7,0.1,3,2,2,13,"[1, 5, 3, 2, 4, 6, 0]",1.839252
./random_graph_db/graph_db_node_7/01_p0.1/01_graph_n7_p0.1_idx4.gpickle,7,0.1,4,1,0,8,"[1, 3, 5, 0, 4, 6, 2]",1.736388
./random_graph_db/graph_db_node_7/01_p0.1/01_graph_n7_p0.1_idx5.gpickle,7,0.1,5,2,2,13,"[3, 2, 0, 5, 4, 6, 1]",1.7775691
./random_graph_db/graph_db_node_7/01_p0.1/01_graph_n7_p0.1_idx6.gpickle,7,0.1,6,1,0,8,"[5, 1, 0, 2, 3, 6, 4]",1.8338032
./random_graph_db/graph_db_node_7/01_p0.1/01_graph_n7_p0.1_idx7.gpickle,7,0.1,7,1,0,8,"[6, 1, 2, 5, 3, 0, 4]",1.7243729
./random_graph_db/graph_db_node_7/01_p0.1/01_graph_n7_p0.1_idx8.gpickle,7,0.1,8,1,0,10,"[5, 4, 3, 1, 6, 2, 0]",1.759325
./random_graph_db/graph_db_node_7/01_p0.1/01_graph_n7_p0.1_idx9.gpickle,7,0.1,9,2,1,10,"[1, 4, 6, 5, 0, 3, 2]",1.7572901
./random_graph_db/graph_db_node_7/02_p0.2/02_graph_n7_p0.2_idx1.gpickle,7,0.2,1,2,2,13,"[3, 4, 1, 6, 5, 2, 0]",1.7499938
./random_graph_db/graph_db_node_7/02_p0.2/02_graph_n7_p0.2_idx10.gpickle,7,0.2,10,2,2,13,"[3, 5, 6, 0, 4, 1, 2]",1.752295
./random_graph_db/graph_db_node_7/02_p0.2/02_graph_n7_p0.2_idx2.gpickle,7,0.2,2,1,0,8,"[6, 2, 4, 1, 5, 0, 3]",1.7675798
./random_graph_db/graph_db_node_7/02_p0.2/02_graph_n7_p0.2_idx3.gpickle,7,0.2,3,1,0,8,"[1, 2, 5, 4, 3, 0, 6]",1.8557618
./random_graph_db/graph_db_node_7/02_p0.2/02_graph_n7_p0.2_idx4.gpickle,7,0.2,4,1,0,8,"[4, 2, 1, 5, 6, 3, 0]",1.8847938
./random_graph_db/graph_db_node_7/02_p0.2/02_graph_n7_p0.2_idx5.gpickle,7,0.2,5,1,0,8,"[4, 6, 3, 5, 1, 0, 2]",1.7664142
./random_graph_db/graph_db_node_7/02_p0.2/02_graph_n7_p0.2_idx6.gpickle,7,0.2,6,1,0,8,"[6, 3, 5, 2, 4, 0, 1]",1.7316988
./random_graph_db/graph_db_node_7/02_p0.2/02_graph_n7_p0.2_idx7.gpickle,7,0.2,7,2,2,13,"[5, 4, 3, 0, 2, 1, 6]",1.788794
./random_graph_db/graph_db_node_7/02_p0.2/02_graph_n7_p0.2_idx8.gpickle,7,0.2,8,2,2,11,"[5, 6, 4, 0, 3, 1, 2]",1.768393
./random_graph_db/graph_db_node_7/02_p0.2/02_graph_n7_p0.2_idx9.gpickle,7,0.2,9,1,0,8,"[2, 1, 3, 6, 5, 0, 4]",1.757056
./random_graph_db/graph_db_node_7/03_p0.3/03_graph_n7_p0.3_idx1.gpickle,7,0.3,1,1,0,8,"[4, 1, 0, 5, 6, 3, 2]",1.8708029
./random_graph_db/graph_db_node_7/03_p0.3/03_graph_n7_p0.3_idx10.gpickle,7,0.3,10,2,1,10,"[4, 3, 0, 5, 6, 1, 2]",1.744525
./random_graph_db/graph_db_node_7/03_p0.3/03_graph_n7_p0.3_idx2.gpickle,7,0.3,2,1,0,10,"[3, 2, 6, 4, 0, 5, 1]",1.7518122
./random_graph_db/graph_db_node_7/03_p0.3/03_graph_n7_p0.3_idx3.gpickle,7,0.3,3,1,0,8,"[1, 2, 4, 3, 5, 6, 0]",1.7772832
./random_graph_db/graph_db_node_7/03_p0.3/03_graph_n7_p0.3_idx4.gpickle,7,0.3,4,2,3,14,"[5, 6, 3, 4, 0, 2, 1]",1.823595
./random_graph_db/graph_db_node_7/03_p0.3/03_graph_n7_p0.3_idx5.gpickle,7,0.3,5,2,2,13,"[4, 5, 0, 3, 2, 6, 1]",1.7893739
./random_graph_db/graph_db_node_7/03_p0.3/03_graph_n7_p0.3_idx6.gpickle,7,0.3,6,3,6,20,"[1, 0, 3, 6, 2, 4, 5]",1.85165
./random_graph_db/graph_db_node_7/03_p0.3/03_graph_n7_p0.3_idx7.gpickle,7,0.3,7,3,5,19,"[0, 1, 6, 3, 4, 5, 2]",1.799371
./random_graph_db/graph_db_node_7/03_p0.3/03_graph_n7_p0.3_idx8.gpickle,7,0.3,8,1,0,8,"[2, 3, 6, 1, 5, 0, 4]",1.8603721
./random_graph_db/graph_db_node_7/03_p0.3/03_graph_n7_p0.3_idx9.gpickle,7,0.3,9,2,2,13,"[1, 0, 6, 3, 4, 2, 5]",2.0712318
./random_graph_db/graph_db_node_7/04_p0.4/04_graph_n7_p0.4_idx1.gpickle,7,0.4,1,2,2,13,"[3, 0, 1, 4, 6, 5, 2]",1.808229
./random_graph_db/graph_db_node_7/04_p0.4/04_graph_n7_p0.4_idx10.gpickle,7,0.4,10,2,4,15,"[6, 2, 3, 1, 5, 4, 0]",1.8463249
./random_graph_db/graph_db_node_7/04_p0.4/04_graph_n7_p0.4_idx2.gpickle,7,0.4,2,2,2,13,"[4, 5, 1, 2, 6, 3, 0]",1.757432
./random_graph_db/graph_db_node_7/04_p0.4/04_graph_n7_p0.4_idx3.gpickle,7,0.4,3,2,4,17,"[1, 2, 0, 6, 3, 4, 5]",1.8056641
./random_graph_db/graph_db_node_7/04_p0.4/04_graph_n7_p0.4_idx4.gpickle,7,0.4,4,2,4,15,"[0, 3, 5, 1, 2, 4, 6]",2.0155768
./random_graph_db/graph_db_node_7/04_p0.4/04_graph_n7_p0.4_idx5.gpickle,7,0.4,5,2,2,13,"[5, 3, 1, 0, 4, 6, 2]",1.772948
./random_graph_db/graph_db_node_7/04_p0.4/04_graph_n7_p0.4_idx6.gpickle,7,0.4,6,2,3,14,"[6, 5, 3, 2, 1, 0, 4]",1.8102
./random_graph_db/graph_db_node_7/04_p0.4/04_graph_n7_p0.4_idx7.gpickle,7,0.4,7,2,2,13,"[0, 1, 5, 4, 6, 3, 2]",1.7923419
./random_graph_db/graph_db_node_7/04_p0.4/04_graph_n7_p0.4_idx8.gpickle,7,0.4,8,1,0,8,"[5, 6, 2, 4, 1, 0, 3]",1.769326
./random_graph_db/graph_db_node_7/04_p0.4/04_graph_n7_p0.4_idx9.gpickle,7,0.4,9,1,0,8,"[5, 1, 4, 6, 0, 2, 3]",1.763514
./random_graph_db/graph_db_node_7/05_p0.45/05_graph_n7_p0.45_idx1.gpickle,7,0.45,1,2,3,14,"[0, 5, 2, 6, 1, 4, 3]",1.798188
./random_graph_db/graph_db_node_7/05_p0.45/05_graph_n7_p0.45_idx10.gpickle,7,0.45,10,2,3,22,"[2, 0, 1, 4, 5, 3, 6]",1.7779548
./random_graph_db/graph_db_node_7/05_p0.45/05_graph_n7_p0.45_idx2.gpickle,7,0.45,2,1,0,8,"[6, 3, 0, 1, 4, 2, 5]",1.9080751
./random_graph_db/graph_db_node_7/05_p0.45/05_graph_n7_p0.45_idx3.gpickle,7,0.45,3,1,0,8,"[4, 0, 5, 3, 2, 1, 6]",1.7496338
./random_graph_db/graph_db_node_7/05_p0.45/05_graph_n7_p0.45_idx4.gpickle,7,0.45,4,2,2,11,"[4, 6, 5, 0, 2, 3, 1]",1.7802322
./random_graph_db/graph_db_node_7/05_p0.45/05_graph_n7_p0.45_idx5.gpickle,7,0.45,5,2,4,24,"[3, 1, 0, 5, 2, 6, 4]",1.823693
./random_graph_db/graph_db_node_7/05_p0.45/05_graph_n7_p0.45_idx6.gpickle,7,0.45,6,2,4,20,"[2, 3, 4, 0, 5, 1, 6]",1.864836
./random_graph_db/graph_db_node_7/05_p0.45/05_graph_n7_p0.45_idx7.gpickle,7,0.45,7,2,4,20,"[2, 4, 5, 6, 0, 1, 3]",1.9603188
./random_graph_db/graph_db_node_7/05_p0.45/05_graph_n7_p0.45_idx8.gpickle,7,0.45,8,2,4,22,"[0, 2, 4, 1, 6, 3, 5]",1.8206229
./random_graph_db/graph_db_node_7/05_p0.45/05_graph_n7_p0.45_idx9.gpickle,7,0.45,9,3,5,19,"[4, 3, 2, 1, 0, 5, 6]",1.9062018
./random_graph_db/graph_db_node_7/06_p0.5/06_graph_n7_p0.5_idx1.gpickle,7,0.5,1,2,2,13,"[2, 5, 4, 0, 1, 6, 3]",1.8434179
./random_graph_db/graph_db_node_7/06_p0.5/06_graph_n7_p0.5_idx10.gpickle,7,0.5,10,1,0,8,"[2, 5, 6, 1, 3, 4, 0]",1.7707882
./random_graph_db/graph_db_node_7/06_p0.5/06_graph_n7_p0.5_idx2.gpickle,7,0.5,2,3,6,20,"[0, 1, 5, 3, 4, 2, 6]",1.827487
./random_graph_db/graph_db_node_7/06_p0.5/06_graph_n7_p0.5_idx3.gpickle,7,0.5,3,2,2,13,"[0, 1, 2, 6, 4, 3, 5]",1.806881
./random_graph_db/graph_db_node_7/06_p0.5/06_graph_n7_p0.5_idx4.gpickle,7,0.5,4,2,2,13,"[4, 3, 0, 5, 1, 2, 6]",1.9329939
./random_graph_db/graph_db_node_7/06_p0.5/06_graph_n7_p0.5_idx5.gpickle,7,0.5,5,2,2,11,"[2, 1, 5, 0, 4, 6, 3]",1.781877
./random_graph_db/graph_db_node_7/06_p0.5/06_graph_n7_p0.5_idx6.gpickle,7,0.5,6,2,5,18,"[3, 5, 6, 2, 0, 4, 1]",1.826225
./random_graph_db/graph_db_node_7/06_p0.5/06_graph_n7_p0.5_idx7.gpickle,7,0.5,7,2,2,11,"[3, 1, 2, 0, 6, 4, 5]",1.7800319
./random_graph_db/graph_db_node_7/06_p0.5/06_graph_n7_p0.5_idx8.gpickle,7,0.5,8,2,4,20,"[2, 5, 6, 0, 1, 3, 4]",1.8206148
./random_graph_db/graph_db_node_7/06_p0.5/06_graph_n7_p0.5_idx9.gpickle,7,0.5,9,1,0,8,"[1, 4, 5, 6, 3, 2, 0]",1.7658901
./random_graph_db/graph_db_node_7/07_p0.55/07_graph_n7_p0.55_idx1.gpickle,7,0.55,1,1,0,8,"[5, 1, 3, 2, 0, 6, 4]",1.7628491
./random_graph_db/graph_db_node_7/07_p0.55/07_graph_n7_p0.55_idx10.gpickle,7,0.55,10,3,5,19,"[0, 5, 4, 2, 3, 6, 1]",1.918462
./random_graph_db/graph_db_node_7/07_p0.55/07_graph_n7_p0.55_idx2.gpickle,7,0.55,2,2,2,13,"[6, 3, 4, 5, 1, 2, 0]",1.817055
./random_graph_db/graph_db_node_7/07_p0.55/07_graph_n7_p0.55_idx3.gpickle,7,0.55,3,2,3,19,"[4, 6, 1, 3, 2, 5, 0]",1.7822931
./random_graph_db/graph_db_node_7/07_p0.55/07_graph_n7_p0.55_idx4.gpickle,7,0.55,4,2,2,13,"[0, 1, 4, 3, 6, 5, 2]",1.7601168
./random_graph_db/graph_db_node_7/07_p0.55/07_graph_n7_p0.55_idx5.gpickle,7,0.55,5,2,2,13,"[4, 3, 0, 2, 6, 5, 1]",1.817229
./random_graph_db/graph_db_node_7/07_p0.55/07_graph_n7_p0.55_idx6.gpickle,7,0.55,6,2,3,14,"[3, 4, 6, 2, 0, 5, 1]",1.7894351
./random_graph_db/graph_db_node_7/07_p0.55/07_graph_n7_p0.55_idx7.gpickle,7,0.55,7,2,2,13,"[4, 0, 2, 5, 3, 1, 6]",1.7970498
./random_graph_db/graph_db_node_7/07_p0.55/07_graph_n7_p0.55_idx8.gpickle,7,0.55,8,2,3,14,"[5, 4, 2, 6, 0, 3, 1]",1.9384611
./random_graph_db/graph_db_node_7/07_p0.55/07_graph_n7_p0.55_idx9.gpickle,7,0.55,9,2,3,14,"[3, 2, 5, 6, 0, 4, 1]",1.773504
./random_graph_db/graph_db_node_7/08_p0.6/08_graph_n7_p0.6_idx1.gpickle,7,0.6,1,3,5,17,"[3, 1, 6, 0, 2, 5, 4]",1.8495321
./random_graph_db/graph_db_node_7/08_p0.6/08_graph_n7_p0.6_idx10.gpickle,7,0.6,10,2,3,22,"[4, 2, 6, 1, 5, 0, 3]",1.782686
./random_graph_db/graph_db_node_7/08_p0.6/08_graph_n7_p0.6_idx2.gpickle,7,0.6,2,1,0,8,"[0, 6, 2, 3, 1, 5, 4]",1.7405279
./random_graph_db/graph_db_node_7/08_p0.6/08_graph_n7_p0.6_idx3.gpickle,7,0.6,3,2,2,13,"[5, 3, 2, 0, 6, 1, 4]",1.7953782
./random_graph_db/graph_db_node_7/08_p0.6/08_graph_n7_p0.6_idx4.gpickle,7,0.6,4,2,4,20,"[2, 4, 1, 0, 3, 5, 6]",1.8262532
./random_graph_db/graph_db_node_7/08_p0.6/08_graph_n7_p0.6_idx5.gpickle,7,0.6,5,1,0,8,"[1, 2, 4, 0, 6, 3, 5]",1.8464131
./random_graph_db/graph_db_node_7/08_p0.6/08_graph_n7_p0.6_idx6.gpickle,7,0.6,6,2,3,21,"[2, 4, 1, 5, 3, 6, 0]",1.8377702
./random_graph_db/graph_db_node_7/08_p0.6/08_graph_n7_p0.6_idx7.gpickle,7,0.6,7,2,2,13,"[3, 4, 0, 1, 6, 2, 5]",1.7716129
./random_graph_db/graph_db_node_7/08_p0.6/08_graph_n7_p0.6_idx8.gpickle,7,0.6,8,2,3,12,"[4, 0, 5, 3, 1, 2, 6]",1.7942698
./random_graph_db/graph_db_node_7/08_p0.6/08_graph_n7_p0.6_idx9.gpickle,7,0.6,9,2,2,13,"[6, 2, 3, 0, 4, 1, 5]",1.7839429
./random_graph_db/graph_db_node_7/09_p0.65/09_graph_n7_p0.65_idx1.gpickle,7,0.65,1,2,2,13,"[0, 4, 3, 6, 1, 2, 5]",1.9245591
./random_graph_db/graph_db_node_7/09_p0.65/09_graph_n7_p0.65_idx10.gpickle,7,0.65,10,2,3,14,"[2, 1, 5, 6, 3, 4, 0]",1.7919791
./random_graph_db/graph_db_node_7/09_p0.65/09_graph_n7_p0.65_idx2.gpickle,7,0.65,2,3,5,19,"[2, 0, 4, 6, 5, 3, 1]",1.829987
./random_graph_db/graph_db_node_7/09_p0.65/09_graph_n7_p0.65_idx3.gpickle,7,0.65,3,2,4,15,"[6, 3, 1, 2, 5, 0, 4]",1.7861412
./random_graph_db/graph_db_node_7/09_p0.65/09_graph_n7_p0.65_idx4.gpickle,7,0.65,4,2,2,13,"[5, 0, 2, 1, 4, 3, 6]",1.7757151
./random_graph_db/graph_db_node_7/09_p0.65/09_graph_n7_p0.65_idx5.gpickle,7,0.65,5,1,0,8,"[0, 1, 2, 6, 3, 5, 4]",1.73598
./random_graph_db/graph_db_node_7/09_p0.65/09_graph_n7_p0.65_idx6.gpickle,7,0.65,6,2,4,24,"[6, 2, 0, 3, 4, 5, 1]",1.809305
./random_graph_db/graph_db_node_7/09_p0.65/09_graph_n7_p0.65_idx7.gpickle,7,0.65,7,2,1,12,"[3, 2, 4, 1, 0, 6, 5]",1.8656042
./random_graph_db/graph_db_node_7/09_p0.65/09_graph_n7_p0.65_idx8.gpickle,7,0.65,8,2,4,21,"[0, 3, 6, 1, 2, 4, 5]",1.806165
./random_graph_db/graph_db_node_7/09_p0.65/09_graph_n7_p0.65_idx9.gpickle,7,0.65,9,2,2,13,"[5, 2, 1, 4, 3, 0, 6]",1.7828701
./random_graph_db/graph_db_node_7/10_p0.7/10_graph_n7_p0.7_idx1.gpickle,7,0.7,1,2,2,13,"[3, 2, 0, 5, 6, 4, 1]",1.8665659
./random_graph_db/graph_db_node_7/10_p0.7/10_graph_n7_p0.7_idx10.gpickle,7,0.7,10,2,4,20,"[2, 1, 5, 0, 4, 3, 6]",1.8074031
./random_graph_db/graph_db_node_7/10_p0.7/10_graph_n7_p0.7_idx2.gpickle,7,0.7,2,3,7,23,"[1, 3, 0, 2, 5, 4, 6]",1.8326099
./random_graph_db/graph_db_node_7/10_p0.7/10_graph_n7_p0.7_idx3.gpickle,7,0.7,3,3,6,20,"[2, 5, 4, 0, 1, 6, 3]",1.8254271
./random_graph_db/graph_db_node_7/10_p0.7/10_graph_n7_p0.7_idx4.gpickle,7,0.7,4,2,4,15,"[0, 4, 6, 2, 5, 3, 1]",1.8996181
./random_graph_db/graph_db_node_7/10_p0.7/10_graph_n7_p0.7_idx5.gpickle,7,0.7,5,2,4,17,"[6, 0, 2, 5, 3, 1, 4]",1.821821
./random_graph_db/graph_db_node_7/10_p0.7/10_graph_n7_p0.7_idx6.gpickle,7,0.7,6,2,4,20,"[1, 6, 3, 5, 2, 0, 4]",1.8151252
./random_graph_db/graph_db_node_7/10_p0.7/10_graph_n7_p0.7_idx7.gpickle,7,0.7,7,1,0,10,"[0, 6, 4, 2, 1, 3, 5]",1.711906
./random_graph_db/graph_db_node_7/10_p0.7/10_graph_n7_p0.7_idx8.gpickle,7,0.7,8,1,0,8,"[1, 2, 3, 0, 4, 6, 5]",1.8733189
./random_graph_db/graph_db_node_7/10_p0.7/10_graph_n7_p0.7_idx9.gpickle,7,0.7,9,2,3,14,"[5, 2, 4, 6, 1, 3, 0]",1.801142
./random_graph_db/graph_db_node_7/11_p0.8/11_graph_n7_p0.8_idx1.gpickle,7,0.8,1,2,2,13,"[4, 6, 5, 2, 3, 0, 1]",1.7746329
./random_graph_db/graph_db_node_7/11_p0.8/11_graph_n7_p0.8_idx10.gpickle,7,0.8,10,2,2,13,"[0, 3, 2, 5, 1, 6, 4]",1.9057343
./random_graph_db/graph_db_node_7/11_p0.8/11_graph_n7_p0.8_idx2.gpickle,7,0.8,2,2,3,21,"[6, 2, 0, 1, 5, 3, 4]",1.861027
./random_graph_db/graph_db_node_7/11_p0.8/11_graph_n7_p0.8_idx3.gpickle,7,0.8,3,3,7,30,"[1, 5, 3, 0, 4, 2, 6]",1.8400471
./random_graph_db/graph_db_node_7/11_p0.8/11_graph_n7_p0.8_idx4.gpickle,7,0.8,4,2,2,13,"[5, 1, 6, 0, 2, 3, 4]",1.7844207
./random_graph_db/graph_db_node_7/11_p0.8/11_graph_n7_p0.8_idx5.gpickle,7,0.8,5,2,3,14,"[2, 1, 6, 3, 5, 4, 0]",1.8043823
./random_graph_db/graph_db_node_7/11_p0.8/11_graph_n7_p0.8_idx6.gpickle,7,0.8,6,1,0,8,"[2, 4, 5, 6, 1, 3, 0]",1.733856
./random_graph_db/graph_db_node_7/11_p0.8/11_graph_n7_p0.8_idx7.gpickle,7,0.8,7,2,4,20,"[3, 2, 1, 0, 4, 6, 5]",1.817941
./random_graph_db/graph_db_node_7/11_p0.8/11_graph_n7_p0.8_idx8.gpickle,7,0.8,8,1,0,8,"[1, 4, 2, 3, 0, 5, 6]",1.8364961
./random_graph_db/graph_db_node_7/11_p0.8/11_graph_n7_p0.8_idx9.gpickle,7,0.8,9,2,2,13,"[3, 2, 5, 4, 6, 0, 1]",1.7809598
./random_graph_db/graph_db_node_7/12_p0.9/12_graph_n7_p0.9_idx1.gpickle,7,0.9,1,1,0,8,"[5, 3, 2, 0, 4, 6, 1]",1.7528839
./random_graph_db/graph_db_node_7/12_p0.9/12_graph_n7_p0.9_idx10.gpickle,7,0.9,10,1,0,10,"[6, 1, 4, 3, 5, 2, 0]",1.7028461
./random_graph_db/graph_db_node_7/12_p0.9/12_graph_n7_p0.9_idx2.gpickle,7,0.9,2,2,2,13,"[1, 3, 4, 5, 0, 6, 2]",1.7699351
./random_graph_db/graph_db_node_7/12_p0.9/12_graph_n7_p0.9_idx3.gpickle,7,0.9,3,1,0,8,"[1, 6, 0, 3, 4, 2, 5]",1.8374329
./random_graph_db/graph_db_node_7/12_p0.9/12_graph_n7_p0.9_idx4.gpickle,7,0.9,4,1,0,8,"[0, 4, 1, 3, 5, 6, 2]",1.6733599
./random_graph_db/graph_db_node_7/12_p0.9/12_graph_n7_p0.9_idx5.gpickle,7,0.9,5,1,0,8,"[2, 6, 4, 3, 1, 5, 0]",1.7238448
./random_graph_db/graph_db_node_7/12_p0.9/12_graph_n7_p0.9_idx6.gpickle,7,0.9,6,2,3,19,"[5, 1, 3, 2, 4, 6, 0]",1.79406
./random_graph_db/graph_db_node_7/12_p0.9/12_graph_n7_p0.9_idx7.gpickle,7,0.9,7,2,2,13,"[0, 5, 6, 4, 3, 1, 2]",1.77477
./random_graph_db/graph_db_node_7/12_p0.9/12_graph_n7_p0.9_idx8.gpickle,7,0.9,8,1,0,8,"[4, 5, 1, 6, 2, 3, 0]",1.73892
./random_graph_db/graph_db_node_7/12_p0.9/12_graph_n7_p0.9_idx9.gpickle,7,0.9,9,2,2,13,"[6, 0, 4, 2, 1, 3, 5]",1.8047287
./random_graph_db/graph_db_node_8/01_p0.1/01_graph_n8_p0.1_idx1.gpickle,8,0.1,1,1,0,9,"[6, 3, 5, 7, 2, 1, 0, 4]",2.028985
./random_graph_db/graph_db_node_8/01_p0.1/01_graph_n8_p0.1_idx10.gpickle,8,0.1,10,2,2,12,"[7, 5, 4, 1, 3, 2, 0, 6]",1.9912713
./random_graph_db/graph_db_node_8/01_p0.1/01_graph_n8_p0.1_idx2.gpickle,8,0.1,2,2,2,14,"[5, 0, 4, 6, 7, 1, 3, 2]",2.0168591
./random_graph_db/graph_db_node_8/01_p0.1/01_graph_n8_p0.1_idx3.gpickle,8,0.1,3,1,0,9,"[1, 5, 7, 0, 3, 6, 4, 2]",1.9797208
./random_graph_db/graph_db_node_8/01_p0.1/01_graph_n8_p0.1_idx4.gpickle,8,0.1,4,2,2,14,"[5, 4, 6, 7, 1, 2, 3, 0]",2.0022473
./random_graph_db/graph_db_node_8/01_p0.1/01_graph_n8_p0.1_idx5.gpickle,8,0.1,5,2,1,11,"[0, 5, 2, 4, 6, 7, 1, 3]",1.9656961
./random_graph_db/graph_db_node_8/01_p0.1/01_graph_n8_p0.1_idx6.gpickle,8,0.1,6,1,0,9,"[5, 2, 6, 7, 4, 1, 0, 3]",2.1171899
./random_graph_db/graph_db_node_8/01_p0.1/01_graph_n8_p0.1_idx7.gpickle,8,0.1,7,1,0,9,"[3, 4, 0, 7, 6, 2, 5, 1]",1.9676781
./random_graph_db/graph_db_node_8/01_p0.1/01_graph_n8_p0.1_idx8.gpickle,8,0.1,8,2,3,17,"[0, 7, 6, 1, 4, 5, 3, 2]",2.0742278
./random_graph_db/graph_db_node_8/01_p0.1/01_graph_n8_p0.1_idx9.gpickle,8,0.1,9,1,0,9,"[0, 3, 5, 6, 7, 2, 4, 1]",1.9328871
./random_graph_db/graph_db_node_8/02_p0.2/02_graph_n8_p0.2_idx1.gpickle,8,0.2,1,2,1,13,"[5, 3, 0, 1, 6, 2, 4, 7]",2.044982
./random_graph_db/graph_db_node_8/02_p0.2/02_graph_n8_p0.2_idx10.gpickle,8,0.2,10,2,2,14,"[7, 0, 2, 4, 6, 3, 5, 1]",2.0285659
./random_graph_db/graph_db_node_8/02_p0.2/02_graph_n8_p0.2_idx2.gpickle,8,0.2,2,1,0,9,"[0, 5, 6, 7, 4, 1, 2, 3]",1.9812188
./random_graph_db/graph_db_node_8/02_p0.2/02_graph_n8_p0.2_idx3.gpickle,8,0.2,3,1,0,9,"[7, 6, 1, 4, 3, 5, 0, 2]",2.1398091
./random_graph_db/graph_db_node_8/02_p0.2/02_graph_n8_p0.2_idx4.gpickle,8,0.2,4,2,4,20,"[4, 1, 6, 7, 3, 5, 2, 0]",2.073595
./random_graph_db/graph_db_node_8/02_p0.2/02_graph_n8_p0.2_idx5.gpickle,8,0.2,5,1,0,9,"[7, 0, 5, 1, 3, 4, 2, 6]",1.9493599
./random_graph_db/graph_db_node_8/02_p0.2/02_graph_n8_p0.2_idx6.gpickle,8,0.2,6,1,0,9,"[3, 7, 4, 0, 6, 2, 5, 1]",1.9732339
./random_graph_db/graph_db_node_8/02_p0.2/02_graph_n8_p0.2_idx7.gpickle,8,0.2,7,1,0,9,"[3, 7, 0, 6, 5, 4, 1, 2]",1.9719138
./random_graph_db/graph_db_node_8/02_p0.2/02_graph_n8_p0.2_idx8.gpickle,8,0.2,8,1,0,9,"[4, 2, 3, 0, 5, 6, 7, 1]",2.109128
./random_graph_db/graph_db_node_8/02_p0.2/02_graph_n8_p0.2_idx9.gpickle,8,0.2,9,1,0,9,"[2, 1, 0, 6, 5, 4, 7, 3]",1.966754
./random_graph_db/graph_db_node_8/03_p0.3/03_graph_n8_p0.3_idx1.gpickle,8,0.3,1,1,0,9,"[3, 2, 7, 0, 4, 5, 1, 6]",1.9353521
./random_graph_db/graph_db_node_8/03_p0.3/03_graph_n8_p0.3_idx10.gpickle,8,0.3,10,2,2,14,"[1, 4, 3, 6, 7, 5, 2, 0]",2.0044858
./random_graph_db/graph_db_node_8/03_p0.3/03_graph_n8_p0.3_idx2.gpickle,8,0.3,2,2,4,20,"[1, 5, 2, 3, 0, 4, 6, 7]",2.0485561
./random_graph_db/graph_db_node_8/03_p0.3/03_graph_n8_p0.3_idx3.gpickle,8,0.3,3,2,2,14,"[2, 7, 1, 3, 4, 6, 5, 0]",2.3157289
./random_graph_db/graph_db_node_8/03_p0.3/03_graph_n8_p0.3_idx4.gpickle,8,0.3,4,2,1,11,"[0, 3, 1, 2, 4, 7, 6, 5]",1.9539292
./random_graph_db/graph_db_node_8/03_p0.3/03_graph_n8_p0.3_idx5.gpickle,8,0.3,5,2,5,25,"[6, 0, 2, 7, 3, 4, 5, 1]",2.0627639
./random_graph_db/graph_db_node_8/03_p0.3/03_graph_n8_p0.3_idx6.gpickle,8,0.3,6,2,4,16,"[1, 3, 4, 7, 5, 0, 2, 6]",2.0694029
./random_graph_db/graph_db_node_8/03_p0.3/03_graph_n8_p0.3_idx7.gpickle,8,0.3,7,2,4,18,"[1, 7, 0, 5, 3, 2, 6, 4]",2.004174
./random_graph_db/graph_db_node_8/03_p0.3/03_graph_n8_p0.3_idx8.gpickle,8,0.3,8,1,0,11,"[2, 0, 6, 5, 4, 1, 3, 7]",2.0527139
./random_graph_db/graph_db_node_8/03_p0.3/03_graph_n8_p0.3_idx9.gpickle,8,0.3,9,2,2,14,"[3, 7, 1, 6, 5, 2, 4, 0]",2.0018718
./random_graph_db/graph_db_node_8/04_p0.4/04_graph_n8_p0.4_idx1.gpickle,8,0.4,1,3,5,20,"[7, 5, 3, 0, 6, 2, 1, 4]",2.1451061
./random_graph_db/graph_db_node_8/04_p0.4/04_graph_n8_p0.4_idx10.gpickle,8,0.4,10,2,3,15,"[6, 5, 0, 3, 7, 1, 4, 2]",2.0432172
./random_graph_db/graph_db_node_8/04_p0.4/04_graph_n8_p0.4_idx2.gpickle,8,0.4,2,2,4,21,"[4, 5, 3, 2, 6, 1, 0, 7]",2.0647402
./random_graph_db/graph_db_node_8/04_p0.4/04_graph_n8_p0.4_idx3.gpickle,8,0.4,3,2,3,13,"[1, 6, 3, 0, 5, 2, 4, 7]",2.0171399
./random_graph_db/graph_db_node_8/04_p0.4/04_graph_n8_p0.4_idx4.gpickle,8,0.4,4,2,2,12,"[4, 0, 2, 1, 3, 6, 5, 7]",1.978034
./random_graph_db/graph_db_node_8/04_p0.4/04_graph_n8_p0.4_idx5.gpickle,8,0.4,5,1,0,9,"[2, 5, 7, 4, 6, 3, 1, 0]",1.946836
./random_graph_db/graph_db_node_8/04_p0.4/04_graph_n8_p0.4_idx6.gpickle,8,0.4,6,2,4,25,"[1, 0, 3, 7, 4, 2, 5, 6]",2.1543508
./random_graph_db/graph_db_node_8/04_p0.4/04_graph_n8_p0.4_idx7.gpickle,8,0.4,7,3,8,33,"[1, 7, 6, 0, 2, 4, 3, 5]",2.0777931
./random_graph_db/graph_db_node_8/04_p0.4/04_graph_n8_p0.4_idx8.gpickle,8,0.4,8,3,5,22,"[7, 4, 2, 1, 3, 6, 0, 5]",2.0857928
./random_graph_db/graph_db_node_8/04_p0.4/04_graph_n8_p0.4_idx9.gpickle,8,0.4,9,2,3,15,"[6, 2, 4, 0, 7, 5, 3, 1]",2.0165951
./random_graph_db/graph_db_node_8/05_p0.45/05_graph_n8_p0.45_idx1.gpickle,8,0.45,1,1,0,9,"[1, 0, 7, 6, 2, 3, 4, 5]",1.9744961
./random_graph_db/graph_db_node_8/05_p0.45/05_graph_n8_p0.45_idx10.gpickle,8,0.45,10,2,2,14,"[7, 5, 1, 6, 2, 0, 3, 4]",2.013088
./random_graph_db/graph_db_node_8/05_p0.45/05_graph_n8_p0.45_idx2.gpickle,8,0.45,2,2,2,12,"[7, 3, 5, 6, 0, 4, 2, 1]",2.0349011
./random_graph_db/graph_db_node_8/05_p0.45/05_graph_n8_p0.45_idx3.gpickle,8,0.45,3,3,7,23,"[5, 4, 3, 2, 1, 0, 6, 7]",2.182889
./random_graph_db/graph_db_node_8/05_p0.45/05_graph_n8_p0.45_idx4.gpickle,8,0.45,4,2,3,15,"[7, 2, 4, 0, 6, 5, 3, 1]",2.0362239
./random_graph_db/graph_db_node_8/05_p0.45/05_graph_n8_p0.45_idx5.gpickle,8,0.45,5,2,5,25,"[7, 2, 0, 3, 6, 5, 1, 4]",2.03968
./random_graph_db/graph_db_node_8/05_p0.45/05_graph_n8_p0.45_idx6.gpickle,8,0.45,6,3,7,31,"[3, 2, 7, 0, 4, 1, 6, 5]",2.1267242
./random_graph_db/graph_db_node_8/05_p0.45/05_graph_n8_p0.45_idx7.gpickle,8,0.45,7,2,6,29,"[0, 5, 6, 2, 4, 7, 3, 1]",2.0409598
./random_graph_db/graph_db_node_8/05_p0.45/05_graph_n8_p0.45_idx8.gpickle,8,0.45,8,2,3,20,"[1, 0, 7, 2, 5, 4, 6, 3]",2.04965
./random_graph_db/graph_db_node_8/05_p0.45/05_graph_n8_p0.45_idx9.gpickle,8,0.45,9,3,5,18,"[2, 3, 1, 0, 7, 4, 6, 5]",2.0295417
./random_graph_db/graph_db_node_8/06_p0.5/06_graph_n8_p0.5_idx1.gpickle,8,0.5,1,3,9,29,"[3, 4, 0, 1, 2, 6, 7, 5]",2.101259
./random_graph_db/graph_db_node_8/06_p0.5/06_graph_n8_p0.5_idx10.gpickle,8,0.5,10,2,2,14,"[5, 4, 0, 1, 6, 2, 7, 3]",2.144433
./random_graph_db/graph_db_node_8/06_p0.5/06_graph_n8_p0.5_idx2.gpickle,8,0.5,2,1,0,9,"[0, 1, 5, 6, 3, 2, 7, 4]",2.125042
./random_graph_db/graph_db_node_8/06_p0.5/06_graph_n8_p0.5_idx3.gpickle,8,0.5,3,2,5,28,"[7, 6, 2, 0, 5, 4, 3, 1]",2.0569053
./random_graph_db/graph_db_node_8/06_p0.5/06_graph_n8_p0.5_idx4.gpickle,8,0.5,4,3,6,21,"[5, 6, 7, 3, 0, 1, 4, 2]",2.0662558
./random_graph_db/graph_db_node_8/06_p0.5/06_graph_n8_p0.5_idx5.gpickle,8,0.5,5,2,3,15,"[5, 3, 4, 7, 6, 1, 2, 0]",2.0149591
./random_graph_db/graph_db_node_8/06_p0.5/06_graph_n8_p0.5_idx6.gpickle,8,0.5,6,2,4,25,"[6, 1, 7, 5, 3, 4, 2, 0]",2.0399339
./random_graph_db/graph_db_node_8/06_p0.5/06_graph_n8_p0.5_idx7.gpickle,8,0.5,7,2,2,14,"[1, 2, 4, 3, 5, 0, 7, 6]",2.0136352
./random_graph_db/graph_db_node_8/06_p0.5/06_graph_n8_p0.5_idx8.gpickle,8,0.5,8,2,2,14,"[3, 1, 6, 7, 4, 2, 0, 5]",2.1614091
./random_graph_db/graph_db_node_8/06_p0.5/06_graph_n8_p0.5_idx9.gpickle,8,0.5,9,3,7,25,"[0, 3, 6, 4, 1, 7, 5, 2]",2.072839
./random_graph_db/graph_db_node_8/07_p0.55/07_graph_n8_p0.55_idx1.gpickle,8,0.55,1,3,9,28,"[2, 3, 7, 6, 4, 0, 5, 1]",2.0909231
./random_graph_db/graph_db_node_8/07_p0.55/07_graph_n8_p0.55_idx10.gpickle,8,0.55,10,2,4,21,"[5, 6, 1, 7, 3, 2, 0, 4]",2.0383301
./random_graph_db/graph_db_node_8/07_p0.55/07_graph_n8_p0.55_idx2.gpickle,8,0.55,2,2,4,19,"[5, 0, 1, 4, 6, 3, 7, 2]",2.0432961
./random_graph_db/graph_db_node_8/07_p0.55/07_graph_n8_p0.55_idx3.gpickle,8,0.55,3,2,3,15,"[5, 3, 7, 6, 1, 4, 2, 0]",2.0514941
./random_graph_db/graph_db_node_8/07_p0.55/07_graph_n8_p0.55_idx4.gpickle,8,0.55,4,2,2,14,"[5, 2, 3, 6, 0, 1, 4, 7]",2.033962
./random_graph_db/graph_db_node_8/07_p0.55/07_graph_n8_p0.55_idx5.gpickle,8,0.55,5,2,6,31,"[4, 3, 6, 0, 7, 1, 2, 5]",2.192682
./random_graph_db/graph_db_node_8/07_p0.55/07_graph_n8_p0.55_idx6.gpickle,8,0.55,6,2,4,18,"[2, 5, 7, 1, 4, 0, 3, 6]",2.074358
./random_graph_db/graph_db_node_8/07_p0.55/07_graph_n8_p0.55_idx7.gpickle,8,0.55,7,3,6,23,"[4, 2, 3, 5, 0, 1, 6, 7]",2.0366931
./random_graph_db/graph_db_node_8/07_p0.55/07_graph_n8_p0.55_idx8.gpickle,8,0.55,8,2,5,28,"[7, 5, 0, 3, 6, 2, 4, 1]",2.0638311
./random_graph_db/graph_db_node_8/07_p0.55/07_graph_n8_p0.55_idx9.gpickle,8,0.55,9,3,6,29,"[6, 4, 2, 3, 0, 1, 5, 7]",2.0742133
./random_graph_db/graph_db_node_8/08_p0.6/08_graph_n8_p0.6_idx1.gpickle,8,0.6,1,2,2,12,"[3, 6, 5, 0, 4, 2, 7, 1]",2.1675389
./random_graph_db/graph_db_node_8/08_p0.6/08_graph_n8_p0.6_idx10.gpickle,8,0.6,10,2,6,30,"[0, 5, 1, 3, 4, 7, 6, 2]",2.0587161
./random_graph_db/graph_db_node_8/08_p0.6/08_graph_n8_p0.6_idx2.gpickle,8,0.6,2,3,7,27,"[4, 2, 5, 7, 3, 0, 1, 6]",2.0757141
./random_graph_db/graph_db_node_8/08_p0.6/08_graph_n8_p0.6_idx3.gpickle,8,0.6,3,3,6,22,"[5, 2, 3, 7, 6, 1, 4, 0]",2.0691261
./random_graph_db/graph_db_node_8/08_p0.6/08_graph_n8_p0.6_idx4.gpickle,8,0.6,4,2,5,30,"[5, 0, 7, 3, 1, 4, 2, 6]",2.250767
./random_graph_db/graph_db_node_8/08_p0.6/08_graph_n8_p0.6_idx5.gpickle,8,0.6,5,3,7,22,"[5, 6, 4, 2, 1, 3, 0, 7]",2.088311
./random_graph_db/graph_db_node_8/08_p0.6/08_graph_n8_p0.6_idx6.gpickle,8,0.6,6,2,2,14,"[7, 3, 6, 1, 0, 5, 2, 4]",1.9963353
./random_graph_db/graph_db_node_8/08_p0.6/08_graph_n8_p0.6_idx7.gpickle,8,0.6,7,2,5,24,"[3, 7, 1, 2, 6, 5, 4, 0]",2.3492281
./random_graph_db/graph_db_node_8/08_p0.6/08_graph_n8_p0.6_idx8.gpickle,8,0.6,8,3,5,22,"[0, 4, 5, 3, 2, 7, 6, 1]",2.05021
./random_graph_db/graph_db_node_8/08_p0.6/08_graph_n8_p0.6_idx9.gpickle,8,0.6,9,3,7,20,"[7, 2, 6, 5, 1, 0, 4, 3]",2.0637748
./random_graph_db/graph_db_node_8/09_p0.65/09_graph_n8_p0.65_idx1.gpickle,8,0.65,1,3,6,25,"[4, 6, 0, 3, 2, 7, 1, 5]",2.0781047
./random_graph_db/graph_db_node_8/09_p0.65/09_graph_n8_p0.65_idx10.gpickle,8,0.65,10,2,5,32,"[2, 3, 1, 6, 5, 7, 4, 0]",2.1802409
./random_graph_db/graph_db_node_8/09_p0.65/09_graph_n8_p0.65_idx2.gpickle,8,0.65,2,2,3,15,"[3, 1, 2, 4, 7, 5, 6, 0]",2.0892711
./random_graph_db/graph_db_node_8/09_p0.65/09_graph_n8_p0.65_idx3.gpickle,8,0.65,3,2,5,21,"[3, 5, 7, 0, 1, 4, 6, 2]",2.0385921
./random_graph_db/graph_db_node_8/09_p0.65/09_graph_n8_p0.65_idx4.gpickle,8,0.65,4,2,5,25,"[7, 5, 4, 1, 2, 0, 6, 3]",2.1111948
./random_graph_db/graph_db_node_8/09_p0.65/09_graph_n8_p0.65_idx5.gpickle,8,0.65,5,2,5,30,"[2, 7, 6, 5, 4, 3, 0, 1]",2.0381677
./random_graph_db/graph_db_node_8/09_p0.65/09_graph_n8_p0.65_idx6.gpickle,8,0.65,6,3,5,30,"[0, 2, 5, 7, 3, 4, 1, 6]",2.0772791
./random_graph_db/graph_db_node_8/09_p0.65/09_graph_n8_p0.65_idx7.gpickle,8,0.65,7,2,3,15,"[4, 3, 1, 2, 6, 7, 5, 0]",2.1538739
./random_graph_db/graph_db_node_8/09_p0.65/09_graph_n8_p0.65_idx8.gpickle,8,0.65,8,2,2,14,"[7, 3, 5, 1, 0, 6, 4, 2]",1.992872
./random_graph_db/graph_db_node_8/09_p0.65/09_graph_n8_p0.65_idx9.gpickle,8,0.65,9,2,3,19,"[0, 4, 7, 3, 5, 6, 2, 1]",2.041558
./random_graph_db/graph_db_node_8/10_p0.7/10_graph_n8_p0.7_idx1.gpickle,8,0.7,1,3,7,30,"[1, 4, 3, 7, 6, 2, 0, 5]",2.086453
./random_graph_db/graph_db_node_8/10_p0.7/10_graph_n8_p0.7_idx10.gpickle,8,0.7,10,2,5,24,"[7, 1, 3, 6, 4, 0, 2, 5]",2.0676038
./random_graph_db/graph_db_node_8/10_p0.7/10_graph_n8_p0.7_idx2.gpickle,8,0.7,2,2,3,17,"[5, 1, 4, 7, 3, 2, 6, 0]",2.041343
./random_graph_db/graph_db_node_8/10_p0.7/10_graph_n8_p0.7_idx3.gpickle,8,0.7,3,3,6,19,"[2, 0, 6, 3, 4, 1, 5, 7]",2.086314
./random_graph_db/graph_db_node_8/10_p0.7/10_graph_n8_p0.7_idx4.gpickle,8,0.7,4,2,5,24,"[3, 2, 5, 1, 7, 6, 4, 0]",2.232393
./random_graph_db/graph_db_node_8/10_p0.7/10_graph_n8_p0.7_idx5.gpickle,8,0.7,5,2,5,25,"[4, 3, 6, 1, 7, 5, 0, 2]",2.0272942
./random_graph_db/graph_db_node_8/10_p0.7/10_graph_n8_p0.7_idx6.gpickle,8,0.7,6,2,4,23,"[4, 3, 7, 5, 6, 2, 0, 1]",2.038816
./random_graph_db/graph_db_node_8/10_p0.7/10_graph_n8_p0.7_idx7.gpickle,8,0.7,7,3,7,32,"[2, 1, 0, 7, 3, 4, 6, 5]",2.0767028
./random_graph_db/graph_db_node_8/10_p0.7/10_graph_n8_p0.7_idx8.gpickle,8,0.7,8,2,4,25,"[5, 6, 7, 2, 0, 4, 3, 1]",2.05722
./random_graph_db/graph_db_node_8/10_p0.7/10_graph_n8_p0.7_idx9.gpickle,8,0.7,9,3,6,23,"[2, 3, 7, 0, 4, 1, 5, 6]",2.1886289
./random_graph_db/graph_db_node_8/11_p0.8/11_graph_n8_p0.8_idx1.gpickle,8,0.8,1,1,0,11,"[4, 7, 1, 6, 5, 0, 3, 2]",1.9491718
./random_graph_db/graph_db_node_8/11_p0.8/11_graph_n8_p0.8_idx10.gpickle,8,0.8,10,2,4,16,"[2, 1, 0, 4, 6, 5, 7, 3]",1.9911458
./random_graph_db/graph_db_node_8/11_p0.8/11_graph_n8_p0.8_idx2.gpickle,8,0.8,2,2,4,25,"[6, 7, 0, 3, 5, 4, 1, 2]",2.0370722
./random_graph_db/graph_db_node_8/11_p0.8/11_graph_n8_p0.8_idx3.gpickle,8,0.8,3,2,3,24,"[5, 3, 0, 6, 2, 7, 4, 1]",2.0645211
./random_graph_db/graph_db_node_8/11_p0.8/11_graph_n8_p0.8_idx4.gpickle,8,0.8,4,2,4,25,"[6, 4, 3, 0, 5, 7, 1, 2]",2.0345452
./random_graph_db/graph_db_node_8/11_p0.8/11_graph_n8_p0.8_idx5.gpickle,8,0.8,5,2,4,21,"[5, 4, 6, 7, 0, 3, 2, 1]",2.0218151
./random_graph_db/graph_db_node_8/11_p0.8/11_graph_n8_p0.8_idx6.gpickle,8,0.8,6,1,0,9,"[7, 4, 3, 1, 0, 2, 5, 6]",1.9580827
./random_graph_db/graph_db_node_8/11_p0.8/11_graph_n8_p0.8_idx7.gpickle,8,0.8,7,2,2,14,"[5, 6, 0, 7, 4, 1, 2, 3]",2.1406491
./random_graph_db/graph_db_node_8/11_p0.8/11_graph_n8_p0.8_idx8.gpickle,8,0.8,8,2,2,14,"[0, 5, 1, 4, 2, 7, 3, 6]",1.996803
./random_graph_db/graph_db_node_8/11_p0.8/11_graph_n8_p0.8_idx9.gpickle,8,0.8,9,1,0,11,"[3, 7, 2, 0, 6, 5, 4, 1]",1.94769
./random_graph_db/graph_db_node_8/12_p0.9/12_graph_n8_p0.9_idx1.gpickle,8,0.9,1,1,0,9,"[5, 3, 7, 4, 6, 0, 1, 2]",2.080792
./random_graph_db/graph_db_node_8/12_p0.9/12_graph_n8_p0.9_idx10.gpickle,8,0.9,10,2,4,18,"[1, 3, 6, 2, 4, 5, 7, 0]",2.0157461
./random_graph_db/graph_db_node_8/12_p0.9/12_graph_n8_p0.9_idx2.gpickle,8,0.9,2,2,2,14,"[7, 2, 0, 3, 5, 4, 6, 1]",2.0042908
./random_graph_db/graph_db_node_8/12_p0.9/12_graph_n8_p0.9_idx3.gpickle,8,0.9,3,2,1,11,"[0, 4, 2, 3, 5, 7, 6, 1]",1.9457221
./random_graph_db/graph_db_node_8/12_p0.9/12_graph_n8_p0.9_idx4.gpickle,8,0.9,4,1,0,9,"[5, 6, 3, 0, 4, 2, 1, 7]",1.9512193
./random_graph_db/graph_db_node_8/12_p0.9/12_graph_n8_p0.9_idx5.gpickle,8,0.9,5,1,0,9,"[5, 6, 1, 0, 4, 3, 7, 2]",1.9435263
./random_graph_db/graph_db_node_8/12_p0.9/12_graph_n8_p0.9_idx6.gpickle,8,0.9,6,2,2,14,"[3, 4, 1, 0, 2, 7, 6, 5]",2.0041049
./random_graph_db/graph_db_node_8/12_p0.9/12_graph_n8_p0.9_idx7.gpickle,8,0.9,7,1,0,9,"[0, 4, 5, 6, 7, 1, 2, 3]",1.9890258
./random_graph_db/graph_db_node_8/12_p0.9/12_graph_n8_p0.9_idx8.gpickle,8,0.9,8,1,0,9,"[6, 5, 3, 1, 2, 4, 0, 7]",1.9759228
./random_graph_db/graph_db_node_8/12_p0.9/12_graph_n8_p0.9_idx9.gpickle,8,0.9,9,1,0,9,"[3, 6, 7, 0, 2, 5, 4, 1]",2.0299382
./random_graph_db/graph_db_node_9/01_p0.1/01_graph_n9_p0.1_idx1.gpickle,9,0.1,1,2,2,13,"[3, 6, 1, 4, 0, 2, 8, 5, 7]",2.238565
./random_graph_db/graph_db_node_9/01_p0.1/01_graph_n9_p0.1_idx10.gpickle,9,0.1,10,2,1,12,"[7, 6, 0, 1, 8, 4, 3, 5, 2]",2.169188
./random_graph_db/graph_db_node_9/01_p0.1/01_graph_n9_p0.1_idx2.gpickle,9,0.1,2,2,2,13,"[1, 4, 6, 7, 2, 3, 8, 0, 5]",2.2452779
./random_graph_db/graph_db_node_9/01_p0.1/01_graph_n9_p0.1_idx3.gpickle,9,0.1,3,2,2,15,"[3, 4, 1, 8, 0, 7, 5, 6, 2]",2.249778
./random_graph_db/graph_db_node_9/01_p0.1/01_graph_n9_p0.1_idx4.gpickle,9,0.1,4,1,0,10,"[0, 3, 2, 8, 4, 7, 1, 5, 6]",2.343488
./random_graph_db/graph_db_node_9/01_p0.1/01_graph_n9_p0.1_idx5.gpickle,9,0.1,5,2,1,12,"[5, 0, 3, 1, 2, 7, 8, 6, 4]",2.2034943
./random_graph_db/graph_db_node_9/01_p0.1/01_graph_n9_p0.1_idx6.gpickle,9,0.1,6,1,0,10,"[6, 2, 4, 5, 8, 3, 7, 1, 0]",2.2144997
./random_graph_db/graph_db_node_9/01_p0.1/01_graph_n9_p0.1_idx7.gpickle,9,0.1,7,1,0,10,"[7, 4, 8, 0, 3, 5, 1, 2, 6]",2.2228019
./random_graph_db/graph_db_node_9/01_p0.1/01_graph_n9_p0.1_idx8.gpickle,9,0.1,8,2,3,16,"[8, 0, 5, 2, 3, 1, 4, 6, 7]",2.2486539
./random_graph_db/graph_db_node_9/01_p0.1/01_graph_n9_p0.1_idx9.gpickle,9,0.1,9,1,0,10,"[3, 6, 8, 1, 0, 2, 5, 4, 7]",2.2262232
./random_graph_db/graph_db_node_9/02_p0.2/02_graph_n9_p0.2_idx1.gpickle,9,0.2,1,3,6,22,"[6, 5, 8, 2, 0, 3, 4, 7, 1]",2.368886
./random_graph_db/graph_db_node_9/02_p0.2/02_graph_n9_p0.2_idx10.gpickle,9,0.2,10,2,2,15,"[2, 7, 0, 8, 1, 5, 6, 4, 3]",2.3918669
./random_graph_db/graph_db_node_9/02_p0.2/02_graph_n9_p0.2_idx2.gpickle,9,0.2,2,2,3,14,"[4, 8, 3, 6, 7, 5, 0, 2, 1]",2.2506108
./random_graph_db/graph_db_node_9/02_p0.2/02_graph_n9_p0.2_idx3.gpickle,9,0.2,3,2,3,14,"[3, 0, 1, 7, 8, 6, 2, 5, 4]",2.248132
./random_graph_db/graph_db_node_9/02_p0.2/02_graph_n9_p0.2_idx4.gpickle,9,0.2,4,2,5,16,"[6, 0, 4, 2, 3, 8, 7, 1, 5]",2.3091342
./random_graph_db/graph_db_node_9/02_p0.2/02_graph_n9_p0.2_idx5.gpickle,9,0.2,5,2,3,21,"[5, 4, 7, 6, 3, 1, 8, 2, 0]",2.256325
./random_graph_db/graph_db_node_9/02_p0.2/02_graph_n9_p0.2_idx6.gpickle,9,0.2,6,2,3,14,"[3, 0, 5, 7, 6, 1, 2, 8, 4]",2.2397089
./random_graph_db/graph_db_node_9/02_p0.2/02_graph_n9_p0.2_idx7.gpickle,9,0.2,7,1,0,12,"[3, 7, 4, 1, 8, 5, 2, 6, 0]",2.2758567
./random_graph_db/graph_db_node_9/02_p0.2/02_graph_n9_p0.2_idx8.gpickle,9,0.2,8,1,0,10,"[0, 7, 3, 8, 2, 4, 1, 6, 5]",2.3451631
./random_graph_db/graph_db_node_9/02_p0.2/02_graph_n9_p0.2_idx9.gpickle,9,0.2,9,2,3,16,"[8, 0, 1, 3, 4, 5, 6, 2, 7]",2.271616
./random_graph_db/graph_db_node_9/03_p0.3/03_graph_n9_p0.3_idx1.gpickle,9,0.3,1,3,7,29,"[6, 5, 3, 0, 1, 7, 2, 8, 4]",2.292304
./random_graph_db/graph_db_node_9/03_p0.3/03_graph_n9_p0.3_idx10.gpickle,9,0.3,10,2,4,29,"[1, 4, 3, 5, 8, 0, 7, 6, 2]",2.2818141
./random_graph_db/graph_db_node_9/03_p0.3/03_graph_n9_p0.3_idx2.gpickle,9,0.3,2,2,5,29,"[0, 8, 4, 5, 2, 6, 7, 3, 1]",2.3434041
./random_graph_db/graph_db_node_9/03_p0.3/03_graph_n9_p0.3_idx3.gpickle,9,0.3,3,2,2,20,"[0, 4, 1, 3, 7, 5, 6, 8, 2]",2.2141209
./random_graph_db/graph_db_node_9/03_p0.3/03_graph_n9_p0.3_idx4.gpickle,9,0.3,4,3,7,23,"[2, 6, 0, 5, 7, 4, 3, 1, 8]",2.4186811
./random_graph_db/graph_db_node_9/03_p0.3/03_graph_n9_p0.3_idx5.gpickle,9,0.3,5,3,7,23,"[7, 4, 0, 6, 2, 3, 5, 1, 8]",2.3165178
./random_graph_db/graph_db_node_9/03_p0.3/03_graph_n9_p0.3_idx6.gpickle,9,0.3,6,1,0,10,"[4, 5, 2, 1, 8, 7, 6, 3, 0]",2.2719843
./random_graph_db/graph_db_node_9/03_p0.3/03_graph_n9_p0.3_idx7.gpickle,9,0.3,7,2,6,44,"[1, 4, 3, 0, 6, 2, 8, 7, 5]",2.3619981
./random_graph_db/graph_db_node_9/03_p0.3/03_graph_n9_p0.3_idx8.gpickle,9,0.3,8,2,2,15,"[8, 0, 5, 6, 1, 2, 4, 7, 3]",2.271862
./random_graph_db/graph_db_node_9/03_p0.3/03_graph_n9_p0.3_idx9.gpickle,9,0.3,9,3,9,36,"[1, 6, 3, 7, 0, 2, 4, 5, 8]",2.3393872
./random_graph_db/graph_db_node_9/04_p0.4/04_graph_n9_p0.4_idx1.gpickle,9,0.4,1,2,5,24,"[3, 4, 1, 5, 8, 0, 6, 2, 7]",2.286617
./random_graph_db/graph_db_node_9/04_p0.4/04_graph_n9_p0.4_idx10.gpickle,9,0.4,10,3,5,21,"[6, 4, 8, 2, 7, 1, 3, 5, 0]",2.51437
./random_graph_db/graph_db_node_9/04_p0.4/04_graph_n9_p0.4_idx2.gpickle,9,0.4,2,3,8,42,"[1, 4, 5, 7, 0, 3, 2, 6, 8]",2.3269739
./random_graph_db/graph_db_node_9/04_p0.4/04_graph_n9_p0.4_idx3.gpickle,9,0.4,3,2,4,29,"[2, 3, 6, 1, 7, 8, 0, 5, 4]",2.2740149
./random_graph_db/graph_db_node_9/04_p0.4/04_graph_n9_p0.4_idx4.gpickle,9,0.4,4,2,4,17,"[6, 5, 8, 0, 1, 4, 7, 3, 2]",2.3256681
./random_graph_db/graph_db_node_9/04_p0.4/04_graph_n9_p0.4_idx5.gpickle,9,0.4,5,2,2,15,"[0, 5, 2, 6, 1, 8, 3, 4, 7]",2.2920859
./random_graph_db/graph_db_node_9/04_p0.4/04_graph_n9_p0.4_idx6.gpickle,9,0.4,6,2,3,23,"[6, 7, 2, 1, 8, 0, 4, 3, 5]",2.237072
./random_graph_db/graph_db_node_9/04_p0.4/04_graph_n9_p0.4_idx7.gpickle,9,0.4,7,2,5,27,"[1, 2, 5, 6, 8, 4, 7, 3, 0]",2.418443
./random_graph_db/graph_db_node_9/04_p0.4/04_graph_n9_p0.4_idx8.gpickle,9,0.4,8,3,5,23,"[1, 0, 8, 3, 7, 4, 2, 5, 6]",2.3202901
./random_graph_db/graph_db_node_9/04_p0.4/04_graph_n9_p0.4_idx9.gpickle,9,0.4,9,3,7,21,"[6, 1, 3, 4, 0, 5, 2, 7, 8]",2.3177221
./random_graph_db/graph_db_node_9/05_p0.45/05_graph_n9_p0.45_idx1.gpickle,9,0.45,1,3,9,35,"[2, 8, 0, 4, 7, 6, 5, 3, 1]",2.3619361
./random_graph_db/graph_db_node_9/05_p0.45/05_graph_n9_p0.45_idx10.gpickle,9,0.45,10,2,4,26,"[7, 6, 1, 3, 8, 2, 4, 0, 5]",2.2878714
./random_graph_db/graph_db_node_9/05_p0.45/05_graph_n9_p0.45_idx2.gpickle,9,0.45,2,3,7,23,"[3, 8, 2, 1, 4, 7, 5, 6, 0]",2.3306413
./random_graph_db/graph_db_node_9/05_p0.45/05_graph_n9_p0.45_idx3.gpickle,9,0.45,3,2,3,16,"[1, 2, 7, 3, 5, 6, 4, 8, 0]",2.495168
./random_graph_db/graph_db_node_9/05_p0.45/05_graph_n9_p0.45_idx4.gpickle,9,0.45,4,3,11,40,"[6, 2, 5, 7, 1, 3, 0, 4, 8]",2.5373418
./random_graph_db/graph_db_node_9/05_p0.45/05_graph_n9_p0.45_idx5.gpickle,9,0.45,5,2,3,16,"[3, 0, 5, 4, 6, 7, 1, 2, 8]",2.307354
./random_graph_db/graph_db_node_9/05_p0.45/05_graph_n9_p0.45_idx6.gpickle,9,0.45,6,2,5,19,"[5, 0, 4, 7, 1, 8, 2, 3, 6]",2.28491
./random_graph_db/graph_db_node_9/05_p0.45/05_graph_n9_p0.45_idx7.gpickle,9,0.45,7,3,7,32,"[2, 5, 1, 8, 6, 7, 4, 3, 0]",2.3516059
./random_graph_db/graph_db_node_9/05_p0.45/05_graph_n9_p0.45_idx8.gpickle,9,0.45,8,2,3,29,"[6, 2, 0, 4, 7, 5, 3, 8, 1]",2.2707181
./random_graph_db/graph_db_node_9/05_p0.45/05_graph_n9_p0.45_idx9.gpickle,9,0.45,9,2,5,27,"[3, 6, 4, 0, 8, 5, 1, 2, 7]",2.3079321
./random_graph_db/graph_db_node_9/06_p0.5/06_graph_n9_p0.5_idx1.gpickle,9,0.5,1,2,5,23,"[7, 3, 0, 6, 5, 1, 8, 4, 2]",2.4669821
./random_graph_db/graph_db_node_9/06_p0.5/06_graph_n9_p0.5_idx10.gpickle,9,0.5,10,3,6,30,"[2, 4, 6, 3, 8, 1, 5, 0, 7]",2.3514528
./random_graph_db/graph_db_node_9/06_p0.5/06_graph_n9_p0.5_idx2.gpickle,9,0.5,2,3,5,19,"[0, 6, 5, 7, 8, 2, 4, 1, 3]",2.3020899
./random_graph_db/graph_db_node_9/06_p0.5/06_graph_n9_p0.5_idx3.gpickle,9,0.5,3,3,8,24,"[4, 3, 5, 7, 1, 8, 2, 6, 0]",2.3410459
./random_graph_db/graph_db_node_9/06_p0.5/06_graph_n9_p0.5_idx4.gpickle,9,0.5,4,2,3,16,"[2, 8, 1, 4, 7, 3, 5, 0, 6]",2.2855489
./random_graph_db/graph_db_node_9/06_p0.5/06_graph_n9_p0.5_idx5.gpickle,9,0.5,5,3,9,37,"[7, 3, 6, 1, 4, 0, 8, 5, 2]",2.3288541
./random_graph_db/graph_db_node_9/06_p0.5/06_graph_n9_p0.5_idx6.gpickle,9,0.5,6,3,8,35,"[6, 7, 3, 5, 0, 4, 1, 8, 2]",2.4921501
./random_graph_db/graph_db_node_9/06_p0.5/06_graph_n9_p0.5_idx7.gpickle,9,0.5,7,2,2,15,"[2, 1, 3, 6, 5, 7, 4, 8, 0]",2.2804811
./random_graph_db/graph_db_node_9/06_p0.5/06_graph_n9_p0.5_idx8.gpickle,9,0.5,8,3,8,26,"[6, 5, 8, 3, 2, 1, 7, 4, 0]",2.3749199
./random_graph_db/graph_db_node_9/06_p0.5/06_graph_n9_p0.5_idx9.gpickle,9,0.5,9,2,5,28,"[3, 0, 6, 5, 2, 1, 7, 4, 8]",2.3112841
./random_graph_db/graph_db_node_9/07_p0.55/07_graph_n9_p0.55_idx1.gpickle,9,0.55,1,2,5,28,"[8, 0, 7, 1, 3, 4, 2, 6, 5]",2.314913
./random_graph_db/graph_db_node_9/07_p0.55/07_graph_n9_p0.55_idx10.gpickle,9,0.55,10,3,10,40,"[6, 2, 0, 5, 3, 7, 1, 4, 8]",2.3389788
./random_graph_db/graph_db_node_9/07_p0.55/07_graph_n9_p0.55_idx2.gpickle,9,0.55,2,2,2,15,"[4, 7, 5, 3, 0, 1, 6, 2, 8]",2.2704861
./random_graph_db/graph_db_node_9/07_p0.55/07_graph_n9_p0.55_idx3.gpickle,9,0.55,3,3,7,30,"[4, 7, 8, 6, 0, 5, 1, 3, 2]",2.476629
./random_graph_db/graph_db_node_9/07_p0.55/07_graph_n9_p0.55_idx4.gpickle,9,0.55,4,3,7,23,"[2, 5, 3, 8, 4, 1, 0, 7, 6]",2.3082218
./random_graph_db/graph_db_node_9/07_p0.55/07_graph_n9_p0.55_idx5.gpickle,9,0.55,5,2,5,26,"[8, 5, 7, 4, 0, 6, 1, 3, 2]",2.3167679
./random_graph_db/graph_db_node_9/07_p0.55/07_graph_n9_p0.55_idx6.gpickle,9,0.55,6,2,6,24,"[3, 4, 2, 8, 6, 0, 5, 7, 1]",2.321965
./random_graph_db/graph_db_node_9/07_p0.55/07_graph_n9_p0.55_idx7.gpickle,9,0.55,7,3,9,31,"[5, 3, 4, 7, 0, 1, 8, 6, 2]",2.3434949
./random_graph_db/graph_db_node_9/07_p0.55/07_graph_n9_p0.55_idx8.gpickle,9,0.55,8,3,8,27,"[3, 4, 5, 2, 1, 8, 6, 7, 0]",2.3261929
./random_graph_db/graph_db_node_9/07_p0.55/07_graph_n9_p0.55_idx9.gpickle,9,0.55,9,3,11,47,"[4, 5, 3, 8, 6, 0, 1, 2, 7]",2.5290163
./random_graph_db/graph_db_node_9/08_p0.6/08_graph_n9_p0.6_idx1.gpickle,9,0.6,1,3,10,41,"[7, 0, 3, 8, 6, 2, 4, 5, 1]",2.348551
./random_graph_db/graph_db_node_9/08_p0.6/08_graph_n9_p0.6_idx10.gpickle,9,0.6,10,3,8,26,"[3, 2, 6, 1, 7, 0, 8, 4, 5]",2.3716948
./random_graph_db/graph_db_node_9/08_p0.6/08_graph_n9_p0.6_idx2.gpickle,9,0.6,2,3,10,42,"[2, 1, 8, 6, 0, 7, 4, 5, 3]",2.3440661
./random_graph_db/graph_db_node_9/08_p0.6/08_graph_n9_p0.6_idx3.gpickle,9,0.6,3,3,10,36,"[2, 5, 8, 3, 6, 1, 7, 0, 4]",2.328939
./random_graph_db/graph_db_node_9/08_p0.6/08_graph_n9_p0.6_idx4.gpickle,9,0.6,4,3,8,36,"[1, 2, 8, 4, 0, 3, 6, 5, 7]",2.3534169
./random_graph_db/graph_db_node_9/08_p0.6/08_graph_n9_p0.6_idx5.gpickle,9,0.6,5,2,4,23,"[8, 0, 6, 4, 7, 5, 3, 2, 1]",2.2763929
./random_graph_db/graph_db_node_9/08_p0.6/08_graph_n9_p0.6_idx6.gpickle,9,0.6,6,3,8,26,"[5, 4, 0, 8, 7, 1, 2, 6, 3]",2.4710691
./random_graph_db/graph_db_node_9/08_p0.6/08_graph_n9_p0.6_idx7.gpickle,9,0.6,7,3,7,25,"[8, 5, 6, 4, 1, 2, 0, 7, 3]",2.3526869
./random_graph_db/graph_db_node_9/08_p0.6/08_graph_n9_p0.6_idx8.gpickle,9,0.6,8,2,2,15,"[0, 6, 3, 1, 7, 4, 5, 8, 2]",2.2826788
./random_graph_db/graph_db_node_9/08_p0.6/08_graph_n9_p0.6_idx9.gpickle,9,0.6,9,2,4,22,"[0, 7, 2, 4, 1, 8, 6, 5, 3]",2.3373029
./random_graph_db/graph_db_node_9/09_p0.65/09_graph_n9_p0.65_idx1.gpickle,9,0.65,1,3,9,39,"[5, 1, 4, 7, 8, 3, 2, 0, 6]",2.3639879
./random_graph_db/graph_db_node_9/09_p0.65/09_graph_n9_p0.65_idx10.gpickle,9,0.65,10,2,5,32,"[3, 7, 8, 6, 4, 5, 2, 1, 0]",2.312206
./random_graph_db/graph_db_node_9/09_p0.65/09_graph_n9_p0.65_idx2.gpickle,9,0.65,2,3,10,40,"[1, 2, 7, 0, 8, 6, 3, 5, 4]",2.6038828
./random_graph_db/graph_db_node_9/09_p0.65/09_graph_n9_p0.65_idx3.gpickle,9,0.65,3,3,8,31,"[1, 6, 4, 0, 5, 8, 2, 7, 3]",2.321744
./random_graph_db/graph_db_node_9/09_p0.65/09_graph_n9_p0.65_idx4.gpickle,9,0.65,4,3,7,23,"[1, 6, 2, 3, 0, 4, 8, 5, 7]",2.3351548
./random_graph_db/graph_db_node_9/09_p0.65/09_graph_n9_p0.65_idx5.gpickle,9,0.65,5,3,8,33,"[7, 0, 1, 3, 5, 8, 4, 6, 2]",2.350636
./random_graph_db/graph_db_node_9/09_p0.65/09_graph_n9_p0.65_idx6.gpickle,9,0.65,6,2,5,26,"[6, 7, 5, 4, 0, 3, 1, 2, 8]",2.326369
./random_graph_db/graph_db_node_9/09_p0.65/09_graph_n9_p0.65_idx7.gpickle,9,0.65,7,2,3,16,"[5, 4, 3, 6, 7, 2, 8, 1, 0]",2.3003161
./random_graph_db/graph_db_node_9/09_p0.65/09_graph_n9_p0.65_idx8.gpickle,9,0.65,8,2,4,19,"[5, 3, 2, 7, 8, 4, 0, 1, 6]",2.269068
./random_graph_db/graph_db_node_9/09_p0.65/09_graph_n9_p0.65_idx9.gpickle,9,0.65,9,2,3,15,"[5, 8, 0, 2, 7, 1, 3, 4, 6]",2.4273841
./random_graph_db/graph_db_node_9/10_p0.7/10_graph_n9_p0.7_idx1.gpickle,9,0.7,1,3,8,30,"[8, 2, 0, 3, 1, 5, 7, 4, 6]",2.336118
./random_graph_db/graph_db_node_9/10_p0.7/10_graph_n9_p0.7_idx10.gpickle,9,0.7,10,3,10,40,"[3, 2, 4, 5, 7, 1, 0, 6, 8]",2.3583238
./random_graph_db/graph_db_node_9/10_p0.7/10_graph_n9_p0.7_idx2.gpickle,9,0.7,2,3,7,28,"[7, 0, 4, 2, 6, 8, 3, 5, 1]",2.309371
./random_graph_db/graph_db_node_9/10_p0.7/10_graph_n9_p0.7_idx3.gpickle,9,0.7,3,2,4,15,"[2, 0, 8, 1, 6, 4, 7, 3, 5]",2.2627759
./random_graph_db/graph_db_node_9/10_p0.7/10_graph_n9_p0.7_idx4.gpickle,9,0.7,4,3,6,24,"[8, 1, 0, 3, 4, 7, 5, 6, 2]",2.3081279
./random_graph_db/graph_db_node_9/10_p0.7/10_graph_n9_p0.7_idx5.gpickle,9,0.7,5,3,10,44,"[4, 5, 0, 6, 1, 2, 3, 8, 7]",2.4925997
./random_graph_db/graph_db_node_9/10_p0.7/10_graph_n9_p0.7_idx6.gpickle,9,0.7,6,3,8,26,"[0, 8, 3, 6, 4, 2, 1, 7, 5]",2.3259871
./random_graph_db/graph_db_node_9/10_p0.7/10_graph_n9_p0.7_idx7.gpickle,9,0.7,7,3,8,35,"[1, 2, 8, 4, 5, 0, 6, 7, 3]",2.3221979
./random_graph_db/graph_db_node_9/10_p0.7/10_graph_n9_p0.7_idx8.gpickle,9,0.7,8,3,10,34,"[2, 5, 1, 8, 4, 3, 6, 7, 0]",2.3544281
./random_graph_db/graph_db_node_9/10_p0.7/10_graph_n9_p0.7_idx9.gpickle,9,0.7,9,2,5,22,"[6, 7, 0, 2, 5, 3, 4, 8, 1]",2.4243078
./random_graph_db/graph_db_node_9/11_p0.8/11_graph_n9_p0.8_idx1.gpickle,9,0.8,1,2,2,15,"[1, 0, 6, 4, 3, 7, 2, 8, 5]",2.2492001
./random_graph_db/graph_db_node_9/11_p0.8/11_graph_n9_p0.8_idx10.gpickle,9,0.8,10,2,4,25,"[8, 7, 3, 6, 2, 5, 0, 4, 1]",2.2812512
./random_graph_db/graph_db_node_9/11_p0.8/11_graph_n9_p0.8_idx2.gpickle,9,0.8,2,2,2,15,"[6, 2, 0, 3, 1, 8, 7, 5, 4]",2.239774
./random_graph_db/graph_db_node_9/11_p0.8/11_graph_n9_p0.8_idx3.gpickle,9,0.8,3,2,5,27,"[8, 2, 6, 0, 5, 1, 3, 7, 4]",2.26828
./random_graph_db/graph_db_node_9/11_p0.8/11_graph_n9_p0.8_idx4.gpickle,9,0.8,4,2,4,24,"[2, 6, 8, 0, 1, 5, 4, 3, 7]",2.2824881
./random_graph_db/graph_db_node_9/11_p0.8/11_graph_n9_p0.8_idx5.gpickle,9,0.8,5,3,8,43,"[0, 2, 4, 8, 1, 6, 3, 7, 5]",2.329268
./random_graph_db/graph_db_node_9/11_p0.8/11_graph_n9_p0.8_idx6.gpickle,9,0.8,6,3,7,25,"[7, 5, 8, 1, 6, 0, 2, 3, 4]",2.485534
./random_graph_db/graph_db_node_9/11_p0.8/11_graph_n9_p0.8_idx7.gpickle,9,0.8,7,3,6,20,"[6, 7, 3, 2, 0, 1, 8, 5, 4]",2.3069451
./random_graph_db/graph_db_node_9/11_p0.8/11_graph_n9_p0.8_idx8.gpickle,9,0.8,8,2,6,19,"[8, 6, 0, 5, 1, 4, 2, 3, 7]",2.3271067
./random_graph_db/graph_db_node_9/11_p0.8/11_graph_n9_p0.8_idx9.gpickle,9,0.8,9,2,5,27,"[5, 7, 0, 6, 2, 4, 1, 8, 3]",2.3139548
./random_graph_db/graph_db_node_9/12_p0.9/12_graph_n9_p0.9_idx1.gpickle,9,0.9,1,2,2,15,"[0, 5, 7, 3, 1, 4, 8, 2, 6]",2.2210479
./random_graph_db/graph_db_node_9/12_p0.9/12_graph_n9_p0.9_idx10.gpickle,9,0.9,10,1,0,12,"[2, 0, 3, 8, 6, 7, 1, 4, 5]",2.145525
./random_graph_db/graph_db_node_9/12_p0.9/12_graph_n9_p0.9_idx2.gpickle,9,0.9,2,2,1,12,"[3, 1, 8, 4, 5, 7, 6, 2, 0]",2.1763
./random_graph_db/graph_db_node_9/12_p0.9/12_graph_n9_p0.9_idx3.gpickle,9,0.9,3,2,3,18,"[0, 7, 8, 5, 6, 3, 4, 2, 1]",2.2534251
./random_graph_db/graph_db_node_9/12_p0.9/12_graph_n9_p0.9_idx4.gpickle,9,0.9,4,2,4,19,"[0, 3, 7, 4, 8, 6, 2, 5, 1]",2.254679
./random_graph_db/graph_db_node_9/12_p0.9/12_graph_n9_p0.9_idx5.gpickle,9,0.9,5,2,1,12,"[3, 8, 2, 7, 5, 4, 0, 6, 1]",2.3184988
./random_graph_db/graph_db_node_9/12_p0.9/12_graph_n9_p0.9_idx6.gpickle,9,0.9,6,1,0,10,"[7, 1, 6, 4, 0, 5, 2, 3, 8]",2.2585909
./random_graph_db/graph_db_node_9/12_p0.9/12_graph_n9_p0.9_idx7.gpickle,9,0.9,7,2,2,18,"[8, 5, 1, 0, 7, 2, 4, 6, 3]",2.2204041
./random_graph_db/graph_db_node_9/12_p0.9/12_graph_n9_p0.9_idx8.gpickle,9,0.9,8,3,7,25,"[4, 8, 3, 1, 5, 7, 2, 0, 6]",2.3005986
./random_graph_db/graph_db_node_9/12_p0.9/12_graph_n9_p0.9_idx9.gpickle,9,0.9,9,2,2,15,"[8, 0, 6, 1, 7, 3, 5, 2, 4]",2.2704751
