path,node_number,p,idx,num_emitters_random,num_emitter_CNOTs_random,num_gates_random,ordering_random,run_time_random
./random_graph_db/graph_db_node_10/01_p0.1/01_graph_n10_p0.1_idx1.gpickle,10,0.1,1,3,3,21,"[0, 1, 2, 3, 4, 5, 6, 7, 8, 9]",0.0960078
./random_graph_db/graph_db_node_10/01_p0.1/01_graph_n10_p0.1_idx10.gpickle,10,0.1,10,4,4,20,"[0, 1, 2, 3, 4, 5, 6, 7, 8, 9]",0.076766
./random_graph_db/graph_db_node_10/01_p0.1/01_graph_n10_p0.1_idx2.gpickle,10,0.1,2,5,7,26,"[0, 1, 2, 3, 4, 5, 6, 7, 8, 9]",0.090611
./random_graph_db/graph_db_node_10/01_p0.1/01_graph_n10_p0.1_idx3.gpickle,10,0.1,3,4,3,21,"[0, 1, 2, 3, 4, 5, 6, 7, 8, 9]",0.0641239
./random_graph_db/graph_db_node_10/01_p0.1/01_graph_n10_p0.1_idx4.gpickle,10,0.1,4,3,3,23,"[0, 1, 2, 3, 4, 5, 6, 7, 8, 9]",0.0451899
./random_graph_db/graph_db_node_10/01_p0.1/01_graph_n10_p0.1_idx5.gpickle,10,0.1,5,4,4,24,"[0, 1, 2, 3, 4, 5, 6, 7, 8, 9]",0.0645969
./random_graph_db/graph_db_node_10/01_p0.1/01_graph_n10_p0.1_idx6.gpickle,10,0.1,6,3,3,18,"[0, 1, 2, 3, 4, 5, 6, 7, 8, 9]",0.0599349
./random_graph_db/graph_db_node_10/01_p0.1/01_graph_n10_p0.1_idx7.gpickle,10,0.1,7,4,12,43,"[0, 1, 2, 3, 4, 5, 6, 7, 8, 9]",0.1021571
./random_graph_db/graph_db_node_10/01_p0.1/01_graph_n10_p0.1_idx8.gpickle,10,0.1,8,4,6,24,"[0, 1, 2, 3, 4, 5, 6, 7, 8, 9]",0.0852249
./random_graph_db/graph_db_node_10/01_p0.1/01_graph_n10_p0.1_idx9.gpickle,10,0.1,9,3,8,30,"[0, 1, 2, 3, 4, 5, 6, 7, 8, 9]",0.0906131
./random_graph_db/graph_db_node_10/02_p0.2/02_graph_n10_p0.2_idx1.gpickle,10,0.2,1,4,6,29,"[0, 1, 2, 3, 4, 5, 6, 7, 8, 9]",0.0818119
./random_graph_db/graph_db_node_10/02_p0.2/02_graph_n10_p0.2_idx10.gpickle,10,0.2,10,4,4,20,"[0, 1, 2, 3, 4, 5, 6, 7, 8, 9]",0.0561531
./random_graph_db/graph_db_node_10/02_p0.2/02_graph_n10_p0.2_idx2.gpickle,10,0.2,2,3,3,18,"[0, 1, 2, 3, 4, 5, 6, 7, 8, 9]",0.053302
./random_graph_db/graph_db_node_10/02_p0.2/02_graph_n10_p0.2_idx3.gpickle,10,0.2,3,5,9,40,"[0, 1, 2, 3, 4, 5, 6, 7, 8, 9]",0.1092081
./random_graph_db/graph_db_node_10/02_p0.2/02_graph_n10_p0.2_idx4.gpickle,10,0.2,4,3,5,24,"[0, 1, 2, 3, 4, 5, 6, 7, 8, 9]",0.0743892
./random_graph_db/graph_db_node_10/02_p0.2/02_graph_n10_p0.2_idx5.gpickle,10,0.2,5,4,11,42,"[0, 1, 2, 3, 4, 5, 6, 7, 8, 9]",0.0881929
./random_graph_db/graph_db_node_10/02_p0.2/02_graph_n10_p0.2_idx6.gpickle,10,0.2,6,4,8,28,"[0, 1, 2, 3, 4, 5, 6, 7, 8, 9]",0.0835068
./random_graph_db/graph_db_node_10/02_p0.2/02_graph_n10_p0.2_idx7.gpickle,10,0.2,7,4,3,19,"[0, 1, 2, 3, 4, 5, 6, 7, 8, 9]",0.0537751
./random_graph_db/graph_db_node_10/02_p0.2/02_graph_n10_p0.2_idx8.gpickle,10,0.2,8,4,7,31,"[0, 1, 2, 3, 4, 5, 6, 7, 8, 9]",0.0933931
./random_graph_db/graph_db_node_10/02_p0.2/02_graph_n10_p0.2_idx9.gpickle,10,0.2,9,4,4,20,"[0, 1, 2, 3, 4, 5, 6, 7, 8, 9]",0.0961041
./random_graph_db/graph_db_node_10/03_p0.3/03_graph_n10_p0.3_idx1.gpickle,10,0.3,1,5,9,32,"[0, 1, 2, 3, 4, 5, 6, 7, 8, 9]",0.1491659
./random_graph_db/graph_db_node_10/03_p0.3/03_graph_n10_p0.3_idx10.gpickle,10,0.3,10,3,6,21,"[0, 1, 2, 3, 4, 5, 6, 7, 8, 9]",0.1298873
./random_graph_db/graph_db_node_10/03_p0.3/03_graph_n10_p0.3_idx2.gpickle,10,0.3,2,4,6,26,"[0, 1, 2, 3, 4, 5, 6, 7, 8, 9]",0.1097617
./random_graph_db/graph_db_node_10/03_p0.3/03_graph_n10_p0.3_idx3.gpickle,10,0.3,3,3,8,34,"[0, 1, 2, 3, 4, 5, 6, 7, 8, 9]",0.1236527
./random_graph_db/graph_db_node_10/03_p0.3/03_graph_n10_p0.3_idx4.gpickle,10,0.3,4,4,4,24,"[0, 1, 2, 3, 4, 5, 6, 7, 8, 9]",0.077307
./random_graph_db/graph_db_node_10/03_p0.3/03_graph_n10_p0.3_idx5.gpickle,10,0.3,5,3,4,19,"[0, 1, 2, 3, 4, 5, 6, 7, 8, 9]",0.072922
./random_graph_db/graph_db_node_10/03_p0.3/03_graph_n10_p0.3_idx6.gpickle,10,0.3,6,4,10,40,"[0, 1, 2, 3, 4, 5, 6, 7, 8, 9]",0.1062949
./random_graph_db/graph_db_node_10/03_p0.3/03_graph_n10_p0.3_idx7.gpickle,10,0.3,7,4,11,40,"[0, 1, 2, 3, 4, 5, 6, 7, 8, 9]",0.1211898
./random_graph_db/graph_db_node_10/03_p0.3/03_graph_n10_p0.3_idx8.gpickle,10,0.3,8,4,11,39,"[0, 1, 2, 3, 4, 5, 6, 7, 8, 9]",0.1126537
./random_graph_db/graph_db_node_10/03_p0.3/03_graph_n10_p0.3_idx9.gpickle,10,0.3,9,4,16,43,"[0, 1, 2, 3, 4, 5, 6, 7, 8, 9]",0.1322529
./random_graph_db/graph_db_node_10/04_p0.4/04_graph_n10_p0.4_idx1.gpickle,10,0.4,1,4,11,50,"[0, 1, 2, 3, 4, 5, 6, 7, 8, 9]",0.1152959
./random_graph_db/graph_db_node_10/04_p0.4/04_graph_n10_p0.4_idx10.gpickle,10,0.4,10,5,16,52,"[0, 1, 2, 3, 4, 5, 6, 7, 8, 9]",0.139452
./random_graph_db/graph_db_node_10/04_p0.4/04_graph_n10_p0.4_idx2.gpickle,10,0.4,2,5,16,60,"[0, 1, 2, 3, 4, 5, 6, 7, 8, 9]",0.1358337
./random_graph_db/graph_db_node_10/04_p0.4/04_graph_n10_p0.4_idx3.gpickle,10,0.4,3,5,12,46,"[0, 1, 2, 3, 4, 5, 6, 7, 8, 9]",0.1127329
./random_graph_db/graph_db_node_10/04_p0.4/04_graph_n10_p0.4_idx4.gpickle,10,0.4,4,5,13,36,"[0, 1, 2, 3, 4, 5, 6, 7, 8, 9]",0.1436498
./random_graph_db/graph_db_node_10/04_p0.4/04_graph_n10_p0.4_idx5.gpickle,10,0.4,5,4,8,37,"[0, 1, 2, 3, 4, 5, 6, 7, 8, 9]",0.1022911
./random_graph_db/graph_db_node_10/04_p0.4/04_graph_n10_p0.4_idx6.gpickle,10,0.4,6,4,4,20,"[0, 1, 2, 3, 4, 5, 6, 7, 8, 9]",0.0582688
./random_graph_db/graph_db_node_10/04_p0.4/04_graph_n10_p0.4_idx7.gpickle,10,0.4,7,4,14,44,"[0, 1, 2, 3, 4, 5, 6, 7, 8, 9]",0.1159582
./random_graph_db/graph_db_node_10/04_p0.4/04_graph_n10_p0.4_idx8.gpickle,10,0.4,8,4,8,32,"[0, 1, 2, 3, 4, 5, 6, 7, 8, 9]",0.150831
./random_graph_db/graph_db_node_10/04_p0.4/04_graph_n10_p0.4_idx9.gpickle,10,0.4,9,5,14,50,"[0, 1, 2, 3, 4, 5, 6, 7, 8, 9]",0.120522
./random_graph_db/graph_db_node_10/05_p0.45/05_graph_n10_p0.45_idx1.gpickle,10,0.45,1,5,16,50,"[0, 1, 2, 3, 4, 5, 6, 7, 8, 9]",0.120225
./random_graph_db/graph_db_node_10/05_p0.45/05_graph_n10_p0.45_idx10.gpickle,10,0.45,10,5,15,51,"[0, 1, 2, 3, 4, 5, 6, 7, 8, 9]",0.1177201
./random_graph_db/graph_db_node_10/05_p0.45/05_graph_n10_p0.45_idx2.gpickle,10,0.45,2,5,15,48,"[0, 1, 2, 3, 4, 5, 6, 7, 8, 9]",0.109349
./random_graph_db/graph_db_node_10/05_p0.45/05_graph_n10_p0.45_idx3.gpickle,10,0.45,3,4,6,32,"[0, 1, 2, 3, 4, 5, 6, 7, 8, 9]",0.0857029
./random_graph_db/graph_db_node_10/05_p0.45/05_graph_n10_p0.45_idx4.gpickle,10,0.45,4,5,7,26,"[0, 1, 2, 3, 4, 5, 6, 7, 8, 9]",0.087065
./random_graph_db/graph_db_node_10/05_p0.45/05_graph_n10_p0.45_idx5.gpickle,10,0.45,5,4,11,29,"[0, 1, 2, 3, 4, 5, 6, 7, 8, 9]",0.1059699
./random_graph_db/graph_db_node_10/05_p0.45/05_graph_n10_p0.45_idx6.gpickle,10,0.45,6,4,13,42,"[0, 1, 2, 3, 4, 5, 6, 7, 8, 9]",0.11218
./random_graph_db/graph_db_node_10/05_p0.45/05_graph_n10_p0.45_idx7.gpickle,10,0.45,7,4,5,23,"[0, 1, 2, 3, 4, 5, 6, 7, 8, 9]",0.0719342
./random_graph_db/graph_db_node_10/05_p0.45/05_graph_n10_p0.45_idx8.gpickle,10,0.45,8,4,11,46,"[0, 1, 2, 3, 4, 5, 6, 7, 8, 9]",0.0957482
./random_graph_db/graph_db_node_10/05_p0.45/05_graph_n10_p0.45_idx9.gpickle,10,0.45,9,4,11,33,"[0, 1, 2, 3, 4, 5, 6, 7, 8, 9]",0.1002922
./random_graph_db/graph_db_node_10/06_p0.5/06_graph_n10_p0.5_idx1.gpickle,10,0.5,1,4,13,47,"[0, 1, 2, 3, 4, 5, 6, 7, 8, 9]",0.1095591
./random_graph_db/graph_db_node_10/06_p0.5/06_graph_n10_p0.5_idx10.gpickle,10,0.5,10,4,15,50,"[0, 1, 2, 3, 4, 5, 6, 7, 8, 9]",0.120234
./random_graph_db/graph_db_node_10/06_p0.5/06_graph_n10_p0.5_idx2.gpickle,10,0.5,2,4,11,44,"[0, 1, 2, 3, 4, 5, 6, 7, 8, 9]",0.1010897
./random_graph_db/graph_db_node_10/06_p0.5/06_graph_n10_p0.5_idx3.gpickle,10,0.5,3,4,10,45,"[0, 1, 2, 3, 4, 5, 6, 7, 8, 9]",0.0939419
./random_graph_db/graph_db_node_10/06_p0.5/06_graph_n10_p0.5_idx4.gpickle,10,0.5,4,4,10,42,"[0, 1, 2, 3, 4, 5, 6, 7, 8, 9]",0.1004372
./random_graph_db/graph_db_node_10/06_p0.5/06_graph_n10_p0.5_idx5.gpickle,10,0.5,5,4,12,42,"[0, 1, 2, 3, 4, 5, 6, 7, 8, 9]",0.088949
./random_graph_db/graph_db_node_10/06_p0.5/06_graph_n10_p0.5_idx6.gpickle,10,0.5,6,4,14,52,"[0, 1, 2, 3, 4, 5, 6, 7, 8, 9]",0.1092098
./random_graph_db/graph_db_node_10/06_p0.5/06_graph_n10_p0.5_idx7.gpickle,10,0.5,7,3,7,32,"[0, 1, 2, 3, 4, 5, 6, 7, 8, 9]",0.0914299
./random_graph_db/graph_db_node_10/06_p0.5/06_graph_n10_p0.5_idx8.gpickle,10,0.5,8,4,13,46,"[0, 1, 2, 3, 4, 5, 6, 7, 8, 9]",0.101557
./random_graph_db/graph_db_node_10/06_p0.5/06_graph_n10_p0.5_idx9.gpickle,10,0.5,9,4,12,49,"[0, 1, 2, 3, 4, 5, 6, 7, 8, 9]",0.1103952
./random_graph_db/graph_db_node_10/07_p0.55/07_graph_n10_p0.55_idx1.gpickle,10,0.55,1,4,10,34,"[0, 1, 2, 3, 4, 5, 6, 7, 8, 9]",0.1066749
./random_graph_db/graph_db_node_10/07_p0.55/07_graph_n10_p0.55_idx10.gpickle,10,0.55,10,5,16,45,"[0, 1, 2, 3, 4, 5, 6, 7, 8, 9]",0.1213839
./random_graph_db/graph_db_node_10/07_p0.55/07_graph_n10_p0.55_idx2.gpickle,10,0.55,2,5,14,51,"[0, 1, 2, 3, 4, 5, 6, 7, 8, 9]",0.1143003
./random_graph_db/graph_db_node_10/07_p0.55/07_graph_n10_p0.55_idx3.gpickle,10,0.55,3,5,19,59,"[0, 1, 2, 3, 4, 5, 6, 7, 8, 9]",0.138911
./random_graph_db/graph_db_node_10/07_p0.55/07_graph_n10_p0.55_idx4.gpickle,10,0.55,4,5,10,29,"[0, 1, 2, 3, 4, 5, 6, 7, 8, 9]",0.0883889
./random_graph_db/graph_db_node_10/07_p0.55/07_graph_n10_p0.55_idx5.gpickle,10,0.55,5,4,7,23,"[0, 1, 2, 3, 4, 5, 6, 7, 8, 9]",0.0904069
./random_graph_db/graph_db_node_10/07_p0.55/07_graph_n10_p0.55_idx6.gpickle,10,0.55,6,4,14,59,"[0, 1, 2, 3, 4, 5, 6, 7, 8, 9]",0.124048
./random_graph_db/graph_db_node_10/07_p0.55/07_graph_n10_p0.55_idx7.gpickle,10,0.55,7,4,11,50,"[0, 1, 2, 3, 4, 5, 6, 7, 8, 9]",0.1074741
./random_graph_db/graph_db_node_10/07_p0.55/07_graph_n10_p0.55_idx8.gpickle,10,0.55,8,4,13,47,"[0, 1, 2, 3, 4, 5, 6, 7, 8, 9]",0.112942
./random_graph_db/graph_db_node_10/07_p0.55/07_graph_n10_p0.55_idx9.gpickle,10,0.55,9,4,12,49,"[0, 1, 2, 3, 4, 5, 6, 7, 8, 9]",0.1059201
./random_graph_db/graph_db_node_10/08_p0.6/08_graph_n10_p0.6_idx1.gpickle,10,0.6,1,5,13,36,"[0, 1, 2, 3, 4, 5, 6, 7, 8, 9]",0.121532
./random_graph_db/graph_db_node_10/08_p0.6/08_graph_n10_p0.6_idx10.gpickle,10,0.6,10,5,14,47,"[0, 1, 2, 3, 4, 5, 6, 7, 8, 9]",0.1201701
./random_graph_db/graph_db_node_10/08_p0.6/08_graph_n10_p0.6_idx2.gpickle,10,0.6,2,4,11,36,"[0, 1, 2, 3, 4, 5, 6, 7, 8, 9]",0.0997531
./random_graph_db/graph_db_node_10/08_p0.6/08_graph_n10_p0.6_idx3.gpickle,10,0.6,3,4,13,31,"[0, 1, 2, 3, 4, 5, 6, 7, 8, 9]",0.1166461
./random_graph_db/graph_db_node_10/08_p0.6/08_graph_n10_p0.6_idx4.gpickle,10,0.6,4,4,11,44,"[0, 1, 2, 3, 4, 5, 6, 7, 8, 9]",0.0993819
./random_graph_db/graph_db_node_10/08_p0.6/08_graph_n10_p0.6_idx5.gpickle,10,0.6,5,5,12,39,"[0, 1, 2, 3, 4, 5, 6, 7, 8, 9]",0.0995848
./random_graph_db/graph_db_node_10/08_p0.6/08_graph_n10_p0.6_idx6.gpickle,10,0.6,6,4,12,45,"[0, 1, 2, 3, 4, 5, 6, 7, 8, 9]",0.1054893
./random_graph_db/graph_db_node_10/08_p0.6/08_graph_n10_p0.6_idx7.gpickle,10,0.6,7,4,14,40,"[0, 1, 2, 3, 4, 5, 6, 7, 8, 9]",0.1186631
./random_graph_db/graph_db_node_10/08_p0.6/08_graph_n10_p0.6_idx8.gpickle,10,0.6,8,4,10,41,"[0, 1, 2, 3, 4, 5, 6, 7, 8, 9]",0.0976682
./random_graph_db/graph_db_node_10/08_p0.6/08_graph_n10_p0.6_idx9.gpickle,10,0.6,9,3,7,36,"[0, 1, 2, 3, 4, 5, 6, 7, 8, 9]",0.072823
./random_graph_db/graph_db_node_10/09_p0.65/09_graph_n10_p0.65_idx1.gpickle,10,0.65,1,4,12,43,"[0, 1, 2, 3, 4, 5, 6, 7, 8, 9]",0.1003048
./random_graph_db/graph_db_node_10/09_p0.65/09_graph_n10_p0.65_idx10.gpickle,10,0.65,10,4,8,28,"[0, 1, 2, 3, 4, 5, 6, 7, 8, 9]",0.077677
./random_graph_db/graph_db_node_10/09_p0.65/09_graph_n10_p0.65_idx2.gpickle,10,0.65,2,4,15,54,"[0, 1, 2, 3, 4, 5, 6, 7, 8, 9]",0.1119261
./random_graph_db/graph_db_node_10/09_p0.65/09_graph_n10_p0.65_idx3.gpickle,10,0.65,3,5,13,43,"[0, 1, 2, 3, 4, 5, 6, 7, 8, 9]",0.122189
./random_graph_db/graph_db_node_10/09_p0.65/09_graph_n10_p0.65_idx4.gpickle,10,0.65,4,5,17,58,"[0, 1, 2, 3, 4, 5, 6, 7, 8, 9]",0.1136267
./random_graph_db/graph_db_node_10/09_p0.65/09_graph_n10_p0.65_idx5.gpickle,10,0.65,5,4,16,55,"[0, 1, 2, 3, 4, 5, 6, 7, 8, 9]",0.1236417
./random_graph_db/graph_db_node_10/09_p0.65/09_graph_n10_p0.65_idx6.gpickle,10,0.65,6,4,6,24,"[0, 1, 2, 3, 4, 5, 6, 7, 8, 9]",0.0807188
./random_graph_db/graph_db_node_10/09_p0.65/09_graph_n10_p0.65_idx7.gpickle,10,0.65,7,4,8,26,"[0, 1, 2, 3, 4, 5, 6, 7, 8, 9]",0.0791531
./random_graph_db/graph_db_node_10/09_p0.65/09_graph_n10_p0.65_idx8.gpickle,10,0.65,8,4,13,46,"[0, 1, 2, 3, 4, 5, 6, 7, 8, 9]",0.105216
./random_graph_db/graph_db_node_10/09_p0.65/09_graph_n10_p0.65_idx9.gpickle,10,0.65,9,4,15,50,"[0, 1, 2, 3, 4, 5, 6, 7, 8, 9]",0.1280439
./random_graph_db/graph_db_node_10/10_p0.7/10_graph_n10_p0.7_idx1.gpickle,10,0.7,1,5,10,39,"[0, 1, 2, 3, 4, 5, 6, 7, 8, 9]",0.0989392
./random_graph_db/graph_db_node_10/10_p0.7/10_graph_n10_p0.7_idx10.gpickle,10,0.7,10,4,14,58,"[0, 1, 2, 3, 4, 5, 6, 7, 8, 9]",0.1106269
./random_graph_db/graph_db_node_10/10_p0.7/10_graph_n10_p0.7_idx2.gpickle,10,0.7,2,4,13,45,"[0, 1, 2, 3, 4, 5, 6, 7, 8, 9]",0.1056969
./random_graph_db/graph_db_node_10/10_p0.7/10_graph_n10_p0.7_idx3.gpickle,10,0.7,3,4,10,37,"[0, 1, 2, 3, 4, 5, 6, 7, 8, 9]",0.0904961
./random_graph_db/graph_db_node_10/10_p0.7/10_graph_n10_p0.7_idx4.gpickle,10,0.7,4,4,12,34,"[0, 1, 2, 3, 4, 5, 6, 7, 8, 9]",0.095686
./random_graph_db/graph_db_node_10/10_p0.7/10_graph_n10_p0.7_idx5.gpickle,10,0.7,5,4,8,28,"[0, 1, 2, 3, 4, 5, 6, 7, 8, 9]",0.0948529
./random_graph_db/graph_db_node_10/10_p0.7/10_graph_n10_p0.7_idx6.gpickle,10,0.7,6,5,20,62,"[0, 1, 2, 3, 4, 5, 6, 7, 8, 9]",0.135551
./random_graph_db/graph_db_node_10/10_p0.7/10_graph_n10_p0.7_idx7.gpickle,10,0.7,7,4,9,33,"[0, 1, 2, 3, 4, 5, 6, 7, 8, 9]",0.0978189
./random_graph_db/graph_db_node_10/10_p0.7/10_graph_n10_p0.7_idx8.gpickle,10,0.7,8,4,11,42,"[0, 1, 2, 3, 4, 5, 6, 7, 8, 9]",0.1025379
./random_graph_db/graph_db_node_10/10_p0.7/10_graph_n10_p0.7_idx9.gpickle,10,0.7,9,4,15,52,"[0, 1, 2, 3, 4, 5, 6, 7, 8, 9]",0.117012
./random_graph_db/graph_db_node_10/11_p0.8/11_graph_n10_p0.8_idx1.gpickle,10,0.8,1,4,7,25,"[0, 1, 2, 3, 4, 5, 6, 7, 8, 9]",0.0791011
./random_graph_db/graph_db_node_10/11_p0.8/11_graph_n10_p0.8_idx10.gpickle,10,0.8,10,4,7,25,"[0, 1, 2, 3, 4, 5, 6, 7, 8, 9]",0.0876391
./random_graph_db/graph_db_node_10/11_p0.8/11_graph_n10_p0.8_idx2.gpickle,10,0.8,2,3,4,23,"[0, 1, 2, 3, 4, 5, 6, 7, 8, 9]",0.055819
./random_graph_db/graph_db_node_10/11_p0.8/11_graph_n10_p0.8_idx3.gpickle,10,0.8,3,5,12,43,"[0, 1, 2, 3, 4, 5, 6, 7, 8, 9]",0.0983019
./random_graph_db/graph_db_node_10/11_p0.8/11_graph_n10_p0.8_idx4.gpickle,10,0.8,4,4,10,31,"[0, 1, 2, 3, 4, 5, 6, 7, 8, 9]",0.0843821
./random_graph_db/graph_db_node_10/11_p0.8/11_graph_n10_p0.8_idx5.gpickle,10,0.8,5,4,8,30,"[0, 1, 2, 3, 4, 5, 6, 7, 8, 9]",0.0799959
./random_graph_db/graph_db_node_10/11_p0.8/11_graph_n10_p0.8_idx6.gpickle,10,0.8,6,4,5,23,"[0, 1, 2, 3, 4, 5, 6, 7, 8, 9]",0.0620301
./random_graph_db/graph_db_node_10/11_p0.8/11_graph_n10_p0.8_idx7.gpickle,10,0.8,7,5,8,27,"[0, 1, 2, 3, 4, 5, 6, 7, 8, 9]",0.0967851
./random_graph_db/graph_db_node_10/11_p0.8/11_graph_n10_p0.8_idx8.gpickle,10,0.8,8,4,6,26,"[0, 1, 2, 3, 4, 5, 6, 7, 8, 9]",0.0737817
./random_graph_db/graph_db_node_10/11_p0.8/11_graph_n10_p0.8_idx9.gpickle,10,0.8,9,4,12,36,"[0, 1, 2, 3, 4, 5, 6, 7, 8, 9]",0.1034622
./random_graph_db/graph_db_node_10/12_p0.9/12_graph_n10_p0.9_idx1.gpickle,10,0.9,1,4,4,18,"[0, 1, 2, 3, 4, 5, 6, 7, 8, 9]",0.0715783
./random_graph_db/graph_db_node_10/12_p0.9/12_graph_n10_p0.9_idx10.gpickle,10,0.9,10,3,3,18,"[0, 1, 2, 3, 4, 5, 6, 7, 8, 9]",0.052362
./random_graph_db/graph_db_node_10/12_p0.9/12_graph_n10_p0.9_idx2.gpickle,10,0.9,2,4,3,23,"[0, 1, 2, 3, 4, 5, 6, 7, 8, 9]",0.0562479
./random_graph_db/graph_db_node_10/12_p0.9/12_graph_n10_p0.9_idx3.gpickle,10,0.9,3,4,6,24,"[0, 1, 2, 3, 4, 5, 6, 7, 8, 9]",0.081764
./random_graph_db/graph_db_node_10/12_p0.9/12_graph_n10_p0.9_idx4.gpickle,10,0.9,4,4,6,37,"[0, 1, 2, 3, 4, 5, 6, 7, 8, 9]",0.086165
./random_graph_db/graph_db_node_10/12_p0.9/12_graph_n10_p0.9_idx5.gpickle,10,0.9,5,3,4,24,"[0, 1, 2, 3, 4, 5, 6, 7, 8, 9]",0.0605299
./random_graph_db/graph_db_node_10/12_p0.9/12_graph_n10_p0.9_idx6.gpickle,10,0.9,6,3,2,17,"[0, 1, 2, 3, 4, 5, 6, 7, 8, 9]",0.0496719
./random_graph_db/graph_db_node_10/12_p0.9/12_graph_n10_p0.9_idx7.gpickle,10,0.9,7,3,5,22,"[0, 1, 2, 3, 4, 5, 6, 7, 8, 9]",0.0668881
./random_graph_db/graph_db_node_10/12_p0.9/12_graph_n10_p0.9_idx8.gpickle,10,0.9,8,4,5,21,"[0, 1, 2, 3, 4, 5, 6, 7, 8, 9]",0.0792782
./random_graph_db/graph_db_node_10/12_p0.9/12_graph_n10_p0.9_idx9.gpickle,10,0.9,9,3,5,24,"[0, 1, 2, 3, 4, 5, 6, 7, 8, 9]",0.0557671
./random_graph_db/graph_db_node_11/01_p0.1/01_graph_n11_p0.1_idx1.gpickle,11,0.1,1,3,3,21,"[0, 1, 2, 3, 4, 5, 6, 7, 8, 9, 10]",0.0602119
./random_graph_db/graph_db_node_11/01_p0.1/01_graph_n11_p0.1_idx10.gpickle,11,0.1,10,4,4,21,"[0, 1, 2, 3, 4, 5, 6, 7, 8, 9, 10]",0.0649941
./random_graph_db/graph_db_node_11/01_p0.1/01_graph_n11_p0.1_idx2.gpickle,11,0.1,2,4,4,19,"[0, 1, 2, 3, 4, 5, 6, 7, 8, 9, 10]",0.0741529
./random_graph_db/graph_db_node_11/01_p0.1/01_graph_n11_p0.1_idx3.gpickle,11,0.1,3,3,3,24,"[0, 1, 2, 3, 4, 5, 6, 7, 8, 9, 10]",0.066057
./random_graph_db/graph_db_node_11/01_p0.1/01_graph_n11_p0.1_idx4.gpickle,11,0.1,4,3,4,24,"[0, 1, 2, 3, 4, 5, 6, 7, 8, 9, 10]",0.0691888
./random_graph_db/graph_db_node_11/01_p0.1/01_graph_n11_p0.1_idx5.gpickle,11,0.1,5,5,5,27,"[0, 1, 2, 3, 4, 5, 6, 7, 8, 9, 10]",0.0879056
./random_graph_db/graph_db_node_11/01_p0.1/01_graph_n11_p0.1_idx6.gpickle,11,0.1,6,4,4,28,"[0, 1, 2, 3, 4, 5, 6, 7, 8, 9, 10]",0.0733349
./random_graph_db/graph_db_node_11/01_p0.1/01_graph_n11_p0.1_idx7.gpickle,11,0.1,7,3,4,23,"[0, 1, 2, 3, 4, 5, 6, 7, 8, 9, 10]",0.0621021
./random_graph_db/graph_db_node_11/01_p0.1/01_graph_n11_p0.1_idx8.gpickle,11,0.1,8,4,5,20,"[0, 1, 2, 3, 4, 5, 6, 7, 8, 9, 10]",0.087255
./random_graph_db/graph_db_node_11/01_p0.1/01_graph_n11_p0.1_idx9.gpickle,11,0.1,9,3,4,22,"[0, 1, 2, 3, 4, 5, 6, 7, 8, 9, 10]",0.0620971
./random_graph_db/graph_db_node_11/02_p0.2/02_graph_n11_p0.2_idx1.gpickle,11,0.2,1,5,8,32,"[0, 1, 2, 3, 4, 5, 6, 7, 8, 9, 10]",0.1127238
./random_graph_db/graph_db_node_11/02_p0.2/02_graph_n11_p0.2_idx10.gpickle,11,0.2,10,4,10,32,"[0, 1, 2, 3, 4, 5, 6, 7, 8, 9, 10]",0.1015198
./random_graph_db/graph_db_node_11/02_p0.2/02_graph_n11_p0.2_idx2.gpickle,11,0.2,2,4,5,26,"[0, 1, 2, 3, 4, 5, 6, 7, 8, 9, 10]",0.0624301
./random_graph_db/graph_db_node_11/02_p0.2/02_graph_n11_p0.2_idx3.gpickle,11,0.2,3,4,6,25,"[0, 1, 2, 3, 4, 5, 6, 7, 8, 9, 10]",0.08793
./random_graph_db/graph_db_node_11/02_p0.2/02_graph_n11_p0.2_idx4.gpickle,11,0.2,4,4,11,42,"[0, 1, 2, 3, 4, 5, 6, 7, 8, 9, 10]",0.1194601
./random_graph_db/graph_db_node_11/02_p0.2/02_graph_n11_p0.2_idx5.gpickle,11,0.2,5,5,11,44,"[0, 1, 2, 3, 4, 5, 6, 7, 8, 9, 10]",0.1205249
./random_graph_db/graph_db_node_11/02_p0.2/02_graph_n11_p0.2_idx6.gpickle,11,0.2,6,5,4,24,"[0, 1, 2, 3, 4, 5, 6, 7, 8, 9, 10]",0.0556319
./random_graph_db/graph_db_node_11/02_p0.2/02_graph_n11_p0.2_idx7.gpickle,11,0.2,7,3,4,20,"[0, 1, 2, 3, 4, 5, 6, 7, 8, 9, 10]",0.0651522
./random_graph_db/graph_db_node_11/02_p0.2/02_graph_n11_p0.2_idx8.gpickle,11,0.2,8,4,4,26,"[0, 1, 2, 3, 4, 5, 6, 7, 8, 9, 10]",0.0669281
./random_graph_db/graph_db_node_11/02_p0.2/02_graph_n11_p0.2_idx9.gpickle,11,0.2,9,4,5,26,"[0, 1, 2, 3, 4, 5, 6, 7, 8, 9, 10]",0.084794
./random_graph_db/graph_db_node_11/03_p0.3/03_graph_n11_p0.3_idx1.gpickle,11,0.3,1,5,8,30,"[0, 1, 2, 3, 4, 5, 6, 7, 8, 9, 10]",0.1044748
./random_graph_db/graph_db_node_11/03_p0.3/03_graph_n11_p0.3_idx10.gpickle,11,0.3,10,5,16,59,"[0, 1, 2, 3, 4, 5, 6, 7, 8, 9, 10]",0.1269288
./random_graph_db/graph_db_node_11/03_p0.3/03_graph_n11_p0.3_idx2.gpickle,11,0.3,2,4,8,31,"[0, 1, 2, 3, 4, 5, 6, 7, 8, 9, 10]",0.1105649
./random_graph_db/graph_db_node_11/03_p0.3/03_graph_n11_p0.3_idx3.gpickle,11,0.3,3,4,13,52,"[0, 1, 2, 3, 4, 5, 6, 7, 8, 9, 10]",0.1375558
./random_graph_db/graph_db_node_11/03_p0.3/03_graph_n11_p0.3_idx4.gpickle,11,0.3,4,4,9,28,"[0, 1, 2, 3, 4, 5, 6, 7, 8, 9, 10]",0.1094179
./random_graph_db/graph_db_node_11/03_p0.3/03_graph_n11_p0.3_idx5.gpickle,11,0.3,5,5,15,50,"[0, 1, 2, 3, 4, 5, 6, 7, 8, 9, 10]",0.4584718
./random_graph_db/graph_db_node_11/03_p0.3/03_graph_n11_p0.3_idx6.gpickle,11,0.3,6,5,16,53,"[0, 1, 2, 3, 4, 5, 6, 7, 8, 9, 10]",0.188895
./random_graph_db/graph_db_node_11/03_p0.3/03_graph_n11_p0.3_idx7.gpickle,11,0.3,7,5,10,34,"[0, 1, 2, 3, 4, 5, 6, 7, 8, 9, 10]",0.101295
./random_graph_db/graph_db_node_11/03_p0.3/03_graph_n11_p0.3_idx8.gpickle,11,0.3,8,5,14,48,"[0, 1, 2, 3, 4, 5, 6, 7, 8, 9, 10]",0.1379111
./random_graph_db/graph_db_node_11/03_p0.3/03_graph_n11_p0.3_idx9.gpickle,11,0.3,9,4,14,59,"[0, 1, 2, 3, 4, 5, 6, 7, 8, 9, 10]",0.130548
./random_graph_db/graph_db_node_11/04_p0.4/04_graph_n11_p0.4_idx1.gpickle,11,0.4,1,5,15,49,"[0, 1, 2, 3, 4, 5, 6, 7, 8, 9, 10]",0.108206
./random_graph_db/graph_db_node_11/04_p0.4/04_graph_n11_p0.4_idx10.gpickle,11,0.4,10,5,13,51,"[0, 1, 2, 3, 4, 5, 6, 7, 8, 9, 10]",0.1303298
./random_graph_db/graph_db_node_11/04_p0.4/04_graph_n11_p0.4_idx2.gpickle,11,0.4,2,5,15,48,"[0, 1, 2, 3, 4, 5, 6, 7, 8, 9, 10]",0.1289451
./random_graph_db/graph_db_node_11/04_p0.4/04_graph_n11_p0.4_idx3.gpickle,11,0.4,3,5,20,65,"[0, 1, 2, 3, 4, 5, 6, 7, 8, 9, 10]",0.1631858
./random_graph_db/graph_db_node_11/04_p0.4/04_graph_n11_p0.4_idx4.gpickle,11,0.4,4,5,18,55,"[0, 1, 2, 3, 4, 5, 6, 7, 8, 9, 10]",0.1580148
./random_graph_db/graph_db_node_11/04_p0.4/04_graph_n11_p0.4_idx5.gpickle,11,0.4,5,5,21,60,"[0, 1, 2, 3, 4, 5, 6, 7, 8, 9, 10]",0.1574063
./random_graph_db/graph_db_node_11/04_p0.4/04_graph_n11_p0.4_idx6.gpickle,11,0.4,6,4,9,40,"[0, 1, 2, 3, 4, 5, 6, 7, 8, 9, 10]",0.1081381
./random_graph_db/graph_db_node_11/04_p0.4/04_graph_n11_p0.4_idx7.gpickle,11,0.4,7,5,12,45,"[0, 1, 2, 3, 4, 5, 6, 7, 8, 9, 10]",0.1140552
./random_graph_db/graph_db_node_11/04_p0.4/04_graph_n11_p0.4_idx8.gpickle,11,0.4,8,4,13,54,"[0, 1, 2, 3, 4, 5, 6, 7, 8, 9, 10]",0.1359742
./random_graph_db/graph_db_node_11/04_p0.4/04_graph_n11_p0.4_idx9.gpickle,11,0.4,9,5,11,35,"[0, 1, 2, 3, 4, 5, 6, 7, 8, 9, 10]",0.1177018
./random_graph_db/graph_db_node_11/05_p0.45/05_graph_n11_p0.45_idx1.gpickle,11,0.45,1,5,16,59,"[0, 1, 2, 3, 4, 5, 6, 7, 8, 9, 10]",0.137769
./random_graph_db/graph_db_node_11/05_p0.45/05_graph_n11_p0.45_idx10.gpickle,11,0.45,10,5,14,41,"[0, 1, 2, 3, 4, 5, 6, 7, 8, 9, 10]",0.123049
./random_graph_db/graph_db_node_11/05_p0.45/05_graph_n11_p0.45_idx2.gpickle,11,0.45,2,5,14,52,"[0, 1, 2, 3, 4, 5, 6, 7, 8, 9, 10]",0.119519
./random_graph_db/graph_db_node_11/05_p0.45/05_graph_n11_p0.45_idx3.gpickle,11,0.45,3,5,18,64,"[0, 1, 2, 3, 4, 5, 6, 7, 8, 9, 10]",0.2105401
./random_graph_db/graph_db_node_11/05_p0.45/05_graph_n11_p0.45_idx4.gpickle,11,0.45,4,5,9,41,"[0, 1, 2, 3, 4, 5, 6, 7, 8, 9, 10]",0.1363158
./random_graph_db/graph_db_node_11/05_p0.45/05_graph_n11_p0.45_idx5.gpickle,11,0.45,5,5,21,59,"[0, 1, 2, 3, 4, 5, 6, 7, 8, 9, 10]",0.1635394
./random_graph_db/graph_db_node_11/05_p0.45/05_graph_n11_p0.45_idx6.gpickle,11,0.45,6,5,15,52,"[0, 1, 2, 3, 4, 5, 6, 7, 8, 9, 10]",0.154074
./random_graph_db/graph_db_node_11/05_p0.45/05_graph_n11_p0.45_idx7.gpickle,11,0.45,7,5,19,57,"[0, 1, 2, 3, 4, 5, 6, 7, 8, 9, 10]",0.1857622
./random_graph_db/graph_db_node_11/05_p0.45/05_graph_n11_p0.45_idx8.gpickle,11,0.45,8,4,16,52,"[0, 1, 2, 3, 4, 5, 6, 7, 8, 9, 10]",0.1543651
./random_graph_db/graph_db_node_11/05_p0.45/05_graph_n11_p0.45_idx9.gpickle,11,0.45,9,5,22,66,"[0, 1, 2, 3, 4, 5, 6, 7, 8, 9, 10]",0.1667092
./random_graph_db/graph_db_node_11/06_p0.5/06_graph_n11_p0.5_idx1.gpickle,11,0.5,1,5,19,62,"[0, 1, 2, 3, 4, 5, 6, 7, 8, 9, 10]",0.172859
./random_graph_db/graph_db_node_11/06_p0.5/06_graph_n11_p0.5_idx10.gpickle,11,0.5,10,5,19,66,"[0, 1, 2, 3, 4, 5, 6, 7, 8, 9, 10]",0.1813452
./random_graph_db/graph_db_node_11/06_p0.5/06_graph_n11_p0.5_idx2.gpickle,11,0.5,2,5,17,62,"[0, 1, 2, 3, 4, 5, 6, 7, 8, 9, 10]",0.171324
./random_graph_db/graph_db_node_11/06_p0.5/06_graph_n11_p0.5_idx3.gpickle,11,0.5,3,5,9,31,"[0, 1, 2, 3, 4, 5, 6, 7, 8, 9, 10]",0.1170511
./random_graph_db/graph_db_node_11/06_p0.5/06_graph_n11_p0.5_idx4.gpickle,11,0.5,4,4,13,48,"[0, 1, 2, 3, 4, 5, 6, 7, 8, 9, 10]",0.1391227
./random_graph_db/graph_db_node_11/06_p0.5/06_graph_n11_p0.5_idx5.gpickle,11,0.5,5,5,18,52,"[0, 1, 2, 3, 4, 5, 6, 7, 8, 9, 10]",0.1381879
./random_graph_db/graph_db_node_11/06_p0.5/06_graph_n11_p0.5_idx6.gpickle,11,0.5,6,5,17,61,"[0, 1, 2, 3, 4, 5, 6, 7, 8, 9, 10]",0.1466
./random_graph_db/graph_db_node_11/06_p0.5/06_graph_n11_p0.5_idx7.gpickle,11,0.5,7,4,19,65,"[0, 1, 2, 3, 4, 5, 6, 7, 8, 9, 10]",0.1420388
./random_graph_db/graph_db_node_11/06_p0.5/06_graph_n11_p0.5_idx8.gpickle,11,0.5,8,5,20,59,"[0, 1, 2, 3, 4, 5, 6, 7, 8, 9, 10]",0.1392608
./random_graph_db/graph_db_node_11/06_p0.5/06_graph_n11_p0.5_idx9.gpickle,11,0.5,9,5,20,53,"[0, 1, 2, 3, 4, 5, 6, 7, 8, 9, 10]",0.1560831
./random_graph_db/graph_db_node_11/07_p0.55/07_graph_n11_p0.55_idx1.gpickle,11,0.55,1,5,19,54,"[0, 1, 2, 3, 4, 5, 6, 7, 8, 9, 10]",0.152149
./random_graph_db/graph_db_node_11/07_p0.55/07_graph_n11_p0.55_idx10.gpickle,11,0.55,10,5,15,56,"[0, 1, 2, 3, 4, 5, 6, 7, 8, 9, 10]",0.1384289
./random_graph_db/graph_db_node_11/07_p0.55/07_graph_n11_p0.55_idx2.gpickle,11,0.55,2,5,21,52,"[0, 1, 2, 3, 4, 5, 6, 7, 8, 9, 10]",0.156512
./random_graph_db/graph_db_node_11/07_p0.55/07_graph_n11_p0.55_idx3.gpickle,11,0.55,3,4,17,60,"[0, 1, 2, 3, 4, 5, 6, 7, 8, 9, 10]",0.149451
./random_graph_db/graph_db_node_11/07_p0.55/07_graph_n11_p0.55_idx4.gpickle,11,0.55,4,4,13,49,"[0, 1, 2, 3, 4, 5, 6, 7, 8, 9, 10]",0.13117
./random_graph_db/graph_db_node_11/07_p0.55/07_graph_n11_p0.55_idx5.gpickle,11,0.55,5,5,19,59,"[0, 1, 2, 3, 4, 5, 6, 7, 8, 9, 10]",0.150337
./random_graph_db/graph_db_node_11/07_p0.55/07_graph_n11_p0.55_idx6.gpickle,11,0.55,6,5,19,62,"[0, 1, 2, 3, 4, 5, 6, 7, 8, 9, 10]",0.1476021
./random_graph_db/graph_db_node_11/07_p0.55/07_graph_n11_p0.55_idx7.gpickle,11,0.55,7,4,21,70,"[0, 1, 2, 3, 4, 5, 6, 7, 8, 9, 10]",0.16189
./random_graph_db/graph_db_node_11/07_p0.55/07_graph_n11_p0.55_idx8.gpickle,11,0.55,8,5,13,39,"[0, 1, 2, 3, 4, 5, 6, 7, 8, 9, 10]",0.1187501
./random_graph_db/graph_db_node_11/07_p0.55/07_graph_n11_p0.55_idx9.gpickle,11,0.55,9,5,16,50,"[0, 1, 2, 3, 4, 5, 6, 7, 8, 9, 10]",0.142283
./random_graph_db/graph_db_node_11/08_p0.6/08_graph_n11_p0.6_idx1.gpickle,11,0.6,1,5,17,55,"[0, 1, 2, 3, 4, 5, 6, 7, 8, 9, 10]",0.1487041
./random_graph_db/graph_db_node_11/08_p0.6/08_graph_n11_p0.6_idx10.gpickle,11,0.6,10,5,15,58,"[0, 1, 2, 3, 4, 5, 6, 7, 8, 9, 10]",0.1388462
./random_graph_db/graph_db_node_11/08_p0.6/08_graph_n11_p0.6_idx2.gpickle,11,0.6,2,5,20,74,"[0, 1, 2, 3, 4, 5, 6, 7, 8, 9, 10]",0.1666529
./random_graph_db/graph_db_node_11/08_p0.6/08_graph_n11_p0.6_idx3.gpickle,11,0.6,3,5,19,62,"[0, 1, 2, 3, 4, 5, 6, 7, 8, 9, 10]",0.1456189
./random_graph_db/graph_db_node_11/08_p0.6/08_graph_n11_p0.6_idx4.gpickle,11,0.6,4,5,21,64,"[0, 1, 2, 3, 4, 5, 6, 7, 8, 9, 10]",0.1582658
./random_graph_db/graph_db_node_11/08_p0.6/08_graph_n11_p0.6_idx5.gpickle,11,0.6,5,5,14,57,"[0, 1, 2, 3, 4, 5, 6, 7, 8, 9, 10]",0.1257851
./random_graph_db/graph_db_node_11/08_p0.6/08_graph_n11_p0.6_idx6.gpickle,11,0.6,6,5,15,48,"[0, 1, 2, 3, 4, 5, 6, 7, 8, 9, 10]",0.1550751
./random_graph_db/graph_db_node_11/08_p0.6/08_graph_n11_p0.6_idx7.gpickle,11,0.6,7,4,15,50,"[0, 1, 2, 3, 4, 5, 6, 7, 8, 9, 10]",0.1446609
./random_graph_db/graph_db_node_11/08_p0.6/08_graph_n11_p0.6_idx8.gpickle,11,0.6,8,5,19,66,"[0, 1, 2, 3, 4, 5, 6, 7, 8, 9, 10]",0.187273
./random_graph_db/graph_db_node_11/08_p0.6/08_graph_n11_p0.6_idx9.gpickle,11,0.6,9,5,17,60,"[0, 1, 2, 3, 4, 5, 6, 7, 8, 9, 10]",0.15328
./random_graph_db/graph_db_node_11/09_p0.65/09_graph_n11_p0.65_idx1.gpickle,11,0.65,1,4,17,52,"[0, 1, 2, 3, 4, 5, 6, 7, 8, 9, 10]",0.1553721
./random_graph_db/graph_db_node_11/09_p0.65/09_graph_n11_p0.65_idx10.gpickle,11,0.65,10,5,22,69,"[0, 1, 2, 3, 4, 5, 6, 7, 8, 9, 10]",0.169313
./random_graph_db/graph_db_node_11/09_p0.65/09_graph_n11_p0.65_idx2.gpickle,11,0.65,2,4,15,57,"[0, 1, 2, 3, 4, 5, 6, 7, 8, 9, 10]",0.1399641
./random_graph_db/graph_db_node_11/09_p0.65/09_graph_n11_p0.65_idx3.gpickle,11,0.65,3,5,18,55,"[0, 1, 2, 3, 4, 5, 6, 7, 8, 9, 10]",0.1497102
./random_graph_db/graph_db_node_11/09_p0.65/09_graph_n11_p0.65_idx4.gpickle,11,0.65,4,4,13,47,"[0, 1, 2, 3, 4, 5, 6, 7, 8, 9, 10]",0.123735
./random_graph_db/graph_db_node_11/09_p0.65/09_graph_n11_p0.65_idx5.gpickle,11,0.65,5,5,15,55,"[0, 1, 2, 3, 4, 5, 6, 7, 8, 9, 10]",0.1437361
./random_graph_db/graph_db_node_11/09_p0.65/09_graph_n11_p0.65_idx6.gpickle,11,0.65,6,5,17,50,"[0, 1, 2, 3, 4, 5, 6, 7, 8, 9, 10]",0.1500502
./random_graph_db/graph_db_node_11/09_p0.65/09_graph_n11_p0.65_idx7.gpickle,11,0.65,7,5,20,63,"[0, 1, 2, 3, 4, 5, 6, 7, 8, 9, 10]",0.1441121
./random_graph_db/graph_db_node_11/09_p0.65/09_graph_n11_p0.65_idx8.gpickle,11,0.65,8,5,13,47,"[0, 1, 2, 3, 4, 5, 6, 7, 8, 9, 10]",0.1241481
./random_graph_db/graph_db_node_11/09_p0.65/09_graph_n11_p0.65_idx9.gpickle,11,0.65,9,4,15,64,"[0, 1, 2, 3, 4, 5, 6, 7, 8, 9, 10]",0.1354091
./random_graph_db/graph_db_node_11/10_p0.7/10_graph_n11_p0.7_idx1.gpickle,11,0.7,1,5,9,31,"[0, 1, 2, 3, 4, 5, 6, 7, 8, 9, 10]",0.110198
./random_graph_db/graph_db_node_11/10_p0.7/10_graph_n11_p0.7_idx10.gpickle,11,0.7,10,4,14,46,"[0, 1, 2, 3, 4, 5, 6, 7, 8, 9, 10]",0.133533
./random_graph_db/graph_db_node_11/10_p0.7/10_graph_n11_p0.7_idx2.gpickle,11,0.7,2,5,19,62,"[0, 1, 2, 3, 4, 5, 6, 7, 8, 9, 10]",0.1597059
./random_graph_db/graph_db_node_11/10_p0.7/10_graph_n11_p0.7_idx3.gpickle,11,0.7,3,5,9,38,"[0, 1, 2, 3, 4, 5, 6, 7, 8, 9, 10]",0.1537201
./random_graph_db/graph_db_node_11/10_p0.7/10_graph_n11_p0.7_idx4.gpickle,11,0.7,4,5,20,70,"[0, 1, 2, 3, 4, 5, 6, 7, 8, 9, 10]",0.1639771
./random_graph_db/graph_db_node_11/10_p0.7/10_graph_n11_p0.7_idx5.gpickle,11,0.7,5,4,13,44,"[0, 1, 2, 3, 4, 5, 6, 7, 8, 9, 10]",0.1333258
./random_graph_db/graph_db_node_11/10_p0.7/10_graph_n11_p0.7_idx6.gpickle,11,0.7,6,4,11,40,"[0, 1, 2, 3, 4, 5, 6, 7, 8, 9, 10]",0.108464
./random_graph_db/graph_db_node_11/10_p0.7/10_graph_n11_p0.7_idx7.gpickle,11,0.7,7,5,16,60,"[0, 1, 2, 3, 4, 5, 6, 7, 8, 9, 10]",0.147516
./random_graph_db/graph_db_node_11/10_p0.7/10_graph_n11_p0.7_idx8.gpickle,11,0.7,8,4,12,39,"[0, 1, 2, 3, 4, 5, 6, 7, 8, 9, 10]",0.129338
./random_graph_db/graph_db_node_11/10_p0.7/10_graph_n11_p0.7_idx9.gpickle,11,0.7,9,5,16,61,"[0, 1, 2, 3, 4, 5, 6, 7, 8, 9, 10]",0.136528
./random_graph_db/graph_db_node_11/11_p0.8/11_graph_n11_p0.8_idx1.gpickle,11,0.8,1,4,8,35,"[0, 1, 2, 3, 4, 5, 6, 7, 8, 9, 10]",0.0990839
./random_graph_db/graph_db_node_11/11_p0.8/11_graph_n11_p0.8_idx10.gpickle,11,0.8,10,4,6,25,"[0, 1, 2, 3, 4, 5, 6, 7, 8, 9, 10]",0.0717862
./random_graph_db/graph_db_node_11/11_p0.8/11_graph_n11_p0.8_idx2.gpickle,11,0.8,2,4,6,38,"[0, 1, 2, 3, 4, 5, 6, 7, 8, 9, 10]",0.0790589
./random_graph_db/graph_db_node_11/11_p0.8/11_graph_n11_p0.8_idx3.gpickle,11,0.8,3,4,6,32,"[0, 1, 2, 3, 4, 5, 6, 7, 8, 9, 10]",0.0942037
./random_graph_db/graph_db_node_11/11_p0.8/11_graph_n11_p0.8_idx4.gpickle,11,0.8,4,4,8,27,"[0, 1, 2, 3, 4, 5, 6, 7, 8, 9, 10]",0.0897791
./random_graph_db/graph_db_node_11/11_p0.8/11_graph_n11_p0.8_idx5.gpickle,11,0.8,5,5,15,46,"[0, 1, 2, 3, 4, 5, 6, 7, 8, 9, 10]",0.1364329
./random_graph_db/graph_db_node_11/11_p0.8/11_graph_n11_p0.8_idx6.gpickle,11,0.8,6,4,12,40,"[0, 1, 2, 3, 4, 5, 6, 7, 8, 9, 10]",0.1331069
./random_graph_db/graph_db_node_11/11_p0.8/11_graph_n11_p0.8_idx7.gpickle,11,0.8,7,5,9,29,"[0, 1, 2, 3, 4, 5, 6, 7, 8, 9, 10]",0.117111
./random_graph_db/graph_db_node_11/11_p0.8/11_graph_n11_p0.8_idx8.gpickle,11,0.8,8,5,11,44,"[0, 1, 2, 3, 4, 5, 6, 7, 8, 9, 10]",0.105056
./random_graph_db/graph_db_node_11/11_p0.8/11_graph_n11_p0.8_idx9.gpickle,11,0.8,9,4,11,45,"[0, 1, 2, 3, 4, 5, 6, 7, 8, 9, 10]",0.112433
./random_graph_db/graph_db_node_11/12_p0.9/12_graph_n11_p0.9_idx1.gpickle,11,0.9,1,3,7,24,"[0, 1, 2, 3, 4, 5, 6, 7, 8, 9, 10]",0.0989869
./random_graph_db/graph_db_node_11/12_p0.9/12_graph_n11_p0.9_idx10.gpickle,11,0.9,10,4,12,49,"[0, 1, 2, 3, 4, 5, 6, 7, 8, 9, 10]",0.1005321
./random_graph_db/graph_db_node_11/12_p0.9/12_graph_n11_p0.9_idx2.gpickle,11,0.9,2,3,3,21,"[0, 1, 2, 3, 4, 5, 6, 7, 8, 9, 10]",0.0567791
./random_graph_db/graph_db_node_11/12_p0.9/12_graph_n11_p0.9_idx3.gpickle,11,0.9,3,4,12,44,"[0, 1, 2, 3, 4, 5, 6, 7, 8, 9, 10]",0.1328368
./random_graph_db/graph_db_node_11/12_p0.9/12_graph_n11_p0.9_idx4.gpickle,11,0.9,4,4,7,29,"[0, 1, 2, 3, 4, 5, 6, 7, 8, 9, 10]",0.078207
./random_graph_db/graph_db_node_11/12_p0.9/12_graph_n11_p0.9_idx5.gpickle,11,0.9,5,4,11,43,"[0, 1, 2, 3, 4, 5, 6, 7, 8, 9, 10]",0.089606
./random_graph_db/graph_db_node_11/12_p0.9/12_graph_n11_p0.9_idx6.gpickle,11,0.9,6,3,2,20,"[0, 1, 2, 3, 4, 5, 6, 7, 8, 9, 10]",0.0498769
./random_graph_db/graph_db_node_11/12_p0.9/12_graph_n11_p0.9_idx7.gpickle,11,0.9,7,4,6,25,"[0, 1, 2, 3, 4, 5, 6, 7, 8, 9, 10]",0.0799091
./random_graph_db/graph_db_node_11/12_p0.9/12_graph_n11_p0.9_idx8.gpickle,11,0.9,8,4,5,27,"[0, 1, 2, 3, 4, 5, 6, 7, 8, 9, 10]",0.0780411
./random_graph_db/graph_db_node_11/12_p0.9/12_graph_n11_p0.9_idx9.gpickle,11,0.9,9,5,7,27,"[0, 1, 2, 3, 4, 5, 6, 7, 8, 9, 10]",0.0899801
./random_graph_db/graph_db_node_12/01_p0.1/01_graph_n12_p0.1_idx1.gpickle,12,0.1,1,5,10,39,"[0, 1, 2, 3, 4, 5, 6, 7, 8, 9, 10, 11]",0.129982
./random_graph_db/graph_db_node_12/01_p0.1/01_graph_n12_p0.1_idx10.gpickle,12,0.1,10,3,6,31,"[0, 1, 2, 3, 4, 5, 6, 7, 8, 9, 10, 11]",0.0971122
./random_graph_db/graph_db_node_12/01_p0.1/01_graph_n12_p0.1_idx2.gpickle,12,0.1,2,4,4,26,"[0, 1, 2, 3, 4, 5, 6, 7, 8, 9, 10, 11]",0.0710692
./random_graph_db/graph_db_node_12/01_p0.1/01_graph_n12_p0.1_idx3.gpickle,12,0.1,3,4,5,25,"[0, 1, 2, 3, 4, 5, 6, 7, 8, 9, 10, 11]",0.0826559
./random_graph_db/graph_db_node_12/01_p0.1/01_graph_n12_p0.1_idx4.gpickle,12,0.1,4,3,5,40,"[0, 1, 2, 3, 4, 5, 6, 7, 8, 9, 10, 11]",0.0918128
./random_graph_db/graph_db_node_12/01_p0.1/01_graph_n12_p0.1_idx5.gpickle,12,0.1,5,5,7,26,"[0, 1, 2, 3, 4, 5, 6, 7, 8, 9, 10, 11]",0.0943191
./random_graph_db/graph_db_node_12/01_p0.1/01_graph_n12_p0.1_idx6.gpickle,12,0.1,6,5,8,31,"[0, 1, 2, 3, 4, 5, 6, 7, 8, 9, 10, 11]",0.1226168
./random_graph_db/graph_db_node_12/01_p0.1/01_graph_n12_p0.1_idx7.gpickle,12,0.1,7,4,6,28,"[0, 1, 2, 3, 4, 5, 6, 7, 8, 9, 10, 11]",0.0941031
./random_graph_db/graph_db_node_12/01_p0.1/01_graph_n12_p0.1_idx8.gpickle,12,0.1,8,5,4,25,"[0, 1, 2, 3, 4, 5, 6, 7, 8, 9, 10, 11]",0.0863719
./random_graph_db/graph_db_node_12/01_p0.1/01_graph_n12_p0.1_idx9.gpickle,12,0.1,9,3,5,22,"[0, 1, 2, 3, 4, 5, 6, 7, 8, 9, 10, 11]",0.0788281
./random_graph_db/graph_db_node_12/02_p0.2/02_graph_n12_p0.2_idx1.gpickle,12,0.2,1,6,18,61,"[0, 1, 2, 3, 4, 5, 6, 7, 8, 9, 10, 11]",0.1494622
./random_graph_db/graph_db_node_12/02_p0.2/02_graph_n12_p0.2_idx10.gpickle,12,0.2,10,4,7,30,"[0, 1, 2, 3, 4, 5, 6, 7, 8, 9, 10, 11]",0.0805192
./random_graph_db/graph_db_node_12/02_p0.2/02_graph_n12_p0.2_idx2.gpickle,12,0.2,2,5,7,32,"[0, 1, 2, 3, 4, 5, 6, 7, 8, 9, 10, 11]",0.112103
./random_graph_db/graph_db_node_12/02_p0.2/02_graph_n12_p0.2_idx3.gpickle,12,0.2,3,4,9,34,"[0, 1, 2, 3, 4, 5, 6, 7, 8, 9, 10, 11]",0.1227052
./random_graph_db/graph_db_node_12/02_p0.2/02_graph_n12_p0.2_idx4.gpickle,12,0.2,4,5,11,41,"[0, 1, 2, 3, 4, 5, 6, 7, 8, 9, 10, 11]",0.1214128
./random_graph_db/graph_db_node_12/02_p0.2/02_graph_n12_p0.2_idx5.gpickle,12,0.2,5,5,8,35,"[0, 1, 2, 3, 4, 5, 6, 7, 8, 9, 10, 11]",0.102309
./random_graph_db/graph_db_node_12/02_p0.2/02_graph_n12_p0.2_idx6.gpickle,12,0.2,6,5,12,52,"[0, 1, 2, 3, 4, 5, 6, 7, 8, 9, 10, 11]",0.1520572
./random_graph_db/graph_db_node_12/02_p0.2/02_graph_n12_p0.2_idx7.gpickle,12,0.2,7,3,5,29,"[0, 1, 2, 3, 4, 5, 6, 7, 8, 9, 10, 11]",0.085398
./random_graph_db/graph_db_node_12/02_p0.2/02_graph_n12_p0.2_idx8.gpickle,12,0.2,8,4,6,26,"[0, 1, 2, 3, 4, 5, 6, 7, 8, 9, 10, 11]",0.1025112
./random_graph_db/graph_db_node_12/02_p0.2/02_graph_n12_p0.2_idx9.gpickle,12,0.2,9,4,7,34,"[0, 1, 2, 3, 4, 5, 6, 7, 8, 9, 10, 11]",0.0855057
./random_graph_db/graph_db_node_12/03_p0.3/03_graph_n12_p0.3_idx1.gpickle,12,0.3,1,6,18,62,"[0, 1, 2, 3, 4, 5, 6, 7, 8, 9, 10, 11]",0.4394178
./random_graph_db/graph_db_node_12/03_p0.3/03_graph_n12_p0.3_idx10.gpickle,12,0.3,10,6,12,38,"[0, 1, 2, 3, 4, 5, 6, 7, 8, 9, 10, 11]",0.1491542
./random_graph_db/graph_db_node_12/03_p0.3/03_graph_n12_p0.3_idx2.gpickle,12,0.3,2,4,9,34,"[0, 1, 2, 3, 4, 5, 6, 7, 8, 9, 10, 11]",0.1195211
./random_graph_db/graph_db_node_12/03_p0.3/03_graph_n12_p0.3_idx3.gpickle,12,0.3,3,5,12,37,"[0, 1, 2, 3, 4, 5, 6, 7, 8, 9, 10, 11]",0.180752
./random_graph_db/graph_db_node_12/03_p0.3/03_graph_n12_p0.3_idx4.gpickle,12,0.3,4,4,10,47,"[0, 1, 2, 3, 4, 5, 6, 7, 8, 9, 10, 11]",0.1039701
./random_graph_db/graph_db_node_12/03_p0.3/03_graph_n12_p0.3_idx5.gpickle,12,0.3,5,4,9,38,"[0, 1, 2, 3, 4, 5, 6, 7, 8, 9, 10, 11]",0.1130621
./random_graph_db/graph_db_node_12/03_p0.3/03_graph_n12_p0.3_idx6.gpickle,12,0.3,6,4,11,50,"[0, 1, 2, 3, 4, 5, 6, 7, 8, 9, 10, 11]",0.105437
./random_graph_db/graph_db_node_12/03_p0.3/03_graph_n12_p0.3_idx7.gpickle,12,0.3,7,5,18,56,"[0, 1, 2, 3, 4, 5, 6, 7, 8, 9, 10, 11]",0.1683571
./random_graph_db/graph_db_node_12/03_p0.3/03_graph_n12_p0.3_idx8.gpickle,12,0.3,8,5,13,46,"[0, 1, 2, 3, 4, 5, 6, 7, 8, 9, 10, 11]",0.2193773
./random_graph_db/graph_db_node_12/03_p0.3/03_graph_n12_p0.3_idx9.gpickle,12,0.3,9,5,21,64,"[0, 1, 2, 3, 4, 5, 6, 7, 8, 9, 10, 11]",0.2219641
./random_graph_db/graph_db_node_12/04_p0.4/04_graph_n12_p0.4_idx1.gpickle,12,0.4,1,6,22,75,"[0, 1, 2, 3, 4, 5, 6, 7, 8, 9, 10, 11]",0.194788
./random_graph_db/graph_db_node_12/04_p0.4/04_graph_n12_p0.4_idx10.gpickle,12,0.4,10,5,22,83,"[0, 1, 2, 3, 4, 5, 6, 7, 8, 9, 10, 11]",0.212796
./random_graph_db/graph_db_node_12/04_p0.4/04_graph_n12_p0.4_idx2.gpickle,12,0.4,2,5,15,52,"[0, 1, 2, 3, 4, 5, 6, 7, 8, 9, 10, 11]",0.1657569
./random_graph_db/graph_db_node_12/04_p0.4/04_graph_n12_p0.4_idx3.gpickle,12,0.4,3,5,19,67,"[0, 1, 2, 3, 4, 5, 6, 7, 8, 9, 10, 11]",0.157481
./random_graph_db/graph_db_node_12/04_p0.4/04_graph_n12_p0.4_idx4.gpickle,12,0.4,4,5,18,61,"[0, 1, 2, 3, 4, 5, 6, 7, 8, 9, 10, 11]",0.1820219
./random_graph_db/graph_db_node_12/04_p0.4/04_graph_n12_p0.4_idx5.gpickle,12,0.4,5,5,11,51,"[0, 1, 2, 3, 4, 5, 6, 7, 8, 9, 10, 11]",0.140533
./random_graph_db/graph_db_node_12/04_p0.4/04_graph_n12_p0.4_idx6.gpickle,12,0.4,6,5,21,74,"[0, 1, 2, 3, 4, 5, 6, 7, 8, 9, 10, 11]",0.2182899
./random_graph_db/graph_db_node_12/04_p0.4/04_graph_n12_p0.4_idx7.gpickle,12,0.4,7,5,18,62,"[0, 1, 2, 3, 4, 5, 6, 7, 8, 9, 10, 11]",0.1807218
./random_graph_db/graph_db_node_12/04_p0.4/04_graph_n12_p0.4_idx8.gpickle,12,0.4,8,6,20,61,"[0, 1, 2, 3, 4, 5, 6, 7, 8, 9, 10, 11]",0.170275
./random_graph_db/graph_db_node_12/04_p0.4/04_graph_n12_p0.4_idx9.gpickle,12,0.4,9,6,21,70,"[0, 1, 2, 3, 4, 5, 6, 7, 8, 9, 10, 11]",0.1729212
./random_graph_db/graph_db_node_12/05_p0.45/05_graph_n12_p0.45_idx1.gpickle,12,0.45,1,6,23,65,"[0, 1, 2, 3, 4, 5, 6, 7, 8, 9, 10, 11]",0.1841981
./random_graph_db/graph_db_node_12/05_p0.45/05_graph_n12_p0.45_idx10.gpickle,12,0.45,10,5,20,69,"[0, 1, 2, 3, 4, 5, 6, 7, 8, 9, 10, 11]",0.1901469
./random_graph_db/graph_db_node_12/05_p0.45/05_graph_n12_p0.45_idx2.gpickle,12,0.45,2,5,22,70,"[0, 1, 2, 3, 4, 5, 6, 7, 8, 9, 10, 11]",0.172822
./random_graph_db/graph_db_node_12/05_p0.45/05_graph_n12_p0.45_idx3.gpickle,12,0.45,3,5,20,68,"[0, 1, 2, 3, 4, 5, 6, 7, 8, 9, 10, 11]",0.1859238
./random_graph_db/graph_db_node_12/05_p0.45/05_graph_n12_p0.45_idx4.gpickle,12,0.45,4,5,20,58,"[0, 1, 2, 3, 4, 5, 6, 7, 8, 9, 10, 11]",0.2033808
./random_graph_db/graph_db_node_12/05_p0.45/05_graph_n12_p0.45_idx5.gpickle,12,0.45,5,5,28,78,"[0, 1, 2, 3, 4, 5, 6, 7, 8, 9, 10, 11]",0.2150829
./random_graph_db/graph_db_node_12/05_p0.45/05_graph_n12_p0.45_idx6.gpickle,12,0.45,6,6,20,60,"[0, 1, 2, 3, 4, 5, 6, 7, 8, 9, 10, 11]",0.206229
./random_graph_db/graph_db_node_12/05_p0.45/05_graph_n12_p0.45_idx7.gpickle,12,0.45,7,4,13,49,"[0, 1, 2, 3, 4, 5, 6, 7, 8, 9, 10, 11]",0.1443021
./random_graph_db/graph_db_node_12/05_p0.45/05_graph_n12_p0.45_idx8.gpickle,12,0.45,8,5,23,72,"[0, 1, 2, 3, 4, 5, 6, 7, 8, 9, 10, 11]",0.2038488
./random_graph_db/graph_db_node_12/05_p0.45/05_graph_n12_p0.45_idx9.gpickle,12,0.45,9,5,15,47,"[0, 1, 2, 3, 4, 5, 6, 7, 8, 9, 10, 11]",0.141047
./random_graph_db/graph_db_node_12/06_p0.5/06_graph_n12_p0.5_idx1.gpickle,12,0.5,1,6,28,77,"[0, 1, 2, 3, 4, 5, 6, 7, 8, 9, 10, 11]",0.2000389
./random_graph_db/graph_db_node_12/06_p0.5/06_graph_n12_p0.5_idx10.gpickle,12,0.5,10,4,14,51,"[0, 1, 2, 3, 4, 5, 6, 7, 8, 9, 10, 11]",0.1259341
./random_graph_db/graph_db_node_12/06_p0.5/06_graph_n12_p0.5_idx2.gpickle,12,0.5,2,5,23,75,"[0, 1, 2, 3, 4, 5, 6, 7, 8, 9, 10, 11]",0.2093928
./random_graph_db/graph_db_node_12/06_p0.5/06_graph_n12_p0.5_idx3.gpickle,12,0.5,3,6,20,51,"[0, 1, 2, 3, 4, 5, 6, 7, 8, 9, 10, 11]",0.1773779
./random_graph_db/graph_db_node_12/06_p0.5/06_graph_n12_p0.5_idx4.gpickle,12,0.5,4,6,20,63,"[0, 1, 2, 3, 4, 5, 6, 7, 8, 9, 10, 11]",0.184233
./random_graph_db/graph_db_node_12/06_p0.5/06_graph_n12_p0.5_idx5.gpickle,12,0.5,5,6,25,77,"[0, 1, 2, 3, 4, 5, 6, 7, 8, 9, 10, 11]",0.2020922
./random_graph_db/graph_db_node_12/06_p0.5/06_graph_n12_p0.5_idx6.gpickle,12,0.5,6,5,19,64,"[0, 1, 2, 3, 4, 5, 6, 7, 8, 9, 10, 11]",0.168149
./random_graph_db/graph_db_node_12/06_p0.5/06_graph_n12_p0.5_idx7.gpickle,12,0.5,7,6,16,51,"[0, 1, 2, 3, 4, 5, 6, 7, 8, 9, 10, 11]",0.2420139
./random_graph_db/graph_db_node_12/06_p0.5/06_graph_n12_p0.5_idx8.gpickle,12,0.5,8,5,27,84,"[0, 1, 2, 3, 4, 5, 6, 7, 8, 9, 10, 11]",0.2156663
./random_graph_db/graph_db_node_12/06_p0.5/06_graph_n12_p0.5_idx9.gpickle,12,0.5,9,5,23,72,"[0, 1, 2, 3, 4, 5, 6, 7, 8, 9, 10, 11]",0.2107258
./random_graph_db/graph_db_node_12/07_p0.55/07_graph_n12_p0.55_idx1.gpickle,12,0.55,1,6,25,68,"[0, 1, 2, 3, 4, 5, 6, 7, 8, 9, 10, 11]",0.1894419
./random_graph_db/graph_db_node_12/07_p0.55/07_graph_n12_p0.55_idx10.gpickle,12,0.55,10,5,23,82,"[0, 1, 2, 3, 4, 5, 6, 7, 8, 9, 10, 11]",0.1833422
./random_graph_db/graph_db_node_12/07_p0.55/07_graph_n12_p0.55_idx2.gpickle,12,0.55,2,6,24,75,"[0, 1, 2, 3, 4, 5, 6, 7, 8, 9, 10, 11]",0.2250698
./random_graph_db/graph_db_node_12/07_p0.55/07_graph_n12_p0.55_idx3.gpickle,12,0.55,3,5,27,86,"[0, 1, 2, 3, 4, 5, 6, 7, 8, 9, 10, 11]",0.275178
./random_graph_db/graph_db_node_12/07_p0.55/07_graph_n12_p0.55_idx4.gpickle,12,0.55,4,6,27,82,"[0, 1, 2, 3, 4, 5, 6, 7, 8, 9, 10, 11]",0.351136
./random_graph_db/graph_db_node_12/07_p0.55/07_graph_n12_p0.55_idx5.gpickle,12,0.55,5,5,12,39,"[0, 1, 2, 3, 4, 5, 6, 7, 8, 9, 10, 11]",0.319659
./random_graph_db/graph_db_node_12/07_p0.55/07_graph_n12_p0.55_idx6.gpickle,12,0.55,6,5,20,58,"[0, 1, 2, 3, 4, 5, 6, 7, 8, 9, 10, 11]",0.494421
./random_graph_db/graph_db_node_12/07_p0.55/07_graph_n12_p0.55_idx7.gpickle,12,0.55,7,5,25,76,"[0, 1, 2, 3, 4, 5, 6, 7, 8, 9, 10, 11]",0.3531232
./random_graph_db/graph_db_node_12/07_p0.55/07_graph_n12_p0.55_idx8.gpickle,12,0.55,8,6,22,73,"[0, 1, 2, 3, 4, 5, 6, 7, 8, 9, 10, 11]",0.2448201
./random_graph_db/graph_db_node_12/07_p0.55/07_graph_n12_p0.55_idx9.gpickle,12,0.55,9,6,21,66,"[0, 1, 2, 3, 4, 5, 6, 7, 8, 9, 10, 11]",0.2355158
./random_graph_db/graph_db_node_12/08_p0.6/08_graph_n12_p0.6_idx1.gpickle,12,0.6,1,5,23,77,"[0, 1, 2, 3, 4, 5, 6, 7, 8, 9, 10, 11]",0.227777
./random_graph_db/graph_db_node_12/08_p0.6/08_graph_n12_p0.6_idx10.gpickle,12,0.6,10,6,17,43,"[0, 1, 2, 3, 4, 5, 6, 7, 8, 9, 10, 11]",0.2535031
./random_graph_db/graph_db_node_12/08_p0.6/08_graph_n12_p0.6_idx2.gpickle,12,0.6,2,5,16,62,"[0, 1, 2, 3, 4, 5, 6, 7, 8, 9, 10, 11]",0.2064471
./random_graph_db/graph_db_node_12/08_p0.6/08_graph_n12_p0.6_idx3.gpickle,12,0.6,3,5,22,69,"[0, 1, 2, 3, 4, 5, 6, 7, 8, 9, 10, 11]",0.2681081
./random_graph_db/graph_db_node_12/08_p0.6/08_graph_n12_p0.6_idx4.gpickle,12,0.6,4,6,23,56,"[0, 1, 2, 3, 4, 5, 6, 7, 8, 9, 10, 11]",0.2515869
./random_graph_db/graph_db_node_12/08_p0.6/08_graph_n12_p0.6_idx5.gpickle,12,0.6,5,5,20,55,"[0, 1, 2, 3, 4, 5, 6, 7, 8, 9, 10, 11]",0.215565
./random_graph_db/graph_db_node_12/08_p0.6/08_graph_n12_p0.6_idx6.gpickle,12,0.6,6,6,24,73,"[0, 1, 2, 3, 4, 5, 6, 7, 8, 9, 10, 11]",0.2144539
./random_graph_db/graph_db_node_12/08_p0.6/08_graph_n12_p0.6_idx7.gpickle,12,0.6,7,5,20,75,"[0, 1, 2, 3, 4, 5, 6, 7, 8, 9, 10, 11]",0.192673
./random_graph_db/graph_db_node_12/08_p0.6/08_graph_n12_p0.6_idx8.gpickle,12,0.6,8,4,16,51,"[0, 1, 2, 3, 4, 5, 6, 7, 8, 9, 10, 11]",0.1978481
./random_graph_db/graph_db_node_12/08_p0.6/08_graph_n12_p0.6_idx9.gpickle,12,0.6,9,6,23,62,"[0, 1, 2, 3, 4, 5, 6, 7, 8, 9, 10, 11]",0.230371
./random_graph_db/graph_db_node_12/09_p0.65/09_graph_n12_p0.65_idx1.gpickle,12,0.65,1,4,15,48,"[0, 1, 2, 3, 4, 5, 6, 7, 8, 9, 10, 11]",0.1773951
./random_graph_db/graph_db_node_12/09_p0.65/09_graph_n12_p0.65_idx10.gpickle,12,0.65,10,5,19,68,"[0, 1, 2, 3, 4, 5, 6, 7, 8, 9, 10, 11]",0.1802013
./random_graph_db/graph_db_node_12/09_p0.65/09_graph_n12_p0.65_idx2.gpickle,12,0.65,2,5,18,47,"[0, 1, 2, 3, 4, 5, 6, 7, 8, 9, 10, 11]",0.2055151
./random_graph_db/graph_db_node_12/09_p0.65/09_graph_n12_p0.65_idx3.gpickle,12,0.65,3,5,14,45,"[0, 1, 2, 3, 4, 5, 6, 7, 8, 9, 10, 11]",0.150605
./random_graph_db/graph_db_node_12/09_p0.65/09_graph_n12_p0.65_idx4.gpickle,12,0.65,4,6,20,62,"[0, 1, 2, 3, 4, 5, 6, 7, 8, 9, 10, 11]",0.1828301
./random_graph_db/graph_db_node_12/09_p0.65/09_graph_n12_p0.65_idx5.gpickle,12,0.65,5,5,22,77,"[0, 1, 2, 3, 4, 5, 6, 7, 8, 9, 10, 11]",0.190603
./random_graph_db/graph_db_node_12/09_p0.65/09_graph_n12_p0.65_idx6.gpickle,12,0.65,6,6,19,50,"[0, 1, 2, 3, 4, 5, 6, 7, 8, 9, 10, 11]",0.1757331
./random_graph_db/graph_db_node_12/09_p0.65/09_graph_n12_p0.65_idx7.gpickle,12,0.65,7,6,26,75,"[0, 1, 2, 3, 4, 5, 6, 7, 8, 9, 10, 11]",0.199821
./random_graph_db/graph_db_node_12/09_p0.65/09_graph_n12_p0.65_idx8.gpickle,12,0.65,8,5,16,59,"[0, 1, 2, 3, 4, 5, 6, 7, 8, 9, 10, 11]",0.154835
./random_graph_db/graph_db_node_12/09_p0.65/09_graph_n12_p0.65_idx9.gpickle,12,0.65,9,4,14,52,"[0, 1, 2, 3, 4, 5, 6, 7, 8, 9, 10, 11]",0.1405981
./random_graph_db/graph_db_node_12/10_p0.7/10_graph_n12_p0.7_idx1.gpickle,12,0.7,1,5,12,37,"[0, 1, 2, 3, 4, 5, 6, 7, 8, 9, 10, 11]",0.1316531
./random_graph_db/graph_db_node_12/10_p0.7/10_graph_n12_p0.7_idx10.gpickle,12,0.7,10,5,22,69,"[0, 1, 2, 3, 4, 5, 6, 7, 8, 9, 10, 11]",0.173985
./random_graph_db/graph_db_node_12/10_p0.7/10_graph_n12_p0.7_idx2.gpickle,12,0.7,2,5,21,61,"[0, 1, 2, 3, 4, 5, 6, 7, 8, 9, 10, 11]",0.1858749
./random_graph_db/graph_db_node_12/10_p0.7/10_graph_n12_p0.7_idx3.gpickle,12,0.7,3,4,15,59,"[0, 1, 2, 3, 4, 5, 6, 7, 8, 9, 10, 11]",0.1438861
./random_graph_db/graph_db_node_12/10_p0.7/10_graph_n12_p0.7_idx4.gpickle,12,0.7,4,5,21,61,"[0, 1, 2, 3, 4, 5, 6, 7, 8, 9, 10, 11]",0.182724
./random_graph_db/graph_db_node_12/10_p0.7/10_graph_n12_p0.7_idx5.gpickle,12,0.7,5,5,25,79,"[0, 1, 2, 3, 4, 5, 6, 7, 8, 9, 10, 11]",0.2256558
./random_graph_db/graph_db_node_12/10_p0.7/10_graph_n12_p0.7_idx6.gpickle,12,0.7,6,5,14,39,"[0, 1, 2, 3, 4, 5, 6, 7, 8, 9, 10, 11]",0.1449008
./random_graph_db/graph_db_node_12/10_p0.7/10_graph_n12_p0.7_idx7.gpickle,12,0.7,7,5,18,67,"[0, 1, 2, 3, 4, 5, 6, 7, 8, 9, 10, 11]",0.1560349
./random_graph_db/graph_db_node_12/10_p0.7/10_graph_n12_p0.7_idx8.gpickle,12,0.7,8,5,19,63,"[0, 1, 2, 3, 4, 5, 6, 7, 8, 9, 10, 11]",0.1522188
./random_graph_db/graph_db_node_12/10_p0.7/10_graph_n12_p0.7_idx9.gpickle,12,0.7,9,5,30,87,"[0, 1, 2, 3, 4, 5, 6, 7, 8, 9, 10, 11]",0.2133682
./random_graph_db/graph_db_node_12/11_p0.8/11_graph_n12_p0.8_idx1.gpickle,12,0.8,1,5,16,41,"[0, 1, 2, 3, 4, 5, 6, 7, 8, 9, 10, 11]",0.1538029
./random_graph_db/graph_db_node_12/11_p0.8/11_graph_n12_p0.8_idx10.gpickle,12,0.8,10,5,19,55,"[0, 1, 2, 3, 4, 5, 6, 7, 8, 9, 10, 11]",0.177501
./random_graph_db/graph_db_node_12/11_p0.8/11_graph_n12_p0.8_idx2.gpickle,12,0.8,2,6,9,39,"[0, 1, 2, 3, 4, 5, 6, 7, 8, 9, 10, 11]",0.1183882
./random_graph_db/graph_db_node_12/11_p0.8/11_graph_n12_p0.8_idx3.gpickle,12,0.8,3,5,17,54,"[0, 1, 2, 3, 4, 5, 6, 7, 8, 9, 10, 11]",0.2135711
./random_graph_db/graph_db_node_12/11_p0.8/11_graph_n12_p0.8_idx4.gpickle,12,0.8,4,5,12,35,"[0, 1, 2, 3, 4, 5, 6, 7, 8, 9, 10, 11]",0.1305079
./random_graph_db/graph_db_node_12/11_p0.8/11_graph_n12_p0.8_idx5.gpickle,12,0.8,5,5,13,47,"[0, 1, 2, 3, 4, 5, 6, 7, 8, 9, 10, 11]",0.1283472
./random_graph_db/graph_db_node_12/11_p0.8/11_graph_n12_p0.8_idx6.gpickle,12,0.8,6,4,10,43,"[0, 1, 2, 3, 4, 5, 6, 7, 8, 9, 10, 11]",0.113605
./random_graph_db/graph_db_node_12/11_p0.8/11_graph_n12_p0.8_idx7.gpickle,12,0.8,7,4,8,30,"[0, 1, 2, 3, 4, 5, 6, 7, 8, 9, 10, 11]",0.1082139
./random_graph_db/graph_db_node_12/11_p0.8/11_graph_n12_p0.8_idx8.gpickle,12,0.8,8,5,14,54,"[0, 1, 2, 3, 4, 5, 6, 7, 8, 9, 10, 11]",0.144834
./random_graph_db/graph_db_node_12/11_p0.8/11_graph_n12_p0.8_idx9.gpickle,12,0.8,9,4,14,48,"[0, 1, 2, 3, 4, 5, 6, 7, 8, 9, 10, 11]",0.117954
./random_graph_db/graph_db_node_12/12_p0.9/12_graph_n12_p0.9_idx1.gpickle,12,0.9,1,4,7,27,"[0, 1, 2, 3, 4, 5, 6, 7, 8, 9, 10, 11]",0.093286
./random_graph_db/graph_db_node_12/12_p0.9/12_graph_n12_p0.9_idx10.gpickle,12,0.9,10,5,7,38,"[0, 1, 2, 3, 4, 5, 6, 7, 8, 9, 10, 11]",0.1092761
./random_graph_db/graph_db_node_12/12_p0.9/12_graph_n12_p0.9_idx2.gpickle,12,0.9,2,4,5,27,"[0, 1, 2, 3, 4, 5, 6, 7, 8, 9, 10, 11]",0.088366
./random_graph_db/graph_db_node_12/12_p0.9/12_graph_n12_p0.9_idx3.gpickle,12,0.9,3,5,15,40,"[0, 1, 2, 3, 4, 5, 6, 7, 8, 9, 10, 11]",0.157378
./random_graph_db/graph_db_node_12/12_p0.9/12_graph_n12_p0.9_idx4.gpickle,12,0.9,4,5,11,40,"[0, 1, 2, 3, 4, 5, 6, 7, 8, 9, 10, 11]",0.1199322
./random_graph_db/graph_db_node_12/12_p0.9/12_graph_n12_p0.9_idx5.gpickle,12,0.9,5,5,7,32,"[0, 1, 2, 3, 4, 5, 6, 7, 8, 9, 10, 11]",0.1071899
./random_graph_db/graph_db_node_12/12_p0.9/12_graph_n12_p0.9_idx6.gpickle,12,0.9,6,3,3,20,"[0, 1, 2, 3, 4, 5, 6, 7, 8, 9, 10, 11]",0.0670788
./random_graph_db/graph_db_node_12/12_p0.9/12_graph_n12_p0.9_idx7.gpickle,12,0.9,7,4,6,25,"[0, 1, 2, 3, 4, 5, 6, 7, 8, 9, 10, 11]",0.0954909
./random_graph_db/graph_db_node_12/12_p0.9/12_graph_n12_p0.9_idx8.gpickle,12,0.9,8,5,5,24,"[0, 1, 2, 3, 4, 5, 6, 7, 8, 9, 10, 11]",0.0856829
./random_graph_db/graph_db_node_12/12_p0.9/12_graph_n12_p0.9_idx9.gpickle,12,0.9,9,5,6,27,"[0, 1, 2, 3, 4, 5, 6, 7, 8, 9, 10, 11]",0.0997779
./random_graph_db/graph_db_node_13/01_p0.1/01_graph_n13_p0.1_idx1.gpickle,13,0.1,1,4,6,30,"[0, 1, 2, 3, 4, 5, 6, 7, 8, 9, 10, 11, 12]",0.0989041
./random_graph_db/graph_db_node_13/01_p0.1/01_graph_n13_p0.1_idx10.gpickle,13,0.1,10,4,6,30,"[0, 1, 2, 3, 4, 5, 6, 7, 8, 9, 10, 11, 12]",0.1077402
./random_graph_db/graph_db_node_13/01_p0.1/01_graph_n13_p0.1_idx2.gpickle,13,0.1,2,4,4,27,"[0, 1, 2, 3, 4, 5, 6, 7, 8, 9, 10, 11, 12]",0.098321
./random_graph_db/graph_db_node_13/01_p0.1/01_graph_n13_p0.1_idx3.gpickle,13,0.1,3,5,18,50,"[0, 1, 2, 3, 4, 5, 6, 7, 8, 9, 10, 11, 12]",0.192138
./random_graph_db/graph_db_node_13/01_p0.1/01_graph_n13_p0.1_idx4.gpickle,13,0.1,4,4,4,26,"[0, 1, 2, 3, 4, 5, 6, 7, 8, 9, 10, 11, 12]",0.4924066
./random_graph_db/graph_db_node_13/01_p0.1/01_graph_n13_p0.1_idx5.gpickle,13,0.1,5,6,15,52,"[0, 1, 2, 3, 4, 5, 6, 7, 8, 9, 10, 11, 12]",0.1885278
./random_graph_db/graph_db_node_13/01_p0.1/01_graph_n13_p0.1_idx6.gpickle,13,0.1,6,5,8,35,"[0, 1, 2, 3, 4, 5, 6, 7, 8, 9, 10, 11, 12]",0.110014
./random_graph_db/graph_db_node_13/01_p0.1/01_graph_n13_p0.1_idx7.gpickle,13,0.1,7,5,8,31,"[0, 1, 2, 3, 4, 5, 6, 7, 8, 9, 10, 11, 12]",0.119096
./random_graph_db/graph_db_node_13/01_p0.1/01_graph_n13_p0.1_idx8.gpickle,13,0.1,8,5,8,32,"[0, 1, 2, 3, 4, 5, 6, 7, 8, 9, 10, 11, 12]",0.111357
./random_graph_db/graph_db_node_13/01_p0.1/01_graph_n13_p0.1_idx9.gpickle,13,0.1,9,4,6,29,"[0, 1, 2, 3, 4, 5, 6, 7, 8, 9, 10, 11, 12]",0.1142049
./random_graph_db/graph_db_node_13/02_p0.2/02_graph_n13_p0.2_idx1.gpickle,13,0.2,1,5,11,47,"[0, 1, 2, 3, 4, 5, 6, 7, 8, 9, 10, 11, 12]",0.141448
./random_graph_db/graph_db_node_13/02_p0.2/02_graph_n13_p0.2_idx10.gpickle,13,0.2,10,5,5,25,"[0, 1, 2, 3, 4, 5, 6, 7, 8, 9, 10, 11, 12]",0.099925
./random_graph_db/graph_db_node_13/02_p0.2/02_graph_n13_p0.2_idx2.gpickle,13,0.2,2,6,18,62,"[0, 1, 2, 3, 4, 5, 6, 7, 8, 9, 10, 11, 12]",0.1746581
./random_graph_db/graph_db_node_13/02_p0.2/02_graph_n13_p0.2_idx3.gpickle,13,0.2,3,4,5,27,"[0, 1, 2, 3, 4, 5, 6, 7, 8, 9, 10, 11, 12]",0.089571
./random_graph_db/graph_db_node_13/02_p0.2/02_graph_n13_p0.2_idx4.gpickle,13,0.2,4,6,9,34,"[0, 1, 2, 3, 4, 5, 6, 7, 8, 9, 10, 11, 12]",0.1360309
./random_graph_db/graph_db_node_13/02_p0.2/02_graph_n13_p0.2_idx5.gpickle,13,0.2,5,5,8,34,"[0, 1, 2, 3, 4, 5, 6, 7, 8, 9, 10, 11, 12]",0.1055849
./random_graph_db/graph_db_node_13/02_p0.2/02_graph_n13_p0.2_idx6.gpickle,13,0.2,6,5,11,35,"[0, 1, 2, 3, 4, 5, 6, 7, 8, 9, 10, 11, 12]",0.161881
./random_graph_db/graph_db_node_13/02_p0.2/02_graph_n13_p0.2_idx7.gpickle,13,0.2,7,5,7,35,"[0, 1, 2, 3, 4, 5, 6, 7, 8, 9, 10, 11, 12]",0.1252418
./random_graph_db/graph_db_node_13/02_p0.2/02_graph_n13_p0.2_idx8.gpickle,13,0.2,8,4,10,29,"[0, 1, 2, 3, 4, 5, 6, 7, 8, 9, 10, 11, 12]",0.2229118
./random_graph_db/graph_db_node_13/02_p0.2/02_graph_n13_p0.2_idx9.gpickle,13,0.2,9,5,13,50,"[0, 1, 2, 3, 4, 5, 6, 7, 8, 9, 10, 11, 12]",0.2666919
./random_graph_db/graph_db_node_13/03_p0.3/03_graph_n13_p0.3_idx1.gpickle,13,0.3,1,5,21,64,"[0, 1, 2, 3, 4, 5, 6, 7, 8, 9, 10, 11, 12]",0.2746241
./random_graph_db/graph_db_node_13/03_p0.3/03_graph_n13_p0.3_idx10.gpickle,13,0.3,10,6,13,42,"[0, 1, 2, 3, 4, 5, 6, 7, 8, 9, 10, 11, 12]",0.1980569
./random_graph_db/graph_db_node_13/03_p0.3/03_graph_n13_p0.3_idx2.gpickle,13,0.3,2,6,11,38,"[0, 1, 2, 3, 4, 5, 6, 7, 8, 9, 10, 11, 12]",0.166518
./random_graph_db/graph_db_node_13/03_p0.3/03_graph_n13_p0.3_idx3.gpickle,13,0.3,3,6,12,39,"[0, 1, 2, 3, 4, 5, 6, 7, 8, 9, 10, 11, 12]",0.1891613
./random_graph_db/graph_db_node_13/03_p0.3/03_graph_n13_p0.3_idx4.gpickle,13,0.3,4,5,15,56,"[0, 1, 2, 3, 4, 5, 6, 7, 8, 9, 10, 11, 12]",0.228442
./random_graph_db/graph_db_node_13/03_p0.3/03_graph_n13_p0.3_idx5.gpickle,13,0.3,5,5,13,46,"[0, 1, 2, 3, 4, 5, 6, 7, 8, 9, 10, 11, 12]",0.1839738
./random_graph_db/graph_db_node_13/03_p0.3/03_graph_n13_p0.3_idx6.gpickle,13,0.3,6,4,8,35,"[0, 1, 2, 3, 4, 5, 6, 7, 8, 9, 10, 11, 12]",0.1621001
./random_graph_db/graph_db_node_13/03_p0.3/03_graph_n13_p0.3_idx7.gpickle,13,0.3,7,5,15,56,"[0, 1, 2, 3, 4, 5, 6, 7, 8, 9, 10, 11, 12]",0.281338
./random_graph_db/graph_db_node_13/03_p0.3/03_graph_n13_p0.3_idx8.gpickle,13,0.3,8,5,19,66,"[0, 1, 2, 3, 4, 5, 6, 7, 8, 9, 10, 11, 12]",0.2253809
./random_graph_db/graph_db_node_13/03_p0.3/03_graph_n13_p0.3_idx9.gpickle,13,0.3,9,5,13,46,"[0, 1, 2, 3, 4, 5, 6, 7, 8, 9, 10, 11, 12]",0.1707168
./random_graph_db/graph_db_node_13/04_p0.4/04_graph_n13_p0.4_idx1.gpickle,13,0.4,1,5,20,58,"[0, 1, 2, 3, 4, 5, 6, 7, 8, 9, 10, 11, 12]",0.2009082
./random_graph_db/graph_db_node_13/04_p0.4/04_graph_n13_p0.4_idx10.gpickle,13,0.4,10,5,22,77,"[0, 1, 2, 3, 4, 5, 6, 7, 8, 9, 10, 11, 12]",0.212384
./random_graph_db/graph_db_node_13/04_p0.4/04_graph_n13_p0.4_idx2.gpickle,13,0.4,2,6,19,60,"[0, 1, 2, 3, 4, 5, 6, 7, 8, 9, 10, 11, 12]",0.177397
./random_graph_db/graph_db_node_13/04_p0.4/04_graph_n13_p0.4_idx3.gpickle,13,0.4,3,6,27,75,"[0, 1, 2, 3, 4, 5, 6, 7, 8, 9, 10, 11, 12]",0.2172773
./random_graph_db/graph_db_node_13/04_p0.4/04_graph_n13_p0.4_idx4.gpickle,13,0.4,4,6,27,74,"[0, 1, 2, 3, 4, 5, 6, 7, 8, 9, 10, 11, 12]",0.31179
./random_graph_db/graph_db_node_13/04_p0.4/04_graph_n13_p0.4_idx5.gpickle,13,0.4,5,5,23,60,"[0, 1, 2, 3, 4, 5, 6, 7, 8, 9, 10, 11, 12]",0.5288908
./random_graph_db/graph_db_node_13/04_p0.4/04_graph_n13_p0.4_idx6.gpickle,13,0.4,6,6,23,60,"[0, 1, 2, 3, 4, 5, 6, 7, 8, 9, 10, 11, 12]",0.3042257
./random_graph_db/graph_db_node_13/04_p0.4/04_graph_n13_p0.4_idx7.gpickle,13,0.4,7,6,27,77,"[0, 1, 2, 3, 4, 5, 6, 7, 8, 9, 10, 11, 12]",0.2175763
./random_graph_db/graph_db_node_13/04_p0.4/04_graph_n13_p0.4_idx8.gpickle,13,0.4,8,5,22,75,"[0, 1, 2, 3, 4, 5, 6, 7, 8, 9, 10, 11, 12]",0.2247958
./random_graph_db/graph_db_node_13/04_p0.4/04_graph_n13_p0.4_idx9.gpickle,13,0.4,9,5,15,46,"[0, 1, 2, 3, 4, 5, 6, 7, 8, 9, 10, 11, 12]",0.1758909
./random_graph_db/graph_db_node_13/05_p0.45/05_graph_n13_p0.45_idx1.gpickle,13,0.45,1,5,22,69,"[0, 1, 2, 3, 4, 5, 6, 7, 8, 9, 10, 11, 12]",0.259377
./random_graph_db/graph_db_node_13/05_p0.45/05_graph_n13_p0.45_idx10.gpickle,13,0.45,10,6,27,81,"[0, 1, 2, 3, 4, 5, 6, 7, 8, 9, 10, 11, 12]",0.352073
./random_graph_db/graph_db_node_13/05_p0.45/05_graph_n13_p0.45_idx2.gpickle,13,0.45,2,5,17,52,"[0, 1, 2, 3, 4, 5, 6, 7, 8, 9, 10, 11, 12]",0.529505
./random_graph_db/graph_db_node_13/05_p0.45/05_graph_n13_p0.45_idx3.gpickle,13,0.45,3,6,30,90,"[0, 1, 2, 3, 4, 5, 6, 7, 8, 9, 10, 11, 12]",0.307075
./random_graph_db/graph_db_node_13/05_p0.45/05_graph_n13_p0.45_idx4.gpickle,13,0.45,4,6,23,60,"[0, 1, 2, 3, 4, 5, 6, 7, 8, 9, 10, 11, 12]",0.2344227
./random_graph_db/graph_db_node_13/05_p0.45/05_graph_n13_p0.45_idx5.gpickle,13,0.45,5,6,27,80,"[0, 1, 2, 3, 4, 5, 6, 7, 8, 9, 10, 11, 12]",0.237684
./random_graph_db/graph_db_node_13/05_p0.45/05_graph_n13_p0.45_idx6.gpickle,13,0.45,6,6,31,98,"[0, 1, 2, 3, 4, 5, 6, 7, 8, 9, 10, 11, 12]",0.235496
./random_graph_db/graph_db_node_13/05_p0.45/05_graph_n13_p0.45_idx7.gpickle,13,0.45,7,6,28,77,"[0, 1, 2, 3, 4, 5, 6, 7, 8, 9, 10, 11, 12]",0.2923832
./random_graph_db/graph_db_node_13/05_p0.45/05_graph_n13_p0.45_idx8.gpickle,13,0.45,8,5,19,67,"[0, 1, 2, 3, 4, 5, 6, 7, 8, 9, 10, 11, 12]",0.2344151
./random_graph_db/graph_db_node_13/05_p0.45/05_graph_n13_p0.45_idx9.gpickle,13,0.45,9,6,28,69,"[0, 1, 2, 3, 4, 5, 6, 7, 8, 9, 10, 11, 12]",0.3079338
./random_graph_db/graph_db_node_13/06_p0.5/06_graph_n13_p0.5_idx1.gpickle,13,0.5,1,6,28,89,"[0, 1, 2, 3, 4, 5, 6, 7, 8, 9, 10, 11, 12]",0.249866
./random_graph_db/graph_db_node_13/06_p0.5/06_graph_n13_p0.5_idx10.gpickle,13,0.5,10,5,21,70,"[0, 1, 2, 3, 4, 5, 6, 7, 8, 9, 10, 11, 12]",0.183404
./random_graph_db/graph_db_node_13/06_p0.5/06_graph_n13_p0.5_idx2.gpickle,13,0.5,2,6,23,72,"[0, 1, 2, 3, 4, 5, 6, 7, 8, 9, 10, 11, 12]",0.218503
./random_graph_db/graph_db_node_13/06_p0.5/06_graph_n13_p0.5_idx3.gpickle,13,0.5,3,6,25,73,"[0, 1, 2, 3, 4, 5, 6, 7, 8, 9, 10, 11, 12]",0.2195899
./random_graph_db/graph_db_node_13/06_p0.5/06_graph_n13_p0.5_idx4.gpickle,13,0.5,4,6,25,85,"[0, 1, 2, 3, 4, 5, 6, 7, 8, 9, 10, 11, 12]",0.2221582
./random_graph_db/graph_db_node_13/06_p0.5/06_graph_n13_p0.5_idx5.gpickle,13,0.5,5,6,28,90,"[0, 1, 2, 3, 4, 5, 6, 7, 8, 9, 10, 11, 12]",0.232012
./random_graph_db/graph_db_node_13/06_p0.5/06_graph_n13_p0.5_idx6.gpickle,13,0.5,6,6,24,72,"[0, 1, 2, 3, 4, 5, 6, 7, 8, 9, 10, 11, 12]",0.2224672
./random_graph_db/graph_db_node_13/06_p0.5/06_graph_n13_p0.5_idx7.gpickle,13,0.5,7,5,26,78,"[0, 1, 2, 3, 4, 5, 6, 7, 8, 9, 10, 11, 12]",0.2037442
./random_graph_db/graph_db_node_13/06_p0.5/06_graph_n13_p0.5_idx8.gpickle,13,0.5,8,6,27,70,"[0, 1, 2, 3, 4, 5, 6, 7, 8, 9, 10, 11, 12]",0.2497783
./random_graph_db/graph_db_node_13/06_p0.5/06_graph_n13_p0.5_idx9.gpickle,13,0.5,9,6,32,89,"[0, 1, 2, 3, 4, 5, 6, 7, 8, 9, 10, 11, 12]",0.2493241
./random_graph_db/graph_db_node_13/07_p0.55/07_graph_n13_p0.55_idx1.gpickle,13,0.55,1,6,29,83,"[0, 1, 2, 3, 4, 5, 6, 7, 8, 9, 10, 11, 12]",0.2397799
./random_graph_db/graph_db_node_13/07_p0.55/07_graph_n13_p0.55_idx10.gpickle,13,0.55,10,6,27,81,"[0, 1, 2, 3, 4, 5, 6, 7, 8, 9, 10, 11, 12]",0.233351
./random_graph_db/graph_db_node_13/07_p0.55/07_graph_n13_p0.55_idx2.gpickle,13,0.55,2,6,19,61,"[0, 1, 2, 3, 4, 5, 6, 7, 8, 9, 10, 11, 12]",0.1957378
./random_graph_db/graph_db_node_13/07_p0.55/07_graph_n13_p0.55_idx3.gpickle,13,0.55,3,6,28,81,"[0, 1, 2, 3, 4, 5, 6, 7, 8, 9, 10, 11, 12]",0.2897351
./random_graph_db/graph_db_node_13/07_p0.55/07_graph_n13_p0.55_idx4.gpickle,13,0.55,4,6,28,98,"[0, 1, 2, 3, 4, 5, 6, 7, 8, 9, 10, 11, 12]",0.2495563
./random_graph_db/graph_db_node_13/07_p0.55/07_graph_n13_p0.55_idx5.gpickle,13,0.55,5,6,21,78,"[0, 1, 2, 3, 4, 5, 6, 7, 8, 9, 10, 11, 12]",0.204917
./random_graph_db/graph_db_node_13/07_p0.55/07_graph_n13_p0.55_idx6.gpickle,13,0.55,6,6,27,69,"[0, 1, 2, 3, 4, 5, 6, 7, 8, 9, 10, 11, 12]",0.227304
./random_graph_db/graph_db_node_13/07_p0.55/07_graph_n13_p0.55_idx7.gpickle,13,0.55,7,6,28,83,"[0, 1, 2, 3, 4, 5, 6, 7, 8, 9, 10, 11, 12]",0.263061
./random_graph_db/graph_db_node_13/07_p0.55/07_graph_n13_p0.55_idx8.gpickle,13,0.55,8,5,23,70,"[0, 1, 2, 3, 4, 5, 6, 7, 8, 9, 10, 11, 12]",0.222472
./random_graph_db/graph_db_node_13/07_p0.55/07_graph_n13_p0.55_idx9.gpickle,13,0.55,9,6,35,92,"[0, 1, 2, 3, 4, 5, 6, 7, 8, 9, 10, 11, 12]",0.2623918
./random_graph_db/graph_db_node_13/08_p0.6/08_graph_n13_p0.6_idx1.gpickle,13,0.6,1,6,32,86,"[0, 1, 2, 3, 4, 5, 6, 7, 8, 9, 10, 11, 12]",0.2578986
./random_graph_db/graph_db_node_13/08_p0.6/08_graph_n13_p0.6_idx10.gpickle,13,0.6,10,6,24,82,"[0, 1, 2, 3, 4, 5, 6, 7, 8, 9, 10, 11, 12]",0.2235019
./random_graph_db/graph_db_node_13/08_p0.6/08_graph_n13_p0.6_idx2.gpickle,13,0.6,2,6,19,50,"[0, 1, 2, 3, 4, 5, 6, 7, 8, 9, 10, 11, 12]",0.1646438
./random_graph_db/graph_db_node_13/08_p0.6/08_graph_n13_p0.6_idx3.gpickle,13,0.6,3,6,30,86,"[0, 1, 2, 3, 4, 5, 6, 7, 8, 9, 10, 11, 12]",0.2321079
./random_graph_db/graph_db_node_13/08_p0.6/08_graph_n13_p0.6_idx4.gpickle,13,0.6,4,6,27,79,"[0, 1, 2, 3, 4, 5, 6, 7, 8, 9, 10, 11, 12]",0.2338281
./random_graph_db/graph_db_node_13/08_p0.6/08_graph_n13_p0.6_idx5.gpickle,13,0.6,5,6,29,79,"[0, 1, 2, 3, 4, 5, 6, 7, 8, 9, 10, 11, 12]",0.235424
./random_graph_db/graph_db_node_13/08_p0.6/08_graph_n13_p0.6_idx6.gpickle,13,0.6,6,6,27,78,"[0, 1, 2, 3, 4, 5, 6, 7, 8, 9, 10, 11, 12]",0.2433891
./random_graph_db/graph_db_node_13/08_p0.6/08_graph_n13_p0.6_idx7.gpickle,13,0.6,7,5,26,84,"[0, 1, 2, 3, 4, 5, 6, 7, 8, 9, 10, 11, 12]",0.2164402
./random_graph_db/graph_db_node_13/08_p0.6/08_graph_n13_p0.6_idx8.gpickle,13,0.6,8,6,30,93,"[0, 1, 2, 3, 4, 5, 6, 7, 8, 9, 10, 11, 12]",0.2406318
./random_graph_db/graph_db_node_13/08_p0.6/08_graph_n13_p0.6_idx9.gpickle,13,0.6,9,6,21,66,"[0, 1, 2, 3, 4, 5, 6, 7, 8, 9, 10, 11, 12]",0.2102449
./random_graph_db/graph_db_node_13/09_p0.65/09_graph_n13_p0.65_idx1.gpickle,13,0.65,1,6,31,88,"[0, 1, 2, 3, 4, 5, 6, 7, 8, 9, 10, 11, 12]",0.2674892
./random_graph_db/graph_db_node_13/09_p0.65/09_graph_n13_p0.65_idx10.gpickle,13,0.65,10,6,21,64,"[0, 1, 2, 3, 4, 5, 6, 7, 8, 9, 10, 11, 12]",0.2133713
./random_graph_db/graph_db_node_13/09_p0.65/09_graph_n13_p0.65_idx2.gpickle,13,0.65,2,6,21,70,"[0, 1, 2, 3, 4, 5, 6, 7, 8, 9, 10, 11, 12]",0.1998241
./random_graph_db/graph_db_node_13/09_p0.65/09_graph_n13_p0.65_idx3.gpickle,13,0.65,3,5,25,78,"[0, 1, 2, 3, 4, 5, 6, 7, 8, 9, 10, 11, 12]",0.2287769
./random_graph_db/graph_db_node_13/09_p0.65/09_graph_n13_p0.65_idx4.gpickle,13,0.65,4,6,29,85,"[0, 1, 2, 3, 4, 5, 6, 7, 8, 9, 10, 11, 12]",0.266485
./random_graph_db/graph_db_node_13/09_p0.65/09_graph_n13_p0.65_idx5.gpickle,13,0.65,5,6,23,72,"[0, 1, 2, 3, 4, 5, 6, 7, 8, 9, 10, 11, 12]",0.2153461
./random_graph_db/graph_db_node_13/09_p0.65/09_graph_n13_p0.65_idx6.gpickle,13,0.65,6,5,22,81,"[0, 1, 2, 3, 4, 5, 6, 7, 8, 9, 10, 11, 12]",0.2273319
./random_graph_db/graph_db_node_13/09_p0.65/09_graph_n13_p0.65_idx7.gpickle,13,0.65,7,6,29,85,"[0, 1, 2, 3, 4, 5, 6, 7, 8, 9, 10, 11, 12]",0.2372642
./random_graph_db/graph_db_node_13/09_p0.65/09_graph_n13_p0.65_idx8.gpickle,13,0.65,8,6,27,85,"[0, 1, 2, 3, 4, 5, 6, 7, 8, 9, 10, 11, 12]",0.2465641
./random_graph_db/graph_db_node_13/09_p0.65/09_graph_n13_p0.65_idx9.gpickle,13,0.65,9,6,16,58,"[0, 1, 2, 3, 4, 5, 6, 7, 8, 9, 10, 11, 12]",0.1802669
./random_graph_db/graph_db_node_13/10_p0.7/10_graph_n13_p0.7_idx1.gpickle,13,0.7,1,5,23,73,"[0, 1, 2, 3, 4, 5, 6, 7, 8, 9, 10, 11, 12]",0.2122378
./random_graph_db/graph_db_node_13/10_p0.7/10_graph_n13_p0.7_idx10.gpickle,13,0.7,10,5,22,79,"[0, 1, 2, 3, 4, 5, 6, 7, 8, 9, 10, 11, 12]",0.2450969
./random_graph_db/graph_db_node_13/10_p0.7/10_graph_n13_p0.7_idx2.gpickle,13,0.7,2,6,23,73,"[0, 1, 2, 3, 4, 5, 6, 7, 8, 9, 10, 11, 12]",0.2236629
./random_graph_db/graph_db_node_13/10_p0.7/10_graph_n13_p0.7_idx3.gpickle,13,0.7,3,6,12,39,"[0, 1, 2, 3, 4, 5, 6, 7, 8, 9, 10, 11, 12]",0.1747308
./random_graph_db/graph_db_node_13/10_p0.7/10_graph_n13_p0.7_idx4.gpickle,13,0.7,4,6,31,89,"[0, 1, 2, 3, 4, 5, 6, 7, 8, 9, 10, 11, 12]",0.2355011
./random_graph_db/graph_db_node_13/10_p0.7/10_graph_n13_p0.7_idx5.gpickle,13,0.7,5,6,21,70,"[0, 1, 2, 3, 4, 5, 6, 7, 8, 9, 10, 11, 12]",0.1835549
./random_graph_db/graph_db_node_13/10_p0.7/10_graph_n13_p0.7_idx6.gpickle,13,0.7,6,6,25,70,"[0, 1, 2, 3, 4, 5, 6, 7, 8, 9, 10, 11, 12]",0.217356
./random_graph_db/graph_db_node_13/10_p0.7/10_graph_n13_p0.7_idx7.gpickle,13,0.7,7,5,21,66,"[0, 1, 2, 3, 4, 5, 6, 7, 8, 9, 10, 11, 12]",0.2198629
./random_graph_db/graph_db_node_13/10_p0.7/10_graph_n13_p0.7_idx8.gpickle,13,0.7,8,5,24,67,"[0, 1, 2, 3, 4, 5, 6, 7, 8, 9, 10, 11, 12]",0.23139
./random_graph_db/graph_db_node_13/10_p0.7/10_graph_n13_p0.7_idx9.gpickle,13,0.7,9,6,21,68,"[0, 1, 2, 3, 4, 5, 6, 7, 8, 9, 10, 11, 12]",0.2158852
./random_graph_db/graph_db_node_13/11_p0.8/11_graph_n13_p0.8_idx1.gpickle,13,0.8,1,5,9,31,"[0, 1, 2, 3, 4, 5, 6, 7, 8, 9, 10, 11, 12]",0.126791
./random_graph_db/graph_db_node_13/11_p0.8/11_graph_n13_p0.8_idx10.gpickle,13,0.8,10,5,15,53,"[0, 1, 2, 3, 4, 5, 6, 7, 8, 9, 10, 11, 12]",0.164469
./random_graph_db/graph_db_node_13/11_p0.8/11_graph_n13_p0.8_idx2.gpickle,13,0.8,2,5,12,38,"[0, 1, 2, 3, 4, 5, 6, 7, 8, 9, 10, 11, 12]",0.140234
./random_graph_db/graph_db_node_13/11_p0.8/11_graph_n13_p0.8_idx3.gpickle,13,0.8,3,5,17,55,"[0, 1, 2, 3, 4, 5, 6, 7, 8, 9, 10, 11, 12]",0.1852009
./random_graph_db/graph_db_node_13/11_p0.8/11_graph_n13_p0.8_idx4.gpickle,13,0.8,4,6,25,69,"[0, 1, 2, 3, 4, 5, 6, 7, 8, 9, 10, 11, 12]",0.2158349
./random_graph_db/graph_db_node_13/11_p0.8/11_graph_n13_p0.8_idx5.gpickle,13,0.8,5,5,12,44,"[0, 1, 2, 3, 4, 5, 6, 7, 8, 9, 10, 11, 12]",0.132107
./random_graph_db/graph_db_node_13/11_p0.8/11_graph_n13_p0.8_idx6.gpickle,13,0.8,6,5,23,56,"[0, 1, 2, 3, 4, 5, 6, 7, 8, 9, 10, 11, 12]",0.1962891
./random_graph_db/graph_db_node_13/11_p0.8/11_graph_n13_p0.8_idx7.gpickle,13,0.8,7,5,10,42,"[0, 1, 2, 3, 4, 5, 6, 7, 8, 9, 10, 11, 12]",0.114538
./random_graph_db/graph_db_node_13/11_p0.8/11_graph_n13_p0.8_idx8.gpickle,13,0.8,8,5,15,48,"[0, 1, 2, 3, 4, 5, 6, 7, 8, 9, 10, 11, 12]",0.1737039
./random_graph_db/graph_db_node_13/11_p0.8/11_graph_n13_p0.8_idx9.gpickle,13,0.8,9,5,16,54,"[0, 1, 2, 3, 4, 5, 6, 7, 8, 9, 10, 11, 12]",0.158144
./random_graph_db/graph_db_node_13/12_p0.9/12_graph_n13_p0.9_idx1.gpickle,13,0.9,1,6,8,35,"[0, 1, 2, 3, 4, 5, 6, 7, 8, 9, 10, 11, 12]",0.0796061
./random_graph_db/graph_db_node_13/12_p0.9/12_graph_n13_p0.9_idx10.gpickle,13,0.9,10,5,13,40,"[0, 1, 2, 3, 4, 5, 6, 7, 8, 9, 10, 11, 12]",0.166893
./random_graph_db/graph_db_node_13/12_p0.9/12_graph_n13_p0.9_idx2.gpickle,13,0.9,2,4,4,25,"[0, 1, 2, 3, 4, 5, 6, 7, 8, 9, 10, 11, 12]",0.0822573
./random_graph_db/graph_db_node_13/12_p0.9/12_graph_n13_p0.9_idx3.gpickle,13,0.9,3,6,18,72,"[0, 1, 2, 3, 4, 5, 6, 7, 8, 9, 10, 11, 12]",0.1973913
./random_graph_db/graph_db_node_13/12_p0.9/12_graph_n13_p0.9_idx4.gpickle,13,0.9,4,5,15,48,"[0, 1, 2, 3, 4, 5, 6, 7, 8, 9, 10, 11, 12]",0.184479
./random_graph_db/graph_db_node_13/12_p0.9/12_graph_n13_p0.9_idx5.gpickle,13,0.9,5,5,6,28,"[0, 1, 2, 3, 4, 5, 6, 7, 8, 9, 10, 11, 12]",0.1086087
./random_graph_db/graph_db_node_13/12_p0.9/12_graph_n13_p0.9_idx6.gpickle,13,0.9,6,3,5,30,"[0, 1, 2, 3, 4, 5, 6, 7, 8, 9, 10, 11, 12]",0.071677
./random_graph_db/graph_db_node_13/12_p0.9/12_graph_n13_p0.9_idx7.gpickle,13,0.9,7,3,9,44,"[0, 1, 2, 3, 4, 5, 6, 7, 8, 9, 10, 11, 12]",0.1057088
./random_graph_db/graph_db_node_13/12_p0.9/12_graph_n13_p0.9_idx8.gpickle,13,0.9,8,5,9,31,"[0, 1, 2, 3, 4, 5, 6, 7, 8, 9, 10, 11, 12]",0.129777
./random_graph_db/graph_db_node_13/12_p0.9/12_graph_n13_p0.9_idx9.gpickle,13,0.9,9,5,7,29,"[0, 1, 2, 3, 4, 5, 6, 7, 8, 9, 10, 11, 12]",0.1207051
./random_graph_db/graph_db_node_14/01_p0.1/01_graph_n14_p0.1_idx1.gpickle,14,0.1,1,5,7,26,"[0, 1, 2, 3, 4, 5, 6, 7, 8, 9, 10, 11, 12, 13]",0.138238
./random_graph_db/graph_db_node_14/01_p0.1/01_graph_n14_p0.1_idx10.gpickle,14,0.1,10,4,7,30,"[0, 1, 2, 3, 4, 5, 6, 7, 8, 9, 10, 11, 12, 13]",0.1118009
./random_graph_db/graph_db_node_14/01_p0.1/01_graph_n14_p0.1_idx2.gpickle,14,0.1,2,6,6,28,"[0, 1, 2, 3, 4, 5, 6, 7, 8, 9, 10, 11, 12, 13]",0.1119711
./random_graph_db/graph_db_node_14/01_p0.1/01_graph_n14_p0.1_idx3.gpickle,14,0.1,3,3,4,25,"[0, 1, 2, 3, 4, 5, 6, 7, 8, 9, 10, 11, 12, 13]",0.0960472
./random_graph_db/graph_db_node_14/01_p0.1/01_graph_n14_p0.1_idx4.gpickle,14,0.1,4,5,7,35,"[0, 1, 2, 3, 4, 5, 6, 7, 8, 9, 10, 11, 12, 13]",0.1764929
./random_graph_db/graph_db_node_14/01_p0.1/01_graph_n14_p0.1_idx5.gpickle,14,0.1,5,5,5,28,"[0, 1, 2, 3, 4, 5, 6, 7, 8, 9, 10, 11, 12, 13]",0.1492727
./random_graph_db/graph_db_node_14/01_p0.1/01_graph_n14_p0.1_idx6.gpickle,14,0.1,6,6,6,30,"[0, 1, 2, 3, 4, 5, 6, 7, 8, 9, 10, 11, 12, 13]",0.164171
./random_graph_db/graph_db_node_14/01_p0.1/01_graph_n14_p0.1_idx7.gpickle,14,0.1,7,7,9,40,"[0, 1, 2, 3, 4, 5, 6, 7, 8, 9, 10, 11, 12, 13]",0.1242259
./random_graph_db/graph_db_node_14/01_p0.1/01_graph_n14_p0.1_idx8.gpickle,14,0.1,8,6,12,38,"[0, 1, 2, 3, 4, 5, 6, 7, 8, 9, 10, 11, 12, 13]",0.141819
./random_graph_db/graph_db_node_14/01_p0.1/01_graph_n14_p0.1_idx9.gpickle,14,0.1,9,5,12,46,"[0, 1, 2, 3, 4, 5, 6, 7, 8, 9, 10, 11, 12, 13]",0.1672823
./random_graph_db/graph_db_node_14/02_p0.2/02_graph_n14_p0.2_idx1.gpickle,14,0.2,1,6,16,51,"[0, 1, 2, 3, 4, 5, 6, 7, 8, 9, 10, 11, 12, 13]",0.1938779
./random_graph_db/graph_db_node_14/02_p0.2/02_graph_n14_p0.2_idx10.gpickle,14,0.2,10,5,18,60,"[0, 1, 2, 3, 4, 5, 6, 7, 8, 9, 10, 11, 12, 13]",0.194993
./random_graph_db/graph_db_node_14/02_p0.2/02_graph_n14_p0.2_idx2.gpickle,14,0.2,2,6,12,49,"[0, 1, 2, 3, 4, 5, 6, 7, 8, 9, 10, 11, 12, 13]",0.1738739
./random_graph_db/graph_db_node_14/02_p0.2/02_graph_n14_p0.2_idx3.gpickle,14,0.2,3,6,9,35,"[0, 1, 2, 3, 4, 5, 6, 7, 8, 9, 10, 11, 12, 13]",0.1594617
./random_graph_db/graph_db_node_14/02_p0.2/02_graph_n14_p0.2_idx4.gpickle,14,0.2,4,6,14,48,"[0, 1, 2, 3, 4, 5, 6, 7, 8, 9, 10, 11, 12, 13]",0.176333
./random_graph_db/graph_db_node_14/02_p0.2/02_graph_n14_p0.2_idx5.gpickle,14,0.2,5,6,11,41,"[0, 1, 2, 3, 4, 5, 6, 7, 8, 9, 10, 11, 12, 13]",0.1530581
./random_graph_db/graph_db_node_14/02_p0.2/02_graph_n14_p0.2_idx6.gpickle,14,0.2,6,6,17,62,"[0, 1, 2, 3, 4, 5, 6, 7, 8, 9, 10, 11, 12, 13]",0.1758192
./random_graph_db/graph_db_node_14/02_p0.2/02_graph_n14_p0.2_idx7.gpickle,14,0.2,7,5,8,31,"[0, 1, 2, 3, 4, 5, 6, 7, 8, 9, 10, 11, 12, 13]",0.1203539
./random_graph_db/graph_db_node_14/02_p0.2/02_graph_n14_p0.2_idx8.gpickle,14,0.2,8,4,11,48,"[0, 1, 2, 3, 4, 5, 6, 7, 8, 9, 10, 11, 12, 13]",0.1503971
./random_graph_db/graph_db_node_14/02_p0.2/02_graph_n14_p0.2_idx9.gpickle,14,0.2,9,6,22,61,"[0, 1, 2, 3, 4, 5, 6, 7, 8, 9, 10, 11, 12, 13]",0.2292202
./random_graph_db/graph_db_node_14/03_p0.3/03_graph_n14_p0.3_idx1.gpickle,14,0.3,1,5,16,58,"[0, 1, 2, 3, 4, 5, 6, 7, 8, 9, 10, 11, 12, 13]",0.1841018
./random_graph_db/graph_db_node_14/03_p0.3/03_graph_n14_p0.3_idx10.gpickle,14,0.3,10,6,27,82,"[0, 1, 2, 3, 4, 5, 6, 7, 8, 9, 10, 11, 12, 13]",0.2677031
./random_graph_db/graph_db_node_14/03_p0.3/03_graph_n14_p0.3_idx2.gpickle,14,0.3,2,6,16,57,"[0, 1, 2, 3, 4, 5, 6, 7, 8, 9, 10, 11, 12, 13]",0.2039821
./random_graph_db/graph_db_node_14/03_p0.3/03_graph_n14_p0.3_idx3.gpickle,14,0.3,3,6,26,81,"[0, 1, 2, 3, 4, 5, 6, 7, 8, 9, 10, 11, 12, 13]",0.2418602
./random_graph_db/graph_db_node_14/03_p0.3/03_graph_n14_p0.3_idx4.gpickle,14,0.3,4,6,22,60,"[0, 1, 2, 3, 4, 5, 6, 7, 8, 9, 10, 11, 12, 13]",0.2573221
./random_graph_db/graph_db_node_14/03_p0.3/03_graph_n14_p0.3_idx5.gpickle,14,0.3,5,6,24,65,"[0, 1, 2, 3, 4, 5, 6, 7, 8, 9, 10, 11, 12, 13]",0.2664721
./random_graph_db/graph_db_node_14/03_p0.3/03_graph_n14_p0.3_idx6.gpickle,14,0.3,6,6,17,51,"[0, 1, 2, 3, 4, 5, 6, 7, 8, 9, 10, 11, 12, 13]",0.1808782
./random_graph_db/graph_db_node_14/03_p0.3/03_graph_n14_p0.3_idx7.gpickle,14,0.3,7,6,20,52,"[0, 1, 2, 3, 4, 5, 6, 7, 8, 9, 10, 11, 12, 13]",0.218715
./random_graph_db/graph_db_node_14/03_p0.3/03_graph_n14_p0.3_idx8.gpickle,14,0.3,8,7,21,68,"[0, 1, 2, 3, 4, 5, 6, 7, 8, 9, 10, 11, 12, 13]",0.2444329
./random_graph_db/graph_db_node_14/03_p0.3/03_graph_n14_p0.3_idx9.gpickle,14,0.3,9,6,32,92,"[0, 1, 2, 3, 4, 5, 6, 7, 8, 9, 10, 11, 12, 13]",0.2941561
./random_graph_db/graph_db_node_14/04_p0.4/04_graph_n14_p0.4_idx1.gpickle,14,0.4,1,6,30,97,"[0, 1, 2, 3, 4, 5, 6, 7, 8, 9, 10, 11, 12, 13]",0.2890539
./random_graph_db/graph_db_node_14/04_p0.4/04_graph_n14_p0.4_idx10.gpickle,14,0.4,10,6,28,82,"[0, 1, 2, 3, 4, 5, 6, 7, 8, 9, 10, 11, 12, 13]",0.265578
./random_graph_db/graph_db_node_14/04_p0.4/04_graph_n14_p0.4_idx2.gpickle,14,0.4,2,7,25,69,"[0, 1, 2, 3, 4, 5, 6, 7, 8, 9, 10, 11, 12, 13]",0.257504
./random_graph_db/graph_db_node_14/04_p0.4/04_graph_n14_p0.4_idx3.gpickle,14,0.4,3,7,26,82,"[0, 1, 2, 3, 4, 5, 6, 7, 8, 9, 10, 11, 12, 13]",0.25231
./random_graph_db/graph_db_node_14/04_p0.4/04_graph_n14_p0.4_idx4.gpickle,14,0.4,4,6,30,93,"[0, 1, 2, 3, 4, 5, 6, 7, 8, 9, 10, 11, 12, 13]",0.272074
./random_graph_db/graph_db_node_14/04_p0.4/04_graph_n14_p0.4_idx5.gpickle,14,0.4,5,6,28,96,"[0, 1, 2, 3, 4, 5, 6, 7, 8, 9, 10, 11, 12, 13]",0.287847
./random_graph_db/graph_db_node_14/04_p0.4/04_graph_n14_p0.4_idx6.gpickle,14,0.4,6,6,20,63,"[0, 1, 2, 3, 4, 5, 6, 7, 8, 9, 10, 11, 12, 13]",0.2379436
./random_graph_db/graph_db_node_14/04_p0.4/04_graph_n14_p0.4_idx7.gpickle,14,0.4,7,6,25,71,"[0, 1, 2, 3, 4, 5, 6, 7, 8, 9, 10, 11, 12, 13]",0.210206
./random_graph_db/graph_db_node_14/04_p0.4/04_graph_n14_p0.4_idx8.gpickle,14,0.4,8,6,23,72,"[0, 1, 2, 3, 4, 5, 6, 7, 8, 9, 10, 11, 12, 13]",0.24088
./random_graph_db/graph_db_node_14/04_p0.4/04_graph_n14_p0.4_idx9.gpickle,14,0.4,9,6,28,83,"[0, 1, 2, 3, 4, 5, 6, 7, 8, 9, 10, 11, 12, 13]",0.299114
./random_graph_db/graph_db_node_14/05_p0.45/05_graph_n14_p0.45_idx1.gpickle,14,0.45,1,6,28,85,"[0, 1, 2, 3, 4, 5, 6, 7, 8, 9, 10, 11, 12, 13]",0.2601137
./random_graph_db/graph_db_node_14/05_p0.45/05_graph_n14_p0.45_idx10.gpickle,14,0.45,10,6,32,91,"[0, 1, 2, 3, 4, 5, 6, 7, 8, 9, 10, 11, 12, 13]",0.6743321
./random_graph_db/graph_db_node_14/05_p0.45/05_graph_n14_p0.45_idx2.gpickle,14,0.45,2,6,27,79,"[0, 1, 2, 3, 4, 5, 6, 7, 8, 9, 10, 11, 12, 13]",0.280436
./random_graph_db/graph_db_node_14/05_p0.45/05_graph_n14_p0.45_idx3.gpickle,14,0.45,3,5,20,47,"[0, 1, 2, 3, 4, 5, 6, 7, 8, 9, 10, 11, 12, 13]",0.232846
./random_graph_db/graph_db_node_14/05_p0.45/05_graph_n14_p0.45_idx4.gpickle,14,0.45,4,6,27,91,"[0, 1, 2, 3, 4, 5, 6, 7, 8, 9, 10, 11, 12, 13]",0.2957242
./random_graph_db/graph_db_node_14/05_p0.45/05_graph_n14_p0.45_idx5.gpickle,14,0.45,5,7,36,105,"[0, 1, 2, 3, 4, 5, 6, 7, 8, 9, 10, 11, 12, 13]",0.3155322
./random_graph_db/graph_db_node_14/05_p0.45/05_graph_n14_p0.45_idx6.gpickle,14,0.45,6,6,36,100,"[0, 1, 2, 3, 4, 5, 6, 7, 8, 9, 10, 11, 12, 13]",0.3102629
./random_graph_db/graph_db_node_14/05_p0.45/05_graph_n14_p0.45_idx7.gpickle,14,0.45,7,5,20,71,"[0, 1, 2, 3, 4, 5, 6, 7, 8, 9, 10, 11, 12, 13]",0.202076
./random_graph_db/graph_db_node_14/05_p0.45/05_graph_n14_p0.45_idx8.gpickle,14,0.45,8,6,29,79,"[0, 1, 2, 3, 4, 5, 6, 7, 8, 9, 10, 11, 12, 13]",0.2512362
./random_graph_db/graph_db_node_14/05_p0.45/05_graph_n14_p0.45_idx9.gpickle,14,0.45,9,6,33,96,"[0, 1, 2, 3, 4, 5, 6, 7, 8, 9, 10, 11, 12, 13]",0.2925577
./random_graph_db/graph_db_node_14/06_p0.5/06_graph_n14_p0.5_idx1.gpickle,14,0.5,1,7,31,95,"[0, 1, 2, 3, 4, 5, 6, 7, 8, 9, 10, 11, 12, 13]",0.2717249
./random_graph_db/graph_db_node_14/06_p0.5/06_graph_n14_p0.5_idx10.gpickle,14,0.5,10,7,39,114,"[0, 1, 2, 3, 4, 5, 6, 7, 8, 9, 10, 11, 12, 13]",0.3278253
./random_graph_db/graph_db_node_14/06_p0.5/06_graph_n14_p0.5_idx2.gpickle,14,0.5,2,6,25,75,"[0, 1, 2, 3, 4, 5, 6, 7, 8, 9, 10, 11, 12, 13]",0.2422719
./random_graph_db/graph_db_node_14/06_p0.5/06_graph_n14_p0.5_idx3.gpickle,14,0.5,3,6,30,101,"[0, 1, 2, 3, 4, 5, 6, 7, 8, 9, 10, 11, 12, 13]",0.2722549
./random_graph_db/graph_db_node_14/06_p0.5/06_graph_n14_p0.5_idx4.gpickle,14,0.5,4,6,29,80,"[0, 1, 2, 3, 4, 5, 6, 7, 8, 9, 10, 11, 12, 13]",0.2730386
./random_graph_db/graph_db_node_14/06_p0.5/06_graph_n14_p0.5_idx5.gpickle,14,0.5,5,7,32,101,"[0, 1, 2, 3, 4, 5, 6, 7, 8, 9, 10, 11, 12, 13]",0.273365
./random_graph_db/graph_db_node_14/06_p0.5/06_graph_n14_p0.5_idx6.gpickle,14,0.5,6,7,30,99,"[0, 1, 2, 3, 4, 5, 6, 7, 8, 9, 10, 11, 12, 13]",0.2784131
./random_graph_db/graph_db_node_14/06_p0.5/06_graph_n14_p0.5_idx7.gpickle,14,0.5,7,5,30,89,"[0, 1, 2, 3, 4, 5, 6, 7, 8, 9, 10, 11, 12, 13]",0.2757199
./random_graph_db/graph_db_node_14/06_p0.5/06_graph_n14_p0.5_idx8.gpickle,14,0.5,8,6,31,91,"[0, 1, 2, 3, 4, 5, 6, 7, 8, 9, 10, 11, 12, 13]",0.3318808
./random_graph_db/graph_db_node_14/06_p0.5/06_graph_n14_p0.5_idx9.gpickle,14,0.5,9,6,22,77,"[0, 1, 2, 3, 4, 5, 6, 7, 8, 9, 10, 11, 12, 13]",0.2350671
./random_graph_db/graph_db_node_14/07_p0.55/07_graph_n14_p0.55_idx1.gpickle,14,0.55,1,6,27,80,"[0, 1, 2, 3, 4, 5, 6, 7, 8, 9, 10, 11, 12, 13]",0.244848
./random_graph_db/graph_db_node_14/07_p0.55/07_graph_n14_p0.55_idx10.gpickle,14,0.55,10,6,33,100,"[0, 1, 2, 3, 4, 5, 6, 7, 8, 9, 10, 11, 12, 13]",0.3100188
./random_graph_db/graph_db_node_14/07_p0.55/07_graph_n14_p0.55_idx2.gpickle,14,0.55,2,6,36,99,"[0, 1, 2, 3, 4, 5, 6, 7, 8, 9, 10, 11, 12, 13]",0.3095782
./random_graph_db/graph_db_node_14/07_p0.55/07_graph_n14_p0.55_idx3.gpickle,14,0.55,3,6,26,79,"[0, 1, 2, 3, 4, 5, 6, 7, 8, 9, 10, 11, 12, 13]",0.2303312
./random_graph_db/graph_db_node_14/07_p0.55/07_graph_n14_p0.55_idx4.gpickle,14,0.55,4,6,28,86,"[0, 1, 2, 3, 4, 5, 6, 7, 8, 9, 10, 11, 12, 13]",0.2756751
./random_graph_db/graph_db_node_14/07_p0.55/07_graph_n14_p0.55_idx5.gpickle,14,0.55,5,6,26,89,"[0, 1, 2, 3, 4, 5, 6, 7, 8, 9, 10, 11, 12, 13]",0.2433648
./random_graph_db/graph_db_node_14/07_p0.55/07_graph_n14_p0.55_idx6.gpickle,14,0.55,6,6,33,91,"[0, 1, 2, 3, 4, 5, 6, 7, 8, 9, 10, 11, 12, 13]",0.31548
./random_graph_db/graph_db_node_14/07_p0.55/07_graph_n14_p0.55_idx7.gpickle,14,0.55,7,6,30,93,"[0, 1, 2, 3, 4, 5, 6, 7, 8, 9, 10, 11, 12, 13]",0.5095
./random_graph_db/graph_db_node_14/07_p0.55/07_graph_n14_p0.55_idx8.gpickle,14,0.55,8,7,39,108,"[0, 1, 2, 3, 4, 5, 6, 7, 8, 9, 10, 11, 12, 13]",0.4061532
./random_graph_db/graph_db_node_14/07_p0.55/07_graph_n14_p0.55_idx9.gpickle,14,0.55,9,6,20,74,"[0, 1, 2, 3, 4, 5, 6, 7, 8, 9, 10, 11, 12, 13]",0.2130179
./random_graph_db/graph_db_node_14/08_p0.6/08_graph_n14_p0.6_idx1.gpickle,14,0.6,1,6,32,85,"[0, 1, 2, 3, 4, 5, 6, 7, 8, 9, 10, 11, 12, 13]",0.287823
./random_graph_db/graph_db_node_14/08_p0.6/08_graph_n14_p0.6_idx10.gpickle,14,0.6,10,6,28,85,"[0, 1, 2, 3, 4, 5, 6, 7, 8, 9, 10, 11, 12, 13]",0.264302
./random_graph_db/graph_db_node_14/08_p0.6/08_graph_n14_p0.6_idx2.gpickle,14,0.6,2,6,31,101,"[0, 1, 2, 3, 4, 5, 6, 7, 8, 9, 10, 11, 12, 13]",0.2770331
./random_graph_db/graph_db_node_14/08_p0.6/08_graph_n14_p0.6_idx3.gpickle,14,0.6,3,6,34,98,"[0, 1, 2, 3, 4, 5, 6, 7, 8, 9, 10, 11, 12, 13]",0.2891207
./random_graph_db/graph_db_node_14/08_p0.6/08_graph_n14_p0.6_idx4.gpickle,14,0.6,4,6,25,75,"[0, 1, 2, 3, 4, 5, 6, 7, 8, 9, 10, 11, 12, 13]",0.2424679
./random_graph_db/graph_db_node_14/08_p0.6/08_graph_n14_p0.6_idx5.gpickle,14,0.6,5,6,28,83,"[0, 1, 2, 3, 4, 5, 6, 7, 8, 9, 10, 11, 12, 13]",0.2695971
./random_graph_db/graph_db_node_14/08_p0.6/08_graph_n14_p0.6_idx6.gpickle,14,0.6,6,6,32,99,"[0, 1, 2, 3, 4, 5, 6, 7, 8, 9, 10, 11, 12, 13]",0.3222451
./random_graph_db/graph_db_node_14/08_p0.6/08_graph_n14_p0.6_idx7.gpickle,14,0.6,7,6,35,112,"[0, 1, 2, 3, 4, 5, 6, 7, 8, 9, 10, 11, 12, 13]",0.3050413
./random_graph_db/graph_db_node_14/08_p0.6/08_graph_n14_p0.6_idx8.gpickle,14,0.6,8,6,26,76,"[0, 1, 2, 3, 4, 5, 6, 7, 8, 9, 10, 11, 12, 13]",0.3435328
./random_graph_db/graph_db_node_14/08_p0.6/08_graph_n14_p0.6_idx9.gpickle,14,0.6,9,6,25,82,"[0, 1, 2, 3, 4, 5, 6, 7, 8, 9, 10, 11, 12, 13]",0.233526
./random_graph_db/graph_db_node_14/09_p0.65/09_graph_n14_p0.65_idx1.gpickle,14,0.65,1,6,37,96,"[0, 1, 2, 3, 4, 5, 6, 7, 8, 9, 10, 11, 12, 13]",0.3067279
./random_graph_db/graph_db_node_14/09_p0.65/09_graph_n14_p0.65_idx10.gpickle,14,0.65,10,7,31,81,"[0, 1, 2, 3, 4, 5, 6, 7, 8, 9, 10, 11, 12, 13]",0.2745609
./random_graph_db/graph_db_node_14/09_p0.65/09_graph_n14_p0.65_idx2.gpickle,14,0.65,2,6,30,93,"[0, 1, 2, 3, 4, 5, 6, 7, 8, 9, 10, 11, 12, 13]",0.3090611
./random_graph_db/graph_db_node_14/09_p0.65/09_graph_n14_p0.65_idx3.gpickle,14,0.65,3,6,32,102,"[0, 1, 2, 3, 4, 5, 6, 7, 8, 9, 10, 11, 12, 13]",0.2885258
./random_graph_db/graph_db_node_14/09_p0.65/09_graph_n14_p0.65_idx4.gpickle,14,0.65,4,6,24,71,"[0, 1, 2, 3, 4, 5, 6, 7, 8, 9, 10, 11, 12, 13]",0.2393911
./random_graph_db/graph_db_node_14/09_p0.65/09_graph_n14_p0.65_idx5.gpickle,14,0.65,5,5,30,97,"[0, 1, 2, 3, 4, 5, 6, 7, 8, 9, 10, 11, 12, 13]",0.2853858
./random_graph_db/graph_db_node_14/09_p0.65/09_graph_n14_p0.65_idx6.gpickle,14,0.65,6,6,29,96,"[0, 1, 2, 3, 4, 5, 6, 7, 8, 9, 10, 11, 12, 13]",0.233598
./random_graph_db/graph_db_node_14/09_p0.65/09_graph_n14_p0.65_idx7.gpickle,14,0.65,7,6,31,85,"[0, 1, 2, 3, 4, 5, 6, 7, 8, 9, 10, 11, 12, 13]",0.2616341
./random_graph_db/graph_db_node_14/09_p0.65/09_graph_n14_p0.65_idx8.gpickle,14,0.65,8,6,33,97,"[0, 1, 2, 3, 4, 5, 6, 7, 8, 9, 10, 11, 12, 13]",0.2933557
./random_graph_db/graph_db_node_14/09_p0.65/09_graph_n14_p0.65_idx9.gpickle,14,0.65,9,7,37,97,"[0, 1, 2, 3, 4, 5, 6, 7, 8, 9, 10, 11, 12, 13]",0.3094931
./random_graph_db/graph_db_node_14/10_p0.7/10_graph_n14_p0.7_idx1.gpickle,14,0.7,1,6,21,58,"[0, 1, 2, 3, 4, 5, 6, 7, 8, 9, 10, 11, 12, 13]",0.2340162
./random_graph_db/graph_db_node_14/10_p0.7/10_graph_n14_p0.7_idx10.gpickle,14,0.7,10,6,32,94,"[0, 1, 2, 3, 4, 5, 6, 7, 8, 9, 10, 11, 12, 13]",0.2881238
./random_graph_db/graph_db_node_14/10_p0.7/10_graph_n14_p0.7_idx2.gpickle,14,0.7,2,6,36,113,"[0, 1, 2, 3, 4, 5, 6, 7, 8, 9, 10, 11, 12, 13]",0.290879
./random_graph_db/graph_db_node_14/10_p0.7/10_graph_n14_p0.7_idx3.gpickle,14,0.7,3,6,28,77,"[0, 1, 2, 3, 4, 5, 6, 7, 8, 9, 10, 11, 12, 13]",0.246278
./random_graph_db/graph_db_node_14/10_p0.7/10_graph_n14_p0.7_idx4.gpickle,14,0.7,4,6,24,71,"[0, 1, 2, 3, 4, 5, 6, 7, 8, 9, 10, 11, 12, 13]",0.2322931
./random_graph_db/graph_db_node_14/10_p0.7/10_graph_n14_p0.7_idx5.gpickle,14,0.7,5,6,24,72,"[0, 1, 2, 3, 4, 5, 6, 7, 8, 9, 10, 11, 12, 13]",0.2542539
./random_graph_db/graph_db_node_14/10_p0.7/10_graph_n14_p0.7_idx6.gpickle,14,0.7,6,6,24,65,"[0, 1, 2, 3, 4, 5, 6, 7, 8, 9, 10, 11, 12, 13]",0.250093
./random_graph_db/graph_db_node_14/10_p0.7/10_graph_n14_p0.7_idx7.gpickle,14,0.7,7,6,27,79,"[0, 1, 2, 3, 4, 5, 6, 7, 8, 9, 10, 11, 12, 13]",0.3100748
./random_graph_db/graph_db_node_14/10_p0.7/10_graph_n14_p0.7_idx8.gpickle,14,0.7,8,7,38,93,"[0, 1, 2, 3, 4, 5, 6, 7, 8, 9, 10, 11, 12, 13]",0.2909341
./random_graph_db/graph_db_node_14/10_p0.7/10_graph_n14_p0.7_idx9.gpickle,14,0.7,9,6,29,93,"[0, 1, 2, 3, 4, 5, 6, 7, 8, 9, 10, 11, 12, 13]",0.3295438
./random_graph_db/graph_db_node_14/11_p0.8/11_graph_n14_p0.8_idx1.gpickle,14,0.8,1,6,17,63,"[0, 1, 2, 3, 4, 5, 6, 7, 8, 9, 10, 11, 12, 13]",0.202152
./random_graph_db/graph_db_node_14/11_p0.8/11_graph_n14_p0.8_idx10.gpickle,14,0.8,10,6,21,65,"[0, 1, 2, 3, 4, 5, 6, 7, 8, 9, 10, 11, 12, 13]",0.3021441
./random_graph_db/graph_db_node_14/11_p0.8/11_graph_n14_p0.8_idx2.gpickle,14,0.8,2,5,12,44,"[0, 1, 2, 3, 4, 5, 6, 7, 8, 9, 10, 11, 12, 13]",0.2416091
./random_graph_db/graph_db_node_14/11_p0.8/11_graph_n14_p0.8_idx3.gpickle,14,0.8,3,6,20,62,"[0, 1, 2, 3, 4, 5, 6, 7, 8, 9, 10, 11, 12, 13]",0.2213662
./random_graph_db/graph_db_node_14/11_p0.8/11_graph_n14_p0.8_idx4.gpickle,14,0.8,4,6,36,97,"[0, 1, 2, 3, 4, 5, 6, 7, 8, 9, 10, 11, 12, 13]",0.3194051
./random_graph_db/graph_db_node_14/11_p0.8/11_graph_n14_p0.8_idx5.gpickle,14,0.8,5,7,31,80,"[0, 1, 2, 3, 4, 5, 6, 7, 8, 9, 10, 11, 12, 13]",0.2403729
./random_graph_db/graph_db_node_14/11_p0.8/11_graph_n14_p0.8_idx6.gpickle,14,0.8,6,6,21,59,"[0, 1, 2, 3, 4, 5, 6, 7, 8, 9, 10, 11, 12, 13]",0.2009501
./random_graph_db/graph_db_node_14/11_p0.8/11_graph_n14_p0.8_idx7.gpickle,14,0.8,7,6,19,63,"[0, 1, 2, 3, 4, 5, 6, 7, 8, 9, 10, 11, 12, 13]",0.2322989
./random_graph_db/graph_db_node_14/11_p0.8/11_graph_n14_p0.8_idx8.gpickle,14,0.8,8,6,17,58,"[0, 1, 2, 3, 4, 5, 6, 7, 8, 9, 10, 11, 12, 13]",0.1751642
./random_graph_db/graph_db_node_14/11_p0.8/11_graph_n14_p0.8_idx9.gpickle,14,0.8,9,6,29,88,"[0, 1, 2, 3, 4, 5, 6, 7, 8, 9, 10, 11, 12, 13]",0.2830451
./random_graph_db/graph_db_node_14/12_p0.9/12_graph_n14_p0.9_idx1.gpickle,14,0.9,1,5,9,32,"[0, 1, 2, 3, 4, 5, 6, 7, 8, 9, 10, 11, 12, 13]",0.1241939
./random_graph_db/graph_db_node_14/12_p0.9/12_graph_n14_p0.9_idx10.gpickle,14,0.9,10,6,16,48,"[0, 1, 2, 3, 4, 5, 6, 7, 8, 9, 10, 11, 12, 13]",0.196625
./random_graph_db/graph_db_node_14/12_p0.9/12_graph_n14_p0.9_idx2.gpickle,14,0.9,2,4,8,37,"[0, 1, 2, 3, 4, 5, 6, 7, 8, 9, 10, 11, 12, 13]",0.1261621
./random_graph_db/graph_db_node_14/12_p0.9/12_graph_n14_p0.9_idx3.gpickle,14,0.9,3,6,14,49,"[0, 1, 2, 3, 4, 5, 6, 7, 8, 9, 10, 11, 12, 13]",0.2003808
./random_graph_db/graph_db_node_14/12_p0.9/12_graph_n14_p0.9_idx4.gpickle,14,0.9,4,5,13,53,"[0, 1, 2, 3, 4, 5, 6, 7, 8, 9, 10, 11, 12, 13]",0.1433749
./random_graph_db/graph_db_node_14/12_p0.9/12_graph_n14_p0.9_idx5.gpickle,14,0.9,5,6,7,34,"[0, 1, 2, 3, 4, 5, 6, 7, 8, 9, 10, 11, 12, 13]",0.1210458
./random_graph_db/graph_db_node_14/12_p0.9/12_graph_n14_p0.9_idx6.gpickle,14,0.9,6,4,5,26,"[0, 1, 2, 3, 4, 5, 6, 7, 8, 9, 10, 11, 12, 13]",0.104507
./random_graph_db/graph_db_node_14/12_p0.9/12_graph_n14_p0.9_idx7.gpickle,14,0.9,7,5,7,30,"[0, 1, 2, 3, 4, 5, 6, 7, 8, 9, 10, 11, 12, 13]",0.1169412
./random_graph_db/graph_db_node_14/12_p0.9/12_graph_n14_p0.9_idx8.gpickle,14,0.9,8,5,12,35,"[0, 1, 2, 3, 4, 5, 6, 7, 8, 9, 10, 11, 12, 13]",0.160599
./random_graph_db/graph_db_node_14/12_p0.9/12_graph_n14_p0.9_idx9.gpickle,14,0.9,9,5,12,37,"[0, 1, 2, 3, 4, 5, 6, 7, 8, 9, 10, 11, 12, 13]",0.1561019
./random_graph_db/graph_db_node_15/01_p0.1/01_graph_n15_p0.1_idx1.gpickle,15,0.1,1,5,8,38,"[0, 1, 2, 3, 4, 5, 6, 7, 8, 9, 10, 11, 12, 13, 14]",0.1524448
./random_graph_db/graph_db_node_15/01_p0.1/01_graph_n15_p0.1_idx10.gpickle,15,0.1,10,7,21,67,"[0, 1, 2, 3, 4, 5, 6, 7, 8, 9, 10, 11, 12, 13, 14]",0.2637968
./random_graph_db/graph_db_node_15/01_p0.1/01_graph_n15_p0.1_idx2.gpickle,15,0.1,2,6,16,57,"[0, 1, 2, 3, 4, 5, 6, 7, 8, 9, 10, 11, 12, 13, 14]",0.195951
./random_graph_db/graph_db_node_15/01_p0.1/01_graph_n15_p0.1_idx3.gpickle,15,0.1,3,5,8,33,"[0, 1, 2, 3, 4, 5, 6, 7, 8, 9, 10, 11, 12, 13, 14]",0.1314838
./random_graph_db/graph_db_node_15/01_p0.1/01_graph_n15_p0.1_idx4.gpickle,15,0.1,4,5,6,32,"[0, 1, 2, 3, 4, 5, 6, 7, 8, 9, 10, 11, 12, 13, 14]",0.1232603
./random_graph_db/graph_db_node_15/01_p0.1/01_graph_n15_p0.1_idx5.gpickle,15,0.1,5,7,21,62,"[0, 1, 2, 3, 4, 5, 6, 7, 8, 9, 10, 11, 12, 13, 14]",0.2815728
./random_graph_db/graph_db_node_15/01_p0.1/01_graph_n15_p0.1_idx6.gpickle,15,0.1,6,5,7,31,"[0, 1, 2, 3, 4, 5, 6, 7, 8, 9, 10, 11, 12, 13, 14]",0.1303422
./random_graph_db/graph_db_node_15/01_p0.1/01_graph_n15_p0.1_idx7.gpickle,15,0.1,7,5,7,31,"[0, 1, 2, 3, 4, 5, 6, 7, 8, 9, 10, 11, 12, 13, 14]",0.1345029
./random_graph_db/graph_db_node_15/01_p0.1/01_graph_n15_p0.1_idx8.gpickle,15,0.1,8,5,5,33,"[0, 1, 2, 3, 4, 5, 6, 7, 8, 9, 10, 11, 12, 13, 14]",0.119283
./random_graph_db/graph_db_node_15/01_p0.1/01_graph_n15_p0.1_idx9.gpickle,15,0.1,9,5,9,35,"[0, 1, 2, 3, 4, 5, 6, 7, 8, 9, 10, 11, 12, 13, 14]",0.163115
./random_graph_db/graph_db_node_15/02_p0.2/02_graph_n15_p0.2_idx1.gpickle,15,0.2,1,6,24,71,"[0, 1, 2, 3, 4, 5, 6, 7, 8, 9, 10, 11, 12, 13, 14]",0.2243474
./random_graph_db/graph_db_node_15/02_p0.2/02_graph_n15_p0.2_idx10.gpickle,15,0.2,10,6,12,42,"[0, 1, 2, 3, 4, 5, 6, 7, 8, 9, 10, 11, 12, 13, 14]",0.1688569
./random_graph_db/graph_db_node_15/02_p0.2/02_graph_n15_p0.2_idx2.gpickle,15,0.2,2,5,14,53,"[0, 1, 2, 3, 4, 5, 6, 7, 8, 9, 10, 11, 12, 13, 14]",0.20526
./random_graph_db/graph_db_node_15/02_p0.2/02_graph_n15_p0.2_idx3.gpickle,15,0.2,3,6,16,58,"[0, 1, 2, 3, 4, 5, 6, 7, 8, 9, 10, 11, 12, 13, 14]",0.232219
./random_graph_db/graph_db_node_15/02_p0.2/02_graph_n15_p0.2_idx4.gpickle,15,0.2,4,5,13,39,"[0, 1, 2, 3, 4, 5, 6, 7, 8, 9, 10, 11, 12, 13, 14]",0.1920509
./random_graph_db/graph_db_node_15/02_p0.2/02_graph_n15_p0.2_idx5.gpickle,15,0.2,5,6,11,48,"[0, 1, 2, 3, 4, 5, 6, 7, 8, 9, 10, 11, 12, 13, 14]",0.1563478
./random_graph_db/graph_db_node_15/02_p0.2/02_graph_n15_p0.2_idx6.gpickle,15,0.2,6,4,14,53,"[0, 1, 2, 3, 4, 5, 6, 7, 8, 9, 10, 11, 12, 13, 14]",0.1884077
./random_graph_db/graph_db_node_15/02_p0.2/02_graph_n15_p0.2_idx7.gpickle,15,0.2,7,5,11,37,"[0, 1, 2, 3, 4, 5, 6, 7, 8, 9, 10, 11, 12, 13, 14]",0.159157
./random_graph_db/graph_db_node_15/02_p0.2/02_graph_n15_p0.2_idx8.gpickle,15,0.2,8,5,11,38,"[0, 1, 2, 3, 4, 5, 6, 7, 8, 9, 10, 11, 12, 13, 14]",0.1631689
./random_graph_db/graph_db_node_15/02_p0.2/02_graph_n15_p0.2_idx9.gpickle,15,0.2,9,6,15,59,"[0, 1, 2, 3, 4, 5, 6, 7, 8, 9, 10, 11, 12, 13, 14]",0.185679
./random_graph_db/graph_db_node_15/03_p0.3/03_graph_n15_p0.3_idx1.gpickle,15,0.3,1,6,15,42,"[0, 1, 2, 3, 4, 5, 6, 7, 8, 9, 10, 11, 12, 13, 14]",0.2184029
./random_graph_db/graph_db_node_15/03_p0.3/03_graph_n15_p0.3_idx10.gpickle,15,0.3,10,6,32,78,"[0, 1, 2, 3, 4, 5, 6, 7, 8, 9, 10, 11, 12, 13, 14]",0.285183
./random_graph_db/graph_db_node_15/03_p0.3/03_graph_n15_p0.3_idx2.gpickle,15,0.3,2,6,27,85,"[0, 1, 2, 3, 4, 5, 6, 7, 8, 9, 10, 11, 12, 13, 14]",0.2642989
./random_graph_db/graph_db_node_15/03_p0.3/03_graph_n15_p0.3_idx3.gpickle,15,0.3,3,6,19,59,"[0, 1, 2, 3, 4, 5, 6, 7, 8, 9, 10, 11, 12, 13, 14]",0.2315331
./random_graph_db/graph_db_node_15/03_p0.3/03_graph_n15_p0.3_idx4.gpickle,15,0.3,4,7,31,89,"[0, 1, 2, 3, 4, 5, 6, 7, 8, 9, 10, 11, 12, 13, 14]",0.2829509
./random_graph_db/graph_db_node_15/03_p0.3/03_graph_n15_p0.3_idx5.gpickle,15,0.3,5,7,24,65,"[0, 1, 2, 3, 4, 5, 6, 7, 8, 9, 10, 11, 12, 13, 14]",0.2641442
./random_graph_db/graph_db_node_15/03_p0.3/03_graph_n15_p0.3_idx6.gpickle,15,0.3,6,6,13,46,"[0, 1, 2, 3, 4, 5, 6, 7, 8, 9, 10, 11, 12, 13, 14]",0.1806571
./random_graph_db/graph_db_node_15/03_p0.3/03_graph_n15_p0.3_idx7.gpickle,15,0.3,7,6,22,76,"[0, 1, 2, 3, 4, 5, 6, 7, 8, 9, 10, 11, 12, 13, 14]",0.2418339
./random_graph_db/graph_db_node_15/03_p0.3/03_graph_n15_p0.3_idx8.gpickle,15,0.3,8,7,34,107,"[0, 1, 2, 3, 4, 5, 6, 7, 8, 9, 10, 11, 12, 13, 14]",0.3156281
./random_graph_db/graph_db_node_15/03_p0.3/03_graph_n15_p0.3_idx9.gpickle,15,0.3,9,6,32,93,"[0, 1, 2, 3, 4, 5, 6, 7, 8, 9, 10, 11, 12, 13, 14]",0.3438978
./random_graph_db/graph_db_node_15/04_p0.4/04_graph_n15_p0.4_idx1.gpickle,15,0.4,1,6,36,106,"[0, 1, 2, 3, 4, 5, 6, 7, 8, 9, 10, 11, 12, 13, 14]",0.3387141
./random_graph_db/graph_db_node_15/04_p0.4/04_graph_n15_p0.4_idx10.gpickle,15,0.4,10,6,35,99,"[0, 1, 2, 3, 4, 5, 6, 7, 8, 9, 10, 11, 12, 13, 14]",0.295676
./random_graph_db/graph_db_node_15/04_p0.4/04_graph_n15_p0.4_idx2.gpickle,15,0.4,2,7,36,108,"[0, 1, 2, 3, 4, 5, 6, 7, 8, 9, 10, 11, 12, 13, 14]",0.3227201
./random_graph_db/graph_db_node_15/04_p0.4/04_graph_n15_p0.4_idx3.gpickle,15,0.4,3,6,33,100,"[0, 1, 2, 3, 4, 5, 6, 7, 8, 9, 10, 11, 12, 13, 14]",0.32023
./random_graph_db/graph_db_node_15/04_p0.4/04_graph_n15_p0.4_idx4.gpickle,15,0.4,4,7,37,108,"[0, 1, 2, 3, 4, 5, 6, 7, 8, 9, 10, 11, 12, 13, 14]",0.4421482
./random_graph_db/graph_db_node_15/04_p0.4/04_graph_n15_p0.4_idx5.gpickle,15,0.4,5,7,36,93,"[0, 1, 2, 3, 4, 5, 6, 7, 8, 9, 10, 11, 12, 13, 14]",0.366168
./random_graph_db/graph_db_node_15/04_p0.4/04_graph_n15_p0.4_idx6.gpickle,15,0.4,6,5,22,70,"[0, 1, 2, 3, 4, 5, 6, 7, 8, 9, 10, 11, 12, 13, 14]",0.273258
./random_graph_db/graph_db_node_15/04_p0.4/04_graph_n15_p0.4_idx7.gpickle,15,0.4,7,7,37,96,"[0, 1, 2, 3, 4, 5, 6, 7, 8, 9, 10, 11, 12, 13, 14]",0.3698821
./random_graph_db/graph_db_node_15/04_p0.4/04_graph_n15_p0.4_idx8.gpickle,15,0.4,8,6,37,96,"[0, 1, 2, 3, 4, 5, 6, 7, 8, 9, 10, 11, 12, 13, 14]",0.3268843
./random_graph_db/graph_db_node_15/04_p0.4/04_graph_n15_p0.4_idx9.gpickle,15,0.4,9,7,42,109,"[0, 1, 2, 3, 4, 5, 6, 7, 8, 9, 10, 11, 12, 13, 14]",0.3737531
./random_graph_db/graph_db_node_15/05_p0.45/05_graph_n15_p0.45_idx1.gpickle,15,0.45,1,7,27,76,"[0, 1, 2, 3, 4, 5, 6, 7, 8, 9, 10, 11, 12, 13, 14]",0.2630248
./random_graph_db/graph_db_node_15/05_p0.45/05_graph_n15_p0.45_idx10.gpickle,15,0.45,10,7,42,111,"[0, 1, 2, 3, 4, 5, 6, 7, 8, 9, 10, 11, 12, 13, 14]",0.3806038
./random_graph_db/graph_db_node_15/05_p0.45/05_graph_n15_p0.45_idx2.gpickle,15,0.45,2,6,36,100,"[0, 1, 2, 3, 4, 5, 6, 7, 8, 9, 10, 11, 12, 13, 14]",0.3397281
./random_graph_db/graph_db_node_15/05_p0.45/05_graph_n15_p0.45_idx3.gpickle,15,0.45,3,7,39,104,"[0, 1, 2, 3, 4, 5, 6, 7, 8, 9, 10, 11, 12, 13, 14]",0.33989
./random_graph_db/graph_db_node_15/05_p0.45/05_graph_n15_p0.45_idx4.gpickle,15,0.45,4,7,33,100,"[0, 1, 2, 3, 4, 5, 6, 7, 8, 9, 10, 11, 12, 13, 14]",0.3368909
./random_graph_db/graph_db_node_15/05_p0.45/05_graph_n15_p0.45_idx5.gpickle,15,0.45,5,6,36,108,"[0, 1, 2, 3, 4, 5, 6, 7, 8, 9, 10, 11, 12, 13, 14]",0.35039
./random_graph_db/graph_db_node_15/05_p0.45/05_graph_n15_p0.45_idx6.gpickle,15,0.45,6,7,43,122,"[0, 1, 2, 3, 4, 5, 6, 7, 8, 9, 10, 11, 12, 13, 14]",0.3812563
./random_graph_db/graph_db_node_15/05_p0.45/05_graph_n15_p0.45_idx7.gpickle,15,0.45,7,6,31,94,"[0, 1, 2, 3, 4, 5, 6, 7, 8, 9, 10, 11, 12, 13, 14]",0.3101461
./random_graph_db/graph_db_node_15/05_p0.45/05_graph_n15_p0.45_idx8.gpickle,15,0.45,8,7,43,114,"[0, 1, 2, 3, 4, 5, 6, 7, 8, 9, 10, 11, 12, 13, 14]",0.507678
./random_graph_db/graph_db_node_15/05_p0.45/05_graph_n15_p0.45_idx9.gpickle,15,0.45,9,6,32,96,"[0, 1, 2, 3, 4, 5, 6, 7, 8, 9, 10, 11, 12, 13, 14]",0.2847161
./random_graph_db/graph_db_node_15/06_p0.5/06_graph_n15_p0.5_idx1.gpickle,15,0.5,1,7,39,109,"[0, 1, 2, 3, 4, 5, 6, 7, 8, 9, 10, 11, 12, 13, 14]",0.3577337
./random_graph_db/graph_db_node_15/06_p0.5/06_graph_n15_p0.5_idx10.gpickle,15,0.5,10,6,41,111,"[0, 1, 2, 3, 4, 5, 6, 7, 8, 9, 10, 11, 12, 13, 14]",0.3479223
./random_graph_db/graph_db_node_15/06_p0.5/06_graph_n15_p0.5_idx2.gpickle,15,0.5,2,7,37,109,"[0, 1, 2, 3, 4, 5, 6, 7, 8, 9, 10, 11, 12, 13, 14]",0.3316801
./random_graph_db/graph_db_node_15/06_p0.5/06_graph_n15_p0.5_idx3.gpickle,15,0.5,3,7,32,95,"[0, 1, 2, 3, 4, 5, 6, 7, 8, 9, 10, 11, 12, 13, 14]",0.2921689
./random_graph_db/graph_db_node_15/06_p0.5/06_graph_n15_p0.5_idx4.gpickle,15,0.5,4,7,33,96,"[0, 1, 2, 3, 4, 5, 6, 7, 8, 9, 10, 11, 12, 13, 14]",0.3421292
./random_graph_db/graph_db_node_15/06_p0.5/06_graph_n15_p0.5_idx5.gpickle,15,0.5,5,7,39,103,"[0, 1, 2, 3, 4, 5, 6, 7, 8, 9, 10, 11, 12, 13, 14]",0.33199
./random_graph_db/graph_db_node_15/06_p0.5/06_graph_n15_p0.5_idx6.gpickle,15,0.5,6,7,45,124,"[0, 1, 2, 3, 4, 5, 6, 7, 8, 9, 10, 11, 12, 13, 14]",0.3834188
./random_graph_db/graph_db_node_15/06_p0.5/06_graph_n15_p0.5_idx7.gpickle,15,0.5,7,7,41,105,"[0, 1, 2, 3, 4, 5, 6, 7, 8, 9, 10, 11, 12, 13, 14]",0.3365281
./random_graph_db/graph_db_node_15/06_p0.5/06_graph_n15_p0.5_idx8.gpickle,15,0.5,8,7,41,117,"[0, 1, 2, 3, 4, 5, 6, 7, 8, 9, 10, 11, 12, 13, 14]",0.3581369
./random_graph_db/graph_db_node_15/06_p0.5/06_graph_n15_p0.5_idx9.gpickle,15,0.5,9,7,37,106,"[0, 1, 2, 3, 4, 5, 6, 7, 8, 9, 10, 11, 12, 13, 14]",0.3605468
./random_graph_db/graph_db_node_15/07_p0.55/07_graph_n15_p0.55_idx1.gpickle,15,0.55,1,7,31,92,"[0, 1, 2, 3, 4, 5, 6, 7, 8, 9, 10, 11, 12, 13, 14]",0.3152001
./random_graph_db/graph_db_node_15/07_p0.55/07_graph_n15_p0.55_idx10.gpickle,15,0.55,10,7,32,88,"[0, 1, 2, 3, 4, 5, 6, 7, 8, 9, 10, 11, 12, 13, 14]",0.301456
./random_graph_db/graph_db_node_15/07_p0.55/07_graph_n15_p0.55_idx2.gpickle,15,0.55,2,7,36,93,"[0, 1, 2, 3, 4, 5, 6, 7, 8, 9, 10, 11, 12, 13, 14]",0.3315849
./random_graph_db/graph_db_node_15/07_p0.55/07_graph_n15_p0.55_idx3.gpickle,15,0.55,3,7,33,95,"[0, 1, 2, 3, 4, 5, 6, 7, 8, 9, 10, 11, 12, 13, 14]",0.3269148
./random_graph_db/graph_db_node_15/07_p0.55/07_graph_n15_p0.55_idx4.gpickle,15,0.55,4,7,28,85,"[0, 1, 2, 3, 4, 5, 6, 7, 8, 9, 10, 11, 12, 13, 14]",0.3327589
./random_graph_db/graph_db_node_15/07_p0.55/07_graph_n15_p0.55_idx5.gpickle,15,0.55,5,6,26,74,"[0, 1, 2, 3, 4, 5, 6, 7, 8, 9, 10, 11, 12, 13, 14]",0.270184
./random_graph_db/graph_db_node_15/07_p0.55/07_graph_n15_p0.55_idx6.gpickle,15,0.55,6,7,43,130,"[0, 1, 2, 3, 4, 5, 6, 7, 8, 9, 10, 11, 12, 13, 14]",0.3968511
./random_graph_db/graph_db_node_15/07_p0.55/07_graph_n15_p0.55_idx7.gpickle,15,0.55,7,7,38,108,"[0, 1, 2, 3, 4, 5, 6, 7, 8, 9, 10, 11, 12, 13, 14]",0.327256
./random_graph_db/graph_db_node_15/07_p0.55/07_graph_n15_p0.55_idx8.gpickle,15,0.55,8,6,34,96,"[0, 1, 2, 3, 4, 5, 6, 7, 8, 9, 10, 11, 12, 13, 14]",0.330169
./random_graph_db/graph_db_node_15/07_p0.55/07_graph_n15_p0.55_idx9.gpickle,15,0.55,9,7,42,118,"[0, 1, 2, 3, 4, 5, 6, 7, 8, 9, 10, 11, 12, 13, 14]",0.3714938
./random_graph_db/graph_db_node_15/08_p0.6/08_graph_n15_p0.6_idx1.gpickle,15,0.6,1,7,35,104,"[0, 1, 2, 3, 4, 5, 6, 7, 8, 9, 10, 11, 12, 13, 14]",0.3511229
./random_graph_db/graph_db_node_15/08_p0.6/08_graph_n15_p0.6_idx10.gpickle,15,0.6,10,7,33,94,"[0, 1, 2, 3, 4, 5, 6, 7, 8, 9, 10, 11, 12, 13, 14]",0.3169532
./random_graph_db/graph_db_node_15/08_p0.6/08_graph_n15_p0.6_idx2.gpickle,15,0.6,2,7,36,100,"[0, 1, 2, 3, 4, 5, 6, 7, 8, 9, 10, 11, 12, 13, 14]",0.3210471
./random_graph_db/graph_db_node_15/08_p0.6/08_graph_n15_p0.6_idx3.gpickle,15,0.6,3,7,36,95,"[0, 1, 2, 3, 4, 5, 6, 7, 8, 9, 10, 11, 12, 13, 14]",0.3141057
./random_graph_db/graph_db_node_15/08_p0.6/08_graph_n15_p0.6_idx4.gpickle,15,0.6,4,7,41,113,"[0, 1, 2, 3, 4, 5, 6, 7, 8, 9, 10, 11, 12, 13, 14]",0.3330951
./random_graph_db/graph_db_node_15/08_p0.6/08_graph_n15_p0.6_idx5.gpickle,15,0.6,5,7,36,114,"[0, 1, 2, 3, 4, 5, 6, 7, 8, 9, 10, 11, 12, 13, 14]",0.353601
./random_graph_db/graph_db_node_15/08_p0.6/08_graph_n15_p0.6_idx6.gpickle,15,0.6,6,7,44,114,"[0, 1, 2, 3, 4, 5, 6, 7, 8, 9, 10, 11, 12, 13, 14]",0.3446326
./random_graph_db/graph_db_node_15/08_p0.6/08_graph_n15_p0.6_idx7.gpickle,15,0.6,7,7,39,115,"[0, 1, 2, 3, 4, 5, 6, 7, 8, 9, 10, 11, 12, 13, 14]",0.341332
./random_graph_db/graph_db_node_15/08_p0.6/08_graph_n15_p0.6_idx8.gpickle,15,0.6,8,6,38,110,"[0, 1, 2, 3, 4, 5, 6, 7, 8, 9, 10, 11, 12, 13, 14]",0.343868
./random_graph_db/graph_db_node_15/08_p0.6/08_graph_n15_p0.6_idx9.gpickle,15,0.6,9,7,37,97,"[0, 1, 2, 3, 4, 5, 6, 7, 8, 9, 10, 11, 12, 13, 14]",0.3136311
./random_graph_db/graph_db_node_15/09_p0.65/09_graph_n15_p0.65_idx1.gpickle,15,0.65,1,6,36,112,"[0, 1, 2, 3, 4, 5, 6, 7, 8, 9, 10, 11, 12, 13, 14]",0.3285558
./random_graph_db/graph_db_node_15/09_p0.65/09_graph_n15_p0.65_idx10.gpickle,15,0.65,10,6,35,106,"[0, 1, 2, 3, 4, 5, 6, 7, 8, 9, 10, 11, 12, 13, 14]",0.4064298
./random_graph_db/graph_db_node_15/09_p0.65/09_graph_n15_p0.65_idx2.gpickle,15,0.65,2,7,32,98,"[0, 1, 2, 3, 4, 5, 6, 7, 8, 9, 10, 11, 12, 13, 14]",0.3265169
./random_graph_db/graph_db_node_15/09_p0.65/09_graph_n15_p0.65_idx3.gpickle,15,0.65,3,7,33,90,"[0, 1, 2, 3, 4, 5, 6, 7, 8, 9, 10, 11, 12, 13, 14]",0.3169341
./random_graph_db/graph_db_node_15/09_p0.65/09_graph_n15_p0.65_idx4.gpickle,15,0.65,4,7,33,94,"[0, 1, 2, 3, 4, 5, 6, 7, 8, 9, 10, 11, 12, 13, 14]",0.2991121
./random_graph_db/graph_db_node_15/09_p0.65/09_graph_n15_p0.65_idx5.gpickle,15,0.65,5,7,42,114,"[0, 1, 2, 3, 4, 5, 6, 7, 8, 9, 10, 11, 12, 13, 14]",0.3684602
./random_graph_db/graph_db_node_15/09_p0.65/09_graph_n15_p0.65_idx6.gpickle,15,0.65,6,7,39,103,"[0, 1, 2, 3, 4, 5, 6, 7, 8, 9, 10, 11, 12, 13, 14]",0.345304
./random_graph_db/graph_db_node_15/09_p0.65/09_graph_n15_p0.65_idx7.gpickle,15,0.65,7,7,31,91,"[0, 1, 2, 3, 4, 5, 6, 7, 8, 9, 10, 11, 12, 13, 14]",0.311852
./random_graph_db/graph_db_node_15/09_p0.65/09_graph_n15_p0.65_idx8.gpickle,15,0.65,8,7,35,106,"[0, 1, 2, 3, 4, 5, 6, 7, 8, 9, 10, 11, 12, 13, 14]",0.3251519
./random_graph_db/graph_db_node_15/09_p0.65/09_graph_n15_p0.65_idx9.gpickle,15,0.65,9,6,29,83,"[0, 1, 2, 3, 4, 5, 6, 7, 8, 9, 10, 11, 12, 13, 14]",0.288727
./random_graph_db/graph_db_node_15/10_p0.7/10_graph_n15_p0.7_idx1.gpickle,15,0.7,1,6,26,85,"[0, 1, 2, 3, 4, 5, 6, 7, 8, 9, 10, 11, 12, 13, 14]",0.2889712
./random_graph_db/graph_db_node_15/10_p0.7/10_graph_n15_p0.7_idx10.gpickle,15,0.7,10,7,45,130,"[0, 1, 2, 3, 4, 5, 6, 7, 8, 9, 10, 11, 12, 13, 14]",0.3744612
./random_graph_db/graph_db_node_15/10_p0.7/10_graph_n15_p0.7_idx2.gpickle,15,0.7,2,7,32,102,"[0, 1, 2, 3, 4, 5, 6, 7, 8, 9, 10, 11, 12, 13, 14]",0.299952
./random_graph_db/graph_db_node_15/10_p0.7/10_graph_n15_p0.7_idx3.gpickle,15,0.7,3,7,34,99,"[0, 1, 2, 3, 4, 5, 6, 7, 8, 9, 10, 11, 12, 13, 14]",0.3344851
./random_graph_db/graph_db_node_15/10_p0.7/10_graph_n15_p0.7_idx4.gpickle,15,0.7,4,7,38,109,"[0, 1, 2, 3, 4, 5, 6, 7, 8, 9, 10, 11, 12, 13, 14]",0.3368511
./random_graph_db/graph_db_node_15/10_p0.7/10_graph_n15_p0.7_idx5.gpickle,15,0.7,5,7,33,99,"[0, 1, 2, 3, 4, 5, 6, 7, 8, 9, 10, 11, 12, 13, 14]",0.3156791
./random_graph_db/graph_db_node_15/10_p0.7/10_graph_n15_p0.7_idx6.gpickle,15,0.7,6,7,28,81,"[0, 1, 2, 3, 4, 5, 6, 7, 8, 9, 10, 11, 12, 13, 14]",0.3253529
./random_graph_db/graph_db_node_15/10_p0.7/10_graph_n15_p0.7_idx7.gpickle,15,0.7,7,6,38,103,"[0, 1, 2, 3, 4, 5, 6, 7, 8, 9, 10, 11, 12, 13, 14]",0.3212759
./random_graph_db/graph_db_node_15/10_p0.7/10_graph_n15_p0.7_idx8.gpickle,15,0.7,8,6,34,106,"[0, 1, 2, 3, 4, 5, 6, 7, 8, 9, 10, 11, 12, 13, 14]",0.330853
./random_graph_db/graph_db_node_15/10_p0.7/10_graph_n15_p0.7_idx9.gpickle,15,0.7,9,7,36,86,"[0, 1, 2, 3, 4, 5, 6, 7, 8, 9, 10, 11, 12, 13, 14]",0.329231
./random_graph_db/graph_db_node_15/11_p0.8/11_graph_n15_p0.8_idx1.gpickle,15,0.8,1,7,25,70,"[0, 1, 2, 3, 4, 5, 6, 7, 8, 9, 10, 11, 12, 13, 14]",0.270679
./random_graph_db/graph_db_node_15/11_p0.8/11_graph_n15_p0.8_idx10.gpickle,15,0.8,10,6,31,98,"[0, 1, 2, 3, 4, 5, 6, 7, 8, 9, 10, 11, 12, 13, 14]",0.2871108
./random_graph_db/graph_db_node_15/11_p0.8/11_graph_n15_p0.8_idx2.gpickle,15,0.8,2,5,23,70,"[0, 1, 2, 3, 4, 5, 6, 7, 8, 9, 10, 11, 12, 13, 14]",0.2351081
./random_graph_db/graph_db_node_15/11_p0.8/11_graph_n15_p0.8_idx3.gpickle,15,0.8,3,7,28,78,"[0, 1, 2, 3, 4, 5, 6, 7, 8, 9, 10, 11, 12, 13, 14]",0.2839441
./random_graph_db/graph_db_node_15/11_p0.8/11_graph_n15_p0.8_idx4.gpickle,15,0.8,4,7,30,101,"[0, 1, 2, 3, 4, 5, 6, 7, 8, 9, 10, 11, 12, 13, 14]",0.303273
./random_graph_db/graph_db_node_15/11_p0.8/11_graph_n15_p0.8_idx5.gpickle,15,0.8,5,7,29,87,"[0, 1, 2, 3, 4, 5, 6, 7, 8, 9, 10, 11, 12, 13, 14]",0.2733629
./random_graph_db/graph_db_node_15/11_p0.8/11_graph_n15_p0.8_idx6.gpickle,15,0.8,6,7,29,87,"[0, 1, 2, 3, 4, 5, 6, 7, 8, 9, 10, 11, 12, 13, 14]",0.286963
./random_graph_db/graph_db_node_15/11_p0.8/11_graph_n15_p0.8_idx7.gpickle,15,0.8,7,6,18,55,"[0, 1, 2, 3, 4, 5, 6, 7, 8, 9, 10, 11, 12, 13, 14]",0.1996751
./random_graph_db/graph_db_node_15/11_p0.8/11_graph_n15_p0.8_idx8.gpickle,15,0.8,8,6,13,53,"[0, 1, 2, 3, 4, 5, 6, 7, 8, 9, 10, 11, 12, 13, 14]",0.1879542
./random_graph_db/graph_db_node_15/11_p0.8/11_graph_n15_p0.8_idx9.gpickle,15,0.8,9,6,21,61,"[0, 1, 2, 3, 4, 5, 6, 7, 8, 9, 10, 11, 12, 13, 14]",0.2219563
./random_graph_db/graph_db_node_15/12_p0.9/12_graph_n15_p0.9_idx1.gpickle,15,0.9,1,3,6,31,"[0, 1, 2, 3, 4, 5, 6, 7, 8, 9, 10, 11, 12, 13, 14]",0.1288328
./random_graph_db/graph_db_node_15/12_p0.9/12_graph_n15_p0.9_idx10.gpickle,15,0.9,10,7,17,60,"[0, 1, 2, 3, 4, 5, 6, 7, 8, 9, 10, 11, 12, 13, 14]",0.2324538
./random_graph_db/graph_db_node_15/12_p0.9/12_graph_n15_p0.9_idx2.gpickle,15,0.9,2,5,13,49,"[0, 1, 2, 3, 4, 5, 6, 7, 8, 9, 10, 11, 12, 13, 14]",0.1844852
./random_graph_db/graph_db_node_15/12_p0.9/12_graph_n15_p0.9_idx3.gpickle,15,0.9,3,7,19,65,"[0, 1, 2, 3, 4, 5, 6, 7, 8, 9, 10, 11, 12, 13, 14]",0.2246897
./random_graph_db/graph_db_node_15/12_p0.9/12_graph_n15_p0.9_idx4.gpickle,15,0.9,4,7,26,70,"[0, 1, 2, 3, 4, 5, 6, 7, 8, 9, 10, 11, 12, 13, 14]",0.3140559
./random_graph_db/graph_db_node_15/12_p0.9/12_graph_n15_p0.9_idx5.gpickle,15,0.9,5,4,9,44,"[0, 1, 2, 3, 4, 5, 6, 7, 8, 9, 10, 11, 12, 13, 14]",0.1548748
./random_graph_db/graph_db_node_15/12_p0.9/12_graph_n15_p0.9_idx6.gpickle,15,0.9,6,4,11,46,"[0, 1, 2, 3, 4, 5, 6, 7, 8, 9, 10, 11, 12, 13, 14]",0.133353
./random_graph_db/graph_db_node_15/12_p0.9/12_graph_n15_p0.9_idx7.gpickle,15,0.9,7,4,7,40,"[0, 1, 2, 3, 4, 5, 6, 7, 8, 9, 10, 11, 12, 13, 14]",0.1314692
./random_graph_db/graph_db_node_15/12_p0.9/12_graph_n15_p0.9_idx8.gpickle,15,0.9,8,4,12,40,"[0, 1, 2, 3, 4, 5, 6, 7, 8, 9, 10, 11, 12, 13, 14]",0.179368
./random_graph_db/graph_db_node_15/12_p0.9/12_graph_n15_p0.9_idx9.gpickle,15,0.9,9,5,14,43,"[0, 1, 2, 3, 4, 5, 6, 7, 8, 9, 10, 11, 12, 13, 14]",0.177393
./random_graph_db/graph_db_node_16/01_p0.1/01_graph_n16_p0.1_idx1.gpickle,16,0.1,1,5,4,27,"[0, 1, 2, 3, 4, 5, 6, 7, 8, 9, 10, 11, 12, 13, 14, 15]",0.1008523
./random_graph_db/graph_db_node_16/01_p0.1/01_graph_n16_p0.1_idx10.gpickle,16,0.1,10,5,11,44,"[0, 1, 2, 3, 4, 5, 6, 7, 8, 9, 10, 11, 12, 13, 14, 15]",0.1512091
./random_graph_db/graph_db_node_16/01_p0.1/01_graph_n16_p0.1_idx2.gpickle,16,0.1,2,6,11,38,"[0, 1, 2, 3, 4, 5, 6, 7, 8, 9, 10, 11, 12, 13, 14, 15]",0.1709261
./random_graph_db/graph_db_node_16/01_p0.1/01_graph_n16_p0.1_idx3.gpickle,16,0.1,3,7,8,37,"[0, 1, 2, 3, 4, 5, 6, 7, 8, 9, 10, 11, 12, 13, 14, 15]",0.1704559
./random_graph_db/graph_db_node_16/01_p0.1/01_graph_n16_p0.1_idx4.gpickle,16,0.1,4,5,10,51,"[0, 1, 2, 3, 4, 5, 6, 7, 8, 9, 10, 11, 12, 13, 14, 15]",0.1850951
./random_graph_db/graph_db_node_16/01_p0.1/01_graph_n16_p0.1_idx5.gpickle,16,0.1,5,6,12,45,"[0, 1, 2, 3, 4, 5, 6, 7, 8, 9, 10, 11, 12, 13, 14, 15]",0.209969
./random_graph_db/graph_db_node_16/01_p0.1/01_graph_n16_p0.1_idx6.gpickle,16,0.1,6,6,9,39,"[0, 1, 2, 3, 4, 5, 6, 7, 8, 9, 10, 11, 12, 13, 14, 15]",0.1517849
./random_graph_db/graph_db_node_16/01_p0.1/01_graph_n16_p0.1_idx7.gpickle,16,0.1,7,7,20,62,"[0, 1, 2, 3, 4, 5, 6, 7, 8, 9, 10, 11, 12, 13, 14, 15]",0.2008131
./random_graph_db/graph_db_node_16/01_p0.1/01_graph_n16_p0.1_idx8.gpickle,16,0.1,8,7,15,46,"[0, 1, 2, 3, 4, 5, 6, 7, 8, 9, 10, 11, 12, 13, 14, 15]",0.2185402
./random_graph_db/graph_db_node_16/01_p0.1/01_graph_n16_p0.1_idx9.gpickle,16,0.1,9,6,11,50,"[0, 1, 2, 3, 4, 5, 6, 7, 8, 9, 10, 11, 12, 13, 14, 15]",0.1552887
./random_graph_db/graph_db_node_16/02_p0.2/02_graph_n16_p0.2_idx1.gpickle,16,0.2,1,7,21,71,"[0, 1, 2, 3, 4, 5, 6, 7, 8, 9, 10, 11, 12, 13, 14, 15]",0.2853229
./random_graph_db/graph_db_node_16/02_p0.2/02_graph_n16_p0.2_idx10.gpickle,16,0.2,10,6,11,47,"[0, 1, 2, 3, 4, 5, 6, 7, 8, 9, 10, 11, 12, 13, 14, 15]",0.1846728
./random_graph_db/graph_db_node_16/02_p0.2/02_graph_n16_p0.2_idx2.gpickle,16,0.2,2,6,14,51,"[0, 1, 2, 3, 4, 5, 6, 7, 8, 9, 10, 11, 12, 13, 14, 15]",0.218384
./random_graph_db/graph_db_node_16/02_p0.2/02_graph_n16_p0.2_idx3.gpickle,16,0.2,3,8,25,86,"[0, 1, 2, 3, 4, 5, 6, 7, 8, 9, 10, 11, 12, 13, 14, 15]",0.3175828
./random_graph_db/graph_db_node_16/02_p0.2/02_graph_n16_p0.2_idx4.gpickle,16,0.2,4,6,23,73,"[0, 1, 2, 3, 4, 5, 6, 7, 8, 9, 10, 11, 12, 13, 14, 15]",0.2569258
./random_graph_db/graph_db_node_16/02_p0.2/02_graph_n16_p0.2_idx5.gpickle,16,0.2,5,6,21,57,"[0, 1, 2, 3, 4, 5, 6, 7, 8, 9, 10, 11, 12, 13, 14, 15]",0.2357171
./random_graph_db/graph_db_node_16/02_p0.2/02_graph_n16_p0.2_idx6.gpickle,16,0.2,6,6,18,62,"[0, 1, 2, 3, 4, 5, 6, 7, 8, 9, 10, 11, 12, 13, 14, 15]",0.2646787
./random_graph_db/graph_db_node_16/02_p0.2/02_graph_n16_p0.2_idx7.gpickle,16,0.2,7,6,13,47,"[0, 1, 2, 3, 4, 5, 6, 7, 8, 9, 10, 11, 12, 13, 14, 15]",0.1889641
./random_graph_db/graph_db_node_16/02_p0.2/02_graph_n16_p0.2_idx8.gpickle,16,0.2,8,5,12,52,"[0, 1, 2, 3, 4, 5, 6, 7, 8, 9, 10, 11, 12, 13, 14, 15]",0.2084873
./random_graph_db/graph_db_node_16/02_p0.2/02_graph_n16_p0.2_idx9.gpickle,16,0.2,9,7,24,62,"[0, 1, 2, 3, 4, 5, 6, 7, 8, 9, 10, 11, 12, 13, 14, 15]",0.2168291
./random_graph_db/graph_db_node_16/03_p0.3/03_graph_n16_p0.3_idx1.gpickle,16,0.3,1,5,30,99,"[0, 1, 2, 3, 4, 5, 6, 7, 8, 9, 10, 11, 12, 13, 14, 15]",0.2862241
./random_graph_db/graph_db_node_16/03_p0.3/03_graph_n16_p0.3_idx10.gpickle,16,0.3,10,6,22,73,"[0, 1, 2, 3, 4, 5, 6, 7, 8, 9, 10, 11, 12, 13, 14, 15]",0.2564499
./random_graph_db/graph_db_node_16/03_p0.3/03_graph_n16_p0.3_idx2.gpickle,16,0.3,2,8,33,100,"[0, 1, 2, 3, 4, 5, 6, 7, 8, 9, 10, 11, 12, 13, 14, 15]",0.344934
./random_graph_db/graph_db_node_16/03_p0.3/03_graph_n16_p0.3_idx3.gpickle,16,0.3,3,6,25,87,"[0, 1, 2, 3, 4, 5, 6, 7, 8, 9, 10, 11, 12, 13, 14, 15]",0.322346
./random_graph_db/graph_db_node_16/03_p0.3/03_graph_n16_p0.3_idx4.gpickle,16,0.3,4,7,32,97,"[0, 1, 2, 3, 4, 5, 6, 7, 8, 9, 10, 11, 12, 13, 14, 15]",0.363884
./random_graph_db/graph_db_node_16/03_p0.3/03_graph_n16_p0.3_idx5.gpickle,16,0.3,5,8,28,90,"[0, 1, 2, 3, 4, 5, 6, 7, 8, 9, 10, 11, 12, 13, 14, 15]",0.3202932
./random_graph_db/graph_db_node_16/03_p0.3/03_graph_n16_p0.3_idx6.gpickle,16,0.3,6,6,21,72,"[0, 1, 2, 3, 4, 5, 6, 7, 8, 9, 10, 11, 12, 13, 14, 15]",0.267658
./random_graph_db/graph_db_node_16/03_p0.3/03_graph_n16_p0.3_idx7.gpickle,16,0.3,7,8,31,84,"[0, 1, 2, 3, 4, 5, 6, 7, 8, 9, 10, 11, 12, 13, 14, 15]",0.343523
./random_graph_db/graph_db_node_16/03_p0.3/03_graph_n16_p0.3_idx8.gpickle,16,0.3,8,8,44,128,"[0, 1, 2, 3, 4, 5, 6, 7, 8, 9, 10, 11, 12, 13, 14, 15]",0.403132
./random_graph_db/graph_db_node_16/03_p0.3/03_graph_n16_p0.3_idx9.gpickle,16,0.3,9,7,34,90,"[0, 1, 2, 3, 4, 5, 6, 7, 8, 9, 10, 11, 12, 13, 14, 15]",0.263958
./random_graph_db/graph_db_node_16/04_p0.4/04_graph_n16_p0.4_idx1.gpickle,16,0.4,1,7,40,115,"[0, 1, 2, 3, 4, 5, 6, 7, 8, 9, 10, 11, 12, 13, 14, 15]",0.3916023
./random_graph_db/graph_db_node_16/04_p0.4/04_graph_n16_p0.4_idx10.gpickle,16,0.4,10,8,48,123,"[0, 1, 2, 3, 4, 5, 6, 7, 8, 9, 10, 11, 12, 13, 14, 15]",0.5283749
./random_graph_db/graph_db_node_16/04_p0.4/04_graph_n16_p0.4_idx2.gpickle,16,0.4,2,7,38,105,"[0, 1, 2, 3, 4, 5, 6, 7, 8, 9, 10, 11, 12, 13, 14, 15]",0.397857
./random_graph_db/graph_db_node_16/04_p0.4/04_graph_n16_p0.4_idx3.gpickle,16,0.4,3,7,30,84,"[0, 1, 2, 3, 4, 5, 6, 7, 8, 9, 10, 11, 12, 13, 14, 15]",0.3448069
./random_graph_db/graph_db_node_16/04_p0.4/04_graph_n16_p0.4_idx4.gpickle,16,0.4,4,8,42,104,"[0, 1, 2, 3, 4, 5, 6, 7, 8, 9, 10, 11, 12, 13, 14, 15]",0.3968871
./random_graph_db/graph_db_node_16/04_p0.4/04_graph_n16_p0.4_idx5.gpickle,16,0.4,5,7,44,121,"[0, 1, 2, 3, 4, 5, 6, 7, 8, 9, 10, 11, 12, 13, 14, 15]",0.4273648
./random_graph_db/graph_db_node_16/04_p0.4/04_graph_n16_p0.4_idx6.gpickle,16,0.4,6,7,37,95,"[0, 1, 2, 3, 4, 5, 6, 7, 8, 9, 10, 11, 12, 13, 14, 15]",0.3484211
./random_graph_db/graph_db_node_16/04_p0.4/04_graph_n16_p0.4_idx7.gpickle,16,0.4,7,7,36,106,"[0, 1, 2, 3, 4, 5, 6, 7, 8, 9, 10, 11, 12, 13, 14, 15]",0.3573699
./random_graph_db/graph_db_node_16/04_p0.4/04_graph_n16_p0.4_idx8.gpickle,16,0.4,8,7,38,105,"[0, 1, 2, 3, 4, 5, 6, 7, 8, 9, 10, 11, 12, 13, 14, 15]",0.33706
./random_graph_db/graph_db_node_16/04_p0.4/04_graph_n16_p0.4_idx9.gpickle,16,0.4,9,6,30,88,"[0, 1, 2, 3, 4, 5, 6, 7, 8, 9, 10, 11, 12, 13, 14, 15]",0.354074
./random_graph_db/graph_db_node_16/05_p0.45/05_graph_n16_p0.45_idx1.gpickle,16,0.45,1,7,41,111,"[0, 1, 2, 3, 4, 5, 6, 7, 8, 9, 10, 11, 12, 13, 14, 15]",0.3809888
./random_graph_db/graph_db_node_16/05_p0.45/05_graph_n16_p0.45_idx10.gpickle,16,0.45,10,7,35,98,"[0, 1, 2, 3, 4, 5, 6, 7, 8, 9, 10, 11, 12, 13, 14, 15]",0.332747
./random_graph_db/graph_db_node_16/05_p0.45/05_graph_n16_p0.45_idx2.gpickle,16,0.45,2,7,47,117,"[0, 1, 2, 3, 4, 5, 6, 7, 8, 9, 10, 11, 12, 13, 14, 15]",0.4316292
./random_graph_db/graph_db_node_16/05_p0.45/05_graph_n16_p0.45_idx3.gpickle,16,0.45,3,8,40,110,"[0, 1, 2, 3, 4, 5, 6, 7, 8, 9, 10, 11, 12, 13, 14, 15]",0.51454
./random_graph_db/graph_db_node_16/05_p0.45/05_graph_n16_p0.45_idx4.gpickle,16,0.45,4,7,47,124,"[0, 1, 2, 3, 4, 5, 6, 7, 8, 9, 10, 11, 12, 13, 14, 15]",0.5952358
./random_graph_db/graph_db_node_16/05_p0.45/05_graph_n16_p0.45_idx5.gpickle,16,0.45,5,7,38,111,"[0, 1, 2, 3, 4, 5, 6, 7, 8, 9, 10, 11, 12, 13, 14, 15]",0.370923
./random_graph_db/graph_db_node_16/05_p0.45/05_graph_n16_p0.45_idx6.gpickle,16,0.45,6,7,45,126,"[0, 1, 2, 3, 4, 5, 6, 7, 8, 9, 10, 11, 12, 13, 14, 15]",0.5380352
./random_graph_db/graph_db_node_16/05_p0.45/05_graph_n16_p0.45_idx7.gpickle,16,0.45,7,6,39,110,"[0, 1, 2, 3, 4, 5, 6, 7, 8, 9, 10, 11, 12, 13, 14, 15]",0.375617
./random_graph_db/graph_db_node_16/05_p0.45/05_graph_n16_p0.45_idx8.gpickle,16,0.45,8,7,43,131,"[0, 1, 2, 3, 4, 5, 6, 7, 8, 9, 10, 11, 12, 13, 14, 15]",0.4444888
./random_graph_db/graph_db_node_16/05_p0.45/05_graph_n16_p0.45_idx9.gpickle,16,0.45,9,7,26,87,"[0, 1, 2, 3, 4, 5, 6, 7, 8, 9, 10, 11, 12, 13, 14, 15]",0.2601261
./random_graph_db/graph_db_node_16/06_p0.5/06_graph_n16_p0.5_idx1.gpickle,16,0.5,1,7,42,120,"[0, 1, 2, 3, 4, 5, 6, 7, 8, 9, 10, 11, 12, 13, 14, 15]",0.3977499
./random_graph_db/graph_db_node_16/06_p0.5/06_graph_n16_p0.5_idx10.gpickle,16,0.5,10,7,46,125,"[0, 1, 2, 3, 4, 5, 6, 7, 8, 9, 10, 11, 12, 13, 14, 15]",0.4332428
./random_graph_db/graph_db_node_16/06_p0.5/06_graph_n16_p0.5_idx2.gpickle,16,0.5,2,7,44,131,"[0, 1, 2, 3, 4, 5, 6, 7, 8, 9, 10, 11, 12, 13, 14, 15]",0.418066
./random_graph_db/graph_db_node_16/06_p0.5/06_graph_n16_p0.5_idx3.gpickle,16,0.5,3,7,50,137,"[0, 1, 2, 3, 4, 5, 6, 7, 8, 9, 10, 11, 12, 13, 14, 15]",0.3857141
./random_graph_db/graph_db_node_16/06_p0.5/06_graph_n16_p0.5_idx4.gpickle,16,0.5,4,7,41,124,"[0, 1, 2, 3, 4, 5, 6, 7, 8, 9, 10, 11, 12, 13, 14, 15]",0.425791
./random_graph_db/graph_db_node_16/06_p0.5/06_graph_n16_p0.5_idx5.gpickle,16,0.5,5,7,51,132,"[0, 1, 2, 3, 4, 5, 6, 7, 8, 9, 10, 11, 12, 13, 14, 15]",0.4510238
./random_graph_db/graph_db_node_16/06_p0.5/06_graph_n16_p0.5_idx6.gpickle,16,0.5,6,7,37,98,"[0, 1, 2, 3, 4, 5, 6, 7, 8, 9, 10, 11, 12, 13, 14, 15]",0.3731389
./random_graph_db/graph_db_node_16/06_p0.5/06_graph_n16_p0.5_idx7.gpickle,16,0.5,7,8,46,125,"[0, 1, 2, 3, 4, 5, 6, 7, 8, 9, 10, 11, 12, 13, 14, 15]",0.3946052
./random_graph_db/graph_db_node_16/06_p0.5/06_graph_n16_p0.5_idx8.gpickle,16,0.5,8,7,38,107,"[0, 1, 2, 3, 4, 5, 6, 7, 8, 9, 10, 11, 12, 13, 14, 15]",0.3671072
./random_graph_db/graph_db_node_16/06_p0.5/06_graph_n16_p0.5_idx9.gpickle,16,0.5,9,8,50,125,"[0, 1, 2, 3, 4, 5, 6, 7, 8, 9, 10, 11, 12, 13, 14, 15]",0.4353201
./random_graph_db/graph_db_node_16/07_p0.55/07_graph_n16_p0.55_idx1.gpickle,16,0.55,1,8,50,147,"[0, 1, 2, 3, 4, 5, 6, 7, 8, 9, 10, 11, 12, 13, 14, 15]",0.4653702
./random_graph_db/graph_db_node_16/07_p0.55/07_graph_n16_p0.55_idx10.gpickle,16,0.55,10,7,44,135,"[0, 1, 2, 3, 4, 5, 6, 7, 8, 9, 10, 11, 12, 13, 14, 15]",0.4243171
./random_graph_db/graph_db_node_16/07_p0.55/07_graph_n16_p0.55_idx2.gpickle,16,0.55,2,7,46,117,"[0, 1, 2, 3, 4, 5, 6, 7, 8, 9, 10, 11, 12, 13, 14, 15]",0.4170113
./random_graph_db/graph_db_node_16/07_p0.55/07_graph_n16_p0.55_idx3.gpickle,16,0.55,3,8,44,111,"[0, 1, 2, 3, 4, 5, 6, 7, 8, 9, 10, 11, 12, 13, 14, 15]",0.4176579
./random_graph_db/graph_db_node_16/07_p0.55/07_graph_n16_p0.55_idx4.gpickle,16,0.55,4,7,46,131,"[0, 1, 2, 3, 4, 5, 6, 7, 8, 9, 10, 11, 12, 13, 14, 15]",0.4404972
./random_graph_db/graph_db_node_16/07_p0.55/07_graph_n16_p0.55_idx5.gpickle,16,0.55,5,7,45,134,"[0, 1, 2, 3, 4, 5, 6, 7, 8, 9, 10, 11, 12, 13, 14, 15]",0.4026148
./random_graph_db/graph_db_node_16/07_p0.55/07_graph_n16_p0.55_idx6.gpickle,16,0.55,6,7,43,119,"[0, 1, 2, 3, 4, 5, 6, 7, 8, 9, 10, 11, 12, 13, 14, 15]",0.405211
./random_graph_db/graph_db_node_16/07_p0.55/07_graph_n16_p0.55_idx7.gpickle,16,0.55,7,8,45,110,"[0, 1, 2, 3, 4, 5, 6, 7, 8, 9, 10, 11, 12, 13, 14, 15]",0.4264531
./random_graph_db/graph_db_node_16/07_p0.55/07_graph_n16_p0.55_idx8.gpickle,16,0.55,8,7,45,127,"[0, 1, 2, 3, 4, 5, 6, 7, 8, 9, 10, 11, 12, 13, 14, 15]",0.442209
./random_graph_db/graph_db_node_16/07_p0.55/07_graph_n16_p0.55_idx9.gpickle,16,0.55,9,7,41,109,"[0, 1, 2, 3, 4, 5, 6, 7, 8, 9, 10, 11, 12, 13, 14, 15]",0.4049182
./random_graph_db/graph_db_node_16/08_p0.6/08_graph_n16_p0.6_idx1.gpickle,16,0.6,1,7,36,110,"[0, 1, 2, 3, 4, 5, 6, 7, 8, 9, 10, 11, 12, 13, 14, 15]",0.4708111
./random_graph_db/graph_db_node_16/08_p0.6/08_graph_n16_p0.6_idx10.gpickle,16,0.6,10,7,40,109,"[0, 1, 2, 3, 4, 5, 6, 7, 8, 9, 10, 11, 12, 13, 14, 15]",0.380141
./random_graph_db/graph_db_node_16/08_p0.6/08_graph_n16_p0.6_idx2.gpickle,16,0.6,2,8,35,88,"[0, 1, 2, 3, 4, 5, 6, 7, 8, 9, 10, 11, 12, 13, 14, 15]",0.348681
./random_graph_db/graph_db_node_16/08_p0.6/08_graph_n16_p0.6_idx3.gpickle,16,0.6,3,7,50,143,"[0, 1, 2, 3, 4, 5, 6, 7, 8, 9, 10, 11, 12, 13, 14, 15]",0.4156089
./random_graph_db/graph_db_node_16/08_p0.6/08_graph_n16_p0.6_idx4.gpickle,16,0.6,4,8,39,117,"[0, 1, 2, 3, 4, 5, 6, 7, 8, 9, 10, 11, 12, 13, 14, 15]",0.4351969
./random_graph_db/graph_db_node_16/08_p0.6/08_graph_n16_p0.6_idx5.gpickle,16,0.6,5,7,41,138,"[0, 1, 2, 3, 4, 5, 6, 7, 8, 9, 10, 11, 12, 13, 14, 15]",0.395468
./random_graph_db/graph_db_node_16/08_p0.6/08_graph_n16_p0.6_idx6.gpickle,16,0.6,6,7,35,91,"[0, 1, 2, 3, 4, 5, 6, 7, 8, 9, 10, 11, 12, 13, 14, 15]",0.331358
./random_graph_db/graph_db_node_16/08_p0.6/08_graph_n16_p0.6_idx7.gpickle,16,0.6,7,7,43,113,"[0, 1, 2, 3, 4, 5, 6, 7, 8, 9, 10, 11, 12, 13, 14, 15]",0.4151061
./random_graph_db/graph_db_node_16/08_p0.6/08_graph_n16_p0.6_idx8.gpickle,16,0.6,8,7,48,117,"[0, 1, 2, 3, 4, 5, 6, 7, 8, 9, 10, 11, 12, 13, 14, 15]",0.4408479
./random_graph_db/graph_db_node_16/08_p0.6/08_graph_n16_p0.6_idx9.gpickle,16,0.6,9,8,48,122,"[0, 1, 2, 3, 4, 5, 6, 7, 8, 9, 10, 11, 12, 13, 14, 15]",0.4254019
./random_graph_db/graph_db_node_16/09_p0.65/09_graph_n16_p0.65_idx1.gpickle,16,0.65,1,7,42,122,"[0, 1, 2, 3, 4, 5, 6, 7, 8, 9, 10, 11, 12, 13, 14, 15]",0.3874807
./random_graph_db/graph_db_node_16/09_p0.65/09_graph_n16_p0.65_idx10.gpickle,16,0.65,10,7,37,106,"[0, 1, 2, 3, 4, 5, 6, 7, 8, 9, 10, 11, 12, 13, 14, 15]",0.3631883
./random_graph_db/graph_db_node_16/09_p0.65/09_graph_n16_p0.65_idx2.gpickle,16,0.65,2,7,41,117,"[0, 1, 2, 3, 4, 5, 6, 7, 8, 9, 10, 11, 12, 13, 14, 15]",0.375128
./random_graph_db/graph_db_node_16/09_p0.65/09_graph_n16_p0.65_idx3.gpickle,16,0.65,3,7,40,113,"[0, 1, 2, 3, 4, 5, 6, 7, 8, 9, 10, 11, 12, 13, 14, 15]",0.3680437
./random_graph_db/graph_db_node_16/09_p0.65/09_graph_n16_p0.65_idx4.gpickle,16,0.65,4,8,40,114,"[0, 1, 2, 3, 4, 5, 6, 7, 8, 9, 10, 11, 12, 13, 14, 15]",0.3589368
./random_graph_db/graph_db_node_16/09_p0.65/09_graph_n16_p0.65_idx5.gpickle,16,0.65,5,8,47,119,"[0, 1, 2, 3, 4, 5, 6, 7, 8, 9, 10, 11, 12, 13, 14, 15]",0.4139237
./random_graph_db/graph_db_node_16/09_p0.65/09_graph_n16_p0.65_idx6.gpickle,16,0.65,6,7,42,115,"[0, 1, 2, 3, 4, 5, 6, 7, 8, 9, 10, 11, 12, 13, 14, 15]",0.4108248
./random_graph_db/graph_db_node_16/09_p0.65/09_graph_n16_p0.65_idx7.gpickle,16,0.65,7,8,52,143,"[0, 1, 2, 3, 4, 5, 6, 7, 8, 9, 10, 11, 12, 13, 14, 15]",0.469451
./random_graph_db/graph_db_node_16/09_p0.65/09_graph_n16_p0.65_idx8.gpickle,16,0.65,8,7,41,112,"[0, 1, 2, 3, 4, 5, 6, 7, 8, 9, 10, 11, 12, 13, 14, 15]",0.3784041
./random_graph_db/graph_db_node_16/09_p0.65/09_graph_n16_p0.65_idx9.gpickle,16,0.65,9,8,44,123,"[0, 1, 2, 3, 4, 5, 6, 7, 8, 9, 10, 11, 12, 13, 14, 15]",0.3857431
./random_graph_db/graph_db_node_16/10_p0.7/10_graph_n16_p0.7_idx1.gpickle,16,0.7,1,7,33,90,"[0, 1, 2, 3, 4, 5, 6, 7, 8, 9, 10, 11, 12, 13, 14, 15]",0.3182559
./random_graph_db/graph_db_node_16/10_p0.7/10_graph_n16_p0.7_idx10.gpickle,16,0.7,10,7,42,116,"[0, 1, 2, 3, 4, 5, 6, 7, 8, 9, 10, 11, 12, 13, 14, 15]",0.3947062
./random_graph_db/graph_db_node_16/10_p0.7/10_graph_n16_p0.7_idx2.gpickle,16,0.7,2,6,33,102,"[0, 1, 2, 3, 4, 5, 6, 7, 8, 9, 10, 11, 12, 13, 14, 15]",0.3508091
./random_graph_db/graph_db_node_16/10_p0.7/10_graph_n16_p0.7_idx3.gpickle,16,0.7,3,7,37,109,"[0, 1, 2, 3, 4, 5, 6, 7, 8, 9, 10, 11, 12, 13, 14, 15]",0.3441498
./random_graph_db/graph_db_node_16/10_p0.7/10_graph_n16_p0.7_idx4.gpickle,16,0.7,4,7,42,113,"[0, 1, 2, 3, 4, 5, 6, 7, 8, 9, 10, 11, 12, 13, 14, 15]",0.4291999
./random_graph_db/graph_db_node_16/10_p0.7/10_graph_n16_p0.7_idx5.gpickle,16,0.7,5,7,33,90,"[0, 1, 2, 3, 4, 5, 6, 7, 8, 9, 10, 11, 12, 13, 14, 15]",0.3204319
./random_graph_db/graph_db_node_16/10_p0.7/10_graph_n16_p0.7_idx6.gpickle,16,0.7,6,7,35,95,"[0, 1, 2, 3, 4, 5, 6, 7, 8, 9, 10, 11, 12, 13, 14, 15]",0.3573041
./random_graph_db/graph_db_node_16/10_p0.7/10_graph_n16_p0.7_idx7.gpickle,16,0.7,7,6,33,84,"[0, 1, 2, 3, 4, 5, 6, 7, 8, 9, 10, 11, 12, 13, 14, 15]",0.353981
./random_graph_db/graph_db_node_16/10_p0.7/10_graph_n16_p0.7_idx8.gpickle,16,0.7,8,7,43,117,"[0, 1, 2, 3, 4, 5, 6, 7, 8, 9, 10, 11, 12, 13, 14, 15]",0.4158969
./random_graph_db/graph_db_node_16/10_p0.7/10_graph_n16_p0.7_idx9.gpickle,16,0.7,9,7,48,133,"[0, 1, 2, 3, 4, 5, 6, 7, 8, 9, 10, 11, 12, 13, 14, 15]",0.447181
./random_graph_db/graph_db_node_16/11_p0.8/11_graph_n16_p0.8_idx1.gpickle,16,0.8,1,6,24,77,"[0, 1, 2, 3, 4, 5, 6, 7, 8, 9, 10, 11, 12, 13, 14, 15]",0.3199279
./random_graph_db/graph_db_node_16/11_p0.8/11_graph_n16_p0.8_idx10.gpickle,16,0.8,10,6,21,76,"[0, 1, 2, 3, 4, 5, 6, 7, 8, 9, 10, 11, 12, 13, 14, 15]",0.2724841
./random_graph_db/graph_db_node_16/11_p0.8/11_graph_n16_p0.8_idx2.gpickle,16,0.8,2,6,20,69,"[0, 1, 2, 3, 4, 5, 6, 7, 8, 9, 10, 11, 12, 13, 14, 15]",0.2698913
./random_graph_db/graph_db_node_16/11_p0.8/11_graph_n16_p0.8_idx3.gpickle,16,0.8,3,7,34,100,"[0, 1, 2, 3, 4, 5, 6, 7, 8, 9, 10, 11, 12, 13, 14, 15]",0.3744469
./random_graph_db/graph_db_node_16/11_p0.8/11_graph_n16_p0.8_idx4.gpickle,16,0.8,4,7,43,118,"[0, 1, 2, 3, 4, 5, 6, 7, 8, 9, 10, 11, 12, 13, 14, 15]",0.3913341
./random_graph_db/graph_db_node_16/11_p0.8/11_graph_n16_p0.8_idx5.gpickle,16,0.8,5,7,28,74,"[0, 1, 2, 3, 4, 5, 6, 7, 8, 9, 10, 11, 12, 13, 14, 15]",0.2776229
./random_graph_db/graph_db_node_16/11_p0.8/11_graph_n16_p0.8_idx6.gpickle,16,0.8,6,6,27,71,"[0, 1, 2, 3, 4, 5, 6, 7, 8, 9, 10, 11, 12, 13, 14, 15]",0.3030338
./random_graph_db/graph_db_node_16/11_p0.8/11_graph_n16_p0.8_idx7.gpickle,16,0.8,7,8,28,66,"[0, 1, 2, 3, 4, 5, 6, 7, 8, 9, 10, 11, 12, 13, 14, 15]",0.3132248
./random_graph_db/graph_db_node_16/11_p0.8/11_graph_n16_p0.8_idx8.gpickle,16,0.8,8,7,27,75,"[0, 1, 2, 3, 4, 5, 6, 7, 8, 9, 10, 11, 12, 13, 14, 15]",0.291378
./random_graph_db/graph_db_node_16/11_p0.8/11_graph_n16_p0.8_idx9.gpickle,16,0.8,9,6,19,62,"[0, 1, 2, 3, 4, 5, 6, 7, 8, 9, 10, 11, 12, 13, 14, 15]",0.226059
./random_graph_db/graph_db_node_16/12_p0.9/12_graph_n16_p0.9_idx1.gpickle,16,0.9,1,5,9,41,"[0, 1, 2, 3, 4, 5, 6, 7, 8, 9, 10, 11, 12, 13, 14, 15]",0.157305
./random_graph_db/graph_db_node_16/12_p0.9/12_graph_n16_p0.9_idx10.gpickle,16,0.9,10,7,15,55,"[0, 1, 2, 3, 4, 5, 6, 7, 8, 9, 10, 11, 12, 13, 14, 15]",0.2297678
./random_graph_db/graph_db_node_16/12_p0.9/12_graph_n16_p0.9_idx2.gpickle,16,0.9,2,5,10,45,"[0, 1, 2, 3, 4, 5, 6, 7, 8, 9, 10, 11, 12, 13, 14, 15]",0.2086682
./random_graph_db/graph_db_node_16/12_p0.9/12_graph_n16_p0.9_idx3.gpickle,16,0.9,3,6,13,43,"[0, 1, 2, 3, 4, 5, 6, 7, 8, 9, 10, 11, 12, 13, 14, 15]",0.2657061
./random_graph_db/graph_db_node_16/12_p0.9/12_graph_n16_p0.9_idx4.gpickle,16,0.9,4,7,15,59,"[0, 1, 2, 3, 4, 5, 6, 7, 8, 9, 10, 11, 12, 13, 14, 15]",0.2223492
./random_graph_db/graph_db_node_16/12_p0.9/12_graph_n16_p0.9_idx5.gpickle,16,0.9,5,5,9,30,"[0, 1, 2, 3, 4, 5, 6, 7, 8, 9, 10, 11, 12, 13, 14, 15]",0.187984
./random_graph_db/graph_db_node_16/12_p0.9/12_graph_n16_p0.9_idx6.gpickle,16,0.9,6,5,6,29,"[0, 1, 2, 3, 4, 5, 6, 7, 8, 9, 10, 11, 12, 13, 14, 15]",0.1502829
./random_graph_db/graph_db_node_16/12_p0.9/12_graph_n16_p0.9_idx7.gpickle,16,0.9,7,7,14,43,"[0, 1, 2, 3, 4, 5, 6, 7, 8, 9, 10, 11, 12, 13, 14, 15]",0.2054749
./random_graph_db/graph_db_node_16/12_p0.9/12_graph_n16_p0.9_idx8.gpickle,16,0.9,8,6,27,71,"[0, 1, 2, 3, 4, 5, 6, 7, 8, 9, 10, 11, 12, 13, 14, 15]",0.299788
./random_graph_db/graph_db_node_16/12_p0.9/12_graph_n16_p0.9_idx9.gpickle,16,0.9,9,6,14,53,"[0, 1, 2, 3, 4, 5, 6, 7, 8, 9, 10, 11, 12, 13, 14, 15]",0.201843
./random_graph_db/graph_db_node_17/01_p0.1/01_graph_n17_p0.1_idx1.gpickle,17,0.1,1,6,8,37,"[0, 1, 2, 3, 4, 5, 6, 7, 8, 9, 10, 11, 12, 13, 14, 15, 16]",0.168056
./random_graph_db/graph_db_node_17/01_p0.1/01_graph_n17_p0.1_idx10.gpickle,17,0.1,10,6,12,55,"[0, 1, 2, 3, 4, 5, 6, 7, 8, 9, 10, 11, 12, 13, 14, 15, 16]",0.2045922
./random_graph_db/graph_db_node_17/01_p0.1/01_graph_n17_p0.1_idx2.gpickle,17,0.1,2,5,6,32,"[0, 1, 2, 3, 4, 5, 6, 7, 8, 9, 10, 11, 12, 13, 14, 15, 16]",0.1349812
./random_graph_db/graph_db_node_17/01_p0.1/01_graph_n17_p0.1_idx3.gpickle,17,0.1,3,6,19,65,"[0, 1, 2, 3, 4, 5, 6, 7, 8, 9, 10, 11, 12, 13, 14, 15, 16]",0.261925
./random_graph_db/graph_db_node_17/01_p0.1/01_graph_n17_p0.1_idx4.gpickle,17,0.1,4,6,10,39,"[0, 1, 2, 3, 4, 5, 6, 7, 8, 9, 10, 11, 12, 13, 14, 15, 16]",0.2038012
./random_graph_db/graph_db_node_17/01_p0.1/01_graph_n17_p0.1_idx5.gpickle,17,0.1,5,7,15,51,"[0, 1, 2, 3, 4, 5, 6, 7, 8, 9, 10, 11, 12, 13, 14, 15, 16]",0.211822
./random_graph_db/graph_db_node_17/01_p0.1/01_graph_n17_p0.1_idx6.gpickle,17,0.1,6,6,8,39,"[0, 1, 2, 3, 4, 5, 6, 7, 8, 9, 10, 11, 12, 13, 14, 15, 16]",0.180866
./random_graph_db/graph_db_node_17/01_p0.1/01_graph_n17_p0.1_idx7.gpickle,17,0.1,7,8,9,38,"[0, 1, 2, 3, 4, 5, 6, 7, 8, 9, 10, 11, 12, 13, 14, 15, 16]",0.1858189
./random_graph_db/graph_db_node_17/01_p0.1/01_graph_n17_p0.1_idx8.gpickle,17,0.1,8,7,14,42,"[0, 1, 2, 3, 4, 5, 6, 7, 8, 9, 10, 11, 12, 13, 14, 15, 16]",0.2417402
./random_graph_db/graph_db_node_17/01_p0.1/01_graph_n17_p0.1_idx9.gpickle,17,0.1,9,5,9,45,"[0, 1, 2, 3, 4, 5, 6, 7, 8, 9, 10, 11, 12, 13, 14, 15, 16]",0.185848
./random_graph_db/graph_db_node_17/02_p0.2/02_graph_n17_p0.2_idx1.gpickle,17,0.2,1,8,20,57,"[0, 1, 2, 3, 4, 5, 6, 7, 8, 9, 10, 11, 12, 13, 14, 15, 16]",0.2860291
./random_graph_db/graph_db_node_17/02_p0.2/02_graph_n17_p0.2_idx10.gpickle,17,0.2,10,6,14,49,"[0, 1, 2, 3, 4, 5, 6, 7, 8, 9, 10, 11, 12, 13, 14, 15, 16]",0.2206511
./random_graph_db/graph_db_node_17/02_p0.2/02_graph_n17_p0.2_idx2.gpickle,17,0.2,2,6,23,81,"[0, 1, 2, 3, 4, 5, 6, 7, 8, 9, 10, 11, 12, 13, 14, 15, 16]",0.32184
./random_graph_db/graph_db_node_17/02_p0.2/02_graph_n17_p0.2_idx3.gpickle,17,0.2,3,7,29,93,"[0, 1, 2, 3, 4, 5, 6, 7, 8, 9, 10, 11, 12, 13, 14, 15, 16]",0.323544
./random_graph_db/graph_db_node_17/02_p0.2/02_graph_n17_p0.2_idx4.gpickle,17,0.2,4,7,14,48,"[0, 1, 2, 3, 4, 5, 6, 7, 8, 9, 10, 11, 12, 13, 14, 15, 16]",0.2193582
./random_graph_db/graph_db_node_17/02_p0.2/02_graph_n17_p0.2_idx5.gpickle,17,0.2,5,8,31,93,"[0, 1, 2, 3, 4, 5, 6, 7, 8, 9, 10, 11, 12, 13, 14, 15, 16]",0.370275
./random_graph_db/graph_db_node_17/02_p0.2/02_graph_n17_p0.2_idx6.gpickle,17,0.2,6,7,31,79,"[0, 1, 2, 3, 4, 5, 6, 7, 8, 9, 10, 11, 12, 13, 14, 15, 16]",0.3820381
./random_graph_db/graph_db_node_17/02_p0.2/02_graph_n17_p0.2_idx7.gpickle,17,0.2,7,7,18,59,"[0, 1, 2, 3, 4, 5, 6, 7, 8, 9, 10, 11, 12, 13, 14, 15, 16]",0.2748802
./random_graph_db/graph_db_node_17/02_p0.2/02_graph_n17_p0.2_idx8.gpickle,17,0.2,8,8,24,72,"[0, 1, 2, 3, 4, 5, 6, 7, 8, 9, 10, 11, 12, 13, 14, 15, 16]",0.3511021
./random_graph_db/graph_db_node_17/02_p0.2/02_graph_n17_p0.2_idx9.gpickle,17,0.2,9,7,28,83,"[0, 1, 2, 3, 4, 5, 6, 7, 8, 9, 10, 11, 12, 13, 14, 15, 16]",0.3193662
./random_graph_db/graph_db_node_17/03_p0.3/03_graph_n17_p0.3_idx1.gpickle,17,0.3,1,6,25,76,"[0, 1, 2, 3, 4, 5, 6, 7, 8, 9, 10, 11, 12, 13, 14, 15, 16]",0.3340459
./random_graph_db/graph_db_node_17/03_p0.3/03_graph_n17_p0.3_idx10.gpickle,17,0.3,10,7,42,116,"[0, 1, 2, 3, 4, 5, 6, 7, 8, 9, 10, 11, 12, 13, 14, 15, 16]",0.396503
./random_graph_db/graph_db_node_17/03_p0.3/03_graph_n17_p0.3_idx2.gpickle,17,0.3,2,8,33,87,"[0, 1, 2, 3, 4, 5, 6, 7, 8, 9, 10, 11, 12, 13, 14, 15, 16]",0.3860328
./random_graph_db/graph_db_node_17/03_p0.3/03_graph_n17_p0.3_idx3.gpickle,17,0.3,3,7,31,102,"[0, 1, 2, 3, 4, 5, 6, 7, 8, 9, 10, 11, 12, 13, 14, 15, 16]",0.3672481
./random_graph_db/graph_db_node_17/03_p0.3/03_graph_n17_p0.3_idx4.gpickle,17,0.3,4,7,43,118,"[0, 1, 2, 3, 4, 5, 6, 7, 8, 9, 10, 11, 12, 13, 14, 15, 16]",0.4338691
./random_graph_db/graph_db_node_17/03_p0.3/03_graph_n17_p0.3_idx5.gpickle,17,0.3,5,7,33,89,"[0, 1, 2, 3, 4, 5, 6, 7, 8, 9, 10, 11, 12, 13, 14, 15, 16]",0.403971
./random_graph_db/graph_db_node_17/03_p0.3/03_graph_n17_p0.3_idx6.gpickle,17,0.3,6,7,33,99,"[0, 1, 2, 3, 4, 5, 6, 7, 8, 9, 10, 11, 12, 13, 14, 15, 16]",0.3614891
./random_graph_db/graph_db_node_17/03_p0.3/03_graph_n17_p0.3_idx7.gpickle,17,0.3,7,8,41,115,"[0, 1, 2, 3, 4, 5, 6, 7, 8, 9, 10, 11, 12, 13, 14, 15, 16]",0.3986778
./random_graph_db/graph_db_node_17/03_p0.3/03_graph_n17_p0.3_idx8.gpickle,17,0.3,8,8,44,129,"[0, 1, 2, 3, 4, 5, 6, 7, 8, 9, 10, 11, 12, 13, 14, 15, 16]",0.461364
./random_graph_db/graph_db_node_17/03_p0.3/03_graph_n17_p0.3_idx9.gpickle,17,0.3,9,7,49,143,"[0, 1, 2, 3, 4, 5, 6, 7, 8, 9, 10, 11, 12, 13, 14, 15, 16]",0.487361
./random_graph_db/graph_db_node_17/04_p0.4/04_graph_n17_p0.4_idx1.gpickle,17,0.4,1,8,54,133,"[0, 1, 2, 3, 4, 5, 6, 7, 8, 9, 10, 11, 12, 13, 14, 15, 16]",0.526494
./random_graph_db/graph_db_node_17/04_p0.4/04_graph_n17_p0.4_idx10.gpickle,17,0.4,10,7,50,141,"[0, 1, 2, 3, 4, 5, 6, 7, 8, 9, 10, 11, 12, 13, 14, 15, 16]",0.4652381
./random_graph_db/graph_db_node_17/04_p0.4/04_graph_n17_p0.4_idx2.gpickle,17,0.4,2,8,53,141,"[0, 1, 2, 3, 4, 5, 6, 7, 8, 9, 10, 11, 12, 13, 14, 15, 16]",0.5063131
./random_graph_db/graph_db_node_17/04_p0.4/04_graph_n17_p0.4_idx3.gpickle,17,0.4,3,8,49,121,"[0, 1, 2, 3, 4, 5, 6, 7, 8, 9, 10, 11, 12, 13, 14, 15, 16]",0.4844408
./random_graph_db/graph_db_node_17/04_p0.4/04_graph_n17_p0.4_idx4.gpickle,17,0.4,4,7,47,131,"[0, 1, 2, 3, 4, 5, 6, 7, 8, 9, 10, 11, 12, 13, 14, 15, 16]",0.4901378
./random_graph_db/graph_db_node_17/04_p0.4/04_graph_n17_p0.4_idx5.gpickle,17,0.4,5,7,49,132,"[0, 1, 2, 3, 4, 5, 6, 7, 8, 9, 10, 11, 12, 13, 14, 15, 16]",0.4703832
./random_graph_db/graph_db_node_17/04_p0.4/04_graph_n17_p0.4_idx6.gpickle,17,0.4,6,7,44,112,"[0, 1, 2, 3, 4, 5, 6, 7, 8, 9, 10, 11, 12, 13, 14, 15, 16]",0.4464021
./random_graph_db/graph_db_node_17/04_p0.4/04_graph_n17_p0.4_idx7.gpickle,17,0.4,7,8,47,119,"[0, 1, 2, 3, 4, 5, 6, 7, 8, 9, 10, 11, 12, 13, 14, 15, 16]",0.52513
./random_graph_db/graph_db_node_17/04_p0.4/04_graph_n17_p0.4_idx8.gpickle,17,0.4,8,7,49,129,"[0, 1, 2, 3, 4, 5, 6, 7, 8, 9, 10, 11, 12, 13, 14, 15, 16]",0.4791303
./random_graph_db/graph_db_node_17/04_p0.4/04_graph_n17_p0.4_idx9.gpickle,17,0.4,9,8,47,120,"[0, 1, 2, 3, 4, 5, 6, 7, 8, 9, 10, 11, 12, 13, 14, 15, 16]",0.5245609
./random_graph_db/graph_db_node_17/05_p0.45/05_graph_n17_p0.45_idx1.gpickle,17,0.45,1,7,47,133,"[0, 1, 2, 3, 4, 5, 6, 7, 8, 9, 10, 11, 12, 13, 14, 15, 16]",0.458581
./random_graph_db/graph_db_node_17/05_p0.45/05_graph_n17_p0.45_idx10.gpickle,17,0.45,10,8,43,120,"[0, 1, 2, 3, 4, 5, 6, 7, 8, 9, 10, 11, 12, 13, 14, 15, 16]",0.4091861
./random_graph_db/graph_db_node_17/05_p0.45/05_graph_n17_p0.45_idx2.gpickle,17,0.45,2,8,51,132,"[0, 1, 2, 3, 4, 5, 6, 7, 8, 9, 10, 11, 12, 13, 14, 15, 16]",0.4917302
./random_graph_db/graph_db_node_17/05_p0.45/05_graph_n17_p0.45_idx3.gpickle,17,0.45,3,7,46,123,"[0, 1, 2, 3, 4, 5, 6, 7, 8, 9, 10, 11, 12, 13, 14, 15, 16]",0.5842929
./random_graph_db/graph_db_node_17/05_p0.45/05_graph_n17_p0.45_idx4.gpickle,17,0.45,4,8,46,122,"[0, 1, 2, 3, 4, 5, 6, 7, 8, 9, 10, 11, 12, 13, 14, 15, 16]",0.4450371
./random_graph_db/graph_db_node_17/05_p0.45/05_graph_n17_p0.45_idx5.gpickle,17,0.45,5,8,47,132,"[0, 1, 2, 3, 4, 5, 6, 7, 8, 9, 10, 11, 12, 13, 14, 15, 16]",0.4369211
./random_graph_db/graph_db_node_17/05_p0.45/05_graph_n17_p0.45_idx6.gpickle,17,0.45,6,7,35,103,"[0, 1, 2, 3, 4, 5, 6, 7, 8, 9, 10, 11, 12, 13, 14, 15, 16]",0.4024692
./random_graph_db/graph_db_node_17/05_p0.45/05_graph_n17_p0.45_idx7.gpickle,17,0.45,7,8,37,113,"[0, 1, 2, 3, 4, 5, 6, 7, 8, 9, 10, 11, 12, 13, 14, 15, 16]",0.428349
./random_graph_db/graph_db_node_17/05_p0.45/05_graph_n17_p0.45_idx8.gpickle,17,0.45,8,8,51,134,"[0, 1, 2, 3, 4, 5, 6, 7, 8, 9, 10, 11, 12, 13, 14, 15, 16]",0.4905331
./random_graph_db/graph_db_node_17/05_p0.45/05_graph_n17_p0.45_idx9.gpickle,17,0.45,9,8,43,129,"[0, 1, 2, 3, 4, 5, 6, 7, 8, 9, 10, 11, 12, 13, 14, 15, 16]",0.4815881
./random_graph_db/graph_db_node_17/06_p0.5/06_graph_n17_p0.5_idx1.gpickle,17,0.5,1,8,48,132,"[0, 1, 2, 3, 4, 5, 6, 7, 8, 9, 10, 11, 12, 13, 14, 15, 16]",0.4563608
./random_graph_db/graph_db_node_17/06_p0.5/06_graph_n17_p0.5_idx10.gpickle,17,0.5,10,8,50,126,"[0, 1, 2, 3, 4, 5, 6, 7, 8, 9, 10, 11, 12, 13, 14, 15, 16]",0.4800389
./random_graph_db/graph_db_node_17/06_p0.5/06_graph_n17_p0.5_idx2.gpickle,17,0.5,2,8,54,138,"[0, 1, 2, 3, 4, 5, 6, 7, 8, 9, 10, 11, 12, 13, 14, 15, 16]",0.5385926
./random_graph_db/graph_db_node_17/06_p0.5/06_graph_n17_p0.5_idx3.gpickle,17,0.5,3,8,57,151,"[0, 1, 2, 3, 4, 5, 6, 7, 8, 9, 10, 11, 12, 13, 14, 15, 16]",0.5213058
./random_graph_db/graph_db_node_17/06_p0.5/06_graph_n17_p0.5_idx4.gpickle,17,0.5,4,8,47,120,"[0, 1, 2, 3, 4, 5, 6, 7, 8, 9, 10, 11, 12, 13, 14, 15, 16]",0.4600508
./random_graph_db/graph_db_node_17/06_p0.5/06_graph_n17_p0.5_idx5.gpickle,17,0.5,5,8,59,151,"[0, 1, 2, 3, 4, 5, 6, 7, 8, 9, 10, 11, 12, 13, 14, 15, 16]",0.541343
./random_graph_db/graph_db_node_17/06_p0.5/06_graph_n17_p0.5_idx6.gpickle,17,0.5,6,8,49,129,"[0, 1, 2, 3, 4, 5, 6, 7, 8, 9, 10, 11, 12, 13, 14, 15, 16]",0.4759729
./random_graph_db/graph_db_node_17/06_p0.5/06_graph_n17_p0.5_idx7.gpickle,17,0.5,7,7,43,121,"[0, 1, 2, 3, 4, 5, 6, 7, 8, 9, 10, 11, 12, 13, 14, 15, 16]",0.3897352
./random_graph_db/graph_db_node_17/06_p0.5/06_graph_n17_p0.5_idx8.gpickle,17,0.5,8,7,53,137,"[0, 1, 2, 3, 4, 5, 6, 7, 8, 9, 10, 11, 12, 13, 14, 15, 16]",0.4753962
./random_graph_db/graph_db_node_17/06_p0.5/06_graph_n17_p0.5_idx9.gpickle,17,0.5,9,8,52,143,"[0, 1, 2, 3, 4, 5, 6, 7, 8, 9, 10, 11, 12, 13, 14, 15, 16]",0.5032461
./random_graph_db/graph_db_node_17/07_p0.55/07_graph_n17_p0.55_idx1.gpickle,17,0.55,1,7,55,158,"[0, 1, 2, 3, 4, 5, 6, 7, 8, 9, 10, 11, 12, 13, 14, 15, 16]",0.4872463
./random_graph_db/graph_db_node_17/07_p0.55/07_graph_n17_p0.55_idx10.gpickle,17,0.55,10,8,44,113,"[0, 1, 2, 3, 4, 5, 6, 7, 8, 9, 10, 11, 12, 13, 14, 15, 16]",0.4946887
./random_graph_db/graph_db_node_17/07_p0.55/07_graph_n17_p0.55_idx2.gpickle,17,0.55,2,8,56,145,"[0, 1, 2, 3, 4, 5, 6, 7, 8, 9, 10, 11, 12, 13, 14, 15, 16]",0.4881949
./random_graph_db/graph_db_node_17/07_p0.55/07_graph_n17_p0.55_idx3.gpickle,17,0.55,3,8,60,157,"[0, 1, 2, 3, 4, 5, 6, 7, 8, 9, 10, 11, 12, 13, 14, 15, 16]",0.537261
./random_graph_db/graph_db_node_17/07_p0.55/07_graph_n17_p0.55_idx4.gpickle,17,0.55,4,7,43,118,"[0, 1, 2, 3, 4, 5, 6, 7, 8, 9, 10, 11, 12, 13, 14, 15, 16]",0.4217441
./random_graph_db/graph_db_node_17/07_p0.55/07_graph_n17_p0.55_idx5.gpickle,17,0.55,5,8,61,151,"[0, 1, 2, 3, 4, 5, 6, 7, 8, 9, 10, 11, 12, 13, 14, 15, 16]",0.5356169
./random_graph_db/graph_db_node_17/07_p0.55/07_graph_n17_p0.55_idx6.gpickle,17,0.55,6,7,49,145,"[0, 1, 2, 3, 4, 5, 6, 7, 8, 9, 10, 11, 12, 13, 14, 15, 16]",0.4570031
./random_graph_db/graph_db_node_17/07_p0.55/07_graph_n17_p0.55_idx7.gpickle,17,0.55,7,8,45,122,"[0, 1, 2, 3, 4, 5, 6, 7, 8, 9, 10, 11, 12, 13, 14, 15, 16]",0.5142198
./random_graph_db/graph_db_node_17/07_p0.55/07_graph_n17_p0.55_idx8.gpickle,17,0.55,8,8,57,155,"[0, 1, 2, 3, 4, 5, 6, 7, 8, 9, 10, 11, 12, 13, 14, 15, 16]",0.513912
./random_graph_db/graph_db_node_17/07_p0.55/07_graph_n17_p0.55_idx9.gpickle,17,0.55,9,6,43,120,"[0, 1, 2, 3, 4, 5, 6, 7, 8, 9, 10, 11, 12, 13, 14, 15, 16]",0.416678
./random_graph_db/graph_db_node_17/08_p0.6/08_graph_n17_p0.6_idx1.gpickle,17,0.6,1,8,51,137,"[0, 1, 2, 3, 4, 5, 6, 7, 8, 9, 10, 11, 12, 13, 14, 15, 16]",0.4664531
./random_graph_db/graph_db_node_17/08_p0.6/08_graph_n17_p0.6_idx10.gpickle,17,0.6,10,8,40,123,"[0, 1, 2, 3, 4, 5, 6, 7, 8, 9, 10, 11, 12, 13, 14, 15, 16]",0.409466
./random_graph_db/graph_db_node_17/08_p0.6/08_graph_n17_p0.6_idx2.gpickle,17,0.6,2,8,54,137,"[0, 1, 2, 3, 4, 5, 6, 7, 8, 9, 10, 11, 12, 13, 14, 15, 16]",0.492676
./random_graph_db/graph_db_node_17/08_p0.6/08_graph_n17_p0.6_idx3.gpickle,17,0.6,3,8,54,139,"[0, 1, 2, 3, 4, 5, 6, 7, 8, 9, 10, 11, 12, 13, 14, 15, 16]",0.505955
./random_graph_db/graph_db_node_17/08_p0.6/08_graph_n17_p0.6_idx4.gpickle,17,0.6,4,8,51,139,"[0, 1, 2, 3, 4, 5, 6, 7, 8, 9, 10, 11, 12, 13, 14, 15, 16]",0.4923759
./random_graph_db/graph_db_node_17/08_p0.6/08_graph_n17_p0.6_idx5.gpickle,17,0.6,5,8,50,132,"[0, 1, 2, 3, 4, 5, 6, 7, 8, 9, 10, 11, 12, 13, 14, 15, 16]",0.4758101
./random_graph_db/graph_db_node_17/08_p0.6/08_graph_n17_p0.6_idx6.gpickle,17,0.6,6,8,40,107,"[0, 1, 2, 3, 4, 5, 6, 7, 8, 9, 10, 11, 12, 13, 14, 15, 16]",0.4097781
./random_graph_db/graph_db_node_17/08_p0.6/08_graph_n17_p0.6_idx7.gpickle,17,0.6,7,8,47,127,"[0, 1, 2, 3, 4, 5, 6, 7, 8, 9, 10, 11, 12, 13, 14, 15, 16]",0.7841842
./random_graph_db/graph_db_node_17/08_p0.6/08_graph_n17_p0.6_idx8.gpickle,17,0.6,8,8,47,111,"[0, 1, 2, 3, 4, 5, 6, 7, 8, 9, 10, 11, 12, 13, 14, 15, 16]",0.4645808
./random_graph_db/graph_db_node_17/08_p0.6/08_graph_n17_p0.6_idx9.gpickle,17,0.6,9,8,50,134,"[0, 1, 2, 3, 4, 5, 6, 7, 8, 9, 10, 11, 12, 13, 14, 15, 16]",0.4913311
./random_graph_db/graph_db_node_17/09_p0.65/09_graph_n17_p0.65_idx1.gpickle,17,0.65,1,7,46,121,"[0, 1, 2, 3, 4, 5, 6, 7, 8, 9, 10, 11, 12, 13, 14, 15, 16]",0.4556532
./random_graph_db/graph_db_node_17/09_p0.65/09_graph_n17_p0.65_idx10.gpickle,17,0.65,10,7,42,131,"[0, 1, 2, 3, 4, 5, 6, 7, 8, 9, 10, 11, 12, 13, 14, 15, 16]",0.4116352
./random_graph_db/graph_db_node_17/09_p0.65/09_graph_n17_p0.65_idx2.gpickle,17,0.65,2,8,59,151,"[0, 1, 2, 3, 4, 5, 6, 7, 8, 9, 10, 11, 12, 13, 14, 15, 16]",0.527849
./random_graph_db/graph_db_node_17/09_p0.65/09_graph_n17_p0.65_idx3.gpickle,17,0.65,3,8,45,122,"[0, 1, 2, 3, 4, 5, 6, 7, 8, 9, 10, 11, 12, 13, 14, 15, 16]",0.4557829
./random_graph_db/graph_db_node_17/09_p0.65/09_graph_n17_p0.65_idx4.gpickle,17,0.65,4,8,62,166,"[0, 1, 2, 3, 4, 5, 6, 7, 8, 9, 10, 11, 12, 13, 14, 15, 16]",0.5173891
./random_graph_db/graph_db_node_17/09_p0.65/09_graph_n17_p0.65_idx5.gpickle,17,0.65,5,7,48,136,"[0, 1, 2, 3, 4, 5, 6, 7, 8, 9, 10, 11, 12, 13, 14, 15, 16]",0.5229969
./random_graph_db/graph_db_node_17/09_p0.65/09_graph_n17_p0.65_idx6.gpickle,17,0.65,6,8,50,137,"[0, 1, 2, 3, 4, 5, 6, 7, 8, 9, 10, 11, 12, 13, 14, 15, 16]",0.5092607
./random_graph_db/graph_db_node_17/09_p0.65/09_graph_n17_p0.65_idx7.gpickle,17,0.65,7,8,44,123,"[0, 1, 2, 3, 4, 5, 6, 7, 8, 9, 10, 11, 12, 13, 14, 15, 16]",0.4479418
./random_graph_db/graph_db_node_17/09_p0.65/09_graph_n17_p0.65_idx8.gpickle,17,0.65,8,8,56,150,"[0, 1, 2, 3, 4, 5, 6, 7, 8, 9, 10, 11, 12, 13, 14, 15, 16]",0.5009921
./random_graph_db/graph_db_node_17/09_p0.65/09_graph_n17_p0.65_idx9.gpickle,17,0.65,9,8,50,139,"[0, 1, 2, 3, 4, 5, 6, 7, 8, 9, 10, 11, 12, 13, 14, 15, 16]",0.497118
./random_graph_db/graph_db_node_17/10_p0.7/10_graph_n17_p0.7_idx1.gpickle,17,0.7,1,8,29,80,"[0, 1, 2, 3, 4, 5, 6, 7, 8, 9, 10, 11, 12, 13, 14, 15, 16]",0.3009601
./random_graph_db/graph_db_node_17/10_p0.7/10_graph_n17_p0.7_idx10.gpickle,17,0.7,10,8,50,134,"[0, 1, 2, 3, 4, 5, 6, 7, 8, 9, 10, 11, 12, 13, 14, 15, 16]",0.5085251
./random_graph_db/graph_db_node_17/10_p0.7/10_graph_n17_p0.7_idx2.gpickle,17,0.7,2,7,43,127,"[0, 1, 2, 3, 4, 5, 6, 7, 8, 9, 10, 11, 12, 13, 14, 15, 16]",0.4491379
./random_graph_db/graph_db_node_17/10_p0.7/10_graph_n17_p0.7_idx3.gpickle,17,0.7,3,7,33,99,"[0, 1, 2, 3, 4, 5, 6, 7, 8, 9, 10, 11, 12, 13, 14, 15, 16]",0.3737793
./random_graph_db/graph_db_node_17/10_p0.7/10_graph_n17_p0.7_idx4.gpickle,17,0.7,4,8,49,126,"[0, 1, 2, 3, 4, 5, 6, 7, 8, 9, 10, 11, 12, 13, 14, 15, 16]",0.4793282
./random_graph_db/graph_db_node_17/10_p0.7/10_graph_n17_p0.7_idx5.gpickle,17,0.7,5,8,54,134,"[0, 1, 2, 3, 4, 5, 6, 7, 8, 9, 10, 11, 12, 13, 14, 15, 16]",0.4987171
./random_graph_db/graph_db_node_17/10_p0.7/10_graph_n17_p0.7_idx6.gpickle,17,0.7,6,7,39,110,"[0, 1, 2, 3, 4, 5, 6, 7, 8, 9, 10, 11, 12, 13, 14, 15, 16]",0.4561911
./random_graph_db/graph_db_node_17/10_p0.7/10_graph_n17_p0.7_idx7.gpickle,17,0.7,7,7,42,119,"[0, 1, 2, 3, 4, 5, 6, 7, 8, 9, 10, 11, 12, 13, 14, 15, 16]",0.480011
./random_graph_db/graph_db_node_17/10_p0.7/10_graph_n17_p0.7_idx8.gpickle,17,0.7,8,8,41,108,"[0, 1, 2, 3, 4, 5, 6, 7, 8, 9, 10, 11, 12, 13, 14, 15, 16]",0.4153981
./random_graph_db/graph_db_node_17/10_p0.7/10_graph_n17_p0.7_idx9.gpickle,17,0.7,9,8,63,158,"[0, 1, 2, 3, 4, 5, 6, 7, 8, 9, 10, 11, 12, 13, 14, 15, 16]",0.5473092
./random_graph_db/graph_db_node_17/11_p0.8/11_graph_n17_p0.8_idx1.gpickle,17,0.8,1,8,26,77,"[0, 1, 2, 3, 4, 5, 6, 7, 8, 9, 10, 11, 12, 13, 14, 15, 16]",0.321264
./random_graph_db/graph_db_node_17/11_p0.8/11_graph_n17_p0.8_idx10.gpickle,17,0.8,10,8,40,106,"[0, 1, 2, 3, 4, 5, 6, 7, 8, 9, 10, 11, 12, 13, 14, 15, 16]",0.3969438
./random_graph_db/graph_db_node_17/11_p0.8/11_graph_n17_p0.8_idx2.gpickle,17,0.8,2,6,22,65,"[0, 1, 2, 3, 4, 5, 6, 7, 8, 9, 10, 11, 12, 13, 14, 15, 16]",0.2510242
./random_graph_db/graph_db_node_17/11_p0.8/11_graph_n17_p0.8_idx3.gpickle,17,0.8,3,8,47,131,"[0, 1, 2, 3, 4, 5, 6, 7, 8, 9, 10, 11, 12, 13, 14, 15, 16]",0.523828
./random_graph_db/graph_db_node_17/11_p0.8/11_graph_n17_p0.8_idx4.gpickle,17,0.8,4,7,42,115,"[0, 1, 2, 3, 4, 5, 6, 7, 8, 9, 10, 11, 12, 13, 14, 15, 16]",0.5125351
./random_graph_db/graph_db_node_17/11_p0.8/11_graph_n17_p0.8_idx5.gpickle,17,0.8,5,8,39,120,"[0, 1, 2, 3, 4, 5, 6, 7, 8, 9, 10, 11, 12, 13, 14, 15, 16]",0.4536879
./random_graph_db/graph_db_node_17/11_p0.8/11_graph_n17_p0.8_idx6.gpickle,17,0.8,6,7,33,93,"[0, 1, 2, 3, 4, 5, 6, 7, 8, 9, 10, 11, 12, 13, 14, 15, 16]",0.364217
./random_graph_db/graph_db_node_17/11_p0.8/11_graph_n17_p0.8_idx7.gpickle,17,0.8,7,6,28,87,"[0, 1, 2, 3, 4, 5, 6, 7, 8, 9, 10, 11, 12, 13, 14, 15, 16]",0.314621
./random_graph_db/graph_db_node_17/11_p0.8/11_graph_n17_p0.8_idx8.gpickle,17,0.8,8,6,25,83,"[0, 1, 2, 3, 4, 5, 6, 7, 8, 9, 10, 11, 12, 13, 14, 15, 16]",0.301132
./random_graph_db/graph_db_node_17/11_p0.8/11_graph_n17_p0.8_idx9.gpickle,17,0.8,9,7,35,115,"[0, 1, 2, 3, 4, 5, 6, 7, 8, 9, 10, 11, 12, 13, 14, 15, 16]",0.4236076
./random_graph_db/graph_db_node_17/12_p0.9/12_graph_n17_p0.9_idx1.gpickle,17,0.9,1,6,16,57,"[0, 1, 2, 3, 4, 5, 6, 7, 8, 9, 10, 11, 12, 13, 14, 15, 16]",0.1948092
./random_graph_db/graph_db_node_17/12_p0.9/12_graph_n17_p0.9_idx10.gpickle,17,0.9,10,6,14,47,"[0, 1, 2, 3, 4, 5, 6, 7, 8, 9, 10, 11, 12, 13, 14, 15, 16]",0.211452
./random_graph_db/graph_db_node_17/12_p0.9/12_graph_n17_p0.9_idx2.gpickle,17,0.9,2,7,14,44,"[0, 1, 2, 3, 4, 5, 6, 7, 8, 9, 10, 11, 12, 13, 14, 15, 16]",0.2517018
./random_graph_db/graph_db_node_17/12_p0.9/12_graph_n17_p0.9_idx3.gpickle,17,0.9,3,7,18,61,"[0, 1, 2, 3, 4, 5, 6, 7, 8, 9, 10, 11, 12, 13, 14, 15, 16]",0.2746089
./random_graph_db/graph_db_node_17/12_p0.9/12_graph_n17_p0.9_idx4.gpickle,17,0.9,4,7,23,70,"[0, 1, 2, 3, 4, 5, 6, 7, 8, 9, 10, 11, 12, 13, 14, 15, 16]",0.2838893
./random_graph_db/graph_db_node_17/12_p0.9/12_graph_n17_p0.9_idx5.gpickle,17,0.9,5,5,10,38,"[0, 1, 2, 3, 4, 5, 6, 7, 8, 9, 10, 11, 12, 13, 14, 15, 16]",0.1815989
./random_graph_db/graph_db_node_17/12_p0.9/12_graph_n17_p0.9_idx6.gpickle,17,0.9,6,6,5,32,"[0, 1, 2, 3, 4, 5, 6, 7, 8, 9, 10, 11, 12, 13, 14, 15, 16]",0.1440639
./random_graph_db/graph_db_node_17/12_p0.9/12_graph_n17_p0.9_idx7.gpickle,17,0.9,7,5,13,53,"[0, 1, 2, 3, 4, 5, 6, 7, 8, 9, 10, 11, 12, 13, 14, 15, 16]",0.2128649
./random_graph_db/graph_db_node_17/12_p0.9/12_graph_n17_p0.9_idx8.gpickle,17,0.9,8,4,19,65,"[0, 1, 2, 3, 4, 5, 6, 7, 8, 9, 10, 11, 12, 13, 14, 15, 16]",0.230432
./random_graph_db/graph_db_node_17/12_p0.9/12_graph_n17_p0.9_idx9.gpickle,17,0.9,9,7,23,81,"[0, 1, 2, 3, 4, 5, 6, 7, 8, 9, 10, 11, 12, 13, 14, 15, 16]",0.288023
./random_graph_db/graph_db_node_18/01_p0.1/01_graph_n18_p0.1_idx1.gpickle,18,0.1,1,6,6,35,"[0, 1, 2, 3, 4, 5, 6, 7, 8, 9, 10, 11, 12, 13, 14, 15, 16, 17]",0.1586702
./random_graph_db/graph_db_node_18/01_p0.1/01_graph_n18_p0.1_idx10.gpickle,18,0.1,10,7,12,49,"[0, 1, 2, 3, 4, 5, 6, 7, 8, 9, 10, 11, 12, 13, 14, 15, 16, 17]",0.2065551
./random_graph_db/graph_db_node_18/01_p0.1/01_graph_n18_p0.1_idx2.gpickle,18,0.1,2,7,10,41,"[0, 1, 2, 3, 4, 5, 6, 7, 8, 9, 10, 11, 12, 13, 14, 15, 16, 17]",0.1881449
./random_graph_db/graph_db_node_18/01_p0.1/01_graph_n18_p0.1_idx3.gpickle,18,0.1,3,6,13,55,"[0, 1, 2, 3, 4, 5, 6, 7, 8, 9, 10, 11, 12, 13, 14, 15, 16, 17]",0.2307642
./random_graph_db/graph_db_node_18/01_p0.1/01_graph_n18_p0.1_idx4.gpickle,18,0.1,4,7,11,41,"[0, 1, 2, 3, 4, 5, 6, 7, 8, 9, 10, 11, 12, 13, 14, 15, 16, 17]",0.194824
./random_graph_db/graph_db_node_18/01_p0.1/01_graph_n18_p0.1_idx5.gpickle,18,0.1,5,7,9,40,"[0, 1, 2, 3, 4, 5, 6, 7, 8, 9, 10, 11, 12, 13, 14, 15, 16, 17]",0.2182939
./random_graph_db/graph_db_node_18/01_p0.1/01_graph_n18_p0.1_idx6.gpickle,18,0.1,6,5,7,40,"[0, 1, 2, 3, 4, 5, 6, 7, 8, 9, 10, 11, 12, 13, 14, 15, 16, 17]",0.1763551
./random_graph_db/graph_db_node_18/01_p0.1/01_graph_n18_p0.1_idx7.gpickle,18,0.1,7,6,12,47,"[0, 1, 2, 3, 4, 5, 6, 7, 8, 9, 10, 11, 12, 13, 14, 15, 16, 17]",0.221463
./random_graph_db/graph_db_node_18/01_p0.1/01_graph_n18_p0.1_idx8.gpickle,18,0.1,8,7,13,53,"[0, 1, 2, 3, 4, 5, 6, 7, 8, 9, 10, 11, 12, 13, 14, 15, 16, 17]",0.2356248
./random_graph_db/graph_db_node_18/01_p0.1/01_graph_n18_p0.1_idx9.gpickle,18,0.1,9,7,16,55,"[0, 1, 2, 3, 4, 5, 6, 7, 8, 9, 10, 11, 12, 13, 14, 15, 16, 17]",0.2437449
./random_graph_db/graph_db_node_18/02_p0.2/02_graph_n18_p0.2_idx1.gpickle,18,0.2,1,8,31,99,"[0, 1, 2, 3, 4, 5, 6, 7, 8, 9, 10, 11, 12, 13, 14, 15, 16, 17]",0.3767219
./random_graph_db/graph_db_node_18/02_p0.2/02_graph_n18_p0.2_idx10.gpickle,18,0.2,10,8,25,83,"[0, 1, 2, 3, 4, 5, 6, 7, 8, 9, 10, 11, 12, 13, 14, 15, 16, 17]",0.3425112
./random_graph_db/graph_db_node_18/02_p0.2/02_graph_n18_p0.2_idx2.gpickle,18,0.2,2,8,40,103,"[0, 1, 2, 3, 4, 5, 6, 7, 8, 9, 10, 11, 12, 13, 14, 15, 16, 17]",0.4329798
./random_graph_db/graph_db_node_18/02_p0.2/02_graph_n18_p0.2_idx3.gpickle,18,0.2,3,8,29,89,"[0, 1, 2, 3, 4, 5, 6, 7, 8, 9, 10, 11, 12, 13, 14, 15, 16, 17]",0.386677
./random_graph_db/graph_db_node_18/02_p0.2/02_graph_n18_p0.2_idx4.gpickle,18,0.2,4,8,25,81,"[0, 1, 2, 3, 4, 5, 6, 7, 8, 9, 10, 11, 12, 13, 14, 15, 16, 17]",0.363071
./random_graph_db/graph_db_node_18/02_p0.2/02_graph_n18_p0.2_idx5.gpickle,18,0.2,5,8,30,88,"[0, 1, 2, 3, 4, 5, 6, 7, 8, 9, 10, 11, 12, 13, 14, 15, 16, 17]",0.3531458
./random_graph_db/graph_db_node_18/02_p0.2/02_graph_n18_p0.2_idx6.gpickle,18,0.2,6,7,25,79,"[0, 1, 2, 3, 4, 5, 6, 7, 8, 9, 10, 11, 12, 13, 14, 15, 16, 17]",0.3136106
./random_graph_db/graph_db_node_18/02_p0.2/02_graph_n18_p0.2_idx7.gpickle,18,0.2,7,7,26,65,"[0, 1, 2, 3, 4, 5, 6, 7, 8, 9, 10, 11, 12, 13, 14, 15, 16, 17]",0.319561
./random_graph_db/graph_db_node_18/02_p0.2/02_graph_n18_p0.2_idx8.gpickle,18,0.2,8,7,21,64,"[0, 1, 2, 3, 4, 5, 6, 7, 8, 9, 10, 11, 12, 13, 14, 15, 16, 17]",0.3055601
./random_graph_db/graph_db_node_18/02_p0.2/02_graph_n18_p0.2_idx9.gpickle,18,0.2,9,7,30,92,"[0, 1, 2, 3, 4, 5, 6, 7, 8, 9, 10, 11, 12, 13, 14, 15, 16, 17]",0.3703401
./random_graph_db/graph_db_node_18/03_p0.3/03_graph_n18_p0.3_idx1.gpickle,18,0.3,1,9,59,153,"[0, 1, 2, 3, 4, 5, 6, 7, 8, 9, 10, 11, 12, 13, 14, 15, 16, 17]",0.6096911
./random_graph_db/graph_db_node_18/03_p0.3/03_graph_n18_p0.3_idx10.gpickle,18,0.3,10,8,36,109,"[0, 1, 2, 3, 4, 5, 6, 7, 8, 9, 10, 11, 12, 13, 14, 15, 16, 17]",0.4427462
./random_graph_db/graph_db_node_18/03_p0.3/03_graph_n18_p0.3_idx2.gpickle,18,0.3,2,7,42,133,"[0, 1, 2, 3, 4, 5, 6, 7, 8, 9, 10, 11, 12, 13, 14, 15, 16, 17]",0.4647911
./random_graph_db/graph_db_node_18/03_p0.3/03_graph_n18_p0.3_idx3.gpickle,18,0.3,3,8,50,132,"[0, 1, 2, 3, 4, 5, 6, 7, 8, 9, 10, 11, 12, 13, 14, 15, 16, 17]",0.5032189
./random_graph_db/graph_db_node_18/03_p0.3/03_graph_n18_p0.3_idx4.gpickle,18,0.3,4,8,33,83,"[0, 1, 2, 3, 4, 5, 6, 7, 8, 9, 10, 11, 12, 13, 14, 15, 16, 17]",0.3619268
./random_graph_db/graph_db_node_18/03_p0.3/03_graph_n18_p0.3_idx5.gpickle,18,0.3,5,8,38,114,"[0, 1, 2, 3, 4, 5, 6, 7, 8, 9, 10, 11, 12, 13, 14, 15, 16, 17]",0.391979
./random_graph_db/graph_db_node_18/03_p0.3/03_graph_n18_p0.3_idx6.gpickle,18,0.3,6,8,43,133,"[0, 1, 2, 3, 4, 5, 6, 7, 8, 9, 10, 11, 12, 13, 14, 15, 16, 17]",0.4655459
./random_graph_db/graph_db_node_18/03_p0.3/03_graph_n18_p0.3_idx7.gpickle,18,0.3,7,8,44,124,"[0, 1, 2, 3, 4, 5, 6, 7, 8, 9, 10, 11, 12, 13, 14, 15, 16, 17]",0.4764988
./random_graph_db/graph_db_node_18/03_p0.3/03_graph_n18_p0.3_idx8.gpickle,18,0.3,8,8,51,128,"[0, 1, 2, 3, 4, 5, 6, 7, 8, 9, 10, 11, 12, 13, 14, 15, 16, 17]",0.5544782
./random_graph_db/graph_db_node_18/03_p0.3/03_graph_n18_p0.3_idx9.gpickle,18,0.3,9,8,46,114,"[0, 1, 2, 3, 4, 5, 6, 7, 8, 9, 10, 11, 12, 13, 14, 15, 16, 17]",0.4637561
./random_graph_db/graph_db_node_18/04_p0.4/04_graph_n18_p0.4_idx1.gpickle,18,0.4,1,8,63,176,"[0, 1, 2, 3, 4, 5, 6, 7, 8, 9, 10, 11, 12, 13, 14, 15, 16, 17]",0.6040108
./random_graph_db/graph_db_node_18/04_p0.4/04_graph_n18_p0.4_idx10.gpickle,18,0.4,10,8,53,149,"[0, 1, 2, 3, 4, 5, 6, 7, 8, 9, 10, 11, 12, 13, 14, 15, 16, 17]",0.517803
./random_graph_db/graph_db_node_18/04_p0.4/04_graph_n18_p0.4_idx2.gpickle,18,0.4,2,8,60,155,"[0, 1, 2, 3, 4, 5, 6, 7, 8, 9, 10, 11, 12, 13, 14, 15, 16, 17]",0.5955658
./random_graph_db/graph_db_node_18/04_p0.4/04_graph_n18_p0.4_idx3.gpickle,18,0.4,3,8,51,149,"[0, 1, 2, 3, 4, 5, 6, 7, 8, 9, 10, 11, 12, 13, 14, 15, 16, 17]",0.557451
./random_graph_db/graph_db_node_18/04_p0.4/04_graph_n18_p0.4_idx4.gpickle,18,0.4,4,9,60,165,"[0, 1, 2, 3, 4, 5, 6, 7, 8, 9, 10, 11, 12, 13, 14, 15, 16, 17]",0.5396502
./random_graph_db/graph_db_node_18/04_p0.4/04_graph_n18_p0.4_idx5.gpickle,18,0.4,5,8,52,144,"[0, 1, 2, 3, 4, 5, 6, 7, 8, 9, 10, 11, 12, 13, 14, 15, 16, 17]",0.549876
./random_graph_db/graph_db_node_18/04_p0.4/04_graph_n18_p0.4_idx6.gpickle,18,0.4,6,8,48,130,"[0, 1, 2, 3, 4, 5, 6, 7, 8, 9, 10, 11, 12, 13, 14, 15, 16, 17]",0.5314298
./random_graph_db/graph_db_node_18/04_p0.4/04_graph_n18_p0.4_idx7.gpickle,18,0.4,7,9,59,153,"[0, 1, 2, 3, 4, 5, 6, 7, 8, 9, 10, 11, 12, 13, 14, 15, 16, 17]",0.5673509
./random_graph_db/graph_db_node_18/04_p0.4/04_graph_n18_p0.4_idx8.gpickle,18,0.4,8,8,51,132,"[0, 1, 2, 3, 4, 5, 6, 7, 8, 9, 10, 11, 12, 13, 14, 15, 16, 17]",0.5404963
./random_graph_db/graph_db_node_18/04_p0.4/04_graph_n18_p0.4_idx9.gpickle,18,0.4,9,8,50,132,"[0, 1, 2, 3, 4, 5, 6, 7, 8, 9, 10, 11, 12, 13, 14, 15, 16, 17]",0.5390539
./random_graph_db/graph_db_node_18/05_p0.45/05_graph_n18_p0.45_idx1.gpickle,18,0.45,1,8,59,156,"[0, 1, 2, 3, 4, 5, 6, 7, 8, 9, 10, 11, 12, 13, 14, 15, 16, 17]",0.566134
./random_graph_db/graph_db_node_18/05_p0.45/05_graph_n18_p0.45_idx10.gpickle,18,0.45,10,8,57,155,"[0, 1, 2, 3, 4, 5, 6, 7, 8, 9, 10, 11, 12, 13, 14, 15, 16, 17]",0.5076828
./random_graph_db/graph_db_node_18/05_p0.45/05_graph_n18_p0.45_idx2.gpickle,18,0.45,2,8,57,161,"[0, 1, 2, 3, 4, 5, 6, 7, 8, 9, 10, 11, 12, 13, 14, 15, 16, 17]",0.572751
./random_graph_db/graph_db_node_18/05_p0.45/05_graph_n18_p0.45_idx3.gpickle,18,0.45,3,9,62,152,"[0, 1, 2, 3, 4, 5, 6, 7, 8, 9, 10, 11, 12, 13, 14, 15, 16, 17]",0.5498199
./random_graph_db/graph_db_node_18/05_p0.45/05_graph_n18_p0.45_idx4.gpickle,18,0.45,4,8,49,130,"[0, 1, 2, 3, 4, 5, 6, 7, 8, 9, 10, 11, 12, 13, 14, 15, 16, 17]",0.5185528
./random_graph_db/graph_db_node_18/05_p0.45/05_graph_n18_p0.45_idx5.gpickle,18,0.45,5,8,56,134,"[0, 1, 2, 3, 4, 5, 6, 7, 8, 9, 10, 11, 12, 13, 14, 15, 16, 17]",0.480845
./random_graph_db/graph_db_node_18/05_p0.45/05_graph_n18_p0.45_idx6.gpickle,18,0.45,6,9,48,121,"[0, 1, 2, 3, 4, 5, 6, 7, 8, 9, 10, 11, 12, 13, 14, 15, 16, 17]",0.5288498
./random_graph_db/graph_db_node_18/05_p0.45/05_graph_n18_p0.45_idx7.gpickle,18,0.45,7,8,51,131,"[0, 1, 2, 3, 4, 5, 6, 7, 8, 9, 10, 11, 12, 13, 14, 15, 16, 17]",0.506871
./random_graph_db/graph_db_node_18/05_p0.45/05_graph_n18_p0.45_idx8.gpickle,18,0.45,8,9,52,144,"[0, 1, 2, 3, 4, 5, 6, 7, 8, 9, 10, 11, 12, 13, 14, 15, 16, 17]",0.5607481
./random_graph_db/graph_db_node_18/05_p0.45/05_graph_n18_p0.45_idx9.gpickle,18,0.45,9,8,53,129,"[0, 1, 2, 3, 4, 5, 6, 7, 8, 9, 10, 11, 12, 13, 14, 15, 16, 17]",0.516016
./random_graph_db/graph_db_node_18/06_p0.5/06_graph_n18_p0.5_idx1.gpickle,18,0.5,1,8,59,160,"[0, 1, 2, 3, 4, 5, 6, 7, 8, 9, 10, 11, 12, 13, 14, 15, 16, 17]",0.5935829
./random_graph_db/graph_db_node_18/06_p0.5/06_graph_n18_p0.5_idx10.gpickle,18,0.5,10,9,65,156,"[0, 1, 2, 3, 4, 5, 6, 7, 8, 9, 10, 11, 12, 13, 14, 15, 16, 17]",0.5889637
./random_graph_db/graph_db_node_18/06_p0.5/06_graph_n18_p0.5_idx2.gpickle,18,0.5,2,7,48,139,"[0, 1, 2, 3, 4, 5, 6, 7, 8, 9, 10, 11, 12, 13, 14, 15, 16, 17]",0.5424309
./random_graph_db/graph_db_node_18/06_p0.5/06_graph_n18_p0.5_idx3.gpickle,18,0.5,3,8,57,153,"[0, 1, 2, 3, 4, 5, 6, 7, 8, 9, 10, 11, 12, 13, 14, 15, 16, 17]",0.5433474
./random_graph_db/graph_db_node_18/06_p0.5/06_graph_n18_p0.5_idx4.gpickle,18,0.5,4,9,53,136,"[0, 1, 2, 3, 4, 5, 6, 7, 8, 9, 10, 11, 12, 13, 14, 15, 16, 17]",0.5393088
./random_graph_db/graph_db_node_18/06_p0.5/06_graph_n18_p0.5_idx5.gpickle,18,0.5,5,8,43,125,"[0, 1, 2, 3, 4, 5, 6, 7, 8, 9, 10, 11, 12, 13, 14, 15, 16, 17]",0.4563711
./random_graph_db/graph_db_node_18/06_p0.5/06_graph_n18_p0.5_idx6.gpickle,18,0.5,6,8,55,135,"[0, 1, 2, 3, 4, 5, 6, 7, 8, 9, 10, 11, 12, 13, 14, 15, 16, 17]",0.5720119
./random_graph_db/graph_db_node_18/06_p0.5/06_graph_n18_p0.5_idx7.gpickle,18,0.5,7,8,48,121,"[0, 1, 2, 3, 4, 5, 6, 7, 8, 9, 10, 11, 12, 13, 14, 15, 16, 17]",0.488236
./random_graph_db/graph_db_node_18/06_p0.5/06_graph_n18_p0.5_idx8.gpickle,18,0.5,8,9,72,168,"[0, 1, 2, 3, 4, 5, 6, 7, 8, 9, 10, 11, 12, 13, 14, 15, 16, 17]",0.6060188
./random_graph_db/graph_db_node_18/06_p0.5/06_graph_n18_p0.5_idx9.gpickle,18,0.5,9,9,63,165,"[0, 1, 2, 3, 4, 5, 6, 7, 8, 9, 10, 11, 12, 13, 14, 15, 16, 17]",0.5612857
./random_graph_db/graph_db_node_18/07_p0.55/07_graph_n18_p0.55_idx1.gpickle,18,0.55,1,8,58,164,"[0, 1, 2, 3, 4, 5, 6, 7, 8, 9, 10, 11, 12, 13, 14, 15, 16, 17]",0.5769339
./random_graph_db/graph_db_node_18/07_p0.55/07_graph_n18_p0.55_idx10.gpickle,18,0.55,10,8,67,178,"[0, 1, 2, 3, 4, 5, 6, 7, 8, 9, 10, 11, 12, 13, 14, 15, 16, 17]",0.6686578
./random_graph_db/graph_db_node_18/07_p0.55/07_graph_n18_p0.55_idx2.gpickle,18,0.55,2,8,54,145,"[0, 1, 2, 3, 4, 5, 6, 7, 8, 9, 10, 11, 12, 13, 14, 15, 16, 17]",0.5094993
./random_graph_db/graph_db_node_18/07_p0.55/07_graph_n18_p0.55_idx3.gpickle,18,0.55,3,8,55,155,"[0, 1, 2, 3, 4, 5, 6, 7, 8, 9, 10, 11, 12, 13, 14, 15, 16, 17]",0.5620861
./random_graph_db/graph_db_node_18/07_p0.55/07_graph_n18_p0.55_idx4.gpickle,18,0.55,4,8,49,145,"[0, 1, 2, 3, 4, 5, 6, 7, 8, 9, 10, 11, 12, 13, 14, 15, 16, 17]",0.4979131
./random_graph_db/graph_db_node_18/07_p0.55/07_graph_n18_p0.55_idx5.gpickle,18,0.55,5,8,64,152,"[0, 1, 2, 3, 4, 5, 6, 7, 8, 9, 10, 11, 12, 13, 14, 15, 16, 17]",0.569993
./random_graph_db/graph_db_node_18/07_p0.55/07_graph_n18_p0.55_idx6.gpickle,18,0.55,6,8,56,158,"[0, 1, 2, 3, 4, 5, 6, 7, 8, 9, 10, 11, 12, 13, 14, 15, 16, 17]",0.5497832
./random_graph_db/graph_db_node_18/07_p0.55/07_graph_n18_p0.55_idx7.gpickle,18,0.55,7,9,67,165,"[0, 1, 2, 3, 4, 5, 6, 7, 8, 9, 10, 11, 12, 13, 14, 15, 16, 17]",0.623287
./random_graph_db/graph_db_node_18/07_p0.55/07_graph_n18_p0.55_idx8.gpickle,18,0.55,8,8,55,143,"[0, 1, 2, 3, 4, 5, 6, 7, 8, 9, 10, 11, 12, 13, 14, 15, 16, 17]",0.5541139
./random_graph_db/graph_db_node_18/07_p0.55/07_graph_n18_p0.55_idx9.gpickle,18,0.55,9,8,59,156,"[0, 1, 2, 3, 4, 5, 6, 7, 8, 9, 10, 11, 12, 13, 14, 15, 16, 17]",0.5729139
./random_graph_db/graph_db_node_18/08_p0.6/08_graph_n18_p0.6_idx1.gpickle,18,0.6,1,8,61,151,"[0, 1, 2, 3, 4, 5, 6, 7, 8, 9, 10, 11, 12, 13, 14, 15, 16, 17]",0.623847
./random_graph_db/graph_db_node_18/08_p0.6/08_graph_n18_p0.6_idx10.gpickle,18,0.6,10,8,59,151,"[0, 1, 2, 3, 4, 5, 6, 7, 8, 9, 10, 11, 12, 13, 14, 15, 16, 17]",0.5653961
./random_graph_db/graph_db_node_18/08_p0.6/08_graph_n18_p0.6_idx2.gpickle,18,0.6,2,8,53,152,"[0, 1, 2, 3, 4, 5, 6, 7, 8, 9, 10, 11, 12, 13, 14, 15, 16, 17]",0.5868821
./random_graph_db/graph_db_node_18/08_p0.6/08_graph_n18_p0.6_idx3.gpickle,18,0.6,3,9,60,153,"[0, 1, 2, 3, 4, 5, 6, 7, 8, 9, 10, 11, 12, 13, 14, 15, 16, 17]",0.589397
./random_graph_db/graph_db_node_18/08_p0.6/08_graph_n18_p0.6_idx4.gpickle,18,0.6,4,8,53,146,"[0, 1, 2, 3, 4, 5, 6, 7, 8, 9, 10, 11, 12, 13, 14, 15, 16, 17]",0.554419
./random_graph_db/graph_db_node_18/08_p0.6/08_graph_n18_p0.6_idx5.gpickle,18,0.6,5,8,48,137,"[0, 1, 2, 3, 4, 5, 6, 7, 8, 9, 10, 11, 12, 13, 14, 15, 16, 17]",0.5207119
./random_graph_db/graph_db_node_18/08_p0.6/08_graph_n18_p0.6_idx6.gpickle,18,0.6,6,8,55,138,"[0, 1, 2, 3, 4, 5, 6, 7, 8, 9, 10, 11, 12, 13, 14, 15, 16, 17]",0.516783
./random_graph_db/graph_db_node_18/08_p0.6/08_graph_n18_p0.6_idx7.gpickle,18,0.6,7,8,59,160,"[0, 1, 2, 3, 4, 5, 6, 7, 8, 9, 10, 11, 12, 13, 14, 15, 16, 17]",0.566153
./random_graph_db/graph_db_node_18/08_p0.6/08_graph_n18_p0.6_idx8.gpickle,18,0.6,8,8,63,174,"[0, 1, 2, 3, 4, 5, 6, 7, 8, 9, 10, 11, 12, 13, 14, 15, 16, 17]",0.5978544
./random_graph_db/graph_db_node_18/08_p0.6/08_graph_n18_p0.6_idx9.gpickle,18,0.6,9,8,39,128,"[0, 1, 2, 3, 4, 5, 6, 7, 8, 9, 10, 11, 12, 13, 14, 15, 16, 17]",0.4751379
./random_graph_db/graph_db_node_18/09_p0.65/09_graph_n18_p0.65_idx1.gpickle,18,0.65,1,9,47,135,"[0, 1, 2, 3, 4, 5, 6, 7, 8, 9, 10, 11, 12, 13, 14, 15, 16, 17]",0.4613192
./random_graph_db/graph_db_node_18/09_p0.65/09_graph_n18_p0.65_idx10.gpickle,18,0.65,10,9,56,139,"[0, 1, 2, 3, 4, 5, 6, 7, 8, 9, 10, 11, 12, 13, 14, 15, 16, 17]",0.5424697
./random_graph_db/graph_db_node_18/09_p0.65/09_graph_n18_p0.65_idx2.gpickle,18,0.65,2,9,63,163,"[0, 1, 2, 3, 4, 5, 6, 7, 8, 9, 10, 11, 12, 13, 14, 15, 16, 17]",0.5661502
./random_graph_db/graph_db_node_18/09_p0.65/09_graph_n18_p0.65_idx3.gpickle,18,0.65,3,7,45,128,"[0, 1, 2, 3, 4, 5, 6, 7, 8, 9, 10, 11, 12, 13, 14, 15, 16, 17]",0.5043283
./random_graph_db/graph_db_node_18/09_p0.65/09_graph_n18_p0.65_idx4.gpickle,18,0.65,4,8,50,151,"[0, 1, 2, 3, 4, 5, 6, 7, 8, 9, 10, 11, 12, 13, 14, 15, 16, 17]",0.5408762
./random_graph_db/graph_db_node_18/09_p0.65/09_graph_n18_p0.65_idx5.gpickle,18,0.65,5,8,53,138,"[0, 1, 2, 3, 4, 5, 6, 7, 8, 9, 10, 11, 12, 13, 14, 15, 16, 17]",0.5224609
./random_graph_db/graph_db_node_18/09_p0.65/09_graph_n18_p0.65_idx6.gpickle,18,0.65,6,8,59,146,"[0, 1, 2, 3, 4, 5, 6, 7, 8, 9, 10, 11, 12, 13, 14, 15, 16, 17]",0.5185151
./random_graph_db/graph_db_node_18/09_p0.65/09_graph_n18_p0.65_idx7.gpickle,18,0.65,7,8,54,153,"[0, 1, 2, 3, 4, 5, 6, 7, 8, 9, 10, 11, 12, 13, 14, 15, 16, 17]",0.543575
./random_graph_db/graph_db_node_18/09_p0.65/09_graph_n18_p0.65_idx8.gpickle,18,0.65,8,9,56,144,"[0, 1, 2, 3, 4, 5, 6, 7, 8, 9, 10, 11, 12, 13, 14, 15, 16, 17]",0.5119901
./random_graph_db/graph_db_node_18/09_p0.65/09_graph_n18_p0.65_idx9.gpickle,18,0.65,9,8,51,142,"[0, 1, 2, 3, 4, 5, 6, 7, 8, 9, 10, 11, 12, 13, 14, 15, 16, 17]",0.8653162
./random_graph_db/graph_db_node_18/10_p0.7/10_graph_n18_p0.7_idx1.gpickle,18,0.7,1,8,48,123,"[0, 1, 2, 3, 4, 5, 6, 7, 8, 9, 10, 11, 12, 13, 14, 15, 16, 17]",0.4748108
./random_graph_db/graph_db_node_18/10_p0.7/10_graph_n18_p0.7_idx10.gpickle,18,0.7,10,8,46,120,"[0, 1, 2, 3, 4, 5, 6, 7, 8, 9, 10, 11, 12, 13, 14, 15, 16, 17]",0.4986649
./random_graph_db/graph_db_node_18/10_p0.7/10_graph_n18_p0.7_idx2.gpickle,18,0.7,2,9,56,140,"[0, 1, 2, 3, 4, 5, 6, 7, 8, 9, 10, 11, 12, 13, 14, 15, 16, 17]",0.5289798
./random_graph_db/graph_db_node_18/10_p0.7/10_graph_n18_p0.7_idx3.gpickle,18,0.7,3,8,38,92,"[0, 1, 2, 3, 4, 5, 6, 7, 8, 9, 10, 11, 12, 13, 14, 15, 16, 17]",0.4830451
./random_graph_db/graph_db_node_18/10_p0.7/10_graph_n18_p0.7_idx4.gpickle,18,0.7,4,8,42,113,"[0, 1, 2, 3, 4, 5, 6, 7, 8, 9, 10, 11, 12, 13, 14, 15, 16, 17]",0.4382188
./random_graph_db/graph_db_node_18/10_p0.7/10_graph_n18_p0.7_idx5.gpickle,18,0.7,5,9,61,153,"[0, 1, 2, 3, 4, 5, 6, 7, 8, 9, 10, 11, 12, 13, 14, 15, 16, 17]",0.545053
./random_graph_db/graph_db_node_18/10_p0.7/10_graph_n18_p0.7_idx6.gpickle,18,0.7,6,8,61,161,"[0, 1, 2, 3, 4, 5, 6, 7, 8, 9, 10, 11, 12, 13, 14, 15, 16, 17]",0.6040461
./random_graph_db/graph_db_node_18/10_p0.7/10_graph_n18_p0.7_idx7.gpickle,18,0.7,7,9,55,142,"[0, 1, 2, 3, 4, 5, 6, 7, 8, 9, 10, 11, 12, 13, 14, 15, 16, 17]",0.5718682
./random_graph_db/graph_db_node_18/10_p0.7/10_graph_n18_p0.7_idx8.gpickle,18,0.7,8,9,71,167,"[0, 1, 2, 3, 4, 5, 6, 7, 8, 9, 10, 11, 12, 13, 14, 15, 16, 17]",0.6393321
./random_graph_db/graph_db_node_18/10_p0.7/10_graph_n18_p0.7_idx9.gpickle,18,0.7,9,8,63,162,"[0, 1, 2, 3, 4, 5, 6, 7, 8, 9, 10, 11, 12, 13, 14, 15, 16, 17]",0.602283
./random_graph_db/graph_db_node_18/11_p0.8/11_graph_n18_p0.8_idx1.gpickle,18,0.8,1,6,34,100,"[0, 1, 2, 3, 4, 5, 6, 7, 8, 9, 10, 11, 12, 13, 14, 15, 16, 17]",0.3872523
./random_graph_db/graph_db_node_18/11_p0.8/11_graph_n18_p0.8_idx10.gpickle,18,0.8,10,7,34,102,"[0, 1, 2, 3, 4, 5, 6, 7, 8, 9, 10, 11, 12, 13, 14, 15, 16, 17]",0.4005504
./random_graph_db/graph_db_node_18/11_p0.8/11_graph_n18_p0.8_idx2.gpickle,18,0.8,2,7,33,94,"[0, 1, 2, 3, 4, 5, 6, 7, 8, 9, 10, 11, 12, 13, 14, 15, 16, 17]",0.3803902
./random_graph_db/graph_db_node_18/11_p0.8/11_graph_n18_p0.8_idx3.gpickle,18,0.8,3,9,44,106,"[0, 1, 2, 3, 4, 5, 6, 7, 8, 9, 10, 11, 12, 13, 14, 15, 16, 17]",0.508945
./random_graph_db/graph_db_node_18/11_p0.8/11_graph_n18_p0.8_idx4.gpickle,18,0.8,4,7,33,93,"[0, 1, 2, 3, 4, 5, 6, 7, 8, 9, 10, 11, 12, 13, 14, 15, 16, 17]",0.435462
./random_graph_db/graph_db_node_18/11_p0.8/11_graph_n18_p0.8_idx5.gpickle,18,0.8,5,7,24,85,"[0, 1, 2, 3, 4, 5, 6, 7, 8, 9, 10, 11, 12, 13, 14, 15, 16, 17]",0.3279407
./random_graph_db/graph_db_node_18/11_p0.8/11_graph_n18_p0.8_idx6.gpickle,18,0.8,6,8,32,97,"[0, 1, 2, 3, 4, 5, 6, 7, 8, 9, 10, 11, 12, 13, 14, 15, 16, 17]",0.415653
./random_graph_db/graph_db_node_18/11_p0.8/11_graph_n18_p0.8_idx7.gpickle,18,0.8,7,8,52,133,"[0, 1, 2, 3, 4, 5, 6, 7, 8, 9, 10, 11, 12, 13, 14, 15, 16, 17]",0.4604616
./random_graph_db/graph_db_node_18/11_p0.8/11_graph_n18_p0.8_idx8.gpickle,18,0.8,8,7,42,119,"[0, 1, 2, 3, 4, 5, 6, 7, 8, 9, 10, 11, 12, 13, 14, 15, 16, 17]",0.423538
./random_graph_db/graph_db_node_18/11_p0.8/11_graph_n18_p0.8_idx9.gpickle,18,0.8,9,7,31,88,"[0, 1, 2, 3, 4, 5, 6, 7, 8, 9, 10, 11, 12, 13, 14, 15, 16, 17]",0.4111259
./random_graph_db/graph_db_node_18/12_p0.9/12_graph_n18_p0.9_idx1.gpickle,18,0.9,1,6,14,65,"[0, 1, 2, 3, 4, 5, 6, 7, 8, 9, 10, 11, 12, 13, 14, 15, 16, 17]",0.2544799
./random_graph_db/graph_db_node_18/12_p0.9/12_graph_n18_p0.9_idx10.gpickle,18,0.9,10,6,15,41,"[0, 1, 2, 3, 4, 5, 6, 7, 8, 9, 10, 11, 12, 13, 14, 15, 16, 17]",0.2499878
./random_graph_db/graph_db_node_18/12_p0.9/12_graph_n18_p0.9_idx2.gpickle,18,0.9,2,7,17,46,"[0, 1, 2, 3, 4, 5, 6, 7, 8, 9, 10, 11, 12, 13, 14, 15, 16, 17]",0.2529643
./random_graph_db/graph_db_node_18/12_p0.9/12_graph_n18_p0.9_idx3.gpickle,18,0.9,3,7,37,111,"[0, 1, 2, 3, 4, 5, 6, 7, 8, 9, 10, 11, 12, 13, 14, 15, 16, 17]",0.4642529
./random_graph_db/graph_db_node_18/12_p0.9/12_graph_n18_p0.9_idx4.gpickle,18,0.9,4,8,44,108,"[0, 1, 2, 3, 4, 5, 6, 7, 8, 9, 10, 11, 12, 13, 14, 15, 16, 17]",0.4311759
./random_graph_db/graph_db_node_18/12_p0.9/12_graph_n18_p0.9_idx5.gpickle,18,0.9,5,6,14,56,"[0, 1, 2, 3, 4, 5, 6, 7, 8, 9, 10, 11, 12, 13, 14, 15, 16, 17]",0.281497
./random_graph_db/graph_db_node_18/12_p0.9/12_graph_n18_p0.9_idx6.gpickle,18,0.9,6,7,16,56,"[0, 1, 2, 3, 4, 5, 6, 7, 8, 9, 10, 11, 12, 13, 14, 15, 16, 17]",0.2257538
./random_graph_db/graph_db_node_18/12_p0.9/12_graph_n18_p0.9_idx7.gpickle,18,0.9,7,5,12,48,"[0, 1, 2, 3, 4, 5, 6, 7, 8, 9, 10, 11, 12, 13, 14, 15, 16, 17]",0.2338178
./random_graph_db/graph_db_node_18/12_p0.9/12_graph_n18_p0.9_idx8.gpickle,18,0.9,8,7,20,62,"[0, 1, 2, 3, 4, 5, 6, 7, 8, 9, 10, 11, 12, 13, 14, 15, 16, 17]",0.317625
./random_graph_db/graph_db_node_18/12_p0.9/12_graph_n18_p0.9_idx9.gpickle,18,0.9,9,6,20,73,"[0, 1, 2, 3, 4, 5, 6, 7, 8, 9, 10, 11, 12, 13, 14, 15, 16, 17]",0.283421
./random_graph_db/graph_db_node_19/01_p0.1/01_graph_n19_p0.1_idx1.gpickle,19,0.1,1,7,14,58,"[0, 1, 2, 3, 4, 5, 6, 7, 8, 9, 10, 11, 12, 13, 14, 15, 16, 17, 18]",0.296277
./random_graph_db/graph_db_node_19/01_p0.1/01_graph_n19_p0.1_idx10.gpickle,19,0.1,10,7,17,58,"[0, 1, 2, 3, 4, 5, 6, 7, 8, 9, 10, 11, 12, 13, 14, 15, 16, 17, 18]",0.2874441
./random_graph_db/graph_db_node_19/01_p0.1/01_graph_n19_p0.1_idx2.gpickle,19,0.1,2,5,6,40,"[0, 1, 2, 3, 4, 5, 6, 7, 8, 9, 10, 11, 12, 13, 14, 15, 16, 17, 18]",0.16413
./random_graph_db/graph_db_node_19/01_p0.1/01_graph_n19_p0.1_idx3.gpickle,19,0.1,3,6,9,45,"[0, 1, 2, 3, 4, 5, 6, 7, 8, 9, 10, 11, 12, 13, 14, 15, 16, 17, 18]",0.1988072
./random_graph_db/graph_db_node_19/01_p0.1/01_graph_n19_p0.1_idx4.gpickle,19,0.1,4,7,11,47,"[0, 1, 2, 3, 4, 5, 6, 7, 8, 9, 10, 11, 12, 13, 14, 15, 16, 17, 18]",0.2556698
./random_graph_db/graph_db_node_19/01_p0.1/01_graph_n19_p0.1_idx5.gpickle,19,0.1,5,7,13,59,"[0, 1, 2, 3, 4, 5, 6, 7, 8, 9, 10, 11, 12, 13, 14, 15, 16, 17, 18]",0.2453609
./random_graph_db/graph_db_node_19/01_p0.1/01_graph_n19_p0.1_idx6.gpickle,19,0.1,6,6,9,39,"[0, 1, 2, 3, 4, 5, 6, 7, 8, 9, 10, 11, 12, 13, 14, 15, 16, 17, 18]",0.1968908
./random_graph_db/graph_db_node_19/01_p0.1/01_graph_n19_p0.1_idx7.gpickle,19,0.1,7,6,13,54,"[0, 1, 2, 3, 4, 5, 6, 7, 8, 9, 10, 11, 12, 13, 14, 15, 16, 17, 18]",0.230598
./random_graph_db/graph_db_node_19/01_p0.1/01_graph_n19_p0.1_idx8.gpickle,19,0.1,8,7,16,54,"[0, 1, 2, 3, 4, 5, 6, 7, 8, 9, 10, 11, 12, 13, 14, 15, 16, 17, 18]",0.2157452
./random_graph_db/graph_db_node_19/01_p0.1/01_graph_n19_p0.1_idx9.gpickle,19,0.1,9,8,18,67,"[0, 1, 2, 3, 4, 5, 6, 7, 8, 9, 10, 11, 12, 13, 14, 15, 16, 17, 18]",0.3390872
./random_graph_db/graph_db_node_19/02_p0.2/02_graph_n19_p0.2_idx1.gpickle,19,0.2,1,8,43,104,"[0, 1, 2, 3, 4, 5, 6, 7, 8, 9, 10, 11, 12, 13, 14, 15, 16, 17, 18]",0.4372051
./random_graph_db/graph_db_node_19/02_p0.2/02_graph_n19_p0.2_idx10.gpickle,19,0.2,10,8,26,86,"[0, 1, 2, 3, 4, 5, 6, 7, 8, 9, 10, 11, 12, 13, 14, 15, 16, 17, 18]",0.3243959
./random_graph_db/graph_db_node_19/02_p0.2/02_graph_n19_p0.2_idx2.gpickle,19,0.2,2,8,48,134,"[0, 1, 2, 3, 4, 5, 6, 7, 8, 9, 10, 11, 12, 13, 14, 15, 16, 17, 18]",0.553292
./random_graph_db/graph_db_node_19/02_p0.2/02_graph_n19_p0.2_idx3.gpickle,19,0.2,3,8,25,75,"[0, 1, 2, 3, 4, 5, 6, 7, 8, 9, 10, 11, 12, 13, 14, 15, 16, 17, 18]",0.388562
./random_graph_db/graph_db_node_19/02_p0.2/02_graph_n19_p0.2_idx4.gpickle,19,0.2,4,8,29,85,"[0, 1, 2, 3, 4, 5, 6, 7, 8, 9, 10, 11, 12, 13, 14, 15, 16, 17, 18]",0.350919
./random_graph_db/graph_db_node_19/02_p0.2/02_graph_n19_p0.2_idx5.gpickle,19,0.2,5,8,27,80,"[0, 1, 2, 3, 4, 5, 6, 7, 8, 9, 10, 11, 12, 13, 14, 15, 16, 17, 18]",0.3323169
./random_graph_db/graph_db_node_19/02_p0.2/02_graph_n19_p0.2_idx6.gpickle,19,0.2,6,8,25,75,"[0, 1, 2, 3, 4, 5, 6, 7, 8, 9, 10, 11, 12, 13, 14, 15, 16, 17, 18]",0.3297453
./random_graph_db/graph_db_node_19/02_p0.2/02_graph_n19_p0.2_idx7.gpickle,19,0.2,7,7,33,102,"[0, 1, 2, 3, 4, 5, 6, 7, 8, 9, 10, 11, 12, 13, 14, 15, 16, 17, 18]",0.3840561
./random_graph_db/graph_db_node_19/02_p0.2/02_graph_n19_p0.2_idx8.gpickle,19,0.2,8,8,29,83,"[0, 1, 2, 3, 4, 5, 6, 7, 8, 9, 10, 11, 12, 13, 14, 15, 16, 17, 18]",0.3930223
./random_graph_db/graph_db_node_19/02_p0.2/02_graph_n19_p0.2_idx9.gpickle,19,0.2,9,7,38,108,"[0, 1, 2, 3, 4, 5, 6, 7, 8, 9, 10, 11, 12, 13, 14, 15, 16, 17, 18]",0.452225
./random_graph_db/graph_db_node_19/03_p0.3/03_graph_n19_p0.3_idx1.gpickle,19,0.3,1,9,58,143,"[0, 1, 2, 3, 4, 5, 6, 7, 8, 9, 10, 11, 12, 13, 14, 15, 16, 17, 18]",0.5805891
./random_graph_db/graph_db_node_19/03_p0.3/03_graph_n19_p0.3_idx10.gpickle,19,0.3,10,8,45,110,"[0, 1, 2, 3, 4, 5, 6, 7, 8, 9, 10, 11, 12, 13, 14, 15, 16, 17, 18]",0.5406151
./random_graph_db/graph_db_node_19/03_p0.3/03_graph_n19_p0.3_idx2.gpickle,19,0.3,2,9,46,115,"[0, 1, 2, 3, 4, 5, 6, 7, 8, 9, 10, 11, 12, 13, 14, 15, 16, 17, 18]",0.4896083
./random_graph_db/graph_db_node_19/03_p0.3/03_graph_n19_p0.3_idx3.gpickle,19,0.3,3,9,51,125,"[0, 1, 2, 3, 4, 5, 6, 7, 8, 9, 10, 11, 12, 13, 14, 15, 16, 17, 18]",0.5174351
./random_graph_db/graph_db_node_19/03_p0.3/03_graph_n19_p0.3_idx4.gpickle,19,0.3,4,8,43,125,"[0, 1, 2, 3, 4, 5, 6, 7, 8, 9, 10, 11, 12, 13, 14, 15, 16, 17, 18]",0.5030448
./random_graph_db/graph_db_node_19/03_p0.3/03_graph_n19_p0.3_idx5.gpickle,19,0.3,5,8,53,149,"[0, 1, 2, 3, 4, 5, 6, 7, 8, 9, 10, 11, 12, 13, 14, 15, 16, 17, 18]",0.592216
./random_graph_db/graph_db_node_19/03_p0.3/03_graph_n19_p0.3_idx6.gpickle,19,0.3,6,9,48,136,"[0, 1, 2, 3, 4, 5, 6, 7, 8, 9, 10, 11, 12, 13, 14, 15, 16, 17, 18]",0.5621529
./random_graph_db/graph_db_node_19/03_p0.3/03_graph_n19_p0.3_idx7.gpickle,19,0.3,7,9,54,143,"[0, 1, 2, 3, 4, 5, 6, 7, 8, 9, 10, 11, 12, 13, 14, 15, 16, 17, 18]",0.5485067
./random_graph_db/graph_db_node_19/03_p0.3/03_graph_n19_p0.3_idx8.gpickle,19,0.3,8,9,64,161,"[0, 1, 2, 3, 4, 5, 6, 7, 8, 9, 10, 11, 12, 13, 14, 15, 16, 17, 18]",0.635493
./random_graph_db/graph_db_node_19/03_p0.3/03_graph_n19_p0.3_idx9.gpickle,19,0.3,9,9,65,161,"[0, 1, 2, 3, 4, 5, 6, 7, 8, 9, 10, 11, 12, 13, 14, 15, 16, 17, 18]",0.6066742
./random_graph_db/graph_db_node_19/04_p0.4/04_graph_n19_p0.4_idx1.gpickle,19,0.4,1,9,59,155,"[0, 1, 2, 3, 4, 5, 6, 7, 8, 9, 10, 11, 12, 13, 14, 15, 16, 17, 18]",0.5799451
./random_graph_db/graph_db_node_19/04_p0.4/04_graph_n19_p0.4_idx10.gpickle,19,0.4,10,9,63,166,"[0, 1, 2, 3, 4, 5, 6, 7, 8, 9, 10, 11, 12, 13, 14, 15, 16, 17, 18]",0.688066
./random_graph_db/graph_db_node_19/04_p0.4/04_graph_n19_p0.4_idx2.gpickle,19,0.4,2,9,71,174,"[0, 1, 2, 3, 4, 5, 6, 7, 8, 9, 10, 11, 12, 13, 14, 15, 16, 17, 18]",0.7018709
./random_graph_db/graph_db_node_19/04_p0.4/04_graph_n19_p0.4_idx3.gpickle,19,0.4,3,8,58,160,"[0, 1, 2, 3, 4, 5, 6, 7, 8, 9, 10, 11, 12, 13, 14, 15, 16, 17, 18]",0.804708
./random_graph_db/graph_db_node_19/04_p0.4/04_graph_n19_p0.4_idx4.gpickle,19,0.4,4,9,66,170,"[0, 1, 2, 3, 4, 5, 6, 7, 8, 9, 10, 11, 12, 13, 14, 15, 16, 17, 18]",0.649286
./random_graph_db/graph_db_node_19/04_p0.4/04_graph_n19_p0.4_idx5.gpickle,19,0.4,5,8,49,122,"[0, 1, 2, 3, 4, 5, 6, 7, 8, 9, 10, 11, 12, 13, 14, 15, 16, 17, 18]",0.6209209
./random_graph_db/graph_db_node_19/04_p0.4/04_graph_n19_p0.4_idx6.gpickle,19,0.4,6,9,54,153,"[0, 1, 2, 3, 4, 5, 6, 7, 8, 9, 10, 11, 12, 13, 14, 15, 16, 17, 18]",0.5840349
./random_graph_db/graph_db_node_19/04_p0.4/04_graph_n19_p0.4_idx7.gpickle,19,0.4,7,8,58,159,"[0, 1, 2, 3, 4, 5, 6, 7, 8, 9, 10, 11, 12, 13, 14, 15, 16, 17, 18]",0.601207
./random_graph_db/graph_db_node_19/04_p0.4/04_graph_n19_p0.4_idx8.gpickle,19,0.4,8,9,51,153,"[0, 1, 2, 3, 4, 5, 6, 7, 8, 9, 10, 11, 12, 13, 14, 15, 16, 17, 18]",0.5495708
./random_graph_db/graph_db_node_19/04_p0.4/04_graph_n19_p0.4_idx9.gpickle,19,0.4,9,9,68,172,"[0, 1, 2, 3, 4, 5, 6, 7, 8, 9, 10, 11, 12, 13, 14, 15, 16, 17, 18]",0.6369731
./random_graph_db/graph_db_node_19/05_p0.45/05_graph_n19_p0.45_idx1.gpickle,19,0.45,1,8,64,167,"[0, 1, 2, 3, 4, 5, 6, 7, 8, 9, 10, 11, 12, 13, 14, 15, 16, 17, 18]",0.6547041
./random_graph_db/graph_db_node_19/05_p0.45/05_graph_n19_p0.45_idx10.gpickle,19,0.45,10,9,67,177,"[0, 1, 2, 3, 4, 5, 6, 7, 8, 9, 10, 11, 12, 13, 14, 15, 16, 17, 18]",0.6839132
./random_graph_db/graph_db_node_19/05_p0.45/05_graph_n19_p0.45_idx2.gpickle,19,0.45,2,9,69,158,"[0, 1, 2, 3, 4, 5, 6, 7, 8, 9, 10, 11, 12, 13, 14, 15, 16, 17, 18]",0.6220191
./random_graph_db/graph_db_node_19/05_p0.45/05_graph_n19_p0.45_idx3.gpickle,19,0.45,3,9,50,127,"[0, 1, 2, 3, 4, 5, 6, 7, 8, 9, 10, 11, 12, 13, 14, 15, 16, 17, 18]",0.5379212
./random_graph_db/graph_db_node_19/05_p0.45/05_graph_n19_p0.45_idx4.gpickle,19,0.45,4,8,56,147,"[0, 1, 2, 3, 4, 5, 6, 7, 8, 9, 10, 11, 12, 13, 14, 15, 16, 17, 18]",0.5654981
./random_graph_db/graph_db_node_19/05_p0.45/05_graph_n19_p0.45_idx5.gpickle,19,0.45,5,9,73,187,"[0, 1, 2, 3, 4, 5, 6, 7, 8, 9, 10, 11, 12, 13, 14, 15, 16, 17, 18]",0.743959
./random_graph_db/graph_db_node_19/05_p0.45/05_graph_n19_p0.45_idx6.gpickle,19,0.45,6,9,73,175,"[0, 1, 2, 3, 4, 5, 6, 7, 8, 9, 10, 11, 12, 13, 14, 15, 16, 17, 18]",0.713155
./random_graph_db/graph_db_node_19/05_p0.45/05_graph_n19_p0.45_idx7.gpickle,19,0.45,7,7,51,132,"[0, 1, 2, 3, 4, 5, 6, 7, 8, 9, 10, 11, 12, 13, 14, 15, 16, 17, 18]",0.545985
./random_graph_db/graph_db_node_19/05_p0.45/05_graph_n19_p0.45_idx8.gpickle,19,0.45,8,8,65,176,"[0, 1, 2, 3, 4, 5, 6, 7, 8, 9, 10, 11, 12, 13, 14, 15, 16, 17, 18]",0.6418059
./random_graph_db/graph_db_node_19/05_p0.45/05_graph_n19_p0.45_idx9.gpickle,19,0.45,9,9,63,142,"[0, 1, 2, 3, 4, 5, 6, 7, 8, 9, 10, 11, 12, 13, 14, 15, 16, 17, 18]",0.6603591
./random_graph_db/graph_db_node_19/06_p0.5/06_graph_n19_p0.5_idx1.gpickle,19,0.5,1,9,72,171,"[0, 1, 2, 3, 4, 5, 6, 7, 8, 9, 10, 11, 12, 13, 14, 15, 16, 17, 18]",0.6731162
./random_graph_db/graph_db_node_19/06_p0.5/06_graph_n19_p0.5_idx10.gpickle,19,0.5,10,9,79,200,"[0, 1, 2, 3, 4, 5, 6, 7, 8, 9, 10, 11, 12, 13, 14, 15, 16, 17, 18]",0.7231951
./random_graph_db/graph_db_node_19/06_p0.5/06_graph_n19_p0.5_idx2.gpickle,19,0.5,2,9,72,177,"[0, 1, 2, 3, 4, 5, 6, 7, 8, 9, 10, 11, 12, 13, 14, 15, 16, 17, 18]",0.6946073
./random_graph_db/graph_db_node_19/06_p0.5/06_graph_n19_p0.5_idx3.gpickle,19,0.5,3,9,72,177,"[0, 1, 2, 3, 4, 5, 6, 7, 8, 9, 10, 11, 12, 13, 14, 15, 16, 17, 18]",0.6807179
./random_graph_db/graph_db_node_19/06_p0.5/06_graph_n19_p0.5_idx4.gpickle,19,0.5,4,9,69,188,"[0, 1, 2, 3, 4, 5, 6, 7, 8, 9, 10, 11, 12, 13, 14, 15, 16, 17, 18]",0.6677387
./random_graph_db/graph_db_node_19/06_p0.5/06_graph_n19_p0.5_idx5.gpickle,19,0.5,5,9,65,174,"[0, 1, 2, 3, 4, 5, 6, 7, 8, 9, 10, 11, 12, 13, 14, 15, 16, 17, 18]",0.655607
./random_graph_db/graph_db_node_19/06_p0.5/06_graph_n19_p0.5_idx6.gpickle,19,0.5,6,9,57,153,"[0, 1, 2, 3, 4, 5, 6, 7, 8, 9, 10, 11, 12, 13, 14, 15, 16, 17, 18]",0.62237
./random_graph_db/graph_db_node_19/06_p0.5/06_graph_n19_p0.5_idx7.gpickle,19,0.5,7,9,62,164,"[0, 1, 2, 3, 4, 5, 6, 7, 8, 9, 10, 11, 12, 13, 14, 15, 16, 17, 18]",0.7645888
./random_graph_db/graph_db_node_19/06_p0.5/06_graph_n19_p0.5_idx8.gpickle,19,0.5,8,9,77,196,"[0, 1, 2, 3, 4, 5, 6, 7, 8, 9, 10, 11, 12, 13, 14, 15, 16, 17, 18]",0.6822572
./random_graph_db/graph_db_node_19/06_p0.5/06_graph_n19_p0.5_idx9.gpickle,19,0.5,9,9,59,140,"[0, 1, 2, 3, 4, 5, 6, 7, 8, 9, 10, 11, 12, 13, 14, 15, 16, 17, 18]",0.648896
./random_graph_db/graph_db_node_19/07_p0.55/07_graph_n19_p0.55_idx1.gpickle,19,0.55,1,9,59,160,"[0, 1, 2, 3, 4, 5, 6, 7, 8, 9, 10, 11, 12, 13, 14, 15, 16, 17, 18]",0.6425259
./random_graph_db/graph_db_node_19/07_p0.55/07_graph_n19_p0.55_idx10.gpickle,19,0.55,10,9,69,186,"[0, 1, 2, 3, 4, 5, 6, 7, 8, 9, 10, 11, 12, 13, 14, 15, 16, 17, 18]",0.6594818
./random_graph_db/graph_db_node_19/07_p0.55/07_graph_n19_p0.55_idx2.gpickle,19,0.55,2,9,59,150,"[0, 1, 2, 3, 4, 5, 6, 7, 8, 9, 10, 11, 12, 13, 14, 15, 16, 17, 18]",0.5975962
./random_graph_db/graph_db_node_19/07_p0.55/07_graph_n19_p0.55_idx3.gpickle,19,0.55,3,9,68,171,"[0, 1, 2, 3, 4, 5, 6, 7, 8, 9, 10, 11, 12, 13, 14, 15, 16, 17, 18]",0.6876822
./random_graph_db/graph_db_node_19/07_p0.55/07_graph_n19_p0.55_idx4.gpickle,19,0.55,4,9,69,170,"[0, 1, 2, 3, 4, 5, 6, 7, 8, 9, 10, 11, 12, 13, 14, 15, 16, 17, 18]",0.6792839
./random_graph_db/graph_db_node_19/07_p0.55/07_graph_n19_p0.55_idx5.gpickle,19,0.55,5,9,60,153,"[0, 1, 2, 3, 4, 5, 6, 7, 8, 9, 10, 11, 12, 13, 14, 15, 16, 17, 18]",0.623035
./random_graph_db/graph_db_node_19/07_p0.55/07_graph_n19_p0.55_idx6.gpickle,19,0.55,6,8,61,158,"[0, 1, 2, 3, 4, 5, 6, 7, 8, 9, 10, 11, 12, 13, 14, 15, 16, 17, 18]",0.6542652
./random_graph_db/graph_db_node_19/07_p0.55/07_graph_n19_p0.55_idx7.gpickle,19,0.55,7,9,77,207,"[0, 1, 2, 3, 4, 5, 6, 7, 8, 9, 10, 11, 12, 13, 14, 15, 16, 17, 18]",0.7538533
./random_graph_db/graph_db_node_19/07_p0.55/07_graph_n19_p0.55_idx8.gpickle,19,0.55,8,8,60,169,"[0, 1, 2, 3, 4, 5, 6, 7, 8, 9, 10, 11, 12, 13, 14, 15, 16, 17, 18]",0.6111579
./random_graph_db/graph_db_node_19/07_p0.55/07_graph_n19_p0.55_idx9.gpickle,19,0.55,9,8,59,157,"[0, 1, 2, 3, 4, 5, 6, 7, 8, 9, 10, 11, 12, 13, 14, 15, 16, 17, 18]",0.614876
./random_graph_db/graph_db_node_19/08_p0.6/08_graph_n19_p0.6_idx1.gpickle,19,0.6,1,9,80,198,"[0, 1, 2, 3, 4, 5, 6, 7, 8, 9, 10, 11, 12, 13, 14, 15, 16, 17, 18]",0.7514431
./random_graph_db/graph_db_node_19/08_p0.6/08_graph_n19_p0.6_idx10.gpickle,19,0.6,10,9,59,158,"[0, 1, 2, 3, 4, 5, 6, 7, 8, 9, 10, 11, 12, 13, 14, 15, 16, 17, 18]",0.6148009
./random_graph_db/graph_db_node_19/08_p0.6/08_graph_n19_p0.6_idx2.gpickle,19,0.6,2,8,52,150,"[0, 1, 2, 3, 4, 5, 6, 7, 8, 9, 10, 11, 12, 13, 14, 15, 16, 17, 18]",0.5374751
./random_graph_db/graph_db_node_19/08_p0.6/08_graph_n19_p0.6_idx3.gpickle,19,0.6,3,9,67,182,"[0, 1, 2, 3, 4, 5, 6, 7, 8, 9, 10, 11, 12, 13, 14, 15, 16, 17, 18]",0.6392803
./random_graph_db/graph_db_node_19/08_p0.6/08_graph_n19_p0.6_idx4.gpickle,19,0.6,4,9,69,178,"[0, 1, 2, 3, 4, 5, 6, 7, 8, 9, 10, 11, 12, 13, 14, 15, 16, 17, 18]",0.698873
./random_graph_db/graph_db_node_19/08_p0.6/08_graph_n19_p0.6_idx5.gpickle,19,0.6,5,9,68,177,"[0, 1, 2, 3, 4, 5, 6, 7, 8, 9, 10, 11, 12, 13, 14, 15, 16, 17, 18]",0.6885321
./random_graph_db/graph_db_node_19/08_p0.6/08_graph_n19_p0.6_idx6.gpickle,19,0.6,6,9,62,164,"[0, 1, 2, 3, 4, 5, 6, 7, 8, 9, 10, 11, 12, 13, 14, 15, 16, 17, 18]",0.5951719
./random_graph_db/graph_db_node_19/08_p0.6/08_graph_n19_p0.6_idx7.gpickle,19,0.6,7,8,54,148,"[0, 1, 2, 3, 4, 5, 6, 7, 8, 9, 10, 11, 12, 13, 14, 15, 16, 17, 18]",0.5708802
./random_graph_db/graph_db_node_19/08_p0.6/08_graph_n19_p0.6_idx8.gpickle,19,0.6,8,9,71,178,"[0, 1, 2, 3, 4, 5, 6, 7, 8, 9, 10, 11, 12, 13, 14, 15, 16, 17, 18]",0.704514
./random_graph_db/graph_db_node_19/08_p0.6/08_graph_n19_p0.6_idx9.gpickle,19,0.6,9,9,71,168,"[0, 1, 2, 3, 4, 5, 6, 7, 8, 9, 10, 11, 12, 13, 14, 15, 16, 17, 18]",0.6749749
./random_graph_db/graph_db_node_19/09_p0.65/09_graph_n19_p0.65_idx1.gpickle,19,0.65,1,9,62,155,"[0, 1, 2, 3, 4, 5, 6, 7, 8, 9, 10, 11, 12, 13, 14, 15, 16, 17, 18]",0.580951
./random_graph_db/graph_db_node_19/09_p0.65/09_graph_n19_p0.65_idx10.gpickle,19,0.65,10,9,67,181,"[0, 1, 2, 3, 4, 5, 6, 7, 8, 9, 10, 11, 12, 13, 14, 15, 16, 17, 18]",0.6745248
./random_graph_db/graph_db_node_19/09_p0.65/09_graph_n19_p0.65_idx2.gpickle,19,0.65,2,8,63,165,"[0, 1, 2, 3, 4, 5, 6, 7, 8, 9, 10, 11, 12, 13, 14, 15, 16, 17, 18]",0.6685541
./random_graph_db/graph_db_node_19/09_p0.65/09_graph_n19_p0.65_idx3.gpickle,19,0.65,3,9,65,164,"[0, 1, 2, 3, 4, 5, 6, 7, 8, 9, 10, 11, 12, 13, 14, 15, 16, 17, 18]",1.0005469
./random_graph_db/graph_db_node_19/09_p0.65/09_graph_n19_p0.65_idx4.gpickle,19,0.65,4,8,71,188,"[0, 1, 2, 3, 4, 5, 6, 7, 8, 9, 10, 11, 12, 13, 14, 15, 16, 17, 18]",0.7204921
./random_graph_db/graph_db_node_19/09_p0.65/09_graph_n19_p0.65_idx5.gpickle,19,0.65,5,9,58,163,"[0, 1, 2, 3, 4, 5, 6, 7, 8, 9, 10, 11, 12, 13, 14, 15, 16, 17, 18]",0.7016652
./random_graph_db/graph_db_node_19/09_p0.65/09_graph_n19_p0.65_idx6.gpickle,19,0.65,6,9,72,178,"[0, 1, 2, 3, 4, 5, 6, 7, 8, 9, 10, 11, 12, 13, 14, 15, 16, 17, 18]",0.679137
./random_graph_db/graph_db_node_19/09_p0.65/09_graph_n19_p0.65_idx7.gpickle,19,0.65,7,9,60,151,"[0, 1, 2, 3, 4, 5, 6, 7, 8, 9, 10, 11, 12, 13, 14, 15, 16, 17, 18]",0.5998459
./random_graph_db/graph_db_node_19/09_p0.65/09_graph_n19_p0.65_idx8.gpickle,19,0.65,8,9,60,155,"[0, 1, 2, 3, 4, 5, 6, 7, 8, 9, 10, 11, 12, 13, 14, 15, 16, 17, 18]",0.5835731
./random_graph_db/graph_db_node_19/09_p0.65/09_graph_n19_p0.65_idx9.gpickle,19,0.65,9,9,68,171,"[0, 1, 2, 3, 4, 5, 6, 7, 8, 9, 10, 11, 12, 13, 14, 15, 16, 17, 18]",0.6781702
./random_graph_db/graph_db_node_19/10_p0.7/10_graph_n19_p0.7_idx1.gpickle,19,0.7,1,8,52,128,"[0, 1, 2, 3, 4, 5, 6, 7, 8, 9, 10, 11, 12, 13, 14, 15, 16, 17, 18]",0.6168659
./random_graph_db/graph_db_node_19/10_p0.7/10_graph_n19_p0.7_idx10.gpickle,19,0.7,10,9,68,176,"[0, 1, 2, 3, 4, 5, 6, 7, 8, 9, 10, 11, 12, 13, 14, 15, 16, 17, 18]",0.6654589
./random_graph_db/graph_db_node_19/10_p0.7/10_graph_n19_p0.7_idx2.gpickle,19,0.7,2,8,48,141,"[0, 1, 2, 3, 4, 5, 6, 7, 8, 9, 10, 11, 12, 13, 14, 15, 16, 17, 18]",0.521117
./random_graph_db/graph_db_node_19/10_p0.7/10_graph_n19_p0.7_idx3.gpickle,19,0.7,3,8,48,136,"[0, 1, 2, 3, 4, 5, 6, 7, 8, 9, 10, 11, 12, 13, 14, 15, 16, 17, 18]",0.5206039
./random_graph_db/graph_db_node_19/10_p0.7/10_graph_n19_p0.7_idx4.gpickle,19,0.7,4,9,68,151,"[0, 1, 2, 3, 4, 5, 6, 7, 8, 9, 10, 11, 12, 13, 14, 15, 16, 17, 18]",0.698168
./random_graph_db/graph_db_node_19/10_p0.7/10_graph_n19_p0.7_idx5.gpickle,19,0.7,5,9,57,143,"[0, 1, 2, 3, 4, 5, 6, 7, 8, 9, 10, 11, 12, 13, 14, 15, 16, 17, 18]",0.569977
./random_graph_db/graph_db_node_19/10_p0.7/10_graph_n19_p0.7_idx6.gpickle,19,0.7,6,9,53,143,"[0, 1, 2, 3, 4, 5, 6, 7, 8, 9, 10, 11, 12, 13, 14, 15, 16, 17, 18]",0.524637
./random_graph_db/graph_db_node_19/10_p0.7/10_graph_n19_p0.7_idx7.gpickle,19,0.7,7,9,68,168,"[0, 1, 2, 3, 4, 5, 6, 7, 8, 9, 10, 11, 12, 13, 14, 15, 16, 17, 18]",0.679976
./random_graph_db/graph_db_node_19/10_p0.7/10_graph_n19_p0.7_idx8.gpickle,19,0.7,8,9,69,173,"[0, 1, 2, 3, 4, 5, 6, 7, 8, 9, 10, 11, 12, 13, 14, 15, 16, 17, 18]",0.661562
./random_graph_db/graph_db_node_19/10_p0.7/10_graph_n19_p0.7_idx9.gpickle,19,0.7,9,8,59,157,"[0, 1, 2, 3, 4, 5, 6, 7, 8, 9, 10, 11, 12, 13, 14, 15, 16, 17, 18]",0.6377721
./random_graph_db/graph_db_node_19/11_p0.8/11_graph_n19_p0.8_idx1.gpickle,19,0.8,1,7,42,118,"[0, 1, 2, 3, 4, 5, 6, 7, 8, 9, 10, 11, 12, 13, 14, 15, 16, 17, 18]",0.4723032
./random_graph_db/graph_db_node_19/11_p0.8/11_graph_n19_p0.8_idx10.gpickle,19,0.8,10,8,67,179,"[0, 1, 2, 3, 4, 5, 6, 7, 8, 9, 10, 11, 12, 13, 14, 15, 16, 17, 18]",0.599936
./random_graph_db/graph_db_node_19/11_p0.8/11_graph_n19_p0.8_idx2.gpickle,19,0.8,2,7,33,98,"[0, 1, 2, 3, 4, 5, 6, 7, 8, 9, 10, 11, 12, 13, 14, 15, 16, 17, 18]",0.3887351
./random_graph_db/graph_db_node_19/11_p0.8/11_graph_n19_p0.8_idx3.gpickle,19,0.8,3,9,49,152,"[0, 1, 2, 3, 4, 5, 6, 7, 8, 9, 10, 11, 12, 13, 14, 15, 16, 17, 18]",0.5486741
./random_graph_db/graph_db_node_19/11_p0.8/11_graph_n19_p0.8_idx4.gpickle,19,0.8,4,8,42,114,"[0, 1, 2, 3, 4, 5, 6, 7, 8, 9, 10, 11, 12, 13, 14, 15, 16, 17, 18]",0.539578
./random_graph_db/graph_db_node_19/11_p0.8/11_graph_n19_p0.8_idx5.gpickle,19,0.8,5,8,30,97,"[0, 1, 2, 3, 4, 5, 6, 7, 8, 9, 10, 11, 12, 13, 14, 15, 16, 17, 18]",0.4275639
./random_graph_db/graph_db_node_19/11_p0.8/11_graph_n19_p0.8_idx6.gpickle,19,0.8,6,7,37,87,"[0, 1, 2, 3, 4, 5, 6, 7, 8, 9, 10, 11, 12, 13, 14, 15, 16, 17, 18]",0.4359188
./random_graph_db/graph_db_node_19/11_p0.8/11_graph_n19_p0.8_idx7.gpickle,19,0.8,7,8,48,122,"[0, 1, 2, 3, 4, 5, 6, 7, 8, 9, 10, 11, 12, 13, 14, 15, 16, 17, 18]",0.526561
./random_graph_db/graph_db_node_19/11_p0.8/11_graph_n19_p0.8_idx8.gpickle,19,0.8,8,9,62,163,"[0, 1, 2, 3, 4, 5, 6, 7, 8, 9, 10, 11, 12, 13, 14, 15, 16, 17, 18]",0.6110022
./random_graph_db/graph_db_node_19/11_p0.8/11_graph_n19_p0.8_idx9.gpickle,19,0.8,9,8,35,105,"[0, 1, 2, 3, 4, 5, 6, 7, 8, 9, 10, 11, 12, 13, 14, 15, 16, 17, 18]",0.4262769
./random_graph_db/graph_db_node_19/12_p0.9/12_graph_n19_p0.9_idx1.gpickle,19,0.9,1,6,16,53,"[0, 1, 2, 3, 4, 5, 6, 7, 8, 9, 10, 11, 12, 13, 14, 15, 16, 17, 18]",0.2830777
./random_graph_db/graph_db_node_19/12_p0.9/12_graph_n19_p0.9_idx10.gpickle,19,0.9,10,7,17,55,"[0, 1, 2, 3, 4, 5, 6, 7, 8, 9, 10, 11, 12, 13, 14, 15, 16, 17, 18]",0.293314
./random_graph_db/graph_db_node_19/12_p0.9/12_graph_n19_p0.9_idx2.gpickle,19,0.9,2,6,24,84,"[0, 1, 2, 3, 4, 5, 6, 7, 8, 9, 10, 11, 12, 13, 14, 15, 16, 17, 18]",0.3161271
./random_graph_db/graph_db_node_19/12_p0.9/12_graph_n19_p0.9_idx3.gpickle,19,0.9,3,6,28,88,"[0, 1, 2, 3, 4, 5, 6, 7, 8, 9, 10, 11, 12, 13, 14, 15, 16, 17, 18]",0.3890209
./random_graph_db/graph_db_node_19/12_p0.9/12_graph_n19_p0.9_idx4.gpickle,19,0.9,4,8,37,120,"[0, 1, 2, 3, 4, 5, 6, 7, 8, 9, 10, 11, 12, 13, 14, 15, 16, 17, 18]",0.3967769
./random_graph_db/graph_db_node_19/12_p0.9/12_graph_n19_p0.9_idx5.gpickle,19,0.9,5,6,16,54,"[0, 1, 2, 3, 4, 5, 6, 7, 8, 9, 10, 11, 12, 13, 14, 15, 16, 17, 18]",0.2750621
./random_graph_db/graph_db_node_19/12_p0.9/12_graph_n19_p0.9_idx6.gpickle,19,0.9,6,4,11,43,"[0, 1, 2, 3, 4, 5, 6, 7, 8, 9, 10, 11, 12, 13, 14, 15, 16, 17, 18]",0.2111001
./random_graph_db/graph_db_node_19/12_p0.9/12_graph_n19_p0.9_idx7.gpickle,19,0.9,7,6,14,71,"[0, 1, 2, 3, 4, 5, 6, 7, 8, 9, 10, 11, 12, 13, 14, 15, 16, 17, 18]",0.2569301
./random_graph_db/graph_db_node_19/12_p0.9/12_graph_n19_p0.9_idx8.gpickle,19,0.9,8,7,27,77,"[0, 1, 2, 3, 4, 5, 6, 7, 8, 9, 10, 11, 12, 13, 14, 15, 16, 17, 18]",0.3766589
./random_graph_db/graph_db_node_19/12_p0.9/12_graph_n19_p0.9_idx9.gpickle,19,0.9,9,7,32,83,"[0, 1, 2, 3, 4, 5, 6, 7, 8, 9, 10, 11, 12, 13, 14, 15, 16, 17, 18]",0.3711309
./random_graph_db/graph_db_node_20/01_p0.1/01_graph_n20_p0.1_idx1.gpickle,20,0.1,1,7,8,43,"[0, 1, 2, 3, 4, 5, 6, 7, 8, 9, 10, 11, 12, 13, 14, 15, 16, 17, 18, 19]",0.2300291
./random_graph_db/graph_db_node_20/01_p0.1/01_graph_n20_p0.1_idx10.gpickle,20,0.1,10,5,14,60,"[0, 1, 2, 3, 4, 5, 6, 7, 8, 9, 10, 11, 12, 13, 14, 15, 16, 17, 18, 19]",0.2488809
./random_graph_db/graph_db_node_20/01_p0.1/01_graph_n20_p0.1_idx2.gpickle,20,0.1,2,8,11,41,"[0, 1, 2, 3, 4, 5, 6, 7, 8, 9, 10, 11, 12, 13, 14, 15, 16, 17, 18, 19]",0.259285
./random_graph_db/graph_db_node_20/01_p0.1/01_graph_n20_p0.1_idx3.gpickle,20,0.1,3,6,17,60,"[0, 1, 2, 3, 4, 5, 6, 7, 8, 9, 10, 11, 12, 13, 14, 15, 16, 17, 18, 19]",0.352515
./random_graph_db/graph_db_node_20/01_p0.1/01_graph_n20_p0.1_idx4.gpickle,20,0.1,4,8,17,54,"[0, 1, 2, 3, 4, 5, 6, 7, 8, 9, 10, 11, 12, 13, 14, 15, 16, 17, 18, 19]",0.278228
./random_graph_db/graph_db_node_20/01_p0.1/01_graph_n20_p0.1_idx5.gpickle,20,0.1,5,9,27,71,"[0, 1, 2, 3, 4, 5, 6, 7, 8, 9, 10, 11, 12, 13, 14, 15, 16, 17, 18, 19]",0.4076302
./random_graph_db/graph_db_node_20/01_p0.1/01_graph_n20_p0.1_idx6.gpickle,20,0.1,6,7,16,59,"[0, 1, 2, 3, 4, 5, 6, 7, 8, 9, 10, 11, 12, 13, 14, 15, 16, 17, 18, 19]",0.270277
./random_graph_db/graph_db_node_20/01_p0.1/01_graph_n20_p0.1_idx7.gpickle,20,0.1,7,8,17,51,"[0, 1, 2, 3, 4, 5, 6, 7, 8, 9, 10, 11, 12, 13, 14, 15, 16, 17, 18, 19]",0.3156579
./random_graph_db/graph_db_node_20/01_p0.1/01_graph_n20_p0.1_idx8.gpickle,20,0.1,8,8,13,56,"[0, 1, 2, 3, 4, 5, 6, 7, 8, 9, 10, 11, 12, 13, 14, 15, 16, 17, 18, 19]",0.299803
./random_graph_db/graph_db_node_20/01_p0.1/01_graph_n20_p0.1_idx9.gpickle,20,0.1,9,7,12,48,"[0, 1, 2, 3, 4, 5, 6, 7, 8, 9, 10, 11, 12, 13, 14, 15, 16, 17, 18, 19]",0.22348
./random_graph_db/graph_db_node_20/02_p0.2/02_graph_n20_p0.2_idx1.gpickle,20,0.2,1,8,31,94,"[0, 1, 2, 3, 4, 5, 6, 7, 8, 9, 10, 11, 12, 13, 14, 15, 16, 17, 18, 19]",0.429081
./random_graph_db/graph_db_node_20/02_p0.2/02_graph_n20_p0.2_idx10.gpickle,20,0.2,10,6,22,74,"[0, 1, 2, 3, 4, 5, 6, 7, 8, 9, 10, 11, 12, 13, 14, 15, 16, 17, 18, 19]",0.3131988
./random_graph_db/graph_db_node_20/02_p0.2/02_graph_n20_p0.2_idx2.gpickle,20,0.2,2,9,46,125,"[0, 1, 2, 3, 4, 5, 6, 7, 8, 9, 10, 11, 12, 13, 14, 15, 16, 17, 18, 19]",0.5681279
./random_graph_db/graph_db_node_20/02_p0.2/02_graph_n20_p0.2_idx3.gpickle,20,0.2,3,9,35,113,"[0, 1, 2, 3, 4, 5, 6, 7, 8, 9, 10, 11, 12, 13, 14, 15, 16, 17, 18, 19]",0.4858651
./random_graph_db/graph_db_node_20/02_p0.2/02_graph_n20_p0.2_idx4.gpickle,20,0.2,4,8,28,79,"[0, 1, 2, 3, 4, 5, 6, 7, 8, 9, 10, 11, 12, 13, 14, 15, 16, 17, 18, 19]",0.4006362
./random_graph_db/graph_db_node_20/02_p0.2/02_graph_n20_p0.2_idx5.gpickle,20,0.2,5,7,25,64,"[0, 1, 2, 3, 4, 5, 6, 7, 8, 9, 10, 11, 12, 13, 14, 15, 16, 17, 18, 19]",0.3878138
./random_graph_db/graph_db_node_20/02_p0.2/02_graph_n20_p0.2_idx6.gpickle,20,0.2,6,9,44,128,"[0, 1, 2, 3, 4, 5, 6, 7, 8, 9, 10, 11, 12, 13, 14, 15, 16, 17, 18, 19]",0.5491018
./random_graph_db/graph_db_node_20/02_p0.2/02_graph_n20_p0.2_idx7.gpickle,20,0.2,7,8,39,125,"[0, 1, 2, 3, 4, 5, 6, 7, 8, 9, 10, 11, 12, 13, 14, 15, 16, 17, 18, 19]",0.475899
./random_graph_db/graph_db_node_20/02_p0.2/02_graph_n20_p0.2_idx8.gpickle,20,0.2,8,9,27,70,"[0, 1, 2, 3, 4, 5, 6, 7, 8, 9, 10, 11, 12, 13, 14, 15, 16, 17, 18, 19]",0.4245508
./random_graph_db/graph_db_node_20/02_p0.2/02_graph_n20_p0.2_idx9.gpickle,20,0.2,9,8,29,81,"[0, 1, 2, 3, 4, 5, 6, 7, 8, 9, 10, 11, 12, 13, 14, 15, 16, 17, 18, 19]",0.432173
./random_graph_db/graph_db_node_20/03_p0.3/03_graph_n20_p0.3_idx1.gpickle,20,0.3,1,9,59,149,"[0, 1, 2, 3, 4, 5, 6, 7, 8, 9, 10, 11, 12, 13, 14, 15, 16, 17, 18, 19]",0.5951953
./random_graph_db/graph_db_node_20/03_p0.3/03_graph_n20_p0.3_idx10.gpickle,20,0.3,10,9,61,148,"[0, 1, 2, 3, 4, 5, 6, 7, 8, 9, 10, 11, 12, 13, 14, 15, 16, 17, 18, 19]",0.6636238
./random_graph_db/graph_db_node_20/03_p0.3/03_graph_n20_p0.3_idx2.gpickle,20,0.3,2,8,53,157,"[0, 1, 2, 3, 4, 5, 6, 7, 8, 9, 10, 11, 12, 13, 14, 15, 16, 17, 18, 19]",0.6198909
./random_graph_db/graph_db_node_20/03_p0.3/03_graph_n20_p0.3_idx3.gpickle,20,0.3,3,9,58,145,"[0, 1, 2, 3, 4, 5, 6, 7, 8, 9, 10, 11, 12, 13, 14, 15, 16, 17, 18, 19]",0.914948
./random_graph_db/graph_db_node_20/03_p0.3/03_graph_n20_p0.3_idx4.gpickle,20,0.3,4,9,46,129,"[0, 1, 2, 3, 4, 5, 6, 7, 8, 9, 10, 11, 12, 13, 14, 15, 16, 17, 18, 19]",0.5565381
./random_graph_db/graph_db_node_20/03_p0.3/03_graph_n20_p0.3_idx5.gpickle,20,0.3,5,8,52,155,"[0, 1, 2, 3, 4, 5, 6, 7, 8, 9, 10, 11, 12, 13, 14, 15, 16, 17, 18, 19]",0.5566223
./random_graph_db/graph_db_node_20/03_p0.3/03_graph_n20_p0.3_idx6.gpickle,20,0.3,6,9,58,152,"[0, 1, 2, 3, 4, 5, 6, 7, 8, 9, 10, 11, 12, 13, 14, 15, 16, 17, 18, 19]",0.669801
./random_graph_db/graph_db_node_20/03_p0.3/03_graph_n20_p0.3_idx7.gpickle,20,0.3,7,8,57,155,"[0, 1, 2, 3, 4, 5, 6, 7, 8, 9, 10, 11, 12, 13, 14, 15, 16, 17, 18, 19]",0.5911679
./random_graph_db/graph_db_node_20/03_p0.3/03_graph_n20_p0.3_idx8.gpickle,20,0.3,8,9,62,159,"[0, 1, 2, 3, 4, 5, 6, 7, 8, 9, 10, 11, 12, 13, 14, 15, 16, 17, 18, 19]",0.6482251
./random_graph_db/graph_db_node_20/03_p0.3/03_graph_n20_p0.3_idx9.gpickle,20,0.3,9,9,66,174,"[0, 1, 2, 3, 4, 5, 6, 7, 8, 9, 10, 11, 12, 13, 14, 15, 16, 17, 18, 19]",0.7209661
./random_graph_db/graph_db_node_20/04_p0.4/04_graph_n20_p0.4_idx1.gpickle,20,0.4,1,10,73,182,"[0, 1, 2, 3, 4, 5, 6, 7, 8, 9, 10, 11, 12, 13, 14, 15, 16, 17, 18, 19]",0.702636
./random_graph_db/graph_db_node_20/04_p0.4/04_graph_n20_p0.4_idx10.gpickle,20,0.4,10,9,63,146,"[0, 1, 2, 3, 4, 5, 6, 7, 8, 9, 10, 11, 12, 13, 14, 15, 16, 17, 18, 19]",0.7480471
./random_graph_db/graph_db_node_20/04_p0.4/04_graph_n20_p0.4_idx2.gpickle,20,0.4,2,9,71,165,"[0, 1, 2, 3, 4, 5, 6, 7, 8, 9, 10, 11, 12, 13, 14, 15, 16, 17, 18, 19]",0.730412
./random_graph_db/graph_db_node_20/04_p0.4/04_graph_n20_p0.4_idx3.gpickle,20,0.4,3,9,72,193,"[0, 1, 2, 3, 4, 5, 6, 7, 8, 9, 10, 11, 12, 13, 14, 15, 16, 17, 18, 19]",0.737674
./random_graph_db/graph_db_node_20/04_p0.4/04_graph_n20_p0.4_idx4.gpickle,20,0.4,4,10,77,173,"[0, 1, 2, 3, 4, 5, 6, 7, 8, 9, 10, 11, 12, 13, 14, 15, 16, 17, 18, 19]",0.747849
./random_graph_db/graph_db_node_20/04_p0.4/04_graph_n20_p0.4_idx5.gpickle,20,0.4,5,10,74,182,"[0, 1, 2, 3, 4, 5, 6, 7, 8, 9, 10, 11, 12, 13, 14, 15, 16, 17, 18, 19]",0.724999
./random_graph_db/graph_db_node_20/04_p0.4/04_graph_n20_p0.4_idx6.gpickle,20,0.4,6,9,77,184,"[0, 1, 2, 3, 4, 5, 6, 7, 8, 9, 10, 11, 12, 13, 14, 15, 16, 17, 18, 19]",0.83319
./random_graph_db/graph_db_node_20/04_p0.4/04_graph_n20_p0.4_idx7.gpickle,20,0.4,7,10,73,177,"[0, 1, 2, 3, 4, 5, 6, 7, 8, 9, 10, 11, 12, 13, 14, 15, 16, 17, 18, 19]",0.7605801
./random_graph_db/graph_db_node_20/04_p0.4/04_graph_n20_p0.4_idx8.gpickle,20,0.4,8,9,72,175,"[0, 1, 2, 3, 4, 5, 6, 7, 8, 9, 10, 11, 12, 13, 14, 15, 16, 17, 18, 19]",0.74015
./random_graph_db/graph_db_node_20/04_p0.4/04_graph_n20_p0.4_idx9.gpickle,20,0.4,9,9,66,169,"[0, 1, 2, 3, 4, 5, 6, 7, 8, 9, 10, 11, 12, 13, 14, 15, 16, 17, 18, 19]",0.7080979
./random_graph_db/graph_db_node_20/05_p0.45/05_graph_n20_p0.45_idx1.gpickle,20,0.45,1,9,77,196,"[0, 1, 2, 3, 4, 5, 6, 7, 8, 9, 10, 11, 12, 13, 14, 15, 16, 17, 18, 19]",0.7629032
./random_graph_db/graph_db_node_20/05_p0.45/05_graph_n20_p0.45_idx10.gpickle,20,0.45,10,9,76,184,"[0, 1, 2, 3, 4, 5, 6, 7, 8, 9, 10, 11, 12, 13, 14, 15, 16, 17, 18, 19]",0.8111401
./random_graph_db/graph_db_node_20/05_p0.45/05_graph_n20_p0.45_idx2.gpickle,20,0.45,2,9,67,170,"[0, 1, 2, 3, 4, 5, 6, 7, 8, 9, 10, 11, 12, 13, 14, 15, 16, 17, 18, 19]",0.737529
./random_graph_db/graph_db_node_20/05_p0.45/05_graph_n20_p0.45_idx3.gpickle,20,0.45,3,9,72,184,"[0, 1, 2, 3, 4, 5, 6, 7, 8, 9, 10, 11, 12, 13, 14, 15, 16, 17, 18, 19]",0.7202101
./random_graph_db/graph_db_node_20/05_p0.45/05_graph_n20_p0.45_idx4.gpickle,20,0.45,4,9,80,183,"[0, 1, 2, 3, 4, 5, 6, 7, 8, 9, 10, 11, 12, 13, 14, 15, 16, 17, 18, 19]",0.8041129
./random_graph_db/graph_db_node_20/05_p0.45/05_graph_n20_p0.45_idx5.gpickle,20,0.45,5,10,85,204,"[0, 1, 2, 3, 4, 5, 6, 7, 8, 9, 10, 11, 12, 13, 14, 15, 16, 17, 18, 19]",0.8286998
./random_graph_db/graph_db_node_20/05_p0.45/05_graph_n20_p0.45_idx6.gpickle,20,0.45,6,9,84,200,"[0, 1, 2, 3, 4, 5, 6, 7, 8, 9, 10, 11, 12, 13, 14, 15, 16, 17, 18, 19]",0.8289232
./random_graph_db/graph_db_node_20/05_p0.45/05_graph_n20_p0.45_idx7.gpickle,20,0.45,7,9,64,172,"[0, 1, 2, 3, 4, 5, 6, 7, 8, 9, 10, 11, 12, 13, 14, 15, 16, 17, 18, 19]",0.6507959
./random_graph_db/graph_db_node_20/05_p0.45/05_graph_n20_p0.45_idx8.gpickle,20,0.45,8,8,59,153,"[0, 1, 2, 3, 4, 5, 6, 7, 8, 9, 10, 11, 12, 13, 14, 15, 16, 17, 18, 19]",0.6845319
./random_graph_db/graph_db_node_20/05_p0.45/05_graph_n20_p0.45_idx9.gpickle,20,0.45,9,9,83,200,"[0, 1, 2, 3, 4, 5, 6, 7, 8, 9, 10, 11, 12, 13, 14, 15, 16, 17, 18, 19]",0.7655158
./random_graph_db/graph_db_node_20/06_p0.5/06_graph_n20_p0.5_idx1.gpickle,20,0.5,1,9,76,185,"[0, 1, 2, 3, 4, 5, 6, 7, 8, 9, 10, 11, 12, 13, 14, 15, 16, 17, 18, 19]",0.8201988
./random_graph_db/graph_db_node_20/06_p0.5/06_graph_n20_p0.5_idx10.gpickle,20,0.5,10,10,69,165,"[0, 1, 2, 3, 4, 5, 6, 7, 8, 9, 10, 11, 12, 13, 14, 15, 16, 17, 18, 19]",0.7692728
./random_graph_db/graph_db_node_20/06_p0.5/06_graph_n20_p0.5_idx2.gpickle,20,0.5,2,9,82,209,"[0, 1, 2, 3, 4, 5, 6, 7, 8, 9, 10, 11, 12, 13, 14, 15, 16, 17, 18, 19]",0.8001361
./random_graph_db/graph_db_node_20/06_p0.5/06_graph_n20_p0.5_idx3.gpickle,20,0.5,3,9,82,223,"[0, 1, 2, 3, 4, 5, 6, 7, 8, 9, 10, 11, 12, 13, 14, 15, 16, 17, 18, 19]",0.851244
./random_graph_db/graph_db_node_20/06_p0.5/06_graph_n20_p0.5_idx4.gpickle,20,0.5,4,10,94,223,"[0, 1, 2, 3, 4, 5, 6, 7, 8, 9, 10, 11, 12, 13, 14, 15, 16, 17, 18, 19]",0.8758831
./random_graph_db/graph_db_node_20/06_p0.5/06_graph_n20_p0.5_idx5.gpickle,20,0.5,5,9,71,189,"[0, 1, 2, 3, 4, 5, 6, 7, 8, 9, 10, 11, 12, 13, 14, 15, 16, 17, 18, 19]",0.7091022
./random_graph_db/graph_db_node_20/06_p0.5/06_graph_n20_p0.5_idx6.gpickle,20,0.5,6,9,87,211,"[0, 1, 2, 3, 4, 5, 6, 7, 8, 9, 10, 11, 12, 13, 14, 15, 16, 17, 18, 19]",0.8231001
./random_graph_db/graph_db_node_20/06_p0.5/06_graph_n20_p0.5_idx7.gpickle,20,0.5,7,9,84,209,"[0, 1, 2, 3, 4, 5, 6, 7, 8, 9, 10, 11, 12, 13, 14, 15, 16, 17, 18, 19]",0.8703439
./random_graph_db/graph_db_node_20/06_p0.5/06_graph_n20_p0.5_idx8.gpickle,20,0.5,8,9,62,174,"[0, 1, 2, 3, 4, 5, 6, 7, 8, 9, 10, 11, 12, 13, 14, 15, 16, 17, 18, 19]",0.6812727
./random_graph_db/graph_db_node_20/06_p0.5/06_graph_n20_p0.5_idx9.gpickle,20,0.5,9,9,67,177,"[0, 1, 2, 3, 4, 5, 6, 7, 8, 9, 10, 11, 12, 13, 14, 15, 16, 17, 18, 19]",0.724067
./random_graph_db/graph_db_node_20/07_p0.55/07_graph_n20_p0.55_idx1.gpickle,20,0.55,1,9,70,173,"[0, 1, 2, 3, 4, 5, 6, 7, 8, 9, 10, 11, 12, 13, 14, 15, 16, 17, 18, 19]",0.706857
./random_graph_db/graph_db_node_20/07_p0.55/07_graph_n20_p0.55_idx10.gpickle,20,0.55,10,9,58,147,"[0, 1, 2, 3, 4, 5, 6, 7, 8, 9, 10, 11, 12, 13, 14, 15, 16, 17, 18, 19]",0.670666
./random_graph_db/graph_db_node_20/07_p0.55/07_graph_n20_p0.55_idx2.gpickle,20,0.55,2,9,67,182,"[0, 1, 2, 3, 4, 5, 6, 7, 8, 9, 10, 11, 12, 13, 14, 15, 16, 17, 18, 19]",0.7129569
./random_graph_db/graph_db_node_20/07_p0.55/07_graph_n20_p0.55_idx3.gpickle,20,0.55,3,10,76,194,"[0, 1, 2, 3, 4, 5, 6, 7, 8, 9, 10, 11, 12, 13, 14, 15, 16, 17, 18, 19]",0.7451591
./random_graph_db/graph_db_node_20/07_p0.55/07_graph_n20_p0.55_idx4.gpickle,20,0.55,4,9,76,193,"[0, 1, 2, 3, 4, 5, 6, 7, 8, 9, 10, 11, 12, 13, 14, 15, 16, 17, 18, 19]",0.78813
./random_graph_db/graph_db_node_20/07_p0.55/07_graph_n20_p0.55_idx5.gpickle,20,0.55,5,10,66,173,"[0, 1, 2, 3, 4, 5, 6, 7, 8, 9, 10, 11, 12, 13, 14, 15, 16, 17, 18, 19]",0.746599
./random_graph_db/graph_db_node_20/07_p0.55/07_graph_n20_p0.55_idx6.gpickle,20,0.55,6,9,76,184,"[0, 1, 2, 3, 4, 5, 6, 7, 8, 9, 10, 11, 12, 13, 14, 15, 16, 17, 18, 19]",1.0871639
./random_graph_db/graph_db_node_20/07_p0.55/07_graph_n20_p0.55_idx7.gpickle,20,0.55,7,9,68,174,"[0, 1, 2, 3, 4, 5, 6, 7, 8, 9, 10, 11, 12, 13, 14, 15, 16, 17, 18, 19]",0.734484
./random_graph_db/graph_db_node_20/07_p0.55/07_graph_n20_p0.55_idx8.gpickle,20,0.55,8,9,74,189,"[0, 1, 2, 3, 4, 5, 6, 7, 8, 9, 10, 11, 12, 13, 14, 15, 16, 17, 18, 19]",0.7728221
./random_graph_db/graph_db_node_20/07_p0.55/07_graph_n20_p0.55_idx9.gpickle,20,0.55,9,9,71,187,"[0, 1, 2, 3, 4, 5, 6, 7, 8, 9, 10, 11, 12, 13, 14, 15, 16, 17, 18, 19]",0.7510269
./random_graph_db/graph_db_node_20/08_p0.6/08_graph_n20_p0.6_idx1.gpickle,20,0.6,1,9,79,204,"[0, 1, 2, 3, 4, 5, 6, 7, 8, 9, 10, 11, 12, 13, 14, 15, 16, 17, 18, 19]",0.7771301
./random_graph_db/graph_db_node_20/08_p0.6/08_graph_n20_p0.6_idx10.gpickle,20,0.6,10,9,61,165,"[0, 1, 2, 3, 4, 5, 6, 7, 8, 9, 10, 11, 12, 13, 14, 15, 16, 17, 18, 19]",0.6292999
./random_graph_db/graph_db_node_20/08_p0.6/08_graph_n20_p0.6_idx2.gpickle,20,0.6,2,9,67,178,"[0, 1, 2, 3, 4, 5, 6, 7, 8, 9, 10, 11, 12, 13, 14, 15, 16, 17, 18, 19]",0.7571058
./random_graph_db/graph_db_node_20/08_p0.6/08_graph_n20_p0.6_idx3.gpickle,20,0.6,3,9,72,184,"[0, 1, 2, 3, 4, 5, 6, 7, 8, 9, 10, 11, 12, 13, 14, 15, 16, 17, 18, 19]",0.716464
./random_graph_db/graph_db_node_20/08_p0.6/08_graph_n20_p0.6_idx4.gpickle,20,0.6,4,10,83,201,"[0, 1, 2, 3, 4, 5, 6, 7, 8, 9, 10, 11, 12, 13, 14, 15, 16, 17, 18, 19]",0.795038
./random_graph_db/graph_db_node_20/08_p0.6/08_graph_n20_p0.6_idx5.gpickle,20,0.6,5,9,70,173,"[0, 1, 2, 3, 4, 5, 6, 7, 8, 9, 10, 11, 12, 13, 14, 15, 16, 17, 18, 19]",0.664438
./random_graph_db/graph_db_node_20/08_p0.6/08_graph_n20_p0.6_idx6.gpickle,20,0.6,6,9,55,136,"[0, 1, 2, 3, 4, 5, 6, 7, 8, 9, 10, 11, 12, 13, 14, 15, 16, 17, 18, 19]",0.6692669
./random_graph_db/graph_db_node_20/08_p0.6/08_graph_n20_p0.6_idx7.gpickle,20,0.6,7,9,64,168,"[0, 1, 2, 3, 4, 5, 6, 7, 8, 9, 10, 11, 12, 13, 14, 15, 16, 17, 18, 19]",0.7288623
./random_graph_db/graph_db_node_20/08_p0.6/08_graph_n20_p0.6_idx8.gpickle,20,0.6,8,9,68,174,"[0, 1, 2, 3, 4, 5, 6, 7, 8, 9, 10, 11, 12, 13, 14, 15, 16, 17, 18, 19]",0.738111
./random_graph_db/graph_db_node_20/08_p0.6/08_graph_n20_p0.6_idx9.gpickle,20,0.6,9,9,69,178,"[0, 1, 2, 3, 4, 5, 6, 7, 8, 9, 10, 11, 12, 13, 14, 15, 16, 17, 18, 19]",0.7431309
./random_graph_db/graph_db_node_20/09_p0.65/09_graph_n20_p0.65_idx1.gpickle,20,0.65,1,10,85,213,"[0, 1, 2, 3, 4, 5, 6, 7, 8, 9, 10, 11, 12, 13, 14, 15, 16, 17, 18, 19]",0.7646251
./random_graph_db/graph_db_node_20/09_p0.65/09_graph_n20_p0.65_idx10.gpickle,20,0.65,10,10,80,190,"[0, 1, 2, 3, 4, 5, 6, 7, 8, 9, 10, 11, 12, 13, 14, 15, 16, 17, 18, 19]",0.7655134
./random_graph_db/graph_db_node_20/09_p0.65/09_graph_n20_p0.65_idx2.gpickle,20,0.65,2,8,61,162,"[0, 1, 2, 3, 4, 5, 6, 7, 8, 9, 10, 11, 12, 13, 14, 15, 16, 17, 18, 19]",0.694128
./random_graph_db/graph_db_node_20/09_p0.65/09_graph_n20_p0.65_idx3.gpickle,20,0.65,3,9,71,162,"[0, 1, 2, 3, 4, 5, 6, 7, 8, 9, 10, 11, 12, 13, 14, 15, 16, 17, 18, 19]",0.7842166
./random_graph_db/graph_db_node_20/09_p0.65/09_graph_n20_p0.65_idx4.gpickle,20,0.65,4,9,85,212,"[0, 1, 2, 3, 4, 5, 6, 7, 8, 9, 10, 11, 12, 13, 14, 15, 16, 17, 18, 19]",0.8455448
./random_graph_db/graph_db_node_20/09_p0.65/09_graph_n20_p0.65_idx5.gpickle,20,0.65,5,10,72,187,"[0, 1, 2, 3, 4, 5, 6, 7, 8, 9, 10, 11, 12, 13, 14, 15, 16, 17, 18, 19]",0.7636108
./random_graph_db/graph_db_node_20/09_p0.65/09_graph_n20_p0.65_idx6.gpickle,20,0.65,6,10,59,155,"[0, 1, 2, 3, 4, 5, 6, 7, 8, 9, 10, 11, 12, 13, 14, 15, 16, 17, 18, 19]",0.6729779
./random_graph_db/graph_db_node_20/09_p0.65/09_graph_n20_p0.65_idx7.gpickle,20,0.65,7,9,77,216,"[0, 1, 2, 3, 4, 5, 6, 7, 8, 9, 10, 11, 12, 13, 14, 15, 16, 17, 18, 19]",0.7460649
./random_graph_db/graph_db_node_20/09_p0.65/09_graph_n20_p0.65_idx8.gpickle,20,0.65,8,9,64,155,"[0, 1, 2, 3, 4, 5, 6, 7, 8, 9, 10, 11, 12, 13, 14, 15, 16, 17, 18, 19]",0.6334629
./random_graph_db/graph_db_node_20/09_p0.65/09_graph_n20_p0.65_idx9.gpickle,20,0.65,9,9,69,178,"[0, 1, 2, 3, 4, 5, 6, 7, 8, 9, 10, 11, 12, 13, 14, 15, 16, 17, 18, 19]",0.727689
./random_graph_db/graph_db_node_20/10_p0.7/10_graph_n20_p0.7_idx1.gpickle,20,0.7,1,9,57,164,"[0, 1, 2, 3, 4, 5, 6, 7, 8, 9, 10, 11, 12, 13, 14, 15, 16, 17, 18, 19]",0.6302526
./random_graph_db/graph_db_node_20/10_p0.7/10_graph_n20_p0.7_idx10.gpickle,20,0.7,10,10,82,194,"[0, 1, 2, 3, 4, 5, 6, 7, 8, 9, 10, 11, 12, 13, 14, 15, 16, 17, 18, 19]",0.7718279
./random_graph_db/graph_db_node_20/10_p0.7/10_graph_n20_p0.7_idx2.gpickle,20,0.7,2,10,63,141,"[0, 1, 2, 3, 4, 5, 6, 7, 8, 9, 10, 11, 12, 13, 14, 15, 16, 17, 18, 19]",0.6640902
./random_graph_db/graph_db_node_20/10_p0.7/10_graph_n20_p0.7_idx3.gpickle,20,0.7,3,9,72,172,"[0, 1, 2, 3, 4, 5, 6, 7, 8, 9, 10, 11, 12, 13, 14, 15, 16, 17, 18, 19]",0.7429409
./random_graph_db/graph_db_node_20/10_p0.7/10_graph_n20_p0.7_idx4.gpickle,20,0.7,4,8,60,156,"[0, 1, 2, 3, 4, 5, 6, 7, 8, 9, 10, 11, 12, 13, 14, 15, 16, 17, 18, 19]",0.6803117
./random_graph_db/graph_db_node_20/10_p0.7/10_graph_n20_p0.7_idx5.gpickle,20,0.7,5,9,70,207,"[0, 1, 2, 3, 4, 5, 6, 7, 8, 9, 10, 11, 12, 13, 14, 15, 16, 17, 18, 19]",0.8064063
./random_graph_db/graph_db_node_20/10_p0.7/10_graph_n20_p0.7_idx6.gpickle,20,0.7,6,9,73,188,"[0, 1, 2, 3, 4, 5, 6, 7, 8, 9, 10, 11, 12, 13, 14, 15, 16, 17, 18, 19]",0.757066
./random_graph_db/graph_db_node_20/10_p0.7/10_graph_n20_p0.7_idx7.gpickle,20,0.7,7,9,68,168,"[0, 1, 2, 3, 4, 5, 6, 7, 8, 9, 10, 11, 12, 13, 14, 15, 16, 17, 18, 19]",0.6953063
./random_graph_db/graph_db_node_20/10_p0.7/10_graph_n20_p0.7_idx8.gpickle,20,0.7,8,10,76,192,"[0, 1, 2, 3, 4, 5, 6, 7, 8, 9, 10, 11, 12, 13, 14, 15, 16, 17, 18, 19]",0.7885633
./random_graph_db/graph_db_node_20/10_p0.7/10_graph_n20_p0.7_idx9.gpickle,20,0.7,9,10,75,187,"[0, 1, 2, 3, 4, 5, 6, 7, 8, 9, 10, 11, 12, 13, 14, 15, 16, 17, 18, 19]",0.7052658
./random_graph_db/graph_db_node_20/11_p0.8/11_graph_n20_p0.8_idx1.gpickle,20,0.8,1,9,44,113,"[0, 1, 2, 3, 4, 5, 6, 7, 8, 9, 10, 11, 12, 13, 14, 15, 16, 17, 18, 19]",0.5777409
./random_graph_db/graph_db_node_20/11_p0.8/11_graph_n20_p0.8_idx10.gpickle,20,0.8,10,9,73,167,"[0, 1, 2, 3, 4, 5, 6, 7, 8, 9, 10, 11, 12, 13, 14, 15, 16, 17, 18, 19]",0.7239559
./random_graph_db/graph_db_node_20/11_p0.8/11_graph_n20_p0.8_idx2.gpickle,20,0.8,2,8,33,98,"[0, 1, 2, 3, 4, 5, 6, 7, 8, 9, 10, 11, 12, 13, 14, 15, 16, 17, 18, 19]",0.44383
./random_graph_db/graph_db_node_20/11_p0.8/11_graph_n20_p0.8_idx3.gpickle,20,0.8,3,9,51,131,"[0, 1, 2, 3, 4, 5, 6, 7, 8, 9, 10, 11, 12, 13, 14, 15, 16, 17, 18, 19]",0.6210351
./random_graph_db/graph_db_node_20/11_p0.8/11_graph_n20_p0.8_idx4.gpickle,20,0.8,4,9,61,153,"[0, 1, 2, 3, 4, 5, 6, 7, 8, 9, 10, 11, 12, 13, 14, 15, 16, 17, 18, 19]",0.6303549
./random_graph_db/graph_db_node_20/11_p0.8/11_graph_n20_p0.8_idx5.gpickle,20,0.8,5,8,27,87,"[0, 1, 2, 3, 4, 5, 6, 7, 8, 9, 10, 11, 12, 13, 14, 15, 16, 17, 18, 19]",0.4865572
./random_graph_db/graph_db_node_20/11_p0.8/11_graph_n20_p0.8_idx6.gpickle,20,0.8,6,9,50,151,"[0, 1, 2, 3, 4, 5, 6, 7, 8, 9, 10, 11, 12, 13, 14, 15, 16, 17, 18, 19]",0.5940211
./random_graph_db/graph_db_node_20/11_p0.8/11_graph_n20_p0.8_idx7.gpickle,20,0.8,7,9,52,128,"[0, 1, 2, 3, 4, 5, 6, 7, 8, 9, 10, 11, 12, 13, 14, 15, 16, 17, 18, 19]",0.5939369
./random_graph_db/graph_db_node_20/11_p0.8/11_graph_n20_p0.8_idx8.gpickle,20,0.8,8,9,56,144,"[0, 1, 2, 3, 4, 5, 6, 7, 8, 9, 10, 11, 12, 13, 14, 15, 16, 17, 18, 19]",0.6358221
./random_graph_db/graph_db_node_20/11_p0.8/11_graph_n20_p0.8_idx9.gpickle,20,0.8,9,9,42,113,"[0, 1, 2, 3, 4, 5, 6, 7, 8, 9, 10, 11, 12, 13, 14, 15, 16, 17, 18, 19]",0.5511429
./random_graph_db/graph_db_node_20/12_p0.9/12_graph_n20_p0.9_idx1.gpickle,20,0.9,1,7,21,61,"[0, 1, 2, 3, 4, 5, 6, 7, 8, 9, 10, 11, 12, 13, 14, 15, 16, 17, 18, 19]",0.3566058
./random_graph_db/graph_db_node_20/12_p0.9/12_graph_n20_p0.9_idx10.gpickle,20,0.9,10,7,22,83,"[0, 1, 2, 3, 4, 5, 6, 7, 8, 9, 10, 11, 12, 13, 14, 15, 16, 17, 18, 19]",0.3687041
./random_graph_db/graph_db_node_20/12_p0.9/12_graph_n20_p0.9_idx2.gpickle,20,0.9,2,5,15,53,"[0, 1, 2, 3, 4, 5, 6, 7, 8, 9, 10, 11, 12, 13, 14, 15, 16, 17, 18, 19]",0.2640481
./random_graph_db/graph_db_node_20/12_p0.9/12_graph_n20_p0.9_idx3.gpickle,20,0.9,3,8,39,107,"[0, 1, 2, 3, 4, 5, 6, 7, 8, 9, 10, 11, 12, 13, 14, 15, 16, 17, 18, 19]",0.5030692
./random_graph_db/graph_db_node_20/12_p0.9/12_graph_n20_p0.9_idx4.gpickle,20,0.9,4,7,25,77,"[0, 1, 2, 3, 4, 5, 6, 7, 8, 9, 10, 11, 12, 13, 14, 15, 16, 17, 18, 19]",0.499465
./random_graph_db/graph_db_node_20/12_p0.9/12_graph_n20_p0.9_idx5.gpickle,20,0.9,5,6,15,48,"[0, 1, 2, 3, 4, 5, 6, 7, 8, 9, 10, 11, 12, 13, 14, 15, 16, 17, 18, 19]",0.3330321
./random_graph_db/graph_db_node_20/12_p0.9/12_graph_n20_p0.9_idx6.gpickle,20,0.9,6,6,13,56,"[0, 1, 2, 3, 4, 5, 6, 7, 8, 9, 10, 11, 12, 13, 14, 15, 16, 17, 18, 19]",0.301589
./random_graph_db/graph_db_node_20/12_p0.9/12_graph_n20_p0.9_idx7.gpickle,20,0.9,7,6,13,45,"[0, 1, 2, 3, 4, 5, 6, 7, 8, 9, 10, 11, 12, 13, 14, 15, 16, 17, 18, 19]",0.2792919
./random_graph_db/graph_db_node_20/12_p0.9/12_graph_n20_p0.9_idx8.gpickle,20,0.9,8,6,34,104,"[0, 1, 2, 3, 4, 5, 6, 7, 8, 9, 10, 11, 12, 13, 14, 15, 16, 17, 18, 19]",0.4378023
./random_graph_db/graph_db_node_20/12_p0.9/12_graph_n20_p0.9_idx9.gpickle,20,0.9,9,8,30,91,"[0, 1, 2, 3, 4, 5, 6, 7, 8, 9, 10, 11, 12, 13, 14, 15, 16, 17, 18, 19]",0.4953499
./random_graph_db/graph_db_node_21/01_p0.1/01_graph_n21_p0.1_idx1.gpickle,21,0.1,1,7,9,43,"[0, 1, 2, 3, 4, 5, 6, 7, 8, 9, 10, 11, 12, 13, 14, 15, 16, 17, 18, 19, 20]",0.2450371
./random_graph_db/graph_db_node_21/01_p0.1/01_graph_n21_p0.1_idx10.gpickle,21,0.1,10,6,11,50,"[0, 1, 2, 3, 4, 5, 6, 7, 8, 9, 10, 11, 12, 13, 14, 15, 16, 17, 18, 19, 20]",0.242234
./random_graph_db/graph_db_node_21/01_p0.1/01_graph_n21_p0.1_idx2.gpickle,21,0.1,2,8,18,75,"[0, 1, 2, 3, 4, 5, 6, 7, 8, 9, 10, 11, 12, 13, 14, 15, 16, 17, 18, 19, 20]",0.3827689
./random_graph_db/graph_db_node_21/01_p0.1/01_graph_n21_p0.1_idx3.gpickle,21,0.1,3,9,8,42,"[0, 1, 2, 3, 4, 5, 6, 7, 8, 9, 10, 11, 12, 13, 14, 15, 16, 17, 18, 19, 20]",0.2478051
./random_graph_db/graph_db_node_21/01_p0.1/01_graph_n21_p0.1_idx4.gpickle,21,0.1,4,8,10,46,"[0, 1, 2, 3, 4, 5, 6, 7, 8, 9, 10, 11, 12, 13, 14, 15, 16, 17, 18, 19, 20]",0.2327781
./random_graph_db/graph_db_node_21/01_p0.1/01_graph_n21_p0.1_idx5.gpickle,21,0.1,5,8,20,69,"[0, 1, 2, 3, 4, 5, 6, 7, 8, 9, 10, 11, 12, 13, 14, 15, 16, 17, 18, 19, 20]",0.3755219
./random_graph_db/graph_db_node_21/01_p0.1/01_graph_n21_p0.1_idx6.gpickle,21,0.1,6,8,17,60,"[0, 1, 2, 3, 4, 5, 6, 7, 8, 9, 10, 11, 12, 13, 14, 15, 16, 17, 18, 19, 20]",0.3421981
./random_graph_db/graph_db_node_21/01_p0.1/01_graph_n21_p0.1_idx7.gpickle,21,0.1,7,8,17,70,"[0, 1, 2, 3, 4, 5, 6, 7, 8, 9, 10, 11, 12, 13, 14, 15, 16, 17, 18, 19, 20]",0.3599961
./random_graph_db/graph_db_node_21/01_p0.1/01_graph_n21_p0.1_idx8.gpickle,21,0.1,8,6,8,51,"[0, 1, 2, 3, 4, 5, 6, 7, 8, 9, 10, 11, 12, 13, 14, 15, 16, 17, 18, 19, 20]",0.2182243
./random_graph_db/graph_db_node_21/01_p0.1/01_graph_n21_p0.1_idx9.gpickle,21,0.1,9,8,11,48,"[0, 1, 2, 3, 4, 5, 6, 7, 8, 9, 10, 11, 12, 13, 14, 15, 16, 17, 18, 19, 20]",0.289803
./random_graph_db/graph_db_node_21/02_p0.2/02_graph_n21_p0.2_idx1.gpickle,21,0.2,1,8,49,132,"[0, 1, 2, 3, 4, 5, 6, 7, 8, 9, 10, 11, 12, 13, 14, 15, 16, 17, 18, 19, 20]",0.5679541
./random_graph_db/graph_db_node_21/02_p0.2/02_graph_n21_p0.2_idx10.gpickle,21,0.2,10,9,28,70,"[0, 1, 2, 3, 4, 5, 6, 7, 8, 9, 10, 11, 12, 13, 14, 15, 16, 17, 18, 19, 20]",0.4844201
./random_graph_db/graph_db_node_21/02_p0.2/02_graph_n21_p0.2_idx2.gpickle,21,0.2,2,9,52,133,"[0, 1, 2, 3, 4, 5, 6, 7, 8, 9, 10, 11, 12, 13, 14, 15, 16, 17, 18, 19, 20]",0.6263633
./random_graph_db/graph_db_node_21/02_p0.2/02_graph_n21_p0.2_idx3.gpickle,21,0.2,3,9,49,125,"[0, 1, 2, 3, 4, 5, 6, 7, 8, 9, 10, 11, 12, 13, 14, 15, 16, 17, 18, 19, 20]",0.5690451
./random_graph_db/graph_db_node_21/02_p0.2/02_graph_n21_p0.2_idx4.gpickle,21,0.2,4,10,46,123,"[0, 1, 2, 3, 4, 5, 6, 7, 8, 9, 10, 11, 12, 13, 14, 15, 16, 17, 18, 19, 20]",0.6432881
./random_graph_db/graph_db_node_21/02_p0.2/02_graph_n21_p0.2_idx5.gpickle,21,0.2,5,7,44,130,"[0, 1, 2, 3, 4, 5, 6, 7, 8, 9, 10, 11, 12, 13, 14, 15, 16, 17, 18, 19, 20]",0.62233
./random_graph_db/graph_db_node_21/02_p0.2/02_graph_n21_p0.2_idx6.gpickle,21,0.2,6,9,41,106,"[0, 1, 2, 3, 4, 5, 6, 7, 8, 9, 10, 11, 12, 13, 14, 15, 16, 17, 18, 19, 20]",0.5236909
./random_graph_db/graph_db_node_21/02_p0.2/02_graph_n21_p0.2_idx7.gpickle,21,0.2,7,10,43,114,"[0, 1, 2, 3, 4, 5, 6, 7, 8, 9, 10, 11, 12, 13, 14, 15, 16, 17, 18, 19, 20]",0.6107659
./random_graph_db/graph_db_node_21/02_p0.2/02_graph_n21_p0.2_idx8.gpickle,21,0.2,8,8,32,99,"[0, 1, 2, 3, 4, 5, 6, 7, 8, 9, 10, 11, 12, 13, 14, 15, 16, 17, 18, 19, 20]",0.5328488
./random_graph_db/graph_db_node_21/02_p0.2/02_graph_n21_p0.2_idx9.gpickle,21,0.2,9,9,47,132,"[0, 1, 2, 3, 4, 5, 6, 7, 8, 9, 10, 11, 12, 13, 14, 15, 16, 17, 18, 19, 20]",0.6091518
./random_graph_db/graph_db_node_21/03_p0.3/03_graph_n21_p0.3_idx1.gpickle,21,0.3,1,10,78,198,"[0, 1, 2, 3, 4, 5, 6, 7, 8, 9, 10, 11, 12, 13, 14, 15, 16, 17, 18, 19, 20]",0.9321091
./random_graph_db/graph_db_node_21/03_p0.3/03_graph_n21_p0.3_idx10.gpickle,21,0.3,10,10,76,178,"[0, 1, 2, 3, 4, 5, 6, 7, 8, 9, 10, 11, 12, 13, 14, 15, 16, 17, 18, 19, 20]",0.8637068
./random_graph_db/graph_db_node_21/03_p0.3/03_graph_n21_p0.3_idx2.gpickle,21,0.3,2,10,66,181,"[0, 1, 2, 3, 4, 5, 6, 7, 8, 9, 10, 11, 12, 13, 14, 15, 16, 17, 18, 19, 20]",0.7895489
./random_graph_db/graph_db_node_21/03_p0.3/03_graph_n21_p0.3_idx3.gpickle,21,0.3,3,9,70,178,"[0, 1, 2, 3, 4, 5, 6, 7, 8, 9, 10, 11, 12, 13, 14, 15, 16, 17, 18, 19, 20]",0.8156991
./random_graph_db/graph_db_node_21/03_p0.3/03_graph_n21_p0.3_idx4.gpickle,21,0.3,4,10,62,161,"[0, 1, 2, 3, 4, 5, 6, 7, 8, 9, 10, 11, 12, 13, 14, 15, 16, 17, 18, 19, 20]",0.750345
./random_graph_db/graph_db_node_21/03_p0.3/03_graph_n21_p0.3_idx5.gpickle,21,0.3,5,10,53,161,"[0, 1, 2, 3, 4, 5, 6, 7, 8, 9, 10, 11, 12, 13, 14, 15, 16, 17, 18, 19, 20]",0.6562271
./random_graph_db/graph_db_node_21/03_p0.3/03_graph_n21_p0.3_idx6.gpickle,21,0.3,6,10,72,163,"[0, 1, 2, 3, 4, 5, 6, 7, 8, 9, 10, 11, 12, 13, 14, 15, 16, 17, 18, 19, 20]",0.8039522
./random_graph_db/graph_db_node_21/03_p0.3/03_graph_n21_p0.3_idx7.gpickle,21,0.3,7,10,73,167,"[0, 1, 2, 3, 4, 5, 6, 7, 8, 9, 10, 11, 12, 13, 14, 15, 16, 17, 18, 19, 20]",0.7355242
./random_graph_db/graph_db_node_21/03_p0.3/03_graph_n21_p0.3_idx8.gpickle,21,0.3,8,9,65,176,"[0, 1, 2, 3, 4, 5, 6, 7, 8, 9, 10, 11, 12, 13, 14, 15, 16, 17, 18, 19, 20]",0.7619731
./random_graph_db/graph_db_node_21/03_p0.3/03_graph_n21_p0.3_idx9.gpickle,21,0.3,9,10,79,198,"[0, 1, 2, 3, 4, 5, 6, 7, 8, 9, 10, 11, 12, 13, 14, 15, 16, 17, 18, 19, 20]",0.8528807
./random_graph_db/graph_db_node_21/04_p0.4/04_graph_n21_p0.4_idx1.gpickle,21,0.4,1,9,74,200,"[0, 1, 2, 3, 4, 5, 6, 7, 8, 9, 10, 11, 12, 13, 14, 15, 16, 17, 18, 19, 20]",0.836138
./random_graph_db/graph_db_node_21/04_p0.4/04_graph_n21_p0.4_idx10.gpickle,21,0.4,10,9,85,203,"[0, 1, 2, 3, 4, 5, 6, 7, 8, 9, 10, 11, 12, 13, 14, 15, 16, 17, 18, 19, 20]",0.870142
./random_graph_db/graph_db_node_21/04_p0.4/04_graph_n21_p0.4_idx2.gpickle,21,0.4,2,10,87,206,"[0, 1, 2, 3, 4, 5, 6, 7, 8, 9, 10, 11, 12, 13, 14, 15, 16, 17, 18, 19, 20]",0.9151702
./random_graph_db/graph_db_node_21/04_p0.4/04_graph_n21_p0.4_idx3.gpickle,21,0.4,3,10,73,179,"[0, 1, 2, 3, 4, 5, 6, 7, 8, 9, 10, 11, 12, 13, 14, 15, 16, 17, 18, 19, 20]",0.8186519
./random_graph_db/graph_db_node_21/04_p0.4/04_graph_n21_p0.4_idx4.gpickle,21,0.4,4,10,100,233,"[0, 1, 2, 3, 4, 5, 6, 7, 8, 9, 10, 11, 12, 13, 14, 15, 16, 17, 18, 19, 20]",1.0844197
./random_graph_db/graph_db_node_21/04_p0.4/04_graph_n21_p0.4_idx5.gpickle,21,0.4,5,10,88,219,"[0, 1, 2, 3, 4, 5, 6, 7, 8, 9, 10, 11, 12, 13, 14, 15, 16, 17, 18, 19, 20]",1.0363882
./random_graph_db/graph_db_node_21/04_p0.4/04_graph_n21_p0.4_idx6.gpickle,21,0.4,6,10,85,209,"[0, 1, 2, 3, 4, 5, 6, 7, 8, 9, 10, 11, 12, 13, 14, 15, 16, 17, 18, 19, 20]",0.9744899
./random_graph_db/graph_db_node_21/04_p0.4/04_graph_n21_p0.4_idx7.gpickle,21,0.4,7,10,79,202,"[0, 1, 2, 3, 4, 5, 6, 7, 8, 9, 10, 11, 12, 13, 14, 15, 16, 17, 18, 19, 20]",0.8868349
./random_graph_db/graph_db_node_21/04_p0.4/04_graph_n21_p0.4_idx8.gpickle,21,0.4,8,9,77,198,"[0, 1, 2, 3, 4, 5, 6, 7, 8, 9, 10, 11, 12, 13, 14, 15, 16, 17, 18, 19, 20]",0.9515038
./random_graph_db/graph_db_node_21/04_p0.4/04_graph_n21_p0.4_idx9.gpickle,21,0.4,9,9,81,212,"[0, 1, 2, 3, 4, 5, 6, 7, 8, 9, 10, 11, 12, 13, 14, 15, 16, 17, 18, 19, 20]",1.299629
./random_graph_db/graph_db_node_21/05_p0.45/05_graph_n21_p0.45_idx1.gpickle,21,0.45,1,10,96,243,"[0, 1, 2, 3, 4, 5, 6, 7, 8, 9, 10, 11, 12, 13, 14, 15, 16, 17, 18, 19, 20]",1.1541061
./random_graph_db/graph_db_node_21/05_p0.45/05_graph_n21_p0.45_idx10.gpickle,21,0.45,10,10,78,187,"[0, 1, 2, 3, 4, 5, 6, 7, 8, 9, 10, 11, 12, 13, 14, 15, 16, 17, 18, 19, 20]",0.9063442
./random_graph_db/graph_db_node_21/05_p0.45/05_graph_n21_p0.45_idx2.gpickle,21,0.45,2,10,74,190,"[0, 1, 2, 3, 4, 5, 6, 7, 8, 9, 10, 11, 12, 13, 14, 15, 16, 17, 18, 19, 20]",0.9009359
./random_graph_db/graph_db_node_21/05_p0.45/05_graph_n21_p0.45_idx3.gpickle,21,0.45,3,9,76,196,"[0, 1, 2, 3, 4, 5, 6, 7, 8, 9, 10, 11, 12, 13, 14, 15, 16, 17, 18, 19, 20]",0.863059
./random_graph_db/graph_db_node_21/05_p0.45/05_graph_n21_p0.45_idx4.gpickle,21,0.45,4,9,65,180,"[0, 1, 2, 3, 4, 5, 6, 7, 8, 9, 10, 11, 12, 13, 14, 15, 16, 17, 18, 19, 20]",0.76598
./random_graph_db/graph_db_node_21/05_p0.45/05_graph_n21_p0.45_idx5.gpickle,21,0.45,5,9,86,210,"[0, 1, 2, 3, 4, 5, 6, 7, 8, 9, 10, 11, 12, 13, 14, 15, 16, 17, 18, 19, 20]",0.9488111
./random_graph_db/graph_db_node_21/05_p0.45/05_graph_n21_p0.45_idx6.gpickle,21,0.45,6,10,95,244,"[0, 1, 2, 3, 4, 5, 6, 7, 8, 9, 10, 11, 12, 13, 14, 15, 16, 17, 18, 19, 20]",0.975877
./random_graph_db/graph_db_node_21/05_p0.45/05_graph_n21_p0.45_idx7.gpickle,21,0.45,7,9,65,166,"[0, 1, 2, 3, 4, 5, 6, 7, 8, 9, 10, 11, 12, 13, 14, 15, 16, 17, 18, 19, 20]",0.7397618
./random_graph_db/graph_db_node_21/05_p0.45/05_graph_n21_p0.45_idx8.gpickle,21,0.45,8,10,79,199,"[0, 1, 2, 3, 4, 5, 6, 7, 8, 9, 10, 11, 12, 13, 14, 15, 16, 17, 18, 19, 20]",0.8828518
./random_graph_db/graph_db_node_21/05_p0.45/05_graph_n21_p0.45_idx9.gpickle,21,0.45,9,10,84,187,"[0, 1, 2, 3, 4, 5, 6, 7, 8, 9, 10, 11, 12, 13, 14, 15, 16, 17, 18, 19, 20]",1.0300448
./random_graph_db/graph_db_node_21/06_p0.5/06_graph_n21_p0.5_idx1.gpickle,21,0.5,1,10,83,201,"[0, 1, 2, 3, 4, 5, 6, 7, 8, 9, 10, 11, 12, 13, 14, 15, 16, 17, 18, 19, 20]",0.9886692
./random_graph_db/graph_db_node_21/06_p0.5/06_graph_n21_p0.5_idx10.gpickle,21,0.5,10,10,99,240,"[0, 1, 2, 3, 4, 5, 6, 7, 8, 9, 10, 11, 12, 13, 14, 15, 16, 17, 18, 19, 20]",1.0577872
./random_graph_db/graph_db_node_21/06_p0.5/06_graph_n21_p0.5_idx2.gpickle,21,0.5,2,10,77,186,"[0, 1, 2, 3, 4, 5, 6, 7, 8, 9, 10, 11, 12, 13, 14, 15, 16, 17, 18, 19, 20]",0.8102369
./random_graph_db/graph_db_node_21/06_p0.5/06_graph_n21_p0.5_idx3.gpickle,21,0.5,3,9,76,191,"[0, 1, 2, 3, 4, 5, 6, 7, 8, 9, 10, 11, 12, 13, 14, 15, 16, 17, 18, 19, 20]",0.8711178
./random_graph_db/graph_db_node_21/06_p0.5/06_graph_n21_p0.5_idx4.gpickle,21,0.5,4,10,82,184,"[0, 1, 2, 3, 4, 5, 6, 7, 8, 9, 10, 11, 12, 13, 14, 15, 16, 17, 18, 19, 20]",0.8252409
./random_graph_db/graph_db_node_21/06_p0.5/06_graph_n21_p0.5_idx5.gpickle,21,0.5,5,10,90,227,"[0, 1, 2, 3, 4, 5, 6, 7, 8, 9, 10, 11, 12, 13, 14, 15, 16, 17, 18, 19, 20]",0.885932
./random_graph_db/graph_db_node_21/06_p0.5/06_graph_n21_p0.5_idx6.gpickle,21,0.5,6,10,89,227,"[0, 1, 2, 3, 4, 5, 6, 7, 8, 9, 10, 11, 12, 13, 14, 15, 16, 17, 18, 19, 20]",0.9008563
./random_graph_db/graph_db_node_21/06_p0.5/06_graph_n21_p0.5_idx7.gpickle,21,0.5,7,9,66,176,"[0, 1, 2, 3, 4, 5, 6, 7, 8, 9, 10, 11, 12, 13, 14, 15, 16, 17, 18, 19, 20]",0.7948461
./random_graph_db/graph_db_node_21/06_p0.5/06_graph_n21_p0.5_idx8.gpickle,21,0.5,8,9,74,191,"[0, 1, 2, 3, 4, 5, 6, 7, 8, 9, 10, 11, 12, 13, 14, 15, 16, 17, 18, 19, 20]",0.817775
./random_graph_db/graph_db_node_21/06_p0.5/06_graph_n21_p0.5_idx9.gpickle,21,0.5,9,10,82,204,"[0, 1, 2, 3, 4, 5, 6, 7, 8, 9, 10, 11, 12, 13, 14, 15, 16, 17, 18, 19, 20]",0.9085219
./random_graph_db/graph_db_node_21/07_p0.55/07_graph_n21_p0.55_idx1.gpickle,21,0.55,1,10,82,191,"[0, 1, 2, 3, 4, 5, 6, 7, 8, 9, 10, 11, 12, 13, 14, 15, 16, 17, 18, 19, 20]",0.8244867
./random_graph_db/graph_db_node_21/07_p0.55/07_graph_n21_p0.55_idx10.gpickle,21,0.55,10,10,82,218,"[0, 1, 2, 3, 4, 5, 6, 7, 8, 9, 10, 11, 12, 13, 14, 15, 16, 17, 18, 19, 20]",0.899842
./random_graph_db/graph_db_node_21/07_p0.55/07_graph_n21_p0.55_idx2.gpickle,21,0.55,2,10,90,198,"[0, 1, 2, 3, 4, 5, 6, 7, 8, 9, 10, 11, 12, 13, 14, 15, 16, 17, 18, 19, 20]",0.9332931
./random_graph_db/graph_db_node_21/07_p0.55/07_graph_n21_p0.55_idx3.gpickle,21,0.55,3,10,95,238,"[0, 1, 2, 3, 4, 5, 6, 7, 8, 9, 10, 11, 12, 13, 14, 15, 16, 17, 18, 19, 20]",0.9299679
./random_graph_db/graph_db_node_21/07_p0.55/07_graph_n21_p0.55_idx4.gpickle,21,0.55,4,10,68,186,"[0, 1, 2, 3, 4, 5, 6, 7, 8, 9, 10, 11, 12, 13, 14, 15, 16, 17, 18, 19, 20]",0.820343
./random_graph_db/graph_db_node_21/07_p0.55/07_graph_n21_p0.55_idx5.gpickle,21,0.55,5,10,96,254,"[0, 1, 2, 3, 4, 5, 6, 7, 8, 9, 10, 11, 12, 13, 14, 15, 16, 17, 18, 19, 20]",0.9825873
./random_graph_db/graph_db_node_21/07_p0.55/07_graph_n21_p0.55_idx6.gpickle,21,0.55,6,10,79,190,"[0, 1, 2, 3, 4, 5, 6, 7, 8, 9, 10, 11, 12, 13, 14, 15, 16, 17, 18, 19, 20]",0.8395998
./random_graph_db/graph_db_node_21/07_p0.55/07_graph_n21_p0.55_idx7.gpickle,21,0.55,7,9,70,181,"[0, 1, 2, 3, 4, 5, 6, 7, 8, 9, 10, 11, 12, 13, 14, 15, 16, 17, 18, 19, 20]",0.8406363
./random_graph_db/graph_db_node_21/07_p0.55/07_graph_n21_p0.55_idx8.gpickle,21,0.55,8,10,82,193,"[0, 1, 2, 3, 4, 5, 6, 7, 8, 9, 10, 11, 12, 13, 14, 15, 16, 17, 18, 19, 20]",0.8760912
./random_graph_db/graph_db_node_21/07_p0.55/07_graph_n21_p0.55_idx9.gpickle,21,0.55,9,10,90,223,"[0, 1, 2, 3, 4, 5, 6, 7, 8, 9, 10, 11, 12, 13, 14, 15, 16, 17, 18, 19, 20]",0.988127
./random_graph_db/graph_db_node_21/08_p0.6/08_graph_n21_p0.6_idx1.gpickle,21,0.6,1,10,72,167,"[0, 1, 2, 3, 4, 5, 6, 7, 8, 9, 10, 11, 12, 13, 14, 15, 16, 17, 18, 19, 20]",0.764998
./random_graph_db/graph_db_node_21/08_p0.6/08_graph_n21_p0.6_idx10.gpickle,21,0.6,10,10,87,210,"[0, 1, 2, 3, 4, 5, 6, 7, 8, 9, 10, 11, 12, 13, 14, 15, 16, 17, 18, 19, 20]",0.8811793
./random_graph_db/graph_db_node_21/08_p0.6/08_graph_n21_p0.6_idx2.gpickle,21,0.6,2,10,79,209,"[0, 1, 2, 3, 4, 5, 6, 7, 8, 9, 10, 11, 12, 13, 14, 15, 16, 17, 18, 19, 20]",1.468127
./random_graph_db/graph_db_node_21/08_p0.6/08_graph_n21_p0.6_idx3.gpickle,21,0.6,3,10,71,188,"[0, 1, 2, 3, 4, 5, 6, 7, 8, 9, 10, 11, 12, 13, 14, 15, 16, 17, 18, 19, 20]",0.8426123
./random_graph_db/graph_db_node_21/08_p0.6/08_graph_n21_p0.6_idx4.gpickle,21,0.6,4,10,80,188,"[0, 1, 2, 3, 4, 5, 6, 7, 8, 9, 10, 11, 12, 13, 14, 15, 16, 17, 18, 19, 20]",0.9039249
./random_graph_db/graph_db_node_21/08_p0.6/08_graph_n21_p0.6_idx5.gpickle,21,0.6,5,10,90,204,"[0, 1, 2, 3, 4, 5, 6, 7, 8, 9, 10, 11, 12, 13, 14, 15, 16, 17, 18, 19, 20]",0.9092059
./random_graph_db/graph_db_node_21/08_p0.6/08_graph_n21_p0.6_idx6.gpickle,21,0.6,6,10,81,203,"[0, 1, 2, 3, 4, 5, 6, 7, 8, 9, 10, 11, 12, 13, 14, 15, 16, 17, 18, 19, 20]",0.84567
./random_graph_db/graph_db_node_21/08_p0.6/08_graph_n21_p0.6_idx7.gpickle,21,0.6,7,10,76,184,"[0, 1, 2, 3, 4, 5, 6, 7, 8, 9, 10, 11, 12, 13, 14, 15, 16, 17, 18, 19, 20]",0.8785329
./random_graph_db/graph_db_node_21/08_p0.6/08_graph_n21_p0.6_idx8.gpickle,21,0.6,8,10,82,187,"[0, 1, 2, 3, 4, 5, 6, 7, 8, 9, 10, 11, 12, 13, 14, 15, 16, 17, 18, 19, 20]",0.8820951
./random_graph_db/graph_db_node_21/08_p0.6/08_graph_n21_p0.6_idx9.gpickle,21,0.6,9,9,80,199,"[0, 1, 2, 3, 4, 5, 6, 7, 8, 9, 10, 11, 12, 13, 14, 15, 16, 17, 18, 19, 20]",0.851989
./random_graph_db/graph_db_node_21/09_p0.65/09_graph_n21_p0.65_idx1.gpickle,21,0.65,1,9,76,197,"[0, 1, 2, 3, 4, 5, 6, 7, 8, 9, 10, 11, 12, 13, 14, 15, 16, 17, 18, 19, 20]",0.8311951
./random_graph_db/graph_db_node_21/09_p0.65/09_graph_n21_p0.65_idx10.gpickle,21,0.65,10,10,95,214,"[0, 1, 2, 3, 4, 5, 6, 7, 8, 9, 10, 11, 12, 13, 14, 15, 16, 17, 18, 19, 20]",0.9198699
./random_graph_db/graph_db_node_21/09_p0.65/09_graph_n21_p0.65_idx2.gpickle,21,0.65,2,10,92,217,"[0, 1, 2, 3, 4, 5, 6, 7, 8, 9, 10, 11, 12, 13, 14, 15, 16, 17, 18, 19, 20]",0.9734471
./random_graph_db/graph_db_node_21/09_p0.65/09_graph_n21_p0.65_idx3.gpickle,21,0.65,3,9,74,198,"[0, 1, 2, 3, 4, 5, 6, 7, 8, 9, 10, 11, 12, 13, 14, 15, 16, 17, 18, 19, 20]",0.7921619
./random_graph_db/graph_db_node_21/09_p0.65/09_graph_n21_p0.65_idx4.gpickle,21,0.65,4,9,68,185,"[0, 1, 2, 3, 4, 5, 6, 7, 8, 9, 10, 11, 12, 13, 14, 15, 16, 17, 18, 19, 20]",0.8193371
./random_graph_db/graph_db_node_21/09_p0.65/09_graph_n21_p0.65_idx5.gpickle,21,0.65,5,10,79,205,"[0, 1, 2, 3, 4, 5, 6, 7, 8, 9, 10, 11, 12, 13, 14, 15, 16, 17, 18, 19, 20]",0.8394139
./random_graph_db/graph_db_node_21/09_p0.65/09_graph_n21_p0.65_idx6.gpickle,21,0.65,6,9,78,209,"[0, 1, 2, 3, 4, 5, 6, 7, 8, 9, 10, 11, 12, 13, 14, 15, 16, 17, 18, 19, 20]",0.8284209
./random_graph_db/graph_db_node_21/09_p0.65/09_graph_n21_p0.65_idx7.gpickle,21,0.65,7,10,77,206,"[0, 1, 2, 3, 4, 5, 6, 7, 8, 9, 10, 11, 12, 13, 14, 15, 16, 17, 18, 19, 20]",0.8705089
./random_graph_db/graph_db_node_21/09_p0.65/09_graph_n21_p0.65_idx8.gpickle,21,0.65,8,10,86,218,"[0, 1, 2, 3, 4, 5, 6, 7, 8, 9, 10, 11, 12, 13, 14, 15, 16, 17, 18, 19, 20]",0.8851562
./random_graph_db/graph_db_node_21/09_p0.65/09_graph_n21_p0.65_idx9.gpickle,21,0.65,9,10,83,196,"[0, 1, 2, 3, 4, 5, 6, 7, 8, 9, 10, 11, 12, 13, 14, 15, 16, 17, 18, 19, 20]",0.8608902
./random_graph_db/graph_db_node_21/10_p0.7/10_graph_n21_p0.7_idx1.gpickle,21,0.7,1,8,68,173,"[0, 1, 2, 3, 4, 5, 6, 7, 8, 9, 10, 11, 12, 13, 14, 15, 16, 17, 18, 19, 20]",0.76595
./random_graph_db/graph_db_node_21/10_p0.7/10_graph_n21_p0.7_idx10.gpickle,21,0.7,10,10,81,202,"[0, 1, 2, 3, 4, 5, 6, 7, 8, 9, 10, 11, 12, 13, 14, 15, 16, 17, 18, 19, 20]",0.8179979
./random_graph_db/graph_db_node_21/10_p0.7/10_graph_n21_p0.7_idx2.gpickle,21,0.7,2,10,71,191,"[0, 1, 2, 3, 4, 5, 6, 7, 8, 9, 10, 11, 12, 13, 14, 15, 16, 17, 18, 19, 20]",0.760257
./random_graph_db/graph_db_node_21/10_p0.7/10_graph_n21_p0.7_idx3.gpickle,21,0.7,3,10,77,190,"[0, 1, 2, 3, 4, 5, 6, 7, 8, 9, 10, 11, 12, 13, 14, 15, 16, 17, 18, 19, 20]",0.769412
./random_graph_db/graph_db_node_21/10_p0.7/10_graph_n21_p0.7_idx4.gpickle,21,0.7,4,9,80,197,"[0, 1, 2, 3, 4, 5, 6, 7, 8, 9, 10, 11, 12, 13, 14, 15, 16, 17, 18, 19, 20]",0.8707211
./random_graph_db/graph_db_node_21/10_p0.7/10_graph_n21_p0.7_idx5.gpickle,21,0.7,5,10,75,191,"[0, 1, 2, 3, 4, 5, 6, 7, 8, 9, 10, 11, 12, 13, 14, 15, 16, 17, 18, 19, 20]",0.7793813
./random_graph_db/graph_db_node_21/10_p0.7/10_graph_n21_p0.7_idx6.gpickle,21,0.7,6,10,69,177,"[0, 1, 2, 3, 4, 5, 6, 7, 8, 9, 10, 11, 12, 13, 14, 15, 16, 17, 18, 19, 20]",0.7642951
./random_graph_db/graph_db_node_21/10_p0.7/10_graph_n21_p0.7_idx7.gpickle,21,0.7,7,10,84,223,"[0, 1, 2, 3, 4, 5, 6, 7, 8, 9, 10, 11, 12, 13, 14, 15, 16, 17, 18, 19, 20]",0.8794219
./random_graph_db/graph_db_node_21/10_p0.7/10_graph_n21_p0.7_idx8.gpickle,21,0.7,8,10,84,207,"[0, 1, 2, 3, 4, 5, 6, 7, 8, 9, 10, 11, 12, 13, 14, 15, 16, 17, 18, 19, 20]",0.8978841
./random_graph_db/graph_db_node_21/10_p0.7/10_graph_n21_p0.7_idx9.gpickle,21,0.7,9,10,79,192,"[0, 1, 2, 3, 4, 5, 6, 7, 8, 9, 10, 11, 12, 13, 14, 15, 16, 17, 18, 19, 20]",0.8475788
./random_graph_db/graph_db_node_21/11_p0.8/11_graph_n21_p0.8_idx1.gpickle,21,0.8,1,10,67,177,"[0, 1, 2, 3, 4, 5, 6, 7, 8, 9, 10, 11, 12, 13, 14, 15, 16, 17, 18, 19, 20]",0.7612119
./random_graph_db/graph_db_node_21/11_p0.8/11_graph_n21_p0.8_idx10.gpickle,21,0.8,10,9,71,181,"[0, 1, 2, 3, 4, 5, 6, 7, 8, 9, 10, 11, 12, 13, 14, 15, 16, 17, 18, 19, 20]",0.7749288
./random_graph_db/graph_db_node_21/11_p0.8/11_graph_n21_p0.8_idx2.gpickle,21,0.8,2,9,40,129,"[0, 1, 2, 3, 4, 5, 6, 7, 8, 9, 10, 11, 12, 13, 14, 15, 16, 17, 18, 19, 20]",0.540354
./random_graph_db/graph_db_node_21/11_p0.8/11_graph_n21_p0.8_idx3.gpickle,21,0.8,3,9,66,159,"[0, 1, 2, 3, 4, 5, 6, 7, 8, 9, 10, 11, 12, 13, 14, 15, 16, 17, 18, 19, 20]",0.7695019
./random_graph_db/graph_db_node_21/11_p0.8/11_graph_n21_p0.8_idx4.gpickle,21,0.8,4,9,62,162,"[0, 1, 2, 3, 4, 5, 6, 7, 8, 9, 10, 11, 12, 13, 14, 15, 16, 17, 18, 19, 20]",0.6832881
./random_graph_db/graph_db_node_21/11_p0.8/11_graph_n21_p0.8_idx5.gpickle,21,0.8,5,8,45,137,"[0, 1, 2, 3, 4, 5, 6, 7, 8, 9, 10, 11, 12, 13, 14, 15, 16, 17, 18, 19, 20]",0.5658739
./random_graph_db/graph_db_node_21/11_p0.8/11_graph_n21_p0.8_idx6.gpickle,21,0.8,6,10,46,124,"[0, 1, 2, 3, 4, 5, 6, 7, 8, 9, 10, 11, 12, 13, 14, 15, 16, 17, 18, 19, 20]",0.6647592
./random_graph_db/graph_db_node_21/11_p0.8/11_graph_n21_p0.8_idx7.gpickle,21,0.8,7,9,48,129,"[0, 1, 2, 3, 4, 5, 6, 7, 8, 9, 10, 11, 12, 13, 14, 15, 16, 17, 18, 19, 20]",0.6386349
./random_graph_db/graph_db_node_21/11_p0.8/11_graph_n21_p0.8_idx8.gpickle,21,0.8,8,9,80,199,"[0, 1, 2, 3, 4, 5, 6, 7, 8, 9, 10, 11, 12, 13, 14, 15, 16, 17, 18, 19, 20]",0.8521459
./random_graph_db/graph_db_node_21/11_p0.8/11_graph_n21_p0.8_idx9.gpickle,21,0.8,9,9,64,181,"[0, 1, 2, 3, 4, 5, 6, 7, 8, 9, 10, 11, 12, 13, 14, 15, 16, 17, 18, 19, 20]",0.729708
./random_graph_db/graph_db_node_21/12_p0.9/12_graph_n21_p0.9_idx1.gpickle,21,0.9,1,7,27,80,"[0, 1, 2, 3, 4, 5, 6, 7, 8, 9, 10, 11, 12, 13, 14, 15, 16, 17, 18, 19, 20]",0.4362359
./random_graph_db/graph_db_node_21/12_p0.9/12_graph_n21_p0.9_idx10.gpickle,21,0.9,10,8,27,92,"[0, 1, 2, 3, 4, 5, 6, 7, 8, 9, 10, 11, 12, 13, 14, 15, 16, 17, 18, 19, 20]",0.4268432
./random_graph_db/graph_db_node_21/12_p0.9/12_graph_n21_p0.9_idx2.gpickle,21,0.9,2,8,18,70,"[0, 1, 2, 3, 4, 5, 6, 7, 8, 9, 10, 11, 12, 13, 14, 15, 16, 17, 18, 19, 20]",0.3410759
./random_graph_db/graph_db_node_21/12_p0.9/12_graph_n21_p0.9_idx3.gpickle,21,0.9,3,8,40,109,"[0, 1, 2, 3, 4, 5, 6, 7, 8, 9, 10, 11, 12, 13, 14, 15, 16, 17, 18, 19, 20]",0.538929
./random_graph_db/graph_db_node_21/12_p0.9/12_graph_n21_p0.9_idx4.gpickle,21,0.9,4,9,53,128,"[0, 1, 2, 3, 4, 5, 6, 7, 8, 9, 10, 11, 12, 13, 14, 15, 16, 17, 18, 19, 20]",0.6100931
./random_graph_db/graph_db_node_21/12_p0.9/12_graph_n21_p0.9_idx5.gpickle,21,0.9,5,7,17,63,"[0, 1, 2, 3, 4, 5, 6, 7, 8, 9, 10, 11, 12, 13, 14, 15, 16, 17, 18, 19, 20]",0.334342
./random_graph_db/graph_db_node_21/12_p0.9/12_graph_n21_p0.9_idx6.gpickle,21,0.9,6,6,17,65,"[0, 1, 2, 3, 4, 5, 6, 7, 8, 9, 10, 11, 12, 13, 14, 15, 16, 17, 18, 19, 20]",0.3332281
./random_graph_db/graph_db_node_21/12_p0.9/12_graph_n21_p0.9_idx7.gpickle,21,0.9,7,8,15,66,"[0, 1, 2, 3, 4, 5, 6, 7, 8, 9, 10, 11, 12, 13, 14, 15, 16, 17, 18, 19, 20]",0.335737
./random_graph_db/graph_db_node_21/12_p0.9/12_graph_n21_p0.9_idx8.gpickle,21,0.9,8,8,23,79,"[0, 1, 2, 3, 4, 5, 6, 7, 8, 9, 10, 11, 12, 13, 14, 15, 16, 17, 18, 19, 20]",0.4196959
./random_graph_db/graph_db_node_21/12_p0.9/12_graph_n21_p0.9_idx9.gpickle,21,0.9,9,8,34,95,"[0, 1, 2, 3, 4, 5, 6, 7, 8, 9, 10, 11, 12, 13, 14, 15, 16, 17, 18, 19, 20]",0.5061791
./random_graph_db/graph_db_node_22/01_p0.1/01_graph_n22_p0.1_idx1.gpickle,22,0.1,1,8,14,61,"[0, 1, 2, 3, 4, 5, 6, 7, 8, 9, 10, 11, 12, 13, 14, 15, 16, 17, 18, 19, 20, 21]",0.3147609
./random_graph_db/graph_db_node_22/01_p0.1/01_graph_n22_p0.1_idx10.gpickle,22,0.1,10,9,37,105,"[0, 1, 2, 3, 4, 5, 6, 7, 8, 9, 10, 11, 12, 13, 14, 15, 16, 17, 18, 19, 20, 21]",0.3843298
./random_graph_db/graph_db_node_22/01_p0.1/01_graph_n22_p0.1_idx2.gpickle,22,0.1,2,7,12,47,"[0, 1, 2, 3, 4, 5, 6, 7, 8, 9, 10, 11, 12, 13, 14, 15, 16, 17, 18, 19, 20, 21]",0.344594
./random_graph_db/graph_db_node_22/01_p0.1/01_graph_n22_p0.1_idx3.gpickle,22,0.1,3,9,13,52,"[0, 1, 2, 3, 4, 5, 6, 7, 8, 9, 10, 11, 12, 13, 14, 15, 16, 17, 18, 19, 20, 21]",0.3425879
./random_graph_db/graph_db_node_22/01_p0.1/01_graph_n22_p0.1_idx4.gpickle,22,0.1,4,8,23,81,"[0, 1, 2, 3, 4, 5, 6, 7, 8, 9, 10, 11, 12, 13, 14, 15, 16, 17, 18, 19, 20, 21]",0.396728
./random_graph_db/graph_db_node_22/01_p0.1/01_graph_n22_p0.1_idx5.gpickle,22,0.1,5,7,13,44,"[0, 1, 2, 3, 4, 5, 6, 7, 8, 9, 10, 11, 12, 13, 14, 15, 16, 17, 18, 19, 20, 21]",0.3255768
./random_graph_db/graph_db_node_22/01_p0.1/01_graph_n22_p0.1_idx6.gpickle,22,0.1,6,7,22,67,"[0, 1, 2, 3, 4, 5, 6, 7, 8, 9, 10, 11, 12, 13, 14, 15, 16, 17, 18, 19, 20, 21]",0.4296591
./random_graph_db/graph_db_node_22/01_p0.1/01_graph_n22_p0.1_idx7.gpickle,22,0.1,7,7,16,69,"[0, 1, 2, 3, 4, 5, 6, 7, 8, 9, 10, 11, 12, 13, 14, 15, 16, 17, 18, 19, 20, 21]",0.3233941
./random_graph_db/graph_db_node_22/01_p0.1/01_graph_n22_p0.1_idx8.gpickle,22,0.1,8,7,15,55,"[0, 1, 2, 3, 4, 5, 6, 7, 8, 9, 10, 11, 12, 13, 14, 15, 16, 17, 18, 19, 20, 21]",0.2892051
./random_graph_db/graph_db_node_22/01_p0.1/01_graph_n22_p0.1_idx9.gpickle,22,0.1,9,8,27,80,"[0, 1, 2, 3, 4, 5, 6, 7, 8, 9, 10, 11, 12, 13, 14, 15, 16, 17, 18, 19, 20, 21]",0.457366
./random_graph_db/graph_db_node_22/02_p0.2/02_graph_n22_p0.2_idx1.gpickle,22,0.2,1,10,52,164,"[0, 1, 2, 3, 4, 5, 6, 7, 8, 9, 10, 11, 12, 13, 14, 15, 16, 17, 18, 19, 20, 21]",0.7062128
./random_graph_db/graph_db_node_22/02_p0.2/02_graph_n22_p0.2_idx10.gpickle,22,0.2,10,9,45,122,"[0, 1, 2, 3, 4, 5, 6, 7, 8, 9, 10, 11, 12, 13, 14, 15, 16, 17, 18, 19, 20, 21]",0.6427627
./random_graph_db/graph_db_node_22/02_p0.2/02_graph_n22_p0.2_idx2.gpickle,22,0.2,2,10,58,141,"[0, 1, 2, 3, 4, 5, 6, 7, 8, 9, 10, 11, 12, 13, 14, 15, 16, 17, 18, 19, 20, 21]",0.7150469
./random_graph_db/graph_db_node_22/02_p0.2/02_graph_n22_p0.2_idx3.gpickle,22,0.2,3,10,49,135,"[0, 1, 2, 3, 4, 5, 6, 7, 8, 9, 10, 11, 12, 13, 14, 15, 16, 17, 18, 19, 20, 21]",0.7054181
./random_graph_db/graph_db_node_22/02_p0.2/02_graph_n22_p0.2_idx4.gpickle,22,0.2,4,9,48,123,"[0, 1, 2, 3, 4, 5, 6, 7, 8, 9, 10, 11, 12, 13, 14, 15, 16, 17, 18, 19, 20, 21]",0.6582983
./random_graph_db/graph_db_node_22/02_p0.2/02_graph_n22_p0.2_idx5.gpickle,22,0.2,5,9,31,81,"[0, 1, 2, 3, 4, 5, 6, 7, 8, 9, 10, 11, 12, 13, 14, 15, 16, 17, 18, 19, 20, 21]",0.5156689
./random_graph_db/graph_db_node_22/02_p0.2/02_graph_n22_p0.2_idx6.gpickle,22,0.2,6,11,41,123,"[0, 1, 2, 3, 4, 5, 6, 7, 8, 9, 10, 11, 12, 13, 14, 15, 16, 17, 18, 19, 20, 21]",0.5970922
./random_graph_db/graph_db_node_22/02_p0.2/02_graph_n22_p0.2_idx7.gpickle,22,0.2,7,10,40,116,"[0, 1, 2, 3, 4, 5, 6, 7, 8, 9, 10, 11, 12, 13, 14, 15, 16, 17, 18, 19, 20, 21]",0.5374258
./random_graph_db/graph_db_node_22/02_p0.2/02_graph_n22_p0.2_idx8.gpickle,22,0.2,8,10,39,91,"[0, 1, 2, 3, 4, 5, 6, 7, 8, 9, 10, 11, 12, 13, 14, 15, 16, 17, 18, 19, 20, 21]",0.608896
./random_graph_db/graph_db_node_22/02_p0.2/02_graph_n22_p0.2_idx9.gpickle,22,0.2,9,10,50,116,"[0, 1, 2, 3, 4, 5, 6, 7, 8, 9, 10, 11, 12, 13, 14, 15, 16, 17, 18, 19, 20, 21]",0.6360011
./random_graph_db/graph_db_node_22/03_p0.3/03_graph_n22_p0.3_idx1.gpickle,22,0.3,1,10,75,180,"[0, 1, 2, 3, 4, 5, 6, 7, 8, 9, 10, 11, 12, 13, 14, 15, 16, 17, 18, 19, 20, 21]",0.840308
./random_graph_db/graph_db_node_22/03_p0.3/03_graph_n22_p0.3_idx10.gpickle,22,0.3,10,10,70,188,"[0, 1, 2, 3, 4, 5, 6, 7, 8, 9, 10, 11, 12, 13, 14, 15, 16, 17, 18, 19, 20, 21]",0.84689
./random_graph_db/graph_db_node_22/03_p0.3/03_graph_n22_p0.3_idx2.gpickle,22,0.3,2,11,71,178,"[0, 1, 2, 3, 4, 5, 6, 7, 8, 9, 10, 11, 12, 13, 14, 15, 16, 17, 18, 19, 20, 21]",0.7904687
./random_graph_db/graph_db_node_22/03_p0.3/03_graph_n22_p0.3_idx3.gpickle,22,0.3,3,10,73,172,"[0, 1, 2, 3, 4, 5, 6, 7, 8, 9, 10, 11, 12, 13, 14, 15, 16, 17, 18, 19, 20, 21]",0.85953
./random_graph_db/graph_db_node_22/03_p0.3/03_graph_n22_p0.3_idx4.gpickle,22,0.3,4,11,75,180,"[0, 1, 2, 3, 4, 5, 6, 7, 8, 9, 10, 11, 12, 13, 14, 15, 16, 17, 18, 19, 20, 21]",0.873193
./random_graph_db/graph_db_node_22/03_p0.3/03_graph_n22_p0.3_idx5.gpickle,22,0.3,5,10,60,159,"[0, 1, 2, 3, 4, 5, 6, 7, 8, 9, 10, 11, 12, 13, 14, 15, 16, 17, 18, 19, 20, 21]",0.7580979
./random_graph_db/graph_db_node_22/03_p0.3/03_graph_n22_p0.3_idx6.gpickle,22,0.3,6,11,75,187,"[0, 1, 2, 3, 4, 5, 6, 7, 8, 9, 10, 11, 12, 13, 14, 15, 16, 17, 18, 19, 20, 21]",0.8469431
./random_graph_db/graph_db_node_22/03_p0.3/03_graph_n22_p0.3_idx7.gpickle,22,0.3,7,10,91,217,"[0, 1, 2, 3, 4, 5, 6, 7, 8, 9, 10, 11, 12, 13, 14, 15, 16, 17, 18, 19, 20, 21]",0.9920342
./random_graph_db/graph_db_node_22/03_p0.3/03_graph_n22_p0.3_idx8.gpickle,22,0.3,8,10,89,200,"[0, 1, 2, 3, 4, 5, 6, 7, 8, 9, 10, 11, 12, 13, 14, 15, 16, 17, 18, 19, 20, 21]",0.9554451
./random_graph_db/graph_db_node_22/03_p0.3/03_graph_n22_p0.3_idx9.gpickle,22,0.3,9,10,83,190,"[0, 1, 2, 3, 4, 5, 6, 7, 8, 9, 10, 11, 12, 13, 14, 15, 16, 17, 18, 19, 20, 21]",0.931757
./random_graph_db/graph_db_node_22/04_p0.4/04_graph_n22_p0.4_idx1.gpickle,22,0.4,1,11,76,190,"[0, 1, 2, 3, 4, 5, 6, 7, 8, 9, 10, 11, 12, 13, 14, 15, 16, 17, 18, 19, 20, 21]",0.9094291
./random_graph_db/graph_db_node_22/04_p0.4/04_graph_n22_p0.4_idx10.gpickle,22,0.4,10,11,88,220,"[0, 1, 2, 3, 4, 5, 6, 7, 8, 9, 10, 11, 12, 13, 14, 15, 16, 17, 18, 19, 20, 21]",0.9303439
./random_graph_db/graph_db_node_22/04_p0.4/04_graph_n22_p0.4_idx2.gpickle,22,0.4,2,10,91,218,"[0, 1, 2, 3, 4, 5, 6, 7, 8, 9, 10, 11, 12, 13, 14, 15, 16, 17, 18, 19, 20, 21]",0.9468217
./random_graph_db/graph_db_node_22/04_p0.4/04_graph_n22_p0.4_idx3.gpickle,22,0.4,3,10,87,229,"[0, 1, 2, 3, 4, 5, 6, 7, 8, 9, 10, 11, 12, 13, 14, 15, 16, 17, 18, 19, 20, 21]",0.9548681
./random_graph_db/graph_db_node_22/04_p0.4/04_graph_n22_p0.4_idx4.gpickle,22,0.4,4,10,93,218,"[0, 1, 2, 3, 4, 5, 6, 7, 8, 9, 10, 11, 12, 13, 14, 15, 16, 17, 18, 19, 20, 21]",1.0121462
./random_graph_db/graph_db_node_22/04_p0.4/04_graph_n22_p0.4_idx5.gpickle,22,0.4,5,11,100,231,"[0, 1, 2, 3, 4, 5, 6, 7, 8, 9, 10, 11, 12, 13, 14, 15, 16, 17, 18, 19, 20, 21]",1.345504
./random_graph_db/graph_db_node_22/04_p0.4/04_graph_n22_p0.4_idx6.gpickle,22,0.4,6,10,85,216,"[0, 1, 2, 3, 4, 5, 6, 7, 8, 9, 10, 11, 12, 13, 14, 15, 16, 17, 18, 19, 20, 21]",0.894855
./random_graph_db/graph_db_node_22/04_p0.4/04_graph_n22_p0.4_idx7.gpickle,22,0.4,7,11,106,233,"[0, 1, 2, 3, 4, 5, 6, 7, 8, 9, 10, 11, 12, 13, 14, 15, 16, 17, 18, 19, 20, 21]",1.039036
./random_graph_db/graph_db_node_22/04_p0.4/04_graph_n22_p0.4_idx8.gpickle,22,0.4,8,10,92,227,"[0, 1, 2, 3, 4, 5, 6, 7, 8, 9, 10, 11, 12, 13, 14, 15, 16, 17, 18, 19, 20, 21]",1.0223417
./random_graph_db/graph_db_node_22/04_p0.4/04_graph_n22_p0.4_idx9.gpickle,22,0.4,9,10,88,216,"[0, 1, 2, 3, 4, 5, 6, 7, 8, 9, 10, 11, 12, 13, 14, 15, 16, 17, 18, 19, 20, 21]",1.0292759
./random_graph_db/graph_db_node_22/05_p0.45/05_graph_n22_p0.45_idx1.gpickle,22,0.45,1,10,99,211,"[0, 1, 2, 3, 4, 5, 6, 7, 8, 9, 10, 11, 12, 13, 14, 15, 16, 17, 18, 19, 20, 21]",1.056761
./random_graph_db/graph_db_node_22/05_p0.45/05_graph_n22_p0.45_idx10.gpickle,22,0.45,10,10,93,243,"[0, 1, 2, 3, 4, 5, 6, 7, 8, 9, 10, 11, 12, 13, 14, 15, 16, 17, 18, 19, 20, 21]",1.0603168
./random_graph_db/graph_db_node_22/05_p0.45/05_graph_n22_p0.45_idx2.gpickle,22,0.45,2,10,90,222,"[0, 1, 2, 3, 4, 5, 6, 7, 8, 9, 10, 11, 12, 13, 14, 15, 16, 17, 18, 19, 20, 21]",1.015873
./random_graph_db/graph_db_node_22/05_p0.45/05_graph_n22_p0.45_idx3.gpickle,22,0.45,3,10,87,210,"[0, 1, 2, 3, 4, 5, 6, 7, 8, 9, 10, 11, 12, 13, 14, 15, 16, 17, 18, 19, 20, 21]",0.9690802
./random_graph_db/graph_db_node_22/05_p0.45/05_graph_n22_p0.45_idx4.gpickle,22,0.45,4,10,94,234,"[0, 1, 2, 3, 4, 5, 6, 7, 8, 9, 10, 11, 12, 13, 14, 15, 16, 17, 18, 19, 20, 21]",0.9999218
./random_graph_db/graph_db_node_22/05_p0.45/05_graph_n22_p0.45_idx5.gpickle,22,0.45,5,10,86,211,"[0, 1, 2, 3, 4, 5, 6, 7, 8, 9, 10, 11, 12, 13, 14, 15, 16, 17, 18, 19, 20, 21]",1.1031663
./random_graph_db/graph_db_node_22/05_p0.45/05_graph_n22_p0.45_idx6.gpickle,22,0.45,6,10,90,208,"[0, 1, 2, 3, 4, 5, 6, 7, 8, 9, 10, 11, 12, 13, 14, 15, 16, 17, 18, 19, 20, 21]",0.925281
./random_graph_db/graph_db_node_22/05_p0.45/05_graph_n22_p0.45_idx7.gpickle,22,0.45,7,10,80,194,"[0, 1, 2, 3, 4, 5, 6, 7, 8, 9, 10, 11, 12, 13, 14, 15, 16, 17, 18, 19, 20, 21]",0.8368552
./random_graph_db/graph_db_node_22/05_p0.45/05_graph_n22_p0.45_idx8.gpickle,22,0.45,8,9,87,233,"[0, 1, 2, 3, 4, 5, 6, 7, 8, 9, 10, 11, 12, 13, 14, 15, 16, 17, 18, 19, 20, 21]",1.0051219
./random_graph_db/graph_db_node_22/05_p0.45/05_graph_n22_p0.45_idx9.gpickle,22,0.45,9,10,86,196,"[0, 1, 2, 3, 4, 5, 6, 7, 8, 9, 10, 11, 12, 13, 14, 15, 16, 17, 18, 19, 20, 21]",1.0358231
./random_graph_db/graph_db_node_22/06_p0.5/06_graph_n22_p0.5_idx1.gpickle,22,0.5,1,10,96,227,"[0, 1, 2, 3, 4, 5, 6, 7, 8, 9, 10, 11, 12, 13, 14, 15, 16, 17, 18, 19, 20, 21]",1.0358763
./random_graph_db/graph_db_node_22/06_p0.5/06_graph_n22_p0.5_idx10.gpickle,22,0.5,10,11,98,225,"[0, 1, 2, 3, 4, 5, 6, 7, 8, 9, 10, 11, 12, 13, 14, 15, 16, 17, 18, 19, 20, 21]",1.058465
./random_graph_db/graph_db_node_22/06_p0.5/06_graph_n22_p0.5_idx2.gpickle,22,0.5,2,9,83,215,"[0, 1, 2, 3, 4, 5, 6, 7, 8, 9, 10, 11, 12, 13, 14, 15, 16, 17, 18, 19, 20, 21]",0.948246
./random_graph_db/graph_db_node_22/06_p0.5/06_graph_n22_p0.5_idx3.gpickle,22,0.5,3,10,85,213,"[0, 1, 2, 3, 4, 5, 6, 7, 8, 9, 10, 11, 12, 13, 14, 15, 16, 17, 18, 19, 20, 21]",0.9224288
./random_graph_db/graph_db_node_22/06_p0.5/06_graph_n22_p0.5_idx4.gpickle,22,0.5,4,10,92,223,"[0, 1, 2, 3, 4, 5, 6, 7, 8, 9, 10, 11, 12, 13, 14, 15, 16, 17, 18, 19, 20, 21]",0.9940517
./random_graph_db/graph_db_node_22/06_p0.5/06_graph_n22_p0.5_idx5.gpickle,22,0.5,5,10,93,221,"[0, 1, 2, 3, 4, 5, 6, 7, 8, 9, 10, 11, 12, 13, 14, 15, 16, 17, 18, 19, 20, 21]",1.1869419
./random_graph_db/graph_db_node_22/06_p0.5/06_graph_n22_p0.5_idx6.gpickle,22,0.5,6,11,91,217,"[0, 1, 2, 3, 4, 5, 6, 7, 8, 9, 10, 11, 12, 13, 14, 15, 16, 17, 18, 19, 20, 21]",0.928302
./random_graph_db/graph_db_node_22/06_p0.5/06_graph_n22_p0.5_idx7.gpickle,22,0.5,7,10,82,211,"[0, 1, 2, 3, 4, 5, 6, 7, 8, 9, 10, 11, 12, 13, 14, 15, 16, 17, 18, 19, 20, 21]",0.9360099
./random_graph_db/graph_db_node_22/06_p0.5/06_graph_n22_p0.5_idx8.gpickle,22,0.5,8,10,98,233,"[0, 1, 2, 3, 4, 5, 6, 7, 8, 9, 10, 11, 12, 13, 14, 15, 16, 17, 18, 19, 20, 21]",1.1148179
./random_graph_db/graph_db_node_22/06_p0.5/06_graph_n22_p0.5_idx9.gpickle,22,0.5,9,11,91,206,"[0, 1, 2, 3, 4, 5, 6, 7, 8, 9, 10, 11, 12, 13, 14, 15, 16, 17, 18, 19, 20, 21]",0.8888073
./random_graph_db/graph_db_node_22/07_p0.55/07_graph_n22_p0.55_idx1.gpickle,22,0.55,1,11,86,212,"[0, 1, 2, 3, 4, 5, 6, 7, 8, 9, 10, 11, 12, 13, 14, 15, 16, 17, 18, 19, 20, 21]",0.9441221
./random_graph_db/graph_db_node_22/07_p0.55/07_graph_n22_p0.55_idx10.gpickle,22,0.55,10,10,87,208,"[0, 1, 2, 3, 4, 5, 6, 7, 8, 9, 10, 11, 12, 13, 14, 15, 16, 17, 18, 19, 20, 21]",0.9226091
./random_graph_db/graph_db_node_22/07_p0.55/07_graph_n22_p0.55_idx2.gpickle,22,0.55,2,10,96,228,"[0, 1, 2, 3, 4, 5, 6, 7, 8, 9, 10, 11, 12, 13, 14, 15, 16, 17, 18, 19, 20, 21]",1.0354388
./random_graph_db/graph_db_node_22/07_p0.55/07_graph_n22_p0.55_idx3.gpickle,22,0.55,3,10,93,222,"[0, 1, 2, 3, 4, 5, 6, 7, 8, 9, 10, 11, 12, 13, 14, 15, 16, 17, 18, 19, 20, 21]",0.9743381
./random_graph_db/graph_db_node_22/07_p0.55/07_graph_n22_p0.55_idx4.gpickle,22,0.55,4,11,105,235,"[0, 1, 2, 3, 4, 5, 6, 7, 8, 9, 10, 11, 12, 13, 14, 15, 16, 17, 18, 19, 20, 21]",1.1042078
./random_graph_db/graph_db_node_22/07_p0.55/07_graph_n22_p0.55_idx5.gpickle,22,0.55,5,11,98,224,"[0, 1, 2, 3, 4, 5, 6, 7, 8, 9, 10, 11, 12, 13, 14, 15, 16, 17, 18, 19, 20, 21]",1.2451603
./random_graph_db/graph_db_node_22/07_p0.55/07_graph_n22_p0.55_idx6.gpickle,22,0.55,6,11,103,262,"[0, 1, 2, 3, 4, 5, 6, 7, 8, 9, 10, 11, 12, 13, 14, 15, 16, 17, 18, 19, 20, 21]",1.1111333
./random_graph_db/graph_db_node_22/07_p0.55/07_graph_n22_p0.55_idx7.gpickle,22,0.55,7,11,93,222,"[0, 1, 2, 3, 4, 5, 6, 7, 8, 9, 10, 11, 12, 13, 14, 15, 16, 17, 18, 19, 20, 21]",0.9979589
./random_graph_db/graph_db_node_22/07_p0.55/07_graph_n22_p0.55_idx8.gpickle,22,0.55,8,10,92,217,"[0, 1, 2, 3, 4, 5, 6, 7, 8, 9, 10, 11, 12, 13, 14, 15, 16, 17, 18, 19, 20, 21]",1.0046401
./random_graph_db/graph_db_node_22/07_p0.55/07_graph_n22_p0.55_idx9.gpickle,22,0.55,9,11,93,214,"[0, 1, 2, 3, 4, 5, 6, 7, 8, 9, 10, 11, 12, 13, 14, 15, 16, 17, 18, 19, 20, 21]",0.9633191
./random_graph_db/graph_db_node_22/08_p0.6/08_graph_n22_p0.6_idx1.gpickle,22,0.6,1,10,90,235,"[0, 1, 2, 3, 4, 5, 6, 7, 8, 9, 10, 11, 12, 13, 14, 15, 16, 17, 18, 19, 20, 21]",1.0537112
./random_graph_db/graph_db_node_22/08_p0.6/08_graph_n22_p0.6_idx10.gpickle,22,0.6,10,11,93,224,"[0, 1, 2, 3, 4, 5, 6, 7, 8, 9, 10, 11, 12, 13, 14, 15, 16, 17, 18, 19, 20, 21]",1.0063591
./random_graph_db/graph_db_node_22/08_p0.6/08_graph_n22_p0.6_idx2.gpickle,22,0.6,2,10,78,187,"[0, 1, 2, 3, 4, 5, 6, 7, 8, 9, 10, 11, 12, 13, 14, 15, 16, 17, 18, 19, 20, 21]",0.9067109
./random_graph_db/graph_db_node_22/08_p0.6/08_graph_n22_p0.6_idx3.gpickle,22,0.6,3,10,84,213,"[0, 1, 2, 3, 4, 5, 6, 7, 8, 9, 10, 11, 12, 13, 14, 15, 16, 17, 18, 19, 20, 21]",0.9581368
./random_graph_db/graph_db_node_22/08_p0.6/08_graph_n22_p0.6_idx4.gpickle,22,0.6,4,11,81,201,"[0, 1, 2, 3, 4, 5, 6, 7, 8, 9, 10, 11, 12, 13, 14, 15, 16, 17, 18, 19, 20, 21]",0.8709929
./random_graph_db/graph_db_node_22/08_p0.6/08_graph_n22_p0.6_idx5.gpickle,22,0.6,5,10,94,228,"[0, 1, 2, 3, 4, 5, 6, 7, 8, 9, 10, 11, 12, 13, 14, 15, 16, 17, 18, 19, 20, 21]",0.9597113
./random_graph_db/graph_db_node_22/08_p0.6/08_graph_n22_p0.6_idx6.gpickle,22,0.6,6,10,101,255,"[0, 1, 2, 3, 4, 5, 6, 7, 8, 9, 10, 11, 12, 13, 14, 15, 16, 17, 18, 19, 20, 21]",1.0766318
./random_graph_db/graph_db_node_22/08_p0.6/08_graph_n22_p0.6_idx7.gpickle,22,0.6,7,10,95,219,"[0, 1, 2, 3, 4, 5, 6, 7, 8, 9, 10, 11, 12, 13, 14, 15, 16, 17, 18, 19, 20, 21]",1.109174
./random_graph_db/graph_db_node_22/08_p0.6/08_graph_n22_p0.6_idx8.gpickle,22,0.6,8,10,100,253,"[0, 1, 2, 3, 4, 5, 6, 7, 8, 9, 10, 11, 12, 13, 14, 15, 16, 17, 18, 19, 20, 21]",1.0879481
./random_graph_db/graph_db_node_22/08_p0.6/08_graph_n22_p0.6_idx9.gpickle,22,0.6,9,10,88,212,"[0, 1, 2, 3, 4, 5, 6, 7, 8, 9, 10, 11, 12, 13, 14, 15, 16, 17, 18, 19, 20, 21]",0.9746859
./random_graph_db/graph_db_node_22/09_p0.65/09_graph_n22_p0.65_idx1.gpickle,22,0.65,1,10,82,211,"[0, 1, 2, 3, 4, 5, 6, 7, 8, 9, 10, 11, 12, 13, 14, 15, 16, 17, 18, 19, 20, 21]",1.0109999
./random_graph_db/graph_db_node_22/09_p0.65/09_graph_n22_p0.65_idx10.gpickle,22,0.65,10,11,91,212,"[0, 1, 2, 3, 4, 5, 6, 7, 8, 9, 10, 11, 12, 13, 14, 15, 16, 17, 18, 19, 20, 21]",0.9460192
./random_graph_db/graph_db_node_22/09_p0.65/09_graph_n22_p0.65_idx2.gpickle,22,0.65,2,11,85,208,"[0, 1, 2, 3, 4, 5, 6, 7, 8, 9, 10, 11, 12, 13, 14, 15, 16, 17, 18, 19, 20, 21]",0.9487321
./random_graph_db/graph_db_node_22/09_p0.65/09_graph_n22_p0.65_idx3.gpickle,22,0.65,3,10,73,179,"[0, 1, 2, 3, 4, 5, 6, 7, 8, 9, 10, 11, 12, 13, 14, 15, 16, 17, 18, 19, 20, 21]",0.9013958
./random_graph_db/graph_db_node_22/09_p0.65/09_graph_n22_p0.65_idx4.gpickle,22,0.65,4,11,84,219,"[0, 1, 2, 3, 4, 5, 6, 7, 8, 9, 10, 11, 12, 13, 14, 15, 16, 17, 18, 19, 20, 21]",0.9872532
./random_graph_db/graph_db_node_22/09_p0.65/09_graph_n22_p0.65_idx5.gpickle,22,0.65,5,11,103,232,"[0, 1, 2, 3, 4, 5, 6, 7, 8, 9, 10, 11, 12, 13, 14, 15, 16, 17, 18, 19, 20, 21]",1.0143921
./random_graph_db/graph_db_node_22/09_p0.65/09_graph_n22_p0.65_idx6.gpickle,22,0.65,6,11,100,225,"[0, 1, 2, 3, 4, 5, 6, 7, 8, 9, 10, 11, 12, 13, 14, 15, 16, 17, 18, 19, 20, 21]",1.3038228
./random_graph_db/graph_db_node_22/09_p0.65/09_graph_n22_p0.65_idx7.gpickle,22,0.65,7,9,76,192,"[0, 1, 2, 3, 4, 5, 6, 7, 8, 9, 10, 11, 12, 13, 14, 15, 16, 17, 18, 19, 20, 21]",0.8484807
./random_graph_db/graph_db_node_22/09_p0.65/09_graph_n22_p0.65_idx8.gpickle,22,0.65,8,9,87,201,"[0, 1, 2, 3, 4, 5, 6, 7, 8, 9, 10, 11, 12, 13, 14, 15, 16, 17, 18, 19, 20, 21]",1.055094
./random_graph_db/graph_db_node_22/09_p0.65/09_graph_n22_p0.65_idx9.gpickle,22,0.65,9,10,93,231,"[0, 1, 2, 3, 4, 5, 6, 7, 8, 9, 10, 11, 12, 13, 14, 15, 16, 17, 18, 19, 20, 21]",1.0051181
./random_graph_db/graph_db_node_22/10_p0.7/10_graph_n22_p0.7_idx1.gpickle,22,0.7,1,10,87,222,"[0, 1, 2, 3, 4, 5, 6, 7, 8, 9, 10, 11, 12, 13, 14, 15, 16, 17, 18, 19, 20, 21]",0.957597
./random_graph_db/graph_db_node_22/10_p0.7/10_graph_n22_p0.7_idx10.gpickle,22,0.7,10,9,84,213,"[0, 1, 2, 3, 4, 5, 6, 7, 8, 9, 10, 11, 12, 13, 14, 15, 16, 17, 18, 19, 20, 21]",0.939316
./random_graph_db/graph_db_node_22/10_p0.7/10_graph_n22_p0.7_idx2.gpickle,22,0.7,2,10,79,179,"[0, 1, 2, 3, 4, 5, 6, 7, 8, 9, 10, 11, 12, 13, 14, 15, 16, 17, 18, 19, 20, 21]",0.886723
./random_graph_db/graph_db_node_22/10_p0.7/10_graph_n22_p0.7_idx3.gpickle,22,0.7,3,9,71,179,"[0, 1, 2, 3, 4, 5, 6, 7, 8, 9, 10, 11, 12, 13, 14, 15, 16, 17, 18, 19, 20, 21]",0.8974161
./random_graph_db/graph_db_node_22/10_p0.7/10_graph_n22_p0.7_idx4.gpickle,22,0.7,4,10,83,213,"[0, 1, 2, 3, 4, 5, 6, 7, 8, 9, 10, 11, 12, 13, 14, 15, 16, 17, 18, 19, 20, 21]",0.9639091
./random_graph_db/graph_db_node_22/10_p0.7/10_graph_n22_p0.7_idx5.gpickle,22,0.7,5,10,76,200,"[0, 1, 2, 3, 4, 5, 6, 7, 8, 9, 10, 11, 12, 13, 14, 15, 16, 17, 18, 19, 20, 21]",1.0005498
./random_graph_db/graph_db_node_22/10_p0.7/10_graph_n22_p0.7_idx6.gpickle,22,0.7,6,10,80,209,"[0, 1, 2, 3, 4, 5, 6, 7, 8, 9, 10, 11, 12, 13, 14, 15, 16, 17, 18, 19, 20, 21]",1.0675251
./random_graph_db/graph_db_node_22/10_p0.7/10_graph_n22_p0.7_idx7.gpickle,22,0.7,7,11,85,211,"[0, 1, 2, 3, 4, 5, 6, 7, 8, 9, 10, 11, 12, 13, 14, 15, 16, 17, 18, 19, 20, 21]",1.0733278
./random_graph_db/graph_db_node_22/10_p0.7/10_graph_n22_p0.7_idx8.gpickle,22,0.7,8,11,89,218,"[0, 1, 2, 3, 4, 5, 6, 7, 8, 9, 10, 11, 12, 13, 14, 15, 16, 17, 18, 19, 20, 21]",0.895905
./random_graph_db/graph_db_node_22/10_p0.7/10_graph_n22_p0.7_idx9.gpickle,22,0.7,9,10,99,252,"[0, 1, 2, 3, 4, 5, 6, 7, 8, 9, 10, 11, 12, 13, 14, 15, 16, 17, 18, 19, 20, 21]",1.0281711
./random_graph_db/graph_db_node_22/11_p0.8/11_graph_n22_p0.8_idx1.gpickle,22,0.8,1,10,64,175,"[0, 1, 2, 3, 4, 5, 6, 7, 8, 9, 10, 11, 12, 13, 14, 15, 16, 17, 18, 19, 20, 21]",0.7489018
./random_graph_db/graph_db_node_22/11_p0.8/11_graph_n22_p0.8_idx10.gpickle,22,0.8,10,11,77,203,"[0, 1, 2, 3, 4, 5, 6, 7, 8, 9, 10, 11, 12, 13, 14, 15, 16, 17, 18, 19, 20, 21]",0.9207449
./random_graph_db/graph_db_node_22/11_p0.8/11_graph_n22_p0.8_idx2.gpickle,22,0.8,2,8,42,116,"[0, 1, 2, 3, 4, 5, 6, 7, 8, 9, 10, 11, 12, 13, 14, 15, 16, 17, 18, 19, 20, 21]",0.626718
./random_graph_db/graph_db_node_22/11_p0.8/11_graph_n22_p0.8_idx3.gpickle,22,0.8,3,10,71,184,"[0, 1, 2, 3, 4, 5, 6, 7, 8, 9, 10, 11, 12, 13, 14, 15, 16, 17, 18, 19, 20, 21]",0.867573
./random_graph_db/graph_db_node_22/11_p0.8/11_graph_n22_p0.8_idx4.gpickle,22,0.8,4,9,48,127,"[0, 1, 2, 3, 4, 5, 6, 7, 8, 9, 10, 11, 12, 13, 14, 15, 16, 17, 18, 19, 20, 21]",0.6436639
./random_graph_db/graph_db_node_22/11_p0.8/11_graph_n22_p0.8_idx5.gpickle,22,0.8,5,10,56,153,"[0, 1, 2, 3, 4, 5, 6, 7, 8, 9, 10, 11, 12, 13, 14, 15, 16, 17, 18, 19, 20, 21]",0.714396
./random_graph_db/graph_db_node_22/11_p0.8/11_graph_n22_p0.8_idx6.gpickle,22,0.8,6,9,70,188,"[0, 1, 2, 3, 4, 5, 6, 7, 8, 9, 10, 11, 12, 13, 14, 15, 16, 17, 18, 19, 20, 21]",0.809572
./random_graph_db/graph_db_node_22/11_p0.8/11_graph_n22_p0.8_idx7.gpickle,22,0.8,7,10,75,182,"[0, 1, 2, 3, 4, 5, 6, 7, 8, 9, 10, 11, 12, 13, 14, 15, 16, 17, 18, 19, 20, 21]",0.737941
./random_graph_db/graph_db_node_22/11_p0.8/11_graph_n22_p0.8_idx8.gpickle,22,0.8,8,10,71,176,"[0, 1, 2, 3, 4, 5, 6, 7, 8, 9, 10, 11, 12, 13, 14, 15, 16, 17, 18, 19, 20, 21]",0.750133
./random_graph_db/graph_db_node_22/11_p0.8/11_graph_n22_p0.8_idx9.gpickle,22,0.8,9,10,59,159,"[0, 1, 2, 3, 4, 5, 6, 7, 8, 9, 10, 11, 12, 13, 14, 15, 16, 17, 18, 19, 20, 21]",0.787246
./random_graph_db/graph_db_node_22/12_p0.9/12_graph_n22_p0.9_idx1.gpickle,22,0.9,1,8,25,88,"[0, 1, 2, 3, 4, 5, 6, 7, 8, 9, 10, 11, 12, 13, 14, 15, 16, 17, 18, 19, 20, 21]",0.4829819
./random_graph_db/graph_db_node_22/12_p0.9/12_graph_n22_p0.9_idx10.gpickle,22,0.9,10,8,36,107,"[0, 1, 2, 3, 4, 5, 6, 7, 8, 9, 10, 11, 12, 13, 14, 15, 16, 17, 18, 19, 20, 21]",0.5511041
./random_graph_db/graph_db_node_22/12_p0.9/12_graph_n22_p0.9_idx2.gpickle,22,0.9,2,8,22,69,"[0, 1, 2, 3, 4, 5, 6, 7, 8, 9, 10, 11, 12, 13, 14, 15, 16, 17, 18, 19, 20, 21]",0.4175138
./random_graph_db/graph_db_node_22/12_p0.9/12_graph_n22_p0.9_idx3.gpickle,22,0.9,3,9,48,115,"[0, 1, 2, 3, 4, 5, 6, 7, 8, 9, 10, 11, 12, 13, 14, 15, 16, 17, 18, 19, 20, 21]",0.6446052
./random_graph_db/graph_db_node_22/12_p0.9/12_graph_n22_p0.9_idx4.gpickle,22,0.9,4,10,62,167,"[0, 1, 2, 3, 4, 5, 6, 7, 8, 9, 10, 11, 12, 13, 14, 15, 16, 17, 18, 19, 20, 21]",0.6557739
./random_graph_db/graph_db_node_22/12_p0.9/12_graph_n22_p0.9_idx5.gpickle,22,0.9,5,6,18,79,"[0, 1, 2, 3, 4, 5, 6, 7, 8, 9, 10, 11, 12, 13, 14, 15, 16, 17, 18, 19, 20, 21]",0.3508501
./random_graph_db/graph_db_node_22/12_p0.9/12_graph_n22_p0.9_idx6.gpickle,22,0.9,6,7,17,59,"[0, 1, 2, 3, 4, 5, 6, 7, 8, 9, 10, 11, 12, 13, 14, 15, 16, 17, 18, 19, 20, 21]",0.3610609
./random_graph_db/graph_db_node_22/12_p0.9/12_graph_n22_p0.9_idx7.gpickle,22,0.9,7,7,22,62,"[0, 1, 2, 3, 4, 5, 6, 7, 8, 9, 10, 11, 12, 13, 14, 15, 16, 17, 18, 19, 20, 21]",0.4550719
./random_graph_db/graph_db_node_22/12_p0.9/12_graph_n22_p0.9_idx8.gpickle,22,0.9,8,8,36,97,"[0, 1, 2, 3, 4, 5, 6, 7, 8, 9, 10, 11, 12, 13, 14, 15, 16, 17, 18, 19, 20, 21]",0.5207539
./random_graph_db/graph_db_node_22/12_p0.9/12_graph_n22_p0.9_idx9.gpickle,22,0.9,9,9,31,83,"[0, 1, 2, 3, 4, 5, 6, 7, 8, 9, 10, 11, 12, 13, 14, 15, 16, 17, 18, 19, 20, 21]",0.5025389
./random_graph_db/graph_db_node_23/01_p0.1/01_graph_n23_p0.1_idx1.gpickle,23,0.1,1,9,22,90,"[0, 1, 2, 3, 4, 5, 6, 7, 8, 9, 10, 11, 12, 13, 14, 15, 16, 17, 18, 19, 20, 21, 22]",0.3701079
./random_graph_db/graph_db_node_23/01_p0.1/01_graph_n23_p0.1_idx10.gpickle,23,0.1,10,9,25,75,"[0, 1, 2, 3, 4, 5, 6, 7, 8, 9, 10, 11, 12, 13, 14, 15, 16, 17, 18, 19, 20, 21, 22]",0.5182149
./random_graph_db/graph_db_node_23/01_p0.1/01_graph_n23_p0.1_idx2.gpickle,23,0.1,2,9,34,93,"[0, 1, 2, 3, 4, 5, 6, 7, 8, 9, 10, 11, 12, 13, 14, 15, 16, 17, 18, 19, 20, 21, 22]",0.5587111
./random_graph_db/graph_db_node_23/01_p0.1/01_graph_n23_p0.1_idx3.gpickle,23,0.1,3,11,22,66,"[0, 1, 2, 3, 4, 5, 6, 7, 8, 9, 10, 11, 12, 13, 14, 15, 16, 17, 18, 19, 20, 21, 22]",0.4270878
./random_graph_db/graph_db_node_23/01_p0.1/01_graph_n23_p0.1_idx4.gpickle,23,0.1,4,8,22,87,"[0, 1, 2, 3, 4, 5, 6, 7, 8, 9, 10, 11, 12, 13, 14, 15, 16, 17, 18, 19, 20, 21, 22]",0.4139469
./random_graph_db/graph_db_node_23/01_p0.1/01_graph_n23_p0.1_idx5.gpickle,23,0.1,5,8,17,62,"[0, 1, 2, 3, 4, 5, 6, 7, 8, 9, 10, 11, 12, 13, 14, 15, 16, 17, 18, 19, 20, 21, 22]",0.3658822
./random_graph_db/graph_db_node_23/01_p0.1/01_graph_n23_p0.1_idx6.gpickle,23,0.1,6,8,27,83,"[0, 1, 2, 3, 4, 5, 6, 7, 8, 9, 10, 11, 12, 13, 14, 15, 16, 17, 18, 19, 20, 21, 22]",0.5022511
./random_graph_db/graph_db_node_23/01_p0.1/01_graph_n23_p0.1_idx7.gpickle,23,0.1,7,8,13,56,"[0, 1, 2, 3, 4, 5, 6, 7, 8, 9, 10, 11, 12, 13, 14, 15, 16, 17, 18, 19, 20, 21, 22]",0.309257
./random_graph_db/graph_db_node_23/01_p0.1/01_graph_n23_p0.1_idx8.gpickle,23,0.1,8,10,20,70,"[0, 1, 2, 3, 4, 5, 6, 7, 8, 9, 10, 11, 12, 13, 14, 15, 16, 17, 18, 19, 20, 21, 22]",0.432689
./random_graph_db/graph_db_node_23/01_p0.1/01_graph_n23_p0.1_idx9.gpickle,23,0.1,9,8,18,68,"[0, 1, 2, 3, 4, 5, 6, 7, 8, 9, 10, 11, 12, 13, 14, 15, 16, 17, 18, 19, 20, 21, 22]",0.415498
./random_graph_db/graph_db_node_23/02_p0.2/02_graph_n23_p0.2_idx1.gpickle,23,0.2,1,9,50,121,"[0, 1, 2, 3, 4, 5, 6, 7, 8, 9, 10, 11, 12, 13, 14, 15, 16, 17, 18, 19, 20, 21, 22]",0.7426031
./random_graph_db/graph_db_node_23/02_p0.2/02_graph_n23_p0.2_idx10.gpickle,23,0.2,10,11,77,185,"[0, 1, 2, 3, 4, 5, 6, 7, 8, 9, 10, 11, 12, 13, 14, 15, 16, 17, 18, 19, 20, 21, 22]",0.9835949
./random_graph_db/graph_db_node_23/02_p0.2/02_graph_n23_p0.2_idx2.gpickle,23,0.2,2,10,58,144,"[0, 1, 2, 3, 4, 5, 6, 7, 8, 9, 10, 11, 12, 13, 14, 15, 16, 17, 18, 19, 20, 21, 22]",0.7504609
./random_graph_db/graph_db_node_23/02_p0.2/02_graph_n23_p0.2_idx3.gpickle,23,0.2,3,10,47,133,"[0, 1, 2, 3, 4, 5, 6, 7, 8, 9, 10, 11, 12, 13, 14, 15, 16, 17, 18, 19, 20, 21, 22]",0.766434
./random_graph_db/graph_db_node_23/02_p0.2/02_graph_n23_p0.2_idx4.gpickle,23,0.2,4,10,45,111,"[0, 1, 2, 3, 4, 5, 6, 7, 8, 9, 10, 11, 12, 13, 14, 15, 16, 17, 18, 19, 20, 21, 22]",0.6490381
./random_graph_db/graph_db_node_23/02_p0.2/02_graph_n23_p0.2_idx5.gpickle,23,0.2,5,9,59,140,"[0, 1, 2, 3, 4, 5, 6, 7, 8, 9, 10, 11, 12, 13, 14, 15, 16, 17, 18, 19, 20, 21, 22]",0.6918867
./random_graph_db/graph_db_node_23/02_p0.2/02_graph_n23_p0.2_idx6.gpickle,23,0.2,6,10,49,129,"[0, 1, 2, 3, 4, 5, 6, 7, 8, 9, 10, 11, 12, 13, 14, 15, 16, 17, 18, 19, 20, 21, 22]",0.6856682
./random_graph_db/graph_db_node_23/02_p0.2/02_graph_n23_p0.2_idx7.gpickle,23,0.2,7,9,41,119,"[0, 1, 2, 3, 4, 5, 6, 7, 8, 9, 10, 11, 12, 13, 14, 15, 16, 17, 18, 19, 20, 21, 22]",0.6494539
./random_graph_db/graph_db_node_23/02_p0.2/02_graph_n23_p0.2_idx8.gpickle,23,0.2,8,10,30,100,"[0, 1, 2, 3, 4, 5, 6, 7, 8, 9, 10, 11, 12, 13, 14, 15, 16, 17, 18, 19, 20, 21, 22]",0.5632899
./random_graph_db/graph_db_node_23/02_p0.2/02_graph_n23_p0.2_idx9.gpickle,23,0.2,9,10,62,159,"[0, 1, 2, 3, 4, 5, 6, 7, 8, 9, 10, 11, 12, 13, 14, 15, 16, 17, 18, 19, 20, 21, 22]",0.7711148
./random_graph_db/graph_db_node_23/03_p0.3/03_graph_n23_p0.3_idx1.gpickle,23,0.3,1,10,88,216,"[0, 1, 2, 3, 4, 5, 6, 7, 8, 9, 10, 11, 12, 13, 14, 15, 16, 17, 18, 19, 20, 21, 22]",1.0417609
./random_graph_db/graph_db_node_23/03_p0.3/03_graph_n23_p0.3_idx10.gpickle,23,0.3,10,11,64,151,"[0, 1, 2, 3, 4, 5, 6, 7, 8, 9, 10, 11, 12, 13, 14, 15, 16, 17, 18, 19, 20, 21, 22]",1.210247
./random_graph_db/graph_db_node_23/03_p0.3/03_graph_n23_p0.3_idx2.gpickle,23,0.3,2,11,81,212,"[0, 1, 2, 3, 4, 5, 6, 7, 8, 9, 10, 11, 12, 13, 14, 15, 16, 17, 18, 19, 20, 21, 22]",0.8773
./random_graph_db/graph_db_node_23/03_p0.3/03_graph_n23_p0.3_idx3.gpickle,23,0.3,3,10,87,210,"[0, 1, 2, 3, 4, 5, 6, 7, 8, 9, 10, 11, 12, 13, 14, 15, 16, 17, 18, 19, 20, 21, 22]",0.961453
./random_graph_db/graph_db_node_23/03_p0.3/03_graph_n23_p0.3_idx4.gpickle,23,0.3,4,11,77,190,"[0, 1, 2, 3, 4, 5, 6, 7, 8, 9, 10, 11, 12, 13, 14, 15, 16, 17, 18, 19, 20, 21, 22]",0.9194911
./random_graph_db/graph_db_node_23/03_p0.3/03_graph_n23_p0.3_idx5.gpickle,23,0.3,5,11,82,214,"[0, 1, 2, 3, 4, 5, 6, 7, 8, 9, 10, 11, 12, 13, 14, 15, 16, 17, 18, 19, 20, 21, 22]",0.9819453
./random_graph_db/graph_db_node_23/03_p0.3/03_graph_n23_p0.3_idx6.gpickle,23,0.3,6,10,80,200,"[0, 1, 2, 3, 4, 5, 6, 7, 8, 9, 10, 11, 12, 13, 14, 15, 16, 17, 18, 19, 20, 21, 22]",0.995153
./random_graph_db/graph_db_node_23/03_p0.3/03_graph_n23_p0.3_idx7.gpickle,23,0.3,7,11,87,208,"[0, 1, 2, 3, 4, 5, 6, 7, 8, 9, 10, 11, 12, 13, 14, 15, 16, 17, 18, 19, 20, 21, 22]",0.9802139
./random_graph_db/graph_db_node_23/03_p0.3/03_graph_n23_p0.3_idx8.gpickle,23,0.3,8,11,95,242,"[0, 1, 2, 3, 4, 5, 6, 7, 8, 9, 10, 11, 12, 13, 14, 15, 16, 17, 18, 19, 20, 21, 22]",1.0462704
./random_graph_db/graph_db_node_23/03_p0.3/03_graph_n23_p0.3_idx9.gpickle,23,0.3,9,10,81,210,"[0, 1, 2, 3, 4, 5, 6, 7, 8, 9, 10, 11, 12, 13, 14, 15, 16, 17, 18, 19, 20, 21, 22]",1.0058677
./random_graph_db/graph_db_node_23/04_p0.4/04_graph_n23_p0.4_idx1.gpickle,23,0.4,1,11,89,228,"[0, 1, 2, 3, 4, 5, 6, 7, 8, 9, 10, 11, 12, 13, 14, 15, 16, 17, 18, 19, 20, 21, 22]",1.1773541
./random_graph_db/graph_db_node_23/04_p0.4/04_graph_n23_p0.4_idx10.gpickle,23,0.4,10,11,106,243,"[0, 1, 2, 3, 4, 5, 6, 7, 8, 9, 10, 11, 12, 13, 14, 15, 16, 17, 18, 19, 20, 21, 22]",1.1620381
./random_graph_db/graph_db_node_23/04_p0.4/04_graph_n23_p0.4_idx2.gpickle,23,0.4,2,11,106,255,"[0, 1, 2, 3, 4, 5, 6, 7, 8, 9, 10, 11, 12, 13, 14, 15, 16, 17, 18, 19, 20, 21, 22]",1.1838899
./random_graph_db/graph_db_node_23/04_p0.4/04_graph_n23_p0.4_idx3.gpickle,23,0.4,3,10,100,249,"[0, 1, 2, 3, 4, 5, 6, 7, 8, 9, 10, 11, 12, 13, 14, 15, 16, 17, 18, 19, 20, 21, 22]",1.1616938
./random_graph_db/graph_db_node_23/04_p0.4/04_graph_n23_p0.4_idx4.gpickle,23,0.4,4,11,104,246,"[0, 1, 2, 3, 4, 5, 6, 7, 8, 9, 10, 11, 12, 13, 14, 15, 16, 17, 18, 19, 20, 21, 22]",1.2064061
./random_graph_db/graph_db_node_23/04_p0.4/04_graph_n23_p0.4_idx5.gpickle,23,0.4,5,11,104,258,"[0, 1, 2, 3, 4, 5, 6, 7, 8, 9, 10, 11, 12, 13, 14, 15, 16, 17, 18, 19, 20, 21, 22]",1.1790788
./random_graph_db/graph_db_node_23/04_p0.4/04_graph_n23_p0.4_idx6.gpickle,23,0.4,6,10,82,206,"[0, 1, 2, 3, 4, 5, 6, 7, 8, 9, 10, 11, 12, 13, 14, 15, 16, 17, 18, 19, 20, 21, 22]",0.9570558
./random_graph_db/graph_db_node_23/04_p0.4/04_graph_n23_p0.4_idx7.gpickle,23,0.4,7,10,99,233,"[0, 1, 2, 3, 4, 5, 6, 7, 8, 9, 10, 11, 12, 13, 14, 15, 16, 17, 18, 19, 20, 21, 22]",1.1078029
./random_graph_db/graph_db_node_23/04_p0.4/04_graph_n23_p0.4_idx8.gpickle,23,0.4,8,11,104,251,"[0, 1, 2, 3, 4, 5, 6, 7, 8, 9, 10, 11, 12, 13, 14, 15, 16, 17, 18, 19, 20, 21, 22]",1.131778
./random_graph_db/graph_db_node_23/04_p0.4/04_graph_n23_p0.4_idx9.gpickle,23,0.4,9,11,116,262,"[0, 1, 2, 3, 4, 5, 6, 7, 8, 9, 10, 11, 12, 13, 14, 15, 16, 17, 18, 19, 20, 21, 22]",1.262517
./random_graph_db/graph_db_node_23/05_p0.45/05_graph_n23_p0.45_idx1.gpickle,23,0.45,1,11,109,253,"[0, 1, 2, 3, 4, 5, 6, 7, 8, 9, 10, 11, 12, 13, 14, 15, 16, 17, 18, 19, 20, 21, 22]",1.1614118
./random_graph_db/graph_db_node_23/05_p0.45/05_graph_n23_p0.45_idx10.gpickle,23,0.45,10,11,94,227,"[0, 1, 2, 3, 4, 5, 6, 7, 8, 9, 10, 11, 12, 13, 14, 15, 16, 17, 18, 19, 20, 21, 22]",1.0453749
./random_graph_db/graph_db_node_23/05_p0.45/05_graph_n23_p0.45_idx2.gpickle,23,0.45,2,11,115,267,"[0, 1, 2, 3, 4, 5, 6, 7, 8, 9, 10, 11, 12, 13, 14, 15, 16, 17, 18, 19, 20, 21, 22]",1.2373099
./random_graph_db/graph_db_node_23/05_p0.45/05_graph_n23_p0.45_idx3.gpickle,23,0.45,3,11,117,253,"[0, 1, 2, 3, 4, 5, 6, 7, 8, 9, 10, 11, 12, 13, 14, 15, 16, 17, 18, 19, 20, 21, 22]",1.2572179
./random_graph_db/graph_db_node_23/05_p0.45/05_graph_n23_p0.45_idx4.gpickle,23,0.45,4,10,91,218,"[0, 1, 2, 3, 4, 5, 6, 7, 8, 9, 10, 11, 12, 13, 14, 15, 16, 17, 18, 19, 20, 21, 22]",1.062474
./random_graph_db/graph_db_node_23/05_p0.45/05_graph_n23_p0.45_idx5.gpickle,23,0.45,5,11,103,242,"[0, 1, 2, 3, 4, 5, 6, 7, 8, 9, 10, 11, 12, 13, 14, 15, 16, 17, 18, 19, 20, 21, 22]",1.2059519
./random_graph_db/graph_db_node_23/05_p0.45/05_graph_n23_p0.45_idx6.gpickle,23,0.45,6,10,94,228,"[0, 1, 2, 3, 4, 5, 6, 7, 8, 9, 10, 11, 12, 13, 14, 15, 16, 17, 18, 19, 20, 21, 22]",1.0981581
./random_graph_db/graph_db_node_23/05_p0.45/05_graph_n23_p0.45_idx7.gpickle,23,0.45,7,10,70,173,"[0, 1, 2, 3, 4, 5, 6, 7, 8, 9, 10, 11, 12, 13, 14, 15, 16, 17, 18, 19, 20, 21, 22]",1.1789079
./random_graph_db/graph_db_node_23/05_p0.45/05_graph_n23_p0.45_idx8.gpickle,23,0.45,8,11,104,259,"[0, 1, 2, 3, 4, 5, 6, 7, 8, 9, 10, 11, 12, 13, 14, 15, 16, 17, 18, 19, 20, 21, 22]",1.0990462
./random_graph_db/graph_db_node_23/05_p0.45/05_graph_n23_p0.45_idx9.gpickle,23,0.45,9,10,79,201,"[0, 1, 2, 3, 4, 5, 6, 7, 8, 9, 10, 11, 12, 13, 14, 15, 16, 17, 18, 19, 20, 21, 22]",1.062299
./random_graph_db/graph_db_node_23/06_p0.5/06_graph_n23_p0.5_idx1.gpickle,23,0.5,1,11,126,291,"[0, 1, 2, 3, 4, 5, 6, 7, 8, 9, 10, 11, 12, 13, 14, 15, 16, 17, 18, 19, 20, 21, 22]",1.2910879
./random_graph_db/graph_db_node_23/06_p0.5/06_graph_n23_p0.5_idx10.gpickle,23,0.5,10,11,107,256,"[0, 1, 2, 3, 4, 5, 6, 7, 8, 9, 10, 11, 12, 13, 14, 15, 16, 17, 18, 19, 20, 21, 22]",1.203706
./random_graph_db/graph_db_node_23/06_p0.5/06_graph_n23_p0.5_idx2.gpickle,23,0.5,2,10,88,217,"[0, 1, 2, 3, 4, 5, 6, 7, 8, 9, 10, 11, 12, 13, 14, 15, 16, 17, 18, 19, 20, 21, 22]",1.0852749
./random_graph_db/graph_db_node_23/06_p0.5/06_graph_n23_p0.5_idx3.gpickle,23,0.5,3,10,105,244,"[0, 1, 2, 3, 4, 5, 6, 7, 8, 9, 10, 11, 12, 13, 14, 15, 16, 17, 18, 19, 20, 21, 22]",1.2343719
./random_graph_db/graph_db_node_23/06_p0.5/06_graph_n23_p0.5_idx4.gpickle,23,0.5,4,11,97,228,"[0, 1, 2, 3, 4, 5, 6, 7, 8, 9, 10, 11, 12, 13, 14, 15, 16, 17, 18, 19, 20, 21, 22]",1.0973372
./random_graph_db/graph_db_node_23/06_p0.5/06_graph_n23_p0.5_idx5.gpickle,23,0.5,5,10,103,257,"[0, 1, 2, 3, 4, 5, 6, 7, 8, 9, 10, 11, 12, 13, 14, 15, 16, 17, 18, 19, 20, 21, 22]",1.160918
./random_graph_db/graph_db_node_23/06_p0.5/06_graph_n23_p0.5_idx6.gpickle,23,0.5,6,11,98,236,"[0, 1, 2, 3, 4, 5, 6, 7, 8, 9, 10, 11, 12, 13, 14, 15, 16, 17, 18, 19, 20, 21, 22]",1.0682063
./random_graph_db/graph_db_node_23/06_p0.5/06_graph_n23_p0.5_idx7.gpickle,23,0.5,7,11,102,244,"[0, 1, 2, 3, 4, 5, 6, 7, 8, 9, 10, 11, 12, 13, 14, 15, 16, 17, 18, 19, 20, 21, 22]",1.1769452
./random_graph_db/graph_db_node_23/06_p0.5/06_graph_n23_p0.5_idx8.gpickle,23,0.5,8,11,108,256,"[0, 1, 2, 3, 4, 5, 6, 7, 8, 9, 10, 11, 12, 13, 14, 15, 16, 17, 18, 19, 20, 21, 22]",1.262876
./random_graph_db/graph_db_node_23/06_p0.5/06_graph_n23_p0.5_idx9.gpickle,23,0.5,9,11,107,270,"[0, 1, 2, 3, 4, 5, 6, 7, 8, 9, 10, 11, 12, 13, 14, 15, 16, 17, 18, 19, 20, 21, 22]",1.1640701
./random_graph_db/graph_db_node_23/07_p0.55/07_graph_n23_p0.55_idx1.gpickle,23,0.55,1,11,101,231,"[0, 1, 2, 3, 4, 5, 6, 7, 8, 9, 10, 11, 12, 13, 14, 15, 16, 17, 18, 19, 20, 21, 22]",1.1370571
./random_graph_db/graph_db_node_23/07_p0.55/07_graph_n23_p0.55_idx10.gpickle,23,0.55,10,11,112,270,"[0, 1, 2, 3, 4, 5, 6, 7, 8, 9, 10, 11, 12, 13, 14, 15, 16, 17, 18, 19, 20, 21, 22]",1.190937
./random_graph_db/graph_db_node_23/07_p0.55/07_graph_n23_p0.55_idx2.gpickle,23,0.55,2,11,112,260,"[0, 1, 2, 3, 4, 5, 6, 7, 8, 9, 10, 11, 12, 13, 14, 15, 16, 17, 18, 19, 20, 21, 22]",1.217808
./random_graph_db/graph_db_node_23/07_p0.55/07_graph_n23_p0.55_idx3.gpickle,23,0.55,3,11,97,235,"[0, 1, 2, 3, 4, 5, 6, 7, 8, 9, 10, 11, 12, 13, 14, 15, 16, 17, 18, 19, 20, 21, 22]",1.10431
./random_graph_db/graph_db_node_23/07_p0.55/07_graph_n23_p0.55_idx4.gpickle,23,0.55,4,11,101,242,"[0, 1, 2, 3, 4, 5, 6, 7, 8, 9, 10, 11, 12, 13, 14, 15, 16, 17, 18, 19, 20, 21, 22]",1.4182501
./random_graph_db/graph_db_node_23/07_p0.55/07_graph_n23_p0.55_idx5.gpickle,23,0.55,5,9,96,245,"[0, 1, 2, 3, 4, 5, 6, 7, 8, 9, 10, 11, 12, 13, 14, 15, 16, 17, 18, 19, 20, 21, 22]",1.1105461
./random_graph_db/graph_db_node_23/07_p0.55/07_graph_n23_p0.55_idx6.gpickle,23,0.55,6,10,97,237,"[0, 1, 2, 3, 4, 5, 6, 7, 8, 9, 10, 11, 12, 13, 14, 15, 16, 17, 18, 19, 20, 21, 22]",1.1080899
./random_graph_db/graph_db_node_23/07_p0.55/07_graph_n23_p0.55_idx7.gpickle,23,0.55,7,10,94,224,"[0, 1, 2, 3, 4, 5, 6, 7, 8, 9, 10, 11, 12, 13, 14, 15, 16, 17, 18, 19, 20, 21, 22]",1.153167
./random_graph_db/graph_db_node_23/07_p0.55/07_graph_n23_p0.55_idx8.gpickle,23,0.55,8,11,110,252,"[0, 1, 2, 3, 4, 5, 6, 7, 8, 9, 10, 11, 12, 13, 14, 15, 16, 17, 18, 19, 20, 21, 22]",1.2310929
./random_graph_db/graph_db_node_23/07_p0.55/07_graph_n23_p0.55_idx9.gpickle,23,0.55,9,10,94,237,"[0, 1, 2, 3, 4, 5, 6, 7, 8, 9, 10, 11, 12, 13, 14, 15, 16, 17, 18, 19, 20, 21, 22]",1.0647073
./random_graph_db/graph_db_node_23/08_p0.6/08_graph_n23_p0.6_idx1.gpickle,23,0.6,1,11,99,229,"[0, 1, 2, 3, 4, 5, 6, 7, 8, 9, 10, 11, 12, 13, 14, 15, 16, 17, 18, 19, 20, 21, 22]",1.0882199
./random_graph_db/graph_db_node_23/08_p0.6/08_graph_n23_p0.6_idx10.gpickle,23,0.6,10,11,98,228,"[0, 1, 2, 3, 4, 5, 6, 7, 8, 9, 10, 11, 12, 13, 14, 15, 16, 17, 18, 19, 20, 21, 22]",1.0732927
./random_graph_db/graph_db_node_23/08_p0.6/08_graph_n23_p0.6_idx2.gpickle,23,0.6,2,10,95,221,"[0, 1, 2, 3, 4, 5, 6, 7, 8, 9, 10, 11, 12, 13, 14, 15, 16, 17, 18, 19, 20, 21, 22]",1.0524352
./random_graph_db/graph_db_node_23/08_p0.6/08_graph_n23_p0.6_idx3.gpickle,23,0.6,3,11,108,250,"[0, 1, 2, 3, 4, 5, 6, 7, 8, 9, 10, 11, 12, 13, 14, 15, 16, 17, 18, 19, 20, 21, 22]",1.228822
./random_graph_db/graph_db_node_23/08_p0.6/08_graph_n23_p0.6_idx4.gpickle,23,0.6,4,10,93,223,"[0, 1, 2, 3, 4, 5, 6, 7, 8, 9, 10, 11, 12, 13, 14, 15, 16, 17, 18, 19, 20, 21, 22]",1.0801389
./random_graph_db/graph_db_node_23/08_p0.6/08_graph_n23_p0.6_idx5.gpickle,23,0.6,5,11,114,265,"[0, 1, 2, 3, 4, 5, 6, 7, 8, 9, 10, 11, 12, 13, 14, 15, 16, 17, 18, 19, 20, 21, 22]",1.3394959
./random_graph_db/graph_db_node_23/08_p0.6/08_graph_n23_p0.6_idx6.gpickle,23,0.6,6,10,74,195,"[0, 1, 2, 3, 4, 5, 6, 7, 8, 9, 10, 11, 12, 13, 14, 15, 16, 17, 18, 19, 20, 21, 22]",0.971009
./random_graph_db/graph_db_node_23/08_p0.6/08_graph_n23_p0.6_idx7.gpickle,23,0.6,7,10,109,270,"[0, 1, 2, 3, 4, 5, 6, 7, 8, 9, 10, 11, 12, 13, 14, 15, 16, 17, 18, 19, 20, 21, 22]",1.1883719
./random_graph_db/graph_db_node_23/08_p0.6/08_graph_n23_p0.6_idx8.gpickle,23,0.6,8,11,93,229,"[0, 1, 2, 3, 4, 5, 6, 7, 8, 9, 10, 11, 12, 13, 14, 15, 16, 17, 18, 19, 20, 21, 22]",1.087435
./random_graph_db/graph_db_node_23/08_p0.6/08_graph_n23_p0.6_idx9.gpickle,23,0.6,9,11,88,210,"[0, 1, 2, 3, 4, 5, 6, 7, 8, 9, 10, 11, 12, 13, 14, 15, 16, 17, 18, 19, 20, 21, 22]",1.0426743
./random_graph_db/graph_db_node_23/09_p0.65/09_graph_n23_p0.65_idx1.gpickle,23,0.65,1,11,98,241,"[0, 1, 2, 3, 4, 5, 6, 7, 8, 9, 10, 11, 12, 13, 14, 15, 16, 17, 18, 19, 20, 21, 22]",1.0988433
./random_graph_db/graph_db_node_23/09_p0.65/09_graph_n23_p0.65_idx10.gpickle,23,0.65,10,11,92,203,"[0, 1, 2, 3, 4, 5, 6, 7, 8, 9, 10, 11, 12, 13, 14, 15, 16, 17, 18, 19, 20, 21, 22]",1.1160691
./random_graph_db/graph_db_node_23/09_p0.65/09_graph_n23_p0.65_idx2.gpickle,23,0.65,2,11,118,277,"[0, 1, 2, 3, 4, 5, 6, 7, 8, 9, 10, 11, 12, 13, 14, 15, 16, 17, 18, 19, 20, 21, 22]",1.346132
./random_graph_db/graph_db_node_23/09_p0.65/09_graph_n23_p0.65_idx3.gpickle,23,0.65,3,11,107,242,"[0, 1, 2, 3, 4, 5, 6, 7, 8, 9, 10, 11, 12, 13, 14, 15, 16, 17, 18, 19, 20, 21, 22]",1.177748
./random_graph_db/graph_db_node_23/09_p0.65/09_graph_n23_p0.65_idx4.gpickle,23,0.65,4,10,92,235,"[0, 1, 2, 3, 4, 5, 6, 7, 8, 9, 10, 11, 12, 13, 14, 15, 16, 17, 18, 19, 20, 21, 22]",1.0675411
./random_graph_db/graph_db_node_23/09_p0.65/09_graph_n23_p0.65_idx5.gpickle,23,0.65,5,11,91,228,"[0, 1, 2, 3, 4, 5, 6, 7, 8, 9, 10, 11, 12, 13, 14, 15, 16, 17, 18, 19, 20, 21, 22]",1.0865719
./random_graph_db/graph_db_node_23/09_p0.65/09_graph_n23_p0.65_idx6.gpickle,23,0.65,6,10,91,228,"[0, 1, 2, 3, 4, 5, 6, 7, 8, 9, 10, 11, 12, 13, 14, 15, 16, 17, 18, 19, 20, 21, 22]",1.0330989
./random_graph_db/graph_db_node_23/09_p0.65/09_graph_n23_p0.65_idx7.gpickle,23,0.65,7,11,92,234,"[0, 1, 2, 3, 4, 5, 6, 7, 8, 9, 10, 11, 12, 13, 14, 15, 16, 17, 18, 19, 20, 21, 22]",1.0218639
./random_graph_db/graph_db_node_23/09_p0.65/09_graph_n23_p0.65_idx8.gpickle,23,0.65,8,10,96,224,"[0, 1, 2, 3, 4, 5, 6, 7, 8, 9, 10, 11, 12, 13, 14, 15, 16, 17, 18, 19, 20, 21, 22]",1.0195441
./random_graph_db/graph_db_node_23/09_p0.65/09_graph_n23_p0.65_idx9.gpickle,23,0.65,9,11,105,260,"[0, 1, 2, 3, 4, 5, 6, 7, 8, 9, 10, 11, 12, 13, 14, 15, 16, 17, 18, 19, 20, 21, 22]",1.0794432
./random_graph_db/graph_db_node_23/10_p0.7/10_graph_n23_p0.7_idx1.gpickle,23,0.7,1,11,88,222,"[0, 1, 2, 3, 4, 5, 6, 7, 8, 9, 10, 11, 12, 13, 14, 15, 16, 17, 18, 19, 20, 21, 22]",0.9452801
./random_graph_db/graph_db_node_23/10_p0.7/10_graph_n23_p0.7_idx10.gpickle,23,0.7,10,11,92,224,"[0, 1, 2, 3, 4, 5, 6, 7, 8, 9, 10, 11, 12, 13, 14, 15, 16, 17, 18, 19, 20, 21, 22]",1.2877579
./random_graph_db/graph_db_node_23/10_p0.7/10_graph_n23_p0.7_idx2.gpickle,23,0.7,2,10,98,249,"[0, 1, 2, 3, 4, 5, 6, 7, 8, 9, 10, 11, 12, 13, 14, 15, 16, 17, 18, 19, 20, 21, 22]",1.1258779
./random_graph_db/graph_db_node_23/10_p0.7/10_graph_n23_p0.7_idx3.gpickle,23,0.7,3,10,95,238,"[0, 1, 2, 3, 4, 5, 6, 7, 8, 9, 10, 11, 12, 13, 14, 15, 16, 17, 18, 19, 20, 21, 22]",1.036479
./random_graph_db/graph_db_node_23/10_p0.7/10_graph_n23_p0.7_idx4.gpickle,23,0.7,4,11,96,224,"[0, 1, 2, 3, 4, 5, 6, 7, 8, 9, 10, 11, 12, 13, 14, 15, 16, 17, 18, 19, 20, 21, 22]",1.017518
./random_graph_db/graph_db_node_23/10_p0.7/10_graph_n23_p0.7_idx5.gpickle,23,0.7,5,11,109,256,"[0, 1, 2, 3, 4, 5, 6, 7, 8, 9, 10, 11, 12, 13, 14, 15, 16, 17, 18, 19, 20, 21, 22]",1.4377561
./random_graph_db/graph_db_node_23/10_p0.7/10_graph_n23_p0.7_idx6.gpickle,23,0.7,6,11,90,212,"[0, 1, 2, 3, 4, 5, 6, 7, 8, 9, 10, 11, 12, 13, 14, 15, 16, 17, 18, 19, 20, 21, 22]",1.0361338
./random_graph_db/graph_db_node_23/10_p0.7/10_graph_n23_p0.7_idx7.gpickle,23,0.7,7,11,107,256,"[0, 1, 2, 3, 4, 5, 6, 7, 8, 9, 10, 11, 12, 13, 14, 15, 16, 17, 18, 19, 20, 21, 22]",1.2482302
./random_graph_db/graph_db_node_23/10_p0.7/10_graph_n23_p0.7_idx8.gpickle,23,0.7,8,10,84,190,"[0, 1, 2, 3, 4, 5, 6, 7, 8, 9, 10, 11, 12, 13, 14, 15, 16, 17, 18, 19, 20, 21, 22]",0.9681301
./random_graph_db/graph_db_node_23/10_p0.7/10_graph_n23_p0.7_idx9.gpickle,23,0.7,9,11,98,240,"[0, 1, 2, 3, 4, 5, 6, 7, 8, 9, 10, 11, 12, 13, 14, 15, 16, 17, 18, 19, 20, 21, 22]",1.1045151
./random_graph_db/graph_db_node_23/11_p0.8/11_graph_n23_p0.8_idx1.gpickle,23,0.8,1,11,81,194,"[0, 1, 2, 3, 4, 5, 6, 7, 8, 9, 10, 11, 12, 13, 14, 15, 16, 17, 18, 19, 20, 21, 22]",0.9019282
./random_graph_db/graph_db_node_23/11_p0.8/11_graph_n23_p0.8_idx10.gpickle,23,0.8,10,11,90,222,"[0, 1, 2, 3, 4, 5, 6, 7, 8, 9, 10, 11, 12, 13, 14, 15, 16, 17, 18, 19, 20, 21, 22]",1.0286121
./random_graph_db/graph_db_node_23/11_p0.8/11_graph_n23_p0.8_idx2.gpickle,23,0.8,2,10,52,139,"[0, 1, 2, 3, 4, 5, 6, 7, 8, 9, 10, 11, 12, 13, 14, 15, 16, 17, 18, 19, 20, 21, 22]",0.7653441
./random_graph_db/graph_db_node_23/11_p0.8/11_graph_n23_p0.8_idx3.gpickle,23,0.8,3,10,73,181,"[0, 1, 2, 3, 4, 5, 6, 7, 8, 9, 10, 11, 12, 13, 14, 15, 16, 17, 18, 19, 20, 21, 22]",0.967005
./random_graph_db/graph_db_node_23/11_p0.8/11_graph_n23_p0.8_idx4.gpickle,23,0.8,4,11,94,215,"[0, 1, 2, 3, 4, 5, 6, 7, 8, 9, 10, 11, 12, 13, 14, 15, 16, 17, 18, 19, 20, 21, 22]",0.9660301
./random_graph_db/graph_db_node_23/11_p0.8/11_graph_n23_p0.8_idx5.gpickle,23,0.8,5,10,68,186,"[0, 1, 2, 3, 4, 5, 6, 7, 8, 9, 10, 11, 12, 13, 14, 15, 16, 17, 18, 19, 20, 21, 22]",0.8803117
./random_graph_db/graph_db_node_23/11_p0.8/11_graph_n23_p0.8_idx6.gpickle,23,0.8,6,11,66,159,"[0, 1, 2, 3, 4, 5, 6, 7, 8, 9, 10, 11, 12, 13, 14, 15, 16, 17, 18, 19, 20, 21, 22]",0.8584251
./random_graph_db/graph_db_node_23/11_p0.8/11_graph_n23_p0.8_idx7.gpickle,23,0.8,7,11,68,176,"[0, 1, 2, 3, 4, 5, 6, 7, 8, 9, 10, 11, 12, 13, 14, 15, 16, 17, 18, 19, 20, 21, 22]",0.7821939
./random_graph_db/graph_db_node_23/11_p0.8/11_graph_n23_p0.8_idx8.gpickle,23,0.8,8,10,74,170,"[0, 1, 2, 3, 4, 5, 6, 7, 8, 9, 10, 11, 12, 13, 14, 15, 16, 17, 18, 19, 20, 21, 22]",0.8611269
./random_graph_db/graph_db_node_23/11_p0.8/11_graph_n23_p0.8_idx9.gpickle,23,0.8,9,11,90,221,"[0, 1, 2, 3, 4, 5, 6, 7, 8, 9, 10, 11, 12, 13, 14, 15, 16, 17, 18, 19, 20, 21, 22]",1.1466939
./random_graph_db/graph_db_node_23/12_p0.9/12_graph_n23_p0.9_idx1.gpickle,23,0.9,1,9,36,116,"[0, 1, 2, 3, 4, 5, 6, 7, 8, 9, 10, 11, 12, 13, 14, 15, 16, 17, 18, 19, 20, 21, 22]",0.5844929
./random_graph_db/graph_db_node_23/12_p0.9/12_graph_n23_p0.9_idx10.gpickle,23,0.9,10,9,40,108,"[0, 1, 2, 3, 4, 5, 6, 7, 8, 9, 10, 11, 12, 13, 14, 15, 16, 17, 18, 19, 20, 21, 22]",0.6660342
./random_graph_db/graph_db_node_23/12_p0.9/12_graph_n23_p0.9_idx2.gpickle,23,0.9,2,8,35,94,"[0, 1, 2, 3, 4, 5, 6, 7, 8, 9, 10, 11, 12, 13, 14, 15, 16, 17, 18, 19, 20, 21, 22]",0.890924
./random_graph_db/graph_db_node_23/12_p0.9/12_graph_n23_p0.9_idx3.gpickle,23,0.9,3,9,58,147,"[0, 1, 2, 3, 4, 5, 6, 7, 8, 9, 10, 11, 12, 13, 14, 15, 16, 17, 18, 19, 20, 21, 22]",0.7862227
./random_graph_db/graph_db_node_23/12_p0.9/12_graph_n23_p0.9_idx4.gpickle,23,0.9,4,9,62,164,"[0, 1, 2, 3, 4, 5, 6, 7, 8, 9, 10, 11, 12, 13, 14, 15, 16, 17, 18, 19, 20, 21, 22]",0.7818542
./random_graph_db/graph_db_node_23/12_p0.9/12_graph_n23_p0.9_idx5.gpickle,23,0.9,5,9,30,82,"[0, 1, 2, 3, 4, 5, 6, 7, 8, 9, 10, 11, 12, 13, 14, 15, 16, 17, 18, 19, 20, 21, 22]",0.5406253
./random_graph_db/graph_db_node_23/12_p0.9/12_graph_n23_p0.9_idx6.gpickle,23,0.9,6,8,23,78,"[0, 1, 2, 3, 4, 5, 6, 7, 8, 9, 10, 11, 12, 13, 14, 15, 16, 17, 18, 19, 20, 21, 22]",0.489722
./random_graph_db/graph_db_node_23/12_p0.9/12_graph_n23_p0.9_idx7.gpickle,23,0.9,7,8,26,88,"[0, 1, 2, 3, 4, 5, 6, 7, 8, 9, 10, 11, 12, 13, 14, 15, 16, 17, 18, 19, 20, 21, 22]",0.4570079
./random_graph_db/graph_db_node_23/12_p0.9/12_graph_n23_p0.9_idx8.gpickle,23,0.9,8,10,50,130,"[0, 1, 2, 3, 4, 5, 6, 7, 8, 9, 10, 11, 12, 13, 14, 15, 16, 17, 18, 19, 20, 21, 22]",0.6382599
./random_graph_db/graph_db_node_23/12_p0.9/12_graph_n23_p0.9_idx9.gpickle,23,0.9,9,10,32,95,"[0, 1, 2, 3, 4, 5, 6, 7, 8, 9, 10, 11, 12, 13, 14, 15, 16, 17, 18, 19, 20, 21, 22]",0.5636551
./random_graph_db/graph_db_node_24/01_p0.1/01_graph_n24_p0.1_idx1.gpickle,24,0.1,1,9,20,63,"[0, 1, 2, 3, 4, 5, 6, 7, 8, 9, 10, 11, 12, 13, 14, 15, 16, 17, 18, 19, 20, 21, 22, 23]",0.4669712
./random_graph_db/graph_db_node_24/01_p0.1/01_graph_n24_p0.1_idx10.gpickle,24,0.1,10,9,31,82,"[0, 1, 2, 3, 4, 5, 6, 7, 8, 9, 10, 11, 12, 13, 14, 15, 16, 17, 18, 19, 20, 21, 22, 23]",0.5444348
./random_graph_db/graph_db_node_24/01_p0.1/01_graph_n24_p0.1_idx2.gpickle,24,0.1,2,9,16,64,"[0, 1, 2, 3, 4, 5, 6, 7, 8, 9, 10, 11, 12, 13, 14, 15, 16, 17, 18, 19, 20, 21, 22, 23]",0.3641882
./random_graph_db/graph_db_node_24/01_p0.1/01_graph_n24_p0.1_idx3.gpickle,24,0.1,3,10,25,75,"[0, 1, 2, 3, 4, 5, 6, 7, 8, 9, 10, 11, 12, 13, 14, 15, 16, 17, 18, 19, 20, 21, 22, 23]",0.5271771
./random_graph_db/graph_db_node_24/01_p0.1/01_graph_n24_p0.1_idx4.gpickle,24,0.1,4,9,17,59,"[0, 1, 2, 3, 4, 5, 6, 7, 8, 9, 10, 11, 12, 13, 14, 15, 16, 17, 18, 19, 20, 21, 22, 23]",0.3698308
./random_graph_db/graph_db_node_24/01_p0.1/01_graph_n24_p0.1_idx5.gpickle,24,0.1,5,7,26,80,"[0, 1, 2, 3, 4, 5, 6, 7, 8, 9, 10, 11, 12, 13, 14, 15, 16, 17, 18, 19, 20, 21, 22, 23]",0.450794
./random_graph_db/graph_db_node_24/01_p0.1/01_graph_n24_p0.1_idx6.gpickle,24,0.1,6,8,21,76,"[0, 1, 2, 3, 4, 5, 6, 7, 8, 9, 10, 11, 12, 13, 14, 15, 16, 17, 18, 19, 20, 21, 22, 23]",0.451509
./random_graph_db/graph_db_node_24/01_p0.1/01_graph_n24_p0.1_idx7.gpickle,24,0.1,7,9,18,66,"[0, 1, 2, 3, 4, 5, 6, 7, 8, 9, 10, 11, 12, 13, 14, 15, 16, 17, 18, 19, 20, 21, 22, 23]",0.4083622
./random_graph_db/graph_db_node_24/01_p0.1/01_graph_n24_p0.1_idx8.gpickle,24,0.1,8,10,25,83,"[0, 1, 2, 3, 4, 5, 6, 7, 8, 9, 10, 11, 12, 13, 14, 15, 16, 17, 18, 19, 20, 21, 22, 23]",0.53109
./random_graph_db/graph_db_node_24/01_p0.1/01_graph_n24_p0.1_idx9.gpickle,24,0.1,9,9,21,69,"[0, 1, 2, 3, 4, 5, 6, 7, 8, 9, 10, 11, 12, 13, 14, 15, 16, 17, 18, 19, 20, 21, 22, 23]",0.3490598
./random_graph_db/graph_db_node_24/02_p0.2/02_graph_n24_p0.2_idx1.gpickle,24,0.2,1,10,73,174,"[0, 1, 2, 3, 4, 5, 6, 7, 8, 9, 10, 11, 12, 13, 14, 15, 16, 17, 18, 19, 20, 21, 22, 23]",0.92502
./random_graph_db/graph_db_node_24/02_p0.2/02_graph_n24_p0.2_idx10.gpickle,24,0.2,10,11,75,184,"[0, 1, 2, 3, 4, 5, 6, 7, 8, 9, 10, 11, 12, 13, 14, 15, 16, 17, 18, 19, 20, 21, 22, 23]",0.9255643
./random_graph_db/graph_db_node_24/02_p0.2/02_graph_n24_p0.2_idx2.gpickle,24,0.2,2,9,55,163,"[0, 1, 2, 3, 4, 5, 6, 7, 8, 9, 10, 11, 12, 13, 14, 15, 16, 17, 18, 19, 20, 21, 22, 23]",0.7359641
./random_graph_db/graph_db_node_24/02_p0.2/02_graph_n24_p0.2_idx3.gpickle,24,0.2,3,11,67,168,"[0, 1, 2, 3, 4, 5, 6, 7, 8, 9, 10, 11, 12, 13, 14, 15, 16, 17, 18, 19, 20, 21, 22, 23]",0.942785
./random_graph_db/graph_db_node_24/02_p0.2/02_graph_n24_p0.2_idx4.gpickle,24,0.2,4,9,70,159,"[0, 1, 2, 3, 4, 5, 6, 7, 8, 9, 10, 11, 12, 13, 14, 15, 16, 17, 18, 19, 20, 21, 22, 23]",0.8958862
./random_graph_db/graph_db_node_24/02_p0.2/02_graph_n24_p0.2_idx5.gpickle,24,0.2,5,10,57,154,"[0, 1, 2, 3, 4, 5, 6, 7, 8, 9, 10, 11, 12, 13, 14, 15, 16, 17, 18, 19, 20, 21, 22, 23]",0.8349292
./random_graph_db/graph_db_node_24/02_p0.2/02_graph_n24_p0.2_idx6.gpickle,24,0.2,6,10,42,125,"[0, 1, 2, 3, 4, 5, 6, 7, 8, 9, 10, 11, 12, 13, 14, 15, 16, 17, 18, 19, 20, 21, 22, 23]",0.71088
./random_graph_db/graph_db_node_24/02_p0.2/02_graph_n24_p0.2_idx7.gpickle,24,0.2,7,11,53,148,"[0, 1, 2, 3, 4, 5, 6, 7, 8, 9, 10, 11, 12, 13, 14, 15, 16, 17, 18, 19, 20, 21, 22, 23]",0.7993693
./random_graph_db/graph_db_node_24/02_p0.2/02_graph_n24_p0.2_idx8.gpickle,24,0.2,8,10,64,158,"[0, 1, 2, 3, 4, 5, 6, 7, 8, 9, 10, 11, 12, 13, 14, 15, 16, 17, 18, 19, 20, 21, 22, 23]",0.9617021
./random_graph_db/graph_db_node_24/02_p0.2/02_graph_n24_p0.2_idx9.gpickle,24,0.2,9,10,61,155,"[0, 1, 2, 3, 4, 5, 6, 7, 8, 9, 10, 11, 12, 13, 14, 15, 16, 17, 18, 19, 20, 21, 22, 23]",0.7734604
./random_graph_db/graph_db_node_24/03_p0.3/03_graph_n24_p0.3_idx1.gpickle,24,0.3,1,10,75,197,"[0, 1, 2, 3, 4, 5, 6, 7, 8, 9, 10, 11, 12, 13, 14, 15, 16, 17, 18, 19, 20, 21, 22, 23]",1.0315461
./random_graph_db/graph_db_node_24/03_p0.3/03_graph_n24_p0.3_idx10.gpickle,24,0.3,10,12,97,220,"[0, 1, 2, 3, 4, 5, 6, 7, 8, 9, 10, 11, 12, 13, 14, 15, 16, 17, 18, 19, 20, 21, 22, 23]",1.2655358
./random_graph_db/graph_db_node_24/03_p0.3/03_graph_n24_p0.3_idx2.gpickle,24,0.3,2,11,78,197,"[0, 1, 2, 3, 4, 5, 6, 7, 8, 9, 10, 11, 12, 13, 14, 15, 16, 17, 18, 19, 20, 21, 22, 23]",0.9844329
./random_graph_db/graph_db_node_24/03_p0.3/03_graph_n24_p0.3_idx3.gpickle,24,0.3,3,11,96,244,"[0, 1, 2, 3, 4, 5, 6, 7, 8, 9, 10, 11, 12, 13, 14, 15, 16, 17, 18, 19, 20, 21, 22, 23]",1.1066597
./random_graph_db/graph_db_node_24/03_p0.3/03_graph_n24_p0.3_idx4.gpickle,24,0.3,4,11,90,198,"[0, 1, 2, 3, 4, 5, 6, 7, 8, 9, 10, 11, 12, 13, 14, 15, 16, 17, 18, 19, 20, 21, 22, 23]",1.176044
./random_graph_db/graph_db_node_24/03_p0.3/03_graph_n24_p0.3_idx5.gpickle,24,0.3,5,11,78,191,"[0, 1, 2, 3, 4, 5, 6, 7, 8, 9, 10, 11, 12, 13, 14, 15, 16, 17, 18, 19, 20, 21, 22, 23]",1.089407
./random_graph_db/graph_db_node_24/03_p0.3/03_graph_n24_p0.3_idx6.gpickle,24,0.3,6,12,90,212,"[0, 1, 2, 3, 4, 5, 6, 7, 8, 9, 10, 11, 12, 13, 14, 15, 16, 17, 18, 19, 20, 21, 22, 23]",1.0026333
./random_graph_db/graph_db_node_24/03_p0.3/03_graph_n24_p0.3_idx7.gpickle,24,0.3,7,11,95,224,"[0, 1, 2, 3, 4, 5, 6, 7, 8, 9, 10, 11, 12, 13, 14, 15, 16, 17, 18, 19, 20, 21, 22, 23]",1.1154797
./random_graph_db/graph_db_node_24/03_p0.3/03_graph_n24_p0.3_idx8.gpickle,24,0.3,8,12,91,229,"[0, 1, 2, 3, 4, 5, 6, 7, 8, 9, 10, 11, 12, 13, 14, 15, 16, 17, 18, 19, 20, 21, 22, 23]",1.1233861
./random_graph_db/graph_db_node_24/03_p0.3/03_graph_n24_p0.3_idx9.gpickle,24,0.3,9,12,103,241,"[0, 1, 2, 3, 4, 5, 6, 7, 8, 9, 10, 11, 12, 13, 14, 15, 16, 17, 18, 19, 20, 21, 22, 23]",1.1643412
./random_graph_db/graph_db_node_24/04_p0.4/04_graph_n24_p0.4_idx1.gpickle,24,0.4,1,10,112,275,"[0, 1, 2, 3, 4, 5, 6, 7, 8, 9, 10, 11, 12, 13, 14, 15, 16, 17, 18, 19, 20, 21, 22, 23]",1.3538518
./random_graph_db/graph_db_node_24/04_p0.4/04_graph_n24_p0.4_idx10.gpickle,24,0.4,10,12,117,265,"[0, 1, 2, 3, 4, 5, 6, 7, 8, 9, 10, 11, 12, 13, 14, 15, 16, 17, 18, 19, 20, 21, 22, 23]",1.3093731
./random_graph_db/graph_db_node_24/04_p0.4/04_graph_n24_p0.4_idx2.gpickle,24,0.4,2,11,104,253,"[0, 1, 2, 3, 4, 5, 6, 7, 8, 9, 10, 11, 12, 13, 14, 15, 16, 17, 18, 19, 20, 21, 22, 23]",1.1993191
./random_graph_db/graph_db_node_24/04_p0.4/04_graph_n24_p0.4_idx3.gpickle,24,0.4,3,11,104,239,"[0, 1, 2, 3, 4, 5, 6, 7, 8, 9, 10, 11, 12, 13, 14, 15, 16, 17, 18, 19, 20, 21, 22, 23]",1.2005932
./random_graph_db/graph_db_node_24/04_p0.4/04_graph_n24_p0.4_idx4.gpickle,24,0.4,4,11,120,291,"[0, 1, 2, 3, 4, 5, 6, 7, 8, 9, 10, 11, 12, 13, 14, 15, 16, 17, 18, 19, 20, 21, 22, 23]",1.5378532
./random_graph_db/graph_db_node_24/04_p0.4/04_graph_n24_p0.4_idx5.gpickle,24,0.4,5,11,135,324,"[0, 1, 2, 3, 4, 5, 6, 7, 8, 9, 10, 11, 12, 13, 14, 15, 16, 17, 18, 19, 20, 21, 22, 23]",1.5023839
./random_graph_db/graph_db_node_24/04_p0.4/04_graph_n24_p0.4_idx6.gpickle,24,0.4,6,11,109,243,"[0, 1, 2, 3, 4, 5, 6, 7, 8, 9, 10, 11, 12, 13, 14, 15, 16, 17, 18, 19, 20, 21, 22, 23]",1.31738
./random_graph_db/graph_db_node_24/04_p0.4/04_graph_n24_p0.4_idx7.gpickle,24,0.4,7,12,112,255,"[0, 1, 2, 3, 4, 5, 6, 7, 8, 9, 10, 11, 12, 13, 14, 15, 16, 17, 18, 19, 20, 21, 22, 23]",1.2731168
./random_graph_db/graph_db_node_24/04_p0.4/04_graph_n24_p0.4_idx8.gpickle,24,0.4,8,11,109,257,"[0, 1, 2, 3, 4, 5, 6, 7, 8, 9, 10, 11, 12, 13, 14, 15, 16, 17, 18, 19, 20, 21, 22, 23]",1.2002501
./random_graph_db/graph_db_node_24/04_p0.4/04_graph_n24_p0.4_idx9.gpickle,24,0.4,9,11,101,249,"[0, 1, 2, 3, 4, 5, 6, 7, 8, 9, 10, 11, 12, 13, 14, 15, 16, 17, 18, 19, 20, 21, 22, 23]",1.186476
./random_graph_db/graph_db_node_24/05_p0.45/05_graph_n24_p0.45_idx1.gpickle,24,0.45,1,11,109,255,"[0, 1, 2, 3, 4, 5, 6, 7, 8, 9, 10, 11, 12, 13, 14, 15, 16, 17, 18, 19, 20, 21, 22, 23]",1.2907262
./random_graph_db/graph_db_node_24/05_p0.45/05_graph_n24_p0.45_idx10.gpickle,24,0.45,10,11,117,279,"[0, 1, 2, 3, 4, 5, 6, 7, 8, 9, 10, 11, 12, 13, 14, 15, 16, 17, 18, 19, 20, 21, 22, 23]",1.3422239
./random_graph_db/graph_db_node_24/05_p0.45/05_graph_n24_p0.45_idx2.gpickle,24,0.45,2,11,105,255,"[0, 1, 2, 3, 4, 5, 6, 7, 8, 9, 10, 11, 12, 13, 14, 15, 16, 17, 18, 19, 20, 21, 22, 23]",1.2187593
./random_graph_db/graph_db_node_24/05_p0.45/05_graph_n24_p0.45_idx3.gpickle,24,0.45,3,11,122,280,"[0, 1, 2, 3, 4, 5, 6, 7, 8, 9, 10, 11, 12, 13, 14, 15, 16, 17, 18, 19, 20, 21, 22, 23]",1.4072678
./random_graph_db/graph_db_node_24/05_p0.45/05_graph_n24_p0.45_idx4.gpickle,24,0.45,4,11,97,251,"[0, 1, 2, 3, 4, 5, 6, 7, 8, 9, 10, 11, 12, 13, 14, 15, 16, 17, 18, 19, 20, 21, 22, 23]",1.1815519
./random_graph_db/graph_db_node_24/05_p0.45/05_graph_n24_p0.45_idx5.gpickle,24,0.45,5,11,116,281,"[0, 1, 2, 3, 4, 5, 6, 7, 8, 9, 10, 11, 12, 13, 14, 15, 16, 17, 18, 19, 20, 21, 22, 23]",1.3906932
./random_graph_db/graph_db_node_24/05_p0.45/05_graph_n24_p0.45_idx6.gpickle,24,0.45,6,12,115,277,"[0, 1, 2, 3, 4, 5, 6, 7, 8, 9, 10, 11, 12, 13, 14, 15, 16, 17, 18, 19, 20, 21, 22, 23]",1.2511001
./random_graph_db/graph_db_node_24/05_p0.45/05_graph_n24_p0.45_idx7.gpickle,24,0.45,7,11,94,228,"[0, 1, 2, 3, 4, 5, 6, 7, 8, 9, 10, 11, 12, 13, 14, 15, 16, 17, 18, 19, 20, 21, 22, 23]",1.2407851
./random_graph_db/graph_db_node_24/05_p0.45/05_graph_n24_p0.45_idx8.gpickle,24,0.45,8,12,128,311,"[0, 1, 2, 3, 4, 5, 6, 7, 8, 9, 10, 11, 12, 13, 14, 15, 16, 17, 18, 19, 20, 21, 22, 23]",1.3738458
./random_graph_db/graph_db_node_24/05_p0.45/05_graph_n24_p0.45_idx9.gpickle,24,0.45,9,12,135,307,"[0, 1, 2, 3, 4, 5, 6, 7, 8, 9, 10, 11, 12, 13, 14, 15, 16, 17, 18, 19, 20, 21, 22, 23]",1.986418
./random_graph_db/graph_db_node_24/06_p0.5/06_graph_n24_p0.5_idx1.gpickle,24,0.5,1,12,118,271,"[0, 1, 2, 3, 4, 5, 6, 7, 8, 9, 10, 11, 12, 13, 14, 15, 16, 17, 18, 19, 20, 21, 22, 23]",1.302449
./random_graph_db/graph_db_node_24/06_p0.5/06_graph_n24_p0.5_idx10.gpickle,24,0.5,10,11,109,260,"[0, 1, 2, 3, 4, 5, 6, 7, 8, 9, 10, 11, 12, 13, 14, 15, 16, 17, 18, 19, 20, 21, 22, 23]",1.3150861
./random_graph_db/graph_db_node_24/06_p0.5/06_graph_n24_p0.5_idx2.gpickle,24,0.5,2,12,113,277,"[0, 1, 2, 3, 4, 5, 6, 7, 8, 9, 10, 11, 12, 13, 14, 15, 16, 17, 18, 19, 20, 21, 22, 23]",1.2479761
./random_graph_db/graph_db_node_24/06_p0.5/06_graph_n24_p0.5_idx3.gpickle,24,0.5,3,11,106,261,"[0, 1, 2, 3, 4, 5, 6, 7, 8, 9, 10, 11, 12, 13, 14, 15, 16, 17, 18, 19, 20, 21, 22, 23]",1.2491252
./random_graph_db/graph_db_node_24/06_p0.5/06_graph_n24_p0.5_idx4.gpickle,24,0.5,4,11,111,248,"[0, 1, 2, 3, 4, 5, 6, 7, 8, 9, 10, 11, 12, 13, 14, 15, 16, 17, 18, 19, 20, 21, 22, 23]",1.2870939
./random_graph_db/graph_db_node_24/06_p0.5/06_graph_n24_p0.5_idx5.gpickle,24,0.5,5,11,123,287,"[0, 1, 2, 3, 4, 5, 6, 7, 8, 9, 10, 11, 12, 13, 14, 15, 16, 17, 18, 19, 20, 21, 22, 23]",1.3959162
./random_graph_db/graph_db_node_24/06_p0.5/06_graph_n24_p0.5_idx6.gpickle,24,0.5,6,12,113,261,"[0, 1, 2, 3, 4, 5, 6, 7, 8, 9, 10, 11, 12, 13, 14, 15, 16, 17, 18, 19, 20, 21, 22, 23]",1.253438
./random_graph_db/graph_db_node_24/06_p0.5/06_graph_n24_p0.5_idx7.gpickle,24,0.5,7,11,118,285,"[0, 1, 2, 3, 4, 5, 6, 7, 8, 9, 10, 11, 12, 13, 14, 15, 16, 17, 18, 19, 20, 21, 22, 23]",1.3310797
./random_graph_db/graph_db_node_24/06_p0.5/06_graph_n24_p0.5_idx8.gpickle,24,0.5,8,12,106,244,"[0, 1, 2, 3, 4, 5, 6, 7, 8, 9, 10, 11, 12, 13, 14, 15, 16, 17, 18, 19, 20, 21, 22, 23]",1.2681799
./random_graph_db/graph_db_node_24/06_p0.5/06_graph_n24_p0.5_idx9.gpickle,24,0.5,9,12,119,270,"[0, 1, 2, 3, 4, 5, 6, 7, 8, 9, 10, 11, 12, 13, 14, 15, 16, 17, 18, 19, 20, 21, 22, 23]",1.3759553
./random_graph_db/graph_db_node_24/07_p0.55/07_graph_n24_p0.55_idx1.gpickle,24,0.55,1,11,117,265,"[0, 1, 2, 3, 4, 5, 6, 7, 8, 9, 10, 11, 12, 13, 14, 15, 16, 17, 18, 19, 20, 21, 22, 23]",1.4653027
./random_graph_db/graph_db_node_24/07_p0.55/07_graph_n24_p0.55_idx10.gpickle,24,0.55,10,11,125,287,"[0, 1, 2, 3, 4, 5, 6, 7, 8, 9, 10, 11, 12, 13, 14, 15, 16, 17, 18, 19, 20, 21, 22, 23]",1.3962629
./random_graph_db/graph_db_node_24/07_p0.55/07_graph_n24_p0.55_idx2.gpickle,24,0.55,2,12,123,275,"[0, 1, 2, 3, 4, 5, 6, 7, 8, 9, 10, 11, 12, 13, 14, 15, 16, 17, 18, 19, 20, 21, 22, 23]",1.3664579
./random_graph_db/graph_db_node_24/07_p0.55/07_graph_n24_p0.55_idx3.gpickle,24,0.55,3,11,113,275,"[0, 1, 2, 3, 4, 5, 6, 7, 8, 9, 10, 11, 12, 13, 14, 15, 16, 17, 18, 19, 20, 21, 22, 23]",1.2994781
./random_graph_db/graph_db_node_24/07_p0.55/07_graph_n24_p0.55_idx4.gpickle,24,0.55,4,11,122,269,"[0, 1, 2, 3, 4, 5, 6, 7, 8, 9, 10, 11, 12, 13, 14, 15, 16, 17, 18, 19, 20, 21, 22, 23]",1.5934508
./random_graph_db/graph_db_node_24/07_p0.55/07_graph_n24_p0.55_idx5.gpickle,24,0.55,5,11,110,253,"[0, 1, 2, 3, 4, 5, 6, 7, 8, 9, 10, 11, 12, 13, 14, 15, 16, 17, 18, 19, 20, 21, 22, 23]",1.2665889
./random_graph_db/graph_db_node_24/07_p0.55/07_graph_n24_p0.55_idx6.gpickle,24,0.55,6,12,118,289,"[0, 1, 2, 3, 4, 5, 6, 7, 8, 9, 10, 11, 12, 13, 14, 15, 16, 17, 18, 19, 20, 21, 22, 23]",1.3423271
./random_graph_db/graph_db_node_24/07_p0.55/07_graph_n24_p0.55_idx7.gpickle,24,0.55,7,11,121,281,"[0, 1, 2, 3, 4, 5, 6, 7, 8, 9, 10, 11, 12, 13, 14, 15, 16, 17, 18, 19, 20, 21, 22, 23]",1.4278479
./random_graph_db/graph_db_node_24/07_p0.55/07_graph_n24_p0.55_idx8.gpickle,24,0.55,8,12,114,267,"[0, 1, 2, 3, 4, 5, 6, 7, 8, 9, 10, 11, 12, 13, 14, 15, 16, 17, 18, 19, 20, 21, 22, 23]",1.2700882
./random_graph_db/graph_db_node_24/07_p0.55/07_graph_n24_p0.55_idx9.gpickle,24,0.55,9,12,125,281,"[0, 1, 2, 3, 4, 5, 6, 7, 8, 9, 10, 11, 12, 13, 14, 15, 16, 17, 18, 19, 20, 21, 22, 23]",1.4555781
./random_graph_db/graph_db_node_24/08_p0.6/08_graph_n24_p0.6_idx1.gpickle,24,0.6,1,11,99,240,"[0, 1, 2, 3, 4, 5, 6, 7, 8, 9, 10, 11, 12, 13, 14, 15, 16, 17, 18, 19, 20, 21, 22, 23]",1.1623929
./random_graph_db/graph_db_node_24/08_p0.6/08_graph_n24_p0.6_idx10.gpickle,24,0.6,10,12,109,231,"[0, 1, 2, 3, 4, 5, 6, 7, 8, 9, 10, 11, 12, 13, 14, 15, 16, 17, 18, 19, 20, 21, 22, 23]",1.3659971
./random_graph_db/graph_db_node_24/08_p0.6/08_graph_n24_p0.6_idx2.gpickle,24,0.6,2,12,109,260,"[0, 1, 2, 3, 4, 5, 6, 7, 8, 9, 10, 11, 12, 13, 14, 15, 16, 17, 18, 19, 20, 21, 22, 23]",1.290149
./random_graph_db/graph_db_node_24/08_p0.6/08_graph_n24_p0.6_idx3.gpickle,24,0.6,3,12,108,260,"[0, 1, 2, 3, 4, 5, 6, 7, 8, 9, 10, 11, 12, 13, 14, 15, 16, 17, 18, 19, 20, 21, 22, 23]",1.235167
./random_graph_db/graph_db_node_24/08_p0.6/08_graph_n24_p0.6_idx4.gpickle,24,0.6,4,11,112,255,"[0, 1, 2, 3, 4, 5, 6, 7, 8, 9, 10, 11, 12, 13, 14, 15, 16, 17, 18, 19, 20, 21, 22, 23]",1.2591302
./random_graph_db/graph_db_node_24/08_p0.6/08_graph_n24_p0.6_idx5.gpickle,24,0.6,5,11,111,263,"[0, 1, 2, 3, 4, 5, 6, 7, 8, 9, 10, 11, 12, 13, 14, 15, 16, 17, 18, 19, 20, 21, 22, 23]",1.261822
./random_graph_db/graph_db_node_24/08_p0.6/08_graph_n24_p0.6_idx6.gpickle,24,0.6,6,11,128,297,"[0, 1, 2, 3, 4, 5, 6, 7, 8, 9, 10, 11, 12, 13, 14, 15, 16, 17, 18, 19, 20, 21, 22, 23]",1.4416912
./random_graph_db/graph_db_node_24/08_p0.6/08_graph_n24_p0.6_idx7.gpickle,24,0.6,7,11,119,283,"[0, 1, 2, 3, 4, 5, 6, 7, 8, 9, 10, 11, 12, 13, 14, 15, 16, 17, 18, 19, 20, 21, 22, 23]",1.351249
./random_graph_db/graph_db_node_24/08_p0.6/08_graph_n24_p0.6_idx8.gpickle,24,0.6,8,11,114,276,"[0, 1, 2, 3, 4, 5, 6, 7, 8, 9, 10, 11, 12, 13, 14, 15, 16, 17, 18, 19, 20, 21, 22, 23]",1.314826
./random_graph_db/graph_db_node_24/08_p0.6/08_graph_n24_p0.6_idx9.gpickle,24,0.6,9,12,104,239,"[0, 1, 2, 3, 4, 5, 6, 7, 8, 9, 10, 11, 12, 13, 14, 15, 16, 17, 18, 19, 20, 21, 22, 23]",1.2916942
./random_graph_db/graph_db_node_24/09_p0.65/09_graph_n24_p0.65_idx1.gpickle,24,0.65,1,11,122,293,"[0, 1, 2, 3, 4, 5, 6, 7, 8, 9, 10, 11, 12, 13, 14, 15, 16, 17, 18, 19, 20, 21, 22, 23]",1.4412239
./random_graph_db/graph_db_node_24/09_p0.65/09_graph_n24_p0.65_idx10.gpickle,24,0.65,10,11,102,245,"[0, 1, 2, 3, 4, 5, 6, 7, 8, 9, 10, 11, 12, 13, 14, 15, 16, 17, 18, 19, 20, 21, 22, 23]",1.252203
./random_graph_db/graph_db_node_24/09_p0.65/09_graph_n24_p0.65_idx2.gpickle,24,0.65,2,12,115,274,"[0, 1, 2, 3, 4, 5, 6, 7, 8, 9, 10, 11, 12, 13, 14, 15, 16, 17, 18, 19, 20, 21, 22, 23]",1.312968
./random_graph_db/graph_db_node_24/09_p0.65/09_graph_n24_p0.65_idx3.gpickle,24,0.65,3,12,111,248,"[0, 1, 2, 3, 4, 5, 6, 7, 8, 9, 10, 11, 12, 13, 14, 15, 16, 17, 18, 19, 20, 21, 22, 23]",1.2262702
./random_graph_db/graph_db_node_24/09_p0.65/09_graph_n24_p0.65_idx4.gpickle,24,0.65,4,11,105,246,"[0, 1, 2, 3, 4, 5, 6, 7, 8, 9, 10, 11, 12, 13, 14, 15, 16, 17, 18, 19, 20, 21, 22, 23]",1.2027102
./random_graph_db/graph_db_node_24/09_p0.65/09_graph_n24_p0.65_idx5.gpickle,24,0.65,5,12,134,297,"[0, 1, 2, 3, 4, 5, 6, 7, 8, 9, 10, 11, 12, 13, 14, 15, 16, 17, 18, 19, 20, 21, 22, 23]",1.4372721
./random_graph_db/graph_db_node_24/09_p0.65/09_graph_n24_p0.65_idx6.gpickle,24,0.65,6,11,102,245,"[0, 1, 2, 3, 4, 5, 6, 7, 8, 9, 10, 11, 12, 13, 14, 15, 16, 17, 18, 19, 20, 21, 22, 23]",1.256031
./random_graph_db/graph_db_node_24/09_p0.65/09_graph_n24_p0.65_idx7.gpickle,24,0.65,7,11,113,253,"[0, 1, 2, 3, 4, 5, 6, 7, 8, 9, 10, 11, 12, 13, 14, 15, 16, 17, 18, 19, 20, 21, 22, 23]",1.2728782
./random_graph_db/graph_db_node_24/09_p0.65/09_graph_n24_p0.65_idx8.gpickle,24,0.65,8,11,100,234,"[0, 1, 2, 3, 4, 5, 6, 7, 8, 9, 10, 11, 12, 13, 14, 15, 16, 17, 18, 19, 20, 21, 22, 23]",1.2615077
./random_graph_db/graph_db_node_24/09_p0.65/09_graph_n24_p0.65_idx9.gpickle,24,0.65,9,12,135,320,"[0, 1, 2, 3, 4, 5, 6, 7, 8, 9, 10, 11, 12, 13, 14, 15, 16, 17, 18, 19, 20, 21, 22, 23]",1.523273
./random_graph_db/graph_db_node_24/10_p0.7/10_graph_n24_p0.7_idx1.gpickle,24,0.7,1,10,104,246,"[0, 1, 2, 3, 4, 5, 6, 7, 8, 9, 10, 11, 12, 13, 14, 15, 16, 17, 18, 19, 20, 21, 22, 23]",1.2483289
./random_graph_db/graph_db_node_24/10_p0.7/10_graph_n24_p0.7_idx10.gpickle,24,0.7,10,10,94,217,"[0, 1, 2, 3, 4, 5, 6, 7, 8, 9, 10, 11, 12, 13, 14, 15, 16, 17, 18, 19, 20, 21, 22, 23]",1.4473429
./random_graph_db/graph_db_node_24/10_p0.7/10_graph_n24_p0.7_idx2.gpickle,24,0.7,2,11,106,259,"[0, 1, 2, 3, 4, 5, 6, 7, 8, 9, 10, 11, 12, 13, 14, 15, 16, 17, 18, 19, 20, 21, 22, 23]",1.180994
./random_graph_db/graph_db_node_24/10_p0.7/10_graph_n24_p0.7_idx3.gpickle,24,0.7,3,11,108,277,"[0, 1, 2, 3, 4, 5, 6, 7, 8, 9, 10, 11, 12, 13, 14, 15, 16, 17, 18, 19, 20, 21, 22, 23]",1.3545489
./random_graph_db/graph_db_node_24/10_p0.7/10_graph_n24_p0.7_idx4.gpickle,24,0.7,4,10,104,266,"[0, 1, 2, 3, 4, 5, 6, 7, 8, 9, 10, 11, 12, 13, 14, 15, 16, 17, 18, 19, 20, 21, 22, 23]",1.3353639
./random_graph_db/graph_db_node_24/10_p0.7/10_graph_n24_p0.7_idx5.gpickle,24,0.7,5,11,113,272,"[0, 1, 2, 3, 4, 5, 6, 7, 8, 9, 10, 11, 12, 13, 14, 15, 16, 17, 18, 19, 20, 21, 22, 23]",1.304513
./random_graph_db/graph_db_node_24/10_p0.7/10_graph_n24_p0.7_idx6.gpickle,24,0.7,6,11,101,259,"[0, 1, 2, 3, 4, 5, 6, 7, 8, 9, 10, 11, 12, 13, 14, 15, 16, 17, 18, 19, 20, 21, 22, 23]",1.224632
./random_graph_db/graph_db_node_24/10_p0.7/10_graph_n24_p0.7_idx7.gpickle,24,0.7,7,10,99,235,"[0, 1, 2, 3, 4, 5, 6, 7, 8, 9, 10, 11, 12, 13, 14, 15, 16, 17, 18, 19, 20, 21, 22, 23]",1.1596694
./random_graph_db/graph_db_node_24/10_p0.7/10_graph_n24_p0.7_idx8.gpickle,24,0.7,8,11,104,268,"[0, 1, 2, 3, 4, 5, 6, 7, 8, 9, 10, 11, 12, 13, 14, 15, 16, 17, 18, 19, 20, 21, 22, 23]",1.2648671
./random_graph_db/graph_db_node_24/10_p0.7/10_graph_n24_p0.7_idx9.gpickle,24,0.7,9,11,81,205,"[0, 1, 2, 3, 4, 5, 6, 7, 8, 9, 10, 11, 12, 13, 14, 15, 16, 17, 18, 19, 20, 21, 22, 23]",1.2968869
./random_graph_db/graph_db_node_24/11_p0.8/11_graph_n24_p0.8_idx1.gpickle,24,0.8,1,11,94,230,"[0, 1, 2, 3, 4, 5, 6, 7, 8, 9, 10, 11, 12, 13, 14, 15, 16, 17, 18, 19, 20, 21, 22, 23]",1.1804807
./random_graph_db/graph_db_node_24/11_p0.8/11_graph_n24_p0.8_idx10.gpickle,24,0.8,10,11,100,243,"[0, 1, 2, 3, 4, 5, 6, 7, 8, 9, 10, 11, 12, 13, 14, 15, 16, 17, 18, 19, 20, 21, 22, 23]",1.115025
./random_graph_db/graph_db_node_24/11_p0.8/11_graph_n24_p0.8_idx2.gpickle,24,0.8,2,10,57,152,"[0, 1, 2, 3, 4, 5, 6, 7, 8, 9, 10, 11, 12, 13, 14, 15, 16, 17, 18, 19, 20, 21, 22, 23]",0.8341351
./random_graph_db/graph_db_node_24/11_p0.8/11_graph_n24_p0.8_idx3.gpickle,24,0.8,3,11,84,211,"[0, 1, 2, 3, 4, 5, 6, 7, 8, 9, 10, 11, 12, 13, 14, 15, 16, 17, 18, 19, 20, 21, 22, 23]",1.1613789
./random_graph_db/graph_db_node_24/11_p0.8/11_graph_n24_p0.8_idx4.gpickle,24,0.8,4,12,83,194,"[0, 1, 2, 3, 4, 5, 6, 7, 8, 9, 10, 11, 12, 13, 14, 15, 16, 17, 18, 19, 20, 21, 22, 23]",0.9446411
./random_graph_db/graph_db_node_24/11_p0.8/11_graph_n24_p0.8_idx5.gpickle,24,0.8,5,11,58,151,"[0, 1, 2, 3, 4, 5, 6, 7, 8, 9, 10, 11, 12, 13, 14, 15, 16, 17, 18, 19, 20, 21, 22, 23]",0.8518348
./random_graph_db/graph_db_node_24/11_p0.8/11_graph_n24_p0.8_idx6.gpickle,24,0.8,6,10,66,172,"[0, 1, 2, 3, 4, 5, 6, 7, 8, 9, 10, 11, 12, 13, 14, 15, 16, 17, 18, 19, 20, 21, 22, 23]",0.9424109
./random_graph_db/graph_db_node_24/11_p0.8/11_graph_n24_p0.8_idx7.gpickle,24,0.8,7,10,78,192,"[0, 1, 2, 3, 4, 5, 6, 7, 8, 9, 10, 11, 12, 13, 14, 15, 16, 17, 18, 19, 20, 21, 22, 23]",0.987597
./random_graph_db/graph_db_node_24/11_p0.8/11_graph_n24_p0.8_idx8.gpickle,24,0.8,8,10,72,202,"[0, 1, 2, 3, 4, 5, 6, 7, 8, 9, 10, 11, 12, 13, 14, 15, 16, 17, 18, 19, 20, 21, 22, 23]",0.8955889
./random_graph_db/graph_db_node_24/11_p0.8/11_graph_n24_p0.8_idx9.gpickle,24,0.8,9,11,82,203,"[0, 1, 2, 3, 4, 5, 6, 7, 8, 9, 10, 11, 12, 13, 14, 15, 16, 17, 18, 19, 20, 21, 22, 23]",1.0635693
./random_graph_db/graph_db_node_24/12_p0.9/12_graph_n24_p0.9_idx1.gpickle,24,0.9,1,10,35,104,"[0, 1, 2, 3, 4, 5, 6, 7, 8, 9, 10, 11, 12, 13, 14, 15, 16, 17, 18, 19, 20, 21, 22, 23]",0.5920849
./random_graph_db/graph_db_node_24/12_p0.9/12_graph_n24_p0.9_idx10.gpickle,24,0.9,10,9,65,174,"[0, 1, 2, 3, 4, 5, 6, 7, 8, 9, 10, 11, 12, 13, 14, 15, 16, 17, 18, 19, 20, 21, 22, 23]",0.788445
./random_graph_db/graph_db_node_24/12_p0.9/12_graph_n24_p0.9_idx2.gpickle,24,0.9,2,10,34,97,"[0, 1, 2, 3, 4, 5, 6, 7, 8, 9, 10, 11, 12, 13, 14, 15, 16, 17, 18, 19, 20, 21, 22, 23]",0.6874681
./random_graph_db/graph_db_node_24/12_p0.9/12_graph_n24_p0.9_idx3.gpickle,24,0.9,3,10,62,156,"[0, 1, 2, 3, 4, 5, 6, 7, 8, 9, 10, 11, 12, 13, 14, 15, 16, 17, 18, 19, 20, 21, 22, 23]",1.0029151
./random_graph_db/graph_db_node_24/12_p0.9/12_graph_n24_p0.9_idx4.gpickle,24,0.9,4,9,69,165,"[0, 1, 2, 3, 4, 5, 6, 7, 8, 9, 10, 11, 12, 13, 14, 15, 16, 17, 18, 19, 20, 21, 22, 23]",0.8258288
./random_graph_db/graph_db_node_24/12_p0.9/12_graph_n24_p0.9_idx5.gpickle,24,0.9,5,9,23,73,"[0, 1, 2, 3, 4, 5, 6, 7, 8, 9, 10, 11, 12, 13, 14, 15, 16, 17, 18, 19, 20, 21, 22, 23]",0.5472071
./random_graph_db/graph_db_node_24/12_p0.9/12_graph_n24_p0.9_idx6.gpickle,24,0.9,6,9,32,98,"[0, 1, 2, 3, 4, 5, 6, 7, 8, 9, 10, 11, 12, 13, 14, 15, 16, 17, 18, 19, 20, 21, 22, 23]",0.566865
./random_graph_db/graph_db_node_24/12_p0.9/12_graph_n24_p0.9_idx7.gpickle,24,0.9,7,8,27,84,"[0, 1, 2, 3, 4, 5, 6, 7, 8, 9, 10, 11, 12, 13, 14, 15, 16, 17, 18, 19, 20, 21, 22, 23]",0.531616
./random_graph_db/graph_db_node_24/12_p0.9/12_graph_n24_p0.9_idx8.gpickle,24,0.9,8,10,43,122,"[0, 1, 2, 3, 4, 5, 6, 7, 8, 9, 10, 11, 12, 13, 14, 15, 16, 17, 18, 19, 20, 21, 22, 23]",0.6347232
./random_graph_db/graph_db_node_24/12_p0.9/12_graph_n24_p0.9_idx9.gpickle,24,0.9,9,10,43,116,"[0, 1, 2, 3, 4, 5, 6, 7, 8, 9, 10, 11, 12, 13, 14, 15, 16, 17, 18, 19, 20, 21, 22, 23]",0.7604871
./random_graph_db/graph_db_node_25/01_p0.1/01_graph_n25_p0.1_idx1.gpickle,25,0.1,1,10,21,79,"[0, 1, 2, 3, 4, 5, 6, 7, 8, 9, 10, 11, 12, 13, 14, 15, 16, 17, 18, 19, 20, 21, 22, 23, 24]",0.5360081
./random_graph_db/graph_db_node_25/01_p0.1/01_graph_n25_p0.1_idx10.gpickle,25,0.1,10,8,30,102,"[0, 1, 2, 3, 4, 5, 6, 7, 8, 9, 10, 11, 12, 13, 14, 15, 16, 17, 18, 19, 20, 21, 22, 23, 24]",0.5338578
./random_graph_db/graph_db_node_25/01_p0.1/01_graph_n25_p0.1_idx2.gpickle,25,0.1,2,10,33,103,"[0, 1, 2, 3, 4, 5, 6, 7, 8, 9, 10, 11, 12, 13, 14, 15, 16, 17, 18, 19, 20, 21, 22, 23, 24]",0.5942571
./random_graph_db/graph_db_node_25/01_p0.1/01_graph_n25_p0.1_idx3.gpickle,25,0.1,3,9,25,85,"[0, 1, 2, 3, 4, 5, 6, 7, 8, 9, 10, 11, 12, 13, 14, 15, 16, 17, 18, 19, 20, 21, 22, 23, 24]",0.5700192
./random_graph_db/graph_db_node_25/01_p0.1/01_graph_n25_p0.1_idx4.gpickle,25,0.1,4,9,33,107,"[0, 1, 2, 3, 4, 5, 6, 7, 8, 9, 10, 11, 12, 13, 14, 15, 16, 17, 18, 19, 20, 21, 22, 23, 24]",0.6356182
./random_graph_db/graph_db_node_25/01_p0.1/01_graph_n25_p0.1_idx5.gpickle,25,0.1,5,10,44,109,"[0, 1, 2, 3, 4, 5, 6, 7, 8, 9, 10, 11, 12, 13, 14, 15, 16, 17, 18, 19, 20, 21, 22, 23, 24]",0.809113
./random_graph_db/graph_db_node_25/01_p0.1/01_graph_n25_p0.1_idx6.gpickle,25,0.1,6,9,37,101,"[0, 1, 2, 3, 4, 5, 6, 7, 8, 9, 10, 11, 12, 13, 14, 15, 16, 17, 18, 19, 20, 21, 22, 23, 24]",0.7107019
./random_graph_db/graph_db_node_25/01_p0.1/01_graph_n25_p0.1_idx7.gpickle,25,0.1,7,10,31,95,"[0, 1, 2, 3, 4, 5, 6, 7, 8, 9, 10, 11, 12, 13, 14, 15, 16, 17, 18, 19, 20, 21, 22, 23, 24]",0.6761341
./random_graph_db/graph_db_node_25/01_p0.1/01_graph_n25_p0.1_idx8.gpickle,25,0.1,8,9,13,57,"[0, 1, 2, 3, 4, 5, 6, 7, 8, 9, 10, 11, 12, 13, 14, 15, 16, 17, 18, 19, 20, 21, 22, 23, 24]",0.4021099
./random_graph_db/graph_db_node_25/01_p0.1/01_graph_n25_p0.1_idx9.gpickle,25,0.1,9,10,33,98,"[0, 1, 2, 3, 4, 5, 6, 7, 8, 9, 10, 11, 12, 13, 14, 15, 16, 17, 18, 19, 20, 21, 22, 23, 24]",0.520689
./random_graph_db/graph_db_node_25/02_p0.2/02_graph_n25_p0.2_idx1.gpickle,25,0.2,1,11,69,173,"[0, 1, 2, 3, 4, 5, 6, 7, 8, 9, 10, 11, 12, 13, 14, 15, 16, 17, 18, 19, 20, 21, 22, 23, 24]",0.9957242
./random_graph_db/graph_db_node_25/02_p0.2/02_graph_n25_p0.2_idx10.gpickle,25,0.2,10,12,108,252,"[0, 1, 2, 3, 4, 5, 6, 7, 8, 9, 10, 11, 12, 13, 14, 15, 16, 17, 18, 19, 20, 21, 22, 23, 24]",1.2526588
./random_graph_db/graph_db_node_25/02_p0.2/02_graph_n25_p0.2_idx2.gpickle,25,0.2,2,11,67,185,"[0, 1, 2, 3, 4, 5, 6, 7, 8, 9, 10, 11, 12, 13, 14, 15, 16, 17, 18, 19, 20, 21, 22, 23, 24]",1.0602098
./random_graph_db/graph_db_node_25/02_p0.2/02_graph_n25_p0.2_idx3.gpickle,25,0.2,3,11,66,165,"[0, 1, 2, 3, 4, 5, 6, 7, 8, 9, 10, 11, 12, 13, 14, 15, 16, 17, 18, 19, 20, 21, 22, 23, 24]",1.0690057
./random_graph_db/graph_db_node_25/02_p0.2/02_graph_n25_p0.2_idx4.gpickle,25,0.2,4,11,43,133,"[0, 1, 2, 3, 4, 5, 6, 7, 8, 9, 10, 11, 12, 13, 14, 15, 16, 17, 18, 19, 20, 21, 22, 23, 24]",0.6936209
./random_graph_db/graph_db_node_25/02_p0.2/02_graph_n25_p0.2_idx5.gpickle,25,0.2,5,12,57,141,"[0, 1, 2, 3, 4, 5, 6, 7, 8, 9, 10, 11, 12, 13, 14, 15, 16, 17, 18, 19, 20, 21, 22, 23, 24]",1.0366831
./random_graph_db/graph_db_node_25/02_p0.2/02_graph_n25_p0.2_idx6.gpickle,25,0.2,6,11,65,178,"[0, 1, 2, 3, 4, 5, 6, 7, 8, 9, 10, 11, 12, 13, 14, 15, 16, 17, 18, 19, 20, 21, 22, 23, 24]",1.0410211
./random_graph_db/graph_db_node_25/02_p0.2/02_graph_n25_p0.2_idx7.gpickle,25,0.2,7,12,70,184,"[0, 1, 2, 3, 4, 5, 6, 7, 8, 9, 10, 11, 12, 13, 14, 15, 16, 17, 18, 19, 20, 21, 22, 23, 24]",1.0861909
./random_graph_db/graph_db_node_25/02_p0.2/02_graph_n25_p0.2_idx8.gpickle,25,0.2,8,11,91,222,"[0, 1, 2, 3, 4, 5, 6, 7, 8, 9, 10, 11, 12, 13, 14, 15, 16, 17, 18, 19, 20, 21, 22, 23, 24]",1.2588701
./random_graph_db/graph_db_node_25/02_p0.2/02_graph_n25_p0.2_idx9.gpickle,25,0.2,9,11,71,170,"[0, 1, 2, 3, 4, 5, 6, 7, 8, 9, 10, 11, 12, 13, 14, 15, 16, 17, 18, 19, 20, 21, 22, 23, 24]",1.0171831
./random_graph_db/graph_db_node_25/03_p0.3/03_graph_n25_p0.3_idx1.gpickle,25,0.3,1,12,114,255,"[0, 1, 2, 3, 4, 5, 6, 7, 8, 9, 10, 11, 12, 13, 14, 15, 16, 17, 18, 19, 20, 21, 22, 23, 24]",1.2655311
./random_graph_db/graph_db_node_25/03_p0.3/03_graph_n25_p0.3_idx10.gpickle,25,0.3,10,12,102,233,"[0, 1, 2, 3, 4, 5, 6, 7, 8, 9, 10, 11, 12, 13, 14, 15, 16, 17, 18, 19, 20, 21, 22, 23, 24]",1.4695477
./random_graph_db/graph_db_node_25/03_p0.3/03_graph_n25_p0.3_idx2.gpickle,25,0.3,2,11,104,257,"[0, 1, 2, 3, 4, 5, 6, 7, 8, 9, 10, 11, 12, 13, 14, 15, 16, 17, 18, 19, 20, 21, 22, 23, 24]",1.4340541
./random_graph_db/graph_db_node_25/03_p0.3/03_graph_n25_p0.3_idx3.gpickle,25,0.3,3,11,109,258,"[0, 1, 2, 3, 4, 5, 6, 7, 8, 9, 10, 11, 12, 13, 14, 15, 16, 17, 18, 19, 20, 21, 22, 23, 24]",1.3110001
./random_graph_db/graph_db_node_25/03_p0.3/03_graph_n25_p0.3_idx4.gpickle,25,0.3,4,12,113,263,"[0, 1, 2, 3, 4, 5, 6, 7, 8, 9, 10, 11, 12, 13, 14, 15, 16, 17, 18, 19, 20, 21, 22, 23, 24]",1.3554699
./random_graph_db/graph_db_node_25/03_p0.3/03_graph_n25_p0.3_idx5.gpickle,25,0.3,5,12,93,229,"[0, 1, 2, 3, 4, 5, 6, 7, 8, 9, 10, 11, 12, 13, 14, 15, 16, 17, 18, 19, 20, 21, 22, 23, 24]",1.6032116
./random_graph_db/graph_db_node_25/03_p0.3/03_graph_n25_p0.3_idx6.gpickle,25,0.3,6,11,105,254,"[0, 1, 2, 3, 4, 5, 6, 7, 8, 9, 10, 11, 12, 13, 14, 15, 16, 17, 18, 19, 20, 21, 22, 23, 24]",1.5011601
./random_graph_db/graph_db_node_25/03_p0.3/03_graph_n25_p0.3_idx7.gpickle,25,0.3,7,12,120,273,"[0, 1, 2, 3, 4, 5, 6, 7, 8, 9, 10, 11, 12, 13, 14, 15, 16, 17, 18, 19, 20, 21, 22, 23, 24]",1.432766
./random_graph_db/graph_db_node_25/03_p0.3/03_graph_n25_p0.3_idx8.gpickle,25,0.3,8,11,86,210,"[0, 1, 2, 3, 4, 5, 6, 7, 8, 9, 10, 11, 12, 13, 14, 15, 16, 17, 18, 19, 20, 21, 22, 23, 24]",1.32213
./random_graph_db/graph_db_node_25/03_p0.3/03_graph_n25_p0.3_idx9.gpickle,25,0.3,9,11,110,252,"[0, 1, 2, 3, 4, 5, 6, 7, 8, 9, 10, 11, 12, 13, 14, 15, 16, 17, 18, 19, 20, 21, 22, 23, 24]",1.3412881
./random_graph_db/graph_db_node_25/04_p0.4/04_graph_n25_p0.4_idx1.gpickle,25,0.4,1,12,122,278,"[0, 1, 2, 3, 4, 5, 6, 7, 8, 9, 10, 11, 12, 13, 14, 15, 16, 17, 18, 19, 20, 21, 22, 23, 24]",1.5293632
./random_graph_db/graph_db_node_25/04_p0.4/04_graph_n25_p0.4_idx10.gpickle,25,0.4,10,12,115,279,"[0, 1, 2, 3, 4, 5, 6, 7, 8, 9, 10, 11, 12, 13, 14, 15, 16, 17, 18, 19, 20, 21, 22, 23, 24]",1.4450181
./random_graph_db/graph_db_node_25/04_p0.4/04_graph_n25_p0.4_idx2.gpickle,25,0.4,2,11,111,269,"[0, 1, 2, 3, 4, 5, 6, 7, 8, 9, 10, 11, 12, 13, 14, 15, 16, 17, 18, 19, 20, 21, 22, 23, 24]",1.51806
./random_graph_db/graph_db_node_25/04_p0.4/04_graph_n25_p0.4_idx3.gpickle,25,0.4,3,12,119,287,"[0, 1, 2, 3, 4, 5, 6, 7, 8, 9, 10, 11, 12, 13, 14, 15, 16, 17, 18, 19, 20, 21, 22, 23, 24]",1.4235599
./random_graph_db/graph_db_node_25/04_p0.4/04_graph_n25_p0.4_idx4.gpickle,25,0.4,4,12,122,279,"[0, 1, 2, 3, 4, 5, 6, 7, 8, 9, 10, 11, 12, 13, 14, 15, 16, 17, 18, 19, 20, 21, 22, 23, 24]",1.55551
./random_graph_db/graph_db_node_25/04_p0.4/04_graph_n25_p0.4_idx5.gpickle,25,0.4,5,12,129,306,"[0, 1, 2, 3, 4, 5, 6, 7, 8, 9, 10, 11, 12, 13, 14, 15, 16, 17, 18, 19, 20, 21, 22, 23, 24]",1.5903761
./random_graph_db/graph_db_node_25/04_p0.4/04_graph_n25_p0.4_idx6.gpickle,25,0.4,6,12,140,314,"[0, 1, 2, 3, 4, 5, 6, 7, 8, 9, 10, 11, 12, 13, 14, 15, 16, 17, 18, 19, 20, 21, 22, 23, 24]",1.5749619
./random_graph_db/graph_db_node_25/04_p0.4/04_graph_n25_p0.4_idx7.gpickle,25,0.4,7,11,112,268,"[0, 1, 2, 3, 4, 5, 6, 7, 8, 9, 10, 11, 12, 13, 14, 15, 16, 17, 18, 19, 20, 21, 22, 23, 24]",1.3085282
./random_graph_db/graph_db_node_25/04_p0.4/04_graph_n25_p0.4_idx8.gpickle,25,0.4,8,12,135,296,"[0, 1, 2, 3, 4, 5, 6, 7, 8, 9, 10, 11, 12, 13, 14, 15, 16, 17, 18, 19, 20, 21, 22, 23, 24]",1.7733369
./random_graph_db/graph_db_node_25/04_p0.4/04_graph_n25_p0.4_idx9.gpickle,25,0.4,9,12,126,296,"[0, 1, 2, 3, 4, 5, 6, 7, 8, 9, 10, 11, 12, 13, 14, 15, 16, 17, 18, 19, 20, 21, 22, 23, 24]",1.5416508
./random_graph_db/graph_db_node_25/05_p0.45/05_graph_n25_p0.45_idx1.gpickle,25,0.45,1,12,125,286,"[0, 1, 2, 3, 4, 5, 6, 7, 8, 9, 10, 11, 12, 13, 14, 15, 16, 17, 18, 19, 20, 21, 22, 23, 24]",1.5407617
./random_graph_db/graph_db_node_25/05_p0.45/05_graph_n25_p0.45_idx10.gpickle,25,0.45,10,11,121,305,"[0, 1, 2, 3, 4, 5, 6, 7, 8, 9, 10, 11, 12, 13, 14, 15, 16, 17, 18, 19, 20, 21, 22, 23, 24]",1.5551159
./random_graph_db/graph_db_node_25/05_p0.45/05_graph_n25_p0.45_idx2.gpickle,25,0.45,2,11,104,248,"[0, 1, 2, 3, 4, 5, 6, 7, 8, 9, 10, 11, 12, 13, 14, 15, 16, 17, 18, 19, 20, 21, 22, 23, 24]",1.3651659
./random_graph_db/graph_db_node_25/05_p0.45/05_graph_n25_p0.45_idx3.gpickle,25,0.45,3,11,103,259,"[0, 1, 2, 3, 4, 5, 6, 7, 8, 9, 10, 11, 12, 13, 14, 15, 16, 17, 18, 19, 20, 21, 22, 23, 24]",1.3626642
./random_graph_db/graph_db_node_25/05_p0.45/05_graph_n25_p0.45_idx4.gpickle,25,0.45,4,12,130,291,"[0, 1, 2, 3, 4, 5, 6, 7, 8, 9, 10, 11, 12, 13, 14, 15, 16, 17, 18, 19, 20, 21, 22, 23, 24]",1.6088638
./random_graph_db/graph_db_node_25/05_p0.45/05_graph_n25_p0.45_idx5.gpickle,25,0.45,5,12,119,292,"[0, 1, 2, 3, 4, 5, 6, 7, 8, 9, 10, 11, 12, 13, 14, 15, 16, 17, 18, 19, 20, 21, 22, 23, 24]",1.4974658
./random_graph_db/graph_db_node_25/05_p0.45/05_graph_n25_p0.45_idx6.gpickle,25,0.45,6,12,123,275,"[0, 1, 2, 3, 4, 5, 6, 7, 8, 9, 10, 11, 12, 13, 14, 15, 16, 17, 18, 19, 20, 21, 22, 23, 24]",1.5923531
./random_graph_db/graph_db_node_25/05_p0.45/05_graph_n25_p0.45_idx7.gpickle,25,0.45,7,11,117,280,"[0, 1, 2, 3, 4, 5, 6, 7, 8, 9, 10, 11, 12, 13, 14, 15, 16, 17, 18, 19, 20, 21, 22, 23, 24]",1.4932489
./random_graph_db/graph_db_node_25/05_p0.45/05_graph_n25_p0.45_idx8.gpickle,25,0.45,8,12,124,288,"[0, 1, 2, 3, 4, 5, 6, 7, 8, 9, 10, 11, 12, 13, 14, 15, 16, 17, 18, 19, 20, 21, 22, 23, 24]",1.618685
./random_graph_db/graph_db_node_25/05_p0.45/05_graph_n25_p0.45_idx9.gpickle,25,0.45,9,12,117,271,"[0, 1, 2, 3, 4, 5, 6, 7, 8, 9, 10, 11, 12, 13, 14, 15, 16, 17, 18, 19, 20, 21, 22, 23, 24]",1.453609
./random_graph_db/graph_db_node_25/06_p0.5/06_graph_n25_p0.5_idx1.gpickle,25,0.5,1,12,129,292,"[0, 1, 2, 3, 4, 5, 6, 7, 8, 9, 10, 11, 12, 13, 14, 15, 16, 17, 18, 19, 20, 21, 22, 23, 24]",1.5479202
./random_graph_db/graph_db_node_25/06_p0.5/06_graph_n25_p0.5_idx10.gpickle,25,0.5,10,12,125,278,"[0, 1, 2, 3, 4, 5, 6, 7, 8, 9, 10, 11, 12, 13, 14, 15, 16, 17, 18, 19, 20, 21, 22, 23, 24]",1.5225632
./random_graph_db/graph_db_node_25/06_p0.5/06_graph_n25_p0.5_idx2.gpickle,25,0.5,2,12,117,269,"[0, 1, 2, 3, 4, 5, 6, 7, 8, 9, 10, 11, 12, 13, 14, 15, 16, 17, 18, 19, 20, 21, 22, 23, 24]",1.657979
./random_graph_db/graph_db_node_25/06_p0.5/06_graph_n25_p0.5_idx3.gpickle,25,0.5,3,11,129,323,"[0, 1, 2, 3, 4, 5, 6, 7, 8, 9, 10, 11, 12, 13, 14, 15, 16, 17, 18, 19, 20, 21, 22, 23, 24]",1.4283879
./random_graph_db/graph_db_node_25/06_p0.5/06_graph_n25_p0.5_idx4.gpickle,25,0.5,4,12,117,256,"[0, 1, 2, 3, 4, 5, 6, 7, 8, 9, 10, 11, 12, 13, 14, 15, 16, 17, 18, 19, 20, 21, 22, 23, 24]",1.516537
./random_graph_db/graph_db_node_25/06_p0.5/06_graph_n25_p0.5_idx5.gpickle,25,0.5,5,11,104,253,"[0, 1, 2, 3, 4, 5, 6, 7, 8, 9, 10, 11, 12, 13, 14, 15, 16, 17, 18, 19, 20, 21, 22, 23, 24]",1.3004251
./random_graph_db/graph_db_node_25/06_p0.5/06_graph_n25_p0.5_idx6.gpickle,25,0.5,6,12,121,308,"[0, 1, 2, 3, 4, 5, 6, 7, 8, 9, 10, 11, 12, 13, 14, 15, 16, 17, 18, 19, 20, 21, 22, 23, 24]",1.6279461
./random_graph_db/graph_db_node_25/06_p0.5/06_graph_n25_p0.5_idx7.gpickle,25,0.5,7,12,119,277,"[0, 1, 2, 3, 4, 5, 6, 7, 8, 9, 10, 11, 12, 13, 14, 15, 16, 17, 18, 19, 20, 21, 22, 23, 24]",1.5474451
./random_graph_db/graph_db_node_25/06_p0.5/06_graph_n25_p0.5_idx8.gpickle,25,0.5,8,11,123,277,"[0, 1, 2, 3, 4, 5, 6, 7, 8, 9, 10, 11, 12, 13, 14, 15, 16, 17, 18, 19, 20, 21, 22, 23, 24]",1.5538759
./random_graph_db/graph_db_node_25/06_p0.5/06_graph_n25_p0.5_idx9.gpickle,25,0.5,9,11,101,234,"[0, 1, 2, 3, 4, 5, 6, 7, 8, 9, 10, 11, 12, 13, 14, 15, 16, 17, 18, 19, 20, 21, 22, 23, 24]",1.2728479
./random_graph_db/graph_db_node_25/07_p0.55/07_graph_n25_p0.55_idx1.gpickle,25,0.55,1,12,143,314,"[0, 1, 2, 3, 4, 5, 6, 7, 8, 9, 10, 11, 12, 13, 14, 15, 16, 17, 18, 19, 20, 21, 22, 23, 24]",1.6434822
./random_graph_db/graph_db_node_25/07_p0.55/07_graph_n25_p0.55_idx10.gpickle,25,0.55,10,12,109,250,"[0, 1, 2, 3, 4, 5, 6, 7, 8, 9, 10, 11, 12, 13, 14, 15, 16, 17, 18, 19, 20, 21, 22, 23, 24]",1.442868
./random_graph_db/graph_db_node_25/07_p0.55/07_graph_n25_p0.55_idx2.gpickle,25,0.55,2,12,125,280,"[0, 1, 2, 3, 4, 5, 6, 7, 8, 9, 10, 11, 12, 13, 14, 15, 16, 17, 18, 19, 20, 21, 22, 23, 24]",1.755645
./random_graph_db/graph_db_node_25/07_p0.55/07_graph_n25_p0.55_idx3.gpickle,25,0.55,3,12,139,310,"[0, 1, 2, 3, 4, 5, 6, 7, 8, 9, 10, 11, 12, 13, 14, 15, 16, 17, 18, 19, 20, 21, 22, 23, 24]",1.5694211
./random_graph_db/graph_db_node_25/07_p0.55/07_graph_n25_p0.55_idx4.gpickle,25,0.55,4,12,114,280,"[0, 1, 2, 3, 4, 5, 6, 7, 8, 9, 10, 11, 12, 13, 14, 15, 16, 17, 18, 19, 20, 21, 22, 23, 24]",1.44713
./random_graph_db/graph_db_node_25/07_p0.55/07_graph_n25_p0.55_idx5.gpickle,25,0.55,5,12,110,260,"[0, 1, 2, 3, 4, 5, 6, 7, 8, 9, 10, 11, 12, 13, 14, 15, 16, 17, 18, 19, 20, 21, 22, 23, 24]",1.3522282
./random_graph_db/graph_db_node_25/07_p0.55/07_graph_n25_p0.55_idx6.gpickle,25,0.55,6,12,117,265,"[0, 1, 2, 3, 4, 5, 6, 7, 8, 9, 10, 11, 12, 13, 14, 15, 16, 17, 18, 19, 20, 21, 22, 23, 24]",1.4535067
./random_graph_db/graph_db_node_25/07_p0.55/07_graph_n25_p0.55_idx7.gpickle,25,0.55,7,12,130,272,"[0, 1, 2, 3, 4, 5, 6, 7, 8, 9, 10, 11, 12, 13, 14, 15, 16, 17, 18, 19, 20, 21, 22, 23, 24]",1.4925091
./random_graph_db/graph_db_node_25/07_p0.55/07_graph_n25_p0.55_idx8.gpickle,25,0.55,8,12,144,315,"[0, 1, 2, 3, 4, 5, 6, 7, 8, 9, 10, 11, 12, 13, 14, 15, 16, 17, 18, 19, 20, 21, 22, 23, 24]",1.7064278
./random_graph_db/graph_db_node_25/07_p0.55/07_graph_n25_p0.55_idx9.gpickle,25,0.55,9,12,146,350,"[0, 1, 2, 3, 4, 5, 6, 7, 8, 9, 10, 11, 12, 13, 14, 15, 16, 17, 18, 19, 20, 21, 22, 23, 24]",1.6880622
./random_graph_db/graph_db_node_25/08_p0.6/08_graph_n25_p0.6_idx1.gpickle,25,0.6,1,12,129,277,"[0, 1, 2, 3, 4, 5, 6, 7, 8, 9, 10, 11, 12, 13, 14, 15, 16, 17, 18, 19, 20, 21, 22, 23, 24]",1.6598759
./random_graph_db/graph_db_node_25/08_p0.6/08_graph_n25_p0.6_idx10.gpickle,25,0.6,10,12,129,284,"[0, 1, 2, 3, 4, 5, 6, 7, 8, 9, 10, 11, 12, 13, 14, 15, 16, 17, 18, 19, 20, 21, 22, 23, 24]",1.7840331
./random_graph_db/graph_db_node_25/08_p0.6/08_graph_n25_p0.6_idx2.gpickle,25,0.6,2,12,129,299,"[0, 1, 2, 3, 4, 5, 6, 7, 8, 9, 10, 11, 12, 13, 14, 15, 16, 17, 18, 19, 20, 21, 22, 23, 24]",1.460726
./random_graph_db/graph_db_node_25/08_p0.6/08_graph_n25_p0.6_idx3.gpickle,25,0.6,3,11,115,271,"[0, 1, 2, 3, 4, 5, 6, 7, 8, 9, 10, 11, 12, 13, 14, 15, 16, 17, 18, 19, 20, 21, 22, 23, 24]",1.418433
./random_graph_db/graph_db_node_25/08_p0.6/08_graph_n25_p0.6_idx4.gpickle,25,0.6,4,11,133,299,"[0, 1, 2, 3, 4, 5, 6, 7, 8, 9, 10, 11, 12, 13, 14, 15, 16, 17, 18, 19, 20, 21, 22, 23, 24]",1.5509691
./random_graph_db/graph_db_node_25/08_p0.6/08_graph_n25_p0.6_idx5.gpickle,25,0.6,5,11,113,260,"[0, 1, 2, 3, 4, 5, 6, 7, 8, 9, 10, 11, 12, 13, 14, 15, 16, 17, 18, 19, 20, 21, 22, 23, 24]",1.4085398
./random_graph_db/graph_db_node_25/08_p0.6/08_graph_n25_p0.6_idx6.gpickle,25,0.6,6,12,118,276,"[0, 1, 2, 3, 4, 5, 6, 7, 8, 9, 10, 11, 12, 13, 14, 15, 16, 17, 18, 19, 20, 21, 22, 23, 24]",1.4692941
./random_graph_db/graph_db_node_25/08_p0.6/08_graph_n25_p0.6_idx7.gpickle,25,0.6,7,12,125,307,"[0, 1, 2, 3, 4, 5, 6, 7, 8, 9, 10, 11, 12, 13, 14, 15, 16, 17, 18, 19, 20, 21, 22, 23, 24]",1.5407422
./random_graph_db/graph_db_node_25/08_p0.6/08_graph_n25_p0.6_idx8.gpickle,25,0.6,8,12,112,260,"[0, 1, 2, 3, 4, 5, 6, 7, 8, 9, 10, 11, 12, 13, 14, 15, 16, 17, 18, 19, 20, 21, 22, 23, 24]",1.4190979
./random_graph_db/graph_db_node_25/08_p0.6/08_graph_n25_p0.6_idx9.gpickle,25,0.6,9,11,123,295,"[0, 1, 2, 3, 4, 5, 6, 7, 8, 9, 10, 11, 12, 13, 14, 15, 16, 17, 18, 19, 20, 21, 22, 23, 24]",1.4769442
./random_graph_db/graph_db_node_25/09_p0.65/09_graph_n25_p0.65_idx1.gpickle,25,0.65,1,11,102,250,"[0, 1, 2, 3, 4, 5, 6, 7, 8, 9, 10, 11, 12, 13, 14, 15, 16, 17, 18, 19, 20, 21, 22, 23, 24]",1.2614992
./random_graph_db/graph_db_node_25/09_p0.65/09_graph_n25_p0.65_idx10.gpickle,25,0.65,10,12,109,259,"[0, 1, 2, 3, 4, 5, 6, 7, 8, 9, 10, 11, 12, 13, 14, 15, 16, 17, 18, 19, 20, 21, 22, 23, 24]",1.352493
./random_graph_db/graph_db_node_25/09_p0.65/09_graph_n25_p0.65_idx2.gpickle,25,0.65,2,11,119,284,"[0, 1, 2, 3, 4, 5, 6, 7, 8, 9, 10, 11, 12, 13, 14, 15, 16, 17, 18, 19, 20, 21, 22, 23, 24]",1.7451272
./random_graph_db/graph_db_node_25/09_p0.65/09_graph_n25_p0.65_idx3.gpickle,25,0.65,3,12,122,285,"[0, 1, 2, 3, 4, 5, 6, 7, 8, 9, 10, 11, 12, 13, 14, 15, 16, 17, 18, 19, 20, 21, 22, 23, 24]",1.445322
./random_graph_db/graph_db_node_25/09_p0.65/09_graph_n25_p0.65_idx4.gpickle,25,0.65,4,12,111,263,"[0, 1, 2, 3, 4, 5, 6, 7, 8, 9, 10, 11, 12, 13, 14, 15, 16, 17, 18, 19, 20, 21, 22, 23, 24]",1.391295
./random_graph_db/graph_db_node_25/09_p0.65/09_graph_n25_p0.65_idx5.gpickle,25,0.65,5,12,110,272,"[0, 1, 2, 3, 4, 5, 6, 7, 8, 9, 10, 11, 12, 13, 14, 15, 16, 17, 18, 19, 20, 21, 22, 23, 24]",1.652405
./random_graph_db/graph_db_node_25/09_p0.65/09_graph_n25_p0.65_idx6.gpickle,25,0.65,6,12,155,368,"[0, 1, 2, 3, 4, 5, 6, 7, 8, 9, 10, 11, 12, 13, 14, 15, 16, 17, 18, 19, 20, 21, 22, 23, 24]",1.7712548
./random_graph_db/graph_db_node_25/09_p0.65/09_graph_n25_p0.65_idx7.gpickle,25,0.65,7,11,104,256,"[0, 1, 2, 3, 4, 5, 6, 7, 8, 9, 10, 11, 12, 13, 14, 15, 16, 17, 18, 19, 20, 21, 22, 23, 24]",1.3347199
./random_graph_db/graph_db_node_25/09_p0.65/09_graph_n25_p0.65_idx8.gpickle,25,0.65,8,12,132,289,"[0, 1, 2, 3, 4, 5, 6, 7, 8, 9, 10, 11, 12, 13, 14, 15, 16, 17, 18, 19, 20, 21, 22, 23, 24]",1.5626819
./random_graph_db/graph_db_node_25/09_p0.65/09_graph_n25_p0.65_idx9.gpickle,25,0.65,9,12,111,245,"[0, 1, 2, 3, 4, 5, 6, 7, 8, 9, 10, 11, 12, 13, 14, 15, 16, 17, 18, 19, 20, 21, 22, 23, 24]",1.3588929
./random_graph_db/graph_db_node_25/10_p0.7/10_graph_n25_p0.7_idx1.gpickle,25,0.7,1,11,117,258,"[0, 1, 2, 3, 4, 5, 6, 7, 8, 9, 10, 11, 12, 13, 14, 15, 16, 17, 18, 19, 20, 21, 22, 23, 24]",1.3167701
./random_graph_db/graph_db_node_25/10_p0.7/10_graph_n25_p0.7_idx10.gpickle,25,0.7,10,12,137,318,"[0, 1, 2, 3, 4, 5, 6, 7, 8, 9, 10, 11, 12, 13, 14, 15, 16, 17, 18, 19, 20, 21, 22, 23, 24]",1.8937621
./random_graph_db/graph_db_node_25/10_p0.7/10_graph_n25_p0.7_idx2.gpickle,25,0.7,2,12,124,283,"[0, 1, 2, 3, 4, 5, 6, 7, 8, 9, 10, 11, 12, 13, 14, 15, 16, 17, 18, 19, 20, 21, 22, 23, 24]",1.4727941
./random_graph_db/graph_db_node_25/10_p0.7/10_graph_n25_p0.7_idx3.gpickle,25,0.7,3,12,130,297,"[0, 1, 2, 3, 4, 5, 6, 7, 8, 9, 10, 11, 12, 13, 14, 15, 16, 17, 18, 19, 20, 21, 22, 23, 24]",1.5557771
./random_graph_db/graph_db_node_25/10_p0.7/10_graph_n25_p0.7_idx4.gpickle,25,0.7,4,12,132,324,"[0, 1, 2, 3, 4, 5, 6, 7, 8, 9, 10, 11, 12, 13, 14, 15, 16, 17, 18, 19, 20, 21, 22, 23, 24]",1.5584931
./random_graph_db/graph_db_node_25/10_p0.7/10_graph_n25_p0.7_idx5.gpickle,25,0.7,5,12,124,281,"[0, 1, 2, 3, 4, 5, 6, 7, 8, 9, 10, 11, 12, 13, 14, 15, 16, 17, 18, 19, 20, 21, 22, 23, 24]",1.4932199
./random_graph_db/graph_db_node_25/10_p0.7/10_graph_n25_p0.7_idx6.gpickle,25,0.7,6,12,125,279,"[0, 1, 2, 3, 4, 5, 6, 7, 8, 9, 10, 11, 12, 13, 14, 15, 16, 17, 18, 19, 20, 21, 22, 23, 24]",1.4490659
./random_graph_db/graph_db_node_25/10_p0.7/10_graph_n25_p0.7_idx7.gpickle,25,0.7,7,12,124,282,"[0, 1, 2, 3, 4, 5, 6, 7, 8, 9, 10, 11, 12, 13, 14, 15, 16, 17, 18, 19, 20, 21, 22, 23, 24]",1.4572849
./random_graph_db/graph_db_node_25/10_p0.7/10_graph_n25_p0.7_idx8.gpickle,25,0.7,8,12,123,286,"[0, 1, 2, 3, 4, 5, 6, 7, 8, 9, 10, 11, 12, 13, 14, 15, 16, 17, 18, 19, 20, 21, 22, 23, 24]",1.666821
./random_graph_db/graph_db_node_25/10_p0.7/10_graph_n25_p0.7_idx9.gpickle,25,0.7,9,12,142,338,"[0, 1, 2, 3, 4, 5, 6, 7, 8, 9, 10, 11, 12, 13, 14, 15, 16, 17, 18, 19, 20, 21, 22, 23, 24]",1.7942829
./random_graph_db/graph_db_node_25/11_p0.8/11_graph_n25_p0.8_idx1.gpickle,25,0.8,1,11,69,175,"[0, 1, 2, 3, 4, 5, 6, 7, 8, 9, 10, 11, 12, 13, 14, 15, 16, 17, 18, 19, 20, 21, 22, 23, 24]",1.068202
./random_graph_db/graph_db_node_25/11_p0.8/11_graph_n25_p0.8_idx10.gpickle,25,0.8,10,12,107,240,"[0, 1, 2, 3, 4, 5, 6, 7, 8, 9, 10, 11, 12, 13, 14, 15, 16, 17, 18, 19, 20, 21, 22, 23, 24]",1.3167419
./random_graph_db/graph_db_node_25/11_p0.8/11_graph_n25_p0.8_idx2.gpickle,25,0.8,2,11,83,215,"[0, 1, 2, 3, 4, 5, 6, 7, 8, 9, 10, 11, 12, 13, 14, 15, 16, 17, 18, 19, 20, 21, 22, 23, 24]",1.2159269
./random_graph_db/graph_db_node_25/11_p0.8/11_graph_n25_p0.8_idx3.gpickle,25,0.8,3,12,103,223,"[0, 1, 2, 3, 4, 5, 6, 7, 8, 9, 10, 11, 12, 13, 14, 15, 16, 17, 18, 19, 20, 21, 22, 23, 24]",1.3182049
./random_graph_db/graph_db_node_25/11_p0.8/11_graph_n25_p0.8_idx4.gpickle,25,0.8,4,11,101,266,"[0, 1, 2, 3, 4, 5, 6, 7, 8, 9, 10, 11, 12, 13, 14, 15, 16, 17, 18, 19, 20, 21, 22, 23, 24]",1.3408389
./random_graph_db/graph_db_node_25/11_p0.8/11_graph_n25_p0.8_idx5.gpickle,25,0.8,5,11,84,218,"[0, 1, 2, 3, 4, 5, 6, 7, 8, 9, 10, 11, 12, 13, 14, 15, 16, 17, 18, 19, 20, 21, 22, 23, 24]",1.1076908
./random_graph_db/graph_db_node_25/11_p0.8/11_graph_n25_p0.8_idx6.gpickle,25,0.8,6,12,60,160,"[0, 1, 2, 3, 4, 5, 6, 7, 8, 9, 10, 11, 12, 13, 14, 15, 16, 17, 18, 19, 20, 21, 22, 23, 24]",1.0784349
./random_graph_db/graph_db_node_25/11_p0.8/11_graph_n25_p0.8_idx7.gpickle,25,0.8,7,11,80,195,"[0, 1, 2, 3, 4, 5, 6, 7, 8, 9, 10, 11, 12, 13, 14, 15, 16, 17, 18, 19, 20, 21, 22, 23, 24]",0.982688
./random_graph_db/graph_db_node_25/11_p0.8/11_graph_n25_p0.8_idx8.gpickle,25,0.8,8,11,91,207,"[0, 1, 2, 3, 4, 5, 6, 7, 8, 9, 10, 11, 12, 13, 14, 15, 16, 17, 18, 19, 20, 21, 22, 23, 24]",1.1676168
./random_graph_db/graph_db_node_25/11_p0.8/11_graph_n25_p0.8_idx9.gpickle,25,0.8,9,11,96,238,"[0, 1, 2, 3, 4, 5, 6, 7, 8, 9, 10, 11, 12, 13, 14, 15, 16, 17, 18, 19, 20, 21, 22, 23, 24]",1.3043032
./random_graph_db/graph_db_node_25/12_p0.9/12_graph_n25_p0.9_idx1.gpickle,25,0.9,1,8,43,110,"[0, 1, 2, 3, 4, 5, 6, 7, 8, 9, 10, 11, 12, 13, 14, 15, 16, 17, 18, 19, 20, 21, 22, 23, 24]",0.6529229
./random_graph_db/graph_db_node_25/12_p0.9/12_graph_n25_p0.9_idx10.gpickle,25,0.9,10,10,42,109,"[0, 1, 2, 3, 4, 5, 6, 7, 8, 9, 10, 11, 12, 13, 14, 15, 16, 17, 18, 19, 20, 21, 22, 23, 24]",1.0136299
./random_graph_db/graph_db_node_25/12_p0.9/12_graph_n25_p0.9_idx2.gpickle,25,0.9,2,9,28,88,"[0, 1, 2, 3, 4, 5, 6, 7, 8, 9, 10, 11, 12, 13, 14, 15, 16, 17, 18, 19, 20, 21, 22, 23, 24]",0.5812953
./random_graph_db/graph_db_node_25/12_p0.9/12_graph_n25_p0.9_idx3.gpickle,25,0.9,3,12,78,179,"[0, 1, 2, 3, 4, 5, 6, 7, 8, 9, 10, 11, 12, 13, 14, 15, 16, 17, 18, 19, 20, 21, 22, 23, 24]",0.9883411
./random_graph_db/graph_db_node_25/12_p0.9/12_graph_n25_p0.9_idx4.gpickle,25,0.9,4,11,68,174,"[0, 1, 2, 3, 4, 5, 6, 7, 8, 9, 10, 11, 12, 13, 14, 15, 16, 17, 18, 19, 20, 21, 22, 23, 24]",0.925806
./random_graph_db/graph_db_node_25/12_p0.9/12_graph_n25_p0.9_idx5.gpickle,25,0.9,5,10,28,92,"[0, 1, 2, 3, 4, 5, 6, 7, 8, 9, 10, 11, 12, 13, 14, 15, 16, 17, 18, 19, 20, 21, 22, 23, 24]",0.5817661
./random_graph_db/graph_db_node_25/12_p0.9/12_graph_n25_p0.9_idx6.gpickle,25,0.9,6,10,41,117,"[0, 1, 2, 3, 4, 5, 6, 7, 8, 9, 10, 11, 12, 13, 14, 15, 16, 17, 18, 19, 20, 21, 22, 23, 24]",0.6449921
./random_graph_db/graph_db_node_25/12_p0.9/12_graph_n25_p0.9_idx7.gpickle,25,0.9,7,8,37,113,"[0, 1, 2, 3, 4, 5, 6, 7, 8, 9, 10, 11, 12, 13, 14, 15, 16, 17, 18, 19, 20, 21, 22, 23, 24]",0.6584251
./random_graph_db/graph_db_node_25/12_p0.9/12_graph_n25_p0.9_idx8.gpickle,25,0.9,8,11,48,119,"[0, 1, 2, 3, 4, 5, 6, 7, 8, 9, 10, 11, 12, 13, 14, 15, 16, 17, 18, 19, 20, 21, 22, 23, 24]",0.8343768
./random_graph_db/graph_db_node_25/12_p0.9/12_graph_n25_p0.9_idx9.gpickle,25,0.9,9,10,55,145,"[0, 1, 2, 3, 4, 5, 6, 7, 8, 9, 10, 11, 12, 13, 14, 15, 16, 17, 18, 19, 20, 21, 22, 23, 24]",0.901747
./random_graph_db/graph_db_node_26/01_p0.1/01_graph_n26_p0.1_idx1.gpickle,26,0.1,1,11,33,98,"[0, 1, 2, 3, 4, 5, 6, 7, 8, 9, 10, 11, 12, 13, 14, 15, 16, 17, 18, 19, 20, 21, 22, 23, 24, 25]",0.7523348
./random_graph_db/graph_db_node_26/01_p0.1/01_graph_n26_p0.1_idx10.gpickle,26,0.1,10,6,13,68,"[0, 1, 2, 3, 4, 5, 6, 7, 8, 9, 10, 11, 12, 13, 14, 15, 16, 17, 18, 19, 20, 21, 22, 23, 24, 25]",0.329525
./random_graph_db/graph_db_node_26/01_p0.1/01_graph_n26_p0.1_idx2.gpickle,26,0.1,2,9,14,55,"[0, 1, 2, 3, 4, 5, 6, 7, 8, 9, 10, 11, 12, 13, 14, 15, 16, 17, 18, 19, 20, 21, 22, 23, 24, 25]",0.4286602
./random_graph_db/graph_db_node_26/01_p0.1/01_graph_n26_p0.1_idx3.gpickle,26,0.1,3,9,23,69,"[0, 1, 2, 3, 4, 5, 6, 7, 8, 9, 10, 11, 12, 13, 14, 15, 16, 17, 18, 19, 20, 21, 22, 23, 24, 25]",0.4901178
./random_graph_db/graph_db_node_26/01_p0.1/01_graph_n26_p0.1_idx4.gpickle,26,0.1,4,10,22,70,"[0, 1, 2, 3, 4, 5, 6, 7, 8, 9, 10, 11, 12, 13, 14, 15, 16, 17, 18, 19, 20, 21, 22, 23, 24, 25]",0.516155
./random_graph_db/graph_db_node_26/01_p0.1/01_graph_n26_p0.1_idx5.gpickle,26,0.1,5,9,20,70,"[0, 1, 2, 3, 4, 5, 6, 7, 8, 9, 10, 11, 12, 13, 14, 15, 16, 17, 18, 19, 20, 21, 22, 23, 24, 25]",0.5209401
./random_graph_db/graph_db_node_26/01_p0.1/01_graph_n26_p0.1_idx6.gpickle,26,0.1,6,9,38,112,"[0, 1, 2, 3, 4, 5, 6, 7, 8, 9, 10, 11, 12, 13, 14, 15, 16, 17, 18, 19, 20, 21, 22, 23, 24, 25]",0.6645222
./random_graph_db/graph_db_node_26/01_p0.1/01_graph_n26_p0.1_idx7.gpickle,26,0.1,7,9,17,62,"[0, 1, 2, 3, 4, 5, 6, 7, 8, 9, 10, 11, 12, 13, 14, 15, 16, 17, 18, 19, 20, 21, 22, 23, 24, 25]",0.4763751
./random_graph_db/graph_db_node_26/01_p0.1/01_graph_n26_p0.1_idx8.gpickle,26,0.1,8,10,34,96,"[0, 1, 2, 3, 4, 5, 6, 7, 8, 9, 10, 11, 12, 13, 14, 15, 16, 17, 18, 19, 20, 21, 22, 23, 24, 25]",0.5976291
./random_graph_db/graph_db_node_26/01_p0.1/01_graph_n26_p0.1_idx9.gpickle,26,0.1,9,9,49,132,"[0, 1, 2, 3, 4, 5, 6, 7, 8, 9, 10, 11, 12, 13, 14, 15, 16, 17, 18, 19, 20, 21, 22, 23, 24, 25]",0.8624072
./random_graph_db/graph_db_node_26/02_p0.2/02_graph_n26_p0.2_idx1.gpickle,26,0.2,1,10,62,159,"[0, 1, 2, 3, 4, 5, 6, 7, 8, 9, 10, 11, 12, 13, 14, 15, 16, 17, 18, 19, 20, 21, 22, 23, 24, 25]",0.9089272
./random_graph_db/graph_db_node_26/02_p0.2/02_graph_n26_p0.2_idx10.gpickle,26,0.2,10,12,85,182,"[0, 1, 2, 3, 4, 5, 6, 7, 8, 9, 10, 11, 12, 13, 14, 15, 16, 17, 18, 19, 20, 21, 22, 23, 24, 25]",1.1354179
./random_graph_db/graph_db_node_26/02_p0.2/02_graph_n26_p0.2_idx2.gpickle,26,0.2,2,10,72,182,"[0, 1, 2, 3, 4, 5, 6, 7, 8, 9, 10, 11, 12, 13, 14, 15, 16, 17, 18, 19, 20, 21, 22, 23, 24, 25]",1.1693239
./random_graph_db/graph_db_node_26/02_p0.2/02_graph_n26_p0.2_idx3.gpickle,26,0.2,3,12,89,214,"[0, 1, 2, 3, 4, 5, 6, 7, 8, 9, 10, 11, 12, 13, 14, 15, 16, 17, 18, 19, 20, 21, 22, 23, 24, 25]",1.3206789
./random_graph_db/graph_db_node_26/02_p0.2/02_graph_n26_p0.2_idx4.gpickle,26,0.2,4,11,52,138,"[0, 1, 2, 3, 4, 5, 6, 7, 8, 9, 10, 11, 12, 13, 14, 15, 16, 17, 18, 19, 20, 21, 22, 23, 24, 25]",0.8451061
./random_graph_db/graph_db_node_26/02_p0.2/02_graph_n26_p0.2_idx5.gpickle,26,0.2,5,9,65,183,"[0, 1, 2, 3, 4, 5, 6, 7, 8, 9, 10, 11, 12, 13, 14, 15, 16, 17, 18, 19, 20, 21, 22, 23, 24, 25]",0.9963031
./random_graph_db/graph_db_node_26/02_p0.2/02_graph_n26_p0.2_idx6.gpickle,26,0.2,6,10,60,157,"[0, 1, 2, 3, 4, 5, 6, 7, 8, 9, 10, 11, 12, 13, 14, 15, 16, 17, 18, 19, 20, 21, 22, 23, 24, 25]",0.9622781
./random_graph_db/graph_db_node_26/02_p0.2/02_graph_n26_p0.2_idx7.gpickle,26,0.2,7,11,75,201,"[0, 1, 2, 3, 4, 5, 6, 7, 8, 9, 10, 11, 12, 13, 14, 15, 16, 17, 18, 19, 20, 21, 22, 23, 24, 25]",1.4632368
./random_graph_db/graph_db_node_26/02_p0.2/02_graph_n26_p0.2_idx8.gpickle,26,0.2,8,10,61,169,"[0, 1, 2, 3, 4, 5, 6, 7, 8, 9, 10, 11, 12, 13, 14, 15, 16, 17, 18, 19, 20, 21, 22, 23, 24, 25]",0.9036121
./random_graph_db/graph_db_node_26/02_p0.2/02_graph_n26_p0.2_idx9.gpickle,26,0.2,9,12,85,216,"[0, 1, 2, 3, 4, 5, 6, 7, 8, 9, 10, 11, 12, 13, 14, 15, 16, 17, 18, 19, 20, 21, 22, 23, 24, 25]",1.24437
./random_graph_db/graph_db_node_26/03_p0.3/03_graph_n26_p0.3_idx1.gpickle,26,0.3,1,13,127,308,"[0, 1, 2, 3, 4, 5, 6, 7, 8, 9, 10, 11, 12, 13, 14, 15, 16, 17, 18, 19, 20, 21, 22, 23, 24, 25]",1.5619011
./random_graph_db/graph_db_node_26/03_p0.3/03_graph_n26_p0.3_idx10.gpickle,26,0.3,10,13,133,321,"[0, 1, 2, 3, 4, 5, 6, 7, 8, 9, 10, 11, 12, 13, 14, 15, 16, 17, 18, 19, 20, 21, 22, 23, 24, 25]",1.5682142
./random_graph_db/graph_db_node_26/03_p0.3/03_graph_n26_p0.3_idx2.gpickle,26,0.3,2,12,114,259,"[0, 1, 2, 3, 4, 5, 6, 7, 8, 9, 10, 11, 12, 13, 14, 15, 16, 17, 18, 19, 20, 21, 22, 23, 24, 25]",1.5020993
./random_graph_db/graph_db_node_26/03_p0.3/03_graph_n26_p0.3_idx3.gpickle,26,0.3,3,12,130,296,"[0, 1, 2, 3, 4, 5, 6, 7, 8, 9, 10, 11, 12, 13, 14, 15, 16, 17, 18, 19, 20, 21, 22, 23, 24, 25]",1.6511843
./random_graph_db/graph_db_node_26/03_p0.3/03_graph_n26_p0.3_idx4.gpickle,26,0.3,4,12,104,240,"[0, 1, 2, 3, 4, 5, 6, 7, 8, 9, 10, 11, 12, 13, 14, 15, 16, 17, 18, 19, 20, 21, 22, 23, 24, 25]",1.4267609
./random_graph_db/graph_db_node_26/03_p0.3/03_graph_n26_p0.3_idx5.gpickle,26,0.3,5,13,126,276,"[0, 1, 2, 3, 4, 5, 6, 7, 8, 9, 10, 11, 12, 13, 14, 15, 16, 17, 18, 19, 20, 21, 22, 23, 24, 25]",1.5395918
./random_graph_db/graph_db_node_26/03_p0.3/03_graph_n26_p0.3_idx6.gpickle,26,0.3,6,13,109,264,"[0, 1, 2, 3, 4, 5, 6, 7, 8, 9, 10, 11, 12, 13, 14, 15, 16, 17, 18, 19, 20, 21, 22, 23, 24, 25]",1.8192019
./random_graph_db/graph_db_node_26/03_p0.3/03_graph_n26_p0.3_idx7.gpickle,26,0.3,7,12,119,278,"[0, 1, 2, 3, 4, 5, 6, 7, 8, 9, 10, 11, 12, 13, 14, 15, 16, 17, 18, 19, 20, 21, 22, 23, 24, 25]",1.5702651
./random_graph_db/graph_db_node_26/03_p0.3/03_graph_n26_p0.3_idx8.gpickle,26,0.3,8,12,111,270,"[0, 1, 2, 3, 4, 5, 6, 7, 8, 9, 10, 11, 12, 13, 14, 15, 16, 17, 18, 19, 20, 21, 22, 23, 24, 25]",1.6177411
./random_graph_db/graph_db_node_26/03_p0.3/03_graph_n26_p0.3_idx9.gpickle,26,0.3,9,12,107,276,"[0, 1, 2, 3, 4, 5, 6, 7, 8, 9, 10, 11, 12, 13, 14, 15, 16, 17, 18, 19, 20, 21, 22, 23, 24, 25]",1.4005098
./random_graph_db/graph_db_node_26/04_p0.4/04_graph_n26_p0.4_idx1.gpickle,26,0.4,1,13,154,352,"[0, 1, 2, 3, 4, 5, 6, 7, 8, 9, 10, 11, 12, 13, 14, 15, 16, 17, 18, 19, 20, 21, 22, 23, 24, 25]",1.850852
./random_graph_db/graph_db_node_26/04_p0.4/04_graph_n26_p0.4_idx10.gpickle,26,0.4,10,12,128,306,"[0, 1, 2, 3, 4, 5, 6, 7, 8, 9, 10, 11, 12, 13, 14, 15, 16, 17, 18, 19, 20, 21, 22, 23, 24, 25]",1.6599941
./random_graph_db/graph_db_node_26/04_p0.4/04_graph_n26_p0.4_idx2.gpickle,26,0.4,2,13,162,346,"[0, 1, 2, 3, 4, 5, 6, 7, 8, 9, 10, 11, 12, 13, 14, 15, 16, 17, 18, 19, 20, 21, 22, 23, 24, 25]",1.8690639
./random_graph_db/graph_db_node_26/04_p0.4/04_graph_n26_p0.4_idx3.gpickle,26,0.4,3,12,140,311,"[0, 1, 2, 3, 4, 5, 6, 7, 8, 9, 10, 11, 12, 13, 14, 15, 16, 17, 18, 19, 20, 21, 22, 23, 24, 25]",1.9195251
./random_graph_db/graph_db_node_26/04_p0.4/04_graph_n26_p0.4_idx4.gpickle,26,0.4,4,12,139,331,"[0, 1, 2, 3, 4, 5, 6, 7, 8, 9, 10, 11, 12, 13, 14, 15, 16, 17, 18, 19, 20, 21, 22, 23, 24, 25]",1.8080709
./random_graph_db/graph_db_node_26/04_p0.4/04_graph_n26_p0.4_idx5.gpickle,26,0.4,5,13,128,290,"[0, 1, 2, 3, 4, 5, 6, 7, 8, 9, 10, 11, 12, 13, 14, 15, 16, 17, 18, 19, 20, 21, 22, 23, 24, 25]",1.699861
./random_graph_db/graph_db_node_26/04_p0.4/04_graph_n26_p0.4_idx6.gpickle,26,0.4,6,13,125,282,"[0, 1, 2, 3, 4, 5, 6, 7, 8, 9, 10, 11, 12, 13, 14, 15, 16, 17, 18, 19, 20, 21, 22, 23, 24, 25]",1.5773151
./random_graph_db/graph_db_node_26/04_p0.4/04_graph_n26_p0.4_idx7.gpickle,26,0.4,7,12,136,301,"[0, 1, 2, 3, 4, 5, 6, 7, 8, 9, 10, 11, 12, 13, 14, 15, 16, 17, 18, 19, 20, 21, 22, 23, 24, 25]",1.733439
./random_graph_db/graph_db_node_26/04_p0.4/04_graph_n26_p0.4_idx8.gpickle,26,0.4,8,13,137,324,"[0, 1, 2, 3, 4, 5, 6, 7, 8, 9, 10, 11, 12, 13, 14, 15, 16, 17, 18, 19, 20, 21, 22, 23, 24, 25]",1.6707761
./random_graph_db/graph_db_node_26/04_p0.4/04_graph_n26_p0.4_idx9.gpickle,26,0.4,9,12,124,297,"[0, 1, 2, 3, 4, 5, 6, 7, 8, 9, 10, 11, 12, 13, 14, 15, 16, 17, 18, 19, 20, 21, 22, 23, 24, 25]",1.9896359
./random_graph_db/graph_db_node_26/05_p0.45/05_graph_n26_p0.45_idx1.gpickle,26,0.45,1,12,139,308,"[0, 1, 2, 3, 4, 5, 6, 7, 8, 9, 10, 11, 12, 13, 14, 15, 16, 17, 18, 19, 20, 21, 22, 23, 24, 25]",1.796747
./random_graph_db/graph_db_node_26/05_p0.45/05_graph_n26_p0.45_idx10.gpickle,26,0.45,10,12,146,334,"[0, 1, 2, 3, 4, 5, 6, 7, 8, 9, 10, 11, 12, 13, 14, 15, 16, 17, 18, 19, 20, 21, 22, 23, 24, 25]",1.6500649
./random_graph_db/graph_db_node_26/05_p0.45/05_graph_n26_p0.45_idx2.gpickle,26,0.45,2,12,139,329,"[0, 1, 2, 3, 4, 5, 6, 7, 8, 9, 10, 11, 12, 13, 14, 15, 16, 17, 18, 19, 20, 21, 22, 23, 24, 25]",2.025032
./random_graph_db/graph_db_node_26/05_p0.45/05_graph_n26_p0.45_idx3.gpickle,26,0.45,3,13,140,317,"[0, 1, 2, 3, 4, 5, 6, 7, 8, 9, 10, 11, 12, 13, 14, 15, 16, 17, 18, 19, 20, 21, 22, 23, 24, 25]",1.6264122
./random_graph_db/graph_db_node_26/05_p0.45/05_graph_n26_p0.45_idx4.gpickle,26,0.45,4,12,131,312,"[0, 1, 2, 3, 4, 5, 6, 7, 8, 9, 10, 11, 12, 13, 14, 15, 16, 17, 18, 19, 20, 21, 22, 23, 24, 25]",1.731528
./random_graph_db/graph_db_node_26/05_p0.45/05_graph_n26_p0.45_idx5.gpickle,26,0.45,5,12,144,323,"[0, 1, 2, 3, 4, 5, 6, 7, 8, 9, 10, 11, 12, 13, 14, 15, 16, 17, 18, 19, 20, 21, 22, 23, 24, 25]",1.7349989
./random_graph_db/graph_db_node_26/05_p0.45/05_graph_n26_p0.45_idx6.gpickle,26,0.45,6,12,148,336,"[0, 1, 2, 3, 4, 5, 6, 7, 8, 9, 10, 11, 12, 13, 14, 15, 16, 17, 18, 19, 20, 21, 22, 23, 24, 25]",1.826889
./random_graph_db/graph_db_node_26/05_p0.45/05_graph_n26_p0.45_idx7.gpickle,26,0.45,7,11,120,300,"[0, 1, 2, 3, 4, 5, 6, 7, 8, 9, 10, 11, 12, 13, 14, 15, 16, 17, 18, 19, 20, 21, 22, 23, 24, 25]",1.8333511
./random_graph_db/graph_db_node_26/05_p0.45/05_graph_n26_p0.45_idx8.gpickle,26,0.45,8,12,126,280,"[0, 1, 2, 3, 4, 5, 6, 7, 8, 9, 10, 11, 12, 13, 14, 15, 16, 17, 18, 19, 20, 21, 22, 23, 24, 25]",1.6506002
./random_graph_db/graph_db_node_26/05_p0.45/05_graph_n26_p0.45_idx9.gpickle,26,0.45,9,13,132,306,"[0, 1, 2, 3, 4, 5, 6, 7, 8, 9, 10, 11, 12, 13, 14, 15, 16, 17, 18, 19, 20, 21, 22, 23, 24, 25]",1.7000039
./random_graph_db/graph_db_node_26/06_p0.5/06_graph_n26_p0.5_idx1.gpickle,26,0.5,1,12,128,291,"[0, 1, 2, 3, 4, 5, 6, 7, 8, 9, 10, 11, 12, 13, 14, 15, 16, 17, 18, 19, 20, 21, 22, 23, 24, 25]",1.5515022
./random_graph_db/graph_db_node_26/06_p0.5/06_graph_n26_p0.5_idx10.gpickle,26,0.5,10,12,126,299,"[0, 1, 2, 3, 4, 5, 6, 7, 8, 9, 10, 11, 12, 13, 14, 15, 16, 17, 18, 19, 20, 21, 22, 23, 24, 25]",1.9385412
./random_graph_db/graph_db_node_26/06_p0.5/06_graph_n26_p0.5_idx2.gpickle,26,0.5,2,12,130,296,"[0, 1, 2, 3, 4, 5, 6, 7, 8, 9, 10, 11, 12, 13, 14, 15, 16, 17, 18, 19, 20, 21, 22, 23, 24, 25]",1.6909792
./random_graph_db/graph_db_node_26/06_p0.5/06_graph_n26_p0.5_idx3.gpickle,26,0.5,3,12,146,350,"[0, 1, 2, 3, 4, 5, 6, 7, 8, 9, 10, 11, 12, 13, 14, 15, 16, 17, 18, 19, 20, 21, 22, 23, 24, 25]",1.790664
./random_graph_db/graph_db_node_26/06_p0.5/06_graph_n26_p0.5_idx4.gpickle,26,0.5,4,12,136,295,"[0, 1, 2, 3, 4, 5, 6, 7, 8, 9, 10, 11, 12, 13, 14, 15, 16, 17, 18, 19, 20, 21, 22, 23, 24, 25]",1.6451759
./random_graph_db/graph_db_node_26/06_p0.5/06_graph_n26_p0.5_idx5.gpickle,26,0.5,5,12,139,310,"[0, 1, 2, 3, 4, 5, 6, 7, 8, 9, 10, 11, 12, 13, 14, 15, 16, 17, 18, 19, 20, 21, 22, 23, 24, 25]",1.6858902
./random_graph_db/graph_db_node_26/06_p0.5/06_graph_n26_p0.5_idx6.gpickle,26,0.5,6,12,113,276,"[0, 1, 2, 3, 4, 5, 6, 7, 8, 9, 10, 11, 12, 13, 14, 15, 16, 17, 18, 19, 20, 21, 22, 23, 24, 25]",1.4717929
./random_graph_db/graph_db_node_26/06_p0.5/06_graph_n26_p0.5_idx7.gpickle,26,0.5,7,12,142,335,"[0, 1, 2, 3, 4, 5, 6, 7, 8, 9, 10, 11, 12, 13, 14, 15, 16, 17, 18, 19, 20, 21, 22, 23, 24, 25]",1.7671158
./random_graph_db/graph_db_node_26/06_p0.5/06_graph_n26_p0.5_idx8.gpickle,26,0.5,8,13,135,335,"[0, 1, 2, 3, 4, 5, 6, 7, 8, 9, 10, 11, 12, 13, 14, 15, 16, 17, 18, 19, 20, 21, 22, 23, 24, 25]",1.6516821
./random_graph_db/graph_db_node_26/06_p0.5/06_graph_n26_p0.5_idx9.gpickle,26,0.5,9,12,117,283,"[0, 1, 2, 3, 4, 5, 6, 7, 8, 9, 10, 11, 12, 13, 14, 15, 16, 17, 18, 19, 20, 21, 22, 23, 24, 25]",1.5248749
./random_graph_db/graph_db_node_26/07_p0.55/07_graph_n26_p0.55_idx1.gpickle,26,0.55,1,12,145,356,"[0, 1, 2, 3, 4, 5, 6, 7, 8, 9, 10, 11, 12, 13, 14, 15, 16, 17, 18, 19, 20, 21, 22, 23, 24, 25]",2.1072659
./random_graph_db/graph_db_node_26/07_p0.55/07_graph_n26_p0.55_idx10.gpickle,26,0.55,10,12,130,280,"[0, 1, 2, 3, 4, 5, 6, 7, 8, 9, 10, 11, 12, 13, 14, 15, 16, 17, 18, 19, 20, 21, 22, 23, 24, 25]",1.7354209
./random_graph_db/graph_db_node_26/07_p0.55/07_graph_n26_p0.55_idx2.gpickle,26,0.55,2,12,138,300,"[0, 1, 2, 3, 4, 5, 6, 7, 8, 9, 10, 11, 12, 13, 14, 15, 16, 17, 18, 19, 20, 21, 22, 23, 24, 25]",1.691509
./random_graph_db/graph_db_node_26/07_p0.55/07_graph_n26_p0.55_idx3.gpickle,26,0.55,3,12,137,329,"[0, 1, 2, 3, 4, 5, 6, 7, 8, 9, 10, 11, 12, 13, 14, 15, 16, 17, 18, 19, 20, 21, 22, 23, 24, 25]",1.7001181
./random_graph_db/graph_db_node_26/07_p0.55/07_graph_n26_p0.55_idx4.gpickle,26,0.55,4,13,134,318,"[0, 1, 2, 3, 4, 5, 6, 7, 8, 9, 10, 11, 12, 13, 14, 15, 16, 17, 18, 19, 20, 21, 22, 23, 24, 25]",2.093003
./random_graph_db/graph_db_node_26/07_p0.55/07_graph_n26_p0.55_idx5.gpickle,26,0.55,5,12,136,314,"[0, 1, 2, 3, 4, 5, 6, 7, 8, 9, 10, 11, 12, 13, 14, 15, 16, 17, 18, 19, 20, 21, 22, 23, 24, 25]",1.7729108
./random_graph_db/graph_db_node_26/07_p0.55/07_graph_n26_p0.55_idx6.gpickle,26,0.55,6,12,125,295,"[0, 1, 2, 3, 4, 5, 6, 7, 8, 9, 10, 11, 12, 13, 14, 15, 16, 17, 18, 19, 20, 21, 22, 23, 24, 25]",1.676074
./random_graph_db/graph_db_node_26/07_p0.55/07_graph_n26_p0.55_idx7.gpickle,26,0.55,7,12,144,321,"[0, 1, 2, 3, 4, 5, 6, 7, 8, 9, 10, 11, 12, 13, 14, 15, 16, 17, 18, 19, 20, 21, 22, 23, 24, 25]",1.7118542
./random_graph_db/graph_db_node_26/07_p0.55/07_graph_n26_p0.55_idx8.gpickle,26,0.55,8,12,112,262,"[0, 1, 2, 3, 4, 5, 6, 7, 8, 9, 10, 11, 12, 13, 14, 15, 16, 17, 18, 19, 20, 21, 22, 23, 24, 25]",1.5173821
./random_graph_db/graph_db_node_26/07_p0.55/07_graph_n26_p0.55_idx9.gpickle,26,0.55,9,12,146,336,"[0, 1, 2, 3, 4, 5, 6, 7, 8, 9, 10, 11, 12, 13, 14, 15, 16, 17, 18, 19, 20, 21, 22, 23, 24, 25]",1.9006081
./random_graph_db/graph_db_node_26/08_p0.6/08_graph_n26_p0.6_idx1.gpickle,26,0.6,1,12,120,276,"[0, 1, 2, 3, 4, 5, 6, 7, 8, 9, 10, 11, 12, 13, 14, 15, 16, 17, 18, 19, 20, 21, 22, 23, 24, 25]",1.6855569
./random_graph_db/graph_db_node_26/08_p0.6/08_graph_n26_p0.6_idx10.gpickle,26,0.6,10,12,126,292,"[0, 1, 2, 3, 4, 5, 6, 7, 8, 9, 10, 11, 12, 13, 14, 15, 16, 17, 18, 19, 20, 21, 22, 23, 24, 25]",1.753072
./random_graph_db/graph_db_node_26/08_p0.6/08_graph_n26_p0.6_idx2.gpickle,26,0.6,2,13,149,320,"[0, 1, 2, 3, 4, 5, 6, 7, 8, 9, 10, 11, 12, 13, 14, 15, 16, 17, 18, 19, 20, 21, 22, 23, 24, 25]",1.854296
./random_graph_db/graph_db_node_26/08_p0.6/08_graph_n26_p0.6_idx3.gpickle,26,0.6,3,12,118,258,"[0, 1, 2, 3, 4, 5, 6, 7, 8, 9, 10, 11, 12, 13, 14, 15, 16, 17, 18, 19, 20, 21, 22, 23, 24, 25]",1.5380819
./random_graph_db/graph_db_node_26/08_p0.6/08_graph_n26_p0.6_idx4.gpickle,26,0.6,4,13,127,266,"[0, 1, 2, 3, 4, 5, 6, 7, 8, 9, 10, 11, 12, 13, 14, 15, 16, 17, 18, 19, 20, 21, 22, 23, 24, 25]",1.9439781
./random_graph_db/graph_db_node_26/08_p0.6/08_graph_n26_p0.6_idx5.gpickle,26,0.6,5,13,140,320,"[0, 1, 2, 3, 4, 5, 6, 7, 8, 9, 10, 11, 12, 13, 14, 15, 16, 17, 18, 19, 20, 21, 22, 23, 24, 25]",1.7245791
./random_graph_db/graph_db_node_26/08_p0.6/08_graph_n26_p0.6_idx6.gpickle,26,0.6,6,13,129,285,"[0, 1, 2, 3, 4, 5, 6, 7, 8, 9, 10, 11, 12, 13, 14, 15, 16, 17, 18, 19, 20, 21, 22, 23, 24, 25]",1.6286919
./random_graph_db/graph_db_node_26/08_p0.6/08_graph_n26_p0.6_idx7.gpickle,26,0.6,7,12,125,289,"[0, 1, 2, 3, 4, 5, 6, 7, 8, 9, 10, 11, 12, 13, 14, 15, 16, 17, 18, 19, 20, 21, 22, 23, 24, 25]",1.7631879
./random_graph_db/graph_db_node_26/08_p0.6/08_graph_n26_p0.6_idx8.gpickle,26,0.6,8,12,133,312,"[0, 1, 2, 3, 4, 5, 6, 7, 8, 9, 10, 11, 12, 13, 14, 15, 16, 17, 18, 19, 20, 21, 22, 23, 24, 25]",1.6819279
./random_graph_db/graph_db_node_26/08_p0.6/08_graph_n26_p0.6_idx9.gpickle,26,0.6,9,12,133,311,"[0, 1, 2, 3, 4, 5, 6, 7, 8, 9, 10, 11, 12, 13, 14, 15, 16, 17, 18, 19, 20, 21, 22, 23, 24, 25]",1.7570267
./random_graph_db/graph_db_node_26/09_p0.65/09_graph_n26_p0.65_idx1.gpickle,26,0.65,1,12,108,264,"[0, 1, 2, 3, 4, 5, 6, 7, 8, 9, 10, 11, 12, 13, 14, 15, 16, 17, 18, 19, 20, 21, 22, 23, 24, 25]",1.4306381
./random_graph_db/graph_db_node_26/09_p0.65/09_graph_n26_p0.65_idx10.gpickle,26,0.65,10,13,131,295,"[0, 1, 2, 3, 4, 5, 6, 7, 8, 9, 10, 11, 12, 13, 14, 15, 16, 17, 18, 19, 20, 21, 22, 23, 24, 25]",1.7900259
./random_graph_db/graph_db_node_26/09_p0.65/09_graph_n26_p0.65_idx2.gpickle,26,0.65,2,12,133,314,"[0, 1, 2, 3, 4, 5, 6, 7, 8, 9, 10, 11, 12, 13, 14, 15, 16, 17, 18, 19, 20, 21, 22, 23, 24, 25]",1.73861
./random_graph_db/graph_db_node_26/09_p0.65/09_graph_n26_p0.65_idx3.gpickle,26,0.65,3,13,138,314,"[0, 1, 2, 3, 4, 5, 6, 7, 8, 9, 10, 11, 12, 13, 14, 15, 16, 17, 18, 19, 20, 21, 22, 23, 24, 25]",1.8868003
./random_graph_db/graph_db_node_26/09_p0.65/09_graph_n26_p0.65_idx4.gpickle,26,0.65,4,12,132,296,"[0, 1, 2, 3, 4, 5, 6, 7, 8, 9, 10, 11, 12, 13, 14, 15, 16, 17, 18, 19, 20, 21, 22, 23, 24, 25]",1.680974
./random_graph_db/graph_db_node_26/09_p0.65/09_graph_n26_p0.65_idx5.gpickle,26,0.65,5,12,117,256,"[0, 1, 2, 3, 4, 5, 6, 7, 8, 9, 10, 11, 12, 13, 14, 15, 16, 17, 18, 19, 20, 21, 22, 23, 24, 25]",1.5117691
./random_graph_db/graph_db_node_26/09_p0.65/09_graph_n26_p0.65_idx6.gpickle,26,0.65,6,12,124,280,"[0, 1, 2, 3, 4, 5, 6, 7, 8, 9, 10, 11, 12, 13, 14, 15, 16, 17, 18, 19, 20, 21, 22, 23, 24, 25]",1.561152
./random_graph_db/graph_db_node_26/09_p0.65/09_graph_n26_p0.65_idx7.gpickle,26,0.65,7,12,134,301,"[0, 1, 2, 3, 4, 5, 6, 7, 8, 9, 10, 11, 12, 13, 14, 15, 16, 17, 18, 19, 20, 21, 22, 23, 24, 25]",1.659256
./random_graph_db/graph_db_node_26/09_p0.65/09_graph_n26_p0.65_idx8.gpickle,26,0.65,8,13,129,283,"[0, 1, 2, 3, 4, 5, 6, 7, 8, 9, 10, 11, 12, 13, 14, 15, 16, 17, 18, 19, 20, 21, 22, 23, 24, 25]",1.6558521
./random_graph_db/graph_db_node_26/09_p0.65/09_graph_n26_p0.65_idx9.gpickle,26,0.65,9,13,132,279,"[0, 1, 2, 3, 4, 5, 6, 7, 8, 9, 10, 11, 12, 13, 14, 15, 16, 17, 18, 19, 20, 21, 22, 23, 24, 25]",1.6633098
./random_graph_db/graph_db_node_26/10_p0.7/10_graph_n26_p0.7_idx1.gpickle,26,0.7,1,12,133,324,"[0, 1, 2, 3, 4, 5, 6, 7, 8, 9, 10, 11, 12, 13, 14, 15, 16, 17, 18, 19, 20, 21, 22, 23, 24, 25]",1.6717992
./random_graph_db/graph_db_node_26/10_p0.7/10_graph_n26_p0.7_idx10.gpickle,26,0.7,10,13,158,358,"[0, 1, 2, 3, 4, 5, 6, 7, 8, 9, 10, 11, 12, 13, 14, 15, 16, 17, 18, 19, 20, 21, 22, 23, 24, 25]",1.910929
./random_graph_db/graph_db_node_26/10_p0.7/10_graph_n26_p0.7_idx2.gpickle,26,0.7,2,12,117,272,"[0, 1, 2, 3, 4, 5, 6, 7, 8, 9, 10, 11, 12, 13, 14, 15, 16, 17, 18, 19, 20, 21, 22, 23, 24, 25]",1.6271281
./random_graph_db/graph_db_node_26/10_p0.7/10_graph_n26_p0.7_idx3.gpickle,26,0.7,3,12,127,287,"[0, 1, 2, 3, 4, 5, 6, 7, 8, 9, 10, 11, 12, 13, 14, 15, 16, 17, 18, 19, 20, 21, 22, 23, 24, 25]",1.685787
./random_graph_db/graph_db_node_26/10_p0.7/10_graph_n26_p0.7_idx4.gpickle,26,0.7,4,12,119,268,"[0, 1, 2, 3, 4, 5, 6, 7, 8, 9, 10, 11, 12, 13, 14, 15, 16, 17, 18, 19, 20, 21, 22, 23, 24, 25]",1.6270411
./random_graph_db/graph_db_node_26/10_p0.7/10_graph_n26_p0.7_idx5.gpickle,26,0.7,5,12,121,280,"[0, 1, 2, 3, 4, 5, 6, 7, 8, 9, 10, 11, 12, 13, 14, 15, 16, 17, 18, 19, 20, 21, 22, 23, 24, 25]",1.4705353
./random_graph_db/graph_db_node_26/10_p0.7/10_graph_n26_p0.7_idx6.gpickle,26,0.7,6,12,125,301,"[0, 1, 2, 3, 4, 5, 6, 7, 8, 9, 10, 11, 12, 13, 14, 15, 16, 17, 18, 19, 20, 21, 22, 23, 24, 25]",1.8010781
./random_graph_db/graph_db_node_26/10_p0.7/10_graph_n26_p0.7_idx7.gpickle,26,0.7,7,12,115,280,"[0, 1, 2, 3, 4, 5, 6, 7, 8, 9, 10, 11, 12, 13, 14, 15, 16, 17, 18, 19, 20, 21, 22, 23, 24, 25]",1.715085
./random_graph_db/graph_db_node_26/10_p0.7/10_graph_n26_p0.7_idx8.gpickle,26,0.7,8,12,131,315,"[0, 1, 2, 3, 4, 5, 6, 7, 8, 9, 10, 11, 12, 13, 14, 15, 16, 17, 18, 19, 20, 21, 22, 23, 24, 25]",1.6570699
./random_graph_db/graph_db_node_26/10_p0.7/10_graph_n26_p0.7_idx9.gpickle,26,0.7,9,12,131,287,"[0, 1, 2, 3, 4, 5, 6, 7, 8, 9, 10, 11, 12, 13, 14, 15, 16, 17, 18, 19, 20, 21, 22, 23, 24, 25]",1.6382532
./random_graph_db/graph_db_node_26/11_p0.8/11_graph_n26_p0.8_idx1.gpickle,26,0.8,1,12,99,250,"[0, 1, 2, 3, 4, 5, 6, 7, 8, 9, 10, 11, 12, 13, 14, 15, 16, 17, 18, 19, 20, 21, 22, 23, 24, 25]",1.3431821
./random_graph_db/graph_db_node_26/11_p0.8/11_graph_n26_p0.8_idx10.gpickle,26,0.8,10,12,107,241,"[0, 1, 2, 3, 4, 5, 6, 7, 8, 9, 10, 11, 12, 13, 14, 15, 16, 17, 18, 19, 20, 21, 22, 23, 24, 25]",1.3070741
./random_graph_db/graph_db_node_26/11_p0.8/11_graph_n26_p0.8_idx2.gpickle,26,0.8,2,12,85,216,"[0, 1, 2, 3, 4, 5, 6, 7, 8, 9, 10, 11, 12, 13, 14, 15, 16, 17, 18, 19, 20, 21, 22, 23, 24, 25]",1.140048
./random_graph_db/graph_db_node_26/11_p0.8/11_graph_n26_p0.8_idx3.gpickle,26,0.8,3,12,111,262,"[0, 1, 2, 3, 4, 5, 6, 7, 8, 9, 10, 11, 12, 13, 14, 15, 16, 17, 18, 19, 20, 21, 22, 23, 24, 25]",1.4650831
./random_graph_db/graph_db_node_26/11_p0.8/11_graph_n26_p0.8_idx4.gpickle,26,0.8,4,12,105,274,"[0, 1, 2, 3, 4, 5, 6, 7, 8, 9, 10, 11, 12, 13, 14, 15, 16, 17, 18, 19, 20, 21, 22, 23, 24, 25]",1.448868
./random_graph_db/graph_db_node_26/11_p0.8/11_graph_n26_p0.8_idx5.gpickle,26,0.8,5,12,101,229,"[0, 1, 2, 3, 4, 5, 6, 7, 8, 9, 10, 11, 12, 13, 14, 15, 16, 17, 18, 19, 20, 21, 22, 23, 24, 25]",1.4069998
./random_graph_db/graph_db_node_26/11_p0.8/11_graph_n26_p0.8_idx6.gpickle,26,0.8,6,12,77,200,"[0, 1, 2, 3, 4, 5, 6, 7, 8, 9, 10, 11, 12, 13, 14, 15, 16, 17, 18, 19, 20, 21, 22, 23, 24, 25]",1.2192969
./random_graph_db/graph_db_node_26/11_p0.8/11_graph_n26_p0.8_idx7.gpickle,26,0.8,7,12,110,261,"[0, 1, 2, 3, 4, 5, 6, 7, 8, 9, 10, 11, 12, 13, 14, 15, 16, 17, 18, 19, 20, 21, 22, 23, 24, 25]",1.4095891
./random_graph_db/graph_db_node_26/11_p0.8/11_graph_n26_p0.8_idx8.gpickle,26,0.8,8,11,112,270,"[0, 1, 2, 3, 4, 5, 6, 7, 8, 9, 10, 11, 12, 13, 14, 15, 16, 17, 18, 19, 20, 21, 22, 23, 24, 25]",1.496875
./random_graph_db/graph_db_node_26/11_p0.8/11_graph_n26_p0.8_idx9.gpickle,26,0.8,9,12,101,247,"[0, 1, 2, 3, 4, 5, 6, 7, 8, 9, 10, 11, 12, 13, 14, 15, 16, 17, 18, 19, 20, 21, 22, 23, 24, 25]",1.4194098
./random_graph_db/graph_db_node_26/12_p0.9/12_graph_n26_p0.9_idx1.gpickle,26,0.9,1,11,47,143,"[0, 1, 2, 3, 4, 5, 6, 7, 8, 9, 10, 11, 12, 13, 14, 15, 16, 17, 18, 19, 20, 21, 22, 23, 24, 25]",0.838392
./random_graph_db/graph_db_node_26/12_p0.9/12_graph_n26_p0.9_idx10.gpickle,26,0.9,10,9,52,139,"[0, 1, 2, 3, 4, 5, 6, 7, 8, 9, 10, 11, 12, 13, 14, 15, 16, 17, 18, 19, 20, 21, 22, 23, 24, 25]",0.7775502
./random_graph_db/graph_db_node_26/12_p0.9/12_graph_n26_p0.9_idx2.gpickle,26,0.9,2,9,45,126,"[0, 1, 2, 3, 4, 5, 6, 7, 8, 9, 10, 11, 12, 13, 14, 15, 16, 17, 18, 19, 20, 21, 22, 23, 24, 25]",0.9169643
./random_graph_db/graph_db_node_26/12_p0.9/12_graph_n26_p0.9_idx3.gpickle,26,0.9,3,12,66,159,"[0, 1, 2, 3, 4, 5, 6, 7, 8, 9, 10, 11, 12, 13, 14, 15, 16, 17, 18, 19, 20, 21, 22, 23, 24, 25]",0.9631438
./random_graph_db/graph_db_node_26/12_p0.9/12_graph_n26_p0.9_idx4.gpickle,26,0.9,4,11,80,200,"[0, 1, 2, 3, 4, 5, 6, 7, 8, 9, 10, 11, 12, 13, 14, 15, 16, 17, 18, 19, 20, 21, 22, 23, 24, 25]",1.1078
./random_graph_db/graph_db_node_26/12_p0.9/12_graph_n26_p0.9_idx5.gpickle,26,0.9,5,9,34,95,"[0, 1, 2, 3, 4, 5, 6, 7, 8, 9, 10, 11, 12, 13, 14, 15, 16, 17, 18, 19, 20, 21, 22, 23, 24, 25]",0.7098141
./random_graph_db/graph_db_node_26/12_p0.9/12_graph_n26_p0.9_idx6.gpickle,26,0.9,6,7,30,93,"[0, 1, 2, 3, 4, 5, 6, 7, 8, 9, 10, 11, 12, 13, 14, 15, 16, 17, 18, 19, 20, 21, 22, 23, 24, 25]",0.5998223
./random_graph_db/graph_db_node_26/12_p0.9/12_graph_n26_p0.9_idx7.gpickle,26,0.9,7,11,43,102,"[0, 1, 2, 3, 4, 5, 6, 7, 8, 9, 10, 11, 12, 13, 14, 15, 16, 17, 18, 19, 20, 21, 22, 23, 24, 25]",0.835458
./random_graph_db/graph_db_node_26/12_p0.9/12_graph_n26_p0.9_idx8.gpickle,26,0.9,8,11,44,119,"[0, 1, 2, 3, 4, 5, 6, 7, 8, 9, 10, 11, 12, 13, 14, 15, 16, 17, 18, 19, 20, 21, 22, 23, 24, 25]",0.8436751
./random_graph_db/graph_db_node_26/12_p0.9/12_graph_n26_p0.9_idx9.gpickle,26,0.9,9,10,59,140,"[0, 1, 2, 3, 4, 5, 6, 7, 8, 9, 10, 11, 12, 13, 14, 15, 16, 17, 18, 19, 20, 21, 22, 23, 24, 25]",0.902102
./random_graph_db/graph_db_node_27/01_p0.1/01_graph_n27_p0.1_idx1.gpickle,27,0.1,1,10,36,107,"[0, 1, 2, 3, 4, 5, 6, 7, 8, 9, 10, 11, 12, 13, 14, 15, 16, 17, 18, 19, 20, 21, 22, 23, 24, 25, 26]",0.742703
./random_graph_db/graph_db_node_27/01_p0.1/01_graph_n27_p0.1_idx10.gpickle,27,0.1,10,12,49,132,"[0, 1, 2, 3, 4, 5, 6, 7, 8, 9, 10, 11, 12, 13, 14, 15, 16, 17, 18, 19, 20, 21, 22, 23, 24, 25, 26]",0.8879199
./random_graph_db/graph_db_node_27/01_p0.1/01_graph_n27_p0.1_idx2.gpickle,27,0.1,2,11,35,99,"[0, 1, 2, 3, 4, 5, 6, 7, 8, 9, 10, 11, 12, 13, 14, 15, 16, 17, 18, 19, 20, 21, 22, 23, 24, 25, 26]",0.748394
./random_graph_db/graph_db_node_27/01_p0.1/01_graph_n27_p0.1_idx3.gpickle,27,0.1,3,8,24,80,"[0, 1, 2, 3, 4, 5, 6, 7, 8, 9, 10, 11, 12, 13, 14, 15, 16, 17, 18, 19, 20, 21, 22, 23, 24, 25, 26]",0.6440692
./random_graph_db/graph_db_node_27/01_p0.1/01_graph_n27_p0.1_idx4.gpickle,27,0.1,4,8,32,104,"[0, 1, 2, 3, 4, 5, 6, 7, 8, 9, 10, 11, 12, 13, 14, 15, 16, 17, 18, 19, 20, 21, 22, 23, 24, 25, 26]",0.6627371
./random_graph_db/graph_db_node_27/01_p0.1/01_graph_n27_p0.1_idx5.gpickle,27,0.1,5,8,22,80,"[0, 1, 2, 3, 4, 5, 6, 7, 8, 9, 10, 11, 12, 13, 14, 15, 16, 17, 18, 19, 20, 21, 22, 23, 24, 25, 26]",0.4741797
./random_graph_db/graph_db_node_27/01_p0.1/01_graph_n27_p0.1_idx6.gpickle,27,0.1,6,8,24,76,"[0, 1, 2, 3, 4, 5, 6, 7, 8, 9, 10, 11, 12, 13, 14, 15, 16, 17, 18, 19, 20, 21, 22, 23, 24, 25, 26]",0.658042
./random_graph_db/graph_db_node_27/01_p0.1/01_graph_n27_p0.1_idx7.gpickle,27,0.1,7,10,20,72,"[0, 1, 2, 3, 4, 5, 6, 7, 8, 9, 10, 11, 12, 13, 14, 15, 16, 17, 18, 19, 20, 21, 22, 23, 24, 25, 26]",0.499166
./random_graph_db/graph_db_node_27/01_p0.1/01_graph_n27_p0.1_idx8.gpickle,27,0.1,8,11,40,122,"[0, 1, 2, 3, 4, 5, 6, 7, 8, 9, 10, 11, 12, 13, 14, 15, 16, 17, 18, 19, 20, 21, 22, 23, 24, 25, 26]",0.761147
./random_graph_db/graph_db_node_27/01_p0.1/01_graph_n27_p0.1_idx9.gpickle,27,0.1,9,11,38,105,"[0, 1, 2, 3, 4, 5, 6, 7, 8, 9, 10, 11, 12, 13, 14, 15, 16, 17, 18, 19, 20, 21, 22, 23, 24, 25, 26]",0.7729061
./random_graph_db/graph_db_node_27/02_p0.2/02_graph_n27_p0.2_idx1.gpickle,27,0.2,1,12,93,211,"[0, 1, 2, 3, 4, 5, 6, 7, 8, 9, 10, 11, 12, 13, 14, 15, 16, 17, 18, 19, 20, 21, 22, 23, 24, 25, 26]",1.229815
./random_graph_db/graph_db_node_27/02_p0.2/02_graph_n27_p0.2_idx10.gpickle,27,0.2,10,12,103,258,"[0, 1, 2, 3, 4, 5, 6, 7, 8, 9, 10, 11, 12, 13, 14, 15, 16, 17, 18, 19, 20, 21, 22, 23, 24, 25, 26]",1.8748569
./random_graph_db/graph_db_node_27/02_p0.2/02_graph_n27_p0.2_idx2.gpickle,27,0.2,2,12,89,210,"[0, 1, 2, 3, 4, 5, 6, 7, 8, 9, 10, 11, 12, 13, 14, 15, 16, 17, 18, 19, 20, 21, 22, 23, 24, 25, 26]",1.522321
./random_graph_db/graph_db_node_27/02_p0.2/02_graph_n27_p0.2_idx3.gpickle,27,0.2,3,13,94,225,"[0, 1, 2, 3, 4, 5, 6, 7, 8, 9, 10, 11, 12, 13, 14, 15, 16, 17, 18, 19, 20, 21, 22, 23, 24, 25, 26]",1.2323339
./random_graph_db/graph_db_node_27/02_p0.2/02_graph_n27_p0.2_idx4.gpickle,27,0.2,4,12,71,173,"[0, 1, 2, 3, 4, 5, 6, 7, 8, 9, 10, 11, 12, 13, 14, 15, 16, 17, 18, 19, 20, 21, 22, 23, 24, 25, 26]",1.315521
./random_graph_db/graph_db_node_27/02_p0.2/02_graph_n27_p0.2_idx5.gpickle,27,0.2,5,11,69,175,"[0, 1, 2, 3, 4, 5, 6, 7, 8, 9, 10, 11, 12, 13, 14, 15, 16, 17, 18, 19, 20, 21, 22, 23, 24, 25, 26]",1.0348692
./random_graph_db/graph_db_node_27/02_p0.2/02_graph_n27_p0.2_idx6.gpickle,27,0.2,6,9,79,203,"[0, 1, 2, 3, 4, 5, 6, 7, 8, 9, 10, 11, 12, 13, 14, 15, 16, 17, 18, 19, 20, 21, 22, 23, 24, 25, 26]",1.1306529
./random_graph_db/graph_db_node_27/02_p0.2/02_graph_n27_p0.2_idx7.gpickle,27,0.2,7,11,68,172,"[0, 1, 2, 3, 4, 5, 6, 7, 8, 9, 10, 11, 12, 13, 14, 15, 16, 17, 18, 19, 20, 21, 22, 23, 24, 25, 26]",1.271075
./random_graph_db/graph_db_node_27/02_p0.2/02_graph_n27_p0.2_idx8.gpickle,27,0.2,8,10,53,132,"[0, 1, 2, 3, 4, 5, 6, 7, 8, 9, 10, 11, 12, 13, 14, 15, 16, 17, 18, 19, 20, 21, 22, 23, 24, 25, 26]",0.9761569
./random_graph_db/graph_db_node_27/02_p0.2/02_graph_n27_p0.2_idx9.gpickle,27,0.2,9,12,83,199,"[0, 1, 2, 3, 4, 5, 6, 7, 8, 9, 10, 11, 12, 13, 14, 15, 16, 17, 18, 19, 20, 21, 22, 23, 24, 25, 26]",1.2207592
./random_graph_db/graph_db_node_27/03_p0.3/03_graph_n27_p0.3_idx1.gpickle,27,0.3,1,12,138,306,"[0, 1, 2, 3, 4, 5, 6, 7, 8, 9, 10, 11, 12, 13, 14, 15, 16, 17, 18, 19, 20, 21, 22, 23, 24, 25, 26]",1.9593809
./random_graph_db/graph_db_node_27/03_p0.3/03_graph_n27_p0.3_idx10.gpickle,27,0.3,10,13,131,307,"[0, 1, 2, 3, 4, 5, 6, 7, 8, 9, 10, 11, 12, 13, 14, 15, 16, 17, 18, 19, 20, 21, 22, 23, 24, 25, 26]",1.8290961
./random_graph_db/graph_db_node_27/03_p0.3/03_graph_n27_p0.3_idx2.gpickle,27,0.3,2,13,130,282,"[0, 1, 2, 3, 4, 5, 6, 7, 8, 9, 10, 11, 12, 13, 14, 15, 16, 17, 18, 19, 20, 21, 22, 23, 24, 25, 26]",1.7512891
./random_graph_db/graph_db_node_27/03_p0.3/03_graph_n27_p0.3_idx3.gpickle,27,0.3,3,13,126,299,"[0, 1, 2, 3, 4, 5, 6, 7, 8, 9, 10, 11, 12, 13, 14, 15, 16, 17, 18, 19, 20, 21, 22, 23, 24, 25, 26]",1.767318
./random_graph_db/graph_db_node_27/03_p0.3/03_graph_n27_p0.3_idx4.gpickle,27,0.3,4,13,105,256,"[0, 1, 2, 3, 4, 5, 6, 7, 8, 9, 10, 11, 12, 13, 14, 15, 16, 17, 18, 19, 20, 21, 22, 23, 24, 25, 26]",1.488482
./random_graph_db/graph_db_node_27/03_p0.3/03_graph_n27_p0.3_idx5.gpickle,27,0.3,5,12,105,245,"[0, 1, 2, 3, 4, 5, 6, 7, 8, 9, 10, 11, 12, 13, 14, 15, 16, 17, 18, 19, 20, 21, 22, 23, 24, 25, 26]",1.5355949
./random_graph_db/graph_db_node_27/03_p0.3/03_graph_n27_p0.3_idx6.gpickle,27,0.3,6,13,113,272,"[0, 1, 2, 3, 4, 5, 6, 7, 8, 9, 10, 11, 12, 13, 14, 15, 16, 17, 18, 19, 20, 21, 22, 23, 24, 25, 26]",1.692328
./random_graph_db/graph_db_node_27/03_p0.3/03_graph_n27_p0.3_idx7.gpickle,27,0.3,7,13,113,274,"[0, 1, 2, 3, 4, 5, 6, 7, 8, 9, 10, 11, 12, 13, 14, 15, 16, 17, 18, 19, 20, 21, 22, 23, 24, 25, 26]",1.6767251
./random_graph_db/graph_db_node_27/03_p0.3/03_graph_n27_p0.3_idx8.gpickle,27,0.3,8,12,133,324,"[0, 1, 2, 3, 4, 5, 6, 7, 8, 9, 10, 11, 12, 13, 14, 15, 16, 17, 18, 19, 20, 21, 22, 23, 24, 25, 26]",1.821569
./random_graph_db/graph_db_node_27/03_p0.3/03_graph_n27_p0.3_idx9.gpickle,27,0.3,9,13,130,316,"[0, 1, 2, 3, 4, 5, 6, 7, 8, 9, 10, 11, 12, 13, 14, 15, 16, 17, 18, 19, 20, 21, 22, 23, 24, 25, 26]",1.6788573
./random_graph_db/graph_db_node_27/04_p0.4/04_graph_n27_p0.4_idx1.gpickle,27,0.4,1,13,134,326,"[0, 1, 2, 3, 4, 5, 6, 7, 8, 9, 10, 11, 12, 13, 14, 15, 16, 17, 18, 19, 20, 21, 22, 23, 24, 25, 26]",1.787091
./random_graph_db/graph_db_node_27/04_p0.4/04_graph_n27_p0.4_idx10.gpickle,27,0.4,10,13,138,295,"[0, 1, 2, 3, 4, 5, 6, 7, 8, 9, 10, 11, 12, 13, 14, 15, 16, 17, 18, 19, 20, 21, 22, 23, 24, 25, 26]",1.779444
./random_graph_db/graph_db_node_27/04_p0.4/04_graph_n27_p0.4_idx2.gpickle,27,0.4,2,12,129,307,"[0, 1, 2, 3, 4, 5, 6, 7, 8, 9, 10, 11, 12, 13, 14, 15, 16, 17, 18, 19, 20, 21, 22, 23, 24, 25, 26]",1.8182809
./random_graph_db/graph_db_node_27/04_p0.4/04_graph_n27_p0.4_idx3.gpickle,27,0.4,3,12,143,335,"[0, 1, 2, 3, 4, 5, 6, 7, 8, 9, 10, 11, 12, 13, 14, 15, 16, 17, 18, 19, 20, 21, 22, 23, 24, 25, 26]",2.0615292
./random_graph_db/graph_db_node_27/04_p0.4/04_graph_n27_p0.4_idx4.gpickle,27,0.4,4,12,135,313,"[0, 1, 2, 3, 4, 5, 6, 7, 8, 9, 10, 11, 12, 13, 14, 15, 16, 17, 18, 19, 20, 21, 22, 23, 24, 25, 26]",1.798409
./random_graph_db/graph_db_node_27/04_p0.4/04_graph_n27_p0.4_idx5.gpickle,27,0.4,5,13,145,341,"[0, 1, 2, 3, 4, 5, 6, 7, 8, 9, 10, 11, 12, 13, 14, 15, 16, 17, 18, 19, 20, 21, 22, 23, 24, 25, 26]",1.859479
./random_graph_db/graph_db_node_27/04_p0.4/04_graph_n27_p0.4_idx6.gpickle,27,0.4,6,13,148,339,"[0, 1, 2, 3, 4, 5, 6, 7, 8, 9, 10, 11, 12, 13, 14, 15, 16, 17, 18, 19, 20, 21, 22, 23, 24, 25, 26]",2.0602798
./random_graph_db/graph_db_node_27/04_p0.4/04_graph_n27_p0.4_idx7.gpickle,27,0.4,7,12,145,345,"[0, 1, 2, 3, 4, 5, 6, 7, 8, 9, 10, 11, 12, 13, 14, 15, 16, 17, 18, 19, 20, 21, 22, 23, 24, 25, 26]",1.8821318
./random_graph_db/graph_db_node_27/04_p0.4/04_graph_n27_p0.4_idx8.gpickle,27,0.4,8,13,143,316,"[0, 1, 2, 3, 4, 5, 6, 7, 8, 9, 10, 11, 12, 13, 14, 15, 16, 17, 18, 19, 20, 21, 22, 23, 24, 25, 26]",1.9699481
./random_graph_db/graph_db_node_27/04_p0.4/04_graph_n27_p0.4_idx9.gpickle,27,0.4,9,13,157,347,"[0, 1, 2, 3, 4, 5, 6, 7, 8, 9, 10, 11, 12, 13, 14, 15, 16, 17, 18, 19, 20, 21, 22, 23, 24, 25, 26]",2.0254469
./random_graph_db/graph_db_node_27/05_p0.45/05_graph_n27_p0.45_idx1.gpickle,27,0.45,1,13,162,349,"[0, 1, 2, 3, 4, 5, 6, 7, 8, 9, 10, 11, 12, 13, 14, 15, 16, 17, 18, 19, 20, 21, 22, 23, 24, 25, 26]",2.0642419
./random_graph_db/graph_db_node_27/05_p0.45/05_graph_n27_p0.45_idx10.gpickle,27,0.45,10,13,141,319,"[0, 1, 2, 3, 4, 5, 6, 7, 8, 9, 10, 11, 12, 13, 14, 15, 16, 17, 18, 19, 20, 21, 22, 23, 24, 25, 26]",2.070369
./random_graph_db/graph_db_node_27/05_p0.45/05_graph_n27_p0.45_idx2.gpickle,27,0.45,2,13,164,354,"[0, 1, 2, 3, 4, 5, 6, 7, 8, 9, 10, 11, 12, 13, 14, 15, 16, 17, 18, 19, 20, 21, 22, 23, 24, 25, 26]",2.1963162
./random_graph_db/graph_db_node_27/05_p0.45/05_graph_n27_p0.45_idx3.gpickle,27,0.45,3,13,167,388,"[0, 1, 2, 3, 4, 5, 6, 7, 8, 9, 10, 11, 12, 13, 14, 15, 16, 17, 18, 19, 20, 21, 22, 23, 24, 25, 26]",2.1436179
./random_graph_db/graph_db_node_27/05_p0.45/05_graph_n27_p0.45_idx4.gpickle,27,0.45,4,13,150,326,"[0, 1, 2, 3, 4, 5, 6, 7, 8, 9, 10, 11, 12, 13, 14, 15, 16, 17, 18, 19, 20, 21, 22, 23, 24, 25, 26]",1.9511571
./random_graph_db/graph_db_node_27/05_p0.45/05_graph_n27_p0.45_idx5.gpickle,27,0.45,5,13,166,381,"[0, 1, 2, 3, 4, 5, 6, 7, 8, 9, 10, 11, 12, 13, 14, 15, 16, 17, 18, 19, 20, 21, 22, 23, 24, 25, 26]",2.1940889
./random_graph_db/graph_db_node_27/05_p0.45/05_graph_n27_p0.45_idx6.gpickle,27,0.45,6,13,125,295,"[0, 1, 2, 3, 4, 5, 6, 7, 8, 9, 10, 11, 12, 13, 14, 15, 16, 17, 18, 19, 20, 21, 22, 23, 24, 25, 26]",1.7303529
./random_graph_db/graph_db_node_27/05_p0.45/05_graph_n27_p0.45_idx7.gpickle,27,0.45,7,13,157,351,"[0, 1, 2, 3, 4, 5, 6, 7, 8, 9, 10, 11, 12, 13, 14, 15, 16, 17, 18, 19, 20, 21, 22, 23, 24, 25, 26]",2.112448
./random_graph_db/graph_db_node_27/05_p0.45/05_graph_n27_p0.45_idx8.gpickle,27,0.45,8,12,140,343,"[0, 1, 2, 3, 4, 5, 6, 7, 8, 9, 10, 11, 12, 13, 14, 15, 16, 17, 18, 19, 20, 21, 22, 23, 24, 25, 26]",2.12134
./random_graph_db/graph_db_node_27/05_p0.45/05_graph_n27_p0.45_idx9.gpickle,27,0.45,9,13,142,323,"[0, 1, 2, 3, 4, 5, 6, 7, 8, 9, 10, 11, 12, 13, 14, 15, 16, 17, 18, 19, 20, 21, 22, 23, 24, 25, 26]",1.7793982
./random_graph_db/graph_db_node_27/06_p0.5/06_graph_n27_p0.5_idx1.gpickle,27,0.5,1,13,141,306,"[0, 1, 2, 3, 4, 5, 6, 7, 8, 9, 10, 11, 12, 13, 14, 15, 16, 17, 18, 19, 20, 21, 22, 23, 24, 25, 26]",1.8513732
./random_graph_db/graph_db_node_27/06_p0.5/06_graph_n27_p0.5_idx10.gpickle,27,0.5,10,13,152,340,"[0, 1, 2, 3, 4, 5, 6, 7, 8, 9, 10, 11, 12, 13, 14, 15, 16, 17, 18, 19, 20, 21, 22, 23, 24, 25, 26]",1.8807969
./random_graph_db/graph_db_node_27/06_p0.5/06_graph_n27_p0.5_idx2.gpickle,27,0.5,2,13,146,336,"[0, 1, 2, 3, 4, 5, 6, 7, 8, 9, 10, 11, 12, 13, 14, 15, 16, 17, 18, 19, 20, 21, 22, 23, 24, 25, 26]",1.9393239
./random_graph_db/graph_db_node_27/06_p0.5/06_graph_n27_p0.5_idx3.gpickle,27,0.5,3,13,153,340,"[0, 1, 2, 3, 4, 5, 6, 7, 8, 9, 10, 11, 12, 13, 14, 15, 16, 17, 18, 19, 20, 21, 22, 23, 24, 25, 26]",1.943892
./random_graph_db/graph_db_node_27/06_p0.5/06_graph_n27_p0.5_idx4.gpickle,27,0.5,4,13,151,324,"[0, 1, 2, 3, 4, 5, 6, 7, 8, 9, 10, 11, 12, 13, 14, 15, 16, 17, 18, 19, 20, 21, 22, 23, 24, 25, 26]",1.9777753
./random_graph_db/graph_db_node_27/06_p0.5/06_graph_n27_p0.5_idx5.gpickle,27,0.5,5,13,156,352,"[0, 1, 2, 3, 4, 5, 6, 7, 8, 9, 10, 11, 12, 13, 14, 15, 16, 17, 18, 19, 20, 21, 22, 23, 24, 25, 26]",1.973824
./random_graph_db/graph_db_node_27/06_p0.5/06_graph_n27_p0.5_idx6.gpickle,27,0.5,6,13,154,351,"[0, 1, 2, 3, 4, 5, 6, 7, 8, 9, 10, 11, 12, 13, 14, 15, 16, 17, 18, 19, 20, 21, 22, 23, 24, 25, 26]",2.2023332
./random_graph_db/graph_db_node_27/06_p0.5/06_graph_n27_p0.5_idx7.gpickle,27,0.5,7,13,144,336,"[0, 1, 2, 3, 4, 5, 6, 7, 8, 9, 10, 11, 12, 13, 14, 15, 16, 17, 18, 19, 20, 21, 22, 23, 24, 25, 26]",1.8728089
./random_graph_db/graph_db_node_27/06_p0.5/06_graph_n27_p0.5_idx8.gpickle,27,0.5,8,13,142,313,"[0, 1, 2, 3, 4, 5, 6, 7, 8, 9, 10, 11, 12, 13, 14, 15, 16, 17, 18, 19, 20, 21, 22, 23, 24, 25, 26]",1.9369512
./random_graph_db/graph_db_node_27/06_p0.5/06_graph_n27_p0.5_idx9.gpickle,27,0.5,9,12,123,297,"[0, 1, 2, 3, 4, 5, 6, 7, 8, 9, 10, 11, 12, 13, 14, 15, 16, 17, 18, 19, 20, 21, 22, 23, 24, 25, 26]",1.9045799
./random_graph_db/graph_db_node_27/07_p0.55/07_graph_n27_p0.55_idx1.gpickle,27,0.55,1,13,139,328,"[0, 1, 2, 3, 4, 5, 6, 7, 8, 9, 10, 11, 12, 13, 14, 15, 16, 17, 18, 19, 20, 21, 22, 23, 24, 25, 26]",1.8120339
./random_graph_db/graph_db_node_27/07_p0.55/07_graph_n27_p0.55_idx10.gpickle,27,0.55,10,13,159,361,"[0, 1, 2, 3, 4, 5, 6, 7, 8, 9, 10, 11, 12, 13, 14, 15, 16, 17, 18, 19, 20, 21, 22, 23, 24, 25, 26]",2.0028529
./random_graph_db/graph_db_node_27/07_p0.55/07_graph_n27_p0.55_idx2.gpickle,27,0.55,2,13,147,323,"[0, 1, 2, 3, 4, 5, 6, 7, 8, 9, 10, 11, 12, 13, 14, 15, 16, 17, 18, 19, 20, 21, 22, 23, 24, 25, 26]",1.8458652
./random_graph_db/graph_db_node_27/07_p0.55/07_graph_n27_p0.55_idx3.gpickle,27,0.55,3,13,161,353,"[0, 1, 2, 3, 4, 5, 6, 7, 8, 9, 10, 11, 12, 13, 14, 15, 16, 17, 18, 19, 20, 21, 22, 23, 24, 25, 26]",2.0055292
./random_graph_db/graph_db_node_27/07_p0.55/07_graph_n27_p0.55_idx4.gpickle,27,0.55,4,12,145,346,"[0, 1, 2, 3, 4, 5, 6, 7, 8, 9, 10, 11, 12, 13, 14, 15, 16, 17, 18, 19, 20, 21, 22, 23, 24, 25, 26]",1.926177
./random_graph_db/graph_db_node_27/07_p0.55/07_graph_n27_p0.55_idx5.gpickle,27,0.55,5,13,158,346,"[0, 1, 2, 3, 4, 5, 6, 7, 8, 9, 10, 11, 12, 13, 14, 15, 16, 17, 18, 19, 20, 21, 22, 23, 24, 25, 26]",2.0032308
./random_graph_db/graph_db_node_27/07_p0.55/07_graph_n27_p0.55_idx6.gpickle,27,0.55,6,13,157,353,"[0, 1, 2, 3, 4, 5, 6, 7, 8, 9, 10, 11, 12, 13, 14, 15, 16, 17, 18, 19, 20, 21, 22, 23, 24, 25, 26]",1.9383881
./random_graph_db/graph_db_node_27/07_p0.55/07_graph_n27_p0.55_idx7.gpickle,27,0.55,7,12,140,322,"[0, 1, 2, 3, 4, 5, 6, 7, 8, 9, 10, 11, 12, 13, 14, 15, 16, 17, 18, 19, 20, 21, 22, 23, 24, 25, 26]",1.990304
./random_graph_db/graph_db_node_27/07_p0.55/07_graph_n27_p0.55_idx8.gpickle,27,0.55,8,12,148,331,"[0, 1, 2, 3, 4, 5, 6, 7, 8, 9, 10, 11, 12, 13, 14, 15, 16, 17, 18, 19, 20, 21, 22, 23, 24, 25, 26]",1.9721301
./random_graph_db/graph_db_node_27/07_p0.55/07_graph_n27_p0.55_idx9.gpickle,27,0.55,9,12,137,322,"[0, 1, 2, 3, 4, 5, 6, 7, 8, 9, 10, 11, 12, 13, 14, 15, 16, 17, 18, 19, 20, 21, 22, 23, 24, 25, 26]",1.8728609
./random_graph_db/graph_db_node_27/08_p0.6/08_graph_n27_p0.6_idx1.gpickle,27,0.6,1,13,153,352,"[0, 1, 2, 3, 4, 5, 6, 7, 8, 9, 10, 11, 12, 13, 14, 15, 16, 17, 18, 19, 20, 21, 22, 23, 24, 25, 26]",2.0973721
./random_graph_db/graph_db_node_27/08_p0.6/08_graph_n27_p0.6_idx10.gpickle,27,0.6,10,13,156,350,"[0, 1, 2, 3, 4, 5, 6, 7, 8, 9, 10, 11, 12, 13, 14, 15, 16, 17, 18, 19, 20, 21, 22, 23, 24, 25, 26]",1.8719029
./random_graph_db/graph_db_node_27/08_p0.6/08_graph_n27_p0.6_idx2.gpickle,27,0.6,2,13,149,340,"[0, 1, 2, 3, 4, 5, 6, 7, 8, 9, 10, 11, 12, 13, 14, 15, 16, 17, 18, 19, 20, 21, 22, 23, 24, 25, 26]",1.9258242
./random_graph_db/graph_db_node_27/08_p0.6/08_graph_n27_p0.6_idx3.gpickle,27,0.6,3,12,144,332,"[0, 1, 2, 3, 4, 5, 6, 7, 8, 9, 10, 11, 12, 13, 14, 15, 16, 17, 18, 19, 20, 21, 22, 23, 24, 25, 26]",2.0014768
./random_graph_db/graph_db_node_27/08_p0.6/08_graph_n27_p0.6_idx4.gpickle,27,0.6,4,13,154,364,"[0, 1, 2, 3, 4, 5, 6, 7, 8, 9, 10, 11, 12, 13, 14, 15, 16, 17, 18, 19, 20, 21, 22, 23, 24, 25, 26]",2.1755288
./random_graph_db/graph_db_node_27/08_p0.6/08_graph_n27_p0.6_idx5.gpickle,27,0.6,5,12,130,326,"[0, 1, 2, 3, 4, 5, 6, 7, 8, 9, 10, 11, 12, 13, 14, 15, 16, 17, 18, 19, 20, 21, 22, 23, 24, 25, 26]",1.7744529
./random_graph_db/graph_db_node_27/08_p0.6/08_graph_n27_p0.6_idx6.gpickle,27,0.6,6,12,138,317,"[0, 1, 2, 3, 4, 5, 6, 7, 8, 9, 10, 11, 12, 13, 14, 15, 16, 17, 18, 19, 20, 21, 22, 23, 24, 25, 26]",1.7567389
./random_graph_db/graph_db_node_27/08_p0.6/08_graph_n27_p0.6_idx7.gpickle,27,0.6,7,13,129,281,"[0, 1, 2, 3, 4, 5, 6, 7, 8, 9, 10, 11, 12, 13, 14, 15, 16, 17, 18, 19, 20, 21, 22, 23, 24, 25, 26]",1.7298722
./random_graph_db/graph_db_node_27/08_p0.6/08_graph_n27_p0.6_idx8.gpickle,27,0.6,8,12,137,329,"[0, 1, 2, 3, 4, 5, 6, 7, 8, 9, 10, 11, 12, 13, 14, 15, 16, 17, 18, 19, 20, 21, 22, 23, 24, 25, 26]",2.0813751
./random_graph_db/graph_db_node_27/08_p0.6/08_graph_n27_p0.6_idx9.gpickle,27,0.6,9,12,129,302,"[0, 1, 2, 3, 4, 5, 6, 7, 8, 9, 10, 11, 12, 13, 14, 15, 16, 17, 18, 19, 20, 21, 22, 23, 24, 25, 26]",1.699719
./random_graph_db/graph_db_node_27/09_p0.65/09_graph_n27_p0.65_idx1.gpickle,27,0.65,1,12,129,297,"[0, 1, 2, 3, 4, 5, 6, 7, 8, 9, 10, 11, 12, 13, 14, 15, 16, 17, 18, 19, 20, 21, 22, 23, 24, 25, 26]",1.7997491
./random_graph_db/graph_db_node_27/09_p0.65/09_graph_n27_p0.65_idx10.gpickle,27,0.65,10,13,145,315,"[0, 1, 2, 3, 4, 5, 6, 7, 8, 9, 10, 11, 12, 13, 14, 15, 16, 17, 18, 19, 20, 21, 22, 23, 24, 25, 26]",1.9565241
./random_graph_db/graph_db_node_27/09_p0.65/09_graph_n27_p0.65_idx2.gpickle,27,0.65,2,13,158,352,"[0, 1, 2, 3, 4, 5, 6, 7, 8, 9, 10, 11, 12, 13, 14, 15, 16, 17, 18, 19, 20, 21, 22, 23, 24, 25, 26]",2.031811
./random_graph_db/graph_db_node_27/09_p0.65/09_graph_n27_p0.65_idx3.gpickle,27,0.65,3,13,167,359,"[0, 1, 2, 3, 4, 5, 6, 7, 8, 9, 10, 11, 12, 13, 14, 15, 16, 17, 18, 19, 20, 21, 22, 23, 24, 25, 26]",2.2212942
./random_graph_db/graph_db_node_27/09_p0.65/09_graph_n27_p0.65_idx4.gpickle,27,0.65,4,12,134,328,"[0, 1, 2, 3, 4, 5, 6, 7, 8, 9, 10, 11, 12, 13, 14, 15, 16, 17, 18, 19, 20, 21, 22, 23, 24, 25, 26]",1.8270278
./random_graph_db/graph_db_node_27/09_p0.65/09_graph_n27_p0.65_idx5.gpickle,27,0.65,5,13,161,372,"[0, 1, 2, 3, 4, 5, 6, 7, 8, 9, 10, 11, 12, 13, 14, 15, 16, 17, 18, 19, 20, 21, 22, 23, 24, 25, 26]",2.0398211
./random_graph_db/graph_db_node_27/09_p0.65/09_graph_n27_p0.65_idx6.gpickle,27,0.65,6,12,126,303,"[0, 1, 2, 3, 4, 5, 6, 7, 8, 9, 10, 11, 12, 13, 14, 15, 16, 17, 18, 19, 20, 21, 22, 23, 24, 25, 26]",1.6979871
./random_graph_db/graph_db_node_27/09_p0.65/09_graph_n27_p0.65_idx7.gpickle,27,0.65,7,13,143,318,"[0, 1, 2, 3, 4, 5, 6, 7, 8, 9, 10, 11, 12, 13, 14, 15, 16, 17, 18, 19, 20, 21, 22, 23, 24, 25, 26]",1.8253319
./random_graph_db/graph_db_node_27/09_p0.65/09_graph_n27_p0.65_idx8.gpickle,27,0.65,8,13,151,326,"[0, 1, 2, 3, 4, 5, 6, 7, 8, 9, 10, 11, 12, 13, 14, 15, 16, 17, 18, 19, 20, 21, 22, 23, 24, 25, 26]",2.0178342
./random_graph_db/graph_db_node_27/09_p0.65/09_graph_n27_p0.65_idx9.gpickle,27,0.65,9,13,150,330,"[0, 1, 2, 3, 4, 5, 6, 7, 8, 9, 10, 11, 12, 13, 14, 15, 16, 17, 18, 19, 20, 21, 22, 23, 24, 25, 26]",1.9189193
./random_graph_db/graph_db_node_27/10_p0.7/10_graph_n27_p0.7_idx1.gpickle,27,0.7,1,13,122,283,"[0, 1, 2, 3, 4, 5, 6, 7, 8, 9, 10, 11, 12, 13, 14, 15, 16, 17, 18, 19, 20, 21, 22, 23, 24, 25, 26]",1.6811929
./random_graph_db/graph_db_node_27/10_p0.7/10_graph_n27_p0.7_idx10.gpickle,27,0.7,10,13,166,365,"[0, 1, 2, 3, 4, 5, 6, 7, 8, 9, 10, 11, 12, 13, 14, 15, 16, 17, 18, 19, 20, 21, 22, 23, 24, 25, 26]",2.0929883
./random_graph_db/graph_db_node_27/10_p0.7/10_graph_n27_p0.7_idx2.gpickle,27,0.7,2,13,138,310,"[0, 1, 2, 3, 4, 5, 6, 7, 8, 9, 10, 11, 12, 13, 14, 15, 16, 17, 18, 19, 20, 21, 22, 23, 24, 25, 26]",1.7710619
./random_graph_db/graph_db_node_27/10_p0.7/10_graph_n27_p0.7_idx3.gpickle,27,0.7,3,13,140,315,"[0, 1, 2, 3, 4, 5, 6, 7, 8, 9, 10, 11, 12, 13, 14, 15, 16, 17, 18, 19, 20, 21, 22, 23, 24, 25, 26]",1.896616
./random_graph_db/graph_db_node_27/10_p0.7/10_graph_n27_p0.7_idx4.gpickle,27,0.7,4,12,138,321,"[0, 1, 2, 3, 4, 5, 6, 7, 8, 9, 10, 11, 12, 13, 14, 15, 16, 17, 18, 19, 20, 21, 22, 23, 24, 25, 26]",1.7957041
./random_graph_db/graph_db_node_27/10_p0.7/10_graph_n27_p0.7_idx5.gpickle,27,0.7,5,12,140,310,"[0, 1, 2, 3, 4, 5, 6, 7, 8, 9, 10, 11, 12, 13, 14, 15, 16, 17, 18, 19, 20, 21, 22, 23, 24, 25, 26]",1.8061121
./random_graph_db/graph_db_node_27/10_p0.7/10_graph_n27_p0.7_idx6.gpickle,27,0.7,6,12,121,297,"[0, 1, 2, 3, 4, 5, 6, 7, 8, 9, 10, 11, 12, 13, 14, 15, 16, 17, 18, 19, 20, 21, 22, 23, 24, 25, 26]",1.851526
./random_graph_db/graph_db_node_27/10_p0.7/10_graph_n27_p0.7_idx7.gpickle,27,0.7,7,13,150,362,"[0, 1, 2, 3, 4, 5, 6, 7, 8, 9, 10, 11, 12, 13, 14, 15, 16, 17, 18, 19, 20, 21, 22, 23, 24, 25, 26]",1.9326229
./random_graph_db/graph_db_node_27/10_p0.7/10_graph_n27_p0.7_idx8.gpickle,27,0.7,8,13,166,378,"[0, 1, 2, 3, 4, 5, 6, 7, 8, 9, 10, 11, 12, 13, 14, 15, 16, 17, 18, 19, 20, 21, 22, 23, 24, 25, 26]",2.1089101
./random_graph_db/graph_db_node_27/10_p0.7/10_graph_n27_p0.7_idx9.gpickle,27,0.7,9,12,133,324,"[0, 1, 2, 3, 4, 5, 6, 7, 8, 9, 10, 11, 12, 13, 14, 15, 16, 17, 18, 19, 20, 21, 22, 23, 24, 25, 26]",1.9198802
./random_graph_db/graph_db_node_27/11_p0.8/11_graph_n27_p0.8_idx1.gpickle,27,0.8,1,12,121,278,"[0, 1, 2, 3, 4, 5, 6, 7, 8, 9, 10, 11, 12, 13, 14, 15, 16, 17, 18, 19, 20, 21, 22, 23, 24, 25, 26]",1.5919969
./random_graph_db/graph_db_node_27/11_p0.8/11_graph_n27_p0.8_idx10.gpickle,27,0.8,10,12,111,280,"[0, 1, 2, 3, 4, 5, 6, 7, 8, 9, 10, 11, 12, 13, 14, 15, 16, 17, 18, 19, 20, 21, 22, 23, 24, 25, 26]",1.6228518
./random_graph_db/graph_db_node_27/11_p0.8/11_graph_n27_p0.8_idx2.gpickle,27,0.8,2,13,126,281,"[0, 1, 2, 3, 4, 5, 6, 7, 8, 9, 10, 11, 12, 13, 14, 15, 16, 17, 18, 19, 20, 21, 22, 23, 24, 25, 26]",1.6400959
./random_graph_db/graph_db_node_27/11_p0.8/11_graph_n27_p0.8_idx3.gpickle,27,0.8,3,13,130,301,"[0, 1, 2, 3, 4, 5, 6, 7, 8, 9, 10, 11, 12, 13, 14, 15, 16, 17, 18, 19, 20, 21, 22, 23, 24, 25, 26]",1.7433431
./random_graph_db/graph_db_node_27/11_p0.8/11_graph_n27_p0.8_idx4.gpickle,27,0.8,4,13,147,316,"[0, 1, 2, 3, 4, 5, 6, 7, 8, 9, 10, 11, 12, 13, 14, 15, 16, 17, 18, 19, 20, 21, 22, 23, 24, 25, 26]",1.875737
./random_graph_db/graph_db_node_27/11_p0.8/11_graph_n27_p0.8_idx5.gpickle,27,0.8,5,13,100,252,"[0, 1, 2, 3, 4, 5, 6, 7, 8, 9, 10, 11, 12, 13, 14, 15, 16, 17, 18, 19, 20, 21, 22, 23, 24, 25, 26]",1.5678482
./random_graph_db/graph_db_node_27/11_p0.8/11_graph_n27_p0.8_idx6.gpickle,27,0.8,6,11,76,206,"[0, 1, 2, 3, 4, 5, 6, 7, 8, 9, 10, 11, 12, 13, 14, 15, 16, 17, 18, 19, 20, 21, 22, 23, 24, 25, 26]",1.1374307
./random_graph_db/graph_db_node_27/11_p0.8/11_graph_n27_p0.8_idx7.gpickle,27,0.8,7,12,104,258,"[0, 1, 2, 3, 4, 5, 6, 7, 8, 9, 10, 11, 12, 13, 14, 15, 16, 17, 18, 19, 20, 21, 22, 23, 24, 25, 26]",1.366699
./random_graph_db/graph_db_node_27/11_p0.8/11_graph_n27_p0.8_idx8.gpickle,27,0.8,8,12,137,308,"[0, 1, 2, 3, 4, 5, 6, 7, 8, 9, 10, 11, 12, 13, 14, 15, 16, 17, 18, 19, 20, 21, 22, 23, 24, 25, 26]",1.8393002
./random_graph_db/graph_db_node_27/11_p0.8/11_graph_n27_p0.8_idx9.gpickle,27,0.8,9,12,117,259,"[0, 1, 2, 3, 4, 5, 6, 7, 8, 9, 10, 11, 12, 13, 14, 15, 16, 17, 18, 19, 20, 21, 22, 23, 24, 25, 26]",1.5503659
./random_graph_db/graph_db_node_27/12_p0.9/12_graph_n27_p0.9_idx1.gpickle,27,0.9,1,11,56,155,"[0, 1, 2, 3, 4, 5, 6, 7, 8, 9, 10, 11, 12, 13, 14, 15, 16, 17, 18, 19, 20, 21, 22, 23, 24, 25, 26]",1.0938427
./random_graph_db/graph_db_node_27/12_p0.9/12_graph_n27_p0.9_idx10.gpickle,27,0.9,10,11,61,147,"[0, 1, 2, 3, 4, 5, 6, 7, 8, 9, 10, 11, 12, 13, 14, 15, 16, 17, 18, 19, 20, 21, 22, 23, 24, 25, 26]",1.1165881
./random_graph_db/graph_db_node_27/12_p0.9/12_graph_n27_p0.9_idx2.gpickle,27,0.9,2,11,60,168,"[0, 1, 2, 3, 4, 5, 6, 7, 8, 9, 10, 11, 12, 13, 14, 15, 16, 17, 18, 19, 20, 21, 22, 23, 24, 25, 26]",1.2188599
./random_graph_db/graph_db_node_27/12_p0.9/12_graph_n27_p0.9_idx3.gpickle,27,0.9,3,12,85,188,"[0, 1, 2, 3, 4, 5, 6, 7, 8, 9, 10, 11, 12, 13, 14, 15, 16, 17, 18, 19, 20, 21, 22, 23, 24, 25, 26]",1.0820417
./random_graph_db/graph_db_node_27/12_p0.9/12_graph_n27_p0.9_idx4.gpickle,27,0.9,4,12,81,185,"[0, 1, 2, 3, 4, 5, 6, 7, 8, 9, 10, 11, 12, 13, 14, 15, 16, 17, 18, 19, 20, 21, 22, 23, 24, 25, 26]",1.1973011
./random_graph_db/graph_db_node_27/12_p0.9/12_graph_n27_p0.9_idx5.gpickle,27,0.9,5,11,30,100,"[0, 1, 2, 3, 4, 5, 6, 7, 8, 9, 10, 11, 12, 13, 14, 15, 16, 17, 18, 19, 20, 21, 22, 23, 24, 25, 26]",0.9016469
./random_graph_db/graph_db_node_27/12_p0.9/12_graph_n27_p0.9_idx6.gpickle,27,0.9,6,11,53,149,"[0, 1, 2, 3, 4, 5, 6, 7, 8, 9, 10, 11, 12, 13, 14, 15, 16, 17, 18, 19, 20, 21, 22, 23, 24, 25, 26]",1.113224
./random_graph_db/graph_db_node_27/12_p0.9/12_graph_n27_p0.9_idx7.gpickle,27,0.9,7,12,42,122,"[0, 1, 2, 3, 4, 5, 6, 7, 8, 9, 10, 11, 12, 13, 14, 15, 16, 17, 18, 19, 20, 21, 22, 23, 24, 25, 26]",0.892343
./random_graph_db/graph_db_node_27/12_p0.9/12_graph_n27_p0.9_idx8.gpickle,27,0.9,8,12,43,124,"[0, 1, 2, 3, 4, 5, 6, 7, 8, 9, 10, 11, 12, 13, 14, 15, 16, 17, 18, 19, 20, 21, 22, 23, 24, 25, 26]",0.9567149
./random_graph_db/graph_db_node_27/12_p0.9/12_graph_n27_p0.9_idx9.gpickle,27,0.9,9,10,60,188,"[0, 1, 2, 3, 4, 5, 6, 7, 8, 9, 10, 11, 12, 13, 14, 15, 16, 17, 18, 19, 20, 21, 22, 23, 24, 25, 26]",0.9422238
./random_graph_db/graph_db_node_28/01_p0.1/01_graph_n28_p0.1_idx1.gpickle,28,0.1,1,12,50,137,"[0, 1, 2, 3, 4, 5, 6, 7, 8, 9, 10, 11, 12, 13, 14, 15, 16, 17, 18, 19, 20, 21, 22, 23, 24, 25, 26, 27]",0.9596193
./random_graph_db/graph_db_node_28/01_p0.1/01_graph_n28_p0.1_idx10.gpickle,28,0.1,10,8,47,132,"[0, 1, 2, 3, 4, 5, 6, 7, 8, 9, 10, 11, 12, 13, 14, 15, 16, 17, 18, 19, 20, 21, 22, 23, 24, 25, 26, 27]",0.9389291
./random_graph_db/graph_db_node_28/01_p0.1/01_graph_n28_p0.1_idx2.gpickle,28,0.1,2,11,23,86,"[0, 1, 2, 3, 4, 5, 6, 7, 8, 9, 10, 11, 12, 13, 14, 15, 16, 17, 18, 19, 20, 21, 22, 23, 24, 25, 26, 27]",0.687942
./random_graph_db/graph_db_node_28/01_p0.1/01_graph_n28_p0.1_idx3.gpickle,28,0.1,3,9,33,108,"[0, 1, 2, 3, 4, 5, 6, 7, 8, 9, 10, 11, 12, 13, 14, 15, 16, 17, 18, 19, 20, 21, 22, 23, 24, 25, 26, 27]",0.7513769
./random_graph_db/graph_db_node_28/01_p0.1/01_graph_n28_p0.1_idx4.gpickle,28,0.1,4,12,44,137,"[0, 1, 2, 3, 4, 5, 6, 7, 8, 9, 10, 11, 12, 13, 14, 15, 16, 17, 18, 19, 20, 21, 22, 23, 24, 25, 26, 27]",0.8728192
./random_graph_db/graph_db_node_28/01_p0.1/01_graph_n28_p0.1_idx5.gpickle,28,0.1,5,10,21,77,"[0, 1, 2, 3, 4, 5, 6, 7, 8, 9, 10, 11, 12, 13, 14, 15, 16, 17, 18, 19, 20, 21, 22, 23, 24, 25, 26, 27]",0.5507412
./random_graph_db/graph_db_node_28/01_p0.1/01_graph_n28_p0.1_idx6.gpickle,28,0.1,6,12,21,75,"[0, 1, 2, 3, 4, 5, 6, 7, 8, 9, 10, 11, 12, 13, 14, 15, 16, 17, 18, 19, 20, 21, 22, 23, 24, 25, 26, 27]",0.6740799
./random_graph_db/graph_db_node_28/01_p0.1/01_graph_n28_p0.1_idx7.gpickle,28,0.1,7,12,55,156,"[0, 1, 2, 3, 4, 5, 6, 7, 8, 9, 10, 11, 12, 13, 14, 15, 16, 17, 18, 19, 20, 21, 22, 23, 24, 25, 26, 27]",0.9755449
./random_graph_db/graph_db_node_28/01_p0.1/01_graph_n28_p0.1_idx8.gpickle,28,0.1,8,9,23,89,"[0, 1, 2, 3, 4, 5, 6, 7, 8, 9, 10, 11, 12, 13, 14, 15, 16, 17, 18, 19, 20, 21, 22, 23, 24, 25, 26, 27]",0.6080499
./random_graph_db/graph_db_node_28/01_p0.1/01_graph_n28_p0.1_idx9.gpickle,28,0.1,9,11,29,96,"[0, 1, 2, 3, 4, 5, 6, 7, 8, 9, 10, 11, 12, 13, 14, 15, 16, 17, 18, 19, 20, 21, 22, 23, 24, 25, 26, 27]",0.6480057
./random_graph_db/graph_db_node_28/02_p0.2/02_graph_n28_p0.2_idx1.gpickle,28,0.2,1,10,71,189,"[0, 1, 2, 3, 4, 5, 6, 7, 8, 9, 10, 11, 12, 13, 14, 15, 16, 17, 18, 19, 20, 21, 22, 23, 24, 25, 26, 27]",1.1657081
./random_graph_db/graph_db_node_28/02_p0.2/02_graph_n28_p0.2_idx10.gpickle,28,0.2,10,12,100,240,"[0, 1, 2, 3, 4, 5, 6, 7, 8, 9, 10, 11, 12, 13, 14, 15, 16, 17, 18, 19, 20, 21, 22, 23, 24, 25, 26, 27]",1.5664141
./random_graph_db/graph_db_node_28/02_p0.2/02_graph_n28_p0.2_idx2.gpickle,28,0.2,2,13,114,272,"[0, 1, 2, 3, 4, 5, 6, 7, 8, 9, 10, 11, 12, 13, 14, 15, 16, 17, 18, 19, 20, 21, 22, 23, 24, 25, 26, 27]",1.6475711
./random_graph_db/graph_db_node_28/02_p0.2/02_graph_n28_p0.2_idx3.gpickle,28,0.2,3,13,102,251,"[0, 1, 2, 3, 4, 5, 6, 7, 8, 9, 10, 11, 12, 13, 14, 15, 16, 17, 18, 19, 20, 21, 22, 23, 24, 25, 26, 27]",1.823415
./random_graph_db/graph_db_node_28/02_p0.2/02_graph_n28_p0.2_idx4.gpickle,28,0.2,4,13,67,172,"[0, 1, 2, 3, 4, 5, 6, 7, 8, 9, 10, 11, 12, 13, 14, 15, 16, 17, 18, 19, 20, 21, 22, 23, 24, 25, 26, 27]",1.2404349
./random_graph_db/graph_db_node_28/02_p0.2/02_graph_n28_p0.2_idx5.gpickle,28,0.2,5,13,109,262,"[0, 1, 2, 3, 4, 5, 6, 7, 8, 9, 10, 11, 12, 13, 14, 15, 16, 17, 18, 19, 20, 21, 22, 23, 24, 25, 26, 27]",1.5848432
./random_graph_db/graph_db_node_28/02_p0.2/02_graph_n28_p0.2_idx6.gpickle,28,0.2,6,12,104,260,"[0, 1, 2, 3, 4, 5, 6, 7, 8, 9, 10, 11, 12, 13, 14, 15, 16, 17, 18, 19, 20, 21, 22, 23, 24, 25, 26, 27]",1.4758339
./random_graph_db/graph_db_node_28/02_p0.2/02_graph_n28_p0.2_idx7.gpickle,28,0.2,7,13,104,268,"[0, 1, 2, 3, 4, 5, 6, 7, 8, 9, 10, 11, 12, 13, 14, 15, 16, 17, 18, 19, 20, 21, 22, 23, 24, 25, 26, 27]",1.6926718
./random_graph_db/graph_db_node_28/02_p0.2/02_graph_n28_p0.2_idx8.gpickle,28,0.2,8,11,76,204,"[0, 1, 2, 3, 4, 5, 6, 7, 8, 9, 10, 11, 12, 13, 14, 15, 16, 17, 18, 19, 20, 21, 22, 23, 24, 25, 26, 27]",1.175168
./random_graph_db/graph_db_node_28/02_p0.2/02_graph_n28_p0.2_idx9.gpickle,28,0.2,9,12,83,207,"[0, 1, 2, 3, 4, 5, 6, 7, 8, 9, 10, 11, 12, 13, 14, 15, 16, 17, 18, 19, 20, 21, 22, 23, 24, 25, 26, 27]",1.3917842
./random_graph_db/graph_db_node_28/03_p0.3/03_graph_n28_p0.3_idx1.gpickle,28,0.3,1,14,131,306,"[0, 1, 2, 3, 4, 5, 6, 7, 8, 9, 10, 11, 12, 13, 14, 15, 16, 17, 18, 19, 20, 21, 22, 23, 24, 25, 26, 27]",2.0284688
./random_graph_db/graph_db_node_28/03_p0.3/03_graph_n28_p0.3_idx10.gpickle,28,0.3,10,14,156,339,"[0, 1, 2, 3, 4, 5, 6, 7, 8, 9, 10, 11, 12, 13, 14, 15, 16, 17, 18, 19, 20, 21, 22, 23, 24, 25, 26, 27]",2.0483241
./random_graph_db/graph_db_node_28/03_p0.3/03_graph_n28_p0.3_idx2.gpickle,28,0.3,2,14,134,311,"[0, 1, 2, 3, 4, 5, 6, 7, 8, 9, 10, 11, 12, 13, 14, 15, 16, 17, 18, 19, 20, 21, 22, 23, 24, 25, 26, 27]",2.004745
./random_graph_db/graph_db_node_28/03_p0.3/03_graph_n28_p0.3_idx3.gpickle,28,0.3,3,14,161,369,"[0, 1, 2, 3, 4, 5, 6, 7, 8, 9, 10, 11, 12, 13, 14, 15, 16, 17, 18, 19, 20, 21, 22, 23, 24, 25, 26, 27]",2.0832849
./random_graph_db/graph_db_node_28/03_p0.3/03_graph_n28_p0.3_idx4.gpickle,28,0.3,4,13,149,333,"[0, 1, 2, 3, 4, 5, 6, 7, 8, 9, 10, 11, 12, 13, 14, 15, 16, 17, 18, 19, 20, 21, 22, 23, 24, 25, 26, 27]",2.1411557
./random_graph_db/graph_db_node_28/03_p0.3/03_graph_n28_p0.3_idx5.gpickle,28,0.3,5,13,140,323,"[0, 1, 2, 3, 4, 5, 6, 7, 8, 9, 10, 11, 12, 13, 14, 15, 16, 17, 18, 19, 20, 21, 22, 23, 24, 25, 26, 27]",2.053303
./random_graph_db/graph_db_node_28/03_p0.3/03_graph_n28_p0.3_idx6.gpickle,28,0.3,6,13,125,276,"[0, 1, 2, 3, 4, 5, 6, 7, 8, 9, 10, 11, 12, 13, 14, 15, 16, 17, 18, 19, 20, 21, 22, 23, 24, 25, 26, 27]",1.8500729
./random_graph_db/graph_db_node_28/03_p0.3/03_graph_n28_p0.3_idx7.gpickle,28,0.3,7,12,118,295,"[0, 1, 2, 3, 4, 5, 6, 7, 8, 9, 10, 11, 12, 13, 14, 15, 16, 17, 18, 19, 20, 21, 22, 23, 24, 25, 26, 27]",1.8386481
./random_graph_db/graph_db_node_28/03_p0.3/03_graph_n28_p0.3_idx8.gpickle,28,0.3,8,12,114,266,"[0, 1, 2, 3, 4, 5, 6, 7, 8, 9, 10, 11, 12, 13, 14, 15, 16, 17, 18, 19, 20, 21, 22, 23, 24, 25, 26, 27]",1.9251652
./random_graph_db/graph_db_node_28/03_p0.3/03_graph_n28_p0.3_idx9.gpickle,28,0.3,9,13,137,313,"[0, 1, 2, 3, 4, 5, 6, 7, 8, 9, 10, 11, 12, 13, 14, 15, 16, 17, 18, 19, 20, 21, 22, 23, 24, 25, 26, 27]",1.961452
./random_graph_db/graph_db_node_28/04_p0.4/04_graph_n28_p0.4_idx1.gpickle,28,0.4,1,14,168,358,"[0, 1, 2, 3, 4, 5, 6, 7, 8, 9, 10, 11, 12, 13, 14, 15, 16, 17, 18, 19, 20, 21, 22, 23, 24, 25, 26, 27]",2.2867422
./random_graph_db/graph_db_node_28/04_p0.4/04_graph_n28_p0.4_idx10.gpickle,28,0.4,10,14,149,343,"[0, 1, 2, 3, 4, 5, 6, 7, 8, 9, 10, 11, 12, 13, 14, 15, 16, 17, 18, 19, 20, 21, 22, 23, 24, 25, 26, 27]",2.0518949
./random_graph_db/graph_db_node_28/04_p0.4/04_graph_n28_p0.4_idx2.gpickle,28,0.4,2,14,160,354,"[0, 1, 2, 3, 4, 5, 6, 7, 8, 9, 10, 11, 12, 13, 14, 15, 16, 17, 18, 19, 20, 21, 22, 23, 24, 25, 26, 27]",2.1770811
./random_graph_db/graph_db_node_28/04_p0.4/04_graph_n28_p0.4_idx3.gpickle,28,0.4,3,14,164,371,"[0, 1, 2, 3, 4, 5, 6, 7, 8, 9, 10, 11, 12, 13, 14, 15, 16, 17, 18, 19, 20, 21, 22, 23, 24, 25, 26, 27]",2.1076207
./random_graph_db/graph_db_node_28/04_p0.4/04_graph_n28_p0.4_idx4.gpickle,28,0.4,4,13,168,377,"[0, 1, 2, 3, 4, 5, 6, 7, 8, 9, 10, 11, 12, 13, 14, 15, 16, 17, 18, 19, 20, 21, 22, 23, 24, 25, 26, 27]",2.2861466
./random_graph_db/graph_db_node_28/04_p0.4/04_graph_n28_p0.4_idx5.gpickle,28,0.4,5,13,147,334,"[0, 1, 2, 3, 4, 5, 6, 7, 8, 9, 10, 11, 12, 13, 14, 15, 16, 17, 18, 19, 20, 21, 22, 23, 24, 25, 26, 27]",2.107332
./random_graph_db/graph_db_node_28/04_p0.4/04_graph_n28_p0.4_idx6.gpickle,28,0.4,6,13,132,284,"[0, 1, 2, 3, 4, 5, 6, 7, 8, 9, 10, 11, 12, 13, 14, 15, 16, 17, 18, 19, 20, 21, 22, 23, 24, 25, 26, 27]",1.81827
./random_graph_db/graph_db_node_28/04_p0.4/04_graph_n28_p0.4_idx7.gpickle,28,0.4,7,14,174,380,"[0, 1, 2, 3, 4, 5, 6, 7, 8, 9, 10, 11, 12, 13, 14, 15, 16, 17, 18, 19, 20, 21, 22, 23, 24, 25, 26, 27]",2.242244
./random_graph_db/graph_db_node_28/04_p0.4/04_graph_n28_p0.4_idx8.gpickle,28,0.4,8,13,169,380,"[0, 1, 2, 3, 4, 5, 6, 7, 8, 9, 10, 11, 12, 13, 14, 15, 16, 17, 18, 19, 20, 21, 22, 23, 24, 25, 26, 27]",2.236423
./random_graph_db/graph_db_node_28/04_p0.4/04_graph_n28_p0.4_idx9.gpickle,28,0.4,9,13,167,356,"[0, 1, 2, 3, 4, 5, 6, 7, 8, 9, 10, 11, 12, 13, 14, 15, 16, 17, 18, 19, 20, 21, 22, 23, 24, 25, 26, 27]",2.1652007
./random_graph_db/graph_db_node_28/05_p0.45/05_graph_n28_p0.45_idx1.gpickle,28,0.45,1,13,151,338,"[0, 1, 2, 3, 4, 5, 6, 7, 8, 9, 10, 11, 12, 13, 14, 15, 16, 17, 18, 19, 20, 21, 22, 23, 24, 25, 26, 27]",2.1846068
./random_graph_db/graph_db_node_28/05_p0.45/05_graph_n28_p0.45_idx10.gpickle,28,0.45,10,13,153,340,"[0, 1, 2, 3, 4, 5, 6, 7, 8, 9, 10, 11, 12, 13, 14, 15, 16, 17, 18, 19, 20, 21, 22, 23, 24, 25, 26, 27]",2.0327733
./random_graph_db/graph_db_node_28/05_p0.45/05_graph_n28_p0.45_idx2.gpickle,28,0.45,2,13,159,372,"[0, 1, 2, 3, 4, 5, 6, 7, 8, 9, 10, 11, 12, 13, 14, 15, 16, 17, 18, 19, 20, 21, 22, 23, 24, 25, 26, 27]",2.327055
./random_graph_db/graph_db_node_28/05_p0.45/05_graph_n28_p0.45_idx3.gpickle,28,0.45,3,12,141,324,"[0, 1, 2, 3, 4, 5, 6, 7, 8, 9, 10, 11, 12, 13, 14, 15, 16, 17, 18, 19, 20, 21, 22, 23, 24, 25, 26, 27]",1.8645988
./random_graph_db/graph_db_node_28/05_p0.45/05_graph_n28_p0.45_idx4.gpickle,28,0.45,4,13,151,338,"[0, 1, 2, 3, 4, 5, 6, 7, 8, 9, 10, 11, 12, 13, 14, 15, 16, 17, 18, 19, 20, 21, 22, 23, 24, 25, 26, 27]",2.094636
./random_graph_db/graph_db_node_28/05_p0.45/05_graph_n28_p0.45_idx5.gpickle,28,0.45,5,13,160,364,"[0, 1, 2, 3, 4, 5, 6, 7, 8, 9, 10, 11, 12, 13, 14, 15, 16, 17, 18, 19, 20, 21, 22, 23, 24, 25, 26, 27]",2.2135239
./random_graph_db/graph_db_node_28/05_p0.45/05_graph_n28_p0.45_idx6.gpickle,28,0.45,6,12,156,363,"[0, 1, 2, 3, 4, 5, 6, 7, 8, 9, 10, 11, 12, 13, 14, 15, 16, 17, 18, 19, 20, 21, 22, 23, 24, 25, 26, 27]",2.2768509
./random_graph_db/graph_db_node_28/05_p0.45/05_graph_n28_p0.45_idx7.gpickle,28,0.45,7,13,154,350,"[0, 1, 2, 3, 4, 5, 6, 7, 8, 9, 10, 11, 12, 13, 14, 15, 16, 17, 18, 19, 20, 21, 22, 23, 24, 25, 26, 27]",2.4178078
./random_graph_db/graph_db_node_28/05_p0.45/05_graph_n28_p0.45_idx8.gpickle,28,0.45,8,14,168,365,"[0, 1, 2, 3, 4, 5, 6, 7, 8, 9, 10, 11, 12, 13, 14, 15, 16, 17, 18, 19, 20, 21, 22, 23, 24, 25, 26, 27]",2.2137721
./random_graph_db/graph_db_node_28/05_p0.45/05_graph_n28_p0.45_idx9.gpickle,28,0.45,9,13,170,389,"[0, 1, 2, 3, 4, 5, 6, 7, 8, 9, 10, 11, 12, 13, 14, 15, 16, 17, 18, 19, 20, 21, 22, 23, 24, 25, 26, 27]",2.2300258
./random_graph_db/graph_db_node_28/06_p0.5/06_graph_n28_p0.5_idx1.gpickle,28,0.5,1,13,171,377,"[0, 1, 2, 3, 4, 5, 6, 7, 8, 9, 10, 11, 12, 13, 14, 15, 16, 17, 18, 19, 20, 21, 22, 23, 24, 25, 26, 27]",2.3054233
./random_graph_db/graph_db_node_28/06_p0.5/06_graph_n28_p0.5_idx10.gpickle,28,0.5,10,12,147,360,"[0, 1, 2, 3, 4, 5, 6, 7, 8, 9, 10, 11, 12, 13, 14, 15, 16, 17, 18, 19, 20, 21, 22, 23, 24, 25, 26, 27]",2.090934
./random_graph_db/graph_db_node_28/06_p0.5/06_graph_n28_p0.5_idx2.gpickle,28,0.5,2,13,148,335,"[0, 1, 2, 3, 4, 5, 6, 7, 8, 9, 10, 11, 12, 13, 14, 15, 16, 17, 18, 19, 20, 21, 22, 23, 24, 25, 26, 27]",1.9758112
./random_graph_db/graph_db_node_28/06_p0.5/06_graph_n28_p0.5_idx3.gpickle,28,0.5,3,13,152,344,"[0, 1, 2, 3, 4, 5, 6, 7, 8, 9, 10, 11, 12, 13, 14, 15, 16, 17, 18, 19, 20, 21, 22, 23, 24, 25, 26, 27]",2.0807443
./random_graph_db/graph_db_node_28/06_p0.5/06_graph_n28_p0.5_idx4.gpickle,28,0.5,4,14,156,352,"[0, 1, 2, 3, 4, 5, 6, 7, 8, 9, 10, 11, 12, 13, 14, 15, 16, 17, 18, 19, 20, 21, 22, 23, 24, 25, 26, 27]",2.3331549
./random_graph_db/graph_db_node_28/06_p0.5/06_graph_n28_p0.5_idx5.gpickle,28,0.5,5,12,154,370,"[0, 1, 2, 3, 4, 5, 6, 7, 8, 9, 10, 11, 12, 13, 14, 15, 16, 17, 18, 19, 20, 21, 22, 23, 24, 25, 26, 27]",2.1927602
./random_graph_db/graph_db_node_28/06_p0.5/06_graph_n28_p0.5_idx6.gpickle,28,0.5,6,13,154,361,"[0, 1, 2, 3, 4, 5, 6, 7, 8, 9, 10, 11, 12, 13, 14, 15, 16, 17, 18, 19, 20, 21, 22, 23, 24, 25, 26, 27]",2.2175159
./random_graph_db/graph_db_node_28/06_p0.5/06_graph_n28_p0.5_idx7.gpickle,28,0.5,7,13,164,347,"[0, 1, 2, 3, 4, 5, 6, 7, 8, 9, 10, 11, 12, 13, 14, 15, 16, 17, 18, 19, 20, 21, 22, 23, 24, 25, 26, 27]",2.157445
./random_graph_db/graph_db_node_28/06_p0.5/06_graph_n28_p0.5_idx8.gpickle,28,0.5,8,13,158,351,"[0, 1, 2, 3, 4, 5, 6, 7, 8, 9, 10, 11, 12, 13, 14, 15, 16, 17, 18, 19, 20, 21, 22, 23, 24, 25, 26, 27]",2.128732
./random_graph_db/graph_db_node_28/06_p0.5/06_graph_n28_p0.5_idx9.gpickle,28,0.5,9,13,169,357,"[0, 1, 2, 3, 4, 5, 6, 7, 8, 9, 10, 11, 12, 13, 14, 15, 16, 17, 18, 19, 20, 21, 22, 23, 24, 25, 26, 27]",2.2240701
./random_graph_db/graph_db_node_28/07_p0.55/07_graph_n28_p0.55_idx1.gpickle,28,0.55,1,14,158,333,"[0, 1, 2, 3, 4, 5, 6, 7, 8, 9, 10, 11, 12, 13, 14, 15, 16, 17, 18, 19, 20, 21, 22, 23, 24, 25, 26, 27]",2.0822489
./random_graph_db/graph_db_node_28/07_p0.55/07_graph_n28_p0.55_idx10.gpickle,28,0.55,10,13,143,307,"[0, 1, 2, 3, 4, 5, 6, 7, 8, 9, 10, 11, 12, 13, 14, 15, 16, 17, 18, 19, 20, 21, 22, 23, 24, 25, 26, 27]",2.1538613
./random_graph_db/graph_db_node_28/07_p0.55/07_graph_n28_p0.55_idx2.gpickle,28,0.55,2,13,155,359,"[0, 1, 2, 3, 4, 5, 6, 7, 8, 9, 10, 11, 12, 13, 14, 15, 16, 17, 18, 19, 20, 21, 22, 23, 24, 25, 26, 27]",2.0445051
./random_graph_db/graph_db_node_28/07_p0.55/07_graph_n28_p0.55_idx3.gpickle,28,0.55,3,13,172,376,"[0, 1, 2, 3, 4, 5, 6, 7, 8, 9, 10, 11, 12, 13, 14, 15, 16, 17, 18, 19, 20, 21, 22, 23, 24, 25, 26, 27]",2.2639709
./random_graph_db/graph_db_node_28/07_p0.55/07_graph_n28_p0.55_idx4.gpickle,28,0.55,4,13,153,353,"[0, 1, 2, 3, 4, 5, 6, 7, 8, 9, 10, 11, 12, 13, 14, 15, 16, 17, 18, 19, 20, 21, 22, 23, 24, 25, 26, 27]",2.0357561
./random_graph_db/graph_db_node_28/07_p0.55/07_graph_n28_p0.55_idx5.gpickle,28,0.55,5,14,165,354,"[0, 1, 2, 3, 4, 5, 6, 7, 8, 9, 10, 11, 12, 13, 14, 15, 16, 17, 18, 19, 20, 21, 22, 23, 24, 25, 26, 27]",2.196722
./random_graph_db/graph_db_node_28/07_p0.55/07_graph_n28_p0.55_idx6.gpickle,28,0.55,6,13,142,324,"[0, 1, 2, 3, 4, 5, 6, 7, 8, 9, 10, 11, 12, 13, 14, 15, 16, 17, 18, 19, 20, 21, 22, 23, 24, 25, 26, 27]",2.0367761
./random_graph_db/graph_db_node_28/07_p0.55/07_graph_n28_p0.55_idx7.gpickle,28,0.55,7,13,156,360,"[0, 1, 2, 3, 4, 5, 6, 7, 8, 9, 10, 11, 12, 13, 14, 15, 16, 17, 18, 19, 20, 21, 22, 23, 24, 25, 26, 27]",2.1115971
./random_graph_db/graph_db_node_28/07_p0.55/07_graph_n28_p0.55_idx8.gpickle,28,0.55,8,14,163,366,"[0, 1, 2, 3, 4, 5, 6, 7, 8, 9, 10, 11, 12, 13, 14, 15, 16, 17, 18, 19, 20, 21, 22, 23, 24, 25, 26, 27]",2.5725629
./random_graph_db/graph_db_node_28/07_p0.55/07_graph_n28_p0.55_idx9.gpickle,28,0.55,9,13,160,349,"[0, 1, 2, 3, 4, 5, 6, 7, 8, 9, 10, 11, 12, 13, 14, 15, 16, 17, 18, 19, 20, 21, 22, 23, 24, 25, 26, 27]",2.2100847
./random_graph_db/graph_db_node_28/08_p0.6/08_graph_n28_p0.6_idx1.gpickle,28,0.6,1,13,149,352,"[0, 1, 2, 3, 4, 5, 6, 7, 8, 9, 10, 11, 12, 13, 14, 15, 16, 17, 18, 19, 20, 21, 22, 23, 24, 25, 26, 27]",2.110558
./random_graph_db/graph_db_node_28/08_p0.6/08_graph_n28_p0.6_idx10.gpickle,28,0.6,10,14,164,354,"[0, 1, 2, 3, 4, 5, 6, 7, 8, 9, 10, 11, 12, 13, 14, 15, 16, 17, 18, 19, 20, 21, 22, 23, 24, 25, 26, 27]",2.2158561
./random_graph_db/graph_db_node_28/08_p0.6/08_graph_n28_p0.6_idx2.gpickle,28,0.6,2,13,151,347,"[0, 1, 2, 3, 4, 5, 6, 7, 8, 9, 10, 11, 12, 13, 14, 15, 16, 17, 18, 19, 20, 21, 22, 23, 24, 25, 26, 27]",2.1216922
./random_graph_db/graph_db_node_28/08_p0.6/08_graph_n28_p0.6_idx3.gpickle,28,0.6,3,13,165,383,"[0, 1, 2, 3, 4, 5, 6, 7, 8, 9, 10, 11, 12, 13, 14, 15, 16, 17, 18, 19, 20, 21, 22, 23, 24, 25, 26, 27]",2.2746589
./random_graph_db/graph_db_node_28/08_p0.6/08_graph_n28_p0.6_idx4.gpickle,28,0.6,4,13,154,355,"[0, 1, 2, 3, 4, 5, 6, 7, 8, 9, 10, 11, 12, 13, 14, 15, 16, 17, 18, 19, 20, 21, 22, 23, 24, 25, 26, 27]",2.213016
./random_graph_db/graph_db_node_28/08_p0.6/08_graph_n28_p0.6_idx5.gpickle,28,0.6,5,13,150,361,"[0, 1, 2, 3, 4, 5, 6, 7, 8, 9, 10, 11, 12, 13, 14, 15, 16, 17, 18, 19, 20, 21, 22, 23, 24, 25, 26, 27]",2.00511
./random_graph_db/graph_db_node_28/08_p0.6/08_graph_n28_p0.6_idx6.gpickle,28,0.6,6,14,153,320,"[0, 1, 2, 3, 4, 5, 6, 7, 8, 9, 10, 11, 12, 13, 14, 15, 16, 17, 18, 19, 20, 21, 22, 23, 24, 25, 26, 27]",2.180033
./random_graph_db/graph_db_node_28/08_p0.6/08_graph_n28_p0.6_idx7.gpickle,28,0.6,7,14,160,341,"[0, 1, 2, 3, 4, 5, 6, 7, 8, 9, 10, 11, 12, 13, 14, 15, 16, 17, 18, 19, 20, 21, 22, 23, 24, 25, 26, 27]",2.2105749
./random_graph_db/graph_db_node_28/08_p0.6/08_graph_n28_p0.6_idx8.gpickle,28,0.6,8,13,155,353,"[0, 1, 2, 3, 4, 5, 6, 7, 8, 9, 10, 11, 12, 13, 14, 15, 16, 17, 18, 19, 20, 21, 22, 23, 24, 25, 26, 27]",2.1355841
./random_graph_db/graph_db_node_28/08_p0.6/08_graph_n28_p0.6_idx9.gpickle,28,0.6,9,14,182,404,"[0, 1, 2, 3, 4, 5, 6, 7, 8, 9, 10, 11, 12, 13, 14, 15, 16, 17, 18, 19, 20, 21, 22, 23, 24, 25, 26, 27]",2.2808411
./random_graph_db/graph_db_node_28/09_p0.65/09_graph_n28_p0.65_idx1.gpickle,28,0.65,1,14,155,365,"[0, 1, 2, 3, 4, 5, 6, 7, 8, 9, 10, 11, 12, 13, 14, 15, 16, 17, 18, 19, 20, 21, 22, 23, 24, 25, 26, 27]",2.2988632
./random_graph_db/graph_db_node_28/09_p0.65/09_graph_n28_p0.65_idx10.gpickle,28,0.65,10,13,150,350,"[0, 1, 2, 3, 4, 5, 6, 7, 8, 9, 10, 11, 12, 13, 14, 15, 16, 17, 18, 19, 20, 21, 22, 23, 24, 25, 26, 27]",1.9648881
./random_graph_db/graph_db_node_28/09_p0.65/09_graph_n28_p0.65_idx2.gpickle,28,0.65,2,13,152,349,"[0, 1, 2, 3, 4, 5, 6, 7, 8, 9, 10, 11, 12, 13, 14, 15, 16, 17, 18, 19, 20, 21, 22, 23, 24, 25, 26, 27]",2.1789529
./random_graph_db/graph_db_node_28/09_p0.65/09_graph_n28_p0.65_idx3.gpickle,28,0.65,3,13,163,369,"[0, 1, 2, 3, 4, 5, 6, 7, 8, 9, 10, 11, 12, 13, 14, 15, 16, 17, 18, 19, 20, 21, 22, 23, 24, 25, 26, 27]",2.127017
./random_graph_db/graph_db_node_28/09_p0.65/09_graph_n28_p0.65_idx4.gpickle,28,0.65,4,13,149,333,"[0, 1, 2, 3, 4, 5, 6, 7, 8, 9, 10, 11, 12, 13, 14, 15, 16, 17, 18, 19, 20, 21, 22, 23, 24, 25, 26, 27]",1.984194
./random_graph_db/graph_db_node_28/09_p0.65/09_graph_n28_p0.65_idx5.gpickle,28,0.65,5,13,149,332,"[0, 1, 2, 3, 4, 5, 6, 7, 8, 9, 10, 11, 12, 13, 14, 15, 16, 17, 18, 19, 20, 21, 22, 23, 24, 25, 26, 27]",2.0892808
./random_graph_db/graph_db_node_28/09_p0.65/09_graph_n28_p0.65_idx6.gpickle,28,0.65,6,13,156,314,"[0, 1, 2, 3, 4, 5, 6, 7, 8, 9, 10, 11, 12, 13, 14, 15, 16, 17, 18, 19, 20, 21, 22, 23, 24, 25, 26, 27]",2.2021759
./random_graph_db/graph_db_node_28/09_p0.65/09_graph_n28_p0.65_idx7.gpickle,28,0.65,7,13,150,362,"[0, 1, 2, 3, 4, 5, 6, 7, 8, 9, 10, 11, 12, 13, 14, 15, 16, 17, 18, 19, 20, 21, 22, 23, 24, 25, 26, 27]",2.2300408
./random_graph_db/graph_db_node_28/09_p0.65/09_graph_n28_p0.65_idx8.gpickle,28,0.65,8,13,162,366,"[0, 1, 2, 3, 4, 5, 6, 7, 8, 9, 10, 11, 12, 13, 14, 15, 16, 17, 18, 19, 20, 21, 22, 23, 24, 25, 26, 27]",2.089833
./random_graph_db/graph_db_node_28/09_p0.65/09_graph_n28_p0.65_idx9.gpickle,28,0.65,9,13,146,332,"[0, 1, 2, 3, 4, 5, 6, 7, 8, 9, 10, 11, 12, 13, 14, 15, 16, 17, 18, 19, 20, 21, 22, 23, 24, 25, 26, 27]",2.2578349
./random_graph_db/graph_db_node_28/10_p0.7/10_graph_n28_p0.7_idx1.gpickle,28,0.7,1,13,148,317,"[0, 1, 2, 3, 4, 5, 6, 7, 8, 9, 10, 11, 12, 13, 14, 15, 16, 17, 18, 19, 20, 21, 22, 23, 24, 25, 26, 27]",2.0555182
./random_graph_db/graph_db_node_28/10_p0.7/10_graph_n28_p0.7_idx10.gpickle,28,0.7,10,14,154,340,"[0, 1, 2, 3, 4, 5, 6, 7, 8, 9, 10, 11, 12, 13, 14, 15, 16, 17, 18, 19, 20, 21, 22, 23, 24, 25, 26, 27]",2.128531
./random_graph_db/graph_db_node_28/10_p0.7/10_graph_n28_p0.7_idx2.gpickle,28,0.7,2,14,147,339,"[0, 1, 2, 3, 4, 5, 6, 7, 8, 9, 10, 11, 12, 13, 14, 15, 16, 17, 18, 19, 20, 21, 22, 23, 24, 25, 26, 27]",2.0626462
./random_graph_db/graph_db_node_28/10_p0.7/10_graph_n28_p0.7_idx3.gpickle,28,0.7,3,12,135,316,"[0, 1, 2, 3, 4, 5, 6, 7, 8, 9, 10, 11, 12, 13, 14, 15, 16, 17, 18, 19, 20, 21, 22, 23, 24, 25, 26, 27]",1.9441721
./random_graph_db/graph_db_node_28/10_p0.7/10_graph_n28_p0.7_idx4.gpickle,28,0.7,4,13,136,316,"[0, 1, 2, 3, 4, 5, 6, 7, 8, 9, 10, 11, 12, 13, 14, 15, 16, 17, 18, 19, 20, 21, 22, 23, 24, 25, 26, 27]",2.134526
./random_graph_db/graph_db_node_28/10_p0.7/10_graph_n28_p0.7_idx5.gpickle,28,0.7,5,14,183,396,"[0, 1, 2, 3, 4, 5, 6, 7, 8, 9, 10, 11, 12, 13, 14, 15, 16, 17, 18, 19, 20, 21, 22, 23, 24, 25, 26, 27]",2.417671
./random_graph_db/graph_db_node_28/10_p0.7/10_graph_n28_p0.7_idx6.gpickle,28,0.7,6,13,137,322,"[0, 1, 2, 3, 4, 5, 6, 7, 8, 9, 10, 11, 12, 13, 14, 15, 16, 17, 18, 19, 20, 21, 22, 23, 24, 25, 26, 27]",1.980993
./random_graph_db/graph_db_node_28/10_p0.7/10_graph_n28_p0.7_idx7.gpickle,28,0.7,7,13,148,353,"[0, 1, 2, 3, 4, 5, 6, 7, 8, 9, 10, 11, 12, 13, 14, 15, 16, 17, 18, 19, 20, 21, 22, 23, 24, 25, 26, 27]",2.1941171
./random_graph_db/graph_db_node_28/10_p0.7/10_graph_n28_p0.7_idx8.gpickle,28,0.7,8,14,149,335,"[0, 1, 2, 3, 4, 5, 6, 7, 8, 9, 10, 11, 12, 13, 14, 15, 16, 17, 18, 19, 20, 21, 22, 23, 24, 25, 26, 27]",2.1390338
./random_graph_db/graph_db_node_28/10_p0.7/10_graph_n28_p0.7_idx9.gpickle,28,0.7,9,13,157,347,"[0, 1, 2, 3, 4, 5, 6, 7, 8, 9, 10, 11, 12, 13, 14, 15, 16, 17, 18, 19, 20, 21, 22, 23, 24, 25, 26, 27]",2.4616697
./random_graph_db/graph_db_node_28/11_p0.8/11_graph_n28_p0.8_idx1.gpickle,28,0.8,1,13,127,306,"[0, 1, 2, 3, 4, 5, 6, 7, 8, 9, 10, 11, 12, 13, 14, 15, 16, 17, 18, 19, 20, 21, 22, 23, 24, 25, 26, 27]",1.770607
./random_graph_db/graph_db_node_28/11_p0.8/11_graph_n28_p0.8_idx10.gpickle,28,0.8,10,13,143,305,"[0, 1, 2, 3, 4, 5, 6, 7, 8, 9, 10, 11, 12, 13, 14, 15, 16, 17, 18, 19, 20, 21, 22, 23, 24, 25, 26, 27]",1.978353
./random_graph_db/graph_db_node_28/11_p0.8/11_graph_n28_p0.8_idx2.gpickle,28,0.8,2,14,113,271,"[0, 1, 2, 3, 4, 5, 6, 7, 8, 9, 10, 11, 12, 13, 14, 15, 16, 17, 18, 19, 20, 21, 22, 23, 24, 25, 26, 27]",1.4518831
./random_graph_db/graph_db_node_28/11_p0.8/11_graph_n28_p0.8_idx3.gpickle,28,0.8,3,13,144,327,"[0, 1, 2, 3, 4, 5, 6, 7, 8, 9, 10, 11, 12, 13, 14, 15, 16, 17, 18, 19, 20, 21, 22, 23, 24, 25, 26, 27]",2.006963
./random_graph_db/graph_db_node_28/11_p0.8/11_graph_n28_p0.8_idx4.gpickle,28,0.8,4,13,124,315,"[0, 1, 2, 3, 4, 5, 6, 7, 8, 9, 10, 11, 12, 13, 14, 15, 16, 17, 18, 19, 20, 21, 22, 23, 24, 25, 26, 27]",1.9222689
./random_graph_db/graph_db_node_28/11_p0.8/11_graph_n28_p0.8_idx5.gpickle,28,0.8,5,13,148,344,"[0, 1, 2, 3, 4, 5, 6, 7, 8, 9, 10, 11, 12, 13, 14, 15, 16, 17, 18, 19, 20, 21, 22, 23, 24, 25, 26, 27]",2.109354
./random_graph_db/graph_db_node_28/11_p0.8/11_graph_n28_p0.8_idx6.gpickle,28,0.8,6,13,102,237,"[0, 1, 2, 3, 4, 5, 6, 7, 8, 9, 10, 11, 12, 13, 14, 15, 16, 17, 18, 19, 20, 21, 22, 23, 24, 25, 26, 27]",1.5214419
./random_graph_db/graph_db_node_28/11_p0.8/11_graph_n28_p0.8_idx7.gpickle,28,0.8,7,14,105,243,"[0, 1, 2, 3, 4, 5, 6, 7, 8, 9, 10, 11, 12, 13, 14, 15, 16, 17, 18, 19, 20, 21, 22, 23, 24, 25, 26, 27]",1.7729788
./random_graph_db/graph_db_node_28/11_p0.8/11_graph_n28_p0.8_idx8.gpickle,28,0.8,8,12,130,319,"[0, 1, 2, 3, 4, 5, 6, 7, 8, 9, 10, 11, 12, 13, 14, 15, 16, 17, 18, 19, 20, 21, 22, 23, 24, 25, 26, 27]",1.9756141
./random_graph_db/graph_db_node_28/11_p0.8/11_graph_n28_p0.8_idx9.gpickle,28,0.8,9,12,132,284,"[0, 1, 2, 3, 4, 5, 6, 7, 8, 9, 10, 11, 12, 13, 14, 15, 16, 17, 18, 19, 20, 21, 22, 23, 24, 25, 26, 27]",1.863997
./random_graph_db/graph_db_node_28/12_p0.9/12_graph_n28_p0.9_idx1.gpickle,28,0.9,1,11,61,172,"[0, 1, 2, 3, 4, 5, 6, 7, 8, 9, 10, 11, 12, 13, 14, 15, 16, 17, 18, 19, 20, 21, 22, 23, 24, 25, 26, 27]",1.1779239
./random_graph_db/graph_db_node_28/12_p0.9/12_graph_n28_p0.9_idx10.gpickle,28,0.9,10,12,74,195,"[0, 1, 2, 3, 4, 5, 6, 7, 8, 9, 10, 11, 12, 13, 14, 15, 16, 17, 18, 19, 20, 21, 22, 23, 24, 25, 26, 27]",1.3165121
./random_graph_db/graph_db_node_28/12_p0.9/12_graph_n28_p0.9_idx2.gpickle,28,0.9,2,11,62,162,"[0, 1, 2, 3, 4, 5, 6, 7, 8, 9, 10, 11, 12, 13, 14, 15, 16, 17, 18, 19, 20, 21, 22, 23, 24, 25, 26, 27]",1.0986011
./random_graph_db/graph_db_node_28/12_p0.9/12_graph_n28_p0.9_idx3.gpickle,28,0.9,3,12,96,224,"[0, 1, 2, 3, 4, 5, 6, 7, 8, 9, 10, 11, 12, 13, 14, 15, 16, 17, 18, 19, 20, 21, 22, 23, 24, 25, 26, 27]",1.542078
./random_graph_db/graph_db_node_28/12_p0.9/12_graph_n28_p0.9_idx4.gpickle,28,0.9,4,12,77,179,"[0, 1, 2, 3, 4, 5, 6, 7, 8, 9, 10, 11, 12, 13, 14, 15, 16, 17, 18, 19, 20, 21, 22, 23, 24, 25, 26, 27]",1.1396799
./random_graph_db/graph_db_node_28/12_p0.9/12_graph_n28_p0.9_idx5.gpickle,28,0.9,5,11,60,164,"[0, 1, 2, 3, 4, 5, 6, 7, 8, 9, 10, 11, 12, 13, 14, 15, 16, 17, 18, 19, 20, 21, 22, 23, 24, 25, 26, 27]",1.2348533
./random_graph_db/graph_db_node_28/12_p0.9/12_graph_n28_p0.9_idx6.gpickle,28,0.9,6,11,51,153,"[0, 1, 2, 3, 4, 5, 6, 7, 8, 9, 10, 11, 12, 13, 14, 15, 16, 17, 18, 19, 20, 21, 22, 23, 24, 25, 26, 27]",1.394197
./random_graph_db/graph_db_node_28/12_p0.9/12_graph_n28_p0.9_idx7.gpickle,28,0.9,7,10,48,136,"[0, 1, 2, 3, 4, 5, 6, 7, 8, 9, 10, 11, 12, 13, 14, 15, 16, 17, 18, 19, 20, 21, 22, 23, 24, 25, 26, 27]",1.047148
./random_graph_db/graph_db_node_28/12_p0.9/12_graph_n28_p0.9_idx8.gpickle,28,0.9,8,12,82,199,"[0, 1, 2, 3, 4, 5, 6, 7, 8, 9, 10, 11, 12, 13, 14, 15, 16, 17, 18, 19, 20, 21, 22, 23, 24, 25, 26, 27]",1.56075
./random_graph_db/graph_db_node_28/12_p0.9/12_graph_n28_p0.9_idx9.gpickle,28,0.9,9,10,58,157,"[0, 1, 2, 3, 4, 5, 6, 7, 8, 9, 10, 11, 12, 13, 14, 15, 16, 17, 18, 19, 20, 21, 22, 23, 24, 25, 26, 27]",1.1083729
./random_graph_db/graph_db_node_29/01_p0.1/01_graph_n29_p0.1_idx1.gpickle,29,0.1,1,13,42,133,"[0, 1, 2, 3, 4, 5, 6, 7, 8, 9, 10, 11, 12, 13, 14, 15, 16, 17, 18, 19, 20, 21, 22, 23, 24, 25, 26, 27, 28]",1.0187168
./random_graph_db/graph_db_node_29/01_p0.1/01_graph_n29_p0.1_idx10.gpickle,29,0.1,10,13,69,178,"[0, 1, 2, 3, 4, 5, 6, 7, 8, 9, 10, 11, 12, 13, 14, 15, 16, 17, 18, 19, 20, 21, 22, 23, 24, 25, 26, 27, 28]",1.3784688
./random_graph_db/graph_db_node_29/01_p0.1/01_graph_n29_p0.1_idx2.gpickle,29,0.1,2,11,24,72,"[0, 1, 2, 3, 4, 5, 6, 7, 8, 9, 10, 11, 12, 13, 14, 15, 16, 17, 18, 19, 20, 21, 22, 23, 24, 25, 26, 27, 28]",0.7735949
./random_graph_db/graph_db_node_29/01_p0.1/01_graph_n29_p0.1_idx3.gpickle,29,0.1,3,11,35,126,"[0, 1, 2, 3, 4, 5, 6, 7, 8, 9, 10, 11, 12, 13, 14, 15, 16, 17, 18, 19, 20, 21, 22, 23, 24, 25, 26, 27, 28]",0.9090421
./random_graph_db/graph_db_node_29/01_p0.1/01_graph_n29_p0.1_idx4.gpickle,29,0.1,4,10,33,87,"[0, 1, 2, 3, 4, 5, 6, 7, 8, 9, 10, 11, 12, 13, 14, 15, 16, 17, 18, 19, 20, 21, 22, 23, 24, 25, 26, 27, 28]",0.8383081
./random_graph_db/graph_db_node_29/01_p0.1/01_graph_n29_p0.1_idx5.gpickle,29,0.1,5,11,25,90,"[0, 1, 2, 3, 4, 5, 6, 7, 8, 9, 10, 11, 12, 13, 14, 15, 16, 17, 18, 19, 20, 21, 22, 23, 24, 25, 26, 27, 28]",0.7384369
./random_graph_db/graph_db_node_29/01_p0.1/01_graph_n29_p0.1_idx6.gpickle,29,0.1,6,12,27,87,"[0, 1, 2, 3, 4, 5, 6, 7, 8, 9, 10, 11, 12, 13, 14, 15, 16, 17, 18, 19, 20, 21, 22, 23, 24, 25, 26, 27, 28]",0.8427372
./random_graph_db/graph_db_node_29/01_p0.1/01_graph_n29_p0.1_idx7.gpickle,29,0.1,7,11,34,97,"[0, 1, 2, 3, 4, 5, 6, 7, 8, 9, 10, 11, 12, 13, 14, 15, 16, 17, 18, 19, 20, 21, 22, 23, 24, 25, 26, 27, 28]",0.9083529
./random_graph_db/graph_db_node_29/01_p0.1/01_graph_n29_p0.1_idx8.gpickle,29,0.1,8,12,39,124,"[0, 1, 2, 3, 4, 5, 6, 7, 8, 9, 10, 11, 12, 13, 14, 15, 16, 17, 18, 19, 20, 21, 22, 23, 24, 25, 26, 27, 28]",0.9615178
./random_graph_db/graph_db_node_29/01_p0.1/01_graph_n29_p0.1_idx9.gpickle,29,0.1,9,11,36,96,"[0, 1, 2, 3, 4, 5, 6, 7, 8, 9, 10, 11, 12, 13, 14, 15, 16, 17, 18, 19, 20, 21, 22, 23, 24, 25, 26, 27, 28]",0.8860698
./random_graph_db/graph_db_node_29/02_p0.2/02_graph_n29_p0.2_idx1.gpickle,29,0.2,1,13,85,217,"[0, 1, 2, 3, 4, 5, 6, 7, 8, 9, 10, 11, 12, 13, 14, 15, 16, 17, 18, 19, 20, 21, 22, 23, 24, 25, 26, 27, 28]",1.7042921
./random_graph_db/graph_db_node_29/02_p0.2/02_graph_n29_p0.2_idx10.gpickle,29,0.2,10,13,118,274,"[0, 1, 2, 3, 4, 5, 6, 7, 8, 9, 10, 11, 12, 13, 14, 15, 16, 17, 18, 19, 20, 21, 22, 23, 24, 25, 26, 27, 28]",1.8994651
./random_graph_db/graph_db_node_29/02_p0.2/02_graph_n29_p0.2_idx2.gpickle,29,0.2,2,14,148,327,"[0, 1, 2, 3, 4, 5, 6, 7, 8, 9, 10, 11, 12, 13, 14, 15, 16, 17, 18, 19, 20, 21, 22, 23, 24, 25, 26, 27, 28]",2.097908
./random_graph_db/graph_db_node_29/02_p0.2/02_graph_n29_p0.2_idx3.gpickle,29,0.2,3,13,132,307,"[0, 1, 2, 3, 4, 5, 6, 7, 8, 9, 10, 11, 12, 13, 14, 15, 16, 17, 18, 19, 20, 21, 22, 23, 24, 25, 26, 27, 28]",2.492527
./random_graph_db/graph_db_node_29/02_p0.2/02_graph_n29_p0.2_idx4.gpickle,29,0.2,4,13,106,248,"[0, 1, 2, 3, 4, 5, 6, 7, 8, 9, 10, 11, 12, 13, 14, 15, 16, 17, 18, 19, 20, 21, 22, 23, 24, 25, 26, 27, 28]",1.6226871
./random_graph_db/graph_db_node_29/02_p0.2/02_graph_n29_p0.2_idx5.gpickle,29,0.2,5,11,78,202,"[0, 1, 2, 3, 4, 5, 6, 7, 8, 9, 10, 11, 12, 13, 14, 15, 16, 17, 18, 19, 20, 21, 22, 23, 24, 25, 26, 27, 28]",1.328557
./random_graph_db/graph_db_node_29/02_p0.2/02_graph_n29_p0.2_idx6.gpickle,29,0.2,6,13,111,245,"[0, 1, 2, 3, 4, 5, 6, 7, 8, 9, 10, 11, 12, 13, 14, 15, 16, 17, 18, 19, 20, 21, 22, 23, 24, 25, 26, 27, 28]",2.1818979
./random_graph_db/graph_db_node_29/02_p0.2/02_graph_n29_p0.2_idx7.gpickle,29,0.2,7,14,125,272,"[0, 1, 2, 3, 4, 5, 6, 7, 8, 9, 10, 11, 12, 13, 14, 15, 16, 17, 18, 19, 20, 21, 22, 23, 24, 25, 26, 27, 28]",2.0520699
./random_graph_db/graph_db_node_29/02_p0.2/02_graph_n29_p0.2_idx8.gpickle,29,0.2,8,12,67,175,"[0, 1, 2, 3, 4, 5, 6, 7, 8, 9, 10, 11, 12, 13, 14, 15, 16, 17, 18, 19, 20, 21, 22, 23, 24, 25, 26, 27, 28]",1.4132218
./random_graph_db/graph_db_node_29/02_p0.2/02_graph_n29_p0.2_idx9.gpickle,29,0.2,9,13,93,223,"[0, 1, 2, 3, 4, 5, 6, 7, 8, 9, 10, 11, 12, 13, 14, 15, 16, 17, 18, 19, 20, 21, 22, 23, 24, 25, 26, 27, 28]",2.1598251
./random_graph_db/graph_db_node_29/03_p0.3/03_graph_n29_p0.3_idx1.gpickle,29,0.3,1,14,151,332,"[0, 1, 2, 3, 4, 5, 6, 7, 8, 9, 10, 11, 12, 13, 14, 15, 16, 17, 18, 19, 20, 21, 22, 23, 24, 25, 26, 27, 28]",2.3812647
./random_graph_db/graph_db_node_29/03_p0.3/03_graph_n29_p0.3_idx10.gpickle,29,0.3,10,14,128,287,"[0, 1, 2, 3, 4, 5, 6, 7, 8, 9, 10, 11, 12, 13, 14, 15, 16, 17, 18, 19, 20, 21, 22, 23, 24, 25, 26, 27, 28]",2.1507068
./random_graph_db/graph_db_node_29/03_p0.3/03_graph_n29_p0.3_idx2.gpickle,29,0.3,2,13,139,307,"[0, 1, 2, 3, 4, 5, 6, 7, 8, 9, 10, 11, 12, 13, 14, 15, 16, 17, 18, 19, 20, 21, 22, 23, 24, 25, 26, 27, 28]",2.231775
./random_graph_db/graph_db_node_29/03_p0.3/03_graph_n29_p0.3_idx3.gpickle,29,0.3,3,13,145,324,"[0, 1, 2, 3, 4, 5, 6, 7, 8, 9, 10, 11, 12, 13, 14, 15, 16, 17, 18, 19, 20, 21, 22, 23, 24, 25, 26, 27, 28]",2.4033358
./random_graph_db/graph_db_node_29/03_p0.3/03_graph_n29_p0.3_idx4.gpickle,29,0.3,4,14,143,329,"[0, 1, 2, 3, 4, 5, 6, 7, 8, 9, 10, 11, 12, 13, 14, 15, 16, 17, 18, 19, 20, 21, 22, 23, 24, 25, 26, 27, 28]",2.258831
./random_graph_db/graph_db_node_29/03_p0.3/03_graph_n29_p0.3_idx5.gpickle,29,0.3,5,13,132,300,"[0, 1, 2, 3, 4, 5, 6, 7, 8, 9, 10, 11, 12, 13, 14, 15, 16, 17, 18, 19, 20, 21, 22, 23, 24, 25, 26, 27, 28]",2.3289857
./random_graph_db/graph_db_node_29/03_p0.3/03_graph_n29_p0.3_idx6.gpickle,29,0.3,6,14,160,361,"[0, 1, 2, 3, 4, 5, 6, 7, 8, 9, 10, 11, 12, 13, 14, 15, 16, 17, 18, 19, 20, 21, 22, 23, 24, 25, 26, 27, 28]",2.6595752
./random_graph_db/graph_db_node_29/03_p0.3/03_graph_n29_p0.3_idx7.gpickle,29,0.3,7,14,157,346,"[0, 1, 2, 3, 4, 5, 6, 7, 8, 9, 10, 11, 12, 13, 14, 15, 16, 17, 18, 19, 20, 21, 22, 23, 24, 25, 26, 27, 28]",2.3378062
./random_graph_db/graph_db_node_29/03_p0.3/03_graph_n29_p0.3_idx8.gpickle,29,0.3,8,14,163,359,"[0, 1, 2, 3, 4, 5, 6, 7, 8, 9, 10, 11, 12, 13, 14, 15, 16, 17, 18, 19, 20, 21, 22, 23, 24, 25, 26, 27, 28]",2.628947
./random_graph_db/graph_db_node_29/03_p0.3/03_graph_n29_p0.3_idx9.gpickle,29,0.3,9,14,167,351,"[0, 1, 2, 3, 4, 5, 6, 7, 8, 9, 10, 11, 12, 13, 14, 15, 16, 17, 18, 19, 20, 21, 22, 23, 24, 25, 26, 27, 28]",2.7299893
./random_graph_db/graph_db_node_29/04_p0.4/04_graph_n29_p0.4_idx1.gpickle,29,0.4,1,14,181,411,"[0, 1, 2, 3, 4, 5, 6, 7, 8, 9, 10, 11, 12, 13, 14, 15, 16, 17, 18, 19, 20, 21, 22, 23, 24, 25, 26, 27, 28]",2.7157078
./random_graph_db/graph_db_node_29/04_p0.4/04_graph_n29_p0.4_idx10.gpickle,29,0.4,10,13,151,336,"[0, 1, 2, 3, 4, 5, 6, 7, 8, 9, 10, 11, 12, 13, 14, 15, 16, 17, 18, 19, 20, 21, 22, 23, 24, 25, 26, 27, 28]",2.701299
./random_graph_db/graph_db_node_29/04_p0.4/04_graph_n29_p0.4_idx2.gpickle,29,0.4,2,14,189,420,"[0, 1, 2, 3, 4, 5, 6, 7, 8, 9, 10, 11, 12, 13, 14, 15, 16, 17, 18, 19, 20, 21, 22, 23, 24, 25, 26, 27, 28]",2.7812867
./random_graph_db/graph_db_node_29/04_p0.4/04_graph_n29_p0.4_idx3.gpickle,29,0.4,3,14,150,332,"[0, 1, 2, 3, 4, 5, 6, 7, 8, 9, 10, 11, 12, 13, 14, 15, 16, 17, 18, 19, 20, 21, 22, 23, 24, 25, 26, 27, 28]",2.2816801
./random_graph_db/graph_db_node_29/04_p0.4/04_graph_n29_p0.4_idx4.gpickle,29,0.4,4,14,180,414,"[0, 1, 2, 3, 4, 5, 6, 7, 8, 9, 10, 11, 12, 13, 14, 15, 16, 17, 18, 19, 20, 21, 22, 23, 24, 25, 26, 27, 28]",2.5722508
./random_graph_db/graph_db_node_29/04_p0.4/04_graph_n29_p0.4_idx5.gpickle,29,0.4,5,14,166,363,"[0, 1, 2, 3, 4, 5, 6, 7, 8, 9, 10, 11, 12, 13, 14, 15, 16, 17, 18, 19, 20, 21, 22, 23, 24, 25, 26, 27, 28]",2.4642761
./random_graph_db/graph_db_node_29/04_p0.4/04_graph_n29_p0.4_idx6.gpickle,29,0.4,6,14,175,391,"[0, 1, 2, 3, 4, 5, 6, 7, 8, 9, 10, 11, 12, 13, 14, 15, 16, 17, 18, 19, 20, 21, 22, 23, 24, 25, 26, 27, 28]",2.7551019
./random_graph_db/graph_db_node_29/04_p0.4/04_graph_n29_p0.4_idx7.gpickle,29,0.4,7,14,186,438,"[0, 1, 2, 3, 4, 5, 6, 7, 8, 9, 10, 11, 12, 13, 14, 15, 16, 17, 18, 19, 20, 21, 22, 23, 24, 25, 26, 27, 28]",2.8722649
./random_graph_db/graph_db_node_29/04_p0.4/04_graph_n29_p0.4_idx8.gpickle,29,0.4,8,14,183,407,"[0, 1, 2, 3, 4, 5, 6, 7, 8, 9, 10, 11, 12, 13, 14, 15, 16, 17, 18, 19, 20, 21, 22, 23, 24, 25, 26, 27, 28]",2.693181
./random_graph_db/graph_db_node_29/04_p0.4/04_graph_n29_p0.4_idx9.gpickle,29,0.4,9,14,166,368,"[0, 1, 2, 3, 4, 5, 6, 7, 8, 9, 10, 11, 12, 13, 14, 15, 16, 17, 18, 19, 20, 21, 22, 23, 24, 25, 26, 27, 28]",2.8063328
./random_graph_db/graph_db_node_29/05_p0.45/05_graph_n29_p0.45_idx1.gpickle,29,0.45,1,14,159,349,"[0, 1, 2, 3, 4, 5, 6, 7, 8, 9, 10, 11, 12, 13, 14, 15, 16, 17, 18, 19, 20, 21, 22, 23, 24, 25, 26, 27, 28]",2.4258077
./random_graph_db/graph_db_node_29/05_p0.45/05_graph_n29_p0.45_idx10.gpickle,29,0.45,10,14,153,326,"[0, 1, 2, 3, 4, 5, 6, 7, 8, 9, 10, 11, 12, 13, 14, 15, 16, 17, 18, 19, 20, 21, 22, 23, 24, 25, 26, 27, 28]",2.505281
./random_graph_db/graph_db_node_29/05_p0.45/05_graph_n29_p0.45_idx2.gpickle,29,0.45,2,14,168,366,"[0, 1, 2, 3, 4, 5, 6, 7, 8, 9, 10, 11, 12, 13, 14, 15, 16, 17, 18, 19, 20, 21, 22, 23, 24, 25, 26, 27, 28]",2.4704809
./random_graph_db/graph_db_node_29/05_p0.45/05_graph_n29_p0.45_idx3.gpickle,29,0.45,3,13,144,325,"[0, 1, 2, 3, 4, 5, 6, 7, 8, 9, 10, 11, 12, 13, 14, 15, 16, 17, 18, 19, 20, 21, 22, 23, 24, 25, 26, 27, 28]",2.4508259
./random_graph_db/graph_db_node_29/05_p0.45/05_graph_n29_p0.45_idx4.gpickle,29,0.45,4,14,171,373,"[0, 1, 2, 3, 4, 5, 6, 7, 8, 9, 10, 11, 12, 13, 14, 15, 16, 17, 18, 19, 20, 21, 22, 23, 24, 25, 26, 27, 28]",2.559345
./random_graph_db/graph_db_node_29/05_p0.45/05_graph_n29_p0.45_idx5.gpickle,29,0.45,5,14,196,431,"[0, 1, 2, 3, 4, 5, 6, 7, 8, 9, 10, 11, 12, 13, 14, 15, 16, 17, 18, 19, 20, 21, 22, 23, 24, 25, 26, 27, 28]",3.49493
./random_graph_db/graph_db_node_29/05_p0.45/05_graph_n29_p0.45_idx6.gpickle,29,0.45,6,14,164,370,"[0, 1, 2, 3, 4, 5, 6, 7, 8, 9, 10, 11, 12, 13, 14, 15, 16, 17, 18, 19, 20, 21, 22, 23, 24, 25, 26, 27, 28]",3.2394168
./random_graph_db/graph_db_node_29/05_p0.45/05_graph_n29_p0.45_idx7.gpickle,29,0.45,7,14,152,335,"[0, 1, 2, 3, 4, 5, 6, 7, 8, 9, 10, 11, 12, 13, 14, 15, 16, 17, 18, 19, 20, 21, 22, 23, 24, 25, 26, 27, 28]",2.4152279
./random_graph_db/graph_db_node_29/05_p0.45/05_graph_n29_p0.45_idx8.gpickle,29,0.45,8,14,168,369,"[0, 1, 2, 3, 4, 5, 6, 7, 8, 9, 10, 11, 12, 13, 14, 15, 16, 17, 18, 19, 20, 21, 22, 23, 24, 25, 26, 27, 28]",2.4630821
./random_graph_db/graph_db_node_29/05_p0.45/05_graph_n29_p0.45_idx9.gpickle,29,0.45,9,14,177,394,"[0, 1, 2, 3, 4, 5, 6, 7, 8, 9, 10, 11, 12, 13, 14, 15, 16, 17, 18, 19, 20, 21, 22, 23, 24, 25, 26, 27, 28]",2.5774169
./random_graph_db/graph_db_node_29/06_p0.5/06_graph_n29_p0.5_idx1.gpickle,29,0.5,1,13,158,364,"[0, 1, 2, 3, 4, 5, 6, 7, 8, 9, 10, 11, 12, 13, 14, 15, 16, 17, 18, 19, 20, 21, 22, 23, 24, 25, 26, 27, 28]",2.311372
./random_graph_db/graph_db_node_29/06_p0.5/06_graph_n29_p0.5_idx10.gpickle,29,0.5,10,13,169,384,"[0, 1, 2, 3, 4, 5, 6, 7, 8, 9, 10, 11, 12, 13, 14, 15, 16, 17, 18, 19, 20, 21, 22, 23, 24, 25, 26, 27, 28]",2.5747888
./random_graph_db/graph_db_node_29/06_p0.5/06_graph_n29_p0.5_idx2.gpickle,29,0.5,2,14,185,427,"[0, 1, 2, 3, 4, 5, 6, 7, 8, 9, 10, 11, 12, 13, 14, 15, 16, 17, 18, 19, 20, 21, 22, 23, 24, 25, 26, 27, 28]",2.588491
./random_graph_db/graph_db_node_29/06_p0.5/06_graph_n29_p0.5_idx3.gpickle,29,0.5,3,14,172,389,"[0, 1, 2, 3, 4, 5, 6, 7, 8, 9, 10, 11, 12, 13, 14, 15, 16, 17, 18, 19, 20, 21, 22, 23, 24, 25, 26, 27, 28]",2.6388152
./random_graph_db/graph_db_node_29/06_p0.5/06_graph_n29_p0.5_idx4.gpickle,29,0.5,4,13,175,378,"[0, 1, 2, 3, 4, 5, 6, 7, 8, 9, 10, 11, 12, 13, 14, 15, 16, 17, 18, 19, 20, 21, 22, 23, 24, 25, 26, 27, 28]",2.9112022
./random_graph_db/graph_db_node_29/06_p0.5/06_graph_n29_p0.5_idx5.gpickle,29,0.5,5,14,167,375,"[0, 1, 2, 3, 4, 5, 6, 7, 8, 9, 10, 11, 12, 13, 14, 15, 16, 17, 18, 19, 20, 21, 22, 23, 24, 25, 26, 27, 28]",3.0688357
./random_graph_db/graph_db_node_29/06_p0.5/06_graph_n29_p0.5_idx6.gpickle,29,0.5,6,14,158,354,"[0, 1, 2, 3, 4, 5, 6, 7, 8, 9, 10, 11, 12, 13, 14, 15, 16, 17, 18, 19, 20, 21, 22, 23, 24, 25, 26, 27, 28]",3.5396187
./random_graph_db/graph_db_node_29/06_p0.5/06_graph_n29_p0.5_idx7.gpickle,29,0.5,7,14,170,386,"[0, 1, 2, 3, 4, 5, 6, 7, 8, 9, 10, 11, 12, 13, 14, 15, 16, 17, 18, 19, 20, 21, 22, 23, 24, 25, 26, 27, 28]",3.4431419
./random_graph_db/graph_db_node_29/06_p0.5/06_graph_n29_p0.5_idx8.gpickle,29,0.5,8,14,186,416,"[0, 1, 2, 3, 4, 5, 6, 7, 8, 9, 10, 11, 12, 13, 14, 15, 16, 17, 18, 19, 20, 21, 22, 23, 24, 25, 26, 27, 28]",2.7720909
./random_graph_db/graph_db_node_29/06_p0.5/06_graph_n29_p0.5_idx9.gpickle,29,0.5,9,13,165,364,"[0, 1, 2, 3, 4, 5, 6, 7, 8, 9, 10, 11, 12, 13, 14, 15, 16, 17, 18, 19, 20, 21, 22, 23, 24, 25, 26, 27, 28]",3.1557071
./random_graph_db/graph_db_node_29/07_p0.55/07_graph_n29_p0.55_idx1.gpickle,29,0.55,1,13,186,395,"[0, 1, 2, 3, 4, 5, 6, 7, 8, 9, 10, 11, 12, 13, 14, 15, 16, 17, 18, 19, 20, 21, 22, 23, 24, 25, 26, 27, 28]",2.766346
./random_graph_db/graph_db_node_29/07_p0.55/07_graph_n29_p0.55_idx10.gpickle,29,0.55,10,14,163,370,"[0, 1, 2, 3, 4, 5, 6, 7, 8, 9, 10, 11, 12, 13, 14, 15, 16, 17, 18, 19, 20, 21, 22, 23, 24, 25, 26, 27, 28]",2.499692
./random_graph_db/graph_db_node_29/07_p0.55/07_graph_n29_p0.55_idx2.gpickle,29,0.55,2,13,173,388,"[0, 1, 2, 3, 4, 5, 6, 7, 8, 9, 10, 11, 12, 13, 14, 15, 16, 17, 18, 19, 20, 21, 22, 23, 24, 25, 26, 27, 28]",2.583508
./random_graph_db/graph_db_node_29/07_p0.55/07_graph_n29_p0.55_idx3.gpickle,29,0.55,3,14,181,401,"[0, 1, 2, 3, 4, 5, 6, 7, 8, 9, 10, 11, 12, 13, 14, 15, 16, 17, 18, 19, 20, 21, 22, 23, 24, 25, 26, 27, 28]",2.9340508
./random_graph_db/graph_db_node_29/07_p0.55/07_graph_n29_p0.55_idx4.gpickle,29,0.55,4,14,179,384,"[0, 1, 2, 3, 4, 5, 6, 7, 8, 9, 10, 11, 12, 13, 14, 15, 16, 17, 18, 19, 20, 21, 22, 23, 24, 25, 26, 27, 28]",3.0788779
./random_graph_db/graph_db_node_29/07_p0.55/07_graph_n29_p0.55_idx5.gpickle,29,0.55,5,13,158,354,"[0, 1, 2, 3, 4, 5, 6, 7, 8, 9, 10, 11, 12, 13, 14, 15, 16, 17, 18, 19, 20, 21, 22, 23, 24, 25, 26, 27, 28]",2.6191623
./random_graph_db/graph_db_node_29/07_p0.55/07_graph_n29_p0.55_idx6.gpickle,29,0.55,6,14,178,395,"[0, 1, 2, 3, 4, 5, 6, 7, 8, 9, 10, 11, 12, 13, 14, 15, 16, 17, 18, 19, 20, 21, 22, 23, 24, 25, 26, 27, 28]",2.6436269
./random_graph_db/graph_db_node_29/07_p0.55/07_graph_n29_p0.55_idx7.gpickle,29,0.55,7,14,189,408,"[0, 1, 2, 3, 4, 5, 6, 7, 8, 9, 10, 11, 12, 13, 14, 15, 16, 17, 18, 19, 20, 21, 22, 23, 24, 25, 26, 27, 28]",3.9972982
./random_graph_db/graph_db_node_29/07_p0.55/07_graph_n29_p0.55_idx8.gpickle,29,0.55,8,14,164,354,"[0, 1, 2, 3, 4, 5, 6, 7, 8, 9, 10, 11, 12, 13, 14, 15, 16, 17, 18, 19, 20, 21, 22, 23, 24, 25, 26, 27, 28]",2.6086762
./random_graph_db/graph_db_node_29/07_p0.55/07_graph_n29_p0.55_idx9.gpickle,29,0.55,9,14,180,410,"[0, 1, 2, 3, 4, 5, 6, 7, 8, 9, 10, 11, 12, 13, 14, 15, 16, 17, 18, 19, 20, 21, 22, 23, 24, 25, 26, 27, 28]",3.1049662
./random_graph_db/graph_db_node_29/08_p0.6/08_graph_n29_p0.6_idx1.gpickle,29,0.6,1,14,174,383,"[0, 1, 2, 3, 4, 5, 6, 7, 8, 9, 10, 11, 12, 13, 14, 15, 16, 17, 18, 19, 20, 21, 22, 23, 24, 25, 26, 27, 28]",2.8459978
./random_graph_db/graph_db_node_29/08_p0.6/08_graph_n29_p0.6_idx10.gpickle,29,0.6,10,14,153,345,"[0, 1, 2, 3, 4, 5, 6, 7, 8, 9, 10, 11, 12, 13, 14, 15, 16, 17, 18, 19, 20, 21, 22, 23, 24, 25, 26, 27, 28]",2.525964
./random_graph_db/graph_db_node_29/08_p0.6/08_graph_n29_p0.6_idx2.gpickle,29,0.6,2,13,168,406,"[0, 1, 2, 3, 4, 5, 6, 7, 8, 9, 10, 11, 12, 13, 14, 15, 16, 17, 18, 19, 20, 21, 22, 23, 24, 25, 26, 27, 28]",3.086138
./random_graph_db/graph_db_node_29/08_p0.6/08_graph_n29_p0.6_idx3.gpickle,29,0.6,3,13,169,389,"[0, 1, 2, 3, 4, 5, 6, 7, 8, 9, 10, 11, 12, 13, 14, 15, 16, 17, 18, 19, 20, 21, 22, 23, 24, 25, 26, 27, 28]",2.9161479
./random_graph_db/graph_db_node_29/08_p0.6/08_graph_n29_p0.6_idx4.gpickle,29,0.6,4,13,160,357,"[0, 1, 2, 3, 4, 5, 6, 7, 8, 9, 10, 11, 12, 13, 14, 15, 16, 17, 18, 19, 20, 21, 22, 23, 24, 25, 26, 27, 28]",2.9336042
./random_graph_db/graph_db_node_29/08_p0.6/08_graph_n29_p0.6_idx5.gpickle,29,0.6,5,14,174,407,"[0, 1, 2, 3, 4, 5, 6, 7, 8, 9, 10, 11, 12, 13, 14, 15, 16, 17, 18, 19, 20, 21, 22, 23, 24, 25, 26, 27, 28]",3.5626109
./random_graph_db/graph_db_node_29/08_p0.6/08_graph_n29_p0.6_idx6.gpickle,29,0.6,6,13,176,418,"[0, 1, 2, 3, 4, 5, 6, 7, 8, 9, 10, 11, 12, 13, 14, 15, 16, 17, 18, 19, 20, 21, 22, 23, 24, 25, 26, 27, 28]",3.9326491
./random_graph_db/graph_db_node_29/08_p0.6/08_graph_n29_p0.6_idx7.gpickle,29,0.6,7,14,178,401,"[0, 1, 2, 3, 4, 5, 6, 7, 8, 9, 10, 11, 12, 13, 14, 15, 16, 17, 18, 19, 20, 21, 22, 23, 24, 25, 26, 27, 28]",3.5315599
./random_graph_db/graph_db_node_29/08_p0.6/08_graph_n29_p0.6_idx8.gpickle,29,0.6,8,13,168,355,"[0, 1, 2, 3, 4, 5, 6, 7, 8, 9, 10, 11, 12, 13, 14, 15, 16, 17, 18, 19, 20, 21, 22, 23, 24, 25, 26, 27, 28]",2.6043761
./random_graph_db/graph_db_node_29/08_p0.6/08_graph_n29_p0.6_idx9.gpickle,29,0.6,9,14,188,411,"[0, 1, 2, 3, 4, 5, 6, 7, 8, 9, 10, 11, 12, 13, 14, 15, 16, 17, 18, 19, 20, 21, 22, 23, 24, 25, 26, 27, 28]",2.741951
./random_graph_db/graph_db_node_29/09_p0.65/09_graph_n29_p0.65_idx1.gpickle,29,0.65,1,13,172,378,"[0, 1, 2, 3, 4, 5, 6, 7, 8, 9, 10, 11, 12, 13, 14, 15, 16, 17, 18, 19, 20, 21, 22, 23, 24, 25, 26, 27, 28]",2.408601
./random_graph_db/graph_db_node_29/09_p0.65/09_graph_n29_p0.65_idx10.gpickle,29,0.65,10,13,158,373,"[0, 1, 2, 3, 4, 5, 6, 7, 8, 9, 10, 11, 12, 13, 14, 15, 16, 17, 18, 19, 20, 21, 22, 23, 24, 25, 26, 27, 28]",2.3367841
./random_graph_db/graph_db_node_29/09_p0.65/09_graph_n29_p0.65_idx2.gpickle,29,0.65,2,14,183,392,"[0, 1, 2, 3, 4, 5, 6, 7, 8, 9, 10, 11, 12, 13, 14, 15, 16, 17, 18, 19, 20, 21, 22, 23, 24, 25, 26, 27, 28]",2.7029719
./random_graph_db/graph_db_node_29/09_p0.65/09_graph_n29_p0.65_idx3.gpickle,29,0.65,3,14,156,346,"[0, 1, 2, 3, 4, 5, 6, 7, 8, 9, 10, 11, 12, 13, 14, 15, 16, 17, 18, 19, 20, 21, 22, 23, 24, 25, 26, 27, 28]",2.3630679
./random_graph_db/graph_db_node_29/09_p0.65/09_graph_n29_p0.65_idx4.gpickle,29,0.65,4,14,172,377,"[0, 1, 2, 3, 4, 5, 6, 7, 8, 9, 10, 11, 12, 13, 14, 15, 16, 17, 18, 19, 20, 21, 22, 23, 24, 25, 26, 27, 28]",2.385859
./random_graph_db/graph_db_node_29/09_p0.65/09_graph_n29_p0.65_idx5.gpickle,29,0.65,5,13,159,340,"[0, 1, 2, 3, 4, 5, 6, 7, 8, 9, 10, 11, 12, 13, 14, 15, 16, 17, 18, 19, 20, 21, 22, 23, 24, 25, 26, 27, 28]",2.3317931
./random_graph_db/graph_db_node_29/09_p0.65/09_graph_n29_p0.65_idx6.gpickle,29,0.65,6,13,137,318,"[0, 1, 2, 3, 4, 5, 6, 7, 8, 9, 10, 11, 12, 13, 14, 15, 16, 17, 18, 19, 20, 21, 22, 23, 24, 25, 26, 27, 28]",2.0883458
./random_graph_db/graph_db_node_29/09_p0.65/09_graph_n29_p0.65_idx7.gpickle,29,0.65,7,13,159,368,"[0, 1, 2, 3, 4, 5, 6, 7, 8, 9, 10, 11, 12, 13, 14, 15, 16, 17, 18, 19, 20, 21, 22, 23, 24, 25, 26, 27, 28]",2.3883069
./random_graph_db/graph_db_node_29/09_p0.65/09_graph_n29_p0.65_idx8.gpickle,29,0.65,8,13,161,390,"[0, 1, 2, 3, 4, 5, 6, 7, 8, 9, 10, 11, 12, 13, 14, 15, 16, 17, 18, 19, 20, 21, 22, 23, 24, 25, 26, 27, 28]",3.065439
./random_graph_db/graph_db_node_29/09_p0.65/09_graph_n29_p0.65_idx9.gpickle,29,0.65,9,14,184,416,"[0, 1, 2, 3, 4, 5, 6, 7, 8, 9, 10, 11, 12, 13, 14, 15, 16, 17, 18, 19, 20, 21, 22, 23, 24, 25, 26, 27, 28]",4.1271529
./random_graph_db/graph_db_node_29/10_p0.7/10_graph_n29_p0.7_idx1.gpickle,29,0.7,1,14,140,312,"[0, 1, 2, 3, 4, 5, 6, 7, 8, 9, 10, 11, 12, 13, 14, 15, 16, 17, 18, 19, 20, 21, 22, 23, 24, 25, 26, 27, 28]",2.3188648
./random_graph_db/graph_db_node_29/10_p0.7/10_graph_n29_p0.7_idx10.gpickle,29,0.7,10,14,185,401,"[0, 1, 2, 3, 4, 5, 6, 7, 8, 9, 10, 11, 12, 13, 14, 15, 16, 17, 18, 19, 20, 21, 22, 23, 24, 25, 26, 27, 28]",2.6461093
./random_graph_db/graph_db_node_29/10_p0.7/10_graph_n29_p0.7_idx2.gpickle,29,0.7,2,14,171,369,"[0, 1, 2, 3, 4, 5, 6, 7, 8, 9, 10, 11, 12, 13, 14, 15, 16, 17, 18, 19, 20, 21, 22, 23, 24, 25, 26, 27, 28]",2.6309938
./random_graph_db/graph_db_node_29/10_p0.7/10_graph_n29_p0.7_idx3.gpickle,29,0.7,3,14,147,326,"[0, 1, 2, 3, 4, 5, 6, 7, 8, 9, 10, 11, 12, 13, 14, 15, 16, 17, 18, 19, 20, 21, 22, 23, 24, 25, 26, 27, 28]",2.3266609
./random_graph_db/graph_db_node_29/10_p0.7/10_graph_n29_p0.7_idx4.gpickle,29,0.7,4,14,155,328,"[0, 1, 2, 3, 4, 5, 6, 7, 8, 9, 10, 11, 12, 13, 14, 15, 16, 17, 18, 19, 20, 21, 22, 23, 24, 25, 26, 27, 28]",2.773165
./random_graph_db/graph_db_node_29/10_p0.7/10_graph_n29_p0.7_idx5.gpickle,29,0.7,5,14,166,370,"[0, 1, 2, 3, 4, 5, 6, 7, 8, 9, 10, 11, 12, 13, 14, 15, 16, 17, 18, 19, 20, 21, 22, 23, 24, 25, 26, 27, 28]",3.288183
./random_graph_db/graph_db_node_29/10_p0.7/10_graph_n29_p0.7_idx6.gpickle,29,0.7,6,14,161,361,"[0, 1, 2, 3, 4, 5, 6, 7, 8, 9, 10, 11, 12, 13, 14, 15, 16, 17, 18, 19, 20, 21, 22, 23, 24, 25, 26, 27, 28]",3.005775
./random_graph_db/graph_db_node_29/10_p0.7/10_graph_n29_p0.7_idx7.gpickle,29,0.7,7,14,181,397,"[0, 1, 2, 3, 4, 5, 6, 7, 8, 9, 10, 11, 12, 13, 14, 15, 16, 17, 18, 19, 20, 21, 22, 23, 24, 25, 26, 27, 28]",2.910429
./random_graph_db/graph_db_node_29/10_p0.7/10_graph_n29_p0.7_idx8.gpickle,29,0.7,8,14,158,347,"[0, 1, 2, 3, 4, 5, 6, 7, 8, 9, 10, 11, 12, 13, 14, 15, 16, 17, 18, 19, 20, 21, 22, 23, 24, 25, 26, 27, 28]",2.9094179
./random_graph_db/graph_db_node_29/10_p0.7/10_graph_n29_p0.7_idx9.gpickle,29,0.7,9,14,146,335,"[0, 1, 2, 3, 4, 5, 6, 7, 8, 9, 10, 11, 12, 13, 14, 15, 16, 17, 18, 19, 20, 21, 22, 23, 24, 25, 26, 27, 28]",3.3081062
./random_graph_db/graph_db_node_29/11_p0.8/11_graph_n29_p0.8_idx1.gpickle,29,0.8,1,13,143,317,"[0, 1, 2, 3, 4, 5, 6, 7, 8, 9, 10, 11, 12, 13, 14, 15, 16, 17, 18, 19, 20, 21, 22, 23, 24, 25, 26, 27, 28]",2.5892129
./random_graph_db/graph_db_node_29/11_p0.8/11_graph_n29_p0.8_idx10.gpickle,29,0.8,10,14,136,308,"[0, 1, 2, 3, 4, 5, 6, 7, 8, 9, 10, 11, 12, 13, 14, 15, 16, 17, 18, 19, 20, 21, 22, 23, 24, 25, 26, 27, 28]",2.34482
./random_graph_db/graph_db_node_29/11_p0.8/11_graph_n29_p0.8_idx2.gpickle,29,0.8,2,14,140,308,"[0, 1, 2, 3, 4, 5, 6, 7, 8, 9, 10, 11, 12, 13, 14, 15, 16, 17, 18, 19, 20, 21, 22, 23, 24, 25, 26, 27, 28]",2.2488499
./random_graph_db/graph_db_node_29/11_p0.8/11_graph_n29_p0.8_idx3.gpickle,29,0.8,3,13,110,264,"[0, 1, 2, 3, 4, 5, 6, 7, 8, 9, 10, 11, 12, 13, 14, 15, 16, 17, 18, 19, 20, 21, 22, 23, 24, 25, 26, 27, 28]",1.9745479
./random_graph_db/graph_db_node_29/11_p0.8/11_graph_n29_p0.8_idx4.gpickle,29,0.8,4,14,142,343,"[0, 1, 2, 3, 4, 5, 6, 7, 8, 9, 10, 11, 12, 13, 14, 15, 16, 17, 18, 19, 20, 21, 22, 23, 24, 25, 26, 27, 28]",3.1292968
./random_graph_db/graph_db_node_29/11_p0.8/11_graph_n29_p0.8_idx5.gpickle,29,0.8,5,13,149,354,"[0, 1, 2, 3, 4, 5, 6, 7, 8, 9, 10, 11, 12, 13, 14, 15, 16, 17, 18, 19, 20, 21, 22, 23, 24, 25, 26, 27, 28]",2.4297721
./random_graph_db/graph_db_node_29/11_p0.8/11_graph_n29_p0.8_idx6.gpickle,29,0.8,6,13,132,317,"[0, 1, 2, 3, 4, 5, 6, 7, 8, 9, 10, 11, 12, 13, 14, 15, 16, 17, 18, 19, 20, 21, 22, 23, 24, 25, 26, 27, 28]",2.039324
./random_graph_db/graph_db_node_29/11_p0.8/11_graph_n29_p0.8_idx7.gpickle,29,0.8,7,13,151,348,"[0, 1, 2, 3, 4, 5, 6, 7, 8, 9, 10, 11, 12, 13, 14, 15, 16, 17, 18, 19, 20, 21, 22, 23, 24, 25, 26, 27, 28]",2.257416
./random_graph_db/graph_db_node_29/11_p0.8/11_graph_n29_p0.8_idx8.gpickle,29,0.8,8,13,134,323,"[0, 1, 2, 3, 4, 5, 6, 7, 8, 9, 10, 11, 12, 13, 14, 15, 16, 17, 18, 19, 20, 21, 22, 23, 24, 25, 26, 27, 28]",2.0569851
./random_graph_db/graph_db_node_29/11_p0.8/11_graph_n29_p0.8_idx9.gpickle,29,0.8,9,14,132,300,"[0, 1, 2, 3, 4, 5, 6, 7, 8, 9, 10, 11, 12, 13, 14, 15, 16, 17, 18, 19, 20, 21, 22, 23, 24, 25, 26, 27, 28]",2.2504709
./random_graph_db/graph_db_node_29/12_p0.9/12_graph_n29_p0.9_idx1.gpickle,29,0.9,1,13,59,162,"[0, 1, 2, 3, 4, 5, 6, 7, 8, 9, 10, 11, 12, 13, 14, 15, 16, 17, 18, 19, 20, 21, 22, 23, 24, 25, 26, 27, 28]",1.4847848
./random_graph_db/graph_db_node_29/12_p0.9/12_graph_n29_p0.9_idx10.gpickle,29,0.9,10,12,55,145,"[0, 1, 2, 3, 4, 5, 6, 7, 8, 9, 10, 11, 12, 13, 14, 15, 16, 17, 18, 19, 20, 21, 22, 23, 24, 25, 26, 27, 28]",1.2358022
./random_graph_db/graph_db_node_29/12_p0.9/12_graph_n29_p0.9_idx2.gpickle,29,0.9,2,11,78,193,"[0, 1, 2, 3, 4, 5, 6, 7, 8, 9, 10, 11, 12, 13, 14, 15, 16, 17, 18, 19, 20, 21, 22, 23, 24, 25, 26, 27, 28]",1.4058239
./random_graph_db/graph_db_node_29/12_p0.9/12_graph_n29_p0.9_idx3.gpickle,29,0.9,3,14,85,205,"[0, 1, 2, 3, 4, 5, 6, 7, 8, 9, 10, 11, 12, 13, 14, 15, 16, 17, 18, 19, 20, 21, 22, 23, 24, 25, 26, 27, 28]",2.6219058
./random_graph_db/graph_db_node_29/12_p0.9/12_graph_n29_p0.9_idx4.gpickle,29,0.9,4,11,84,200,"[0, 1, 2, 3, 4, 5, 6, 7, 8, 9, 10, 11, 12, 13, 14, 15, 16, 17, 18, 19, 20, 21, 22, 23, 24, 25, 26, 27, 28]",1.5400372
./random_graph_db/graph_db_node_29/12_p0.9/12_graph_n29_p0.9_idx5.gpickle,29,0.9,5,10,36,109,"[0, 1, 2, 3, 4, 5, 6, 7, 8, 9, 10, 11, 12, 13, 14, 15, 16, 17, 18, 19, 20, 21, 22, 23, 24, 25, 26, 27, 28]",0.9930029
./random_graph_db/graph_db_node_29/12_p0.9/12_graph_n29_p0.9_idx6.gpickle,29,0.9,6,9,49,141,"[0, 1, 2, 3, 4, 5, 6, 7, 8, 9, 10, 11, 12, 13, 14, 15, 16, 17, 18, 19, 20, 21, 22, 23, 24, 25, 26, 27, 28]",1.1595221
./random_graph_db/graph_db_node_29/12_p0.9/12_graph_n29_p0.9_idx7.gpickle,29,0.9,7,11,47,135,"[0, 1, 2, 3, 4, 5, 6, 7, 8, 9, 10, 11, 12, 13, 14, 15, 16, 17, 18, 19, 20, 21, 22, 23, 24, 25, 26, 27, 28]",1.1310482
./random_graph_db/graph_db_node_29/12_p0.9/12_graph_n29_p0.9_idx8.gpickle,29,0.9,8,13,63,165,"[0, 1, 2, 3, 4, 5, 6, 7, 8, 9, 10, 11, 12, 13, 14, 15, 16, 17, 18, 19, 20, 21, 22, 23, 24, 25, 26, 27, 28]",1.386986
./random_graph_db/graph_db_node_29/12_p0.9/12_graph_n29_p0.9_idx9.gpickle,29,0.9,9,13,114,263,"[0, 1, 2, 3, 4, 5, 6, 7, 8, 9, 10, 11, 12, 13, 14, 15, 16, 17, 18, 19, 20, 21, 22, 23, 24, 25, 26, 27, 28]",1.9886029
./random_graph_db/graph_db_node_30/01_p0.1/01_graph_n30_p0.1_idx1.gpickle,30,0.1,1,13,45,136,"[0, 1, 2, 3, 4, 5, 6, 7, 8, 9, 10, 11, 12, 13, 14, 15, 16, 17, 18, 19, 20, 21, 22, 23, 24, 25, 26, 27, 28, 29]",1.1040461
./random_graph_db/graph_db_node_30/01_p0.1/01_graph_n30_p0.1_idx10.gpickle,30,0.1,10,13,63,197,"[0, 1, 2, 3, 4, 5, 6, 7, 8, 9, 10, 11, 12, 13, 14, 15, 16, 17, 18, 19, 20, 21, 22, 23, 24, 25, 26, 27, 28, 29]",1.3401012
./random_graph_db/graph_db_node_30/01_p0.1/01_graph_n30_p0.1_idx2.gpickle,30,0.1,2,12,42,110,"[0, 1, 2, 3, 4, 5, 6, 7, 8, 9, 10, 11, 12, 13, 14, 15, 16, 17, 18, 19, 20, 21, 22, 23, 24, 25, 26, 27, 28, 29]",1.1006052
./random_graph_db/graph_db_node_30/01_p0.1/01_graph_n30_p0.1_idx3.gpickle,30,0.1,3,12,39,114,"[0, 1, 2, 3, 4, 5, 6, 7, 8, 9, 10, 11, 12, 13, 14, 15, 16, 17, 18, 19, 20, 21, 22, 23, 24, 25, 26, 27, 28, 29]",1.0981112
./random_graph_db/graph_db_node_30/01_p0.1/01_graph_n30_p0.1_idx4.gpickle,30,0.1,4,11,44,129,"[0, 1, 2, 3, 4, 5, 6, 7, 8, 9, 10, 11, 12, 13, 14, 15, 16, 17, 18, 19, 20, 21, 22, 23, 24, 25, 26, 27, 28, 29]",1.027622
./random_graph_db/graph_db_node_30/01_p0.1/01_graph_n30_p0.1_idx5.gpickle,30,0.1,5,11,49,122,"[0, 1, 2, 3, 4, 5, 6, 7, 8, 9, 10, 11, 12, 13, 14, 15, 16, 17, 18, 19, 20, 21, 22, 23, 24, 25, 26, 27, 28, 29]",1.0192189
./random_graph_db/graph_db_node_30/01_p0.1/01_graph_n30_p0.1_idx6.gpickle,30,0.1,6,12,52,131,"[0, 1, 2, 3, 4, 5, 6, 7, 8, 9, 10, 11, 12, 13, 14, 15, 16, 17, 18, 19, 20, 21, 22, 23, 24, 25, 26, 27, 28, 29]",1.2021468
./random_graph_db/graph_db_node_30/01_p0.1/01_graph_n30_p0.1_idx7.gpickle,30,0.1,7,10,30,88,"[0, 1, 2, 3, 4, 5, 6, 7, 8, 9, 10, 11, 12, 13, 14, 15, 16, 17, 18, 19, 20, 21, 22, 23, 24, 25, 26, 27, 28, 29]",0.8306522
./random_graph_db/graph_db_node_30/01_p0.1/01_graph_n30_p0.1_idx8.gpickle,30,0.1,8,12,58,160,"[0, 1, 2, 3, 4, 5, 6, 7, 8, 9, 10, 11, 12, 13, 14, 15, 16, 17, 18, 19, 20, 21, 22, 23, 24, 25, 26, 27, 28, 29]",1.2277739
./random_graph_db/graph_db_node_30/01_p0.1/01_graph_n30_p0.1_idx9.gpickle,30,0.1,9,12,45,143,"[0, 1, 2, 3, 4, 5, 6, 7, 8, 9, 10, 11, 12, 13, 14, 15, 16, 17, 18, 19, 20, 21, 22, 23, 24, 25, 26, 27, 28, 29]",0.97628
./random_graph_db/graph_db_node_30/02_p0.2/02_graph_n30_p0.2_idx1.gpickle,30,0.2,1,13,136,296,"[0, 1, 2, 3, 4, 5, 6, 7, 8, 9, 10, 11, 12, 13, 14, 15, 16, 17, 18, 19, 20, 21, 22, 23, 24, 25, 26, 27, 28, 29]",1.8880773
./random_graph_db/graph_db_node_30/02_p0.2/02_graph_n30_p0.2_idx10.gpickle,30,0.2,10,14,119,275,"[0, 1, 2, 3, 4, 5, 6, 7, 8, 9, 10, 11, 12, 13, 14, 15, 16, 17, 18, 19, 20, 21, 22, 23, 24, 25, 26, 27, 28, 29]",1.9922159
./random_graph_db/graph_db_node_30/02_p0.2/02_graph_n30_p0.2_idx2.gpickle,30,0.2,2,13,127,296,"[0, 1, 2, 3, 4, 5, 6, 7, 8, 9, 10, 11, 12, 13, 14, 15, 16, 17, 18, 19, 20, 21, 22, 23, 24, 25, 26, 27, 28, 29]",2.010648
./random_graph_db/graph_db_node_30/02_p0.2/02_graph_n30_p0.2_idx3.gpickle,30,0.2,3,15,120,283,"[0, 1, 2, 3, 4, 5, 6, 7, 8, 9, 10, 11, 12, 13, 14, 15, 16, 17, 18, 19, 20, 21, 22, 23, 24, 25, 26, 27, 28, 29]",1.9381378
./random_graph_db/graph_db_node_30/02_p0.2/02_graph_n30_p0.2_idx4.gpickle,30,0.2,4,14,100,248,"[0, 1, 2, 3, 4, 5, 6, 7, 8, 9, 10, 11, 12, 13, 14, 15, 16, 17, 18, 19, 20, 21, 22, 23, 24, 25, 26, 27, 28, 29]",1.7711039
./random_graph_db/graph_db_node_30/02_p0.2/02_graph_n30_p0.2_idx5.gpickle,30,0.2,5,14,102,251,"[0, 1, 2, 3, 4, 5, 6, 7, 8, 9, 10, 11, 12, 13, 14, 15, 16, 17, 18, 19, 20, 21, 22, 23, 24, 25, 26, 27, 28, 29]",1.4878328
./random_graph_db/graph_db_node_30/02_p0.2/02_graph_n30_p0.2_idx6.gpickle,30,0.2,6,14,126,277,"[0, 1, 2, 3, 4, 5, 6, 7, 8, 9, 10, 11, 12, 13, 14, 15, 16, 17, 18, 19, 20, 21, 22, 23, 24, 25, 26, 27, 28, 29]",2.0602431
./random_graph_db/graph_db_node_30/02_p0.2/02_graph_n30_p0.2_idx7.gpickle,30,0.2,7,14,111,268,"[0, 1, 2, 3, 4, 5, 6, 7, 8, 9, 10, 11, 12, 13, 14, 15, 16, 17, 18, 19, 20, 21, 22, 23, 24, 25, 26, 27, 28, 29]",1.8615909
./random_graph_db/graph_db_node_30/02_p0.2/02_graph_n30_p0.2_idx8.gpickle,30,0.2,8,15,112,260,"[0, 1, 2, 3, 4, 5, 6, 7, 8, 9, 10, 11, 12, 13, 14, 15, 16, 17, 18, 19, 20, 21, 22, 23, 24, 25, 26, 27, 28, 29]",1.8662159
./random_graph_db/graph_db_node_30/02_p0.2/02_graph_n30_p0.2_idx9.gpickle,30,0.2,9,14,133,318,"[0, 1, 2, 3, 4, 5, 6, 7, 8, 9, 10, 11, 12, 13, 14, 15, 16, 17, 18, 19, 20, 21, 22, 23, 24, 25, 26, 27, 28, 29]",2.15096
./random_graph_db/graph_db_node_30/03_p0.3/03_graph_n30_p0.3_idx1.gpickle,30,0.3,1,14,169,383,"[0, 1, 2, 3, 4, 5, 6, 7, 8, 9, 10, 11, 12, 13, 14, 15, 16, 17, 18, 19, 20, 21, 22, 23, 24, 25, 26, 27, 28, 29]",2.5903251
./random_graph_db/graph_db_node_30/03_p0.3/03_graph_n30_p0.3_idx10.gpickle,30,0.3,10,14,176,403,"[0, 1, 2, 3, 4, 5, 6, 7, 8, 9, 10, 11, 12, 13, 14, 15, 16, 17, 18, 19, 20, 21, 22, 23, 24, 25, 26, 27, 28, 29]",2.4989471
./random_graph_db/graph_db_node_30/03_p0.3/03_graph_n30_p0.3_idx2.gpickle,30,0.3,2,14,166,369,"[0, 1, 2, 3, 4, 5, 6, 7, 8, 9, 10, 11, 12, 13, 14, 15, 16, 17, 18, 19, 20, 21, 22, 23, 24, 25, 26, 27, 28, 29]",2.2496409
./random_graph_db/graph_db_node_30/03_p0.3/03_graph_n30_p0.3_idx3.gpickle,30,0.3,3,14,175,395,"[0, 1, 2, 3, 4, 5, 6, 7, 8, 9, 10, 11, 12, 13, 14, 15, 16, 17, 18, 19, 20, 21, 22, 23, 24, 25, 26, 27, 28, 29]",2.4026361
./random_graph_db/graph_db_node_30/03_p0.3/03_graph_n30_p0.3_idx4.gpickle,30,0.3,4,14,180,392,"[0, 1, 2, 3, 4, 5, 6, 7, 8, 9, 10, 11, 12, 13, 14, 15, 16, 17, 18, 19, 20, 21, 22, 23, 24, 25, 26, 27, 28, 29]",2.4912348
./random_graph_db/graph_db_node_30/03_p0.3/03_graph_n30_p0.3_idx5.gpickle,30,0.3,5,14,141,318,"[0, 1, 2, 3, 4, 5, 6, 7, 8, 9, 10, 11, 12, 13, 14, 15, 16, 17, 18, 19, 20, 21, 22, 23, 24, 25, 26, 27, 28, 29]",2.2914231
./random_graph_db/graph_db_node_30/03_p0.3/03_graph_n30_p0.3_idx6.gpickle,30,0.3,6,14,131,285,"[0, 1, 2, 3, 4, 5, 6, 7, 8, 9, 10, 11, 12, 13, 14, 15, 16, 17, 18, 19, 20, 21, 22, 23, 24, 25, 26, 27, 28, 29]",1.9284439
./random_graph_db/graph_db_node_30/03_p0.3/03_graph_n30_p0.3_idx7.gpickle,30,0.3,7,15,152,328,"[0, 1, 2, 3, 4, 5, 6, 7, 8, 9, 10, 11, 12, 13, 14, 15, 16, 17, 18, 19, 20, 21, 22, 23, 24, 25, 26, 27, 28, 29]",2.183743
./random_graph_db/graph_db_node_30/03_p0.3/03_graph_n30_p0.3_idx8.gpickle,30,0.3,8,15,138,307,"[0, 1, 2, 3, 4, 5, 6, 7, 8, 9, 10, 11, 12, 13, 14, 15, 16, 17, 18, 19, 20, 21, 22, 23, 24, 25, 26, 27, 28, 29]",2.0349228
./random_graph_db/graph_db_node_30/03_p0.3/03_graph_n30_p0.3_idx9.gpickle,30,0.3,9,14,162,388,"[0, 1, 2, 3, 4, 5, 6, 7, 8, 9, 10, 11, 12, 13, 14, 15, 16, 17, 18, 19, 20, 21, 22, 23, 24, 25, 26, 27, 28, 29]",2.965605
./random_graph_db/graph_db_node_30/04_p0.4/04_graph_n30_p0.4_idx1.gpickle,30,0.4,1,15,199,477,"[0, 1, 2, 3, 4, 5, 6, 7, 8, 9, 10, 11, 12, 13, 14, 15, 16, 17, 18, 19, 20, 21, 22, 23, 24, 25, 26, 27, 28, 29]",3.0046117
./random_graph_db/graph_db_node_30/04_p0.4/04_graph_n30_p0.4_idx10.gpickle,30,0.4,10,14,173,395,"[0, 1, 2, 3, 4, 5, 6, 7, 8, 9, 10, 11, 12, 13, 14, 15, 16, 17, 18, 19, 20, 21, 22, 23, 24, 25, 26, 27, 28, 29]",2.6583719
./random_graph_db/graph_db_node_30/04_p0.4/04_graph_n30_p0.4_idx2.gpickle,30,0.4,2,14,180,386,"[0, 1, 2, 3, 4, 5, 6, 7, 8, 9, 10, 11, 12, 13, 14, 15, 16, 17, 18, 19, 20, 21, 22, 23, 24, 25, 26, 27, 28, 29]",2.5475731
./random_graph_db/graph_db_node_30/04_p0.4/04_graph_n30_p0.4_idx3.gpickle,30,0.4,3,15,194,411,"[0, 1, 2, 3, 4, 5, 6, 7, 8, 9, 10, 11, 12, 13, 14, 15, 16, 17, 18, 19, 20, 21, 22, 23, 24, 25, 26, 27, 28, 29]",2.787297
./random_graph_db/graph_db_node_30/04_p0.4/04_graph_n30_p0.4_idx4.gpickle,30,0.4,4,15,188,401,"[0, 1, 2, 3, 4, 5, 6, 7, 8, 9, 10, 11, 12, 13, 14, 15, 16, 17, 18, 19, 20, 21, 22, 23, 24, 25, 26, 27, 28, 29]",2.731956
./random_graph_db/graph_db_node_30/04_p0.4/04_graph_n30_p0.4_idx5.gpickle,30,0.4,5,13,166,375,"[0, 1, 2, 3, 4, 5, 6, 7, 8, 9, 10, 11, 12, 13, 14, 15, 16, 17, 18, 19, 20, 21, 22, 23, 24, 25, 26, 27, 28, 29]",2.6963131
./random_graph_db/graph_db_node_30/04_p0.4/04_graph_n30_p0.4_idx6.gpickle,30,0.4,6,14,185,428,"[0, 1, 2, 3, 4, 5, 6, 7, 8, 9, 10, 11, 12, 13, 14, 15, 16, 17, 18, 19, 20, 21, 22, 23, 24, 25, 26, 27, 28, 29]",2.6520691
./random_graph_db/graph_db_node_30/04_p0.4/04_graph_n30_p0.4_idx7.gpickle,30,0.4,7,15,188,412,"[0, 1, 2, 3, 4, 5, 6, 7, 8, 9, 10, 11, 12, 13, 14, 15, 16, 17, 18, 19, 20, 21, 22, 23, 24, 25, 26, 27, 28, 29]",2.710103
./random_graph_db/graph_db_node_30/04_p0.4/04_graph_n30_p0.4_idx8.gpickle,30,0.4,8,15,182,397,"[0, 1, 2, 3, 4, 5, 6, 7, 8, 9, 10, 11, 12, 13, 14, 15, 16, 17, 18, 19, 20, 21, 22, 23, 24, 25, 26, 27, 28, 29]",2.68101
./random_graph_db/graph_db_node_30/04_p0.4/04_graph_n30_p0.4_idx9.gpickle,30,0.4,9,14,195,421,"[0, 1, 2, 3, 4, 5, 6, 7, 8, 9, 10, 11, 12, 13, 14, 15, 16, 17, 18, 19, 20, 21, 22, 23, 24, 25, 26, 27, 28, 29]",2.775902
./random_graph_db/graph_db_node_30/05_p0.45/05_graph_n30_p0.45_idx1.gpickle,30,0.45,1,14,187,434,"[0, 1, 2, 3, 4, 5, 6, 7, 8, 9, 10, 11, 12, 13, 14, 15, 16, 17, 18, 19, 20, 21, 22, 23, 24, 25, 26, 27, 28, 29]",2.7101462
./random_graph_db/graph_db_node_30/05_p0.45/05_graph_n30_p0.45_idx10.gpickle,30,0.45,10,14,178,421,"[0, 1, 2, 3, 4, 5, 6, 7, 8, 9, 10, 11, 12, 13, 14, 15, 16, 17, 18, 19, 20, 21, 22, 23, 24, 25, 26, 27, 28, 29]",2.6586308
./random_graph_db/graph_db_node_30/05_p0.45/05_graph_n30_p0.45_idx2.gpickle,30,0.45,2,13,177,405,"[0, 1, 2, 3, 4, 5, 6, 7, 8, 9, 10, 11, 12, 13, 14, 15, 16, 17, 18, 19, 20, 21, 22, 23, 24, 25, 26, 27, 28, 29]",2.6001263
./random_graph_db/graph_db_node_30/05_p0.45/05_graph_n30_p0.45_idx3.gpickle,30,0.45,3,13,176,397,"[0, 1, 2, 3, 4, 5, 6, 7, 8, 9, 10, 11, 12, 13, 14, 15, 16, 17, 18, 19, 20, 21, 22, 23, 24, 25, 26, 27, 28, 29]",2.6110172
./random_graph_db/graph_db_node_30/05_p0.45/05_graph_n30_p0.45_idx4.gpickle,30,0.45,4,14,194,438,"[0, 1, 2, 3, 4, 5, 6, 7, 8, 9, 10, 11, 12, 13, 14, 15, 16, 17, 18, 19, 20, 21, 22, 23, 24, 25, 26, 27, 28, 29]",2.9260528
./random_graph_db/graph_db_node_30/05_p0.45/05_graph_n30_p0.45_idx5.gpickle,30,0.45,5,14,178,390,"[0, 1, 2, 3, 4, 5, 6, 7, 8, 9, 10, 11, 12, 13, 14, 15, 16, 17, 18, 19, 20, 21, 22, 23, 24, 25, 26, 27, 28, 29]",3.007087
./random_graph_db/graph_db_node_30/05_p0.45/05_graph_n30_p0.45_idx6.gpickle,30,0.45,6,14,165,378,"[0, 1, 2, 3, 4, 5, 6, 7, 8, 9, 10, 11, 12, 13, 14, 15, 16, 17, 18, 19, 20, 21, 22, 23, 24, 25, 26, 27, 28, 29]",2.7691131
./random_graph_db/graph_db_node_30/05_p0.45/05_graph_n30_p0.45_idx7.gpickle,30,0.45,7,14,200,452,"[0, 1, 2, 3, 4, 5, 6, 7, 8, 9, 10, 11, 12, 13, 14, 15, 16, 17, 18, 19, 20, 21, 22, 23, 24, 25, 26, 27, 28, 29]",3.0649819
./random_graph_db/graph_db_node_30/05_p0.45/05_graph_n30_p0.45_idx8.gpickle,30,0.45,8,13,186,420,"[0, 1, 2, 3, 4, 5, 6, 7, 8, 9, 10, 11, 12, 13, 14, 15, 16, 17, 18, 19, 20, 21, 22, 23, 24, 25, 26, 27, 28, 29]",2.7374821
./random_graph_db/graph_db_node_30/05_p0.45/05_graph_n30_p0.45_idx9.gpickle,30,0.45,9,15,195,407,"[0, 1, 2, 3, 4, 5, 6, 7, 8, 9, 10, 11, 12, 13, 14, 15, 16, 17, 18, 19, 20, 21, 22, 23, 24, 25, 26, 27, 28, 29]",2.7127368
./random_graph_db/graph_db_node_30/06_p0.5/06_graph_n30_p0.5_idx1.gpickle,30,0.5,1,15,184,403,"[0, 1, 2, 3, 4, 5, 6, 7, 8, 9, 10, 11, 12, 13, 14, 15, 16, 17, 18, 19, 20, 21, 22, 23, 24, 25, 26, 27, 28, 29]",3.1481009
./random_graph_db/graph_db_node_30/06_p0.5/06_graph_n30_p0.5_idx10.gpickle,30,0.5,10,14,176,403,"[0, 1, 2, 3, 4, 5, 6, 7, 8, 9, 10, 11, 12, 13, 14, 15, 16, 17, 18, 19, 20, 21, 22, 23, 24, 25, 26, 27, 28, 29]",3.4018402
./random_graph_db/graph_db_node_30/06_p0.5/06_graph_n30_p0.5_idx2.gpickle,30,0.5,2,14,171,385,"[0, 1, 2, 3, 4, 5, 6, 7, 8, 9, 10, 11, 12, 13, 14, 15, 16, 17, 18, 19, 20, 21, 22, 23, 24, 25, 26, 27, 28, 29]",2.977546
./random_graph_db/graph_db_node_30/06_p0.5/06_graph_n30_p0.5_idx3.gpickle,30,0.5,3,14,194,442,"[0, 1, 2, 3, 4, 5, 6, 7, 8, 9, 10, 11, 12, 13, 14, 15, 16, 17, 18, 19, 20, 21, 22, 23, 24, 25, 26, 27, 28, 29]",2.8863339
./random_graph_db/graph_db_node_30/06_p0.5/06_graph_n30_p0.5_idx4.gpickle,30,0.5,4,15,185,407,"[0, 1, 2, 3, 4, 5, 6, 7, 8, 9, 10, 11, 12, 13, 14, 15, 16, 17, 18, 19, 20, 21, 22, 23, 24, 25, 26, 27, 28, 29]",3.0402472
./random_graph_db/graph_db_node_30/06_p0.5/06_graph_n30_p0.5_idx5.gpickle,30,0.5,5,14,190,424,"[0, 1, 2, 3, 4, 5, 6, 7, 8, 9, 10, 11, 12, 13, 14, 15, 16, 17, 18, 19, 20, 21, 22, 23, 24, 25, 26, 27, 28, 29]",2.9165723
./random_graph_db/graph_db_node_30/06_p0.5/06_graph_n30_p0.5_idx6.gpickle,30,0.5,6,14,185,437,"[0, 1, 2, 3, 4, 5, 6, 7, 8, 9, 10, 11, 12, 13, 14, 15, 16, 17, 18, 19, 20, 21, 22, 23, 24, 25, 26, 27, 28, 29]",2.7618999
./random_graph_db/graph_db_node_30/06_p0.5/06_graph_n30_p0.5_idx7.gpickle,30,0.5,7,15,213,470,"[0, 1, 2, 3, 4, 5, 6, 7, 8, 9, 10, 11, 12, 13, 14, 15, 16, 17, 18, 19, 20, 21, 22, 23, 24, 25, 26, 27, 28, 29]",3.0923889
./random_graph_db/graph_db_node_30/06_p0.5/06_graph_n30_p0.5_idx8.gpickle,30,0.5,8,14,203,445,"[0, 1, 2, 3, 4, 5, 6, 7, 8, 9, 10, 11, 12, 13, 14, 15, 16, 17, 18, 19, 20, 21, 22, 23, 24, 25, 26, 27, 28, 29]",2.9239399
./random_graph_db/graph_db_node_30/06_p0.5/06_graph_n30_p0.5_idx9.gpickle,30,0.5,9,14,204,445,"[0, 1, 2, 3, 4, 5, 6, 7, 8, 9, 10, 11, 12, 13, 14, 15, 16, 17, 18, 19, 20, 21, 22, 23, 24, 25, 26, 27, 28, 29]",2.8938208
./random_graph_db/graph_db_node_30/07_p0.55/07_graph_n30_p0.55_idx1.gpickle,30,0.55,1,14,195,430,"[0, 1, 2, 3, 4, 5, 6, 7, 8, 9, 10, 11, 12, 13, 14, 15, 16, 17, 18, 19, 20, 21, 22, 23, 24, 25, 26, 27, 28, 29]",2.7561841
./random_graph_db/graph_db_node_30/07_p0.55/07_graph_n30_p0.55_idx10.gpickle,30,0.55,10,14,174,400,"[0, 1, 2, 3, 4, 5, 6, 7, 8, 9, 10, 11, 12, 13, 14, 15, 16, 17, 18, 19, 20, 21, 22, 23, 24, 25, 26, 27, 28, 29]",2.833868
./random_graph_db/graph_db_node_30/07_p0.55/07_graph_n30_p0.55_idx2.gpickle,30,0.55,2,14,194,449,"[0, 1, 2, 3, 4, 5, 6, 7, 8, 9, 10, 11, 12, 13, 14, 15, 16, 17, 18, 19, 20, 21, 22, 23, 24, 25, 26, 27, 28, 29]",3.101269
./random_graph_db/graph_db_node_30/07_p0.55/07_graph_n30_p0.55_idx3.gpickle,30,0.55,3,14,182,400,"[0, 1, 2, 3, 4, 5, 6, 7, 8, 9, 10, 11, 12, 13, 14, 15, 16, 17, 18, 19, 20, 21, 22, 23, 24, 25, 26, 27, 28, 29]",2.7282088
./random_graph_db/graph_db_node_30/07_p0.55/07_graph_n30_p0.55_idx4.gpickle,30,0.55,4,15,187,408,"[0, 1, 2, 3, 4, 5, 6, 7, 8, 9, 10, 11, 12, 13, 14, 15, 16, 17, 18, 19, 20, 21, 22, 23, 24, 25, 26, 27, 28, 29]",2.7414968
./random_graph_db/graph_db_node_30/07_p0.55/07_graph_n30_p0.55_idx5.gpickle,30,0.55,5,14,195,428,"[0, 1, 2, 3, 4, 5, 6, 7, 8, 9, 10, 11, 12, 13, 14, 15, 16, 17, 18, 19, 20, 21, 22, 23, 24, 25, 26, 27, 28, 29]",2.7931418
./random_graph_db/graph_db_node_30/07_p0.55/07_graph_n30_p0.55_idx6.gpickle,30,0.55,6,15,193,417,"[0, 1, 2, 3, 4, 5, 6, 7, 8, 9, 10, 11, 12, 13, 14, 15, 16, 17, 18, 19, 20, 21, 22, 23, 24, 25, 26, 27, 28, 29]",2.7846668
./random_graph_db/graph_db_node_30/07_p0.55/07_graph_n30_p0.55_idx7.gpickle,30,0.55,7,15,176,390,"[0, 1, 2, 3, 4, 5, 6, 7, 8, 9, 10, 11, 12, 13, 14, 15, 16, 17, 18, 19, 20, 21, 22, 23, 24, 25, 26, 27, 28, 29]",2.7836506
./random_graph_db/graph_db_node_30/07_p0.55/07_graph_n30_p0.55_idx8.gpickle,30,0.55,8,14,193,417,"[0, 1, 2, 3, 4, 5, 6, 7, 8, 9, 10, 11, 12, 13, 14, 15, 16, 17, 18, 19, 20, 21, 22, 23, 24, 25, 26, 27, 28, 29]",2.775316
./random_graph_db/graph_db_node_30/07_p0.55/07_graph_n30_p0.55_idx9.gpickle,30,0.55,9,15,207,464,"[0, 1, 2, 3, 4, 5, 6, 7, 8, 9, 10, 11, 12, 13, 14, 15, 16, 17, 18, 19, 20, 21, 22, 23, 24, 25, 26, 27, 28, 29]",2.8898509
./random_graph_db/graph_db_node_30/08_p0.6/08_graph_n30_p0.6_idx1.gpickle,30,0.6,1,14,191,435,"[0, 1, 2, 3, 4, 5, 6, 7, 8, 9, 10, 11, 12, 13, 14, 15, 16, 17, 18, 19, 20, 21, 22, 23, 24, 25, 26, 27, 28, 29]",2.7189419
./random_graph_db/graph_db_node_30/08_p0.6/08_graph_n30_p0.6_idx10.gpickle,30,0.6,10,14,192,422,"[0, 1, 2, 3, 4, 5, 6, 7, 8, 9, 10, 11, 12, 13, 14, 15, 16, 17, 18, 19, 20, 21, 22, 23, 24, 25, 26, 27, 28, 29]",2.7922111
./random_graph_db/graph_db_node_30/08_p0.6/08_graph_n30_p0.6_idx2.gpickle,30,0.6,2,14,184,414,"[0, 1, 2, 3, 4, 5, 6, 7, 8, 9, 10, 11, 12, 13, 14, 15, 16, 17, 18, 19, 20, 21, 22, 23, 24, 25, 26, 27, 28, 29]",3.1045308
./random_graph_db/graph_db_node_30/08_p0.6/08_graph_n30_p0.6_idx3.gpickle,30,0.6,3,14,196,433,"[0, 1, 2, 3, 4, 5, 6, 7, 8, 9, 10, 11, 12, 13, 14, 15, 16, 17, 18, 19, 20, 21, 22, 23, 24, 25, 26, 27, 28, 29]",3.288486
./random_graph_db/graph_db_node_30/08_p0.6/08_graph_n30_p0.6_idx4.gpickle,30,0.6,4,15,190,420,"[0, 1, 2, 3, 4, 5, 6, 7, 8, 9, 10, 11, 12, 13, 14, 15, 16, 17, 18, 19, 20, 21, 22, 23, 24, 25, 26, 27, 28, 29]",2.6504083
./random_graph_db/graph_db_node_30/08_p0.6/08_graph_n30_p0.6_idx5.gpickle,30,0.6,5,15,197,438,"[0, 1, 2, 3, 4, 5, 6, 7, 8, 9, 10, 11, 12, 13, 14, 15, 16, 17, 18, 19, 20, 21, 22, 23, 24, 25, 26, 27, 28, 29]",2.7628441
./random_graph_db/graph_db_node_30/08_p0.6/08_graph_n30_p0.6_idx6.gpickle,30,0.6,6,14,183,384,"[0, 1, 2, 3, 4, 5, 6, 7, 8, 9, 10, 11, 12, 13, 14, 15, 16, 17, 18, 19, 20, 21, 22, 23, 24, 25, 26, 27, 28, 29]",2.4870207
./random_graph_db/graph_db_node_30/08_p0.6/08_graph_n30_p0.6_idx7.gpickle,30,0.6,7,14,181,409,"[0, 1, 2, 3, 4, 5, 6, 7, 8, 9, 10, 11, 12, 13, 14, 15, 16, 17, 18, 19, 20, 21, 22, 23, 24, 25, 26, 27, 28, 29]",2.7677388
./random_graph_db/graph_db_node_30/08_p0.6/08_graph_n30_p0.6_idx8.gpickle,30,0.6,8,14,176,389,"[0, 1, 2, 3, 4, 5, 6, 7, 8, 9, 10, 11, 12, 13, 14, 15, 16, 17, 18, 19, 20, 21, 22, 23, 24, 25, 26, 27, 28, 29]",2.607744
./random_graph_db/graph_db_node_30/08_p0.6/08_graph_n30_p0.6_idx9.gpickle,30,0.6,9,14,192,403,"[0, 1, 2, 3, 4, 5, 6, 7, 8, 9, 10, 11, 12, 13, 14, 15, 16, 17, 18, 19, 20, 21, 22, 23, 24, 25, 26, 27, 28, 29]",2.9092422
./random_graph_db/graph_db_node_30/09_p0.65/09_graph_n30_p0.65_idx1.gpickle,30,0.65,1,14,170,370,"[0, 1, 2, 3, 4, 5, 6, 7, 8, 9, 10, 11, 12, 13, 14, 15, 16, 17, 18, 19, 20, 21, 22, 23, 24, 25, 26, 27, 28, 29]",2.4504919
./random_graph_db/graph_db_node_30/09_p0.65/09_graph_n30_p0.65_idx10.gpickle,30,0.65,10,14,170,387,"[0, 1, 2, 3, 4, 5, 6, 7, 8, 9, 10, 11, 12, 13, 14, 15, 16, 17, 18, 19, 20, 21, 22, 23, 24, 25, 26, 27, 28, 29]",2.6163239
./random_graph_db/graph_db_node_30/09_p0.65/09_graph_n30_p0.65_idx2.gpickle,30,0.65,2,14,173,400,"[0, 1, 2, 3, 4, 5, 6, 7, 8, 9, 10, 11, 12, 13, 14, 15, 16, 17, 18, 19, 20, 21, 22, 23, 24, 25, 26, 27, 28, 29]",2.6517589
./random_graph_db/graph_db_node_30/09_p0.65/09_graph_n30_p0.65_idx3.gpickle,30,0.65,3,14,177,389,"[0, 1, 2, 3, 4, 5, 6, 7, 8, 9, 10, 11, 12, 13, 14, 15, 16, 17, 18, 19, 20, 21, 22, 23, 24, 25, 26, 27, 28, 29]",2.6865227
./random_graph_db/graph_db_node_30/09_p0.65/09_graph_n30_p0.65_idx4.gpickle,30,0.65,4,14,185,425,"[0, 1, 2, 3, 4, 5, 6, 7, 8, 9, 10, 11, 12, 13, 14, 15, 16, 17, 18, 19, 20, 21, 22, 23, 24, 25, 26, 27, 28, 29]",2.6929078
./random_graph_db/graph_db_node_30/09_p0.65/09_graph_n30_p0.65_idx5.gpickle,30,0.65,5,14,169,378,"[0, 1, 2, 3, 4, 5, 6, 7, 8, 9, 10, 11, 12, 13, 14, 15, 16, 17, 18, 19, 20, 21, 22, 23, 24, 25, 26, 27, 28, 29]",2.4003851
./random_graph_db/graph_db_node_30/09_p0.65/09_graph_n30_p0.65_idx6.gpickle,30,0.65,6,15,190,414,"[0, 1, 2, 3, 4, 5, 6, 7, 8, 9, 10, 11, 12, 13, 14, 15, 16, 17, 18, 19, 20, 21, 22, 23, 24, 25, 26, 27, 28, 29]",2.5571399
./random_graph_db/graph_db_node_30/09_p0.65/09_graph_n30_p0.65_idx7.gpickle,30,0.65,7,14,186,410,"[0, 1, 2, 3, 4, 5, 6, 7, 8, 9, 10, 11, 12, 13, 14, 15, 16, 17, 18, 19, 20, 21, 22, 23, 24, 25, 26, 27, 28, 29]",2.8320398
./random_graph_db/graph_db_node_30/09_p0.65/09_graph_n30_p0.65_idx8.gpickle,30,0.65,8,13,181,409,"[0, 1, 2, 3, 4, 5, 6, 7, 8, 9, 10, 11, 12, 13, 14, 15, 16, 17, 18, 19, 20, 21, 22, 23, 24, 25, 26, 27, 28, 29]",2.6128531
./random_graph_db/graph_db_node_30/09_p0.65/09_graph_n30_p0.65_idx9.gpickle,30,0.65,9,14,193,423,"[0, 1, 2, 3, 4, 5, 6, 7, 8, 9, 10, 11, 12, 13, 14, 15, 16, 17, 18, 19, 20, 21, 22, 23, 24, 25, 26, 27, 28, 29]",2.671324
./random_graph_db/graph_db_node_30/10_p0.7/10_graph_n30_p0.7_idx1.gpickle,30,0.7,1,14,195,413,"[0, 1, 2, 3, 4, 5, 6, 7, 8, 9, 10, 11, 12, 13, 14, 15, 16, 17, 18, 19, 20, 21, 22, 23, 24, 25, 26, 27, 28, 29]",2.7141621
./random_graph_db/graph_db_node_30/10_p0.7/10_graph_n30_p0.7_idx10.gpickle,30,0.7,10,14,175,376,"[0, 1, 2, 3, 4, 5, 6, 7, 8, 9, 10, 11, 12, 13, 14, 15, 16, 17, 18, 19, 20, 21, 22, 23, 24, 25, 26, 27, 28, 29]",2.5636449
./random_graph_db/graph_db_node_30/10_p0.7/10_graph_n30_p0.7_idx2.gpickle,30,0.7,2,15,187,388,"[0, 1, 2, 3, 4, 5, 6, 7, 8, 9, 10, 11, 12, 13, 14, 15, 16, 17, 18, 19, 20, 21, 22, 23, 24, 25, 26, 27, 28, 29]",2.7124207
./random_graph_db/graph_db_node_30/10_p0.7/10_graph_n30_p0.7_idx3.gpickle,30,0.7,3,15,172,390,"[0, 1, 2, 3, 4, 5, 6, 7, 8, 9, 10, 11, 12, 13, 14, 15, 16, 17, 18, 19, 20, 21, 22, 23, 24, 25, 26, 27, 28, 29]",2.5007002
./random_graph_db/graph_db_node_30/10_p0.7/10_graph_n30_p0.7_idx4.gpickle,30,0.7,4,14,183,414,"[0, 1, 2, 3, 4, 5, 6, 7, 8, 9, 10, 11, 12, 13, 14, 15, 16, 17, 18, 19, 20, 21, 22, 23, 24, 25, 26, 27, 28, 29]",3.0247209
./random_graph_db/graph_db_node_30/10_p0.7/10_graph_n30_p0.7_idx5.gpickle,30,0.7,5,15,197,429,"[0, 1, 2, 3, 4, 5, 6, 7, 8, 9, 10, 11, 12, 13, 14, 15, 16, 17, 18, 19, 20, 21, 22, 23, 24, 25, 26, 27, 28, 29]",2.9409239
./random_graph_db/graph_db_node_30/10_p0.7/10_graph_n30_p0.7_idx6.gpickle,30,0.7,6,14,172,393,"[0, 1, 2, 3, 4, 5, 6, 7, 8, 9, 10, 11, 12, 13, 14, 15, 16, 17, 18, 19, 20, 21, 22, 23, 24, 25, 26, 27, 28, 29]",2.5534599
./random_graph_db/graph_db_node_30/10_p0.7/10_graph_n30_p0.7_idx7.gpickle,30,0.7,7,14,176,394,"[0, 1, 2, 3, 4, 5, 6, 7, 8, 9, 10, 11, 12, 13, 14, 15, 16, 17, 18, 19, 20, 21, 22, 23, 24, 25, 26, 27, 28, 29]",2.811532
./random_graph_db/graph_db_node_30/10_p0.7/10_graph_n30_p0.7_idx8.gpickle,30,0.7,8,14,168,378,"[0, 1, 2, 3, 4, 5, 6, 7, 8, 9, 10, 11, 12, 13, 14, 15, 16, 17, 18, 19, 20, 21, 22, 23, 24, 25, 26, 27, 28, 29]",2.5878031
./random_graph_db/graph_db_node_30/10_p0.7/10_graph_n30_p0.7_idx9.gpickle,30,0.7,9,15,172,368,"[0, 1, 2, 3, 4, 5, 6, 7, 8, 9, 10, 11, 12, 13, 14, 15, 16, 17, 18, 19, 20, 21, 22, 23, 24, 25, 26, 27, 28, 29]",2.4211493
./random_graph_db/graph_db_node_30/11_p0.8/11_graph_n30_p0.8_idx1.gpickle,30,0.8,1,14,141,327,"[0, 1, 2, 3, 4, 5, 6, 7, 8, 9, 10, 11, 12, 13, 14, 15, 16, 17, 18, 19, 20, 21, 22, 23, 24, 25, 26, 27, 28, 29]",2.1988542
./random_graph_db/graph_db_node_30/11_p0.8/11_graph_n30_p0.8_idx10.gpickle,30,0.8,10,15,198,430,"[0, 1, 2, 3, 4, 5, 6, 7, 8, 9, 10, 11, 12, 13, 14, 15, 16, 17, 18, 19, 20, 21, 22, 23, 24, 25, 26, 27, 28, 29]",2.8363278
./random_graph_db/graph_db_node_30/11_p0.8/11_graph_n30_p0.8_idx2.gpickle,30,0.8,2,14,136,282,"[0, 1, 2, 3, 4, 5, 6, 7, 8, 9, 10, 11, 12, 13, 14, 15, 16, 17, 18, 19, 20, 21, 22, 23, 24, 25, 26, 27, 28, 29]",2.168437
./random_graph_db/graph_db_node_30/11_p0.8/11_graph_n30_p0.8_idx3.gpickle,30,0.8,3,13,175,400,"[0, 1, 2, 3, 4, 5, 6, 7, 8, 9, 10, 11, 12, 13, 14, 15, 16, 17, 18, 19, 20, 21, 22, 23, 24, 25, 26, 27, 28, 29]",2.7023561
./random_graph_db/graph_db_node_30/11_p0.8/11_graph_n30_p0.8_idx4.gpickle,30,0.8,4,14,157,356,"[0, 1, 2, 3, 4, 5, 6, 7, 8, 9, 10, 11, 12, 13, 14, 15, 16, 17, 18, 19, 20, 21, 22, 23, 24, 25, 26, 27, 28, 29]",2.5094838
./random_graph_db/graph_db_node_30/11_p0.8/11_graph_n30_p0.8_idx5.gpickle,30,0.8,5,14,154,339,"[0, 1, 2, 3, 4, 5, 6, 7, 8, 9, 10, 11, 12, 13, 14, 15, 16, 17, 18, 19, 20, 21, 22, 23, 24, 25, 26, 27, 28, 29]",2.455935
./random_graph_db/graph_db_node_30/11_p0.8/11_graph_n30_p0.8_idx6.gpickle,30,0.8,6,13,133,301,"[0, 1, 2, 3, 4, 5, 6, 7, 8, 9, 10, 11, 12, 13, 14, 15, 16, 17, 18, 19, 20, 21, 22, 23, 24, 25, 26, 27, 28, 29]",2.0214939
./random_graph_db/graph_db_node_30/11_p0.8/11_graph_n30_p0.8_idx7.gpickle,30,0.8,7,14,191,413,"[0, 1, 2, 3, 4, 5, 6, 7, 8, 9, 10, 11, 12, 13, 14, 15, 16, 17, 18, 19, 20, 21, 22, 23, 24, 25, 26, 27, 28, 29]",2.7151852
./random_graph_db/graph_db_node_30/11_p0.8/11_graph_n30_p0.8_idx8.gpickle,30,0.8,8,13,158,362,"[0, 1, 2, 3, 4, 5, 6, 7, 8, 9, 10, 11, 12, 13, 14, 15, 16, 17, 18, 19, 20, 21, 22, 23, 24, 25, 26, 27, 28, 29]",2.2384541
./random_graph_db/graph_db_node_30/11_p0.8/11_graph_n30_p0.8_idx9.gpickle,30,0.8,9,14,148,328,"[0, 1, 2, 3, 4, 5, 6, 7, 8, 9, 10, 11, 12, 13, 14, 15, 16, 17, 18, 19, 20, 21, 22, 23, 24, 25, 26, 27, 28, 29]",2.1817269
./random_graph_db/graph_db_node_30/12_p0.9/12_graph_n30_p0.9_idx1.gpickle,30,0.9,1,13,62,155,"[0, 1, 2, 3, 4, 5, 6, 7, 8, 9, 10, 11, 12, 13, 14, 15, 16, 17, 18, 19, 20, 21, 22, 23, 24, 25, 26, 27, 28, 29]",1.2731228
./random_graph_db/graph_db_node_30/12_p0.9/12_graph_n30_p0.9_idx10.gpickle,30,0.9,10,13,72,179,"[0, 1, 2, 3, 4, 5, 6, 7, 8, 9, 10, 11, 12, 13, 14, 15, 16, 17, 18, 19, 20, 21, 22, 23, 24, 25, 26, 27, 28, 29]",1.356848
./random_graph_db/graph_db_node_30/12_p0.9/12_graph_n30_p0.9_idx2.gpickle,30,0.9,2,13,80,195,"[0, 1, 2, 3, 4, 5, 6, 7, 8, 9, 10, 11, 12, 13, 14, 15, 16, 17, 18, 19, 20, 21, 22, 23, 24, 25, 26, 27, 28, 29]",1.4687438
./random_graph_db/graph_db_node_30/12_p0.9/12_graph_n30_p0.9_idx3.gpickle,30,0.9,3,13,99,230,"[0, 1, 2, 3, 4, 5, 6, 7, 8, 9, 10, 11, 12, 13, 14, 15, 16, 17, 18, 19, 20, 21, 22, 23, 24, 25, 26, 27, 28, 29]",1.5600808
./random_graph_db/graph_db_node_30/12_p0.9/12_graph_n30_p0.9_idx4.gpickle,30,0.9,4,12,73,175,"[0, 1, 2, 3, 4, 5, 6, 7, 8, 9, 10, 11, 12, 13, 14, 15, 16, 17, 18, 19, 20, 21, 22, 23, 24, 25, 26, 27, 28, 29]",1.389523
./random_graph_db/graph_db_node_30/12_p0.9/12_graph_n30_p0.9_idx5.gpickle,30,0.9,5,10,47,131,"[0, 1, 2, 3, 4, 5, 6, 7, 8, 9, 10, 11, 12, 13, 14, 15, 16, 17, 18, 19, 20, 21, 22, 23, 24, 25, 26, 27, 28, 29]",1.1878731
./random_graph_db/graph_db_node_30/12_p0.9/12_graph_n30_p0.9_idx6.gpickle,30,0.9,6,13,70,193,"[0, 1, 2, 3, 4, 5, 6, 7, 8, 9, 10, 11, 12, 13, 14, 15, 16, 17, 18, 19, 20, 21, 22, 23, 24, 25, 26, 27, 28, 29]",1.304945
./random_graph_db/graph_db_node_30/12_p0.9/12_graph_n30_p0.9_idx7.gpickle,30,0.9,7,12,39,133,"[0, 1, 2, 3, 4, 5, 6, 7, 8, 9, 10, 11, 12, 13, 14, 15, 16, 17, 18, 19, 20, 21, 22, 23, 24, 25, 26, 27, 28, 29]",1.0317001
./random_graph_db/graph_db_node_30/12_p0.9/12_graph_n30_p0.9_idx8.gpickle,30,0.9,8,12,112,253,"[0, 1, 2, 3, 4, 5, 6, 7, 8, 9, 10, 11, 12, 13, 14, 15, 16, 17, 18, 19, 20, 21, 22, 23, 24, 25, 26, 27, 28, 29]",1.809937
./random_graph_db/graph_db_node_30/12_p0.9/12_graph_n30_p0.9_idx9.gpickle,30,0.9,9,14,77,201,"[0, 1, 2, 3, 4, 5, 6, 7, 8, 9, 10, 11, 12, 13, 14, 15, 16, 17, 18, 19, 20, 21, 22, 23, 24, 25, 26, 27, 28, 29]",1.4123478
./random_graph_db/graph_db_node_6/01_p0.1/01_graph_n6_p0.1_idx1.gpickle,6,0.1,1,2,1,11,"[0, 1, 2, 3, 4, 5]",0.0257699
./random_graph_db/graph_db_node_6/01_p0.1/01_graph_n6_p0.1_idx10.gpickle,6,0.1,10,1,0,7,"[0, 1, 2, 3, 4, 5]",0.0162611
./random_graph_db/graph_db_node_6/01_p0.1/01_graph_n6_p0.1_idx2.gpickle,6,0.1,2,3,2,11,"[0, 1, 2, 3, 4, 5]",0.0289321
./random_graph_db/graph_db_node_6/01_p0.1/01_graph_n6_p0.1_idx3.gpickle,6,0.1,3,2,1,9,"[0, 1, 2, 3, 4, 5]",0.0202732
./random_graph_db/graph_db_node_6/01_p0.1/01_graph_n6_p0.1_idx4.gpickle,6,0.1,4,2,2,14,"[0, 1, 2, 3, 4, 5]",0.0345681
./random_graph_db/graph_db_node_6/01_p0.1/01_graph_n6_p0.1_idx5.gpickle,6,0.1,5,2,1,11,"[0, 1, 2, 3, 4, 5]",0.0210171
./random_graph_db/graph_db_node_6/01_p0.1/01_graph_n6_p0.1_idx6.gpickle,6,0.1,6,2,1,11,"[0, 1, 2, 3, 4, 5]",0.0198078
./random_graph_db/graph_db_node_6/01_p0.1/01_graph_n6_p0.1_idx7.gpickle,6,0.1,7,2,1,9,"[0, 1, 2, 3, 4, 5]",0.025835
./random_graph_db/graph_db_node_6/01_p0.1/01_graph_n6_p0.1_idx8.gpickle,6,0.1,8,2,1,9,"[0, 1, 2, 3, 4, 5]",0.0257258
./random_graph_db/graph_db_node_6/01_p0.1/01_graph_n6_p0.1_idx9.gpickle,6,0.1,9,2,2,12,"[0, 1, 2, 3, 4, 5]",0.0320303
./random_graph_db/graph_db_node_6/02_p0.2/02_graph_n6_p0.2_idx1.gpickle,6,0.2,1,2,2,12,"[0, 1, 2, 3, 4, 5]",0.0276599
./random_graph_db/graph_db_node_6/02_p0.2/02_graph_n6_p0.2_idx10.gpickle,6,0.2,10,2,1,9,"[0, 1, 2, 3, 4, 5]",0.025604
./random_graph_db/graph_db_node_6/02_p0.2/02_graph_n6_p0.2_idx2.gpickle,6,0.2,2,3,3,14,"[0, 1, 2, 3, 4, 5]",0.0317061
./random_graph_db/graph_db_node_6/02_p0.2/02_graph_n6_p0.2_idx3.gpickle,6,0.2,3,2,2,10,"[0, 1, 2, 3, 4, 5]",0.032207
./random_graph_db/graph_db_node_6/02_p0.2/02_graph_n6_p0.2_idx4.gpickle,6,0.2,4,3,4,17,"[0, 1, 2, 3, 4, 5]",0.0321171
./random_graph_db/graph_db_node_6/02_p0.2/02_graph_n6_p0.2_idx5.gpickle,6,0.2,5,2,1,11,"[0, 1, 2, 3, 4, 5]",0.0257678
./random_graph_db/graph_db_node_6/02_p0.2/02_graph_n6_p0.2_idx6.gpickle,6,0.2,6,3,2,15,"[0, 1, 2, 3, 4, 5]",0.0344138
./random_graph_db/graph_db_node_6/02_p0.2/02_graph_n6_p0.2_idx7.gpickle,6,0.2,7,2,1,9,"[0, 1, 2, 3, 4, 5]",0.02528
./random_graph_db/graph_db_node_6/02_p0.2/02_graph_n6_p0.2_idx8.gpickle,6,0.2,8,2,1,9,"[0, 1, 2, 3, 4, 5]",0.0196419
./random_graph_db/graph_db_node_6/02_p0.2/02_graph_n6_p0.2_idx9.gpickle,6,0.2,9,2,1,9,"[0, 1, 2, 3, 4, 5]",0.0249543
./random_graph_db/graph_db_node_6/03_p0.3/03_graph_n6_p0.3_idx1.gpickle,6,0.3,1,3,2,11,"[0, 1, 2, 3, 4, 5]",0.0286379
./random_graph_db/graph_db_node_6/03_p0.3/03_graph_n6_p0.3_idx10.gpickle,6,0.3,10,2,2,12,"[0, 1, 2, 3, 4, 5]",0.0259688
./random_graph_db/graph_db_node_6/03_p0.3/03_graph_n6_p0.3_idx2.gpickle,6,0.3,2,2,1,11,"[0, 1, 2, 3, 4, 5]",0.0266442
./random_graph_db/graph_db_node_6/03_p0.3/03_graph_n6_p0.3_idx3.gpickle,6,0.3,3,2,1,11,"[0, 1, 2, 3, 4, 5]",0.0253932
./random_graph_db/graph_db_node_6/03_p0.3/03_graph_n6_p0.3_idx4.gpickle,6,0.3,4,3,4,17,"[0, 1, 2, 3, 4, 5]",0.0443819
./random_graph_db/graph_db_node_6/03_p0.3/03_graph_n6_p0.3_idx5.gpickle,6,0.3,5,2,1,13,"[0, 1, 2, 3, 4, 5]",0.020663
./random_graph_db/graph_db_node_6/03_p0.3/03_graph_n6_p0.3_idx6.gpickle,6,0.3,6,2,1,11,"[0, 1, 2, 3, 4, 5]",0.0264959
./random_graph_db/graph_db_node_6/03_p0.3/03_graph_n6_p0.3_idx7.gpickle,6,0.3,7,3,3,14,"[0, 1, 2, 3, 4, 5]",0.0301719
./random_graph_db/graph_db_node_6/03_p0.3/03_graph_n6_p0.3_idx8.gpickle,6,0.3,8,3,2,13,"[0, 1, 2, 3, 4, 5]",0.0293849
./random_graph_db/graph_db_node_6/03_p0.3/03_graph_n6_p0.3_idx9.gpickle,6,0.3,9,2,1,11,"[0, 1, 2, 3, 4, 5]",0.025249
./random_graph_db/graph_db_node_6/04_p0.4/04_graph_n6_p0.4_idx1.gpickle,6,0.4,1,2,1,13,"[0, 1, 2, 3, 4, 5]",0.026263
./random_graph_db/graph_db_node_6/04_p0.4/04_graph_n6_p0.4_idx10.gpickle,6,0.4,10,2,1,11,"[0, 1, 2, 3, 4, 5]",0.0261543
./random_graph_db/graph_db_node_6/04_p0.4/04_graph_n6_p0.4_idx2.gpickle,6,0.4,2,3,5,18,"[0, 1, 2, 3, 4, 5]",0.045208
./random_graph_db/graph_db_node_6/04_p0.4/04_graph_n6_p0.4_idx3.gpickle,6,0.4,3,3,3,12,"[0, 1, 2, 3, 4, 5]",0.0386069
./random_graph_db/graph_db_node_6/04_p0.4/04_graph_n6_p0.4_idx4.gpickle,6,0.4,4,3,5,18,"[0, 1, 2, 3, 4, 5]",0.0439172
./random_graph_db/graph_db_node_6/04_p0.4/04_graph_n6_p0.4_idx5.gpickle,6,0.4,5,2,2,15,"[0, 1, 2, 3, 4, 5]",0.0272899
./random_graph_db/graph_db_node_6/04_p0.4/04_graph_n6_p0.4_idx6.gpickle,6,0.4,6,2,1,9,"[0, 1, 2, 3, 4, 5]",0.0254059
./random_graph_db/graph_db_node_6/04_p0.4/04_graph_n6_p0.4_idx7.gpickle,6,0.4,7,3,3,16,"[0, 1, 2, 3, 4, 5]",0.0712571
./random_graph_db/graph_db_node_6/04_p0.4/04_graph_n6_p0.4_idx8.gpickle,6,0.4,8,2,2,14,"[0, 1, 2, 3, 4, 5]",0.0330753
./random_graph_db/graph_db_node_6/04_p0.4/04_graph_n6_p0.4_idx9.gpickle,6,0.4,9,2,3,20,"[0, 1, 2, 3, 4, 5]",0.0341821
./random_graph_db/graph_db_node_6/05_p0.45/05_graph_n6_p0.45_idx1.gpickle,6,0.45,1,3,2,13,"[0, 1, 2, 3, 4, 5]",0.0339229
./random_graph_db/graph_db_node_6/05_p0.45/05_graph_n6_p0.45_idx10.gpickle,6,0.45,10,3,3,14,"[0, 1, 2, 3, 4, 5]",0.038723
./random_graph_db/graph_db_node_6/05_p0.45/05_graph_n6_p0.45_idx2.gpickle,6,0.45,2,2,2,14,"[0, 1, 2, 3, 4, 5]",0.028316
./random_graph_db/graph_db_node_6/05_p0.45/05_graph_n6_p0.45_idx3.gpickle,6,0.45,3,3,2,11,"[0, 1, 2, 3, 4, 5]",0.0365908
./random_graph_db/graph_db_node_6/05_p0.45/05_graph_n6_p0.45_idx4.gpickle,6,0.45,4,2,1,11,"[0, 1, 2, 3, 4, 5]",0.0258179
./random_graph_db/graph_db_node_6/05_p0.45/05_graph_n6_p0.45_idx5.gpickle,6,0.45,5,2,2,21,"[0, 1, 2, 3, 4, 5]",0.033258
./random_graph_db/graph_db_node_6/05_p0.45/05_graph_n6_p0.45_idx6.gpickle,6,0.45,6,2,1,11,"[0, 1, 2, 3, 4, 5]",0.0261559
./random_graph_db/graph_db_node_6/05_p0.45/05_graph_n6_p0.45_idx7.gpickle,6,0.45,7,3,2,13,"[0, 1, 2, 3, 4, 5]",0.0358729
./random_graph_db/graph_db_node_6/05_p0.45/05_graph_n6_p0.45_idx8.gpickle,6,0.45,8,2,3,15,"[0, 1, 2, 3, 4, 5]",0.032047
./random_graph_db/graph_db_node_6/05_p0.45/05_graph_n6_p0.45_idx9.gpickle,6,0.45,9,3,3,12,"[0, 1, 2, 3, 4, 5]",0.0401521
./random_graph_db/graph_db_node_6/06_p0.5/06_graph_n6_p0.5_idx1.gpickle,6,0.5,1,3,4,15,"[0, 1, 2, 3, 4, 5]",0.0395901
./random_graph_db/graph_db_node_6/06_p0.5/06_graph_n6_p0.5_idx10.gpickle,6,0.5,10,2,2,12,"[0, 1, 2, 3, 4, 5]",0.030766
./random_graph_db/graph_db_node_6/06_p0.5/06_graph_n6_p0.5_idx2.gpickle,6,0.5,2,3,5,14,"[0, 1, 2, 3, 4, 5]",0.0482733
./random_graph_db/graph_db_node_6/06_p0.5/06_graph_n6_p0.5_idx3.gpickle,6,0.5,3,2,2,15,"[0, 1, 2, 3, 4, 5]",0.032578
./random_graph_db/graph_db_node_6/06_p0.5/06_graph_n6_p0.5_idx4.gpickle,6,0.5,4,2,2,12,"[0, 1, 2, 3, 4, 5]",0.02599
./random_graph_db/graph_db_node_6/06_p0.5/06_graph_n6_p0.5_idx5.gpickle,6,0.5,5,3,4,23,"[0, 1, 2, 3, 4, 5]",0.0485482
./random_graph_db/graph_db_node_6/06_p0.5/06_graph_n6_p0.5_idx6.gpickle,6,0.5,6,2,1,13,"[0, 1, 2, 3, 4, 5]",0.0255971
./random_graph_db/graph_db_node_6/06_p0.5/06_graph_n6_p0.5_idx7.gpickle,6,0.5,7,3,2,11,"[0, 1, 2, 3, 4, 5]",0.0295959
./random_graph_db/graph_db_node_6/06_p0.5/06_graph_n6_p0.5_idx8.gpickle,6,0.5,8,2,1,11,"[0, 1, 2, 3, 4, 5]",0.025631
./random_graph_db/graph_db_node_6/06_p0.5/06_graph_n6_p0.5_idx9.gpickle,6,0.5,9,2,2,12,"[0, 1, 2, 3, 4, 5]",0.028218
./random_graph_db/graph_db_node_6/07_p0.55/07_graph_n6_p0.55_idx1.gpickle,6,0.55,1,3,3,14,"[0, 1, 2, 3, 4, 5]",0.0306439
./random_graph_db/graph_db_node_6/07_p0.55/07_graph_n6_p0.55_idx10.gpickle,6,0.55,10,3,2,11,"[0, 1, 2, 3, 4, 5]",0.0314019
./random_graph_db/graph_db_node_6/07_p0.55/07_graph_n6_p0.55_idx2.gpickle,6,0.55,2,3,3,14,"[0, 1, 2, 3, 4, 5]",0.040169
./random_graph_db/graph_db_node_6/07_p0.55/07_graph_n6_p0.55_idx3.gpickle,6,0.55,3,2,1,9,"[0, 1, 2, 3, 4, 5]",0.0212131
./random_graph_db/graph_db_node_6/07_p0.55/07_graph_n6_p0.55_idx4.gpickle,6,0.55,4,2,1,9,"[0, 1, 2, 3, 4, 5]",0.0259264
./random_graph_db/graph_db_node_6/07_p0.55/07_graph_n6_p0.55_idx5.gpickle,6,0.55,5,2,3,13,"[0, 1, 2, 3, 4, 5]",0.0390642
./random_graph_db/graph_db_node_6/07_p0.55/07_graph_n6_p0.55_idx6.gpickle,6,0.55,6,3,2,13,"[0, 1, 2, 3, 4, 5]",0.0365181
./random_graph_db/graph_db_node_6/07_p0.55/07_graph_n6_p0.55_idx7.gpickle,6,0.55,7,2,2,12,"[0, 1, 2, 3, 4, 5]",0.0325279
./random_graph_db/graph_db_node_6/07_p0.55/07_graph_n6_p0.55_idx8.gpickle,6,0.55,8,2,3,13,"[0, 1, 2, 3, 4, 5]",0.034097
./random_graph_db/graph_db_node_6/07_p0.55/07_graph_n6_p0.55_idx9.gpickle,6,0.55,9,2,3,15,"[0, 1, 2, 3, 4, 5]",0.0683899
./random_graph_db/graph_db_node_6/08_p0.6/08_graph_n6_p0.6_idx1.gpickle,6,0.6,1,2,3,13,"[0, 1, 2, 3, 4, 5]",0.0385008
./random_graph_db/graph_db_node_6/08_p0.6/08_graph_n6_p0.6_idx10.gpickle,6,0.6,10,2,1,9,"[0, 1, 2, 3, 4, 5]",0.0254591
./random_graph_db/graph_db_node_6/08_p0.6/08_graph_n6_p0.6_idx2.gpickle,6,0.6,2,3,5,25,"[0, 1, 2, 3, 4, 5]",0.044534
./random_graph_db/graph_db_node_6/08_p0.6/08_graph_n6_p0.6_idx3.gpickle,6,0.6,3,2,3,17,"[0, 1, 2, 3, 4, 5]",0.0344591
./random_graph_db/graph_db_node_6/08_p0.6/08_graph_n6_p0.6_idx4.gpickle,6,0.6,4,2,4,23,"[0, 1, 2, 3, 4, 5]",0.045485
./random_graph_db/graph_db_node_6/08_p0.6/08_graph_n6_p0.6_idx5.gpickle,6,0.6,5,3,5,18,"[0, 1, 2, 3, 4, 5]",0.046509
./random_graph_db/graph_db_node_6/08_p0.6/08_graph_n6_p0.6_idx6.gpickle,6,0.6,6,2,1,9,"[0, 1, 2, 3, 4, 5]",0.0249779
./random_graph_db/graph_db_node_6/08_p0.6/08_graph_n6_p0.6_idx7.gpickle,6,0.6,7,2,1,11,"[0, 1, 2, 3, 4, 5]",0.0260012
./random_graph_db/graph_db_node_6/08_p0.6/08_graph_n6_p0.6_idx8.gpickle,6,0.6,8,3,4,17,"[0, 1, 2, 3, 4, 5]",0.0383699
./random_graph_db/graph_db_node_6/08_p0.6/08_graph_n6_p0.6_idx9.gpickle,6,0.6,9,2,1,13,"[0, 1, 2, 3, 4, 5]",0.0259111
./random_graph_db/graph_db_node_6/09_p0.65/09_graph_n6_p0.65_idx1.gpickle,6,0.65,1,3,3,16,"[0, 1, 2, 3, 4, 5]",0.0307913
./random_graph_db/graph_db_node_6/09_p0.65/09_graph_n6_p0.65_idx10.gpickle,6,0.65,10,2,2,12,"[0, 1, 2, 3, 4, 5]",0.0319638
./random_graph_db/graph_db_node_6/09_p0.65/09_graph_n6_p0.65_idx2.gpickle,6,0.65,2,2,1,9,"[0, 1, 2, 3, 4, 5]",0.0270269
./random_graph_db/graph_db_node_6/09_p0.65/09_graph_n6_p0.65_idx3.gpickle,6,0.65,3,2,3,13,"[0, 1, 2, 3, 4, 5]",0.0325749
./random_graph_db/graph_db_node_6/09_p0.65/09_graph_n6_p0.65_idx4.gpickle,6,0.65,4,3,2,11,"[0, 1, 2, 3, 4, 5]",0.029083
./random_graph_db/graph_db_node_6/09_p0.65/09_graph_n6_p0.65_idx5.gpickle,6,0.65,5,3,6,25,"[0, 1, 2, 3, 4, 5]",0.0520048
./random_graph_db/graph_db_node_6/09_p0.65/09_graph_n6_p0.65_idx6.gpickle,6,0.65,6,3,3,14,"[0, 1, 2, 3, 4, 5]",0.0386751
./random_graph_db/graph_db_node_6/09_p0.65/09_graph_n6_p0.65_idx7.gpickle,6,0.65,7,3,3,14,"[0, 1, 2, 3, 4, 5]",0.0377352
./random_graph_db/graph_db_node_6/09_p0.65/09_graph_n6_p0.65_idx8.gpickle,6,0.65,8,3,4,19,"[0, 1, 2, 3, 4, 5]",0.0345063
./random_graph_db/graph_db_node_6/09_p0.65/09_graph_n6_p0.65_idx9.gpickle,6,0.65,9,2,2,12,"[0, 1, 2, 3, 4, 5]",0.025172
./random_graph_db/graph_db_node_6/10_p0.7/10_graph_n6_p0.7_idx1.gpickle,6,0.7,1,2,1,11,"[0, 1, 2, 3, 4, 5]",0.024971
./random_graph_db/graph_db_node_6/10_p0.7/10_graph_n6_p0.7_idx10.gpickle,6,0.7,10,3,4,15,"[0, 1, 2, 3, 4, 5]",0.0398262
./random_graph_db/graph_db_node_6/10_p0.7/10_graph_n6_p0.7_idx2.gpickle,6,0.7,2,2,1,11,"[0, 1, 2, 3, 4, 5]",0.0257611
./random_graph_db/graph_db_node_6/10_p0.7/10_graph_n6_p0.7_idx3.gpickle,6,0.7,3,2,3,21,"[0, 1, 2, 3, 4, 5]",0.039614
./random_graph_db/graph_db_node_6/10_p0.7/10_graph_n6_p0.7_idx4.gpickle,6,0.7,4,3,2,13,"[0, 1, 2, 3, 4, 5]",0.0295229
./random_graph_db/graph_db_node_6/10_p0.7/10_graph_n6_p0.7_idx5.gpickle,6,0.7,5,3,2,13,"[0, 1, 2, 3, 4, 5]",0.023385
./random_graph_db/graph_db_node_6/10_p0.7/10_graph_n6_p0.7_idx6.gpickle,6,0.7,6,2,1,9,"[0, 1, 2, 3, 4, 5]",0.0206809
./random_graph_db/graph_db_node_6/10_p0.7/10_graph_n6_p0.7_idx7.gpickle,6,0.7,7,2,2,12,"[0, 1, 2, 3, 4, 5]",0.031404
./random_graph_db/graph_db_node_6/10_p0.7/10_graph_n6_p0.7_idx8.gpickle,6,0.7,8,3,5,16,"[0, 1, 2, 3, 4, 5]",0.0480571
./random_graph_db/graph_db_node_6/10_p0.7/10_graph_n6_p0.7_idx9.gpickle,6,0.7,9,2,1,9,"[0, 1, 2, 3, 4, 5]",0.0596101
./random_graph_db/graph_db_node_6/11_p0.8/11_graph_n6_p0.8_idx1.gpickle,6,0.8,1,2,1,11,"[0, 1, 2, 3, 4, 5]",0.0273142
./random_graph_db/graph_db_node_6/11_p0.8/11_graph_n6_p0.8_idx10.gpickle,6,0.8,10,2,3,24,"[0, 1, 2, 3, 4, 5]",0.041141
./random_graph_db/graph_db_node_6/11_p0.8/11_graph_n6_p0.8_idx2.gpickle,6,0.8,2,2,2,14,"[0, 1, 2, 3, 4, 5]",0.0326619
./random_graph_db/graph_db_node_6/11_p0.8/11_graph_n6_p0.8_idx3.gpickle,6,0.8,3,2,1,11,"[0, 1, 2, 3, 4, 5]",0.0264761
./random_graph_db/graph_db_node_6/11_p0.8/11_graph_n6_p0.8_idx4.gpickle,6,0.8,4,2,2,22,"[0, 1, 2, 3, 4, 5]",0.0345001
./random_graph_db/graph_db_node_6/11_p0.8/11_graph_n6_p0.8_idx5.gpickle,6,0.8,5,2,1,9,"[0, 1, 2, 3, 4, 5]",0.0270531
./random_graph_db/graph_db_node_6/11_p0.8/11_graph_n6_p0.8_idx6.gpickle,6,0.8,6,2,3,13,"[0, 1, 2, 3, 4, 5]",0.0331941
./random_graph_db/graph_db_node_6/11_p0.8/11_graph_n6_p0.8_idx7.gpickle,6,0.8,7,1,0,11,"[0, 1, 2, 3, 4, 5]",0.0177481
./random_graph_db/graph_db_node_6/11_p0.8/11_graph_n6_p0.8_idx8.gpickle,6,0.8,8,3,2,13,"[0, 1, 2, 3, 4, 5]",0.030066
./random_graph_db/graph_db_node_6/11_p0.8/11_graph_n6_p0.8_idx9.gpickle,6,0.8,9,1,0,7,"[0, 1, 2, 3, 4, 5]",0.0158992
./random_graph_db/graph_db_node_6/12_p0.9/12_graph_n6_p0.9_idx1.gpickle,6,0.9,1,2,1,9,"[0, 1, 2, 3, 4, 5]",0.0251
./random_graph_db/graph_db_node_6/12_p0.9/12_graph_n6_p0.9_idx10.gpickle,6,0.9,10,2,2,12,"[0, 1, 2, 3, 4, 5]",0.0282719
./random_graph_db/graph_db_node_6/12_p0.9/12_graph_n6_p0.9_idx2.gpickle,6,0.9,2,2,1,9,"[0, 1, 2, 3, 4, 5]",0.0251367
./random_graph_db/graph_db_node_6/12_p0.9/12_graph_n6_p0.9_idx3.gpickle,6,0.9,3,1,0,7,"[0, 1, 2, 3, 4, 5]",0.017101
./random_graph_db/graph_db_node_6/12_p0.9/12_graph_n6_p0.9_idx4.gpickle,6,0.9,4,2,1,9,"[0, 1, 2, 3, 4, 5]",0.026098
./random_graph_db/graph_db_node_6/12_p0.9/12_graph_n6_p0.9_idx5.gpickle,6,0.9,5,2,1,9,"[0, 1, 2, 3, 4, 5]",0.0245812
./random_graph_db/graph_db_node_6/12_p0.9/12_graph_n6_p0.9_idx6.gpickle,6,0.9,6,2,1,11,"[0, 1, 2, 3, 4, 5]",0.0253711
./random_graph_db/graph_db_node_6/12_p0.9/12_graph_n6_p0.9_idx7.gpickle,6,0.9,7,2,1,11,"[0, 1, 2, 3, 4, 5]",0.026073
./random_graph_db/graph_db_node_6/12_p0.9/12_graph_n6_p0.9_idx8.gpickle,6,0.9,8,2,2,14,"[0, 1, 2, 3, 4, 5]",0.0323272
./random_graph_db/graph_db_node_6/12_p0.9/12_graph_n6_p0.9_idx9.gpickle,6,0.9,9,3,4,15,"[0, 1, 2, 3, 4, 5]",0.0467968
./random_graph_db/graph_db_node_7/01_p0.1/01_graph_n7_p0.1_idx1.gpickle,7,0.1,1,2,1,10,"[0, 1, 2, 3, 4, 5, 6]",0.0240831
./random_graph_db/graph_db_node_7/01_p0.1/01_graph_n7_p0.1_idx10.gpickle,7,0.1,10,2,1,10,"[0, 1, 2, 3, 4, 5, 6]",0.0290062
./random_graph_db/graph_db_node_7/01_p0.1/01_graph_n7_p0.1_idx2.gpickle,7,0.1,2,2,3,12,"[0, 1, 2, 3, 4, 5, 6]",0.0345936
./random_graph_db/graph_db_node_7/01_p0.1/01_graph_n7_p0.1_idx3.gpickle,7,0.1,3,3,4,14,"[0, 1, 2, 3, 4, 5, 6]",0.052058
./random_graph_db/graph_db_node_7/01_p0.1/01_graph_n7_p0.1_idx4.gpickle,7,0.1,4,3,3,15,"[0, 1, 2, 3, 4, 5, 6]",0.041733
./random_graph_db/graph_db_node_7/01_p0.1/01_graph_n7_p0.1_idx5.gpickle,7,0.1,5,3,4,16,"[0, 1, 2, 3, 4, 5, 6]",0.0551071
./random_graph_db/graph_db_node_7/01_p0.1/01_graph_n7_p0.1_idx6.gpickle,7,0.1,6,2,1,10,"[0, 1, 2, 3, 4, 5, 6]",0.025281
./random_graph_db/graph_db_node_7/01_p0.1/01_graph_n7_p0.1_idx7.gpickle,7,0.1,7,3,2,12,"[0, 1, 2, 3, 4, 5, 6]",0.0400844
./random_graph_db/graph_db_node_7/01_p0.1/01_graph_n7_p0.1_idx8.gpickle,7,0.1,8,2,1,14,"[0, 1, 2, 3, 4, 5, 6]",0.030602
./random_graph_db/graph_db_node_7/01_p0.1/01_graph_n7_p0.1_idx9.gpickle,7,0.1,9,3,2,16,"[0, 1, 2, 3, 4, 5, 6]",0.036556
./random_graph_db/graph_db_node_7/02_p0.2/02_graph_n7_p0.2_idx1.gpickle,7,0.2,1,2,2,13,"[0, 1, 2, 3, 4, 5, 6]",0.0364244
./random_graph_db/graph_db_node_7/02_p0.2/02_graph_n7_p0.2_idx10.gpickle,7,0.2,10,3,3,15,"[0, 1, 2, 3, 4, 5, 6]",0.0446889
./random_graph_db/graph_db_node_7/02_p0.2/02_graph_n7_p0.2_idx2.gpickle,7,0.2,2,3,3,13,"[0, 1, 2, 3, 4, 5, 6]",0.0794938
./random_graph_db/graph_db_node_7/02_p0.2/02_graph_n7_p0.2_idx3.gpickle,7,0.2,3,3,2,12,"[0, 1, 2, 3, 4, 5, 6]",0.035388
./random_graph_db/graph_db_node_7/02_p0.2/02_graph_n7_p0.2_idx4.gpickle,7,0.2,4,3,2,14,"[0, 1, 2, 3, 4, 5, 6]",0.0370061
./random_graph_db/graph_db_node_7/02_p0.2/02_graph_n7_p0.2_idx5.gpickle,7,0.2,5,2,2,16,"[0, 1, 2, 3, 4, 5, 6]",0.030122
./random_graph_db/graph_db_node_7/02_p0.2/02_graph_n7_p0.2_idx6.gpickle,7,0.2,6,2,1,10,"[0, 1, 2, 3, 4, 5, 6]",0.0315931
./random_graph_db/graph_db_node_7/02_p0.2/02_graph_n7_p0.2_idx7.gpickle,7,0.2,7,3,3,15,"[0, 1, 2, 3, 4, 5, 6]",0.042623
./random_graph_db/graph_db_node_7/02_p0.2/02_graph_n7_p0.2_idx8.gpickle,7,0.2,8,2,3,20,"[0, 1, 2, 3, 4, 5, 6]",0.0457728
./random_graph_db/graph_db_node_7/02_p0.2/02_graph_n7_p0.2_idx9.gpickle,7,0.2,9,2,1,12,"[0, 1, 2, 3, 4, 5, 6]",0.0320251
./random_graph_db/graph_db_node_7/03_p0.3/03_graph_n7_p0.3_idx1.gpickle,7,0.3,1,3,2,14,"[0, 1, 2, 3, 4, 5, 6]",0.0403121
./random_graph_db/graph_db_node_7/03_p0.3/03_graph_n7_p0.3_idx10.gpickle,7,0.3,10,3,2,12,"[0, 1, 2, 3, 4, 5, 6]",0.0404048
./random_graph_db/graph_db_node_7/03_p0.3/03_graph_n7_p0.3_idx2.gpickle,7,0.3,2,3,3,15,"[0, 1, 2, 3, 4, 5, 6]",0.04877
./random_graph_db/graph_db_node_7/03_p0.3/03_graph_n7_p0.3_idx3.gpickle,7,0.3,3,3,2,14,"[0, 1, 2, 3, 4, 5, 6]",0.0429492
./random_graph_db/graph_db_node_7/03_p0.3/03_graph_n7_p0.3_idx4.gpickle,7,0.3,4,2,2,13,"[0, 1, 2, 3, 4, 5, 6]",0.0355651
./random_graph_db/graph_db_node_7/03_p0.3/03_graph_n7_p0.3_idx5.gpickle,7,0.3,5,2,2,15,"[0, 1, 2, 3, 4, 5, 6]",0.0376668
./random_graph_db/graph_db_node_7/03_p0.3/03_graph_n7_p0.3_idx6.gpickle,7,0.3,6,3,6,33,"[0, 1, 2, 3, 4, 5, 6]",0.050245
./random_graph_db/graph_db_node_7/03_p0.3/03_graph_n7_p0.3_idx7.gpickle,7,0.3,7,3,5,19,"[0, 1, 2, 3, 4, 5, 6]",0.0530021
./random_graph_db/graph_db_node_7/03_p0.3/03_graph_n7_p0.3_idx8.gpickle,7,0.3,8,3,2,12,"[0, 1, 2, 3, 4, 5, 6]",0.0336721
./random_graph_db/graph_db_node_7/03_p0.3/03_graph_n7_p0.3_idx9.gpickle,7,0.3,9,2,3,22,"[0, 1, 2, 3, 4, 5, 6]",0.0383863
./random_graph_db/graph_db_node_7/04_p0.4/04_graph_n7_p0.4_idx1.gpickle,7,0.4,1,3,6,27,"[0, 1, 2, 3, 4, 5, 6]",0.0621719
./random_graph_db/graph_db_node_7/04_p0.4/04_graph_n7_p0.4_idx10.gpickle,7,0.4,10,3,6,34,"[0, 1, 2, 3, 4, 5, 6]",0.052778
./random_graph_db/graph_db_node_7/04_p0.4/04_graph_n7_p0.4_idx2.gpickle,7,0.4,2,2,1,12,"[0, 1, 2, 3, 4, 5, 6]",0.030369
./random_graph_db/graph_db_node_7/04_p0.4/04_graph_n7_p0.4_idx3.gpickle,7,0.4,3,2,3,14,"[0, 1, 2, 3, 4, 5, 6]",0.0376658
./random_graph_db/graph_db_node_7/04_p0.4/04_graph_n7_p0.4_idx4.gpickle,7,0.4,4,2,4,20,"[0, 1, 2, 3, 4, 5, 6]",0.0404298
./random_graph_db/graph_db_node_7/04_p0.4/04_graph_n7_p0.4_idx5.gpickle,7,0.4,5,3,4,18,"[0, 1, 2, 3, 4, 5, 6]",0.048975
./random_graph_db/graph_db_node_7/04_p0.4/04_graph_n7_p0.4_idx6.gpickle,7,0.4,6,3,4,18,"[0, 1, 2, 3, 4, 5, 6]",0.0436099
./random_graph_db/graph_db_node_7/04_p0.4/04_graph_n7_p0.4_idx7.gpickle,7,0.4,7,3,4,24,"[0, 1, 2, 3, 4, 5, 6]",0.0905409
./random_graph_db/graph_db_node_7/04_p0.4/04_graph_n7_p0.4_idx8.gpickle,7,0.4,8,3,2,14,"[0, 1, 2, 3, 4, 5, 6]",0.0356061
./random_graph_db/graph_db_node_7/04_p0.4/04_graph_n7_p0.4_idx9.gpickle,7,0.4,9,3,3,17,"[0, 1, 2, 3, 4, 5, 6]",0.0539451
./random_graph_db/graph_db_node_7/05_p0.45/05_graph_n7_p0.45_idx1.gpickle,7,0.45,1,3,4,16,"[0, 1, 2, 3, 4, 5, 6]",0.0494699
./random_graph_db/graph_db_node_7/05_p0.45/05_graph_n7_p0.45_idx10.gpickle,7,0.45,10,3,4,18,"[0, 1, 2, 3, 4, 5, 6]",0.058605
./random_graph_db/graph_db_node_7/05_p0.45/05_graph_n7_p0.45_idx2.gpickle,7,0.45,2,3,2,12,"[0, 1, 2, 3, 4, 5, 6]",0.0388622
./random_graph_db/graph_db_node_7/05_p0.45/05_graph_n7_p0.45_idx3.gpickle,7,0.45,3,3,2,12,"[0, 1, 2, 3, 4, 5, 6]",0.0401199
./random_graph_db/graph_db_node_7/05_p0.45/05_graph_n7_p0.45_idx4.gpickle,7,0.45,4,2,3,16,"[0, 1, 2, 3, 4, 5, 6]",0.0487602
./random_graph_db/graph_db_node_7/05_p0.45/05_graph_n7_p0.45_idx5.gpickle,7,0.45,5,3,4,23,"[0, 1, 2, 3, 4, 5, 6]",0.050365
./random_graph_db/graph_db_node_7/05_p0.45/05_graph_n7_p0.45_idx6.gpickle,7,0.45,6,3,4,16,"[0, 1, 2, 3, 4, 5, 6]",0.0562031
./random_graph_db/graph_db_node_7/05_p0.45/05_graph_n7_p0.45_idx7.gpickle,7,0.45,7,3,4,22,"[0, 1, 2, 3, 4, 5, 6]",0.055217
./random_graph_db/graph_db_node_7/05_p0.45/05_graph_n7_p0.45_idx8.gpickle,7,0.45,8,2,2,15,"[0, 1, 2, 3, 4, 5, 6]",0.0313113
./random_graph_db/graph_db_node_7/05_p0.45/05_graph_n7_p0.45_idx9.gpickle,7,0.45,9,3,5,17,"[0, 1, 2, 3, 4, 5, 6]",0.0569038
./random_graph_db/graph_db_node_7/06_p0.5/06_graph_n7_p0.5_idx1.gpickle,7,0.5,1,3,6,22,"[0, 1, 2, 3, 4, 5, 6]",0.060159
./random_graph_db/graph_db_node_7/06_p0.5/06_graph_n7_p0.5_idx10.gpickle,7,0.5,10,3,3,17,"[0, 1, 2, 3, 4, 5, 6]",0.0466776
./random_graph_db/graph_db_node_7/06_p0.5/06_graph_n7_p0.5_idx2.gpickle,7,0.5,2,3,5,20,"[0, 1, 2, 3, 4, 5, 6]",0.0597351
./random_graph_db/graph_db_node_7/06_p0.5/06_graph_n7_p0.5_idx3.gpickle,7,0.5,3,3,3,15,"[0, 1, 2, 3, 4, 5, 6]",0.0422282
./random_graph_db/graph_db_node_7/06_p0.5/06_graph_n7_p0.5_idx4.gpickle,7,0.5,4,3,4,22,"[0, 1, 2, 3, 4, 5, 6]",0.0524459
./random_graph_db/graph_db_node_7/06_p0.5/06_graph_n7_p0.5_idx5.gpickle,7,0.5,5,3,4,18,"[0, 1, 2, 3, 4, 5, 6]",0.0832288
./random_graph_db/graph_db_node_7/06_p0.5/06_graph_n7_p0.5_idx6.gpickle,7,0.5,6,2,4,16,"[0, 1, 2, 3, 4, 5, 6]",0.045279
./random_graph_db/graph_db_node_7/06_p0.5/06_graph_n7_p0.5_idx7.gpickle,7,0.5,7,2,3,14,"[0, 1, 2, 3, 4, 5, 6]",0.0383401
./random_graph_db/graph_db_node_7/06_p0.5/06_graph_n7_p0.5_idx8.gpickle,7,0.5,8,3,6,26,"[0, 1, 2, 3, 4, 5, 6]",0.06706
./random_graph_db/graph_db_node_7/06_p0.5/06_graph_n7_p0.5_idx9.gpickle,7,0.5,9,2,1,12,"[0, 1, 2, 3, 4, 5, 6]",0.0331762
./random_graph_db/graph_db_node_7/07_p0.55/07_graph_n7_p0.55_idx1.gpickle,7,0.55,1,3,2,16,"[0, 1, 2, 3, 4, 5, 6]",0.0366988
./random_graph_db/graph_db_node_7/07_p0.55/07_graph_n7_p0.55_idx10.gpickle,7,0.55,10,3,5,19,"[0, 1, 2, 3, 4, 5, 6]",0.0515141
./random_graph_db/graph_db_node_7/07_p0.55/07_graph_n7_p0.55_idx2.gpickle,7,0.55,2,3,5,19,"[0, 1, 2, 3, 4, 5, 6]",0.0574582
./random_graph_db/graph_db_node_7/07_p0.55/07_graph_n7_p0.55_idx3.gpickle,7,0.55,3,3,4,27,"[0, 1, 2, 3, 4, 5, 6]",0.0566897
./random_graph_db/graph_db_node_7/07_p0.55/07_graph_n7_p0.55_idx4.gpickle,7,0.55,4,3,3,15,"[0, 1, 2, 3, 4, 5, 6]",0.0452859
./random_graph_db/graph_db_node_7/07_p0.55/07_graph_n7_p0.55_idx5.gpickle,7,0.55,5,3,7,28,"[0, 1, 2, 3, 4, 5, 6]",0.06341
./random_graph_db/graph_db_node_7/07_p0.55/07_graph_n7_p0.55_idx6.gpickle,7,0.55,6,3,3,17,"[0, 1, 2, 3, 4, 5, 6]",0.050786
./random_graph_db/graph_db_node_7/07_p0.55/07_graph_n7_p0.55_idx7.gpickle,7,0.55,7,3,3,13,"[0, 1, 2, 3, 4, 5, 6]",0.0491877
./random_graph_db/graph_db_node_7/07_p0.55/07_graph_n7_p0.55_idx8.gpickle,7,0.55,8,3,5,27,"[0, 1, 2, 3, 4, 5, 6]",0.054502
./random_graph_db/graph_db_node_7/07_p0.55/07_graph_n7_p0.55_idx9.gpickle,7,0.55,9,3,6,26,"[0, 1, 2, 3, 4, 5, 6]",0.0604579
./random_graph_db/graph_db_node_7/08_p0.6/08_graph_n7_p0.6_idx1.gpickle,7,0.6,1,3,5,19,"[0, 1, 2, 3, 4, 5, 6]",0.047859
./random_graph_db/graph_db_node_7/08_p0.6/08_graph_n7_p0.6_idx10.gpickle,7,0.6,10,3,8,29,"[0, 1, 2, 3, 4, 5, 6]",0.0750861
./random_graph_db/graph_db_node_7/08_p0.6/08_graph_n7_p0.6_idx2.gpickle,7,0.6,2,2,2,13,"[0, 1, 2, 3, 4, 5, 6]",0.137985
./random_graph_db/graph_db_node_7/08_p0.6/08_graph_n7_p0.6_idx3.gpickle,7,0.6,3,3,4,18,"[0, 1, 2, 3, 4, 5, 6]",0.0804789
./random_graph_db/graph_db_node_7/08_p0.6/08_graph_n7_p0.6_idx4.gpickle,7,0.6,4,3,5,24,"[0, 1, 2, 3, 4, 5, 6]",0.065542
./random_graph_db/graph_db_node_7/08_p0.6/08_graph_n7_p0.6_idx5.gpickle,7,0.6,5,3,3,15,"[0, 1, 2, 3, 4, 5, 6]",0.0480001
./random_graph_db/graph_db_node_7/08_p0.6/08_graph_n7_p0.6_idx6.gpickle,7,0.6,6,3,5,30,"[0, 1, 2, 3, 4, 5, 6]",0.055927
./random_graph_db/graph_db_node_7/08_p0.6/08_graph_n7_p0.6_idx7.gpickle,7,0.6,7,3,5,19,"[0, 1, 2, 3, 4, 5, 6]",0.051785
./random_graph_db/graph_db_node_7/08_p0.6/08_graph_n7_p0.6_idx8.gpickle,7,0.6,8,3,4,18,"[0, 1, 2, 3, 4, 5, 6]",0.046715
./random_graph_db/graph_db_node_7/08_p0.6/08_graph_n7_p0.6_idx9.gpickle,7,0.6,9,3,3,15,"[0, 1, 2, 3, 4, 5, 6]",0.04285
./random_graph_db/graph_db_node_7/09_p0.65/09_graph_n7_p0.65_idx1.gpickle,7,0.65,1,3,5,19,"[0, 1, 2, 3, 4, 5, 6]",0.046865
./random_graph_db/graph_db_node_7/09_p0.65/09_graph_n7_p0.65_idx10.gpickle,7,0.65,10,3,5,25,"[0, 1, 2, 3, 4, 5, 6]",0.0599201
./random_graph_db/graph_db_node_7/09_p0.65/09_graph_n7_p0.65_idx2.gpickle,7,0.65,2,3,7,21,"[0, 1, 2, 3, 4, 5, 6]",0.0675881
./random_graph_db/graph_db_node_7/09_p0.65/09_graph_n7_p0.65_idx3.gpickle,7,0.65,3,3,5,19,"[0, 1, 2, 3, 4, 5, 6]",0.0470626
./random_graph_db/graph_db_node_7/09_p0.65/09_graph_n7_p0.65_idx4.gpickle,7,0.65,4,3,2,14,"[0, 1, 2, 3, 4, 5, 6]",0.0431821
./random_graph_db/graph_db_node_7/09_p0.65/09_graph_n7_p0.65_idx5.gpickle,7,0.65,5,2,1,14,"[0, 1, 2, 3, 4, 5, 6]",0.030508
./random_graph_db/graph_db_node_7/09_p0.65/09_graph_n7_p0.65_idx6.gpickle,7,0.65,6,3,5,27,"[0, 1, 2, 3, 4, 5, 6]",0.0524969
./random_graph_db/graph_db_node_7/09_p0.65/09_graph_n7_p0.65_idx7.gpickle,7,0.65,7,3,3,17,"[0, 1, 2, 3, 4, 5, 6]",0.0359948
./random_graph_db/graph_db_node_7/09_p0.65/09_graph_n7_p0.65_idx8.gpickle,7,0.65,8,3,4,27,"[0, 1, 2, 3, 4, 5, 6]",0.0941689
./random_graph_db/graph_db_node_7/09_p0.65/09_graph_n7_p0.65_idx9.gpickle,7,0.65,9,3,7,25,"[0, 1, 2, 3, 4, 5, 6]",0.0617681
./random_graph_db/graph_db_node_7/10_p0.7/10_graph_n7_p0.7_idx1.gpickle,7,0.7,1,3,6,26,"[0, 1, 2, 3, 4, 5, 6]",0.0595548
./random_graph_db/graph_db_node_7/10_p0.7/10_graph_n7_p0.7_idx10.gpickle,7,0.7,10,3,6,22,"[0, 1, 2, 3, 4, 5, 6]",0.0577831
./random_graph_db/graph_db_node_7/10_p0.7/10_graph_n7_p0.7_idx2.gpickle,7,0.7,2,3,6,20,"[0, 1, 2, 3, 4, 5, 6]",0.054889
./random_graph_db/graph_db_node_7/10_p0.7/10_graph_n7_p0.7_idx3.gpickle,7,0.7,3,3,7,25,"[0, 1, 2, 3, 4, 5, 6]",0.0587299
./random_graph_db/graph_db_node_7/10_p0.7/10_graph_n7_p0.7_idx4.gpickle,7,0.7,4,3,4,18,"[0, 1, 2, 3, 4, 5, 6]",0.0474648
./random_graph_db/graph_db_node_7/10_p0.7/10_graph_n7_p0.7_idx5.gpickle,7,0.7,5,3,5,26,"[0, 1, 2, 3, 4, 5, 6]",0.060174
./random_graph_db/graph_db_node_7/10_p0.7/10_graph_n7_p0.7_idx6.gpickle,7,0.7,6,3,3,15,"[0, 1, 2, 3, 4, 5, 6]",0.0443201
./random_graph_db/graph_db_node_7/10_p0.7/10_graph_n7_p0.7_idx7.gpickle,7,0.7,7,2,2,11,"[0, 1, 2, 3, 4, 5, 6]",0.0369809
./random_graph_db/graph_db_node_7/10_p0.7/10_graph_n7_p0.7_idx8.gpickle,7,0.7,8,2,1,12,"[0, 1, 2, 3, 4, 5, 6]",0.0244401
./random_graph_db/graph_db_node_7/10_p0.7/10_graph_n7_p0.7_idx9.gpickle,7,0.7,9,2,2,13,"[0, 1, 2, 3, 4, 5, 6]",0.0322187
./random_graph_db/graph_db_node_7/11_p0.8/11_graph_n7_p0.8_idx1.gpickle,7,0.8,1,2,2,13,"[0, 1, 2, 3, 4, 5, 6]",0.03666
./random_graph_db/graph_db_node_7/11_p0.8/11_graph_n7_p0.8_idx10.gpickle,7,0.8,10,3,4,18,"[0, 1, 2, 3, 4, 5, 6]",0.052202
./random_graph_db/graph_db_node_7/11_p0.8/11_graph_n7_p0.8_idx2.gpickle,7,0.8,2,3,4,18,"[0, 1, 2, 3, 4, 5, 6]",0.049495
./random_graph_db/graph_db_node_7/11_p0.8/11_graph_n7_p0.8_idx3.gpickle,7,0.8,3,3,8,32,"[0, 1, 2, 3, 4, 5, 6]",0.0706451
./random_graph_db/graph_db_node_7/11_p0.8/11_graph_n7_p0.8_idx4.gpickle,7,0.8,4,3,4,16,"[0, 1, 2, 3, 4, 5, 6]",0.052727
./random_graph_db/graph_db_node_7/11_p0.8/11_graph_n7_p0.8_idx5.gpickle,7,0.8,5,3,6,29,"[0, 1, 2, 3, 4, 5, 6]",0.122678
./random_graph_db/graph_db_node_7/11_p0.8/11_graph_n7_p0.8_idx6.gpickle,7,0.8,6,2,1,10,"[0, 1, 2, 3, 4, 5, 6]",0.0347631
./random_graph_db/graph_db_node_7/11_p0.8/11_graph_n7_p0.8_idx7.gpickle,7,0.8,7,3,3,15,"[0, 1, 2, 3, 4, 5, 6]",0.0497751
./random_graph_db/graph_db_node_7/11_p0.8/11_graph_n7_p0.8_idx8.gpickle,7,0.8,8,3,2,14,"[0, 1, 2, 3, 4, 5, 6]",0.041568
./random_graph_db/graph_db_node_7/11_p0.8/11_graph_n7_p0.8_idx9.gpickle,7,0.8,9,2,3,23,"[0, 1, 2, 3, 4, 5, 6]",0.05603
./random_graph_db/graph_db_node_7/12_p0.9/12_graph_n7_p0.9_idx1.gpickle,7,0.9,1,3,2,14,"[0, 1, 2, 3, 4, 5, 6]",0.0483658
./random_graph_db/graph_db_node_7/12_p0.9/12_graph_n7_p0.9_idx10.gpickle,7,0.9,10,2,2,13,"[0, 1, 2, 3, 4, 5, 6]",0.0436261
./random_graph_db/graph_db_node_7/12_p0.9/12_graph_n7_p0.9_idx2.gpickle,7,0.9,2,3,3,15,"[0, 1, 2, 3, 4, 5, 6]",0.0596039
./random_graph_db/graph_db_node_7/12_p0.9/12_graph_n7_p0.9_idx3.gpickle,7,0.9,3,2,1,10,"[0, 1, 2, 3, 4, 5, 6]",0.0344648
./random_graph_db/graph_db_node_7/12_p0.9/12_graph_n7_p0.9_idx4.gpickle,7,0.9,4,1,0,8,"[0, 1, 2, 3, 4, 5, 6]",0.0235379
./random_graph_db/graph_db_node_7/12_p0.9/12_graph_n7_p0.9_idx5.gpickle,7,0.9,5,3,2,12,"[0, 1, 2, 3, 4, 5, 6]",0.039325
./random_graph_db/graph_db_node_7/12_p0.9/12_graph_n7_p0.9_idx6.gpickle,7,0.9,6,3,4,24,"[0, 1, 2, 3, 4, 5, 6]",0.1594319
./random_graph_db/graph_db_node_7/12_p0.9/12_graph_n7_p0.9_idx7.gpickle,7,0.9,7,3,5,26,"[0, 1, 2, 3, 4, 5, 6]",0.1574142
./random_graph_db/graph_db_node_7/12_p0.9/12_graph_n7_p0.9_idx8.gpickle,7,0.9,8,2,2,13,"[0, 1, 2, 3, 4, 5, 6]",0.0422802
./random_graph_db/graph_db_node_7/12_p0.9/12_graph_n7_p0.9_idx9.gpickle,7,0.9,9,3,6,28,"[0, 1, 2, 3, 4, 5, 6]",0.072263
./random_graph_db/graph_db_node_8/01_p0.1/01_graph_n8_p0.1_idx1.gpickle,8,0.1,1,3,2,17,"[0, 1, 2, 3, 4, 5, 6, 7]",0.1360228
./random_graph_db/graph_db_node_8/01_p0.1/01_graph_n8_p0.1_idx10.gpickle,8,0.1,10,3,3,16,"[0, 1, 2, 3, 4, 5, 6, 7]",0.0561228
./random_graph_db/graph_db_node_8/01_p0.1/01_graph_n8_p0.1_idx2.gpickle,8,0.1,2,3,6,30,"[0, 1, 2, 3, 4, 5, 6, 7]",0.1334262
./random_graph_db/graph_db_node_8/01_p0.1/01_graph_n8_p0.1_idx3.gpickle,8,0.1,3,3,2,15,"[0, 1, 2, 3, 4, 5, 6, 7]",0.0516281
./random_graph_db/graph_db_node_8/01_p0.1/01_graph_n8_p0.1_idx4.gpickle,8,0.1,4,3,4,21,"[0, 1, 2, 3, 4, 5, 6, 7]",0.055584
./random_graph_db/graph_db_node_8/01_p0.1/01_graph_n8_p0.1_idx5.gpickle,8,0.1,5,4,3,19,"[0, 1, 2, 3, 4, 5, 6, 7]",0.0646789
./random_graph_db/graph_db_node_8/01_p0.1/01_graph_n8_p0.1_idx6.gpickle,8,0.1,6,3,2,15,"[0, 1, 2, 3, 4, 5, 6, 7]",0.0435662
./random_graph_db/graph_db_node_8/01_p0.1/01_graph_n8_p0.1_idx7.gpickle,8,0.1,7,3,2,15,"[0, 1, 2, 3, 4, 5, 6, 7]",0.051765
./random_graph_db/graph_db_node_8/01_p0.1/01_graph_n8_p0.1_idx8.gpickle,8,0.1,8,4,6,24,"[0, 1, 2, 3, 4, 5, 6, 7]",0.059782
./random_graph_db/graph_db_node_8/01_p0.1/01_graph_n8_p0.1_idx9.gpickle,8,0.1,9,3,2,17,"[0, 1, 2, 3, 4, 5, 6, 7]",0.042557
./random_graph_db/graph_db_node_8/02_p0.2/02_graph_n8_p0.2_idx1.gpickle,8,0.2,1,3,2,13,"[0, 1, 2, 3, 4, 5, 6, 7]",0.044384
./random_graph_db/graph_db_node_8/02_p0.2/02_graph_n8_p0.2_idx10.gpickle,8,0.2,10,4,4,18,"[0, 1, 2, 3, 4, 5, 6, 7]",0.0589328
./random_graph_db/graph_db_node_8/02_p0.2/02_graph_n8_p0.2_idx2.gpickle,8,0.2,2,3,2,15,"[0, 1, 2, 3, 4, 5, 6, 7]",0.0411658
./random_graph_db/graph_db_node_8/02_p0.2/02_graph_n8_p0.2_idx3.gpickle,8,0.2,3,3,2,13,"[0, 1, 2, 3, 4, 5, 6, 7]",0.049794
./random_graph_db/graph_db_node_8/02_p0.2/02_graph_n8_p0.2_idx4.gpickle,8,0.2,4,3,4,17,"[0, 1, 2, 3, 4, 5, 6, 7]",0.063138
./random_graph_db/graph_db_node_8/02_p0.2/02_graph_n8_p0.2_idx5.gpickle,8,0.2,5,3,2,15,"[0, 1, 2, 3, 4, 5, 6, 7]",0.0805829
./random_graph_db/graph_db_node_8/02_p0.2/02_graph_n8_p0.2_idx6.gpickle,8,0.2,6,4,3,17,"[0, 1, 2, 3, 4, 5, 6, 7]",0.0564983
./random_graph_db/graph_db_node_8/02_p0.2/02_graph_n8_p0.2_idx7.gpickle,8,0.2,7,3,2,15,"[0, 1, 2, 3, 4, 5, 6, 7]",0.0470791
./random_graph_db/graph_db_node_8/02_p0.2/02_graph_n8_p0.2_idx8.gpickle,8,0.2,8,3,2,15,"[0, 1, 2, 3, 4, 5, 6, 7]",0.050396
./random_graph_db/graph_db_node_8/02_p0.2/02_graph_n8_p0.2_idx9.gpickle,8,0.2,9,2,3,20,"[0, 1, 2, 3, 4, 5, 6, 7]",0.0408311
./random_graph_db/graph_db_node_8/03_p0.3/03_graph_n8_p0.3_idx1.gpickle,8,0.3,1,3,3,14,"[0, 1, 2, 3, 4, 5, 6, 7]",0.058605
./random_graph_db/graph_db_node_8/03_p0.3/03_graph_n8_p0.3_idx10.gpickle,8,0.3,10,3,4,17,"[0, 1, 2, 3, 4, 5, 6, 7]",0.0557952
./random_graph_db/graph_db_node_8/03_p0.3/03_graph_n8_p0.3_idx2.gpickle,8,0.3,2,3,8,40,"[0, 1, 2, 3, 4, 5, 6, 7]",0.0707693
./random_graph_db/graph_db_node_8/03_p0.3/03_graph_n8_p0.3_idx3.gpickle,8,0.3,3,3,3,14,"[0, 1, 2, 3, 4, 5, 6, 7]",0.055979
./random_graph_db/graph_db_node_8/03_p0.3/03_graph_n8_p0.3_idx4.gpickle,8,0.3,4,2,2,19,"[0, 1, 2, 3, 4, 5, 6, 7]",0.0458429
./random_graph_db/graph_db_node_8/03_p0.3/03_graph_n8_p0.3_idx5.gpickle,8,0.3,5,3,7,33,"[0, 1, 2, 3, 4, 5, 6, 7]",0.0849092
./random_graph_db/graph_db_node_8/03_p0.3/03_graph_n8_p0.3_idx6.gpickle,8,0.3,6,3,4,21,"[0, 1, 2, 3, 4, 5, 6, 7]",0.0548558
./random_graph_db/graph_db_node_8/03_p0.3/03_graph_n8_p0.3_idx7.gpickle,8,0.3,7,3,8,28,"[0, 1, 2, 3, 4, 5, 6, 7]",0.0724161
./random_graph_db/graph_db_node_8/03_p0.3/03_graph_n8_p0.3_idx8.gpickle,8,0.3,8,2,2,12,"[0, 1, 2, 3, 4, 5, 6, 7]",0.0419948
./random_graph_db/graph_db_node_8/03_p0.3/03_graph_n8_p0.3_idx9.gpickle,8,0.3,9,3,6,20,"[0, 1, 2, 3, 4, 5, 6, 7]",0.0680599
./random_graph_db/graph_db_node_8/04_p0.4/04_graph_n8_p0.4_idx1.gpickle,8,0.4,1,4,9,37,"[0, 1, 2, 3, 4, 5, 6, 7]",0.1159439
./random_graph_db/graph_db_node_8/04_p0.4/04_graph_n8_p0.4_idx10.gpickle,8,0.4,10,3,4,24,"[0, 1, 2, 3, 4, 5, 6, 7]",0.0532889
./random_graph_db/graph_db_node_8/04_p0.4/04_graph_n8_p0.4_idx2.gpickle,8,0.4,2,4,6,24,"[0, 1, 2, 3, 4, 5, 6, 7]",0.070504
./random_graph_db/graph_db_node_8/04_p0.4/04_graph_n8_p0.4_idx3.gpickle,8,0.4,3,3,4,17,"[0, 1, 2, 3, 4, 5, 6, 7]",0.0634921
./random_graph_db/graph_db_node_8/04_p0.4/04_graph_n8_p0.4_idx4.gpickle,8,0.4,4,3,5,18,"[0, 1, 2, 3, 4, 5, 6, 7]",0.0700228
./random_graph_db/graph_db_node_8/04_p0.4/04_graph_n8_p0.4_idx5.gpickle,8,0.4,5,2,2,16,"[0, 1, 2, 3, 4, 5, 6, 7]",0.046078
./random_graph_db/graph_db_node_8/04_p0.4/04_graph_n8_p0.4_idx6.gpickle,8,0.4,6,2,4,26,"[0, 1, 2, 3, 4, 5, 6, 7]",0.0662642
./random_graph_db/graph_db_node_8/04_p0.4/04_graph_n8_p0.4_idx7.gpickle,8,0.4,7,4,9,29,"[0, 1, 2, 3, 4, 5, 6, 7]",0.0869708
./random_graph_db/graph_db_node_8/04_p0.4/04_graph_n8_p0.4_idx8.gpickle,8,0.4,8,3,7,35,"[0, 1, 2, 3, 4, 5, 6, 7]",0.0824721
./random_graph_db/graph_db_node_8/04_p0.4/04_graph_n8_p0.4_idx9.gpickle,8,0.4,9,3,8,30,"[0, 1, 2, 3, 4, 5, 6, 7]",0.0777347
./random_graph_db/graph_db_node_8/05_p0.45/05_graph_n8_p0.45_idx1.gpickle,8,0.45,1,3,2,17,"[0, 1, 2, 3, 4, 5, 6, 7]",0.0419991
./random_graph_db/graph_db_node_8/05_p0.45/05_graph_n8_p0.45_idx10.gpickle,8,0.45,10,3,5,23,"[0, 1, 2, 3, 4, 5, 6, 7]",0.0554302
./random_graph_db/graph_db_node_8/05_p0.45/05_graph_n8_p0.45_idx2.gpickle,8,0.45,2,3,4,17,"[0, 1, 2, 3, 4, 5, 6, 7]",0.0609148
./random_graph_db/graph_db_node_8/05_p0.45/05_graph_n8_p0.45_idx3.gpickle,8,0.45,3,3,10,36,"[0, 1, 2, 3, 4, 5, 6, 7]",0.0779788
./random_graph_db/graph_db_node_8/05_p0.45/05_graph_n8_p0.45_idx4.gpickle,8,0.45,4,3,5,28,"[0, 1, 2, 3, 4, 5, 6, 7]",0.0676739
./random_graph_db/graph_db_node_8/05_p0.45/05_graph_n8_p0.45_idx5.gpickle,8,0.45,5,4,9,37,"[0, 1, 2, 3, 4, 5, 6, 7]",0.0752099
./random_graph_db/graph_db_node_8/05_p0.45/05_graph_n8_p0.45_idx6.gpickle,8,0.45,6,3,8,37,"[0, 1, 2, 3, 4, 5, 6, 7]",0.1062949
./random_graph_db/graph_db_node_8/05_p0.45/05_graph_n8_p0.45_idx7.gpickle,8,0.45,7,4,8,24,"[0, 1, 2, 3, 4, 5, 6, 7]",0.0738881
./random_graph_db/graph_db_node_8/05_p0.45/05_graph_n8_p0.45_idx8.gpickle,8,0.45,8,3,5,31,"[0, 1, 2, 3, 4, 5, 6, 7]",0.0669339
./random_graph_db/graph_db_node_8/05_p0.45/05_graph_n8_p0.45_idx9.gpickle,8,0.45,9,3,6,30,"[0, 1, 2, 3, 4, 5, 6, 7]",0.0779419
./random_graph_db/graph_db_node_8/06_p0.5/06_graph_n8_p0.5_idx1.gpickle,8,0.5,1,3,8,32,"[0, 1, 2, 3, 4, 5, 6, 7]",0.0804541
./random_graph_db/graph_db_node_8/06_p0.5/06_graph_n8_p0.5_idx10.gpickle,8,0.5,10,3,3,16,"[0, 1, 2, 3, 4, 5, 6, 7]",0.0479801
./random_graph_db/graph_db_node_8/06_p0.5/06_graph_n8_p0.5_idx2.gpickle,8,0.5,2,3,2,15,"[0, 1, 2, 3, 4, 5, 6, 7]",0.03953
./random_graph_db/graph_db_node_8/06_p0.5/06_graph_n8_p0.5_idx3.gpickle,8,0.5,3,3,7,24,"[0, 1, 2, 3, 4, 5, 6, 7]",0.070008
./random_graph_db/graph_db_node_8/06_p0.5/06_graph_n8_p0.5_idx4.gpickle,8,0.5,4,4,6,22,"[0, 1, 2, 3, 4, 5, 6, 7]",0.0735581
./random_graph_db/graph_db_node_8/06_p0.5/06_graph_n8_p0.5_idx5.gpickle,8,0.5,5,3,5,18,"[0, 1, 2, 3, 4, 5, 6, 7]",0.063108
./random_graph_db/graph_db_node_8/06_p0.5/06_graph_n8_p0.5_idx6.gpickle,8,0.5,6,3,6,26,"[0, 1, 2, 3, 4, 5, 6, 7]",0.07042
./random_graph_db/graph_db_node_8/06_p0.5/06_graph_n8_p0.5_idx7.gpickle,8,0.5,7,2,3,17,"[0, 1, 2, 3, 4, 5, 6, 7]",0.0499549
./random_graph_db/graph_db_node_8/06_p0.5/06_graph_n8_p0.5_idx8.gpickle,8,0.5,8,3,4,23,"[0, 1, 2, 3, 4, 5, 6, 7]",0.0587127
./random_graph_db/graph_db_node_8/06_p0.5/06_graph_n8_p0.5_idx9.gpickle,8,0.5,9,3,5,26,"[0, 1, 2, 3, 4, 5, 6, 7]",0.1000919
./random_graph_db/graph_db_node_8/07_p0.55/07_graph_n8_p0.55_idx1.gpickle,8,0.55,1,3,8,38,"[0, 1, 2, 3, 4, 5, 6, 7]",0.0826092
./random_graph_db/graph_db_node_8/07_p0.55/07_graph_n8_p0.55_idx10.gpickle,8,0.55,10,3,7,37,"[0, 1, 2, 3, 4, 5, 6, 7]",0.0775907
./random_graph_db/graph_db_node_8/07_p0.55/07_graph_n8_p0.55_idx2.gpickle,8,0.55,2,3,6,21,"[0, 1, 2, 3, 4, 5, 6, 7]",0.0732
./random_graph_db/graph_db_node_8/07_p0.55/07_graph_n8_p0.55_idx3.gpickle,8,0.55,3,3,6,29,"[0, 1, 2, 3, 4, 5, 6, 7]",0.0781791
./random_graph_db/graph_db_node_8/07_p0.55/07_graph_n8_p0.55_idx4.gpickle,8,0.55,4,3,5,23,"[0, 1, 2, 3, 4, 5, 6, 7]",0.0634341
./random_graph_db/graph_db_node_8/07_p0.55/07_graph_n8_p0.55_idx5.gpickle,8,0.55,5,4,8,26,"[0, 1, 2, 3, 4, 5, 6, 7]",0.0913732
./random_graph_db/graph_db_node_8/07_p0.55/07_graph_n8_p0.55_idx6.gpickle,8,0.55,6,4,10,36,"[0, 1, 2, 3, 4, 5, 6, 7]",0.078783
./random_graph_db/graph_db_node_8/07_p0.55/07_graph_n8_p0.55_idx7.gpickle,8,0.55,7,3,4,17,"[0, 1, 2, 3, 4, 5, 6, 7]",0.0487208
./random_graph_db/graph_db_node_8/07_p0.55/07_graph_n8_p0.55_idx8.gpickle,8,0.55,8,3,5,31,"[0, 1, 2, 3, 4, 5, 6, 7]",0.0702312
./random_graph_db/graph_db_node_8/07_p0.55/07_graph_n8_p0.55_idx9.gpickle,8,0.55,9,3,9,24,"[0, 1, 2, 3, 4, 5, 6, 7]",0.0838771
./random_graph_db/graph_db_node_8/08_p0.6/08_graph_n8_p0.6_idx1.gpickle,8,0.6,1,3,5,18,"[0, 1, 2, 3, 4, 5, 6, 7]",0.0616412
./random_graph_db/graph_db_node_8/08_p0.6/08_graph_n8_p0.6_idx10.gpickle,8,0.6,10,3,10,46,"[0, 1, 2, 3, 4, 5, 6, 7]",0.0909078
./random_graph_db/graph_db_node_8/08_p0.6/08_graph_n8_p0.6_idx2.gpickle,8,0.6,2,3,7,29,"[0, 1, 2, 3, 4, 5, 6, 7]",0.0772209
./random_graph_db/graph_db_node_8/08_p0.6/08_graph_n8_p0.6_idx3.gpickle,8,0.6,3,4,11,45,"[0, 1, 2, 3, 4, 5, 6, 7]",0.134872
./random_graph_db/graph_db_node_8/08_p0.6/08_graph_n8_p0.6_idx4.gpickle,8,0.6,4,4,7,30,"[0, 1, 2, 3, 4, 5, 6, 7]",0.0691631
./random_graph_db/graph_db_node_8/08_p0.6/08_graph_n8_p0.6_idx5.gpickle,8,0.6,5,3,6,26,"[0, 1, 2, 3, 4, 5, 6, 7]",0.0606039
./random_graph_db/graph_db_node_8/08_p0.6/08_graph_n8_p0.6_idx6.gpickle,8,0.6,6,4,6,24,"[0, 1, 2, 3, 4, 5, 6, 7]",0.068078
./random_graph_db/graph_db_node_8/08_p0.6/08_graph_n8_p0.6_idx7.gpickle,8,0.6,7,4,8,26,"[0, 1, 2, 3, 4, 5, 6, 7]",0.0829072
./random_graph_db/graph_db_node_8/08_p0.6/08_graph_n8_p0.6_idx8.gpickle,8,0.6,8,3,5,28,"[0, 1, 2, 3, 4, 5, 6, 7]",0.0704052
./random_graph_db/graph_db_node_8/08_p0.6/08_graph_n8_p0.6_idx9.gpickle,8,0.6,9,4,7,21,"[0, 1, 2, 3, 4, 5, 6, 7]",0.0800178
./random_graph_db/graph_db_node_8/09_p0.65/09_graph_n8_p0.65_idx1.gpickle,8,0.65,1,4,8,24,"[0, 1, 2, 3, 4, 5, 6, 7]",0.0910242
./random_graph_db/graph_db_node_8/09_p0.65/09_graph_n8_p0.65_idx10.gpickle,8,0.65,10,3,6,38,"[0, 1, 2, 3, 4, 5, 6, 7]",0.0780361
./random_graph_db/graph_db_node_8/09_p0.65/09_graph_n8_p0.65_idx2.gpickle,8,0.65,2,3,6,26,"[0, 1, 2, 3, 4, 5, 6, 7]",0.0656822
./random_graph_db/graph_db_node_8/09_p0.65/09_graph_n8_p0.65_idx3.gpickle,8,0.65,3,3,6,28,"[0, 1, 2, 3, 4, 5, 6, 7]",0.0772862
./random_graph_db/graph_db_node_8/09_p0.65/09_graph_n8_p0.65_idx4.gpickle,8,0.65,4,3,5,18,"[0, 1, 2, 3, 4, 5, 6, 7]",0.1000652
./random_graph_db/graph_db_node_8/09_p0.65/09_graph_n8_p0.65_idx5.gpickle,8,0.65,5,3,6,34,"[0, 1, 2, 3, 4, 5, 6, 7]",0.0792139
./random_graph_db/graph_db_node_8/09_p0.65/09_graph_n8_p0.65_idx6.gpickle,8,0.65,6,3,7,35,"[0, 1, 2, 3, 4, 5, 6, 7]",0.0784178
./random_graph_db/graph_db_node_8/09_p0.65/09_graph_n8_p0.65_idx7.gpickle,8,0.65,7,4,7,25,"[0, 1, 2, 3, 4, 5, 6, 7]",0.0768189
./random_graph_db/graph_db_node_8/09_p0.65/09_graph_n8_p0.65_idx8.gpickle,8,0.65,8,3,3,18,"[0, 1, 2, 3, 4, 5, 6, 7]",0.0499337
./random_graph_db/graph_db_node_8/09_p0.65/09_graph_n8_p0.65_idx9.gpickle,8,0.65,9,3,6,19,"[0, 1, 2, 3, 4, 5, 6, 7]",0.0743449
./random_graph_db/graph_db_node_8/10_p0.7/10_graph_n8_p0.7_idx1.gpickle,8,0.7,1,4,9,37,"[0, 1, 2, 3, 4, 5, 6, 7]",0.091754
./random_graph_db/graph_db_node_8/10_p0.7/10_graph_n8_p0.7_idx10.gpickle,8,0.7,10,3,7,26,"[0, 1, 2, 3, 4, 5, 6, 7]",0.0641499
./random_graph_db/graph_db_node_8/10_p0.7/10_graph_n8_p0.7_idx2.gpickle,8,0.7,2,4,7,23,"[0, 1, 2, 3, 4, 5, 6, 7]",0.101033
./random_graph_db/graph_db_node_8/10_p0.7/10_graph_n8_p0.7_idx3.gpickle,8,0.7,3,3,7,34,"[0, 1, 2, 3, 4, 5, 6, 7]",0.0768628
./random_graph_db/graph_db_node_8/10_p0.7/10_graph_n8_p0.7_idx4.gpickle,8,0.7,4,3,6,33,"[0, 1, 2, 3, 4, 5, 6, 7]",0.0640171
./random_graph_db/graph_db_node_8/10_p0.7/10_graph_n8_p0.7_idx5.gpickle,8,0.7,5,4,8,28,"[0, 1, 2, 3, 4, 5, 6, 7]",0.085464
./random_graph_db/graph_db_node_8/10_p0.7/10_graph_n8_p0.7_idx6.gpickle,8,0.7,6,3,6,32,"[0, 1, 2, 3, 4, 5, 6, 7]",0.1053648
./random_graph_db/graph_db_node_8/10_p0.7/10_graph_n8_p0.7_idx7.gpickle,8,0.7,7,3,5,22,"[0, 1, 2, 3, 4, 5, 6, 7]",0.067318
./random_graph_db/graph_db_node_8/10_p0.7/10_graph_n8_p0.7_idx8.gpickle,8,0.7,8,3,5,30,"[0, 1, 2, 3, 4, 5, 6, 7]",0.0695431
./random_graph_db/graph_db_node_8/10_p0.7/10_graph_n8_p0.7_idx9.gpickle,8,0.7,9,3,6,22,"[0, 1, 2, 3, 4, 5, 6, 7]",0.0782652
./random_graph_db/graph_db_node_8/11_p0.8/11_graph_n8_p0.8_idx1.gpickle,8,0.8,1,3,2,15,"[0, 1, 2, 3, 4, 5, 6, 7]",0.0471101
./random_graph_db/graph_db_node_8/11_p0.8/11_graph_n8_p0.8_idx10.gpickle,8,0.8,10,3,5,18,"[0, 1, 2, 3, 4, 5, 6, 7]",0.0567312
./random_graph_db/graph_db_node_8/11_p0.8/11_graph_n8_p0.8_idx2.gpickle,8,0.8,2,3,3,16,"[0, 1, 2, 3, 4, 5, 6, 7]",0.0486779
./random_graph_db/graph_db_node_8/11_p0.8/11_graph_n8_p0.8_idx3.gpickle,8,0.8,3,3,6,23,"[0, 1, 2, 3, 4, 5, 6, 7]",0.0652409
./random_graph_db/graph_db_node_8/11_p0.8/11_graph_n8_p0.8_idx4.gpickle,8,0.8,4,3,4,22,"[0, 1, 2, 3, 4, 5, 6, 7]",0.061626
./random_graph_db/graph_db_node_8/11_p0.8/11_graph_n8_p0.8_idx5.gpickle,8,0.8,5,2,6,39,"[0, 1, 2, 3, 4, 5, 6, 7]",0.064003
./random_graph_db/graph_db_node_8/11_p0.8/11_graph_n8_p0.8_idx6.gpickle,8,0.8,6,2,1,13,"[0, 1, 2, 3, 4, 5, 6, 7]",0.0349879
./random_graph_db/graph_db_node_8/11_p0.8/11_graph_n8_p0.8_idx7.gpickle,8,0.8,7,3,4,15,"[0, 1, 2, 3, 4, 5, 6, 7]",0.0519562
./random_graph_db/graph_db_node_8/11_p0.8/11_graph_n8_p0.8_idx8.gpickle,8,0.8,8,3,5,22,"[0, 1, 2, 3, 4, 5, 6, 7]",0.056859
./random_graph_db/graph_db_node_8/11_p0.8/11_graph_n8_p0.8_idx9.gpickle,8,0.8,9,3,4,19,"[0, 1, 2, 3, 4, 5, 6, 7]",0.0583591
./random_graph_db/graph_db_node_8/12_p0.9/12_graph_n8_p0.9_idx1.gpickle,8,0.9,1,2,2,15,"[0, 1, 2, 3, 4, 5, 6, 7]",0.0364072
./random_graph_db/graph_db_node_8/12_p0.9/12_graph_n8_p0.9_idx10.gpickle,8,0.9,10,3,4,19,"[0, 1, 2, 3, 4, 5, 6, 7]",0.0973001
./random_graph_db/graph_db_node_8/12_p0.9/12_graph_n8_p0.9_idx2.gpickle,8,0.9,2,3,3,14,"[0, 1, 2, 3, 4, 5, 6, 7]",0.0491309
./random_graph_db/graph_db_node_8/12_p0.9/12_graph_n8_p0.9_idx3.gpickle,8,0.9,3,3,2,13,"[0, 1, 2, 3, 4, 5, 6, 7]",0.0391011
./random_graph_db/graph_db_node_8/12_p0.9/12_graph_n8_p0.9_idx4.gpickle,8,0.9,4,2,1,13,"[0, 1, 2, 3, 4, 5, 6, 7]",0.0349281
./random_graph_db/graph_db_node_8/12_p0.9/12_graph_n8_p0.9_idx5.gpickle,8,0.9,5,3,3,14,"[0, 1, 2, 3, 4, 5, 6, 7]",0.0546381
./random_graph_db/graph_db_node_8/12_p0.9/12_graph_n8_p0.9_idx6.gpickle,8,0.9,6,3,5,29,"[0, 1, 2, 3, 4, 5, 6, 7]",0.0512631
./random_graph_db/graph_db_node_8/12_p0.9/12_graph_n8_p0.9_idx7.gpickle,8,0.9,7,2,1,13,"[0, 1, 2, 3, 4, 5, 6, 7]",0.034786
./random_graph_db/graph_db_node_8/12_p0.9/12_graph_n8_p0.9_idx8.gpickle,8,0.9,8,3,2,13,"[0, 1, 2, 3, 4, 5, 6, 7]",0.0394239
./random_graph_db/graph_db_node_8/12_p0.9/12_graph_n8_p0.9_idx9.gpickle,8,0.9,9,1,0,11,"[0, 1, 2, 3, 4, 5, 6, 7]",0.0233121
./random_graph_db/graph_db_node_9/01_p0.1/01_graph_n9_p0.1_idx1.gpickle,9,0.1,1,3,4,29,"[0, 1, 2, 3, 4, 5, 6, 7, 8]",0.063688
./random_graph_db/graph_db_node_9/01_p0.1/01_graph_n9_p0.1_idx10.gpickle,9,0.1,10,3,4,20,"[0, 1, 2, 3, 4, 5, 6, 7, 8]",0.0654931
./random_graph_db/graph_db_node_9/01_p0.1/01_graph_n9_p0.1_idx2.gpickle,9,0.1,2,3,2,20,"[0, 1, 2, 3, 4, 5, 6, 7, 8]",0.055948
./random_graph_db/graph_db_node_9/01_p0.1/01_graph_n9_p0.1_idx3.gpickle,9,0.1,3,4,6,27,"[0, 1, 2, 3, 4, 5, 6, 7, 8]",0.0899541
./random_graph_db/graph_db_node_9/01_p0.1/01_graph_n9_p0.1_idx4.gpickle,9,0.1,4,3,2,16,"[0, 1, 2, 3, 4, 5, 6, 7, 8]",0.0542099
./random_graph_db/graph_db_node_9/01_p0.1/01_graph_n9_p0.1_idx5.gpickle,9,0.1,5,3,3,20,"[0, 1, 2, 3, 4, 5, 6, 7, 8]",0.0550499
./random_graph_db/graph_db_node_9/01_p0.1/01_graph_n9_p0.1_idx6.gpickle,9,0.1,6,3,2,14,"[0, 1, 2, 3, 4, 5, 6, 7, 8]",0.0480671
./random_graph_db/graph_db_node_9/01_p0.1/01_graph_n9_p0.1_idx7.gpickle,9,0.1,7,4,4,19,"[0, 1, 2, 3, 4, 5, 6, 7, 8]",0.0748601
./random_graph_db/graph_db_node_9/01_p0.1/01_graph_n9_p0.1_idx8.gpickle,9,0.1,8,3,4,18,"[0, 1, 2, 3, 4, 5, 6, 7, 8]",0.10535
./random_graph_db/graph_db_node_9/01_p0.1/01_graph_n9_p0.1_idx9.gpickle,9,0.1,9,4,3,18,"[0, 1, 2, 3, 4, 5, 6, 7, 8]",0.0585799
./random_graph_db/graph_db_node_9/02_p0.2/02_graph_n9_p0.2_idx1.gpickle,9,0.2,1,3,8,32,"[0, 1, 2, 3, 4, 5, 6, 7, 8]",0.0882142
./random_graph_db/graph_db_node_9/02_p0.2/02_graph_n9_p0.2_idx10.gpickle,9,0.2,10,3,3,19,"[0, 1, 2, 3, 4, 5, 6, 7, 8]",0.0538199
./random_graph_db/graph_db_node_9/02_p0.2/02_graph_n9_p0.2_idx2.gpickle,9,0.2,2,4,7,24,"[0, 1, 2, 3, 4, 5, 6, 7, 8]",0.0924978
./random_graph_db/graph_db_node_9/02_p0.2/02_graph_n9_p0.2_idx3.gpickle,9,0.2,3,3,3,21,"[0, 1, 2, 3, 4, 5, 6, 7, 8]",0.064347
./random_graph_db/graph_db_node_9/02_p0.2/02_graph_n9_p0.2_idx4.gpickle,9,0.2,4,4,6,23,"[0, 1, 2, 3, 4, 5, 6, 7, 8]",0.0779192
./random_graph_db/graph_db_node_9/02_p0.2/02_graph_n9_p0.2_idx5.gpickle,9,0.2,5,4,4,21,"[0, 1, 2, 3, 4, 5, 6, 7, 8]",0.0594661
./random_graph_db/graph_db_node_9/02_p0.2/02_graph_n9_p0.2_idx6.gpickle,9,0.2,6,3,6,37,"[0, 1, 2, 3, 4, 5, 6, 7, 8]",0.0734839
./random_graph_db/graph_db_node_9/02_p0.2/02_graph_n9_p0.2_idx7.gpickle,9,0.2,7,3,5,17,"[0, 1, 2, 3, 4, 5, 6, 7, 8]",0.076966
./random_graph_db/graph_db_node_9/02_p0.2/02_graph_n9_p0.2_idx8.gpickle,9,0.2,8,3,3,17,"[0, 1, 2, 3, 4, 5, 6, 7, 8]",0.0563438
./random_graph_db/graph_db_node_9/02_p0.2/02_graph_n9_p0.2_idx9.gpickle,9,0.2,9,4,6,23,"[0, 1, 2, 3, 4, 5, 6, 7, 8]",0.0800288
./random_graph_db/graph_db_node_9/03_p0.3/03_graph_n9_p0.3_idx1.gpickle,9,0.3,1,3,6,22,"[0, 1, 2, 3, 4, 5, 6, 7, 8]",0.1118829
./random_graph_db/graph_db_node_9/03_p0.3/03_graph_n9_p0.3_idx10.gpickle,9,0.3,10,4,8,38,"[0, 1, 2, 3, 4, 5, 6, 7, 8]",0.0834959
./random_graph_db/graph_db_node_9/03_p0.3/03_graph_n9_p0.3_idx2.gpickle,9,0.3,2,4,8,25,"[0, 1, 2, 3, 4, 5, 6, 7, 8]",0.09568
./random_graph_db/graph_db_node_9/03_p0.3/03_graph_n9_p0.3_idx3.gpickle,9,0.3,3,3,3,23,"[0, 1, 2, 3, 4, 5, 6, 7, 8]",0.0649228
./random_graph_db/graph_db_node_9/03_p0.3/03_graph_n9_p0.3_idx4.gpickle,9,0.3,4,4,7,24,"[0, 1, 2, 3, 4, 5, 6, 7, 8]",0.0804718
./random_graph_db/graph_db_node_9/03_p0.3/03_graph_n9_p0.3_idx5.gpickle,9,0.3,5,4,11,38,"[0, 1, 2, 3, 4, 5, 6, 7, 8]",0.1011598
./random_graph_db/graph_db_node_9/03_p0.3/03_graph_n9_p0.3_idx6.gpickle,9,0.3,6,3,2,16,"[0, 1, 2, 3, 4, 5, 6, 7, 8]",0.0478191
./random_graph_db/graph_db_node_9/03_p0.3/03_graph_n9_p0.3_idx7.gpickle,9,0.3,7,4,9,38,"[0, 1, 2, 3, 4, 5, 6, 7, 8]",0.0854521
./random_graph_db/graph_db_node_9/03_p0.3/03_graph_n9_p0.3_idx8.gpickle,9,0.3,8,4,7,24,"[0, 1, 2, 3, 4, 5, 6, 7, 8]",0.0833559
./random_graph_db/graph_db_node_9/03_p0.3/03_graph_n9_p0.3_idx9.gpickle,9,0.3,9,4,7,26,"[0, 1, 2, 3, 4, 5, 6, 7, 8]",0.0862942
./random_graph_db/graph_db_node_9/04_p0.4/04_graph_n9_p0.4_idx1.gpickle,9,0.4,1,4,7,28,"[0, 1, 2, 3, 4, 5, 6, 7, 8]",0.0898881
./random_graph_db/graph_db_node_9/04_p0.4/04_graph_n9_p0.4_idx10.gpickle,9,0.4,10,4,7,24,"[0, 1, 2, 3, 4, 5, 6, 7, 8]",0.1224761
./random_graph_db/graph_db_node_9/04_p0.4/04_graph_n9_p0.4_idx2.gpickle,9,0.4,2,3,7,26,"[0, 1, 2, 3, 4, 5, 6, 7, 8]",0.0825238
./random_graph_db/graph_db_node_9/04_p0.4/04_graph_n9_p0.4_idx3.gpickle,9,0.4,3,4,4,21,"[0, 1, 2, 3, 4, 5, 6, 7, 8]",0.0605938
./random_graph_db/graph_db_node_9/04_p0.4/04_graph_n9_p0.4_idx4.gpickle,9,0.4,4,3,7,21,"[0, 1, 2, 3, 4, 5, 6, 7, 8]",0.0855601
./random_graph_db/graph_db_node_9/04_p0.4/04_graph_n9_p0.4_idx5.gpickle,9,0.4,5,4,4,19,"[0, 1, 2, 3, 4, 5, 6, 7, 8]",0.0706692
./random_graph_db/graph_db_node_9/04_p0.4/04_graph_n9_p0.4_idx6.gpickle,9,0.4,6,3,7,32,"[0, 1, 2, 3, 4, 5, 6, 7, 8]",0.0667074
./random_graph_db/graph_db_node_9/04_p0.4/04_graph_n9_p0.4_idx7.gpickle,9,0.4,7,3,7,41,"[0, 1, 2, 3, 4, 5, 6, 7, 8]",0.092876
./random_graph_db/graph_db_node_9/04_p0.4/04_graph_n9_p0.4_idx8.gpickle,9,0.4,8,4,7,37,"[0, 1, 2, 3, 4, 5, 6, 7, 8]",0.0794299
./random_graph_db/graph_db_node_9/04_p0.4/04_graph_n9_p0.4_idx9.gpickle,9,0.4,9,3,9,25,"[0, 1, 2, 3, 4, 5, 6, 7, 8]",0.083744
./random_graph_db/graph_db_node_9/05_p0.45/05_graph_n9_p0.45_idx1.gpickle,9,0.45,1,4,12,44,"[0, 1, 2, 3, 4, 5, 6, 7, 8]",0.1127348
./random_graph_db/graph_db_node_9/05_p0.45/05_graph_n9_p0.45_idx10.gpickle,9,0.45,10,4,8,27,"[0, 1, 2, 3, 4, 5, 6, 7, 8]",0.0797131
./random_graph_db/graph_db_node_9/05_p0.45/05_graph_n9_p0.45_idx2.gpickle,9,0.45,2,4,11,43,"[0, 1, 2, 3, 4, 5, 6, 7, 8]",0.1082139
./random_graph_db/graph_db_node_9/05_p0.45/05_graph_n9_p0.45_idx3.gpickle,9,0.45,3,4,10,29,"[0, 1, 2, 3, 4, 5, 6, 7, 8]",0.1392119
./random_graph_db/graph_db_node_9/05_p0.45/05_graph_n9_p0.45_idx4.gpickle,9,0.45,4,4,10,37,"[0, 1, 2, 3, 4, 5, 6, 7, 8]",0.1075902
./random_graph_db/graph_db_node_9/05_p0.45/05_graph_n9_p0.45_idx5.gpickle,9,0.45,5,4,5,20,"[0, 1, 2, 3, 4, 5, 6, 7, 8]",0.0759151
./random_graph_db/graph_db_node_9/05_p0.45/05_graph_n9_p0.45_idx6.gpickle,9,0.45,6,4,7,30,"[0, 1, 2, 3, 4, 5, 6, 7, 8]",0.0945699
./random_graph_db/graph_db_node_9/05_p0.45/05_graph_n9_p0.45_idx7.gpickle,9,0.45,7,4,11,38,"[0, 1, 2, 3, 4, 5, 6, 7, 8]",0.104197
./random_graph_db/graph_db_node_9/05_p0.45/05_graph_n9_p0.45_idx8.gpickle,9,0.45,8,4,11,38,"[0, 1, 2, 3, 4, 5, 6, 7, 8]",0.094614
./random_graph_db/graph_db_node_9/05_p0.45/05_graph_n9_p0.45_idx9.gpickle,9,0.45,9,4,11,39,"[0, 1, 2, 3, 4, 5, 6, 7, 8]",0.1072111
./random_graph_db/graph_db_node_9/06_p0.5/06_graph_n9_p0.5_idx1.gpickle,9,0.5,1,4,8,30,"[0, 1, 2, 3, 4, 5, 6, 7, 8]",0.0961621
./random_graph_db/graph_db_node_9/06_p0.5/06_graph_n9_p0.5_idx10.gpickle,9,0.5,10,4,7,32,"[0, 1, 2, 3, 4, 5, 6, 7, 8]",0.0836296
./random_graph_db/graph_db_node_9/06_p0.5/06_graph_n9_p0.5_idx2.gpickle,9,0.5,2,3,6,20,"[0, 1, 2, 3, 4, 5, 6, 7, 8]",0.070416
./random_graph_db/graph_db_node_9/06_p0.5/06_graph_n9_p0.5_idx3.gpickle,9,0.5,3,4,10,31,"[0, 1, 2, 3, 4, 5, 6, 7, 8]",0.097904
./random_graph_db/graph_db_node_9/06_p0.5/06_graph_n9_p0.5_idx4.gpickle,9,0.5,4,4,5,22,"[0, 1, 2, 3, 4, 5, 6, 7, 8]",0.0760131
./random_graph_db/graph_db_node_9/06_p0.5/06_graph_n9_p0.5_idx5.gpickle,9,0.5,5,4,11,44,"[0, 1, 2, 3, 4, 5, 6, 7, 8]",0.1315982
./random_graph_db/graph_db_node_9/06_p0.5/06_graph_n9_p0.5_idx6.gpickle,9,0.5,6,4,7,26,"[0, 1, 2, 3, 4, 5, 6, 7, 8]",0.0800278
./random_graph_db/graph_db_node_9/06_p0.5/06_graph_n9_p0.5_idx7.gpickle,9,0.5,7,3,4,20,"[0, 1, 2, 3, 4, 5, 6, 7, 8]",0.064785
./random_graph_db/graph_db_node_9/06_p0.5/06_graph_n9_p0.5_idx8.gpickle,9,0.5,8,4,11,50,"[0, 1, 2, 3, 4, 5, 6, 7, 8]",0.109993
./random_graph_db/graph_db_node_9/06_p0.5/06_graph_n9_p0.5_idx9.gpickle,9,0.5,9,3,9,36,"[0, 1, 2, 3, 4, 5, 6, 7, 8]",0.0960221
./random_graph_db/graph_db_node_9/07_p0.55/07_graph_n9_p0.55_idx1.gpickle,9,0.55,1,4,11,38,"[0, 1, 2, 3, 4, 5, 6, 7, 8]",0.1100192
./random_graph_db/graph_db_node_9/07_p0.55/07_graph_n9_p0.55_idx10.gpickle,9,0.55,10,3,8,35,"[0, 1, 2, 3, 4, 5, 6, 7, 8]",0.0805681
./random_graph_db/graph_db_node_9/07_p0.55/07_graph_n9_p0.55_idx2.gpickle,9,0.55,2,4,5,22,"[0, 1, 2, 3, 4, 5, 6, 7, 8]",0.0673361
./random_graph_db/graph_db_node_9/07_p0.55/07_graph_n9_p0.55_idx3.gpickle,9,0.55,3,3,7,35,"[0, 1, 2, 3, 4, 5, 6, 7, 8]",0.0828371
./random_graph_db/graph_db_node_9/07_p0.55/07_graph_n9_p0.55_idx4.gpickle,9,0.55,4,4,10,41,"[0, 1, 2, 3, 4, 5, 6, 7, 8]",0.0924499
./random_graph_db/graph_db_node_9/07_p0.55/07_graph_n9_p0.55_idx5.gpickle,9,0.55,5,3,5,23,"[0, 1, 2, 3, 4, 5, 6, 7, 8]",0.0623071
./random_graph_db/graph_db_node_9/07_p0.55/07_graph_n9_p0.55_idx6.gpickle,9,0.55,6,3,5,23,"[0, 1, 2, 3, 4, 5, 6, 7, 8]",0.0618589
./random_graph_db/graph_db_node_9/07_p0.55/07_graph_n9_p0.55_idx7.gpickle,9,0.55,7,4,11,41,"[0, 1, 2, 3, 4, 5, 6, 7, 8]",0.1346347
./random_graph_db/graph_db_node_9/07_p0.55/07_graph_n9_p0.55_idx8.gpickle,9,0.55,8,4,11,41,"[0, 1, 2, 3, 4, 5, 6, 7, 8]",0.0994968
./random_graph_db/graph_db_node_9/07_p0.55/07_graph_n9_p0.55_idx9.gpickle,9,0.55,9,4,14,47,"[0, 1, 2, 3, 4, 5, 6, 7, 8]",0.1188788
./random_graph_db/graph_db_node_9/08_p0.6/08_graph_n9_p0.6_idx1.gpickle,9,0.6,1,4,12,51,"[0, 1, 2, 3, 4, 5, 6, 7, 8]",0.118773
./random_graph_db/graph_db_node_9/08_p0.6/08_graph_n9_p0.6_idx10.gpickle,9,0.6,10,4,12,38,"[0, 1, 2, 3, 4, 5, 6, 7, 8]",0.1070592
./random_graph_db/graph_db_node_9/08_p0.6/08_graph_n9_p0.6_idx2.gpickle,9,0.6,2,4,10,36,"[0, 1, 2, 3, 4, 5, 6, 7, 8]",0.0991392
./random_graph_db/graph_db_node_9/08_p0.6/08_graph_n9_p0.6_idx3.gpickle,9,0.6,3,4,7,24,"[0, 1, 2, 3, 4, 5, 6, 7, 8]",0.0876281
./random_graph_db/graph_db_node_9/08_p0.6/08_graph_n9_p0.6_idx4.gpickle,9,0.6,4,4,10,44,"[0, 1, 2, 3, 4, 5, 6, 7, 8]",0.1267779
./random_graph_db/graph_db_node_9/08_p0.6/08_graph_n9_p0.6_idx5.gpickle,9,0.6,5,3,4,29,"[0, 1, 2, 3, 4, 5, 6, 7, 8]",0.1537521
./random_graph_db/graph_db_node_9/08_p0.6/08_graph_n9_p0.6_idx6.gpickle,9,0.6,6,4,10,39,"[0, 1, 2, 3, 4, 5, 6, 7, 8]",0.0958731
./random_graph_db/graph_db_node_9/08_p0.6/08_graph_n9_p0.6_idx7.gpickle,9,0.6,7,4,10,41,"[0, 1, 2, 3, 4, 5, 6, 7, 8]",0.1039643
./random_graph_db/graph_db_node_9/08_p0.6/08_graph_n9_p0.6_idx8.gpickle,9,0.6,8,4,5,22,"[0, 1, 2, 3, 4, 5, 6, 7, 8]",0.0785418
./random_graph_db/graph_db_node_9/08_p0.6/08_graph_n9_p0.6_idx9.gpickle,9,0.6,9,4,7,26,"[0, 1, 2, 3, 4, 5, 6, 7, 8]",0.0734463
./random_graph_db/graph_db_node_9/09_p0.65/09_graph_n9_p0.65_idx1.gpickle,9,0.65,1,4,10,40,"[0, 1, 2, 3, 4, 5, 6, 7, 8]",0.1016941
./random_graph_db/graph_db_node_9/09_p0.65/09_graph_n9_p0.65_idx10.gpickle,9,0.65,10,3,6,32,"[0, 1, 2, 3, 4, 5, 6, 7, 8]",0.0782583
./random_graph_db/graph_db_node_9/09_p0.65/09_graph_n9_p0.65_idx2.gpickle,9,0.65,2,3,7,24,"[0, 1, 2, 3, 4, 5, 6, 7, 8]",0.0810981
./random_graph_db/graph_db_node_9/09_p0.65/09_graph_n9_p0.65_idx3.gpickle,9,0.65,3,4,11,39,"[0, 1, 2, 3, 4, 5, 6, 7, 8]",0.1009278
./random_graph_db/graph_db_node_9/09_p0.65/09_graph_n9_p0.65_idx4.gpickle,9,0.65,4,4,9,28,"[0, 1, 2, 3, 4, 5, 6, 7, 8]",0.0983908
./random_graph_db/graph_db_node_9/09_p0.65/09_graph_n9_p0.65_idx5.gpickle,9,0.65,5,4,13,41,"[0, 1, 2, 3, 4, 5, 6, 7, 8]",0.153548
./random_graph_db/graph_db_node_9/09_p0.65/09_graph_n9_p0.65_idx6.gpickle,9,0.65,6,3,5,25,"[0, 1, 2, 3, 4, 5, 6, 7, 8]",0.0729599
./random_graph_db/graph_db_node_9/09_p0.65/09_graph_n9_p0.65_idx7.gpickle,9,0.65,7,4,10,38,"[0, 1, 2, 3, 4, 5, 6, 7, 8]",0.1055501
./random_graph_db/graph_db_node_9/09_p0.65/09_graph_n9_p0.65_idx8.gpickle,9,0.65,8,4,6,21,"[0, 1, 2, 3, 4, 5, 6, 7, 8]",0.088563
./random_graph_db/graph_db_node_9/09_p0.65/09_graph_n9_p0.65_idx9.gpickle,9,0.65,9,4,7,24,"[0, 1, 2, 3, 4, 5, 6, 7, 8]",0.090332
./random_graph_db/graph_db_node_9/10_p0.7/10_graph_n9_p0.7_idx1.gpickle,9,0.7,1,4,10,36,"[0, 1, 2, 3, 4, 5, 6, 7, 8]",0.1058612
./random_graph_db/graph_db_node_9/10_p0.7/10_graph_n9_p0.7_idx10.gpickle,9,0.7,10,4,11,35,"[0, 1, 2, 3, 4, 5, 6, 7, 8]",0.10572
./random_graph_db/graph_db_node_9/10_p0.7/10_graph_n9_p0.7_idx2.gpickle,9,0.7,2,4,9,35,"[0, 1, 2, 3, 4, 5, 6, 7, 8]",0.0951371
./random_graph_db/graph_db_node_9/10_p0.7/10_graph_n9_p0.7_idx3.gpickle,9,0.7,3,3,4,25,"[0, 1, 2, 3, 4, 5, 6, 7, 8]",0.069171
./random_graph_db/graph_db_node_9/10_p0.7/10_graph_n9_p0.7_idx4.gpickle,9,0.7,4,4,6,25,"[0, 1, 2, 3, 4, 5, 6, 7, 8]",0.07582
./random_graph_db/graph_db_node_9/10_p0.7/10_graph_n9_p0.7_idx5.gpickle,9,0.7,5,4,10,40,"[0, 1, 2, 3, 4, 5, 6, 7, 8]",0.1049793
./random_graph_db/graph_db_node_9/10_p0.7/10_graph_n9_p0.7_idx6.gpickle,9,0.7,6,4,11,36,"[0, 1, 2, 3, 4, 5, 6, 7, 8]",0.1072769
./random_graph_db/graph_db_node_9/10_p0.7/10_graph_n9_p0.7_idx7.gpickle,9,0.7,7,3,9,37,"[0, 1, 2, 3, 4, 5, 6, 7, 8]",0.1297572
./random_graph_db/graph_db_node_9/10_p0.7/10_graph_n9_p0.7_idx8.gpickle,9,0.7,8,4,13,45,"[0, 1, 2, 3, 4, 5, 6, 7, 8]",0.1131902
./random_graph_db/graph_db_node_9/10_p0.7/10_graph_n9_p0.7_idx9.gpickle,9,0.7,9,4,7,33,"[0, 1, 2, 3, 4, 5, 6, 7, 8]",0.0791738
./random_graph_db/graph_db_node_9/11_p0.8/11_graph_n9_p0.8_idx1.gpickle,9,0.8,1,3,7,28,"[0, 1, 2, 3, 4, 5, 6, 7, 8]",0.0660851
./random_graph_db/graph_db_node_9/11_p0.8/11_graph_n9_p0.8_idx10.gpickle,9,0.8,10,4,8,38,"[0, 1, 2, 3, 4, 5, 6, 7, 8]",0.093416
./random_graph_db/graph_db_node_9/11_p0.8/11_graph_n9_p0.8_idx2.gpickle,9,0.8,2,3,5,19,"[0, 1, 2, 3, 4, 5, 6, 7, 8]",0.066221
./random_graph_db/graph_db_node_9/11_p0.8/11_graph_n9_p0.8_idx3.gpickle,9,0.8,3,4,7,24,"[0, 1, 2, 3, 4, 5, 6, 7, 8]",0.0713911
./random_graph_db/graph_db_node_9/11_p0.8/11_graph_n9_p0.8_idx4.gpickle,9,0.8,4,4,8,25,"[0, 1, 2, 3, 4, 5, 6, 7, 8]",0.1007752
./random_graph_db/graph_db_node_9/11_p0.8/11_graph_n9_p0.8_idx5.gpickle,9,0.8,5,4,8,41,"[0, 1, 2, 3, 4, 5, 6, 7, 8]",0.09905
./random_graph_db/graph_db_node_9/11_p0.8/11_graph_n9_p0.8_idx6.gpickle,9,0.8,6,4,11,34,"[0, 1, 2, 3, 4, 5, 6, 7, 8]",0.1122811
./random_graph_db/graph_db_node_9/11_p0.8/11_graph_n9_p0.8_idx7.gpickle,9,0.8,7,3,6,20,"[0, 1, 2, 3, 4, 5, 6, 7, 8]",0.104676
./random_graph_db/graph_db_node_9/11_p0.8/11_graph_n9_p0.8_idx8.gpickle,9,0.8,8,4,8,34,"[0, 1, 2, 3, 4, 5, 6, 7, 8]",0.0786252
./random_graph_db/graph_db_node_9/11_p0.8/11_graph_n9_p0.8_idx9.gpickle,9,0.8,9,4,9,35,"[0, 1, 2, 3, 4, 5, 6, 7, 8]",0.1022253
./random_graph_db/graph_db_node_9/12_p0.9/12_graph_n9_p0.9_idx1.gpickle,9,0.9,1,3,4,16,"[0, 1, 2, 3, 4, 5, 6, 7, 8]",0.0570638
./random_graph_db/graph_db_node_9/12_p0.9/12_graph_n9_p0.9_idx10.gpickle,9,0.9,10,2,3,16,"[0, 1, 2, 3, 4, 5, 6, 7, 8]",0.0482919
./random_graph_db/graph_db_node_9/12_p0.9/12_graph_n9_p0.9_idx2.gpickle,9,0.9,2,4,3,16,"[0, 1, 2, 3, 4, 5, 6, 7, 8]",0.0659242
./random_graph_db/graph_db_node_9/12_p0.9/12_graph_n9_p0.9_idx3.gpickle,9,0.9,3,3,5,17,"[0, 1, 2, 3, 4, 5, 6, 7, 8]",0.0752871
./random_graph_db/graph_db_node_9/12_p0.9/12_graph_n9_p0.9_idx4.gpickle,9,0.9,4,4,5,22,"[0, 1, 2, 3, 4, 5, 6, 7, 8]",0.0722461
./random_graph_db/graph_db_node_9/12_p0.9/12_graph_n9_p0.9_idx5.gpickle,9,0.9,5,4,3,20,"[0, 1, 2, 3, 4, 5, 6, 7, 8]",0.0593159
./random_graph_db/graph_db_node_9/12_p0.9/12_graph_n9_p0.9_idx6.gpickle,9,0.9,6,3,2,14,"[0, 1, 2, 3, 4, 5, 6, 7, 8]",0.052022
./random_graph_db/graph_db_node_9/12_p0.9/12_graph_n9_p0.9_idx7.gpickle,9,0.9,7,3,3,20,"[0, 1, 2, 3, 4, 5, 6, 7, 8]",0.0595911
./random_graph_db/graph_db_node_9/12_p0.9/12_graph_n9_p0.9_idx8.gpickle,9,0.9,8,3,6,29,"[0, 1, 2, 3, 4, 5, 6, 7, 8]",0.0784211
./random_graph_db/graph_db_node_9/12_p0.9/12_graph_n9_p0.9_idx9.gpickle,9,0.9,9,3,5,21,"[0, 1, 2, 3, 4, 5, 6, 7, 8]",0.072268
