path,node_number,p,idx,num_emitters_saminla,num_emitter_CNOTs_saminla,num_gates_saminla,ordering_saminla,run_time_saminla
./random_graph_db/graph_db_node_10/01_p0.1/01_graph_n10_p0.1_idx1.gpickle,10,0.1,1,1,0,11,"[8, 6, 9, 0, 5, 4, 3, 2, 7, 1]",0.8289318
./random_graph_db/graph_db_node_10/01_p0.1/01_graph_n10_p0.1_idx10.gpickle,10,0.1,10,1,0,11,"[7, 1, 9, 5, 0, 2, 3, 6, 8, 4]",0.8060989
./random_graph_db/graph_db_node_10/01_p0.1/01_graph_n10_p0.1_idx2.gpickle,10,0.1,2,2,2,16,"[3, 4, 8, 7, 5, 0, 9, 1, 6, 2]",0.764375
./random_graph_db/graph_db_node_10/01_p0.1/01_graph_n10_p0.1_idx3.gpickle,10,0.1,3,1,0,11,"[1, 6, 9, 8, 2, 4, 0, 5, 7, 3]",0.6814771
./random_graph_db/graph_db_node_10/01_p0.1/01_graph_n10_p0.1_idx4.gpickle,10,0.1,4,1,0,11,"[4, 1, 7, 8, 6, 5, 9, 2, 0, 3]",0.9308691
./random_graph_db/graph_db_node_10/01_p0.1/01_graph_n10_p0.1_idx5.gpickle,10,0.1,5,2,1,13,"[0, 3, 9, 8, 2, 7, 4, 5, 6, 1]",0.7799351
./random_graph_db/graph_db_node_10/01_p0.1/01_graph_n10_p0.1_idx6.gpickle,10,0.1,6,2,2,14,"[3, 5, 6, 7, 0, 2, 8, 9, 4, 1]",0.8281882
./random_graph_db/graph_db_node_10/01_p0.1/01_graph_n10_p0.1_idx7.gpickle,10,0.1,7,3,6,21,"[8, 7, 1, 3, 9, 6, 4, 0, 2, 5]",0.8823881
./random_graph_db/graph_db_node_10/01_p0.1/01_graph_n10_p0.1_idx8.gpickle,10,0.1,8,2,2,16,"[5, 3, 6, 4, 8, 2, 0, 7, 9, 1]",0.7475591
./random_graph_db/graph_db_node_10/01_p0.1/01_graph_n10_p0.1_idx9.gpickle,10,0.1,9,2,3,17,"[9, 6, 3, 7, 0, 4, 8, 5, 1, 2]",0.7796781
./random_graph_db/graph_db_node_10/02_p0.2/02_graph_n10_p0.2_idx1.gpickle,10,0.2,1,2,5,24,"[9, 8, 7, 4, 0, 2, 3, 1, 5, 6]",0.856874
./random_graph_db/graph_db_node_10/02_p0.2/02_graph_n10_p0.2_idx10.gpickle,10,0.2,10,2,2,14,"[8, 0, 1, 2, 5, 6, 3, 7, 9, 4]",0.744781
./random_graph_db/graph_db_node_10/02_p0.2/02_graph_n10_p0.2_idx2.gpickle,10,0.2,2,2,2,14,"[9, 6, 5, 1, 2, 3, 8, 7, 0, 4]",0.776479
./random_graph_db/graph_db_node_10/02_p0.2/02_graph_n10_p0.2_idx3.gpickle,10,0.2,3,2,2,14,"[3, 9, 4, 7, 1, 6, 0, 5, 2, 8]",0.7470479
./random_graph_db/graph_db_node_10/02_p0.2/02_graph_n10_p0.2_idx4.gpickle,10,0.2,4,2,3,19,"[5, 9, 0, 3, 8, 2, 1, 6, 4, 7]",0.8900309
./random_graph_db/graph_db_node_10/02_p0.2/02_graph_n10_p0.2_idx5.gpickle,10,0.2,5,3,7,22,"[0, 9, 4, 2, 3, 6, 1, 8, 5, 7]",1.556741
./random_graph_db/graph_db_node_10/02_p0.2/02_graph_n10_p0.2_idx6.gpickle,10,0.2,6,2,4,16,"[7, 4, 3, 1, 2, 9, 8, 0, 6, 5]",0.9463818
./random_graph_db/graph_db_node_10/02_p0.2/02_graph_n10_p0.2_idx7.gpickle,10,0.2,7,1,0,11,"[2, 7, 4, 0, 6, 8, 5, 3, 1, 9]",0.7151439
./random_graph_db/graph_db_node_10/02_p0.2/02_graph_n10_p0.2_idx8.gpickle,10,0.2,8,3,6,23,"[9, 7, 3, 6, 5, 0, 8, 4, 2, 1]",1.064631
./random_graph_db/graph_db_node_10/02_p0.2/02_graph_n10_p0.2_idx9.gpickle,10,0.2,9,2,2,16,"[3, 9, 7, 1, 6, 4, 0, 5, 8, 2]",1.600322
./random_graph_db/graph_db_node_10/03_p0.3/03_graph_n10_p0.3_idx1.gpickle,10,0.3,1,3,8,28,"[6, 8, 5, 0, 2, 1, 3, 4, 7, 9]",1.4379621
./random_graph_db/graph_db_node_10/03_p0.3/03_graph_n10_p0.3_idx10.gpickle,10,0.3,10,3,5,20,"[1, 2, 0, 4, 6, 5, 3, 9, 7, 8]",0.9662211
./random_graph_db/graph_db_node_10/03_p0.3/03_graph_n10_p0.3_idx2.gpickle,10,0.3,2,2,3,17,"[5, 8, 0, 4, 7, 9, 1, 3, 6, 2]",1.1142447
./random_graph_db/graph_db_node_10/03_p0.3/03_graph_n10_p0.3_idx3.gpickle,10,0.3,3,2,4,24,"[0, 5, 4, 3, 1, 8, 2, 6, 9, 7]",0.8875482
./random_graph_db/graph_db_node_10/03_p0.3/03_graph_n10_p0.3_idx4.gpickle,10,0.3,4,2,2,16,"[9, 6, 3, 2, 7, 1, 0, 5, 4, 8]",0.8221061
./random_graph_db/graph_db_node_10/03_p0.3/03_graph_n10_p0.3_idx5.gpickle,10,0.3,5,2,2,14,"[9, 5, 7, 1, 8, 4, 6, 2, 3, 0]",0.813833
./random_graph_db/graph_db_node_10/03_p0.3/03_graph_n10_p0.3_idx6.gpickle,10,0.3,6,4,9,29,"[3, 4, 2, 0, 6, 9, 5, 7, 8, 1]",1.0670528
./random_graph_db/graph_db_node_10/03_p0.3/03_graph_n10_p0.3_idx7.gpickle,10,0.3,7,3,5,22,"[9, 8, 0, 6, 2, 3, 4, 7, 5, 1]",0.9460499
./random_graph_db/graph_db_node_10/03_p0.3/03_graph_n10_p0.3_idx8.gpickle,10,0.3,8,2,5,19,"[8, 3, 6, 1, 2, 4, 9, 7, 0, 5]",0.912662
./random_graph_db/graph_db_node_10/03_p0.3/03_graph_n10_p0.3_idx9.gpickle,10,0.3,9,3,7,29,"[9, 1, 2, 8, 4, 7, 5, 3, 0, 6]",1.02071
./random_graph_db/graph_db_node_10/04_p0.4/04_graph_n10_p0.4_idx1.gpickle,10,0.4,1,4,11,33,"[2, 9, 4, 0, 8, 3, 6, 5, 1, 7]",1.0714068
./random_graph_db/graph_db_node_10/04_p0.4/04_graph_n10_p0.4_idx10.gpickle,10,0.4,10,4,11,38,"[3, 5, 6, 8, 0, 4, 9, 2, 1, 7]",1.110044
./random_graph_db/graph_db_node_10/04_p0.4/04_graph_n10_p0.4_idx2.gpickle,10,0.4,2,4,13,46,"[7, 9, 8, 4, 1, 5, 0, 3, 6, 2]",1.4979091
./random_graph_db/graph_db_node_10/04_p0.4/04_graph_n10_p0.4_idx3.gpickle,10,0.4,3,3,8,25,"[9, 8, 2, 3, 4, 5, 0, 6, 7, 1]",0.958214
./random_graph_db/graph_db_node_10/04_p0.4/04_graph_n10_p0.4_idx4.gpickle,10,0.4,4,4,12,45,"[7, 4, 2, 9, 6, 8, 1, 3, 5, 0]",1.2249269
./random_graph_db/graph_db_node_10/04_p0.4/04_graph_n10_p0.4_idx5.gpickle,10,0.4,5,3,5,22,"[0, 8, 2, 9, 3, 6, 5, 7, 1, 4]",0.8690083
./random_graph_db/graph_db_node_10/04_p0.4/04_graph_n10_p0.4_idx6.gpickle,10,0.4,6,2,2,14,"[9, 1, 5, 8, 7, 3, 2, 0, 6, 4]",0.7416933
./random_graph_db/graph_db_node_10/04_p0.4/04_graph_n10_p0.4_idx7.gpickle,10,0.4,7,3,11,31,"[2, 3, 4, 6, 9, 1, 8, 7, 5, 0]",1.106894
./random_graph_db/graph_db_node_10/04_p0.4/04_graph_n10_p0.4_idx8.gpickle,10,0.4,8,2,3,17,"[1, 7, 9, 0, 3, 6, 8, 4, 2, 5]",0.8480868
./random_graph_db/graph_db_node_10/04_p0.4/04_graph_n10_p0.4_idx9.gpickle,10,0.4,9,3,7,32,"[6, 2, 3, 9, 1, 0, 5, 4, 7, 8]",0.9983969
./random_graph_db/graph_db_node_10/05_p0.45/05_graph_n10_p0.45_idx1.gpickle,10,0.45,1,3,11,42,"[9, 8, 5, 2, 3, 4, 6, 1, 0, 7]",1.1075919
./random_graph_db/graph_db_node_10/05_p0.45/05_graph_n10_p0.45_idx10.gpickle,10,0.45,10,4,14,47,"[4, 7, 0, 1, 9, 8, 2, 6, 5, 3]",1.1215751
./random_graph_db/graph_db_node_10/05_p0.45/05_graph_n10_p0.45_idx2.gpickle,10,0.45,2,4,10,28,"[3, 6, 5, 2, 7, 8, 0, 9, 1, 4]",1.0599718
./random_graph_db/graph_db_node_10/05_p0.45/05_graph_n10_p0.45_idx3.gpickle,10,0.45,3,2,5,26,"[2, 7, 3, 5, 1, 6, 4, 9, 8, 0]",0.8661671
./random_graph_db/graph_db_node_10/05_p0.45/05_graph_n10_p0.45_idx4.gpickle,10,0.45,4,2,3,17,"[9, 4, 3, 0, 6, 5, 2, 8, 1, 7]",0.8185859
./random_graph_db/graph_db_node_10/05_p0.45/05_graph_n10_p0.45_idx5.gpickle,10,0.45,5,4,9,31,"[5, 3, 4, 0, 2, 9, 1, 6, 7, 8]",1.024184
./random_graph_db/graph_db_node_10/05_p0.45/05_graph_n10_p0.45_idx6.gpickle,10,0.45,6,3,9,31,"[6, 1, 7, 8, 5, 4, 3, 0, 9, 2]",1.0462649
./random_graph_db/graph_db_node_10/05_p0.45/05_graph_n10_p0.45_idx7.gpickle,10,0.45,7,2,4,18,"[6, 1, 0, 5, 9, 7, 2, 3, 4, 8]",0.859256
./random_graph_db/graph_db_node_10/05_p0.45/05_graph_n10_p0.45_idx8.gpickle,10,0.45,8,4,12,33,"[8, 0, 2, 7, 1, 4, 3, 5, 6, 9]",1.1194661
./random_graph_db/graph_db_node_10/05_p0.45/05_graph_n10_p0.45_idx9.gpickle,10,0.45,9,3,10,41,"[9, 2, 5, 3, 7, 4, 6, 1, 8, 0]",1.1538739
./random_graph_db/graph_db_node_10/06_p0.5/06_graph_n10_p0.5_idx1.gpickle,10,0.5,1,4,11,49,"[1, 7, 9, 2, 8, 3, 6, 4, 5, 0]",1.340153
./random_graph_db/graph_db_node_10/06_p0.5/06_graph_n10_p0.5_idx10.gpickle,10,0.5,10,4,11,31,"[5, 9, 6, 7, 3, 2, 1, 4, 0, 8]",1.0667858
./random_graph_db/graph_db_node_10/06_p0.5/06_graph_n10_p0.5_idx2.gpickle,10,0.5,2,4,12,39,"[8, 2, 9, 1, 7, 5, 3, 0, 6, 4]",1.2091012
./random_graph_db/graph_db_node_10/06_p0.5/06_graph_n10_p0.5_idx3.gpickle,10,0.5,3,4,11,41,"[3, 7, 1, 5, 0, 4, 6, 9, 8, 2]",1.1957982
./random_graph_db/graph_db_node_10/06_p0.5/06_graph_n10_p0.5_idx4.gpickle,10,0.5,4,3,7,24,"[2, 6, 4, 3, 8, 5, 0, 9, 1, 7]",1.0109341
./random_graph_db/graph_db_node_10/06_p0.5/06_graph_n10_p0.5_idx5.gpickle,10,0.5,5,4,10,32,"[3, 1, 2, 9, 0, 8, 4, 7, 5, 6]",1.0198593
./random_graph_db/graph_db_node_10/06_p0.5/06_graph_n10_p0.5_idx6.gpickle,10,0.5,6,4,12,39,"[3, 5, 7, 6, 1, 8, 0, 4, 2, 9]",1.1950619
./random_graph_db/graph_db_node_10/06_p0.5/06_graph_n10_p0.5_idx7.gpickle,10,0.5,7,3,7,22,"[2, 0, 9, 7, 1, 8, 4, 5, 6, 3]",0.9966989
./random_graph_db/graph_db_node_10/06_p0.5/06_graph_n10_p0.5_idx8.gpickle,10,0.5,8,4,12,41,"[5, 9, 0, 2, 3, 1, 6, 4, 8, 7]",1.165267
./random_graph_db/graph_db_node_10/06_p0.5/06_graph_n10_p0.5_idx9.gpickle,10,0.5,9,3,8,23,"[1, 5, 4, 9, 6, 2, 8, 0, 3, 7]",1.0677869
./random_graph_db/graph_db_node_10/07_p0.55/07_graph_n10_p0.55_idx1.gpickle,10,0.55,1,4,12,48,"[2, 5, 1, 3, 9, 7, 8, 0, 4, 6]",1.268631
./random_graph_db/graph_db_node_10/07_p0.55/07_graph_n10_p0.55_idx10.gpickle,10,0.55,10,4,11,38,"[8, 0, 7, 1, 4, 3, 9, 6, 5, 2]",1.0963252
./random_graph_db/graph_db_node_10/07_p0.55/07_graph_n10_p0.55_idx2.gpickle,10,0.55,2,3,6,21,"[8, 4, 7, 1, 5, 6, 2, 0, 9, 3]",0.9351528
./random_graph_db/graph_db_node_10/07_p0.55/07_graph_n10_p0.55_idx3.gpickle,10,0.55,3,4,11,31,"[7, 9, 2, 5, 3, 1, 6, 8, 4, 0]",1.1237001
./random_graph_db/graph_db_node_10/07_p0.55/07_graph_n10_p0.55_idx4.gpickle,10,0.55,4,3,8,30,"[8, 4, 6, 2, 7, 3, 0, 1, 5, 9]",1.0390921
./random_graph_db/graph_db_node_10/07_p0.55/07_graph_n10_p0.55_idx5.gpickle,10,0.55,5,3,5,22,"[8, 7, 5, 9, 1, 2, 0, 6, 4, 3]",0.9228001
./random_graph_db/graph_db_node_10/07_p0.55/07_graph_n10_p0.55_idx6.gpickle,10,0.55,6,4,11,39,"[0, 8, 2, 3, 7, 5, 6, 9, 1, 4]",1.1211197
./random_graph_db/graph_db_node_10/07_p0.55/07_graph_n10_p0.55_idx7.gpickle,10,0.55,7,4,9,36,"[3, 8, 1, 7, 6, 2, 5, 0, 4, 9]",1.1455581
./random_graph_db/graph_db_node_10/07_p0.55/07_graph_n10_p0.55_idx8.gpickle,10,0.55,8,4,9,27,"[5, 1, 8, 2, 6, 7, 4, 3, 0, 9]",1.1286631
./random_graph_db/graph_db_node_10/07_p0.55/07_graph_n10_p0.55_idx9.gpickle,10,0.55,9,3,6,23,"[8, 6, 2, 5, 1, 9, 0, 4, 7, 3]",0.9373519
./random_graph_db/graph_db_node_10/08_p0.6/08_graph_n10_p0.6_idx1.gpickle,10,0.6,1,3,11,40,"[1, 9, 8, 4, 6, 0, 7, 2, 3, 5]",1.1708097
./random_graph_db/graph_db_node_10/08_p0.6/08_graph_n10_p0.6_idx10.gpickle,10,0.6,10,4,11,34,"[8, 4, 3, 2, 1, 6, 5, 7, 9, 0]",1.2251229
./random_graph_db/graph_db_node_10/08_p0.6/08_graph_n10_p0.6_idx2.gpickle,10,0.6,2,4,12,34,"[1, 2, 0, 5, 4, 7, 8, 9, 3, 6]",1.1886871
./random_graph_db/graph_db_node_10/08_p0.6/08_graph_n10_p0.6_idx3.gpickle,10,0.6,3,3,8,24,"[2, 3, 0, 5, 4, 1, 6, 8, 9, 7]",1.4336469
./random_graph_db/graph_db_node_10/08_p0.6/08_graph_n10_p0.6_idx4.gpickle,10,0.6,4,4,14,41,"[9, 6, 3, 7, 8, 2, 5, 1, 4, 0]",1.316895
./random_graph_db/graph_db_node_10/08_p0.6/08_graph_n10_p0.6_idx5.gpickle,10,0.6,5,4,13,43,"[0, 1, 8, 4, 9, 2, 5, 3, 7, 6]",1.2500091
./random_graph_db/graph_db_node_10/08_p0.6/08_graph_n10_p0.6_idx6.gpickle,10,0.6,6,3,11,38,"[6, 4, 3, 0, 1, 7, 8, 9, 2, 5]",1.070389
./random_graph_db/graph_db_node_10/08_p0.6/08_graph_n10_p0.6_idx7.gpickle,10,0.6,7,4,11,40,"[9, 6, 8, 3, 2, 7, 4, 5, 0, 1]",1.255717
./random_graph_db/graph_db_node_10/08_p0.6/08_graph_n10_p0.6_idx8.gpickle,10,0.6,8,3,5,20,"[0, 4, 1, 9, 5, 6, 3, 8, 7, 2]",0.893084
./random_graph_db/graph_db_node_10/08_p0.6/08_graph_n10_p0.6_idx9.gpickle,10,0.6,9,3,7,31,"[4, 8, 5, 1, 6, 9, 7, 2, 0, 3]",1.0550432
./random_graph_db/graph_db_node_10/09_p0.65/09_graph_n10_p0.65_idx1.gpickle,10,0.65,1,4,14,36,"[3, 2, 7, 4, 5, 1, 6, 9, 8, 0]",1.1840961
./random_graph_db/graph_db_node_10/09_p0.65/09_graph_n10_p0.65_idx10.gpickle,10,0.65,10,2,4,25,"[3, 4, 7, 6, 5, 2, 0, 1, 8, 9]",0.9330029
./random_graph_db/graph_db_node_10/09_p0.65/09_graph_n10_p0.65_idx2.gpickle,10,0.65,2,4,19,54,"[6, 8, 9, 5, 1, 3, 7, 4, 0, 2]",1.3021929
./random_graph_db/graph_db_node_10/09_p0.65/09_graph_n10_p0.65_idx3.gpickle,10,0.65,3,3,8,36,"[3, 6, 5, 7, 8, 2, 9, 1, 4, 0]",1.2609072
./random_graph_db/graph_db_node_10/09_p0.65/09_graph_n10_p0.65_idx4.gpickle,10,0.65,4,4,11,46,"[2, 8, 3, 4, 7, 5, 0, 1, 6, 9]",1.2701211
./random_graph_db/graph_db_node_10/09_p0.65/09_graph_n10_p0.65_idx5.gpickle,10,0.65,5,4,13,36,"[5, 0, 9, 3, 2, 1, 4, 6, 7, 8]",1.3308308
./random_graph_db/graph_db_node_10/09_p0.65/09_graph_n10_p0.65_idx6.gpickle,10,0.65,6,3,12,41,"[3, 1, 0, 2, 9, 8, 5, 6, 4, 7]",1.1964111
./random_graph_db/graph_db_node_10/09_p0.65/09_graph_n10_p0.65_idx7.gpickle,10,0.65,7,4,11,32,"[0, 9, 1, 5, 8, 3, 4, 2, 7, 6]",1.1168001
./random_graph_db/graph_db_node_10/09_p0.65/09_graph_n10_p0.65_idx8.gpickle,10,0.65,8,3,7,24,"[5, 6, 0, 2, 1, 9, 7, 8, 3, 4]",1.0347879
./random_graph_db/graph_db_node_10/09_p0.65/09_graph_n10_p0.65_idx9.gpickle,10,0.65,9,4,16,52,"[4, 6, 1, 3, 9, 7, 8, 2, 5, 0]",1.434448
./random_graph_db/graph_db_node_10/10_p0.7/10_graph_n10_p0.7_idx1.gpickle,10,0.7,1,3,6,21,"[6, 4, 1, 7, 3, 8, 5, 0, 9, 2]",0.9984801
./random_graph_db/graph_db_node_10/10_p0.7/10_graph_n10_p0.7_idx10.gpickle,10,0.7,10,3,10,29,"[4, 2, 1, 6, 0, 5, 8, 3, 7, 9]",1.131274
./random_graph_db/graph_db_node_10/10_p0.7/10_graph_n10_p0.7_idx2.gpickle,10,0.7,2,4,15,50,"[6, 0, 4, 7, 2, 9, 5, 8, 1, 3]",1.3773582
./random_graph_db/graph_db_node_10/10_p0.7/10_graph_n10_p0.7_idx3.gpickle,10,0.7,3,3,11,35,"[5, 0, 9, 8, 2, 6, 1, 7, 3, 4]",1.0754251
./random_graph_db/graph_db_node_10/10_p0.7/10_graph_n10_p0.7_idx4.gpickle,10,0.7,4,3,9,28,"[4, 9, 3, 0, 8, 7, 5, 6, 2, 1]",1.1199191
./random_graph_db/graph_db_node_10/10_p0.7/10_graph_n10_p0.7_idx5.gpickle,10,0.7,5,3,6,21,"[3, 2, 4, 5, 6, 9, 8, 1, 7, 0]",1.0054982
./random_graph_db/graph_db_node_10/10_p0.7/10_graph_n10_p0.7_idx6.gpickle,10,0.7,6,4,13,44,"[4, 7, 6, 3, 0, 2, 9, 1, 8, 5]",1.202625
./random_graph_db/graph_db_node_10/10_p0.7/10_graph_n10_p0.7_idx7.gpickle,10,0.7,7,3,8,27,"[0, 6, 2, 5, 7, 9, 8, 4, 3, 1]",1.0516219
./random_graph_db/graph_db_node_10/10_p0.7/10_graph_n10_p0.7_idx8.gpickle,10,0.7,8,4,12,44,"[7, 1, 9, 3, 5, 6, 2, 0, 8, 4]",1.3697798
./random_graph_db/graph_db_node_10/10_p0.7/10_graph_n10_p0.7_idx9.gpickle,10,0.7,9,4,14,39,"[0, 7, 3, 6, 5, 2, 8, 9, 4, 1]",1.2905669
./random_graph_db/graph_db_node_10/11_p0.8/11_graph_n10_p0.8_idx1.gpickle,10,0.8,1,2,4,23,"[9, 2, 5, 1, 3, 6, 7, 0, 4, 8]",0.8925171
./random_graph_db/graph_db_node_10/11_p0.8/11_graph_n10_p0.8_idx10.gpickle,10,0.8,10,3,4,21,"[2, 5, 6, 8, 1, 3, 9, 0, 4, 7]",0.8763473
./random_graph_db/graph_db_node_10/11_p0.8/11_graph_n10_p0.8_idx2.gpickle,10,0.8,2,2,4,21,"[1, 8, 9, 0, 6, 3, 2, 4, 7, 5]",0.9707849
./random_graph_db/graph_db_node_10/11_p0.8/11_graph_n10_p0.8_idx3.gpickle,10,0.8,3,3,8,23,"[1, 6, 4, 5, 7, 8, 3, 0, 2, 9]",1.0858197
./random_graph_db/graph_db_node_10/11_p0.8/11_graph_n10_p0.8_idx4.gpickle,10,0.8,4,2,4,18,"[8, 1, 3, 4, 9, 0, 7, 6, 5, 2]",0.9074774
./random_graph_db/graph_db_node_10/11_p0.8/11_graph_n10_p0.8_idx5.gpickle,10,0.8,5,3,8,26,"[7, 3, 4, 9, 8, 5, 6, 2, 0, 1]",1.0842588
./random_graph_db/graph_db_node_10/11_p0.8/11_graph_n10_p0.8_idx6.gpickle,10,0.8,6,2,4,16,"[1, 4, 6, 0, 5, 7, 2, 8, 3, 9]",0.8990858
./random_graph_db/graph_db_node_10/11_p0.8/11_graph_n10_p0.8_idx7.gpickle,10,0.8,7,2,5,28,"[1, 5, 4, 7, 6, 3, 2, 9, 8, 0]",0.958483
./random_graph_db/graph_db_node_10/11_p0.8/11_graph_n10_p0.8_idx8.gpickle,10,0.8,8,2,4,23,"[6, 0, 5, 2, 7, 3, 4, 1, 9, 8]",0.9285393
./random_graph_db/graph_db_node_10/11_p0.8/11_graph_n10_p0.8_idx9.gpickle,10,0.8,9,3,7,24,"[7, 8, 1, 2, 3, 9, 4, 5, 0, 6]",1.0435748
./random_graph_db/graph_db_node_10/12_p0.9/12_graph_n10_p0.9_idx1.gpickle,10,0.9,1,2,2,16,"[1, 9, 8, 4, 0, 5, 3, 6, 7, 2]",0.8137941
./random_graph_db/graph_db_node_10/12_p0.9/12_graph_n10_p0.9_idx10.gpickle,10,0.9,10,1,0,11,"[6, 0, 7, 2, 8, 1, 4, 5, 9, 3]",0.7403829
./random_graph_db/graph_db_node_10/12_p0.9/12_graph_n10_p0.9_idx2.gpickle,10,0.9,2,2,1,13,"[7, 1, 9, 8, 4, 0, 6, 5, 3, 2]",0.747937
./random_graph_db/graph_db_node_10/12_p0.9/12_graph_n10_p0.9_idx3.gpickle,10,0.9,3,2,4,18,"[0, 8, 9, 3, 1, 5, 4, 6, 2, 7]",0.9001417
./random_graph_db/graph_db_node_10/12_p0.9/12_graph_n10_p0.9_idx4.gpickle,10,0.9,4,2,4,23,"[1, 2, 4, 6, 7, 8, 5, 3, 0, 9]",0.8445997
./random_graph_db/graph_db_node_10/12_p0.9/12_graph_n10_p0.9_idx5.gpickle,10,0.9,5,2,2,14,"[0, 9, 2, 3, 1, 7, 4, 8, 5, 6]",0.7859151
./random_graph_db/graph_db_node_10/12_p0.9/12_graph_n10_p0.9_idx6.gpickle,10,0.9,6,1,0,11,"[0, 4, 9, 8, 2, 7, 6, 5, 3, 1]",0.7459238
./random_graph_db/graph_db_node_10/12_p0.9/12_graph_n10_p0.9_idx7.gpickle,10,0.9,7,2,4,16,"[6, 8, 9, 2, 1, 0, 3, 5, 7, 4]",0.8774812
./random_graph_db/graph_db_node_10/12_p0.9/12_graph_n10_p0.9_idx8.gpickle,10,0.9,8,2,3,15,"[2, 7, 4, 1, 5, 0, 9, 8, 6, 3]",0.8492601
./random_graph_db/graph_db_node_10/12_p0.9/12_graph_n10_p0.9_idx9.gpickle,10,0.9,9,2,3,22,"[5, 8, 7, 6, 3, 4, 2, 1, 0, 9]",0.8790519
./random_graph_db/graph_db_node_11/01_p0.1/01_graph_n11_p0.1_idx1.gpickle,11,0.1,1,1,0,12,"[5, 8, 10, 7, 3, 0, 1, 9, 6, 4, 2]",0.8197141
./random_graph_db/graph_db_node_11/01_p0.1/01_graph_n11_p0.1_idx10.gpickle,11,0.1,10,2,2,15,"[9, 6, 3, 1, 8, 0, 7, 2, 5, 10, 4]",0.9233861
./random_graph_db/graph_db_node_11/01_p0.1/01_graph_n11_p0.1_idx2.gpickle,11,0.1,2,2,2,15,"[7, 9, 0, 5, 1, 8, 2, 4, 3, 6, 10]",0.9041371
./random_graph_db/graph_db_node_11/01_p0.1/01_graph_n11_p0.1_idx3.gpickle,11,0.1,3,1,0,12,"[7, 10, 6, 1, 8, 5, 3, 4, 2, 9, 0]",0.8662071
./random_graph_db/graph_db_node_11/01_p0.1/01_graph_n11_p0.1_idx4.gpickle,11,0.1,4,2,2,15,"[8, 6, 9, 3, 0, 1, 7, 5, 2, 4, 10]",0.897253
./random_graph_db/graph_db_node_11/01_p0.1/01_graph_n11_p0.1_idx5.gpickle,11,0.1,5,2,3,16,"[1, 10, 6, 0, 9, 8, 2, 5, 3, 4, 7]",0.945204
./random_graph_db/graph_db_node_11/01_p0.1/01_graph_n11_p0.1_idx6.gpickle,11,0.1,6,1,0,12,"[0, 4, 3, 6, 2, 7, 8, 10, 5, 1, 9]",0.8390081
./random_graph_db/graph_db_node_11/01_p0.1/01_graph_n11_p0.1_idx7.gpickle,11,0.1,7,2,1,14,"[8, 5, 6, 3, 4, 10, 9, 7, 2, 0, 1]",0.8862441
./random_graph_db/graph_db_node_11/01_p0.1/01_graph_n11_p0.1_idx8.gpickle,11,0.1,8,1,0,12,"[5, 0, 10, 3, 4, 9, 8, 1, 7, 2, 6]",0.8452702
./random_graph_db/graph_db_node_11/01_p0.1/01_graph_n11_p0.1_idx9.gpickle,11,0.1,9,1,0,12,"[9, 3, 2, 0, 8, 1, 6, 5, 10, 4, 7]",0.8775659
./random_graph_db/graph_db_node_11/02_p0.2/02_graph_n11_p0.2_idx1.gpickle,11,0.2,1,3,7,23,"[2, 9, 10, 0, 3, 4, 1, 5, 7, 8, 6]",1.144743
./random_graph_db/graph_db_node_11/02_p0.2/02_graph_n11_p0.2_idx10.gpickle,11,0.2,10,2,4,25,"[4, 2, 0, 3, 10, 6, 9, 5, 7, 1, 8]",1.0956922
./random_graph_db/graph_db_node_11/02_p0.2/02_graph_n11_p0.2_idx2.gpickle,11,0.2,2,2,5,29,"[7, 5, 8, 3, 2, 6, 4, 1, 0, 10, 9]",1.1017752
./random_graph_db/graph_db_node_11/02_p0.2/02_graph_n11_p0.2_idx3.gpickle,11,0.2,3,3,7,25,"[2, 4, 6, 7, 9, 5, 10, 3, 1, 0, 8]",1.4062417
./random_graph_db/graph_db_node_11/02_p0.2/02_graph_n11_p0.2_idx4.gpickle,11,0.2,4,3,7,33,"[7, 1, 9, 5, 3, 4, 10, 0, 2, 6, 8]",1.1389599
./random_graph_db/graph_db_node_11/02_p0.2/02_graph_n11_p0.2_idx5.gpickle,11,0.2,5,3,9,37,"[10, 0, 9, 6, 8, 2, 7, 4, 1, 5, 3]",1.2839699
./random_graph_db/graph_db_node_11/02_p0.2/02_graph_n11_p0.2_idx6.gpickle,11,0.2,6,2,1,14,"[2, 6, 5, 8, 4, 3, 9, 7, 0, 1, 10]",0.858891
./random_graph_db/graph_db_node_11/02_p0.2/02_graph_n11_p0.2_idx7.gpickle,11,0.2,7,2,2,15,"[1, 7, 6, 10, 0, 4, 3, 9, 5, 2, 8]",0.8891671
./random_graph_db/graph_db_node_11/02_p0.2/02_graph_n11_p0.2_idx8.gpickle,11,0.2,8,2,1,14,"[9, 6, 0, 10, 2, 3, 7, 8, 5, 1, 4]",0.848139
./random_graph_db/graph_db_node_11/02_p0.2/02_graph_n11_p0.2_idx9.gpickle,11,0.2,9,2,3,16,"[2, 10, 6, 9, 5, 8, 4, 3, 1, 7, 0]",1.022624
./random_graph_db/graph_db_node_11/03_p0.3/03_graph_n11_p0.3_idx1.gpickle,11,0.3,1,2,4,24,"[5, 6, 4, 2, 8, 0, 9, 10, 3, 7, 1]",0.9276962
./random_graph_db/graph_db_node_11/03_p0.3/03_graph_n11_p0.3_idx10.gpickle,11,0.3,10,3,9,27,"[1, 10, 0, 5, 8, 2, 4, 9, 7, 6, 3]",1.3397641
./random_graph_db/graph_db_node_11/03_p0.3/03_graph_n11_p0.3_idx2.gpickle,11,0.3,2,3,7,23,"[3, 10, 2, 4, 5, 1, 9, 7, 0, 8, 6]",1.0463901
./random_graph_db/graph_db_node_11/03_p0.3/03_graph_n11_p0.3_idx3.gpickle,11,0.3,3,3,13,37,"[6, 2, 7, 3, 1, 5, 10, 8, 9, 4, 0]",1.2154582
./random_graph_db/graph_db_node_11/03_p0.3/03_graph_n11_p0.3_idx4.gpickle,11,0.3,4,4,13,38,"[1, 10, 6, 8, 9, 5, 0, 4, 7, 2, 3]",1.2177901
./random_graph_db/graph_db_node_11/03_p0.3/03_graph_n11_p0.3_idx5.gpickle,11,0.3,5,3,6,25,"[8, 10, 5, 4, 7, 6, 0, 2, 9, 3, 1]",1.0787458
./random_graph_db/graph_db_node_11/03_p0.3/03_graph_n11_p0.3_idx6.gpickle,11,0.3,6,4,12,42,"[6, 7, 0, 9, 2, 8, 1, 4, 10, 5, 3]",1.4244292
./random_graph_db/graph_db_node_11/03_p0.3/03_graph_n11_p0.3_idx7.gpickle,11,0.3,7,3,5,23,"[8, 7, 10, 0, 2, 1, 6, 4, 5, 3, 9]",1.0492749
./random_graph_db/graph_db_node_11/03_p0.3/03_graph_n11_p0.3_idx8.gpickle,11,0.3,8,3,11,32,"[1, 3, 9, 0, 5, 10, 6, 2, 8, 4, 7]",1.3391929
./random_graph_db/graph_db_node_11/03_p0.3/03_graph_n11_p0.3_idx9.gpickle,11,0.3,9,4,15,49,"[10, 5, 4, 0, 2, 3, 7, 1, 6, 9, 8]",1.3036819
./random_graph_db/graph_db_node_11/04_p0.4/04_graph_n11_p0.4_idx1.gpickle,11,0.4,1,3,9,39,"[2, 9, 1, 5, 4, 10, 7, 3, 0, 6, 8]",1.1046069
./random_graph_db/graph_db_node_11/04_p0.4/04_graph_n11_p0.4_idx10.gpickle,11,0.4,10,4,11,32,"[7, 5, 2, 3, 0, 9, 4, 8, 10, 6, 1]",1.213521
./random_graph_db/graph_db_node_11/04_p0.4/04_graph_n11_p0.4_idx2.gpickle,11,0.4,2,3,11,27,"[5, 0, 4, 10, 1, 2, 7, 3, 9, 8, 6]",1.2595649
./random_graph_db/graph_db_node_11/04_p0.4/04_graph_n11_p0.4_idx3.gpickle,11,0.4,3,4,16,49,"[8, 3, 4, 10, 7, 0, 1, 2, 9, 5, 6]",1.492631
./random_graph_db/graph_db_node_11/04_p0.4/04_graph_n11_p0.4_idx4.gpickle,11,0.4,4,5,14,47,"[2, 5, 3, 10, 7, 9, 0, 8, 6, 1, 4]",1.4075551
./random_graph_db/graph_db_node_11/04_p0.4/04_graph_n11_p0.4_idx5.gpickle,11,0.4,5,4,12,41,"[6, 7, 9, 8, 1, 4, 2, 0, 5, 10, 3]",1.3049693
./random_graph_db/graph_db_node_11/04_p0.4/04_graph_n11_p0.4_idx6.gpickle,11,0.4,6,4,10,37,"[2, 0, 5, 3, 6, 7, 4, 10, 8, 1, 9]",1.2440619
./random_graph_db/graph_db_node_11/04_p0.4/04_graph_n11_p0.4_idx7.gpickle,11,0.4,7,3,10,35,"[3, 0, 4, 7, 8, 9, 2, 6, 5, 10, 1]",1.1901879
./random_graph_db/graph_db_node_11/04_p0.4/04_graph_n11_p0.4_idx8.gpickle,11,0.4,8,4,10,42,"[0, 3, 1, 6, 2, 10, 9, 7, 8, 5, 4]",1.3986597
./random_graph_db/graph_db_node_11/04_p0.4/04_graph_n11_p0.4_idx9.gpickle,11,0.4,9,3,10,36,"[0, 4, 7, 1, 8, 3, 6, 9, 10, 5, 2]",1.2144909
./random_graph_db/graph_db_node_11/05_p0.45/05_graph_n11_p0.45_idx1.gpickle,11,0.45,1,4,15,43,"[2, 7, 4, 8, 0, 6, 1, 10, 3, 9, 5]",1.5389791
./random_graph_db/graph_db_node_11/05_p0.45/05_graph_n11_p0.45_idx10.gpickle,11,0.45,10,4,16,49,"[8, 7, 9, 0, 10, 4, 6, 2, 1, 3, 5]",1.4196279
./random_graph_db/graph_db_node_11/05_p0.45/05_graph_n11_p0.45_idx2.gpickle,11,0.45,2,5,19,55,"[6, 3, 9, 7, 0, 10, 4, 8, 2, 1, 5]",1.656671
./random_graph_db/graph_db_node_11/05_p0.45/05_graph_n11_p0.45_idx3.gpickle,11,0.45,3,4,14,37,"[5, 7, 10, 2, 6, 3, 4, 9, 1, 8, 0]",1.2585783
./random_graph_db/graph_db_node_11/05_p0.45/05_graph_n11_p0.45_idx4.gpickle,11,0.45,4,2,5,26,"[3, 7, 0, 8, 5, 10, 4, 2, 9, 6, 1]",1.032799
./random_graph_db/graph_db_node_11/05_p0.45/05_graph_n11_p0.45_idx5.gpickle,11,0.45,5,4,15,46,"[9, 7, 10, 4, 5, 6, 1, 3, 0, 2, 8]",1.398334
./random_graph_db/graph_db_node_11/05_p0.45/05_graph_n11_p0.45_idx6.gpickle,11,0.45,6,4,17,54,"[1, 6, 3, 9, 4, 2, 10, 8, 7, 5, 0]",1.570065
./random_graph_db/graph_db_node_11/05_p0.45/05_graph_n11_p0.45_idx7.gpickle,11,0.45,7,3,9,35,"[7, 9, 0, 2, 1, 5, 8, 4, 6, 10, 3]",1.2290862
./random_graph_db/graph_db_node_11/05_p0.45/05_graph_n11_p0.45_idx8.gpickle,11,0.45,8,4,14,44,"[6, 10, 8, 9, 0, 5, 3, 4, 1, 7, 2]",1.3631401
./random_graph_db/graph_db_node_11/05_p0.45/05_graph_n11_p0.45_idx9.gpickle,11,0.45,9,4,14,37,"[3, 6, 10, 2, 1, 0, 8, 5, 7, 9, 4]",1.6148238
./random_graph_db/graph_db_node_11/06_p0.5/06_graph_n11_p0.5_idx1.gpickle,11,0.5,1,5,17,58,"[2, 1, 4, 8, 7, 6, 5, 10, 9, 3, 0]",1.5684731
./random_graph_db/graph_db_node_11/06_p0.5/06_graph_n11_p0.5_idx10.gpickle,11,0.5,10,4,11,43,"[9, 10, 3, 6, 4, 0, 2, 7, 8, 5, 1]",1.355607
./random_graph_db/graph_db_node_11/06_p0.5/06_graph_n11_p0.5_idx2.gpickle,11,0.5,2,4,13,43,"[10, 4, 7, 1, 5, 8, 0, 2, 3, 9, 6]",1.4844832
./random_graph_db/graph_db_node_11/06_p0.5/06_graph_n11_p0.5_idx3.gpickle,11,0.5,3,2,5,23,"[6, 8, 2, 3, 10, 7, 1, 0, 5, 4, 9]",1.129482
./random_graph_db/graph_db_node_11/06_p0.5/06_graph_n11_p0.5_idx4.gpickle,11,0.5,4,3,9,30,"[8, 6, 0, 3, 4, 1, 2, 7, 5, 9, 10]",1.2906964
./random_graph_db/graph_db_node_11/06_p0.5/06_graph_n11_p0.5_idx5.gpickle,11,0.5,5,3,10,38,"[5, 4, 0, 2, 10, 7, 3, 9, 6, 8, 1]",1.295145
./random_graph_db/graph_db_node_11/06_p0.5/06_graph_n11_p0.5_idx6.gpickle,11,0.5,6,5,20,54,"[4, 3, 6, 9, 5, 0, 10, 2, 7, 8, 1]",1.4120462
./random_graph_db/graph_db_node_11/06_p0.5/06_graph_n11_p0.5_idx7.gpickle,11,0.5,7,4,13,41,"[6, 7, 9, 10, 5, 3, 2, 0, 8, 1, 4]",1.7120631
./random_graph_db/graph_db_node_11/06_p0.5/06_graph_n11_p0.5_idx8.gpickle,11,0.5,8,4,10,35,"[6, 8, 0, 10, 4, 3, 9, 2, 1, 7, 5]",1.427073
./random_graph_db/graph_db_node_11/06_p0.5/06_graph_n11_p0.5_idx9.gpickle,11,0.5,9,4,13,32,"[9, 5, 0, 7, 6, 10, 1, 3, 4, 8, 2]",1.6888261
./random_graph_db/graph_db_node_11/07_p0.55/07_graph_n11_p0.55_idx1.gpickle,11,0.55,1,5,19,73,"[8, 5, 4, 10, 3, 9, 7, 2, 0, 1, 6]",1.8969138
./random_graph_db/graph_db_node_11/07_p0.55/07_graph_n11_p0.55_idx10.gpickle,11,0.55,10,4,14,48,"[2, 4, 1, 6, 0, 3, 5, 8, 7, 10, 9]",1.558332
./random_graph_db/graph_db_node_11/07_p0.55/07_graph_n11_p0.55_idx2.gpickle,11,0.55,2,4,12,40,"[0, 8, 3, 2, 10, 5, 9, 4, 7, 6, 1]",1.435257
./random_graph_db/graph_db_node_11/07_p0.55/07_graph_n11_p0.55_idx3.gpickle,11,0.55,3,5,19,55,"[5, 0, 4, 2, 8, 3, 10, 6, 9, 7, 1]",1.5766962
./random_graph_db/graph_db_node_11/07_p0.55/07_graph_n11_p0.55_idx4.gpickle,11,0.55,4,4,11,40,"[10, 2, 7, 0, 1, 8, 5, 6, 9, 4, 3]",1.5031672
./random_graph_db/graph_db_node_11/07_p0.55/07_graph_n11_p0.55_idx5.gpickle,11,0.55,5,4,12,44,"[8, 9, 6, 7, 10, 0, 2, 1, 4, 5, 3]",1.3952329
./random_graph_db/graph_db_node_11/07_p0.55/07_graph_n11_p0.55_idx6.gpickle,11,0.55,6,4,12,51,"[1, 8, 5, 7, 6, 4, 0, 2, 9, 10, 3]",1.7374501
./random_graph_db/graph_db_node_11/07_p0.55/07_graph_n11_p0.55_idx7.gpickle,11,0.55,7,5,15,48,"[1, 4, 7, 8, 0, 6, 9, 5, 10, 3, 2]",1.7306581
./random_graph_db/graph_db_node_11/07_p0.55/07_graph_n11_p0.55_idx8.gpickle,11,0.55,8,4,9,42,"[0, 6, 1, 9, 2, 7, 5, 8, 4, 10, 3]",1.2782969
./random_graph_db/graph_db_node_11/07_p0.55/07_graph_n11_p0.55_idx9.gpickle,11,0.55,9,4,18,54,"[7, 1, 8, 3, 2, 6, 10, 9, 5, 4, 0]",1.410475
./random_graph_db/graph_db_node_11/08_p0.6/08_graph_n11_p0.6_idx1.gpickle,11,0.6,1,5,18,59,"[7, 10, 6, 9, 0, 3, 1, 5, 8, 4, 2]",1.699265
./random_graph_db/graph_db_node_11/08_p0.6/08_graph_n11_p0.6_idx10.gpickle,11,0.6,10,4,11,31,"[1, 8, 2, 4, 5, 9, 6, 10, 0, 7, 3]",1.283145
./random_graph_db/graph_db_node_11/08_p0.6/08_graph_n11_p0.6_idx2.gpickle,11,0.6,2,4,17,43,"[8, 7, 3, 9, 1, 2, 10, 4, 5, 0, 6]",1.611728
./random_graph_db/graph_db_node_11/08_p0.6/08_graph_n11_p0.6_idx3.gpickle,11,0.6,3,4,14,49,"[1, 3, 7, 8, 5, 10, 9, 4, 2, 6, 0]",1.5135498
./random_graph_db/graph_db_node_11/08_p0.6/08_graph_n11_p0.6_idx4.gpickle,11,0.6,4,4,12,45,"[7, 1, 4, 5, 2, 0, 8, 6, 9, 10, 3]",1.4082441
./random_graph_db/graph_db_node_11/08_p0.6/08_graph_n11_p0.6_idx5.gpickle,11,0.6,5,4,12,39,"[8, 2, 9, 0, 5, 10, 7, 1, 3, 4, 6]",1.6498969
./random_graph_db/graph_db_node_11/08_p0.6/08_graph_n11_p0.6_idx6.gpickle,11,0.6,6,4,12,35,"[6, 3, 9, 1, 10, 2, 7, 4, 5, 8, 0]",1.333194
./random_graph_db/graph_db_node_11/08_p0.6/08_graph_n11_p0.6_idx7.gpickle,11,0.6,7,4,13,50,"[3, 1, 7, 9, 0, 10, 8, 2, 5, 4, 6]",1.3780308
./random_graph_db/graph_db_node_11/08_p0.6/08_graph_n11_p0.6_idx8.gpickle,11,0.6,8,4,15,46,"[0, 8, 4, 9, 3, 6, 10, 2, 5, 1, 7]",1.5289481
./random_graph_db/graph_db_node_11/08_p0.6/08_graph_n11_p0.6_idx9.gpickle,11,0.6,9,4,17,60,"[2, 4, 1, 10, 7, 9, 8, 6, 0, 5, 3]",1.5330591
./random_graph_db/graph_db_node_11/09_p0.65/09_graph_n11_p0.65_idx1.gpickle,11,0.65,1,4,11,30,"[7, 8, 4, 3, 10, 0, 5, 1, 6, 2, 9]",1.326468
./random_graph_db/graph_db_node_11/09_p0.65/09_graph_n11_p0.65_idx10.gpickle,11,0.65,10,4,15,50,"[10, 5, 1, 0, 6, 9, 8, 2, 4, 7, 3]",1.546145
./random_graph_db/graph_db_node_11/09_p0.65/09_graph_n11_p0.65_idx2.gpickle,11,0.65,2,4,16,55,"[10, 0, 2, 9, 7, 3, 5, 1, 6, 4, 8]",1.490649
./random_graph_db/graph_db_node_11/09_p0.65/09_graph_n11_p0.65_idx3.gpickle,11,0.65,3,4,19,64,"[10, 0, 5, 9, 2, 3, 6, 7, 4, 8, 1]",1.6941309
./random_graph_db/graph_db_node_11/09_p0.65/09_graph_n11_p0.65_idx4.gpickle,11,0.65,4,4,15,55,"[9, 7, 0, 8, 1, 6, 5, 4, 3, 10, 2]",1.4125383
./random_graph_db/graph_db_node_11/09_p0.65/09_graph_n11_p0.65_idx5.gpickle,11,0.65,5,4,16,51,"[4, 3, 6, 1, 7, 5, 9, 8, 2, 10, 0]",1.5218098
./random_graph_db/graph_db_node_11/09_p0.65/09_graph_n11_p0.65_idx6.gpickle,11,0.65,6,4,18,59,"[8, 2, 10, 9, 4, 3, 5, 7, 0, 1, 6]",1.5586171
./random_graph_db/graph_db_node_11/09_p0.65/09_graph_n11_p0.65_idx7.gpickle,11,0.65,7,4,11,38,"[8, 4, 7, 9, 5, 0, 1, 2, 3, 10, 6]",1.5288031
./random_graph_db/graph_db_node_11/09_p0.65/09_graph_n11_p0.65_idx8.gpickle,11,0.65,8,4,13,38,"[5, 3, 1, 10, 7, 4, 9, 8, 0, 2, 6]",1.404355
./random_graph_db/graph_db_node_11/09_p0.65/09_graph_n11_p0.65_idx9.gpickle,11,0.65,9,4,15,57,"[5, 6, 0, 9, 2, 7, 8, 10, 1, 3, 4]",1.5092499
./random_graph_db/graph_db_node_11/10_p0.7/10_graph_n11_p0.7_idx1.gpickle,11,0.7,1,3,6,28,"[1, 7, 8, 10, 0, 3, 4, 5, 2, 9, 6]",1.2853477
./random_graph_db/graph_db_node_11/10_p0.7/10_graph_n11_p0.7_idx10.gpickle,11,0.7,10,4,13,44,"[5, 8, 3, 9, 1, 7, 4, 6, 10, 0, 2]",1.2977211
./random_graph_db/graph_db_node_11/10_p0.7/10_graph_n11_p0.7_idx2.gpickle,11,0.7,2,4,14,35,"[8, 6, 0, 7, 3, 1, 4, 5, 9, 10, 2]",1.5288041
./random_graph_db/graph_db_node_11/10_p0.7/10_graph_n11_p0.7_idx3.gpickle,11,0.7,3,3,11,31,"[6, 7, 5, 1, 2, 8, 3, 9, 0, 4, 10]",1.1973
./random_graph_db/graph_db_node_11/10_p0.7/10_graph_n11_p0.7_idx4.gpickle,11,0.7,4,4,15,55,"[8, 2, 4, 10, 3, 5, 9, 7, 0, 1, 6]",1.7546329
./random_graph_db/graph_db_node_11/10_p0.7/10_graph_n11_p0.7_idx5.gpickle,11,0.7,5,4,14,45,"[0, 9, 6, 2, 10, 3, 5, 1, 7, 8, 4]",1.4156938
./random_graph_db/graph_db_node_11/10_p0.7/10_graph_n11_p0.7_idx6.gpickle,11,0.7,6,4,14,46,"[8, 2, 9, 6, 5, 10, 4, 0, 3, 7, 1]",1.487941
./random_graph_db/graph_db_node_11/10_p0.7/10_graph_n11_p0.7_idx7.gpickle,11,0.7,7,4,14,52,"[4, 1, 10, 7, 6, 2, 8, 5, 0, 9, 3]",1.360054
./random_graph_db/graph_db_node_11/10_p0.7/10_graph_n11_p0.7_idx8.gpickle,11,0.7,8,4,9,28,"[4, 9, 8, 1, 0, 3, 2, 5, 10, 7, 6]",1.2223811
./random_graph_db/graph_db_node_11/10_p0.7/10_graph_n11_p0.7_idx9.gpickle,11,0.7,9,3,11,38,"[6, 9, 1, 4, 2, 5, 7, 8, 10, 0, 3]",1.3798051
./random_graph_db/graph_db_node_11/11_p0.8/11_graph_n11_p0.8_idx1.gpickle,11,0.8,1,3,10,31,"[6, 10, 7, 8, 3, 5, 9, 0, 4, 2, 1]",1.4477911
./random_graph_db/graph_db_node_11/11_p0.8/11_graph_n11_p0.8_idx10.gpickle,11,0.8,10,2,7,27,"[4, 2, 6, 1, 0, 5, 8, 7, 10, 3, 9]",1.1996291
./random_graph_db/graph_db_node_11/11_p0.8/11_graph_n11_p0.8_idx2.gpickle,11,0.8,2,2,3,21,"[6, 8, 0, 9, 2, 3, 10, 5, 7, 4, 1]",0.948529
./random_graph_db/graph_db_node_11/11_p0.8/11_graph_n11_p0.8_idx3.gpickle,11,0.8,3,2,4,25,"[4, 1, 5, 10, 3, 7, 6, 2, 9, 8, 0]",1.2433679
./random_graph_db/graph_db_node_11/11_p0.8/11_graph_n11_p0.8_idx4.gpickle,11,0.8,4,3,8,29,"[2, 0, 5, 7, 4, 6, 10, 8, 9, 1, 3]",1.108567
./random_graph_db/graph_db_node_11/11_p0.8/11_graph_n11_p0.8_idx5.gpickle,11,0.8,5,4,11,37,"[6, 4, 2, 0, 8, 1, 7, 9, 5, 10, 3]",1.318805
./random_graph_db/graph_db_node_11/11_p0.8/11_graph_n11_p0.8_idx6.gpickle,11,0.8,6,3,10,35,"[1, 0, 4, 10, 2, 5, 8, 7, 6, 3, 9]",1.2601562
./random_graph_db/graph_db_node_11/11_p0.8/11_graph_n11_p0.8_idx7.gpickle,11,0.8,7,3,8,28,"[1, 10, 5, 6, 9, 3, 8, 0, 2, 7, 4]",1.173847
./random_graph_db/graph_db_node_11/11_p0.8/11_graph_n11_p0.8_idx8.gpickle,11,0.8,8,3,10,39,"[4, 5, 10, 6, 0, 3, 2, 9, 8, 1, 7]",1.2987318
./random_graph_db/graph_db_node_11/11_p0.8/11_graph_n11_p0.8_idx9.gpickle,11,0.8,9,3,9,32,"[4, 1, 7, 10, 9, 2, 6, 0, 5, 8, 3]",1.24962
./random_graph_db/graph_db_node_11/12_p0.9/12_graph_n11_p0.9_idx1.gpickle,11,0.9,1,2,4,17,"[1, 8, 10, 6, 4, 3, 2, 5, 9, 0, 7]",1.0026512
./random_graph_db/graph_db_node_11/12_p0.9/12_graph_n11_p0.9_idx10.gpickle,11,0.9,10,2,4,22,"[3, 5, 1, 2, 9, 0, 10, 7, 8, 6, 4]",0.9454229
./random_graph_db/graph_db_node_11/12_p0.9/12_graph_n11_p0.9_idx2.gpickle,11,0.9,2,2,2,17,"[1, 0, 6, 8, 4, 5, 7, 2, 10, 3, 9]",0.89252
./random_graph_db/graph_db_node_11/12_p0.9/12_graph_n11_p0.9_idx3.gpickle,11,0.9,3,3,5,23,"[3, 8, 0, 7, 1, 5, 2, 10, 6, 9, 4]",1.0568838
./random_graph_db/graph_db_node_11/12_p0.9/12_graph_n11_p0.9_idx4.gpickle,11,0.9,4,2,5,25,"[4, 2, 8, 6, 9, 0, 7, 5, 1, 3, 10]",1.0077939
./random_graph_db/graph_db_node_11/12_p0.9/12_graph_n11_p0.9_idx5.gpickle,11,0.9,5,2,4,24,"[1, 0, 3, 9, 10, 2, 7, 6, 5, 8, 4]",0.9389508
./random_graph_db/graph_db_node_11/12_p0.9/12_graph_n11_p0.9_idx6.gpickle,11,0.9,6,1,0,12,"[9, 2, 7, 10, 3, 8, 5, 6, 4, 0, 1]",0.8093963
./random_graph_db/graph_db_node_11/12_p0.9/12_graph_n11_p0.9_idx7.gpickle,11,0.9,7,2,4,21,"[4, 1, 8, 5, 0, 7, 6, 2, 9, 3, 10]",0.9542129
./random_graph_db/graph_db_node_11/12_p0.9/12_graph_n11_p0.9_idx8.gpickle,11,0.9,8,2,4,17,"[3, 9, 7, 2, 4, 10, 5, 6, 1, 8, 0]",0.9595308
./random_graph_db/graph_db_node_11/12_p0.9/12_graph_n11_p0.9_idx9.gpickle,11,0.9,9,2,5,20,"[1, 5, 9, 0, 10, 2, 6, 8, 3, 7, 4]",0.9735579
./random_graph_db/graph_db_node_12/01_p0.1/01_graph_n12_p0.1_idx1.gpickle,12,0.1,1,2,3,17,"[10, 1, 9, 6, 3, 5, 8, 11, 2, 7, 4, 0]",1.051801
./random_graph_db/graph_db_node_12/01_p0.1/01_graph_n12_p0.1_idx10.gpickle,12,0.1,10,2,2,16,"[9, 11, 10, 6, 7, 5, 8, 3, 4, 0, 2, 1]",0.974369
./random_graph_db/graph_db_node_12/01_p0.1/01_graph_n12_p0.1_idx2.gpickle,12,0.1,2,2,4,23,"[5, 8, 2, 4, 0, 1, 11, 10, 6, 7, 3, 9]",1.0205398
./random_graph_db/graph_db_node_12/01_p0.1/01_graph_n12_p0.1_idx3.gpickle,12,0.1,3,2,2,18,"[9, 8, 1, 5, 10, 4, 2, 6, 3, 7, 0, 11]",0.9827909
./random_graph_db/graph_db_node_12/01_p0.1/01_graph_n12_p0.1_idx4.gpickle,12,0.1,4,2,3,26,"[8, 10, 9, 3, 6, 7, 4, 11, 2, 5, 1, 0]",1.0241029
./random_graph_db/graph_db_node_12/01_p0.1/01_graph_n12_p0.1_idx5.gpickle,12,0.1,5,2,2,18,"[2, 11, 1, 8, 7, 3, 10, 0, 9, 5, 6, 4]",0.9841692
./random_graph_db/graph_db_node_12/01_p0.1/01_graph_n12_p0.1_idx6.gpickle,12,0.1,6,2,4,20,"[5, 6, 4, 11, 10, 9, 1, 8, 2, 3, 7, 0]",1.0786951
./random_graph_db/graph_db_node_12/01_p0.1/01_graph_n12_p0.1_idx7.gpickle,12,0.1,7,2,2,16,"[8, 5, 6, 10, 0, 11, 3, 1, 2, 9, 7, 4]",1.020792
./random_graph_db/graph_db_node_12/01_p0.1/01_graph_n12_p0.1_idx8.gpickle,12,0.1,8,1,0,13,"[1, 10, 8, 5, 7, 4, 6, 3, 11, 2, 0, 9]",0.8936923
./random_graph_db/graph_db_node_12/01_p0.1/01_graph_n12_p0.1_idx9.gpickle,12,0.1,9,2,5,26,"[10, 6, 11, 3, 7, 5, 2, 1, 0, 8, 4, 9]",1.0829549
./random_graph_db/graph_db_node_12/02_p0.2/02_graph_n12_p0.2_idx1.gpickle,12,0.2,1,3,7,22,"[8, 7, 11, 2, 4, 1, 0, 10, 9, 3, 6, 5]",1.292392
./random_graph_db/graph_db_node_12/02_p0.2/02_graph_n12_p0.2_idx10.gpickle,12,0.2,10,3,5,22,"[8, 5, 7, 11, 9, 1, 10, 0, 4, 6, 2, 3]",1.1349478
./random_graph_db/graph_db_node_12/02_p0.2/02_graph_n12_p0.2_idx2.gpickle,12,0.2,2,2,3,19,"[3, 4, 6, 0, 7, 5, 10, 11, 8, 2, 1, 9]",1.029048
./random_graph_db/graph_db_node_12/02_p0.2/02_graph_n12_p0.2_idx3.gpickle,12,0.2,3,3,8,32,"[1, 4, 5, 2, 0, 6, 11, 3, 9, 7, 8, 10]",1.2485371
./random_graph_db/graph_db_node_12/02_p0.2/02_graph_n12_p0.2_idx4.gpickle,12,0.2,4,2,5,30,"[3, 0, 6, 10, 1, 8, 4, 2, 11, 5, 7, 9]",1.2031538
./random_graph_db/graph_db_node_12/02_p0.2/02_graph_n12_p0.2_idx5.gpickle,12,0.2,5,3,8,27,"[8, 1, 0, 2, 10, 11, 6, 5, 9, 4, 3, 7]",1.1493158
./random_graph_db/graph_db_node_12/02_p0.2/02_graph_n12_p0.2_idx6.gpickle,12,0.2,6,3,5,32,"[10, 0, 11, 2, 6, 5, 1, 3, 9, 8, 4, 7]",1.3172729
./random_graph_db/graph_db_node_12/02_p0.2/02_graph_n12_p0.2_idx7.gpickle,12,0.2,7,2,4,25,"[0, 2, 7, 11, 8, 9, 4, 10, 1, 3, 6, 5]",1.0698433
./random_graph_db/graph_db_node_12/02_p0.2/02_graph_n12_p0.2_idx8.gpickle,12,0.2,8,2,4,22,"[6, 0, 11, 8, 7, 5, 10, 1, 3, 2, 4, 9]",1.0531802
./random_graph_db/graph_db_node_12/02_p0.2/02_graph_n12_p0.2_idx9.gpickle,12,0.2,9,2,4,29,"[5, 1, 0, 4, 2, 7, 9, 10, 8, 6, 3, 11]",1.0954208
./random_graph_db/graph_db_node_12/03_p0.3/03_graph_n12_p0.3_idx1.gpickle,12,0.3,1,4,13,47,"[10, 9, 6, 8, 2, 1, 0, 5, 11, 4, 3, 7]",1.4221621
./random_graph_db/graph_db_node_12/03_p0.3/03_graph_n12_p0.3_idx10.gpickle,12,0.3,10,3,12,47,"[6, 2, 11, 7, 0, 10, 4, 5, 3, 8, 9, 1]",1.348594
./random_graph_db/graph_db_node_12/03_p0.3/03_graph_n12_p0.3_idx2.gpickle,12,0.3,2,3,6,23,"[4, 2, 9, 11, 1, 5, 3, 8, 0, 7, 10, 6]",1.25246
./random_graph_db/graph_db_node_12/03_p0.3/03_graph_n12_p0.3_idx3.gpickle,12,0.3,3,3,9,42,"[11, 10, 0, 9, 4, 5, 2, 6, 1, 8, 3, 7]",1.3917842
./random_graph_db/graph_db_node_12/03_p0.3/03_graph_n12_p0.3_idx4.gpickle,12,0.3,4,2,6,33,"[8, 0, 11, 10, 5, 4, 1, 6, 2, 3, 7, 9]",1.3066318
./random_graph_db/graph_db_node_12/03_p0.3/03_graph_n12_p0.3_idx5.gpickle,12,0.3,5,2,3,22,"[2, 9, 6, 11, 8, 1, 4, 5, 7, 3, 10, 0]",1.3541198
./random_graph_db/graph_db_node_12/03_p0.3/03_graph_n12_p0.3_idx6.gpickle,12,0.3,6,2,4,26,"[10, 4, 6, 8, 7, 1, 2, 3, 9, 11, 0, 5]",1.1051519
./random_graph_db/graph_db_node_12/03_p0.3/03_graph_n12_p0.3_idx7.gpickle,12,0.3,7,4,13,53,"[5, 2, 1, 4, 0, 11, 3, 6, 10, 8, 9, 7]",1.5557549
./random_graph_db/graph_db_node_12/03_p0.3/03_graph_n12_p0.3_idx8.gpickle,12,0.3,8,4,13,43,"[11, 1, 0, 5, 10, 3, 6, 2, 8, 4, 7, 9]",1.4672751
./random_graph_db/graph_db_node_12/03_p0.3/03_graph_n12_p0.3_idx9.gpickle,12,0.3,9,4,18,57,"[8, 2, 0, 5, 7, 3, 10, 1, 6, 4, 11, 9]",1.7397268
./random_graph_db/graph_db_node_12/04_p0.4/04_graph_n12_p0.4_idx1.gpickle,12,0.4,1,5,18,50,"[0, 7, 6, 10, 2, 4, 1, 5, 9, 11, 3, 8]",1.5589769
./random_graph_db/graph_db_node_12/04_p0.4/04_graph_n12_p0.4_idx10.gpickle,12,0.4,10,5,18,67,"[5, 10, 11, 3, 8, 1, 4, 6, 2, 7, 9, 0]",1.9756541
./random_graph_db/graph_db_node_12/04_p0.4/04_graph_n12_p0.4_idx2.gpickle,12,0.4,2,4,14,58,"[5, 1, 6, 10, 3, 7, 2, 11, 4, 8, 9, 0]",1.63201
./random_graph_db/graph_db_node_12/04_p0.4/04_graph_n12_p0.4_idx3.gpickle,12,0.4,3,4,15,47,"[1, 4, 7, 6, 9, 11, 8, 2, 0, 10, 3, 5]",1.5494428
./random_graph_db/graph_db_node_12/04_p0.4/04_graph_n12_p0.4_idx4.gpickle,12,0.4,4,4,12,45,"[11, 3, 2, 5, 1, 8, 0, 10, 7, 4, 9, 6]",1.4615052
./random_graph_db/graph_db_node_12/04_p0.4/04_graph_n12_p0.4_idx5.gpickle,12,0.4,5,3,8,31,"[9, 1, 0, 8, 3, 2, 11, 10, 5, 6, 7, 4]",1.382741
./random_graph_db/graph_db_node_12/04_p0.4/04_graph_n12_p0.4_idx6.gpickle,12,0.4,6,4,15,45,"[1, 8, 9, 2, 5, 0, 6, 4, 7, 10, 11, 3]",1.564899
./random_graph_db/graph_db_node_12/04_p0.4/04_graph_n12_p0.4_idx7.gpickle,12,0.4,7,5,17,62,"[8, 5, 1, 3, 6, 7, 0, 4, 9, 10, 11, 2]",1.7420609
./random_graph_db/graph_db_node_12/04_p0.4/04_graph_n12_p0.4_idx8.gpickle,12,0.4,8,5,20,59,"[6, 2, 10, 1, 4, 5, 3, 7, 0, 11, 8, 9]",1.6959531
./random_graph_db/graph_db_node_12/04_p0.4/04_graph_n12_p0.4_idx9.gpickle,12,0.4,9,4,14,54,"[10, 8, 0, 11, 3, 9, 5, 7, 4, 2, 1, 6]",1.6090488
./random_graph_db/graph_db_node_12/05_p0.45/05_graph_n12_p0.45_idx1.gpickle,12,0.45,1,5,24,65,"[0, 2, 11, 6, 5, 9, 10, 3, 1, 7, 8, 4]",1.749826
./random_graph_db/graph_db_node_12/05_p0.45/05_graph_n12_p0.45_idx10.gpickle,12,0.45,10,5,17,54,"[4, 9, 7, 3, 6, 10, 5, 8, 2, 0, 11, 1]",1.6357691
./random_graph_db/graph_db_node_12/05_p0.45/05_graph_n12_p0.45_idx2.gpickle,12,0.45,2,5,18,60,"[10, 0, 2, 5, 4, 7, 8, 3, 6, 9, 11, 1]",1.8785982
./random_graph_db/graph_db_node_12/05_p0.45/05_graph_n12_p0.45_idx3.gpickle,12,0.45,3,3,8,35,"[0, 8, 10, 3, 7, 4, 2, 9, 6, 11, 1, 5]",1.266613
./random_graph_db/graph_db_node_12/05_p0.45/05_graph_n12_p0.45_idx4.gpickle,12,0.45,4,4,14,38,"[1, 5, 9, 6, 11, 7, 8, 10, 0, 3, 4, 2]",1.5818202
./random_graph_db/graph_db_node_12/05_p0.45/05_graph_n12_p0.45_idx5.gpickle,12,0.45,5,4,15,36,"[9, 6, 0, 10, 2, 4, 3, 11, 1, 8, 7, 5]",1.722569
./random_graph_db/graph_db_node_12/05_p0.45/05_graph_n12_p0.45_idx6.gpickle,12,0.45,6,4,18,55,"[8, 5, 11, 4, 6, 9, 10, 2, 7, 1, 0, 3]",1.6518881
./random_graph_db/graph_db_node_12/05_p0.45/05_graph_n12_p0.45_idx7.gpickle,12,0.45,7,4,10,30,"[6, 7, 10, 11, 9, 0, 5, 3, 2, 4, 1, 8]",1.4120882
./random_graph_db/graph_db_node_12/05_p0.45/05_graph_n12_p0.45_idx8.gpickle,12,0.45,8,5,22,66,"[3, 2, 4, 8, 1, 9, 0, 5, 10, 7, 6, 11]",2.071779
./random_graph_db/graph_db_node_12/05_p0.45/05_graph_n12_p0.45_idx9.gpickle,12,0.45,9,3,10,32,"[8, 6, 0, 10, 5, 4, 2, 3, 9, 1, 7, 11]",1.4718819
./random_graph_db/graph_db_node_12/06_p0.5/06_graph_n12_p0.5_idx1.gpickle,12,0.5,1,5,19,63,"[7, 10, 9, 2, 3, 6, 1, 0, 11, 4, 5, 8]",1.5704412
./random_graph_db/graph_db_node_12/06_p0.5/06_graph_n12_p0.5_idx10.gpickle,12,0.5,10,4,14,42,"[0, 1, 5, 10, 3, 6, 9, 11, 4, 7, 8, 2]",1.4289501
./random_graph_db/graph_db_node_12/06_p0.5/06_graph_n12_p0.5_idx2.gpickle,12,0.5,2,4,18,56,"[5, 0, 9, 1, 10, 3, 11, 7, 6, 4, 8, 2]",1.745131
./random_graph_db/graph_db_node_12/06_p0.5/06_graph_n12_p0.5_idx3.gpickle,12,0.5,3,5,17,40,"[4, 11, 2, 0, 6, 9, 5, 1, 10, 7, 8, 3]",1.7251811
./random_graph_db/graph_db_node_12/06_p0.5/06_graph_n12_p0.5_idx4.gpickle,12,0.5,4,4,18,55,"[9, 3, 11, 0, 5, 4, 2, 7, 1, 8, 10, 6]",1.585036
./random_graph_db/graph_db_node_12/06_p0.5/06_graph_n12_p0.5_idx5.gpickle,12,0.5,5,6,25,78,"[5, 8, 2, 7, 6, 11, 0, 9, 4, 3, 10, 1]",1.8882501
./random_graph_db/graph_db_node_12/06_p0.5/06_graph_n12_p0.5_idx6.gpickle,12,0.5,6,5,21,60,"[5, 2, 11, 10, 6, 9, 7, 8, 4, 0, 1, 3]",1.7393539
./random_graph_db/graph_db_node_12/06_p0.5/06_graph_n12_p0.5_idx7.gpickle,12,0.5,7,3,13,60,"[4, 10, 11, 5, 7, 6, 9, 1, 2, 3, 0, 8]",1.6538339
./random_graph_db/graph_db_node_12/06_p0.5/06_graph_n12_p0.5_idx8.gpickle,12,0.5,8,6,28,76,"[4, 5, 9, 11, 8, 1, 0, 7, 6, 3, 2, 10]",2.0045381
./random_graph_db/graph_db_node_12/06_p0.5/06_graph_n12_p0.5_idx9.gpickle,12,0.5,9,5,21,58,"[9, 5, 7, 2, 0, 4, 8, 6, 3, 10, 11, 1]",1.9846153
./random_graph_db/graph_db_node_12/07_p0.55/07_graph_n12_p0.55_idx1.gpickle,12,0.55,1,5,19,58,"[8, 7, 4, 10, 5, 11, 1, 0, 2, 6, 9, 3]",1.8239942
./random_graph_db/graph_db_node_12/07_p0.55/07_graph_n12_p0.55_idx10.gpickle,12,0.55,10,5,25,72,"[0, 7, 6, 9, 10, 1, 5, 2, 8, 11, 3, 4]",2.0729287
./random_graph_db/graph_db_node_12/07_p0.55/07_graph_n12_p0.55_idx2.gpickle,12,0.55,2,6,32,79,"[9, 3, 0, 10, 6, 5, 7, 11, 4, 1, 8, 2]",2.0720918
./random_graph_db/graph_db_node_12/07_p0.55/07_graph_n12_p0.55_idx3.gpickle,12,0.55,3,5,19,63,"[5, 7, 0, 1, 10, 6, 2, 3, 9, 4, 11, 8]",1.6194811
./random_graph_db/graph_db_node_12/07_p0.55/07_graph_n12_p0.55_idx4.gpickle,12,0.55,4,4,17,51,"[8, 1, 2, 0, 7, 11, 5, 9, 3, 4, 10, 6]",1.5335488
./random_graph_db/graph_db_node_12/07_p0.55/07_graph_n12_p0.55_idx5.gpickle,12,0.55,5,5,22,67,"[9, 3, 10, 2, 7, 4, 5, 6, 0, 11, 1, 8]",1.8897631
./random_graph_db/graph_db_node_12/07_p0.55/07_graph_n12_p0.55_idx6.gpickle,12,0.55,6,5,22,74,"[3, 0, 5, 9, 10, 8, 11, 2, 6, 7, 1, 4]",2.0514879
./random_graph_db/graph_db_node_12/07_p0.55/07_graph_n12_p0.55_idx7.gpickle,12,0.55,7,5,25,75,"[6, 11, 3, 0, 2, 8, 5, 10, 1, 7, 4, 9]",1.8722389
./random_graph_db/graph_db_node_12/07_p0.55/07_graph_n12_p0.55_idx8.gpickle,12,0.55,8,5,24,64,"[7, 0, 10, 6, 9, 11, 2, 4, 5, 8, 3, 1]",1.819124
./random_graph_db/graph_db_node_12/07_p0.55/07_graph_n12_p0.55_idx9.gpickle,12,0.55,9,5,18,57,"[11, 3, 4, 0, 2, 9, 8, 5, 10, 1, 7, 6]",1.7868781
./random_graph_db/graph_db_node_12/08_p0.6/08_graph_n12_p0.6_idx1.gpickle,12,0.6,1,5,20,70,"[0, 4, 6, 2, 11, 5, 10, 8, 7, 3, 1, 9]",1.8075128
./random_graph_db/graph_db_node_12/08_p0.6/08_graph_n12_p0.6_idx10.gpickle,12,0.6,10,4,13,39,"[7, 3, 0, 2, 5, 10, 8, 4, 6, 11, 9, 1]",1.5300009
./random_graph_db/graph_db_node_12/08_p0.6/08_graph_n12_p0.6_idx2.gpickle,12,0.6,2,4,16,54,"[7, 10, 5, 0, 4, 9, 11, 6, 1, 8, 3, 2]",1.588022
./random_graph_db/graph_db_node_12/08_p0.6/08_graph_n12_p0.6_idx3.gpickle,12,0.6,3,4,16,57,"[3, 11, 4, 5, 2, 8, 10, 7, 9, 0, 1, 6]",1.788492
./random_graph_db/graph_db_node_12/08_p0.6/08_graph_n12_p0.6_idx4.gpickle,12,0.6,4,5,23,69,"[6, 5, 3, 9, 0, 7, 8, 4, 11, 10, 1, 2]",1.7086251
./random_graph_db/graph_db_node_12/08_p0.6/08_graph_n12_p0.6_idx5.gpickle,12,0.6,5,5,24,67,"[11, 1, 8, 5, 4, 3, 10, 9, 6, 7, 2, 0]",1.704608
./random_graph_db/graph_db_node_12/08_p0.6/08_graph_n12_p0.6_idx6.gpickle,12,0.6,6,6,27,82,"[4, 7, 8, 10, 9, 1, 11, 5, 2, 6, 3, 0]",2.1919019
./random_graph_db/graph_db_node_12/08_p0.6/08_graph_n12_p0.6_idx7.gpickle,12,0.6,7,5,18,56,"[8, 3, 0, 10, 7, 6, 5, 1, 9, 4, 2, 11]",1.7504101
./random_graph_db/graph_db_node_12/08_p0.6/08_graph_n12_p0.6_idx8.gpickle,12,0.6,8,5,19,67,"[5, 1, 9, 4, 0, 7, 10, 8, 2, 6, 11, 3]",1.7236118
./random_graph_db/graph_db_node_12/08_p0.6/08_graph_n12_p0.6_idx9.gpickle,12,0.6,9,5,16,44,"[0, 11, 7, 6, 1, 2, 5, 8, 4, 10, 3, 9]",1.5389881
./random_graph_db/graph_db_node_12/09_p0.65/09_graph_n12_p0.65_idx1.gpickle,12,0.65,1,4,13,40,"[0, 8, 4, 1, 3, 6, 11, 5, 9, 2, 10, 7]",1.531709
./random_graph_db/graph_db_node_12/09_p0.65/09_graph_n12_p0.65_idx10.gpickle,12,0.65,10,5,24,68,"[10, 2, 4, 7, 9, 0, 11, 1, 3, 5, 6, 8]",1.8473871
./random_graph_db/graph_db_node_12/09_p0.65/09_graph_n12_p0.65_idx2.gpickle,12,0.65,2,5,19,60,"[9, 6, 5, 7, 8, 4, 10, 1, 0, 11, 3, 2]",1.6518619
./random_graph_db/graph_db_node_12/09_p0.65/09_graph_n12_p0.65_idx3.gpickle,12,0.65,3,4,13,44,"[3, 5, 10, 2, 4, 9, 1, 7, 11, 0, 6, 8]",1.5851541
./random_graph_db/graph_db_node_12/09_p0.65/09_graph_n12_p0.65_idx4.gpickle,12,0.65,4,4,17,64,"[1, 3, 6, 4, 10, 2, 8, 9, 11, 7, 5, 0]",1.659955
./random_graph_db/graph_db_node_12/09_p0.65/09_graph_n12_p0.65_idx5.gpickle,12,0.65,5,4,15,46,"[5, 0, 7, 8, 2, 3, 4, 6, 1, 11, 10, 9]",1.6385243
./random_graph_db/graph_db_node_12/09_p0.65/09_graph_n12_p0.65_idx6.gpickle,12,0.65,6,5,18,53,"[10, 11, 2, 4, 8, 3, 6, 5, 0, 9, 1, 7]",1.759383
./random_graph_db/graph_db_node_12/09_p0.65/09_graph_n12_p0.65_idx7.gpickle,12,0.65,7,5,26,76,"[9, 2, 8, 11, 1, 3, 4, 10, 0, 7, 5, 6]",1.76811
./random_graph_db/graph_db_node_12/09_p0.65/09_graph_n12_p0.65_idx8.gpickle,12,0.65,8,5,21,63,"[6, 2, 10, 5, 4, 11, 7, 9, 8, 3, 1, 0]",1.9067609
./random_graph_db/graph_db_node_12/09_p0.65/09_graph_n12_p0.65_idx9.gpickle,12,0.65,9,5,17,61,"[8, 1, 11, 10, 0, 4, 5, 6, 9, 7, 2, 3]",1.8119788
./random_graph_db/graph_db_node_12/10_p0.7/10_graph_n12_p0.7_idx1.gpickle,12,0.7,1,3,7,22,"[4, 0, 7, 8, 2, 11, 6, 9, 1, 10, 3, 5]",1.2772322
./random_graph_db/graph_db_node_12/10_p0.7/10_graph_n12_p0.7_idx10.gpickle,12,0.7,10,4,17,50,"[6, 2, 11, 1, 9, 7, 4, 8, 3, 0, 10, 5]",1.5811889
./random_graph_db/graph_db_node_12/10_p0.7/10_graph_n12_p0.7_idx2.gpickle,12,0.7,2,5,17,48,"[2, 3, 10, 1, 4, 11, 9, 5, 6, 8, 7, 0]",1.7433569
./random_graph_db/graph_db_node_12/10_p0.7/10_graph_n12_p0.7_idx3.gpickle,12,0.7,3,4,14,42,"[7, 9, 0, 11, 10, 3, 8, 6, 1, 4, 2, 5]",1.5130851
./random_graph_db/graph_db_node_12/10_p0.7/10_graph_n12_p0.7_idx4.gpickle,12,0.7,4,4,14,47,"[10, 8, 11, 0, 3, 7, 9, 1, 2, 5, 6, 4]",1.5062861
./random_graph_db/graph_db_node_12/10_p0.7/10_graph_n12_p0.7_idx5.gpickle,12,0.7,5,4,18,51,"[0, 4, 10, 3, 2, 1, 6, 7, 8, 11, 9, 5]",1.6075933
./random_graph_db/graph_db_node_12/10_p0.7/10_graph_n12_p0.7_idx6.gpickle,12,0.7,6,5,21,70,"[6, 2, 9, 3, 0, 11, 4, 10, 5, 1, 8, 7]",1.9479809
./random_graph_db/graph_db_node_12/10_p0.7/10_graph_n12_p0.7_idx7.gpickle,12,0.7,7,5,23,70,"[4, 9, 2, 5, 8, 11, 7, 0, 10, 6, 1, 3]",2.0550039
./random_graph_db/graph_db_node_12/10_p0.7/10_graph_n12_p0.7_idx8.gpickle,12,0.7,8,5,21,59,"[8, 11, 3, 7, 9, 10, 2, 5, 0, 6, 4, 1]",1.702951
./random_graph_db/graph_db_node_12/10_p0.7/10_graph_n12_p0.7_idx9.gpickle,12,0.7,9,5,24,55,"[5, 8, 3, 1, 4, 10, 0, 11, 9, 6, 7, 2]",1.9331532
./random_graph_db/graph_db_node_12/11_p0.8/11_graph_n12_p0.8_idx1.gpickle,12,0.8,1,3,7,24,"[11, 0, 4, 2, 5, 10, 8, 6, 1, 3, 9, 7]",1.5131938
./random_graph_db/graph_db_node_12/11_p0.8/11_graph_n12_p0.8_idx10.gpickle,12,0.8,10,4,9,37,"[4, 2, 5, 10, 8, 11, 9, 6, 3, 1, 7, 0]",1.6351979
./random_graph_db/graph_db_node_12/11_p0.8/11_graph_n12_p0.8_idx2.gpickle,12,0.8,2,2,5,28,"[11, 4, 7, 5, 8, 6, 1, 2, 0, 10, 9, 3]",1.1213579
./random_graph_db/graph_db_node_12/11_p0.8/11_graph_n12_p0.8_idx3.gpickle,12,0.8,3,4,16,50,"[8, 11, 9, 2, 10, 3, 5, 1, 0, 4, 6, 7]",1.6064992
./random_graph_db/graph_db_node_12/11_p0.8/11_graph_n12_p0.8_idx4.gpickle,12,0.8,4,4,9,29,"[4, 0, 5, 7, 9, 1, 11, 6, 3, 8, 2, 10]",1.3053901
./random_graph_db/graph_db_node_12/11_p0.8/11_graph_n12_p0.8_idx5.gpickle,12,0.8,5,3,9,33,"[5, 10, 2, 8, 9, 0, 1, 7, 3, 11, 6, 4]",1.4388151
./random_graph_db/graph_db_node_12/11_p0.8/11_graph_n12_p0.8_idx6.gpickle,12,0.8,6,3,7,22,"[2, 3, 9, 4, 1, 6, 0, 5, 7, 8, 10, 11]",1.3725138
./random_graph_db/graph_db_node_12/11_p0.8/11_graph_n12_p0.8_idx7.gpickle,12,0.8,7,3,9,28,"[11, 10, 7, 2, 5, 6, 3, 1, 0, 8, 4, 9]",1.3139441
./random_graph_db/graph_db_node_12/11_p0.8/11_graph_n12_p0.8_idx8.gpickle,12,0.8,8,3,9,26,"[7, 1, 2, 0, 6, 5, 9, 10, 3, 8, 4, 11]",1.2808981
./random_graph_db/graph_db_node_12/11_p0.8/11_graph_n12_p0.8_idx9.gpickle,12,0.8,9,3,9,31,"[8, 10, 6, 7, 0, 3, 5, 2, 1, 11, 9, 4]",1.2661409
./random_graph_db/graph_db_node_12/12_p0.9/12_graph_n12_p0.9_idx1.gpickle,12,0.9,1,2,4,22,"[11, 7, 1, 0, 10, 8, 3, 2, 5, 9, 6, 4]",1.098999
./random_graph_db/graph_db_node_12/12_p0.9/12_graph_n12_p0.9_idx10.gpickle,12,0.9,10,2,9,32,"[0, 11, 9, 3, 6, 8, 7, 2, 1, 4, 5, 10]",1.253073
./random_graph_db/graph_db_node_12/12_p0.9/12_graph_n12_p0.9_idx2.gpickle,12,0.9,2,2,4,18,"[5, 1, 10, 11, 6, 0, 9, 4, 8, 3, 7, 2]",1.0380061
./random_graph_db/graph_db_node_12/12_p0.9/12_graph_n12_p0.9_idx3.gpickle,12,0.9,3,3,8,32,"[4, 7, 6, 9, 3, 2, 1, 0, 8, 5, 10, 11]",1.3146048
./random_graph_db/graph_db_node_12/12_p0.9/12_graph_n12_p0.9_idx4.gpickle,12,0.9,4,2,6,30,"[10, 6, 9, 0, 11, 1, 3, 2, 7, 8, 5, 4]",1.3973179
./random_graph_db/graph_db_node_12/12_p0.9/12_graph_n12_p0.9_idx5.gpickle,12,0.9,5,2,3,20,"[0, 11, 9, 3, 8, 1, 4, 7, 10, 6, 2, 5]",1.065871
./random_graph_db/graph_db_node_12/12_p0.9/12_graph_n12_p0.9_idx6.gpickle,12,0.9,6,2,2,19,"[8, 2, 7, 4, 0, 1, 3, 6, 9, 11, 5, 10]",0.9302599
./random_graph_db/graph_db_node_12/12_p0.9/12_graph_n12_p0.9_idx7.gpickle,12,0.9,7,2,3,24,"[6, 9, 10, 5, 8, 11, 4, 0, 2, 7, 1, 3]",0.9824209
./random_graph_db/graph_db_node_12/12_p0.9/12_graph_n12_p0.9_idx8.gpickle,12,0.9,8,2,5,29,"[0, 1, 7, 4, 11, 8, 9, 10, 3, 6, 2, 5]",1.1428862
./random_graph_db/graph_db_node_12/12_p0.9/12_graph_n12_p0.9_idx9.gpickle,12,0.9,9,2,4,26,"[4, 1, 0, 9, 5, 8, 2, 3, 7, 11, 10, 6]",0.9902742
./random_graph_db/graph_db_node_13/01_p0.1/01_graph_n13_p0.1_idx1.gpickle,13,0.1,1,2,3,23,"[4, 0, 11, 3, 7, 5, 6, 10, 12, 8, 9, 2, 1]",1.0397589
./random_graph_db/graph_db_node_13/01_p0.1/01_graph_n13_p0.1_idx10.gpickle,13,0.1,10,2,2,17,"[2, 9, 12, 8, 6, 11, 7, 3, 10, 1, 0, 4, 5]",1.0352709
./random_graph_db/graph_db_node_13/01_p0.1/01_graph_n13_p0.1_idx2.gpickle,13,0.1,2,2,3,18,"[2, 7, 10, 11, 8, 12, 4, 1, 9, 5, 0, 6, 3]",1.0959671
./random_graph_db/graph_db_node_13/01_p0.1/01_graph_n13_p0.1_idx3.gpickle,13,0.1,3,3,8,26,"[9, 10, 2, 5, 6, 1, 4, 0, 8, 12, 11, 3, 7]",1.3023663
./random_graph_db/graph_db_node_13/01_p0.1/01_graph_n13_p0.1_idx4.gpickle,13,0.1,4,1,0,14,"[7, 12, 2, 8, 11, 0, 10, 6, 9, 4, 3, 5, 1]",0.980155
./random_graph_db/graph_db_node_13/01_p0.1/01_graph_n13_p0.1_idx5.gpickle,13,0.1,5,2,3,20,"[7, 10, 3, 6, 11, 1, 4, 8, 12, 5, 2, 9, 0]",1.1233311
./random_graph_db/graph_db_node_13/01_p0.1/01_graph_n13_p0.1_idx6.gpickle,13,0.1,6,2,5,20,"[11, 3, 1, 10, 5, 4, 2, 0, 12, 7, 9, 8, 6]",1.1573069
./random_graph_db/graph_db_node_13/01_p0.1/01_graph_n13_p0.1_idx7.gpickle,13,0.1,7,2,4,27,"[7, 12, 2, 4, 5, 10, 11, 0, 8, 1, 6, 9, 3]",1.1821952
./random_graph_db/graph_db_node_13/01_p0.1/01_graph_n13_p0.1_idx8.gpickle,13,0.1,8,3,5,25,"[10, 8, 5, 9, 4, 2, 0, 3, 11, 6, 1, 12, 7]",1.4197979
./random_graph_db/graph_db_node_13/01_p0.1/01_graph_n13_p0.1_idx9.gpickle,13,0.1,9,2,2,19,"[4, 6, 9, 10, 7, 1, 12, 8, 3, 0, 2, 11, 5]",1.108717
./random_graph_db/graph_db_node_13/02_p0.2/02_graph_n13_p0.2_idx1.gpickle,13,0.2,1,3,8,28,"[3, 0, 11, 10, 1, 12, 2, 8, 4, 5, 6, 9, 7]",1.3107171
./random_graph_db/graph_db_node_13/02_p0.2/02_graph_n13_p0.2_idx10.gpickle,13,0.2,10,2,3,23,"[4, 10, 9, 3, 6, 7, 2, 12, 0, 1, 8, 11, 5]",1.060632
./random_graph_db/graph_db_node_13/02_p0.2/02_graph_n13_p0.2_idx2.gpickle,13,0.2,2,3,6,31,"[4, 9, 0, 12, 6, 8, 5, 7, 1, 2, 10, 11, 3]",1.2620583
./random_graph_db/graph_db_node_13/02_p0.2/02_graph_n13_p0.2_idx3.gpickle,13,0.2,3,2,3,28,"[12, 9, 8, 6, 2, 1, 4, 5, 10, 3, 11, 0, 7]",1.1066599
./random_graph_db/graph_db_node_13/02_p0.2/02_graph_n13_p0.2_idx4.gpickle,13,0.2,4,3,5,23,"[6, 5, 8, 11, 1, 7, 4, 2, 9, 3, 12, 0, 10]",1.1625562
./random_graph_db/graph_db_node_13/02_p0.2/02_graph_n13_p0.2_idx5.gpickle,13,0.2,5,2,4,21,"[1, 7, 6, 0, 10, 9, 2, 5, 11, 4, 3, 12, 8]",1.1364741
./random_graph_db/graph_db_node_13/02_p0.2/02_graph_n13_p0.2_idx6.gpickle,13,0.2,6,2,5,26,"[9, 8, 7, 0, 1, 11, 3, 12, 2, 10, 6, 5, 4]",1.3198199
./random_graph_db/graph_db_node_13/02_p0.2/02_graph_n13_p0.2_idx7.gpickle,13,0.2,7,2,4,25,"[8, 7, 0, 2, 4, 9, 5, 11, 6, 1, 10, 12, 3]",1.195941
./random_graph_db/graph_db_node_13/02_p0.2/02_graph_n13_p0.2_idx8.gpickle,13,0.2,8,2,3,20,"[5, 12, 3, 2, 1, 11, 8, 10, 6, 0, 9, 4, 7]",1.1517889
./random_graph_db/graph_db_node_13/02_p0.2/02_graph_n13_p0.2_idx9.gpickle,13,0.2,9,4,12,41,"[11, 10, 8, 6, 5, 1, 9, 0, 7, 4, 3, 12, 2]",1.6253178
./random_graph_db/graph_db_node_13/03_p0.3/03_graph_n13_p0.3_idx1.gpickle,13,0.3,1,4,18,68,"[5, 10, 1, 7, 9, 8, 0, 2, 4, 12, 11, 6, 3]",1.7631581
./random_graph_db/graph_db_node_13/03_p0.3/03_graph_n13_p0.3_idx10.gpickle,13,0.3,10,3,11,33,"[10, 5, 0, 2, 3, 9, 6, 4, 11, 12, 7, 8, 1]",1.4402871
./random_graph_db/graph_db_node_13/03_p0.3/03_graph_n13_p0.3_idx2.gpickle,13,0.3,2,3,12,36,"[9, 6, 2, 11, 7, 4, 3, 12, 5, 10, 1, 0, 8]",1.5294678
./random_graph_db/graph_db_node_13/03_p0.3/03_graph_n13_p0.3_idx3.gpickle,13,0.3,3,3,9,29,"[6, 9, 7, 5, 8, 4, 3, 1, 12, 0, 10, 2, 11]",1.4106092
./random_graph_db/graph_db_node_13/03_p0.3/03_graph_n13_p0.3_idx4.gpickle,13,0.3,4,4,13,38,"[1, 4, 8, 11, 0, 2, 5, 12, 6, 9, 7, 10, 3]",1.5766981
./random_graph_db/graph_db_node_13/03_p0.3/03_graph_n13_p0.3_idx5.gpickle,13,0.3,5,3,13,44,"[0, 3, 7, 9, 4, 1, 2, 11, 5, 10, 8, 12, 6]",1.4513819
./random_graph_db/graph_db_node_13/03_p0.3/03_graph_n13_p0.3_idx6.gpickle,13,0.3,6,2,4,24,"[1, 5, 6, 7, 11, 4, 12, 3, 2, 0, 8, 10, 9]",1.1835022
./random_graph_db/graph_db_node_13/03_p0.3/03_graph_n13_p0.3_idx7.gpickle,13,0.3,7,3,8,35,"[8, 12, 0, 1, 11, 6, 9, 7, 4, 2, 10, 3, 5]",1.2802582
./random_graph_db/graph_db_node_13/03_p0.3/03_graph_n13_p0.3_idx8.gpickle,13,0.3,8,4,11,39,"[10, 9, 1, 0, 12, 5, 6, 2, 3, 7, 4, 11, 8]",1.6265709
./random_graph_db/graph_db_node_13/03_p0.3/03_graph_n13_p0.3_idx9.gpickle,13,0.3,9,3,10,42,"[0, 3, 7, 4, 6, 2, 1, 9, 12, 10, 11, 5, 8]",1.6164379
./random_graph_db/graph_db_node_13/04_p0.4/04_graph_n13_p0.4_idx1.gpickle,13,0.4,1,4,16,57,"[11, 6, 8, 10, 7, 12, 4, 1, 0, 3, 9, 5, 2]",1.9126179
./random_graph_db/graph_db_node_13/04_p0.4/04_graph_n13_p0.4_idx10.gpickle,13,0.4,10,5,19,57,"[2, 12, 0, 3, 4, 11, 5, 9, 1, 7, 8, 10, 6]",1.8525159
./random_graph_db/graph_db_node_13/04_p0.4/04_graph_n13_p0.4_idx2.gpickle,13,0.4,2,4,16,51,"[8, 10, 0, 3, 1, 7, 4, 9, 12, 5, 2, 6, 11]",1.5897951
./random_graph_db/graph_db_node_13/04_p0.4/04_graph_n13_p0.4_idx3.gpickle,13,0.4,3,5,20,47,"[4, 1, 0, 8, 12, 10, 3, 9, 7, 11, 5, 2, 6]",1.8449793
./random_graph_db/graph_db_node_13/04_p0.4/04_graph_n13_p0.4_idx4.gpickle,13,0.4,4,5,24,68,"[11, 2, 5, 7, 1, 8, 0, 9, 10, 12, 3, 4, 6]",1.9461303
./random_graph_db/graph_db_node_13/04_p0.4/04_graph_n13_p0.4_idx5.gpickle,13,0.4,5,5,22,73,"[1, 4, 8, 10, 12, 5, 0, 2, 11, 3, 9, 6, 7]",2.0676811
./random_graph_db/graph_db_node_13/04_p0.4/04_graph_n13_p0.4_idx6.gpickle,13,0.4,6,4,22,72,"[11, 2, 4, 12, 6, 5, 0, 1, 10, 7, 3, 9, 8]",1.8688469
./random_graph_db/graph_db_node_13/04_p0.4/04_graph_n13_p0.4_idx7.gpickle,13,0.4,7,5,26,75,"[2, 12, 4, 6, 10, 11, 9, 1, 0, 8, 5, 3, 7]",2.1964369
./random_graph_db/graph_db_node_13/04_p0.4/04_graph_n13_p0.4_idx8.gpickle,13,0.4,8,5,24,72,"[10, 7, 4, 12, 1, 2, 5, 11, 9, 6, 0, 3, 8]",1.9488261
./random_graph_db/graph_db_node_13/04_p0.4/04_graph_n13_p0.4_idx9.gpickle,13,0.4,9,4,17,49,"[2, 3, 6, 9, 12, 4, 5, 7, 0, 8, 1, 11, 10]",1.8826239
./random_graph_db/graph_db_node_13/05_p0.45/05_graph_n13_p0.45_idx1.gpickle,13,0.45,1,5,16,49,"[1, 4, 0, 10, 8, 6, 7, 5, 9, 3, 12, 2, 11]",1.9531028
./random_graph_db/graph_db_node_13/05_p0.45/05_graph_n13_p0.45_idx10.gpickle,13,0.45,10,4,16,58,"[3, 8, 2, 0, 7, 5, 9, 4, 1, 6, 10, 12, 11]",1.864222
./random_graph_db/graph_db_node_13/05_p0.45/05_graph_n13_p0.45_idx2.gpickle,13,0.45,2,5,15,42,"[2, 5, 0, 12, 1, 8, 10, 3, 11, 9, 4, 7, 6]",1.9555559
./random_graph_db/graph_db_node_13/05_p0.45/05_graph_n13_p0.45_idx3.gpickle,13,0.45,3,5,19,68,"[9, 8, 10, 0, 3, 6, 12, 7, 5, 1, 11, 2, 4]",2.1600151
./random_graph_db/graph_db_node_13/05_p0.45/05_graph_n13_p0.45_idx4.gpickle,13,0.45,4,5,17,44,"[9, 1, 12, 4, 2, 11, 10, 6, 3, 7, 8, 0, 5]",1.8594379
./random_graph_db/graph_db_node_13/05_p0.45/05_graph_n13_p0.45_idx5.gpickle,13,0.45,5,6,29,78,"[4, 8, 5, 6, 9, 3, 1, 2, 11, 10, 0, 7, 12]",2.262603
./random_graph_db/graph_db_node_13/05_p0.45/05_graph_n13_p0.45_idx6.gpickle,13,0.45,6,5,20,56,"[2, 1, 9, 8, 12, 3, 7, 10, 5, 6, 4, 0, 11]",1.8798192
./random_graph_db/graph_db_node_13/05_p0.45/05_graph_n13_p0.45_idx7.gpickle,13,0.45,7,5,21,66,"[5, 4, 6, 3, 0, 1, 9, 11, 10, 2, 7, 8, 12]",2.0503471
./random_graph_db/graph_db_node_13/05_p0.45/05_graph_n13_p0.45_idx8.gpickle,13,0.45,8,5,20,58,"[4, 8, 3, 9, 1, 5, 11, 10, 12, 2, 0, 6, 7]",2.081929
./random_graph_db/graph_db_node_13/05_p0.45/05_graph_n13_p0.45_idx9.gpickle,13,0.45,9,5,17,51,"[9, 1, 6, 8, 5, 12, 3, 2, 10, 4, 11, 7, 0]",1.9845419
./random_graph_db/graph_db_node_13/06_p0.5/06_graph_n13_p0.5_idx1.gpickle,13,0.5,1,5,20,52,"[1, 8, 3, 7, 12, 2, 6, 5, 9, 11, 10, 0, 4]",1.818907
./random_graph_db/graph_db_node_13/06_p0.5/06_graph_n13_p0.5_idx10.gpickle,13,0.5,10,5,21,66,"[0, 12, 1, 9, 3, 5, 2, 7, 4, 10, 11, 6, 8]",1.9590218
./random_graph_db/graph_db_node_13/06_p0.5/06_graph_n13_p0.5_idx2.gpickle,13,0.5,2,6,24,75,"[6, 10, 7, 11, 2, 4, 3, 0, 9, 5, 1, 8, 12]",2.226552
./random_graph_db/graph_db_node_13/06_p0.5/06_graph_n13_p0.5_idx3.gpickle,13,0.5,3,6,37,101,"[9, 11, 5, 10, 8, 12, 3, 7, 0, 2, 6, 4, 1]",2.366775
./random_graph_db/graph_db_node_13/06_p0.5/06_graph_n13_p0.5_idx4.gpickle,13,0.5,4,5,29,82,"[3, 4, 8, 12, 0, 6, 7, 2, 5, 1, 9, 11, 10]",2.259021
./random_graph_db/graph_db_node_13/06_p0.5/06_graph_n13_p0.5_idx5.gpickle,13,0.5,5,5,24,75,"[11, 2, 3, 7, 0, 6, 10, 12, 4, 1, 9, 8, 5]",2.094281
./random_graph_db/graph_db_node_13/06_p0.5/06_graph_n13_p0.5_idx6.gpickle,13,0.5,6,5,24,61,"[0, 1, 9, 2, 4, 6, 12, 11, 7, 3, 10, 5, 8]",2.160991
./random_graph_db/graph_db_node_13/06_p0.5/06_graph_n13_p0.5_idx7.gpickle,13,0.5,7,5,27,75,"[4, 9, 8, 7, 3, 2, 0, 1, 12, 5, 11, 6, 10]",2.2651429
./random_graph_db/graph_db_node_13/06_p0.5/06_graph_n13_p0.5_idx8.gpickle,13,0.5,8,5,21,67,"[0, 9, 10, 4, 1, 7, 6, 8, 5, 12, 3, 2, 11]",1.9507709
./random_graph_db/graph_db_node_13/06_p0.5/06_graph_n13_p0.5_idx9.gpickle,13,0.5,9,5,23,65,"[10, 4, 2, 9, 8, 0, 6, 5, 3, 12, 11, 1, 7]",2.3751621
./random_graph_db/graph_db_node_13/07_p0.55/07_graph_n13_p0.55_idx1.gpickle,13,0.55,1,5,24,63,"[3, 4, 8, 6, 10, 9, 0, 1, 5, 12, 7, 2, 11]",1.9328442
./random_graph_db/graph_db_node_13/07_p0.55/07_graph_n13_p0.55_idx10.gpickle,13,0.55,10,6,24,69,"[11, 2, 12, 10, 4, 6, 1, 3, 5, 8, 9, 7, 0]",2.0898249
./random_graph_db/graph_db_node_13/07_p0.55/07_graph_n13_p0.55_idx2.gpickle,13,0.55,2,5,21,53,"[4, 2, 5, 12, 11, 10, 7, 3, 8, 6, 0, 9, 1]",1.9447479
./random_graph_db/graph_db_node_13/07_p0.55/07_graph_n13_p0.55_idx3.gpickle,13,0.55,3,6,31,89,"[1, 4, 2, 6, 8, 10, 9, 5, 3, 0, 7, 12, 11]",2.3893368
./random_graph_db/graph_db_node_13/07_p0.55/07_graph_n13_p0.55_idx4.gpickle,13,0.55,4,5,26,73,"[10, 11, 12, 7, 8, 6, 9, 5, 2, 1, 0, 3, 4]",2.306047
./random_graph_db/graph_db_node_13/07_p0.55/07_graph_n13_p0.55_idx5.gpickle,13,0.55,5,5,21,76,"[7, 3, 5, 6, 9, 8, 11, 10, 2, 12, 4, 0, 1]",2.0789289
./random_graph_db/graph_db_node_13/07_p0.55/07_graph_n13_p0.55_idx6.gpickle,13,0.55,6,5,17,55,"[2, 0, 10, 8, 5, 6, 4, 3, 11, 1, 7, 12, 9]",1.990881
./random_graph_db/graph_db_node_13/07_p0.55/07_graph_n13_p0.55_idx7.gpickle,13,0.55,7,6,32,83,"[1, 2, 8, 3, 12, 7, 10, 6, 11, 9, 4, 0, 5]",2.316242
./random_graph_db/graph_db_node_13/07_p0.55/07_graph_n13_p0.55_idx8.gpickle,13,0.55,8,5,24,67,"[2, 5, 8, 1, 6, 7, 12, 4, 3, 0, 9, 11, 10]",2.3401577
./random_graph_db/graph_db_node_13/07_p0.55/07_graph_n13_p0.55_idx9.gpickle,13,0.55,9,5,29,92,"[0, 7, 3, 6, 10, 9, 11, 8, 1, 5, 12, 4, 2]",2.2619579
./random_graph_db/graph_db_node_13/08_p0.6/08_graph_n13_p0.6_idx1.gpickle,13,0.6,1,5,26,73,"[7, 5, 3, 8, 6, 10, 1, 2, 12, 4, 9, 0, 11]",2.261641
./random_graph_db/graph_db_node_13/08_p0.6/08_graph_n13_p0.6_idx10.gpickle,13,0.6,10,5,20,76,"[11, 2, 6, 0, 7, 9, 10, 3, 4, 1, 5, 8, 12]",2.15487
./random_graph_db/graph_db_node_13/08_p0.6/08_graph_n13_p0.6_idx2.gpickle,13,0.6,2,4,15,56,"[3, 1, 9, 8, 10, 4, 11, 0, 5, 2, 6, 12, 7]",1.8070552
./random_graph_db/graph_db_node_13/08_p0.6/08_graph_n13_p0.6_idx3.gpickle,13,0.6,3,5,22,75,"[7, 8, 12, 1, 4, 10, 5, 11, 3, 9, 6, 2, 0]",1.8559451
./random_graph_db/graph_db_node_13/08_p0.6/08_graph_n13_p0.6_idx4.gpickle,13,0.6,4,4,18,52,"[4, 7, 3, 11, 10, 8, 6, 9, 0, 1, 12, 2, 5]",1.861285
./random_graph_db/graph_db_node_13/08_p0.6/08_graph_n13_p0.6_idx5.gpickle,13,0.6,5,4,18,57,"[8, 7, 2, 3, 5, 1, 0, 11, 9, 10, 4, 12, 6]",1.7936039
./random_graph_db/graph_db_node_13/08_p0.6/08_graph_n13_p0.6_idx6.gpickle,13,0.6,6,4,21,58,"[4, 12, 6, 7, 0, 3, 10, 1, 2, 8, 5, 9, 11]",1.901334
./random_graph_db/graph_db_node_13/08_p0.6/08_graph_n13_p0.6_idx7.gpickle,13,0.6,7,5,23,71,"[3, 0, 1, 8, 11, 9, 5, 10, 12, 4, 6, 2, 7]",2.138344
./random_graph_db/graph_db_node_13/08_p0.6/08_graph_n13_p0.6_idx8.gpickle,13,0.6,8,6,31,102,"[5, 1, 4, 6, 8, 7, 3, 12, 11, 10, 2, 9, 0]",2.261483
./random_graph_db/graph_db_node_13/08_p0.6/08_graph_n13_p0.6_idx9.gpickle,13,0.6,9,5,20,68,"[5, 7, 2, 8, 9, 1, 11, 12, 10, 6, 3, 4, 0]",1.898931
./random_graph_db/graph_db_node_13/09_p0.65/09_graph_n13_p0.65_idx1.gpickle,13,0.65,1,5,28,85,"[11, 6, 9, 4, 10, 3, 5, 8, 2, 0, 1, 7, 12]",2.4313722
./random_graph_db/graph_db_node_13/09_p0.65/09_graph_n13_p0.65_idx10.gpickle,13,0.65,10,5,30,96,"[9, 1, 10, 3, 8, 12, 5, 4, 11, 0, 7, 2, 6]",2.095753
./random_graph_db/graph_db_node_13/09_p0.65/09_graph_n13_p0.65_idx2.gpickle,13,0.65,2,5,17,57,"[1, 7, 0, 5, 11, 4, 2, 8, 9, 12, 6, 3, 10]",1.785594
./random_graph_db/graph_db_node_13/09_p0.65/09_graph_n13_p0.65_idx3.gpickle,13,0.65,3,5,25,74,"[0, 4, 1, 8, 2, 9, 5, 6, 12, 11, 7, 3, 10]",2.1168921
./random_graph_db/graph_db_node_13/09_p0.65/09_graph_n13_p0.65_idx4.gpickle,13,0.65,4,4,18,48,"[7, 11, 5, 12, 3, 1, 9, 0, 8, 4, 2, 6, 10]",1.8605738
./random_graph_db/graph_db_node_13/09_p0.65/09_graph_n13_p0.65_idx5.gpickle,13,0.65,5,4,16,52,"[9, 2, 5, 11, 1, 0, 7, 4, 10, 8, 3, 6, 12]",1.756999
./random_graph_db/graph_db_node_13/09_p0.65/09_graph_n13_p0.65_idx6.gpickle,13,0.65,6,5,23,61,"[9, 8, 2, 3, 10, 7, 11, 12, 5, 0, 4, 1, 6]",1.9983962
./random_graph_db/graph_db_node_13/09_p0.65/09_graph_n13_p0.65_idx7.gpickle,13,0.65,7,5,18,55,"[10, 0, 8, 9, 2, 4, 6, 1, 5, 7, 3, 12, 11]",1.8737278
./random_graph_db/graph_db_node_13/09_p0.65/09_graph_n13_p0.65_idx8.gpickle,13,0.65,8,5,20,58,"[9, 7, 10, 1, 0, 8, 12, 11, 2, 4, 6, 5, 3]",2.1825228
./random_graph_db/graph_db_node_13/09_p0.65/09_graph_n13_p0.65_idx9.gpickle,13,0.65,9,5,16,53,"[12, 3, 10, 1, 6, 8, 4, 0, 7, 9, 2, 11, 5]",1.7257919
./random_graph_db/graph_db_node_13/10_p0.7/10_graph_n13_p0.7_idx1.gpickle,13,0.7,1,4,15,38,"[9, 1, 4, 5, 0, 12, 7, 11, 3, 2, 8, 6, 10]",1.770592
./random_graph_db/graph_db_node_13/10_p0.7/10_graph_n13_p0.7_idx10.gpickle,13,0.7,10,5,24,73,"[3, 4, 10, 2, 1, 8, 9, 7, 6, 12, 5, 11, 0]",2.0353889
./random_graph_db/graph_db_node_13/10_p0.7/10_graph_n13_p0.7_idx2.gpickle,13,0.7,2,5,27,80,"[8, 6, 2, 3, 7, 12, 0, 10, 11, 4, 1, 9, 5]",2.121634
./random_graph_db/graph_db_node_13/10_p0.7/10_graph_n13_p0.7_idx3.gpickle,13,0.7,3,3,9,34,"[11, 7, 6, 12, 9, 0, 5, 4, 8, 2, 1, 10, 3]",1.5986838
./random_graph_db/graph_db_node_13/10_p0.7/10_graph_n13_p0.7_idx4.gpickle,13,0.7,4,6,23,73,"[3, 8, 4, 9, 1, 5, 10, 0, 2, 12, 6, 7, 11]",2.0640321
./random_graph_db/graph_db_node_13/10_p0.7/10_graph_n13_p0.7_idx5.gpickle,13,0.7,5,5,23,73,"[6, 2, 10, 3, 5, 12, 9, 7, 8, 0, 11, 4, 1]",2.093678
./random_graph_db/graph_db_node_13/10_p0.7/10_graph_n13_p0.7_idx6.gpickle,13,0.7,6,5,17,56,"[10, 3, 1, 12, 9, 2, 4, 8, 5, 6, 7, 0, 11]",1.783468
./random_graph_db/graph_db_node_13/10_p0.7/10_graph_n13_p0.7_idx7.gpickle,13,0.7,7,5,27,83,"[4, 0, 6, 11, 2, 1, 10, 8, 3, 5, 12, 7, 9]",1.8932507
./random_graph_db/graph_db_node_13/10_p0.7/10_graph_n13_p0.7_idx8.gpickle,13,0.7,8,5,20,61,"[8, 7, 0, 5, 12, 11, 3, 2, 9, 10, 6, 4, 1]",2.071907
./random_graph_db/graph_db_node_13/10_p0.7/10_graph_n13_p0.7_idx9.gpickle,13,0.7,9,5,21,56,"[7, 6, 0, 5, 11, 3, 8, 9, 1, 2, 4, 12, 10]",1.7728689
./random_graph_db/graph_db_node_13/11_p0.8/11_graph_n13_p0.8_idx1.gpickle,13,0.8,1,3,7,29,"[6, 0, 11, 8, 7, 10, 4, 12, 1, 2, 3, 5, 9]",1.307457
./random_graph_db/graph_db_node_13/11_p0.8/11_graph_n13_p0.8_idx10.gpickle,13,0.8,10,4,16,52,"[6, 4, 3, 2, 12, 11, 10, 5, 0, 7, 8, 1, 9]",1.7068951
./random_graph_db/graph_db_node_13/11_p0.8/11_graph_n13_p0.8_idx2.gpickle,13,0.8,2,3,10,31,"[6, 5, 2, 1, 0, 10, 11, 12, 9, 4, 7, 8, 3]",1.5405681
./random_graph_db/graph_db_node_13/11_p0.8/11_graph_n13_p0.8_idx3.gpickle,13,0.8,3,3,11,40,"[0, 6, 11, 4, 8, 3, 12, 10, 2, 7, 9, 1, 5]",1.56777
./random_graph_db/graph_db_node_13/11_p0.8/11_graph_n13_p0.8_idx4.gpickle,13,0.8,4,5,16,44,"[12, 5, 1, 11, 9, 6, 2, 0, 8, 4, 10, 3, 7]",1.7247941
./random_graph_db/graph_db_node_13/11_p0.8/11_graph_n13_p0.8_idx5.gpickle,13,0.8,5,3,7,33,"[9, 6, 3, 10, 1, 11, 0, 5, 2, 8, 7, 4, 12]",1.415067
./random_graph_db/graph_db_node_13/11_p0.8/11_graph_n13_p0.8_idx6.gpickle,13,0.8,6,3,11,45,"[4, 8, 0, 5, 6, 3, 9, 1, 10, 2, 12, 11, 7]",1.595705
./random_graph_db/graph_db_node_13/11_p0.8/11_graph_n13_p0.8_idx7.gpickle,13,0.8,7,3,9,29,"[11, 10, 8, 6, 9, 12, 1, 4, 5, 2, 0, 3, 7]",1.4481752
./random_graph_db/graph_db_node_13/11_p0.8/11_graph_n13_p0.8_idx8.gpickle,13,0.8,8,4,11,32,"[3, 1, 5, 6, 0, 8, 9, 12, 2, 11, 7, 4, 10]",1.6869493
./random_graph_db/graph_db_node_13/11_p0.8/11_graph_n13_p0.8_idx9.gpickle,13,0.8,9,3,11,41,"[12, 10, 0, 6, 11, 2, 1, 3, 8, 4, 5, 9, 7]",1.520597
./random_graph_db/graph_db_node_13/12_p0.9/12_graph_n13_p0.9_idx1.gpickle,13,0.9,1,2,4,24,"[5, 9, 1, 6, 3, 10, 8, 0, 12, 7, 2, 11, 4]",1.0689421
./random_graph_db/graph_db_node_13/12_p0.9/12_graph_n13_p0.9_idx10.gpickle,13,0.9,10,3,11,33,"[6, 3, 1, 10, 11, 0, 12, 4, 8, 5, 2, 9, 7]",1.5922298
./random_graph_db/graph_db_node_13/12_p0.9/12_graph_n13_p0.9_idx2.gpickle,13,0.9,2,2,2,19,"[0, 6, 3, 11, 8, 12, 2, 5, 7, 10, 1, 9, 4]",1.035876
./random_graph_db/graph_db_node_13/12_p0.9/12_graph_n13_p0.9_idx3.gpickle,13,0.9,3,3,11,46,"[12, 7, 4, 5, 10, 3, 6, 9, 0, 11, 2, 1, 8]",1.4274938
./random_graph_db/graph_db_node_13/12_p0.9/12_graph_n13_p0.9_idx4.gpickle,13,0.9,4,3,10,28,"[5, 2, 10, 4, 1, 6, 8, 11, 3, 9, 0, 12, 7]",1.524169
./random_graph_db/graph_db_node_13/12_p0.9/12_graph_n13_p0.9_idx5.gpickle,13,0.9,5,2,3,30,"[1, 7, 12, 2, 5, 4, 6, 10, 11, 3, 8, 9, 0]",1.24493
./random_graph_db/graph_db_node_13/12_p0.9/12_graph_n13_p0.9_idx6.gpickle,13,0.9,6,2,3,23,"[5, 1, 12, 2, 9, 8, 6, 3, 10, 4, 0, 7, 11]",1.0268409
./random_graph_db/graph_db_node_13/12_p0.9/12_graph_n13_p0.9_idx7.gpickle,13,0.9,7,2,3,25,"[12, 9, 8, 11, 7, 0, 6, 2, 1, 4, 3, 10, 5]",1.0414679
./random_graph_db/graph_db_node_13/12_p0.9/12_graph_n13_p0.9_idx8.gpickle,13,0.9,8,2,5,25,"[2, 11, 12, 3, 9, 10, 8, 5, 1, 6, 0, 4, 7]",1.1270881
./random_graph_db/graph_db_node_13/12_p0.9/12_graph_n13_p0.9_idx9.gpickle,13,0.9,9,2,4,26,"[0, 6, 9, 2, 12, 11, 8, 4, 5, 10, 1, 3, 7]",1.1017752
./random_graph_db/graph_db_node_14/01_p0.1/01_graph_n14_p0.1_idx1.gpickle,14,0.1,1,2,4,27,"[8, 3, 11, 1, 12, 2, 0, 6, 10, 7, 9, 4, 5, 13]",1.2305338
./random_graph_db/graph_db_node_14/01_p0.1/01_graph_n14_p0.1_idx10.gpickle,14,0.1,10,2,5,21,"[6, 4, 13, 0, 2, 3, 1, 8, 5, 9, 12, 7, 10, 11]",1.2749391
./random_graph_db/graph_db_node_14/01_p0.1/01_graph_n14_p0.1_idx2.gpickle,14,0.1,2,2,4,28,"[12, 4, 2, 3, 13, 1, 8, 9, 7, 5, 10, 6, 0, 11]",1.1473191
./random_graph_db/graph_db_node_14/01_p0.1/01_graph_n14_p0.1_idx3.gpickle,14,0.1,3,2,2,18,"[11, 7, 8, 1, 12, 13, 10, 2, 5, 0, 4, 3, 9, 6]",1.1047969
./random_graph_db/graph_db_node_14/01_p0.1/01_graph_n14_p0.1_idx4.gpickle,14,0.1,4,2,4,22,"[4, 6, 3, 5, 13, 1, 9, 8, 7, 2, 11, 10, 12, 0]",1.247503
./random_graph_db/graph_db_node_14/01_p0.1/01_graph_n14_p0.1_idx5.gpickle,14,0.1,5,2,1,17,"[10, 7, 6, 12, 5, 3, 8, 9, 2, 1, 0, 11, 13, 4]",1.0878022
./random_graph_db/graph_db_node_14/01_p0.1/01_graph_n14_p0.1_idx6.gpickle,14,0.1,6,2,2,18,"[8, 5, 12, 6, 2, 4, 11, 10, 13, 9, 3, 0, 1, 7]",1.175921
./random_graph_db/graph_db_node_14/01_p0.1/01_graph_n14_p0.1_idx7.gpickle,14,0.1,7,2,3,19,"[9, 3, 2, 1, 13, 4, 7, 11, 12, 5, 6, 8, 10, 0]",1.1991031
./random_graph_db/graph_db_node_14/01_p0.1/01_graph_n14_p0.1_idx8.gpickle,14,0.1,8,3,6,27,"[11, 5, 9, 7, 1, 6, 0, 12, 4, 13, 10, 2, 3, 8]",1.554251
./random_graph_db/graph_db_node_14/01_p0.1/01_graph_n14_p0.1_idx9.gpickle,14,0.1,9,4,6,28,"[6, 4, 7, 13, 9, 3, 5, 2, 0, 11, 8, 10, 12, 1]",1.4059179
./random_graph_db/graph_db_node_14/02_p0.2/02_graph_n14_p0.2_idx1.gpickle,14,0.2,1,3,8,29,"[2, 3, 7, 10, 6, 0, 1, 11, 4, 13, 8, 9, 12, 5]",1.5245559
./random_graph_db/graph_db_node_14/02_p0.2/02_graph_n14_p0.2_idx10.gpickle,14,0.2,10,3,9,38,"[4, 3, 2, 9, 7, 5, 6, 11, 12, 8, 0, 1, 13, 10]",1.4690521
./random_graph_db/graph_db_node_14/02_p0.2/02_graph_n14_p0.2_idx2.gpickle,14,0.2,2,3,8,27,"[0, 12, 11, 10, 4, 5, 9, 13, 7, 3, 6, 1, 2, 8]",1.4139011
./random_graph_db/graph_db_node_14/02_p0.2/02_graph_n14_p0.2_idx3.gpickle,14,0.2,3,2,5,21,"[5, 9, 12, 6, 10, 1, 3, 8, 7, 2, 4, 13, 0, 11]",1.2953391
./random_graph_db/graph_db_node_14/02_p0.2/02_graph_n14_p0.2_idx4.gpickle,14,0.2,4,3,12,43,"[0, 3, 8, 1, 10, 13, 11, 2, 6, 7, 5, 9, 4, 12]",1.5180061
./random_graph_db/graph_db_node_14/02_p0.2/02_graph_n14_p0.2_idx5.gpickle,14,0.2,5,3,8,30,"[12, 4, 13, 3, 10, 11, 5, 8, 2, 7, 0, 1, 6, 9]",1.422004
./random_graph_db/graph_db_node_14/02_p0.2/02_graph_n14_p0.2_idx6.gpickle,14,0.2,6,3,7,28,"[0, 7, 6, 12, 2, 13, 8, 1, 11, 10, 5, 3, 4, 9]",1.3079162
./random_graph_db/graph_db_node_14/02_p0.2/02_graph_n14_p0.2_idx7.gpickle,14,0.2,7,2,3,19,"[12, 9, 7, 8, 5, 11, 3, 0, 1, 4, 10, 13, 6, 2]",1.2354341
./random_graph_db/graph_db_node_14/02_p0.2/02_graph_n14_p0.2_idx8.gpickle,14,0.2,8,4,11,42,"[7, 11, 8, 12, 9, 13, 1, 4, 5, 6, 3, 10, 0, 2]",1.5852873
./random_graph_db/graph_db_node_14/02_p0.2/02_graph_n14_p0.2_idx9.gpickle,14,0.2,9,4,16,51,"[8, 4, 1, 0, 13, 7, 9, 2, 6, 11, 12, 10, 5, 3]",1.6867459
./random_graph_db/graph_db_node_14/03_p0.3/03_graph_n14_p0.3_idx1.gpickle,14,0.3,1,4,15,51,"[9, 4, 2, 0, 3, 8, 1, 6, 10, 12, 5, 13, 7, 11]",1.734777
./random_graph_db/graph_db_node_14/03_p0.3/03_graph_n14_p0.3_idx10.gpickle,14,0.3,10,5,19,54,"[9, 1, 13, 11, 7, 2, 8, 6, 10, 3, 12, 4, 0, 5]",2.1885753
./random_graph_db/graph_db_node_14/03_p0.3/03_graph_n14_p0.3_idx2.gpickle,14,0.3,2,3,7,33,"[2, 12, 3, 5, 9, 10, 1, 4, 11, 7, 13, 6, 0, 8]",1.3822241
./random_graph_db/graph_db_node_14/03_p0.3/03_graph_n14_p0.3_idx3.gpickle,14,0.3,3,4,14,45,"[9, 8, 10, 5, 11, 1, 0, 4, 3, 7, 13, 12, 6, 2]",1.8992071
./random_graph_db/graph_db_node_14/03_p0.3/03_graph_n14_p0.3_idx4.gpickle,14,0.3,4,6,20,68,"[9, 4, 7, 11, 6, 0, 12, 8, 10, 2, 1, 3, 13, 5]",1.9480131
./random_graph_db/graph_db_node_14/03_p0.3/03_graph_n14_p0.3_idx5.gpickle,14,0.3,5,5,27,73,"[1, 13, 5, 3, 4, 2, 11, 0, 9, 10, 8, 12, 7, 6]",2.139127
./random_graph_db/graph_db_node_14/03_p0.3/03_graph_n14_p0.3_idx6.gpickle,14,0.3,6,4,19,55,"[7, 6, 10, 11, 9, 8, 12, 2, 1, 5, 4, 13, 3, 0]",1.6905689
./random_graph_db/graph_db_node_14/03_p0.3/03_graph_n14_p0.3_idx7.gpickle,14,0.3,7,4,15,57,"[5, 4, 8, 3, 7, 9, 1, 11, 12, 6, 10, 2, 0, 13]",1.654192
./random_graph_db/graph_db_node_14/03_p0.3/03_graph_n14_p0.3_idx8.gpickle,14,0.3,8,4,17,56,"[7, 4, 2, 8, 0, 11, 5, 9, 12, 3, 10, 6, 1, 13]",1.9299738
./random_graph_db/graph_db_node_14/03_p0.3/03_graph_n14_p0.3_idx9.gpickle,14,0.3,9,5,24,71,"[0, 7, 13, 11, 10, 2, 3, 12, 9, 1, 8, 4, 6, 5]",2.2173691
./random_graph_db/graph_db_node_14/04_p0.4/04_graph_n14_p0.4_idx1.gpickle,14,0.4,1,5,27,83,"[4, 5, 9, 8, 3, 13, 0, 7, 11, 10, 2, 12, 6, 1]",2.2827871
./random_graph_db/graph_db_node_14/04_p0.4/04_graph_n14_p0.4_idx10.gpickle,14,0.4,10,5,25,50,"[9, 3, 2, 5, 4, 12, 11, 6, 0, 13, 7, 10, 1, 8]",2.230448
./random_graph_db/graph_db_node_14/04_p0.4/04_graph_n14_p0.4_idx2.gpickle,14,0.4,2,5,28,70,"[7, 6, 2, 5, 13, 12, 0, 1, 3, 9, 10, 8, 4, 11]",2.341557
./random_graph_db/graph_db_node_14/04_p0.4/04_graph_n14_p0.4_idx3.gpickle,14,0.4,3,6,28,74,"[4, 1, 5, 3, 13, 8, 11, 7, 0, 12, 2, 10, 9, 6]",2.3092151
./random_graph_db/graph_db_node_14/04_p0.4/04_graph_n14_p0.4_idx4.gpickle,14,0.4,4,5,25,80,"[8, 13, 12, 3, 11, 0, 5, 10, 7, 4, 9, 1, 2, 6]",2.386883
./random_graph_db/graph_db_node_14/04_p0.4/04_graph_n14_p0.4_idx5.gpickle,14,0.4,5,5,27,77,"[6, 2, 1, 3, 5, 12, 4, 7, 13, 11, 8, 9, 10, 0]",2.281179
./random_graph_db/graph_db_node_14/04_p0.4/04_graph_n14_p0.4_idx6.gpickle,14,0.4,6,6,26,65,"[12, 1, 6, 10, 5, 8, 11, 4, 3, 7, 13, 0, 9, 2]",2.1491549
./random_graph_db/graph_db_node_14/04_p0.4/04_graph_n14_p0.4_idx7.gpickle,14,0.4,7,5,22,69,"[3, 0, 6, 9, 13, 8, 5, 12, 10, 1, 11, 2, 7, 4]",2.0571978
./random_graph_db/graph_db_node_14/04_p0.4/04_graph_n14_p0.4_idx8.gpickle,14,0.4,8,5,28,94,"[12, 13, 10, 4, 5, 7, 11, 9, 6, 2, 0, 8, 3, 1]",2.4695101
./random_graph_db/graph_db_node_14/04_p0.4/04_graph_n14_p0.4_idx9.gpickle,14,0.4,9,5,24,85,"[9, 6, 3, 4, 8, 5, 12, 1, 0, 2, 11, 7, 13, 10]",2.2491379
./random_graph_db/graph_db_node_14/05_p0.45/05_graph_n14_p0.45_idx1.gpickle,14,0.45,1,6,27,74,"[5, 6, 0, 1, 2, 9, 3, 13, 12, 4, 10, 7, 8, 11]",2.7358348
./random_graph_db/graph_db_node_14/05_p0.45/05_graph_n14_p0.45_idx10.gpickle,14,0.45,10,5,30,79,"[8, 0, 4, 6, 13, 7, 11, 2, 12, 9, 1, 3, 5, 10]",2.3023591
./random_graph_db/graph_db_node_14/05_p0.45/05_graph_n14_p0.45_idx2.gpickle,14,0.45,2,6,30,87,"[10, 1, 11, 5, 3, 2, 8, 12, 6, 0, 4, 9, 13, 7]",2.8261421
./random_graph_db/graph_db_node_14/05_p0.45/05_graph_n14_p0.45_idx3.gpickle,14,0.45,3,5,29,86,"[11, 4, 13, 6, 5, 7, 3, 9, 8, 12, 1, 10, 0, 2]",2.4884481
./random_graph_db/graph_db_node_14/05_p0.45/05_graph_n14_p0.45_idx4.gpickle,14,0.45,4,5,26,80,"[3, 9, 5, 2, 11, 13, 4, 1, 10, 6, 0, 8, 12, 7]",2.1573629
./random_graph_db/graph_db_node_14/05_p0.45/05_graph_n14_p0.45_idx5.gpickle,14,0.45,5,6,23,69,"[8, 2, 1, 0, 6, 11, 12, 7, 9, 10, 3, 4, 13, 5]",2.2288051
./random_graph_db/graph_db_node_14/05_p0.45/05_graph_n14_p0.45_idx6.gpickle,14,0.45,6,6,35,97,"[4, 11, 9, 2, 8, 13, 5, 3, 0, 10, 1, 6, 7, 12]",2.5013571
./random_graph_db/graph_db_node_14/05_p0.45/05_graph_n14_p0.45_idx7.gpickle,14,0.45,7,4,12,49,"[8, 5, 4, 9, 13, 10, 2, 7, 11, 0, 6, 3, 1, 12]",1.9396982
./random_graph_db/graph_db_node_14/05_p0.45/05_graph_n14_p0.45_idx8.gpickle,14,0.45,8,6,29,94,"[8, 12, 11, 3, 6, 9, 5, 10, 0, 2, 1, 13, 7, 4]",2.5660858
./random_graph_db/graph_db_node_14/05_p0.45/05_graph_n14_p0.45_idx9.gpickle,14,0.45,9,5,19,57,"[3, 1, 10, 13, 8, 2, 7, 4, 0, 5, 11, 9, 12, 6]",2.3989329
./random_graph_db/graph_db_node_14/06_p0.5/06_graph_n14_p0.5_idx1.gpickle,14,0.5,1,5,31,87,"[3, 6, 9, 1, 5, 0, 2, 11, 13, 8, 4, 7, 12, 10]",2.654845
./random_graph_db/graph_db_node_14/06_p0.5/06_graph_n14_p0.5_idx10.gpickle,14,0.5,10,6,29,89,"[7, 5, 3, 9, 12, 13, 1, 4, 0, 8, 11, 6, 2, 10]",2.6809371
./random_graph_db/graph_db_node_14/06_p0.5/06_graph_n14_p0.5_idx2.gpickle,14,0.5,2,6,31,91,"[4, 5, 0, 9, 1, 7, 10, 11, 3, 6, 2, 13, 12, 8]",2.5936229
./random_graph_db/graph_db_node_14/06_p0.5/06_graph_n14_p0.5_idx3.gpickle,14,0.5,3,5,30,88,"[9, 7, 12, 0, 10, 8, 6, 3, 1, 4, 5, 13, 2, 11]",2.2295659
./random_graph_db/graph_db_node_14/06_p0.5/06_graph_n14_p0.5_idx4.gpickle,14,0.5,4,5,20,59,"[12, 11, 0, 5, 10, 8, 7, 3, 6, 13, 9, 1, 2, 4]",2.1451862
./random_graph_db/graph_db_node_14/06_p0.5/06_graph_n14_p0.5_idx5.gpickle,14,0.5,5,6,31,82,"[13, 7, 0, 6, 10, 11, 9, 5, 4, 8, 1, 12, 3, 2]",2.2574284
./random_graph_db/graph_db_node_14/06_p0.5/06_graph_n14_p0.5_idx6.gpickle,14,0.5,6,6,26,83,"[13, 4, 9, 7, 10, 3, 11, 0, 8, 1, 2, 5, 6, 12]",2.438612
./random_graph_db/graph_db_node_14/06_p0.5/06_graph_n14_p0.5_idx7.gpickle,14,0.5,7,6,26,66,"[0, 12, 4, 5, 7, 3, 13, 6, 2, 1, 11, 8, 10, 9]",2.528477
./random_graph_db/graph_db_node_14/06_p0.5/06_graph_n14_p0.5_idx8.gpickle,14,0.5,8,6,28,86,"[1, 2, 4, 3, 8, 9, 12, 13, 7, 11, 0, 10, 6, 5]",2.4289317
./random_graph_db/graph_db_node_14/06_p0.5/06_graph_n14_p0.5_idx9.gpickle,14,0.5,9,5,26,78,"[13, 9, 0, 7, 12, 8, 11, 3, 6, 5, 4, 1, 10, 2]",2.5832682
./random_graph_db/graph_db_node_14/07_p0.55/07_graph_n14_p0.55_idx1.gpickle,14,0.55,1,6,26,76,"[2, 1, 3, 6, 5, 12, 7, 11, 13, 4, 10, 8, 0, 9]",2.2772911
./random_graph_db/graph_db_node_14/07_p0.55/07_graph_n14_p0.55_idx10.gpickle,14,0.55,10,6,33,83,"[13, 8, 9, 2, 4, 3, 5, 1, 6, 10, 0, 12, 11, 7]",2.4794209
./random_graph_db/graph_db_node_14/07_p0.55/07_graph_n14_p0.55_idx2.gpickle,14,0.55,2,6,25,77,"[4, 10, 6, 9, 1, 3, 0, 13, 5, 7, 2, 12, 8, 11]",2.2706859
./random_graph_db/graph_db_node_14/07_p0.55/07_graph_n14_p0.55_idx3.gpickle,14,0.55,3,6,24,76,"[9, 12, 1, 5, 6, 7, 0, 4, 3, 2, 11, 8, 13, 10]",2.5635059
./random_graph_db/graph_db_node_14/07_p0.55/07_graph_n14_p0.55_idx4.gpickle,14,0.55,4,5,23,63,"[4, 1, 7, 5, 10, 8, 2, 0, 6, 12, 11, 3, 9, 13]",2.0204642
./random_graph_db/graph_db_node_14/07_p0.55/07_graph_n14_p0.55_idx5.gpickle,14,0.55,5,5,28,78,"[12, 5, 8, 1, 13, 6, 4, 11, 9, 3, 7, 10, 0, 2]",2.4675031
./random_graph_db/graph_db_node_14/07_p0.55/07_graph_n14_p0.55_idx6.gpickle,14,0.55,6,6,35,97,"[12, 0, 9, 4, 6, 8, 3, 11, 10, 2, 1, 5, 13, 7]",2.5315709
./random_graph_db/graph_db_node_14/07_p0.55/07_graph_n14_p0.55_idx7.gpickle,14,0.55,7,5,24,76,"[10, 4, 8, 11, 1, 13, 7, 0, 3, 2, 5, 9, 12, 6]",2.2482231
./random_graph_db/graph_db_node_14/07_p0.55/07_graph_n14_p0.55_idx8.gpickle,14,0.55,8,6,30,91,"[12, 0, 13, 11, 6, 9, 10, 7, 2, 3, 4, 8, 5, 1]",2.415251
./random_graph_db/graph_db_node_14/07_p0.55/07_graph_n14_p0.55_idx9.gpickle,14,0.55,9,5,23,59,"[1, 11, 10, 3, 5, 4, 6, 8, 7, 12, 2, 0, 13, 9]",2.3860071
./random_graph_db/graph_db_node_14/08_p0.6/08_graph_n14_p0.6_idx1.gpickle,14,0.6,1,6,24,62,"[4, 3, 1, 2, 0, 6, 11, 8, 5, 7, 13, 10, 12, 9]",2.244741
./random_graph_db/graph_db_node_14/08_p0.6/08_graph_n14_p0.6_idx10.gpickle,14,0.6,10,6,26,61,"[8, 7, 2, 0, 6, 5, 1, 4, 3, 9, 12, 13, 11, 10]",2.4811561
./random_graph_db/graph_db_node_14/08_p0.6/08_graph_n14_p0.6_idx2.gpickle,14,0.6,2,5,20,70,"[9, 12, 6, 3, 0, 4, 10, 13, 7, 5, 11, 8, 2, 1]",2.1795149
./random_graph_db/graph_db_node_14/08_p0.6/08_graph_n14_p0.6_idx3.gpickle,14,0.6,3,6,31,90,"[11, 3, 1, 9, 5, 12, 6, 13, 0, 8, 2, 7, 4, 10]",2.61871
./random_graph_db/graph_db_node_14/08_p0.6/08_graph_n14_p0.6_idx4.gpickle,14,0.6,4,5,24,71,"[6, 2, 11, 10, 1, 0, 5, 12, 13, 7, 8, 9, 4, 3]",2.089839
./random_graph_db/graph_db_node_14/08_p0.6/08_graph_n14_p0.6_idx5.gpickle,14,0.6,5,5,28,98,"[2, 9, 5, 10, 13, 11, 1, 4, 12, 0, 3, 7, 6, 8]",2.5118778
./random_graph_db/graph_db_node_14/08_p0.6/08_graph_n14_p0.6_idx6.gpickle,14,0.6,6,6,28,73,"[0, 1, 9, 4, 8, 13, 12, 2, 3, 5, 11, 7, 6, 10]",2.538954
./random_graph_db/graph_db_node_14/08_p0.6/08_graph_n14_p0.6_idx7.gpickle,14,0.6,7,6,36,103,"[6, 3, 11, 0, 7, 5, 1, 12, 8, 4, 9, 2, 13, 10]",2.625349
./random_graph_db/graph_db_node_14/08_p0.6/08_graph_n14_p0.6_idx8.gpickle,14,0.6,8,6,25,65,"[2, 6, 3, 1, 11, 5, 12, 10, 7, 0, 4, 8, 9, 13]",2.2283211
./random_graph_db/graph_db_node_14/08_p0.6/08_graph_n14_p0.6_idx9.gpickle,14,0.6,9,5,23,66,"[2, 1, 0, 10, 6, 12, 11, 7, 5, 13, 3, 4, 9, 8]",2.0822189
./random_graph_db/graph_db_node_14/09_p0.65/09_graph_n14_p0.65_idx1.gpickle,14,0.65,1,5,18,54,"[1, 3, 8, 2, 13, 0, 12, 11, 4, 9, 7, 6, 10, 5]",2.4841149
./random_graph_db/graph_db_node_14/09_p0.65/09_graph_n14_p0.65_idx10.gpickle,14,0.65,10,6,23,77,"[9, 4, 5, 6, 7, 1, 2, 8, 10, 0, 13, 3, 11, 12]",2.4384828
./random_graph_db/graph_db_node_14/09_p0.65/09_graph_n14_p0.65_idx2.gpickle,14,0.65,2,5,20,51,"[3, 12, 13, 1, 6, 0, 8, 2, 7, 5, 11, 10, 4, 9]",2.0873291
./random_graph_db/graph_db_node_14/09_p0.65/09_graph_n14_p0.65_idx3.gpickle,14,0.65,3,6,33,80,"[1, 2, 9, 4, 8, 7, 13, 5, 3, 6, 11, 0, 10, 12]",2.4004519
./random_graph_db/graph_db_node_14/09_p0.65/09_graph_n14_p0.65_idx4.gpickle,14,0.65,4,5,21,56,"[0, 3, 5, 1, 7, 11, 12, 13, 8, 2, 10, 4, 6, 9]",2.000746
./random_graph_db/graph_db_node_14/09_p0.65/09_graph_n14_p0.65_idx5.gpickle,14,0.65,5,6,31,93,"[2, 10, 6, 8, 3, 4, 0, 5, 1, 11, 13, 9, 12, 7]",2.4362178
./random_graph_db/graph_db_node_14/09_p0.65/09_graph_n14_p0.65_idx6.gpickle,14,0.65,6,5,25,82,"[9, 3, 10, 11, 7, 2, 13, 0, 4, 8, 5, 12, 1, 6]",2.491199
./random_graph_db/graph_db_node_14/09_p0.65/09_graph_n14_p0.65_idx7.gpickle,14,0.65,7,6,30,88,"[13, 6, 3, 11, 12, 7, 9, 2, 8, 5, 10, 4, 0, 1]",2.5297141
./random_graph_db/graph_db_node_14/09_p0.65/09_graph_n14_p0.65_idx8.gpickle,14,0.65,8,5,20,63,"[9, 3, 6, 12, 8, 7, 0, 10, 1, 5, 4, 11, 2, 13]",2.2061281
./random_graph_db/graph_db_node_14/09_p0.65/09_graph_n14_p0.65_idx9.gpickle,14,0.65,9,6,31,87,"[9, 1, 0, 13, 5, 6, 12, 11, 3, 8, 4, 7, 10, 2]",2.963079
./random_graph_db/graph_db_node_14/10_p0.7/10_graph_n14_p0.7_idx1.gpickle,14,0.7,1,5,16,44,"[8, 11, 1, 4, 9, 2, 0, 12, 5, 6, 13, 10, 3, 7]",1.9317358
./random_graph_db/graph_db_node_14/10_p0.7/10_graph_n14_p0.7_idx10.gpickle,14,0.7,10,6,33,87,"[12, 5, 0, 11, 9, 10, 6, 8, 2, 3, 4, 1, 13, 7]",2.524714
./random_graph_db/graph_db_node_14/10_p0.7/10_graph_n14_p0.7_idx2.gpickle,14,0.7,2,5,22,57,"[6, 4, 13, 7, 10, 8, 5, 11, 12, 9, 3, 1, 0, 2]",2.1082902
./random_graph_db/graph_db_node_14/10_p0.7/10_graph_n14_p0.7_idx3.gpickle,14,0.7,3,5,23,61,"[12, 10, 5, 7, 4, 8, 3, 11, 1, 0, 2, 9, 13, 6]",2.2734001
./random_graph_db/graph_db_node_14/10_p0.7/10_graph_n14_p0.7_idx4.gpickle,14,0.7,4,5,27,76,"[9, 4, 1, 12, 3, 0, 13, 6, 8, 11, 2, 7, 10, 5]",2.0327117
./random_graph_db/graph_db_node_14/10_p0.7/10_graph_n14_p0.7_idx5.gpickle,14,0.7,5,5,24,71,"[11, 2, 5, 3, 1, 9, 13, 12, 10, 6, 4, 7, 0, 8]",2.3885219
./random_graph_db/graph_db_node_14/10_p0.7/10_graph_n14_p0.7_idx6.gpickle,14,0.7,6,5,23,67,"[7, 3, 6, 5, 12, 11, 1, 2, 9, 0, 13, 10, 4, 8]",2.3092282
./random_graph_db/graph_db_node_14/10_p0.7/10_graph_n14_p0.7_idx7.gpickle,14,0.7,7,5,19,63,"[12, 7, 8, 2, 5, 3, 10, 9, 1, 11, 4, 13, 6, 0]",2.2364502
./random_graph_db/graph_db_node_14/10_p0.7/10_graph_n14_p0.7_idx8.gpickle,14,0.7,8,6,31,93,"[5, 9, 2, 1, 12, 8, 10, 0, 3, 4, 13, 11, 6, 7]",2.662957
./random_graph_db/graph_db_node_14/10_p0.7/10_graph_n14_p0.7_idx9.gpickle,14,0.7,9,5,22,65,"[5, 1, 10, 7, 13, 2, 8, 11, 0, 12, 6, 4, 3, 9]",2.070997
./random_graph_db/graph_db_node_14/11_p0.8/11_graph_n14_p0.8_idx1.gpickle,14,0.8,1,3,13,49,"[8, 9, 12, 1, 4, 7, 5, 0, 11, 2, 10, 13, 3, 6]",1.69416
./random_graph_db/graph_db_node_14/11_p0.8/11_graph_n14_p0.8_idx10.gpickle,14,0.8,10,4,14,41,"[1, 4, 9, 8, 10, 7, 12, 0, 3, 6, 11, 2, 5, 13]",1.838186
./random_graph_db/graph_db_node_14/11_p0.8/11_graph_n14_p0.8_idx2.gpickle,14,0.8,2,4,8,28,"[5, 1, 3, 4, 8, 12, 0, 11, 10, 9, 2, 13, 7, 6]",1.51934
./random_graph_db/graph_db_node_14/11_p0.8/11_graph_n14_p0.8_idx3.gpickle,14,0.8,3,4,19,54,"[1, 2, 11, 0, 9, 12, 13, 5, 10, 3, 8, 6, 7, 4]",1.9715691
./random_graph_db/graph_db_node_14/11_p0.8/11_graph_n14_p0.8_idx4.gpickle,14,0.8,4,5,21,74,"[10, 1, 9, 12, 6, 13, 2, 3, 4, 5, 7, 0, 11, 8]",2.1375949
./random_graph_db/graph_db_node_14/11_p0.8/11_graph_n14_p0.8_idx5.gpickle,14,0.8,5,4,12,47,"[12, 3, 5, 8, 10, 4, 11, 9, 1, 0, 2, 7, 6, 13]",2.0120721
./random_graph_db/graph_db_node_14/11_p0.8/11_graph_n14_p0.8_idx6.gpickle,14,0.8,6,4,11,42,"[9, 12, 10, 6, 8, 4, 1, 2, 11, 5, 13, 3, 0, 7]",1.9827981
./random_graph_db/graph_db_node_14/11_p0.8/11_graph_n14_p0.8_idx7.gpickle,14,0.8,7,3,10,29,"[3, 4, 0, 2, 8, 7, 1, 11, 12, 13, 6, 10, 9, 5]",1.5725179
./random_graph_db/graph_db_node_14/11_p0.8/11_graph_n14_p0.8_idx8.gpickle,14,0.8,8,4,15,40,"[1, 5, 13, 0, 10, 6, 4, 8, 7, 9, 11, 12, 2, 3]",1.7806568
./random_graph_db/graph_db_node_14/11_p0.8/11_graph_n14_p0.8_idx9.gpickle,14,0.8,9,4,16,50,"[3, 7, 1, 2, 11, 4, 10, 13, 5, 12, 0, 9, 8, 6]",1.6793809
./random_graph_db/graph_db_node_14/12_p0.9/12_graph_n14_p0.9_idx1.gpickle,14,0.9,1,2,4,27,"[5, 2, 1, 11, 9, 10, 0, 13, 6, 8, 4, 12, 3, 7]",1.3635299
./random_graph_db/graph_db_node_14/12_p0.9/12_graph_n14_p0.9_idx10.gpickle,14,0.9,10,2,6,29,"[6, 4, 8, 12, 0, 5, 9, 11, 7, 13, 3, 2, 10, 1]",1.425916
./random_graph_db/graph_db_node_14/12_p0.9/12_graph_n14_p0.9_idx2.gpickle,14,0.9,2,2,2,20,"[1, 8, 4, 2, 13, 3, 7, 12, 5, 11, 10, 6, 9, 0]",1.1803901
./random_graph_db/graph_db_node_14/12_p0.9/12_graph_n14_p0.9_idx3.gpickle,14,0.9,3,3,11,35,"[6, 11, 1, 10, 4, 12, 9, 5, 2, 13, 8, 0, 7, 3]",1.7918141
./random_graph_db/graph_db_node_14/12_p0.9/12_graph_n14_p0.9_idx4.gpickle,14,0.9,4,4,18,54,"[13, 10, 9, 12, 0, 5, 1, 11, 7, 4, 6, 8, 3, 2]",1.9366322
./random_graph_db/graph_db_node_14/12_p0.9/12_graph_n14_p0.9_idx5.gpickle,14,0.9,5,2,5,26,"[9, 0, 3, 8, 11, 5, 12, 10, 7, 4, 6, 1, 13, 2]",1.2533901
./random_graph_db/graph_db_node_14/12_p0.9/12_graph_n14_p0.9_idx6.gpickle,14,0.9,6,2,2,23,"[2, 3, 6, 12, 10, 11, 1, 9, 8, 0, 13, 4, 7, 5]",1.1108298
./random_graph_db/graph_db_node_14/12_p0.9/12_graph_n14_p0.9_idx7.gpickle,14,0.9,7,2,4,20,"[11, 3, 2, 13, 0, 4, 6, 10, 12, 7, 8, 1, 9, 5]",1.3077958
./random_graph_db/graph_db_node_14/12_p0.9/12_graph_n14_p0.9_idx8.gpickle,14,0.9,8,3,9,41,"[2, 10, 13, 8, 3, 9, 12, 4, 6, 11, 7, 5, 1, 0]",1.543448
./random_graph_db/graph_db_node_14/12_p0.9/12_graph_n14_p0.9_idx9.gpickle,14,0.9,9,3,8,32,"[5, 10, 1, 4, 3, 2, 7, 12, 6, 9, 0, 13, 8, 11]",1.4015601
./random_graph_db/graph_db_node_15/01_p0.1/01_graph_n15_p0.1_idx1.gpickle,15,0.1,1,2,3,20,"[13, 1, 14, 6, 7, 9, 10, 11, 2, 12, 8, 3, 5, 4, 0]",1.3518772
./random_graph_db/graph_db_node_15/01_p0.1/01_graph_n15_p0.1_idx10.gpickle,15,0.1,10,3,8,36,"[14, 3, 9, 2, 11, 5, 12, 4, 13, 6, 7, 1, 0, 8, 10]",1.6259091
./random_graph_db/graph_db_node_15/01_p0.1/01_graph_n15_p0.1_idx2.gpickle,15,0.1,2,2,5,27,"[11, 12, 2, 8, 13, 0, 3, 10, 6, 1, 7, 5, 4, 14, 9]",1.3863692
./random_graph_db/graph_db_node_15/01_p0.1/01_graph_n15_p0.1_idx3.gpickle,15,0.1,3,2,2,19,"[13, 9, 7, 12, 4, 3, 11, 10, 8, 14, 0, 1, 5, 6, 2]",1.3028181
./random_graph_db/graph_db_node_15/01_p0.1/01_graph_n15_p0.1_idx4.gpickle,15,0.1,4,1,0,16,"[12, 13, 5, 4, 14, 6, 10, 1, 0, 2, 3, 11, 9, 8, 7]",1.5230091
./random_graph_db/graph_db_node_15/01_p0.1/01_graph_n15_p0.1_idx5.gpickle,15,0.1,5,2,4,33,"[5, 11, 2, 12, 13, 4, 7, 8, 3, 14, 10, 1, 0, 9, 6]",1.4105701
./random_graph_db/graph_db_node_15/01_p0.1/01_graph_n15_p0.1_idx6.gpickle,15,0.1,6,2,3,22,"[14, 13, 5, 7, 4, 12, 8, 0, 9, 2, 11, 1, 6, 10, 3]",1.3661239
./random_graph_db/graph_db_node_15/01_p0.1/01_graph_n15_p0.1_idx7.gpickle,15,0.1,7,3,7,32,"[14, 13, 8, 9, 7, 4, 5, 2, 0, 10, 1, 12, 3, 6, 11]",1.5277398
./random_graph_db/graph_db_node_15/01_p0.1/01_graph_n15_p0.1_idx8.gpickle,15,0.1,8,2,3,24,"[0, 3, 9, 12, 14, 7, 13, 1, 8, 6, 10, 2, 5, 11, 4]",1.2540059
./random_graph_db/graph_db_node_15/01_p0.1/01_graph_n15_p0.1_idx9.gpickle,15,0.1,9,2,4,23,"[12, 7, 1, 3, 5, 6, 10, 8, 4, 9, 2, 13, 11, 14, 0]",1.430841
./random_graph_db/graph_db_node_15/02_p0.2/02_graph_n15_p0.2_idx1.gpickle,15,0.2,1,4,11,37,"[9, 11, 7, 3, 0, 8, 5, 2, 6, 10, 1, 4, 12, 13, 14]",1.9292619
./random_graph_db/graph_db_node_15/02_p0.2/02_graph_n15_p0.2_idx10.gpickle,15,0.2,10,3,7,29,"[7, 6, 2, 1, 9, 0, 10, 4, 14, 12, 13, 8, 3, 11, 5]",1.678966
./random_graph_db/graph_db_node_15/02_p0.2/02_graph_n15_p0.2_idx2.gpickle,15,0.2,2,3,8,30,"[10, 3, 11, 8, 5, 4, 1, 2, 6, 9, 13, 7, 0, 14, 12]",2.0128808
./random_graph_db/graph_db_node_15/02_p0.2/02_graph_n15_p0.2_idx3.gpickle,15,0.2,3,4,13,50,"[6, 12, 0, 8, 1, 13, 3, 7, 4, 5, 9, 14, 11, 10, 2]",2.336993
./random_graph_db/graph_db_node_15/02_p0.2/02_graph_n15_p0.2_idx4.gpickle,15,0.2,4,3,9,31,"[6, 8, 11, 2, 4, 3, 9, 14, 1, 5, 7, 0, 10, 12, 13]",1.9345438
./random_graph_db/graph_db_node_15/02_p0.2/02_graph_n15_p0.2_idx5.gpickle,15,0.2,5,3,8,45,"[7, 3, 12, 8, 4, 10, 9, 6, 0, 2, 5, 1, 13, 11, 14]",1.8215902
./random_graph_db/graph_db_node_15/02_p0.2/02_graph_n15_p0.2_idx6.gpickle,15,0.2,6,4,13,34,"[8, 13, 12, 2, 6, 10, 1, 0, 9, 7, 11, 14, 5, 3, 4]",2.197289
./random_graph_db/graph_db_node_15/02_p0.2/02_graph_n15_p0.2_idx7.gpickle,15,0.2,7,2,4,21,"[7, 1, 4, 14, 9, 8, 10, 3, 13, 5, 0, 2, 6, 12, 11]",1.4233081
./random_graph_db/graph_db_node_15/02_p0.2/02_graph_n15_p0.2_idx8.gpickle,15,0.2,8,3,9,31,"[13, 9, 14, 0, 2, 1, 10, 11, 12, 5, 4, 6, 8, 3, 7]",1.5715587
./random_graph_db/graph_db_node_15/02_p0.2/02_graph_n15_p0.2_idx9.gpickle,15,0.2,9,3,9,33,"[8, 3, 6, 2, 12, 4, 5, 7, 13, 0, 14, 9, 11, 1, 10]",1.9464092
./random_graph_db/graph_db_node_15/03_p0.3/03_graph_n15_p0.3_idx1.gpickle,15,0.3,1,4,15,47,"[9, 4, 6, 2, 8, 12, 14, 11, 10, 13, 3, 1, 0, 5, 7]",1.8044839
./random_graph_db/graph_db_node_15/03_p0.3/03_graph_n15_p0.3_idx10.gpickle,15,0.3,10,5,21,66,"[9, 3, 12, 7, 5, 13, 1, 11, 2, 14, 8, 6, 10, 0, 4]",2.3147383
./random_graph_db/graph_db_node_15/03_p0.3/03_graph_n15_p0.3_idx2.gpickle,15,0.3,2,4,17,57,"[11, 8, 12, 7, 3, 13, 6, 10, 9, 5, 1, 4, 14, 0, 2]",2.3270211
./random_graph_db/graph_db_node_15/03_p0.3/03_graph_n15_p0.3_idx3.gpickle,15,0.3,3,4,14,45,"[5, 2, 9, 6, 3, 10, 1, 8, 12, 13, 14, 0, 4, 7, 11]",2.1758783
./random_graph_db/graph_db_node_15/03_p0.3/03_graph_n15_p0.3_idx4.gpickle,15,0.3,4,5,20,67,"[7, 9, 10, 6, 11, 12, 8, 0, 4, 2, 5, 14, 3, 1, 13]",2.2428751
./random_graph_db/graph_db_node_15/03_p0.3/03_graph_n15_p0.3_idx5.gpickle,15,0.3,5,4,15,60,"[7, 11, 6, 2, 14, 12, 9, 0, 3, 1, 8, 13, 5, 10, 4]",2.0995922
./random_graph_db/graph_db_node_15/03_p0.3/03_graph_n15_p0.3_idx6.gpickle,15,0.3,6,4,13,43,"[8, 10, 0, 3, 9, 7, 14, 6, 11, 2, 1, 5, 12, 4, 13]",2.1410909
./random_graph_db/graph_db_node_15/03_p0.3/03_graph_n15_p0.3_idx7.gpickle,15,0.3,7,4,18,59,"[7, 9, 1, 11, 10, 12, 8, 2, 0, 6, 13, 14, 5, 3, 4]",2.166482
./random_graph_db/graph_db_node_15/03_p0.3/03_graph_n15_p0.3_idx8.gpickle,15,0.3,8,5,18,66,"[13, 5, 14, 2, 3, 0, 1, 11, 7, 10, 8, 4, 9, 12, 6]",2.4552581
./random_graph_db/graph_db_node_15/03_p0.3/03_graph_n15_p0.3_idx9.gpickle,15,0.3,9,6,32,77,"[6, 13, 0, 7, 8, 10, 2, 14, 12, 9, 1, 3, 4, 11, 5]",2.7239132
./random_graph_db/graph_db_node_15/04_p0.4/04_graph_n15_p0.4_idx1.gpickle,15,0.4,1,6,38,101,"[9, 3, 8, 10, 0, 1, 7, 2, 5, 13, 11, 14, 6, 12, 4]",3.1659918
./random_graph_db/graph_db_node_15/04_p0.4/04_graph_n15_p0.4_idx10.gpickle,15,0.4,10,5,27,83,"[12, 13, 6, 2, 11, 4, 5, 1, 3, 7, 9, 14, 0, 8, 10]",2.7677078
./random_graph_db/graph_db_node_15/04_p0.4/04_graph_n15_p0.4_idx2.gpickle,15,0.4,2,6,28,74,"[10, 12, 8, 11, 9, 14, 1, 3, 2, 0, 6, 7, 4, 5, 13]",2.9409599
./random_graph_db/graph_db_node_15/04_p0.4/04_graph_n15_p0.4_idx3.gpickle,15,0.4,3,5,25,67,"[8, 5, 3, 1, 6, 4, 9, 10, 14, 0, 2, 13, 11, 12, 7]",2.7591558
./random_graph_db/graph_db_node_15/04_p0.4/04_graph_n15_p0.4_idx4.gpickle,15,0.4,4,6,38,107,"[3, 4, 13, 5, 10, 9, 1, 14, 2, 11, 6, 12, 0, 8, 7]",3.1776612
./random_graph_db/graph_db_node_15/04_p0.4/04_graph_n15_p0.4_idx5.gpickle,15,0.4,5,6,27,83,"[14, 9, 4, 6, 7, 8, 10, 11, 0, 12, 1, 3, 13, 2, 5]",2.8520479
./random_graph_db/graph_db_node_15/04_p0.4/04_graph_n15_p0.4_idx6.gpickle,15,0.4,6,5,25,74,"[1, 7, 5, 13, 11, 2, 10, 8, 12, 6, 4, 14, 3, 9, 0]",2.549283
./random_graph_db/graph_db_node_15/04_p0.4/04_graph_n15_p0.4_idx7.gpickle,15,0.4,7,7,29,84,"[14, 8, 10, 5, 2, 4, 13, 7, 11, 12, 3, 6, 1, 9, 0]",2.981142
./random_graph_db/graph_db_node_15/04_p0.4/04_graph_n15_p0.4_idx8.gpickle,15,0.4,8,6,29,88,"[1, 2, 14, 8, 6, 9, 3, 13, 5, 12, 0, 7, 10, 11, 4]",2.5529649
./random_graph_db/graph_db_node_15/04_p0.4/04_graph_n15_p0.4_idx9.gpickle,15,0.4,9,6,29,81,"[9, 13, 2, 4, 12, 7, 0, 1, 11, 6, 8, 5, 3, 14, 10]",2.7634821
./random_graph_db/graph_db_node_15/05_p0.45/05_graph_n15_p0.45_idx1.gpickle,15,0.45,1,6,33,94,"[11, 12, 4, 1, 5, 8, 10, 13, 2, 6, 9, 7, 0, 14, 3]",2.6576598
./random_graph_db/graph_db_node_15/05_p0.45/05_graph_n15_p0.45_idx10.gpickle,15,0.45,10,7,42,118,"[10, 2, 3, 4, 11, 8, 7, 9, 5, 1, 0, 14, 6, 12, 13]",2.9446602
./random_graph_db/graph_db_node_15/05_p0.45/05_graph_n15_p0.45_idx2.gpickle,15,0.45,2,5,29,81,"[0, 3, 5, 1, 14, 11, 7, 9, 8, 13, 2, 6, 4, 10, 12]",2.852083
./random_graph_db/graph_db_node_15/05_p0.45/05_graph_n15_p0.45_idx3.gpickle,15,0.45,3,6,32,82,"[5, 1, 8, 0, 10, 12, 7, 9, 14, 6, 3, 4, 2, 11, 13]",2.595685
./random_graph_db/graph_db_node_15/05_p0.45/05_graph_n15_p0.45_idx4.gpickle,15,0.45,4,5,24,80,"[11, 9, 6, 8, 4, 14, 1, 2, 10, 13, 7, 5, 0, 3, 12]",2.8459327
./random_graph_db/graph_db_node_15/05_p0.45/05_graph_n15_p0.45_idx5.gpickle,15,0.45,5,5,28,85,"[13, 11, 4, 6, 5, 14, 1, 12, 9, 0, 10, 7, 3, 2, 8]",3.086139
./random_graph_db/graph_db_node_15/05_p0.45/05_graph_n15_p0.45_idx6.gpickle,15,0.45,6,6,32,94,"[6, 5, 8, 13, 1, 7, 3, 9, 2, 12, 4, 14, 0, 10, 11]",3.4920051
./random_graph_db/graph_db_node_15/05_p0.45/05_graph_n15_p0.45_idx7.gpickle,15,0.45,7,5,25,56,"[14, 11, 1, 5, 4, 9, 0, 6, 2, 10, 13, 3, 8, 7, 12]",2.4934971
./random_graph_db/graph_db_node_15/05_p0.45/05_graph_n15_p0.45_idx8.gpickle,15,0.45,8,6,31,91,"[1, 6, 9, 4, 13, 2, 11, 10, 5, 8, 3, 0, 14, 12, 7]",2.9720559
./random_graph_db/graph_db_node_15/05_p0.45/05_graph_n15_p0.45_idx9.gpickle,15,0.45,9,6,29,75,"[8, 12, 2, 0, 1, 3, 14, 10, 13, 6, 5, 7, 9, 11, 4]",2.9370289
./random_graph_db/graph_db_node_15/06_p0.5/06_graph_n15_p0.5_idx1.gpickle,15,0.5,1,6,27,84,"[12, 0, 5, 13, 11, 8, 10, 1, 2, 7, 3, 6, 9, 4, 14]",3.1692121
./random_graph_db/graph_db_node_15/06_p0.5/06_graph_n15_p0.5_idx10.gpickle,15,0.5,10,6,27,87,"[13, 0, 7, 4, 6, 2, 5, 9, 3, 12, 10, 14, 11, 8, 1]",2.7482412
./random_graph_db/graph_db_node_15/06_p0.5/06_graph_n15_p0.5_idx2.gpickle,15,0.5,2,5,22,71,"[4, 10, 11, 8, 6, 2, 3, 1, 0, 14, 9, 13, 5, 12, 7]",2.6291039
./random_graph_db/graph_db_node_15/06_p0.5/06_graph_n15_p0.5_idx3.gpickle,15,0.5,3,6,27,75,"[4, 5, 2, 1, 8, 13, 6, 11, 9, 0, 7, 10, 3, 12, 14]",2.9430301
./random_graph_db/graph_db_node_15/06_p0.5/06_graph_n15_p0.5_idx4.gpickle,15,0.5,4,6,28,82,"[2, 10, 5, 8, 0, 14, 1, 12, 13, 4, 9, 3, 7, 6, 11]",2.9055939
./random_graph_db/graph_db_node_15/06_p0.5/06_graph_n15_p0.5_idx5.gpickle,15,0.5,5,5,29,83,"[2, 14, 3, 9, 11, 1, 10, 6, 5, 12, 13, 8, 0, 4, 7]",3.001972
./random_graph_db/graph_db_node_15/06_p0.5/06_graph_n15_p0.5_idx6.gpickle,15,0.5,6,7,40,111,"[13, 2, 9, 4, 12, 10, 1, 0, 8, 6, 3, 11, 7, 14, 5]",3.2786379
./random_graph_db/graph_db_node_15/06_p0.5/06_graph_n15_p0.5_idx7.gpickle,15,0.5,7,6,31,88,"[3, 14, 12, 13, 4, 0, 9, 11, 5, 6, 1, 2, 8, 7, 10]",3.0788553
./random_graph_db/graph_db_node_15/06_p0.5/06_graph_n15_p0.5_idx8.gpickle,15,0.5,8,6,33,95,"[13, 6, 10, 0, 5, 2, 14, 8, 7, 1, 9, 4, 11, 3, 12]",3.3342302
./random_graph_db/graph_db_node_15/06_p0.5/06_graph_n15_p0.5_idx9.gpickle,15,0.5,9,6,25,69,"[12, 2, 4, 11, 6, 8, 7, 10, 0, 1, 13, 9, 5, 14, 3]",2.7467701
./random_graph_db/graph_db_node_15/07_p0.55/07_graph_n15_p0.55_idx1.gpickle,15,0.55,1,6,31,91,"[1, 6, 11, 0, 8, 5, 3, 13, 2, 10, 7, 14, 9, 12, 4]",2.8192871
./random_graph_db/graph_db_node_15/07_p0.55/07_graph_n15_p0.55_idx10.gpickle,15,0.55,10,6,31,73,"[14, 5, 9, 8, 4, 11, 1, 12, 7, 3, 13, 10, 2, 6, 0]",3.201304
./random_graph_db/graph_db_node_15/07_p0.55/07_graph_n15_p0.55_idx2.gpickle,15,0.55,2,5,25,79,"[11, 2, 1, 13, 6, 14, 9, 3, 7, 10, 12, 8, 5, 4, 0]",2.84882
./random_graph_db/graph_db_node_15/07_p0.55/07_graph_n15_p0.55_idx3.gpickle,15,0.55,3,6,37,108,"[6, 14, 13, 3, 1, 5, 7, 11, 8, 12, 0, 10, 2, 9, 4]",2.8939319
./random_graph_db/graph_db_node_15/07_p0.55/07_graph_n15_p0.55_idx4.gpickle,15,0.55,4,5,29,93,"[8, 9, 14, 3, 6, 0, 10, 2, 1, 7, 13, 4, 5, 12, 11]",2.766679
./random_graph_db/graph_db_node_15/07_p0.55/07_graph_n15_p0.55_idx5.gpickle,15,0.55,5,6,27,80,"[9, 7, 5, 6, 14, 11, 8, 13, 12, 4, 0, 10, 2, 1, 3]",2.8765399
./random_graph_db/graph_db_node_15/07_p0.55/07_graph_n15_p0.55_idx6.gpickle,15,0.55,6,6,35,86,"[13, 2, 10, 7, 1, 5, 9, 8, 3, 14, 12, 0, 6, 4, 11]",2.5727518
./random_graph_db/graph_db_node_15/07_p0.55/07_graph_n15_p0.55_idx7.gpickle,15,0.55,7,6,28,92,"[13, 11, 9, 8, 7, 6, 4, 12, 3, 1, 2, 0, 10, 14, 5]",3.165066
./random_graph_db/graph_db_node_15/07_p0.55/07_graph_n15_p0.55_idx8.gpickle,15,0.55,8,6,38,107,"[3, 10, 8, 6, 11, 7, 5, 9, 4, 2, 0, 12, 13, 1, 14]",3.4205999
./random_graph_db/graph_db_node_15/07_p0.55/07_graph_n15_p0.55_idx9.gpickle,15,0.55,9,6,34,93,"[3, 12, 5, 7, 10, 1, 9, 8, 2, 0, 13, 4, 11, 14, 6]",3.1657069
./random_graph_db/graph_db_node_15/08_p0.6/08_graph_n15_p0.6_idx1.gpickle,15,0.6,1,6,36,93,"[13, 11, 4, 3, 1, 6, 2, 5, 7, 8, 0, 10, 9, 14, 12]",3.1174028
./random_graph_db/graph_db_node_15/08_p0.6/08_graph_n15_p0.6_idx10.gpickle,15,0.6,10,5,23,77,"[2, 4, 12, 11, 3, 7, 0, 9, 8, 6, 1, 10, 13, 14, 5]",2.6416388
./random_graph_db/graph_db_node_15/08_p0.6/08_graph_n15_p0.6_idx2.gpickle,15,0.6,2,6,36,93,"[10, 12, 6, 2, 7, 4, 3, 9, 5, 0, 14, 8, 11, 1, 13]",2.9067731
./random_graph_db/graph_db_node_15/08_p0.6/08_graph_n15_p0.6_idx3.gpickle,15,0.6,3,6,34,102,"[2, 3, 1, 11, 5, 8, 13, 0, 6, 4, 14, 12, 10, 9, 7]",2.9686959
./random_graph_db/graph_db_node_15/08_p0.6/08_graph_n15_p0.6_idx4.gpickle,15,0.6,4,6,36,84,"[12, 2, 10, 14, 9, 8, 11, 5, 3, 1, 7, 13, 0, 4, 6]",3.3566709
./random_graph_db/graph_db_node_15/08_p0.6/08_graph_n15_p0.6_idx5.gpickle,15,0.6,5,7,48,135,"[2, 12, 9, 7, 6, 4, 5, 10, 11, 1, 3, 13, 8, 14, 0]",3.392421
./random_graph_db/graph_db_node_15/08_p0.6/08_graph_n15_p0.6_idx6.gpickle,15,0.6,6,6,33,80,"[14, 1, 7, 4, 2, 9, 11, 10, 3, 13, 6, 5, 12, 8, 0]",2.7598808
./random_graph_db/graph_db_node_15/08_p0.6/08_graph_n15_p0.6_idx7.gpickle,15,0.6,7,6,33,94,"[9, 12, 3, 10, 1, 4, 0, 11, 7, 13, 5, 2, 6, 8, 14]",2.9932091
./random_graph_db/graph_db_node_15/08_p0.6/08_graph_n15_p0.6_idx8.gpickle,15,0.6,8,7,36,103,"[13, 1, 2, 5, 9, 11, 6, 4, 12, 14, 0, 7, 10, 3, 8]",3.0352128
./random_graph_db/graph_db_node_15/08_p0.6/08_graph_n15_p0.6_idx9.gpickle,15,0.6,9,6,30,86,"[12, 2, 1, 5, 14, 11, 10, 3, 4, 0, 13, 6, 9, 7, 8]",2.759505
./random_graph_db/graph_db_node_15/09_p0.65/09_graph_n15_p0.65_idx1.gpickle,15,0.65,1,6,29,78,"[6, 3, 0, 5, 10, 2, 7, 13, 12, 11, 4, 9, 1, 14, 8]",3.0852683
./random_graph_db/graph_db_node_15/09_p0.65/09_graph_n15_p0.65_idx10.gpickle,15,0.65,10,5,29,93,"[0, 9, 1, 11, 3, 7, 14, 4, 2, 5, 8, 6, 13, 10, 12]",2.843776
./random_graph_db/graph_db_node_15/09_p0.65/09_graph_n15_p0.65_idx2.gpickle,15,0.65,2,6,34,90,"[10, 7, 2, 5, 6, 3, 0, 4, 14, 11, 1, 13, 9, 8, 12]",2.987246
./random_graph_db/graph_db_node_15/09_p0.65/09_graph_n15_p0.65_idx3.gpickle,15,0.65,3,6,35,88,"[10, 12, 14, 5, 8, 7, 9, 0, 2, 6, 11, 4, 13, 3, 1]",2.6383159
./random_graph_db/graph_db_node_15/09_p0.65/09_graph_n15_p0.65_idx4.gpickle,15,0.65,4,6,37,99,"[2, 5, 6, 7, 4, 8, 13, 12, 9, 14, 3, 11, 1, 0, 10]",2.8157129
./random_graph_db/graph_db_node_15/09_p0.65/09_graph_n15_p0.65_idx5.gpickle,15,0.65,5,7,37,91,"[10, 7, 1, 13, 11, 8, 12, 2, 6, 4, 3, 9, 14, 0, 5]",3.1710918
./random_graph_db/graph_db_node_15/09_p0.65/09_graph_n15_p0.65_idx6.gpickle,15,0.65,6,6,37,95,"[0, 12, 7, 11, 3, 10, 1, 14, 9, 2, 4, 5, 13, 8, 6]",2.97949
./random_graph_db/graph_db_node_15/09_p0.65/09_graph_n15_p0.65_idx7.gpickle,15,0.65,7,6,28,79,"[1, 3, 7, 6, 11, 12, 2, 9, 10, 4, 14, 13, 8, 0, 5]",2.6419461
./random_graph_db/graph_db_node_15/09_p0.65/09_graph_n15_p0.65_idx8.gpickle,15,0.65,8,6,28,83,"[0, 13, 12, 8, 2, 5, 11, 10, 6, 3, 14, 7, 9, 4, 1]",2.9806521
./random_graph_db/graph_db_node_15/09_p0.65/09_graph_n15_p0.65_idx9.gpickle,15,0.65,9,6,37,103,"[0, 6, 10, 8, 3, 12, 1, 5, 2, 11, 4, 7, 9, 13, 14]",3.0462039
./random_graph_db/graph_db_node_15/10_p0.7/10_graph_n15_p0.7_idx1.gpickle,15,0.7,1,5,30,87,"[12, 11, 4, 8, 6, 10, 0, 5, 9, 13, 7, 14, 1, 2, 3]",2.3840902
./random_graph_db/graph_db_node_15/10_p0.7/10_graph_n15_p0.7_idx10.gpickle,15,0.7,10,6,30,89,"[9, 7, 3, 5, 1, 6, 0, 12, 8, 14, 4, 13, 10, 2, 11]",3.0455008
./random_graph_db/graph_db_node_15/10_p0.7/10_graph_n15_p0.7_idx2.gpickle,15,0.7,2,6,33,97,"[6, 1, 7, 10, 8, 4, 0, 9, 12, 11, 3, 2, 13, 5, 14]",2.7453091
./random_graph_db/graph_db_node_15/10_p0.7/10_graph_n15_p0.7_idx3.gpickle,15,0.7,3,5,23,71,"[5, 8, 10, 3, 6, 0, 4, 14, 13, 12, 2, 7, 1, 11, 9]",2.5330091
./random_graph_db/graph_db_node_15/10_p0.7/10_graph_n15_p0.7_idx4.gpickle,15,0.7,4,6,27,77,"[8, 10, 13, 1, 7, 6, 5, 4, 9, 0, 3, 12, 11, 14, 2]",2.598165
./random_graph_db/graph_db_node_15/10_p0.7/10_graph_n15_p0.7_idx5.gpickle,15,0.7,5,6,31,88,"[5, 1, 7, 0, 9, 12, 3, 4, 10, 2, 11, 14, 13, 6, 8]",2.8819652
./random_graph_db/graph_db_node_15/10_p0.7/10_graph_n15_p0.7_idx6.gpickle,15,0.7,6,5,28,77,"[9, 8, 6, 7, 2, 3, 4, 11, 14, 12, 1, 13, 0, 10, 5]",2.8161619
./random_graph_db/graph_db_node_15/10_p0.7/10_graph_n15_p0.7_idx7.gpickle,15,0.7,7,6,34,92,"[13, 9, 3, 14, 1, 11, 12, 2, 4, 8, 10, 6, 5, 0, 7]",2.9229779
./random_graph_db/graph_db_node_15/10_p0.7/10_graph_n15_p0.7_idx8.gpickle,15,0.7,8,6,37,106,"[10, 2, 5, 8, 12, 11, 7, 0, 1, 3, 13, 9, 4, 6, 14]",3.0966132
./random_graph_db/graph_db_node_15/10_p0.7/10_graph_n15_p0.7_idx9.gpickle,15,0.7,9,6,29,91,"[2, 14, 13, 4, 8, 3, 12, 9, 6, 10, 0, 1, 11, 7, 5]",2.9070082
./random_graph_db/graph_db_node_15/11_p0.8/11_graph_n15_p0.8_idx1.gpickle,15,0.8,1,4,17,42,"[9, 2, 4, 8, 12, 5, 6, 14, 1, 11, 13, 0, 3, 10, 7]",2.1352162
./random_graph_db/graph_db_node_15/11_p0.8/11_graph_n15_p0.8_idx10.gpickle,15,0.8,10,5,26,74,"[3, 1, 14, 10, 13, 8, 5, 6, 0, 4, 11, 2, 9, 12, 7]",2.3720009
./random_graph_db/graph_db_node_15/11_p0.8/11_graph_n15_p0.8_idx2.gpickle,15,0.8,2,3,14,46,"[1, 3, 11, 14, 9, 5, 7, 4, 2, 12, 0, 8, 6, 10, 13]",1.9699068
./random_graph_db/graph_db_node_15/11_p0.8/11_graph_n15_p0.8_idx3.gpickle,15,0.8,3,5,17,59,"[4, 3, 14, 9, 6, 0, 8, 12, 7, 5, 2, 10, 11, 13, 1]",2.3491359
./random_graph_db/graph_db_node_15/11_p0.8/11_graph_n15_p0.8_idx4.gpickle,15,0.8,4,6,37,102,"[13, 2, 9, 12, 4, 10, 11, 3, 1, 14, 8, 5, 6, 7, 0]",2.6304033
./random_graph_db/graph_db_node_15/11_p0.8/11_graph_n15_p0.8_idx5.gpickle,15,0.8,5,5,17,50,"[12, 9, 5, 3, 1, 8, 0, 14, 6, 4, 13, 2, 11, 10, 7]",2.0903459
./random_graph_db/graph_db_node_15/11_p0.8/11_graph_n15_p0.8_idx6.gpickle,15,0.8,6,5,24,77,"[12, 5, 0, 9, 14, 1, 3, 10, 4, 6, 13, 2, 8, 11, 7]",2.4251051
./random_graph_db/graph_db_node_15/11_p0.8/11_graph_n15_p0.8_idx7.gpickle,15,0.8,7,3,11,39,"[0, 3, 8, 2, 5, 10, 7, 6, 12, 11, 9, 1, 13, 4, 14]",1.7574289
./random_graph_db/graph_db_node_15/11_p0.8/11_graph_n15_p0.8_idx8.gpickle,15,0.8,8,4,17,42,"[10, 2, 0, 6, 5, 8, 13, 3, 12, 9, 11, 7, 4, 1, 14]",1.976372
./random_graph_db/graph_db_node_15/11_p0.8/11_graph_n15_p0.8_idx9.gpickle,15,0.8,9,5,21,53,"[3, 7, 5, 0, 10, 13, 9, 12, 8, 11, 4, 14, 6, 2, 1]",2.1388071
./random_graph_db/graph_db_node_15/12_p0.9/12_graph_n15_p0.9_idx1.gpickle,15,0.9,1,2,4,25,"[9, 12, 5, 0, 10, 11, 14, 6, 7, 13, 2, 3, 8, 4, 1]",1.4504278
./random_graph_db/graph_db_node_15/12_p0.9/12_graph_n15_p0.9_idx10.gpickle,15,0.9,10,3,11,44,"[8, 2, 11, 0, 12, 14, 3, 4, 6, 7, 13, 1, 9, 5, 10]",1.6606309
./random_graph_db/graph_db_node_15/12_p0.9/12_graph_n15_p0.9_idx2.gpickle,15,0.9,2,2,7,33,"[14, 10, 9, 4, 12, 13, 1, 2, 3, 8, 7, 5, 11, 0, 6]",1.532351
./random_graph_db/graph_db_node_15/12_p0.9/12_graph_n15_p0.9_idx3.gpickle,15,0.9,3,3,7,32,"[1, 9, 14, 8, 0, 4, 3, 10, 6, 13, 5, 12, 11, 7, 2]",1.7200749
./random_graph_db/graph_db_node_15/12_p0.9/12_graph_n15_p0.9_idx4.gpickle,15,0.9,4,5,29,82,"[7, 2, 14, 12, 5, 0, 4, 13, 6, 8, 9, 3, 1, 11, 10]",2.378197
./random_graph_db/graph_db_node_15/12_p0.9/12_graph_n15_p0.9_idx5.gpickle,15,0.9,5,2,6,40,"[2, 13, 11, 10, 12, 8, 4, 7, 14, 9, 0, 3, 5, 6, 1]",1.6776142
./random_graph_db/graph_db_node_15/12_p0.9/12_graph_n15_p0.9_idx6.gpickle,15,0.9,6,2,6,30,"[1, 13, 0, 4, 7, 2, 14, 10, 6, 3, 8, 9, 11, 5, 12]",1.6140118
./random_graph_db/graph_db_node_15/12_p0.9/12_graph_n15_p0.9_idx7.gpickle,15,0.9,7,2,5,33,"[0, 1, 13, 11, 14, 7, 8, 10, 4, 2, 9, 5, 3, 12, 6]",1.540112
./random_graph_db/graph_db_node_15/12_p0.9/12_graph_n15_p0.9_idx8.gpickle,15,0.9,8,3,7,27,"[0, 1, 4, 12, 11, 2, 7, 8, 10, 13, 14, 6, 9, 3, 5]",1.5814321
./random_graph_db/graph_db_node_15/12_p0.9/12_graph_n15_p0.9_idx9.gpickle,15,0.9,9,3,8,28,"[3, 6, 4, 14, 1, 0, 9, 8, 13, 5, 7, 11, 10, 12, 2]",1.591866
./random_graph_db/graph_db_node_16/01_p0.1/01_graph_n16_p0.1_idx1.gpickle,16,0.1,1,2,2,23,"[14, 10, 3, 11, 5, 13, 6, 0, 4, 1, 7, 15, 2, 8, 9, 12]",1.3245451
./random_graph_db/graph_db_node_16/01_p0.1/01_graph_n16_p0.1_idx10.gpickle,16,0.1,10,2,6,24,"[2, 0, 15, 13, 5, 14, 10, 4, 8, 12, 1, 3, 9, 7, 6, 11]",1.5094879
./random_graph_db/graph_db_node_16/01_p0.1/01_graph_n16_p0.1_idx2.gpickle,16,0.1,2,3,7,32,"[1, 8, 0, 6, 13, 5, 9, 3, 10, 2, 15, 7, 11, 12, 4, 14]",1.6692057
./random_graph_db/graph_db_node_16/01_p0.1/01_graph_n16_p0.1_idx3.gpickle,16,0.1,3,2,2,22,"[2, 10, 8, 5, 15, 12, 6, 4, 9, 7, 0, 13, 11, 3, 1, 14]",1.3423381
./random_graph_db/graph_db_node_16/01_p0.1/01_graph_n16_p0.1_idx4.gpickle,16,0.1,4,3,8,36,"[6, 9, 10, 3, 12, 5, 1, 0, 4, 2, 7, 14, 13, 8, 15, 11]",1.6414771
./random_graph_db/graph_db_node_16/01_p0.1/01_graph_n16_p0.1_idx5.gpickle,16,0.1,5,3,7,28,"[10, 2, 15, 12, 0, 8, 4, 7, 9, 14, 1, 5, 13, 6, 3, 11]",1.9614289
./random_graph_db/graph_db_node_16/01_p0.1/01_graph_n16_p0.1_idx6.gpickle,16,0.1,6,2,3,21,"[7, 11, 10, 12, 6, 2, 0, 9, 8, 13, 14, 4, 1, 3, 15, 5]",1.4178772
./random_graph_db/graph_db_node_16/01_p0.1/01_graph_n16_p0.1_idx7.gpickle,16,0.1,7,3,8,29,"[4, 8, 5, 12, 3, 2, 13, 7, 6, 15, 0, 1, 14, 9, 11, 10]",1.7579079
./random_graph_db/graph_db_node_16/01_p0.1/01_graph_n16_p0.1_idx8.gpickle,16,0.1,8,3,7,35,"[6, 14, 15, 2, 11, 13, 8, 12, 4, 7, 1, 5, 3, 0, 9, 10]",1.7377877
./random_graph_db/graph_db_node_16/01_p0.1/01_graph_n16_p0.1_idx9.gpickle,16,0.1,9,3,5,29,"[15, 8, 6, 10, 14, 0, 11, 4, 3, 5, 9, 2, 7, 1, 13, 12]",1.4714067
./random_graph_db/graph_db_node_16/02_p0.2/02_graph_n16_p0.2_idx1.gpickle,16,0.2,1,3,11,38,"[4, 14, 10, 2, 13, 7, 5, 6, 15, 1, 12, 9, 3, 8, 0, 11]",1.8574998
./random_graph_db/graph_db_node_16/02_p0.2/02_graph_n16_p0.2_idx10.gpickle,16,0.2,10,3,10,35,"[4, 6, 15, 7, 11, 9, 2, 3, 8, 0, 1, 13, 14, 5, 12, 10]",1.7160232
./random_graph_db/graph_db_node_16/02_p0.2/02_graph_n16_p0.2_idx2.gpickle,16,0.2,2,3,9,30,"[5, 8, 9, 10, 7, 2, 14, 12, 3, 4, 15, 13, 1, 0, 6, 11]",1.9182887
./random_graph_db/graph_db_node_16/02_p0.2/02_graph_n16_p0.2_idx3.gpickle,16,0.2,3,5,20,53,"[1, 14, 9, 0, 5, 15, 7, 12, 13, 11, 2, 3, 8, 6, 4, 10]",2.2007511
./random_graph_db/graph_db_node_16/02_p0.2/02_graph_n16_p0.2_idx4.gpickle,16,0.2,4,3,7,28,"[15, 4, 1, 2, 6, 12, 3, 13, 9, 14, 8, 0, 11, 5, 7, 10]",1.6944308
./random_graph_db/graph_db_node_16/02_p0.2/02_graph_n16_p0.2_idx5.gpickle,16,0.2,5,4,16,47,"[15, 10, 9, 12, 7, 11, 3, 2, 0, 1, 4, 6, 5, 13, 8, 14]",1.955446
./random_graph_db/graph_db_node_16/02_p0.2/02_graph_n16_p0.2_idx6.gpickle,16,0.2,6,3,11,47,"[7, 15, 0, 1, 5, 8, 9, 13, 12, 10, 6, 2, 11, 4, 14, 3]",1.9214191
./random_graph_db/graph_db_node_16/02_p0.2/02_graph_n16_p0.2_idx7.gpickle,16,0.2,7,3,8,33,"[13, 2, 0, 14, 4, 11, 15, 10, 8, 5, 9, 12, 3, 7, 6, 1]",1.740392
./random_graph_db/graph_db_node_16/02_p0.2/02_graph_n16_p0.2_idx8.gpickle,16,0.2,8,4,12,36,"[3, 6, 10, 15, 0, 4, 7, 13, 14, 11, 5, 12, 1, 2, 8, 9]",1.8564019
./random_graph_db/graph_db_node_16/02_p0.2/02_graph_n16_p0.2_idx9.gpickle,16,0.2,9,4,17,76,"[1, 9, 15, 0, 11, 2, 7, 6, 12, 3, 14, 4, 8, 5, 10, 13]",1.957088
./random_graph_db/graph_db_node_16/03_p0.3/03_graph_n16_p0.3_idx1.gpickle,16,0.3,1,5,21,62,"[6, 9, 5, 10, 4, 3, 2, 13, 7, 0, 14, 8, 11, 1, 15, 12]",2.500694
./random_graph_db/graph_db_node_16/03_p0.3/03_graph_n16_p0.3_idx10.gpickle,16,0.3,10,5,22,65,"[13, 15, 11, 1, 5, 7, 12, 10, 0, 9, 2, 8, 3, 4, 6, 14]",2.3820772
./random_graph_db/graph_db_node_16/03_p0.3/03_graph_n16_p0.3_idx2.gpickle,16,0.3,2,5,20,60,"[6, 5, 14, 0, 8, 11, 2, 10, 12, 3, 13, 4, 1, 7, 9, 15]",2.4183781
./random_graph_db/graph_db_node_16/03_p0.3/03_graph_n16_p0.3_idx3.gpickle,16,0.3,3,5,23,72,"[5, 1, 11, 7, 2, 8, 9, 13, 14, 3, 15, 4, 0, 6, 12, 10]",2.5213969
./random_graph_db/graph_db_node_16/03_p0.3/03_graph_n16_p0.3_idx4.gpickle,16,0.3,4,5,20,67,"[3, 7, 11, 10, 14, 12, 0, 15, 1, 2, 8, 5, 6, 9, 13, 4]",2.5571671
./random_graph_db/graph_db_node_16/03_p0.3/03_graph_n16_p0.3_idx5.gpickle,16,0.3,5,5,21,55,"[15, 6, 4, 0, 13, 11, 1, 7, 14, 8, 3, 10, 2, 12, 5, 9]",2.4271681
./random_graph_db/graph_db_node_16/03_p0.3/03_graph_n16_p0.3_idx6.gpickle,16,0.3,6,5,22,71,"[7, 5, 2, 0, 14, 1, 4, 13, 9, 15, 6, 12, 3, 8, 10, 11]",2.5476112
./random_graph_db/graph_db_node_16/03_p0.3/03_graph_n16_p0.3_idx7.gpickle,16,0.3,7,5,26,67,"[4, 8, 12, 0, 2, 14, 6, 10, 1, 9, 5, 15, 7, 13, 11, 3]",2.3795912
./random_graph_db/graph_db_node_16/03_p0.3/03_graph_n16_p0.3_idx8.gpickle,16,0.3,8,6,31,91,"[14, 2, 8, 6, 10, 1, 7, 13, 9, 11, 15, 12, 4, 3, 5, 0]",3.0013289
./random_graph_db/graph_db_node_16/03_p0.3/03_graph_n16_p0.3_idx9.gpickle,16,0.3,9,5,25,88,"[14, 12, 5, 9, 11, 7, 13, 2, 0, 6, 1, 3, 8, 4, 15, 10]",3.0400562
./random_graph_db/graph_db_node_16/04_p0.4/04_graph_n16_p0.4_idx1.gpickle,16,0.4,1,6,34,96,"[1, 12, 15, 14, 4, 10, 3, 5, 11, 9, 7, 2, 6, 13, 8, 0]",3.2074201
./random_graph_db/graph_db_node_16/04_p0.4/04_graph_n16_p0.4_idx10.gpickle,16,0.4,10,6,41,115,"[8, 12, 13, 7, 2, 6, 1, 15, 5, 3, 0, 10, 9, 14, 11, 4]",3.330848
./random_graph_db/graph_db_node_16/04_p0.4/04_graph_n16_p0.4_idx2.gpickle,16,0.4,2,7,34,90,"[4, 13, 12, 1, 14, 15, 2, 11, 7, 0, 8, 9, 3, 10, 6, 5]",3.3604062
./random_graph_db/graph_db_node_16/04_p0.4/04_graph_n16_p0.4_idx3.gpickle,16,0.4,3,7,41,99,"[14, 4, 5, 6, 2, 12, 0, 9, 10, 15, 11, 1, 8, 3, 13, 7]",3.4137971
./random_graph_db/graph_db_node_16/04_p0.4/04_graph_n16_p0.4_idx4.gpickle,16,0.4,4,7,33,95,"[3, 14, 11, 1, 6, 8, 2, 0, 4, 15, 13, 5, 12, 9, 7, 10]",3.1257222
./random_graph_db/graph_db_node_16/04_p0.4/04_graph_n16_p0.4_idx5.gpickle,16,0.4,5,7,38,98,"[15, 1, 5, 0, 12, 11, 2, 14, 13, 3, 10, 6, 8, 9, 7, 4]",3.2986209
./random_graph_db/graph_db_node_16/04_p0.4/04_graph_n16_p0.4_idx6.gpickle,16,0.4,6,6,39,103,"[1, 14, 3, 13, 5, 0, 6, 2, 10, 8, 12, 9, 4, 11, 7, 15]",3.0491509
./random_graph_db/graph_db_node_16/04_p0.4/04_graph_n16_p0.4_idx7.gpickle,16,0.4,7,5,25,70,"[6, 15, 14, 1, 4, 10, 11, 12, 5, 8, 2, 3, 13, 9, 7, 0]",3.1290579
./random_graph_db/graph_db_node_16/04_p0.4/04_graph_n16_p0.4_idx8.gpickle,16,0.4,8,6,28,81,"[9, 5, 6, 3, 1, 14, 4, 12, 11, 2, 8, 0, 7, 15, 13, 10]",2.8663418
./random_graph_db/graph_db_node_16/04_p0.4/04_graph_n16_p0.4_idx9.gpickle,16,0.4,9,6,33,96,"[9, 5, 7, 1, 2, 11, 8, 4, 0, 15, 6, 14, 13, 12, 10, 3]",3.1167471
./random_graph_db/graph_db_node_16/05_p0.45/05_graph_n16_p0.45_idx1.gpickle,16,0.45,1,6,34,94,"[5, 2, 7, 3, 10, 13, 1, 8, 14, 11, 9, 4, 0, 15, 12, 6]",3.0672679
./random_graph_db/graph_db_node_16/05_p0.45/05_graph_n16_p0.45_idx10.gpickle,16,0.45,10,6,33,91,"[15, 1, 14, 2, 10, 13, 12, 0, 3, 11, 4, 5, 6, 7, 9, 8]",3.3194561
./random_graph_db/graph_db_node_16/05_p0.45/05_graph_n16_p0.45_idx2.gpickle,16,0.45,2,6,33,95,"[2, 9, 11, 5, 6, 15, 8, 10, 7, 0, 14, 3, 12, 1, 13, 4]",3.2852159
./random_graph_db/graph_db_node_16/05_p0.45/05_graph_n16_p0.45_idx3.gpickle,16,0.45,3,6,27,73,"[7, 2, 3, 4, 12, 15, 6, 9, 1, 13, 10, 11, 14, 5, 8, 0]",2.66361
./random_graph_db/graph_db_node_16/05_p0.45/05_graph_n16_p0.45_idx4.gpickle,16,0.45,4,7,46,124,"[2, 8, 11, 5, 6, 15, 0, 3, 9, 4, 7, 13, 10, 14, 12, 1]",3.3465519
./random_graph_db/graph_db_node_16/05_p0.45/05_graph_n16_p0.45_idx5.gpickle,16,0.45,5,6,41,123,"[2, 14, 4, 9, 6, 8, 7, 10, 11, 13, 12, 15, 3, 0, 5, 1]",3.7356758
./random_graph_db/graph_db_node_16/05_p0.45/05_graph_n16_p0.45_idx6.gpickle,16,0.45,6,7,38,113,"[14, 13, 11, 9, 5, 3, 15, 8, 10, 0, 2, 4, 6, 1, 7, 12]",3.247391
./random_graph_db/graph_db_node_16/05_p0.45/05_graph_n16_p0.45_idx7.gpickle,16,0.45,7,6,26,84,"[7, 6, 2, 3, 0, 9, 13, 12, 5, 10, 4, 1, 8, 14, 15, 11]",2.9386356
./random_graph_db/graph_db_node_16/05_p0.45/05_graph_n16_p0.45_idx8.gpickle,16,0.45,8,7,43,116,"[9, 14, 3, 15, 13, 7, 5, 0, 4, 2, 8, 6, 11, 12, 1, 10]",3.2990553
./random_graph_db/graph_db_node_16/05_p0.45/05_graph_n16_p0.45_idx9.gpickle,16,0.45,9,6,36,86,"[11, 5, 7, 13, 4, 3, 0, 14, 10, 15, 8, 1, 9, 12, 6, 2]",3.0959811
./random_graph_db/graph_db_node_16/06_p0.5/06_graph_n16_p0.5_idx1.gpickle,16,0.5,1,7,47,132,"[11, 1, 4, 9, 8, 13, 6, 10, 3, 5, 7, 12, 15, 14, 2, 0]",4.017318
./random_graph_db/graph_db_node_16/06_p0.5/06_graph_n16_p0.5_idx10.gpickle,16,0.5,10,7,38,81,"[1, 4, 2, 7, 8, 0, 13, 3, 12, 9, 14, 15, 11, 6, 10, 5]",3.3292451
./random_graph_db/graph_db_node_16/06_p0.5/06_graph_n16_p0.5_idx2.gpickle,16,0.5,2,7,34,101,"[7, 8, 12, 9, 11, 0, 5, 2, 4, 6, 14, 13, 15, 3, 1, 10]",3.2407999
./random_graph_db/graph_db_node_16/06_p0.5/06_graph_n16_p0.5_idx3.gpickle,16,0.5,3,6,37,112,"[7, 0, 5, 3, 2, 6, 13, 12, 4, 1, 10, 14, 8, 11, 15, 9]",3.340457
./random_graph_db/graph_db_node_16/06_p0.5/06_graph_n16_p0.5_idx4.gpickle,16,0.5,4,7,38,107,"[10, 8, 5, 7, 12, 3, 9, 6, 2, 1, 0, 13, 14, 11, 4, 15]",3.4138863
./random_graph_db/graph_db_node_16/06_p0.5/06_graph_n16_p0.5_idx5.gpickle,16,0.5,5,7,49,147,"[3, 2, 6, 9, 0, 12, 4, 15, 8, 11, 13, 5, 7, 10, 1, 14]",3.5096142
./random_graph_db/graph_db_node_16/06_p0.5/06_graph_n16_p0.5_idx6.gpickle,16,0.5,6,5,32,83,"[13, 7, 8, 12, 14, 5, 6, 10, 9, 1, 15, 4, 2, 3, 11, 0]",3.1407301
./random_graph_db/graph_db_node_16/06_p0.5/06_graph_n16_p0.5_idx7.gpickle,16,0.5,7,7,41,119,"[8, 7, 1, 5, 6, 12, 15, 14, 11, 10, 4, 9, 0, 2, 3, 13]",3.2204282
./random_graph_db/graph_db_node_16/06_p0.5/06_graph_n16_p0.5_idx8.gpickle,16,0.5,8,7,42,114,"[6, 4, 0, 13, 11, 2, 3, 8, 1, 15, 5, 14, 7, 10, 9, 12]",3.5315979
./random_graph_db/graph_db_node_16/06_p0.5/06_graph_n16_p0.5_idx9.gpickle,16,0.5,9,6,41,119,"[9, 12, 6, 11, 4, 2, 5, 3, 14, 7, 10, 13, 15, 1, 8, 0]",3.271755
./random_graph_db/graph_db_node_16/07_p0.55/07_graph_n16_p0.55_idx1.gpickle,16,0.55,1,7,43,125,"[5, 0, 12, 1, 7, 11, 4, 14, 10, 13, 6, 8, 15, 2, 3, 9]",3.483747
./random_graph_db/graph_db_node_16/07_p0.55/07_graph_n16_p0.55_idx10.gpickle,16,0.55,10,6,46,120,"[10, 15, 13, 14, 3, 6, 12, 9, 5, 1, 0, 11, 4, 2, 8, 7]",3.5855858
./random_graph_db/graph_db_node_16/07_p0.55/07_graph_n16_p0.55_idx2.gpickle,16,0.55,2,6,31,92,"[1, 11, 7, 15, 0, 9, 8, 14, 10, 3, 12, 5, 13, 2, 4, 6]",3.2274621
./random_graph_db/graph_db_node_16/07_p0.55/07_graph_n16_p0.55_idx3.gpickle,16,0.55,3,6,32,87,"[10, 1, 5, 13, 2, 14, 6, 3, 12, 7, 4, 11, 8, 9, 15, 0]",3.2559271
./random_graph_db/graph_db_node_16/07_p0.55/07_graph_n16_p0.55_idx4.gpickle,16,0.55,4,7,39,98,"[1, 8, 7, 6, 0, 13, 15, 12, 11, 3, 5, 10, 2, 9, 14, 4]",3.3543468
./random_graph_db/graph_db_node_16/07_p0.55/07_graph_n16_p0.55_idx5.gpickle,16,0.55,5,6,37,102,"[15, 0, 14, 5, 3, 10, 13, 9, 8, 1, 6, 2, 11, 12, 4, 7]",3.5004761
./random_graph_db/graph_db_node_16/07_p0.55/07_graph_n16_p0.55_idx6.gpickle,16,0.55,6,7,43,115,"[7, 6, 12, 3, 10, 9, 15, 2, 0, 13, 11, 4, 14, 1, 5, 8]",3.6390851
./random_graph_db/graph_db_node_16/07_p0.55/07_graph_n16_p0.55_idx7.gpickle,16,0.55,7,7,41,115,"[6, 0, 2, 14, 5, 8, 3, 10, 1, 15, 7, 11, 4, 9, 13, 12]",3.5796931
./random_graph_db/graph_db_node_16/07_p0.55/07_graph_n16_p0.55_idx8.gpickle,16,0.55,8,6,33,100,"[0, 14, 8, 11, 5, 6, 1, 12, 2, 10, 4, 7, 9, 15, 13, 3]",3.9016359
./random_graph_db/graph_db_node_16/07_p0.55/07_graph_n16_p0.55_idx9.gpickle,16,0.55,9,7,29,85,"[11, 6, 13, 15, 8, 14, 4, 0, 12, 1, 5, 7, 9, 10, 2, 3]",3.3294909
./random_graph_db/graph_db_node_16/08_p0.6/08_graph_n16_p0.6_idx1.gpickle,16,0.6,1,7,32,97,"[5, 8, 0, 14, 13, 3, 1, 11, 7, 6, 9, 12, 4, 10, 15, 2]",3.0255098
./random_graph_db/graph_db_node_16/08_p0.6/08_graph_n16_p0.6_idx10.gpickle,16,0.6,10,6,33,97,"[9, 12, 3, 13, 1, 4, 5, 7, 15, 8, 6, 0, 2, 10, 14, 11]",2.9523399
./random_graph_db/graph_db_node_16/08_p0.6/08_graph_n16_p0.6_idx2.gpickle,16,0.6,2,7,41,93,"[12, 3, 0, 10, 11, 7, 8, 6, 1, 5, 4, 2, 14, 15, 9, 13]",3.152858
./random_graph_db/graph_db_node_16/08_p0.6/08_graph_n16_p0.6_idx3.gpickle,16,0.6,3,7,43,105,"[4, 2, 9, 14, 8, 13, 0, 11, 5, 10, 6, 12, 15, 1, 7, 3]",3.530534
./random_graph_db/graph_db_node_16/08_p0.6/08_graph_n16_p0.6_idx4.gpickle,16,0.6,4,6,37,103,"[2, 4, 12, 3, 10, 1, 11, 9, 8, 15, 5, 13, 7, 14, 6, 0]",3.2210631
./random_graph_db/graph_db_node_16/08_p0.6/08_graph_n16_p0.6_idx5.gpickle,16,0.6,5,7,39,100,"[13, 15, 2, 3, 5, 6, 1, 9, 11, 12, 8, 0, 10, 7, 4, 14]",3.3794749
./random_graph_db/graph_db_node_16/08_p0.6/08_graph_n16_p0.6_idx6.gpickle,16,0.6,6,6,39,109,"[2, 15, 12, 13, 10, 3, 9, 7, 4, 11, 14, 5, 0, 8, 6, 1]",3.1062431
./random_graph_db/graph_db_node_16/08_p0.6/08_graph_n16_p0.6_idx7.gpickle,16,0.6,7,6,39,101,"[2, 1, 0, 11, 15, 7, 8, 6, 9, 5, 14, 3, 12, 13, 4, 10]",3.4482272
./random_graph_db/graph_db_node_16/08_p0.6/08_graph_n16_p0.6_idx8.gpickle,16,0.6,8,7,45,113,"[0, 12, 2, 9, 5, 7, 8, 10, 13, 1, 3, 11, 6, 4, 14, 15]",3.1959312
./random_graph_db/graph_db_node_16/08_p0.6/08_graph_n16_p0.6_idx9.gpickle,16,0.6,9,7,39,116,"[7, 6, 11, 8, 14, 13, 5, 0, 3, 10, 15, 9, 12, 4, 1, 2]",3.2013528
./random_graph_db/graph_db_node_16/09_p0.65/09_graph_n16_p0.65_idx1.gpickle,16,0.65,1,7,41,104,"[9, 11, 4, 1, 13, 12, 7, 6, 10, 2, 0, 14, 5, 8, 3, 15]",3.6777489
./random_graph_db/graph_db_node_16/09_p0.65/09_graph_n16_p0.65_idx10.gpickle,16,0.65,10,7,41,102,"[13, 10, 15, 3, 1, 12, 5, 4, 2, 6, 11, 8, 0, 9, 14, 7]",3.2253428
./random_graph_db/graph_db_node_16/09_p0.65/09_graph_n16_p0.65_idx2.gpickle,16,0.65,2,7,37,110,"[2, 13, 9, 3, 11, 14, 5, 7, 8, 1, 10, 4, 0, 15, 12, 6]",3.6554298
./random_graph_db/graph_db_node_16/09_p0.65/09_graph_n16_p0.65_idx3.gpickle,16,0.65,3,6,40,107,"[7, 8, 3, 5, 11, 2, 15, 13, 6, 14, 1, 0, 9, 4, 12, 10]",3.3897159
./random_graph_db/graph_db_node_16/09_p0.65/09_graph_n16_p0.65_idx4.gpickle,16,0.65,4,6,38,106,"[4, 3, 13, 12, 15, 14, 2, 6, 8, 10, 9, 5, 7, 11, 0, 1]",3.3576751
./random_graph_db/graph_db_node_16/09_p0.65/09_graph_n16_p0.65_idx5.gpickle,16,0.65,5,7,39,109,"[15, 9, 11, 5, 10, 1, 4, 6, 12, 14, 3, 7, 2, 8, 13, 0]",3.2276061
./random_graph_db/graph_db_node_16/09_p0.65/09_graph_n16_p0.65_idx6.gpickle,16,0.65,6,7,47,109,"[4, 2, 13, 5, 6, 12, 1, 8, 3, 7, 15, 9, 11, 14, 10, 0]",3.6908338
./random_graph_db/graph_db_node_16/09_p0.65/09_graph_n16_p0.65_idx7.gpickle,16,0.65,7,6,36,109,"[2, 6, 0, 12, 1, 13, 15, 9, 14, 4, 5, 3, 7, 10, 11, 8]",3.5610371
./random_graph_db/graph_db_node_16/09_p0.65/09_graph_n16_p0.65_idx8.gpickle,16,0.65,8,7,50,135,"[11, 10, 6, 12, 14, 8, 7, 5, 4, 15, 2, 1, 9, 3, 13, 0]",3.5080378
./random_graph_db/graph_db_node_16/09_p0.65/09_graph_n16_p0.65_idx9.gpickle,16,0.65,9,5,29,94,"[10, 4, 0, 9, 7, 11, 5, 8, 1, 13, 3, 6, 14, 12, 2, 15]",3.1793909
./random_graph_db/graph_db_node_16/10_p0.7/10_graph_n16_p0.7_idx1.gpickle,16,0.7,1,6,28,86,"[9, 6, 1, 3, 15, 4, 11, 12, 0, 14, 2, 13, 5, 7, 10, 8]",2.6405928
./random_graph_db/graph_db_node_16/10_p0.7/10_graph_n16_p0.7_idx10.gpickle,16,0.7,10,6,33,99,"[4, 11, 0, 6, 13, 12, 3, 9, 1, 2, 10, 8, 14, 15, 5, 7]",3.5816679
./random_graph_db/graph_db_node_16/10_p0.7/10_graph_n16_p0.7_idx2.gpickle,16,0.7,2,7,35,85,"[5, 14, 13, 9, 8, 10, 3, 11, 0, 1, 6, 7, 2, 12, 15, 4]",3.1885872
./random_graph_db/graph_db_node_16/10_p0.7/10_graph_n16_p0.7_idx3.gpickle,16,0.7,3,6,38,101,"[1, 11, 2, 5, 7, 14, 10, 0, 6, 3, 9, 13, 12, 15, 4, 8]",3.0082581
./random_graph_db/graph_db_node_16/10_p0.7/10_graph_n16_p0.7_idx4.gpickle,16,0.7,4,5,25,88,"[11, 15, 1, 0, 8, 3, 9, 14, 12, 7, 6, 4, 2, 5, 10, 13]",2.978538
./random_graph_db/graph_db_node_16/10_p0.7/10_graph_n16_p0.7_idx5.gpickle,16,0.7,5,7,41,97,"[10, 9, 1, 2, 8, 14, 6, 15, 0, 5, 13, 3, 4, 12, 7, 11]",2.98963
./random_graph_db/graph_db_node_16/10_p0.7/10_graph_n16_p0.7_idx6.gpickle,16,0.7,6,5,23,82,"[10, 7, 1, 12, 8, 11, 14, 5, 0, 9, 2, 3, 13, 4, 15, 6]",3.174221
./random_graph_db/graph_db_node_16/10_p0.7/10_graph_n16_p0.7_idx7.gpickle,16,0.7,7,7,38,104,"[7, 11, 4, 15, 5, 3, 1, 13, 10, 0, 8, 2, 12, 9, 6, 14]",3.2567971
./random_graph_db/graph_db_node_16/10_p0.7/10_graph_n16_p0.7_idx8.gpickle,16,0.7,8,7,44,111,"[1, 2, 7, 5, 8, 13, 14, 3, 9, 11, 12, 4, 6, 10, 0, 15]",3.505698
./random_graph_db/graph_db_node_16/10_p0.7/10_graph_n16_p0.7_idx9.gpickle,16,0.7,9,7,49,131,"[5, 15, 12, 14, 1, 6, 3, 13, 0, 2, 7, 9, 11, 4, 10, 8]",3.6647518
./random_graph_db/graph_db_node_16/11_p0.8/11_graph_n16_p0.8_idx1.gpickle,16,0.8,1,3,16,39,"[14, 1, 10, 9, 3, 15, 11, 5, 4, 0, 7, 13, 12, 2, 8, 6]",2.1864293
./random_graph_db/graph_db_node_16/11_p0.8/11_graph_n16_p0.8_idx10.gpickle,16,0.8,10,5,25,71,"[1, 6, 7, 9, 11, 0, 2, 14, 3, 13, 4, 10, 5, 8, 12, 15]",2.4604461
./random_graph_db/graph_db_node_16/11_p0.8/11_graph_n16_p0.8_idx2.gpickle,16,0.8,2,3,10,42,"[10, 2, 0, 9, 12, 1, 13, 7, 6, 14, 5, 4, 3, 8, 15, 11]",1.9134181
./random_graph_db/graph_db_node_16/11_p0.8/11_graph_n16_p0.8_idx3.gpickle,16,0.8,3,5,27,72,"[12, 0, 5, 8, 11, 9, 14, 7, 1, 10, 15, 2, 3, 13, 6, 4]",2.7382908
./random_graph_db/graph_db_node_16/11_p0.8/11_graph_n16_p0.8_idx4.gpickle,16,0.8,4,6,34,79,"[6, 0, 4, 9, 5, 15, 10, 14, 1, 13, 3, 7, 11, 12, 8, 2]",2.634995
./random_graph_db/graph_db_node_16/11_p0.8/11_graph_n16_p0.8_idx5.gpickle,16,0.8,5,4,13,46,"[5, 15, 9, 8, 12, 13, 1, 7, 14, 2, 0, 4, 11, 6, 10, 3]",2.2478533
./random_graph_db/graph_db_node_16/11_p0.8/11_graph_n16_p0.8_idx6.gpickle,16,0.8,6,4,23,68,"[8, 0, 5, 13, 1, 14, 2, 3, 4, 6, 7, 10, 9, 11, 12, 15]",2.4639091
./random_graph_db/graph_db_node_16/11_p0.8/11_graph_n16_p0.8_idx7.gpickle,16,0.8,7,5,22,60,"[3, 0, 6, 8, 2, 7, 14, 9, 4, 13, 10, 11, 15, 5, 1, 12]",2.822037
./random_graph_db/graph_db_node_16/11_p0.8/11_graph_n16_p0.8_idx8.gpickle,16,0.8,8,5,27,58,"[5, 0, 6, 9, 8, 2, 1, 3, 10, 13, 7, 11, 12, 4, 15, 14]",2.370173
./random_graph_db/graph_db_node_16/11_p0.8/11_graph_n16_p0.8_idx9.gpickle,16,0.8,9,4,21,66,"[2, 1, 5, 4, 3, 13, 12, 15, 11, 10, 7, 0, 14, 6, 8, 9]",2.3854041
./random_graph_db/graph_db_node_16/12_p0.9/12_graph_n16_p0.9_idx1.gpickle,16,0.9,1,3,8,35,"[2, 12, 13, 4, 11, 0, 5, 6, 10, 15, 3, 14, 1, 7, 9, 8]",1.6441469
./random_graph_db/graph_db_node_16/12_p0.9/12_graph_n16_p0.9_idx10.gpickle,16,0.9,10,3,9,35,"[9, 10, 2, 15, 4, 6, 7, 13, 5, 14, 11, 3, 0, 12, 1, 8]",1.6276002
./random_graph_db/graph_db_node_16/12_p0.9/12_graph_n16_p0.9_idx2.gpickle,16,0.9,2,3,7,28,"[9, 11, 13, 8, 15, 7, 14, 2, 3, 0, 10, 4, 5, 6, 12, 1]",1.8388169
./random_graph_db/graph_db_node_16/12_p0.9/12_graph_n16_p0.9_idx3.gpickle,16,0.9,3,3,10,31,"[0, 8, 5, 2, 1, 13, 9, 3, 15, 14, 11, 4, 10, 7, 12, 6]",1.931015
./random_graph_db/graph_db_node_16/12_p0.9/12_graph_n16_p0.9_idx4.gpickle,16,0.9,4,4,14,39,"[8, 3, 6, 9, 13, 15, 0, 5, 2, 14, 12, 1, 7, 10, 11, 4]",2.0772338
./random_graph_db/graph_db_node_16/12_p0.9/12_graph_n16_p0.9_idx5.gpickle,16,0.9,5,2,8,37,"[8, 12, 1, 4, 11, 15, 7, 6, 5, 13, 14, 2, 10, 9, 3, 0]",1.697226
./random_graph_db/graph_db_node_16/12_p0.9/12_graph_n16_p0.9_idx6.gpickle,16,0.9,6,2,4,22,"[13, 4, 0, 7, 5, 15, 9, 10, 14, 8, 11, 6, 3, 2, 1, 12]",1.4806159
./random_graph_db/graph_db_node_16/12_p0.9/12_graph_n16_p0.9_idx7.gpickle,16,0.9,7,2,6,29,"[3, 9, 2, 7, 15, 5, 4, 14, 8, 10, 13, 0, 6, 11, 1, 12]",1.6381969
./random_graph_db/graph_db_node_16/12_p0.9/12_graph_n16_p0.9_idx8.gpickle,16,0.9,8,3,13,42,"[2, 5, 15, 13, 6, 12, 14, 4, 8, 3, 0, 1, 9, 10, 11, 7]",1.9558558
./random_graph_db/graph_db_node_16/12_p0.9/12_graph_n16_p0.9_idx9.gpickle,16,0.9,9,3,10,47,"[1, 3, 15, 14, 13, 11, 8, 7, 9, 0, 12, 10, 5, 4, 2, 6]",1.9483039
./random_graph_db/graph_db_node_17/01_p0.1/01_graph_n17_p0.1_idx1.gpickle,17,0.1,1,2,2,23,"[8, 4, 7, 15, 3, 11, 13, 12, 9, 2, 10, 1, 5, 16, 14, 6, 0]",1.4954379
./random_graph_db/graph_db_node_17/01_p0.1/01_graph_n17_p0.1_idx10.gpickle,17,0.1,10,3,11,48,"[14, 12, 13, 4, 1, 5, 10, 0, 9, 8, 3, 6, 16, 15, 11, 7, 2]",1.8289638
./random_graph_db/graph_db_node_17/01_p0.1/01_graph_n17_p0.1_idx2.gpickle,17,0.1,2,2,2,23,"[2, 9, 12, 14, 13, 6, 0, 11, 16, 4, 8, 5, 15, 10, 3, 1, 7]",1.4464693
./random_graph_db/graph_db_node_17/01_p0.1/01_graph_n17_p0.1_idx3.gpickle,17,0.1,3,3,5,27,"[14, 11, 13, 9, 12, 3, 1, 4, 8, 2, 10, 5, 6, 15, 7, 16, 0]",1.620151
./random_graph_db/graph_db_node_17/01_p0.1/01_graph_n17_p0.1_idx4.gpickle,17,0.1,4,2,3,22,"[6, 16, 15, 13, 3, 11, 4, 14, 5, 2, 0, 9, 7, 1, 12, 10, 8]",1.738229
./random_graph_db/graph_db_node_17/01_p0.1/01_graph_n17_p0.1_idx5.gpickle,17,0.1,5,4,10,35,"[5, 0, 10, 9, 11, 12, 15, 3, 6, 7, 8, 2, 16, 14, 1, 4, 13]",1.8337021
./random_graph_db/graph_db_node_17/01_p0.1/01_graph_n17_p0.1_idx6.gpickle,17,0.1,6,2,3,22,"[16, 10, 8, 4, 1, 7, 11, 3, 13, 0, 2, 9, 14, 12, 15, 6, 5]",1.5261703
./random_graph_db/graph_db_node_17/01_p0.1/01_graph_n17_p0.1_idx7.gpickle,17,0.1,7,2,3,22,"[10, 7, 6, 5, 8, 13, 12, 0, 16, 2, 3, 9, 11, 1, 14, 15, 4]",1.5549839
./random_graph_db/graph_db_node_17/01_p0.1/01_graph_n17_p0.1_idx8.gpickle,17,0.1,8,3,6,26,"[0, 11, 4, 7, 5, 9, 12, 15, 13, 1, 10, 6, 2, 14, 3, 16, 8]",1.612788
./random_graph_db/graph_db_node_17/01_p0.1/01_graph_n17_p0.1_idx9.gpickle,17,0.1,9,2,3,25,"[14, 12, 10, 0, 9, 1, 13, 16, 7, 8, 2, 6, 11, 15, 4, 3, 5]",1.466234
./random_graph_db/graph_db_node_17/02_p0.2/02_graph_n17_p0.2_idx1.gpickle,17,0.2,1,5,19,61,"[12, 7, 9, 3, 6, 5, 10, 11, 0, 8, 13, 15, 16, 14, 1, 4, 2]",2.4540112
./random_graph_db/graph_db_node_17/02_p0.2/02_graph_n17_p0.2_idx10.gpickle,17,0.2,10,3,8,35,"[4, 2, 7, 12, 1, 0, 15, 8, 13, 11, 9, 6, 10, 16, 14, 5, 3]",1.8905602
./random_graph_db/graph_db_node_17/02_p0.2/02_graph_n17_p0.2_idx2.gpickle,17,0.2,2,4,21,60,"[2, 8, 6, 15, 13, 16, 11, 14, 10, 1, 5, 9, 12, 3, 4, 7, 0]",2.5139987
./random_graph_db/graph_db_node_17/02_p0.2/02_graph_n17_p0.2_idx3.gpickle,17,0.2,3,5,17,58,"[16, 3, 13, 9, 12, 11, 7, 2, 8, 1, 15, 4, 5, 6, 0, 14, 10]",2.4243357
./random_graph_db/graph_db_node_17/02_p0.2/02_graph_n17_p0.2_idx4.gpickle,17,0.2,4,3,8,41,"[4, 8, 11, 2, 16, 7, 10, 0, 14, 9, 3, 1, 15, 12, 13, 5, 6]",1.99352
./random_graph_db/graph_db_node_17/02_p0.2/02_graph_n17_p0.2_idx5.gpickle,17,0.2,5,6,17,53,"[4, 7, 14, 16, 3, 1, 2, 0, 12, 9, 15, 11, 6, 13, 8, 5, 10]",2.4883981
./random_graph_db/graph_db_node_17/02_p0.2/02_graph_n17_p0.2_idx6.gpickle,17,0.2,6,5,17,43,"[6, 2, 12, 14, 5, 13, 16, 11, 15, 8, 10, 4, 7, 1, 0, 9, 3]",2.42624
./random_graph_db/graph_db_node_17/02_p0.2/02_graph_n17_p0.2_idx7.gpickle,17,0.2,7,3,9,39,"[5, 1, 8, 10, 7, 16, 11, 9, 4, 15, 2, 12, 14, 6, 0, 3, 13]",1.9979701
./random_graph_db/graph_db_node_17/02_p0.2/02_graph_n17_p0.2_idx8.gpickle,17,0.2,8,4,12,49,"[1, 15, 16, 3, 13, 2, 10, 14, 11, 5, 6, 8, 9, 0, 4, 12, 7]",2.287514
./random_graph_db/graph_db_node_17/02_p0.2/02_graph_n17_p0.2_idx9.gpickle,17,0.2,9,5,24,63,"[5, 6, 0, 1, 13, 4, 8, 7, 14, 9, 2, 15, 12, 11, 3, 16, 10]",2.5784619
./random_graph_db/graph_db_node_17/03_p0.3/03_graph_n17_p0.3_idx1.gpickle,17,0.3,1,5,19,67,"[4, 6, 13, 11, 5, 10, 3, 8, 1, 2, 7, 0, 12, 15, 16, 9, 14]",2.3943033
./random_graph_db/graph_db_node_17/03_p0.3/03_graph_n17_p0.3_idx10.gpickle,17,0.3,10,5,30,91,"[9, 16, 1, 15, 11, 13, 12, 6, 14, 4, 10, 8, 2, 0, 3, 5, 7]",3.1032341
./random_graph_db/graph_db_node_17/03_p0.3/03_graph_n17_p0.3_idx2.gpickle,17,0.3,2,6,33,86,"[0, 14, 7, 11, 12, 13, 15, 8, 1, 6, 4, 16, 10, 3, 9, 2, 5]",2.863507
./random_graph_db/graph_db_node_17/03_p0.3/03_graph_n17_p0.3_idx3.gpickle,17,0.3,3,5,22,86,"[3, 4, 1, 10, 0, 12, 8, 11, 16, 15, 13, 2, 6, 7, 9, 14, 5]",2.990828
./random_graph_db/graph_db_node_17/03_p0.3/03_graph_n17_p0.3_idx4.gpickle,17,0.3,4,7,33,101,"[13, 6, 7, 5, 9, 12, 3, 4, 14, 8, 15, 16, 0, 1, 11, 10, 2]",3.1903498
./random_graph_db/graph_db_node_17/03_p0.3/03_graph_n17_p0.3_idx5.gpickle,17,0.3,5,6,28,75,"[11, 4, 2, 8, 10, 7, 5, 9, 3, 12, 14, 15, 13, 0, 16, 6, 1]",2.9362202
./random_graph_db/graph_db_node_17/03_p0.3/03_graph_n17_p0.3_idx6.gpickle,17,0.3,6,6,32,89,"[6, 15, 7, 8, 11, 14, 0, 9, 10, 16, 12, 5, 13, 3, 4, 1, 2]",2.979882
./random_graph_db/graph_db_node_17/03_p0.3/03_graph_n17_p0.3_idx7.gpickle,17,0.3,7,6,37,95,"[9, 5, 11, 2, 12, 4, 0, 13, 10, 1, 6, 15, 14, 8, 7, 16, 3]",2.9645569
./random_graph_db/graph_db_node_17/03_p0.3/03_graph_n17_p0.3_idx8.gpickle,17,0.3,8,6,29,75,"[9, 4, 3, 8, 15, 5, 13, 2, 6, 16, 7, 1, 14, 12, 11, 10, 0]",3.307761
./random_graph_db/graph_db_node_17/03_p0.3/03_graph_n17_p0.3_idx9.gpickle,17,0.3,9,6,34,89,"[14, 7, 15, 0, 16, 3, 6, 13, 5, 9, 11, 1, 2, 10, 8, 12, 4]",3.3633292
./random_graph_db/graph_db_node_17/04_p0.4/04_graph_n17_p0.4_idx1.gpickle,17,0.4,1,7,51,139,"[3, 14, 16, 10, 11, 15, 6, 5, 1, 9, 4, 2, 13, 7, 12, 8, 0]",3.8371978
./random_graph_db/graph_db_node_17/04_p0.4/04_graph_n17_p0.4_idx10.gpickle,17,0.4,10,7,43,107,"[13, 14, 10, 15, 6, 0, 3, 9, 1, 2, 5, 11, 7, 16, 4, 12, 8]",3.8565209
./random_graph_db/graph_db_node_17/04_p0.4/04_graph_n17_p0.4_idx2.gpickle,17,0.4,2,7,41,88,"[8, 15, 13, 14, 10, 6, 2, 1, 12, 4, 7, 11, 5, 9, 3, 0, 16]",3.5842161
./random_graph_db/graph_db_node_17/04_p0.4/04_graph_n17_p0.4_idx3.gpickle,17,0.4,3,7,37,96,"[5, 16, 9, 8, 0, 4, 12, 10, 14, 7, 11, 3, 1, 2, 13, 15, 6]",3.5217781
./random_graph_db/graph_db_node_17/04_p0.4/04_graph_n17_p0.4_idx4.gpickle,17,0.4,4,7,48,132,"[6, 10, 0, 15, 16, 7, 4, 11, 9, 2, 13, 8, 14, 1, 12, 3, 5]",3.6380811
./random_graph_db/graph_db_node_17/04_p0.4/04_graph_n17_p0.4_idx5.gpickle,17,0.4,5,7,43,111,"[8, 4, 6, 16, 1, 0, 10, 13, 14, 2, 7, 9, 11, 3, 15, 12, 5]",3.5496781
./random_graph_db/graph_db_node_17/04_p0.4/04_graph_n17_p0.4_idx6.gpickle,17,0.4,6,6,36,102,"[14, 1, 12, 2, 8, 15, 4, 5, 3, 16, 0, 6, 13, 10, 11, 7, 9]",3.81935
./random_graph_db/graph_db_node_17/04_p0.4/04_graph_n17_p0.4_idx7.gpickle,17,0.4,7,7,30,88,"[9, 7, 0, 15, 3, 13, 1, 4, 5, 11, 10, 12, 16, 14, 8, 2, 6]",3.6105227
./random_graph_db/graph_db_node_17/04_p0.4/04_graph_n17_p0.4_idx8.gpickle,17,0.4,8,7,42,106,"[12, 10, 7, 13, 4, 2, 14, 1, 3, 9, 11, 5, 16, 6, 8, 0, 15]",3.7123458
./random_graph_db/graph_db_node_17/04_p0.4/04_graph_n17_p0.4_idx9.gpickle,17,0.4,9,7,48,114,"[3, 4, 16, 8, 2, 14, 6, 1, 11, 5, 9, 0, 13, 15, 10, 12, 7]",3.7838128
./random_graph_db/graph_db_node_17/05_p0.45/05_graph_n17_p0.45_idx1.gpickle,17,0.45,1,7,48,127,"[12, 8, 15, 2, 6, 9, 4, 3, 7, 10, 16, 1, 11, 0, 14, 13, 5]",3.8965249
./random_graph_db/graph_db_node_17/05_p0.45/05_graph_n17_p0.45_idx10.gpickle,17,0.45,10,7,51,126,"[12, 14, 5, 13, 0, 4, 6, 7, 10, 11, 9, 3, 8, 16, 2, 1, 15]",3.928906
./random_graph_db/graph_db_node_17/05_p0.45/05_graph_n17_p0.45_idx2.gpickle,17,0.45,2,8,55,138,"[15, 12, 3, 4, 7, 0, 11, 8, 6, 2, 10, 14, 5, 9, 13, 16, 1]",4.0901623
./random_graph_db/graph_db_node_17/05_p0.45/05_graph_n17_p0.45_idx3.gpickle,17,0.45,3,8,45,133,"[10, 4, 14, 8, 11, 0, 9, 5, 6, 15, 7, 1, 2, 16, 12, 3, 13]",4.2199748
./random_graph_db/graph_db_node_17/05_p0.45/05_graph_n17_p0.45_idx4.gpickle,17,0.45,4,7,50,128,"[2, 14, 9, 4, 0, 10, 3, 6, 15, 5, 7, 13, 8, 11, 12, 1, 16]",3.9302492
./random_graph_db/graph_db_node_17/05_p0.45/05_graph_n17_p0.45_idx5.gpickle,17,0.45,5,7,41,108,"[2, 3, 1, 10, 7, 5, 14, 15, 13, 4, 11, 6, 9, 0, 8, 12, 16]",3.6284709
./random_graph_db/graph_db_node_17/05_p0.45/05_graph_n17_p0.45_idx6.gpickle,17,0.45,6,7,39,99,"[1, 13, 14, 11, 10, 16, 12, 15, 8, 6, 7, 2, 3, 4, 5, 0, 9]",3.622122
./random_graph_db/graph_db_node_17/05_p0.45/05_graph_n17_p0.45_idx7.gpickle,17,0.45,7,6,34,90,"[0, 3, 6, 1, 2, 14, 12, 15, 8, 4, 13, 16, 10, 11, 5, 7, 9]",3.2995453
./random_graph_db/graph_db_node_17/05_p0.45/05_graph_n17_p0.45_idx8.gpickle,17,0.45,8,7,64,160,"[3, 12, 15, 10, 8, 2, 1, 14, 6, 5, 0, 16, 4, 7, 11, 13, 9]",4.2881818
./random_graph_db/graph_db_node_17/05_p0.45/05_graph_n17_p0.45_idx9.gpickle,17,0.45,9,7,55,166,"[13, 3, 1, 11, 8, 4, 5, 10, 12, 0, 6, 16, 15, 7, 14, 2, 9]",3.986069
./random_graph_db/graph_db_node_17/06_p0.5/06_graph_n17_p0.5_idx1.gpickle,17,0.5,1,7,40,104,"[16, 6, 1, 5, 11, 15, 12, 9, 4, 10, 0, 7, 3, 2, 13, 14, 8]",3.8639691
./random_graph_db/graph_db_node_17/06_p0.5/06_graph_n17_p0.5_idx10.gpickle,17,0.5,10,7,34,104,"[16, 14, 10, 4, 5, 11, 3, 7, 0, 1, 12, 6, 8, 15, 13, 2, 9]",3.5937772
./random_graph_db/graph_db_node_17/06_p0.5/06_graph_n17_p0.5_idx2.gpickle,17,0.5,2,7,42,113,"[9, 6, 13, 8, 14, 4, 0, 10, 5, 2, 15, 11, 7, 3, 1, 12, 16]",4.5430102
./random_graph_db/graph_db_node_17/06_p0.5/06_graph_n17_p0.5_idx3.gpickle,17,0.5,3,7,41,110,"[15, 11, 0, 5, 10, 6, 12, 16, 2, 4, 7, 14, 8, 9, 1, 13, 3]",4.1522441
./random_graph_db/graph_db_node_17/06_p0.5/06_graph_n17_p0.5_idx4.gpickle,17,0.5,4,7,42,113,"[0, 14, 8, 15, 10, 5, 4, 3, 2, 1, 13, 11, 12, 7, 9, 16, 6]",3.5610659
./random_graph_db/graph_db_node_17/06_p0.5/06_graph_n17_p0.5_idx5.gpickle,17,0.5,5,7,40,121,"[13, 0, 1, 4, 10, 8, 2, 6, 16, 12, 15, 11, 14, 3, 9, 5, 7]",3.8484788
./random_graph_db/graph_db_node_17/06_p0.5/06_graph_n17_p0.5_idx6.gpickle,17,0.5,6,6,39,112,"[10, 9, 12, 8, 16, 4, 6, 5, 7, 1, 15, 14, 13, 11, 0, 3, 2]",3.8317671
./random_graph_db/graph_db_node_17/06_p0.5/06_graph_n17_p0.5_idx7.gpickle,17,0.5,7,7,38,101,"[1, 0, 12, 3, 2, 16, 4, 11, 14, 15, 9, 5, 6, 8, 10, 13, 7]",3.5938299
./random_graph_db/graph_db_node_17/06_p0.5/06_graph_n17_p0.5_idx8.gpickle,17,0.5,8,8,58,153,"[13, 16, 0, 15, 14, 6, 5, 9, 8, 1, 4, 12, 2, 11, 3, 10, 7]",4.5760992
./random_graph_db/graph_db_node_17/06_p0.5/06_graph_n17_p0.5_idx9.gpickle,17,0.5,9,7,44,143,"[8, 1, 13, 14, 6, 7, 11, 9, 2, 16, 10, 4, 0, 15, 12, 3, 5]",4.1364009
./random_graph_db/graph_db_node_17/07_p0.55/07_graph_n17_p0.55_idx1.gpickle,17,0.55,1,7,46,135,"[15, 9, 8, 12, 7, 5, 6, 13, 0, 11, 1, 10, 3, 2, 16, 4, 14]",3.9386601
./random_graph_db/graph_db_node_17/07_p0.55/07_graph_n17_p0.55_idx10.gpickle,17,0.55,10,7,47,136,"[16, 4, 8, 13, 10, 1, 11, 7, 2, 3, 0, 9, 5, 12, 14, 6, 15]",3.9916763
./random_graph_db/graph_db_node_17/07_p0.55/07_graph_n17_p0.55_idx2.gpickle,17,0.55,2,7,49,133,"[8, 11, 16, 15, 14, 1, 7, 5, 2, 12, 4, 6, 3, 9, 10, 13, 0]",4.4066632
./random_graph_db/graph_db_node_17/07_p0.55/07_graph_n17_p0.55_idx3.gpickle,17,0.55,3,7,49,128,"[13, 15, 5, 1, 3, 14, 9, 7, 6, 12, 8, 11, 4, 16, 0, 2, 10]",4.5095978
./random_graph_db/graph_db_node_17/07_p0.55/07_graph_n17_p0.55_idx4.gpickle,17,0.55,4,7,40,98,"[10, 2, 7, 9, 12, 15, 1, 8, 4, 11, 6, 16, 0, 14, 13, 3, 5]",5.1330218
./random_graph_db/graph_db_node_17/07_p0.55/07_graph_n17_p0.55_idx5.gpickle,17,0.55,5,7,48,132,"[10, 9, 0, 15, 14, 5, 3, 8, 12, 1, 4, 13, 7, 11, 16, 6, 2]",5.4654222
./random_graph_db/graph_db_node_17/07_p0.55/07_graph_n17_p0.55_idx6.gpickle,17,0.55,6,7,41,105,"[10, 3, 14, 15, 11, 6, 16, 9, 0, 2, 4, 1, 13, 5, 12, 7, 8]",4.7251868
./random_graph_db/graph_db_node_17/07_p0.55/07_graph_n17_p0.55_idx7.gpickle,17,0.55,7,7,39,109,"[0, 10, 14, 16, 15, 12, 11, 7, 13, 1, 8, 2, 9, 4, 5, 6, 3]",4.070842
./random_graph_db/graph_db_node_17/07_p0.55/07_graph_n17_p0.55_idx8.gpickle,17,0.55,8,8,44,119,"[7, 12, 6, 10, 2, 5, 9, 16, 8, 14, 4, 1, 0, 11, 3, 13, 15]",4.3732049
./random_graph_db/graph_db_node_17/07_p0.55/07_graph_n17_p0.55_idx9.gpickle,17,0.55,9,7,46,117,"[5, 13, 7, 8, 4, 1, 0, 6, 10, 12, 16, 14, 11, 9, 15, 2, 3]",4.3717749
./random_graph_db/graph_db_node_17/08_p0.6/08_graph_n17_p0.6_idx1.gpickle,17,0.6,1,7,48,126,"[4, 14, 1, 12, 13, 16, 5, 7, 9, 10, 2, 0, 15, 8, 3, 11, 6]",4.381779
./random_graph_db/graph_db_node_17/08_p0.6/08_graph_n17_p0.6_idx10.gpickle,17,0.6,10,7,33,107,"[16, 6, 11, 3, 1, 9, 0, 2, 5, 12, 8, 14, 13, 15, 10, 4, 7]",3.7921238
./random_graph_db/graph_db_node_17/08_p0.6/08_graph_n17_p0.6_idx2.gpickle,17,0.6,2,7,53,121,"[0, 9, 2, 5, 6, 16, 7, 10, 12, 1, 14, 3, 11, 8, 13, 15, 4]",3.7261932
./random_graph_db/graph_db_node_17/08_p0.6/08_graph_n17_p0.6_idx3.gpickle,17,0.6,3,7,46,137,"[1, 6, 7, 0, 16, 2, 8, 11, 4, 14, 12, 10, 15, 5, 9, 13, 3]",4.0364349
./random_graph_db/graph_db_node_17/08_p0.6/08_graph_n17_p0.6_idx4.gpickle,17,0.6,4,7,52,121,"[3, 8, 6, 13, 12, 1, 5, 14, 11, 7, 15, 16, 9, 10, 2, 0, 4]",4.128624
./random_graph_db/graph_db_node_17/08_p0.6/08_graph_n17_p0.6_idx5.gpickle,17,0.6,5,8,57,148,"[10, 13, 2, 1, 9, 5, 6, 8, 15, 12, 11, 0, 14, 16, 7, 4, 3]",4.584281
./random_graph_db/graph_db_node_17/08_p0.6/08_graph_n17_p0.6_idx6.gpickle,17,0.6,6,7,43,112,"[3, 4, 14, 1, 16, 7, 8, 5, 13, 11, 15, 12, 2, 9, 10, 6, 0]",3.7887189
./random_graph_db/graph_db_node_17/08_p0.6/08_graph_n17_p0.6_idx7.gpickle,17,0.6,7,7,41,116,"[6, 12, 8, 10, 16, 15, 2, 14, 0, 9, 1, 7, 13, 11, 3, 4, 5]",4.2654829
./random_graph_db/graph_db_node_17/08_p0.6/08_graph_n17_p0.6_idx8.gpickle,17,0.6,8,7,42,124,"[9, 4, 8, 2, 5, 10, 1, 6, 15, 14, 3, 12, 16, 11, 0, 7, 13]",4.095655
./random_graph_db/graph_db_node_17/08_p0.6/08_graph_n17_p0.6_idx9.gpickle,17,0.6,9,7,47,116,"[5, 0, 9, 12, 8, 6, 7, 16, 14, 15, 10, 2, 3, 13, 11, 1, 4]",3.9837749
./random_graph_db/graph_db_node_17/09_p0.65/09_graph_n17_p0.65_idx1.gpickle,17,0.65,1,7,46,118,"[8, 9, 4, 12, 0, 16, 14, 6, 15, 11, 10, 2, 5, 3, 13, 7, 1]",4.1874752
./random_graph_db/graph_db_node_17/09_p0.65/09_graph_n17_p0.65_idx10.gpickle,17,0.65,10,7,48,136,"[13, 6, 7, 1, 15, 12, 9, 14, 11, 16, 2, 8, 10, 3, 5, 4, 0]",4.3713982
./random_graph_db/graph_db_node_17/09_p0.65/09_graph_n17_p0.65_idx2.gpickle,17,0.65,2,8,56,151,"[8, 6, 9, 13, 5, 7, 14, 11, 2, 4, 15, 1, 16, 0, 10, 12, 3]",4.075927
./random_graph_db/graph_db_node_17/09_p0.65/09_graph_n17_p0.65_idx3.gpickle,17,0.65,3,6,44,125,"[8, 0, 15, 5, 9, 2, 14, 13, 1, 3, 10, 11, 7, 16, 4, 6, 12]",3.835288
./random_graph_db/graph_db_node_17/09_p0.65/09_graph_n17_p0.65_idx4.gpickle,17,0.65,4,7,47,130,"[14, 5, 8, 16, 12, 4, 13, 15, 7, 10, 9, 6, 2, 1, 0, 11, 3]",4.3017752
./random_graph_db/graph_db_node_17/09_p0.65/09_graph_n17_p0.65_idx5.gpickle,17,0.65,5,6,34,98,"[6, 5, 16, 9, 4, 3, 2, 0, 10, 1, 7, 13, 11, 14, 12, 15, 8]",3.4999261
./random_graph_db/graph_db_node_17/09_p0.65/09_graph_n17_p0.65_idx6.gpickle,17,0.65,6,7,46,142,"[6, 16, 5, 12, 2, 10, 4, 13, 11, 1, 9, 3, 15, 7, 0, 14, 8]",4.6244071
./random_graph_db/graph_db_node_17/09_p0.65/09_graph_n17_p0.65_idx7.gpickle,17,0.65,7,7,50,124,"[8, 12, 9, 5, 7, 16, 2, 14, 15, 6, 10, 1, 13, 11, 0, 4, 3]",3.7310259
./random_graph_db/graph_db_node_17/09_p0.65/09_graph_n17_p0.65_idx8.gpickle,17,0.65,8,6,40,115,"[12, 6, 11, 3, 4, 10, 5, 8, 14, 16, 13, 0, 1, 9, 7, 2, 15]",3.7124858
./random_graph_db/graph_db_node_17/09_p0.65/09_graph_n17_p0.65_idx9.gpickle,17,0.65,9,7,50,129,"[1, 12, 15, 6, 3, 0, 4, 13, 14, 10, 11, 9, 8, 7, 2, 16, 5]",4.1304331
./random_graph_db/graph_db_node_17/10_p0.7/10_graph_n17_p0.7_idx1.gpickle,17,0.7,1,5,27,79,"[12, 16, 6, 9, 0, 2, 3, 14, 7, 4, 10, 15, 13, 11, 8, 1, 5]",3.0154519
./random_graph_db/graph_db_node_17/10_p0.7/10_graph_n17_p0.7_idx10.gpickle,17,0.7,10,6,38,95,"[3, 13, 14, 6, 0, 8, 16, 9, 1, 5, 7, 15, 2, 11, 10, 12, 4]",3.4606063
./random_graph_db/graph_db_node_17/10_p0.7/10_graph_n17_p0.7_idx2.gpickle,17,0.7,2,6,37,108,"[7, 13, 9, 8, 3, 15, 4, 10, 6, 1, 0, 16, 14, 12, 2, 11, 5]",3.448508
./random_graph_db/graph_db_node_17/10_p0.7/10_graph_n17_p0.7_idx3.gpickle,17,0.7,3,7,40,109,"[4, 3, 15, 16, 7, 9, 12, 13, 2, 8, 11, 10, 14, 5, 0, 1, 6]",3.7704751
./random_graph_db/graph_db_node_17/10_p0.7/10_graph_n17_p0.7_idx4.gpickle,17,0.7,4,7,48,125,"[6, 11, 4, 15, 3, 7, 16, 0, 14, 9, 12, 2, 8, 13, 5, 10, 1]",3.9453371
./random_graph_db/graph_db_node_17/10_p0.7/10_graph_n17_p0.7_idx5.gpickle,17,0.7,5,7,49,134,"[8, 13, 4, 3, 2, 7, 0, 16, 11, 6, 14, 5, 12, 15, 9, 10, 1]",3.8568542
./random_graph_db/graph_db_node_17/10_p0.7/10_graph_n17_p0.7_idx6.gpickle,17,0.7,6,6,38,91,"[16, 4, 14, 7, 5, 12, 13, 0, 10, 15, 2, 3, 11, 9, 8, 6, 1]",3.7246189
./random_graph_db/graph_db_node_17/10_p0.7/10_graph_n17_p0.7_idx7.gpickle,17,0.7,7,7,46,117,"[13, 15, 4, 3, 7, 6, 10, 16, 11, 0, 8, 2, 9, 14, 1, 12, 5]",4.1758559
./random_graph_db/graph_db_node_17/10_p0.7/10_graph_n17_p0.7_idx8.gpickle,17,0.7,8,7,46,117,"[3, 10, 1, 6, 14, 11, 13, 16, 4, 15, 0, 5, 12, 8, 7, 2, 9]",3.527241
./random_graph_db/graph_db_node_17/10_p0.7/10_graph_n17_p0.7_idx9.gpickle,17,0.7,9,7,46,116,"[15, 12, 10, 0, 7, 9, 3, 1, 2, 5, 14, 4, 8, 6, 13, 11, 16]",3.949141
./random_graph_db/graph_db_node_17/11_p0.8/11_graph_n17_p0.8_idx1.gpickle,17,0.8,1,6,34,83,"[6, 15, 10, 11, 13, 2, 0, 4, 8, 3, 1, 14, 7, 9, 16, 5, 12]",2.946722
./random_graph_db/graph_db_node_17/11_p0.8/11_graph_n17_p0.8_idx10.gpickle,17,0.8,10,6,36,90,"[14, 12, 15, 5, 6, 1, 2, 7, 4, 16, 13, 10, 9, 8, 11, 0, 3]",3.1251469
./random_graph_db/graph_db_node_17/11_p0.8/11_graph_n17_p0.8_idx2.gpickle,17,0.8,2,3,14,55,"[15, 13, 1, 14, 7, 11, 12, 3, 6, 5, 9, 0, 16, 2, 8, 10, 4]",2.642895
./random_graph_db/graph_db_node_17/11_p0.8/11_graph_n17_p0.8_idx3.gpickle,17,0.8,3,6,33,89,"[5, 13, 6, 1, 12, 0, 16, 14, 7, 15, 11, 4, 9, 2, 8, 3, 10]",3.3739016
./random_graph_db/graph_db_node_17/11_p0.8/11_graph_n17_p0.8_idx4.gpickle,17,0.8,4,7,42,109,"[9, 0, 5, 4, 13, 7, 2, 16, 8, 6, 11, 14, 1, 10, 15, 3, 12]",3.437696
./random_graph_db/graph_db_node_17/11_p0.8/11_graph_n17_p0.8_idx5.gpickle,17,0.8,5,4,21,66,"[11, 4, 1, 6, 14, 10, 13, 5, 15, 16, 3, 0, 8, 7, 12, 2, 9]",2.4683678
./random_graph_db/graph_db_node_17/11_p0.8/11_graph_n17_p0.8_idx6.gpickle,17,0.8,6,6,27,77,"[6, 15, 9, 10, 13, 8, 1, 12, 3, 4, 2, 11, 14, 7, 16, 5, 0]",3.0740511
./random_graph_db/graph_db_node_17/11_p0.8/11_graph_n17_p0.8_idx7.gpickle,17,0.8,7,5,33,90,"[14, 10, 3, 13, 12, 15, 5, 11, 1, 8, 0, 7, 16, 9, 4, 6, 2]",2.8787398
./random_graph_db/graph_db_node_17/11_p0.8/11_graph_n17_p0.8_idx8.gpickle,17,0.8,8,4,19,57,"[12, 4, 9, 14, 11, 7, 8, 3, 6, 5, 13, 2, 10, 0, 15, 16, 1]",2.7397988
./random_graph_db/graph_db_node_17/11_p0.8/11_graph_n17_p0.8_idx9.gpickle,17,0.8,9,5,29,67,"[3, 14, 2, 13, 11, 15, 10, 7, 9, 1, 4, 5, 0, 16, 12, 6, 8]",3.0905581
./random_graph_db/graph_db_node_17/12_p0.9/12_graph_n17_p0.9_idx1.gpickle,17,0.9,1,2,9,42,"[15, 10, 16, 9, 7, 3, 14, 12, 0, 5, 4, 2, 11, 13, 1, 6, 8]",1.9353709
./random_graph_db/graph_db_node_17/12_p0.9/12_graph_n17_p0.9_idx10.gpickle,17,0.9,10,3,8,33,"[6, 3, 8, 2, 4, 7, 16, 13, 10, 15, 1, 9, 5, 11, 0, 14, 12]",1.8067708
./random_graph_db/graph_db_node_17/12_p0.9/12_graph_n17_p0.9_idx2.gpickle,17,0.9,2,3,10,43,"[3, 13, 9, 7, 11, 8, 1, 5, 16, 2, 14, 15, 6, 0, 10, 12, 4]",1.9541519
./random_graph_db/graph_db_node_17/12_p0.9/12_graph_n17_p0.9_idx3.gpickle,17,0.9,3,3,12,43,"[0, 8, 12, 1, 3, 10, 6, 7, 9, 2, 11, 5, 16, 13, 4, 14, 15]",2.1979163
./random_graph_db/graph_db_node_17/12_p0.9/12_graph_n17_p0.9_idx4.gpickle,17,0.9,4,4,18,64,"[10, 2, 16, 14, 4, 1, 11, 15, 12, 6, 8, 13, 5, 0, 3, 9, 7]",2.513581
./random_graph_db/graph_db_node_17/12_p0.9/12_graph_n17_p0.9_idx5.gpickle,17,0.9,5,3,9,31,"[1, 3, 0, 15, 9, 12, 2, 7, 4, 10, 6, 8, 5, 13, 16, 14, 11]",1.83445
./random_graph_db/graph_db_node_17/12_p0.9/12_graph_n17_p0.9_idx6.gpickle,17,0.9,6,2,3,26,"[0, 4, 13, 9, 14, 10, 2, 5, 1, 11, 15, 3, 6, 12, 7, 16, 8]",1.4052081
./random_graph_db/graph_db_node_17/12_p0.9/12_graph_n17_p0.9_idx7.gpickle,17,0.9,7,3,12,48,"[2, 5, 4, 10, 13, 0, 3, 6, 15, 9, 14, 7, 12, 1, 11, 8, 16]",1.7511222
./random_graph_db/graph_db_node_17/12_p0.9/12_graph_n17_p0.9_idx8.gpickle,17,0.9,8,3,10,38,"[11, 10, 14, 15, 5, 9, 16, 7, 1, 0, 3, 4, 2, 6, 12, 8, 13]",2.3540061
./random_graph_db/graph_db_node_17/12_p0.9/12_graph_n17_p0.9_idx9.gpickle,17,0.9,9,3,14,59,"[11, 16, 5, 14, 0, 15, 9, 10, 3, 13, 12, 7, 1, 4, 6, 8, 2]",2.1637151
./random_graph_db/graph_db_node_18/01_p0.1/01_graph_n18_p0.1_idx1.gpickle,18,0.1,1,2,2,27,"[9, 13, 1, 4, 16, 7, 17, 3, 10, 12, 15, 0, 6, 2, 8, 11, 14, 5]",1.5068631
./random_graph_db/graph_db_node_18/01_p0.1/01_graph_n18_p0.1_idx10.gpickle,18,0.1,10,3,7,32,"[3, 11, 8, 17, 4, 15, 16, 0, 2, 6, 7, 1, 13, 14, 10, 5, 12, 9]",1.8854368
./random_graph_db/graph_db_node_18/01_p0.1/01_graph_n18_p0.1_idx2.gpickle,18,0.1,2,3,5,26,"[13, 12, 4, 2, 9, 11, 1, 10, 7, 5, 6, 3, 14, 15, 8, 0, 16, 17]",1.791749
./random_graph_db/graph_db_node_18/01_p0.1/01_graph_n18_p0.1_idx3.gpickle,18,0.1,3,3,7,33,"[1, 0, 10, 5, 11, 6, 12, 7, 8, 15, 16, 17, 2, 3, 4, 13, 9, 14]",1.9232531
./random_graph_db/graph_db_node_18/01_p0.1/01_graph_n18_p0.1_idx4.gpickle,18,0.1,4,2,3,30,"[13, 1, 6, 5, 8, 16, 3, 2, 12, 17, 7, 11, 9, 0, 15, 10, 4, 14]",1.606163
./random_graph_db/graph_db_node_18/01_p0.1/01_graph_n18_p0.1_idx5.gpickle,18,0.1,5,3,5,31,"[8, 14, 11, 16, 9, 6, 13, 3, 1, 4, 2, 0, 17, 7, 10, 15, 12, 5]",1.7589018
./random_graph_db/graph_db_node_18/01_p0.1/01_graph_n18_p0.1_idx6.gpickle,18,0.1,6,2,2,25,"[12, 7, 1, 10, 5, 0, 14, 4, 9, 13, 3, 2, 6, 17, 16, 8, 15, 11]",1.5042572
./random_graph_db/graph_db_node_18/01_p0.1/01_graph_n18_p0.1_idx7.gpickle,18,0.1,7,3,5,31,"[4, 17, 8, 3, 15, 6, 1, 10, 11, 0, 13, 12, 9, 2, 7, 14, 5, 16]",1.73893
./random_graph_db/graph_db_node_18/01_p0.1/01_graph_n18_p0.1_idx8.gpickle,18,0.1,8,2,3,33,"[15, 13, 16, 3, 11, 0, 2, 4, 8, 14, 5, 10, 17, 7, 6, 12, 1, 9]",1.7336299
./random_graph_db/graph_db_node_18/01_p0.1/01_graph_n18_p0.1_idx9.gpickle,18,0.1,9,2,5,32,"[14, 0, 8, 13, 9, 1, 15, 4, 6, 2, 7, 10, 11, 3, 17, 16, 5, 12]",1.7304051
./random_graph_db/graph_db_node_18/02_p0.2/02_graph_n18_p0.2_idx1.gpickle,18,0.2,1,4,16,56,"[6, 4, 16, 7, 12, 15, 2, 10, 0, 11, 14, 1, 17, 3, 8, 13, 9, 5]",2.4709039
./random_graph_db/graph_db_node_18/02_p0.2/02_graph_n18_p0.2_idx10.gpickle,18,0.2,10,5,25,70,"[8, 6, 13, 1, 10, 9, 3, 4, 0, 15, 12, 14, 7, 16, 11, 2, 17, 5]",2.4638569
./random_graph_db/graph_db_node_18/02_p0.2/02_graph_n18_p0.2_idx2.gpickle,18,0.2,2,6,25,84,"[8, 0, 7, 12, 16, 2, 9, 11, 15, 14, 3, 1, 13, 6, 5, 4, 17, 10]",2.8926272
./random_graph_db/graph_db_node_18/02_p0.2/02_graph_n18_p0.2_idx3.gpickle,18,0.2,3,4,19,53,"[7, 17, 13, 15, 0, 1, 11, 4, 8, 9, 6, 16, 2, 5, 12, 10, 14, 3]",2.3355281
./random_graph_db/graph_db_node_18/02_p0.2/02_graph_n18_p0.2_idx4.gpickle,18,0.2,4,4,17,56,"[8, 0, 11, 14, 5, 9, 16, 3, 2, 10, 17, 13, 15, 12, 7, 1, 4, 6]",2.532491
./random_graph_db/graph_db_node_18/02_p0.2/02_graph_n18_p0.2_idx5.gpickle,18,0.2,5,5,18,56,"[12, 2, 0, 1, 15, 4, 8, 10, 14, 11, 7, 16, 5, 3, 9, 17, 6, 13]",2.5398998
./random_graph_db/graph_db_node_18/02_p0.2/02_graph_n18_p0.2_idx6.gpickle,18,0.2,6,4,17,56,"[4, 16, 12, 5, 14, 10, 6, 7, 17, 11, 2, 0, 3, 8, 9, 15, 1, 13]",2.3407159
./random_graph_db/graph_db_node_18/02_p0.2/02_graph_n18_p0.2_idx7.gpickle,18,0.2,7,5,23,59,"[12, 0, 2, 14, 13, 10, 11, 17, 6, 8, 15, 3, 16, 4, 1, 7, 5, 9]",2.462405
./random_graph_db/graph_db_node_18/02_p0.2/02_graph_n18_p0.2_idx8.gpickle,18,0.2,8,5,18,47,"[1, 14, 7, 4, 3, 13, 5, 10, 15, 6, 17, 16, 8, 9, 11, 2, 0, 12]",2.5476811
./random_graph_db/graph_db_node_18/02_p0.2/02_graph_n18_p0.2_idx9.gpickle,18,0.2,9,5,22,62,"[14, 12, 3, 0, 7, 5, 17, 1, 11, 4, 16, 10, 13, 8, 6, 15, 9, 2]",2.6206329
./random_graph_db/graph_db_node_18/03_p0.3/03_graph_n18_p0.3_idx1.gpickle,18,0.3,1,6,40,102,"[16, 6, 9, 4, 7, 8, 11, 17, 3, 15, 10, 12, 0, 1, 2, 5, 14, 13]",3.5893312
./random_graph_db/graph_db_node_18/03_p0.3/03_graph_n18_p0.3_idx10.gpickle,18,0.3,10,6,38,86,"[11, 7, 15, 1, 10, 13, 0, 16, 2, 8, 4, 17, 14, 3, 5, 6, 9, 12]",3.296253
./random_graph_db/graph_db_node_18/03_p0.3/03_graph_n18_p0.3_idx2.gpickle,18,0.3,2,6,39,107,"[10, 15, 13, 5, 16, 4, 2, 1, 12, 7, 3, 17, 6, 14, 11, 0, 8, 9]",3.4266162
./random_graph_db/graph_db_node_18/03_p0.3/03_graph_n18_p0.3_idx3.gpickle,18,0.3,3,6,36,105,"[5, 14, 0, 10, 11, 12, 6, 4, 7, 16, 15, 2, 17, 9, 1, 3, 8, 13]",3.5735123
./random_graph_db/graph_db_node_18/03_p0.3/03_graph_n18_p0.3_idx4.gpickle,18,0.3,4,5,29,86,"[3, 13, 1, 6, 10, 5, 11, 4, 14, 17, 7, 16, 8, 15, 0, 2, 12, 9]",3.4607282
./random_graph_db/graph_db_node_18/03_p0.3/03_graph_n18_p0.3_idx5.gpickle,18,0.3,5,7,41,99,"[5, 4, 7, 14, 12, 11, 13, 8, 2, 6, 16, 17, 10, 3, 0, 15, 1, 9]",3.3464532
./random_graph_db/graph_db_node_18/03_p0.3/03_graph_n18_p0.3_idx6.gpickle,18,0.3,6,6,35,98,"[1, 8, 11, 10, 9, 5, 7, 12, 6, 4, 16, 13, 14, 15, 2, 0, 3, 17]",4.120409
./random_graph_db/graph_db_node_18/03_p0.3/03_graph_n18_p0.3_idx7.gpickle,18,0.3,7,7,34,97,"[3, 13, 12, 5, 17, 6, 1, 0, 14, 9, 2, 15, 7, 11, 10, 4, 8, 16]",3.3096211
./random_graph_db/graph_db_node_18/03_p0.3/03_graph_n18_p0.3_idx8.gpickle,18,0.3,8,7,56,142,"[14, 7, 12, 6, 0, 11, 8, 15, 10, 5, 1, 9, 3, 17, 16, 13, 4, 2]",4.2271779
./random_graph_db/graph_db_node_18/03_p0.3/03_graph_n18_p0.3_idx9.gpickle,18,0.3,9,7,36,98,"[16, 13, 0, 11, 15, 9, 2, 3, 8, 7, 4, 6, 1, 14, 12, 17, 10, 5]",3.762152
./random_graph_db/graph_db_node_18/04_p0.4/04_graph_n18_p0.4_idx1.gpickle,18,0.4,1,8,57,147,"[9, 0, 5, 1, 10, 4, 14, 6, 15, 16, 12, 3, 13, 11, 2, 17, 8, 7]",4.3154571
./random_graph_db/graph_db_node_18/04_p0.4/04_graph_n18_p0.4_idx10.gpickle,18,0.4,10,7,46,121,"[11, 5, 15, 12, 6, 9, 0, 3, 8, 7, 2, 1, 4, 14, 13, 17, 16, 10]",4.3098831
./random_graph_db/graph_db_node_18/04_p0.4/04_graph_n18_p0.4_idx2.gpickle,18,0.4,2,7,52,141,"[7, 5, 3, 6, 0, 16, 1, 17, 11, 9, 2, 13, 12, 8, 14, 15, 10, 4]",4.6373229
./random_graph_db/graph_db_node_18/04_p0.4/04_graph_n18_p0.4_idx3.gpickle,18,0.4,3,7,50,132,"[6, 4, 2, 5, 14, 11, 8, 16, 10, 9, 7, 13, 12, 3, 17, 0, 1, 15]",4.2541988
./random_graph_db/graph_db_node_18/04_p0.4/04_graph_n18_p0.4_idx4.gpickle,18,0.4,4,8,54,145,"[8, 12, 15, 5, 4, 1, 3, 16, 10, 11, 2, 9, 13, 7, 17, 0, 6, 14]",4.1962519
./random_graph_db/graph_db_node_18/04_p0.4/04_graph_n18_p0.4_idx5.gpickle,18,0.4,5,8,61,152,"[14, 0, 10, 7, 4, 15, 12, 6, 1, 8, 2, 16, 11, 5, 13, 3, 17, 9]",4.5347819
./random_graph_db/graph_db_node_18/04_p0.4/04_graph_n18_p0.4_idx6.gpickle,18,0.4,6,7,40,111,"[1, 2, 4, 5, 13, 16, 7, 12, 14, 17, 6, 0, 15, 3, 11, 8, 10, 9]",3.7701287
./random_graph_db/graph_db_node_18/04_p0.4/04_graph_n18_p0.4_idx7.gpickle,18,0.4,7,7,43,120,"[17, 0, 8, 3, 16, 9, 2, 12, 11, 1, 5, 6, 7, 15, 14, 13, 4, 10]",4.6066568
./random_graph_db/graph_db_node_18/04_p0.4/04_graph_n18_p0.4_idx8.gpickle,18,0.4,8,7,49,137,"[2, 12, 10, 17, 9, 14, 0, 7, 1, 3, 8, 6, 16, 5, 11, 13, 15, 4]",4.8378229
./random_graph_db/graph_db_node_18/04_p0.4/04_graph_n18_p0.4_idx9.gpickle,18,0.4,9,8,49,110,"[16, 3, 0, 1, 7, 9, 5, 4, 17, 2, 6, 12, 11, 13, 8, 14, 15, 10]",4.2031
./random_graph_db/graph_db_node_18/05_p0.45/05_graph_n18_p0.45_idx1.gpickle,18,0.45,1,7,51,123,"[16, 15, 14, 13, 12, 1, 3, 6, 11, 10, 4, 7, 17, 9, 8, 5, 0, 2]",4.6473408
./random_graph_db/graph_db_node_18/05_p0.45/05_graph_n18_p0.45_idx10.gpickle,18,0.45,10,8,46,106,"[0, 14, 5, 2, 13, 15, 7, 6, 4, 3, 8, 1, 10, 11, 17, 12, 16, 9]",4.4462574
./random_graph_db/graph_db_node_18/05_p0.45/05_graph_n18_p0.45_idx2.gpickle,18,0.45,2,8,61,164,"[10, 5, 17, 0, 14, 1, 7, 3, 2, 12, 11, 8, 4, 13, 16, 15, 9, 6]",4.616066
./random_graph_db/graph_db_node_18/05_p0.45/05_graph_n18_p0.45_idx3.gpickle,18,0.45,3,7,42,117,"[12, 5, 14, 0, 17, 8, 10, 16, 4, 11, 6, 2, 7, 3, 9, 15, 13, 1]",4.5312729
./random_graph_db/graph_db_node_18/05_p0.45/05_graph_n18_p0.45_idx4.gpickle,18,0.45,4,8,49,136,"[14, 9, 11, 4, 13, 6, 12, 3, 1, 0, 2, 15, 17, 16, 5, 8, 10, 7]",4.1743219
./random_graph_db/graph_db_node_18/05_p0.45/05_graph_n18_p0.45_idx5.gpickle,18,0.45,5,8,60,152,"[0, 6, 2, 4, 17, 7, 13, 11, 3, 12, 8, 15, 16, 9, 10, 14, 1, 5]",4.6308589
./random_graph_db/graph_db_node_18/05_p0.45/05_graph_n18_p0.45_idx6.gpickle,18,0.45,6,7,45,119,"[9, 5, 6, 10, 8, 2, 16, 1, 12, 11, 7, 4, 17, 0, 14, 15, 13, 3]",3.7870669
./random_graph_db/graph_db_node_18/05_p0.45/05_graph_n18_p0.45_idx7.gpickle,18,0.45,7,8,48,132,"[11, 7, 10, 16, 9, 17, 15, 13, 0, 14, 12, 1, 6, 3, 4, 8, 2, 5]",4.294728
./random_graph_db/graph_db_node_18/05_p0.45/05_graph_n18_p0.45_idx8.gpickle,18,0.45,8,8,58,154,"[5, 3, 9, 11, 4, 7, 0, 6, 2, 16, 8, 13, 1, 12, 15, 17, 14, 10]",4.335119
./random_graph_db/graph_db_node_18/05_p0.45/05_graph_n18_p0.45_idx9.gpickle,18,0.45,9,7,45,116,"[5, 0, 12, 7, 1, 2, 10, 6, 4, 17, 16, 8, 13, 9, 14, 3, 15, 11]",4.3237362
./random_graph_db/graph_db_node_18/06_p0.5/06_graph_n18_p0.5_idx1.gpickle,18,0.5,1,7,51,141,"[4, 11, 0, 3, 16, 2, 8, 14, 5, 10, 9, 12, 15, 6, 17, 13, 7, 1]",4.502785
./random_graph_db/graph_db_node_18/06_p0.5/06_graph_n18_p0.5_idx10.gpickle,18,0.5,10,8,51,126,"[13, 10, 0, 6, 14, 3, 9, 8, 2, 5, 1, 15, 11, 17, 16, 7, 12, 4]",4.5966997
./random_graph_db/graph_db_node_18/06_p0.5/06_graph_n18_p0.5_idx2.gpickle,18,0.5,2,8,57,145,"[13, 11, 6, 14, 9, 15, 2, 1, 16, 7, 17, 10, 3, 12, 0, 4, 8, 5]",5.1269503
./random_graph_db/graph_db_node_18/06_p0.5/06_graph_n18_p0.5_idx3.gpickle,18,0.5,3,8,60,156,"[11, 17, 9, 3, 7, 2, 6, 5, 13, 16, 0, 1, 14, 4, 12, 10, 8, 15]",4.5029089
./random_graph_db/graph_db_node_18/06_p0.5/06_graph_n18_p0.5_idx4.gpickle,18,0.5,4,7,49,142,"[6, 10, 12, 8, 16, 11, 3, 4, 15, 9, 0, 1, 2, 7, 17, 13, 5, 14]",4.308428
./random_graph_db/graph_db_node_18/06_p0.5/06_graph_n18_p0.5_idx5.gpickle,18,0.5,5,8,60,138,"[16, 0, 4, 2, 9, 17, 1, 3, 15, 11, 13, 10, 14, 8, 7, 12, 6, 5]",4.998637
./random_graph_db/graph_db_node_18/06_p0.5/06_graph_n18_p0.5_idx6.gpickle,18,0.5,6,7,47,138,"[11, 2, 10, 5, 13, 14, 12, 16, 0, 8, 4, 1, 3, 7, 15, 6, 9, 17]",4.383415
./random_graph_db/graph_db_node_18/06_p0.5/06_graph_n18_p0.5_idx7.gpickle,18,0.5,7,8,63,172,"[1, 11, 13, 5, 7, 16, 10, 4, 0, 3, 12, 14, 8, 15, 2, 6, 17, 9]",4.6774189
./random_graph_db/graph_db_node_18/06_p0.5/06_graph_n18_p0.5_idx8.gpickle,18,0.5,8,7,48,132,"[13, 12, 5, 2, 10, 16, 0, 1, 11, 8, 15, 4, 7, 6, 14, 9, 17, 3]",4.5937841
./random_graph_db/graph_db_node_18/06_p0.5/06_graph_n18_p0.5_idx9.gpickle,18,0.5,9,8,53,138,"[9, 0, 5, 2, 16, 1, 14, 3, 7, 15, 6, 10, 11, 13, 12, 8, 17, 4]",4.4038601
./random_graph_db/graph_db_node_18/07_p0.55/07_graph_n18_p0.55_idx1.gpickle,18,0.55,1,7,42,126,"[6, 16, 14, 3, 0, 7, 13, 9, 1, 5, 17, 4, 10, 11, 8, 2, 12, 15]",3.913898
./random_graph_db/graph_db_node_18/07_p0.55/07_graph_n18_p0.55_idx10.gpickle,18,0.55,10,8,51,126,"[15, 5, 17, 2, 14, 16, 6, 3, 8, 4, 9, 10, 12, 0, 13, 7, 11, 1]",4.436933
./random_graph_db/graph_db_node_18/07_p0.55/07_graph_n18_p0.55_idx2.gpickle,18,0.55,2,7,48,124,"[15, 11, 7, 16, 8, 10, 9, 12, 13, 6, 2, 14, 0, 1, 17, 4, 5, 3]",3.6666849
./random_graph_db/graph_db_node_18/07_p0.55/07_graph_n18_p0.55_idx3.gpickle,18,0.55,3,7,46,123,"[2, 6, 4, 9, 7, 15, 3, 17, 10, 1, 0, 5, 12, 11, 16, 14, 13, 8]",4.3166168
./random_graph_db/graph_db_node_18/07_p0.55/07_graph_n18_p0.55_idx4.gpickle,18,0.55,4,7,51,145,"[11, 2, 9, 8, 13, 17, 12, 0, 3, 7, 15, 6, 4, 10, 5, 1, 16, 14]",4.3556719
./random_graph_db/graph_db_node_18/07_p0.55/07_graph_n18_p0.55_idx5.gpickle,18,0.55,5,8,63,156,"[15, 12, 4, 5, 16, 8, 17, 2, 6, 14, 9, 1, 7, 0, 3, 11, 13, 10]",5.1676469
./random_graph_db/graph_db_node_18/07_p0.55/07_graph_n18_p0.55_idx6.gpickle,18,0.55,6,8,50,137,"[14, 5, 7, 6, 3, 2, 10, 1, 16, 11, 8, 17, 9, 15, 12, 4, 13, 0]",4.21896
./random_graph_db/graph_db_node_18/07_p0.55/07_graph_n18_p0.55_idx7.gpickle,18,0.55,7,7,46,130,"[14, 10, 12, 16, 5, 1, 9, 6, 13, 3, 2, 17, 4, 7, 0, 15, 11, 8]",4.1508582
./random_graph_db/graph_db_node_18/07_p0.55/07_graph_n18_p0.55_idx8.gpickle,18,0.55,8,8,60,149,"[5, 8, 2, 6, 10, 7, 11, 15, 3, 0, 4, 13, 12, 14, 17, 16, 1, 9]",4.6833289
./random_graph_db/graph_db_node_18/07_p0.55/07_graph_n18_p0.55_idx9.gpickle,18,0.55,9,8,58,134,"[8, 6, 9, 16, 14, 2, 10, 7, 1, 5, 12, 3, 15, 11, 17, 0, 13, 4]",4.7808571
./random_graph_db/graph_db_node_18/08_p0.6/08_graph_n18_p0.6_idx1.gpickle,18,0.6,1,7,48,115,"[3, 13, 1, 6, 10, 14, 11, 15, 7, 17, 0, 5, 4, 12, 9, 2, 8, 16]",4.192364
./random_graph_db/graph_db_node_18/08_p0.6/08_graph_n18_p0.6_idx10.gpickle,18,0.6,10,7,50,149,"[16, 3, 8, 10, 1, 2, 12, 17, 13, 0, 15, 5, 9, 4, 11, 6, 7, 14]",4.5786707
./random_graph_db/graph_db_node_18/08_p0.6/08_graph_n18_p0.6_idx2.gpickle,18,0.6,2,8,53,148,"[0, 8, 12, 6, 9, 14, 4, 1, 3, 5, 13, 16, 7, 10, 17, 2, 15, 11]",4.5318899
./random_graph_db/graph_db_node_18/08_p0.6/08_graph_n18_p0.6_idx3.gpickle,18,0.6,3,8,60,156,"[2, 14, 0, 3, 1, 11, 16, 8, 12, 13, 10, 5, 6, 4, 17, 9, 15, 7]",4.1982999
./random_graph_db/graph_db_node_18/08_p0.6/08_graph_n18_p0.6_idx4.gpickle,18,0.6,4,7,56,143,"[5, 7, 9, 17, 14, 3, 6, 0, 13, 15, 1, 8, 16, 12, 10, 2, 4, 11]",4.5720029
./random_graph_db/graph_db_node_18/08_p0.6/08_graph_n18_p0.6_idx5.gpickle,18,0.6,5,7,50,129,"[0, 1, 6, 9, 13, 3, 4, 17, 16, 7, 8, 12, 5, 11, 15, 2, 14, 10]",4.350656
./random_graph_db/graph_db_node_18/08_p0.6/08_graph_n18_p0.6_idx6.gpickle,18,0.6,6,8,67,167,"[16, 12, 13, 5, 8, 15, 0, 14, 9, 4, 1, 2, 7, 11, 6, 17, 3, 10]",4.8096411
./random_graph_db/graph_db_node_18/08_p0.6/08_graph_n18_p0.6_idx7.gpickle,18,0.6,7,7,53,145,"[9, 13, 14, 11, 5, 1, 16, 10, 3, 0, 8, 4, 12, 7, 2, 17, 15, 6]",4.177402
./random_graph_db/graph_db_node_18/08_p0.6/08_graph_n18_p0.6_idx8.gpickle,18,0.6,8,8,60,158,"[9, 0, 15, 14, 4, 2, 6, 5, 10, 8, 17, 3, 11, 16, 1, 12, 13, 7]",4.6476119
./random_graph_db/graph_db_node_18/08_p0.6/08_graph_n18_p0.6_idx9.gpickle,18,0.6,9,7,51,135,"[4, 1, 17, 8, 13, 0, 14, 15, 3, 7, 12, 16, 2, 6, 11, 9, 5, 10]",4.284425
./random_graph_db/graph_db_node_18/09_p0.65/09_graph_n18_p0.65_idx1.gpickle,18,0.65,1,7,45,114,"[14, 0, 12, 11, 4, 1, 8, 5, 3, 7, 9, 16, 17, 13, 6, 15, 2, 10]",4.2744689
./random_graph_db/graph_db_node_18/09_p0.65/09_graph_n18_p0.65_idx10.gpickle,18,0.65,10,7,49,131,"[13, 7, 5, 12, 14, 11, 9, 8, 0, 16, 10, 3, 6, 1, 2, 4, 17, 15]",4.700659
./random_graph_db/graph_db_node_18/09_p0.65/09_graph_n18_p0.65_idx2.gpickle,18,0.65,2,8,62,153,"[15, 16, 1, 4, 7, 2, 6, 10, 12, 3, 8, 11, 0, 5, 13, 14, 17, 9]",4.8686528
./random_graph_db/graph_db_node_18/09_p0.65/09_graph_n18_p0.65_idx3.gpickle,18,0.65,3,8,52,133,"[11, 0, 14, 7, 5, 3, 2, 17, 13, 9, 16, 1, 6, 12, 10, 15, 8, 4]",4.6296339
./random_graph_db/graph_db_node_18/09_p0.65/09_graph_n18_p0.65_idx4.gpickle,18,0.65,4,7,40,125,"[10, 13, 2, 12, 6, 14, 5, 15, 7, 1, 8, 0, 4, 16, 17, 3, 11, 9]",3.804564
./random_graph_db/graph_db_node_18/09_p0.65/09_graph_n18_p0.65_idx5.gpickle,18,0.65,5,8,57,143,"[1, 5, 14, 16, 8, 7, 9, 15, 13, 0, 6, 2, 12, 3, 17, 11, 4, 10]",4.355583
./random_graph_db/graph_db_node_18/09_p0.65/09_graph_n18_p0.65_idx6.gpickle,18,0.65,6,7,48,133,"[12, 13, 11, 6, 4, 8, 14, 2, 17, 5, 3, 10, 16, 1, 0, 15, 7, 9]",4.17889
./random_graph_db/graph_db_node_18/09_p0.65/09_graph_n18_p0.65_idx7.gpickle,18,0.65,7,7,52,120,"[9, 17, 10, 11, 8, 14, 12, 5, 7, 0, 2, 1, 4, 16, 3, 6, 13, 15]",4.706779
./random_graph_db/graph_db_node_18/09_p0.65/09_graph_n18_p0.65_idx8.gpickle,18,0.65,8,7,42,117,"[2, 13, 0, 8, 14, 6, 15, 17, 9, 4, 10, 12, 7, 1, 11, 16, 3, 5]",4.4394648
./random_graph_db/graph_db_node_18/09_p0.65/09_graph_n18_p0.65_idx9.gpickle,18,0.65,9,8,67,147,"[10, 14, 7, 5, 1, 8, 2, 13, 4, 16, 17, 15, 6, 3, 0, 9, 11, 12]",4.5765181
./random_graph_db/graph_db_node_18/10_p0.7/10_graph_n18_p0.7_idx1.gpickle,18,0.7,1,7,45,112,"[6, 13, 8, 9, 3, 11, 5, 14, 16, 1, 4, 7, 0, 10, 15, 2, 17, 12]",3.8350048
./random_graph_db/graph_db_node_18/10_p0.7/10_graph_n18_p0.7_idx10.gpickle,18,0.7,10,8,56,137,"[8, 15, 1, 7, 9, 12, 6, 5, 14, 17, 10, 16, 13, 4, 3, 2, 11, 0]",3.9092963
./random_graph_db/graph_db_node_18/10_p0.7/10_graph_n18_p0.7_idx2.gpickle,18,0.7,2,6,43,109,"[17, 14, 3, 9, 1, 11, 5, 10, 2, 15, 4, 6, 7, 12, 16, 8, 0, 13]",4.2486472
./random_graph_db/graph_db_node_18/10_p0.7/10_graph_n18_p0.7_idx3.gpickle,18,0.7,3,6,33,87,"[4, 10, 12, 13, 15, 5, 2, 7, 16, 3, 14, 17, 0, 9, 6, 11, 1, 8]",4.0288951
./random_graph_db/graph_db_node_18/10_p0.7/10_graph_n18_p0.7_idx4.gpickle,18,0.7,4,8,54,139,"[16, 11, 10, 1, 13, 7, 12, 0, 9, 4, 8, 5, 3, 2, 17, 15, 14, 6]",4.0943449
./random_graph_db/graph_db_node_18/10_p0.7/10_graph_n18_p0.7_idx5.gpickle,18,0.7,5,8,59,148,"[15, 9, 10, 0, 7, 17, 14, 12, 8, 4, 5, 16, 13, 2, 6, 11, 3, 1]",4.5805368
./random_graph_db/graph_db_node_18/10_p0.7/10_graph_n18_p0.7_idx6.gpickle,18,0.7,6,7,59,147,"[12, 1, 15, 17, 9, 10, 4, 11, 7, 6, 16, 3, 5, 14, 0, 13, 2, 8]",4.8194749
./random_graph_db/graph_db_node_18/10_p0.7/10_graph_n18_p0.7_idx7.gpickle,18,0.7,7,7,53,136,"[1, 12, 17, 0, 14, 2, 9, 11, 5, 8, 16, 15, 6, 13, 7, 3, 4, 10]",5.0506239
./random_graph_db/graph_db_node_18/10_p0.7/10_graph_n18_p0.7_idx8.gpickle,18,0.7,8,8,53,135,"[4, 10, 0, 2, 16, 15, 12, 13, 3, 7, 1, 5, 6, 17, 8, 11, 9, 14]",4.540472
./random_graph_db/graph_db_node_18/10_p0.7/10_graph_n18_p0.7_idx9.gpickle,18,0.7,9,8,47,132,"[12, 14, 5, 16, 10, 1, 17, 0, 2, 11, 4, 6, 8, 9, 15, 13, 3, 7]",4.083672
./random_graph_db/graph_db_node_18/11_p0.8/11_graph_n18_p0.8_idx1.gpickle,18,0.8,1,6,36,89,"[13, 12, 17, 11, 1, 0, 16, 9, 8, 2, 15, 10, 3, 4, 7, 6, 5, 14]",3.4033039
./random_graph_db/graph_db_node_18/11_p0.8/11_graph_n18_p0.8_idx10.gpickle,18,0.8,10,6,29,76,"[13, 11, 12, 5, 15, 16, 0, 4, 3, 10, 2, 14, 1, 9, 17, 7, 8, 6]",3.3135018
./random_graph_db/graph_db_node_18/11_p0.8/11_graph_n18_p0.8_idx2.gpickle,18,0.8,2,5,19,57,"[15, 12, 5, 11, 7, 3, 8, 1, 9, 2, 0, 13, 14, 16, 6, 4, 17, 10]",2.5259531
./random_graph_db/graph_db_node_18/11_p0.8/11_graph_n18_p0.8_idx3.gpickle,18,0.8,3,7,45,120,"[10, 11, 15, 2, 8, 1, 13, 9, 4, 7, 16, 14, 12, 3, 5, 0, 6, 17]",4.170238
./random_graph_db/graph_db_node_18/11_p0.8/11_graph_n18_p0.8_idx4.gpickle,18,0.8,4,7,39,93,"[11, 12, 3, 16, 15, 8, 4, 9, 2, 5, 7, 0, 10, 6, 1, 14, 17, 13]",3.6152461
./random_graph_db/graph_db_node_18/11_p0.8/11_graph_n18_p0.8_idx5.gpickle,18,0.8,5,6,23,72,"[8, 14, 13, 2, 1, 16, 5, 0, 10, 17, 7, 9, 3, 15, 6, 11, 4, 12]",2.9273119
./random_graph_db/graph_db_node_18/11_p0.8/11_graph_n18_p0.8_idx6.gpickle,18,0.8,6,6,31,82,"[3, 14, 8, 0, 13, 1, 5, 16, 6, 10, 4, 9, 2, 17, 12, 15, 11, 7]",3.194484
./random_graph_db/graph_db_node_18/11_p0.8/11_graph_n18_p0.8_idx7.gpickle,18,0.8,7,6,26,87,"[4, 12, 17, 7, 14, 0, 15, 3, 10, 13, 9, 1, 16, 5, 8, 2, 6, 11]",3.0566499
./random_graph_db/graph_db_node_18/11_p0.8/11_graph_n18_p0.8_idx8.gpickle,18,0.8,8,6,34,89,"[10, 16, 13, 4, 3, 1, 0, 9, 6, 15, 17, 2, 14, 7, 12, 5, 8, 11]",3.5992382
./random_graph_db/graph_db_node_18/11_p0.8/11_graph_n18_p0.8_idx9.gpickle,18,0.8,9,5,28,78,"[2, 12, 6, 9, 15, 5, 13, 0, 14, 11, 10, 4, 7, 8, 1, 17, 16, 3]",3.12852
./random_graph_db/graph_db_node_18/12_p0.9/12_graph_n18_p0.9_idx1.gpickle,18,0.9,1,3,11,34,"[15, 8, 7, 4, 3, 17, 0, 11, 2, 9, 10, 13, 6, 12, 1, 5, 14, 16]",2.1790679
./random_graph_db/graph_db_node_18/12_p0.9/12_graph_n18_p0.9_idx10.gpickle,18,0.9,10,2,11,53,"[17, 10, 1, 6, 5, 13, 2, 3, 8, 15, 11, 12, 0, 14, 9, 7, 4, 16]",2.2781522
./random_graph_db/graph_db_node_18/12_p0.9/12_graph_n18_p0.9_idx2.gpickle,18,0.9,2,3,12,52,"[13, 16, 7, 8, 12, 4, 1, 3, 10, 17, 9, 2, 14, 6, 0, 15, 11, 5]",2.127769
./random_graph_db/graph_db_node_18/12_p0.9/12_graph_n18_p0.9_idx3.gpickle,18,0.9,3,5,19,70,"[3, 9, 7, 5, 2, 17, 13, 11, 14, 12, 16, 6, 1, 15, 10, 4, 0, 8]",2.770668
./random_graph_db/graph_db_node_18/12_p0.9/12_graph_n18_p0.9_idx4.gpickle,18,0.9,4,6,33,91,"[3, 10, 1, 5, 13, 0, 4, 12, 7, 15, 14, 2, 9, 8, 6, 17, 11, 16]",3.271487
./random_graph_db/graph_db_node_18/12_p0.9/12_graph_n18_p0.9_idx5.gpickle,18,0.9,5,4,12,36,"[15, 6, 17, 13, 11, 10, 16, 3, 4, 0, 9, 7, 2, 5, 1, 12, 8, 14]",2.1247282
./random_graph_db/graph_db_node_18/12_p0.9/12_graph_n18_p0.9_idx6.gpickle,18,0.9,6,2,7,40,"[10, 1, 13, 0, 4, 9, 7, 14, 15, 2, 8, 16, 11, 6, 17, 5, 12, 3]",2.011838
./random_graph_db/graph_db_node_18/12_p0.9/12_graph_n18_p0.9_idx7.gpickle,18,0.9,7,3,14,47,"[14, 0, 13, 7, 17, 3, 2, 10, 4, 9, 1, 6, 11, 5, 12, 8, 16, 15]",2.094703
./random_graph_db/graph_db_node_18/12_p0.9/12_graph_n18_p0.9_idx8.gpickle,18,0.9,8,3,14,46,"[16, 4, 14, 13, 2, 10, 12, 9, 7, 6, 3, 11, 5, 15, 17, 8, 1, 0]",2.3619819
./random_graph_db/graph_db_node_18/12_p0.9/12_graph_n18_p0.9_idx9.gpickle,18,0.9,9,4,17,49,"[16, 7, 3, 8, 14, 0, 12, 10, 13, 9, 15, 17, 5, 11, 1, 4, 6, 2]",2.4536951
./random_graph_db/graph_db_node_19/01_p0.1/01_graph_n19_p0.1_idx1.gpickle,19,0.1,1,3,8,38,"[8, 0, 3, 11, 2, 9, 18, 5, 10, 16, 13, 1, 14, 17, 7, 4, 6, 15, 12]",2.0207689
./random_graph_db/graph_db_node_19/01_p0.1/01_graph_n19_p0.1_idx10.gpickle,19,0.1,10,4,8,33,"[11, 5, 7, 3, 1, 0, 12, 15, 16, 6, 4, 14, 18, 17, 2, 13, 9, 10, 8]",2.0458851
./random_graph_db/graph_db_node_19/01_p0.1/01_graph_n19_p0.1_idx2.gpickle,19,0.1,2,2,2,30,"[10, 18, 11, 17, 13, 0, 2, 15, 5, 7, 1, 8, 6, 16, 4, 3, 9, 14, 12]",1.5851221
./random_graph_db/graph_db_node_19/01_p0.1/01_graph_n19_p0.1_idx3.gpickle,19,0.1,3,2,4,30,"[4, 12, 0, 1, 13, 5, 3, 6, 17, 14, 16, 7, 2, 9, 10, 11, 15, 8, 18]",1.8648357
./random_graph_db/graph_db_node_19/01_p0.1/01_graph_n19_p0.1_idx4.gpickle,19,0.1,4,3,7,34,"[14, 17, 10, 8, 15, 7, 12, 9, 13, 2, 1, 16, 0, 18, 5, 3, 4, 11, 6]",1.8861592
./random_graph_db/graph_db_node_19/01_p0.1/01_graph_n19_p0.1_idx5.gpickle,19,0.1,5,3,8,34,"[9, 8, 11, 4, 3, 17, 6, 10, 2, 1, 7, 15, 14, 0, 12, 5, 18, 13, 16]",1.999594
./random_graph_db/graph_db_node_19/01_p0.1/01_graph_n19_p0.1_idx6.gpickle,19,0.1,6,2,2,29,"[17, 10, 7, 3, 1, 12, 0, 9, 2, 8, 4, 6, 15, 16, 18, 14, 11, 13, 5]",1.9451756
./random_graph_db/graph_db_node_19/01_p0.1/01_graph_n19_p0.1_idx7.gpickle,19,0.1,7,3,7,31,"[0, 6, 13, 16, 10, 9, 12, 7, 3, 17, 18, 4, 1, 11, 8, 2, 5, 14, 15]",1.9445531
./random_graph_db/graph_db_node_19/01_p0.1/01_graph_n19_p0.1_idx8.gpickle,19,0.1,8,2,3,29,"[17, 10, 6, 11, 3, 12, 0, 8, 1, 13, 7, 15, 2, 9, 5, 14, 18, 4, 16]",1.749063
./random_graph_db/graph_db_node_19/01_p0.1/01_graph_n19_p0.1_idx9.gpickle,19,0.1,9,5,19,59,"[9, 10, 4, 16, 6, 13, 8, 2, 15, 7, 11, 5, 0, 3, 14, 17, 18, 12, 1]",2.4250119
./random_graph_db/graph_db_node_19/02_p0.2/02_graph_n19_p0.2_idx1.gpickle,19,0.2,1,5,20,61,"[15, 18, 9, 7, 4, 8, 17, 13, 12, 1, 14, 11, 3, 0, 16, 2, 10, 6, 5]",2.840112
./random_graph_db/graph_db_node_19/02_p0.2/02_graph_n19_p0.2_idx10.gpickle,19,0.2,10,4,12,48,"[15, 2, 8, 3, 14, 7, 9, 18, 6, 17, 5, 12, 10, 13, 0, 1, 16, 11, 4]",2.2569728
./random_graph_db/graph_db_node_19/02_p0.2/02_graph_n19_p0.2_idx2.gpickle,19,0.2,2,6,25,77,"[13, 6, 17, 4, 10, 3, 5, 11, 15, 8, 14, 16, 12, 9, 1, 2, 7, 18, 0]",3.1143517
./random_graph_db/graph_db_node_19/02_p0.2/02_graph_n19_p0.2_idx3.gpickle,19,0.2,3,5,20,66,"[3, 11, 0, 15, 13, 8, 16, 2, 7, 4, 14, 1, 10, 5, 17, 6, 9, 12, 18]",2.7090642
./random_graph_db/graph_db_node_19/02_p0.2/02_graph_n19_p0.2_idx4.gpickle,19,0.2,4,4,15,67,"[8, 11, 6, 13, 17, 3, 15, 14, 16, 1, 0, 2, 12, 18, 10, 7, 5, 9, 4]",2.6254811
./random_graph_db/graph_db_node_19/02_p0.2/02_graph_n19_p0.2_idx5.gpickle,19,0.2,5,5,24,73,"[17, 8, 14, 1, 7, 12, 9, 13, 3, 15, 6, 18, 11, 5, 0, 2, 10, 4, 16]",2.9533381
./random_graph_db/graph_db_node_19/02_p0.2/02_graph_n19_p0.2_idx6.gpickle,19,0.2,6,4,14,56,"[0, 7, 3, 11, 13, 5, 2, 17, 10, 9, 15, 6, 14, 8, 1, 18, 16, 12, 4]",2.5092418
./random_graph_db/graph_db_node_19/02_p0.2/02_graph_n19_p0.2_idx7.gpickle,19,0.2,7,6,21,57,"[16, 9, 4, 6, 0, 12, 7, 18, 13, 1, 17, 15, 8, 2, 10, 5, 3, 11, 14]",2.7623522
./random_graph_db/graph_db_node_19/02_p0.2/02_graph_n19_p0.2_idx8.gpickle,19,0.2,8,4,21,59,"[2, 6, 9, 4, 14, 1, 12, 0, 18, 17, 15, 7, 3, 10, 5, 11, 8, 13, 16]",2.6846259
./random_graph_db/graph_db_node_19/02_p0.2/02_graph_n19_p0.2_idx9.gpickle,19,0.2,9,5,26,67,"[18, 8, 2, 15, 10, 1, 6, 16, 12, 17, 13, 9, 5, 14, 11, 3, 4, 7, 0]",3.1493063
./random_graph_db/graph_db_node_19/03_p0.3/03_graph_n19_p0.3_idx1.gpickle,19,0.3,1,6,43,126,"[5, 4, 1, 8, 15, 2, 0, 18, 16, 12, 14, 3, 7, 10, 13, 11, 6, 17, 9]",4.1220028
./random_graph_db/graph_db_node_19/03_p0.3/03_graph_n19_p0.3_idx10.gpickle,19,0.3,10,6,32,78,"[13, 7, 16, 3, 14, 1, 18, 8, 17, 2, 12, 9, 11, 5, 4, 15, 0, 10, 6]",3.5450842
./random_graph_db/graph_db_node_19/03_p0.3/03_graph_n19_p0.3_idx2.gpickle,19,0.3,2,6,32,85,"[5, 2, 14, 15, 9, 7, 0, 8, 18, 6, 11, 13, 10, 1, 17, 12, 3, 4, 16]",3.26086
./random_graph_db/graph_db_node_19/03_p0.3/03_graph_n19_p0.3_idx3.gpickle,19,0.3,3,7,50,117,"[3, 5, 6, 17, 1, 18, 8, 16, 10, 15, 7, 9, 14, 13, 12, 2, 0, 4, 11]",4.134413
./random_graph_db/graph_db_node_19/03_p0.3/03_graph_n19_p0.3_idx4.gpickle,19,0.3,4,7,37,100,"[3, 10, 7, 8, 18, 4, 11, 15, 0, 12, 13, 16, 5, 1, 9, 2, 17, 6, 14]",3.827106
./random_graph_db/graph_db_node_19/03_p0.3/03_graph_n19_p0.3_idx5.gpickle,19,0.3,5,7,38,106,"[0, 5, 16, 18, 9, 17, 3, 13, 14, 2, 6, 15, 11, 7, 8, 1, 4, 10, 12]",3.7041299
./random_graph_db/graph_db_node_19/03_p0.3/03_graph_n19_p0.3_idx6.gpickle,19,0.3,6,7,35,87,"[2, 14, 13, 12, 6, 15, 4, 17, 0, 18, 5, 9, 8, 7, 11, 16, 10, 3, 1]",3.6655028
./random_graph_db/graph_db_node_19/03_p0.3/03_graph_n19_p0.3_idx7.gpickle,19,0.3,7,8,45,116,"[3, 11, 10, 15, 18, 8, 14, 0, 2, 12, 4, 7, 1, 5, 6, 13, 9, 17, 16]",3.653523
./random_graph_db/graph_db_node_19/03_p0.3/03_graph_n19_p0.3_idx8.gpickle,19,0.3,8,8,54,148,"[0, 12, 13, 11, 9, 4, 2, 8, 5, 18, 17, 15, 16, 1, 6, 10, 3, 14, 7]",4.1488423
./random_graph_db/graph_db_node_19/03_p0.3/03_graph_n19_p0.3_idx9.gpickle,19,0.3,9,8,57,142,"[12, 9, 16, 4, 2, 6, 14, 7, 17, 0, 1, 5, 13, 11, 18, 15, 3, 10, 8]",4.402329
./random_graph_db/graph_db_node_19/04_p0.4/04_graph_n19_p0.4_idx1.gpickle,19,0.4,1,8,65,175,"[18, 5, 16, 8, 2, 9, 7, 1, 15, 12, 4, 11, 13, 17, 0, 10, 6, 3, 14]",5.527921
./random_graph_db/graph_db_node_19/04_p0.4/04_graph_n19_p0.4_idx10.gpickle,19,0.4,10,8,61,168,"[13, 1, 9, 18, 11, 17, 5, 3, 7, 8, 2, 15, 0, 14, 12, 6, 4, 10, 16]",5.1548519
./random_graph_db/graph_db_node_19/04_p0.4/04_graph_n19_p0.4_idx2.gpickle,19,0.4,2,7,48,129,"[11, 13, 7, 9, 12, 1, 3, 17, 8, 10, 16, 4, 2, 15, 0, 14, 5, 6, 18]",4.776581
./random_graph_db/graph_db_node_19/04_p0.4/04_graph_n19_p0.4_idx3.gpickle,19,0.4,3,8,53,155,"[1, 3, 13, 5, 4, 6, 7, 9, 8, 10, 2, 12, 0, 15, 11, 16, 17, 18, 14]",4.606178
./random_graph_db/graph_db_node_19/04_p0.4/04_graph_n19_p0.4_idx4.gpickle,19,0.4,4,8,54,155,"[14, 11, 8, 9, 12, 0, 16, 13, 4, 1, 10, 3, 18, 17, 5, 15, 2, 7, 6]",5.0737729
./random_graph_db/graph_db_node_19/04_p0.4/04_graph_n19_p0.4_idx5.gpickle,19,0.4,5,8,53,137,"[9, 11, 5, 0, 3, 4, 18, 1, 2, 12, 13, 6, 15, 16, 14, 8, 17, 10, 7]",4.5869842
./random_graph_db/graph_db_node_19/04_p0.4/04_graph_n19_p0.4_idx6.gpickle,19,0.4,6,8,50,127,"[13, 12, 3, 9, 16, 4, 14, 6, 2, 0, 7, 17, 5, 18, 10, 8, 15, 11, 1]",4.7895098
./random_graph_db/graph_db_node_19/04_p0.4/04_graph_n19_p0.4_idx7.gpickle,19,0.4,7,8,56,141,"[11, 17, 2, 14, 8, 7, 15, 3, 10, 5, 1, 0, 4, 16, 9, 18, 13, 12, 6]",4.6101501
./random_graph_db/graph_db_node_19/04_p0.4/04_graph_n19_p0.4_idx8.gpickle,19,0.4,8,8,56,147,"[7, 18, 9, 14, 0, 16, 8, 15, 3, 2, 4, 5, 17, 10, 11, 1, 13, 6, 12]",4.7381933
./random_graph_db/graph_db_node_19/04_p0.4/04_graph_n19_p0.4_idx9.gpickle,19,0.4,9,8,57,140,"[13, 1, 6, 5, 2, 11, 18, 3, 16, 7, 0, 10, 15, 17, 14, 12, 9, 4, 8]",4.7668588
./random_graph_db/graph_db_node_19/05_p0.45/05_graph_n19_p0.45_idx1.gpickle,19,0.45,1,7,48,127,"[6, 16, 13, 1, 14, 4, 0, 17, 8, 3, 11, 9, 15, 7, 18, 10, 5, 2, 12]",4.4278502
./random_graph_db/graph_db_node_19/05_p0.45/05_graph_n19_p0.45_idx10.gpickle,19,0.45,10,8,69,159,"[14, 4, 0, 15, 6, 1, 16, 17, 7, 10, 9, 18, 13, 3, 2, 12, 5, 8, 11]",5.0400441
./random_graph_db/graph_db_node_19/05_p0.45/05_graph_n19_p0.45_idx2.gpickle,19,0.45,2,8,67,156,"[6, 15, 0, 5, 10, 18, 1, 17, 13, 12, 7, 9, 4, 16, 8, 3, 2, 14, 11]",5.0264859
./random_graph_db/graph_db_node_19/05_p0.45/05_graph_n19_p0.45_idx3.gpickle,19,0.45,3,8,50,133,"[5, 1, 7, 15, 6, 16, 4, 17, 2, 10, 13, 11, 18, 9, 8, 0, 12, 14, 3]",4.9059081
./random_graph_db/graph_db_node_19/05_p0.45/05_graph_n19_p0.45_idx4.gpickle,19,0.45,4,8,58,150,"[1, 18, 15, 9, 10, 3, 4, 7, 6, 5, 14, 16, 8, 2, 11, 12, 0, 17, 13]",4.8631101
./random_graph_db/graph_db_node_19/05_p0.45/05_graph_n19_p0.45_idx5.gpickle,19,0.45,5,8,61,155,"[6, 7, 9, 14, 10, 11, 17, 1, 5, 13, 16, 3, 4, 0, 8, 12, 18, 2, 15]",5.1782231
./random_graph_db/graph_db_node_19/05_p0.45/05_graph_n19_p0.45_idx6.gpickle,19,0.45,6,7,44,117,"[2, 1, 8, 0, 3, 5, 15, 4, 16, 13, 6, 7, 9, 11, 10, 17, 14, 18, 12]",4.7573543
./random_graph_db/graph_db_node_19/05_p0.45/05_graph_n19_p0.45_idx7.gpickle,19,0.45,7,7,50,149,"[2, 7, 6, 14, 17, 3, 0, 4, 9, 18, 12, 8, 1, 13, 16, 15, 10, 11, 5]",4.4373012
./random_graph_db/graph_db_node_19/05_p0.45/05_graph_n19_p0.45_idx8.gpickle,19,0.45,8,7,57,156,"[6, 18, 7, 5, 13, 3, 16, 14, 10, 17, 11, 8, 2, 0, 4, 12, 9, 1, 15]",5.0674989
./random_graph_db/graph_db_node_19/05_p0.45/05_graph_n19_p0.45_idx9.gpickle,19,0.45,9,7,42,125,"[13, 8, 15, 0, 12, 4, 14, 2, 6, 16, 5, 3, 1, 17, 9, 11, 10, 18, 7]",4.866761
./random_graph_db/graph_db_node_19/06_p0.5/06_graph_n19_p0.5_idx1.gpickle,19,0.5,1,8,63,147,"[1, 16, 3, 7, 9, 18, 13, 8, 14, 11, 17, 5, 6, 10, 12, 2, 0, 4, 15]",4.875073
./random_graph_db/graph_db_node_19/06_p0.5/06_graph_n19_p0.5_idx10.gpickle,19,0.5,10,8,59,162,"[2, 6, 18, 13, 14, 15, 16, 10, 11, 4, 9, 8, 12, 0, 7, 1, 5, 3, 17]",5.0594289
./random_graph_db/graph_db_node_19/06_p0.5/06_graph_n19_p0.5_idx2.gpickle,19,0.5,2,8,61,155,"[11, 14, 12, 13, 10, 15, 6, 5, 0, 1, 9, 18, 4, 7, 3, 16, 2, 17, 8]",5.4364691
./random_graph_db/graph_db_node_19/06_p0.5/06_graph_n19_p0.5_idx3.gpickle,19,0.5,3,8,63,158,"[7, 0, 13, 17, 15, 16, 4, 10, 5, 12, 1, 11, 6, 3, 8, 18, 9, 14, 2]",4.8118341
./random_graph_db/graph_db_node_19/06_p0.5/06_graph_n19_p0.5_idx4.gpickle,19,0.5,4,7,61,163,"[6, 14, 10, 16, 3, 7, 2, 17, 18, 11, 5, 13, 0, 12, 9, 4, 15, 8, 1]",5.21631
./random_graph_db/graph_db_node_19/06_p0.5/06_graph_n19_p0.5_idx5.gpickle,19,0.5,5,8,69,173,"[8, 1, 2, 3, 12, 13, 11, 4, 17, 9, 14, 16, 15, 0, 18, 7, 5, 6, 10]",5.45151
./random_graph_db/graph_db_node_19/06_p0.5/06_graph_n19_p0.5_idx6.gpickle,19,0.5,6,8,55,157,"[4, 8, 5, 9, 1, 7, 2, 6, 10, 0, 13, 3, 16, 17, 12, 15, 14, 11, 18]",5.0233841
./random_graph_db/graph_db_node_19/06_p0.5/06_graph_n19_p0.5_idx7.gpickle,19,0.5,7,8,54,149,"[17, 8, 11, 12, 0, 13, 15, 3, 14, 5, 2, 6, 4, 16, 9, 1, 7, 10, 18]",5.036411
./random_graph_db/graph_db_node_19/06_p0.5/06_graph_n19_p0.5_idx8.gpickle,19,0.5,8,8,61,149,"[1, 2, 7, 3, 0, 4, 17, 14, 16, 12, 9, 13, 11, 5, 18, 6, 10, 8, 15]",5.2571442
./random_graph_db/graph_db_node_19/06_p0.5/06_graph_n19_p0.5_idx9.gpickle,19,0.5,9,9,59,161,"[14, 2, 5, 3, 1, 7, 6, 17, 11, 4, 18, 8, 12, 13, 16, 0, 15, 10, 9]",5.2659657
./random_graph_db/graph_db_node_19/07_p0.55/07_graph_n19_p0.55_idx1.gpickle,19,0.55,1,8,62,156,"[4, 12, 9, 11, 15, 2, 6, 0, 18, 7, 1, 10, 14, 5, 13, 16, 8, 3, 17]",5.1367753
./random_graph_db/graph_db_node_19/07_p0.55/07_graph_n19_p0.55_idx10.gpickle,19,0.55,10,8,57,141,"[10, 13, 1, 15, 11, 8, 2, 12, 3, 7, 18, 14, 0, 17, 6, 9, 5, 16, 4]",4.823678
./random_graph_db/graph_db_node_19/07_p0.55/07_graph_n19_p0.55_idx2.gpickle,19,0.55,2,8,62,158,"[3, 9, 5, 4, 0, 12, 16, 2, 8, 15, 14, 17, 11, 1, 13, 6, 10, 7, 18]",5.1606228
./random_graph_db/graph_db_node_19/07_p0.55/07_graph_n19_p0.55_idx3.gpickle,19,0.55,3,9,58,160,"[3, 5, 15, 2, 14, 0, 11, 10, 1, 12, 8, 17, 6, 9, 4, 13, 7, 18, 16]",4.9022791
./random_graph_db/graph_db_node_19/07_p0.55/07_graph_n19_p0.55_idx4.gpickle,19,0.55,4,8,53,142,"[3, 1, 4, 0, 16, 13, 8, 10, 2, 15, 17, 11, 7, 14, 9, 6, 12, 5, 18]",4.5300651
./random_graph_db/graph_db_node_19/07_p0.55/07_graph_n19_p0.55_idx5.gpickle,19,0.55,5,8,58,155,"[1, 4, 17, 15, 2, 18, 12, 0, 3, 11, 10, 7, 14, 9, 8, 16, 6, 13, 5]",4.7272971
./random_graph_db/graph_db_node_19/07_p0.55/07_graph_n19_p0.55_idx6.gpickle,19,0.55,6,8,66,161,"[18, 6, 0, 9, 4, 10, 12, 14, 5, 11, 8, 7, 17, 15, 16, 2, 1, 13, 3]",5.6059129
./random_graph_db/graph_db_node_19/07_p0.55/07_graph_n19_p0.55_idx7.gpickle,19,0.55,7,8,72,191,"[12, 10, 9, 5, 15, 16, 2, 4, 14, 17, 11, 1, 3, 7, 8, 18, 13, 0, 6]",5.1563241
./random_graph_db/graph_db_node_19/07_p0.55/07_graph_n19_p0.55_idx8.gpickle,19,0.55,8,8,50,138,"[4, 8, 9, 16, 3, 18, 7, 6, 12, 11, 14, 15, 1, 17, 0, 2, 5, 13, 10]",4.849468
./random_graph_db/graph_db_node_19/07_p0.55/07_graph_n19_p0.55_idx9.gpickle,19,0.55,9,8,49,131,"[2, 12, 5, 17, 3, 15, 16, 10, 9, 0, 18, 6, 7, 13, 1, 14, 11, 8, 4]",4.5592508
./random_graph_db/graph_db_node_19/08_p0.6/08_graph_n19_p0.6_idx1.gpickle,19,0.6,1,9,65,155,"[2, 1, 16, 0, 5, 6, 8, 3, 7, 14, 18, 11, 17, 10, 15, 9, 4, 13, 12]",5.3668501
./random_graph_db/graph_db_node_19/08_p0.6/08_graph_n19_p0.6_idx10.gpickle,19,0.6,10,8,58,158,"[0, 6, 15, 5, 9, 16, 17, 13, 18, 4, 10, 11, 7, 3, 12, 2, 8, 14, 1]",5.1253252
./random_graph_db/graph_db_node_19/08_p0.6/08_graph_n19_p0.6_idx2.gpickle,19,0.6,2,8,57,147,"[4, 5, 1, 7, 9, 0, 8, 3, 15, 14, 6, 13, 11, 16, 2, 12, 17, 10, 18]",5.0005569
./random_graph_db/graph_db_node_19/08_p0.6/08_graph_n19_p0.6_idx3.gpickle,19,0.6,3,8,59,148,"[8, 7, 18, 14, 3, 15, 16, 4, 9, 12, 10, 13, 6, 5, 11, 2, 0, 1, 17]",4.8492501
./random_graph_db/graph_db_node_19/08_p0.6/08_graph_n19_p0.6_idx4.gpickle,19,0.6,4,8,60,163,"[3, 10, 6, 11, 15, 8, 12, 0, 14, 17, 2, 1, 13, 18, 9, 7, 4, 16, 5]",5.08495
./random_graph_db/graph_db_node_19/08_p0.6/08_graph_n19_p0.6_idx5.gpickle,19,0.6,5,8,64,173,"[15, 17, 7, 9, 2, 11, 6, 18, 4, 8, 13, 3, 1, 10, 14, 16, 5, 12, 0]",5.694401
./random_graph_db/graph_db_node_19/08_p0.6/08_graph_n19_p0.6_idx6.gpickle,19,0.6,6,8,61,150,"[5, 4, 18, 10, 16, 15, 0, 1, 6, 14, 13, 12, 7, 9, 11, 2, 8, 17, 3]",4.6989062
./random_graph_db/graph_db_node_19/08_p0.6/08_graph_n19_p0.6_idx7.gpickle,19,0.6,7,9,70,170,"[11, 2, 7, 8, 12, 17, 4, 14, 6, 18, 5, 13, 0, 1, 3, 9, 16, 15, 10]",5.4562743
./random_graph_db/graph_db_node_19/08_p0.6/08_graph_n19_p0.6_idx8.gpickle,19,0.6,8,8,59,157,"[7, 12, 16, 17, 13, 3, 11, 8, 6, 15, 2, 4, 5, 14, 9, 0, 1, 10, 18]",5.5814922
./random_graph_db/graph_db_node_19/08_p0.6/08_graph_n19_p0.6_idx9.gpickle,19,0.6,9,8,56,156,"[5, 3, 9, 4, 10, 15, 7, 0, 2, 1, 18, 6, 12, 16, 14, 13, 17, 8, 11]",5.0327442
./random_graph_db/graph_db_node_19/09_p0.65/09_graph_n19_p0.65_idx1.gpickle,19,0.65,1,8,66,159,"[16, 6, 4, 5, 14, 18, 15, 1, 10, 0, 12, 13, 7, 8, 17, 2, 11, 9, 3]",5.137162
./random_graph_db/graph_db_node_19/09_p0.65/09_graph_n19_p0.65_idx10.gpickle,19,0.65,10,8,57,155,"[7, 0, 3, 8, 10, 11, 1, 13, 4, 15, 6, 9, 5, 12, 18, 2, 14, 16, 17]",5.164304
./random_graph_db/graph_db_node_19/09_p0.65/09_graph_n19_p0.65_idx2.gpickle,19,0.65,2,8,70,158,"[4, 14, 3, 15, 11, 17, 10, 6, 0, 16, 13, 5, 2, 1, 8, 12, 7, 9, 18]",5.0076761
./random_graph_db/graph_db_node_19/09_p0.65/09_graph_n19_p0.65_idx3.gpickle,19,0.65,3,9,60,156,"[2, 0, 5, 15, 10, 13, 9, 12, 8, 16, 11, 4, 6, 1, 18, 7, 14, 17, 3]",5.2035902
./random_graph_db/graph_db_node_19/09_p0.65/09_graph_n19_p0.65_idx4.gpickle,19,0.65,4,8,65,164,"[14, 15, 6, 3, 17, 18, 0, 9, 16, 13, 4, 5, 7, 2, 10, 8, 1, 12, 11]",4.871485
./random_graph_db/graph_db_node_19/09_p0.65/09_graph_n19_p0.65_idx5.gpickle,19,0.65,5,8,71,170,"[7, 17, 4, 9, 12, 6, 8, 2, 13, 14, 3, 15, 11, 10, 18, 0, 16, 1, 5]",5.079761
./random_graph_db/graph_db_node_19/09_p0.65/09_graph_n19_p0.65_idx6.gpickle,19,0.65,6,8,59,170,"[17, 5, 14, 3, 15, 1, 6, 4, 2, 8, 16, 7, 13, 11, 12, 9, 0, 18, 10]",5.2760797
./random_graph_db/graph_db_node_19/09_p0.65/09_graph_n19_p0.65_idx7.gpickle,19,0.65,7,8,54,160,"[7, 12, 15, 1, 5, 4, 11, 16, 9, 18, 6, 0, 14, 8, 2, 10, 17, 13, 3]",5.14399
./random_graph_db/graph_db_node_19/09_p0.65/09_graph_n19_p0.65_idx8.gpickle,19,0.65,8,8,63,153,"[7, 2, 0, 1, 13, 5, 17, 4, 6, 12, 9, 16, 15, 18, 8, 3, 11, 14, 10]",4.6851099
./random_graph_db/graph_db_node_19/09_p0.65/09_graph_n19_p0.65_idx9.gpickle,19,0.65,9,8,60,149,"[10, 6, 7, 14, 1, 16, 5, 13, 9, 12, 3, 2, 17, 15, 4, 8, 0, 18, 11]",4.8355331
./random_graph_db/graph_db_node_19/10_p0.7/10_graph_n19_p0.7_idx1.gpickle,19,0.7,1,7,42,109,"[0, 16, 5, 4, 6, 12, 2, 14, 10, 18, 13, 9, 17, 3, 1, 15, 7, 8, 11]",4.202636
./random_graph_db/graph_db_node_19/10_p0.7/10_graph_n19_p0.7_idx10.gpickle,19,0.7,10,8,48,121,"[15, 13, 17, 6, 7, 16, 10, 9, 12, 4, 0, 5, 2, 3, 11, 18, 8, 1, 14]",4.8499782
./random_graph_db/graph_db_node_19/10_p0.7/10_graph_n19_p0.7_idx2.gpickle,19,0.7,2,8,53,138,"[9, 8, 5, 12, 17, 2, 14, 15, 7, 0, 11, 10, 3, 13, 18, 6, 4, 16, 1]",4.4284091
./random_graph_db/graph_db_node_19/10_p0.7/10_graph_n19_p0.7_idx3.gpickle,19,0.7,3,8,59,142,"[0, 14, 2, 1, 9, 8, 4, 5, 7, 3, 6, 16, 11, 10, 15, 12, 13, 17, 18]",5.1970758
./random_graph_db/graph_db_node_19/10_p0.7/10_graph_n19_p0.7_idx4.gpickle,19,0.7,4,8,61,146,"[0, 10, 17, 4, 5, 3, 7, 2, 16, 1, 9, 18, 14, 12, 11, 8, 15, 6, 13]",4.8716688
./random_graph_db/graph_db_node_19/10_p0.7/10_graph_n19_p0.7_idx5.gpickle,19,0.7,5,7,45,116,"[16, 1, 11, 18, 2, 8, 15, 14, 5, 0, 3, 10, 4, 17, 9, 13, 6, 7, 12]",4.51647
./random_graph_db/graph_db_node_19/10_p0.7/10_graph_n19_p0.7_idx6.gpickle,19,0.7,6,7,53,136,"[2, 0, 3, 1, 8, 15, 14, 16, 13, 7, 4, 5, 18, 6, 10, 11, 17, 12, 9]",4.5138981
./random_graph_db/graph_db_node_19/10_p0.7/10_graph_n19_p0.7_idx7.gpickle,19,0.7,7,8,63,164,"[11, 15, 1, 12, 7, 3, 14, 10, 18, 5, 6, 9, 4, 16, 13, 2, 0, 8, 17]",4.8031418
./random_graph_db/graph_db_node_19/10_p0.7/10_graph_n19_p0.7_idx8.gpickle,19,0.7,8,8,66,162,"[1, 2, 17, 9, 16, 6, 0, 5, 13, 14, 7, 15, 8, 11, 4, 18, 3, 10, 12]",5.905221
./random_graph_db/graph_db_node_19/10_p0.7/10_graph_n19_p0.7_idx9.gpickle,19,0.7,9,7,53,141,"[18, 5, 11, 13, 6, 3, 15, 9, 16, 4, 17, 14, 12, 0, 8, 10, 2, 7, 1]",4.8536351
./random_graph_db/graph_db_node_19/11_p0.8/11_graph_n19_p0.8_idx1.gpickle,19,0.8,1,5,27,89,"[16, 2, 8, 17, 7, 1, 11, 18, 12, 3, 0, 4, 13, 6, 5, 15, 9, 10, 14]",3.8379068
./random_graph_db/graph_db_node_19/11_p0.8/11_graph_n19_p0.8_idx10.gpickle,19,0.8,10,6,41,107,"[6, 12, 18, 16, 0, 1, 8, 9, 13, 14, 11, 17, 7, 10, 4, 3, 2, 15, 5]",4.4476392
./random_graph_db/graph_db_node_19/11_p0.8/11_graph_n19_p0.8_idx2.gpickle,19,0.8,2,5,29,75,"[11, 12, 2, 14, 13, 8, 4, 17, 6, 0, 9, 1, 15, 5, 7, 3, 16, 10, 18]",2.944129
./random_graph_db/graph_db_node_19/11_p0.8/11_graph_n19_p0.8_idx3.gpickle,19,0.8,3,7,46,115,"[8, 3, 18, 14, 12, 15, 16, 4, 13, 17, 5, 10, 2, 9, 7, 11, 1, 0, 6]",3.8045251
./random_graph_db/graph_db_node_19/11_p0.8/11_graph_n19_p0.8_idx4.gpickle,19,0.8,4,7,40,97,"[1, 0, 5, 3, 4, 12, 9, 6, 8, 14, 11, 16, 15, 10, 18, 7, 13, 17, 2]",4.1977329
./random_graph_db/graph_db_node_19/11_p0.8/11_graph_n19_p0.8_idx5.gpickle,19,0.8,5,5,29,81,"[9, 6, 4, 1, 18, 5, 12, 2, 3, 16, 11, 15, 0, 13, 14, 17, 10, 8, 7]",3.6228192
./random_graph_db/graph_db_node_19/11_p0.8/11_graph_n19_p0.8_idx6.gpickle,19,0.8,6,5,34,96,"[10, 15, 11, 14, 0, 1, 4, 12, 6, 18, 17, 5, 13, 16, 9, 8, 7, 2, 3]",3.6187189
./random_graph_db/graph_db_node_19/11_p0.8/11_graph_n19_p0.8_idx7.gpickle,19,0.8,7,5,29,72,"[15, 2, 0, 3, 11, 12, 6, 14, 4, 9, 13, 1, 8, 18, 16, 7, 17, 10, 5]",3.4400809
./random_graph_db/graph_db_node_19/11_p0.8/11_graph_n19_p0.8_idx8.gpickle,19,0.8,8,7,42,101,"[7, 6, 17, 13, 2, 16, 0, 12, 10, 1, 8, 15, 14, 4, 5, 3, 11, 9, 18]",3.701349
./random_graph_db/graph_db_node_19/11_p0.8/11_graph_n19_p0.8_idx9.gpickle,19,0.8,9,5,25,80,"[18, 11, 5, 16, 6, 7, 13, 10, 2, 1, 0, 12, 17, 4, 15, 9, 8, 14, 3]",3.2867939
./random_graph_db/graph_db_node_19/12_p0.9/12_graph_n19_p0.9_idx1.gpickle,19,0.9,1,3,12,38,"[3, 6, 18, 5, 8, 12, 13, 14, 10, 0, 17, 7, 2, 16, 9, 15, 11, 1, 4]",2.6679688
./random_graph_db/graph_db_node_19/12_p0.9/12_graph_n19_p0.9_idx10.gpickle,19,0.9,10,3,13,49,"[14, 12, 4, 0, 11, 8, 5, 1, 9, 7, 16, 10, 6, 13, 18, 15, 17, 2, 3]",2.2854249
./random_graph_db/graph_db_node_19/12_p0.9/12_graph_n19_p0.9_idx2.gpickle,19,0.9,2,3,13,47,"[11, 14, 10, 7, 3, 9, 1, 18, 5, 13, 4, 2, 8, 12, 6, 0, 15, 16, 17]",2.3665671
./random_graph_db/graph_db_node_19/12_p0.9/12_graph_n19_p0.9_idx3.gpickle,19,0.9,3,4,15,53,"[4, 3, 6, 5, 7, 2, 0, 8, 17, 15, 12, 10, 1, 18, 14, 9, 16, 11, 13]",2.869772
./random_graph_db/graph_db_node_19/12_p0.9/12_graph_n19_p0.9_idx4.gpickle,19,0.9,4,5,27,80,"[16, 6, 11, 18, 4, 2, 1, 15, 12, 17, 0, 9, 13, 5, 10, 14, 8, 7, 3]",3.1553001
./random_graph_db/graph_db_node_19/12_p0.9/12_graph_n19_p0.9_idx5.gpickle,19,0.9,5,3,14,44,"[13, 6, 3, 9, 0, 18, 8, 2, 5, 11, 1, 4, 15, 14, 16, 7, 17, 12, 10]",2.3191681
./random_graph_db/graph_db_node_19/12_p0.9/12_graph_n19_p0.9_idx6.gpickle,19,0.9,6,3,10,39,"[11, 16, 2, 14, 12, 5, 0, 4, 17, 15, 18, 6, 13, 10, 7, 8, 9, 1, 3]",2.0755181
./random_graph_db/graph_db_node_19/12_p0.9/12_graph_n19_p0.9_idx7.gpickle,19,0.9,7,2,11,46,"[1, 9, 17, 2, 15, 14, 18, 11, 6, 12, 13, 0, 4, 5, 10, 16, 8, 7, 3]",2.0423291
./random_graph_db/graph_db_node_19/12_p0.9/12_graph_n19_p0.9_idx8.gpickle,19,0.9,8,4,22,66,"[6, 13, 5, 18, 14, 12, 17, 0, 1, 7, 4, 15, 16, 8, 11, 2, 9, 10, 3]",3.123301
./random_graph_db/graph_db_node_19/12_p0.9/12_graph_n19_p0.9_idx9.gpickle,19,0.9,9,4,16,63,"[17, 7, 3, 12, 11, 13, 8, 16, 14, 18, 2, 4, 6, 10, 9, 5, 0, 15, 1]",2.9835978
./random_graph_db/graph_db_node_20/01_p0.1/01_graph_n20_p0.1_idx1.gpickle,20,0.1,1,3,5,33,"[17, 15, 13, 4, 14, 2, 11, 8, 19, 12, 18, 10, 3, 6, 0, 1, 7, 16, 5, 9]",1.8707387
./random_graph_db/graph_db_node_20/01_p0.1/01_graph_n20_p0.1_idx10.gpickle,20,0.1,10,3,6,33,"[15, 17, 18, 19, 6, 11, 7, 1, 10, 14, 2, 4, 0, 12, 9, 13, 16, 8, 3, 5]",1.965492
./random_graph_db/graph_db_node_20/01_p0.1/01_graph_n20_p0.1_idx2.gpickle,20,0.1,2,3,7,34,"[15, 0, 11, 7, 5, 10, 1, 3, 16, 17, 6, 19, 9, 13, 14, 2, 4, 12, 18, 8]",2.2672961
./random_graph_db/graph_db_node_20/01_p0.1/01_graph_n20_p0.1_idx3.gpickle,20,0.1,3,4,11,47,"[14, 8, 11, 2, 3, 19, 9, 15, 16, 12, 6, 0, 18, 4, 10, 13, 17, 5, 7, 1]",2.2311559
./random_graph_db/graph_db_node_20/01_p0.1/01_graph_n20_p0.1_idx4.gpickle,20,0.1,4,3,5,33,"[3, 15, 1, 13, 2, 12, 0, 18, 19, 4, 17, 5, 14, 6, 8, 10, 16, 7, 9, 11]",2.2481201
./random_graph_db/graph_db_node_20/01_p0.1/01_graph_n20_p0.1_idx5.gpickle,20,0.1,5,4,11,55,"[1, 16, 15, 3, 18, 2, 19, 4, 7, 10, 9, 5, 12, 8, 6, 13, 14, 17, 11, 0]",2.3468311
./random_graph_db/graph_db_node_20/01_p0.1/01_graph_n20_p0.1_idx6.gpickle,20,0.1,6,3,7,39,"[17, 8, 18, 10, 4, 1, 11, 7, 2, 6, 3, 9, 16, 19, 14, 5, 0, 12, 15, 13]",2.0891719
./random_graph_db/graph_db_node_20/01_p0.1/01_graph_n20_p0.1_idx7.gpickle,20,0.1,7,2,4,29,"[3, 18, 15, 13, 19, 10, 7, 2, 16, 0, 4, 12, 17, 6, 8, 11, 1, 9, 14, 5]",2.3104091
./random_graph_db/graph_db_node_20/01_p0.1/01_graph_n20_p0.1_idx8.gpickle,20,0.1,8,3,6,32,"[2, 8, 9, 3, 13, 7, 16, 17, 0, 12, 14, 10, 18, 6, 4, 15, 19, 5, 11, 1]",2.0352418
./random_graph_db/graph_db_node_20/01_p0.1/01_graph_n20_p0.1_idx9.gpickle,20,0.1,9,3,6,29,"[8, 2, 12, 15, 11, 1, 7, 16, 14, 19, 13, 4, 18, 10, 0, 5, 3, 6, 9, 17]",2.042134
./random_graph_db/graph_db_node_20/02_p0.2/02_graph_n20_p0.2_idx1.gpickle,20,0.2,1,5,23,63,"[9, 2, 18, 8, 17, 19, 5, 7, 3, 11, 0, 1, 12, 14, 16, 6, 10, 13, 4, 15]",3.0043049
./random_graph_db/graph_db_node_20/02_p0.2/02_graph_n20_p0.2_idx10.gpickle,20,0.2,10,6,32,86,"[16, 19, 11, 17, 14, 18, 15, 10, 0, 9, 13, 6, 3, 4, 7, 5, 1, 2, 12, 8]",3.2181299
./random_graph_db/graph_db_node_20/02_p0.2/02_graph_n20_p0.2_idx2.gpickle,20,0.2,2,5,40,117,"[15, 3, 12, 0, 18, 19, 8, 16, 9, 10, 4, 2, 17, 13, 7, 5, 14, 6, 11, 1]",3.5051992
./random_graph_db/graph_db_node_20/02_p0.2/02_graph_n20_p0.2_idx3.gpickle,20,0.2,3,5,27,91,"[10, 17, 5, 12, 14, 1, 9, 19, 7, 4, 16, 18, 3, 13, 15, 0, 11, 8, 6, 2]",2.9535899
./random_graph_db/graph_db_node_20/02_p0.2/02_graph_n20_p0.2_idx4.gpickle,20,0.2,4,4,18,58,"[8, 14, 3, 11, 17, 9, 1, 19, 13, 12, 0, 18, 16, 15, 6, 10, 2, 5, 4, 7]",3.0468841
./random_graph_db/graph_db_node_20/02_p0.2/02_graph_n20_p0.2_idx5.gpickle,20,0.2,5,5,19,65,"[3, 0, 18, 17, 6, 4, 12, 7, 9, 2, 10, 11, 13, 8, 1, 14, 16, 19, 15, 5]",2.746294
./random_graph_db/graph_db_node_20/02_p0.2/02_graph_n20_p0.2_idx6.gpickle,20,0.2,6,4,24,70,"[10, 16, 2, 6, 9, 11, 18, 3, 8, 14, 15, 4, 13, 1, 19, 12, 5, 17, 7, 0]",3.0981817
./random_graph_db/graph_db_node_20/02_p0.2/02_graph_n20_p0.2_idx7.gpickle,20,0.2,7,5,25,87,"[19, 5, 9, 4, 1, 8, 12, 6, 0, 17, 3, 2, 18, 7, 11, 10, 15, 16, 13, 14]",3.1223052
./random_graph_db/graph_db_node_20/02_p0.2/02_graph_n20_p0.2_idx8.gpickle,20,0.2,8,4,16,52,"[18, 17, 10, 0, 9, 19, 12, 3, 4, 2, 14, 7, 16, 5, 6, 13, 8, 15, 11, 1]",2.640908
./random_graph_db/graph_db_node_20/02_p0.2/02_graph_n20_p0.2_idx9.gpickle,20,0.2,9,5,26,72,"[15, 14, 6, 1, 8, 5, 16, 10, 7, 18, 4, 9, 11, 12, 19, 0, 3, 13, 17, 2]",3.0645761
./random_graph_db/graph_db_node_20/03_p0.3/03_graph_n20_p0.3_idx1.gpickle,20,0.3,1,7,40,99,"[4, 11, 8, 3, 16, 19, 5, 10, 9, 17, 13, 0, 1, 15, 14, 7, 12, 18, 2, 6]",4.1665132
./random_graph_db/graph_db_node_20/03_p0.3/03_graph_n20_p0.3_idx10.gpickle,20,0.3,10,7,42,112,"[18, 7, 9, 5, 6, 10, 0, 4, 2, 15, 8, 12, 1, 19, 14, 17, 13, 16, 3, 11]",4.1413407
./random_graph_db/graph_db_node_20/03_p0.3/03_graph_n20_p0.3_idx2.gpickle,20,0.3,2,6,52,123,"[13, 7, 0, 18, 5, 14, 6, 15, 17, 4, 8, 16, 10, 1, 2, 12, 3, 9, 19, 11]",4.2237992
./random_graph_db/graph_db_node_20/03_p0.3/03_graph_n20_p0.3_idx3.gpickle,20,0.3,3,8,58,155,"[3, 18, 4, 14, 0, 11, 2, 9, 15, 19, 6, 13, 12, 7, 8, 16, 10, 17, 1, 5]",4.60761
./random_graph_db/graph_db_node_20/03_p0.3/03_graph_n20_p0.3_idx4.gpickle,20,0.3,4,6,35,94,"[13, 19, 14, 6, 9, 17, 4, 12, 3, 18, 8, 10, 1, 15, 7, 0, 2, 11, 16, 5]",3.8470428
./random_graph_db/graph_db_node_20/03_p0.3/03_graph_n20_p0.3_idx5.gpickle,20,0.3,5,7,48,115,"[19, 7, 1, 13, 17, 12, 15, 8, 3, 0, 14, 5, 9, 10, 18, 16, 6, 11, 4, 2]",4.2890949
./random_graph_db/graph_db_node_20/03_p0.3/03_graph_n20_p0.3_idx6.gpickle,20,0.3,6,8,50,127,"[1, 16, 3, 13, 7, 6, 9, 19, 5, 14, 0, 15, 18, 10, 17, 4, 8, 11, 12, 2]",4.2867262
./random_graph_db/graph_db_node_20/03_p0.3/03_graph_n20_p0.3_idx7.gpickle,20,0.3,7,8,56,140,"[15, 2, 1, 5, 10, 12, 0, 6, 9, 14, 7, 3, 18, 17, 13, 16, 19, 11, 4, 8]",4.5248899
./random_graph_db/graph_db_node_20/03_p0.3/03_graph_n20_p0.3_idx8.gpickle,20,0.3,8,7,50,126,"[13, 15, 4, 9, 2, 14, 19, 1, 17, 3, 7, 5, 12, 6, 8, 10, 18, 16, 0, 11]",4.507549
./random_graph_db/graph_db_node_20/03_p0.3/03_graph_n20_p0.3_idx9.gpickle,20,0.3,9,8,59,147,"[14, 17, 0, 3, 16, 15, 1, 9, 13, 2, 12, 4, 10, 5, 19, 6, 8, 18, 7, 11]",5.269563
./random_graph_db/graph_db_node_20/04_p0.4/04_graph_n20_p0.4_idx1.gpickle,20,0.4,1,9,79,194,"[14, 5, 3, 13, 16, 9, 6, 1, 10, 15, 7, 11, 2, 12, 18, 4, 17, 0, 8, 19]",5.6489742
./random_graph_db/graph_db_node_20/04_p0.4/04_graph_n20_p0.4_idx10.gpickle,20,0.4,10,8,52,131,"[4, 2, 8, 7, 15, 1, 6, 5, 14, 11, 3, 19, 12, 17, 18, 10, 9, 0, 16, 13]",5.2558463
./random_graph_db/graph_db_node_20/04_p0.4/04_graph_n20_p0.4_idx2.gpickle,20,0.4,2,8,62,156,"[8, 0, 11, 9, 10, 15, 3, 16, 7, 4, 6, 1, 12, 2, 13, 19, 17, 18, 14, 5]",5.4068139
./random_graph_db/graph_db_node_20/04_p0.4/04_graph_n20_p0.4_idx3.gpickle,20,0.4,3,9,77,180,"[4, 9, 17, 2, 10, 16, 15, 11, 8, 6, 5, 13, 0, 7, 18, 3, 19, 1, 12, 14]",5.4061489
./random_graph_db/graph_db_node_20/04_p0.4/04_graph_n20_p0.4_idx4.gpickle,20,0.4,4,8,65,174,"[4, 15, 1, 9, 17, 0, 12, 13, 8, 7, 14, 2, 3, 16, 19, 11, 5, 18, 6, 10]",5.3293798
./random_graph_db/graph_db_node_20/04_p0.4/04_graph_n20_p0.4_idx5.gpickle,20,0.4,5,9,64,152,"[3, 12, 1, 0, 19, 11, 5, 6, 15, 4, 8, 16, 10, 7, 18, 13, 9, 2, 17, 14]",5.6269691
./random_graph_db/graph_db_node_20/04_p0.4/04_graph_n20_p0.4_idx6.gpickle,20,0.4,6,8,56,144,"[18, 7, 0, 11, 5, 8, 2, 17, 12, 3, 16, 15, 4, 6, 13, 10, 1, 14, 19, 9]",5.5195742
./random_graph_db/graph_db_node_20/04_p0.4/04_graph_n20_p0.4_idx7.gpickle,20,0.4,7,8,52,132,"[12, 0, 18, 6, 1, 3, 10, 11, 14, 9, 16, 17, 8, 19, 13, 2, 4, 7, 15, 5]",4.9528091
./random_graph_db/graph_db_node_20/04_p0.4/04_graph_n20_p0.4_idx8.gpickle,20,0.4,8,8,67,163,"[13, 1, 6, 2, 3, 8, 12, 5, 15, 10, 19, 9, 4, 16, 17, 18, 0, 11, 7, 14]",5.828115
./random_graph_db/graph_db_node_20/04_p0.4/04_graph_n20_p0.4_idx9.gpickle,20,0.4,9,8,53,140,"[16, 18, 9, 7, 11, 14, 5, 0, 2, 12, 10, 3, 8, 19, 17, 13, 1, 15, 6, 4]",5.0957942
./random_graph_db/graph_db_node_20/05_p0.45/05_graph_n20_p0.45_idx1.gpickle,20,0.45,1,9,68,181,"[13, 15, 19, 12, 0, 4, 5, 17, 18, 9, 10, 7, 16, 6, 2, 1, 3, 11, 14, 8]",5.8468099
./random_graph_db/graph_db_node_20/05_p0.45/05_graph_n20_p0.45_idx10.gpickle,20,0.45,10,9,62,162,"[0, 15, 7, 19, 14, 8, 5, 1, 16, 9, 12, 18, 2, 3, 10, 6, 17, 11, 4, 13]",5.8661141
./random_graph_db/graph_db_node_20/05_p0.45/05_graph_n20_p0.45_idx2.gpickle,20,0.45,2,9,66,169,"[14, 17, 9, 7, 13, 10, 19, 4, 16, 15, 12, 2, 18, 8, 1, 11, 6, 0, 5, 3]",5.2315981
./random_graph_db/graph_db_node_20/05_p0.45/05_graph_n20_p0.45_idx3.gpickle,20,0.45,3,9,68,166,"[16, 12, 6, 7, 9, 15, 3, 2, 1, 18, 11, 14, 0, 10, 8, 4, 5, 19, 17, 13]",5.5932951
./random_graph_db/graph_db_node_20/05_p0.45/05_graph_n20_p0.45_idx4.gpickle,20,0.45,4,8,67,161,"[11, 2, 8, 3, 1, 17, 9, 13, 7, 18, 19, 16, 10, 12, 5, 6, 4, 14, 15, 0]",5.793803
./random_graph_db/graph_db_node_20/05_p0.45/05_graph_n20_p0.45_idx5.gpickle,20,0.45,5,9,67,179,"[7, 17, 9, 6, 15, 12, 19, 14, 1, 8, 0, 18, 5, 13, 4, 3, 10, 16, 2, 11]",5.9159553
./random_graph_db/graph_db_node_20/05_p0.45/05_graph_n20_p0.45_idx6.gpickle,20,0.45,6,8,65,176,"[3, 6, 17, 19, 2, 7, 18, 15, 5, 13, 8, 14, 11, 10, 12, 16, 0, 4, 9, 1]",5.5707273
./random_graph_db/graph_db_node_20/05_p0.45/05_graph_n20_p0.45_idx7.gpickle,20,0.45,7,9,63,167,"[5, 18, 2, 11, 6, 12, 19, 13, 15, 16, 9, 14, 0, 17, 4, 10, 7, 1, 3, 8]",5.4246352
./random_graph_db/graph_db_node_20/05_p0.45/05_graph_n20_p0.45_idx8.gpickle,20,0.45,8,9,63,166,"[17, 3, 10, 6, 2, 0, 14, 12, 1, 5, 9, 15, 7, 4, 13, 18, 8, 16, 19, 11]",5.7538671
./random_graph_db/graph_db_node_20/05_p0.45/05_graph_n20_p0.45_idx9.gpickle,20,0.45,9,8,59,154,"[17, 9, 14, 16, 2, 15, 10, 11, 3, 18, 4, 8, 5, 1, 12, 0, 13, 7, 19, 6]",5.551439
./random_graph_db/graph_db_node_20/06_p0.5/06_graph_n20_p0.5_idx1.gpickle,20,0.5,1,9,77,174,"[16, 1, 7, 11, 9, 15, 2, 6, 18, 12, 8, 17, 4, 10, 13, 3, 14, 5, 19, 0]",5.334177
./random_graph_db/graph_db_node_20/06_p0.5/06_graph_n20_p0.5_idx10.gpickle,20,0.5,10,9,67,172,"[13, 5, 3, 12, 19, 10, 17, 9, 2, 1, 15, 6, 11, 4, 0, 8, 7, 18, 14, 16]",5.7711978
./random_graph_db/graph_db_node_20/06_p0.5/06_graph_n20_p0.5_idx2.gpickle,20,0.5,2,8,60,159,"[18, 16, 14, 5, 19, 0, 4, 7, 2, 17, 9, 10, 8, 3, 1, 15, 12, 11, 13, 6]",5.8016291
./random_graph_db/graph_db_node_20/06_p0.5/06_graph_n20_p0.5_idx3.gpickle,20,0.5,3,8,57,168,"[10, 2, 6, 9, 18, 8, 14, 0, 19, 17, 12, 7, 11, 5, 15, 1, 16, 13, 3, 4]",5.8362522
./random_graph_db/graph_db_node_20/06_p0.5/06_graph_n20_p0.5_idx4.gpickle,20,0.5,4,9,73,165,"[11, 5, 7, 2, 3, 16, 15, 6, 12, 9, 14, 18, 10, 0, 1, 19, 4, 13, 8, 17]",5.868063
./random_graph_db/graph_db_node_20/06_p0.5/06_graph_n20_p0.5_idx5.gpickle,20,0.5,5,8,70,196,"[15, 14, 2, 1, 0, 18, 4, 11, 10, 9, 5, 3, 19, 13, 16, 8, 7, 12, 17, 6]",5.9411719
./random_graph_db/graph_db_node_20/06_p0.5/06_graph_n20_p0.5_idx6.gpickle,20,0.5,6,8,62,144,"[4, 13, 11, 5, 8, 10, 2, 0, 17, 14, 19, 6, 15, 12, 7, 16, 3, 9, 18, 1]",5.9165032
./random_graph_db/graph_db_node_20/06_p0.5/06_graph_n20_p0.5_idx7.gpickle,20,0.5,7,8,63,161,"[12, 3, 10, 2, 5, 15, 4, 19, 14, 16, 8, 7, 0, 13, 9, 1, 11, 18, 6, 17]",5.9960032
./random_graph_db/graph_db_node_20/06_p0.5/06_graph_n20_p0.5_idx8.gpickle,20,0.5,8,8,60,143,"[12, 3, 10, 2, 0, 4, 19, 16, 5, 9, 18, 6, 8, 7, 13, 1, 17, 15, 11, 14]",5.4170051
./random_graph_db/graph_db_node_20/06_p0.5/06_graph_n20_p0.5_idx9.gpickle,20,0.5,9,8,65,169,"[19, 9, 13, 3, 11, 5, 18, 0, 16, 12, 14, 17, 4, 1, 8, 7, 2, 10, 15, 6]",5.7246699
./random_graph_db/graph_db_node_20/07_p0.55/07_graph_n20_p0.55_idx1.gpickle,20,0.55,1,8,70,186,"[4, 6, 8, 12, 19, 14, 17, 16, 1, 13, 5, 3, 10, 9, 2, 18, 0, 15, 7, 11]",5.7098861
./random_graph_db/graph_db_node_20/07_p0.55/07_graph_n20_p0.55_idx10.gpickle,20,0.55,10,8,66,175,"[15, 11, 2, 4, 3, 9, 12, 1, 6, 18, 10, 19, 16, 8, 14, 5, 13, 0, 17, 7]",5.7788031
./random_graph_db/graph_db_node_20/07_p0.55/07_graph_n20_p0.55_idx2.gpickle,20,0.55,2,8,68,176,"[10, 6, 19, 15, 18, 2, 11, 17, 7, 3, 14, 8, 5, 16, 0, 1, 4, 9, 12, 13]",6.246675
./random_graph_db/graph_db_node_20/07_p0.55/07_graph_n20_p0.55_idx3.gpickle,20,0.55,3,8,57,145,"[3, 0, 2, 13, 5, 10, 1, 6, 11, 4, 8, 15, 19, 12, 14, 16, 17, 9, 7, 18]",5.405529
./random_graph_db/graph_db_node_20/07_p0.55/07_graph_n20_p0.55_idx4.gpickle,20,0.55,4,8,69,164,"[5, 1, 17, 0, 19, 18, 13, 8, 16, 10, 9, 11, 14, 4, 3, 15, 12, 6, 7, 2]",5.768723
./random_graph_db/graph_db_node_20/07_p0.55/07_graph_n20_p0.55_idx5.gpickle,20,0.55,5,8,69,159,"[17, 0, 13, 2, 19, 14, 12, 4, 9, 15, 11, 1, 5, 6, 7, 3, 10, 8, 16, 18]",5.668736
./random_graph_db/graph_db_node_20/07_p0.55/07_graph_n20_p0.55_idx6.gpickle,20,0.55,6,9,72,172,"[11, 5, 1, 0, 7, 4, 9, 16, 17, 12, 10, 3, 13, 19, 6, 2, 14, 8, 18, 15]",5.9598553
./random_graph_db/graph_db_node_20/07_p0.55/07_graph_n20_p0.55_idx7.gpickle,20,0.55,7,9,71,186,"[16, 8, 9, 5, 13, 18, 12, 4, 3, 11, 1, 2, 10, 7, 6, 17, 0, 15, 19, 14]",5.834276
./random_graph_db/graph_db_node_20/07_p0.55/07_graph_n20_p0.55_idx8.gpickle,20,0.55,8,8,58,151,"[11, 18, 1, 12, 2, 19, 17, 8, 0, 14, 6, 9, 7, 10, 5, 15, 4, 3, 16, 13]",4.8220499
./random_graph_db/graph_db_node_20/07_p0.55/07_graph_n20_p0.55_idx9.gpickle,20,0.55,9,9,69,159,"[15, 16, 9, 1, 2, 14, 18, 3, 12, 6, 10, 0, 13, 11, 7, 5, 4, 17, 19, 8]",5.8241839
./random_graph_db/graph_db_node_20/08_p0.6/08_graph_n20_p0.6_idx1.gpickle,20,0.6,1,8,69,182,"[18, 3, 5, 1, 2, 17, 19, 12, 6, 9, 8, 7, 14, 11, 15, 4, 0, 10, 13, 16]",5.594738
./random_graph_db/graph_db_node_20/08_p0.6/08_graph_n20_p0.6_idx10.gpickle,20,0.6,10,9,68,162,"[3, 10, 5, 1, 11, 13, 4, 9, 8, 6, 19, 16, 14, 18, 2, 17, 7, 0, 12, 15]",5.9283862
./random_graph_db/graph_db_node_20/08_p0.6/08_graph_n20_p0.6_idx2.gpickle,20,0.6,2,8,70,188,"[5, 13, 12, 10, 0, 18, 17, 8, 6, 14, 2, 1, 19, 4, 16, 3, 15, 11, 7, 9]",5.5705848
./random_graph_db/graph_db_node_20/08_p0.6/08_graph_n20_p0.6_idx3.gpickle,20,0.6,3,8,61,160,"[4, 13, 14, 2, 3, 16, 1, 10, 5, 17, 11, 7, 6, 0, 19, 9, 8, 15, 18, 12]",5.2732828
./random_graph_db/graph_db_node_20/08_p0.6/08_graph_n20_p0.6_idx4.gpickle,20,0.6,4,7,65,167,"[7, 14, 8, 12, 4, 10, 13, 9, 15, 17, 5, 3, 19, 2, 1, 0, 16, 6, 18, 11]",5.4144242
./random_graph_db/graph_db_node_20/08_p0.6/08_graph_n20_p0.6_idx5.gpickle,20,0.6,5,8,55,149,"[14, 17, 0, 3, 15, 2, 11, 19, 7, 1, 4, 18, 16, 5, 8, 13, 12, 6, 10, 9]",4.9789052
./random_graph_db/graph_db_node_20/08_p0.6/08_graph_n20_p0.6_idx6.gpickle,20,0.6,6,8,68,152,"[4, 2, 3, 0, 6, 12, 16, 18, 8, 9, 7, 13, 11, 1, 19, 14, 15, 10, 5, 17]",4.9916589
./random_graph_db/graph_db_node_20/08_p0.6/08_graph_n20_p0.6_idx7.gpickle,20,0.6,7,9,70,161,"[19, 15, 0, 3, 14, 6, 17, 13, 4, 1, 7, 10, 12, 9, 5, 18, 2, 11, 16, 8]",5.8969462
./random_graph_db/graph_db_node_20/08_p0.6/08_graph_n20_p0.6_idx8.gpickle,20,0.6,8,8,64,155,"[12, 6, 16, 15, 7, 18, 19, 13, 2, 14, 0, 1, 3, 11, 8, 10, 4, 17, 9, 5]",5.4972901
./random_graph_db/graph_db_node_20/08_p0.6/08_graph_n20_p0.6_idx9.gpickle,20,0.6,9,9,72,189,"[1, 5, 16, 7, 14, 0, 9, 2, 4, 3, 19, 10, 8, 15, 17, 13, 18, 11, 6, 12]",5.7522469
./random_graph_db/graph_db_node_20/09_p0.65/09_graph_n20_p0.65_idx1.gpickle,20,0.65,1,9,78,187,"[16, 7, 11, 0, 14, 19, 10, 15, 3, 6, 1, 9, 2, 5, 8, 17, 4, 12, 18, 13]",6.0042572
./random_graph_db/graph_db_node_20/09_p0.65/09_graph_n20_p0.65_idx10.gpickle,20,0.65,10,8,65,154,"[15, 19, 10, 0, 11, 4, 17, 7, 16, 12, 18, 5, 1, 2, 6, 13, 8, 14, 3, 9]",5.9155519
./random_graph_db/graph_db_node_20/09_p0.65/09_graph_n20_p0.65_idx2.gpickle,20,0.65,2,9,68,160,"[9, 13, 6, 16, 7, 1, 12, 15, 3, 8, 4, 11, 0, 2, 10, 19, 5, 17, 18, 14]",5.1509888
./random_graph_db/graph_db_node_20/09_p0.65/09_graph_n20_p0.65_idx3.gpickle,20,0.65,3,8,63,160,"[15, 14, 13, 17, 1, 18, 11, 16, 0, 19, 8, 9, 7, 6, 10, 4, 2, 5, 3, 12]",5.4539869
./random_graph_db/graph_db_node_20/09_p0.65/09_graph_n20_p0.65_idx4.gpickle,20,0.65,4,9,65,166,"[0, 7, 10, 17, 9, 15, 11, 19, 4, 2, 3, 14, 13, 12, 18, 6, 5, 1, 16, 8]",5.9512589
./random_graph_db/graph_db_node_20/09_p0.65/09_graph_n20_p0.65_idx5.gpickle,20,0.65,5,8,67,150,"[6, 13, 19, 11, 15, 4, 9, 5, 18, 10, 1, 17, 0, 2, 3, 8, 16, 7, 12, 14]",5.7860661
./random_graph_db/graph_db_node_20/09_p0.65/09_graph_n20_p0.65_idx6.gpickle,20,0.65,6,8,56,149,"[5, 12, 11, 0, 9, 7, 2, 1, 14, 18, 15, 17, 8, 16, 19, 6, 13, 3, 10, 4]",5.4567931
./random_graph_db/graph_db_node_20/09_p0.65/09_graph_n20_p0.65_idx7.gpickle,20,0.65,7,9,83,198,"[13, 9, 15, 7, 14, 4, 8, 5, 6, 12, 18, 10, 2, 19, 16, 1, 17, 0, 3, 11]",6.1936002
./random_graph_db/graph_db_node_20/09_p0.65/09_graph_n20_p0.65_idx8.gpickle,20,0.65,8,9,81,188,"[12, 16, 17, 8, 6, 4, 7, 3, 15, 2, 18, 9, 10, 11, 19, 1, 14, 0, 13, 5]",5.4673669
./random_graph_db/graph_db_node_20/09_p0.65/09_graph_n20_p0.65_idx9.gpickle,20,0.65,9,9,78,192,"[12, 11, 16, 9, 10, 5, 7, 2, 14, 4, 13, 17, 6, 18, 3, 1, 19, 8, 15, 0]",5.837239
./random_graph_db/graph_db_node_20/10_p0.7/10_graph_n20_p0.7_idx1.gpickle,20,0.7,1,8,59,148,"[7, 5, 19, 12, 0, 10, 3, 8, 14, 11, 16, 4, 2, 1, 13, 6, 18, 15, 9, 17]",5.3223686
./random_graph_db/graph_db_node_20/10_p0.7/10_graph_n20_p0.7_idx10.gpickle,20,0.7,10,8,65,163,"[8, 15, 3, 5, 13, 14, 7, 4, 6, 0, 11, 17, 12, 10, 9, 19, 16, 2, 18, 1]",5.701097
./random_graph_db/graph_db_node_20/10_p0.7/10_graph_n20_p0.7_idx2.gpickle,20,0.7,2,9,74,179,"[15, 16, 3, 11, 17, 1, 4, 10, 9, 5, 8, 12, 14, 0, 18, 6, 19, 2, 13, 7]",5.3889043
./random_graph_db/graph_db_node_20/10_p0.7/10_graph_n20_p0.7_idx3.gpickle,20,0.7,3,8,43,105,"[10, 15, 18, 17, 6, 4, 7, 5, 2, 16, 19, 12, 14, 13, 3, 11, 0, 9, 1, 8]",4.4746981
./random_graph_db/graph_db_node_20/10_p0.7/10_graph_n20_p0.7_idx4.gpickle,20,0.7,4,8,58,146,"[0, 10, 15, 8, 12, 13, 17, 7, 14, 9, 6, 5, 2, 16, 1, 11, 19, 18, 4, 3]",5.0943029
./random_graph_db/graph_db_node_20/10_p0.7/10_graph_n20_p0.7_idx5.gpickle,20,0.7,5,8,63,162,"[3, 12, 18, 6, 0, 1, 17, 16, 13, 10, 8, 15, 19, 7, 14, 11, 4, 9, 2, 5]",5.4536881
./random_graph_db/graph_db_node_20/10_p0.7/10_graph_n20_p0.7_idx6.gpickle,20,0.7,6,8,70,173,"[7, 1, 6, 4, 0, 2, 12, 13, 14, 19, 16, 18, 10, 9, 11, 3, 15, 8, 5, 17]",5.195677
./random_graph_db/graph_db_node_20/10_p0.7/10_graph_n20_p0.7_idx7.gpickle,20,0.7,7,8,63,147,"[0, 3, 1, 10, 15, 16, 12, 8, 13, 14, 5, 18, 17, 6, 2, 9, 4, 19, 7, 11]",5.435092
./random_graph_db/graph_db_node_20/10_p0.7/10_graph_n20_p0.7_idx8.gpickle,20,0.7,8,9,76,181,"[8, 12, 3, 19, 18, 15, 14, 17, 16, 4, 0, 6, 7, 1, 5, 9, 13, 2, 11, 10]",5.5901191
./random_graph_db/graph_db_node_20/10_p0.7/10_graph_n20_p0.7_idx9.gpickle,20,0.7,9,8,62,157,"[12, 19, 1, 4, 17, 8, 5, 10, 18, 13, 3, 14, 15, 16, 0, 9, 6, 11, 2, 7]",5.253808
./random_graph_db/graph_db_node_20/11_p0.8/11_graph_n20_p0.8_idx1.gpickle,20,0.8,1,6,39,105,"[18, 12, 7, 6, 1, 3, 5, 10, 16, 8, 9, 13, 19, 15, 11, 0, 2, 4, 14, 17]",3.886847
./random_graph_db/graph_db_node_20/11_p0.8/11_graph_n20_p0.8_idx10.gpickle,20,0.8,10,8,58,142,"[4, 7, 13, 11, 0, 5, 19, 12, 18, 1, 14, 8, 6, 3, 9, 16, 10, 15, 2, 17]",4.845644
./random_graph_db/graph_db_node_20/11_p0.8/11_graph_n20_p0.8_idx2.gpickle,20,0.8,2,5,27,75,"[1, 19, 10, 4, 13, 3, 17, 18, 15, 5, 14, 7, 11, 16, 8, 2, 12, 6, 0, 9]",3.8010681
./random_graph_db/graph_db_node_20/11_p0.8/11_graph_n20_p0.8_idx3.gpickle,20,0.8,3,7,48,125,"[16, 4, 17, 2, 15, 19, 7, 3, 13, 12, 0, 14, 1, 5, 8, 6, 11, 18, 10, 9]",4.442529
./random_graph_db/graph_db_node_20/11_p0.8/11_graph_n20_p0.8_idx4.gpickle,20,0.8,4,7,45,113,"[13, 0, 16, 5, 8, 4, 10, 12, 6, 2, 15, 1, 17, 19, 11, 7, 9, 3, 18, 14]",4.3254538
./random_graph_db/graph_db_node_20/11_p0.8/11_graph_n20_p0.8_idx5.gpickle,20,0.8,5,5,27,72,"[19, 15, 2, 0, 16, 6, 8, 9, 10, 7, 5, 13, 12, 4, 14, 3, 11, 1, 18, 17]",2.8978851
./random_graph_db/graph_db_node_20/11_p0.8/11_graph_n20_p0.8_idx6.gpickle,20,0.8,6,8,43,111,"[8, 6, 18, 5, 7, 2, 19, 17, 9, 11, 3, 10, 16, 13, 12, 1, 15, 4, 0, 14]",4.1120191
./random_graph_db/graph_db_node_20/11_p0.8/11_graph_n20_p0.8_idx7.gpickle,20,0.8,7,7,41,112,"[11, 13, 3, 8, 2, 9, 17, 10, 0, 18, 6, 15, 7, 16, 4, 14, 1, 5, 12, 19]",4.6323209
./random_graph_db/graph_db_node_20/11_p0.8/11_graph_n20_p0.8_idx8.gpickle,20,0.8,8,7,43,118,"[1, 17, 18, 11, 6, 10, 19, 12, 13, 3, 2, 4, 7, 0, 16, 8, 5, 15, 14, 9]",4.4057209
./random_graph_db/graph_db_node_20/11_p0.8/11_graph_n20_p0.8_idx9.gpickle,20,0.8,9,7,43,112,"[9, 18, 15, 8, 2, 16, 6, 19, 17, 12, 10, 0, 7, 4, 14, 11, 3, 5, 13, 1]",4.3449271
./random_graph_db/graph_db_node_20/12_p0.9/12_graph_n20_p0.9_idx1.gpickle,20,0.9,1,4,15,50,"[5, 13, 2, 19, 1, 3, 9, 6, 0, 4, 11, 17, 14, 15, 16, 18, 7, 10, 12, 8]",2.6124191
./random_graph_db/graph_db_node_20/12_p0.9/12_graph_n20_p0.9_idx10.gpickle,20,0.9,10,4,16,44,"[6, 7, 10, 4, 17, 8, 1, 18, 12, 15, 2, 5, 11, 0, 3, 14, 16, 13, 9, 19]",2.7576931
./random_graph_db/graph_db_node_20/12_p0.9/12_graph_n20_p0.9_idx2.gpickle,20,0.9,2,4,11,37,"[2, 1, 8, 19, 12, 14, 7, 3, 4, 18, 16, 5, 15, 0, 6, 17, 13, 9, 10, 11]",2.4397738
./random_graph_db/graph_db_node_20/12_p0.9/12_graph_n20_p0.9_idx3.gpickle,20,0.9,3,5,32,73,"[7, 18, 12, 11, 13, 10, 14, 17, 16, 3, 1, 6, 9, 4, 19, 2, 15, 8, 5, 0]",3.756475
./random_graph_db/graph_db_node_20/12_p0.9/12_graph_n20_p0.9_idx4.gpickle,20,0.9,4,4,19,74,"[19, 0, 9, 13, 12, 2, 11, 6, 14, 15, 10, 18, 16, 4, 1, 8, 3, 17, 7, 5]",3.2529101
./random_graph_db/graph_db_node_20/12_p0.9/12_graph_n20_p0.9_idx5.gpickle,20,0.9,5,3,12,41,"[17, 12, 13, 2, 6, 7, 19, 9, 11, 15, 4, 14, 0, 3, 10, 8, 1, 18, 5, 16]",2.335247
./random_graph_db/graph_db_node_20/12_p0.9/12_graph_n20_p0.9_idx6.gpickle,20,0.9,6,2,10,49,"[0, 4, 13, 19, 10, 8, 1, 18, 14, 2, 15, 11, 17, 9, 12, 5, 7, 6, 16, 3]",2.297837
./random_graph_db/graph_db_node_20/12_p0.9/12_graph_n20_p0.9_idx7.gpickle,20,0.9,7,3,12,48,"[1, 17, 12, 8, 19, 11, 2, 14, 0, 7, 13, 3, 4, 16, 10, 15, 6, 5, 9, 18]",2.5180769
./random_graph_db/graph_db_node_20/12_p0.9/12_graph_n20_p0.9_idx8.gpickle,20,0.9,8,5,26,63,"[8, 4, 5, 13, 15, 14, 7, 19, 1, 6, 2, 10, 3, 0, 17, 9, 18, 12, 11, 16]",3.400579
./random_graph_db/graph_db_node_20/12_p0.9/12_graph_n20_p0.9_idx9.gpickle,20,0.9,9,4,22,62,"[8, 11, 16, 2, 17, 13, 10, 4, 15, 19, 12, 6, 5, 3, 1, 9, 7, 0, 18, 14]",2.9180129
./random_graph_db/graph_db_node_21/01_p0.1/01_graph_n21_p0.1_idx1.gpickle,21,0.1,1,2,4,39,"[15, 5, 16, 19, 9, 20, 7, 17, 18, 13, 6, 2, 1, 11, 10, 14, 3, 8, 0, 12, 4]",2.3174767
./random_graph_db/graph_db_node_21/01_p0.1/01_graph_n21_p0.1_idx10.gpickle,21,0.1,10,3,6,38,"[18, 8, 7, 1, 6, 2, 10, 11, 0, 19, 13, 5, 9, 17, 14, 15, 20, 12, 4, 3, 16]",2.0433202
./random_graph_db/graph_db_node_21/01_p0.1/01_graph_n21_p0.1_idx2.gpickle,21,0.1,2,4,9,38,"[5, 13, 7, 14, 8, 9, 18, 3, 10, 15, 2, 12, 20, 1, 11, 6, 4, 0, 16, 17, 19]",2.3481431
./random_graph_db/graph_db_node_21/01_p0.1/01_graph_n21_p0.1_idx3.gpickle,21,0.1,3,2,2,28,"[16, 1, 0, 6, 18, 17, 15, 9, 2, 19, 13, 3, 8, 20, 14, 4, 5, 7, 12, 10, 11]",1.8370531
./random_graph_db/graph_db_node_21/01_p0.1/01_graph_n21_p0.1_idx4.gpickle,21,0.1,4,3,4,30,"[5, 17, 12, 8, 20, 9, 6, 4, 16, 2, 11, 18, 0, 10, 7, 3, 14, 19, 13, 1, 15]",2.0252151
./random_graph_db/graph_db_node_21/01_p0.1/01_graph_n21_p0.1_idx5.gpickle,21,0.1,5,4,13,40,"[4, 8, 20, 3, 13, 16, 12, 2, 6, 1, 18, 11, 17, 15, 14, 10, 9, 7, 5, 0, 19]",2.6132083
./random_graph_db/graph_db_node_21/01_p0.1/01_graph_n21_p0.1_idx6.gpickle,21,0.1,6,3,7,33,"[7, 2, 0, 8, 4, 20, 19, 12, 3, 11, 16, 6, 17, 9, 14, 15, 18, 5, 13, 1, 10]",2.2993932
./random_graph_db/graph_db_node_21/01_p0.1/01_graph_n21_p0.1_idx7.gpickle,21,0.1,7,3,10,41,"[16, 3, 6, 19, 9, 12, 20, 11, 18, 7, 17, 14, 0, 13, 8, 4, 1, 15, 10, 2, 5]",2.4066269
./random_graph_db/graph_db_node_21/01_p0.1/01_graph_n21_p0.1_idx8.gpickle,21,0.1,8,2,1,34,"[5, 12, 16, 15, 1, 18, 13, 10, 9, 3, 6, 0, 2, 4, 7, 20, 19, 8, 14, 11, 17]",1.876642
./random_graph_db/graph_db_node_21/01_p0.1/01_graph_n21_p0.1_idx9.gpickle,21,0.1,9,3,3,32,"[4, 17, 8, 14, 0, 1, 11, 9, 15, 20, 18, 16, 12, 3, 10, 7, 13, 6, 19, 5, 2]",1.9919972
./random_graph_db/graph_db_node_21/02_p0.2/02_graph_n21_p0.2_idx1.gpickle,21,0.2,1,5,37,102,"[17, 7, 13, 20, 2, 16, 0, 19, 15, 18, 10, 6, 14, 1, 11, 8, 3, 5, 4, 12, 9]",3.621942
./random_graph_db/graph_db_node_21/02_p0.2/02_graph_n21_p0.2_idx10.gpickle,21,0.2,10,5,20,70,"[19, 6, 16, 17, 9, 15, 7, 2, 12, 5, 3, 8, 13, 14, 10, 18, 11, 4, 20, 1, 0]",2.9764183
./random_graph_db/graph_db_node_21/02_p0.2/02_graph_n21_p0.2_idx2.gpickle,21,0.2,2,7,35,94,"[14, 2, 15, 16, 4, 13, 17, 6, 19, 5, 3, 9, 18, 8, 11, 12, 0, 7, 20, 10, 1]",3.9470341
./random_graph_db/graph_db_node_21/02_p0.2/02_graph_n21_p0.2_idx3.gpickle,21,0.2,3,6,45,109,"[2, 6, 4, 3, 13, 0, 11, 5, 15, 12, 7, 17, 9, 1, 19, 14, 10, 20, 18, 8, 16]",3.741555
./random_graph_db/graph_db_node_21/02_p0.2/02_graph_n21_p0.2_idx4.gpickle,21,0.2,4,7,46,115,"[6, 10, 2, 17, 14, 9, 4, 18, 12, 1, 15, 20, 7, 3, 0, 11, 16, 13, 8, 5, 19]",3.7746141
./random_graph_db/graph_db_node_21/02_p0.2/02_graph_n21_p0.2_idx5.gpickle,21,0.2,5,5,25,73,"[4, 3, 2, 5, 10, 0, 7, 17, 20, 11, 9, 1, 12, 13, 15, 6, 18, 16, 8, 14, 19]",3.4816558
./random_graph_db/graph_db_node_21/02_p0.2/02_graph_n21_p0.2_idx6.gpickle,21,0.2,6,6,27,83,"[13, 12, 0, 7, 5, 14, 1, 3, 10, 18, 15, 19, 16, 11, 4, 9, 8, 2, 6, 20, 17]",3.4638541
./random_graph_db/graph_db_node_21/02_p0.2/02_graph_n21_p0.2_idx7.gpickle,21,0.2,7,6,26,78,"[19, 4, 1, 5, 12, 9, 16, 11, 6, 15, 3, 14, 8, 7, 2, 18, 20, 0, 13, 17, 10]",3.4018891
./random_graph_db/graph_db_node_21/02_p0.2/02_graph_n21_p0.2_idx8.gpickle,21,0.2,8,5,21,58,"[15, 16, 2, 18, 5, 11, 14, 20, 19, 4, 6, 17, 3, 7, 9, 1, 10, 13, 0, 12, 8]",2.8772509
./random_graph_db/graph_db_node_21/02_p0.2/02_graph_n21_p0.2_idx9.gpickle,21,0.2,9,6,38,109,"[13, 6, 2, 8, 14, 10, 3, 15, 11, 9, 20, 16, 18, 5, 17, 4, 19, 1, 7, 0, 12]",4.0047259
./random_graph_db/graph_db_node_21/03_p0.3/03_graph_n21_p0.3_idx1.gpickle,21,0.3,1,8,62,154,"[7, 15, 6, 5, 12, 2, 1, 0, 14, 13, 18, 11, 3, 8, 17, 9, 19, 10, 16, 20, 4]",5.3139789
./random_graph_db/graph_db_node_21/03_p0.3/03_graph_n21_p0.3_idx10.gpickle,21,0.3,10,7,49,128,"[14, 12, 3, 8, 16, 7, 10, 18, 13, 1, 6, 2, 11, 17, 5, 0, 4, 20, 19, 15, 9]",4.5325661
./random_graph_db/graph_db_node_21/03_p0.3/03_graph_n21_p0.3_idx2.gpickle,21,0.3,2,8,64,147,"[11, 18, 0, 17, 16, 3, 8, 6, 12, 14, 9, 10, 7, 20, 5, 2, 1, 15, 19, 13, 4]",4.7061996
./random_graph_db/graph_db_node_21/03_p0.3/03_graph_n21_p0.3_idx3.gpickle,21,0.3,3,8,57,150,"[9, 2, 8, 16, 5, 20, 17, 7, 18, 15, 19, 6, 1, 14, 12, 4, 13, 11, 0, 10, 3]",5.4980097
./random_graph_db/graph_db_node_21/03_p0.3/03_graph_n21_p0.3_idx4.gpickle,21,0.3,4,7,44,130,"[16, 7, 1, 20, 10, 14, 17, 8, 4, 19, 3, 6, 12, 18, 9, 15, 0, 11, 5, 2, 13]",4.6674011
./random_graph_db/graph_db_node_21/03_p0.3/03_graph_n21_p0.3_idx5.gpickle,21,0.3,5,8,54,141,"[9, 5, 8, 13, 6, 10, 2, 1, 14, 19, 4, 20, 7, 18, 17, 16, 12, 15, 3, 0, 11]",4.6711218
./random_graph_db/graph_db_node_21/03_p0.3/03_graph_n21_p0.3_idx6.gpickle,21,0.3,6,8,45,114,"[1, 19, 6, 8, 20, 17, 5, 14, 15, 7, 18, 0, 9, 4, 11, 13, 3, 12, 10, 16, 2]",4.5627279
./random_graph_db/graph_db_node_21/03_p0.3/03_graph_n21_p0.3_idx7.gpickle,21,0.3,7,8,59,134,"[17, 7, 10, 8, 19, 6, 11, 5, 15, 16, 14, 18, 20, 0, 13, 12, 4, 3, 1, 2, 9]",4.9484019
./random_graph_db/graph_db_node_21/03_p0.3/03_graph_n21_p0.3_idx8.gpickle,21,0.3,8,7,50,131,"[15, 3, 8, 10, 9, 17, 4, 11, 13, 0, 5, 20, 2, 18, 7, 12, 16, 6, 1, 19, 14]",5.071928
./random_graph_db/graph_db_node_21/03_p0.3/03_graph_n21_p0.3_idx9.gpickle,21,0.3,9,9,61,153,"[9, 12, 8, 20, 10, 18, 4, 16, 6, 13, 5, 1, 0, 3, 2, 11, 14, 17, 19, 15, 7]",5.5886903
./random_graph_db/graph_db_node_21/04_p0.4/04_graph_n21_p0.4_idx1.gpickle,21,0.4,1,9,69,178,"[14, 2, 8, 15, 0, 6, 3, 20, 5, 12, 11, 17, 1, 4, 7, 9, 16, 18, 10, 19, 13]",6.2345119
./random_graph_db/graph_db_node_21/04_p0.4/04_graph_n21_p0.4_idx10.gpickle,21,0.4,10,9,64,173,"[6, 4, 19, 9, 14, 10, 15, 1, 16, 13, 18, 0, 5, 11, 3, 20, 2, 7, 17, 8, 12]",6.3108952
./random_graph_db/graph_db_node_21/04_p0.4/04_graph_n21_p0.4_idx2.gpickle,21,0.4,2,9,78,208,"[4, 13, 17, 9, 16, 18, 1, 15, 6, 5, 8, 11, 7, 0, 12, 19, 10, 14, 2, 20, 3]",6.697258
./random_graph_db/graph_db_node_21/04_p0.4/04_graph_n21_p0.4_idx3.gpickle,21,0.4,3,9,69,168,"[1, 7, 5, 12, 15, 14, 20, 8, 11, 3, 0, 4, 9, 16, 19, 6, 10, 2, 17, 13, 18]",5.8910911
./random_graph_db/graph_db_node_21/04_p0.4/04_graph_n21_p0.4_idx4.gpickle,21,0.4,4,9,82,188,"[2, 13, 3, 16, 5, 17, 12, 11, 15, 19, 8, 20, 4, 14, 9, 7, 18, 0, 6, 1, 10]",6.158051
./random_graph_db/graph_db_node_21/04_p0.4/04_graph_n21_p0.4_idx5.gpickle,21,0.4,5,9,69,171,"[5, 10, 1, 0, 19, 3, 6, 12, 16, 11, 15, 7, 13, 4, 2, 18, 8, 9, 14, 20, 17]",6.3713391
./random_graph_db/graph_db_node_21/04_p0.4/04_graph_n21_p0.4_idx6.gpickle,21,0.4,6,9,66,176,"[10, 15, 17, 3, 0, 4, 6, 2, 11, 7, 5, 9, 14, 12, 18, 16, 8, 20, 19, 1, 13]",6.1766841
./random_graph_db/graph_db_node_21/04_p0.4/04_graph_n21_p0.4_idx7.gpickle,21,0.4,7,8,65,168,"[17, 14, 0, 3, 2, 9, 10, 19, 16, 7, 18, 20, 8, 11, 12, 6, 13, 4, 1, 15, 5]",5.596468
./random_graph_db/graph_db_node_21/04_p0.4/04_graph_n21_p0.4_idx8.gpickle,21,0.4,8,9,70,165,"[1, 2, 19, 20, 18, 11, 12, 0, 13, 3, 16, 5, 17, 7, 4, 9, 10, 15, 14, 8, 6]",6.09044
./random_graph_db/graph_db_node_21/04_p0.4/04_graph_n21_p0.4_idx9.gpickle,21,0.4,9,9,85,204,"[18, 14, 10, 0, 9, 4, 1, 7, 5, 19, 11, 3, 20, 17, 15, 6, 13, 8, 2, 12, 16]",6.5837939
./random_graph_db/graph_db_node_21/05_p0.45/05_graph_n21_p0.45_idx1.gpickle,21,0.45,1,9,72,169,"[20, 11, 17, 8, 4, 3, 10, 0, 1, 14, 6, 15, 9, 19, 2, 5, 16, 7, 13, 18, 12]",6.1019261
./random_graph_db/graph_db_node_21/05_p0.45/05_graph_n21_p0.45_idx10.gpickle,21,0.45,10,9,76,187,"[13, 14, 11, 6, 8, 20, 9, 18, 3, 4, 1, 12, 10, 17, 16, 7, 0, 19, 15, 5, 2]",6.5538249
./random_graph_db/graph_db_node_21/05_p0.45/05_graph_n21_p0.45_idx2.gpickle,21,0.45,2,8,68,174,"[11, 15, 6, 8, 18, 10, 20, 12, 5, 9, 17, 4, 2, 7, 19, 16, 14, 1, 13, 0, 3]",5.8519852
./random_graph_db/graph_db_node_21/05_p0.45/05_graph_n21_p0.45_idx3.gpickle,21,0.45,3,9,83,202,"[9, 2, 8, 1, 5, 11, 15, 3, 10, 13, 18, 19, 12, 14, 0, 7, 16, 20, 4, 17, 6]",6.1901009
./random_graph_db/graph_db_node_21/05_p0.45/05_graph_n21_p0.45_idx4.gpickle,21,0.45,4,9,60,150,"[11, 17, 18, 5, 10, 4, 8, 0, 15, 20, 3, 1, 13, 2, 6, 16, 19, 7, 14, 12, 9]",5.943754
./random_graph_db/graph_db_node_21/05_p0.45/05_graph_n21_p0.45_idx5.gpickle,21,0.45,5,9,86,214,"[7, 3, 11, 8, 19, 6, 20, 12, 16, 17, 2, 13, 10, 4, 18, 15, 0, 14, 1, 9, 5]",6.5135958
./random_graph_db/graph_db_node_21/05_p0.45/05_graph_n21_p0.45_idx6.gpickle,21,0.45,6,9,83,207,"[17, 18, 3, 11, 6, 0, 5, 19, 1, 8, 12, 4, 9, 14, 20, 13, 10, 15, 16, 7, 2]",6.6732311
./random_graph_db/graph_db_node_21/05_p0.45/05_graph_n21_p0.45_idx7.gpickle,21,0.45,7,8,76,186,"[2, 10, 12, 18, 17, 15, 3, 5, 1, 9, 0, 7, 13, 14, 11, 19, 20, 16, 8, 6, 4]",6.229151
./random_graph_db/graph_db_node_21/05_p0.45/05_graph_n21_p0.45_idx8.gpickle,21,0.45,8,9,80,197,"[5, 18, 16, 1, 9, 13, 11, 17, 14, 15, 3, 8, 20, 0, 2, 10, 19, 4, 6, 7, 12]",6.4842618
./random_graph_db/graph_db_node_21/05_p0.45/05_graph_n21_p0.45_idx9.gpickle,21,0.45,9,9,83,211,"[9, 1, 7, 17, 15, 18, 12, 0, 14, 5, 3, 20, 6, 4, 16, 2, 11, 10, 19, 8, 13]",6.7056148
./random_graph_db/graph_db_node_21/06_p0.5/06_graph_n21_p0.5_idx1.gpickle,21,0.5,1,9,66,168,"[14, 12, 8, 6, 18, 10, 19, 5, 9, 11, 20, 16, 17, 13, 1, 4, 2, 15, 7, 3, 0]",6.6353252
./random_graph_db/graph_db_node_21/06_p0.5/06_graph_n21_p0.5_idx10.gpickle,21,0.5,10,9,68,179,"[18, 2, 12, 19, 14, 10, 7, 16, 9, 5, 6, 3, 0, 11, 13, 4, 15, 17, 8, 1, 20]",5.89133
./random_graph_db/graph_db_node_21/06_p0.5/06_graph_n21_p0.5_idx2.gpickle,21,0.5,2,9,76,194,"[17, 19, 11, 18, 1, 0, 14, 16, 4, 3, 9, 2, 5, 6, 20, 10, 12, 8, 7, 15, 13]",6.2933159
./random_graph_db/graph_db_node_21/06_p0.5/06_graph_n21_p0.5_idx3.gpickle,21,0.5,3,9,68,168,"[1, 13, 17, 5, 19, 4, 18, 20, 11, 12, 10, 0, 3, 14, 7, 2, 8, 15, 16, 6, 9]",6.6262538
./random_graph_db/graph_db_node_21/06_p0.5/06_graph_n21_p0.5_idx4.gpickle,21,0.5,4,9,73,202,"[12, 13, 20, 5, 0, 14, 2, 6, 3, 7, 4, 18, 8, 1, 10, 9, 15, 19, 11, 16, 17]",6.7765861
./random_graph_db/graph_db_node_21/06_p0.5/06_graph_n21_p0.5_idx5.gpickle,21,0.5,5,9,83,195,"[14, 15, 6, 9, 11, 5, 3, 4, 13, 17, 16, 1, 10, 7, 12, 2, 8, 19, 0, 20, 18]",6.538934
./random_graph_db/graph_db_node_21/06_p0.5/06_graph_n21_p0.5_idx6.gpickle,21,0.5,6,9,73,178,"[3, 9, 20, 17, 13, 0, 16, 2, 12, 7, 4, 8, 19, 6, 1, 14, 10, 11, 18, 5, 15]",6.8269262
./random_graph_db/graph_db_node_21/06_p0.5/06_graph_n21_p0.5_idx7.gpickle,21,0.5,7,9,74,178,"[1, 6, 16, 10, 17, 5, 12, 19, 8, 9, 14, 13, 0, 7, 3, 4, 11, 18, 20, 2, 15]",6.704947
./random_graph_db/graph_db_node_21/06_p0.5/06_graph_n21_p0.5_idx8.gpickle,21,0.5,8,9,82,211,"[1, 4, 18, 17, 8, 10, 2, 19, 15, 6, 12, 3, 16, 13, 20, 9, 14, 7, 0, 11, 5]",6.1731281
./random_graph_db/graph_db_node_21/06_p0.5/06_graph_n21_p0.5_idx9.gpickle,21,0.5,9,9,76,198,"[6, 2, 12, 20, 4, 18, 9, 16, 11, 10, 19, 13, 7, 5, 1, 17, 0, 8, 3, 15, 14]",6.8094897
./random_graph_db/graph_db_node_21/07_p0.55/07_graph_n21_p0.55_idx1.gpickle,21,0.55,1,9,81,197,"[4, 2, 3, 1, 15, 20, 17, 18, 0, 11, 9, 16, 7, 5, 6, 12, 14, 10, 19, 13, 8]",6.2644076
./random_graph_db/graph_db_node_21/07_p0.55/07_graph_n21_p0.55_idx10.gpickle,21,0.55,10,8,75,192,"[12, 2, 17, 18, 5, 14, 20, 16, 8, 4, 11, 13, 19, 3, 1, 9, 0, 10, 15, 7, 6]",6.379972
./random_graph_db/graph_db_node_21/07_p0.55/07_graph_n21_p0.55_idx2.gpickle,21,0.55,2,9,74,191,"[0, 5, 13, 18, 9, 8, 17, 12, 16, 20, 10, 19, 15, 14, 4, 3, 2, 6, 1, 7, 11]",5.9694519
./random_graph_db/graph_db_node_21/07_p0.55/07_graph_n21_p0.55_idx3.gpickle,21,0.55,3,9,72,182,"[17, 19, 9, 7, 18, 4, 0, 5, 11, 8, 6, 20, 1, 10, 14, 3, 13, 15, 16, 12, 2]",6.1740243
./random_graph_db/graph_db_node_21/07_p0.55/07_graph_n21_p0.55_idx4.gpickle,21,0.55,4,10,82,184,"[10, 9, 1, 19, 18, 20, 13, 17, 5, 11, 6, 16, 8, 7, 0, 15, 12, 3, 4, 14, 2]",6.673857
./random_graph_db/graph_db_node_21/07_p0.55/07_graph_n21_p0.55_idx5.gpickle,21,0.55,5,9,82,202,"[19, 0, 4, 14, 18, 6, 11, 15, 3, 9, 20, 10, 2, 13, 1, 12, 5, 16, 7, 17, 8]",6.6298649
./random_graph_db/graph_db_node_21/07_p0.55/07_graph_n21_p0.55_idx6.gpickle,21,0.55,6,8,70,191,"[13, 8, 16, 2, 4, 19, 20, 0, 5, 3, 10, 11, 12, 14, 18, 1, 17, 6, 7, 9, 15]",6.7468588
./random_graph_db/graph_db_node_21/07_p0.55/07_graph_n21_p0.55_idx7.gpickle,21,0.55,7,9,72,188,"[5, 9, 0, 15, 2, 11, 3, 7, 17, 19, 20, 4, 8, 16, 12, 18, 6, 14, 13, 1, 10]",6.4758611
./random_graph_db/graph_db_node_21/07_p0.55/07_graph_n21_p0.55_idx8.gpickle,21,0.55,8,9,75,169,"[2, 17, 1, 8, 16, 3, 13, 10, 0, 6, 4, 19, 5, 9, 15, 20, 18, 14, 7, 11, 12]",6.2576051
./random_graph_db/graph_db_node_21/07_p0.55/07_graph_n21_p0.55_idx9.gpickle,21,0.55,9,9,68,175,"[13, 9, 11, 20, 8, 12, 3, 14, 2, 10, 6, 18, 19, 15, 17, 16, 1, 4, 5, 0, 7]",6.6066549
./random_graph_db/graph_db_node_21/08_p0.6/08_graph_n21_p0.6_idx1.gpickle,21,0.6,1,9,68,182,"[15, 2, 6, 0, 14, 17, 20, 9, 1, 3, 5, 18, 7, 16, 10, 13, 12, 8, 11, 19, 4]",6.181746
./random_graph_db/graph_db_node_21/08_p0.6/08_graph_n21_p0.6_idx10.gpickle,21,0.6,10,9,81,190,"[3, 11, 0, 18, 9, 5, 14, 16, 7, 13, 15, 6, 4, 1, 8, 10, 20, 19, 12, 2, 17]",6.8216729
./random_graph_db/graph_db_node_21/08_p0.6/08_graph_n21_p0.6_idx2.gpickle,21,0.6,2,9,81,199,"[0, 9, 15, 12, 7, 16, 18, 14, 3, 8, 5, 1, 2, 4, 10, 11, 6, 20, 17, 13, 19]",6.2640729
./random_graph_db/graph_db_node_21/08_p0.6/08_graph_n21_p0.6_idx3.gpickle,21,0.6,3,9,77,185,"[2, 15, 9, 12, 18, 0, 10, 6, 17, 14, 13, 1, 7, 3, 19, 11, 5, 8, 20, 4, 16]",6.0049191
./random_graph_db/graph_db_node_21/08_p0.6/08_graph_n21_p0.6_idx4.gpickle,21,0.6,4,8,59,145,"[8, 18, 12, 2, 4, 7, 5, 6, 0, 11, 13, 19, 17, 9, 10, 16, 15, 1, 14, 3, 20]",5.9364603
./random_graph_db/graph_db_node_21/08_p0.6/08_graph_n21_p0.6_idx5.gpickle,21,0.6,5,10,86,218,"[4, 17, 16, 6, 0, 13, 14, 11, 9, 2, 10, 18, 8, 7, 15, 12, 5, 20, 19, 3, 1]",6.1506341
./random_graph_db/graph_db_node_21/08_p0.6/08_graph_n21_p0.6_idx6.gpickle,21,0.6,6,9,73,199,"[8, 15, 4, 0, 3, 11, 12, 6, 5, 16, 1, 14, 7, 2, 10, 20, 17, 18, 19, 9, 13]",6.9397049
./random_graph_db/graph_db_node_21/08_p0.6/08_graph_n21_p0.6_idx7.gpickle,21,0.6,7,9,74,190,"[8, 0, 10, 5, 9, 15, 2, 14, 13, 12, 16, 3, 1, 20, 7, 4, 17, 18, 6, 11, 19]",6.2373979
./random_graph_db/graph_db_node_21/08_p0.6/08_graph_n21_p0.6_idx8.gpickle,21,0.6,8,9,74,190,"[10, 11, 17, 2, 16, 6, 13, 14, 15, 0, 7, 9, 19, 12, 3, 18, 5, 20, 1, 4, 8]",6.501502
./random_graph_db/graph_db_node_21/08_p0.6/08_graph_n21_p0.6_idx9.gpickle,21,0.6,9,9,90,212,"[9, 18, 14, 19, 5, 16, 12, 10, 20, 7, 6, 0, 1, 17, 8, 3, 11, 15, 4, 2, 13]",6.7162092
./random_graph_db/graph_db_node_21/09_p0.65/09_graph_n21_p0.65_idx1.gpickle,21,0.65,1,10,87,195,"[16, 7, 15, 4, 17, 11, 2, 12, 14, 9, 13, 8, 10, 19, 20, 18, 1, 0, 3, 5, 6]",7.274262
./random_graph_db/graph_db_node_21/09_p0.65/09_graph_n21_p0.65_idx10.gpickle,21,0.65,10,8,60,162,"[4, 3, 20, 7, 10, 15, 17, 19, 16, 11, 18, 12, 5, 1, 9, 14, 8, 2, 6, 0, 13]",5.5959601
./random_graph_db/graph_db_node_21/09_p0.65/09_graph_n21_p0.65_idx2.gpickle,21,0.65,2,9,84,198,"[7, 12, 3, 2, 0, 6, 5, 10, 4, 16, 17, 13, 9, 14, 11, 1, 18, 20, 19, 15, 8]",6.557914
./random_graph_db/graph_db_node_21/09_p0.65/09_graph_n21_p0.65_idx3.gpickle,21,0.65,3,9,78,194,"[1, 20, 6, 15, 4, 7, 10, 2, 16, 19, 3, 11, 0, 17, 5, 14, 8, 9, 13, 18, 12]",6.835979
./random_graph_db/graph_db_node_21/09_p0.65/09_graph_n21_p0.65_idx4.gpickle,21,0.65,4,10,79,204,"[14, 11, 17, 19, 7, 12, 9, 8, 1, 4, 10, 13, 3, 18, 5, 0, 15, 16, 6, 2, 20]",6.1088078
./random_graph_db/graph_db_node_21/09_p0.65/09_graph_n21_p0.65_idx5.gpickle,21,0.65,5,9,71,155,"[14, 0, 18, 20, 11, 12, 15, 8, 13, 6, 1, 10, 9, 5, 19, 3, 7, 4, 2, 17, 16]",6.0864758
./random_graph_db/graph_db_node_21/09_p0.65/09_graph_n21_p0.65_idx6.gpickle,21,0.65,6,9,64,183,"[11, 0, 6, 4, 7, 1, 17, 14, 3, 10, 8, 16, 9, 18, 13, 5, 20, 2, 15, 19, 12]",6.119071
./random_graph_db/graph_db_node_21/09_p0.65/09_graph_n21_p0.65_idx7.gpickle,21,0.65,7,9,73,184,"[15, 17, 9, 14, 12, 4, 0, 8, 11, 10, 18, 1, 7, 6, 5, 13, 19, 16, 3, 2, 20]",5.8350959
./random_graph_db/graph_db_node_21/09_p0.65/09_graph_n21_p0.65_idx8.gpickle,21,0.65,8,9,81,211,"[19, 1, 14, 5, 3, 8, 6, 11, 17, 20, 4, 0, 10, 7, 12, 16, 18, 15, 9, 13, 2]",6.7708893
./random_graph_db/graph_db_node_21/09_p0.65/09_graph_n21_p0.65_idx9.gpickle,21,0.65,9,10,87,194,"[16, 15, 20, 7, 9, 8, 11, 5, 18, 12, 6, 1, 17, 3, 4, 14, 2, 13, 0, 19, 10]",6.7139649
./random_graph_db/graph_db_node_21/10_p0.7/10_graph_n21_p0.7_idx1.gpickle,21,0.7,1,8,57,142,"[6, 10, 7, 1, 11, 13, 3, 16, 14, 8, 15, 2, 19, 4, 18, 17, 20, 0, 12, 5, 9]",5.7734919
./random_graph_db/graph_db_node_21/10_p0.7/10_graph_n21_p0.7_idx10.gpickle,21,0.7,10,8,73,189,"[10, 1, 8, 7, 17, 0, 18, 15, 19, 4, 2, 16, 9, 3, 12, 5, 11, 20, 14, 6, 13]",5.4808502
./random_graph_db/graph_db_node_21/10_p0.7/10_graph_n21_p0.7_idx2.gpickle,21,0.7,2,9,59,148,"[4, 10, 14, 9, 7, 0, 13, 8, 2, 17, 18, 19, 3, 20, 6, 11, 16, 1, 12, 5, 15]",5.6804249
./random_graph_db/graph_db_node_21/10_p0.7/10_graph_n21_p0.7_idx3.gpickle,21,0.7,3,9,74,182,"[16, 2, 1, 11, 6, 3, 18, 4, 0, 9, 7, 14, 15, 17, 8, 10, 12, 5, 20, 13, 19]",6.6848919
./random_graph_db/graph_db_node_21/10_p0.7/10_graph_n21_p0.7_idx4.gpickle,21,0.7,4,9,79,186,"[11, 16, 5, 19, 6, 14, 17, 2, 13, 7, 12, 18, 15, 8, 9, 4, 0, 10, 3, 20, 1]",5.7933271
./random_graph_db/graph_db_node_21/10_p0.7/10_graph_n21_p0.7_idx5.gpickle,21,0.7,5,9,79,201,"[6, 11, 3, 13, 16, 19, 2, 4, 12, 5, 1, 9, 14, 8, 18, 20, 7, 0, 17, 10, 15]",6.5113859
./random_graph_db/graph_db_node_21/10_p0.7/10_graph_n21_p0.7_idx6.gpickle,21,0.7,6,8,58,156,"[19, 10, 1, 4, 9, 20, 8, 15, 14, 0, 7, 11, 13, 2, 17, 12, 6, 16, 3, 5, 18]",5.6359622
./random_graph_db/graph_db_node_21/10_p0.7/10_graph_n21_p0.7_idx7.gpickle,21,0.7,7,9,69,177,"[5, 7, 16, 11, 6, 8, 0, 15, 14, 1, 17, 4, 9, 19, 12, 20, 10, 13, 3, 2, 18]",6.2674119
./random_graph_db/graph_db_node_21/10_p0.7/10_graph_n21_p0.7_idx8.gpickle,21,0.7,8,10,81,186,"[6, 8, 7, 11, 12, 10, 17, 2, 19, 13, 0, 3, 14, 4, 15, 9, 16, 1, 18, 20, 5]",5.8153939
./random_graph_db/graph_db_node_21/10_p0.7/10_graph_n21_p0.7_idx9.gpickle,21,0.7,9,9,92,219,"[10, 15, 8, 2, 3, 9, 13, 4, 7, 5, 1, 11, 20, 18, 6, 12, 17, 19, 16, 14, 0]",6.122108
./random_graph_db/graph_db_node_21/11_p0.8/11_graph_n21_p0.8_idx1.gpickle,21,0.8,1,6,31,91,"[1, 14, 20, 5, 15, 8, 19, 4, 3, 0, 11, 18, 7, 17, 16, 13, 12, 9, 2, 10, 6]",3.7219279
./random_graph_db/graph_db_node_21/11_p0.8/11_graph_n21_p0.8_idx10.gpickle,21,0.8,10,8,63,152,"[11, 5, 2, 13, 1, 0, 15, 7, 14, 9, 4, 17, 8, 16, 10, 19, 18, 3, 6, 12, 20]",5.6263261
./random_graph_db/graph_db_node_21/11_p0.8/11_graph_n21_p0.8_idx2.gpickle,21,0.8,2,6,46,98,"[3, 17, 8, 2, 10, 14, 13, 5, 16, 15, 12, 11, 20, 7, 9, 4, 0, 6, 19, 1, 18]",4.0851243
./random_graph_db/graph_db_node_21/11_p0.8/11_graph_n21_p0.8_idx3.gpickle,21,0.8,3,7,44,110,"[5, 16, 13, 1, 2, 15, 17, 3, 11, 9, 12, 10, 20, 6, 14, 7, 18, 0, 19, 8, 4]",4.282954
./random_graph_db/graph_db_node_21/11_p0.8/11_graph_n21_p0.8_idx4.gpickle,21,0.8,4,9,75,194,"[0, 2, 7, 18, 4, 16, 14, 15, 10, 1, 13, 20, 17, 5, 9, 12, 3, 6, 19, 11, 8]",5.8831398
./random_graph_db/graph_db_node_21/11_p0.8/11_graph_n21_p0.8_idx5.gpickle,21,0.8,5,6,33,91,"[15, 20, 4, 17, 18, 16, 19, 10, 1, 2, 13, 8, 12, 0, 14, 9, 11, 5, 3, 6, 7]",4.1120951
./random_graph_db/graph_db_node_21/11_p0.8/11_graph_n21_p0.8_idx6.gpickle,21,0.8,6,7,53,136,"[7, 12, 14, 1, 5, 3, 17, 0, 8, 18, 19, 6, 11, 4, 9, 20, 13, 16, 2, 10, 15]",4.9914989
./random_graph_db/graph_db_node_21/11_p0.8/11_graph_n21_p0.8_idx7.gpickle,21,0.8,7,7,52,122,"[11, 10, 14, 13, 1, 7, 15, 18, 16, 2, 3, 0, 17, 9, 6, 12, 4, 5, 20, 19, 8]",4.549309
./random_graph_db/graph_db_node_21/11_p0.8/11_graph_n21_p0.8_idx8.gpickle,21,0.8,8,7,49,140,"[14, 11, 12, 19, 2, 4, 7, 9, 20, 8, 1, 16, 17, 6, 0, 5, 18, 13, 15, 3, 10]",4.8535199
./random_graph_db/graph_db_node_21/11_p0.8/11_graph_n21_p0.8_idx9.gpickle,21,0.8,9,8,58,124,"[18, 9, 2, 5, 10, 6, 0, 19, 1, 8, 20, 7, 13, 3, 14, 16, 11, 15, 4, 17, 12]",4.8715007
./random_graph_db/graph_db_node_21/12_p0.9/12_graph_n21_p0.9_idx1.gpickle,21,0.9,1,4,19,55,"[18, 20, 8, 5, 7, 16, 6, 9, 14, 12, 10, 15, 11, 1, 2, 3, 19, 4, 13, 17, 0]",2.5999517
./random_graph_db/graph_db_node_21/12_p0.9/12_graph_n21_p0.9_idx10.gpickle,21,0.9,10,4,23,66,"[9, 8, 14, 10, 7, 1, 15, 17, 5, 16, 20, 3, 0, 12, 11, 18, 19, 2, 13, 6, 4]",3.3580921
./random_graph_db/graph_db_node_21/12_p0.9/12_graph_n21_p0.9_idx2.gpickle,21,0.9,2,3,13,52,"[6, 13, 0, 20, 18, 2, 17, 15, 5, 14, 10, 19, 8, 12, 3, 11, 9, 4, 16, 1, 7]",2.6401172
./random_graph_db/graph_db_node_21/12_p0.9/12_graph_n21_p0.9_idx3.gpickle,21,0.9,3,6,26,77,"[0, 8, 7, 11, 19, 2, 1, 17, 15, 13, 3, 14, 6, 16, 12, 4, 9, 20, 10, 18, 5]",3.8133383
./random_graph_db/graph_db_node_21/12_p0.9/12_graph_n21_p0.9_idx4.gpickle,21,0.9,4,6,32,85,"[19, 0, 12, 4, 5, 17, 20, 3, 1, 18, 2, 7, 10, 9, 13, 11, 6, 14, 8, 15, 16]",3.5672901
./random_graph_db/graph_db_node_21/12_p0.9/12_graph_n21_p0.9_idx5.gpickle,21,0.9,5,3,16,56,"[6, 15, 11, 5, 10, 18, 19, 16, 1, 20, 9, 0, 3, 12, 7, 14, 17, 8, 13, 2, 4]",2.7573729
./random_graph_db/graph_db_node_21/12_p0.9/12_graph_n21_p0.9_idx6.gpickle,21,0.9,6,3,11,49,"[14, 8, 10, 5, 7, 1, 15, 2, 20, 17, 4, 12, 6, 0, 9, 13, 11, 3, 19, 18, 16]",2.4230762
./random_graph_db/graph_db_node_21/12_p0.9/12_graph_n21_p0.9_idx7.gpickle,21,0.9,7,2,13,53,"[3, 10, 0, 13, 5, 4, 8, 20, 7, 1, 12, 15, 14, 16, 9, 6, 19, 17, 11, 18, 2]",2.6333129
./random_graph_db/graph_db_node_21/12_p0.9/12_graph_n21_p0.9_idx8.gpickle,21,0.9,8,5,19,51,"[11, 9, 17, 0, 14, 10, 16, 6, 1, 3, 15, 5, 20, 4, 18, 2, 8, 7, 19, 13, 12]",2.8438122
./random_graph_db/graph_db_node_21/12_p0.9/12_graph_n21_p0.9_idx9.gpickle,21,0.9,9,5,24,73,"[2, 18, 15, 6, 3, 1, 7, 8, 20, 16, 5, 10, 13, 14, 0, 9, 4, 11, 19, 17, 12]",3.422158
./random_graph_db/graph_db_node_22/01_p0.1/01_graph_n22_p0.1_idx1.gpickle,22,0.1,1,3,8,54,"[0, 4, 14, 6, 17, 2, 1, 12, 3, 10, 21, 8, 20, 5, 7, 9, 18, 13, 19, 11, 16, 15]",2.2912028
./random_graph_db/graph_db_node_22/01_p0.1/01_graph_n22_p0.1_idx10.gpickle,22,0.1,10,4,13,62,"[16, 1, 17, 18, 10, 3, 7, 9, 4, 21, 12, 19, 14, 8, 0, 5, 11, 2, 15, 20, 6, 13]",2.6610467
./random_graph_db/graph_db_node_22/01_p0.1/01_graph_n22_p0.1_idx2.gpickle,22,0.1,2,3,7,35,"[4, 1, 6, 0, 7, 19, 18, 16, 11, 12, 8, 9, 10, 17, 13, 3, 2, 14, 15, 21, 5, 20]",2.1796069
./random_graph_db/graph_db_node_22/01_p0.1/01_graph_n22_p0.1_idx3.gpickle,22,0.1,3,4,9,46,"[3, 16, 15, 14, 1, 0, 7, 19, 21, 12, 8, 10, 11, 20, 18, 9, 17, 5, 6, 4, 13, 2]",2.438369
./random_graph_db/graph_db_node_22/01_p0.1/01_graph_n22_p0.1_idx4.gpickle,22,0.1,4,3,11,51,"[19, 14, 16, 0, 18, 15, 6, 17, 4, 9, 1, 13, 2, 3, 20, 5, 10, 8, 7, 11, 21, 12]",2.5489662
./random_graph_db/graph_db_node_22/01_p0.1/01_graph_n22_p0.1_idx5.gpickle,22,0.1,5,2,5,31,"[13, 1, 7, 6, 20, 3, 10, 9, 19, 12, 11, 8, 5, 18, 21, 16, 17, 2, 14, 15, 0, 4]",2.1212842
./random_graph_db/graph_db_node_22/01_p0.1/01_graph_n22_p0.1_idx6.gpickle,22,0.1,6,4,15,62,"[9, 1, 10, 12, 13, 14, 15, 4, 6, 11, 17, 2, 5, 0, 7, 8, 20, 21, 3, 19, 16, 18]",2.6924171
./random_graph_db/graph_db_node_22/01_p0.1/01_graph_n22_p0.1_idx7.gpickle,22,0.1,7,3,10,45,"[6, 21, 2, 3, 12, 17, 0, 7, 8, 1, 4, 9, 10, 20, 5, 15, 14, 16, 19, 11, 18, 13]",2.5659647
./random_graph_db/graph_db_node_22/01_p0.1/01_graph_n22_p0.1_idx8.gpickle,22,0.1,8,3,8,43,"[10, 1, 5, 7, 3, 8, 17, 13, 18, 9, 19, 0, 4, 14, 12, 6, 21, 16, 15, 20, 11, 2]",2.2762299
./random_graph_db/graph_db_node_22/01_p0.1/01_graph_n22_p0.1_idx9.gpickle,22,0.1,9,5,23,74,"[7, 2, 17, 11, 5, 12, 4, 3, 16, 8, 6, 21, 9, 1, 18, 13, 10, 19, 15, 14, 0, 20]",3.1010654
./random_graph_db/graph_db_node_22/02_p0.2/02_graph_n22_p0.2_idx1.gpickle,22,0.2,1,6,38,91,"[10, 18, 6, 5, 19, 4, 3, 7, 16, 15, 13, 21, 11, 0, 8, 20, 14, 17, 1, 2, 9, 12]",3.7293799
./random_graph_db/graph_db_node_22/02_p0.2/02_graph_n22_p0.2_idx10.gpickle,22,0.2,10,6,41,102,"[3, 15, 4, 10, 0, 20, 1, 5, 7, 9, 21, 2, 8, 16, 19, 17, 13, 12, 14, 18, 11, 6]",4.0429029
./random_graph_db/graph_db_node_22/02_p0.2/02_graph_n22_p0.2_idx2.gpickle,22,0.2,2,7,43,100,"[5, 14, 8, 10, 7, 17, 18, 6, 15, 3, 21, 13, 16, 9, 11, 1, 4, 20, 2, 12, 0, 19]",4.6244209
./random_graph_db/graph_db_node_22/02_p0.2/02_graph_n22_p0.2_idx3.gpickle,22,0.2,3,7,41,108,"[2, 4, 6, 3, 12, 18, 16, 10, 20, 8, 1, 7, 11, 21, 5, 17, 19, 14, 13, 15, 0, 9]",4.2820129
./random_graph_db/graph_db_node_22/02_p0.2/02_graph_n22_p0.2_idx4.gpickle,22,0.2,4,5,24,62,"[6, 2, 12, 16, 0, 14, 3, 8, 5, 18, 7, 9, 10, 1, 20, 17, 13, 19, 15, 11, 21, 4]",3.5637829
./random_graph_db/graph_db_node_22/02_p0.2/02_graph_n22_p0.2_idx5.gpickle,22,0.2,5,5,27,62,"[4, 18, 3, 15, 2, 5, 21, 0, 10, 7, 16, 13, 20, 19, 12, 1, 6, 11, 9, 8, 17, 14]",3.3774571
./random_graph_db/graph_db_node_22/02_p0.2/02_graph_n22_p0.2_idx6.gpickle,22,0.2,6,5,25,73,"[0, 11, 14, 21, 13, 8, 7, 19, 10, 4, 5, 12, 6, 18, 17, 15, 1, 3, 2, 20, 16, 9]",3.5890481
./random_graph_db/graph_db_node_22/02_p0.2/02_graph_n22_p0.2_idx7.gpickle,22,0.2,7,5,26,78,"[18, 14, 8, 15, 4, 3, 1, 11, 13, 12, 0, 20, 16, 19, 7, 2, 21, 6, 10, 9, 17, 5]",3.613354
./random_graph_db/graph_db_node_22/02_p0.2/02_graph_n22_p0.2_idx8.gpickle,22,0.2,8,5,26,57,"[11, 5, 16, 2, 6, 3, 19, 14, 15, 18, 1, 4, 9, 10, 0, 13, 12, 17, 7, 20, 8, 21]",3.157892
./random_graph_db/graph_db_node_22/02_p0.2/02_graph_n22_p0.2_idx9.gpickle,22,0.2,9,6,38,98,"[0, 3, 5, 1, 6, 18, 12, 7, 19, 21, 8, 4, 13, 2, 20, 15, 17, 14, 10, 11, 9, 16]",4.2431228
./random_graph_db/graph_db_node_22/03_p0.3/03_graph_n22_p0.3_idx1.gpickle,22,0.3,1,9,73,165,"[20, 9, 6, 3, 5, 18, 10, 8, 12, 0, 11, 1, 21, 13, 2, 19, 7, 15, 16, 17, 4, 14]",5.7277691
./random_graph_db/graph_db_node_22/03_p0.3/03_graph_n22_p0.3_idx10.gpickle,22,0.3,10,8,52,127,"[14, 16, 15, 20, 19, 21, 3, 10, 7, 9, 11, 1, 6, 2, 0, 4, 17, 13, 12, 5, 18, 8]",5.0329759
./random_graph_db/graph_db_node_22/03_p0.3/03_graph_n22_p0.3_idx2.gpickle,22,0.3,2,8,61,151,"[16, 6, 3, 10, 19, 13, 20, 17, 5, 15, 11, 8, 18, 2, 21, 0, 7, 1, 12, 14, 4, 9]",5.284699
./random_graph_db/graph_db_node_22/03_p0.3/03_graph_n22_p0.3_idx3.gpickle,22,0.3,3,9,71,157,"[3, 1, 2, 18, 5, 9, 8, 7, 19, 14, 15, 0, 12, 4, 13, 11, 6, 20, 10, 21, 16, 17]",5.6062348
./random_graph_db/graph_db_node_22/03_p0.3/03_graph_n22_p0.3_idx4.gpickle,22,0.3,4,7,47,136,"[21, 8, 18, 5, 6, 12, 3, 0, 11, 16, 15, 2, 7, 9, 1, 10, 13, 17, 4, 14, 19, 20]",4.8411021
./random_graph_db/graph_db_node_22/03_p0.3/03_graph_n22_p0.3_idx5.gpickle,22,0.3,5,7,57,142,"[6, 8, 2, 3, 17, 5, 12, 1, 11, 19, 13, 7, 9, 15, 21, 0, 14, 4, 16, 20, 18, 10]",5.1520061
./random_graph_db/graph_db_node_22/03_p0.3/03_graph_n22_p0.3_idx6.gpickle,22,0.3,6,9,84,197,"[15, 19, 2, 1, 7, 11, 4, 8, 18, 20, 12, 16, 14, 5, 10, 17, 3, 0, 9, 13, 21, 6]",6.0272009
./random_graph_db/graph_db_node_22/03_p0.3/03_graph_n22_p0.3_idx7.gpickle,22,0.3,7,9,65,185,"[19, 2, 3, 1, 11, 20, 5, 6, 17, 10, 0, 13, 12, 14, 21, 7, 15, 16, 8, 4, 18, 9]",5.6467879
./random_graph_db/graph_db_node_22/03_p0.3/03_graph_n22_p0.3_idx8.gpickle,22,0.3,8,8,61,149,"[17, 9, 7, 18, 3, 1, 8, 11, 13, 4, 21, 14, 16, 15, 2, 5, 6, 19, 10, 12, 0, 20]",5.0265532
./random_graph_db/graph_db_node_22/03_p0.3/03_graph_n22_p0.3_idx9.gpickle,22,0.3,9,10,86,212,"[15, 18, 8, 5, 14, 7, 6, 10, 4, 12, 20, 1, 13, 11, 17, 16, 0, 2, 21, 19, 3, 9]",6.7077718
./random_graph_db/graph_db_node_22/04_p0.4/04_graph_n22_p0.4_idx1.gpickle,22,0.4,1,9,90,232,"[2, 9, 7, 11, 14, 17, 6, 3, 20, 18, 4, 8, 10, 5, 19, 13, 16, 1, 15, 12, 21, 0]",6.572376
./random_graph_db/graph_db_node_22/04_p0.4/04_graph_n22_p0.4_idx10.gpickle,22,0.4,10,10,78,177,"[7, 12, 13, 1, 0, 4, 6, 5, 2, 8, 14, 21, 19, 3, 11, 15, 17, 10, 20, 9, 18, 16]",6.6873453
./random_graph_db/graph_db_node_22/04_p0.4/04_graph_n22_p0.4_idx2.gpickle,22,0.4,2,9,85,214,"[12, 15, 10, 7, 1, 11, 17, 13, 9, 2, 8, 18, 16, 6, 0, 3, 19, 21, 4, 5, 20, 14]",7.326304
./random_graph_db/graph_db_node_22/04_p0.4/04_graph_n22_p0.4_idx3.gpickle,22,0.4,3,9,70,180,"[2, 15, 5, 21, 1, 13, 19, 11, 17, 0, 4, 10, 16, 7, 3, 14, 20, 6, 18, 8, 12, 9]",6.8819671
./random_graph_db/graph_db_node_22/04_p0.4/04_graph_n22_p0.4_idx4.gpickle,22,0.4,4,10,91,203,"[1, 3, 0, 4, 2, 8, 7, 21, 20, 5, 10, 14, 11, 15, 19, 9, 6, 16, 18, 13, 12, 17]",7.0529857
./random_graph_db/graph_db_node_22/04_p0.4/04_graph_n22_p0.4_idx5.gpickle,22,0.4,5,9,84,202,"[1, 12, 16, 17, 4, 21, 20, 0, 13, 6, 9, 8, 10, 7, 19, 5, 15, 3, 11, 14, 18, 2]",6.928441
./random_graph_db/graph_db_node_22/04_p0.4/04_graph_n22_p0.4_idx6.gpickle,22,0.4,6,9,76,198,"[1, 5, 17, 0, 20, 8, 15, 18, 13, 6, 11, 10, 2, 4, 7, 21, 19, 3, 12, 14, 9, 16]",6.6390719
./random_graph_db/graph_db_node_22/04_p0.4/04_graph_n22_p0.4_idx7.gpickle,22,0.4,7,10,87,212,"[0, 10, 11, 19, 20, 6, 12, 3, 9, 14, 13, 5, 2, 15, 1, 18, 8, 7, 4, 16, 17, 21]",7.4679439
./random_graph_db/graph_db_node_22/04_p0.4/04_graph_n22_p0.4_idx8.gpickle,22,0.4,8,9,77,184,"[19, 20, 0, 3, 6, 9, 7, 1, 17, 11, 16, 4, 10, 18, 2, 8, 13, 12, 14, 21, 15, 5]",7.106488
./random_graph_db/graph_db_node_22/04_p0.4/04_graph_n22_p0.4_idx9.gpickle,22,0.4,9,10,85,200,"[13, 12, 15, 7, 9, 6, 4, 8, 11, 0, 14, 2, 3, 1, 21, 19, 17, 16, 18, 5, 10, 20]",7.33463
./random_graph_db/graph_db_node_22/05_p0.45/05_graph_n22_p0.45_idx1.gpickle,22,0.45,1,10,86,205,"[4, 0, 21, 8, 14, 16, 11, 19, 9, 7, 20, 15, 10, 17, 1, 13, 18, 5, 6, 3, 12, 2]",7.1976469
./random_graph_db/graph_db_node_22/05_p0.45/05_graph_n22_p0.45_idx10.gpickle,22,0.45,10,10,110,257,"[19, 7, 3, 8, 11, 15, 0, 1, 16, 14, 18, 17, 13, 21, 2, 5, 6, 20, 10, 12, 4, 9]",7.542356
./random_graph_db/graph_db_node_22/05_p0.45/05_graph_n22_p0.45_idx2.gpickle,22,0.45,2,9,82,210,"[6, 18, 8, 12, 17, 0, 14, 7, 13, 9, 2, 15, 19, 16, 20, 11, 21, 4, 1, 5, 3, 10]",6.6190207
./random_graph_db/graph_db_node_22/05_p0.45/05_graph_n22_p0.45_idx3.gpickle,22,0.45,3,10,89,206,"[3, 12, 8, 10, 16, 7, 19, 18, 2, 5, 0, 14, 15, 11, 1, 4, 6, 20, 9, 17, 21, 13]",7.1314442
./random_graph_db/graph_db_node_22/05_p0.45/05_graph_n22_p0.45_idx4.gpickle,22,0.45,4,10,90,205,"[9, 16, 18, 12, 4, 2, 21, 10, 19, 6, 8, 11, 17, 20, 14, 13, 15, 5, 3, 0, 7, 1]",7.1409638
./random_graph_db/graph_db_node_22/05_p0.45/05_graph_n22_p0.45_idx5.gpickle,22,0.45,5,9,80,201,"[0, 11, 20, 12, 10, 5, 19, 8, 14, 9, 4, 17, 21, 18, 16, 3, 15, 2, 1, 13, 6, 7]",7.306356
./random_graph_db/graph_db_node_22/05_p0.45/05_graph_n22_p0.45_idx6.gpickle,22,0.45,6,10,77,180,"[1, 5, 20, 13, 16, 2, 4, 11, 17, 21, 6, 18, 12, 0, 14, 3, 15, 10, 19, 7, 9, 8]",7.058007
./random_graph_db/graph_db_node_22/05_p0.45/05_graph_n22_p0.45_idx7.gpickle,22,0.45,7,9,76,193,"[2, 20, 5, 10, 11, 12, 15, 8, 13, 17, 18, 7, 6, 1, 0, 14, 9, 16, 19, 21, 3, 4]",6.631731
./random_graph_db/graph_db_node_22/05_p0.45/05_graph_n22_p0.45_idx8.gpickle,22,0.45,8,8,76,184,"[9, 15, 7, 0, 20, 2, 16, 10, 5, 14, 18, 3, 19, 4, 1, 13, 17, 11, 21, 8, 6, 12]",6.857265
./random_graph_db/graph_db_node_22/05_p0.45/05_graph_n22_p0.45_idx9.gpickle,22,0.45,9,9,69,188,"[20, 21, 8, 6, 9, 17, 2, 4, 0, 13, 5, 1, 14, 18, 7, 19, 3, 11, 12, 15, 10, 16]",6.2378221
./random_graph_db/graph_db_node_22/06_p0.5/06_graph_n22_p0.5_idx1.gpickle,22,0.5,1,10,87,218,"[12, 17, 7, 10, 16, 2, 14, 4, 6, 3, 15, 13, 0, 18, 8, 11, 9, 21, 5, 1, 20, 19]",7.551862
./random_graph_db/graph_db_node_22/06_p0.5/06_graph_n22_p0.5_idx10.gpickle,22,0.5,10,10,86,188,"[4, 9, 17, 10, 16, 7, 5, 1, 11, 18, 3, 0, 15, 8, 21, 14, 2, 19, 13, 6, 20, 12]",6.403388
./random_graph_db/graph_db_node_22/06_p0.5/06_graph_n22_p0.5_idx2.gpickle,22,0.5,2,10,95,247,"[18, 10, 7, 13, 8, 3, 15, 11, 5, 9, 20, 2, 4, 16, 0, 12, 21, 1, 19, 17, 14, 6]",8.1644738
./random_graph_db/graph_db_node_22/06_p0.5/06_graph_n22_p0.5_idx3.gpickle,22,0.5,3,10,98,236,"[2, 1, 0, 10, 19, 6, 20, 15, 11, 3, 18, 4, 17, 9, 16, 21, 5, 14, 7, 8, 13, 12]",7.1593699
./random_graph_db/graph_db_node_22/06_p0.5/06_graph_n22_p0.5_idx4.gpickle,22,0.5,4,10,99,237,"[18, 21, 4, 11, 3, 16, 19, 5, 6, 20, 12, 14, 8, 0, 7, 2, 10, 1, 17, 15, 13, 9]",7.4852731
./random_graph_db/graph_db_node_22/06_p0.5/06_graph_n22_p0.5_idx5.gpickle,22,0.5,5,10,91,233,"[18, 6, 3, 9, 15, 11, 7, 8, 5, 19, 2, 21, 10, 12, 0, 4, 16, 20, 13, 17, 14, 1]",7.4464703
./random_graph_db/graph_db_node_22/06_p0.5/06_graph_n22_p0.5_idx6.gpickle,22,0.5,6,10,95,223,"[19, 16, 8, 1, 20, 12, 6, 4, 15, 13, 9, 17, 11, 10, 18, 7, 21, 14, 3, 2, 5, 0]",6.6842201
./random_graph_db/graph_db_node_22/06_p0.5/06_graph_n22_p0.5_idx7.gpickle,22,0.5,7,10,87,218,"[3, 13, 17, 5, 6, 9, 12, 0, 7, 11, 14, 19, 2, 1, 10, 15, 16, 8, 21, 20, 4, 18]",6.7560899
./random_graph_db/graph_db_node_22/06_p0.5/06_graph_n22_p0.5_idx8.gpickle,22,0.5,8,10,99,234,"[15, 12, 13, 9, 20, 16, 11, 2, 4, 1, 5, 7, 21, 6, 8, 14, 17, 0, 19, 3, 18, 10]",7.3088939
./random_graph_db/graph_db_node_22/06_p0.5/06_graph_n22_p0.5_idx9.gpickle,22,0.5,9,9,79,216,"[15, 0, 3, 5, 20, 8, 12, 2, 11, 1, 21, 18, 19, 10, 7, 17, 9, 14, 4, 16, 6, 13]",7.0631139
./random_graph_db/graph_db_node_22/07_p0.55/07_graph_n22_p0.55_idx1.gpickle,22,0.55,1,10,92,235,"[15, 14, 19, 0, 7, 11, 4, 3, 16, 20, 8, 18, 10, 12, 17, 1, 2, 5, 9, 21, 13, 6]",7.5836201
./random_graph_db/graph_db_node_22/07_p0.55/07_graph_n22_p0.55_idx10.gpickle,22,0.55,10,9,77,200,"[19, 14, 11, 9, 17, 16, 5, 20, 4, 18, 0, 13, 2, 10, 1, 3, 21, 12, 6, 7, 15, 8]",6.8196309
./random_graph_db/graph_db_node_22/07_p0.55/07_graph_n22_p0.55_idx2.gpickle,22,0.55,2,9,73,172,"[1, 18, 14, 15, 12, 10, 21, 8, 4, 3, 13, 16, 19, 9, 7, 5, 2, 11, 17, 6, 0, 20]",6.5838361
./random_graph_db/graph_db_node_22/07_p0.55/07_graph_n22_p0.55_idx3.gpickle,22,0.55,3,9,82,197,"[14, 6, 16, 2, 17, 5, 12, 0, 13, 1, 11, 7, 18, 9, 20, 15, 10, 3, 21, 19, 8, 4]",6.8796222
./random_graph_db/graph_db_node_22/07_p0.55/07_graph_n22_p0.55_idx4.gpickle,22,0.55,4,10,84,203,"[4, 17, 9, 7, 11, 18, 10, 16, 0, 1, 13, 19, 14, 15, 2, 5, 21, 3, 20, 12, 6, 8]",7.2115431
./random_graph_db/graph_db_node_22/07_p0.55/07_graph_n22_p0.55_idx5.gpickle,22,0.55,5,10,86,195,"[19, 20, 3, 16, 13, 9, 21, 0, 5, 8, 2, 12, 6, 17, 18, 1, 11, 14, 15, 4, 7, 10]",6.8123322
./random_graph_db/graph_db_node_22/07_p0.55/07_graph_n22_p0.55_idx6.gpickle,22,0.55,6,10,79,178,"[16, 2, 12, 13, 11, 0, 10, 19, 6, 8, 7, 4, 9, 14, 3, 21, 15, 18, 1, 17, 5, 20]",6.909368
./random_graph_db/graph_db_node_22/07_p0.55/07_graph_n22_p0.55_idx7.gpickle,22,0.55,7,10,95,225,"[4, 21, 11, 5, 17, 0, 16, 10, 8, 1, 2, 6, 12, 9, 19, 14, 13, 20, 7, 15, 3, 18]",7.4819038
./random_graph_db/graph_db_node_22/07_p0.55/07_graph_n22_p0.55_idx8.gpickle,22,0.55,8,10,85,211,"[14, 16, 11, 20, 3, 15, 1, 5, 2, 9, 18, 6, 0, 8, 17, 4, 21, 12, 7, 19, 10, 13]",7.2828341
./random_graph_db/graph_db_node_22/07_p0.55/07_graph_n22_p0.55_idx9.gpickle,22,0.55,9,10,98,235,"[17, 4, 13, 19, 0, 9, 7, 2, 10, 15, 11, 3, 6, 14, 20, 18, 5, 1, 16, 12, 21, 8]",7.7203259
./random_graph_db/graph_db_node_22/08_p0.6/08_graph_n22_p0.6_idx1.gpickle,22,0.6,1,10,101,253,"[14, 11, 16, 18, 1, 13, 6, 19, 2, 17, 4, 10, 5, 8, 3, 0, 9, 21, 7, 12, 15, 20]",7.7775881
./random_graph_db/graph_db_node_22/08_p0.6/08_graph_n22_p0.6_idx10.gpickle,22,0.6,10,10,92,220,"[3, 0, 10, 8, 18, 11, 4, 21, 6, 7, 14, 12, 17, 1, 15, 19, 2, 13, 16, 9, 5, 20]",7.2068081
./random_graph_db/graph_db_node_22/08_p0.6/08_graph_n22_p0.6_idx2.gpickle,22,0.6,2,10,98,246,"[15, 14, 8, 17, 12, 19, 10, 7, 9, 4, 3, 2, 6, 11, 0, 16, 13, 20, 1, 5, 21, 18]",7.2458329
./random_graph_db/graph_db_node_22/08_p0.6/08_graph_n22_p0.6_idx3.gpickle,22,0.6,3,10,80,200,"[3, 16, 7, 0, 2, 10, 4, 9, 6, 13, 20, 8, 21, 19, 14, 11, 5, 15, 17, 18, 12, 1]",7.0575399
./random_graph_db/graph_db_node_22/08_p0.6/08_graph_n22_p0.6_idx4.gpickle,22,0.6,4,10,87,213,"[3, 13, 16, 15, 12, 1, 8, 10, 7, 2, 21, 14, 5, 20, 6, 19, 17, 4, 9, 18, 11, 0]",7.7645781
./random_graph_db/graph_db_node_22/08_p0.6/08_graph_n22_p0.6_idx5.gpickle,22,0.6,5,9,84,215,"[11, 20, 1, 21, 9, 13, 14, 16, 2, 8, 19, 18, 17, 7, 5, 15, 6, 4, 3, 12, 10, 0]",7.0891631
./random_graph_db/graph_db_node_22/08_p0.6/08_graph_n22_p0.6_idx6.gpickle,22,0.6,6,9,81,210,"[9, 8, 14, 3, 13, 0, 10, 18, 11, 20, 12, 15, 5, 7, 2, 17, 21, 19, 6, 1, 4, 16]",7.0981009
./random_graph_db/graph_db_node_22/08_p0.6/08_graph_n22_p0.6_idx7.gpickle,22,0.6,7,10,87,200,"[17, 12, 19, 14, 2, 8, 6, 4, 15, 20, 10, 7, 5, 21, 11, 1, 13, 3, 16, 9, 18, 0]",7.9414301
./random_graph_db/graph_db_node_22/08_p0.6/08_graph_n22_p0.6_idx8.gpickle,22,0.6,8,9,85,205,"[11, 4, 1, 18, 0, 8, 5, 19, 6, 21, 17, 14, 3, 2, 10, 20, 9, 12, 15, 13, 16, 7]",6.6411602
./random_graph_db/graph_db_node_22/08_p0.6/08_graph_n22_p0.6_idx9.gpickle,22,0.6,9,10,78,182,"[15, 8, 9, 5, 7, 12, 21, 0, 2, 14, 19, 4, 11, 13, 16, 6, 10, 18, 20, 17, 1, 3]",6.2709744
./random_graph_db/graph_db_node_22/09_p0.65/09_graph_n22_p0.65_idx1.gpickle,22,0.65,1,9,81,194,"[17, 18, 21, 10, 6, 13, 11, 19, 2, 9, 20, 14, 15, 12, 8, 7, 1, 4, 0, 16, 3, 5]",6.9835019
./random_graph_db/graph_db_node_22/09_p0.65/09_graph_n22_p0.65_idx10.gpickle,22,0.65,10,9,85,203,"[0, 17, 13, 15, 12, 3, 18, 16, 14, 6, 20, 7, 9, 8, 1, 21, 11, 5, 2, 19, 4, 10]",6.8202569
./random_graph_db/graph_db_node_22/09_p0.65/09_graph_n22_p0.65_idx2.gpickle,22,0.65,2,10,87,208,"[11, 14, 19, 20, 4, 12, 8, 16, 10, 9, 7, 17, 21, 0, 18, 6, 2, 13, 3, 15, 5, 1]",7.2765038
./random_graph_db/graph_db_node_22/09_p0.65/09_graph_n22_p0.65_idx3.gpickle,22,0.65,3,10,84,190,"[7, 13, 8, 19, 20, 11, 0, 3, 21, 17, 15, 2, 12, 4, 1, 6, 14, 18, 9, 5, 16, 10]",6.97331
./random_graph_db/graph_db_node_22/09_p0.65/09_graph_n22_p0.65_idx4.gpickle,22,0.65,4,10,86,205,"[7, 14, 11, 4, 3, 2, 15, 1, 5, 8, 21, 20, 13, 12, 10, 16, 9, 6, 19, 0, 17, 18]",7.2239769
./random_graph_db/graph_db_node_22/09_p0.65/09_graph_n22_p0.65_idx5.gpickle,22,0.65,5,9,86,230,"[3, 2, 9, 20, 6, 1, 4, 15, 18, 10, 0, 7, 5, 14, 19, 8, 12, 13, 16, 11, 21, 17]",7.466249
./random_graph_db/graph_db_node_22/09_p0.65/09_graph_n22_p0.65_idx6.gpickle,22,0.65,6,9,75,168,"[2, 18, 0, 17, 3, 15, 9, 5, 14, 10, 21, 11, 13, 7, 16, 20, 1, 4, 19, 8, 12, 6]",6.4478211
./random_graph_db/graph_db_node_22/09_p0.65/09_graph_n22_p0.65_idx7.gpickle,22,0.65,7,9,74,216,"[9, 4, 18, 10, 14, 11, 20, 21, 6, 1, 7, 19, 5, 8, 2, 17, 3, 15, 12, 0, 16, 13]",7.0308139
./random_graph_db/graph_db_node_22/09_p0.65/09_graph_n22_p0.65_idx8.gpickle,22,0.65,8,10,88,212,"[14, 8, 17, 15, 0, 9, 11, 21, 3, 13, 18, 19, 6, 10, 2, 20, 1, 5, 12, 4, 16, 7]",6.712981
./random_graph_db/graph_db_node_22/09_p0.65/09_graph_n22_p0.65_idx9.gpickle,22,0.65,9,9,87,241,"[3, 19, 13, 7, 9, 15, 17, 16, 0, 8, 20, 14, 1, 10, 18, 4, 21, 5, 2, 6, 11, 12]",7.7207289
./random_graph_db/graph_db_node_22/10_p0.7/10_graph_n22_p0.7_idx1.gpickle,22,0.7,1,9,73,171,"[17, 19, 2, 8, 15, 18, 11, 9, 5, 7, 1, 16, 0, 14, 13, 6, 20, 4, 21, 10, 12, 3]",5.66523
./random_graph_db/graph_db_node_22/10_p0.7/10_graph_n22_p0.7_idx10.gpickle,22,0.7,10,10,76,176,"[4, 21, 8, 2, 3, 9, 0, 12, 13, 20, 18, 16, 15, 10, 7, 1, 6, 11, 19, 17, 14, 5]",6.6308749
./random_graph_db/graph_db_node_22/10_p0.7/10_graph_n22_p0.7_idx2.gpickle,22,0.7,2,9,67,168,"[4, 17, 7, 8, 21, 19, 6, 10, 9, 1, 20, 11, 0, 13, 2, 15, 3, 18, 16, 12, 14, 5]",6.430095
./random_graph_db/graph_db_node_22/10_p0.7/10_graph_n22_p0.7_idx3.gpickle,22,0.7,3,9,76,194,"[0, 8, 1, 19, 6, 10, 3, 2, 18, 13, 17, 9, 5, 14, 20, 15, 11, 12, 7, 4, 16, 21]",7.3948922
./random_graph_db/graph_db_node_22/10_p0.7/10_graph_n22_p0.7_idx4.gpickle,22,0.7,4,10,93,227,"[9, 6, 13, 21, 16, 2, 17, 15, 18, 7, 4, 3, 12, 1, 8, 20, 0, 14, 10, 19, 5, 11]",7.6672881
./random_graph_db/graph_db_node_22/10_p0.7/10_graph_n22_p0.7_idx5.gpickle,22,0.7,5,9,74,188,"[5, 2, 8, 21, 10, 1, 6, 15, 13, 0, 4, 11, 14, 17, 3, 7, 9, 16, 12, 18, 20, 19]",7.6005571
./random_graph_db/graph_db_node_22/10_p0.7/10_graph_n22_p0.7_idx6.gpickle,22,0.7,6,9,73,171,"[6, 13, 2, 11, 4, 16, 9, 3, 14, 0, 15, 8, 12, 5, 7, 21, 18, 1, 20, 10, 19, 17]",6.5612009
./random_graph_db/graph_db_node_22/10_p0.7/10_graph_n22_p0.7_idx7.gpickle,22,0.7,7,9,83,189,"[21, 15, 13, 1, 0, 7, 2, 17, 11, 9, 6, 3, 14, 4, 12, 18, 16, 8, 5, 19, 20, 10]",7.7841749
./random_graph_db/graph_db_node_22/10_p0.7/10_graph_n22_p0.7_idx8.gpickle,22,0.7,8,10,94,207,"[13, 1, 6, 16, 2, 7, 0, 21, 19, 17, 3, 10, 14, 8, 9, 20, 18, 15, 4, 5, 12, 11]",7.577714
./random_graph_db/graph_db_node_22/10_p0.7/10_graph_n22_p0.7_idx9.gpickle,22,0.7,9,10,87,221,"[12, 14, 7, 15, 2, 18, 9, 21, 20, 11, 1, 5, 16, 3, 0, 6, 10, 17, 8, 13, 19, 4]",7.7166619
./random_graph_db/graph_db_node_22/11_p0.8/11_graph_n22_p0.8_idx1.gpickle,22,0.8,1,7,56,143,"[12, 18, 14, 0, 1, 4, 16, 13, 9, 17, 20, 3, 21, 10, 8, 11, 15, 19, 2, 7, 5, 6]",5.1998148
./random_graph_db/graph_db_node_22/11_p0.8/11_graph_n22_p0.8_idx10.gpickle,22,0.8,10,9,63,166,"[4, 14, 6, 17, 1, 20, 0, 16, 3, 13, 18, 7, 2, 11, 15, 8, 9, 21, 5, 19, 12, 10]",6.6175079
./random_graph_db/graph_db_node_22/11_p0.8/11_graph_n22_p0.8_idx2.gpickle,22,0.8,2,5,37,114,"[5, 9, 2, 12, 8, 0, 6, 16, 18, 14, 13, 3, 19, 21, 11, 4, 7, 20, 10, 15, 17, 1]",4.15011
./random_graph_db/graph_db_node_22/11_p0.8/11_graph_n22_p0.8_idx3.gpickle,22,0.8,3,7,50,130,"[4, 1, 17, 5, 6, 7, 11, 3, 13, 2, 21, 14, 8, 10, 20, 18, 15, 12, 9, 16, 19, 0]",6.7400341
./random_graph_db/graph_db_node_22/11_p0.8/11_graph_n22_p0.8_idx4.gpickle,22,0.8,4,6,48,142,"[0, 4, 6, 19, 11, 8, 18, 5, 16, 15, 7, 14, 10, 2, 17, 1, 21, 12, 20, 3, 9, 13]",5.1187119
./random_graph_db/graph_db_node_22/11_p0.8/11_graph_n22_p0.8_idx5.gpickle,22,0.8,5,7,44,125,"[18, 20, 1, 9, 4, 17, 3, 7, 10, 12, 15, 13, 16, 0, 6, 8, 5, 21, 2, 14, 11, 19]",4.1345201
./random_graph_db/graph_db_node_22/11_p0.8/11_graph_n22_p0.8_idx6.gpickle,22,0.8,6,7,64,169,"[0, 7, 8, 13, 14, 16, 2, 1, 11, 5, 3, 20, 6, 12, 18, 15, 4, 19, 10, 17, 9, 21]",6.2918
./random_graph_db/graph_db_node_22/11_p0.8/11_graph_n22_p0.8_idx7.gpickle,22,0.8,7,7,44,115,"[2, 7, 12, 4, 8, 21, 9, 16, 6, 19, 15, 0, 11, 14, 5, 18, 1, 3, 13, 10, 20, 17]",4.5548751
./random_graph_db/graph_db_node_22/11_p0.8/11_graph_n22_p0.8_idx8.gpickle,22,0.8,8,7,52,135,"[12, 5, 3, 7, 10, 13, 21, 6, 0, 2, 14, 9, 11, 18, 8, 17, 19, 20, 16, 4, 15, 1]",5.0642209
./random_graph_db/graph_db_node_22/11_p0.8/11_graph_n22_p0.8_idx9.gpickle,22,0.8,9,7,46,109,"[10, 0, 15, 19, 6, 5, 18, 12, 9, 14, 20, 13, 3, 7, 1, 2, 4, 17, 16, 8, 11, 21]",4.792408
./random_graph_db/graph_db_node_22/12_p0.9/12_graph_n22_p0.9_idx1.gpickle,22,0.9,1,4,21,61,"[19, 4, 9, 7, 3, 13, 18, 16, 5, 11, 6, 2, 10, 15, 21, 0, 17, 8, 1, 20, 12, 14]",3.1563661
./random_graph_db/graph_db_node_22/12_p0.9/12_graph_n22_p0.9_idx10.gpickle,22,0.9,10,4,26,76,"[4, 9, 15, 13, 16, 1, 6, 18, 7, 5, 10, 21, 17, 12, 11, 2, 0, 14, 8, 3, 19, 20]",3.314213
./random_graph_db/graph_db_node_22/12_p0.9/12_graph_n22_p0.9_idx2.gpickle,22,0.9,2,3,17,56,"[2, 17, 16, 19, 4, 7, 21, 6, 1, 12, 11, 18, 20, 0, 15, 13, 10, 14, 8, 9, 5, 3]",2.7254601
./random_graph_db/graph_db_node_22/12_p0.9/12_graph_n22_p0.9_idx3.gpickle,22,0.9,3,5,31,73,"[6, 18, 19, 10, 21, 3, 11, 9, 15, 13, 2, 5, 20, 1, 12, 16, 7, 8, 4, 17, 14, 0]",3.9381411
./random_graph_db/graph_db_node_22/12_p0.9/12_graph_n22_p0.9_idx4.gpickle,22,0.9,4,7,40,107,"[20, 7, 1, 19, 15, 6, 0, 21, 12, 4, 9, 17, 10, 18, 8, 14, 11, 3, 2, 16, 5, 13]",4.8398402
./random_graph_db/graph_db_node_22/12_p0.9/12_graph_n22_p0.9_idx5.gpickle,22,0.9,5,4,15,50,"[14, 19, 3, 4, 9, 0, 6, 5, 10, 18, 7, 12, 2, 8, 15, 13, 17, 11, 21, 1, 16, 20]",2.8899019
./random_graph_db/graph_db_node_22/12_p0.9/12_graph_n22_p0.9_idx6.gpickle,22,0.9,6,3,14,60,"[8, 21, 9, 6, 1, 16, 19, 7, 2, 17, 11, 14, 18, 4, 0, 13, 10, 20, 12, 15, 5, 3]",2.8725531
./random_graph_db/graph_db_node_22/12_p0.9/12_graph_n22_p0.9_idx7.gpickle,22,0.9,7,3,17,66,"[14, 10, 17, 1, 6, 13, 0, 7, 3, 11, 21, 4, 20, 2, 9, 16, 5, 18, 15, 19, 12, 8]",2.8638058
./random_graph_db/graph_db_node_22/12_p0.9/12_graph_n22_p0.9_idx8.gpickle,22,0.9,8,5,28,74,"[19, 15, 3, 10, 2, 6, 14, 5, 18, 11, 16, 9, 17, 7, 4, 13, 0, 21, 1, 8, 12, 20]",3.8546441
./random_graph_db/graph_db_node_22/12_p0.9/12_graph_n22_p0.9_idx9.gpickle,22,0.9,9,5,30,83,"[18, 19, 10, 12, 9, 0, 14, 6, 15, 21, 3, 13, 2, 16, 20, 11, 8, 5, 4, 7, 17, 1]",3.3497407
./random_graph_db/graph_db_node_23/01_p0.1/01_graph_n23_p0.1_idx1.gpickle,23,0.1,1,3,9,49,"[18, 1, 4, 11, 13, 22, 5, 16, 7, 9, 10, 6, 0, 17, 8, 2, 20, 12, 15, 19, 14, 3, 21]",2.5795071
./random_graph_db/graph_db_node_23/01_p0.1/01_graph_n23_p0.1_idx10.gpickle,23,0.1,10,5,25,85,"[15, 6, 7, 0, 17, 10, 5, 14, 1, 16, 12, 13, 8, 9, 3, 21, 4, 18, 22, 20, 2, 19, 11]",3.2719488
./random_graph_db/graph_db_node_23/01_p0.1/01_graph_n23_p0.1_idx2.gpickle,23,0.1,2,5,16,48,"[9, 5, 11, 6, 7, 2, 22, 14, 1, 17, 4, 10, 3, 15, 8, 21, 19, 13, 20, 0, 16, 12, 18]",3.136893
./random_graph_db/graph_db_node_23/01_p0.1/01_graph_n23_p0.1_idx3.gpickle,23,0.1,3,4,14,48,"[1, 18, 11, 7, 21, 22, 14, 9, 16, 4, 0, 5, 12, 15, 8, 2, 10, 13, 20, 17, 3, 6, 19]",2.753777
./random_graph_db/graph_db_node_23/01_p0.1/01_graph_n23_p0.1_idx4.gpickle,23,0.1,4,4,13,58,"[10, 8, 19, 22, 9, 0, 7, 18, 14, 5, 3, 16, 20, 4, 1, 13, 15, 17, 11, 21, 6, 12, 2]",2.746702
./random_graph_db/graph_db_node_23/01_p0.1/01_graph_n23_p0.1_idx5.gpickle,23,0.1,5,4,13,49,"[15, 19, 3, 18, 14, 2, 8, 7, 9, 12, 4, 1, 5, 13, 0, 6, 11, 21, 17, 22, 16, 20, 10]",2.650058
./random_graph_db/graph_db_node_23/01_p0.1/01_graph_n23_p0.1_idx6.gpickle,23,0.1,6,4,14,53,"[15, 2, 9, 6, 20, 14, 7, 21, 8, 12, 10, 17, 11, 3, 22, 4, 0, 13, 19, 5, 16, 18, 1]",2.7901261
./random_graph_db/graph_db_node_23/01_p0.1/01_graph_n23_p0.1_idx7.gpickle,23,0.1,7,3,8,36,"[2, 5, 13, 14, 18, 10, 3, 1, 16, 22, 8, 6, 12, 0, 4, 9, 15, 21, 11, 20, 17, 19, 7]",2.4386921
./random_graph_db/graph_db_node_23/01_p0.1/01_graph_n23_p0.1_idx8.gpickle,23,0.1,8,4,12,49,"[5, 16, 17, 0, 7, 6, 14, 10, 19, 20, 12, 13, 4, 3, 21, 8, 1, 22, 11, 9, 2, 18, 15]",2.683461
./random_graph_db/graph_db_node_23/01_p0.1/01_graph_n23_p0.1_idx9.gpickle,23,0.1,9,4,9,45,"[8, 13, 2, 16, 6, 4, 0, 1, 11, 10, 14, 18, 20, 22, 3, 12, 9, 19, 17, 15, 7, 5, 21]",2.5151751
./random_graph_db/graph_db_node_23/02_p0.2/02_graph_n23_p0.2_idx1.gpickle,23,0.2,1,7,37,103,"[6, 14, 8, 20, 4, 1, 22, 12, 13, 11, 5, 18, 19, 2, 21, 3, 0, 10, 9, 16, 17, 15, 7]",4.0871229
./random_graph_db/graph_db_node_23/02_p0.2/02_graph_n23_p0.2_idx10.gpickle,23,0.2,10,8,54,125,"[10, 20, 17, 4, 2, 7, 11, 22, 12, 21, 1, 13, 19, 18, 8, 9, 14, 15, 3, 16, 6, 5, 0]",5.0695989
./random_graph_db/graph_db_node_23/02_p0.2/02_graph_n23_p0.2_idx2.gpickle,23,0.2,2,7,43,110,"[16, 3, 15, 20, 9, 4, 7, 5, 12, 13, 21, 6, 22, 11, 2, 10, 18, 0, 14, 8, 1, 19, 17]",4.8006332
./random_graph_db/graph_db_node_23/02_p0.2/02_graph_n23_p0.2_idx3.gpickle,23,0.2,3,8,51,129,"[2, 5, 21, 7, 16, 10, 3, 9, 18, 6, 1, 11, 19, 4, 14, 20, 13, 0, 15, 22, 17, 12, 8]",4.5524549
./random_graph_db/graph_db_node_23/02_p0.2/02_graph_n23_p0.2_idx4.gpickle,23,0.2,4,7,31,86,"[15, 19, 13, 5, 3, 12, 11, 21, 14, 0, 10, 1, 8, 18, 20, 16, 6, 2, 4, 9, 22, 17, 7]",3.9206488
./random_graph_db/graph_db_node_23/02_p0.2/02_graph_n23_p0.2_idx5.gpickle,23,0.2,5,5,29,78,"[19, 22, 12, 7, 9, 20, 10, 2, 0, 6, 15, 11, 14, 1, 3, 21, 16, 13, 5, 18, 17, 8, 4]",3.8563452
./random_graph_db/graph_db_node_23/02_p0.2/02_graph_n23_p0.2_idx6.gpickle,23,0.2,6,6,26,63,"[18, 2, 5, 6, 12, 15, 13, 7, 10, 4, 14, 19, 17, 1, 9, 21, 3, 8, 20, 16, 22, 11, 0]",3.928144
./random_graph_db/graph_db_node_23/02_p0.2/02_graph_n23_p0.2_idx7.gpickle,23,0.2,7,6,40,114,"[1, 10, 22, 16, 14, 17, 4, 11, 9, 2, 19, 13, 0, 20, 5, 3, 21, 7, 12, 18, 6, 15, 8]",4.0156758
./random_graph_db/graph_db_node_23/02_p0.2/02_graph_n23_p0.2_idx8.gpickle,23,0.2,8,5,26,77,"[21, 1, 3, 20, 11, 5, 4, 18, 8, 13, 6, 10, 0, 12, 9, 15, 16, 7, 22, 19, 14, 2, 17]",3.3525708
./random_graph_db/graph_db_node_23/02_p0.2/02_graph_n23_p0.2_idx9.gpickle,23,0.2,9,8,48,114,"[8, 12, 3, 9, 2, 21, 11, 7, 20, 10, 15, 18, 6, 13, 17, 5, 14, 4, 0, 1, 22, 16, 19]",4.9619102
./random_graph_db/graph_db_node_23/03_p0.3/03_graph_n23_p0.3_idx1.gpickle,23,0.3,1,10,79,197,"[14, 8, 2, 17, 7, 3, 0, 10, 12, 18, 22, 21, 4, 1, 9, 19, 20, 13, 15, 5, 11, 16, 6]",6.7197132
./random_graph_db/graph_db_node_23/03_p0.3/03_graph_n23_p0.3_idx10.gpickle,23,0.3,10,9,74,183,"[21, 20, 16, 13, 12, 18, 19, 15, 14, 6, 9, 2, 1, 11, 4, 3, 7, 10, 8, 0, 22, 5, 17]",5.648716
./random_graph_db/graph_db_node_23/03_p0.3/03_graph_n23_p0.3_idx2.gpickle,23,0.3,2,9,85,178,"[9, 8, 4, 20, 13, 1, 17, 0, 18, 22, 21, 6, 2, 10, 11, 7, 19, 14, 5, 16, 12, 15, 3]",6.0684249
./random_graph_db/graph_db_node_23/03_p0.3/03_graph_n23_p0.3_idx3.gpickle,23,0.3,3,10,93,208,"[20, 3, 19, 21, 17, 22, 5, 2, 13, 12, 18, 8, 6, 9, 14, 1, 4, 10, 0, 11, 16, 15, 7]",6.8791008
./random_graph_db/graph_db_node_23/03_p0.3/03_graph_n23_p0.3_idx4.gpickle,23,0.3,4,8,47,118,"[14, 20, 12, 1, 18, 3, 21, 5, 13, 4, 22, 11, 9, 16, 0, 8, 2, 10, 15, 6, 19, 17, 7]",5.207902
./random_graph_db/graph_db_node_23/03_p0.3/03_graph_n23_p0.3_idx5.gpickle,23,0.3,5,9,74,178,"[2, 22, 19, 6, 20, 15, 16, 17, 4, 1, 11, 21, 10, 0, 12, 3, 14, 5, 9, 18, 7, 13, 8]",5.77771
./random_graph_db/graph_db_node_23/03_p0.3/03_graph_n23_p0.3_idx6.gpickle,23,0.3,6,9,62,157,"[16, 11, 22, 18, 7, 9, 5, 0, 14, 3, 4, 21, 19, 12, 8, 6, 15, 17, 2, 13, 1, 10, 20]",5.2991171
./random_graph_db/graph_db_node_23/03_p0.3/03_graph_n23_p0.3_idx7.gpickle,23,0.3,7,10,92,213,"[16, 13, 12, 5, 11, 21, 14, 0, 10, 20, 4, 22, 18, 6, 7, 3, 1, 8, 19, 17, 15, 9, 2]",6.5470488
./random_graph_db/graph_db_node_23/03_p0.3/03_graph_n23_p0.3_idx8.gpickle,23,0.3,8,10,77,179,"[21, 10, 0, 13, 8, 2, 16, 5, 9, 6, 14, 15, 4, 1, 20, 17, 22, 3, 11, 12, 18, 19, 7]",5.8662307
./random_graph_db/graph_db_node_23/03_p0.3/03_graph_n23_p0.3_idx9.gpickle,23,0.3,9,9,92,228,"[8, 21, 7, 10, 4, 20, 2, 0, 17, 5, 15, 9, 22, 6, 12, 13, 16, 3, 18, 1, 19, 11, 14]",7.0444951
./random_graph_db/graph_db_node_23/04_p0.4/04_graph_n23_p0.4_idx1.gpickle,23,0.4,1,11,107,254,"[12, 4, 17, 2, 21, 14, 15, 22, 0, 5, 16, 20, 6, 1, 18, 3, 10, 19, 7, 13, 11, 8, 9]",7.4515908
./random_graph_db/graph_db_node_23/04_p0.4/04_graph_n23_p0.4_idx10.gpickle,23,0.4,10,10,112,244,"[7, 2, 16, 15, 18, 4, 17, 13, 12, 1, 3, 21, 11, 9, 6, 14, 8, 5, 20, 0, 19, 10, 22]",7.661232
./random_graph_db/graph_db_node_23/04_p0.4/04_graph_n23_p0.4_idx2.gpickle,23,0.4,2,10,90,212,"[7, 16, 17, 12, 1, 3, 18, 22, 9, 6, 14, 5, 13, 10, 21, 15, 20, 8, 19, 2, 11, 0, 4]",7.8299811
./random_graph_db/graph_db_node_23/04_p0.4/04_graph_n23_p0.4_idx3.gpickle,23,0.4,3,10,90,228,"[18, 16, 1, 5, 19, 9, 4, 6, 13, 7, 22, 12, 17, 0, 15, 10, 21, 20, 2, 14, 8, 3, 11]",7.8867052
./random_graph_db/graph_db_node_23/04_p0.4/04_graph_n23_p0.4_idx4.gpickle,23,0.4,4,10,100,239,"[15, 4, 8, 9, 11, 3, 16, 5, 17, 0, 2, 7, 10, 12, 20, 22, 18, 14, 13, 21, 1, 6, 19]",8.1999331
./random_graph_db/graph_db_node_23/04_p0.4/04_graph_n23_p0.4_idx5.gpickle,23,0.4,5,11,92,231,"[15, 9, 21, 6, 12, 16, 7, 18, 8, 0, 1, 3, 17, 10, 4, 5, 13, 19, 20, 2, 11, 14, 22]",7.9276981
./random_graph_db/graph_db_node_23/04_p0.4/04_graph_n23_p0.4_idx6.gpickle,23,0.4,6,9,77,195,"[3, 9, 2, 22, 1, 12, 19, 6, 17, 5, 0, 8, 20, 21, 4, 14, 18, 7, 11, 10, 15, 13, 16]",6.8818512
./random_graph_db/graph_db_node_23/04_p0.4/04_graph_n23_p0.4_idx7.gpickle,23,0.4,7,9,98,233,"[4, 12, 16, 10, 20, 5, 8, 17, 11, 7, 21, 1, 3, 6, 2, 22, 14, 15, 13, 18, 19, 9, 0]",8.1263328
./random_graph_db/graph_db_node_23/04_p0.4/04_graph_n23_p0.4_idx8.gpickle,23,0.4,8,10,99,233,"[18, 3, 9, 17, 12, 13, 6, 1, 2, 0, 14, 21, 20, 8, 7, 16, 15, 11, 5, 19, 4, 22, 10]",7.73896
./random_graph_db/graph_db_node_23/04_p0.4/04_graph_n23_p0.4_idx9.gpickle,23,0.4,9,10,81,228,"[8, 13, 12, 15, 1, 5, 9, 6, 17, 18, 14, 22, 0, 4, 20, 16, 3, 7, 11, 10, 19, 21, 2]",7.1964149
./random_graph_db/graph_db_node_23/05_p0.45/05_graph_n23_p0.45_idx1.gpickle,23,0.45,1,10,106,243,"[3, 5, 13, 9, 2, 1, 15, 14, 22, 4, 12, 20, 16, 6, 21, 8, 19, 11, 0, 18, 10, 17, 7]",7.7602832
./random_graph_db/graph_db_node_23/05_p0.45/05_graph_n23_p0.45_idx10.gpickle,23,0.45,10,9,91,220,"[4, 12, 6, 20, 19, 17, 14, 0, 13, 11, 16, 3, 1, 21, 2, 22, 7, 8, 9, 5, 10, 15, 18]",7.3935218
./random_graph_db/graph_db_node_23/05_p0.45/05_graph_n23_p0.45_idx2.gpickle,23,0.45,2,10,97,235,"[0, 21, 1, 5, 16, 4, 20, 8, 17, 14, 15, 12, 13, 11, 6, 7, 2, 19, 9, 3, 18, 22, 10]",8.0310206
./random_graph_db/graph_db_node_23/05_p0.45/05_graph_n23_p0.45_idx3.gpickle,23,0.45,3,10,98,237,"[17, 22, 9, 8, 11, 7, 19, 10, 6, 0, 4, 14, 20, 3, 12, 1, 18, 13, 5, 16, 15, 2, 21]",8.2915301
./random_graph_db/graph_db_node_23/05_p0.45/05_graph_n23_p0.45_idx4.gpickle,23,0.45,4,9,81,185,"[15, 10, 20, 21, 6, 12, 4, 0, 9, 3, 14, 2, 13, 22, 1, 8, 19, 16, 7, 5, 17, 11, 18]",7.455807
./random_graph_db/graph_db_node_23/05_p0.45/05_graph_n23_p0.45_idx5.gpickle,23,0.45,5,10,88,226,"[16, 10, 21, 9, 11, 1, 13, 4, 19, 15, 2, 7, 14, 22, 18, 8, 20, 17, 12, 5, 3, 6, 0]",8.215914
./random_graph_db/graph_db_node_23/05_p0.45/05_graph_n23_p0.45_idx6.gpickle,23,0.45,6,10,104,226,"[16, 4, 15, 7, 6, 10, 12, 1, 14, 19, 22, 20, 0, 13, 11, 5, 17, 18, 3, 2, 21, 9, 8]",7.9887791
./random_graph_db/graph_db_node_23/05_p0.45/05_graph_n23_p0.45_idx7.gpickle,23,0.45,7,9,83,193,"[11, 21, 17, 16, 19, 8, 22, 9, 13, 0, 7, 14, 1, 6, 12, 3, 18, 10, 15, 2, 5, 20, 4]",7.417572
./random_graph_db/graph_db_node_23/05_p0.45/05_graph_n23_p0.45_idx8.gpickle,23,0.45,8,10,89,221,"[12, 4, 21, 11, 5, 18, 7, 19, 1, 8, 3, 9, 6, 15, 14, 16, 17, 20, 13, 2, 22, 10, 0]",7.5727892
./random_graph_db/graph_db_node_23/05_p0.45/05_graph_n23_p0.45_idx9.gpickle,23,0.45,9,11,106,250,"[0, 12, 3, 18, 14, 1, 22, 2, 6, 21, 7, 19, 8, 9, 13, 17, 4, 15, 20, 10, 16, 5, 11]",8.1017592
./random_graph_db/graph_db_node_23/06_p0.5/06_graph_n23_p0.5_idx1.gpickle,23,0.5,1,11,92,212,"[17, 20, 14, 10, 3, 19, 13, 6, 1, 2, 9, 16, 8, 4, 0, 11, 12, 15, 5, 21, 7, 18, 22]",7.2199969
./random_graph_db/graph_db_node_23/06_p0.5/06_graph_n23_p0.5_idx10.gpickle,23,0.5,10,10,89,225,"[15, 2, 20, 8, 1, 9, 12, 7, 14, 3, 16, 5, 22, 6, 17, 10, 18, 19, 4, 21, 13, 11, 0]",8.059865
./random_graph_db/graph_db_node_23/06_p0.5/06_graph_n23_p0.5_idx2.gpickle,23,0.5,2,9,77,199,"[18, 20, 1, 7, 3, 6, 10, 0, 5, 22, 15, 14, 12, 11, 19, 2, 13, 17, 8, 21, 4, 9, 16]",7.1626308
./random_graph_db/graph_db_node_23/06_p0.5/06_graph_n23_p0.5_idx3.gpickle,23,0.5,3,10,98,236,"[9, 21, 10, 18, 4, 8, 6, 3, 0, 19, 16, 22, 5, 7, 13, 14, 2, 1, 17, 12, 11, 20, 15]",8.3038132
./random_graph_db/graph_db_node_23/06_p0.5/06_graph_n23_p0.5_idx4.gpickle,23,0.5,4,10,98,243,"[8, 10, 21, 2, 17, 5, 4, 14, 9, 13, 1, 22, 12, 11, 6, 18, 15, 20, 0, 16, 3, 7, 19]",7.6446972
./random_graph_db/graph_db_node_23/06_p0.5/06_graph_n23_p0.5_idx5.gpickle,23,0.5,5,10,106,254,"[6, 15, 11, 2, 13, 4, 12, 7, 5, 21, 3, 16, 0, 9, 19, 17, 10, 1, 14, 8, 20, 18, 22]",7.8564999
./random_graph_db/graph_db_node_23/06_p0.5/06_graph_n23_p0.5_idx6.gpickle,23,0.5,6,10,93,225,"[14, 8, 1, 6, 7, 12, 15, 10, 5, 11, 16, 19, 3, 4, 17, 20, 18, 0, 22, 13, 21, 2, 9]",7.537395
./random_graph_db/graph_db_node_23/06_p0.5/06_graph_n23_p0.5_idx7.gpickle,23,0.5,7,11,104,246,"[8, 14, 1, 6, 22, 16, 0, 7, 19, 15, 10, 17, 13, 3, 20, 2, 12, 21, 11, 9, 18, 5, 4]",8.2808282
./random_graph_db/graph_db_node_23/06_p0.5/06_graph_n23_p0.5_idx8.gpickle,23,0.5,8,11,105,239,"[5, 7, 10, 11, 12, 22, 18, 17, 20, 8, 1, 15, 16, 3, 2, 9, 4, 0, 13, 6, 21, 19, 14]",8.3476353
./random_graph_db/graph_db_node_23/06_p0.5/06_graph_n23_p0.5_idx9.gpickle,23,0.5,9,10,76,183,"[20, 21, 5, 10, 17, 0, 15, 6, 16, 13, 8, 9, 18, 4, 14, 19, 11, 12, 22, 2, 1, 7, 3]",6.863611
./random_graph_db/graph_db_node_23/07_p0.55/07_graph_n23_p0.55_idx1.gpickle,23,0.55,1,10,84,193,"[2, 19, 14, 16, 5, 20, 7, 6, 12, 13, 21, 15, 8, 1, 22, 9, 10, 0, 17, 4, 3, 18, 11]",7.000535
./random_graph_db/graph_db_node_23/07_p0.55/07_graph_n23_p0.55_idx10.gpickle,23,0.55,10,10,92,240,"[15, 16, 3, 7, 18, 5, 9, 2, 8, 20, 12, 14, 11, 6, 19, 1, 22, 4, 0, 13, 21, 10, 17]",7.7220221
./random_graph_db/graph_db_node_23/07_p0.55/07_graph_n23_p0.55_idx2.gpickle,23,0.55,2,10,99,252,"[18, 8, 0, 12, 9, 10, 13, 1, 17, 22, 3, 2, 4, 6, 15, 7, 19, 16, 14, 5, 20, 21, 11]",8.0915692
./random_graph_db/graph_db_node_23/07_p0.55/07_graph_n23_p0.55_idx3.gpickle,23,0.55,3,9,90,237,"[5, 3, 1, 2, 0, 20, 13, 8, 11, 18, 16, 9, 6, 15, 12, 17, 14, 21, 22, 4, 7, 19, 10]",7.9861221
./random_graph_db/graph_db_node_23/07_p0.55/07_graph_n23_p0.55_idx4.gpickle,23,0.55,4,10,90,212,"[11, 8, 16, 17, 12, 10, 2, 5, 1, 18, 6, 15, 14, 4, 9, 13, 0, 7, 21, 19, 3, 20, 22]",7.7685101
./random_graph_db/graph_db_node_23/07_p0.55/07_graph_n23_p0.55_idx5.gpickle,23,0.55,5,10,94,223,"[12, 19, 3, 10, 11, 15, 20, 9, 4, 13, 6, 1, 5, 18, 14, 7, 2, 21, 0, 8, 16, 17, 22]",8.1091759
./random_graph_db/graph_db_node_23/07_p0.55/07_graph_n23_p0.55_idx6.gpickle,23,0.55,6,10,94,216,"[13, 18, 9, 14, 10, 16, 15, 11, 19, 4, 17, 8, 7, 1, 22, 5, 3, 2, 0, 12, 20, 6, 21]",8.0367239
./random_graph_db/graph_db_node_23/07_p0.55/07_graph_n23_p0.55_idx7.gpickle,23,0.55,7,10,98,222,"[19, 2, 4, 20, 16, 7, 21, 12, 11, 6, 14, 10, 13, 22, 15, 8, 5, 9, 17, 3, 0, 18, 1]",8.1962197
./random_graph_db/graph_db_node_23/07_p0.55/07_graph_n23_p0.55_idx8.gpickle,23,0.55,8,10,83,214,"[0, 10, 18, 17, 19, 15, 20, 14, 8, 16, 2, 1, 5, 12, 22, 3, 4, 7, 9, 11, 13, 21, 6]",7.6460629
./random_graph_db/graph_db_node_23/07_p0.55/07_graph_n23_p0.55_idx9.gpickle,23,0.55,9,10,93,226,"[22, 11, 16, 4, 10, 2, 6, 8, 21, 12, 3, 5, 17, 9, 0, 15, 1, 13, 18, 14, 19, 7, 20]",7.5707164
./random_graph_db/graph_db_node_23/08_p0.6/08_graph_n23_p0.6_idx1.gpickle,23,0.6,1,10,100,226,"[11, 8, 15, 21, 14, 13, 20, 22, 19, 2, 0, 4, 10, 6, 18, 9, 3, 5, 12, 1, 17, 16, 7]",8.0429528
./random_graph_db/graph_db_node_23/08_p0.6/08_graph_n23_p0.6_idx10.gpickle,23,0.6,10,10,88,202,"[9, 12, 18, 0, 11, 19, 2, 13, 21, 10, 3, 4, 15, 14, 20, 5, 8, 7, 17, 22, 1, 16, 6]",8.0278611
./random_graph_db/graph_db_node_23/08_p0.6/08_graph_n23_p0.6_idx2.gpickle,23,0.6,2,10,100,248,"[8, 4, 3, 17, 12, 13, 15, 5, 2, 7, 6, 16, 18, 10, 9, 0, 11, 19, 14, 21, 20, 22, 1]",7.259763
./random_graph_db/graph_db_node_23/08_p0.6/08_graph_n23_p0.6_idx3.gpickle,23,0.6,3,10,102,250,"[2, 10, 17, 5, 3, 6, 12, 16, 9, 22, 1, 14, 18, 21, 13, 4, 19, 11, 15, 20, 8, 0, 7]",8.012877
./random_graph_db/graph_db_node_23/08_p0.6/08_graph_n23_p0.6_idx4.gpickle,23,0.6,4,11,113,267,"[9, 4, 16, 3, 8, 15, 13, 22, 10, 5, 2, 0, 19, 20, 14, 11, 6, 1, 17, 12, 7, 21, 18]",8.7935228
./random_graph_db/graph_db_node_23/08_p0.6/08_graph_n23_p0.6_idx5.gpickle,23,0.6,5,10,101,232,"[3, 16, 1, 4, 8, 0, 5, 20, 18, 21, 11, 2, 14, 17, 6, 13, 22, 15, 9, 19, 10, 7, 12]",7.7622602
./random_graph_db/graph_db_node_23/08_p0.6/08_graph_n23_p0.6_idx6.gpickle,23,0.6,6,10,85,208,"[0, 7, 15, 11, 20, 3, 1, 4, 22, 18, 8, 5, 9, 13, 2, 16, 6, 19, 12, 17, 21, 14, 10]",7.3176451
./random_graph_db/graph_db_node_23/08_p0.6/08_graph_n23_p0.6_idx7.gpickle,23,0.6,7,11,106,250,"[3, 6, 21, 13, 20, 16, 9, 0, 2, 12, 8, 22, 17, 5, 19, 4, 7, 15, 18, 10, 1, 11, 14]",7.9240699
./random_graph_db/graph_db_node_23/08_p0.6/08_graph_n23_p0.6_idx8.gpickle,23,0.6,8,10,90,238,"[14, 10, 21, 9, 22, 11, 20, 8, 16, 17, 12, 2, 19, 7, 0, 5, 1, 18, 4, 6, 15, 13, 3]",8.412292
./random_graph_db/graph_db_node_23/08_p0.6/08_graph_n23_p0.6_idx9.gpickle,23,0.6,9,10,103,247,"[21, 13, 10, 8, 1, 4, 19, 22, 3, 7, 5, 18, 9, 11, 16, 2, 0, 14, 12, 20, 17, 15, 6]",8.0631418
./random_graph_db/graph_db_node_23/09_p0.65/09_graph_n23_p0.65_idx1.gpickle,23,0.65,1,9,84,217,"[15, 9, 21, 0, 7, 4, 8, 19, 2, 3, 1, 12, 16, 6, 11, 22, 14, 13, 20, 5, 18, 17, 10]",7.3223553
./random_graph_db/graph_db_node_23/09_p0.65/09_graph_n23_p0.65_idx10.gpickle,23,0.65,10,10,104,239,"[1, 3, 19, 4, 5, 17, 15, 2, 11, 16, 22, 6, 20, 0, 10, 7, 12, 18, 13, 21, 9, 14, 8]",8.0312941
./random_graph_db/graph_db_node_23/09_p0.65/09_graph_n23_p0.65_idx2.gpickle,23,0.65,2,10,110,262,"[8, 15, 7, 13, 19, 12, 16, 2, 0, 22, 14, 1, 17, 6, 4, 21, 20, 5, 10, 18, 9, 3, 11]",7.6043508
./random_graph_db/graph_db_node_23/09_p0.65/09_graph_n23_p0.65_idx3.gpickle,23,0.65,3,10,92,227,"[4, 17, 10, 19, 21, 7, 14, 15, 1, 11, 6, 12, 8, 16, 0, 13, 5, 22, 20, 2, 9, 3, 18]",8.0882711
./random_graph_db/graph_db_node_23/09_p0.65/09_graph_n23_p0.65_idx4.gpickle,23,0.65,4,10,103,243,"[7, 12, 22, 18, 0, 1, 15, 19, 9, 6, 20, 2, 21, 5, 16, 14, 8, 17, 4, 3, 11, 13, 10]",7.3177381
./random_graph_db/graph_db_node_23/09_p0.65/09_graph_n23_p0.65_idx5.gpickle,23,0.65,5,10,97,236,"[9, 18, 22, 1, 7, 2, 10, 6, 5, 11, 20, 15, 8, 12, 13, 21, 4, 3, 16, 17, 19, 14, 0]",7.6314559
./random_graph_db/graph_db_node_23/09_p0.65/09_graph_n23_p0.65_idx6.gpickle,23,0.65,6,9,87,212,"[12, 19, 7, 16, 4, 10, 18, 21, 11, 5, 8, 1, 17, 22, 3, 0, 20, 15, 2, 6, 9, 13, 14]",6.751276
./random_graph_db/graph_db_node_23/09_p0.65/09_graph_n23_p0.65_idx7.gpickle,23,0.65,7,10,97,209,"[22, 1, 14, 20, 6, 7, 17, 10, 3, 11, 19, 13, 4, 15, 0, 5, 16, 2, 18, 21, 12, 8, 9]",7.9510412
./random_graph_db/graph_db_node_23/09_p0.65/09_graph_n23_p0.65_idx8.gpickle,23,0.65,8,10,104,269,"[11, 21, 14, 0, 2, 17, 6, 8, 12, 7, 19, 4, 13, 3, 15, 10, 1, 22, 5, 20, 16, 18, 9]",7.9900529
./random_graph_db/graph_db_node_23/09_p0.65/09_graph_n23_p0.65_idx9.gpickle,23,0.65,9,9,84,194,"[9, 12, 22, 20, 8, 15, 17, 13, 19, 21, 6, 2, 7, 1, 14, 0, 10, 11, 3, 18, 4, 16, 5]",7.9587772
./random_graph_db/graph_db_node_23/10_p0.7/10_graph_n23_p0.7_idx1.gpickle,23,0.7,1,9,72,189,"[13, 3, 5, 14, 8, 11, 22, 10, 17, 1, 15, 9, 2, 7, 21, 18, 19, 16, 6, 0, 20, 12, 4]",6.5655551
./random_graph_db/graph_db_node_23/10_p0.7/10_graph_n23_p0.7_idx10.gpickle,23,0.7,10,10,83,201,"[21, 19, 10, 20, 13, 16, 15, 14, 1, 18, 12, 22, 2, 9, 0, 7, 5, 11, 17, 4, 6, 8, 3]",7.6718221
./random_graph_db/graph_db_node_23/10_p0.7/10_graph_n23_p0.7_idx2.gpickle,23,0.7,2,10,76,203,"[11, 15, 8, 14, 0, 19, 6, 5, 7, 16, 10, 12, 22, 13, 2, 4, 21, 18, 3, 9, 1, 20, 17]",7.437314
./random_graph_db/graph_db_node_23/10_p0.7/10_graph_n23_p0.7_idx3.gpickle,23,0.7,3,9,92,214,"[6, 8, 10, 12, 13, 14, 18, 0, 7, 15, 21, 20, 3, 11, 19, 5, 22, 2, 16, 4, 1, 17, 9]",7.0630369
./random_graph_db/graph_db_node_23/10_p0.7/10_graph_n23_p0.7_idx4.gpickle,23,0.7,4,10,88,209,"[7, 20, 8, 4, 9, 13, 0, 22, 17, 5, 18, 11, 3, 1, 10, 16, 6, 2, 21, 12, 14, 15, 19]",7.4998748
./random_graph_db/graph_db_node_23/10_p0.7/10_graph_n23_p0.7_idx5.gpickle,23,0.7,5,10,99,225,"[3, 16, 7, 4, 2, 9, 20, 8, 0, 22, 13, 18, 5, 10, 14, 19, 21, 1, 17, 12, 15, 6, 11]",7.71205
./random_graph_db/graph_db_node_23/10_p0.7/10_graph_n23_p0.7_idx6.gpickle,23,0.7,6,8,65,148,"[3, 16, 2, 22, 11, 9, 18, 12, 17, 10, 4, 19, 20, 14, 6, 8, 5, 1, 21, 0, 13, 7, 15]",6.5379708
./random_graph_db/graph_db_node_23/10_p0.7/10_graph_n23_p0.7_idx7.gpickle,23,0.7,7,10,107,252,"[5, 3, 11, 6, 10, 14, 12, 22, 8, 0, 2, 17, 21, 15, 7, 13, 4, 1, 20, 18, 9, 16, 19]",8.1953061
./random_graph_db/graph_db_node_23/10_p0.7/10_graph_n23_p0.7_idx8.gpickle,23,0.7,8,11,99,229,"[1, 17, 0, 13, 8, 21, 3, 7, 12, 18, 2, 14, 19, 4, 20, 11, 5, 15, 22, 6, 16, 9, 10]",7.9082501
./random_graph_db/graph_db_node_23/10_p0.7/10_graph_n23_p0.7_idx9.gpickle,23,0.7,9,10,93,222,"[21, 9, 0, 19, 22, 1, 6, 17, 4, 15, 11, 13, 3, 5, 12, 8, 7, 18, 10, 16, 14, 20, 2]",7.565119
./random_graph_db/graph_db_node_23/11_p0.8/11_graph_n23_p0.8_idx1.gpickle,23,0.8,1,7,58,139,"[0, 11, 4, 22, 8, 6, 21, 16, 10, 7, 5, 2, 20, 17, 13, 3, 12, 19, 1, 18, 14, 9, 15]",5.3993731
./random_graph_db/graph_db_node_23/11_p0.8/11_graph_n23_p0.8_idx10.gpickle,23,0.8,10,9,74,164,"[18, 16, 10, 9, 17, 2, 7, 11, 19, 8, 6, 14, 5, 12, 3, 4, 22, 21, 1, 13, 0, 15, 20]",7.0305479
./random_graph_db/graph_db_node_23/11_p0.8/11_graph_n23_p0.8_idx2.gpickle,23,0.8,2,8,53,121,"[13, 9, 17, 8, 1, 16, 20, 4, 14, 19, 15, 21, 0, 6, 2, 10, 11, 3, 22, 12, 7, 5, 18]",5.1341331
./random_graph_db/graph_db_node_23/11_p0.8/11_graph_n23_p0.8_idx3.gpickle,23,0.8,3,9,58,129,"[19, 16, 6, 5, 7, 8, 15, 1, 9, 17, 18, 13, 3, 11, 2, 21, 10, 22, 20, 4, 14, 0, 12]",6.0156898
./random_graph_db/graph_db_node_23/11_p0.8/11_graph_n23_p0.8_idx4.gpickle,23,0.8,4,8,68,169,"[7, 21, 22, 4, 0, 6, 18, 12, 16, 5, 20, 17, 13, 1, 3, 14, 19, 9, 15, 2, 11, 10, 8]",6.7569263
./random_graph_db/graph_db_node_23/11_p0.8/11_graph_n23_p0.8_idx5.gpickle,23,0.8,5,6,42,113,"[1, 13, 21, 8, 16, 15, 17, 0, 22, 7, 5, 14, 11, 6, 4, 3, 20, 18, 2, 19, 10, 12, 9]",4.9606202
./random_graph_db/graph_db_node_23/11_p0.8/11_graph_n23_p0.8_idx6.gpickle,23,0.8,6,8,65,155,"[8, 21, 0, 6, 15, 1, 12, 2, 9, 20, 13, 10, 17, 19, 7, 14, 5, 22, 18, 3, 16, 11, 4]",5.2430239
./random_graph_db/graph_db_node_23/11_p0.8/11_graph_n23_p0.8_idx7.gpickle,23,0.8,7,8,71,166,"[14, 4, 22, 15, 3, 11, 9, 10, 16, 0, 17, 7, 8, 6, 12, 21, 1, 5, 20, 13, 19, 2, 18]",6.1051018
./random_graph_db/graph_db_node_23/11_p0.8/11_graph_n23_p0.8_idx8.gpickle,23,0.8,8,7,42,110,"[3, 18, 11, 15, 1, 19, 7, 14, 4, 10, 8, 12, 21, 2, 0, 9, 5, 13, 6, 16, 20, 22, 17]",5.2934961
./random_graph_db/graph_db_node_23/11_p0.8/11_graph_n23_p0.8_idx9.gpickle,23,0.8,9,8,57,133,"[18, 12, 10, 6, 21, 9, 0, 2, 13, 17, 11, 20, 14, 8, 1, 7, 22, 5, 3, 19, 16, 4, 15]",5.25894
./random_graph_db/graph_db_node_23/12_p0.9/12_graph_n23_p0.9_idx1.gpickle,23,0.9,1,5,30,87,"[18, 19, 22, 1, 7, 21, 15, 0, 3, 4, 5, 20, 17, 6, 9, 10, 16, 12, 11, 8, 2, 13, 14]",3.8606281
./random_graph_db/graph_db_node_23/12_p0.9/12_graph_n23_p0.9_idx10.gpickle,23,0.9,10,5,28,72,"[7, 17, 8, 20, 22, 4, 21, 18, 13, 6, 11, 0, 10, 12, 14, 5, 3, 16, 19, 1, 15, 9, 2]",3.9555941
./random_graph_db/graph_db_node_23/12_p0.9/12_graph_n23_p0.9_idx2.gpickle,23,0.9,2,5,27,68,"[9, 16, 7, 10, 20, 0, 15, 4, 17, 5, 1, 8, 18, 12, 3, 6, 21, 11, 19, 22, 13, 2, 14]",3.4705338
./random_graph_db/graph_db_node_23/12_p0.9/12_graph_n23_p0.9_idx3.gpickle,23,0.9,3,7,44,107,"[6, 12, 1, 11, 2, 13, 20, 10, 9, 21, 17, 7, 19, 4, 22, 3, 8, 15, 0, 16, 18, 14, 5]",4.6499093
./random_graph_db/graph_db_node_23/12_p0.9/12_graph_n23_p0.9_idx4.gpickle,23,0.9,4,6,43,101,"[16, 21, 20, 22, 13, 7, 12, 2, 3, 14, 19, 0, 17, 15, 11, 6, 9, 8, 4, 10, 5, 18, 1]",4.6149137
./random_graph_db/graph_db_node_23/12_p0.9/12_graph_n23_p0.9_idx5.gpickle,23,0.9,5,4,19,72,"[3, 0, 18, 4, 22, 12, 20, 2, 1, 14, 17, 8, 9, 10, 21, 6, 15, 13, 7, 11, 16, 19, 5]",3.0062199
./random_graph_db/graph_db_node_23/12_p0.9/12_graph_n23_p0.9_idx6.gpickle,23,0.9,6,4,18,56,"[5, 1, 2, 16, 19, 11, 15, 6, 8, 21, 20, 12, 3, 7, 17, 13, 10, 18, 4, 14, 22, 0, 9]",3.0010018
./random_graph_db/graph_db_node_23/12_p0.9/12_graph_n23_p0.9_idx7.gpickle,23,0.9,7,4,16,54,"[12, 20, 16, 19, 9, 13, 0, 1, 5, 17, 22, 15, 21, 6, 4, 3, 18, 7, 14, 2, 8, 10, 11]",3.0040469
./random_graph_db/graph_db_node_23/12_p0.9/12_graph_n23_p0.9_idx8.gpickle,23,0.9,8,4,27,90,"[14, 3, 0, 21, 17, 1, 12, 8, 15, 20, 5, 11, 16, 9, 18, 10, 7, 4, 2, 6, 13, 22, 19]",3.879154
./random_graph_db/graph_db_node_23/12_p0.9/12_graph_n23_p0.9_idx9.gpickle,23,0.9,9,4,27,73,"[15, 1, 16, 17, 20, 10, 6, 14, 9, 0, 8, 12, 18, 13, 22, 7, 4, 11, 2, 5, 19, 21, 3]",3.5246141
./random_graph_db/graph_db_node_24/01_p0.1/01_graph_n24_p0.1_idx1.gpickle,24,0.1,1,4,10,43,"[11, 19, 5, 0, 21, 16, 12, 14, 2, 8, 6, 23, 15, 17, 4, 18, 3, 10, 9, 13, 1, 20, 7, 22]",2.790134
./random_graph_db/graph_db_node_24/01_p0.1/01_graph_n24_p0.1_idx10.gpickle,24,0.1,10,4,17,61,"[17, 15, 22, 12, 21, 16, 2, 3, 23, 20, 5, 0, 10, 18, 9, 19, 4, 8, 6, 11, 7, 13, 14, 1]",3.1942019
./random_graph_db/graph_db_node_24/01_p0.1/01_graph_n24_p0.1_idx2.gpickle,24,0.1,2,4,10,40,"[15, 3, 13, 5, 9, 22, 6, 7, 8, 1, 18, 23, 14, 21, 17, 10, 4, 11, 2, 0, 16, 19, 20, 12]",2.665019
./random_graph_db/graph_db_node_24/01_p0.1/01_graph_n24_p0.1_idx3.gpickle,24,0.1,3,5,15,57,"[15, 0, 5, 7, 22, 23, 10, 11, 2, 6, 13, 16, 9, 18, 8, 14, 3, 19, 17, 21, 12, 4, 20, 1]",3.0309179
./random_graph_db/graph_db_node_24/01_p0.1/01_graph_n24_p0.1_idx4.gpickle,24,0.1,4,3,7,44,"[14, 11, 18, 2, 8, 5, 19, 6, 23, 15, 3, 9, 13, 10, 17, 12, 22, 1, 7, 21, 0, 16, 20, 4]",2.5308747
./random_graph_db/graph_db_node_24/01_p0.1/01_graph_n24_p0.1_idx5.gpickle,24,0.1,5,5,24,73,"[9, 19, 0, 6, 2, 10, 22, 5, 12, 17, 13, 14, 18, 16, 11, 7, 8, 20, 4, 3, 1, 15, 21, 23]",3.291729
./random_graph_db/graph_db_node_24/01_p0.1/01_graph_n24_p0.1_idx6.gpickle,24,0.1,6,4,12,52,"[13, 10, 12, 8, 5, 20, 21, 7, 2, 4, 3, 6, 15, 0, 22, 1, 18, 17, 16, 19, 11, 14, 23, 9]",2.6732368
./random_graph_db/graph_db_node_24/01_p0.1/01_graph_n24_p0.1_idx7.gpickle,24,0.1,7,3,10,41,"[17, 1, 20, 0, 13, 19, 21, 14, 4, 6, 2, 11, 15, 9, 7, 18, 12, 22, 5, 23, 16, 3, 8, 10]",2.7507861
./random_graph_db/graph_db_node_24/01_p0.1/01_graph_n24_p0.1_idx8.gpickle,24,0.1,8,4,11,47,"[22, 7, 9, 19, 5, 12, 4, 23, 18, 2, 1, 20, 21, 14, 11, 16, 10, 13, 15, 3, 17, 8, 6, 0]",2.8773787
./random_graph_db/graph_db_node_24/01_p0.1/01_graph_n24_p0.1_idx9.gpickle,24,0.1,9,4,9,42,"[7, 11, 12, 0, 13, 23, 3, 10, 6, 1, 15, 14, 2, 4, 9, 16, 8, 20, 17, 19, 22, 5, 21, 18]",2.8585572
./random_graph_db/graph_db_node_24/02_p0.2/02_graph_n24_p0.2_idx1.gpickle,24,0.2,1,6,45,116,"[14, 17, 20, 4, 23, 10, 21, 13, 15, 19, 0, 2, 22, 16, 8, 12, 11, 1, 3, 18, 6, 9, 5, 7]",4.6180942
./random_graph_db/graph_db_node_24/02_p0.2/02_graph_n24_p0.2_idx10.gpickle,24,0.2,10,7,51,144,"[17, 0, 22, 19, 3, 15, 12, 7, 20, 1, 6, 13, 23, 18, 10, 9, 4, 16, 11, 21, 8, 2, 5, 14]",5.134186
./random_graph_db/graph_db_node_24/02_p0.2/02_graph_n24_p0.2_idx2.gpickle,24,0.2,2,9,52,131,"[8, 1, 18, 0, 6, 12, 19, 11, 9, 2, 4, 16, 23, 5, 22, 10, 15, 7, 14, 3, 13, 20, 21, 17]",5.2160909
./random_graph_db/graph_db_node_24/02_p0.2/02_graph_n24_p0.2_idx3.gpickle,24,0.2,3,7,49,125,"[2, 16, 20, 12, 6, 3, 4, 10, 22, 17, 21, 23, 11, 5, 13, 0, 15, 18, 8, 1, 19, 14, 7, 9]",5.071269
./random_graph_db/graph_db_node_24/02_p0.2/02_graph_n24_p0.2_idx4.gpickle,24,0.2,4,7,48,111,"[9, 6, 20, 22, 15, 21, 13, 10, 7, 4, 16, 23, 11, 1, 18, 17, 12, 0, 5, 8, 3, 2, 14, 19]",4.294605
./random_graph_db/graph_db_node_24/02_p0.2/02_graph_n24_p0.2_idx5.gpickle,24,0.2,5,8,56,142,"[0, 17, 9, 20, 22, 23, 3, 10, 11, 4, 5, 16, 18, 13, 21, 14, 2, 15, 19, 8, 1, 12, 7, 6]",5.1387229
./random_graph_db/graph_db_node_24/02_p0.2/02_graph_n24_p0.2_idx6.gpickle,24,0.2,6,7,35,98,"[22, 8, 7, 12, 9, 15, 6, 4, 10, 19, 17, 21, 14, 23, 3, 11, 2, 0, 5, 16, 20, 1, 13, 18]",4.408293
./random_graph_db/graph_db_node_24/02_p0.2/02_graph_n24_p0.2_idx7.gpickle,24,0.2,7,8,58,135,"[19, 8, 18, 4, 13, 0, 20, 23, 17, 2, 7, 14, 5, 3, 15, 12, 21, 10, 11, 22, 6, 16, 9, 1]",4.6389377
./random_graph_db/graph_db_node_24/02_p0.2/02_graph_n24_p0.2_idx8.gpickle,24,0.2,8,8,46,107,"[7, 17, 4, 9, 2, 14, 19, 0, 20, 5, 12, 6, 15, 23, 13, 18, 8, 1, 16, 10, 3, 22, 11, 21]",5.1850019
./random_graph_db/graph_db_node_24/02_p0.2/02_graph_n24_p0.2_idx9.gpickle,24,0.2,9,8,55,140,"[15, 1, 5, 4, 14, 11, 12, 8, 17, 13, 22, 7, 6, 20, 23, 0, 3, 21, 19, 2, 16, 10, 9, 18]",4.8785071
./random_graph_db/graph_db_node_24/03_p0.3/03_graph_n24_p0.3_idx1.gpickle,24,0.3,1,9,83,198,"[13, 22, 20, 2, 18, 15, 0, 21, 12, 7, 10, 16, 9, 17, 8, 4, 23, 6, 19, 11, 1, 14, 5, 3]",7.0169339
./random_graph_db/graph_db_node_24/03_p0.3/03_graph_n24_p0.3_idx10.gpickle,24,0.3,10,10,88,186,"[15, 3, 8, 4, 0, 2, 19, 21, 1, 5, 14, 13, 23, 6, 12, 10, 9, 16, 18, 11, 17, 22, 7, 20]",6.5162201
./random_graph_db/graph_db_node_24/03_p0.3/03_graph_n24_p0.3_idx2.gpickle,24,0.3,2,10,77,171,"[8, 0, 17, 7, 18, 10, 12, 9, 5, 1, 13, 21, 14, 16, 2, 4, 6, 20, 19, 23, 3, 11, 22, 15]",6.352
./random_graph_db/graph_db_node_24/03_p0.3/03_graph_n24_p0.3_idx3.gpickle,24,0.3,3,10,91,203,"[14, 5, 9, 13, 1, 18, 20, 8, 6, 7, 12, 23, 15, 17, 11, 19, 0, 10, 16, 4, 21, 22, 3, 2]",7.7592449
./random_graph_db/graph_db_node_24/03_p0.3/03_graph_n24_p0.3_idx4.gpickle,24,0.3,4,8,58,143,"[14, 23, 18, 9, 4, 10, 1, 17, 6, 7, 3, 5, 11, 19, 12, 2, 8, 20, 0, 15, 13, 21, 16, 22]",5.9686472
./random_graph_db/graph_db_node_24/03_p0.3/03_graph_n24_p0.3_idx5.gpickle,24,0.3,5,9,67,160,"[1, 3, 0, 9, 14, 15, 16, 21, 6, 18, 10, 11, 19, 17, 8, 23, 13, 22, 4, 2, 20, 12, 5, 7]",6.228276
./random_graph_db/graph_db_node_24/03_p0.3/03_graph_n24_p0.3_idx6.gpickle,24,0.3,6,9,70,161,"[12, 1, 14, 2, 0, 15, 3, 16, 18, 5, 9, 6, 7, 8, 13, 19, 21, 10, 4, 17, 11, 20, 22, 23]",6.597286
./random_graph_db/graph_db_node_24/03_p0.3/03_graph_n24_p0.3_idx7.gpickle,24,0.3,7,10,91,204,"[17, 16, 21, 5, 22, 18, 19, 6, 23, 0, 12, 10, 13, 4, 3, 14, 20, 8, 9, 11, 15, 7, 1, 2]",7.2944798
./random_graph_db/graph_db_node_24/03_p0.3/03_graph_n24_p0.3_idx8.gpickle,24,0.3,8,10,71,157,"[22, 1, 13, 15, 7, 6, 2, 12, 19, 20, 5, 17, 3, 11, 0, 10, 4, 23, 18, 8, 16, 14, 9, 21]",6.3837059
./random_graph_db/graph_db_node_24/03_p0.3/03_graph_n24_p0.3_idx9.gpickle,24,0.3,9,10,79,191,"[21, 8, 3, 20, 0, 13, 7, 17, 4, 16, 9, 6, 19, 23, 12, 2, 5, 15, 1, 10, 11, 14, 22, 18]",7.4871459
./random_graph_db/graph_db_node_24/04_p0.4/04_graph_n24_p0.4_idx1.gpickle,24,0.4,1,11,103,264,"[12, 7, 14, 6, 15, 0, 13, 18, 16, 2, 22, 1, 20, 5, 10, 23, 3, 11, 4, 19, 17, 21, 8, 9]",8.5414419
./random_graph_db/graph_db_node_24/04_p0.4/04_graph_n24_p0.4_idx10.gpickle,24,0.4,10,11,100,232,"[2, 12, 1, 8, 3, 16, 21, 20, 10, 13, 18, 11, 9, 15, 7, 0, 19, 6, 17, 4, 5, 23, 22, 14]",7.7164779
./random_graph_db/graph_db_node_24/04_p0.4/04_graph_n24_p0.4_idx2.gpickle,24,0.4,2,11,113,267,"[11, 13, 17, 6, 8, 22, 23, 7, 4, 12, 18, 19, 5, 9, 0, 3, 2, 16, 10, 1, 21, 14, 20, 15]",9.1243489
./random_graph_db/graph_db_node_24/04_p0.4/04_graph_n24_p0.4_idx3.gpickle,24,0.4,3,11,103,247,"[10, 15, 2, 20, 5, 13, 3, 12, 8, 18, 1, 17, 7, 11, 19, 23, 22, 4, 14, 6, 9, 16, 0, 21]",8.2614079
./random_graph_db/graph_db_node_24/04_p0.4/04_graph_n24_p0.4_idx4.gpickle,24,0.4,4,11,124,292,"[3, 1, 9, 7, 19, 18, 17, 11, 5, 12, 13, 14, 0, 23, 8, 22, 4, 10, 20, 15, 6, 21, 2, 16]",9.3290188
./random_graph_db/graph_db_node_24/04_p0.4/04_graph_n24_p0.4_idx5.gpickle,24,0.4,5,11,91,227,"[1, 6, 19, 14, 16, 10, 9, 21, 23, 3, 12, 0, 22, 18, 8, 4, 2, 5, 15, 17, 13, 11, 7, 20]",8.8379121
./random_graph_db/graph_db_node_24/04_p0.4/04_graph_n24_p0.4_idx6.gpickle,24,0.4,6,10,91,214,"[21, 19, 1, 4, 10, 17, 7, 13, 16, 11, 9, 18, 2, 0, 6, 23, 3, 15, 5, 14, 22, 12, 8, 20]",7.8459573
./random_graph_db/graph_db_node_24/04_p0.4/04_graph_n24_p0.4_idx7.gpickle,24,0.4,7,10,106,262,"[4, 11, 21, 22, 2, 15, 12, 23, 20, 5, 17, 3, 1, 7, 6, 16, 19, 14, 10, 13, 9, 8, 18, 0]",9.2373171
./random_graph_db/graph_db_node_24/04_p0.4/04_graph_n24_p0.4_idx8.gpickle,24,0.4,8,10,95,245,"[16, 21, 10, 14, 8, 22, 7, 12, 11, 9, 20, 2, 0, 13, 5, 6, 15, 4, 1, 3, 23, 17, 18, 19]",8.2983968
./random_graph_db/graph_db_node_24/04_p0.4/04_graph_n24_p0.4_idx9.gpickle,24,0.4,9,10,107,252,"[21, 4, 18, 9, 11, 6, 17, 23, 12, 10, 8, 13, 14, 22, 5, 0, 7, 19, 1, 20, 16, 2, 15, 3]",9.0519791
./random_graph_db/graph_db_node_24/05_p0.45/05_graph_n24_p0.45_idx1.gpickle,24,0.45,1,10,97,242,"[0, 1, 13, 10, 11, 23, 17, 7, 3, 9, 20, 19, 21, 22, 2, 14, 6, 4, 15, 8, 12, 5, 16, 18]",8.2439492
./random_graph_db/graph_db_node_24/05_p0.45/05_graph_n24_p0.45_idx10.gpickle,24,0.45,10,10,90,216,"[14, 21, 11, 15, 1, 23, 3, 9, 2, 4, 19, 17, 18, 13, 5, 20, 0, 6, 7, 16, 8, 12, 10, 22]",8.030879
./random_graph_db/graph_db_node_24/05_p0.45/05_graph_n24_p0.45_idx2.gpickle,24,0.45,2,11,115,264,"[6, 2, 8, 17, 3, 13, 18, 14, 9, 19, 21, 12, 20, 5, 4, 7, 0, 22, 23, 16, 11, 10, 1, 15]",8.9532311
./random_graph_db/graph_db_node_24/05_p0.45/05_graph_n24_p0.45_idx3.gpickle,24,0.45,3,11,107,245,"[10, 5, 1, 9, 0, 8, 22, 3, 21, 18, 2, 19, 13, 20, 6, 16, 15, 17, 12, 23, 7, 11, 4, 14]",8.5223389
./random_graph_db/graph_db_node_24/05_p0.45/05_graph_n24_p0.45_idx4.gpickle,24,0.45,4,10,94,220,"[1, 4, 0, 21, 16, 8, 23, 3, 5, 15, 13, 22, 10, 18, 17, 11, 20, 2, 19, 14, 9, 7, 6, 12]",9.0707121
./random_graph_db/graph_db_node_24/05_p0.45/05_graph_n24_p0.45_idx5.gpickle,24,0.45,5,10,103,241,"[22, 8, 21, 6, 23, 9, 15, 20, 2, 19, 12, 4, 0, 5, 3, 10, 1, 11, 18, 14, 7, 16, 13, 17]",8.0977609
./random_graph_db/graph_db_node_24/05_p0.45/05_graph_n24_p0.45_idx6.gpickle,24,0.45,6,11,112,254,"[11, 13, 4, 9, 0, 18, 3, 22, 6, 14, 2, 12, 10, 20, 17, 5, 1, 16, 19, 15, 8, 21, 7, 23]",8.7441289
./random_graph_db/graph_db_node_24/05_p0.45/05_graph_n24_p0.45_idx7.gpickle,24,0.45,7,11,92,223,"[4, 16, 2, 21, 8, 6, 1, 14, 0, 18, 9, 17, 13, 11, 7, 12, 19, 3, 15, 22, 23, 5, 20, 10]",8.1959181
./random_graph_db/graph_db_node_24/05_p0.45/05_graph_n24_p0.45_idx8.gpickle,24,0.45,8,10,92,217,"[8, 2, 15, 18, 3, 6, 21, 9, 1, 5, 11, 22, 12, 13, 23, 7, 0, 14, 19, 10, 20, 4, 17, 16]",8.292742
./random_graph_db/graph_db_node_24/05_p0.45/05_graph_n24_p0.45_idx9.gpickle,24,0.45,9,10,104,254,"[17, 5, 8, 15, 23, 2, 13, 20, 6, 14, 10, 11, 0, 1, 16, 18, 3, 22, 21, 4, 19, 7, 12, 9]",8.91816
./random_graph_db/graph_db_node_24/06_p0.5/06_graph_n24_p0.5_idx1.gpickle,24,0.5,1,10,99,236,"[15, 8, 22, 13, 16, 2, 18, 0, 10, 21, 20, 9, 7, 23, 14, 5, 11, 19, 3, 1, 6, 12, 17, 4]",8.6218998
./random_graph_db/graph_db_node_24/06_p0.5/06_graph_n24_p0.5_idx10.gpickle,24,0.5,10,11,102,243,"[22, 6, 18, 9, 3, 2, 21, 15, 8, 20, 1, 19, 13, 14, 23, 17, 12, 5, 7, 0, 16, 11, 10, 4]",8.7189441
./random_graph_db/graph_db_node_24/06_p0.5/06_graph_n24_p0.5_idx2.gpickle,24,0.5,2,11,112,273,"[22, 1, 4, 7, 14, 10, 21, 13, 0, 17, 20, 11, 8, 2, 5, 6, 19, 23, 18, 3, 9, 16, 15, 12]",9.214196
./random_graph_db/graph_db_node_24/06_p0.5/06_graph_n24_p0.5_idx3.gpickle,24,0.5,3,10,95,216,"[23, 12, 16, 15, 10, 4, 1, 2, 5, 19, 8, 9, 18, 17, 22, 21, 20, 0, 13, 6, 11, 14, 3, 7]",8.553175
./random_graph_db/graph_db_node_24/06_p0.5/06_graph_n24_p0.5_idx4.gpickle,24,0.5,4,11,108,253,"[7, 19, 15, 13, 17, 0, 22, 14, 21, 6, 2, 20, 4, 16, 8, 1, 9, 23, 10, 5, 3, 18, 11, 12]",8.0678811
./random_graph_db/graph_db_node_24/06_p0.5/06_graph_n24_p0.5_idx5.gpickle,24,0.5,5,11,102,251,"[17, 15, 5, 13, 8, 14, 6, 2, 1, 4, 21, 20, 19, 18, 0, 3, 23, 7, 16, 11, 10, 9, 12, 22]",7.9571788
./random_graph_db/graph_db_node_24/06_p0.5/06_graph_n24_p0.5_idx6.gpickle,24,0.5,6,11,118,267,"[19, 7, 11, 3, 6, 22, 10, 5, 16, 8, 17, 1, 9, 12, 13, 21, 0, 14, 23, 15, 18, 2, 4, 20]",9.603786
./random_graph_db/graph_db_node_24/06_p0.5/06_graph_n24_p0.5_idx7.gpickle,24,0.5,7,11,123,290,"[22, 17, 20, 9, 16, 3, 7, 2, 5, 13, 18, 1, 12, 10, 8, 0, 19, 4, 11, 21, 14, 6, 15, 23]",9.6001871
./random_graph_db/graph_db_node_24/06_p0.5/06_graph_n24_p0.5_idx8.gpickle,24,0.5,8,11,101,233,"[15, 7, 1, 13, 22, 6, 18, 2, 12, 16, 11, 23, 8, 3, 20, 17, 19, 9, 5, 0, 14, 21, 10, 4]",9.1556449
./random_graph_db/graph_db_node_24/06_p0.5/06_graph_n24_p0.5_idx9.gpickle,24,0.5,9,10,106,252,"[8, 6, 1, 2, 14, 16, 18, 12, 3, 7, 17, 19, 10, 5, 13, 11, 15, 4, 21, 0, 20, 23, 22, 9]",8.9843402
./random_graph_db/graph_db_node_24/07_p0.55/07_graph_n24_p0.55_idx1.gpickle,24,0.55,1,11,105,258,"[23, 15, 7, 21, 3, 0, 1, 17, 11, 12, 5, 19, 9, 22, 14, 8, 2, 4, 20, 18, 10, 13, 16, 6]",9.0903351
./random_graph_db/graph_db_node_24/07_p0.55/07_graph_n24_p0.55_idx10.gpickle,24,0.55,10,11,112,276,"[16, 20, 7, 3, 18, 13, 23, 1, 10, 8, 15, 21, 22, 12, 17, 9, 0, 6, 5, 14, 11, 2, 4, 19]",8.9172301
./random_graph_db/graph_db_node_24/07_p0.55/07_graph_n24_p0.55_idx2.gpickle,24,0.55,2,10,107,261,"[3, 18, 16, 6, 13, 11, 5, 2, 12, 4, 19, 1, 22, 20, 0, 9, 8, 17, 7, 10, 15, 21, 23, 14]",9.2190981
./random_graph_db/graph_db_node_24/07_p0.55/07_graph_n24_p0.55_idx3.gpickle,24,0.55,3,11,110,271,"[20, 5, 13, 10, 9, 22, 12, 16, 1, 15, 2, 21, 17, 0, 18, 4, 3, 7, 11, 14, 6, 19, 8, 23]",8.3320949
./random_graph_db/graph_db_node_24/07_p0.55/07_graph_n24_p0.55_idx4.gpickle,24,0.55,4,10,103,252,"[8, 11, 21, 7, 3, 22, 12, 19, 1, 10, 0, 9, 6, 15, 20, 4, 2, 18, 13, 17, 23, 16, 14, 5]",9.5548458
./random_graph_db/graph_db_node_24/07_p0.55/07_graph_n24_p0.55_idx5.gpickle,24,0.55,5,11,101,250,"[1, 9, 2, 16, 14, 4, 13, 0, 22, 3, 15, 21, 7, 20, 18, 11, 6, 17, 5, 8, 23, 10, 19, 12]",8.7871282
./random_graph_db/graph_db_node_24/07_p0.55/07_graph_n24_p0.55_idx6.gpickle,24,0.55,6,11,123,310,"[15, 13, 1, 12, 4, 0, 23, 6, 10, 22, 9, 18, 16, 19, 3, 2, 8, 14, 21, 5, 17, 20, 7, 11]",9.8480649
./random_graph_db/graph_db_node_24/07_p0.55/07_graph_n24_p0.55_idx7.gpickle,24,0.55,7,10,107,263,"[14, 21, 17, 22, 9, 5, 6, 1, 12, 20, 16, 3, 7, 15, 0, 4, 18, 19, 13, 11, 23, 10, 2, 8]",9.1019008
./random_graph_db/graph_db_node_24/07_p0.55/07_graph_n24_p0.55_idx8.gpickle,24,0.55,8,10,103,256,"[22, 10, 8, 17, 21, 11, 2, 7, 6, 19, 5, 18, 12, 9, 23, 14, 15, 16, 13, 4, 20, 1, 3, 0]",8.5961859
./random_graph_db/graph_db_node_24/07_p0.55/07_graph_n24_p0.55_idx9.gpickle,24,0.55,9,11,109,262,"[19, 9, 12, 1, 21, 10, 17, 22, 7, 2, 23, 16, 0, 4, 14, 8, 3, 11, 6, 13, 18, 5, 20, 15]",8.8836348
./random_graph_db/graph_db_node_24/08_p0.6/08_graph_n24_p0.6_idx1.gpickle,24,0.6,1,10,111,277,"[14, 12, 4, 6, 23, 20, 7, 5, 2, 0, 21, 13, 19, 8, 11, 16, 17, 1, 9, 3, 18, 15, 10, 22]",8.598985
./random_graph_db/graph_db_node_24/08_p0.6/08_graph_n24_p0.6_idx10.gpickle,24,0.6,10,10,107,268,"[15, 8, 6, 7, 17, 19, 0, 20, 18, 14, 4, 16, 21, 11, 5, 1, 12, 22, 2, 10, 9, 13, 23, 3]",8.6790998
./random_graph_db/graph_db_node_24/08_p0.6/08_graph_n24_p0.6_idx2.gpickle,24,0.6,2,11,106,255,"[8, 6, 5, 10, 1, 11, 0, 2, 20, 7, 17, 14, 12, 16, 22, 19, 21, 4, 15, 9, 23, 18, 13, 3]",8.4623718
./random_graph_db/graph_db_node_24/08_p0.6/08_graph_n24_p0.6_idx3.gpickle,24,0.6,3,11,123,305,"[6, 8, 14, 7, 13, 20, 11, 10, 16, 19, 5, 1, 3, 21, 18, 22, 0, 12, 9, 15, 4, 23, 17, 2]",8.8757591
./random_graph_db/graph_db_node_24/08_p0.6/08_graph_n24_p0.6_idx4.gpickle,24,0.6,4,11,113,260,"[6, 11, 2, 12, 21, 18, 15, 23, 17, 13, 5, 0, 8, 4, 7, 14, 22, 1, 19, 16, 3, 9, 10, 20]",8.408936
./random_graph_db/graph_db_node_24/08_p0.6/08_graph_n24_p0.6_idx5.gpickle,24,0.6,5,11,101,239,"[10, 18, 4, 13, 0, 21, 7, 6, 1, 15, 9, 2, 11, 23, 3, 5, 16, 22, 8, 12, 17, 20, 14, 19]",7.9309092
./random_graph_db/graph_db_node_24/08_p0.6/08_graph_n24_p0.6_idx6.gpickle,24,0.6,6,10,102,236,"[15, 4, 0, 3, 22, 7, 1, 8, 9, 16, 23, 19, 17, 2, 21, 20, 13, 6, 18, 10, 12, 5, 11, 14]",9.9838388
./random_graph_db/graph_db_node_24/08_p0.6/08_graph_n24_p0.6_idx7.gpickle,24,0.6,7,11,109,268,"[11, 20, 7, 4, 10, 0, 16, 5, 2, 13, 9, 1, 8, 3, 18, 15, 23, 22, 21, 17, 14, 6, 19, 12]",9.253231
./random_graph_db/graph_db_node_24/08_p0.6/08_graph_n24_p0.6_idx8.gpickle,24,0.6,8,10,91,209,"[19, 8, 5, 12, 21, 9, 15, 22, 10, 3, 2, 14, 1, 4, 0, 23, 17, 18, 11, 7, 13, 20, 6, 16]",7.3875031
./random_graph_db/graph_db_node_24/08_p0.6/08_graph_n24_p0.6_idx9.gpickle,24,0.6,9,11,102,237,"[14, 0, 4, 19, 2, 16, 11, 8, 3, 17, 6, 22, 7, 1, 13, 21, 12, 23, 15, 18, 10, 20, 9, 5]",8.9354739
./random_graph_db/graph_db_node_24/09_p0.65/09_graph_n24_p0.65_idx1.gpickle,24,0.65,1,10,98,250,"[11, 16, 4, 12, 19, 0, 10, 3, 7, 21, 20, 18, 8, 6, 1, 17, 15, 2, 13, 23, 9, 22, 14, 5]",8.4810131
./random_graph_db/graph_db_node_24/09_p0.65/09_graph_n24_p0.65_idx10.gpickle,24,0.65,10,10,94,217,"[8, 21, 14, 2, 13, 1, 6, 20, 18, 4, 10, 5, 23, 7, 22, 3, 17, 11, 15, 16, 0, 19, 9, 12]",7.9203229
./random_graph_db/graph_db_node_24/09_p0.65/09_graph_n24_p0.65_idx2.gpickle,24,0.65,2,10,89,219,"[3, 6, 2, 22, 17, 5, 11, 12, 9, 0, 15, 7, 13, 19, 21, 18, 10, 20, 14, 1, 16, 4, 23, 8]",8.1149731
./random_graph_db/graph_db_node_24/09_p0.65/09_graph_n24_p0.65_idx3.gpickle,24,0.65,3,11,98,235,"[1, 3, 16, 17, 11, 10, 4, 13, 14, 6, 5, 0, 2, 15, 20, 7, 12, 9, 19, 18, 23, 8, 21, 22]",8.911823
./random_graph_db/graph_db_node_24/09_p0.65/09_graph_n24_p0.65_idx4.gpickle,24,0.65,4,11,114,269,"[21, 2, 13, 5, 6, 9, 4, 23, 10, 8, 7, 17, 11, 14, 12, 18, 16, 1, 3, 15, 20, 22, 0, 19]",8.4644828
./random_graph_db/graph_db_node_24/09_p0.65/09_graph_n24_p0.65_idx5.gpickle,24,0.65,5,11,100,236,"[12, 20, 18, 7, 8, 10, 15, 1, 2, 0, 19, 17, 9, 22, 11, 4, 16, 23, 5, 3, 13, 6, 21, 14]",9.0053651
./random_graph_db/graph_db_node_24/09_p0.65/09_graph_n24_p0.65_idx6.gpickle,24,0.65,6,11,107,263,"[13, 9, 5, 14, 16, 2, 22, 1, 8, 17, 4, 3, 11, 18, 20, 0, 23, 15, 10, 19, 7, 6, 21, 12]",8.775414
./random_graph_db/graph_db_node_24/09_p0.65/09_graph_n24_p0.65_idx7.gpickle,24,0.65,7,11,115,255,"[21, 11, 4, 6, 15, 19, 12, 2, 0, 10, 13, 7, 23, 1, 17, 20, 5, 14, 22, 16, 9, 8, 3, 18]",9.0509877
./random_graph_db/graph_db_node_24/09_p0.65/09_graph_n24_p0.65_idx8.gpickle,24,0.65,8,10,107,248,"[1, 3, 10, 2, 20, 19, 11, 23, 0, 9, 14, 7, 15, 21, 4, 16, 13, 12, 18, 17, 6, 22, 5, 8]",8.4948123
./random_graph_db/graph_db_node_24/09_p0.65/09_graph_n24_p0.65_idx9.gpickle,24,0.65,9,10,109,264,"[17, 7, 16, 12, 1, 14, 18, 20, 0, 6, 8, 2, 21, 23, 3, 9, 5, 11, 10, 4, 19, 15, 13, 22]",8.5621591
./random_graph_db/graph_db_node_24/10_p0.7/10_graph_n24_p0.7_idx1.gpickle,24,0.7,1,11,94,225,"[14, 22, 6, 13, 11, 2, 5, 20, 9, 8, 4, 16, 19, 0, 23, 18, 21, 12, 3, 17, 15, 10, 7, 1]",7.5106068
./random_graph_db/graph_db_node_24/10_p0.7/10_graph_n24_p0.7_idx10.gpickle,24,0.7,10,11,107,256,"[22, 23, 2, 0, 18, 4, 8, 12, 16, 10, 20, 13, 21, 19, 15, 5, 7, 9, 17, 3, 11, 6, 1, 14]",8.6021862
./random_graph_db/graph_db_node_24/10_p0.7/10_graph_n24_p0.7_idx2.gpickle,24,0.7,2,10,93,207,"[19, 21, 23, 13, 17, 3, 5, 1, 20, 4, 0, 7, 14, 22, 18, 11, 8, 15, 6, 16, 9, 2, 12, 10]",8.2617328
./random_graph_db/graph_db_node_24/10_p0.7/10_graph_n24_p0.7_idx3.gpickle,24,0.7,3,10,102,217,"[9, 23, 3, 21, 18, 17, 1, 16, 22, 14, 12, 5, 7, 4, 10, 0, 8, 6, 15, 13, 19, 20, 11, 2]",7.9949961
./random_graph_db/graph_db_node_24/10_p0.7/10_graph_n24_p0.7_idx4.gpickle,24,0.7,4,11,114,279,"[10, 6, 14, 4, 9, 11, 18, 21, 20, 23, 12, 13, 17, 16, 1, 5, 19, 3, 15, 0, 7, 22, 2, 8]",8.9548719
./random_graph_db/graph_db_node_24/10_p0.7/10_graph_n24_p0.7_idx5.gpickle,24,0.7,5,11,102,239,"[10, 8, 20, 1, 13, 9, 6, 11, 21, 19, 17, 4, 14, 0, 2, 5, 12, 7, 3, 15, 22, 23, 18, 16]",8.7042608
./random_graph_db/graph_db_node_24/10_p0.7/10_graph_n24_p0.7_idx6.gpickle,24,0.7,6,10,83,203,"[22, 20, 3, 4, 12, 18, 1, 8, 17, 10, 23, 6, 14, 0, 7, 11, 16, 21, 2, 9, 13, 19, 5, 15]",7.3697131
./random_graph_db/graph_db_node_24/10_p0.7/10_graph_n24_p0.7_idx7.gpickle,24,0.7,7,11,104,247,"[11, 21, 13, 6, 2, 18, 19, 3, 8, 7, 9, 23, 1, 17, 0, 22, 15, 14, 4, 16, 20, 10, 12, 5]",8.7856092
./random_graph_db/graph_db_node_24/10_p0.7/10_graph_n24_p0.7_idx8.gpickle,24,0.7,8,10,87,208,"[10, 3, 17, 2, 9, 11, 15, 7, 13, 1, 0, 4, 16, 12, 8, 14, 18, 22, 6, 20, 19, 21, 5, 23]",7.820658
./random_graph_db/graph_db_node_24/10_p0.7/10_graph_n24_p0.7_idx9.gpickle,24,0.7,9,10,74,194,"[10, 4, 14, 11, 17, 12, 16, 15, 5, 2, 6, 0, 18, 1, 19, 3, 13, 9, 21, 23, 22, 8, 20, 7]",7.0474808
./random_graph_db/graph_db_node_24/11_p0.8/11_graph_n24_p0.8_idx1.gpickle,24,0.8,1,9,75,175,"[22, 16, 10, 12, 11, 1, 3, 6, 7, 14, 2, 20, 13, 15, 5, 0, 9, 17, 23, 8, 4, 18, 21, 19]",6.4288011
./random_graph_db/graph_db_node_24/11_p0.8/11_graph_n24_p0.8_idx10.gpickle,24,0.8,10,8,68,174,"[23, 13, 22, 7, 6, 12, 0, 21, 20, 2, 1, 10, 19, 15, 11, 18, 14, 9, 5, 17, 3, 16, 8, 4]",6.8183329
./random_graph_db/graph_db_node_24/11_p0.8/11_graph_n24_p0.8_idx2.gpickle,24,0.8,2,8,62,164,"[6, 2, 0, 4, 21, 23, 9, 16, 14, 15, 22, 1, 13, 10, 5, 11, 19, 3, 17, 18, 8, 20, 12, 7]",5.9311731
./random_graph_db/graph_db_node_24/11_p0.8/11_graph_n24_p0.8_idx3.gpickle,24,0.8,3,10,87,201,"[0, 14, 9, 12, 20, 8, 17, 13, 21, 5, 15, 11, 1, 23, 16, 2, 6, 3, 10, 18, 7, 22, 19, 4]",7.2954621
./random_graph_db/graph_db_node_24/11_p0.8/11_graph_n24_p0.8_idx4.gpickle,24,0.8,4,10,87,194,"[23, 18, 7, 1, 12, 8, 15, 16, 9, 13, 0, 6, 22, 5, 11, 3, 4, 20, 2, 14, 17, 10, 21, 19]",7.1294699
./random_graph_db/graph_db_node_24/11_p0.8/11_graph_n24_p0.8_idx5.gpickle,24,0.8,5,6,46,124,"[18, 4, 11, 23, 17, 3, 12, 10, 15, 22, 2, 20, 21, 14, 1, 7, 16, 9, 19, 0, 8, 13, 5, 6]",5.247787
./random_graph_db/graph_db_node_24/11_p0.8/11_graph_n24_p0.8_idx6.gpickle,24,0.8,6,7,59,138,"[2, 3, 20, 12, 8, 4, 16, 6, 7, 13, 10, 17, 21, 18, 9, 11, 5, 1, 14, 0, 15, 23, 22, 19]",5.69239
./random_graph_db/graph_db_node_24/11_p0.8/11_graph_n24_p0.8_idx7.gpickle,24,0.8,7,8,62,155,"[22, 16, 2, 0, 8, 3, 17, 21, 20, 5, 9, 10, 6, 15, 14, 12, 1, 18, 19, 13, 7, 11, 23, 4]",5.9367831
./random_graph_db/graph_db_node_24/11_p0.8/11_graph_n24_p0.8_idx8.gpickle,24,0.8,8,8,70,165,"[17, 2, 0, 16, 6, 23, 15, 1, 4, 3, 5, 8, 10, 13, 12, 11, 20, 9, 14, 19, 7, 22, 18, 21]",6.069581
./random_graph_db/graph_db_node_24/11_p0.8/11_graph_n24_p0.8_idx9.gpickle,24,0.8,9,8,54,122,"[4, 11, 17, 23, 12, 5, 7, 20, 2, 9, 10, 22, 1, 8, 16, 21, 14, 19, 6, 0, 15, 13, 18, 3]",5.4034541
./random_graph_db/graph_db_node_24/12_p0.9/12_graph_n24_p0.9_idx1.gpickle,24,0.9,1,6,19,65,"[10, 13, 17, 23, 4, 2, 6, 1, 0, 22, 11, 3, 9, 8, 21, 16, 15, 18, 12, 5, 7, 20, 19, 14]",3.7790151
./random_graph_db/graph_db_node_24/12_p0.9/12_graph_n24_p0.9_idx10.gpickle,24,0.9,10,5,27,80,"[7, 2, 5, 22, 10, 9, 15, 18, 4, 1, 14, 23, 0, 6, 12, 19, 11, 8, 21, 3, 13, 20, 17, 16]",4.0366139
./random_graph_db/graph_db_node_24/12_p0.9/12_graph_n24_p0.9_idx2.gpickle,24,0.9,2,4,27,77,"[10, 22, 11, 8, 21, 20, 0, 15, 16, 4, 17, 1, 14, 9, 3, 18, 6, 19, 5, 12, 2, 23, 13, 7]",3.7064981
./random_graph_db/graph_db_node_24/12_p0.9/12_graph_n24_p0.9_idx3.gpickle,24,0.9,3,6,40,110,"[6, 14, 17, 1, 18, 13, 3, 19, 16, 5, 9, 23, 4, 11, 2, 21, 15, 7, 22, 10, 0, 12, 8, 20]",4.6963069
./random_graph_db/graph_db_node_24/12_p0.9/12_graph_n24_p0.9_idx4.gpickle,24,0.9,4,7,47,100,"[8, 9, 0, 3, 19, 10, 21, 6, 13, 14, 5, 15, 16, 23, 20, 11, 22, 4, 2, 12, 1, 17, 7, 18]",4.8764751
./random_graph_db/graph_db_node_24/12_p0.9/12_graph_n24_p0.9_idx5.gpickle,24,0.9,5,4,18,53,"[2, 18, 0, 3, 4, 5, 14, 1, 16, 20, 23, 19, 13, 9, 6, 7, 8, 15, 21, 11, 17, 10, 22, 12]",3.19893
./random_graph_db/graph_db_node_24/12_p0.9/12_graph_n24_p0.9_idx6.gpickle,24,0.9,6,4,21,82,"[23, 16, 19, 8, 15, 7, 17, 12, 18, 2, 3, 14, 1, 10, 5, 4, 0, 20, 13, 9, 11, 6, 21, 22]",3.8927088
./random_graph_db/graph_db_node_24/12_p0.9/12_graph_n24_p0.9_idx7.gpickle,24,0.9,7,4,19,60,"[15, 6, 3, 14, 1, 19, 11, 7, 4, 22, 17, 23, 20, 12, 16, 21, 2, 18, 5, 8, 0, 13, 10, 9]",3.361223
./random_graph_db/graph_db_node_24/12_p0.9/12_graph_n24_p0.9_idx8.gpickle,24,0.9,8,5,32,75,"[10, 13, 21, 8, 9, 17, 0, 22, 15, 14, 23, 2, 12, 1, 20, 5, 19, 6, 4, 7, 11, 3, 18, 16]",4.0794971
./random_graph_db/graph_db_node_24/12_p0.9/12_graph_n24_p0.9_idx9.gpickle,24,0.9,9,5,28,76,"[13, 18, 3, 22, 16, 21, 15, 7, 19, 1, 4, 12, 20, 5, 14, 0, 23, 10, 6, 9, 2, 8, 17, 11]",4.0511861
./random_graph_db/graph_db_node_25/01_p0.1/01_graph_n25_p0.1_idx1.gpickle,25,0.1,1,5,14,48,"[8, 3, 13, 21, 24, 15, 16, 14, 0, 4, 12, 7, 5, 18, 10, 19, 20, 11, 17, 23, 2, 22, 9, 6, 1]",3.1217391
./random_graph_db/graph_db_node_25/01_p0.1/01_graph_n25_p0.1_idx10.gpickle,25,0.1,10,5,19,55,"[10, 22, 5, 1, 7, 16, 15, 6, 3, 2, 4, 14, 0, 8, 12, 23, 20, 18, 13, 24, 19, 21, 11, 9, 17]",3.2782547
./random_graph_db/graph_db_node_25/01_p0.1/01_graph_n25_p0.1_idx2.gpickle,25,0.1,2,5,20,65,"[14, 18, 13, 12, 19, 11, 24, 7, 6, 2, 10, 16, 20, 9, 4, 15, 5, 23, 8, 1, 0, 17, 22, 3, 21]",3.3637156
./random_graph_db/graph_db_node_25/01_p0.1/01_graph_n25_p0.1_idx3.gpickle,25,0.1,3,4,15,61,"[15, 17, 18, 10, 2, 23, 13, 21, 11, 20, 0, 3, 6, 7, 8, 4, 1, 24, 5, 14, 12, 19, 16, 22, 9]",3.3730741
./random_graph_db/graph_db_node_25/01_p0.1/01_graph_n25_p0.1_idx4.gpickle,25,0.1,4,5,18,72,"[2, 18, 22, 0, 3, 11, 23, 4, 5, 6, 20, 24, 17, 10, 1, 19, 7, 12, 8, 16, 13, 14, 21, 15, 9]",3.4052169
./random_graph_db/graph_db_node_25/01_p0.1/01_graph_n25_p0.1_idx5.gpickle,25,0.1,5,6,27,75,"[23, 18, 21, 6, 22, 4, 24, 3, 2, 19, 7, 5, 0, 9, 8, 17, 10, 12, 1, 20, 15, 16, 14, 11, 13]",3.6529319
./random_graph_db/graph_db_node_25/01_p0.1/01_graph_n25_p0.1_idx6.gpickle,25,0.1,6,6,24,68,"[16, 19, 0, 4, 18, 2, 11, 1, 14, 13, 17, 20, 21, 23, 8, 9, 15, 12, 5, 24, 6, 3, 10, 7, 22]",3.5763309
./random_graph_db/graph_db_node_25/01_p0.1/01_graph_n25_p0.1_idx7.gpickle,25,0.1,7,5,20,53,"[13, 8, 2, 24, 15, 17, 6, 1, 4, 16, 10, 7, 9, 3, 20, 21, 18, 11, 19, 23, 5, 12, 0, 22, 14]",3.6266959
./random_graph_db/graph_db_node_25/01_p0.1/01_graph_n25_p0.1_idx8.gpickle,25,0.1,8,3,4,39,"[14, 16, 1, 18, 19, 10, 8, 2, 17, 15, 0, 9, 20, 12, 5, 11, 6, 3, 7, 22, 4, 23, 24, 21, 13]",2.4154088
./random_graph_db/graph_db_node_25/01_p0.1/01_graph_n25_p0.1_idx9.gpickle,25,0.1,9,5,19,53,"[13, 7, 24, 21, 9, 5, 8, 12, 22, 3, 16, 4, 20, 15, 17, 14, 11, 2, 0, 23, 1, 18, 10, 19, 6]",3.311337
./random_graph_db/graph_db_node_25/02_p0.2/02_graph_n25_p0.2_idx1.gpickle,25,0.2,1,8,45,109,"[9, 18, 21, 19, 6, 12, 4, 17, 20, 5, 8, 1, 2, 7, 13, 23, 0, 10, 11, 16, 14, 3, 15, 22, 24]",4.884387
./random_graph_db/graph_db_node_25/02_p0.2/02_graph_n25_p0.2_idx10.gpickle,25,0.2,10,9,74,163,"[13, 24, 8, 15, 20, 11, 21, 16, 2, 3, 10, 6, 1, 17, 14, 9, 22, 23, 4, 12, 7, 19, 5, 18, 0]",5.9012489
./random_graph_db/graph_db_node_25/02_p0.2/02_graph_n25_p0.2_idx2.gpickle,25,0.2,2,9,79,172,"[4, 8, 7, 1, 17, 16, 22, 14, 24, 5, 11, 2, 21, 23, 18, 20, 10, 3, 6, 12, 13, 0, 19, 9, 15]",5.825429
./random_graph_db/graph_db_node_25/02_p0.2/02_graph_n25_p0.2_idx3.gpickle,25,0.2,3,8,49,121,"[14, 2, 21, 23, 9, 3, 10, 24, 16, 5, 22, 6, 19, 7, 18, 17, 4, 1, 12, 11, 20, 15, 8, 13, 0]",5.3336408
./random_graph_db/graph_db_node_25/02_p0.2/02_graph_n25_p0.2_idx4.gpickle,25,0.2,4,7,35,94,"[8, 19, 23, 15, 13, 9, 7, 22, 4, 1, 24, 16, 12, 14, 10, 0, 11, 18, 17, 6, 20, 2, 5, 3, 21]",4.8537631
./random_graph_db/graph_db_node_25/02_p0.2/02_graph_n25_p0.2_idx5.gpickle,25,0.2,5,8,49,126,"[10, 0, 15, 14, 20, 9, 23, 12, 4, 7, 1, 8, 5, 22, 19, 3, 13, 24, 11, 21, 17, 18, 2, 6, 16]",5.393965
./random_graph_db/graph_db_node_25/02_p0.2/02_graph_n25_p0.2_idx6.gpickle,25,0.2,6,8,63,158,"[0, 21, 9, 2, 10, 1, 12, 11, 16, 4, 15, 6, 19, 24, 13, 22, 17, 23, 14, 8, 3, 5, 18, 20, 7]",5.1363461
./random_graph_db/graph_db_node_25/02_p0.2/02_graph_n25_p0.2_idx7.gpickle,25,0.2,7,8,60,139,"[17, 11, 0, 6, 10, 4, 24, 18, 13, 23, 2, 5, 7, 20, 3, 1, 9, 12, 22, 16, 8, 15, 21, 14, 19]",5.069577
./random_graph_db/graph_db_node_25/02_p0.2/02_graph_n25_p0.2_idx8.gpickle,25,0.2,8,8,55,126,"[8, 10, 4, 5, 24, 20, 9, 1, 15, 3, 7, 13, 23, 11, 18, 22, 17, 14, 6, 21, 12, 2, 16, 19, 0]",5.8156607
./random_graph_db/graph_db_node_25/02_p0.2/02_graph_n25_p0.2_idx9.gpickle,25,0.2,9,8,54,128,"[13, 8, 22, 24, 2, 14, 11, 6, 7, 17, 15, 12, 10, 20, 19, 16, 4, 21, 0, 5, 18, 3, 23, 1, 9]",5.42349
./random_graph_db/graph_db_node_25/03_p0.3/03_graph_n25_p0.3_idx1.gpickle,25,0.3,1,10,108,240,"[3, 23, 24, 7, 12, 15, 0, 21, 19, 10, 1, 2, 18, 8, 14, 22, 4, 13, 6, 5, 20, 9, 16, 11, 17]",7.8174651
./random_graph_db/graph_db_node_25/03_p0.3/03_graph_n25_p0.3_idx10.gpickle,25,0.3,10,11,94,226,"[6, 21, 17, 10, 7, 0, 2, 23, 5, 3, 19, 12, 24, 14, 11, 13, 1, 15, 20, 18, 22, 8, 16, 9, 4]",7.316138
./random_graph_db/graph_db_node_25/03_p0.3/03_graph_n25_p0.3_idx2.gpickle,25,0.3,2,10,78,204,"[10, 15, 21, 0, 7, 1, 5, 17, 11, 24, 9, 2, 18, 6, 14, 12, 19, 22, 16, 4, 8, 3, 20, 13, 23]",6.8792739
./random_graph_db/graph_db_node_25/03_p0.3/03_graph_n25_p0.3_idx3.gpickle,25,0.3,3,10,90,224,"[2, 1, 16, 12, 23, 8, 11, 0, 7, 4, 19, 18, 15, 17, 14, 6, 10, 20, 9, 21, 5, 22, 13, 3, 24]",8.1509728
./random_graph_db/graph_db_node_25/03_p0.3/03_graph_n25_p0.3_idx4.gpickle,25,0.3,4,9,71,169,"[18, 20, 16, 9, 4, 21, 5, 2, 6, 1, 23, 14, 3, 10, 22, 15, 24, 7, 0, 8, 12, 13, 11, 19, 17]",6.5347059
./random_graph_db/graph_db_node_25/03_p0.3/03_graph_n25_p0.3_idx5.gpickle,25,0.3,5,10,78,193,"[13, 14, 0, 1, 16, 24, 10, 20, 2, 15, 6, 9, 8, 3, 11, 21, 12, 22, 19, 4, 7, 23, 17, 18, 5]",6.845984
./random_graph_db/graph_db_node_25/03_p0.3/03_graph_n25_p0.3_idx6.gpickle,25,0.3,6,10,91,223,"[6, 1, 12, 7, 23, 14, 4, 9, 21, 17, 18, 0, 15, 19, 5, 3, 13, 20, 11, 16, 8, 24, 10, 22, 2]",6.8624032
./random_graph_db/graph_db_node_25/03_p0.3/03_graph_n25_p0.3_idx7.gpickle,25,0.3,7,10,83,208,"[12, 8, 3, 19, 21, 4, 11, 6, 10, 17, 16, 23, 13, 0, 24, 5, 14, 2, 20, 9, 22, 18, 15, 1, 7]",7.4814022
./random_graph_db/graph_db_node_25/03_p0.3/03_graph_n25_p0.3_idx8.gpickle,25,0.3,8,10,86,200,"[23, 0, 20, 11, 12, 13, 7, 6, 5, 8, 22, 10, 2, 19, 4, 9, 15, 3, 17, 24, 18, 1, 21, 14, 16]",6.9303598
./random_graph_db/graph_db_node_25/03_p0.3/03_graph_n25_p0.3_idx9.gpickle,25,0.3,9,11,94,221,"[4, 15, 18, 12, 17, 8, 16, 19, 1, 9, 22, 14, 10, 13, 6, 23, 11, 3, 24, 5, 21, 0, 7, 2, 20]",8.3739603
./random_graph_db/graph_db_node_25/04_p0.4/04_graph_n25_p0.4_idx1.gpickle,25,0.4,1,11,115,252,"[1, 24, 5, 0, 3, 20, 6, 23, 18, 9, 2, 16, 8, 21, 10, 15, 14, 19, 13, 12, 22, 7, 11, 17, 4]",9.2340159
./random_graph_db/graph_db_node_25/04_p0.4/04_graph_n25_p0.4_idx10.gpickle,25,0.4,10,12,113,258,"[17, 4, 13, 7, 19, 12, 2, 14, 9, 24, 5, 0, 15, 3, 10, 8, 11, 1, 21, 6, 18, 16, 23, 20, 22]",9.0730629
./random_graph_db/graph_db_node_25/04_p0.4/04_graph_n25_p0.4_idx2.gpickle,25,0.4,2,11,131,309,"[10, 5, 19, 23, 3, 4, 17, 16, 13, 12, 22, 0, 15, 7, 1, 6, 8, 21, 2, 20, 14, 9, 18, 24, 11]",10.2555461
./random_graph_db/graph_db_node_25/04_p0.4/04_graph_n25_p0.4_idx3.gpickle,25,0.4,3,11,114,276,"[15, 4, 1, 13, 19, 18, 6, 12, 8, 3, 5, 0, 23, 11, 10, 9, 21, 20, 14, 22, 7, 16, 24, 2, 17]",9.2964458
./random_graph_db/graph_db_node_25/04_p0.4/04_graph_n25_p0.4_idx4.gpickle,25,0.4,4,11,111,250,"[6, 12, 0, 17, 8, 23, 16, 24, 3, 14, 10, 1, 22, 2, 20, 13, 7, 9, 5, 11, 19, 15, 4, 18, 21]",9.6705668
./random_graph_db/graph_db_node_25/04_p0.4/04_graph_n25_p0.4_idx5.gpickle,25,0.4,5,11,112,265,"[17, 16, 21, 11, 7, 18, 10, 24, 0, 6, 1, 5, 9, 2, 15, 14, 4, 3, 20, 22, 19, 23, 13, 8, 12]",9.413898
./random_graph_db/graph_db_node_25/04_p0.4/04_graph_n25_p0.4_idx6.gpickle,25,0.4,6,10,95,232,"[22, 8, 4, 17, 9, 6, 10, 7, 11, 14, 12, 23, 15, 20, 21, 19, 3, 2, 24, 1, 16, 5, 0, 18, 13]",8.831085
./random_graph_db/graph_db_node_25/04_p0.4/04_graph_n25_p0.4_idx7.gpickle,25,0.4,7,11,114,259,"[10, 1, 17, 3, 19, 11, 8, 9, 5, 21, 0, 15, 16, 7, 18, 14, 12, 4, 6, 22, 13, 24, 20, 2, 23]",8.7149172
./random_graph_db/graph_db_node_25/04_p0.4/04_graph_n25_p0.4_idx8.gpickle,25,0.4,8,11,108,237,"[7, 11, 8, 21, 4, 24, 22, 3, 16, 18, 15, 12, 14, 5, 2, 9, 20, 6, 10, 23, 19, 17, 13, 1, 0]",9.7438042
./random_graph_db/graph_db_node_25/04_p0.4/04_graph_n25_p0.4_idx9.gpickle,25,0.4,9,11,124,315,"[2, 13, 18, 19, 1, 6, 21, 14, 4, 7, 0, 20, 24, 23, 8, 17, 5, 11, 12, 9, 22, 10, 16, 15, 3]",9.816602
./random_graph_db/graph_db_node_25/05_p0.45/05_graph_n25_p0.45_idx1.gpickle,25,0.45,1,12,130,288,"[19, 17, 0, 10, 18, 12, 5, 7, 23, 2, 3, 22, 15, 16, 24, 9, 4, 13, 21, 14, 1, 6, 8, 11, 20]",9.4700699
./random_graph_db/graph_db_node_25/05_p0.45/05_graph_n25_p0.45_idx10.gpickle,25,0.45,10,11,132,317,"[19, 2, 11, 13, 22, 14, 20, 9, 12, 5, 15, 24, 21, 4, 1, 3, 8, 23, 18, 17, 10, 16, 0, 7, 6]",9.9969959
./random_graph_db/graph_db_node_25/05_p0.45/05_graph_n25_p0.45_idx2.gpickle,25,0.45,2,11,110,250,"[22, 13, 0, 17, 3, 5, 23, 15, 10, 16, 24, 9, 20, 11, 7, 19, 6, 14, 12, 4, 8, 21, 1, 18, 2]",8.9488819
./random_graph_db/graph_db_node_25/05_p0.45/05_graph_n25_p0.45_idx3.gpickle,25,0.45,3,12,115,268,"[1, 4, 0, 23, 2, 18, 9, 19, 14, 6, 24, 3, 15, 11, 5, 21, 13, 17, 7, 22, 20, 8, 12, 10, 16]",9.444375
./random_graph_db/graph_db_node_25/05_p0.45/05_graph_n25_p0.45_idx4.gpickle,25,0.45,4,11,111,270,"[7, 14, 2, 6, 24, 8, 4, 12, 16, 21, 18, 9, 15, 10, 0, 11, 5, 1, 3, 22, 23, 17, 13, 20, 19]",9.6505699
./random_graph_db/graph_db_node_25/05_p0.45/05_graph_n25_p0.45_idx5.gpickle,25,0.45,5,11,122,286,"[22, 16, 21, 18, 5, 4, 13, 17, 6, 15, 12, 3, 8, 11, 7, 20, 10, 24, 1, 14, 23, 9, 2, 0, 19]",10.18718
./random_graph_db/graph_db_node_25/05_p0.45/05_graph_n25_p0.45_idx6.gpickle,25,0.45,6,12,127,289,"[17, 5, 0, 12, 19, 7, 2, 1, 20, 23, 6, 13, 14, 3, 11, 10, 15, 9, 8, 18, 16, 24, 4, 22, 21]",9.5728631
./random_graph_db/graph_db_node_25/05_p0.45/05_graph_n25_p0.45_idx7.gpickle,25,0.45,7,11,111,271,"[13, 4, 10, 5, 22, 3, 15, 18, 24, 17, 12, 6, 23, 2, 14, 21, 1, 7, 8, 9, 0, 16, 19, 20, 11]",9.2276089
./random_graph_db/graph_db_node_25/05_p0.45/05_graph_n25_p0.45_idx8.gpickle,25,0.45,8,11,117,273,"[22, 18, 17, 8, 5, 0, 11, 2, 13, 9, 6, 23, 14, 19, 16, 1, 10, 24, 4, 7, 20, 12, 15, 3, 21]",9.8579648
./random_graph_db/graph_db_node_25/05_p0.45/05_graph_n25_p0.45_idx9.gpickle,25,0.45,9,11,106,262,"[19, 2, 15, 17, 9, 14, 7, 11, 12, 20, 6, 13, 10, 24, 3, 8, 23, 0, 5, 18, 16, 22, 1, 4, 21]",9.5295949
./random_graph_db/graph_db_node_25/06_p0.5/06_graph_n25_p0.5_idx1.gpickle,25,0.5,1,10,116,280,"[16, 8, 17, 10, 5, 13, 4, 2, 11, 20, 3, 19, 1, 12, 7, 22, 23, 9, 18, 6, 0, 21, 15, 24, 14]",10.1002271
./random_graph_db/graph_db_node_25/06_p0.5/06_graph_n25_p0.5_idx10.gpickle,25,0.5,10,11,114,272,"[22, 8, 9, 13, 3, 16, 2, 6, 5, 21, 24, 7, 0, 4, 17, 14, 11, 15, 18, 23, 19, 1, 20, 12, 10]",9.518054
./random_graph_db/graph_db_node_25/06_p0.5/06_graph_n25_p0.5_idx2.gpickle,25,0.5,2,11,118,260,"[17, 21, 4, 16, 24, 10, 12, 1, 20, 19, 18, 5, 0, 15, 23, 11, 13, 6, 3, 7, 9, 8, 14, 22, 2]",8.92065
./random_graph_db/graph_db_node_25/06_p0.5/06_graph_n25_p0.5_idx3.gpickle,25,0.5,3,10,120,283,"[13, 7, 14, 10, 5, 1, 16, 11, 21, 23, 15, 9, 6, 2, 8, 24, 3, 0, 17, 20, 12, 4, 18, 22, 19]",9.930346
./random_graph_db/graph_db_node_25/06_p0.5/06_graph_n25_p0.5_idx4.gpickle,25,0.5,4,11,118,275,"[13, 14, 3, 7, 10, 5, 19, 8, 18, 21, 4, 6, 20, 22, 1, 11, 0, 12, 17, 24, 23, 16, 15, 2, 9]",9.6844709
./random_graph_db/graph_db_node_25/06_p0.5/06_graph_n25_p0.5_idx5.gpickle,25,0.5,5,11,112,257,"[2, 15, 9, 1, 11, 14, 3, 8, 4, 24, 22, 17, 0, 7, 6, 5, 20, 23, 18, 10, 19, 16, 12, 13, 21]",9.2157319
./random_graph_db/graph_db_node_25/06_p0.5/06_graph_n25_p0.5_idx6.gpickle,25,0.5,6,10,104,235,"[21, 22, 12, 14, 9, 5, 23, 18, 6, 7, 4, 2, 20, 0, 19, 8, 1, 11, 24, 17, 15, 13, 16, 10, 3]",8.6070511
./random_graph_db/graph_db_node_25/06_p0.5/06_graph_n25_p0.5_idx7.gpickle,25,0.5,7,11,127,310,"[1, 14, 0, 5, 21, 6, 8, 4, 22, 18, 23, 12, 20, 7, 11, 24, 9, 15, 10, 13, 2, 3, 17, 19, 16]",9.427459
./random_graph_db/graph_db_node_25/06_p0.5/06_graph_n25_p0.5_idx8.gpickle,25,0.5,8,11,118,254,"[7, 11, 24, 18, 16, 5, 19, 9, 23, 21, 6, 12, 15, 0, 10, 8, 14, 13, 4, 20, 17, 3, 2, 1, 22]",9.159585
./random_graph_db/graph_db_node_25/06_p0.5/06_graph_n25_p0.5_idx9.gpickle,25,0.5,9,11,113,269,"[21, 13, 9, 16, 6, 0, 8, 20, 4, 17, 1, 10, 2, 24, 11, 7, 14, 3, 5, 22, 23, 19, 15, 12, 18]",8.9149928
./random_graph_db/graph_db_node_25/07_p0.55/07_graph_n25_p0.55_idx1.gpickle,25,0.55,1,11,96,232,"[21, 10, 13, 0, 12, 4, 8, 5, 6, 15, 7, 11, 20, 24, 22, 3, 9, 16, 17, 14, 2, 19, 1, 23, 18]",9.0261073
./random_graph_db/graph_db_node_25/07_p0.55/07_graph_n25_p0.55_idx10.gpickle,25,0.55,10,11,109,249,"[0, 11, 9, 6, 20, 23, 22, 24, 17, 1, 16, 15, 4, 8, 18, 7, 21, 19, 2, 13, 5, 10, 14, 3, 12]",8.9706187
./random_graph_db/graph_db_node_25/07_p0.55/07_graph_n25_p0.55_idx2.gpickle,25,0.55,2,12,111,263,"[15, 13, 18, 23, 4, 3, 9, 10, 2, 24, 11, 14, 17, 0, 21, 6, 16, 7, 20, 22, 1, 19, 8, 5, 12]",9.75371
./random_graph_db/graph_db_node_25/07_p0.55/07_graph_n25_p0.55_idx3.gpickle,25,0.55,3,11,104,240,"[0, 15, 9, 5, 2, 18, 7, 13, 8, 14, 1, 16, 21, 19, 12, 11, 17, 20, 10, 24, 23, 6, 3, 4, 22]",9.812578
./random_graph_db/graph_db_node_25/07_p0.55/07_graph_n25_p0.55_idx4.gpickle,25,0.55,4,11,117,279,"[11, 5, 8, 18, 10, 14, 22, 21, 12, 9, 7, 2, 4, 0, 1, 19, 13, 16, 15, 17, 23, 3, 24, 20, 6]",9.9885311
./random_graph_db/graph_db_node_25/07_p0.55/07_graph_n25_p0.55_idx5.gpickle,25,0.55,5,11,118,259,"[17, 3, 21, 9, 20, 24, 5, 7, 23, 1, 6, 10, 2, 8, 15, 11, 22, 12, 19, 0, 4, 16, 18, 14, 13]",9.5326648
./random_graph_db/graph_db_node_25/07_p0.55/07_graph_n25_p0.55_idx6.gpickle,25,0.55,6,11,103,242,"[12, 0, 15, 18, 10, 6, 2, 24, 16, 8, 14, 21, 17, 23, 3, 13, 11, 19, 7, 1, 9, 20, 5, 4, 22]",9.872117
./random_graph_db/graph_db_node_25/07_p0.55/07_graph_n25_p0.55_idx7.gpickle,25,0.55,7,11,118,293,"[3, 4, 14, 21, 1, 7, 5, 9, 20, 15, 11, 8, 16, 6, 24, 22, 18, 13, 0, 17, 2, 19, 12, 23, 10]",10.0249541
./random_graph_db/graph_db_node_25/07_p0.55/07_graph_n25_p0.55_idx8.gpickle,25,0.55,8,11,137,317,"[15, 9, 8, 23, 20, 4, 0, 13, 22, 14, 17, 5, 3, 12, 16, 11, 1, 6, 2, 7, 18, 24, 19, 10, 21]",10.759989
./random_graph_db/graph_db_node_25/07_p0.55/07_graph_n25_p0.55_idx9.gpickle,25,0.55,9,11,114,259,"[15, 3, 7, 0, 8, 10, 22, 2, 17, 13, 21, 1, 9, 14, 11, 16, 5, 12, 19, 23, 20, 18, 6, 24, 4]",9.1668191
./random_graph_db/graph_db_node_25/08_p0.6/08_graph_n25_p0.6_idx1.gpickle,25,0.6,1,11,114,261,"[1, 14, 19, 12, 18, 6, 2, 20, 16, 5, 13, 7, 15, 3, 0, 10, 11, 9, 8, 22, 24, 17, 23, 21, 4]",10.098129
./random_graph_db/graph_db_node_25/08_p0.6/08_graph_n25_p0.6_idx10.gpickle,25,0.6,10,11,125,282,"[21, 16, 0, 6, 17, 15, 4, 9, 12, 14, 10, 8, 19, 18, 3, 5, 24, 23, 2, 11, 7, 1, 22, 20, 13]",9.3209388
./random_graph_db/graph_db_node_25/08_p0.6/08_graph_n25_p0.6_idx2.gpickle,25,0.6,2,11,107,264,"[14, 11, 9, 8, 23, 19, 13, 1, 16, 0, 21, 22, 4, 18, 5, 2, 17, 6, 12, 3, 10, 24, 15, 7, 20]",10.3524811
./random_graph_db/graph_db_node_25/08_p0.6/08_graph_n25_p0.6_idx3.gpickle,25,0.6,3,11,120,291,"[7, 2, 10, 4, 18, 13, 0, 17, 15, 16, 3, 8, 24, 6, 23, 21, 19, 9, 1, 5, 20, 14, 11, 12, 22]",9.9989433
./random_graph_db/graph_db_node_25/08_p0.6/08_graph_n25_p0.6_idx4.gpickle,25,0.6,4,12,123,290,"[10, 2, 8, 13, 5, 24, 7, 1, 9, 22, 18, 4, 3, 6, 20, 19, 17, 15, 0, 21, 14, 16, 23, 11, 12]",9.8488944
./random_graph_db/graph_db_node_25/08_p0.6/08_graph_n25_p0.6_idx5.gpickle,25,0.6,5,11,109,252,"[12, 16, 23, 1, 0, 4, 3, 6, 15, 13, 24, 7, 10, 19, 20, 14, 2, 22, 18, 5, 21, 17, 11, 8, 9]",9.2931163
./random_graph_db/graph_db_node_25/08_p0.6/08_graph_n25_p0.6_idx6.gpickle,25,0.6,6,11,110,239,"[24, 5, 21, 4, 15, 9, 16, 22, 19, 13, 2, 17, 6, 8, 23, 10, 14, 11, 0, 18, 12, 20, 3, 1, 7]",9.130213
./random_graph_db/graph_db_node_25/08_p0.6/08_graph_n25_p0.6_idx7.gpickle,25,0.6,7,11,139,314,"[16, 20, 8, 0, 15, 17, 22, 5, 23, 24, 13, 3, 7, 4, 1, 19, 6, 9, 14, 18, 11, 2, 10, 21, 12]",9.6550293
./random_graph_db/graph_db_node_25/08_p0.6/08_graph_n25_p0.6_idx8.gpickle,25,0.6,8,10,112,259,"[14, 5, 6, 8, 15, 10, 7, 24, 12, 16, 19, 0, 9, 13, 2, 1, 20, 4, 17, 11, 3, 23, 21, 22, 18]",9.562108
./random_graph_db/graph_db_node_25/08_p0.6/08_graph_n25_p0.6_idx9.gpickle,25,0.6,9,11,120,274,"[4, 17, 0, 3, 15, 6, 11, 1, 9, 16, 23, 2, 12, 10, 19, 18, 5, 8, 24, 7, 14, 21, 13, 22, 20]",9.2331779
./random_graph_db/graph_db_node_25/09_p0.65/09_graph_n25_p0.65_idx1.gpickle,25,0.65,1,12,107,265,"[12, 4, 19, 17, 7, 16, 21, 24, 0, 2, 22, 10, 15, 20, 13, 23, 14, 11, 6, 1, 5, 18, 3, 8, 9]",9.4582179
./random_graph_db/graph_db_node_25/09_p0.65/09_graph_n25_p0.65_idx10.gpickle,25,0.65,10,11,89,229,"[24, 16, 15, 2, 10, 5, 22, 20, 18, 8, 1, 11, 3, 17, 21, 13, 19, 4, 6, 7, 23, 14, 9, 12, 0]",8.5250592
./random_graph_db/graph_db_node_25/09_p0.65/09_graph_n25_p0.65_idx2.gpickle,25,0.65,2,11,118,260,"[23, 4, 21, 0, 7, 8, 3, 24, 12, 18, 2, 11, 14, 9, 17, 22, 20, 13, 5, 16, 10, 15, 6, 1, 19]",9.5780432
./random_graph_db/graph_db_node_25/09_p0.65/09_graph_n25_p0.65_idx3.gpickle,25,0.65,3,12,126,269,"[20, 5, 23, 9, 3, 1, 19, 13, 21, 7, 22, 12, 4, 11, 10, 8, 24, 2, 17, 6, 0, 16, 18, 15, 14]",9.502624
./random_graph_db/graph_db_node_25/09_p0.65/09_graph_n25_p0.65_idx4.gpickle,25,0.65,4,11,120,269,"[18, 3, 16, 21, 13, 0, 6, 24, 11, 7, 4, 22, 2, 20, 19, 14, 17, 5, 23, 12, 8, 10, 1, 15, 9]",8.961014
./random_graph_db/graph_db_node_25/09_p0.65/09_graph_n25_p0.65_idx5.gpickle,25,0.65,5,11,112,278,"[4, 5, 3, 10, 6, 20, 24, 21, 7, 14, 19, 13, 1, 8, 22, 9, 15, 12, 16, 17, 0, 23, 11, 18, 2]",9.5976667
./random_graph_db/graph_db_node_25/09_p0.65/09_graph_n25_p0.65_idx6.gpickle,25,0.65,6,11,126,277,"[5, 3, 20, 24, 17, 16, 0, 11, 2, 7, 8, 13, 14, 18, 1, 12, 19, 4, 6, 9, 10, 21, 15, 22, 23]",8.9392447
./random_graph_db/graph_db_node_25/09_p0.65/09_graph_n25_p0.65_idx7.gpickle,25,0.65,7,11,118,293,"[6, 4, 1, 19, 3, 9, 13, 14, 7, 10, 16, 11, 24, 20, 12, 22, 18, 23, 8, 15, 21, 2, 0, 17, 5]",9.0393851
./random_graph_db/graph_db_node_25/09_p0.65/09_graph_n25_p0.65_idx8.gpickle,25,0.65,8,10,94,219,"[24, 9, 2, 7, 5, 13, 22, 4, 10, 12, 6, 21, 17, 23, 18, 0, 8, 15, 3, 14, 19, 11, 20, 16, 1]",8.3999858
./random_graph_db/graph_db_node_25/09_p0.65/09_graph_n25_p0.65_idx9.gpickle,25,0.65,9,11,116,277,"[24, 14, 11, 15, 19, 4, 2, 13, 22, 0, 3, 20, 1, 5, 7, 23, 9, 16, 8, 10, 6, 18, 17, 21, 12]",9.6755803
./random_graph_db/graph_db_node_25/10_p0.7/10_graph_n25_p0.7_idx1.gpickle,25,0.7,1,10,107,258,"[4, 23, 20, 0, 12, 1, 22, 9, 2, 8, 11, 6, 16, 15, 10, 13, 3, 21, 14, 5, 17, 24, 7, 18, 19]",8.080847
./random_graph_db/graph_db_node_25/10_p0.7/10_graph_n25_p0.7_idx10.gpickle,25,0.7,10,11,109,259,"[1, 4, 0, 20, 11, 3, 24, 18, 9, 12, 5, 15, 17, 2, 6, 7, 19, 8, 13, 21, 22, 10, 14, 23, 16]",9.5265169
./random_graph_db/graph_db_node_25/10_p0.7/10_graph_n25_p0.7_idx2.gpickle,25,0.7,2,11,122,279,"[5, 13, 15, 1, 7, 10, 0, 11, 4, 19, 22, 8, 20, 17, 18, 9, 6, 2, 16, 23, 21, 24, 3, 14, 12]",9.7671218
./random_graph_db/graph_db_node_25/10_p0.7/10_graph_n25_p0.7_idx3.gpickle,25,0.7,3,10,110,257,"[5, 9, 2, 0, 18, 14, 12, 23, 21, 8, 22, 6, 16, 1, 24, 17, 19, 10, 7, 20, 4, 13, 3, 11, 15]",9.9056618
./random_graph_db/graph_db_node_25/10_p0.7/10_graph_n25_p0.7_idx4.gpickle,25,0.7,4,11,100,234,"[11, 19, 24, 8, 6, 7, 23, 0, 3, 4, 13, 12, 15, 5, 10, 18, 22, 14, 17, 21, 1, 2, 20, 16, 9]",8.503891
./random_graph_db/graph_db_node_25/10_p0.7/10_graph_n25_p0.7_idx5.gpickle,25,0.7,5,11,122,284,"[7, 24, 20, 0, 3, 1, 12, 6, 8, 18, 17, 4, 14, 11, 23, 19, 9, 2, 21, 16, 5, 10, 22, 13, 15]",9.8544972
./random_graph_db/graph_db_node_25/10_p0.7/10_graph_n25_p0.7_idx6.gpickle,25,0.7,6,11,95,225,"[12, 3, 22, 13, 7, 20, 18, 16, 4, 11, 10, 5, 2, 24, 21, 23, 8, 6, 15, 0, 9, 19, 1, 14, 17]",8.344053
./random_graph_db/graph_db_node_25/10_p0.7/10_graph_n25_p0.7_idx7.gpickle,25,0.7,7,10,109,254,"[12, 5, 18, 4, 7, 1, 9, 24, 8, 13, 20, 0, 10, 3, 11, 21, 14, 17, 2, 15, 6, 23, 22, 16, 19]",9.312094
./random_graph_db/graph_db_node_25/10_p0.7/10_graph_n25_p0.7_idx8.gpickle,25,0.7,8,11,109,266,"[23, 4, 24, 6, 1, 18, 21, 10, 7, 3, 22, 20, 9, 19, 8, 17, 15, 14, 13, 11, 0, 16, 2, 12, 5]",9.2642498
./random_graph_db/graph_db_node_25/10_p0.7/10_graph_n25_p0.7_idx9.gpickle,25,0.7,9,10,104,256,"[5, 19, 22, 12, 3, 23, 8, 6, 1, 24, 13, 7, 0, 14, 15, 18, 21, 16, 20, 4, 11, 17, 10, 9, 2]",9.3065531
./random_graph_db/graph_db_node_25/11_p0.8/11_graph_n25_p0.8_idx1.gpickle,25,0.8,1,8,67,156,"[19, 5, 2, 4, 21, 15, 9, 8, 6, 17, 7, 22, 16, 12, 18, 24, 3, 11, 0, 20, 13, 1, 23, 10, 14]",6.3502741
./random_graph_db/graph_db_node_25/11_p0.8/11_graph_n25_p0.8_idx10.gpickle,25,0.8,10,10,95,211,"[21, 24, 8, 0, 2, 12, 5, 13, 4, 3, 20, 16, 22, 23, 7, 6, 11, 1, 14, 10, 17, 18, 19, 15, 9]",7.8931069
./random_graph_db/graph_db_node_25/11_p0.8/11_graph_n25_p0.8_idx2.gpickle,25,0.8,2,9,56,144,"[3, 13, 5, 14, 15, 16, 8, 20, 10, 1, 23, 12, 22, 17, 4, 11, 7, 9, 24, 18, 6, 0, 2, 21, 19]",6.7107129
./random_graph_db/graph_db_node_25/11_p0.8/11_graph_n25_p0.8_idx3.gpickle,25,0.8,3,9,80,191,"[0, 24, 10, 23, 22, 8, 12, 4, 15, 14, 3, 17, 9, 7, 1, 19, 21, 5, 16, 13, 6, 2, 20, 18, 11]",7.4270711
./random_graph_db/graph_db_node_25/11_p0.8/11_graph_n25_p0.8_idx4.gpickle,25,0.8,4,10,73,159,"[23, 11, 1, 14, 15, 17, 7, 19, 2, 18, 5, 13, 10, 16, 12, 22, 0, 21, 4, 20, 9, 24, 6, 8, 3]",7.262116
./random_graph_db/graph_db_node_25/11_p0.8/11_graph_n25_p0.8_idx5.gpickle,25,0.8,5,8,64,147,"[12, 18, 23, 11, 17, 14, 24, 3, 16, 9, 13, 8, 7, 4, 20, 6, 10, 22, 21, 1, 0, 19, 2, 15, 5]",6.2665789
./random_graph_db/graph_db_node_25/11_p0.8/11_graph_n25_p0.8_idx6.gpickle,25,0.8,6,7,55,139,"[13, 0, 22, 2, 1, 8, 19, 15, 16, 14, 9, 5, 12, 24, 4, 11, 17, 20, 18, 6, 23, 10, 3, 7, 21]",5.437228
./random_graph_db/graph_db_node_25/11_p0.8/11_graph_n25_p0.8_idx7.gpickle,25,0.8,7,9,72,160,"[9, 10, 11, 12, 15, 24, 0, 16, 3, 1, 7, 2, 19, 14, 5, 4, 18, 13, 22, 20, 6, 8, 21, 17, 23]",6.4861948
./random_graph_db/graph_db_node_25/11_p0.8/11_graph_n25_p0.8_idx8.gpickle,25,0.8,8,8,75,185,"[14, 11, 20, 8, 18, 13, 24, 7, 9, 6, 10, 2, 15, 5, 23, 17, 12, 3, 4, 22, 1, 0, 16, 21, 19]",7.3500431
./random_graph_db/graph_db_node_25/11_p0.8/11_graph_n25_p0.8_idx9.gpickle,25,0.8,9,10,78,182,"[11, 3, 6, 21, 17, 16, 20, 1, 14, 22, 13, 2, 7, 8, 10, 0, 15, 9, 4, 19, 24, 12, 18, 23, 5]",6.8612342
./random_graph_db/graph_db_node_25/12_p0.9/12_graph_n25_p0.9_idx1.gpickle,25,0.9,1,5,32,89,"[22, 19, 14, 8, 7, 2, 4, 9, 18, 11, 15, 3, 13, 20, 12, 0, 21, 23, 17, 1, 16, 5, 24, 6, 10]",4.3342741
./random_graph_db/graph_db_node_25/12_p0.9/12_graph_n25_p0.9_idx10.gpickle,25,0.9,10,5,31,71,"[9, 6, 18, 15, 14, 4, 11, 0, 22, 24, 12, 21, 8, 23, 10, 13, 1, 3, 17, 16, 2, 5, 20, 7, 19]",4.234278
./random_graph_db/graph_db_node_25/12_p0.9/12_graph_n25_p0.9_idx2.gpickle,25,0.9,2,5,20,86,"[23, 16, 1, 15, 0, 12, 20, 13, 10, 6, 8, 24, 3, 4, 17, 5, 9, 7, 2, 22, 21, 19, 18, 11, 14]",4.5294263
./random_graph_db/graph_db_node_25/12_p0.9/12_graph_n25_p0.9_idx3.gpickle,25,0.9,3,7,49,118,"[18, 19, 5, 4, 3, 2, 15, 9, 1, 14, 7, 23, 13, 21, 11, 16, 12, 20, 6, 22, 10, 8, 17, 0, 24]",5.416872
./random_graph_db/graph_db_node_25/12_p0.9/12_graph_n25_p0.9_idx4.gpickle,25,0.9,4,6,38,114,"[12, 4, 20, 0, 19, 21, 14, 9, 23, 2, 8, 22, 5, 3, 11, 1, 17, 10, 18, 24, 7, 16, 13, 15, 6]",4.8610141
./random_graph_db/graph_db_node_25/12_p0.9/12_graph_n25_p0.9_idx5.gpickle,25,0.9,5,4,23,60,"[2, 16, 13, 6, 14, 4, 10, 7, 23, 5, 19, 21, 9, 15, 1, 12, 18, 0, 3, 20, 8, 17, 24, 22, 11]",3.609015
./random_graph_db/graph_db_node_25/12_p0.9/12_graph_n25_p0.9_idx6.gpickle,25,0.9,6,4,20,73,"[1, 21, 3, 13, 0, 18, 4, 14, 24, 20, 6, 15, 16, 7, 5, 8, 17, 19, 9, 11, 23, 22, 12, 2, 10]",3.37217
./random_graph_db/graph_db_node_25/12_p0.9/12_graph_n25_p0.9_idx7.gpickle,25,0.9,7,4,30,89,"[21, 6, 10, 9, 19, 2, 3, 7, 1, 11, 20, 17, 4, 22, 12, 14, 5, 13, 0, 8, 16, 23, 18, 15, 24]",3.981169
./random_graph_db/graph_db_node_25/12_p0.9/12_graph_n25_p0.9_idx8.gpickle,25,0.9,8,5,42,93,"[13, 6, 21, 7, 12, 3, 8, 9, 15, 20, 24, 17, 0, 2, 18, 16, 22, 1, 10, 5, 14, 4, 19, 23, 11]",4.3700891
./random_graph_db/graph_db_node_25/12_p0.9/12_graph_n25_p0.9_idx9.gpickle,25,0.9,9,7,49,124,"[24, 22, 14, 5, 21, 15, 9, 0, 18, 11, 10, 2, 6, 19, 17, 7, 3, 8, 23, 12, 20, 13, 16, 4, 1]",5.8577361
./random_graph_db/graph_db_node_26/01_p0.1/01_graph_n26_p0.1_idx1.gpickle,26,0.1,1,4,14,51,"[7, 22, 14, 8, 18, 3, 5, 13, 17, 1, 9, 23, 16, 4, 2, 20, 19, 0, 24, 12, 25, 10, 11, 15, 21, 6]",3.2726061
./random_graph_db/graph_db_node_26/01_p0.1/01_graph_n26_p0.1_idx10.gpickle,26,0.1,10,3,9,43,"[24, 23, 17, 21, 22, 18, 13, 14, 10, 15, 0, 7, 1, 9, 4, 2, 12, 6, 11, 25, 8, 3, 16, 5, 19, 20]",2.9871709
./random_graph_db/graph_db_node_26/01_p0.1/01_graph_n26_p0.1_idx2.gpickle,26,0.1,2,3,8,43,"[3, 2, 6, 10, 18, 0, 16, 7, 20, 25, 11, 5, 15, 12, 19, 24, 8, 9, 1, 17, 4, 21, 22, 23, 14, 13]",2.829648
./random_graph_db/graph_db_node_26/01_p0.1/01_graph_n26_p0.1_idx3.gpickle,26,0.1,3,4,17,49,"[11, 9, 24, 0, 5, 2, 6, 23, 22, 14, 8, 3, 25, 4, 1, 18, 13, 21, 19, 17, 10, 7, 12, 20, 16, 15]",3.573137
./random_graph_db/graph_db_node_26/01_p0.1/01_graph_n26_p0.1_idx4.gpickle,26,0.1,4,4,12,46,"[18, 23, 2, 8, 11, 6, 19, 4, 14, 12, 20, 7, 0, 25, 22, 3, 5, 1, 9, 17, 13, 16, 10, 15, 24, 21]",3.2369921
./random_graph_db/graph_db_node_26/01_p0.1/01_graph_n26_p0.1_idx5.gpickle,26,0.1,5,4,13,56,"[4, 14, 17, 11, 8, 1, 5, 3, 18, 0, 13, 6, 21, 2, 15, 10, 12, 20, 7, 22, 25, 9, 19, 24, 23, 16]",3.1328199
./random_graph_db/graph_db_node_26/01_p0.1/01_graph_n26_p0.1_idx6.gpickle,26,0.1,6,6,26,79,"[15, 23, 20, 18, 6, 21, 4, 0, 19, 10, 7, 3, 5, 8, 9, 13, 1, 12, 17, 11, 2, 24, 25, 22, 14, 16]",3.9164982
./random_graph_db/graph_db_node_26/01_p0.1/01_graph_n26_p0.1_idx7.gpickle,26,0.1,7,5,12,47,"[6, 4, 22, 9, 25, 7, 11, 10, 15, 18, 12, 3, 1, 16, 23, 2, 0, 20, 17, 5, 19, 21, 13, 24, 8, 14]",3.0360038
./random_graph_db/graph_db_node_26/01_p0.1/01_graph_n26_p0.1_idx8.gpickle,26,0.1,8,5,14,53,"[9, 0, 4, 13, 6, 14, 23, 11, 18, 15, 3, 7, 2, 25, 21, 12, 1, 24, 10, 16, 20, 19, 5, 8, 17, 22]",3.566592
./random_graph_db/graph_db_node_26/01_p0.1/01_graph_n26_p0.1_idx9.gpickle,26,0.1,9,5,23,59,"[4, 9, 17, 12, 2, 0, 14, 10, 1, 15, 23, 24, 19, 6, 20, 7, 16, 22, 25, 21, 8, 18, 13, 3, 5, 11]",3.7378213
./random_graph_db/graph_db_node_26/02_p0.2/02_graph_n26_p0.2_idx1.gpickle,26,0.2,1,8,64,152,"[21, 8, 24, 22, 25, 5, 20, 15, 18, 16, 9, 1, 6, 2, 11, 7, 19, 17, 4, 14, 0, 13, 23, 12, 3, 10]",5.4033639
./random_graph_db/graph_db_node_26/02_p0.2/02_graph_n26_p0.2_idx10.gpickle,26,0.2,10,9,79,193,"[16, 3, 2, 5, 4, 13, 1, 18, 19, 10, 22, 11, 17, 9, 6, 7, 8, 24, 21, 12, 23, 20, 25, 0, 14, 15]",6.4380901
./random_graph_db/graph_db_node_26/02_p0.2/02_graph_n26_p0.2_idx2.gpickle,26,0.2,2,9,70,163,"[8, 22, 0, 7, 1, 23, 9, 19, 5, 12, 18, 2, 6, 25, 10, 3, 11, 16, 17, 21, 13, 4, 14, 20, 24, 15]",6.2967269
./random_graph_db/graph_db_node_26/02_p0.2/02_graph_n26_p0.2_idx3.gpickle,26,0.2,3,8,70,165,"[8, 2, 22, 25, 4, 21, 12, 14, 24, 9, 17, 5, 19, 20, 7, 15, 1, 16, 10, 11, 18, 6, 13, 3, 0, 23]",6.1795528
./random_graph_db/graph_db_node_26/02_p0.2/02_graph_n26_p0.2_idx4.gpickle,26,0.2,4,7,47,108,"[2, 1, 0, 25, 3, 5, 24, 18, 15, 16, 12, 4, 8, 6, 14, 11, 10, 23, 19, 20, 9, 21, 22, 13, 17, 7]",5.2395179
./random_graph_db/graph_db_node_26/02_p0.2/02_graph_n26_p0.2_idx5.gpickle,26,0.2,5,7,43,107,"[10, 0, 3, 11, 6, 17, 22, 12, 18, 9, 23, 5, 7, 19, 13, 8, 14, 1, 16, 20, 24, 4, 21, 15, 25, 2]",5.0110137
./random_graph_db/graph_db_node_26/02_p0.2/02_graph_n26_p0.2_idx6.gpickle,26,0.2,6,9,57,130,"[0, 23, 7, 25, 13, 4, 11, 5, 3, 22, 1, 17, 18, 10, 15, 8, 2, 6, 12, 16, 14, 19, 24, 9, 21, 20]",5.2965608
./random_graph_db/graph_db_node_26/02_p0.2/02_graph_n26_p0.2_idx7.gpickle,26,0.2,7,8,63,171,"[7, 1, 19, 22, 20, 3, 15, 9, 6, 10, 25, 21, 4, 17, 13, 0, 2, 8, 14, 23, 24, 18, 16, 5, 11, 12]",5.565093
./random_graph_db/graph_db_node_26/02_p0.2/02_graph_n26_p0.2_idx8.gpickle,26,0.2,8,7,33,90,"[25, 13, 23, 8, 2, 24, 6, 7, 11, 3, 17, 20, 14, 5, 21, 18, 1, 4, 15, 19, 16, 22, 9, 12, 0, 10]",4.6354361
./random_graph_db/graph_db_node_26/02_p0.2/02_graph_n26_p0.2_idx9.gpickle,26,0.2,9,9,75,182,"[3, 9, 15, 0, 1, 14, 23, 5, 4, 19, 13, 11, 17, 7, 6, 2, 20, 12, 21, 18, 24, 22, 10, 8, 16, 25]",6.5295548
./random_graph_db/graph_db_node_26/03_p0.3/03_graph_n26_p0.3_idx1.gpickle,26,0.3,1,11,90,222,"[5, 17, 13, 15, 1, 7, 25, 6, 16, 11, 23, 9, 12, 14, 8, 2, 0, 18, 4, 21, 24, 19, 10, 22, 3, 20]",7.9761848
./random_graph_db/graph_db_node_26/03_p0.3/03_graph_n26_p0.3_idx10.gpickle,26,0.3,10,10,110,256,"[14, 8, 23, 12, 18, 5, 16, 7, 15, 6, 1, 21, 13, 11, 22, 25, 20, 17, 3, 2, 24, 9, 4, 0, 19, 10]",7.8176589
./random_graph_db/graph_db_node_26/03_p0.3/03_graph_n26_p0.3_idx2.gpickle,26,0.3,2,10,80,196,"[7, 25, 3, 14, 0, 1, 23, 17, 10, 22, 20, 9, 21, 6, 5, 12, 15, 4, 2, 19, 8, 18, 24, 11, 16, 13]",7.671808
./random_graph_db/graph_db_node_26/03_p0.3/03_graph_n26_p0.3_idx3.gpickle,26,0.3,3,10,97,219,"[2, 17, 8, 6, 22, 14, 5, 16, 23, 15, 4, 13, 18, 11, 20, 9, 7, 12, 0, 19, 25, 24, 3, 10, 1, 21]",8.633657
./random_graph_db/graph_db_node_26/03_p0.3/03_graph_n26_p0.3_idx4.gpickle,26,0.3,4,10,92,199,"[13, 15, 1, 20, 9, 18, 5, 3, 19, 24, 6, 14, 7, 22, 21, 4, 2, 11, 23, 12, 25, 0, 10, 16, 17, 8]",7.19574
./random_graph_db/graph_db_node_26/03_p0.3/03_graph_n26_p0.3_idx5.gpickle,26,0.3,5,10,92,200,"[19, 12, 13, 1, 7, 8, 6, 4, 9, 17, 18, 2, 15, 23, 22, 11, 14, 16, 24, 5, 20, 3, 21, 25, 0, 10]",7.3681717
./random_graph_db/graph_db_node_26/03_p0.3/03_graph_n26_p0.3_idx6.gpickle,26,0.3,6,10,112,258,"[2, 11, 16, 8, 18, 20, 21, 5, 17, 15, 0, 24, 13, 3, 23, 14, 4, 9, 19, 10, 12, 6, 25, 7, 1, 22]",8.1348622
./random_graph_db/graph_db_node_26/03_p0.3/03_graph_n26_p0.3_idx7.gpickle,26,0.3,7,10,110,254,"[2, 11, 18, 12, 23, 25, 7, 3, 6, 5, 8, 0, 22, 24, 21, 14, 15, 20, 13, 19, 9, 10, 16, 4, 17, 1]",8.6962507
./random_graph_db/graph_db_node_26/03_p0.3/03_graph_n26_p0.3_idx8.gpickle,26,0.3,8,10,75,177,"[12, 13, 23, 9, 21, 0, 25, 1, 20, 18, 5, 10, 3, 16, 14, 19, 11, 24, 6, 7, 2, 15, 4, 8, 22, 17]",7.4432571
./random_graph_db/graph_db_node_26/03_p0.3/03_graph_n26_p0.3_idx9.gpickle,26,0.3,9,11,97,243,"[8, 14, 4, 20, 17, 12, 22, 0, 7, 21, 6, 16, 25, 18, 3, 11, 9, 10, 1, 13, 23, 24, 19, 2, 5, 15]",8.9085779
./random_graph_db/graph_db_node_26/04_p0.4/04_graph_n26_p0.4_idx1.gpickle,26,0.4,1,11,126,295,"[8, 16, 24, 15, 7, 22, 4, 23, 6, 0, 12, 2, 1, 13, 11, 21, 5, 20, 14, 17, 18, 3, 25, 19, 9, 10]",10.0875142
./random_graph_db/graph_db_node_26/04_p0.4/04_graph_n26_p0.4_idx10.gpickle,26,0.4,10,10,108,277,"[22, 5, 13, 3, 7, 24, 21, 0, 9, 10, 1, 20, 18, 23, 17, 2, 6, 12, 19, 25, 4, 8, 11, 14, 16, 15]",9.8305151
./random_graph_db/graph_db_node_26/04_p0.4/04_graph_n26_p0.4_idx2.gpickle,26,0.4,2,12,117,266,"[1, 24, 23, 6, 8, 10, 3, 13, 18, 19, 0, 7, 25, 9, 4, 2, 11, 12, 20, 17, 15, 14, 5, 21, 22, 16]",10.181493
./random_graph_db/graph_db_node_26/04_p0.4/04_graph_n26_p0.4_idx3.gpickle,26,0.4,3,11,119,272,"[13, 12, 15, 25, 1, 21, 8, 20, 24, 3, 2, 19, 14, 10, 5, 16, 7, 0, 17, 11, 9, 18, 4, 6, 22, 23]",9.6314681
./random_graph_db/graph_db_node_26/04_p0.4/04_graph_n26_p0.4_idx4.gpickle,26,0.4,4,12,136,317,"[21, 17, 15, 19, 5, 14, 7, 9, 23, 12, 0, 24, 18, 2, 4, 8, 1, 3, 20, 11, 13, 16, 22, 6, 25, 10]",10.8498952
./random_graph_db/graph_db_node_26/04_p0.4/04_graph_n26_p0.4_idx5.gpickle,26,0.4,5,11,131,309,"[18, 13, 12, 20, 23, 14, 11, 1, 15, 0, 21, 25, 8, 16, 3, 6, 19, 4, 22, 24, 10, 7, 9, 5, 2, 17]",10.0206759
./random_graph_db/graph_db_node_26/04_p0.4/04_graph_n26_p0.4_idx6.gpickle,26,0.4,6,11,112,254,"[10, 1, 21, 17, 0, 5, 4, 24, 15, 6, 18, 25, 2, 13, 12, 20, 7, 8, 23, 3, 14, 16, 19, 22, 11, 9]",9.6109829
./random_graph_db/graph_db_node_26/04_p0.4/04_graph_n26_p0.4_idx7.gpickle,26,0.4,7,12,134,297,"[20, 4, 24, 12, 22, 13, 9, 1, 5, 14, 23, 15, 16, 11, 18, 2, 8, 25, 10, 7, 6, 21, 3, 17, 0, 19]",10.7814522
./random_graph_db/graph_db_node_26/04_p0.4/04_graph_n26_p0.4_idx8.gpickle,26,0.4,8,11,110,270,"[16, 9, 7, 12, 2, 10, 4, 17, 6, 13, 14, 15, 3, 8, 21, 1, 11, 18, 22, 23, 20, 0, 5, 24, 25, 19]",9.4781811
./random_graph_db/graph_db_node_26/04_p0.4/04_graph_n26_p0.4_idx9.gpickle,26,0.4,9,11,131,289,"[0, 9, 11, 23, 12, 16, 6, 22, 14, 2, 21, 25, 5, 1, 10, 24, 13, 18, 17, 20, 8, 19, 7, 15, 3, 4]",10.771997
./random_graph_db/graph_db_node_26/05_p0.45/05_graph_n26_p0.45_idx1.gpickle,26,0.45,1,12,134,310,"[16, 12, 14, 17, 21, 3, 1, 7, 22, 13, 11, 9, 0, 8, 24, 19, 2, 5, 4, 23, 25, 18, 10, 20, 15, 6]",10.9684019
./random_graph_db/graph_db_node_26/05_p0.45/05_graph_n26_p0.45_idx10.gpickle,26,0.45,10,11,128,307,"[20, 1, 5, 10, 25, 22, 2, 8, 7, 3, 13, 11, 24, 17, 16, 21, 15, 19, 18, 23, 4, 12, 0, 14, 9, 6]",10.2434978
./random_graph_db/graph_db_node_26/05_p0.45/05_graph_n26_p0.45_idx2.gpickle,26,0.45,2,12,133,306,"[18, 12, 19, 8, 3, 14, 11, 5, 16, 15, 4, 7, 17, 1, 22, 20, 0, 21, 6, 10, 2, 9, 23, 13, 24, 25]",11.0338039
./random_graph_db/graph_db_node_26/05_p0.45/05_graph_n26_p0.45_idx3.gpickle,26,0.45,3,11,130,320,"[4, 10, 23, 9, 21, 3, 5, 13, 24, 16, 15, 22, 1, 7, 20, 25, 11, 6, 8, 14, 17, 12, 2, 18, 0, 19]",11.230617
./random_graph_db/graph_db_node_26/05_p0.45/05_graph_n26_p0.45_idx4.gpickle,26,0.45,4,11,120,291,"[13, 5, 20, 6, 14, 17, 4, 23, 18, 22, 10, 21, 15, 19, 9, 11, 3, 12, 7, 24, 1, 2, 25, 16, 8, 0]",10.5429168
./random_graph_db/graph_db_node_26/05_p0.45/05_graph_n26_p0.45_idx5.gpickle,26,0.45,5,12,128,300,"[6, 1, 5, 15, 2, 4, 0, 23, 14, 11, 3, 24, 25, 21, 10, 7, 22, 16, 8, 18, 19, 12, 17, 20, 9, 13]",10.444196
./random_graph_db/graph_db_node_26/05_p0.45/05_graph_n26_p0.45_idx6.gpickle,26,0.45,6,12,126,289,"[4, 1, 3, 21, 0, 19, 13, 12, 16, 15, 24, 25, 9, 20, 7, 6, 18, 11, 10, 22, 14, 17, 8, 23, 2, 5]",10.5754931
./random_graph_db/graph_db_node_26/05_p0.45/05_graph_n26_p0.45_idx7.gpickle,26,0.45,7,12,126,310,"[3, 7, 12, 2, 19, 4, 13, 8, 23, 25, 20, 16, 11, 5, 22, 10, 1, 15, 6, 18, 9, 0, 24, 21, 17, 14]",10.5026071
./random_graph_db/graph_db_node_26/05_p0.45/05_graph_n26_p0.45_idx8.gpickle,26,0.45,8,12,149,327,"[4, 16, 14, 22, 6, 12, 11, 9, 1, 8, 13, 5, 18, 25, 21, 3, 7, 17, 10, 2, 19, 20, 0, 24, 15, 23]",11.1201608
./random_graph_db/graph_db_node_26/05_p0.45/05_graph_n26_p0.45_idx9.gpickle,26,0.45,9,12,130,311,"[24, 15, 10, 14, 16, 2, 3, 4, 6, 9, 8, 23, 1, 13, 17, 0, 12, 20, 21, 5, 22, 25, 18, 7, 11, 19]",10.641912
./random_graph_db/graph_db_node_26/06_p0.5/06_graph_n26_p0.5_idx1.gpickle,26,0.5,1,11,128,314,"[7, 3, 25, 12, 5, 16, 8, 20, 18, 6, 19, 11, 21, 4, 1, 14, 22, 15, 24, 10, 2, 0, 23, 17, 13, 9]",10.7858999
./random_graph_db/graph_db_node_26/06_p0.5/06_graph_n26_p0.5_idx10.gpickle,26,0.5,10,11,114,259,"[3, 20, 8, 18, 19, 0, 9, 2, 13, 6, 4, 15, 7, 11, 24, 5, 23, 17, 16, 22, 10, 14, 21, 25, 12, 1]",10.3226314
./random_graph_db/graph_db_node_26/06_p0.5/06_graph_n26_p0.5_idx2.gpickle,26,0.5,2,11,109,262,"[13, 24, 18, 25, 7, 23, 16, 11, 22, 3, 0, 9, 2, 1, 19, 10, 21, 8, 12, 17, 5, 6, 14, 4, 15, 20]",10.0191972
./random_graph_db/graph_db_node_26/06_p0.5/06_graph_n26_p0.5_idx3.gpickle,26,0.5,3,11,116,272,"[25, 8, 21, 7, 24, 18, 20, 13, 14, 23, 1, 5, 16, 0, 10, 4, 2, 19, 6, 11, 9, 3, 17, 12, 15, 22]",10.3816509
./random_graph_db/graph_db_node_26/06_p0.5/06_graph_n26_p0.5_idx4.gpickle,26,0.5,4,11,117,279,"[13, 22, 12, 1, 15, 23, 7, 19, 8, 2, 11, 20, 9, 21, 6, 10, 14, 16, 18, 5, 4, 0, 24, 3, 25, 17]",10.8524539
./random_graph_db/graph_db_node_26/06_p0.5/06_graph_n26_p0.5_idx5.gpickle,26,0.5,5,11,120,288,"[15, 13, 25, 17, 3, 20, 1, 11, 18, 23, 5, 21, 8, 9, 0, 19, 22, 4, 2, 12, 7, 6, 24, 16, 10, 14]",10.4197891
./random_graph_db/graph_db_node_26/06_p0.5/06_graph_n26_p0.5_idx6.gpickle,26,0.5,6,11,115,257,"[21, 14, 0, 7, 9, 23, 4, 3, 2, 8, 19, 15, 22, 25, 6, 17, 11, 1, 5, 24, 16, 20, 12, 13, 18, 10]",10.942126
./random_graph_db/graph_db_node_26/06_p0.5/06_graph_n26_p0.5_idx7.gpickle,26,0.5,7,11,116,294,"[19, 10, 16, 25, 24, 15, 3, 7, 11, 6, 23, 0, 9, 18, 8, 21, 13, 14, 2, 17, 1, 20, 22, 4, 12, 5]",10.6727741
./random_graph_db/graph_db_node_26/06_p0.5/06_graph_n26_p0.5_idx8.gpickle,26,0.5,8,12,131,305,"[6, 23, 14, 15, 5, 16, 1, 24, 3, 0, 18, 2, 17, 21, 11, 10, 9, 13, 25, 22, 7, 20, 8, 4, 12, 19]",10.4893432
./random_graph_db/graph_db_node_26/06_p0.5/06_graph_n26_p0.5_idx9.gpickle,26,0.5,9,11,130,294,"[2, 4, 5, 22, 0, 14, 3, 1, 9, 10, 21, 15, 23, 25, 12, 11, 20, 19, 7, 24, 17, 16, 6, 13, 8, 18]",10.431273
./random_graph_db/graph_db_node_26/07_p0.55/07_graph_n26_p0.55_idx1.gpickle,26,0.55,1,11,128,312,"[5, 14, 13, 20, 12, 22, 3, 10, 17, 21, 18, 1, 8, 23, 11, 0, 15, 7, 9, 25, 2, 19, 6, 4, 16, 24]",11.4800701
./random_graph_db/graph_db_node_26/07_p0.55/07_graph_n26_p0.55_idx10.gpickle,26,0.55,10,12,138,337,"[25, 3, 24, 17, 5, 18, 2, 23, 7, 13, 1, 0, 6, 20, 15, 16, 22, 4, 14, 8, 21, 12, 19, 11, 10, 9]",10.4220159
./random_graph_db/graph_db_node_26/07_p0.55/07_graph_n26_p0.55_idx2.gpickle,26,0.55,2,12,140,317,"[19, 22, 20, 6, 16, 14, 12, 0, 3, 9, 5, 11, 13, 24, 8, 1, 7, 25, 2, 10, 4, 18, 23, 15, 21, 17]",11.3161321
./random_graph_db/graph_db_node_26/07_p0.55/07_graph_n26_p0.55_idx3.gpickle,26,0.55,3,11,123,282,"[15, 12, 8, 3, 4, 14, 9, 0, 11, 18, 5, 2, 16, 7, 10, 1, 17, 24, 23, 25, 21, 20, 6, 22, 19, 13]",10.5644097
./random_graph_db/graph_db_node_26/07_p0.55/07_graph_n26_p0.55_idx4.gpickle,26,0.55,4,12,124,262,"[1, 3, 22, 8, 0, 4, 2, 19, 12, 14, 24, 18, 21, 20, 6, 16, 23, 11, 25, 5, 7, 15, 10, 9, 17, 13]",9.7981319
./random_graph_db/graph_db_node_26/07_p0.55/07_graph_n26_p0.55_idx5.gpickle,26,0.55,5,12,137,318,"[4, 6, 11, 16, 21, 20, 0, 5, 7, 17, 19, 13, 18, 22, 24, 10, 8, 9, 12, 14, 25, 1, 2, 3, 23, 15]",11.1819341
./random_graph_db/graph_db_node_26/07_p0.55/07_graph_n26_p0.55_idx6.gpickle,26,0.55,6,12,124,284,"[19, 18, 6, 8, 1, 17, 16, 4, 3, 12, 2, 14, 24, 10, 25, 11, 20, 15, 9, 5, 13, 23, 22, 7, 0, 21]",10.5396249
./random_graph_db/graph_db_node_26/07_p0.55/07_graph_n26_p0.55_idx7.gpickle,26,0.55,7,12,116,281,"[20, 2, 10, 12, 0, 19, 15, 1, 21, 22, 6, 14, 24, 23, 13, 5, 7, 9, 11, 4, 3, 16, 25, 18, 8, 17]",10.8403628
./random_graph_db/graph_db_node_26/07_p0.55/07_graph_n26_p0.55_idx8.gpickle,26,0.55,8,12,137,311,"[13, 3, 0, 23, 15, 20, 4, 19, 10, 9, 2, 1, 6, 11, 22, 8, 14, 21, 17, 25, 18, 24, 5, 12, 16, 7]",11.5934439
./random_graph_db/graph_db_node_26/07_p0.55/07_graph_n26_p0.55_idx9.gpickle,26,0.55,9,11,128,321,"[7, 18, 9, 1, 13, 5, 2, 19, 11, 23, 3, 20, 25, 21, 6, 15, 4, 24, 0, 17, 12, 16, 14, 10, 8, 22]",10.9511271
./random_graph_db/graph_db_node_26/08_p0.6/08_graph_n26_p0.6_idx1.gpickle,26,0.6,1,12,129,292,"[5, 15, 21, 17, 4, 2, 20, 16, 24, 6, 8, 3, 25, 9, 11, 13, 0, 14, 22, 23, 10, 18, 7, 19, 12, 1]",11.008379
./random_graph_db/graph_db_node_26/08_p0.6/08_graph_n26_p0.6_idx10.gpickle,26,0.6,10,12,139,321,"[19, 12, 14, 16, 1, 22, 9, 17, 5, 0, 2, 25, 18, 11, 7, 24, 15, 10, 6, 13, 23, 21, 4, 20, 8, 3]",10.9821761
./random_graph_db/graph_db_node_26/08_p0.6/08_graph_n26_p0.6_idx2.gpickle,26,0.6,2,12,110,261,"[0, 16, 14, 10, 19, 17, 11, 12, 21, 7, 9, 24, 5, 2, 23, 8, 13, 15, 20, 4, 22, 25, 1, 3, 6, 18]",10.970454
./random_graph_db/graph_db_node_26/08_p0.6/08_graph_n26_p0.6_idx3.gpickle,26,0.6,3,12,119,257,"[18, 1, 16, 5, 8, 14, 17, 12, 0, 23, 11, 13, 19, 20, 22, 9, 15, 10, 24, 2, 6, 3, 21, 25, 7, 4]",10.3337343
./random_graph_db/graph_db_node_26/08_p0.6/08_graph_n26_p0.6_idx4.gpickle,26,0.6,4,12,131,306,"[2, 1, 18, 24, 6, 23, 13, 9, 16, 14, 5, 17, 10, 19, 25, 8, 0, 3, 7, 21, 11, 20, 15, 22, 4, 12]",10.8828912
./random_graph_db/graph_db_node_26/08_p0.6/08_graph_n26_p0.6_idx5.gpickle,26,0.6,5,12,126,293,"[0, 14, 10, 6, 24, 16, 17, 7, 8, 20, 22, 5, 21, 25, 3, 19, 15, 4, 23, 1, 12, 2, 18, 9, 11, 13]",9.9366038
./random_graph_db/graph_db_node_26/08_p0.6/08_graph_n26_p0.6_idx6.gpickle,26,0.6,6,12,132,293,"[4, 22, 24, 13, 12, 10, 8, 7, 16, 3, 6, 19, 25, 5, 23, 1, 2, 11, 15, 17, 0, 18, 9, 21, 14, 20]",10.8869739
./random_graph_db/graph_db_node_26/08_p0.6/08_graph_n26_p0.6_idx7.gpickle,26,0.6,7,12,132,302,"[9, 0, 3, 12, 5, 10, 14, 19, 4, 8, 23, 25, 24, 6, 1, 7, 16, 11, 15, 18, 13, 17, 21, 2, 20, 22]",10.169409
./random_graph_db/graph_db_node_26/08_p0.6/08_graph_n26_p0.6_idx8.gpickle,26,0.6,8,12,136,324,"[12, 5, 24, 15, 0, 20, 18, 6, 19, 2, 13, 17, 8, 22, 16, 14, 7, 1, 25, 10, 21, 3, 4, 9, 11, 23]",11.5596261
./random_graph_db/graph_db_node_26/08_p0.6/08_graph_n26_p0.6_idx9.gpickle,26,0.6,9,11,110,271,"[16, 13, 20, 9, 24, 21, 7, 4, 12, 25, 11, 5, 15, 23, 2, 10, 8, 22, 1, 0, 6, 3, 14, 17, 19, 18]",9.177738
./random_graph_db/graph_db_node_26/09_p0.65/09_graph_n26_p0.65_idx1.gpickle,26,0.65,1,10,103,251,"[7, 15, 5, 1, 3, 8, 21, 4, 20, 10, 13, 17, 22, 23, 2, 25, 11, 0, 12, 24, 16, 6, 14, 9, 18, 19]",8.7500362
./random_graph_db/graph_db_node_26/09_p0.65/09_graph_n26_p0.65_idx10.gpickle,26,0.65,10,12,147,352,"[20, 12, 19, 15, 18, 7, 17, 14, 9, 3, 24, 0, 21, 4, 8, 23, 1, 13, 16, 5, 22, 6, 2, 10, 25, 11]",10.1335139
./random_graph_db/graph_db_node_26/09_p0.65/09_graph_n26_p0.65_idx2.gpickle,26,0.65,2,12,135,316,"[13, 25, 14, 2, 20, 15, 11, 23, 3, 17, 24, 22, 10, 0, 18, 19, 7, 6, 8, 4, 1, 5, 12, 9, 21, 16]",10.8430231
./random_graph_db/graph_db_node_26/09_p0.65/09_graph_n26_p0.65_idx3.gpickle,26,0.65,3,12,129,297,"[8, 0, 3, 2, 21, 16, 17, 9, 15, 23, 10, 5, 25, 4, 14, 19, 6, 18, 12, 22, 1, 20, 13, 11, 24, 7]",10.7788038
./random_graph_db/graph_db_node_26/09_p0.65/09_graph_n26_p0.65_idx4.gpickle,26,0.65,4,12,115,275,"[11, 17, 1, 0, 21, 18, 3, 8, 13, 25, 2, 6, 23, 10, 22, 16, 4, 9, 19, 15, 7, 12, 20, 5, 14, 24]",10.1237688
./random_graph_db/graph_db_node_26/09_p0.65/09_graph_n26_p0.65_idx5.gpickle,26,0.65,5,12,137,314,"[14, 16, 2, 23, 10, 3, 13, 21, 7, 9, 24, 5, 4, 8, 6, 11, 15, 17, 18, 25, 12, 22, 20, 1, 19, 0]",11.0448382
./random_graph_db/graph_db_node_26/09_p0.65/09_graph_n26_p0.65_idx6.gpickle,26,0.65,6,12,117,250,"[1, 0, 7, 21, 4, 20, 14, 17, 5, 18, 15, 10, 16, 2, 3, 25, 11, 9, 8, 13, 24, 19, 6, 12, 22, 23]",9.4085782
./random_graph_db/graph_db_node_26/09_p0.65/09_graph_n26_p0.65_idx7.gpickle,26,0.65,7,11,114,275,"[1, 12, 22, 9, 0, 3, 14, 17, 8, 5, 7, 4, 19, 20, 6, 2, 25, 13, 18, 10, 16, 11, 23, 21, 24, 15]",9.9679317
./random_graph_db/graph_db_node_26/09_p0.65/09_graph_n26_p0.65_idx8.gpickle,26,0.65,8,12,137,296,"[6, 8, 19, 14, 4, 5, 7, 16, 0, 3, 20, 25, 17, 24, 12, 23, 9, 13, 1, 18, 2, 10, 15, 21, 22, 11]",10.6299152
./random_graph_db/graph_db_node_26/09_p0.65/09_graph_n26_p0.65_idx9.gpickle,26,0.65,9,12,132,295,"[4, 12, 16, 5, 21, 7, 15, 3, 23, 1, 25, 24, 13, 9, 8, 18, 2, 10, 19, 11, 22, 20, 14, 17, 0, 6]",9.7589171
./random_graph_db/graph_db_node_26/10_p0.7/10_graph_n26_p0.7_idx1.gpickle,26,0.7,1,10,99,246,"[24, 25, 15, 3, 8, 17, 16, 23, 7, 12, 6, 9, 14, 0, 20, 10, 5, 22, 1, 2, 18, 21, 13, 4, 19, 11]",8.8995168
./random_graph_db/graph_db_node_26/10_p0.7/10_graph_n26_p0.7_idx10.gpickle,26,0.7,10,12,133,318,"[3, 12, 7, 6, 15, 10, 19, 8, 18, 5, 0, 11, 23, 14, 20, 25, 9, 13, 16, 4, 17, 1, 22, 21, 2, 24]",10.5982063
./random_graph_db/graph_db_node_26/10_p0.7/10_graph_n26_p0.7_idx2.gpickle,26,0.7,2,11,120,268,"[4, 22, 24, 10, 11, 13, 2, 9, 23, 18, 6, 0, 12, 21, 25, 16, 1, 14, 3, 15, 20, 5, 8, 7, 17, 19]",9.5011408
./random_graph_db/graph_db_node_26/10_p0.7/10_graph_n26_p0.7_idx3.gpickle,26,0.7,3,11,118,274,"[1, 22, 0, 17, 20, 25, 11, 2, 15, 7, 14, 9, 8, 6, 23, 21, 5, 16, 24, 12, 10, 13, 18, 4, 19, 3]",9.4998648
./random_graph_db/graph_db_node_26/10_p0.7/10_graph_n26_p0.7_idx4.gpickle,26,0.7,4,11,106,252,"[15, 19, 8, 11, 25, 14, 24, 4, 12, 13, 2, 9, 17, 22, 7, 10, 0, 1, 16, 3, 20, 23, 18, 5, 21, 6]",9.2659571
./random_graph_db/graph_db_node_26/10_p0.7/10_graph_n26_p0.7_idx5.gpickle,26,0.7,5,11,114,266,"[3, 9, 17, 23, 14, 15, 21, 7, 8, 20, 0, 6, 18, 4, 13, 16, 19, 5, 25, 10, 2, 11, 22, 12, 24, 1]",10.1338122
./random_graph_db/graph_db_node_26/10_p0.7/10_graph_n26_p0.7_idx6.gpickle,26,0.7,6,11,110,261,"[21, 5, 23, 22, 3, 9, 25, 16, 13, 19, 8, 4, 11, 1, 12, 6, 15, 14, 24, 2, 0, 20, 10, 17, 7, 18]",8.8993661
./random_graph_db/graph_db_node_26/10_p0.7/10_graph_n26_p0.7_idx7.gpickle,26,0.7,7,12,137,328,"[5, 21, 3, 4, 22, 7, 11, 10, 25, 9, 6, 2, 13, 16, 23, 8, 15, 20, 17, 19, 18, 1, 24, 12, 14, 0]",10.5925751
./random_graph_db/graph_db_node_26/10_p0.7/10_graph_n26_p0.7_idx8.gpickle,26,0.7,8,11,117,265,"[5, 8, 17, 24, 21, 2, 7, 16, 14, 11, 25, 19, 3, 0, 4, 23, 13, 22, 9, 12, 15, 6, 1, 10, 18, 20]",9.2247891
./random_graph_db/graph_db_node_26/10_p0.7/10_graph_n26_p0.7_idx9.gpickle,26,0.7,9,12,106,252,"[9, 8, 5, 21, 1, 25, 4, 16, 6, 24, 15, 19, 3, 0, 11, 14, 12, 2, 23, 10, 20, 18, 7, 13, 22, 17]",9.6478999
./random_graph_db/graph_db_node_26/11_p0.8/11_graph_n26_p0.8_idx1.gpickle,26,0.8,1,10,81,207,"[0, 12, 13, 11, 4, 17, 5, 15, 21, 20, 7, 1, 22, 19, 25, 3, 14, 16, 2, 6, 8, 24, 9, 18, 10, 23]",8.0332601
./random_graph_db/graph_db_node_26/11_p0.8/11_graph_n26_p0.8_idx10.gpickle,26,0.8,10,11,115,252,"[12, 20, 17, 1, 7, 24, 10, 22, 9, 21, 23, 0, 11, 6, 14, 8, 25, 18, 19, 4, 5, 2, 3, 13, 16, 15]",9.6334598
./random_graph_db/graph_db_node_26/11_p0.8/11_graph_n26_p0.8_idx2.gpickle,26,0.8,2,10,91,201,"[4, 8, 9, 0, 21, 6, 16, 5, 22, 25, 1, 23, 3, 13, 10, 12, 7, 15, 11, 24, 20, 2, 17, 18, 19, 14]",7.4981241
./random_graph_db/graph_db_node_26/11_p0.8/11_graph_n26_p0.8_idx3.gpickle,26,0.8,3,11,91,215,"[3, 18, 23, 10, 11, 19, 7, 22, 4, 13, 16, 21, 24, 1, 8, 5, 2, 12, 14, 17, 9, 0, 15, 6, 20, 25]",9.9747231
./random_graph_db/graph_db_node_26/11_p0.8/11_graph_n26_p0.8_idx4.gpickle,26,0.8,4,10,102,252,"[12, 24, 19, 25, 11, 21, 1, 8, 9, 22, 13, 23, 2, 16, 5, 6, 17, 18, 7, 14, 20, 15, 4, 10, 0, 3]",9.8955567
./random_graph_db/graph_db_node_26/11_p0.8/11_graph_n26_p0.8_idx5.gpickle,26,0.8,5,10,82,171,"[9, 7, 10, 25, 15, 6, 17, 14, 19, 4, 21, 13, 22, 2, 0, 24, 5, 8, 3, 18, 23, 20, 1, 11, 12, 16]",8.5302718
./random_graph_db/graph_db_node_26/11_p0.8/11_graph_n26_p0.8_idx6.gpickle,26,0.8,6,8,64,167,"[2, 6, 13, 3, 0, 22, 14, 7, 1, 9, 17, 12, 18, 19, 10, 20, 16, 25, 24, 4, 21, 11, 23, 8, 5, 15]",7.1742542
./random_graph_db/graph_db_node_26/11_p0.8/11_graph_n26_p0.8_idx7.gpickle,26,0.8,7,10,92,200,"[0, 7, 3, 24, 22, 13, 1, 14, 6, 20, 12, 4, 25, 2, 19, 17, 23, 8, 9, 10, 18, 16, 21, 15, 5, 11]",7.7103469
./random_graph_db/graph_db_node_26/11_p0.8/11_graph_n26_p0.8_idx8.gpickle,26,0.8,8,11,113,226,"[12, 1, 20, 14, 18, 25, 24, 3, 9, 5, 0, 2, 23, 8, 10, 22, 16, 6, 17, 11, 19, 21, 4, 13, 7, 15]",9.1238179
./random_graph_db/graph_db_node_26/11_p0.8/11_graph_n26_p0.8_idx9.gpickle,26,0.8,9,10,78,175,"[0, 13, 6, 15, 5, 21, 2, 8, 19, 18, 12, 23, 1, 10, 9, 4, 25, 16, 3, 24, 11, 17, 14, 7, 22, 20]",7.9727309
./random_graph_db/graph_db_node_26/12_p0.9/12_graph_n26_p0.9_idx1.gpickle,26,0.9,1,5,35,79,"[4, 25, 1, 19, 12, 13, 7, 16, 2, 17, 14, 3, 24, 8, 15, 9, 0, 21, 10, 22, 11, 5, 18, 20, 6, 23]",4.7934711
./random_graph_db/graph_db_node_26/12_p0.9/12_graph_n26_p0.9_idx10.gpickle,26,0.9,10,6,41,89,"[4, 10, 19, 9, 17, 24, 13, 8, 12, 1, 18, 2, 15, 6, 5, 22, 3, 14, 0, 7, 23, 21, 25, 20, 11, 16]",4.873302
./random_graph_db/graph_db_node_26/12_p0.9/12_graph_n26_p0.9_idx2.gpickle,26,0.9,2,5,36,94,"[13, 15, 0, 16, 14, 10, 22, 6, 7, 4, 5, 25, 21, 9, 17, 23, 11, 20, 19, 3, 24, 12, 1, 2, 8, 18]",4.5363729
./random_graph_db/graph_db_node_26/12_p0.9/12_graph_n26_p0.9_idx3.gpickle,26,0.9,3,7,62,143,"[2, 21, 3, 7, 13, 12, 5, 1, 8, 16, 23, 20, 24, 4, 9, 17, 14, 6, 19, 0, 10, 11, 22, 15, 25, 18]",5.7378922
./random_graph_db/graph_db_node_26/12_p0.9/12_graph_n26_p0.9_idx4.gpickle,26,0.9,4,6,39,94,"[8, 25, 2, 17, 21, 6, 24, 1, 23, 9, 7, 0, 19, 10, 14, 12, 5, 15, 3, 13, 18, 11, 20, 22, 16, 4]",5.0825691
./random_graph_db/graph_db_node_26/12_p0.9/12_graph_n26_p0.9_idx5.gpickle,26,0.9,5,4,24,77,"[21, 19, 20, 24, 22, 8, 6, 4, 10, 25, 13, 15, 12, 23, 9, 18, 0, 3, 11, 7, 16, 5, 14, 2, 1, 17]",4.1687012
./random_graph_db/graph_db_node_26/12_p0.9/12_graph_n26_p0.9_idx6.gpickle,26,0.9,6,4,19,68,"[23, 3, 18, 8, 11, 12, 10, 1, 2, 20, 25, 17, 4, 7, 13, 0, 16, 24, 22, 5, 14, 21, 15, 19, 6, 9]",3.588156
./random_graph_db/graph_db_node_26/12_p0.9/12_graph_n26_p0.9_idx7.gpickle,26,0.9,7,4,20,64,"[7, 25, 0, 13, 14, 12, 19, 24, 1, 10, 11, 9, 23, 17, 20, 2, 8, 16, 15, 18, 4, 3, 6, 5, 22, 21]",3.7097218
./random_graph_db/graph_db_node_26/12_p0.9/12_graph_n26_p0.9_idx8.gpickle,26,0.9,8,5,35,88,"[23, 6, 15, 14, 7, 24, 8, 0, 18, 21, 1, 9, 5, 3, 19, 11, 17, 22, 10, 25, 4, 12, 20, 2, 16, 13]",4.4624832
./random_graph_db/graph_db_node_26/12_p0.9/12_graph_n26_p0.9_idx9.gpickle,26,0.9,9,7,41,107,"[15, 0, 14, 9, 8, 17, 2, 5, 21, 13, 11, 1, 6, 22, 23, 16, 19, 3, 10, 4, 24, 25, 20, 18, 12, 7]",5.234123
./random_graph_db/graph_db_node_27/01_p0.1/01_graph_n27_p0.1_idx1.gpickle,27,0.1,1,5,20,62,"[26, 23, 11, 9, 14, 18, 3, 2, 10, 8, 15, 6, 17, 7, 22, 25, 19, 4, 1, 12, 13, 20, 16, 21, 5, 0, 24]",3.6619272
./random_graph_db/graph_db_node_27/01_p0.1/01_graph_n27_p0.1_idx10.gpickle,27,0.1,10,6,30,83,"[12, 18, 13, 5, 16, 10, 17, 20, 14, 15, 2, 26, 4, 7, 24, 9, 19, 0, 3, 23, 8, 21, 6, 11, 1, 25, 22]",4.0132003
./random_graph_db/graph_db_node_27/01_p0.1/01_graph_n27_p0.1_idx2.gpickle,27,0.1,2,4,13,49,"[1, 0, 4, 22, 25, 17, 21, 14, 3, 5, 16, 6, 19, 2, 18, 8, 15, 26, 7, 12, 11, 9, 24, 13, 23, 10, 20]",3.2678192
./random_graph_db/graph_db_node_27/01_p0.1/01_graph_n27_p0.1_idx3.gpickle,27,0.1,3,5,21,75,"[26, 20, 4, 6, 18, 15, 21, 23, 5, 8, 13, 25, 11, 16, 9, 10, 17, 22, 19, 7, 3, 0, 12, 1, 2, 24, 14]",3.7705741
./random_graph_db/graph_db_node_27/01_p0.1/01_graph_n27_p0.1_idx4.gpickle,27,0.1,4,5,20,78,"[12, 0, 9, 8, 4, 16, 5, 11, 2, 7, 15, 14, 1, 25, 19, 20, 6, 22, 3, 18, 10, 23, 24, 13, 21, 26, 17]",3.578331
./random_graph_db/graph_db_node_27/01_p0.1/01_graph_n27_p0.1_idx5.gpickle,27,0.1,5,4,15,69,"[3, 15, 13, 7, 6, 1, 4, 23, 5, 0, 14, 24, 12, 10, 11, 22, 20, 21, 9, 16, 18, 26, 8, 2, 25, 17, 19]",3.4363449
./random_graph_db/graph_db_node_27/01_p0.1/01_graph_n27_p0.1_idx6.gpickle,27,0.1,6,4,19,63,"[1, 9, 4, 10, 0, 16, 6, 18, 3, 15, 14, 23, 17, 25, 26, 21, 11, 8, 12, 13, 2, 19, 20, 22, 7, 5, 24]",3.6650851
./random_graph_db/graph_db_node_27/01_p0.1/01_graph_n27_p0.1_idx7.gpickle,27,0.1,7,3,7,42,"[9, 7, 0, 6, 13, 19, 22, 12, 23, 20, 2, 3, 15, 11, 24, 1, 18, 14, 25, 5, 10, 8, 17, 26, 16, 21, 4]",2.7135301
./random_graph_db/graph_db_node_27/01_p0.1/01_graph_n27_p0.1_idx8.gpickle,27,0.1,8,4,22,69,"[21, 14, 15, 24, 19, 2, 3, 9, 26, 17, 0, 4, 20, 23, 10, 5, 22, 25, 7, 12, 8, 13, 11, 6, 16, 18, 1]",3.70418
./random_graph_db/graph_db_node_27/01_p0.1/01_graph_n27_p0.1_idx9.gpickle,27,0.1,9,5,21,60,"[11, 5, 6, 26, 17, 18, 22, 21, 16, 10, 3, 8, 20, 0, 14, 7, 4, 1, 19, 13, 23, 9, 12, 2, 15, 25, 24]",3.760433
./random_graph_db/graph_db_node_27/02_p0.2/02_graph_n27_p0.2_idx1.gpickle,27,0.2,1,9,63,141,"[20, 5, 6, 1, 18, 25, 3, 7, 9, 10, 2, 0, 11, 4, 19, 15, 12, 13, 24, 16, 23, 14, 8, 26, 21, 17, 22]",5.9860401
./random_graph_db/graph_db_node_27/02_p0.2/02_graph_n27_p0.2_idx10.gpickle,27,0.2,10,10,66,153,"[14, 4, 0, 25, 11, 6, 24, 23, 17, 2, 3, 20, 1, 26, 10, 12, 13, 9, 19, 8, 5, 22, 7, 15, 21, 18, 16]",6.3328121
./random_graph_db/graph_db_node_27/02_p0.2/02_graph_n27_p0.2_idx2.gpickle,27,0.2,2,9,53,121,"[19, 0, 7, 6, 12, 21, 18, 5, 20, 11, 13, 8, 14, 3, 22, 1, 4, 26, 15, 2, 23, 10, 25, 24, 17, 9, 16]",6.5683768
./random_graph_db/graph_db_node_27/02_p0.2/02_graph_n27_p0.2_idx3.gpickle,27,0.2,3,9,66,145,"[4, 3, 12, 26, 2, 20, 10, 18, 17, 6, 1, 24, 7, 15, 9, 5, 14, 8, 25, 13, 19, 21, 16, 22, 23, 11, 0]",6.1744361
./random_graph_db/graph_db_node_27/02_p0.2/02_graph_n27_p0.2_idx4.gpickle,27,0.2,4,8,53,139,"[0, 8, 6, 4, 18, 14, 20, 3, 21, 19, 22, 12, 9, 11, 17, 10, 23, 25, 16, 5, 7, 26, 13, 24, 2, 15, 1]",5.4706991
./random_graph_db/graph_db_node_27/02_p0.2/02_graph_n27_p0.2_idx5.gpickle,27,0.2,5,7,45,132,"[13, 9, 14, 25, 18, 5, 17, 22, 21, 16, 6, 11, 4, 8, 12, 19, 1, 23, 20, 15, 24, 26, 2, 7, 3, 0, 10]",5.427943
./random_graph_db/graph_db_node_27/02_p0.2/02_graph_n27_p0.2_idx6.gpickle,27,0.2,6,8,51,132,"[23, 9, 12, 17, 20, 3, 8, 5, 24, 21, 1, 25, 2, 6, 10, 13, 4, 18, 14, 0, 15, 11, 7, 16, 22, 19, 26]",5.1894758
./random_graph_db/graph_db_node_27/02_p0.2/02_graph_n27_p0.2_idx7.gpickle,27,0.2,7,9,67,147,"[12, 9, 8, 18, 5, 6, 11, 24, 7, 17, 0, 4, 26, 15, 23, 19, 2, 22, 13, 10, 21, 20, 16, 1, 25, 14, 3]",6.0364561
./random_graph_db/graph_db_node_27/02_p0.2/02_graph_n27_p0.2_idx8.gpickle,27,0.2,8,7,51,134,"[26, 23, 16, 19, 20, 21, 5, 15, 13, 18, 6, 14, 2, 9, 24, 10, 17, 1, 3, 7, 11, 8, 4, 22, 25, 12, 0]",5.1995749
./random_graph_db/graph_db_node_27/02_p0.2/02_graph_n27_p0.2_idx9.gpickle,27,0.2,9,9,59,137,"[7, 14, 23, 0, 24, 3, 15, 17, 16, 19, 5, 22, 8, 25, 4, 12, 9, 26, 20, 10, 2, 6, 11, 18, 13, 21, 1]",6.12814
./random_graph_db/graph_db_node_27/03_p0.3/03_graph_n27_p0.3_idx1.gpickle,27,0.3,1,11,115,262,"[22, 4, 14, 13, 26, 16, 12, 11, 5, 1, 9, 17, 2, 6, 20, 8, 19, 15, 0, 10, 25, 3, 7, 18, 23, 21, 24]",9.1670082
./random_graph_db/graph_db_node_27/03_p0.3/03_graph_n27_p0.3_idx10.gpickle,27,0.3,10,11,96,218,"[8, 4, 20, 6, 15, 3, 18, 2, 23, 7, 9, 22, 1, 25, 5, 0, 10, 17, 26, 12, 21, 24, 14, 16, 11, 19, 13]",8.2922788
./random_graph_db/graph_db_node_27/03_p0.3/03_graph_n27_p0.3_idx2.gpickle,27,0.3,2,12,121,282,"[19, 25, 12, 16, 6, 8, 10, 2, 11, 9, 1, 13, 3, 21, 23, 14, 20, 24, 26, 18, 22, 7, 5, 17, 0, 4, 15]",8.9757371
./random_graph_db/graph_db_node_27/03_p0.3/03_graph_n27_p0.3_idx3.gpickle,27,0.3,3,11,113,244,"[2, 15, 16, 13, 3, 7, 14, 12, 25, 23, 0, 4, 11, 9, 24, 10, 5, 21, 17, 26, 20, 1, 6, 22, 8, 19, 18]",9.4151671
./random_graph_db/graph_db_node_27/03_p0.3/03_graph_n27_p0.3_idx4.gpickle,27,0.3,4,12,111,259,"[16, 3, 6, 24, 15, 23, 8, 0, 26, 2, 19, 25, 11, 20, 18, 12, 10, 7, 9, 17, 22, 14, 4, 13, 1, 21, 5]",7.6534967
./random_graph_db/graph_db_node_27/03_p0.3/03_graph_n27_p0.3_idx5.gpickle,27,0.3,5,11,105,252,"[16, 12, 11, 0, 21, 8, 13, 26, 25, 14, 10, 4, 15, 19, 3, 5, 18, 22, 23, 2, 17, 1, 7, 9, 20, 24, 6]",8.0919979
./random_graph_db/graph_db_node_27/03_p0.3/03_graph_n27_p0.3_idx6.gpickle,27,0.3,6,11,105,244,"[11, 21, 23, 14, 15, 5, 12, 3, 0, 24, 20, 19, 10, 4, 8, 7, 13, 26, 18, 6, 9, 16, 17, 22, 25, 2, 1]",8.365732
./random_graph_db/graph_db_node_27/03_p0.3/03_graph_n27_p0.3_idx7.gpickle,27,0.3,7,12,114,244,"[23, 7, 5, 2, 3, 10, 9, 20, 19, 18, 21, 0, 13, 25, 22, 11, 24, 4, 6, 12, 8, 16, 14, 26, 17, 15, 1]",9.1313338
./random_graph_db/graph_db_node_27/03_p0.3/03_graph_n27_p0.3_idx8.gpickle,27,0.3,8,12,100,242,"[19, 14, 24, 16, 1, 8, 7, 17, 26, 4, 21, 3, 9, 15, 2, 22, 13, 5, 11, 18, 20, 12, 23, 0, 6, 10, 25]",8.2682798
./random_graph_db/graph_db_node_27/03_p0.3/03_graph_n27_p0.3_idx9.gpickle,27,0.3,9,12,122,280,"[25, 19, 15, 11, 6, 12, 24, 9, 7, 1, 23, 14, 13, 10, 8, 5, 21, 18, 22, 4, 26, 3, 0, 16, 17, 2, 20]",9.7688808
./random_graph_db/graph_db_node_27/04_p0.4/04_graph_n27_p0.4_idx1.gpickle,27,0.4,1,12,143,308,"[22, 17, 13, 18, 12, 9, 16, 15, 7, 2, 23, 19, 4, 3, 24, 1, 21, 25, 26, 0, 11, 8, 5, 20, 14, 6, 10]",10.830646
./random_graph_db/graph_db_node_27/04_p0.4/04_graph_n27_p0.4_idx10.gpickle,27,0.4,10,13,135,319,"[20, 9, 14, 16, 19, 7, 13, 21, 6, 3, 1, 17, 22, 18, 11, 8, 5, 24, 25, 2, 12, 26, 23, 10, 15, 0, 4]",10.9631159
./random_graph_db/graph_db_node_27/04_p0.4/04_graph_n27_p0.4_idx2.gpickle,27,0.4,2,12,137,315,"[2, 7, 20, 9, 15, 19, 3, 17, 16, 8, 1, 12, 11, 14, 26, 23, 10, 4, 25, 24, 22, 6, 13, 21, 18, 5, 0]",11.5329261
./random_graph_db/graph_db_node_27/04_p0.4/04_graph_n27_p0.4_idx3.gpickle,27,0.4,3,12,123,289,"[13, 20, 11, 3, 25, 22, 10, 7, 21, 15, 0, 23, 2, 12, 26, 1, 5, 6, 17, 4, 18, 14, 8, 16, 19, 9, 24]",11.0819001
./random_graph_db/graph_db_node_27/04_p0.4/04_graph_n27_p0.4_idx4.gpickle,27,0.4,4,12,129,303,"[16, 21, 1, 19, 3, 11, 17, 7, 8, 10, 26, 9, 0, 18, 20, 2, 5, 22, 14, 13, 25, 15, 4, 6, 23, 12, 24]",11.00738
./random_graph_db/graph_db_node_27/04_p0.4/04_graph_n27_p0.4_idx5.gpickle,27,0.4,5,12,124,284,"[7, 9, 25, 13, 17, 10, 26, 14, 11, 19, 0, 3, 5, 12, 18, 24, 20, 15, 8, 22, 6, 16, 21, 4, 1, 23, 2]",11.075752
./random_graph_db/graph_db_node_27/04_p0.4/04_graph_n27_p0.4_idx6.gpickle,27,0.4,6,12,126,303,"[10, 26, 7, 19, 23, 24, 18, 1, 21, 4, 9, 3, 13, 14, 22, 16, 8, 20, 25, 12, 6, 15, 2, 17, 11, 5, 0]",10.7291391
./random_graph_db/graph_db_node_27/04_p0.4/04_graph_n27_p0.4_idx7.gpickle,27,0.4,7,12,143,324,"[0, 9, 19, 10, 3, 14, 18, 25, 7, 6, 11, 4, 16, 2, 23, 12, 17, 8, 21, 22, 20, 1, 24, 13, 15, 26, 5]",11.2276392
./random_graph_db/graph_db_node_27/04_p0.4/04_graph_n27_p0.4_idx8.gpickle,27,0.4,8,12,137,319,"[9, 21, 10, 24, 11, 23, 8, 13, 12, 5, 16, 1, 6, 26, 3, 25, 22, 20, 14, 4, 2, 18, 15, 0, 7, 19, 17]",11.1566641
./random_graph_db/graph_db_node_27/04_p0.4/04_graph_n27_p0.4_idx9.gpickle,27,0.4,9,12,132,316,"[3, 20, 4, 22, 12, 23, 17, 0, 1, 2, 13, 7, 5, 18, 25, 6, 16, 19, 26, 10, 9, 8, 21, 15, 11, 14, 24]",11.4307473
./random_graph_db/graph_db_node_27/05_p0.45/05_graph_n27_p0.45_idx1.gpickle,27,0.45,1,13,164,377,"[23, 18, 12, 6, 4, 8, 11, 13, 0, 20, 25, 7, 26, 21, 3, 24, 15, 9, 14, 10, 1, 2, 16, 19, 22, 5, 17]",12.1498079
./random_graph_db/graph_db_node_27/05_p0.45/05_graph_n27_p0.45_idx10.gpickle,27,0.45,10,11,135,323,"[21, 0, 18, 14, 9, 7, 6, 5, 19, 2, 1, 15, 10, 23, 24, 13, 12, 26, 3, 20, 25, 22, 11, 8, 4, 16, 17]",10.9522548
./random_graph_db/graph_db_node_27/05_p0.45/05_graph_n27_p0.45_idx2.gpickle,27,0.45,2,12,144,324,"[11, 1, 22, 14, 9, 23, 10, 21, 24, 8, 6, 16, 18, 2, 4, 0, 15, 3, 7, 25, 20, 26, 17, 5, 13, 12, 19]",15.950187
./random_graph_db/graph_db_node_27/05_p0.45/05_graph_n27_p0.45_idx3.gpickle,27,0.45,3,12,127,310,"[10, 0, 26, 4, 7, 9, 17, 2, 20, 12, 6, 21, 19, 11, 22, 23, 24, 1, 14, 18, 16, 3, 25, 13, 5, 8, 15]",13.707633
./random_graph_db/graph_db_node_27/05_p0.45/05_graph_n27_p0.45_idx4.gpickle,27,0.45,4,12,133,314,"[14, 13, 20, 12, 8, 17, 11, 0, 25, 9, 22, 19, 24, 26, 21, 18, 4, 3, 2, 16, 5, 10, 23, 15, 7, 6, 1]",13.693347
./random_graph_db/graph_db_node_27/05_p0.45/05_graph_n27_p0.45_idx5.gpickle,27,0.45,5,12,133,326,"[3, 11, 8, 20, 12, 6, 26, 7, 4, 16, 23, 25, 2, 18, 19, 5, 15, 10, 0, 9, 21, 22, 1, 17, 24, 13, 14]",12.3614168
./random_graph_db/graph_db_node_27/05_p0.45/05_graph_n27_p0.45_idx6.gpickle,27,0.45,6,12,138,329,"[4, 24, 26, 14, 8, 20, 13, 19, 2, 6, 10, 16, 21, 15, 22, 0, 18, 3, 7, 23, 11, 17, 9, 1, 12, 5, 25]",12.5082932
./random_graph_db/graph_db_node_27/05_p0.45/05_graph_n27_p0.45_idx7.gpickle,27,0.45,7,12,132,294,"[22, 12, 11, 21, 7, 8, 9, 19, 13, 3, 2, 10, 23, 15, 25, 0, 14, 6, 17, 4, 26, 1, 5, 18, 24, 16, 20]",12.4685907
./random_graph_db/graph_db_node_27/05_p0.45/05_graph_n27_p0.45_idx8.gpickle,27,0.45,8,13,137,315,"[0, 13, 4, 12, 5, 7, 2, 8, 6, 1, 17, 9, 15, 3, 19, 21, 16, 11, 10, 14, 23, 24, 20, 26, 25, 18, 22]",13.4200954
./random_graph_db/graph_db_node_27/05_p0.45/05_graph_n27_p0.45_idx9.gpickle,27,0.45,9,12,128,298,"[13, 15, 6, 10, 7, 8, 4, 2, 9, 5, 3, 0, 23, 17, 24, 14, 16, 21, 12, 25, 19, 20, 11, 18, 26, 1, 22]",11.4403248
./random_graph_db/graph_db_node_27/06_p0.5/06_graph_n27_p0.5_idx1.gpickle,27,0.5,1,12,119,276,"[26, 14, 2, 13, 8, 19, 9, 20, 16, 12, 17, 23, 3, 7, 18, 4, 15, 21, 25, 0, 11, 1, 24, 10, 5, 6, 22]",10.7936661
./random_graph_db/graph_db_node_27/06_p0.5/06_graph_n27_p0.5_idx10.gpickle,27,0.5,10,12,148,335,"[3, 13, 4, 19, 20, 14, 6, 9, 22, 0, 12, 17, 8, 23, 25, 11, 26, 7, 10, 16, 24, 18, 21, 1, 5, 2, 15]",10.9982359
./random_graph_db/graph_db_node_27/06_p0.5/06_graph_n27_p0.5_idx2.gpickle,27,0.5,2,13,161,344,"[17, 4, 12, 9, 19, 8, 5, 25, 24, 1, 6, 20, 21, 11, 3, 2, 22, 23, 14, 13, 7, 26, 15, 16, 0, 18, 10]",13.7285409
./random_graph_db/graph_db_node_27/06_p0.5/06_graph_n27_p0.5_idx3.gpickle,27,0.5,3,12,138,333,"[2, 6, 13, 8, 15, 0, 21, 23, 9, 4, 18, 16, 7, 1, 10, 3, 17, 11, 14, 5, 26, 25, 24, 12, 19, 22, 20]",11.5744691
./random_graph_db/graph_db_node_27/06_p0.5/06_graph_n27_p0.5_idx4.gpickle,27,0.5,4,12,141,343,"[3, 6, 10, 8, 19, 15, 16, 7, 5, 1, 25, 26, 4, 14, 13, 2, 0, 24, 9, 22, 12, 23, 11, 21, 17, 20, 18]",11.9673128
./random_graph_db/graph_db_node_27/06_p0.5/06_graph_n27_p0.5_idx5.gpickle,27,0.5,5,13,131,310,"[22, 17, 6, 11, 14, 16, 20, 21, 12, 1, 15, 0, 7, 5, 18, 10, 26, 4, 19, 13, 9, 25, 3, 24, 8, 23, 2]",11.8573828
./random_graph_db/graph_db_node_27/06_p0.5/06_graph_n27_p0.5_idx6.gpickle,27,0.5,6,12,152,340,"[10, 17, 2, 23, 8, 15, 14, 11, 26, 9, 7, 1, 4, 18, 3, 22, 6, 24, 12, 20, 25, 0, 16, 19, 13, 5, 21]",11.8933921
./random_graph_db/graph_db_node_27/06_p0.5/06_graph_n27_p0.5_idx7.gpickle,27,0.5,7,12,130,317,"[20, 3, 15, 0, 26, 5, 12, 9, 6, 18, 11, 10, 16, 19, 8, 22, 17, 14, 21, 7, 1, 13, 25, 2, 4, 23, 24]",11.7678149
./random_graph_db/graph_db_node_27/06_p0.5/06_graph_n27_p0.5_idx8.gpickle,27,0.5,8,12,139,325,"[24, 23, 2, 22, 13, 3, 17, 9, 12, 14, 8, 7, 20, 0, 5, 4, 11, 26, 1, 15, 25, 21, 18, 10, 6, 16, 19]",11.39132
./random_graph_db/graph_db_node_27/06_p0.5/06_graph_n27_p0.5_idx9.gpickle,27,0.5,9,12,156,373,"[21, 26, 25, 14, 9, 3, 22, 5, 20, 11, 15, 10, 12, 1, 23, 17, 18, 8, 16, 4, 6, 24, 19, 0, 13, 7, 2]",12.0999699
./random_graph_db/graph_db_node_27/07_p0.55/07_graph_n27_p0.55_idx1.gpickle,27,0.55,1,11,134,318,"[2, 12, 22, 21, 3, 24, 7, 14, 1, 16, 25, 13, 10, 15, 26, 9, 4, 6, 5, 8, 0, 19, 23, 11, 17, 18, 20]",11.0658979
./random_graph_db/graph_db_node_27/07_p0.55/07_graph_n27_p0.55_idx10.gpickle,27,0.55,10,12,132,310,"[18, 24, 2, 23, 7, 15, 22, 17, 13, 8, 6, 10, 26, 16, 20, 3, 9, 21, 11, 19, 14, 1, 25, 12, 0, 4, 5]",11.6737161
./random_graph_db/graph_db_node_27/07_p0.55/07_graph_n27_p0.55_idx2.gpickle,27,0.55,2,12,118,283,"[9, 20, 7, 24, 4, 3, 1, 19, 0, 18, 11, 5, 10, 2, 21, 16, 17, 25, 13, 15, 23, 26, 12, 14, 6, 8, 22]",10.717176
./random_graph_db/graph_db_node_27/07_p0.55/07_graph_n27_p0.55_idx3.gpickle,27,0.55,3,12,145,329,"[25, 20, 26, 8, 15, 2, 10, 21, 24, 18, 17, 7, 13, 4, 3, 16, 12, 23, 0, 11, 6, 5, 9, 22, 19, 14, 1]",12.0770223
./random_graph_db/graph_db_node_27/07_p0.55/07_graph_n27_p0.55_idx4.gpickle,27,0.55,4,12,130,324,"[13, 4, 5, 8, 20, 15, 21, 1, 23, 2, 16, 25, 24, 18, 19, 7, 11, 14, 22, 10, 9, 26, 0, 12, 3, 6, 17]",12.249563
./random_graph_db/graph_db_node_27/07_p0.55/07_graph_n27_p0.55_idx5.gpickle,27,0.55,5,12,142,327,"[24, 12, 2, 25, 0, 17, 15, 13, 8, 23, 20, 7, 1, 5, 18, 16, 4, 26, 19, 9, 14, 22, 21, 3, 11, 10, 6]",15.575742
./random_graph_db/graph_db_node_27/07_p0.55/07_graph_n27_p0.55_idx6.gpickle,27,0.55,6,12,151,349,"[20, 1, 4, 8, 22, 14, 18, 26, 2, 5, 17, 0, 10, 7, 21, 9, 25, 3, 24, 13, 12, 6, 16, 19, 23, 15, 11]",12.6776989
./random_graph_db/graph_db_node_27/07_p0.55/07_graph_n27_p0.55_idx7.gpickle,27,0.55,7,12,142,348,"[1, 24, 8, 3, 7, 18, 9, 2, 19, 15, 23, 20, 11, 5, 4, 10, 22, 0, 6, 16, 26, 25, 17, 21, 13, 12, 14]",12.9547713
./random_graph_db/graph_db_node_27/07_p0.55/07_graph_n27_p0.55_idx8.gpickle,27,0.55,8,12,145,336,"[12, 9, 16, 8, 10, 22, 17, 24, 0, 20, 11, 5, 4, 2, 18, 3, 1, 7, 23, 19, 25, 21, 13, 26, 6, 14, 15]",13.2211459
./random_graph_db/graph_db_node_27/07_p0.55/07_graph_n27_p0.55_idx9.gpickle,27,0.55,9,12,151,327,"[4, 9, 19, 26, 22, 16, 24, 3, 0, 10, 11, 23, 8, 13, 6, 14, 12, 1, 7, 2, 20, 18, 15, 21, 25, 17, 5]",12.4217343
./random_graph_db/graph_db_node_27/08_p0.6/08_graph_n27_p0.6_idx1.gpickle,27,0.6,1,12,142,321,"[5, 14, 22, 26, 15, 24, 11, 23, 17, 1, 2, 21, 13, 10, 7, 19, 0, 20, 6, 8, 25, 9, 3, 16, 18, 12, 4]",12.0208251
./random_graph_db/graph_db_node_27/08_p0.6/08_graph_n27_p0.6_idx10.gpickle,27,0.6,10,13,140,316,"[26, 9, 6, 5, 23, 12, 2, 8, 7, 1, 18, 0, 17, 13, 22, 19, 4, 20, 10, 14, 15, 11, 24, 25, 3, 16, 21]",11.5580492
./random_graph_db/graph_db_node_27/08_p0.6/08_graph_n27_p0.6_idx2.gpickle,27,0.6,2,12,130,310,"[18, 21, 9, 17, 23, 11, 10, 22, 13, 8, 25, 0, 6, 5, 24, 19, 12, 1, 16, 15, 7, 14, 20, 3, 4, 26, 2]",11.8755
./random_graph_db/graph_db_node_27/08_p0.6/08_graph_n27_p0.6_idx3.gpickle,27,0.6,3,12,159,362,"[21, 5, 18, 16, 1, 0, 24, 2, 17, 26, 14, 6, 23, 3, 20, 15, 13, 19, 11, 12, 25, 4, 8, 9, 10, 22, 7]",11.684263
./random_graph_db/graph_db_node_27/08_p0.6/08_graph_n27_p0.6_idx4.gpickle,27,0.6,4,12,141,305,"[19, 6, 3, 12, 9, 1, 13, 2, 17, 4, 21, 5, 24, 23, 26, 7, 16, 25, 14, 10, 11, 20, 18, 0, 22, 8, 15]",11.632457
./random_graph_db/graph_db_node_27/08_p0.6/08_graph_n27_p0.6_idx5.gpickle,27,0.6,5,13,141,329,"[7, 19, 8, 11, 17, 12, 26, 5, 0, 3, 13, 25, 20, 16, 10, 23, 9, 24, 1, 21, 22, 2, 14, 18, 15, 6, 4]",11.239974
./random_graph_db/graph_db_node_27/08_p0.6/08_graph_n27_p0.6_idx6.gpickle,27,0.6,6,12,140,348,"[22, 9, 11, 3, 0, 5, 20, 8, 21, 16, 7, 13, 4, 1, 2, 6, 19, 12, 17, 14, 18, 10, 23, 24, 25, 26, 15]",11.4284418
./random_graph_db/graph_db_node_27/08_p0.6/08_graph_n27_p0.6_idx7.gpickle,27,0.6,7,12,135,317,"[15, 25, 12, 24, 13, 23, 10, 14, 9, 18, 2, 7, 20, 21, 19, 16, 26, 3, 17, 1, 8, 6, 0, 22, 5, 4, 11]",11.5107141
./random_graph_db/graph_db_node_27/08_p0.6/08_graph_n27_p0.6_idx8.gpickle,27,0.6,8,12,128,304,"[11, 18, 26, 20, 16, 0, 9, 5, 6, 4, 15, 22, 3, 8, 1, 7, 19, 14, 13, 12, 17, 24, 2, 21, 10, 23, 25]",11.3995941
./random_graph_db/graph_db_node_27/08_p0.6/08_graph_n27_p0.6_idx9.gpickle,27,0.6,9,12,147,364,"[3, 13, 7, 17, 25, 15, 10, 8, 24, 20, 22, 19, 6, 18, 11, 4, 5, 9, 2, 12, 21, 0, 16, 14, 1, 23, 26]",11.6044748
./random_graph_db/graph_db_node_27/09_p0.65/09_graph_n27_p0.65_idx1.gpickle,27,0.65,1,12,130,299,"[2, 11, 19, 1, 20, 7, 24, 12, 17, 16, 22, 14, 25, 9, 8, 0, 15, 23, 21, 3, 13, 18, 5, 10, 4, 26, 6]",10.8824909
./random_graph_db/graph_db_node_27/09_p0.65/09_graph_n27_p0.65_idx10.gpickle,27,0.65,10,12,132,320,"[3, 0, 17, 13, 12, 2, 15, 24, 18, 23, 14, 7, 10, 25, 11, 9, 5, 19, 22, 16, 4, 8, 6, 1, 21, 20, 26]",11.672852
./random_graph_db/graph_db_node_27/09_p0.65/09_graph_n27_p0.65_idx2.gpickle,27,0.65,2,12,143,335,"[14, 9, 3, 20, 18, 13, 15, 4, 22, 12, 25, 17, 1, 21, 2, 5, 19, 10, 24, 26, 11, 6, 8, 7, 23, 0, 16]",12.5002608
./random_graph_db/graph_db_node_27/09_p0.65/09_graph_n27_p0.65_idx3.gpickle,27,0.65,3,12,138,334,"[9, 23, 25, 1, 22, 10, 0, 8, 24, 11, 7, 18, 19, 15, 6, 16, 21, 20, 4, 2, 17, 5, 13, 14, 26, 12, 3]",11.3967259
./random_graph_db/graph_db_node_27/09_p0.65/09_graph_n27_p0.65_idx4.gpickle,27,0.65,4,12,150,343,"[8, 9, 3, 20, 11, 13, 22, 4, 10, 0, 21, 23, 17, 1, 14, 7, 16, 5, 2, 24, 26, 15, 6, 18, 25, 19, 12]",11.5904202
./random_graph_db/graph_db_node_27/09_p0.65/09_graph_n27_p0.65_idx5.gpickle,27,0.65,5,11,137,324,"[15, 7, 18, 4, 26, 5, 8, 14, 22, 21, 9, 11, 0, 2, 16, 13, 3, 17, 24, 20, 19, 12, 23, 6, 25, 1, 10]",11.7092779
./random_graph_db/graph_db_node_27/09_p0.65/09_graph_n27_p0.65_idx6.gpickle,27,0.65,6,12,130,310,"[26, 12, 10, 8, 7, 11, 23, 20, 4, 24, 5, 18, 13, 21, 19, 2, 17, 0, 22, 9, 16, 6, 15, 25, 3, 1, 14]",10.639462
./random_graph_db/graph_db_node_27/09_p0.65/09_graph_n27_p0.65_idx7.gpickle,27,0.65,7,11,153,367,"[3, 22, 5, 12, 0, 21, 13, 7, 14, 15, 4, 26, 20, 23, 19, 17, 1, 11, 10, 9, 24, 8, 16, 18, 25, 2, 6]",11.906014
./random_graph_db/graph_db_node_27/09_p0.65/09_graph_n27_p0.65_idx8.gpickle,27,0.65,8,13,150,312,"[8, 17, 0, 7, 2, 23, 9, 6, 26, 3, 11, 16, 5, 18, 21, 25, 22, 24, 14, 20, 19, 4, 13, 10, 15, 1, 12]",11.7966912
./random_graph_db/graph_db_node_27/09_p0.65/09_graph_n27_p0.65_idx9.gpickle,27,0.65,9,12,134,303,"[8, 11, 7, 12, 16, 3, 4, 10, 0, 26, 1, 22, 18, 20, 25, 9, 5, 23, 17, 2, 24, 14, 13, 19, 21, 15, 6]",11.8598499
./random_graph_db/graph_db_node_27/10_p0.7/10_graph_n27_p0.7_idx1.gpickle,27,0.7,1,11,118,267,"[23, 6, 24, 4, 5, 0, 1, 8, 3, 7, 9, 15, 16, 10, 12, 22, 26, 21, 18, 25, 20, 13, 2, 14, 19, 17, 11]",10.9562919
./random_graph_db/graph_db_node_27/10_p0.7/10_graph_n27_p0.7_idx10.gpickle,27,0.7,10,12,146,334,"[23, 12, 10, 7, 2, 9, 19, 5, 20, 22, 26, 11, 15, 13, 18, 16, 14, 21, 0, 8, 6, 1, 17, 4, 25, 24, 3]",11.568011
./random_graph_db/graph_db_node_27/10_p0.7/10_graph_n27_p0.7_idx2.gpickle,27,0.7,2,12,128,284,"[12, 22, 18, 16, 13, 14, 19, 0, 11, 21, 20, 17, 8, 26, 15, 6, 9, 23, 3, 10, 4, 7, 25, 1, 24, 2, 5]",10.7113562
./random_graph_db/graph_db_node_27/10_p0.7/10_graph_n27_p0.7_idx3.gpickle,27,0.7,3,12,115,257,"[2, 21, 1, 0, 12, 9, 13, 5, 4, 15, 26, 20, 11, 16, 17, 8, 23, 25, 18, 6, 24, 14, 7, 19, 10, 22, 3]",10.5393801
./random_graph_db/graph_db_node_27/10_p0.7/10_graph_n27_p0.7_idx4.gpickle,27,0.7,4,11,106,232,"[18, 11, 12, 23, 9, 17, 24, 6, 22, 13, 4, 2, 15, 14, 26, 3, 16, 8, 1, 7, 25, 5, 0, 10, 20, 21, 19]",9.6767609
./random_graph_db/graph_db_node_27/10_p0.7/10_graph_n27_p0.7_idx5.gpickle,27,0.7,5,12,137,311,"[14, 25, 12, 3, 22, 21, 2, 16, 17, 11, 23, 5, 9, 0, 10, 6, 1, 8, 26, 15, 18, 4, 13, 19, 20, 24, 7]",11.3449559
./random_graph_db/graph_db_node_27/10_p0.7/10_graph_n27_p0.7_idx6.gpickle,27,0.7,6,12,133,287,"[12, 6, 18, 23, 3, 13, 10, 21, 1, 2, 17, 26, 5, 7, 11, 25, 9, 16, 20, 0, 4, 24, 19, 14, 15, 22, 8]",10.0247719
./random_graph_db/graph_db_node_27/10_p0.7/10_graph_n27_p0.7_idx7.gpickle,27,0.7,7,12,120,277,"[14, 22, 11, 25, 18, 1, 20, 9, 15, 24, 12, 26, 5, 10, 8, 13, 3, 16, 17, 6, 19, 23, 7, 21, 0, 4, 2]",10.5817168
./random_graph_db/graph_db_node_27/10_p0.7/10_graph_n27_p0.7_idx8.gpickle,27,0.7,8,12,141,323,"[22, 26, 3, 14, 17, 8, 13, 15, 19, 9, 21, 0, 11, 1, 16, 12, 5, 25, 24, 10, 20, 2, 4, 6, 7, 18, 23]",11.4161201
./random_graph_db/graph_db_node_27/10_p0.7/10_graph_n27_p0.7_idx9.gpickle,27,0.7,9,12,123,277,"[18, 19, 6, 5, 10, 4, 24, 15, 16, 7, 1, 14, 0, 20, 21, 3, 8, 12, 17, 26, 23, 22, 25, 9, 13, 11, 2]",10.1262062
./random_graph_db/graph_db_node_27/11_p0.8/11_graph_n27_p0.8_idx1.gpickle,27,0.8,1,11,99,226,"[12, 20, 19, 23, 5, 22, 25, 2, 9, 14, 4, 21, 24, 6, 0, 13, 15, 10, 16, 11, 17, 1, 8, 26, 7, 18, 3]",8.1290519
./random_graph_db/graph_db_node_27/11_p0.8/11_graph_n27_p0.8_idx10.gpickle,27,0.8,10,9,78,201,"[12, 4, 15, 26, 13, 23, 7, 24, 10, 19, 2, 3, 17, 22, 5, 6, 21, 25, 20, 18, 0, 14, 11, 8, 9, 1, 16]",7.5432239
./random_graph_db/graph_db_node_27/11_p0.8/11_graph_n27_p0.8_idx2.gpickle,27,0.8,2,10,104,238,"[10, 0, 5, 6, 24, 9, 21, 4, 22, 7, 19, 16, 18, 23, 26, 3, 8, 1, 25, 13, 12, 2, 15, 20, 14, 11, 17]",8.5615847
./random_graph_db/graph_db_node_27/11_p0.8/11_graph_n27_p0.8_idx3.gpickle,27,0.8,3,11,100,247,"[26, 11, 19, 5, 17, 12, 15, 21, 3, 18, 16, 2, 10, 1, 9, 6, 8, 25, 23, 13, 4, 7, 20, 24, 0, 14, 22]",9.232394
./random_graph_db/graph_db_node_27/11_p0.8/11_graph_n27_p0.8_idx4.gpickle,27,0.8,4,10,95,230,"[13, 5, 4, 14, 18, 22, 0, 9, 16, 2, 6, 15, 1, 24, 12, 17, 11, 8, 25, 20, 21, 10, 23, 19, 26, 7, 3]",8.774806
./random_graph_db/graph_db_node_27/11_p0.8/11_graph_n27_p0.8_idx5.gpickle,27,0.8,5,9,90,186,"[22, 7, 5, 10, 16, 6, 0, 14, 19, 11, 18, 21, 8, 24, 25, 1, 13, 3, 20, 23, 12, 4, 9, 2, 17, 26, 15]",8.5306032
./random_graph_db/graph_db_node_27/11_p0.8/11_graph_n27_p0.8_idx6.gpickle,27,0.8,6,8,67,155,"[16, 23, 24, 20, 4, 3, 17, 8, 6, 26, 25, 11, 1, 15, 12, 21, 22, 19, 14, 7, 0, 18, 2, 9, 13, 5, 10]",6.7293589
./random_graph_db/graph_db_node_27/11_p0.8/11_graph_n27_p0.8_idx7.gpickle,27,0.8,7,10,102,241,"[6, 1, 15, 12, 7, 16, 23, 5, 17, 19, 22, 9, 8, 21, 13, 20, 24, 14, 26, 18, 2, 0, 4, 10, 3, 25, 11]",8.2362199
./random_graph_db/graph_db_node_27/11_p0.8/11_graph_n27_p0.8_idx8.gpickle,27,0.8,8,9,84,186,"[7, 22, 9, 8, 20, 1, 10, 21, 11, 13, 14, 18, 12, 4, 17, 24, 15, 16, 23, 6, 3, 2, 26, 19, 25, 0, 5]",8.0916579
./random_graph_db/graph_db_node_27/11_p0.8/11_graph_n27_p0.8_idx9.gpickle,27,0.8,9,11,104,236,"[1, 7, 23, 17, 18, 14, 5, 8, 11, 24, 16, 10, 20, 12, 26, 25, 4, 15, 19, 0, 22, 3, 21, 13, 6, 2, 9]",8.221339
./random_graph_db/graph_db_node_27/12_p0.9/12_graph_n27_p0.9_idx1.gpickle,27,0.9,1,5,30,92,"[11, 0, 4, 21, 3, 26, 1, 15, 17, 24, 23, 16, 10, 22, 8, 20, 7, 19, 18, 12, 25, 9, 6, 5, 14, 13, 2]",4.964932
./random_graph_db/graph_db_node_27/12_p0.9/12_graph_n27_p0.9_idx10.gpickle,27,0.9,10,7,53,144,"[1, 8, 25, 4, 6, 17, 24, 3, 11, 22, 26, 15, 16, 20, 23, 2, 5, 0, 14, 7, 12, 18, 10, 13, 21, 19, 9]",5.5843871
./random_graph_db/graph_db_node_27/12_p0.9/12_graph_n27_p0.9_idx2.gpickle,27,0.9,2,5,41,118,"[10, 12, 7, 15, 16, 25, 8, 26, 0, 6, 11, 21, 14, 20, 19, 17, 2, 5, 9, 4, 18, 22, 24, 3, 23, 13, 1]",4.9186583
./random_graph_db/graph_db_node_27/12_p0.9/12_graph_n27_p0.9_idx3.gpickle,27,0.9,3,8,64,150,"[12, 17, 16, 24, 20, 5, 18, 9, 3, 2, 7, 4, 19, 10, 21, 6, 25, 8, 13, 14, 0, 22, 1, 15, 11, 26, 23]",5.9014518
./random_graph_db/graph_db_node_27/12_p0.9/12_graph_n27_p0.9_idx4.gpickle,27,0.9,4,7,51,137,"[13, 26, 20, 19, 21, 9, 2, 25, 0, 5, 7, 24, 4, 8, 11, 17, 10, 23, 16, 15, 6, 3, 18, 12, 22, 1, 14]",6.3525248
./random_graph_db/graph_db_node_27/12_p0.9/12_graph_n27_p0.9_idx5.gpickle,27,0.9,5,4,24,74,"[7, 19, 9, 0, 3, 24, 18, 2, 12, 5, 22, 16, 25, 21, 13, 26, 1, 11, 15, 10, 17, 6, 4, 20, 23, 14, 8]",3.6493971
./random_graph_db/graph_db_node_27/12_p0.9/12_graph_n27_p0.9_idx6.gpickle,27,0.9,6,5,27,84,"[3, 14, 15, 10, 2, 8, 16, 22, 12, 17, 26, 18, 9, 1, 20, 23, 5, 24, 21, 7, 13, 0, 4, 6, 25, 19, 11]",4.178854
./random_graph_db/graph_db_node_27/12_p0.9/12_graph_n27_p0.9_idx7.gpickle,27,0.9,7,5,36,99,"[8, 16, 6, 11, 15, 2, 12, 18, 7, 19, 22, 3, 23, 1, 9, 25, 14, 4, 24, 5, 17, 10, 13, 21, 0, 26, 20]",4.3012359
./random_graph_db/graph_db_node_27/12_p0.9/12_graph_n27_p0.9_idx8.gpickle,27,0.9,8,6,36,99,"[2, 5, 21, 25, 18, 9, 4, 6, 1, 14, 8, 20, 0, 24, 3, 15, 19, 10, 26, 12, 16, 17, 23, 13, 11, 22, 7]",4.5597939
./random_graph_db/graph_db_node_27/12_p0.9/12_graph_n27_p0.9_idx9.gpickle,27,0.9,9,7,44,140,"[22, 20, 4, 8, 0, 15, 17, 3, 9, 13, 18, 14, 10, 26, 24, 6, 2, 1, 19, 23, 16, 21, 7, 11, 5, 12, 25]",5.7083571
./random_graph_db/graph_db_node_28/01_p0.1/01_graph_n28_p0.1_idx1.gpickle,28,0.1,1,6,32,88,"[12, 6, 7, 14, 4, 25, 22, 0, 20, 8, 1, 19, 13, 15, 27, 18, 3, 17, 16, 21, 2, 26, 5, 9, 23, 24, 11, 10]",4.3580179
./random_graph_db/graph_db_node_28/01_p0.1/01_graph_n28_p0.1_idx10.gpickle,28,0.1,10,6,26,73,"[12, 26, 21, 19, 23, 20, 9, 14, 4, 25, 27, 24, 13, 17, 3, 22, 11, 15, 18, 7, 0, 8, 2, 16, 6, 5, 10, 1]",4.0526869
./random_graph_db/graph_db_node_28/01_p0.1/01_graph_n28_p0.1_idx2.gpickle,28,0.1,2,4,19,75,"[24, 12, 27, 23, 14, 15, 9, 25, 4, 21, 19, 16, 18, 6, 11, 3, 20, 10, 5, 8, 17, 2, 13, 26, 7, 22, 0, 1]",3.2994981
./random_graph_db/graph_db_node_28/01_p0.1/01_graph_n28_p0.1_idx3.gpickle,28,0.1,3,6,23,70,"[9, 8, 19, 4, 17, 7, 23, 12, 27, 24, 13, 25, 2, 22, 15, 20, 26, 1, 0, 5, 16, 21, 14, 18, 3, 6, 10, 11]",4.1451283
./random_graph_db/graph_db_node_28/01_p0.1/01_graph_n28_p0.1_idx4.gpickle,28,0.1,4,5,18,67,"[20, 3, 6, 16, 14, 1, 0, 10, 5, 26, 9, 7, 25, 27, 17, 13, 12, 23, 18, 21, 2, 22, 4, 11, 24, 8, 19, 15]",3.7020819
./random_graph_db/graph_db_node_28/01_p0.1/01_graph_n28_p0.1_idx5.gpickle,28,0.1,5,5,13,55,"[2, 23, 15, 13, 20, 7, 21, 26, 4, 6, 19, 9, 0, 18, 16, 12, 3, 1, 5, 8, 27, 22, 24, 25, 17, 10, 14, 11]",3.3456569
./random_graph_db/graph_db_node_28/01_p0.1/01_graph_n28_p0.1_idx6.gpickle,28,0.1,6,4,14,50,"[9, 13, 18, 22, 1, 5, 24, 8, 25, 17, 11, 26, 2, 20, 10, 27, 3, 23, 12, 15, 16, 6, 7, 19, 4, 0, 14, 21]",3.2396901
./random_graph_db/graph_db_node_28/01_p0.1/01_graph_n28_p0.1_idx7.gpickle,28,0.1,7,7,29,77,"[16, 27, 3, 17, 15, 13, 8, 21, 24, 2, 1, 25, 11, 26, 0, 12, 23, 9, 18, 14, 10, 6, 5, 19, 20, 7, 4, 22]",4.5030701
./random_graph_db/graph_db_node_28/01_p0.1/01_graph_n28_p0.1_idx8.gpickle,28,0.1,8,4,17,71,"[10, 8, 5, 11, 7, 27, 21, 13, 6, 14, 16, 12, 25, 4, 15, 3, 24, 23, 18, 26, 20, 17, 9, 1, 19, 22, 2, 0]",3.312304
./random_graph_db/graph_db_node_28/01_p0.1/01_graph_n28_p0.1_idx9.gpickle,28,0.1,9,5,20,66,"[7, 14, 11, 25, 24, 23, 10, 4, 22, 9, 20, 17, 3, 19, 0, 12, 6, 27, 18, 26, 13, 1, 16, 5, 15, 21, 8, 2]",3.7466569
./random_graph_db/graph_db_node_28/02_p0.2/02_graph_n28_p0.2_idx1.gpickle,28,0.2,1,8,69,155,"[21, 24, 6, 23, 17, 19, 20, 13, 22, 11, 3, 0, 2, 27, 1, 7, 4, 8, 5, 9, 16, 25, 12, 15, 18, 26, 10, 14]",6.5378492
./random_graph_db/graph_db_node_28/02_p0.2/02_graph_n28_p0.2_idx10.gpickle,28,0.2,10,10,90,202,"[13, 26, 5, 17, 27, 18, 6, 8, 10, 7, 11, 14, 22, 16, 1, 19, 9, 15, 2, 4, 25, 3, 20, 0, 23, 12, 24, 21]",7.013865
./random_graph_db/graph_db_node_28/02_p0.2/02_graph_n28_p0.2_idx2.gpickle,28,0.2,2,11,103,219,"[6, 7, 0, 12, 25, 2, 15, 10, 3, 19, 13, 8, 26, 1, 5, 21, 16, 22, 4, 24, 11, 23, 9, 18, 14, 17, 27, 20]",7.5186801
./random_graph_db/graph_db_node_28/02_p0.2/02_graph_n28_p0.2_idx3.gpickle,28,0.2,3,11,116,253,"[13, 14, 1, 4, 23, 10, 7, 25, 5, 20, 3, 9, 12, 22, 27, 0, 15, 11, 18, 6, 26, 24, 16, 8, 2, 17, 21, 19]",7.4777269
./random_graph_db/graph_db_node_28/02_p0.2/02_graph_n28_p0.2_idx4.gpickle,28,0.2,4,7,50,120,"[1, 0, 26, 27, 3, 18, 14, 7, 4, 6, 12, 25, 11, 16, 9, 19, 13, 17, 10, 24, 22, 8, 20, 21, 5, 23, 2, 15]",5.679059
./random_graph_db/graph_db_node_28/02_p0.2/02_graph_n28_p0.2_idx5.gpickle,28,0.2,5,10,74,182,"[9, 2, 15, 6, 17, 21, 14, 1, 18, 5, 12, 20, 8, 13, 4, 19, 11, 16, 26, 7, 23, 22, 27, 25, 24, 10, 0, 3]",6.1506419
./random_graph_db/graph_db_node_28/02_p0.2/02_graph_n28_p0.2_idx6.gpickle,28,0.2,6,9,55,138,"[23, 27, 2, 4, 0, 11, 10, 25, 8, 16, 1, 20, 14, 17, 3, 5, 9, 22, 12, 18, 7, 24, 15, 13, 21, 26, 19, 6]",5.7004039
./random_graph_db/graph_db_node_28/02_p0.2/02_graph_n28_p0.2_idx7.gpickle,28,0.2,7,9,65,152,"[3, 19, 1, 18, 10, 8, 5, 6, 25, 20, 26, 7, 11, 24, 15, 27, 12, 14, 17, 2, 9, 22, 13, 21, 0, 4, 23, 16]",6.4471219
./random_graph_db/graph_db_node_28/02_p0.2/02_graph_n28_p0.2_idx8.gpickle,28,0.2,8,8,56,141,"[1, 16, 5, 8, 3, 11, 14, 26, 13, 19, 21, 12, 25, 20, 2, 4, 18, 17, 27, 6, 7, 10, 23, 24, 22, 0, 9, 15]",5.818506
./random_graph_db/graph_db_node_28/02_p0.2/02_graph_n28_p0.2_idx9.gpickle,28,0.2,9,9,75,167,"[12, 21, 3, 11, 9, 14, 6, 27, 13, 24, 2, 22, 8, 7, 0, 19, 26, 17, 23, 20, 18, 5, 1, 10, 15, 4, 25, 16]",6.5404291
./random_graph_db/graph_db_node_28/03_p0.3/03_graph_n28_p0.3_idx1.gpickle,28,0.3,1,12,115,263,"[19, 9, 27, 14, 17, 10, 26, 21, 15, 1, 0, 8, 23, 24, 3, 12, 11, 18, 2, 16, 7, 5, 25, 4, 13, 6, 22, 20]",9.0647948
./random_graph_db/graph_db_node_28/03_p0.3/03_graph_n28_p0.3_idx10.gpickle,28,0.3,10,12,118,260,"[18, 25, 17, 7, 15, 26, 3, 27, 2, 20, 11, 23, 13, 12, 14, 22, 21, 16, 10, 19, 1, 4, 0, 24, 8, 9, 5, 6]",9.164258
./random_graph_db/graph_db_node_28/03_p0.3/03_graph_n28_p0.3_idx2.gpickle,28,0.3,2,11,107,263,"[26, 15, 1, 25, 12, 21, 6, 8, 2, 5, 18, 9, 24, 10, 14, 0, 22, 20, 27, 23, 19, 7, 11, 16, 3, 4, 17, 13]",9.4011409
./random_graph_db/graph_db_node_28/03_p0.3/03_graph_n28_p0.3_idx3.gpickle,28,0.3,3,12,119,281,"[23, 0, 25, 16, 12, 11, 17, 26, 6, 10, 5, 4, 19, 9, 27, 1, 18, 15, 20, 8, 24, 13, 22, 3, 7, 14, 21, 2]",9.71521
./random_graph_db/graph_db_node_28/03_p0.3/03_graph_n28_p0.3_idx4.gpickle,28,0.3,4,12,105,248,"[10, 17, 24, 23, 11, 14, 16, 21, 27, 2, 15, 0, 22, 5, 3, 13, 1, 20, 25, 12, 6, 26, 18, 8, 4, 9, 19, 7]",8.117825
./random_graph_db/graph_db_node_28/03_p0.3/03_graph_n28_p0.3_idx5.gpickle,28,0.3,5,12,132,284,"[4, 9, 11, 1, 25, 7, 15, 0, 21, 8, 17, 13, 5, 14, 10, 16, 20, 3, 23, 18, 2, 26, 12, 27, 22, 6, 24, 19]",9.0861146
./random_graph_db/graph_db_node_28/03_p0.3/03_graph_n28_p0.3_idx6.gpickle,28,0.3,6,11,105,243,"[1, 10, 5, 24, 25, 8, 14, 20, 4, 3, 6, 12, 26, 9, 0, 27, 11, 23, 17, 18, 16, 2, 7, 13, 22, 21, 15, 19]",8.8123677
./random_graph_db/graph_db_node_28/03_p0.3/03_graph_n28_p0.3_idx7.gpickle,28,0.3,7,12,136,310,"[15, 3, 17, 19, 10, 8, 22, 13, 16, 25, 20, 12, 21, 0, 23, 6, 18, 11, 2, 4, 9, 7, 26, 14, 27, 5, 24, 1]",9.658421
./random_graph_db/graph_db_node_28/03_p0.3/03_graph_n28_p0.3_idx8.gpickle,28,0.3,8,11,105,258,"[9, 16, 15, 1, 24, 11, 21, 18, 20, 12, 0, 23, 8, 25, 13, 5, 10, 3, 6, 2, 7, 27, 19, 14, 4, 26, 17, 22]",9.005878
./random_graph_db/graph_db_node_28/03_p0.3/03_graph_n28_p0.3_idx9.gpickle,28,0.3,9,13,154,324,"[11, 22, 1, 13, 8, 12, 19, 10, 14, 7, 17, 15, 24, 3, 0, 20, 2, 6, 27, 9, 5, 16, 21, 23, 26, 25, 4, 18]",10.6073773
./random_graph_db/graph_db_node_28/04_p0.4/04_graph_n28_p0.4_idx1.gpickle,28,0.4,1,12,139,329,"[17, 12, 13, 2, 0, 20, 14, 24, 26, 5, 11, 6, 3, 19, 15, 25, 22, 27, 23, 21, 4, 1, 10, 16, 9, 8, 18, 7]",12.309047
./random_graph_db/graph_db_node_28/04_p0.4/04_graph_n28_p0.4_idx10.gpickle,28,0.4,10,12,147,345,"[16, 27, 1, 8, 7, 9, 6, 13, 12, 20, 26, 23, 18, 10, 14, 22, 19, 0, 24, 3, 2, 25, 15, 17, 21, 4, 11, 5]",11.9111371
./random_graph_db/graph_db_node_28/04_p0.4/04_graph_n28_p0.4_idx2.gpickle,28,0.4,2,13,150,343,"[18, 3, 24, 20, 5, 9, 27, 0, 21, 15, 7, 6, 10, 2, 17, 1, 16, 22, 19, 13, 25, 14, 12, 11, 4, 26, 23, 8]",12.5526681
./random_graph_db/graph_db_node_28/04_p0.4/04_graph_n28_p0.4_idx3.gpickle,28,0.4,3,13,160,353,"[16, 15, 8, 2, 7, 18, 11, 0, 1, 14, 23, 21, 12, 25, 26, 5, 24, 27, 4, 20, 17, 22, 3, 6, 13, 10, 9, 19]",12.050118
./random_graph_db/graph_db_node_28/04_p0.4/04_graph_n28_p0.4_idx4.gpickle,28,0.4,4,13,155,348,"[16, 20, 21, 13, 15, 4, 12, 25, 17, 8, 26, 9, 7, 0, 18, 5, 27, 22, 1, 6, 23, 14, 3, 24, 2, 19, 11, 10]",12.0059199
./random_graph_db/graph_db_node_28/04_p0.4/04_graph_n28_p0.4_idx5.gpickle,28,0.4,5,12,151,349,"[24, 17, 11, 20, 1, 4, 3, 25, 13, 22, 18, 0, 12, 15, 16, 5, 19, 14, 10, 6, 8, 26, 7, 23, 21, 27, 2, 9]",12.1511369
./random_graph_db/graph_db_node_28/04_p0.4/04_graph_n28_p0.4_idx6.gpickle,28,0.4,6,12,128,295,"[0, 6, 11, 3, 19, 18, 21, 26, 1, 17, 22, 8, 13, 12, 5, 23, 2, 20, 10, 15, 16, 27, 7, 24, 9, 4, 14, 25]",11.8208079
./random_graph_db/graph_db_node_28/04_p0.4/04_graph_n28_p0.4_idx7.gpickle,28,0.4,7,12,134,308,"[23, 26, 11, 7, 0, 13, 14, 5, 6, 4, 3, 18, 8, 19, 15, 25, 16, 9, 22, 1, 2, 10, 24, 21, 20, 12, 27, 17]",12.0925021
./random_graph_db/graph_db_node_28/04_p0.4/04_graph_n28_p0.4_idx8.gpickle,28,0.4,8,13,141,297,"[14, 13, 10, 19, 17, 4, 21, 11, 23, 24, 1, 27, 5, 25, 2, 12, 16, 8, 15, 7, 3, 22, 18, 0, 26, 20, 6, 9]",12.0165119
./random_graph_db/graph_db_node_28/04_p0.4/04_graph_n28_p0.4_idx9.gpickle,28,0.4,9,11,134,311,"[26, 9, 6, 18, 19, 22, 8, 10, 27, 23, 3, 0, 4, 11, 24, 25, 16, 17, 13, 20, 5, 2, 15, 14, 1, 21, 12, 7]",11.7342811
./random_graph_db/graph_db_node_28/05_p0.45/05_graph_n28_p0.45_idx1.gpickle,28,0.45,1,12,151,342,"[20, 22, 5, 17, 6, 0, 16, 11, 2, 3, 7, 23, 13, 1, 21, 15, 9, 18, 25, 27, 24, 19, 14, 8, 26, 12, 10, 4]",13.815923
./random_graph_db/graph_db_node_28/05_p0.45/05_graph_n28_p0.45_idx10.gpickle,28,0.45,10,13,155,354,"[11, 5, 20, 15, 6, 22, 26, 27, 4, 16, 18, 8, 24, 7, 0, 1, 23, 25, 19, 12, 21, 9, 3, 13, 14, 17, 2, 10]",13.7407019
./random_graph_db/graph_db_node_28/05_p0.45/05_graph_n28_p0.45_idx2.gpickle,28,0.45,2,13,158,357,"[27, 17, 1, 24, 0, 22, 8, 4, 13, 7, 2, 26, 3, 14, 23, 20, 18, 6, 16, 19, 11, 10, 15, 12, 9, 21, 5, 25]",12.82479
./random_graph_db/graph_db_node_28/05_p0.45/05_graph_n28_p0.45_idx3.gpickle,28,0.45,3,13,151,335,"[1, 19, 21, 27, 20, 26, 22, 8, 4, 25, 15, 10, 13, 9, 0, 5, 2, 16, 24, 23, 12, 7, 17, 14, 11, 6, 3, 18]",12.5244539
./random_graph_db/graph_db_node_28/05_p0.45/05_graph_n28_p0.45_idx4.gpickle,28,0.45,4,13,141,315,"[5, 1, 16, 8, 17, 9, 19, 12, 11, 26, 21, 7, 27, 0, 13, 22, 15, 25, 3, 4, 10, 20, 6, 24, 23, 2, 18, 14]",12.5838101
./random_graph_db/graph_db_node_28/05_p0.45/05_graph_n28_p0.45_idx5.gpickle,28,0.45,5,13,160,359,"[20, 5, 4, 7, 10, 13, 25, 15, 17, 27, 1, 16, 24, 26, 19, 8, 3, 23, 0, 9, 21, 12, 22, 11, 18, 2, 14, 6]",12.354578
./random_graph_db/graph_db_node_28/05_p0.45/05_graph_n28_p0.45_idx6.gpickle,28,0.45,6,12,149,352,"[23, 1, 4, 2, 26, 17, 11, 19, 22, 16, 10, 5, 24, 7, 6, 15, 21, 3, 18, 13, 12, 27, 9, 0, 20, 8, 25, 14]",12.4365132
./random_graph_db/graph_db_node_28/05_p0.45/05_graph_n28_p0.45_idx7.gpickle,28,0.45,7,12,131,307,"[24, 17, 2, 23, 4, 10, 25, 16, 5, 7, 1, 0, 15, 3, 27, 20, 9, 14, 11, 22, 21, 19, 18, 6, 8, 12, 13, 26]",12.1007774
./random_graph_db/graph_db_node_28/05_p0.45/05_graph_n28_p0.45_idx8.gpickle,28,0.45,8,12,149,339,"[22, 4, 2, 26, 16, 19, 13, 17, 11, 15, 18, 5, 27, 7, 14, 23, 12, 10, 3, 9, 20, 1, 0, 8, 6, 21, 25, 24]",12.0955908
./random_graph_db/graph_db_node_28/05_p0.45/05_graph_n28_p0.45_idx9.gpickle,28,0.45,9,12,155,353,"[20, 12, 13, 11, 9, 26, 2, 4, 24, 25, 6, 8, 0, 23, 22, 21, 15, 10, 19, 18, 17, 7, 1, 5, 16, 14, 27, 3]",12.782455
./random_graph_db/graph_db_node_28/06_p0.5/06_graph_n28_p0.5_idx1.gpickle,28,0.5,1,12,158,368,"[24, 21, 8, 10, 13, 2, 3, 4, 16, 15, 20, 11, 14, 27, 19, 7, 22, 23, 25, 12, 17, 5, 1, 26, 6, 9, 0, 18]",12.7058151
./random_graph_db/graph_db_node_28/06_p0.5/06_graph_n28_p0.5_idx10.gpickle,28,0.5,10,13,172,396,"[5, 23, 12, 22, 11, 10, 17, 0, 13, 24, 27, 19, 9, 15, 1, 16, 14, 18, 21, 6, 26, 4, 25, 7, 3, 2, 8, 20]",12.719883
./random_graph_db/graph_db_node_28/06_p0.5/06_graph_n28_p0.5_idx2.gpickle,28,0.5,2,12,155,353,"[13, 17, 22, 6, 14, 8, 5, 23, 27, 12, 19, 18, 4, 24, 20, 16, 11, 21, 10, 1, 3, 7, 26, 0, 9, 25, 2, 15]",13.337728
./random_graph_db/graph_db_node_28/06_p0.5/06_graph_n28_p0.5_idx3.gpickle,28,0.5,3,13,145,330,"[2, 18, 11, 14, 3, 21, 20, 19, 24, 9, 4, 26, 10, 6, 22, 12, 7, 25, 27, 0, 1, 23, 16, 8, 17, 15, 13, 5]",11.7271602
./random_graph_db/graph_db_node_28/06_p0.5/06_graph_n28_p0.5_idx4.gpickle,28,0.5,4,13,167,362,"[22, 1, 9, 10, 23, 16, 0, 26, 21, 7, 25, 18, 11, 14, 17, 13, 2, 8, 6, 3, 12, 19, 27, 4, 20, 5, 24, 15]",13.2354429
./random_graph_db/graph_db_node_28/06_p0.5/06_graph_n28_p0.5_idx5.gpickle,28,0.5,5,12,145,345,"[17, 6, 1, 8, 13, 7, 15, 24, 2, 9, 26, 14, 10, 19, 3, 5, 23, 27, 20, 16, 21, 18, 12, 22, 25, 0, 4, 11]",12.6463232
./random_graph_db/graph_db_node_28/06_p0.5/06_graph_n28_p0.5_idx6.gpickle,28,0.5,6,13,159,358,"[12, 9, 6, 27, 24, 2, 1, 26, 15, 3, 17, 21, 8, 18, 4, 23, 5, 19, 11, 20, 10, 25, 13, 7, 0, 22, 14, 16]",13.107619
./random_graph_db/graph_db_node_28/06_p0.5/06_graph_n28_p0.5_idx7.gpickle,28,0.5,7,13,165,347,"[17, 4, 1, 9, 6, 16, 26, 2, 7, 13, 0, 3, 22, 15, 12, 27, 8, 23, 11, 25, 10, 24, 18, 14, 5, 19, 20, 21]",12.5589662
./random_graph_db/graph_db_node_28/06_p0.5/06_graph_n28_p0.5_idx8.gpickle,28,0.5,8,13,154,356,"[6, 5, 8, 0, 21, 10, 16, 2, 26, 11, 12, 17, 4, 19, 27, 18, 23, 24, 14, 7, 20, 25, 15, 9, 3, 1, 13, 22]",12.8484881
./random_graph_db/graph_db_node_28/06_p0.5/06_graph_n28_p0.5_idx9.gpickle,28,0.5,9,13,147,346,"[3, 9, 0, 19, 15, 20, 6, 1, 10, 4, 2, 24, 23, 22, 18, 27, 21, 16, 12, 26, 7, 5, 8, 25, 13, 14, 11, 17]",12.4026349
./random_graph_db/graph_db_node_28/07_p0.55/07_graph_n28_p0.55_idx1.gpickle,28,0.55,1,13,164,350,"[19, 5, 26, 25, 14, 1, 13, 21, 10, 6, 3, 20, 16, 22, 24, 9, 17, 11, 23, 27, 7, 4, 12, 8, 0, 15, 18, 2]",12.9959171
./random_graph_db/graph_db_node_28/07_p0.55/07_graph_n28_p0.55_idx10.gpickle,28,0.55,10,13,169,372,"[15, 24, 25, 0, 1, 10, 16, 5, 3, 21, 18, 26, 6, 22, 23, 8, 14, 11, 13, 19, 2, 20, 9, 12, 17, 4, 7, 27]",13.420162
./random_graph_db/graph_db_node_28/07_p0.55/07_graph_n28_p0.55_idx2.gpickle,28,0.55,2,13,143,313,"[4, 24, 11, 25, 1, 5, 7, 21, 13, 14, 2, 26, 23, 0, 3, 18, 6, 10, 22, 20, 19, 12, 15, 16, 9, 27, 8, 17]",12.1856954
./random_graph_db/graph_db_node_28/07_p0.55/07_graph_n28_p0.55_idx3.gpickle,28,0.55,3,13,162,378,"[15, 23, 6, 25, 12, 20, 8, 16, 3, 9, 10, 1, 13, 17, 18, 0, 7, 4, 19, 22, 5, 21, 2, 27, 11, 14, 24, 26]",12.4894891
./random_graph_db/graph_db_node_28/07_p0.55/07_graph_n28_p0.55_idx4.gpickle,28,0.55,4,13,153,358,"[26, 11, 14, 17, 18, 1, 10, 16, 21, 12, 0, 9, 5, 6, 27, 20, 24, 23, 15, 8, 2, 7, 3, 19, 4, 13, 22, 25]",13.2034199
./random_graph_db/graph_db_node_28/07_p0.55/07_graph_n28_p0.55_idx5.gpickle,28,0.55,5,13,147,321,"[15, 13, 6, 14, 25, 1, 3, 4, 9, 23, 2, 11, 27, 18, 12, 24, 5, 16, 26, 22, 10, 20, 0, 17, 7, 21, 8, 19]",12.4087679
./random_graph_db/graph_db_node_28/07_p0.55/07_graph_n28_p0.55_idx6.gpickle,28,0.55,6,12,139,333,"[9, 19, 10, 15, 14, 26, 25, 24, 8, 13, 17, 27, 20, 0, 3, 12, 6, 7, 11, 1, 21, 23, 18, 5, 4, 22, 16, 2]",13.1909089
./random_graph_db/graph_db_node_28/07_p0.55/07_graph_n28_p0.55_idx7.gpickle,28,0.55,7,12,146,338,"[2, 4, 7, 9, 20, 24, 14, 17, 5, 26, 0, 8, 22, 12, 6, 23, 25, 15, 10, 19, 13, 11, 3, 18, 16, 27, 21, 1]",12.4165461
./random_graph_db/graph_db_node_28/07_p0.55/07_graph_n28_p0.55_idx8.gpickle,28,0.55,8,12,151,360,"[24, 7, 8, 19, 11, 5, 14, 1, 13, 6, 4, 15, 2, 16, 21, 23, 10, 12, 20, 27, 22, 17, 18, 26, 25, 0, 3, 9]",13.1011839
./random_graph_db/graph_db_node_28/07_p0.55/07_graph_n28_p0.55_idx9.gpickle,28,0.55,9,13,137,324,"[10, 13, 1, 23, 11, 6, 4, 5, 21, 7, 24, 3, 2, 26, 14, 17, 8, 22, 9, 20, 12, 27, 25, 0, 18, 16, 15, 19]",12.9344172
./random_graph_db/graph_db_node_28/08_p0.6/08_graph_n28_p0.6_idx1.gpickle,28,0.6,1,13,156,343,"[12, 4, 6, 0, 18, 14, 1, 19, 26, 7, 5, 17, 9, 22, 23, 8, 27, 21, 2, 11, 13, 16, 20, 24, 10, 15, 25, 3]",11.9591322
./random_graph_db/graph_db_node_28/08_p0.6/08_graph_n28_p0.6_idx10.gpickle,28,0.6,10,12,130,307,"[3, 20, 26, 2, 6, 5, 15, 23, 21, 7, 10, 16, 22, 4, 11, 14, 1, 0, 17, 27, 24, 8, 9, 19, 13, 18, 12, 25]",12.0402169
./random_graph_db/graph_db_node_28/08_p0.6/08_graph_n28_p0.6_idx2.gpickle,28,0.6,2,13,145,342,"[7, 14, 17, 22, 6, 11, 21, 5, 20, 3, 23, 1, 26, 13, 16, 0, 19, 8, 18, 9, 12, 27, 10, 15, 4, 24, 25, 2]",11.9892869
./random_graph_db/graph_db_node_28/08_p0.6/08_graph_n28_p0.6_idx3.gpickle,28,0.6,3,13,136,320,"[27, 11, 15, 5, 6, 17, 10, 18, 1, 24, 21, 8, 22, 7, 9, 3, 2, 16, 13, 19, 20, 4, 23, 12, 26, 25, 14, 0]",13.2748353
./random_graph_db/graph_db_node_28/08_p0.6/08_graph_n28_p0.6_idx4.gpickle,28,0.6,4,12,137,307,"[16, 18, 11, 21, 4, 22, 20, 7, 19, 3, 5, 17, 23, 12, 6, 15, 10, 9, 1, 14, 24, 27, 2, 25, 8, 26, 13, 0]",11.5622349
./random_graph_db/graph_db_node_28/08_p0.6/08_graph_n28_p0.6_idx5.gpickle,28,0.6,5,13,148,334,"[8, 3, 4, 15, 13, 24, 1, 18, 6, 19, 9, 21, 27, 5, 20, 0, 10, 7, 26, 17, 23, 25, 22, 12, 2, 11, 14, 16]",12.178546
./random_graph_db/graph_db_node_28/08_p0.6/08_graph_n28_p0.6_idx6.gpickle,28,0.6,6,13,144,318,"[9, 22, 24, 17, 2, 12, 5, 3, 4, 10, 8, 1, 14, 15, 6, 19, 21, 20, 27, 23, 0, 25, 11, 7, 13, 18, 16, 26]",12.4801359
./random_graph_db/graph_db_node_28/08_p0.6/08_graph_n28_p0.6_idx7.gpickle,28,0.6,7,12,146,332,"[7, 10, 12, 14, 23, 1, 11, 2, 21, 20, 13, 0, 17, 27, 3, 19, 18, 15, 6, 16, 9, 22, 24, 25, 26, 4, 8, 5]",13.346143
./random_graph_db/graph_db_node_28/08_p0.6/08_graph_n28_p0.6_idx8.gpickle,28,0.6,8,13,155,331,"[20, 2, 6, 16, 3, 12, 18, 15, 5, 11, 23, 1, 0, 24, 9, 13, 26, 7, 8, 19, 17, 22, 21, 25, 14, 10, 27, 4]",14.4656818
./random_graph_db/graph_db_node_28/08_p0.6/08_graph_n28_p0.6_idx9.gpickle,28,0.6,9,13,161,385,"[12, 15, 11, 2, 5, 6, 20, 17, 3, 18, 22, 16, 1, 8, 23, 13, 7, 25, 14, 26, 0, 21, 24, 9, 19, 10, 27, 4]",12.412535
./random_graph_db/graph_db_node_28/09_p0.65/09_graph_n28_p0.65_idx1.gpickle,28,0.65,1,12,145,337,"[20, 9, 2, 7, 1, 14, 13, 6, 22, 19, 12, 26, 8, 17, 16, 15, 10, 23, 18, 5, 0, 25, 24, 27, 3, 4, 11, 21]",12.6905689
./random_graph_db/graph_db_node_28/09_p0.65/09_graph_n28_p0.65_idx10.gpickle,28,0.65,10,13,153,363,"[9, 22, 3, 27, 10, 15, 24, 19, 18, 25, 11, 5, 8, 14, 12, 4, 1, 21, 16, 20, 7, 17, 0, 2, 6, 13, 26, 23]",13.252578
./random_graph_db/graph_db_node_28/09_p0.65/09_graph_n28_p0.65_idx2.gpickle,28,0.65,2,12,133,314,"[10, 1, 22, 26, 8, 17, 5, 7, 19, 9, 13, 0, 27, 3, 2, 24, 11, 4, 18, 15, 12, 23, 20, 6, 14, 25, 21, 16]",13.3480921
./random_graph_db/graph_db_node_28/09_p0.65/09_graph_n28_p0.65_idx3.gpickle,28,0.65,3,13,138,322,"[1, 20, 22, 6, 3, 26, 0, 4, 14, 12, 13, 15, 17, 25, 9, 11, 7, 5, 18, 2, 19, 16, 21, 23, 24, 27, 10, 8]",12.2075243
./random_graph_db/graph_db_node_28/09_p0.65/09_graph_n28_p0.65_idx4.gpickle,28,0.65,4,13,149,344,"[4, 15, 14, 11, 10, 26, 2, 27, 16, 21, 24, 19, 22, 7, 12, 5, 8, 1, 13, 17, 0, 3, 9, 25, 18, 20, 23, 6]",13.3793659
./random_graph_db/graph_db_node_28/09_p0.65/09_graph_n28_p0.65_idx5.gpickle,28,0.65,5,13,163,360,"[18, 11, 10, 8, 17, 12, 24, 15, 27, 7, 23, 14, 16, 2, 19, 3, 20, 1, 5, 4, 21, 9, 26, 22, 6, 25, 13, 0]",12.297122
./random_graph_db/graph_db_node_28/09_p0.65/09_graph_n28_p0.65_idx6.gpickle,28,0.65,6,12,139,338,"[26, 8, 25, 24, 5, 14, 12, 3, 9, 19, 7, 2, 10, 18, 15, 4, 0, 20, 21, 13, 17, 22, 27, 11, 6, 23, 1, 16]",12.1218519
./random_graph_db/graph_db_node_28/09_p0.65/09_graph_n28_p0.65_idx7.gpickle,28,0.65,7,13,151,329,"[13, 27, 24, 2, 17, 5, 14, 7, 6, 22, 12, 16, 15, 0, 21, 8, 23, 1, 4, 20, 18, 26, 25, 19, 11, 3, 10, 9]",12.6325378
./random_graph_db/graph_db_node_28/09_p0.65/09_graph_n28_p0.65_idx8.gpickle,28,0.65,8,13,146,352,"[14, 20, 2, 24, 18, 12, 17, 3, 22, 21, 25, 11, 1, 7, 0, 26, 16, 27, 6, 19, 4, 9, 13, 8, 10, 5, 23, 15]",11.947129
./random_graph_db/graph_db_node_28/09_p0.65/09_graph_n28_p0.65_idx9.gpickle,28,0.65,9,12,148,323,"[9, 6, 12, 20, 5, 11, 10, 3, 25, 24, 16, 22, 23, 18, 4, 26, 1, 17, 14, 21, 8, 15, 19, 2, 7, 13, 0, 27]",11.621824
./random_graph_db/graph_db_node_28/10_p0.7/10_graph_n28_p0.7_idx1.gpickle,28,0.7,1,12,127,295,"[9, 25, 21, 7, 12, 4, 8, 22, 14, 16, 23, 3, 5, 26, 2, 24, 18, 27, 13, 11, 0, 17, 15, 20, 1, 10, 6, 19]",10.7432568
./random_graph_db/graph_db_node_28/10_p0.7/10_graph_n28_p0.7_idx10.gpickle,28,0.7,10,12,148,357,"[4, 3, 12, 11, 21, 8, 2, 7, 22, 0, 14, 17, 25, 26, 10, 13, 1, 19, 24, 9, 18, 5, 27, 6, 23, 15, 20, 16]",11.7704887
./random_graph_db/graph_db_node_28/10_p0.7/10_graph_n28_p0.7_idx2.gpickle,28,0.7,2,12,126,284,"[26, 15, 9, 13, 17, 10, 7, 20, 19, 23, 0, 24, 11, 21, 27, 25, 16, 4, 2, 8, 18, 12, 1, 14, 5, 22, 6, 3]",10.3128357
./random_graph_db/graph_db_node_28/10_p0.7/10_graph_n28_p0.7_idx3.gpickle,28,0.7,3,12,120,279,"[17, 20, 0, 27, 26, 16, 13, 8, 24, 14, 22, 12, 18, 23, 7, 1, 6, 5, 9, 25, 19, 2, 15, 3, 11, 10, 21, 4]",10.718123
./random_graph_db/graph_db_node_28/10_p0.7/10_graph_n28_p0.7_idx4.gpickle,28,0.7,4,12,128,287,"[21, 25, 2, 10, 20, 1, 15, 24, 12, 16, 18, 7, 17, 5, 8, 3, 13, 22, 11, 27, 14, 4, 23, 19, 0, 26, 9, 6]",12.1024251
./random_graph_db/graph_db_node_28/10_p0.7/10_graph_n28_p0.7_idx5.gpickle,28,0.7,5,12,145,366,"[15, 23, 14, 5, 9, 22, 25, 3, 2, 27, 16, 6, 1, 26, 13, 11, 12, 18, 19, 8, 20, 0, 4, 21, 17, 10, 7, 24]",13.321203
./random_graph_db/graph_db_node_28/10_p0.7/10_graph_n28_p0.7_idx6.gpickle,28,0.7,6,12,132,303,"[1, 15, 8, 18, 6, 12, 9, 0, 14, 26, 7, 24, 3, 10, 25, 23, 16, 17, 5, 21, 2, 19, 13, 20, 4, 11, 27, 22]",12.082772
./random_graph_db/graph_db_node_28/10_p0.7/10_graph_n28_p0.7_idx7.gpickle,28,0.7,7,13,145,344,"[9, 1, 4, 27, 8, 17, 22, 19, 18, 24, 11, 20, 6, 26, 10, 2, 3, 16, 5, 7, 14, 15, 25, 12, 13, 23, 0, 21]",12.4372909
./random_graph_db/graph_db_node_28/10_p0.7/10_graph_n28_p0.7_idx8.gpickle,28,0.7,8,12,147,346,"[9, 21, 5, 27, 18, 11, 15, 3, 16, 2, 26, 17, 7, 6, 23, 12, 24, 14, 25, 22, 10, 1, 20, 8, 19, 0, 4, 13]",11.3808391
./random_graph_db/graph_db_node_28/10_p0.7/10_graph_n28_p0.7_idx9.gpickle,28,0.7,9,11,128,310,"[8, 6, 10, 19, 17, 27, 26, 12, 14, 7, 4, 2, 15, 20, 5, 11, 9, 13, 22, 23, 0, 3, 18, 24, 21, 16, 1, 25]",10.9688368
./random_graph_db/graph_db_node_28/11_p0.8/11_graph_n28_p0.8_idx1.gpickle,28,0.8,1,11,99,222,"[0, 4, 23, 11, 25, 13, 1, 7, 8, 5, 10, 19, 16, 6, 14, 21, 20, 17, 9, 24, 15, 3, 2, 26, 22, 27, 18, 12]",8.690017
./random_graph_db/graph_db_node_28/11_p0.8/11_graph_n28_p0.8_idx10.gpickle,28,0.8,10,12,136,293,"[2, 22, 10, 23, 27, 19, 14, 9, 16, 15, 13, 4, 20, 12, 17, 3, 8, 7, 25, 24, 21, 5, 1, 0, 18, 11, 26, 6]",11.411483
./random_graph_db/graph_db_node_28/11_p0.8/11_graph_n28_p0.8_idx2.gpickle,28,0.8,2,11,113,248,"[19, 1, 26, 14, 22, 13, 8, 2, 15, 17, 21, 23, 27, 3, 25, 7, 12, 5, 11, 24, 6, 16, 18, 0, 9, 20, 10, 4]",8.7379079
./random_graph_db/graph_db_node_28/11_p0.8/11_graph_n28_p0.8_idx3.gpickle,28,0.8,3,11,111,279,"[21, 11, 15, 10, 25, 22, 19, 16, 13, 18, 7, 5, 6, 9, 17, 8, 1, 4, 3, 23, 26, 24, 14, 0, 12, 27, 2, 20]",9.686317
./random_graph_db/graph_db_node_28/11_p0.8/11_graph_n28_p0.8_idx4.gpickle,28,0.8,4,11,111,238,"[25, 3, 18, 16, 19, 7, 20, 15, 10, 13, 23, 2, 4, 9, 6, 8, 5, 22, 0, 12, 24, 17, 21, 26, 1, 11, 27, 14]",8.30269
./random_graph_db/graph_db_node_28/11_p0.8/11_graph_n28_p0.8_idx5.gpickle,28,0.8,5,12,112,265,"[19, 6, 16, 7, 11, 1, 3, 5, 25, 23, 12, 20, 26, 17, 10, 18, 24, 9, 27, 0, 14, 15, 13, 2, 22, 21, 4, 8]",9.133513
./random_graph_db/graph_db_node_28/11_p0.8/11_graph_n28_p0.8_idx6.gpickle,28,0.8,6,11,97,203,"[22, 19, 2, 11, 16, 4, 18, 15, 23, 25, 8, 21, 27, 6, 3, 12, 26, 24, 13, 9, 20, 1, 17, 5, 10, 7, 14, 0]",8.5606222
./random_graph_db/graph_db_node_28/11_p0.8/11_graph_n28_p0.8_idx7.gpickle,28,0.8,7,11,89,198,"[26, 12, 9, 24, 2, 0, 8, 14, 3, 10, 19, 17, 15, 25, 13, 20, 18, 16, 21, 22, 27, 4, 23, 7, 1, 11, 5, 6]",8.8585241
./random_graph_db/graph_db_node_28/11_p0.8/11_graph_n28_p0.8_idx8.gpickle,28,0.8,8,11,107,236,"[16, 18, 2, 12, 20, 11, 0, 15, 26, 5, 10, 21, 7, 17, 23, 4, 8, 3, 13, 27, 24, 14, 25, 9, 6, 22, 1, 19]",8.640727
./random_graph_db/graph_db_node_28/11_p0.8/11_graph_n28_p0.8_idx9.gpickle,28,0.8,9,12,129,301,"[1, 14, 24, 2, 11, 26, 18, 4, 17, 16, 3, 27, 13, 20, 19, 5, 25, 0, 6, 21, 12, 10, 22, 15, 7, 9, 8, 23]",10.2654469
./random_graph_db/graph_db_node_28/12_p0.9/12_graph_n28_p0.9_idx1.gpickle,28,0.9,1,6,43,129,"[14, 1, 3, 2, 23, 13, 6, 8, 19, 11, 18, 9, 24, 22, 12, 4, 5, 15, 27, 7, 0, 21, 10, 20, 17, 25, 16, 26]",5.5567329
./random_graph_db/graph_db_node_28/12_p0.9/12_graph_n28_p0.9_idx10.gpickle,28,0.9,10,7,51,127,"[17, 3, 8, 25, 2, 23, 14, 16, 21, 10, 9, 27, 1, 7, 5, 13, 11, 15, 18, 6, 4, 24, 26, 20, 0, 19, 22, 12]",5.2322469
./random_graph_db/graph_db_node_28/12_p0.9/12_graph_n28_p0.9_idx2.gpickle,28,0.9,2,5,39,86,"[16, 23, 5, 4, 15, 2, 13, 26, 10, 0, 14, 1, 6, 21, 20, 22, 3, 24, 19, 17, 18, 11, 9, 7, 8, 12, 25, 27]",5.2869749
./random_graph_db/graph_db_node_28/12_p0.9/12_graph_n28_p0.9_idx3.gpickle,28,0.9,3,8,70,154,"[4, 25, 21, 23, 14, 1, 24, 26, 22, 0, 9, 8, 6, 3, 2, 7, 17, 13, 20, 5, 11, 10, 15, 19, 12, 27, 18, 16]",7.7057431
./random_graph_db/graph_db_node_28/12_p0.9/12_graph_n28_p0.9_idx4.gpickle,28,0.9,4,8,63,152,"[23, 19, 18, 5, 4, 8, 16, 24, 9, 17, 15, 2, 20, 27, 11, 12, 10, 21, 14, 22, 13, 1, 0, 26, 3, 6, 7, 25]",6.71808
./random_graph_db/graph_db_node_28/12_p0.9/12_graph_n28_p0.9_idx5.gpickle,28,0.9,5,6,38,97,"[17, 6, 5, 11, 21, 3, 18, 0, 9, 22, 10, 2, 13, 20, 14, 1, 15, 24, 19, 26, 23, 8, 27, 12, 7, 25, 4, 16]",4.8626871
./random_graph_db/graph_db_node_28/12_p0.9/12_graph_n28_p0.9_idx6.gpickle,28,0.9,6,3,26,95,"[8, 27, 22, 26, 0, 4, 6, 13, 7, 14, 21, 15, 9, 16, 2, 1, 23, 19, 5, 18, 10, 24, 17, 25, 3, 12, 11, 20]",4.6357579
./random_graph_db/graph_db_node_28/12_p0.9/12_graph_n28_p0.9_idx7.gpickle,28,0.9,7,5,32,105,"[3, 14, 19, 25, 12, 5, 24, 18, 21, 13, 15, 0, 26, 8, 1, 23, 22, 17, 7, 11, 27, 6, 10, 9, 20, 2, 16, 4]",4.681875
./random_graph_db/graph_db_node_28/12_p0.9/12_graph_n28_p0.9_idx8.gpickle,28,0.9,8,7,41,104,"[23, 2, 20, 9, 13, 3, 19, 25, 6, 11, 27, 24, 12, 14, 8, 5, 16, 4, 17, 26, 21, 0, 22, 15, 1, 18, 7, 10]",5.9176672
./random_graph_db/graph_db_node_28/12_p0.9/12_graph_n28_p0.9_idx9.gpickle,28,0.9,9,8,53,135,"[15, 18, 1, 26, 11, 10, 6, 3, 14, 24, 17, 8, 19, 12, 22, 7, 5, 4, 0, 9, 2, 21, 13, 23, 16, 25, 27, 20]",6.5618482
./random_graph_db/graph_db_node_29/01_p0.1/01_graph_n29_p0.1_idx1.gpickle,29,0.1,1,6,28,72,"[23, 3, 16, 28, 13, 9, 27, 19, 8, 12, 18, 21, 17, 10, 1, 20, 0, 24, 15, 2, 14, 26, 4, 7, 22, 6, 11, 25, 5]",4.3369932
./random_graph_db/graph_db_node_29/01_p0.1/01_graph_n29_p0.1_idx10.gpickle,29,0.1,10,7,39,100,"[14, 15, 9, 12, 16, 7, 1, 25, 27, 10, 17, 21, 13, 23, 3, 8, 11, 2, 5, 0, 19, 22, 20, 28, 6, 26, 4, 18, 24]",4.8594131
./random_graph_db/graph_db_node_29/01_p0.1/01_graph_n29_p0.1_idx2.gpickle,29,0.1,2,5,17,58,"[21, 11, 2, 4, 14, 27, 15, 28, 7, 9, 5, 26, 23, 6, 8, 25, 24, 12, 10, 16, 20, 19, 18, 13, 3, 1, 0, 22, 17]",3.5595269
./random_graph_db/graph_db_node_29/01_p0.1/01_graph_n29_p0.1_idx3.gpickle,29,0.1,3,4,30,87,"[6, 14, 8, 7, 22, 3, 0, 27, 28, 16, 18, 17, 4, 11, 21, 24, 1, 20, 25, 10, 2, 9, 19, 5, 12, 26, 15, 23, 13]",4.4391899
./random_graph_db/graph_db_node_29/01_p0.1/01_graph_n29_p0.1_idx4.gpickle,29,0.1,4,5,21,68,"[15, 12, 19, 5, 21, 10, 23, 6, 2, 27, 8, 20, 28, 4, 7, 22, 1, 18, 9, 25, 0, 26, 11, 14, 13, 16, 17, 24, 3]",3.8404768
./random_graph_db/graph_db_node_29/01_p0.1/01_graph_n29_p0.1_idx5.gpickle,29,0.1,5,3,12,58,"[8, 15, 22, 2, 20, 19, 17, 3, 0, 7, 26, 4, 23, 13, 10, 14, 27, 16, 1, 28, 24, 12, 18, 6, 25, 9, 21, 5, 11]",3.965106
./random_graph_db/graph_db_node_29/01_p0.1/01_graph_n29_p0.1_idx6.gpickle,29,0.1,6,5,16,54,"[4, 0, 15, 14, 13, 21, 9, 28, 1, 16, 26, 25, 6, 10, 17, 8, 23, 5, 19, 3, 7, 12, 24, 2, 18, 20, 11, 27, 22]",3.6795011
./random_graph_db/graph_db_node_29/01_p0.1/01_graph_n29_p0.1_idx7.gpickle,29,0.1,7,5,23,67,"[27, 5, 26, 6, 2, 9, 18, 10, 8, 17, 28, 22, 25, 14, 0, 15, 20, 7, 19, 4, 16, 1, 13, 3, 24, 21, 23, 12, 11]",4.0587778
./random_graph_db/graph_db_node_29/01_p0.1/01_graph_n29_p0.1_idx8.gpickle,29,0.1,8,7,26,87,"[6, 19, 2, 11, 7, 17, 0, 4, 23, 28, 5, 9, 26, 21, 16, 1, 25, 15, 8, 3, 18, 13, 24, 27, 20, 12, 14, 22, 10]",4.6294241
./random_graph_db/graph_db_node_29/01_p0.1/01_graph_n29_p0.1_idx9.gpickle,29,0.1,9,6,24,68,"[19, 12, 3, 5, 6, 26, 7, 14, 11, 21, 18, 16, 17, 4, 9, 24, 13, 28, 25, 15, 0, 20, 22, 10, 8, 23, 2, 1, 27]",4.2529271
./random_graph_db/graph_db_node_29/02_p0.2/02_graph_n29_p0.2_idx1.gpickle,29,0.2,1,11,114,261,"[5, 4, 7, 11, 20, 8, 10, 19, 0, 23, 25, 3, 26, 1, 2, 28, 21, 9, 22, 15, 6, 16, 17, 12, 13, 18, 27, 14, 24]",8.0970922
./random_graph_db/graph_db_node_29/02_p0.2/02_graph_n29_p0.2_idx10.gpickle,29,0.2,10,11,103,225,"[16, 12, 2, 13, 5, 21, 4, 3, 22, 0, 25, 6, 23, 17, 7, 1, 15, 18, 10, 8, 20, 28, 27, 11, 19, 9, 24, 26, 14]",7.8667989
./random_graph_db/graph_db_node_29/02_p0.2/02_graph_n29_p0.2_idx2.gpickle,29,0.2,2,10,87,217,"[6, 26, 28, 14, 17, 22, 7, 3, 5, 8, 10, 15, 11, 2, 23, 9, 19, 0, 18, 12, 13, 20, 21, 4, 1, 24, 25, 16, 27]",7.6290572
./random_graph_db/graph_db_node_29/02_p0.2/02_graph_n29_p0.2_idx3.gpickle,29,0.2,3,11,85,184,"[17, 21, 26, 19, 3, 25, 4, 1, 12, 6, 16, 14, 2, 20, 8, 22, 9, 15, 5, 18, 24, 23, 13, 7, 28, 27, 0, 11, 10]",8.0176191
./random_graph_db/graph_db_node_29/02_p0.2/02_graph_n29_p0.2_idx4.gpickle,29,0.2,4,9,62,160,"[0, 1, 13, 18, 7, 2, 21, 12, 19, 8, 25, 9, 14, 11, 20, 10, 4, 27, 5, 15, 16, 28, 26, 3, 17, 6, 23, 24, 22]",6.3710442
./random_graph_db/graph_db_node_29/02_p0.2/02_graph_n29_p0.2_idx5.gpickle,29,0.2,5,8,53,139,"[28, 23, 20, 9, 6, 17, 3, 27, 4, 1, 13, 8, 14, 10, 15, 5, 0, 7, 26, 12, 21, 25, 22, 16, 11, 24, 19, 2, 18]",6.1061368
./random_graph_db/graph_db_node_29/02_p0.2/02_graph_n29_p0.2_idx6.gpickle,29,0.2,6,11,81,196,"[7, 5, 15, 8, 21, 3, 20, 19, 0, 22, 4, 12, 23, 6, 24, 1, 16, 14, 13, 27, 26, 2, 11, 17, 28, 25, 9, 10, 18]",7.9450819
./random_graph_db/graph_db_node_29/02_p0.2/02_graph_n29_p0.2_idx7.gpickle,29,0.2,7,10,87,195,"[8, 27, 21, 7, 10, 2, 15, 19, 22, 5, 3, 11, 14, 24, 12, 4, 16, 13, 0, 23, 20, 25, 6, 26, 9, 18, 1, 17, 28]",7.0775251
./random_graph_db/graph_db_node_29/02_p0.2/02_graph_n29_p0.2_idx8.gpickle,29,0.2,8,8,70,170,"[9, 0, 15, 10, 13, 26, 7, 14, 4, 19, 1, 12, 22, 2, 23, 24, 18, 28, 27, 3, 5, 20, 6, 11, 25, 17, 21, 16, 8]",7.3390663
./random_graph_db/graph_db_node_29/02_p0.2/02_graph_n29_p0.2_idx9.gpickle,29,0.2,9,9,57,118,"[1, 19, 17, 20, 25, 7, 0, 23, 16, 24, 3, 18, 9, 8, 11, 26, 12, 6, 5, 28, 2, 4, 22, 21, 13, 14, 27, 10, 15]",6.7415769
./random_graph_db/graph_db_node_29/03_p0.3/03_graph_n29_p0.3_idx1.gpickle,29,0.3,1,12,134,316,"[17, 26, 23, 8, 16, 6, 25, 4, 1, 9, 2, 12, 0, 7, 10, 24, 11, 21, 18, 3, 22, 28, 15, 20, 5, 27, 19, 13, 14]",10.7167039
./random_graph_db/graph_db_node_29/03_p0.3/03_graph_n29_p0.3_idx10.gpickle,29,0.3,10,12,125,303,"[13, 5, 19, 17, 15, 18, 2, 0, 25, 11, 10, 24, 21, 20, 26, 4, 12, 1, 3, 23, 9, 7, 14, 8, 22, 27, 28, 16, 6]",10.030515
./random_graph_db/graph_db_node_29/03_p0.3/03_graph_n29_p0.3_idx2.gpickle,29,0.3,2,13,137,304,"[11, 1, 13, 6, 4, 2, 7, 20, 15, 19, 9, 5, 12, 24, 18, 22, 10, 25, 16, 14, 26, 28, 8, 27, 3, 0, 17, 23, 21]",11.354218
./random_graph_db/graph_db_node_29/03_p0.3/03_graph_n29_p0.3_idx3.gpickle,29,0.3,3,12,143,311,"[2, 20, 25, 26, 3, 15, 5, 27, 1, 19, 8, 16, 11, 6, 4, 28, 10, 0, 12, 17, 22, 24, 18, 14, 7, 23, 9, 21, 13]",10.9432199
./random_graph_db/graph_db_node_29/03_p0.3/03_graph_n29_p0.3_idx4.gpickle,29,0.3,4,12,117,263,"[7, 24, 11, 8, 12, 1, 0, 23, 22, 14, 6, 16, 17, 26, 20, 13, 2, 21, 15, 27, 10, 19, 25, 18, 4, 9, 5, 28, 3]",9.23768
./random_graph_db/graph_db_node_29/03_p0.3/03_graph_n29_p0.3_idx5.gpickle,29,0.3,5,12,121,267,"[14, 27, 28, 4, 11, 26, 1, 5, 12, 6, 20, 24, 3, 17, 15, 13, 9, 19, 8, 18, 7, 25, 16, 10, 2, 0, 21, 23, 22]",9.1152897
./random_graph_db/graph_db_node_29/03_p0.3/03_graph_n29_p0.3_idx6.gpickle,29,0.3,6,12,105,239,"[25, 6, 28, 2, 5, 4, 3, 10, 11, 22, 16, 24, 7, 12, 15, 14, 17, 0, 21, 27, 26, 20, 18, 8, 23, 13, 19, 9, 1]",9.5663421
./random_graph_db/graph_db_node_29/03_p0.3/03_graph_n29_p0.3_idx7.gpickle,29,0.3,7,12,123,263,"[1, 13, 26, 23, 2, 24, 0, 6, 21, 15, 14, 8, 11, 12, 10, 25, 19, 28, 16, 27, 3, 4, 5, 22, 18, 17, 7, 20, 9]",10.6524148
./random_graph_db/graph_db_node_29/03_p0.3/03_graph_n29_p0.3_idx8.gpickle,29,0.3,8,12,113,253,"[17, 14, 8, 1, 6, 23, 24, 16, 15, 19, 21, 13, 11, 25, 12, 0, 22, 20, 27, 3, 5, 28, 26, 9, 2, 4, 7, 10, 18]",10.1557641
./random_graph_db/graph_db_node_29/03_p0.3/03_graph_n29_p0.3_idx9.gpickle,29,0.3,9,13,152,359,"[19, 15, 11, 16, 28, 6, 25, 8, 18, 23, 20, 26, 3, 17, 5, 9, 14, 22, 2, 0, 27, 21, 12, 1, 7, 24, 13, 10, 4]",12.140955
./random_graph_db/graph_db_node_29/04_p0.4/04_graph_n29_p0.4_idx1.gpickle,29,0.4,1,13,161,365,"[8, 22, 7, 4, 5, 6, 11, 10, 21, 12, 23, 2, 0, 20, 1, 14, 27, 18, 19, 3, 28, 25, 24, 17, 15, 26, 13, 9, 16]",13.6268148
./random_graph_db/graph_db_node_29/04_p0.4/04_graph_n29_p0.4_idx10.gpickle,29,0.4,10,12,142,305,"[8, 12, 14, 9, 19, 16, 11, 7, 5, 6, 22, 24, 17, 25, 13, 4, 20, 21, 0, 26, 1, 2, 18, 28, 3, 15, 23, 10, 27]",13.0662968
./random_graph_db/graph_db_node_29/04_p0.4/04_graph_n29_p0.4_idx2.gpickle,29,0.4,2,14,143,330,"[6, 1, 16, 11, 10, 21, 0, 22, 5, 8, 3, 23, 14, 27, 20, 12, 15, 4, 18, 25, 28, 13, 19, 7, 26, 24, 9, 2, 17]",13.2949691
./random_graph_db/graph_db_node_29/04_p0.4/04_graph_n29_p0.4_idx3.gpickle,29,0.4,3,13,170,390,"[13, 28, 6, 1, 16, 25, 20, 26, 5, 11, 19, 18, 15, 0, 7, 17, 23, 12, 21, 10, 24, 27, 9, 2, 14, 4, 3, 8, 22]",13.362119
./random_graph_db/graph_db_node_29/04_p0.4/04_graph_n29_p0.4_idx4.gpickle,29,0.4,4,13,146,338,"[24, 25, 28, 2, 12, 23, 9, 13, 11, 26, 16, 22, 10, 21, 0, 18, 1, 3, 20, 19, 17, 15, 27, 5, 4, 8, 14, 7, 6]",12.4199281
./random_graph_db/graph_db_node_29/04_p0.4/04_graph_n29_p0.4_idx5.gpickle,29,0.4,5,13,155,360,"[9, 6, 8, 15, 23, 4, 24, 11, 12, 20, 22, 19, 0, 18, 5, 3, 13, 16, 25, 10, 21, 1, 26, 28, 7, 14, 2, 27, 17]",13.1677201
./random_graph_db/graph_db_node_29/04_p0.4/04_graph_n29_p0.4_idx6.gpickle,29,0.4,6,13,139,330,"[6, 9, 0, 17, 26, 3, 18, 4, 13, 14, 10, 7, 5, 24, 25, 8, 22, 23, 2, 15, 28, 27, 21, 12, 16, 19, 1, 20, 11]",12.9990129
./random_graph_db/graph_db_node_29/04_p0.4/04_graph_n29_p0.4_idx7.gpickle,29,0.4,7,13,171,383,"[28, 0, 18, 1, 25, 4, 22, 2, 24, 7, 26, 16, 27, 11, 6, 21, 20, 13, 12, 9, 14, 5, 23, 19, 8, 17, 15, 3, 10]",14.0055611
./random_graph_db/graph_db_node_29/04_p0.4/04_graph_n29_p0.4_idx8.gpickle,29,0.4,8,13,182,405,"[26, 6, 19, 0, 4, 20, 3, 5, 13, 1, 25, 2, 11, 16, 14, 18, 10, 23, 7, 8, 28, 17, 22, 24, 27, 15, 21, 12, 9]",13.4396679
./random_graph_db/graph_db_node_29/04_p0.4/04_graph_n29_p0.4_idx9.gpickle,29,0.4,9,13,152,346,"[10, 26, 22, 21, 3, 4, 20, 5, 6, 1, 28, 8, 9, 27, 11, 7, 17, 0, 15, 12, 19, 25, 2, 14, 16, 18, 23, 13, 24]",13.371527
./random_graph_db/graph_db_node_29/05_p0.45/05_graph_n29_p0.45_idx1.gpickle,29,0.45,1,13,149,338,"[0, 3, 4, 2, 6, 10, 5, 9, 25, 16, 14, 19, 11, 13, 21, 1, 15, 17, 7, 18, 8, 28, 26, 27, 12, 23, 24, 22, 20]",13.5785022
./random_graph_db/graph_db_node_29/05_p0.45/05_graph_n29_p0.45_idx10.gpickle,29,0.45,10,13,187,420,"[0, 6, 28, 17, 2, 9, 7, 13, 24, 18, 11, 4, 3, 8, 22, 14, 26, 1, 25, 15, 19, 27, 16, 21, 12, 5, 23, 20, 10]",14.1268339
./random_graph_db/graph_db_node_29/05_p0.45/05_graph_n29_p0.45_idx2.gpickle,29,0.45,2,14,177,393,"[2, 21, 3, 7, 1, 27, 25, 9, 8, 10, 23, 5, 16, 12, 18, 14, 4, 6, 19, 11, 26, 17, 0, 24, 28, 20, 13, 22, 15]",13.6494279
./random_graph_db/graph_db_node_29/05_p0.45/05_graph_n29_p0.45_idx3.gpickle,29,0.45,3,13,182,407,"[26, 20, 21, 0, 22, 24, 12, 25, 6, 9, 28, 27, 8, 18, 2, 16, 4, 3, 7, 14, 11, 5, 10, 19, 13, 1, 23, 17, 15]",14.7431149
./random_graph_db/graph_db_node_29/05_p0.45/05_graph_n29_p0.45_idx4.gpickle,29,0.45,4,14,169,384,"[6, 3, 1, 4, 14, 27, 16, 9, 19, 26, 0, 7, 18, 28, 20, 10, 23, 22, 24, 11, 2, 21, 17, 15, 5, 8, 13, 25, 12]",12.9971828
./random_graph_db/graph_db_node_29/05_p0.45/05_graph_n29_p0.45_idx5.gpickle,29,0.45,5,12,149,358,"[5, 23, 2, 9, 10, 15, 6, 24, 25, 13, 19, 27, 21, 7, 3, 0, 18, 28, 17, 4, 8, 20, 22, 16, 12, 1, 26, 11, 14]",13.5016041
./random_graph_db/graph_db_node_29/05_p0.45/05_graph_n29_p0.45_idx6.gpickle,29,0.45,6,13,162,358,"[26, 5, 8, 15, 1, 9, 6, 18, 24, 21, 28, 2, 22, 19, 7, 0, 20, 14, 4, 17, 12, 23, 13, 3, 16, 25, 10, 11, 27]",13.171602
./random_graph_db/graph_db_node_29/05_p0.45/05_graph_n29_p0.45_idx7.gpickle,29,0.45,7,13,165,391,"[3, 2, 25, 23, 20, 26, 17, 24, 13, 14, 16, 11, 18, 4, 8, 22, 0, 1, 28, 9, 12, 15, 6, 10, 19, 5, 21, 27, 7]",13.6238339
./random_graph_db/graph_db_node_29/05_p0.45/05_graph_n29_p0.45_idx8.gpickle,29,0.45,8,14,187,400,"[3, 1, 0, 18, 2, 9, 10, 22, 17, 16, 14, 6, 25, 8, 12, 5, 21, 26, 20, 23, 11, 24, 4, 15, 13, 27, 19, 7, 28]",15.4082491
./random_graph_db/graph_db_node_29/05_p0.45/05_graph_n29_p0.45_idx9.gpickle,29,0.45,9,13,161,364,"[24, 0, 12, 6, 23, 13, 2, 10, 14, 26, 15, 11, 17, 9, 27, 1, 5, 4, 25, 22, 7, 20, 8, 19, 18, 28, 21, 16, 3]",13.3207211
./random_graph_db/graph_db_node_29/06_p0.5/06_graph_n29_p0.5_idx1.gpickle,29,0.5,1,13,165,359,"[24, 21, 5, 26, 2, 7, 25, 27, 14, 12, 6, 9, 0, 15, 23, 22, 3, 20, 16, 17, 1, 19, 10, 8, 4, 18, 11, 13, 28]",13.71931
./random_graph_db/graph_db_node_29/06_p0.5/06_graph_n29_p0.5_idx10.gpickle,29,0.5,10,13,162,373,"[18, 9, 24, 4, 12, 19, 27, 26, 16, 25, 3, 2, 10, 7, 6, 15, 0, 22, 21, 13, 8, 11, 17, 1, 14, 28, 5, 20, 23]",14.6552351
./random_graph_db/graph_db_node_29/06_p0.5/06_graph_n29_p0.5_idx2.gpickle,29,0.5,2,13,162,371,"[12, 1, 2, 10, 21, 24, 28, 11, 22, 19, 4, 8, 5, 20, 14, 13, 27, 15, 7, 9, 3, 6, 18, 23, 17, 0, 25, 16, 26]",14.4098229
./random_graph_db/graph_db_node_29/06_p0.5/06_graph_n29_p0.5_idx3.gpickle,29,0.5,3,13,175,391,"[28, 24, 23, 25, 3, 8, 2, 6, 7, 21, 0, 1, 9, 5, 17, 20, 27, 19, 4, 18, 16, 14, 13, 10, 26, 12, 11, 22, 15]",14.5401468
./random_graph_db/graph_db_node_29/06_p0.5/06_graph_n29_p0.5_idx4.gpickle,29,0.5,4,13,159,357,"[4, 1, 2, 24, 7, 10, 11, 14, 22, 8, 26, 23, 27, 19, 9, 20, 3, 5, 21, 12, 0, 28, 6, 13, 18, 15, 16, 17, 25]",14.1005552
./random_graph_db/graph_db_node_29/06_p0.5/06_graph_n29_p0.5_idx5.gpickle,29,0.5,5,13,146,363,"[12, 13, 15, 3, 26, 1, 9, 16, 20, 11, 0, 18, 7, 23, 28, 14, 5, 6, 24, 25, 2, 17, 22, 27, 21, 4, 10, 19, 8]",14.674613
./random_graph_db/graph_db_node_29/06_p0.5/06_graph_n29_p0.5_idx6.gpickle,29,0.5,6,13,167,373,"[9, 6, 15, 22, 10, 23, 7, 20, 11, 12, 19, 5, 17, 1, 2, 18, 25, 28, 13, 16, 27, 14, 24, 26, 4, 3, 8, 21, 0]",13.8355482
./random_graph_db/graph_db_node_29/06_p0.5/06_graph_n29_p0.5_idx7.gpickle,29,0.5,7,13,172,403,"[13, 10, 21, 5, 19, 4, 6, 15, 0, 12, 26, 1, 24, 23, 3, 7, 8, 27, 25, 11, 22, 20, 9, 14, 17, 28, 16, 18, 2]",14.1876681
./random_graph_db/graph_db_node_29/06_p0.5/06_graph_n29_p0.5_idx8.gpickle,29,0.5,8,13,184,425,"[2, 21, 28, 5, 18, 17, 9, 6, 10, 26, 27, 24, 22, 16, 19, 4, 7, 15, 12, 1, 25, 3, 11, 14, 8, 20, 23, 13, 0]",13.7413719
./random_graph_db/graph_db_node_29/06_p0.5/06_graph_n29_p0.5_idx9.gpickle,29,0.5,9,13,160,360,"[13, 5, 21, 22, 20, 2, 17, 12, 3, 26, 7, 8, 1, 24, 14, 9, 25, 27, 6, 10, 0, 23, 16, 19, 15, 18, 4, 28, 11]",13.888952
./random_graph_db/graph_db_node_29/07_p0.55/07_graph_n29_p0.55_idx1.gpickle,29,0.55,1,14,157,352,"[17, 27, 2, 5, 10, 23, 1, 26, 8, 9, 22, 7, 11, 25, 16, 13, 21, 19, 12, 3, 15, 20, 28, 6, 18, 4, 14, 24, 0]",13.0062132
./random_graph_db/graph_db_node_29/07_p0.55/07_graph_n29_p0.55_idx10.gpickle,29,0.55,10,13,156,344,"[12, 2, 5, 27, 15, 17, 23, 25, 26, 0, 18, 6, 11, 21, 16, 9, 20, 13, 7, 22, 10, 28, 3, 4, 14, 1, 19, 8, 24]",13.3135512
./random_graph_db/graph_db_node_29/07_p0.55/07_graph_n29_p0.55_idx2.gpickle,29,0.55,2,14,172,389,"[2, 1, 28, 0, 15, 17, 5, 8, 24, 16, 19, 18, 25, 14, 4, 26, 10, 3, 11, 12, 9, 22, 23, 13, 21, 20, 27, 6, 7]",14.6792028
./random_graph_db/graph_db_node_29/07_p0.55/07_graph_n29_p0.55_idx3.gpickle,29,0.55,3,12,148,356,"[5, 26, 21, 22, 10, 25, 18, 12, 15, 11, 13, 3, 9, 16, 27, 14, 7, 8, 19, 6, 4, 20, 1, 2, 17, 24, 23, 28, 0]",13.5252311
./random_graph_db/graph_db_node_29/07_p0.55/07_graph_n29_p0.55_idx4.gpickle,29,0.55,4,13,166,384,"[15, 12, 16, 25, 5, 9, 13, 19, 27, 23, 26, 3, 6, 0, 20, 4, 10, 24, 8, 21, 17, 11, 14, 18, 1, 28, 7, 2, 22]",14.3547339
./random_graph_db/graph_db_node_29/07_p0.55/07_graph_n29_p0.55_idx5.gpickle,29,0.55,5,13,161,368,"[13, 3, 6, 27, 21, 5, 17, 22, 1, 15, 12, 11, 2, 7, 26, 20, 8, 28, 0, 24, 4, 10, 16, 9, 25, 14, 18, 23, 19]",14.6782758
./random_graph_db/graph_db_node_29/07_p0.55/07_graph_n29_p0.55_idx6.gpickle,29,0.55,6,13,151,360,"[22, 12, 1, 28, 27, 18, 5, 9, 21, 20, 17, 26, 11, 8, 4, 14, 24, 2, 0, 7, 23, 10, 19, 13, 3, 15, 6, 25, 16]",13.7132061
./random_graph_db/graph_db_node_29/07_p0.55/07_graph_n29_p0.55_idx7.gpickle,29,0.55,7,13,165,370,"[25, 2, 3, 9, 17, 10, 21, 15, 1, 28, 19, 26, 20, 18, 8, 16, 5, 4, 7, 13, 12, 0, 23, 27, 22, 14, 6, 11, 24]",14.532778
./random_graph_db/graph_db_node_29/07_p0.55/07_graph_n29_p0.55_idx8.gpickle,29,0.55,8,13,145,343,"[1, 4, 11, 6, 20, 16, 13, 10, 12, 9, 27, 2, 7, 15, 24, 0, 3, 5, 8, 26, 21, 14, 25, 19, 22, 18, 17, 28, 23]",13.4260621
./random_graph_db/graph_db_node_29/07_p0.55/07_graph_n29_p0.55_idx9.gpickle,29,0.55,9,13,182,413,"[16, 19, 18, 25, 4, 27, 13, 15, 28, 14, 2, 21, 1, 7, 6, 12, 20, 11, 3, 9, 24, 17, 0, 10, 26, 22, 5, 23, 8]",14.1103959
./random_graph_db/graph_db_node_29/08_p0.6/08_graph_n29_p0.6_idx1.gpickle,29,0.6,1,12,150,357,"[15, 28, 24, 0, 22, 26, 17, 6, 16, 13, 25, 4, 2, 23, 21, 19, 27, 3, 18, 14, 20, 12, 10, 8, 7, 9, 5, 11, 1]",11.91956
./random_graph_db/graph_db_node_29/08_p0.6/08_graph_n29_p0.6_idx10.gpickle,29,0.6,10,14,159,368,"[14, 4, 11, 10, 7, 13, 8, 18, 28, 0, 27, 5, 23, 2, 15, 24, 17, 3, 22, 26, 12, 1, 25, 6, 9, 19, 20, 16, 21]",12.8619947
./random_graph_db/graph_db_node_29/08_p0.6/08_graph_n29_p0.6_idx2.gpickle,29,0.6,2,13,157,361,"[22, 8, 13, 10, 2, 21, 3, 7, 14, 27, 17, 16, 6, 20, 23, 26, 0, 15, 9, 4, 12, 19, 1, 25, 11, 28, 5, 24, 18]",13.7272089
./random_graph_db/graph_db_node_29/08_p0.6/08_graph_n29_p0.6_idx3.gpickle,29,0.6,3,13,168,367,"[22, 24, 6, 21, 1, 28, 20, 12, 25, 10, 17, 5, 23, 7, 4, 26, 27, 14, 9, 8, 19, 18, 11, 13, 3, 2, 15, 16, 0]",12.9633029
./random_graph_db/graph_db_node_29/08_p0.6/08_graph_n29_p0.6_idx4.gpickle,29,0.6,4,13,143,318,"[12, 8, 26, 10, 20, 5, 3, 17, 28, 4, 6, 22, 0, 15, 27, 13, 7, 24, 2, 1, 11, 16, 21, 18, 14, 25, 9, 23, 19]",13.3406627
./random_graph_db/graph_db_node_29/08_p0.6/08_graph_n29_p0.6_idx5.gpickle,29,0.6,5,13,170,381,"[9, 8, 10, 27, 6, 5, 16, 18, 4, 14, 11, 24, 22, 2, 28, 13, 3, 20, 19, 21, 1, 12, 0, 25, 15, 7, 26, 17, 23]",13.8103397
./random_graph_db/graph_db_node_29/08_p0.6/08_graph_n29_p0.6_idx6.gpickle,29,0.6,6,13,169,392,"[7, 24, 19, 4, 5, 11, 17, 2, 14, 0, 1, 28, 21, 12, 16, 22, 15, 13, 3, 23, 25, 27, 8, 26, 10, 9, 20, 6, 18]",15.0615208
./random_graph_db/graph_db_node_29/08_p0.6/08_graph_n29_p0.6_idx7.gpickle,29,0.6,7,13,171,395,"[13, 8, 23, 4, 24, 10, 12, 3, 16, 6, 21, 25, 7, 9, 2, 26, 5, 17, 0, 27, 1, 15, 20, 14, 22, 11, 18, 28, 19]",14.6375732
./random_graph_db/graph_db_node_29/08_p0.6/08_graph_n29_p0.6_idx8.gpickle,29,0.6,8,13,155,349,"[6, 4, 1, 23, 19, 11, 9, 8, 18, 10, 3, 22, 28, 21, 0, 14, 27, 25, 12, 7, 20, 13, 26, 17, 15, 24, 5, 2, 16]",13.3232358
./random_graph_db/graph_db_node_29/08_p0.6/08_graph_n29_p0.6_idx9.gpickle,29,0.6,9,13,172,405,"[11, 8, 0, 4, 2, 3, 16, 10, 12, 1, 15, 24, 19, 13, 26, 21, 27, 23, 7, 9, 22, 17, 14, 20, 28, 5, 18, 25, 6]",14.167331
./random_graph_db/graph_db_node_29/09_p0.65/09_graph_n29_p0.65_idx1.gpickle,29,0.65,1,13,145,313,"[24, 20, 9, 7, 8, 14, 22, 4, 19, 25, 23, 13, 21, 10, 15, 27, 28, 2, 18, 17, 3, 0, 11, 5, 12, 1, 6, 16, 26]",12.2421269
./random_graph_db/graph_db_node_29/09_p0.65/09_graph_n29_p0.65_idx10.gpickle,29,0.65,10,13,166,384,"[14, 7, 4, 1, 15, 12, 19, 5, 10, 27, 25, 8, 24, 6, 17, 23, 2, 20, 21, 28, 9, 22, 13, 11, 0, 3, 18, 26, 16]",14.0754161
./random_graph_db/graph_db_node_29/09_p0.65/09_graph_n29_p0.65_idx2.gpickle,29,0.65,2,13,187,437,"[1, 18, 17, 8, 22, 2, 10, 13, 4, 15, 6, 5, 7, 25, 14, 27, 11, 19, 21, 12, 9, 0, 28, 16, 20, 23, 3, 26, 24]",13.506768
./random_graph_db/graph_db_node_29/09_p0.65/09_graph_n29_p0.65_idx3.gpickle,29,0.65,3,13,152,355,"[0, 19, 3, 21, 26, 13, 6, 5, 9, 7, 20, 8, 24, 12, 18, 4, 14, 16, 15, 27, 25, 10, 23, 28, 2, 17, 11, 1, 22]",13.1727083
./random_graph_db/graph_db_node_29/09_p0.65/09_graph_n29_p0.65_idx4.gpickle,29,0.65,4,13,161,357,"[2, 27, 16, 19, 9, 5, 21, 11, 6, 8, 13, 17, 15, 10, 7, 23, 0, 22, 24, 12, 1, 14, 26, 25, 3, 18, 28, 4, 20]",13.163136
./random_graph_db/graph_db_node_29/09_p0.65/09_graph_n29_p0.65_idx5.gpickle,29,0.65,5,13,170,406,"[9, 7, 4, 20, 12, 21, 17, 23, 16, 5, 8, 25, 10, 0, 28, 2, 14, 13, 18, 26, 22, 1, 15, 19, 3, 6, 24, 27, 11]",14.0713212
./random_graph_db/graph_db_node_29/09_p0.65/09_graph_n29_p0.65_idx6.gpickle,29,0.65,6,13,155,349,"[17, 8, 9, 23, 7, 0, 12, 2, 25, 28, 22, 1, 15, 3, 21, 5, 6, 19, 26, 14, 27, 24, 20, 10, 11, 18, 16, 13, 4]",12.9443521
./random_graph_db/graph_db_node_29/09_p0.65/09_graph_n29_p0.65_idx7.gpickle,29,0.65,7,13,175,414,"[18, 7, 1, 3, 0, 13, 26, 11, 16, 9, 21, 15, 19, 6, 27, 10, 28, 14, 20, 24, 4, 12, 8, 5, 23, 2, 25, 22, 17]",13.8569741
./random_graph_db/graph_db_node_29/09_p0.65/09_graph_n29_p0.65_idx8.gpickle,29,0.65,8,13,151,359,"[4, 11, 28, 27, 16, 5, 22, 18, 23, 1, 14, 24, 8, 26, 20, 15, 0, 6, 12, 9, 13, 19, 17, 7, 2, 10, 25, 21, 3]",14.5564458
./random_graph_db/graph_db_node_29/09_p0.65/09_graph_n29_p0.65_idx9.gpickle,29,0.65,9,14,184,425,"[9, 8, 10, 11, 15, 5, 7, 24, 4, 14, 28, 6, 0, 25, 22, 19, 20, 3, 16, 26, 12, 23, 21, 27, 17, 2, 1, 13, 18]",13.3522351
./random_graph_db/graph_db_node_29/10_p0.7/10_graph_n29_p0.7_idx1.gpickle,29,0.7,1,13,153,337,"[8, 19, 17, 25, 15, 14, 4, 2, 28, 7, 18, 11, 27, 9, 3, 1, 5, 24, 10, 23, 6, 22, 12, 16, 26, 0, 21, 20, 13]",13.4259112
./random_graph_db/graph_db_node_29/10_p0.7/10_graph_n29_p0.7_idx10.gpickle,29,0.7,10,13,177,391,"[10, 28, 3, 9, 25, 8, 21, 15, 11, 2, 17, 1, 24, 14, 16, 13, 19, 27, 0, 4, 12, 18, 7, 5, 6, 23, 22, 20, 26]",13.8957582
./random_graph_db/graph_db_node_29/10_p0.7/10_graph_n29_p0.7_idx2.gpickle,29,0.7,2,12,133,303,"[26, 15, 28, 14, 23, 4, 24, 12, 22, 8, 20, 16, 7, 10, 19, 25, 9, 3, 0, 13, 1, 11, 5, 2, 21, 17, 27, 6, 18]",12.0888939
./random_graph_db/graph_db_node_29/10_p0.7/10_graph_n29_p0.7_idx3.gpickle,29,0.7,3,12,121,276,"[21, 5, 27, 13, 2, 18, 28, 24, 10, 25, 0, 9, 3, 20, 11, 7, 8, 4, 15, 22, 6, 26, 17, 16, 12, 23, 14, 19, 1]",11.9777291
./random_graph_db/graph_db_node_29/10_p0.7/10_graph_n29_p0.7_idx4.gpickle,29,0.7,4,12,146,358,"[25, 2, 26, 14, 5, 9, 18, 28, 17, 21, 10, 1, 15, 7, 11, 8, 0, 4, 16, 19, 12, 22, 6, 3, 20, 23, 24, 13, 27]",11.9667971
./random_graph_db/graph_db_node_29/10_p0.7/10_graph_n29_p0.7_idx5.gpickle,29,0.7,5,13,174,401,"[27, 22, 17, 12, 19, 25, 2, 24, 23, 1, 16, 8, 14, 13, 7, 0, 5, 26, 18, 20, 4, 9, 6, 11, 10, 15, 28, 3, 21]",14.0206332
./random_graph_db/graph_db_node_29/10_p0.7/10_graph_n29_p0.7_idx6.gpickle,29,0.7,6,13,136,337,"[9, 14, 4, 7, 0, 23, 13, 16, 1, 6, 27, 25, 15, 28, 3, 19, 26, 24, 12, 21, 20, 8, 10, 17, 22, 11, 18, 2, 5]",13.8953087
./random_graph_db/graph_db_node_29/10_p0.7/10_graph_n29_p0.7_idx7.gpickle,29,0.7,7,14,147,345,"[4, 8, 27, 9, 22, 10, 11, 14, 26, 2, 18, 19, 20, 21, 13, 16, 1, 3, 23, 5, 6, 7, 17, 15, 12, 28, 0, 25, 24]",14.6245461
./random_graph_db/graph_db_node_29/10_p0.7/10_graph_n29_p0.7_idx8.gpickle,29,0.7,8,13,165,398,"[20, 28, 23, 15, 13, 24, 22, 11, 10, 18, 9, 2, 17, 3, 26, 27, 16, 21, 14, 0, 12, 19, 5, 8, 25, 4, 7, 1, 6]",14.27913
./random_graph_db/graph_db_node_29/10_p0.7/10_graph_n29_p0.7_idx9.gpickle,29,0.7,9,13,178,390,"[3, 14, 28, 0, 19, 20, 7, 2, 9, 15, 25, 12, 13, 11, 10, 18, 22, 1, 27, 24, 17, 21, 8, 5, 4, 16, 26, 6, 23]",14.125088
./random_graph_db/graph_db_node_29/11_p0.8/11_graph_n29_p0.8_idx1.gpickle,29,0.8,1,10,124,293,"[22, 18, 25, 23, 5, 3, 4, 1, 7, 14, 6, 10, 12, 19, 24, 2, 28, 26, 9, 11, 0, 13, 20, 15, 8, 17, 27, 16, 21]",10.3854439
./random_graph_db/graph_db_node_29/11_p0.8/11_graph_n29_p0.8_idx10.gpickle,29,0.8,10,13,129,288,"[22, 8, 17, 18, 15, 24, 27, 9, 11, 10, 2, 6, 5, 4, 13, 19, 21, 23, 20, 7, 3, 28, 12, 16, 14, 26, 25, 1, 0]",11.1845088
./random_graph_db/graph_db_node_29/11_p0.8/11_graph_n29_p0.8_idx2.gpickle,29,0.8,2,11,97,213,"[3, 4, 28, 10, 11, 8, 7, 17, 21, 20, 19, 16, 5, 14, 18, 13, 22, 26, 0, 27, 6, 25, 12, 1, 15, 24, 9, 2, 23]",10.7030718
./random_graph_db/graph_db_node_29/11_p0.8/11_graph_n29_p0.8_idx3.gpickle,29,0.8,3,11,103,224,"[20, 3, 6, 4, 16, 19, 5, 9, 24, 8, 23, 22, 11, 21, 7, 17, 26, 27, 18, 10, 28, 14, 13, 1, 25, 0, 12, 2, 15]",9.502073
./random_graph_db/graph_db_node_29/11_p0.8/11_graph_n29_p0.8_idx4.gpickle,29,0.8,4,11,122,262,"[26, 28, 9, 27, 14, 23, 19, 8, 15, 16, 11, 24, 1, 25, 20, 3, 18, 12, 7, 13, 10, 2, 4, 21, 0, 5, 6, 22, 17]",9.2606878
./random_graph_db/graph_db_node_29/11_p0.8/11_graph_n29_p0.8_idx5.gpickle,29,0.8,5,10,109,253,"[27, 2, 7, 16, 11, 1, 5, 0, 13, 18, 17, 24, 8, 22, 4, 19, 23, 10, 9, 14, 28, 6, 20, 21, 15, 25, 3, 12, 26]",8.3559642
./random_graph_db/graph_db_node_29/11_p0.8/11_graph_n29_p0.8_idx6.gpickle,29,0.8,6,10,107,226,"[7, 19, 24, 11, 20, 9, 1, 3, 26, 5, 28, 21, 12, 17, 23, 4, 18, 2, 14, 15, 16, 25, 27, 8, 10, 22, 6, 0, 13]",9.230644
./random_graph_db/graph_db_node_29/11_p0.8/11_graph_n29_p0.8_idx7.gpickle,29,0.8,7,13,133,287,"[3, 0, 8, 26, 24, 23, 25, 1, 16, 10, 4, 6, 22, 11, 7, 13, 14, 2, 9, 15, 12, 28, 17, 19, 21, 20, 18, 27, 5]",11.5964239
./random_graph_db/graph_db_node_29/11_p0.8/11_graph_n29_p0.8_idx8.gpickle,29,0.8,8,12,142,313,"[27, 13, 2, 10, 24, 14, 22, 17, 25, 7, 0, 3, 5, 28, 26, 18, 20, 21, 11, 16, 1, 8, 23, 6, 12, 19, 15, 9, 4]",10.7269371
./random_graph_db/graph_db_node_29/11_p0.8/11_graph_n29_p0.8_idx9.gpickle,29,0.8,9,12,128,294,"[0, 10, 6, 5, 7, 23, 3, 16, 22, 13, 19, 15, 26, 14, 11, 24, 1, 9, 25, 12, 4, 18, 2, 8, 20, 17, 27, 21, 28]",9.932384
./random_graph_db/graph_db_node_29/12_p0.9/12_graph_n29_p0.9_idx1.gpickle,29,0.9,1,6,40,93,"[12, 21, 0, 17, 23, 11, 19, 8, 20, 7, 4, 18, 28, 13, 6, 26, 2, 25, 10, 14, 16, 15, 3, 5, 22, 24, 9, 1, 27]",5.3114481
./random_graph_db/graph_db_node_29/12_p0.9/12_graph_n29_p0.9_idx10.gpickle,29,0.9,10,6,50,116,"[3, 5, 17, 15, 22, 14, 24, 0, 11, 16, 26, 19, 27, 10, 21, 28, 18, 2, 12, 13, 23, 6, 1, 25, 9, 8, 20, 4, 7]",5.9058442
./random_graph_db/graph_db_node_29/12_p0.9/12_graph_n29_p0.9_idx2.gpickle,29,0.9,2,6,41,116,"[27, 20, 26, 0, 6, 22, 13, 12, 2, 28, 1, 17, 23, 16, 7, 19, 15, 24, 25, 3, 10, 4, 9, 8, 21, 18, 14, 5, 11]",5.485101
./random_graph_db/graph_db_node_29/12_p0.9/12_graph_n29_p0.9_idx3.gpickle,29,0.9,3,9,94,212,"[2, 25, 11, 20, 26, 15, 21, 1, 10, 7, 28, 18, 17, 19, 9, 3, 14, 4, 24, 5, 23, 13, 6, 27, 8, 0, 12, 22, 16]",7.3676758
./random_graph_db/graph_db_node_29/12_p0.9/12_graph_n29_p0.9_idx4.gpickle,29,0.9,4,7,55,124,"[17, 16, 24, 26, 21, 18, 8, 0, 19, 2, 15, 12, 23, 1, 7, 28, 22, 9, 20, 27, 4, 3, 10, 6, 11, 13, 5, 25, 14]",6.0302978
./random_graph_db/graph_db_node_29/12_p0.9/12_graph_n29_p0.9_idx5.gpickle,29,0.9,5,5,33,93,"[27, 10, 15, 21, 16, 6, 17, 26, 12, 24, 7, 18, 4, 22, 3, 14, 19, 5, 23, 25, 0, 13, 9, 28, 1, 11, 8, 2, 20]",4.6446822
./random_graph_db/graph_db_node_29/12_p0.9/12_graph_n29_p0.9_idx6.gpickle,29,0.9,6,5,40,112,"[21, 18, 4, 2, 0, 26, 10, 11, 13, 5, 15, 20, 6, 23, 12, 17, 16, 7, 14, 3, 9, 22, 19, 8, 27, 25, 28, 24, 1]",4.8689899
./random_graph_db/graph_db_node_29/12_p0.9/12_graph_n29_p0.9_idx7.gpickle,29,0.9,7,6,37,95,"[3, 23, 4, 6, 25, 2, 14, 22, 11, 10, 9, 28, 16, 15, 24, 20, 19, 27, 7, 5, 1, 21, 26, 13, 12, 0, 8, 18, 17]",4.7408218
./random_graph_db/graph_db_node_29/12_p0.9/12_graph_n29_p0.9_idx8.gpickle,29,0.9,8,7,50,119,"[12, 20, 7, 23, 9, 10, 25, 3, 17, 18, 4, 22, 27, 26, 15, 0, 1, 24, 13, 21, 28, 2, 11, 14, 16, 6, 5, 19, 8]",5.7636552
./random_graph_db/graph_db_node_29/12_p0.9/12_graph_n29_p0.9_idx9.gpickle,29,0.9,9,8,68,171,"[10, 8, 16, 14, 13, 2, 28, 26, 21, 6, 18, 3, 7, 0, 19, 9, 12, 1, 25, 4, 17, 22, 11, 15, 24, 5, 20, 23, 27]",6.5317469
./random_graph_db/graph_db_node_30/01_p0.1/01_graph_n30_p0.1_idx1.gpickle,30,0.1,1,6,25,88,"[28, 5, 1, 6, 21, 13, 16, 9, 12, 27, 3, 14, 11, 20, 4, 26, 15, 24, 25, 0, 23, 22, 29, 18, 8, 19, 2, 10, 7, 17]",3.9046781
./random_graph_db/graph_db_node_30/01_p0.1/01_graph_n30_p0.1_idx10.gpickle,30,0.1,10,7,41,113,"[15, 29, 16, 13, 23, 5, 0, 19, 24, 8, 1, 25, 22, 14, 4, 3, 9, 26, 2, 12, 11, 20, 28, 10, 17, 21, 27, 6, 18, 7]",5.6206839
./random_graph_db/graph_db_node_30/01_p0.1/01_graph_n30_p0.1_idx2.gpickle,30,0.1,2,7,29,82,"[29, 4, 10, 26, 19, 2, 27, 23, 20, 13, 12, 25, 16, 22, 6, 28, 5, 17, 21, 3, 11, 7, 18, 1, 9, 24, 15, 8, 14, 0]",4.5778461
./random_graph_db/graph_db_node_30/01_p0.1/01_graph_n30_p0.1_idx3.gpickle,30,0.1,3,6,23,76,"[8, 17, 12, 9, 7, 20, 0, 10, 1, 19, 25, 29, 28, 4, 14, 2, 18, 16, 22, 3, 26, 21, 15, 23, 13, 5, 24, 6, 27, 11]",4.6010888
./random_graph_db/graph_db_node_30/01_p0.1/01_graph_n30_p0.1_idx4.gpickle,30,0.1,4,6,24,81,"[26, 16, 22, 6, 10, 12, 3, 9, 13, 24, 0, 29, 18, 15, 11, 21, 7, 5, 2, 27, 19, 1, 28, 20, 14, 4, 25, 23, 8, 17]",4.3490729
./random_graph_db/graph_db_node_30/01_p0.1/01_graph_n30_p0.1_idx5.gpickle,30,0.1,5,6,29,87,"[18, 9, 8, 17, 11, 16, 15, 3, 6, 2, 7, 0, 5, 19, 24, 21, 13, 23, 10, 4, 12, 20, 22, 27, 25, 29, 1, 14, 26, 28]",4.6529138
./random_graph_db/graph_db_node_30/01_p0.1/01_graph_n30_p0.1_idx6.gpickle,30,0.1,6,6,31,104,"[0, 15, 17, 20, 10, 19, 27, 22, 5, 28, 12, 21, 13, 29, 11, 16, 26, 24, 18, 4, 23, 6, 3, 2, 25, 1, 8, 9, 7, 14]",4.5978479
./random_graph_db/graph_db_node_30/01_p0.1/01_graph_n30_p0.1_idx7.gpickle,30,0.1,7,5,16,57,"[11, 25, 17, 26, 1, 2, 3, 4, 22, 14, 6, 10, 19, 13, 5, 12, 20, 9, 29, 15, 24, 16, 28, 0, 7, 23, 18, 8, 21, 27]",3.8554518
./random_graph_db/graph_db_node_30/01_p0.1/01_graph_n30_p0.1_idx8.gpickle,30,0.1,8,6,27,75,"[27, 14, 25, 28, 7, 9, 2, 17, 10, 24, 12, 3, 1, 8, 18, 15, 0, 4, 29, 19, 16, 5, 23, 26, 21, 11, 6, 13, 22, 20]",4.732367
./random_graph_db/graph_db_node_30/01_p0.1/01_graph_n30_p0.1_idx9.gpickle,30,0.1,9,7,35,87,"[12, 27, 24, 22, 10, 9, 2, 19, 28, 1, 21, 13, 18, 23, 16, 8, 6, 29, 0, 14, 17, 7, 25, 3, 5, 15, 4, 20, 26, 11]",4.6559579
./random_graph_db/graph_db_node_30/02_p0.2/02_graph_n30_p0.2_idx1.gpickle,30,0.2,1,10,96,226,"[5, 1, 15, 26, 9, 28, 17, 13, 25, 3, 2, 7, 24, 14, 21, 20, 4, 29, 0, 10, 6, 11, 27, 19, 23, 22, 16, 18, 8, 12]",7.8153501
./random_graph_db/graph_db_node_30/02_p0.2/02_graph_n30_p0.2_idx10.gpickle,30,0.2,10,10,81,177,"[15, 24, 4, 21, 2, 14, 3, 11, 17, 20, 8, 12, 9, 1, 27, 16, 6, 18, 10, 7, 13, 5, 19, 29, 22, 23, 25, 0, 28, 26]",8.113606
./random_graph_db/graph_db_node_30/02_p0.2/02_graph_n30_p0.2_idx2.gpickle,30,0.2,2,11,104,225,"[15, 19, 6, 10, 20, 0, 18, 13, 8, 29, 25, 3, 1, 26, 23, 4, 12, 27, 5, 17, 11, 2, 16, 21, 14, 7, 24, 9, 28, 22]",8.6476259
./random_graph_db/graph_db_node_30/02_p0.2/02_graph_n30_p0.2_idx3.gpickle,30,0.2,3,10,86,189,"[25, 10, 6, 28, 26, 14, 24, 8, 17, 12, 5, 29, 18, 27, 2, 4, 21, 23, 15, 7, 22, 20, 19, 13, 11, 0, 9, 1, 3, 16]",7.8798611
./random_graph_db/graph_db_node_30/02_p0.2/02_graph_n30_p0.2_idx4.gpickle,30,0.2,4,10,83,183,"[29, 24, 11, 9, 20, 15, 14, 16, 26, 4, 23, 7, 5, 22, 6, 27, 10, 18, 8, 13, 19, 21, 28, 3, 25, 12, 2, 17, 0, 1]",7.1742902
./random_graph_db/graph_db_node_30/02_p0.2/02_graph_n30_p0.2_idx5.gpickle,30,0.2,5,9,66,154,"[6, 20, 2, 17, 24, 29, 12, 3, 14, 0, 26, 18, 10, 15, 21, 19, 7, 23, 9, 27, 11, 4, 1, 22, 25, 5, 28, 13, 16, 8]",6.5180178
./random_graph_db/graph_db_node_30/02_p0.2/02_graph_n30_p0.2_idx6.gpickle,30,0.2,6,11,106,232,"[9, 22, 13, 20, 12, 5, 15, 24, 11, 3, 10, 16, 8, 28, 18, 21, 27, 1, 26, 7, 6, 17, 19, 14, 25, 23, 4, 2, 29, 0]",7.489753
./random_graph_db/graph_db_node_30/02_p0.2/02_graph_n30_p0.2_idx7.gpickle,30,0.2,7,9,81,191,"[0, 20, 23, 4, 19, 8, 3, 2, 6, 13, 25, 21, 10, 26, 11, 7, 14, 12, 29, 22, 15, 5, 9, 18, 24, 17, 1, 27, 16, 28]",7.3109992
./random_graph_db/graph_db_node_30/02_p0.2/02_graph_n30_p0.2_idx8.gpickle,30,0.2,8,10,99,216,"[13, 9, 0, 10, 4, 22, 12, 20, 16, 27, 29, 28, 17, 2, 8, 3, 24, 25, 15, 5, 6, 18, 26, 11, 21, 19, 23, 7, 1, 14]",8.2075951
./random_graph_db/graph_db_node_30/02_p0.2/02_graph_n30_p0.2_idx9.gpickle,30,0.2,9,10,74,180,"[9, 14, 2, 20, 28, 13, 11, 12, 29, 15, 21, 6, 3, 8, 5, 16, 25, 22, 10, 7, 4, 17, 27, 26, 24, 0, 19, 23, 18, 1]",7.8298571
./random_graph_db/graph_db_node_30/03_p0.3/03_graph_n30_p0.3_idx1.gpickle,30,0.3,1,14,140,319,"[11, 29, 22, 4, 17, 21, 19, 8, 15, 5, 23, 14, 13, 1, 0, 2, 10, 3, 6, 12, 20, 18, 27, 9, 25, 24, 26, 16, 7, 28]",11.4486499
./random_graph_db/graph_db_node_30/03_p0.3/03_graph_n30_p0.3_idx10.gpickle,30,0.3,10,13,155,330,"[21, 3, 5, 14, 8, 26, 17, 18, 0, 24, 10, 25, 6, 27, 23, 19, 4, 20, 22, 1, 15, 29, 11, 9, 28, 16, 13, 2, 7, 12]",11.4263477
./random_graph_db/graph_db_node_30/03_p0.3/03_graph_n30_p0.3_idx2.gpickle,30,0.3,2,14,148,327,"[4, 2, 28, 26, 3, 8, 7, 5, 13, 19, 20, 25, 27, 0, 21, 9, 6, 17, 11, 14, 15, 29, 18, 16, 22, 24, 23, 1, 10, 12]",11.5308919
./random_graph_db/graph_db_node_30/03_p0.3/03_graph_n30_p0.3_idx3.gpickle,30,0.3,3,12,129,298,"[20, 28, 8, 11, 18, 14, 0, 4, 12, 24, 19, 15, 6, 10, 22, 25, 17, 1, 16, 3, 7, 23, 26, 27, 5, 13, 29, 9, 2, 21]",11.7639709
./random_graph_db/graph_db_node_30/03_p0.3/03_graph_n30_p0.3_idx4.gpickle,30,0.3,4,12,128,294,"[9, 24, 16, 29, 15, 0, 8, 21, 27, 22, 26, 6, 3, 28, 11, 13, 14, 17, 2, 7, 25, 18, 10, 19, 4, 20, 23, 12, 5, 1]",9.8394701
./random_graph_db/graph_db_node_30/03_p0.3/03_graph_n30_p0.3_idx5.gpickle,30,0.3,5,13,142,299,"[21, 0, 16, 19, 2, 17, 22, 15, 9, 25, 11, 10, 1, 3, 28, 14, 29, 8, 5, 23, 7, 26, 4, 24, 27, 18, 6, 12, 20, 13]",10.9709811
./random_graph_db/graph_db_node_30/03_p0.3/03_graph_n30_p0.3_idx6.gpickle,30,0.3,6,12,137,297,"[16, 20, 13, 4, 1, 28, 8, 6, 9, 25, 18, 21, 26, 27, 11, 5, 3, 14, 0, 22, 24, 2, 12, 29, 23, 10, 19, 15, 7, 17]",10.6703863
./random_graph_db/graph_db_node_30/03_p0.3/03_graph_n30_p0.3_idx7.gpickle,30,0.3,7,12,147,327,"[18, 4, 16, 17, 27, 10, 5, 19, 23, 11, 14, 7, 13, 12, 28, 24, 29, 9, 3, 2, 0, 21, 20, 6, 15, 22, 1, 25, 26, 8]",11.4665942
./random_graph_db/graph_db_node_30/03_p0.3/03_graph_n30_p0.3_idx8.gpickle,30,0.3,8,12,131,307,"[26, 21, 5, 1, 27, 0, 23, 10, 17, 9, 8, 22, 20, 15, 12, 18, 13, 6, 4, 3, 24, 14, 11, 29, 7, 28, 2, 25, 16, 19]",10.4001019
./random_graph_db/graph_db_node_30/03_p0.3/03_graph_n30_p0.3_idx9.gpickle,30,0.3,9,13,154,361,"[12, 5, 1, 11, 9, 4, 17, 27, 19, 28, 6, 20, 23, 29, 3, 8, 21, 2, 0, 16, 13, 22, 18, 10, 24, 7, 25, 14, 15, 26]",12.8074279
./random_graph_db/graph_db_node_30/04_p0.4/04_graph_n30_p0.4_idx1.gpickle,30,0.4,1,13,170,363,"[1, 23, 19, 3, 26, 17, 12, 4, 7, 29, 24, 9, 16, 5, 14, 27, 6, 8, 25, 15, 28, 11, 2, 13, 22, 0, 18, 21, 10, 20]",14.6156349
./random_graph_db/graph_db_node_30/04_p0.4/04_graph_n30_p0.4_idx10.gpickle,30,0.4,10,13,157,351,"[29, 22, 10, 0, 5, 24, 17, 19, 21, 2, 16, 20, 1, 4, 14, 26, 27, 25, 7, 12, 9, 23, 15, 28, 3, 8, 6, 13, 11, 18]",14.110553
./random_graph_db/graph_db_node_30/04_p0.4/04_graph_n30_p0.4_idx2.gpickle,30,0.4,2,14,170,377,"[3, 18, 14, 7, 29, 16, 9, 2, 15, 6, 24, 4, 19, 1, 17, 8, 22, 11, 12, 10, 25, 20, 13, 0, 5, 27, 21, 28, 26, 23]",14.8299139
./random_graph_db/graph_db_node_30/04_p0.4/04_graph_n30_p0.4_idx3.gpickle,30,0.4,3,14,175,386,"[14, 3, 20, 17, 11, 27, 28, 25, 19, 29, 18, 21, 13, 16, 7, 22, 5, 4, 0, 9, 24, 15, 6, 26, 8, 2, 12, 23, 10, 1]",14.7302809
./random_graph_db/graph_db_node_30/04_p0.4/04_graph_n30_p0.4_idx4.gpickle,30,0.4,4,13,162,356,"[15, 10, 25, 8, 6, 2, 1, 26, 12, 0, 21, 16, 18, 27, 5, 9, 11, 4, 23, 7, 24, 22, 3, 19, 20, 13, 17, 28, 29, 14]",14.6817391
./random_graph_db/graph_db_node_30/04_p0.4/04_graph_n30_p0.4_idx5.gpickle,30,0.4,5,14,173,394,"[6, 29, 0, 23, 28, 12, 9, 21, 24, 1, 11, 16, 25, 27, 19, 13, 20, 3, 4, 7, 22, 2, 10, 14, 17, 15, 26, 8, 18, 5]",14.7901919
./random_graph_db/graph_db_node_30/04_p0.4/04_graph_n30_p0.4_idx6.gpickle,30,0.4,6,14,174,391,"[24, 18, 0, 6, 25, 7, 16, 28, 21, 2, 27, 5, 22, 19, 13, 14, 20, 3, 12, 17, 26, 4, 23, 10, 9, 15, 1, 29, 11, 8]",14.5637929
./random_graph_db/graph_db_node_30/04_p0.4/04_graph_n30_p0.4_idx7.gpickle,30,0.4,7,13,168,386,"[24, 20, 6, 26, 1, 22, 14, 16, 5, 2, 0, 23, 8, 28, 27, 17, 18, 19, 13, 15, 11, 29, 10, 21, 25, 12, 3, 7, 4, 9]",13.8091691
./random_graph_db/graph_db_node_30/04_p0.4/04_graph_n30_p0.4_idx8.gpickle,30,0.4,8,14,156,324,"[28, 24, 8, 18, 14, 23, 3, 20, 19, 2, 0, 17, 9, 7, 29, 10, 11, 27, 26, 21, 4, 5, 16, 22, 1, 13, 6, 12, 15, 25]",13.661314
./random_graph_db/graph_db_node_30/04_p0.4/04_graph_n30_p0.4_idx9.gpickle,30,0.4,9,14,161,364,"[3, 13, 1, 15, 9, 18, 23, 26, 6, 7, 12, 29, 8, 19, 14, 24, 0, 2, 4, 21, 22, 10, 17, 5, 11, 16, 28, 20, 25, 27]",14.6287951
./random_graph_db/graph_db_node_30/05_p0.45/05_graph_n30_p0.45_idx1.gpickle,30,0.45,1,13,178,413,"[23, 11, 8, 5, 16, 20, 15, 29, 2, 22, 0, 28, 12, 6, 7, 14, 13, 24, 27, 4, 25, 18, 9, 19, 10, 26, 17, 1, 3, 21]",13.7934411
./random_graph_db/graph_db_node_30/05_p0.45/05_graph_n30_p0.45_idx10.gpickle,30,0.45,10,13,175,394,"[14, 19, 28, 9, 10, 8, 18, 2, 7, 13, 25, 15, 23, 20, 1, 29, 5, 4, 0, 22, 11, 21, 24, 3, 26, 12, 27, 17, 16, 6]",15.181072
./random_graph_db/graph_db_node_30/05_p0.45/05_graph_n30_p0.45_idx2.gpickle,30,0.45,2,13,162,358,"[6, 3, 7, 17, 4, 23, 18, 16, 13, 15, 11, 2, 27, 19, 5, 10, 26, 29, 14, 9, 28, 12, 21, 22, 1, 8, 25, 0, 24, 20]",14.6653421
./random_graph_db/graph_db_node_30/05_p0.45/05_graph_n30_p0.45_idx3.gpickle,30,0.45,3,14,194,452,"[17, 5, 0, 3, 22, 14, 15, 25, 21, 1, 26, 20, 7, 29, 16, 19, 24, 8, 2, 18, 4, 13, 28, 27, 10, 12, 6, 9, 23, 11]",15.338253
./random_graph_db/graph_db_node_30/05_p0.45/05_graph_n30_p0.45_idx4.gpickle,30,0.45,4,14,174,389,"[4, 3, 10, 20, 27, 7, 26, 21, 1, 9, 24, 23, 22, 25, 2, 11, 18, 0, 15, 13, 12, 16, 29, 17, 14, 8, 28, 5, 6, 19]",15.2500663
./random_graph_db/graph_db_node_30/05_p0.45/05_graph_n30_p0.45_idx5.gpickle,30,0.45,5,13,168,386,"[3, 6, 14, 24, 27, 29, 19, 9, 18, 21, 17, 16, 23, 22, 2, 4, 5, 25, 11, 7, 28, 13, 0, 1, 8, 15, 26, 10, 12, 20]",14.5929568
./random_graph_db/graph_db_node_30/05_p0.45/05_graph_n30_p0.45_idx6.gpickle,30,0.45,6,13,156,374,"[12, 17, 1, 2, 11, 7, 16, 6, 20, 0, 29, 26, 21, 25, 8, 14, 18, 9, 13, 10, 19, 22, 24, 5, 28, 3, 27, 23, 15, 4]",15.069329
./random_graph_db/graph_db_node_30/05_p0.45/05_graph_n30_p0.45_idx7.gpickle,30,0.45,7,14,176,404,"[3, 26, 11, 20, 28, 25, 24, 0, 7, 22, 29, 8, 23, 1, 14, 6, 4, 9, 13, 17, 18, 16, 12, 19, 2, 15, 21, 27, 5, 10]",15.4978518
./random_graph_db/graph_db_node_30/05_p0.45/05_graph_n30_p0.45_idx8.gpickle,30,0.45,8,13,173,380,"[20, 22, 21, 27, 23, 4, 10, 6, 19, 0, 14, 25, 1, 3, 26, 5, 13, 28, 18, 16, 11, 17, 15, 9, 7, 29, 12, 2, 24, 8]",14.2919848
./random_graph_db/graph_db_node_30/05_p0.45/05_graph_n30_p0.45_idx9.gpickle,30,0.45,9,14,192,418,"[25, 27, 1, 20, 19, 5, 21, 2, 13, 26, 9, 16, 18, 6, 23, 0, 8, 15, 17, 29, 24, 7, 22, 3, 28, 10, 4, 11, 12, 14]",15.3928311
./random_graph_db/graph_db_node_30/06_p0.5/06_graph_n30_p0.5_idx1.gpickle,30,0.5,1,13,166,385,"[13, 25, 20, 8, 7, 9, 21, 18, 12, 1, 4, 10, 29, 22, 28, 26, 24, 11, 15, 27, 14, 16, 5, 19, 2, 3, 23, 17, 6, 0]",14.753509
./random_graph_db/graph_db_node_30/06_p0.5/06_graph_n30_p0.5_idx10.gpickle,30,0.5,10,13,158,371,"[17, 20, 5, 12, 4, 26, 28, 25, 18, 3, 14, 6, 10, 15, 27, 0, 24, 23, 22, 11, 1, 7, 29, 2, 8, 19, 13, 21, 16, 9]",14.4626238
./random_graph_db/graph_db_node_30/06_p0.5/06_graph_n30_p0.5_idx2.gpickle,30,0.5,2,14,175,360,"[7, 9, 1, 13, 10, 29, 19, 15, 5, 11, 18, 21, 16, 4, 24, 25, 3, 27, 8, 6, 20, 0, 26, 22, 28, 12, 2, 17, 23, 14]",14.273366
./random_graph_db/graph_db_node_30/06_p0.5/06_graph_n30_p0.5_idx3.gpickle,30,0.5,3,13,185,415,"[16, 23, 3, 0, 24, 17, 18, 6, 10, 7, 2, 8, 13, 15, 20, 12, 14, 1, 19, 28, 9, 25, 29, 11, 5, 21, 27, 26, 22, 4]",14.752054
./random_graph_db/graph_db_node_30/06_p0.5/06_graph_n30_p0.5_idx4.gpickle,30,0.5,4,13,159,388,"[27, 7, 1, 0, 15, 2, 14, 8, 6, 24, 10, 11, 18, 9, 13, 12, 19, 21, 26, 28, 22, 23, 5, 20, 25, 29, 16, 17, 3, 4]",14.209471
./random_graph_db/graph_db_node_30/06_p0.5/06_graph_n30_p0.5_idx5.gpickle,30,0.5,5,13,171,390,"[22, 17, 16, 10, 7, 3, 0, 29, 14, 26, 18, 25, 28, 27, 9, 5, 12, 2, 13, 23, 21, 11, 19, 20, 24, 15, 4, 8, 6, 1]",14.7393317
./random_graph_db/graph_db_node_30/06_p0.5/06_graph_n30_p0.5_idx6.gpickle,30,0.5,6,13,180,403,"[18, 3, 4, 0, 7, 13, 27, 25, 15, 20, 29, 19, 2, 26, 10, 23, 12, 6, 22, 9, 5, 11, 1, 28, 17, 16, 8, 21, 14, 24]",14.4181092
./random_graph_db/graph_db_node_30/06_p0.5/06_graph_n30_p0.5_idx7.gpickle,30,0.5,7,14,184,398,"[6, 24, 15, 28, 18, 10, 13, 14, 0, 17, 4, 7, 29, 3, 9, 21, 26, 16, 20, 11, 8, 23, 5, 19, 1, 22, 27, 12, 25, 2]",14.509639
./random_graph_db/graph_db_node_30/06_p0.5/06_graph_n30_p0.5_idx8.gpickle,30,0.5,8,14,186,408,"[11, 12, 8, 7, 23, 5, 20, 14, 29, 21, 22, 19, 13, 1, 18, 2, 17, 26, 4, 0, 25, 16, 9, 10, 27, 6, 28, 24, 3, 15]",15.504899
./random_graph_db/graph_db_node_30/06_p0.5/06_graph_n30_p0.5_idx9.gpickle,30,0.5,9,13,172,367,"[9, 5, 19, 4, 12, 1, 27, 28, 29, 0, 10, 7, 25, 24, 3, 23, 20, 6, 18, 22, 26, 17, 15, 14, 2, 21, 8, 13, 16, 11]",14.8178937
./random_graph_db/graph_db_node_30/07_p0.55/07_graph_n30_p0.55_idx1.gpickle,30,0.55,1,14,188,421,"[2, 20, 25, 13, 6, 21, 4, 1, 12, 18, 9, 10, 15, 8, 3, 5, 16, 0, 24, 29, 7, 11, 22, 27, 28, 17, 23, 26, 19, 14]",16.2313881
./random_graph_db/graph_db_node_30/07_p0.55/07_graph_n30_p0.55_idx10.gpickle,30,0.55,10,14,180,417,"[1, 3, 10, 13, 0, 25, 11, 24, 14, 28, 8, 2, 17, 9, 15, 16, 12, 22, 29, 7, 18, 4, 5, 23, 6, 19, 20, 27, 21, 26]",14.509083
./random_graph_db/graph_db_node_30/07_p0.55/07_graph_n30_p0.55_idx2.gpickle,30,0.55,2,13,170,384,"[23, 12, 9, 21, 19, 18, 3, 24, 20, 7, 13, 17, 8, 6, 14, 2, 28, 15, 25, 10, 22, 26, 1, 0, 4, 29, 5, 16, 11, 27]",14.8892732
./random_graph_db/graph_db_node_30/07_p0.55/07_graph_n30_p0.55_idx3.gpickle,30,0.55,3,13,181,413,"[26, 28, 24, 4, 6, 25, 21, 2, 5, 10, 27, 14, 23, 20, 22, 1, 17, 11, 15, 8, 18, 3, 29, 0, 9, 13, 12, 16, 7, 19]",14.588412
./random_graph_db/graph_db_node_30/07_p0.55/07_graph_n30_p0.55_idx4.gpickle,30,0.55,4,14,160,370,"[7, 14, 12, 18, 23, 22, 8, 21, 6, 16, 28, 9, 0, 5, 20, 11, 10, 15, 13, 2, 29, 24, 19, 27, 1, 17, 25, 26, 3, 4]",13.742465
./random_graph_db/graph_db_node_30/07_p0.55/07_graph_n30_p0.55_idx5.gpickle,30,0.55,5,14,181,414,"[16, 17, 13, 8, 26, 5, 3, 20, 10, 1, 0, 19, 7, 4, 28, 6, 27, 2, 23, 14, 12, 22, 21, 15, 9, 11, 18, 25, 24, 29]",14.6692519
./random_graph_db/graph_db_node_30/07_p0.55/07_graph_n30_p0.55_idx6.gpickle,30,0.55,6,14,169,381,"[22, 3, 18, 17, 9, 28, 12, 6, 13, 2, 10, 14, 15, 27, 4, 23, 20, 0, 16, 7, 5, 1, 11, 24, 29, 25, 21, 8, 19, 26]",14.5057211
./random_graph_db/graph_db_node_30/07_p0.55/07_graph_n30_p0.55_idx7.gpickle,30,0.55,7,13,174,390,"[3, 12, 7, 8, 16, 22, 27, 21, 26, 11, 24, 28, 2, 4, 19, 0, 13, 1, 6, 14, 17, 29, 23, 20, 5, 10, 18, 9, 15, 25]",14.9444852
./random_graph_db/graph_db_node_30/07_p0.55/07_graph_n30_p0.55_idx8.gpickle,30,0.55,8,14,163,381,"[12, 8, 14, 5, 16, 25, 7, 13, 2, 21, 6, 0, 11, 20, 24, 22, 17, 18, 23, 3, 28, 29, 4, 26, 9, 15, 1, 19, 10, 27]",14.935864
./random_graph_db/graph_db_node_30/07_p0.55/07_graph_n30_p0.55_idx9.gpickle,30,0.55,9,14,160,372,"[11, 26, 16, 23, 13, 0, 15, 25, 9, 20, 6, 29, 4, 22, 12, 14, 7, 27, 28, 10, 19, 8, 2, 17, 3, 1, 21, 5, 24, 18]",14.7203119
./random_graph_db/graph_db_node_30/08_p0.6/08_graph_n30_p0.6_idx1.gpickle,30,0.6,1,14,188,421,"[1, 13, 11, 16, 24, 5, 2, 12, 7, 23, 15, 8, 17, 4, 27, 26, 25, 10, 0, 3, 19, 20, 18, 6, 28, 9, 14, 29, 22, 21]",15.7826111
./random_graph_db/graph_db_node_30/08_p0.6/08_graph_n30_p0.6_idx10.gpickle,30,0.6,10,14,189,414,"[24, 23, 19, 10, 14, 17, 25, 6, 12, 16, 1, 26, 8, 27, 20, 11, 21, 18, 5, 22, 13, 29, 28, 15, 9, 3, 4, 0, 7, 2]",14.6874158
./random_graph_db/graph_db_node_30/08_p0.6/08_graph_n30_p0.6_idx2.gpickle,30,0.6,2,13,178,406,"[18, 0, 4, 28, 9, 22, 3, 12, 11, 7, 19, 17, 16, 8, 27, 23, 26, 24, 2, 20, 10, 6, 14, 5, 15, 25, 13, 29, 1, 21]",15.324059
./random_graph_db/graph_db_node_30/08_p0.6/08_graph_n30_p0.6_idx3.gpickle,30,0.6,3,14,179,398,"[18, 3, 19, 10, 4, 8, 14, 15, 22, 16, 28, 17, 12, 7, 23, 2, 5, 1, 24, 20, 6, 25, 13, 9, 21, 26, 11, 29, 27, 0]",15.0758946
./random_graph_db/graph_db_node_30/08_p0.6/08_graph_n30_p0.6_idx4.gpickle,30,0.6,4,14,181,422,"[18, 8, 3, 29, 21, 1, 17, 14, 11, 4, 9, 10, 24, 12, 2, 13, 22, 7, 28, 27, 16, 6, 5, 15, 0, 20, 19, 26, 23, 25]",15.4563591
./random_graph_db/graph_db_node_30/08_p0.6/08_graph_n30_p0.6_idx5.gpickle,30,0.6,5,13,188,447,"[21, 12, 10, 19, 26, 29, 18, 5, 25, 7, 0, 27, 4, 9, 13, 24, 11, 16, 2, 1, 28, 17, 15, 3, 23, 20, 14, 22, 6, 8]",15.7856057
./random_graph_db/graph_db_node_30/08_p0.6/08_graph_n30_p0.6_idx6.gpickle,30,0.6,6,13,177,389,"[4, 8, 12, 28, 22, 26, 29, 18, 1, 17, 9, 19, 13, 6, 20, 14, 21, 3, 0, 16, 27, 25, 11, 15, 7, 10, 2, 23, 24, 5]",15.0954199
./random_graph_db/graph_db_node_30/08_p0.6/08_graph_n30_p0.6_idx7.gpickle,30,0.6,7,13,169,392,"[29, 15, 8, 20, 23, 17, 22, 7, 18, 6, 4, 21, 5, 12, 27, 9, 10, 2, 26, 24, 25, 13, 3, 1, 19, 11, 16, 28, 0, 14]",15.6964231
./random_graph_db/graph_db_node_30/08_p0.6/08_graph_n30_p0.6_idx8.gpickle,30,0.6,8,14,189,417,"[20, 9, 14, 21, 3, 1, 18, 10, 27, 13, 6, 15, 19, 23, 22, 4, 5, 29, 16, 7, 25, 12, 0, 11, 26, 17, 2, 28, 24, 8]",16.7557991
./random_graph_db/graph_db_node_30/08_p0.6/08_graph_n30_p0.6_idx9.gpickle,30,0.6,9,14,188,445,"[17, 5, 25, 3, 22, 4, 11, 12, 9, 14, 19, 23, 10, 26, 6, 18, 16, 15, 0, 1, 20, 29, 13, 8, 28, 24, 2, 21, 27, 7]",15.8936381
./random_graph_db/graph_db_node_30/09_p0.65/09_graph_n30_p0.65_idx1.gpickle,30,0.65,1,13,179,407,"[10, 7, 16, 28, 21, 18, 14, 17, 15, 27, 0, 25, 2, 24, 19, 26, 12, 13, 4, 1, 6, 29, 11, 22, 23, 8, 9, 3, 5, 20]",14.1464841
./random_graph_db/graph_db_node_30/09_p0.65/09_graph_n30_p0.65_idx10.gpickle,30,0.65,10,14,172,385,"[23, 0, 26, 17, 16, 5, 18, 2, 20, 1, 3, 15, 10, 4, 8, 25, 13, 9, 21, 19, 7, 14, 24, 6, 27, 22, 11, 12, 28, 29]",15.0603399
./random_graph_db/graph_db_node_30/09_p0.65/09_graph_n30_p0.65_idx2.gpickle,30,0.65,2,13,188,418,"[1, 10, 0, 28, 11, 21, 27, 16, 25, 12, 9, 2, 7, 15, 17, 8, 19, 3, 26, 4, 22, 14, 13, 18, 24, 29, 5, 6, 23, 20]",15.6980753
./random_graph_db/graph_db_node_30/09_p0.65/09_graph_n30_p0.65_idx3.gpickle,30,0.65,3,13,168,394,"[4, 12, 10, 24, 29, 8, 26, 2, 0, 25, 13, 21, 1, 20, 22, 6, 28, 7, 15, 14, 5, 17, 23, 16, 19, 3, 9, 27, 18, 11]",14.579633
./random_graph_db/graph_db_node_30/09_p0.65/09_graph_n30_p0.65_idx4.gpickle,30,0.65,4,13,186,402,"[17, 3, 23, 5, 4, 20, 19, 10, 27, 21, 29, 0, 18, 28, 1, 7, 2, 26, 6, 9, 24, 16, 11, 25, 22, 15, 8, 14, 12, 13]",14.8087819
./random_graph_db/graph_db_node_30/09_p0.65/09_graph_n30_p0.65_idx5.gpickle,30,0.65,5,13,184,400,"[15, 27, 4, 20, 18, 10, 29, 28, 24, 22, 1, 6, 5, 25, 19, 23, 9, 7, 3, 17, 11, 21, 26, 13, 8, 2, 0, 12, 16, 14]",15.4094851
./random_graph_db/graph_db_node_30/09_p0.65/09_graph_n30_p0.65_idx6.gpickle,30,0.65,6,14,168,374,"[19, 11, 27, 4, 0, 23, 12, 15, 5, 9, 24, 26, 7, 6, 18, 29, 3, 14, 20, 25, 17, 28, 1, 21, 22, 13, 10, 8, 2, 16]",14.0539279
./random_graph_db/graph_db_node_30/09_p0.65/09_graph_n30_p0.65_idx7.gpickle,30,0.65,7,14,178,394,"[24, 18, 0, 28, 3, 29, 14, 10, 1, 8, 12, 11, 7, 6, 25, 20, 19, 5, 27, 15, 4, 26, 16, 23, 9, 13, 17, 21, 22, 2]",15.193855
./random_graph_db/graph_db_node_30/09_p0.65/09_graph_n30_p0.65_idx8.gpickle,30,0.65,8,14,168,391,"[20, 13, 2, 4, 28, 22, 5, 14, 12, 19, 29, 24, 6, 23, 9, 8, 25, 11, 3, 27, 21, 15, 7, 10, 0, 17, 1, 18, 16, 26]",15.3574588
./random_graph_db/graph_db_node_30/09_p0.65/09_graph_n30_p0.65_idx9.gpickle,30,0.65,9,14,177,394,"[8, 24, 17, 13, 27, 25, 16, 21, 10, 23, 15, 29, 26, 0, 7, 1, 20, 6, 19, 9, 28, 4, 3, 11, 18, 22, 14, 2, 12, 5]",15.2891941
./random_graph_db/graph_db_node_30/10_p0.7/10_graph_n30_p0.7_idx1.gpickle,30,0.7,1,13,167,368,"[27, 8, 16, 22, 24, 7, 17, 5, 18, 29, 21, 19, 1, 11, 15, 23, 9, 4, 13, 14, 20, 2, 12, 28, 26, 25, 3, 6, 10, 0]",13.7689981
./random_graph_db/graph_db_node_30/10_p0.7/10_graph_n30_p0.7_idx10.gpickle,30,0.7,10,13,158,371,"[15, 1, 16, 20, 27, 22, 9, 8, 23, 14, 24, 4, 29, 3, 28, 5, 13, 21, 11, 2, 6, 12, 17, 10, 0, 18, 25, 26, 19, 7]",14.1563711
./random_graph_db/graph_db_node_30/10_p0.7/10_graph_n30_p0.7_idx2.gpickle,30,0.7,2,14,163,363,"[16, 9, 13, 1, 15, 0, 11, 19, 5, 10, 12, 7, 14, 29, 20, 4, 23, 22, 24, 28, 25, 18, 26, 17, 27, 6, 21, 2, 8, 3]",13.20977
./random_graph_db/graph_db_node_30/10_p0.7/10_graph_n30_p0.7_idx3.gpickle,30,0.7,3,14,172,377,"[2, 24, 8, 17, 13, 6, 29, 21, 28, 9, 16, 10, 18, 4, 3, 1, 25, 19, 11, 23, 0, 15, 5, 7, 27, 20, 26, 14, 12, 22]",14.1257312
./random_graph_db/graph_db_node_30/10_p0.7/10_graph_n30_p0.7_idx4.gpickle,30,0.7,4,14,184,387,"[23, 14, 11, 6, 3, 19, 22, 20, 16, 27, 24, 1, 21, 13, 0, 8, 18, 25, 15, 7, 5, 26, 2, 29, 17, 4, 10, 9, 28, 12]",13.8017821
./random_graph_db/graph_db_node_30/10_p0.7/10_graph_n30_p0.7_idx5.gpickle,30,0.7,5,14,176,402,"[24, 18, 0, 29, 17, 21, 6, 26, 14, 8, 28, 7, 20, 13, 1, 16, 4, 9, 22, 5, 3, 12, 10, 19, 27, 15, 11, 23, 25, 2]",13.9995589
./random_graph_db/graph_db_node_30/10_p0.7/10_graph_n30_p0.7_idx6.gpickle,30,0.7,6,13,166,353,"[6, 13, 15, 5, 19, 7, 9, 25, 2, 12, 21, 23, 3, 17, 4, 18, 24, 26, 11, 20, 28, 1, 0, 16, 29, 8, 14, 10, 27, 22]",12.8564899
./random_graph_db/graph_db_node_30/10_p0.7/10_graph_n30_p0.7_idx7.gpickle,30,0.7,7,14,197,427,"[13, 17, 0, 4, 24, 15, 21, 1, 11, 18, 25, 16, 19, 28, 2, 5, 10, 7, 8, 12, 3, 9, 20, 14, 22, 26, 27, 29, 6, 23]",15.2191403
./random_graph_db/graph_db_node_30/10_p0.7/10_graph_n30_p0.7_idx8.gpickle,30,0.7,8,14,186,392,"[21, 20, 5, 11, 3, 4, 28, 1, 27, 12, 6, 7, 29, 23, 26, 8, 0, 18, 19, 9, 10, 2, 22, 16, 13, 14, 15, 24, 17, 25]",14.5979872
./random_graph_db/graph_db_node_30/10_p0.7/10_graph_n30_p0.7_idx9.gpickle,30,0.7,9,13,156,350,"[2, 10, 25, 3, 13, 8, 4, 22, 15, 6, 28, 20, 18, 0, 19, 27, 26, 16, 11, 17, 21, 1, 14, 5, 7, 9, 12, 23, 24, 29]",13.1572492
./random_graph_db/graph_db_node_30/11_p0.8/11_graph_n30_p0.8_idx1.gpickle,30,0.8,1,12,128,282,"[0, 4, 13, 11, 23, 24, 28, 3, 20, 7, 12, 15, 29, 16, 27, 22, 14, 2, 26, 10, 25, 19, 8, 18, 6, 9, 21, 1, 5, 17]",10.0002332
./random_graph_db/graph_db_node_30/11_p0.8/11_graph_n30_p0.8_idx10.gpickle,30,0.8,10,12,136,312,"[23, 15, 8, 26, 7, 28, 17, 9, 4, 3, 20, 5, 18, 25, 19, 24, 10, 13, 14, 2, 0, 11, 21, 12, 6, 29, 1, 27, 22, 16]",11.626559
./random_graph_db/graph_db_node_30/11_p0.8/11_graph_n30_p0.8_idx2.gpickle,30,0.8,2,12,111,261,"[18, 11, 5, 24, 21, 2, 1, 14, 3, 17, 29, 9, 19, 27, 0, 25, 15, 20, 16, 12, 10, 6, 13, 28, 23, 22, 8, 7, 26, 4]",9.631146
./random_graph_db/graph_db_node_30/11_p0.8/11_graph_n30_p0.8_idx3.gpickle,30,0.8,3,12,131,298,"[23, 2, 26, 16, 6, 11, 5, 27, 12, 15, 19, 10, 9, 18, 17, 21, 25, 28, 4, 1, 3, 8, 14, 13, 24, 20, 29, 22, 7, 0]",11.2081852
./random_graph_db/graph_db_node_30/11_p0.8/11_graph_n30_p0.8_idx4.gpickle,30,0.8,4,11,124,278,"[16, 17, 8, 20, 15, 2, 19, 25, 10, 1, 3, 11, 22, 4, 23, 18, 26, 14, 21, 9, 0, 12, 6, 13, 27, 28, 5, 7, 24, 29]",10.2970591
./random_graph_db/graph_db_node_30/11_p0.8/11_graph_n30_p0.8_idx5.gpickle,30,0.8,5,12,117,264,"[19, 4, 6, 11, 28, 12, 3, 15, 5, 27, 18, 20, 24, 17, 22, 14, 13, 7, 0, 16, 9, 8, 2, 25, 26, 23, 21, 1, 10, 29]",9.1312823
./random_graph_db/graph_db_node_30/11_p0.8/11_graph_n30_p0.8_idx6.gpickle,30,0.8,6,11,122,270,"[19, 8, 7, 6, 15, 12, 3, 22, 21, 10, 14, 0, 5, 1, 4, 16, 13, 29, 9, 18, 17, 2, 23, 25, 27, 28, 11, 20, 26, 24]",10.2546062
./random_graph_db/graph_db_node_30/11_p0.8/11_graph_n30_p0.8_idx7.gpickle,30,0.8,7,12,131,334,"[9, 1, 5, 13, 4, 17, 16, 2, 15, 20, 21, 14, 24, 23, 8, 7, 19, 10, 22, 26, 6, 28, 0, 29, 18, 27, 12, 11, 25, 3]",11.1188979
./random_graph_db/graph_db_node_30/11_p0.8/11_graph_n30_p0.8_idx8.gpickle,30,0.8,8,12,151,339,"[15, 23, 16, 2, 0, 17, 6, 5, 10, 28, 14, 4, 11, 12, 18, 26, 8, 25, 27, 13, 22, 24, 21, 19, 1, 29, 20, 7, 9, 3]",10.8572338
./random_graph_db/graph_db_node_30/11_p0.8/11_graph_n30_p0.8_idx9.gpickle,30,0.8,9,12,136,320,"[16, 6, 17, 9, 4, 20, 11, 15, 24, 1, 10, 22, 27, 7, 21, 29, 26, 2, 3, 0, 18, 23, 14, 5, 13, 8, 28, 12, 25, 19]",11.206847
./random_graph_db/graph_db_node_30/12_p0.9/12_graph_n30_p0.9_idx1.gpickle,30,0.9,1,5,37,99,"[19, 5, 20, 8, 17, 13, 7, 6, 29, 11, 23, 26, 0, 12, 1, 21, 28, 24, 2, 3, 22, 27, 16, 18, 10, 25, 4, 15, 14, 9]",5.8221161
./random_graph_db/graph_db_node_30/12_p0.9/12_graph_n30_p0.9_idx10.gpickle,30,0.9,10,6,45,117,"[21, 29, 2, 5, 3, 19, 1, 8, 26, 12, 22, 0, 7, 20, 18, 14, 6, 24, 11, 15, 4, 16, 17, 10, 23, 28, 13, 25, 9, 27]",5.3754139
./random_graph_db/graph_db_node_30/12_p0.9/12_graph_n30_p0.9_idx2.gpickle,30,0.9,2,8,57,145,"[8, 21, 29, 27, 1, 4, 5, 6, 0, 16, 24, 14, 23, 22, 9, 7, 26, 13, 19, 12, 3, 17, 25, 18, 11, 2, 15, 20, 28, 10]",7.166918
./random_graph_db/graph_db_node_30/12_p0.9/12_graph_n30_p0.9_idx3.gpickle,30,0.9,3,9,73,168,"[3, 23, 18, 5, 15, 19, 13, 25, 14, 2, 26, 9, 6, 16, 10, 17, 21, 27, 11, 24, 7, 28, 22, 0, 8, 20, 1, 12, 4, 29]",7.374023
./random_graph_db/graph_db_node_30/12_p0.9/12_graph_n30_p0.9_idx4.gpickle,30,0.9,4,8,53,117,"[24, 28, 22, 3, 6, 7, 25, 11, 1, 20, 29, 27, 23, 5, 14, 15, 21, 19, 0, 9, 8, 26, 13, 18, 2, 12, 16, 4, 10, 17]",6.4364309
./random_graph_db/graph_db_node_30/12_p0.9/12_graph_n30_p0.9_idx5.gpickle,30,0.9,5,6,46,112,"[28, 18, 0, 4, 12, 8, 24, 2, 6, 1, 10, 17, 27, 25, 22, 14, 20, 5, 7, 16, 9, 21, 11, 29, 26, 19, 13, 23, 3, 15]",5.1305139
./random_graph_db/graph_db_node_30/12_p0.9/12_graph_n30_p0.9_idx6.gpickle,30,0.9,6,7,45,114,"[12, 19, 17, 27, 25, 8, 3, 11, 28, 21, 2, 14, 6, 7, 22, 9, 5, 23, 24, 18, 16, 15, 10, 1, 29, 20, 13, 0, 26, 4]",6.3155181
./random_graph_db/graph_db_node_30/12_p0.9/12_graph_n30_p0.9_idx7.gpickle,30,0.9,7,4,30,98,"[11, 18, 28, 22, 8, 10, 29, 23, 7, 19, 9, 16, 6, 25, 3, 1, 27, 2, 20, 12, 4, 14, 5, 21, 15, 26, 13, 0, 17, 24]",4.9591212
./random_graph_db/graph_db_node_30/12_p0.9/12_graph_n30_p0.9_idx8.gpickle,30,0.9,8,8,69,172,"[17, 11, 14, 0, 1, 13, 5, 22, 4, 18, 24, 6, 8, 21, 16, 7, 3, 28, 12, 27, 19, 23, 29, 20, 25, 10, 26, 2, 9, 15]",7.4777138
./random_graph_db/graph_db_node_30/12_p0.9/12_graph_n30_p0.9_idx9.gpickle,30,0.9,9,8,69,150,"[16, 12, 17, 13, 21, 4, 3, 8, 20, 6, 28, 11, 15, 29, 7, 19, 23, 5, 22, 18, 26, 10, 2, 25, 24, 1, 14, 9, 27, 0]",8.162607
./random_graph_db/graph_db_node_6/01_p0.1/01_graph_n6_p0.1_idx1.gpickle,6,0.1,1,1,0,7,"[0, 5, 2, 1, 4, 3]",0.605468
./random_graph_db/graph_db_node_6/01_p0.1/01_graph_n6_p0.1_idx10.gpickle,6,0.1,10,1,0,7,"[1, 0, 4, 3, 5, 2]",0.654335
./random_graph_db/graph_db_node_6/01_p0.1/01_graph_n6_p0.1_idx2.gpickle,6,0.1,2,1,0,7,"[3, 2, 1, 4, 0, 5]",0.6278751
./random_graph_db/graph_db_node_6/01_p0.1/01_graph_n6_p0.1_idx3.gpickle,6,0.1,3,1,0,7,"[5, 2, 4, 0, 1, 3]",0.6028233
./random_graph_db/graph_db_node_6/01_p0.1/01_graph_n6_p0.1_idx4.gpickle,6,0.1,4,1,0,7,"[5, 1, 3, 4, 0, 2]",0.5977349
./random_graph_db/graph_db_node_6/01_p0.1/01_graph_n6_p0.1_idx5.gpickle,6,0.1,5,1,0,7,"[2, 5, 0, 1, 3, 4]",0.6279149
./random_graph_db/graph_db_node_6/01_p0.1/01_graph_n6_p0.1_idx6.gpickle,6,0.1,6,1,0,7,"[3, 5, 1, 0, 4, 2]",0.5918829
./random_graph_db/graph_db_node_6/01_p0.1/01_graph_n6_p0.1_idx7.gpickle,6,0.1,7,1,0,7,"[1, 4, 0, 2, 5, 3]",0.593771
./random_graph_db/graph_db_node_6/01_p0.1/01_graph_n6_p0.1_idx8.gpickle,6,0.1,8,1,0,7,"[0, 3, 2, 1, 4, 5]",0.5970652
./random_graph_db/graph_db_node_6/01_p0.1/01_graph_n6_p0.1_idx9.gpickle,6,0.1,9,2,2,12,"[2, 4, 1, 5, 3, 0]",0.6855738
./random_graph_db/graph_db_node_6/02_p0.2/02_graph_n6_p0.2_idx1.gpickle,6,0.2,1,1,0,7,"[4, 3, 1, 2, 5, 0]",0.5923152
./random_graph_db/graph_db_node_6/02_p0.2/02_graph_n6_p0.2_idx10.gpickle,6,0.2,10,1,0,7,"[2, 1, 4, 0, 3, 5]",0.595793
./random_graph_db/graph_db_node_6/02_p0.2/02_graph_n6_p0.2_idx2.gpickle,6,0.2,2,2,2,12,"[1, 2, 5, 3, 0, 4]",0.6499171
./random_graph_db/graph_db_node_6/02_p0.2/02_graph_n6_p0.2_idx3.gpickle,6,0.2,3,2,2,12,"[5, 2, 4, 1, 3, 0]",0.7030888
./random_graph_db/graph_db_node_6/02_p0.2/02_graph_n6_p0.2_idx4.gpickle,6,0.2,4,2,2,12,"[2, 3, 5, 4, 0, 1]",0.6823471
./random_graph_db/graph_db_node_6/02_p0.2/02_graph_n6_p0.2_idx5.gpickle,6,0.2,5,2,2,12,"[2, 0, 5, 3, 4, 1]",0.6628449
./random_graph_db/graph_db_node_6/02_p0.2/02_graph_n6_p0.2_idx6.gpickle,6,0.2,6,1,0,7,"[1, 5, 3, 2, 4, 0]",0.5957363
./random_graph_db/graph_db_node_6/02_p0.2/02_graph_n6_p0.2_idx7.gpickle,6,0.2,7,1,0,7,"[4, 3, 1, 2, 0, 5]",0.5908849
./random_graph_db/graph_db_node_6/02_p0.2/02_graph_n6_p0.2_idx8.gpickle,6,0.2,8,1,0,7,"[2, 4, 0, 1, 3, 5]",0.5949981
./random_graph_db/graph_db_node_6/02_p0.2/02_graph_n6_p0.2_idx9.gpickle,6,0.2,9,1,0,7,"[5, 1, 3, 4, 2, 0]",0.593389
./random_graph_db/graph_db_node_6/03_p0.3/03_graph_n6_p0.3_idx1.gpickle,6,0.3,1,1,0,7,"[1, 3, 2, 4, 0, 5]",0.622869
./random_graph_db/graph_db_node_6/03_p0.3/03_graph_n6_p0.3_idx10.gpickle,6,0.3,10,2,4,14,"[4, 2, 5, 3, 0, 1]",0.7362173
./random_graph_db/graph_db_node_6/03_p0.3/03_graph_n6_p0.3_idx2.gpickle,6,0.3,2,2,2,12,"[0, 4, 1, 2, 3, 5]",0.8477247
./random_graph_db/graph_db_node_6/03_p0.3/03_graph_n6_p0.3_idx3.gpickle,6,0.3,3,1,0,7,"[1, 2, 4, 5, 3, 0]",0.605906
./random_graph_db/graph_db_node_6/03_p0.3/03_graph_n6_p0.3_idx4.gpickle,6,0.3,4,2,2,12,"[1, 4, 2, 0, 3, 5]",0.734725
./random_graph_db/graph_db_node_6/03_p0.3/03_graph_n6_p0.3_idx5.gpickle,6,0.3,5,1,0,7,"[3, 5, 0, 1, 4, 2]",0.615464
./random_graph_db/graph_db_node_6/03_p0.3/03_graph_n6_p0.3_idx6.gpickle,6,0.3,6,1,0,7,"[0, 5, 4, 3, 1, 2]",0.599016
./random_graph_db/graph_db_node_6/03_p0.3/03_graph_n6_p0.3_idx7.gpickle,6,0.3,7,2,2,12,"[3, 0, 2, 4, 1, 5]",0.6694241
./random_graph_db/graph_db_node_6/03_p0.3/03_graph_n6_p0.3_idx8.gpickle,6,0.3,8,1,0,7,"[0, 5, 4, 1, 2, 3]",0.6243126
./random_graph_db/graph_db_node_6/03_p0.3/03_graph_n6_p0.3_idx9.gpickle,6,0.3,9,1,0,7,"[2, 0, 3, 4, 5, 1]",0.603127
./random_graph_db/graph_db_node_6/04_p0.4/04_graph_n6_p0.4_idx1.gpickle,6,0.4,1,1,0,7,"[4, 5, 2, 1, 3, 0]",0.6066501
./random_graph_db/graph_db_node_6/04_p0.4/04_graph_n6_p0.4_idx10.gpickle,6,0.4,10,1,0,7,"[0, 2, 5, 1, 4, 3]",0.596447
./random_graph_db/graph_db_node_6/04_p0.4/04_graph_n6_p0.4_idx2.gpickle,6,0.4,2,2,2,12,"[0, 4, 2, 1, 3, 5]",0.750958
./random_graph_db/graph_db_node_6/04_p0.4/04_graph_n6_p0.4_idx3.gpickle,6,0.4,3,1,0,7,"[2, 5, 0, 3, 1, 4]",0.6300406
./random_graph_db/graph_db_node_6/04_p0.4/04_graph_n6_p0.4_idx4.gpickle,6,0.4,4,2,2,12,"[2, 5, 0, 3, 1, 4]",0.6607959
./random_graph_db/graph_db_node_6/04_p0.4/04_graph_n6_p0.4_idx5.gpickle,6,0.4,5,1,0,7,"[2, 0, 1, 4, 5, 3]",0.6027722
./random_graph_db/graph_db_node_6/04_p0.4/04_graph_n6_p0.4_idx6.gpickle,6,0.4,6,1,0,7,"[1, 4, 0, 2, 5, 3]",0.5937948
./random_graph_db/graph_db_node_6/04_p0.4/04_graph_n6_p0.4_idx7.gpickle,6,0.4,7,1,0,7,"[1, 4, 5, 0, 3, 2]",0.6259751
./random_graph_db/graph_db_node_6/04_p0.4/04_graph_n6_p0.4_idx8.gpickle,6,0.4,8,2,2,12,"[1, 2, 0, 4, 5, 3]",0.6594307
./random_graph_db/graph_db_node_6/04_p0.4/04_graph_n6_p0.4_idx9.gpickle,6,0.4,9,2,2,10,"[2, 3, 4, 5, 0, 1]",0.7064772
./random_graph_db/graph_db_node_6/05_p0.45/05_graph_n6_p0.45_idx1.gpickle,6,0.45,1,1,0,7,"[0, 4, 1, 3, 2, 5]",0.598567
./random_graph_db/graph_db_node_6/05_p0.45/05_graph_n6_p0.45_idx10.gpickle,6,0.45,10,2,4,20,"[2, 5, 4, 1, 3, 0]",0.8332779
./random_graph_db/graph_db_node_6/05_p0.45/05_graph_n6_p0.45_idx2.gpickle,6,0.45,2,2,3,13,"[1, 2, 0, 5, 4, 3]",0.7289002
./random_graph_db/graph_db_node_6/05_p0.45/05_graph_n6_p0.45_idx3.gpickle,6,0.45,3,1,0,7,"[0, 5, 2, 4, 3, 1]",0.6027951
./random_graph_db/graph_db_node_6/05_p0.45/05_graph_n6_p0.45_idx4.gpickle,6,0.45,4,1,0,7,"[1, 5, 4, 0, 3, 2]",0.5884979
./random_graph_db/graph_db_node_6/05_p0.45/05_graph_n6_p0.45_idx5.gpickle,6,0.45,5,2,2,12,"[1, 2, 5, 3, 0, 4]",0.731303
./random_graph_db/graph_db_node_6/05_p0.45/05_graph_n6_p0.45_idx6.gpickle,6,0.45,6,1,0,7,"[1, 0, 3, 5, 4, 2]",0.5960438
./random_graph_db/graph_db_node_6/05_p0.45/05_graph_n6_p0.45_idx7.gpickle,6,0.45,7,1,0,7,"[0, 3, 1, 4, 5, 2]",0.6080732
./random_graph_db/graph_db_node_6/05_p0.45/05_graph_n6_p0.45_idx8.gpickle,6,0.45,8,2,2,12,"[3, 0, 1, 2, 5, 4]",0.642453
./random_graph_db/graph_db_node_6/05_p0.45/05_graph_n6_p0.45_idx9.gpickle,6,0.45,9,1,0,7,"[3, 2, 0, 4, 1, 5]",0.5992351
./random_graph_db/graph_db_node_6/06_p0.5/06_graph_n6_p0.5_idx1.gpickle,6,0.5,1,1,0,7,"[2, 4, 1, 5, 3, 0]",0.6206741
./random_graph_db/graph_db_node_6/06_p0.5/06_graph_n6_p0.5_idx10.gpickle,6,0.5,10,2,2,10,"[0, 2, 4, 1, 5, 3]",0.7072999
./random_graph_db/graph_db_node_6/06_p0.5/06_graph_n6_p0.5_idx2.gpickle,6,0.5,2,1,0,7,"[2, 4, 0, 5, 1, 3]",0.60727
./random_graph_db/graph_db_node_6/06_p0.5/06_graph_n6_p0.5_idx3.gpickle,6,0.5,3,2,2,10,"[0, 5, 1, 2, 3, 4]",0.6568899
./random_graph_db/graph_db_node_6/06_p0.5/06_graph_n6_p0.5_idx4.gpickle,6,0.5,4,2,2,12,"[2, 1, 3, 0, 5, 4]",0.6704164
./random_graph_db/graph_db_node_6/06_p0.5/06_graph_n6_p0.5_idx5.gpickle,6,0.5,5,2,3,13,"[5, 1, 0, 3, 4, 2]",0.7341108
./random_graph_db/graph_db_node_6/06_p0.5/06_graph_n6_p0.5_idx6.gpickle,6,0.5,6,2,2,12,"[2, 1, 0, 3, 4, 5]",0.6651714
./random_graph_db/graph_db_node_6/06_p0.5/06_graph_n6_p0.5_idx7.gpickle,6,0.5,7,1,0,7,"[1, 4, 2, 5, 3, 0]",0.6046591
./random_graph_db/graph_db_node_6/06_p0.5/06_graph_n6_p0.5_idx8.gpickle,6,0.5,8,1,0,7,"[3, 0, 5, 4, 2, 1]",0.6050692
./random_graph_db/graph_db_node_6/06_p0.5/06_graph_n6_p0.5_idx9.gpickle,6,0.5,9,2,2,12,"[0, 1, 5, 4, 2, 3]",0.7474809
./random_graph_db/graph_db_node_6/07_p0.55/07_graph_n6_p0.55_idx1.gpickle,6,0.55,1,2,2,12,"[5, 3, 2, 1, 0, 4]",0.6789219
./random_graph_db/graph_db_node_6/07_p0.55/07_graph_n6_p0.55_idx10.gpickle,6,0.55,10,1,0,7,"[5, 2, 0, 3, 4, 1]",0.6120577
./random_graph_db/graph_db_node_6/07_p0.55/07_graph_n6_p0.55_idx2.gpickle,6,0.55,2,1,0,7,"[5, 2, 0, 3, 1, 4]",0.630022
./random_graph_db/graph_db_node_6/07_p0.55/07_graph_n6_p0.55_idx3.gpickle,6,0.55,3,1,0,7,"[4, 3, 2, 0, 5, 1]",0.5963547
./random_graph_db/graph_db_node_6/07_p0.55/07_graph_n6_p0.55_idx4.gpickle,6,0.55,4,1,0,7,"[4, 0, 5, 3, 2, 1]",0.6004109
./random_graph_db/graph_db_node_6/07_p0.55/07_graph_n6_p0.55_idx5.gpickle,6,0.55,5,2,2,12,"[0, 3, 2, 1, 4, 5]",0.6562541
./random_graph_db/graph_db_node_6/07_p0.55/07_graph_n6_p0.55_idx6.gpickle,6,0.55,6,1,0,7,"[5, 1, 4, 2, 0, 3]",0.6084681
./random_graph_db/graph_db_node_6/07_p0.55/07_graph_n6_p0.55_idx7.gpickle,6,0.55,7,2,2,10,"[1, 3, 4, 5, 2, 0]",0.666528
./random_graph_db/graph_db_node_6/07_p0.55/07_graph_n6_p0.55_idx8.gpickle,6,0.55,8,2,2,12,"[0, 1, 4, 5, 2, 3]",0.6485021
./random_graph_db/graph_db_node_6/07_p0.55/07_graph_n6_p0.55_idx9.gpickle,6,0.55,9,2,3,13,"[4, 2, 3, 1, 0, 5]",0.7158604
./random_graph_db/graph_db_node_6/08_p0.6/08_graph_n6_p0.6_idx1.gpickle,6,0.6,1,2,2,12,"[3, 5, 0, 2, 4, 1]",0.6552799
./random_graph_db/graph_db_node_6/08_p0.6/08_graph_n6_p0.6_idx10.gpickle,6,0.6,10,2,2,12,"[3, 1, 5, 4, 2, 0]",0.6622961
./random_graph_db/graph_db_node_6/08_p0.6/08_graph_n6_p0.6_idx2.gpickle,6,0.6,2,2,4,20,"[0, 2, 5, 3, 4, 1]",1.014046
./random_graph_db/graph_db_node_6/08_p0.6/08_graph_n6_p0.6_idx3.gpickle,6,0.6,3,2,2,12,"[5, 0, 2, 4, 1, 3]",0.6934192
./random_graph_db/graph_db_node_6/08_p0.6/08_graph_n6_p0.6_idx4.gpickle,6,0.6,4,2,4,14,"[4, 0, 1, 2, 3, 5]",0.734966
./random_graph_db/graph_db_node_6/08_p0.6/08_graph_n6_p0.6_idx5.gpickle,6,0.6,5,2,3,13,"[3, 4, 1, 2, 5, 0]",0.7523022
./random_graph_db/graph_db_node_6/08_p0.6/08_graph_n6_p0.6_idx6.gpickle,6,0.6,6,1,0,7,"[2, 1, 5, 3, 0, 4]",0.6509209
./random_graph_db/graph_db_node_6/08_p0.6/08_graph_n6_p0.6_idx7.gpickle,6,0.6,7,1,0,7,"[2, 3, 4, 5, 1, 0]",0.6341639
./random_graph_db/graph_db_node_6/08_p0.6/08_graph_n6_p0.6_idx8.gpickle,6,0.6,8,2,2,12,"[2, 4, 0, 3, 5, 1]",0.728498
./random_graph_db/graph_db_node_6/08_p0.6/08_graph_n6_p0.6_idx9.gpickle,6,0.6,9,1,0,7,"[2, 3, 1, 5, 4, 0]",0.5954411
./random_graph_db/graph_db_node_6/09_p0.65/09_graph_n6_p0.65_idx1.gpickle,6,0.65,1,2,2,12,"[1, 5, 0, 3, 4, 2]",0.6889601
./random_graph_db/graph_db_node_6/09_p0.65/09_graph_n6_p0.65_idx10.gpickle,6,0.65,10,1,0,7,"[1, 3, 2, 5, 4, 0]",0.6072881
./random_graph_db/graph_db_node_6/09_p0.65/09_graph_n6_p0.65_idx2.gpickle,6,0.65,2,1,0,7,"[5, 4, 3, 1, 2, 0]",0.6014121
./random_graph_db/graph_db_node_6/09_p0.65/09_graph_n6_p0.65_idx3.gpickle,6,0.65,3,2,3,13,"[2, 5, 3, 0, 1, 4]",0.7114828
./random_graph_db/graph_db_node_6/09_p0.65/09_graph_n6_p0.65_idx4.gpickle,6,0.65,4,1,0,7,"[5, 2, 1, 3, 0, 4]",0.6262171
./random_graph_db/graph_db_node_6/09_p0.65/09_graph_n6_p0.65_idx5.gpickle,6,0.65,5,2,2,12,"[0, 5, 4, 3, 1, 2]",0.7030699
./random_graph_db/graph_db_node_6/09_p0.65/09_graph_n6_p0.65_idx6.gpickle,6,0.65,6,2,4,22,"[2, 0, 3, 5, 4, 1]",0.7920249
./random_graph_db/graph_db_node_6/09_p0.65/09_graph_n6_p0.65_idx7.gpickle,6,0.65,7,2,2,12,"[1, 3, 4, 0, 5, 2]",0.6534801
./random_graph_db/graph_db_node_6/09_p0.65/09_graph_n6_p0.65_idx8.gpickle,6,0.65,8,2,2,12,"[1, 3, 0, 4, 5, 2]",0.700372
./random_graph_db/graph_db_node_6/09_p0.65/09_graph_n6_p0.65_idx9.gpickle,6,0.65,9,2,2,12,"[1, 0, 3, 2, 4, 5]",0.6787848
./random_graph_db/graph_db_node_6/10_p0.7/10_graph_n6_p0.7_idx1.gpickle,6,0.7,1,1,0,7,"[2, 0, 3, 1, 5, 4]",0.5976429
./random_graph_db/graph_db_node_6/10_p0.7/10_graph_n6_p0.7_idx10.gpickle,6,0.7,10,2,2,10,"[1, 5, 3, 0, 2, 4]",0.6508489
./random_graph_db/graph_db_node_6/10_p0.7/10_graph_n6_p0.7_idx2.gpickle,6,0.7,2,1,0,7,"[3, 1, 5, 4, 2, 0]",0.5934632
./random_graph_db/graph_db_node_6/10_p0.7/10_graph_n6_p0.7_idx3.gpickle,6,0.7,3,2,2,12,"[5, 0, 1, 3, 2, 4]",0.6995342
./random_graph_db/graph_db_node_6/10_p0.7/10_graph_n6_p0.7_idx4.gpickle,6,0.7,4,1,0,7,"[4, 1, 3, 2, 0, 5]",0.6269722
./random_graph_db/graph_db_node_6/10_p0.7/10_graph_n6_p0.7_idx5.gpickle,6,0.7,5,1,0,7,"[0, 3, 5, 1, 4, 2]",0.6023397
./random_graph_db/graph_db_node_6/10_p0.7/10_graph_n6_p0.7_idx6.gpickle,6,0.7,6,1,0,7,"[3, 0, 1, 2, 5, 4]",0.5992849
./random_graph_db/graph_db_node_6/10_p0.7/10_graph_n6_p0.7_idx7.gpickle,6,0.7,7,2,2,12,"[2, 1, 4, 0, 5, 3]",0.6693041
./random_graph_db/graph_db_node_6/10_p0.7/10_graph_n6_p0.7_idx8.gpickle,6,0.7,8,2,2,12,"[2, 3, 4, 1, 5, 0]",0.6845102
./random_graph_db/graph_db_node_6/10_p0.7/10_graph_n6_p0.7_idx9.gpickle,6,0.7,9,1,0,7,"[0, 3, 1, 2, 4, 5]",0.6010051
./random_graph_db/graph_db_node_6/11_p0.8/11_graph_n6_p0.8_idx1.gpickle,6,0.8,1,2,2,12,"[1, 2, 5, 3, 0, 4]",0.716388
./random_graph_db/graph_db_node_6/11_p0.8/11_graph_n6_p0.8_idx10.gpickle,6,0.8,10,2,2,10,"[2, 1, 3, 0, 4, 5]",0.6960988
./random_graph_db/graph_db_node_6/11_p0.8/11_graph_n6_p0.8_idx2.gpickle,6,0.8,2,1,0,7,"[4, 2, 0, 3, 1, 5]",0.5994077
./random_graph_db/graph_db_node_6/11_p0.8/11_graph_n6_p0.8_idx3.gpickle,6,0.8,3,1,0,7,"[3, 1, 0, 2, 4, 5]",0.589397
./random_graph_db/graph_db_node_6/11_p0.8/11_graph_n6_p0.8_idx4.gpickle,6,0.8,4,2,4,14,"[1, 5, 2, 4, 0, 3]",0.720242
./random_graph_db/graph_db_node_6/11_p0.8/11_graph_n6_p0.8_idx5.gpickle,6,0.8,5,1,0,7,"[5, 3, 0, 1, 4, 2]",0.6054859
./random_graph_db/graph_db_node_6/11_p0.8/11_graph_n6_p0.8_idx6.gpickle,6,0.8,6,2,3,13,"[1, 3, 2, 5, 0, 4]",0.7553761
./random_graph_db/graph_db_node_6/11_p0.8/11_graph_n6_p0.8_idx7.gpickle,6,0.8,7,2,2,12,"[4, 1, 5, 2, 3, 0]",0.7154963
./random_graph_db/graph_db_node_6/11_p0.8/11_graph_n6_p0.8_idx8.gpickle,6,0.8,8,1,0,7,"[1, 4, 3, 2, 0, 5]",0.5966051
./random_graph_db/graph_db_node_6/11_p0.8/11_graph_n6_p0.8_idx9.gpickle,6,0.8,9,1,0,7,"[5, 2, 4, 3, 0, 1]",0.570421
./random_graph_db/graph_db_node_6/12_p0.9/12_graph_n6_p0.9_idx1.gpickle,6,0.9,1,1,0,7,"[3, 2, 1, 0, 4, 5]",0.595175
./random_graph_db/graph_db_node_6/12_p0.9/12_graph_n6_p0.9_idx10.gpickle,6,0.9,10,2,2,12,"[1, 3, 4, 5, 0, 2]",0.6794622
./random_graph_db/graph_db_node_6/12_p0.9/12_graph_n6_p0.9_idx2.gpickle,6,0.9,2,1,0,7,"[5, 2, 1, 3, 0, 4]",0.6345549
./random_graph_db/graph_db_node_6/12_p0.9/12_graph_n6_p0.9_idx3.gpickle,6,0.9,3,1,0,7,"[1, 2, 4, 0, 3, 5]",0.7462988
./random_graph_db/graph_db_node_6/12_p0.9/12_graph_n6_p0.9_idx4.gpickle,6,0.9,4,1,0,7,"[0, 1, 3, 4, 5, 2]",0.6065378
./random_graph_db/graph_db_node_6/12_p0.9/12_graph_n6_p0.9_idx5.gpickle,6,0.9,5,1,0,7,"[5, 1, 4, 3, 2, 0]",0.62198
./random_graph_db/graph_db_node_6/12_p0.9/12_graph_n6_p0.9_idx6.gpickle,6,0.9,6,2,2,10,"[0, 4, 5, 3, 1, 2]",0.7132607
./random_graph_db/graph_db_node_6/12_p0.9/12_graph_n6_p0.9_idx7.gpickle,6,0.9,7,1,0,7,"[2, 5, 4, 0, 3, 1]",0.596468
./random_graph_db/graph_db_node_6/12_p0.9/12_graph_n6_p0.9_idx8.gpickle,6,0.9,8,2,2,12,"[5, 4, 0, 1, 2, 3]",0.6638708
./random_graph_db/graph_db_node_6/12_p0.9/12_graph_n6_p0.9_idx9.gpickle,6,0.9,9,2,2,12,"[1, 5, 4, 2, 0, 3]",0.667042
./random_graph_db/graph_db_node_7/01_p0.1/01_graph_n7_p0.1_idx1.gpickle,7,0.1,1,1,0,8,"[6, 5, 4, 1, 2, 0, 3]",0.6987741
./random_graph_db/graph_db_node_7/01_p0.1/01_graph_n7_p0.1_idx10.gpickle,7,0.1,10,1,0,8,"[2, 1, 3, 6, 0, 4, 5]",0.665801
./random_graph_db/graph_db_node_7/01_p0.1/01_graph_n7_p0.1_idx2.gpickle,7,0.1,2,2,2,13,"[2, 4, 1, 3, 0, 5, 6]",0.7362559
./random_graph_db/graph_db_node_7/01_p0.1/01_graph_n7_p0.1_idx3.gpickle,7,0.1,3,2,2,11,"[2, 6, 0, 4, 3, 1, 5]",0.7253101
./random_graph_db/graph_db_node_7/01_p0.1/01_graph_n7_p0.1_idx4.gpickle,7,0.1,4,1,0,8,"[2, 6, 4, 0, 5, 3, 1]",0.6913171
./random_graph_db/graph_db_node_7/01_p0.1/01_graph_n7_p0.1_idx5.gpickle,7,0.1,5,2,2,11,"[3, 2, 5, 0, 4, 6, 1]",0.7213621
./random_graph_db/graph_db_node_7/01_p0.1/01_graph_n7_p0.1_idx6.gpickle,7,0.1,6,1,0,8,"[5, 1, 0, 2, 3, 6, 4]",0.6578848
./random_graph_db/graph_db_node_7/01_p0.1/01_graph_n7_p0.1_idx7.gpickle,7,0.1,7,1,0,8,"[4, 3, 0, 2, 5, 1, 6]",0.6659899
./random_graph_db/graph_db_node_7/01_p0.1/01_graph_n7_p0.1_idx8.gpickle,7,0.1,8,1,0,8,"[4, 5, 3, 1, 2, 6, 0]",0.657408
./random_graph_db/graph_db_node_7/01_p0.1/01_graph_n7_p0.1_idx9.gpickle,7,0.1,9,2,1,10,"[0, 5, 6, 4, 1, 3, 2]",0.6992431
./random_graph_db/graph_db_node_7/02_p0.2/02_graph_n7_p0.2_idx1.gpickle,7,0.2,1,2,2,13,"[3, 4, 6, 1, 5, 2, 0]",0.7386529
./random_graph_db/graph_db_node_7/02_p0.2/02_graph_n7_p0.2_idx10.gpickle,7,0.2,10,2,2,13,"[2, 1, 5, 4, 0, 6, 3]",0.753211
./random_graph_db/graph_db_node_7/02_p0.2/02_graph_n7_p0.2_idx2.gpickle,7,0.2,2,1,0,8,"[0, 3, 5, 1, 4, 6, 2]",0.6769638
./random_graph_db/graph_db_node_7/02_p0.2/02_graph_n7_p0.2_idx3.gpickle,7,0.2,3,1,0,8,"[1, 5, 2, 4, 3, 0, 6]",0.69822
./random_graph_db/graph_db_node_7/02_p0.2/02_graph_n7_p0.2_idx4.gpickle,7,0.2,4,1,0,8,"[0, 3, 6, 5, 1, 2, 4]",0.6562297
./random_graph_db/graph_db_node_7/02_p0.2/02_graph_n7_p0.2_idx5.gpickle,7,0.2,5,1,0,8,"[4, 6, 3, 5, 1, 0, 2]",0.6654861
./random_graph_db/graph_db_node_7/02_p0.2/02_graph_n7_p0.2_idx6.gpickle,7,0.2,6,1,0,8,"[1, 0, 2, 4, 5, 3, 6]",0.656641
./random_graph_db/graph_db_node_7/02_p0.2/02_graph_n7_p0.2_idx7.gpickle,7,0.2,7,2,2,13,"[5, 4, 3, 0, 2, 1, 6]",0.746515
./random_graph_db/graph_db_node_7/02_p0.2/02_graph_n7_p0.2_idx8.gpickle,7,0.2,8,2,2,13,"[2, 0, 1, 3, 4, 6, 5]",0.8839209
./random_graph_db/graph_db_node_7/02_p0.2/02_graph_n7_p0.2_idx9.gpickle,7,0.2,9,1,0,8,"[2, 1, 3, 6, 5, 4, 0]",0.6777673
./random_graph_db/graph_db_node_7/03_p0.3/03_graph_n7_p0.3_idx1.gpickle,7,0.3,1,1,0,8,"[2, 3, 6, 5, 0, 1, 4]",0.6612008
./random_graph_db/graph_db_node_7/03_p0.3/03_graph_n7_p0.3_idx10.gpickle,7,0.3,10,2,1,10,"[1, 5, 0, 2, 6, 3, 4]",0.7091811
./random_graph_db/graph_db_node_7/03_p0.3/03_graph_n7_p0.3_idx2.gpickle,7,0.3,2,2,2,13,"[3, 4, 2, 0, 6, 5, 1]",0.7888849
./random_graph_db/graph_db_node_7/03_p0.3/03_graph_n7_p0.3_idx3.gpickle,7,0.3,3,1,0,8,"[1, 2, 4, 3, 5, 6, 0]",0.6745832
./random_graph_db/graph_db_node_7/03_p0.3/03_graph_n7_p0.3_idx4.gpickle,7,0.3,4,2,3,12,"[5, 6, 4, 3, 0, 2, 1]",0.7905951
./random_graph_db/graph_db_node_7/03_p0.3/03_graph_n7_p0.3_idx5.gpickle,7,0.3,5,2,2,13,"[4, 5, 3, 0, 2, 6, 1]",0.7799048
./random_graph_db/graph_db_node_7/03_p0.3/03_graph_n7_p0.3_idx6.gpickle,7,0.3,6,3,7,21,"[5, 2, 4, 6, 0, 3, 1]",0.9149511
./random_graph_db/graph_db_node_7/03_p0.3/03_graph_n7_p0.3_idx7.gpickle,7,0.3,7,3,5,19,"[1, 0, 6, 3, 4, 5, 2]",0.8673759
./random_graph_db/graph_db_node_7/03_p0.3/03_graph_n7_p0.3_idx8.gpickle,7,0.3,8,1,0,8,"[2, 3, 1, 6, 5, 0, 4]",0.6682329
./random_graph_db/graph_db_node_7/03_p0.3/03_graph_n7_p0.3_idx9.gpickle,7,0.3,9,2,2,11,"[2, 3, 5, 4, 6, 0, 1]",0.7400188
./random_graph_db/graph_db_node_7/04_p0.4/04_graph_n7_p0.4_idx1.gpickle,7,0.4,1,2,3,14,"[2, 5, 6, 4, 1, 0, 3]",0.7959471
./random_graph_db/graph_db_node_7/04_p0.4/04_graph_n7_p0.4_idx10.gpickle,7,0.4,10,2,4,15,"[6, 2, 1, 3, 5, 4, 0]",0.8879979
./random_graph_db/graph_db_node_7/04_p0.4/04_graph_n7_p0.4_idx2.gpickle,7,0.4,2,2,2,13,"[3, 0, 6, 5, 4, 1, 2]",0.7346802
./random_graph_db/graph_db_node_7/04_p0.4/04_graph_n7_p0.4_idx3.gpickle,7,0.4,3,2,3,14,"[5, 4, 3, 6, 0, 2, 1]",0.8214242
./random_graph_db/graph_db_node_7/04_p0.4/04_graph_n7_p0.4_idx4.gpickle,7,0.4,4,2,2,13,"[3, 0, 1, 5, 2, 4, 6]",0.8116279
./random_graph_db/graph_db_node_7/04_p0.4/04_graph_n7_p0.4_idx5.gpickle,7,0.4,5,2,2,11,"[4, 1, 5, 3, 0, 6, 2]",0.7212782
./random_graph_db/graph_db_node_7/04_p0.4/04_graph_n7_p0.4_idx6.gpickle,7,0.4,6,2,3,14,"[1, 4, 0, 3, 2, 6, 5]",0.7903252
./random_graph_db/graph_db_node_7/04_p0.4/04_graph_n7_p0.4_idx7.gpickle,7,0.4,7,2,2,13,"[2, 3, 6, 0, 5, 4, 1]",0.7544589
./random_graph_db/graph_db_node_7/04_p0.4/04_graph_n7_p0.4_idx8.gpickle,7,0.4,8,1,0,8,"[5, 6, 2, 4, 1, 0, 3]",0.6659021
./random_graph_db/graph_db_node_7/04_p0.4/04_graph_n7_p0.4_idx9.gpickle,7,0.4,9,1,0,8,"[2, 3, 0, 6, 4, 1, 5]",0.6717491
./random_graph_db/graph_db_node_7/05_p0.45/05_graph_n7_p0.45_idx1.gpickle,7,0.45,1,2,2,13,"[3, 4, 6, 1, 0, 2, 5]",0.7294779
./random_graph_db/graph_db_node_7/05_p0.45/05_graph_n7_p0.45_idx10.gpickle,7,0.45,10,2,4,15,"[2, 0, 1, 5, 4, 3, 6]",0.834605
./random_graph_db/graph_db_node_7/05_p0.45/05_graph_n7_p0.45_idx2.gpickle,7,0.45,2,1,0,8,"[6, 3, 0, 1, 4, 2, 5]",0.6818099
./random_graph_db/graph_db_node_7/05_p0.45/05_graph_n7_p0.45_idx3.gpickle,7,0.45,3,1,0,8,"[4, 0, 5, 3, 2, 1, 6]",0.6774931
./random_graph_db/graph_db_node_7/05_p0.45/05_graph_n7_p0.45_idx4.gpickle,7,0.45,4,2,2,11,"[4, 6, 5, 0, 2, 3, 1]",0.745399
./random_graph_db/graph_db_node_7/05_p0.45/05_graph_n7_p0.45_idx5.gpickle,7,0.45,5,3,5,19,"[4, 6, 5, 2, 0, 1, 3]",0.9036758
./random_graph_db/graph_db_node_7/05_p0.45/05_graph_n7_p0.45_idx6.gpickle,7,0.45,6,2,3,19,"[6, 1, 5, 0, 4, 3, 2]",0.8347158
./random_graph_db/graph_db_node_7/05_p0.45/05_graph_n7_p0.45_idx7.gpickle,7,0.45,7,2,2,13,"[5, 2, 4, 6, 1, 3, 0]",0.725719
./random_graph_db/graph_db_node_7/05_p0.45/05_graph_n7_p0.45_idx8.gpickle,7,0.45,8,2,2,13,"[5, 3, 1, 0, 6, 2, 4]",0.8258221
./random_graph_db/graph_db_node_7/05_p0.45/05_graph_n7_p0.45_idx9.gpickle,7,0.45,9,3,6,20,"[4, 5, 3, 1, 2, 0, 6]",0.8652501
./random_graph_db/graph_db_node_7/06_p0.5/06_graph_n7_p0.5_idx1.gpickle,7,0.5,1,2,2,11,"[0, 6, 3, 1, 4, 5, 2]",0.7252049
./random_graph_db/graph_db_node_7/06_p0.5/06_graph_n7_p0.5_idx10.gpickle,7,0.5,10,1,0,8,"[0, 4, 3, 1, 6, 5, 2]",0.6873491
./random_graph_db/graph_db_node_7/06_p0.5/06_graph_n7_p0.5_idx2.gpickle,7,0.5,2,3,7,21,"[6, 4, 3, 2, 5, 0, 1]",0.92399
./random_graph_db/graph_db_node_7/06_p0.5/06_graph_n7_p0.5_idx3.gpickle,7,0.5,3,2,2,13,"[2, 4, 0, 1, 5, 6, 3]",0.7199941
./random_graph_db/graph_db_node_7/06_p0.5/06_graph_n7_p0.5_idx4.gpickle,7,0.5,4,2,2,11,"[4, 0, 3, 1, 5, 2, 6]",0.8236148
./random_graph_db/graph_db_node_7/06_p0.5/06_graph_n7_p0.5_idx5.gpickle,7,0.5,5,2,2,11,"[6, 3, 4, 5, 0, 1, 2]",0.7894611
./random_graph_db/graph_db_node_7/06_p0.5/06_graph_n7_p0.5_idx6.gpickle,7,0.5,6,3,6,26,"[6, 5, 4, 1, 2, 0, 3]",0.9340773
./random_graph_db/graph_db_node_7/06_p0.5/06_graph_n7_p0.5_idx7.gpickle,7,0.5,7,2,3,12,"[0, 6, 2, 4, 5, 1, 3]",0.7828028
./random_graph_db/graph_db_node_7/06_p0.5/06_graph_n7_p0.5_idx8.gpickle,7,0.5,8,2,2,13,"[6, 5, 2, 4, 1, 0, 3]",0.7299261
./random_graph_db/graph_db_node_7/06_p0.5/06_graph_n7_p0.5_idx9.gpickle,7,0.5,9,1,0,8,"[0, 2, 3, 6, 5, 4, 1]",0.66242
./random_graph_db/graph_db_node_7/07_p0.55/07_graph_n7_p0.55_idx1.gpickle,7,0.55,1,1,0,8,"[4, 6, 0, 2, 3, 1, 5]",0.695863
./random_graph_db/graph_db_node_7/07_p0.55/07_graph_n7_p0.55_idx10.gpickle,7,0.55,10,3,5,19,"[0, 5, 3, 2, 1, 6, 4]",0.8526778
./random_graph_db/graph_db_node_7/07_p0.55/07_graph_n7_p0.55_idx2.gpickle,7,0.55,2,2,4,15,"[2, 1, 0, 5, 4, 3, 6]",0.815563
./random_graph_db/graph_db_node_7/07_p0.55/07_graph_n7_p0.55_idx3.gpickle,7,0.55,3,2,3,19,"[4, 6, 3, 1, 2, 5, 0]",0.832216
./random_graph_db/graph_db_node_7/07_p0.55/07_graph_n7_p0.55_idx4.gpickle,7,0.55,4,2,3,19,"[3, 1, 0, 4, 2, 5, 6]",0.854537
./random_graph_db/graph_db_node_7/07_p0.55/07_graph_n7_p0.55_idx5.gpickle,7,0.55,5,2,2,13,"[2, 3, 5, 4, 0, 1, 6]",0.7207642
./random_graph_db/graph_db_node_7/07_p0.55/07_graph_n7_p0.55_idx6.gpickle,7,0.55,6,2,4,23,"[0, 1, 5, 2, 6, 4, 3]",0.9846542
./random_graph_db/graph_db_node_7/07_p0.55/07_graph_n7_p0.55_idx7.gpickle,7,0.55,7,2,2,13,"[6, 1, 3, 5, 0, 4, 2]",0.7410178
./random_graph_db/graph_db_node_7/07_p0.55/07_graph_n7_p0.55_idx8.gpickle,7,0.55,8,2,2,13,"[1, 3, 0, 6, 5, 2, 4]",0.8498759
./random_graph_db/graph_db_node_7/07_p0.55/07_graph_n7_p0.55_idx9.gpickle,7,0.55,9,2,2,13,"[2, 3, 6, 0, 5, 1, 4]",0.7920799
./random_graph_db/graph_db_node_7/08_p0.6/08_graph_n7_p0.6_idx1.gpickle,7,0.6,1,3,5,17,"[0, 4, 3, 6, 5, 2, 1]",0.8591819
./random_graph_db/graph_db_node_7/08_p0.6/08_graph_n7_p0.6_idx10.gpickle,7,0.6,10,2,2,13,"[0, 3, 6, 5, 1, 2, 4]",0.7960219
./random_graph_db/graph_db_node_7/08_p0.6/08_graph_n7_p0.6_idx2.gpickle,7,0.6,2,1,0,8,"[0, 6, 2, 1, 3, 5, 4]",0.711251
./random_graph_db/graph_db_node_7/08_p0.6/08_graph_n7_p0.6_idx3.gpickle,7,0.6,3,2,3,14,"[4, 1, 6, 0, 2, 3, 5]",1.0488582
./random_graph_db/graph_db_node_7/08_p0.6/08_graph_n7_p0.6_idx4.gpickle,7,0.6,4,2,2,13,"[6, 5, 0, 4, 3, 1, 2]",0.7259881
./random_graph_db/graph_db_node_7/08_p0.6/08_graph_n7_p0.6_idx5.gpickle,7,0.6,5,1,0,8,"[5, 3, 6, 0, 4, 2, 1]",0.7214239
./random_graph_db/graph_db_node_7/08_p0.6/08_graph_n7_p0.6_idx6.gpickle,7,0.6,6,2,4,22,"[2, 4, 1, 3, 6, 5, 0]",0.8991699
./random_graph_db/graph_db_node_7/08_p0.6/08_graph_n7_p0.6_idx7.gpickle,7,0.6,7,2,2,13,"[4, 3, 0, 1, 2, 6, 5]",0.781589
./random_graph_db/graph_db_node_7/08_p0.6/08_graph_n7_p0.6_idx8.gpickle,7,0.6,8,2,3,20,"[6, 3, 2, 1, 5, 4, 0]",0.790648
./random_graph_db/graph_db_node_7/08_p0.6/08_graph_n7_p0.6_idx9.gpickle,7,0.6,9,2,2,13,"[1, 5, 2, 4, 0, 3, 6]",0.7702212
./random_graph_db/graph_db_node_7/09_p0.65/09_graph_n7_p0.65_idx1.gpickle,7,0.65,1,3,7,19,"[0, 3, 6, 1, 4, 5, 2]",0.913033
./random_graph_db/graph_db_node_7/09_p0.65/09_graph_n7_p0.65_idx10.gpickle,7,0.65,10,2,2,11,"[5, 1, 6, 2, 3, 4, 0]",0.78443
./random_graph_db/graph_db_node_7/09_p0.65/09_graph_n7_p0.65_idx2.gpickle,7,0.65,2,3,5,19,"[2, 3, 4, 0, 6, 5, 1]",0.8495569
./random_graph_db/graph_db_node_7/09_p0.65/09_graph_n7_p0.65_idx3.gpickle,7,0.65,3,2,2,13,"[6, 3, 2, 1, 5, 0, 4]",0.7977908
./random_graph_db/graph_db_node_7/09_p0.65/09_graph_n7_p0.65_idx4.gpickle,7,0.65,4,2,2,13,"[5, 0, 2, 1, 4, 6, 3]",0.750299
./random_graph_db/graph_db_node_7/09_p0.65/09_graph_n7_p0.65_idx5.gpickle,7,0.65,5,1,0,8,"[0, 1, 2, 6, 3, 5, 4]",0.6645939
./random_graph_db/graph_db_node_7/09_p0.65/09_graph_n7_p0.65_idx6.gpickle,7,0.65,6,3,6,26,"[6, 2, 0, 4, 3, 5, 1]",0.9409471
./random_graph_db/graph_db_node_7/09_p0.65/09_graph_n7_p0.65_idx7.gpickle,7,0.65,7,2,1,12,"[2, 3, 4, 1, 0, 5, 6]",0.7147541
./random_graph_db/graph_db_node_7/09_p0.65/09_graph_n7_p0.65_idx8.gpickle,7,0.65,8,2,2,11,"[1, 6, 2, 5, 4, 0, 3]",0.7583742
./random_graph_db/graph_db_node_7/09_p0.65/09_graph_n7_p0.65_idx9.gpickle,7,0.65,9,2,4,20,"[6, 0, 3, 1, 4, 5, 2]",0.8961921
./random_graph_db/graph_db_node_7/10_p0.7/10_graph_n7_p0.7_idx1.gpickle,7,0.7,1,3,7,19,"[5, 4, 3, 1, 2, 6, 0]",0.9264548
./random_graph_db/graph_db_node_7/10_p0.7/10_graph_n7_p0.7_idx10.gpickle,7,0.7,10,2,4,20,"[2, 1, 5, 4, 0, 3, 6]",0.8404329
./random_graph_db/graph_db_node_7/10_p0.7/10_graph_n7_p0.7_idx2.gpickle,7,0.7,2,3,7,21,"[1, 0, 3, 2, 5, 6, 4]",0.904664
./random_graph_db/graph_db_node_7/10_p0.7/10_graph_n7_p0.7_idx3.gpickle,7,0.7,3,3,6,18,"[2, 0, 6, 1, 4, 5, 3]",0.90466
./random_graph_db/graph_db_node_7/10_p0.7/10_graph_n7_p0.7_idx4.gpickle,7,0.7,4,2,2,13,"[0, 4, 5, 6, 2, 1, 3]",0.803232
./random_graph_db/graph_db_node_7/10_p0.7/10_graph_n7_p0.7_idx5.gpickle,7,0.7,5,2,3,14,"[1, 4, 3, 5, 0, 2, 6]",0.7946432
./random_graph_db/graph_db_node_7/10_p0.7/10_graph_n7_p0.7_idx6.gpickle,7,0.7,6,2,3,19,"[1, 6, 5, 3, 2, 4, 0]",0.8476999
./random_graph_db/graph_db_node_7/10_p0.7/10_graph_n7_p0.7_idx7.gpickle,7,0.7,7,2,2,11,"[5, 2, 3, 1, 4, 6, 0]",0.7754958
./random_graph_db/graph_db_node_7/10_p0.7/10_graph_n7_p0.7_idx8.gpickle,7,0.7,8,1,0,8,"[1, 2, 3, 0, 4, 5, 6]",0.686702
./random_graph_db/graph_db_node_7/10_p0.7/10_graph_n7_p0.7_idx9.gpickle,7,0.7,9,2,3,12,"[3, 0, 1, 6, 4, 2, 5]",0.800844
./random_graph_db/graph_db_node_7/11_p0.8/11_graph_n7_p0.8_idx1.gpickle,7,0.8,1,2,2,11,"[1, 3, 2, 0, 4, 6, 5]",0.7265592
./random_graph_db/graph_db_node_7/11_p0.8/11_graph_n7_p0.8_idx10.gpickle,7,0.8,10,2,2,11,"[2, 3, 0, 5, 1, 6, 4]",0.756938
./random_graph_db/graph_db_node_7/11_p0.8/11_graph_n7_p0.8_idx2.gpickle,7,0.8,2,2,4,15,"[2, 1, 6, 0, 3, 4, 5]",0.8240359
./random_graph_db/graph_db_node_7/11_p0.8/11_graph_n7_p0.8_idx3.gpickle,7,0.8,3,3,6,25,"[0, 6, 5, 4, 2, 3, 1]",0.9684618
./random_graph_db/graph_db_node_7/11_p0.8/11_graph_n7_p0.8_idx4.gpickle,7,0.8,4,2,2,13,"[4, 3, 2, 6, 0, 1, 5]",0.8010931
./random_graph_db/graph_db_node_7/11_p0.8/11_graph_n7_p0.8_idx5.gpickle,7,0.8,5,2,3,14,"[0, 4, 3, 6, 1, 2, 5]",0.8163509
./random_graph_db/graph_db_node_7/11_p0.8/11_graph_n7_p0.8_idx6.gpickle,7,0.8,6,1,0,8,"[6, 5, 2, 4, 1, 0, 3]",0.6548281
./random_graph_db/graph_db_node_7/11_p0.8/11_graph_n7_p0.8_idx7.gpickle,7,0.8,7,2,4,22,"[5, 6, 0, 4, 1, 2, 3]",0.8359931
./random_graph_db/graph_db_node_7/11_p0.8/11_graph_n7_p0.8_idx8.gpickle,7,0.8,8,1,0,8,"[4, 1, 2, 3, 0, 6, 5]",0.6706631
./random_graph_db/graph_db_node_7/11_p0.8/11_graph_n7_p0.8_idx9.gpickle,7,0.8,9,2,2,11,"[3, 5, 2, 4, 6, 1, 0]",0.7835121
./random_graph_db/graph_db_node_7/12_p0.9/12_graph_n7_p0.9_idx1.gpickle,7,0.9,1,1,0,8,"[3, 5, 2, 0, 4, 1, 6]",0.659924
./random_graph_db/graph_db_node_7/12_p0.9/12_graph_n7_p0.9_idx10.gpickle,7,0.9,10,2,2,13,"[1, 2, 6, 5, 3, 4, 0]",0.8137522
./random_graph_db/graph_db_node_7/12_p0.9/12_graph_n7_p0.9_idx2.gpickle,7,0.9,2,2,2,13,"[5, 4, 3, 1, 6, 0, 2]",0.7486422
./random_graph_db/graph_db_node_7/12_p0.9/12_graph_n7_p0.9_idx3.gpickle,7,0.9,3,1,0,8,"[1, 4, 0, 6, 3, 2, 5]",0.653923
./random_graph_db/graph_db_node_7/12_p0.9/12_graph_n7_p0.9_idx4.gpickle,7,0.9,4,1,0,8,"[6, 5, 3, 1, 2, 0, 4]",0.630229
./random_graph_db/graph_db_node_7/12_p0.9/12_graph_n7_p0.9_idx5.gpickle,7,0.9,5,1,0,8,"[0, 5, 3, 1, 4, 2, 6]",0.666683
./random_graph_db/graph_db_node_7/12_p0.9/12_graph_n7_p0.9_idx6.gpickle,7,0.9,6,2,3,14,"[0, 6, 1, 3, 2, 5, 4]",0.825423
./random_graph_db/graph_db_node_7/12_p0.9/12_graph_n7_p0.9_idx7.gpickle,7,0.9,7,2,2,11,"[0, 6, 5, 4, 3, 2, 1]",0.7773008
./random_graph_db/graph_db_node_7/12_p0.9/12_graph_n7_p0.9_idx8.gpickle,7,0.9,8,1,0,8,"[5, 4, 1, 6, 2, 3, 0]",0.6624041
./random_graph_db/graph_db_node_7/12_p0.9/12_graph_n7_p0.9_idx9.gpickle,7,0.9,9,2,4,20,"[3, 2, 5, 1, 0, 4, 6]",0.8427169
./random_graph_db/graph_db_node_8/01_p0.1/01_graph_n8_p0.1_idx1.gpickle,8,0.1,1,1,0,9,"[3, 5, 6, 7, 2, 0, 1, 4]",0.753073
./random_graph_db/graph_db_node_8/01_p0.1/01_graph_n8_p0.1_idx10.gpickle,8,0.1,10,2,2,12,"[3, 1, 4, 2, 0, 6, 5, 7]",0.8020642
./random_graph_db/graph_db_node_8/01_p0.1/01_graph_n8_p0.1_idx2.gpickle,8,0.1,2,2,2,12,"[5, 0, 4, 7, 6, 1, 2, 3]",0.8416402
./random_graph_db/graph_db_node_8/01_p0.1/01_graph_n8_p0.1_idx3.gpickle,8,0.1,3,1,0,9,"[2, 4, 6, 3, 0, 1, 7, 5]",0.7211127
./random_graph_db/graph_db_node_8/01_p0.1/01_graph_n8_p0.1_idx4.gpickle,8,0.1,4,2,2,12,"[5, 7, 4, 6, 1, 2, 3, 0]",0.8291941
./random_graph_db/graph_db_node_8/01_p0.1/01_graph_n8_p0.1_idx5.gpickle,8,0.1,5,2,1,11,"[0, 5, 2, 4, 6, 1, 7, 3]",0.7417107
./random_graph_db/graph_db_node_8/01_p0.1/01_graph_n8_p0.1_idx6.gpickle,8,0.1,6,1,0,9,"[3, 0, 1, 4, 7, 6, 2, 5]",0.7403281
./random_graph_db/graph_db_node_8/01_p0.1/01_graph_n8_p0.1_idx7.gpickle,8,0.1,7,1,0,9,"[3, 4, 0, 7, 6, 2, 5, 1]",0.7590921
./random_graph_db/graph_db_node_8/01_p0.1/01_graph_n8_p0.1_idx8.gpickle,8,0.1,8,3,5,18,"[2, 7, 4, 5, 3, 1, 0, 6]",0.964159
./random_graph_db/graph_db_node_8/01_p0.1/01_graph_n8_p0.1_idx9.gpickle,8,0.1,9,1,0,9,"[1, 4, 6, 7, 5, 2, 3, 0]",0.9867723
./random_graph_db/graph_db_node_8/02_p0.2/02_graph_n8_p0.2_idx1.gpickle,8,0.2,1,2,1,11,"[5, 0, 3, 1, 6, 2, 4, 7]",0.771621
./random_graph_db/graph_db_node_8/02_p0.2/02_graph_n8_p0.2_idx10.gpickle,8,0.2,10,2,2,12,"[7, 0, 2, 6, 1, 5, 4, 3]",0.8449862
./random_graph_db/graph_db_node_8/02_p0.2/02_graph_n8_p0.2_idx2.gpickle,8,0.2,2,1,0,9,"[2, 3, 1, 4, 7, 6, 5, 0]",0.736671
./random_graph_db/graph_db_node_8/02_p0.2/02_graph_n8_p0.2_idx3.gpickle,8,0.2,3,1,0,9,"[2, 0, 5, 3, 4, 1, 6, 7]",0.7402911
./random_graph_db/graph_db_node_8/02_p0.2/02_graph_n8_p0.2_idx4.gpickle,8,0.2,4,2,3,13,"[0, 2, 7, 5, 3, 4, 6, 1]",0.8696551
./random_graph_db/graph_db_node_8/02_p0.2/02_graph_n8_p0.2_idx5.gpickle,8,0.2,5,1,0,9,"[0, 7, 5, 1, 3, 4, 2, 6]",0.7582271
./random_graph_db/graph_db_node_8/02_p0.2/02_graph_n8_p0.2_idx6.gpickle,8,0.2,6,1,0,9,"[1, 5, 2, 6, 4, 0, 7, 3]",0.732518
./random_graph_db/graph_db_node_8/02_p0.2/02_graph_n8_p0.2_idx7.gpickle,8,0.2,7,1,0,9,"[2, 1, 4, 5, 6, 0, 7, 3]",0.7469921
./random_graph_db/graph_db_node_8/02_p0.2/02_graph_n8_p0.2_idx8.gpickle,8,0.2,8,1,0,9,"[1, 7, 6, 5, 0, 3, 2, 4]",0.7401321
./random_graph_db/graph_db_node_8/02_p0.2/02_graph_n8_p0.2_idx9.gpickle,8,0.2,9,1,0,9,"[2, 1, 0, 6, 5, 4, 7, 3]",0.8432074
./random_graph_db/graph_db_node_8/03_p0.3/03_graph_n8_p0.3_idx1.gpickle,8,0.3,1,1,0,9,"[3, 2, 7, 4, 0, 5, 1, 6]",0.7361531
./random_graph_db/graph_db_node_8/03_p0.3/03_graph_n8_p0.3_idx10.gpickle,8,0.3,10,2,4,16,"[4, 3, 1, 6, 5, 7, 2, 0]",0.8878429
./random_graph_db/graph_db_node_8/03_p0.3/03_graph_n8_p0.3_idx2.gpickle,8,0.3,2,2,4,25,"[6, 3, 7, 0, 2, 5, 4, 1]",0.9818642
./random_graph_db/graph_db_node_8/03_p0.3/03_graph_n8_p0.3_idx3.gpickle,8,0.3,3,2,2,14,"[5, 0, 6, 1, 4, 2, 3, 7]",0.8093479
./random_graph_db/graph_db_node_8/03_p0.3/03_graph_n8_p0.3_idx4.gpickle,8,0.3,4,2,1,11,"[5, 7, 2, 0, 1, 3, 4, 6]",0.7696459
./random_graph_db/graph_db_node_8/03_p0.3/03_graph_n8_p0.3_idx5.gpickle,8,0.3,5,2,5,25,"[1, 5, 4, 3, 7, 2, 6, 0]",0.920224
./random_graph_db/graph_db_node_8/03_p0.3/03_graph_n8_p0.3_idx6.gpickle,8,0.3,6,2,4,16,"[2, 6, 0, 5, 7, 4, 3, 1]",0.9301519
./random_graph_db/graph_db_node_8/03_p0.3/03_graph_n8_p0.3_idx7.gpickle,8,0.3,7,2,2,12,"[1, 7, 3, 2, 6, 4, 0, 5]",0.9934919
./random_graph_db/graph_db_node_8/03_p0.3/03_graph_n8_p0.3_idx8.gpickle,8,0.3,8,2,2,12,"[1, 7, 3, 4, 6, 5, 0, 2]",0.923157
./random_graph_db/graph_db_node_8/03_p0.3/03_graph_n8_p0.3_idx9.gpickle,8,0.3,9,2,3,21,"[7, 5, 3, 4, 2, 0, 1, 6]",0.9678571
./random_graph_db/graph_db_node_8/04_p0.4/04_graph_n8_p0.4_idx1.gpickle,8,0.4,1,3,7,27,"[7, 5, 0, 3, 6, 2, 4, 1]",1.0726471
./random_graph_db/graph_db_node_8/04_p0.4/04_graph_n8_p0.4_idx10.gpickle,8,0.4,10,2,3,15,"[2, 4, 1, 7, 5, 0, 3, 6]",0.9011321
./random_graph_db/graph_db_node_8/04_p0.4/04_graph_n8_p0.4_idx2.gpickle,8,0.4,2,2,4,23,"[1, 7, 0, 6, 2, 5, 3, 4]",0.913074
./random_graph_db/graph_db_node_8/04_p0.4/04_graph_n8_p0.4_idx3.gpickle,8,0.4,3,2,3,15,"[7, 4, 2, 5, 0, 6, 3, 1]",0.9233129
./random_graph_db/graph_db_node_8/04_p0.4/04_graph_n8_p0.4_idx4.gpickle,8,0.4,4,2,2,12,"[7, 5, 1, 2, 3, 0, 6, 4]",0.8562031
./random_graph_db/graph_db_node_8/04_p0.4/04_graph_n8_p0.4_idx5.gpickle,8,0.4,5,1,0,9,"[2, 5, 7, 4, 6, 3, 1, 0]",0.763063
./random_graph_db/graph_db_node_8/04_p0.4/04_graph_n8_p0.4_idx6.gpickle,8,0.4,6,3,5,18,"[1, 0, 3, 4, 7, 2, 5, 6]",0.9213843
./random_graph_db/graph_db_node_8/04_p0.4/04_graph_n8_p0.4_idx7.gpickle,8,0.4,7,3,5,20,"[7, 1, 3, 0, 6, 5, 4, 2]",0.9688199
./random_graph_db/graph_db_node_8/04_p0.4/04_graph_n8_p0.4_idx8.gpickle,8,0.4,8,3,5,20,"[2, 3, 1, 4, 7, 6, 5, 0]",0.9529929
./random_graph_db/graph_db_node_8/04_p0.4/04_graph_n8_p0.4_idx9.gpickle,8,0.4,9,2,3,15,"[6, 2, 4, 0, 7, 5, 3, 1]",0.858712
./random_graph_db/graph_db_node_8/05_p0.45/05_graph_n8_p0.45_idx1.gpickle,8,0.45,1,1,0,9,"[5, 4, 3, 2, 6, 7, 1, 0]",0.734432
./random_graph_db/graph_db_node_8/05_p0.45/05_graph_n8_p0.45_idx10.gpickle,8,0.45,10,2,3,15,"[6, 7, 1, 2, 5, 0, 3, 4]",0.8867881
./random_graph_db/graph_db_node_8/05_p0.45/05_graph_n8_p0.45_idx2.gpickle,8,0.45,2,2,2,12,"[7, 5, 3, 6, 0, 4, 2, 1]",0.8300531
./random_graph_db/graph_db_node_8/05_p0.45/05_graph_n8_p0.45_idx3.gpickle,8,0.45,3,3,8,33,"[5, 0, 4, 6, 3, 7, 2, 1]",1.0781512
./random_graph_db/graph_db_node_8/05_p0.45/05_graph_n8_p0.45_idx4.gpickle,8,0.45,4,2,3,15,"[2, 7, 4, 0, 6, 5, 3, 1]",0.9138992
./random_graph_db/graph_db_node_8/05_p0.45/05_graph_n8_p0.45_idx5.gpickle,8,0.45,5,3,9,22,"[7, 2, 0, 5, 3, 1, 4, 6]",1.0530682
./random_graph_db/graph_db_node_8/05_p0.45/05_graph_n8_p0.45_idx6.gpickle,8,0.45,6,3,8,28,"[3, 2, 7, 4, 0, 1, 6, 5]",1.1626291
./random_graph_db/graph_db_node_8/05_p0.45/05_graph_n8_p0.45_idx7.gpickle,8,0.45,7,3,5,20,"[0, 5, 3, 6, 7, 1, 2, 4]",1.183758
./random_graph_db/graph_db_node_8/05_p0.45/05_graph_n8_p0.45_idx8.gpickle,8,0.45,8,2,3,20,"[1, 0, 7, 2, 5, 4, 6, 3]",0.9888101
./random_graph_db/graph_db_node_8/05_p0.45/05_graph_n8_p0.45_idx9.gpickle,8,0.45,9,3,7,23,"[4, 5, 1, 0, 6, 7, 3, 2]",1.2055781
./random_graph_db/graph_db_node_8/06_p0.5/06_graph_n8_p0.5_idx1.gpickle,8,0.5,1,3,6,28,"[7, 2, 1, 3, 0, 4, 6, 5]",1.0701151
./random_graph_db/graph_db_node_8/06_p0.5/06_graph_n8_p0.5_idx10.gpickle,8,0.5,10,2,2,14,"[6, 7, 3, 2, 0, 1, 4, 5]",0.8334968
./random_graph_db/graph_db_node_8/06_p0.5/06_graph_n8_p0.5_idx2.gpickle,8,0.5,2,1,0,9,"[4, 7, 2, 3, 6, 5, 1, 0]",0.7411339
./random_graph_db/graph_db_node_8/06_p0.5/06_graph_n8_p0.5_idx3.gpickle,8,0.5,3,3,6,21,"[6, 4, 3, 5, 1, 2, 7, 0]",1.016222
./random_graph_db/graph_db_node_8/06_p0.5/06_graph_n8_p0.5_idx4.gpickle,8,0.5,4,3,5,20,"[6, 5, 3, 0, 4, 7, 1, 2]",0.9767811
./random_graph_db/graph_db_node_8/06_p0.5/06_graph_n8_p0.5_idx5.gpickle,8,0.5,5,2,2,14,"[5, 6, 1, 3, 7, 4, 2, 0]",0.8502822
./random_graph_db/graph_db_node_8/06_p0.5/06_graph_n8_p0.5_idx6.gpickle,8,0.5,6,3,5,20,"[3, 5, 0, 4, 1, 2, 7, 6]",1.0150862
./random_graph_db/graph_db_node_8/06_p0.5/06_graph_n8_p0.5_idx7.gpickle,8,0.5,7,2,2,14,"[7, 6, 5, 0, 3, 4, 2, 1]",0.9492333
./random_graph_db/graph_db_node_8/06_p0.5/06_graph_n8_p0.5_idx8.gpickle,8,0.5,8,2,2,12,"[3, 1, 7, 4, 6, 2, 0, 5]",0.805197
./random_graph_db/graph_db_node_8/06_p0.5/06_graph_n8_p0.5_idx9.gpickle,8,0.5,9,3,9,33,"[0, 6, 5, 7, 1, 2, 4, 3]",1.1980848
./random_graph_db/graph_db_node_8/07_p0.55/07_graph_n8_p0.55_idx1.gpickle,8,0.55,1,3,7,28,"[2, 7, 4, 0, 3, 5, 6, 1]",1.099853
./random_graph_db/graph_db_node_8/07_p0.55/07_graph_n8_p0.55_idx10.gpickle,8,0.55,10,2,4,16,"[5, 1, 6, 3, 7, 0, 2, 4]",0.8803267
./random_graph_db/graph_db_node_8/07_p0.55/07_graph_n8_p0.55_idx2.gpickle,8,0.55,2,3,7,23,"[2, 7, 3, 4, 6, 0, 5, 1]",1.0762131
./random_graph_db/graph_db_node_8/07_p0.55/07_graph_n8_p0.55_idx3.gpickle,8,0.55,3,2,4,23,"[2, 0, 1, 4, 7, 6, 3, 5]",0.9320388
./random_graph_db/graph_db_node_8/07_p0.55/07_graph_n8_p0.55_idx4.gpickle,8,0.55,4,2,2,14,"[2, 6, 5, 3, 1, 0, 4, 7]",0.8287809
./random_graph_db/graph_db_node_8/07_p0.55/07_graph_n8_p0.55_idx5.gpickle,8,0.55,5,3,6,23,"[3, 6, 7, 1, 4, 0, 2, 5]",1.0860949
./random_graph_db/graph_db_node_8/07_p0.55/07_graph_n8_p0.55_idx6.gpickle,8,0.55,6,3,7,24,"[4, 7, 0, 2, 1, 5, 3, 6]",1.0349958
./random_graph_db/graph_db_node_8/07_p0.55/07_graph_n8_p0.55_idx7.gpickle,8,0.55,7,3,5,20,"[7, 6, 1, 0, 5, 2, 3, 4]",0.9485528
./random_graph_db/graph_db_node_8/07_p0.55/07_graph_n8_p0.55_idx8.gpickle,8,0.55,8,2,4,16,"[4, 6, 1, 7, 2, 0, 3, 5]",1.0484481
./random_graph_db/graph_db_node_8/07_p0.55/07_graph_n8_p0.55_idx9.gpickle,8,0.55,9,3,7,22,"[6, 4, 0, 3, 7, 5, 2, 1]",1.0268841
./random_graph_db/graph_db_node_8/08_p0.6/08_graph_n8_p0.6_idx1.gpickle,8,0.6,1,2,4,14,"[6, 5, 3, 0, 2, 1, 4, 7]",0.9629118
./random_graph_db/graph_db_node_8/08_p0.6/08_graph_n8_p0.6_idx10.gpickle,8,0.6,10,3,8,31,"[7, 2, 5, 6, 0, 4, 1, 3]",1.119673
./random_graph_db/graph_db_node_8/08_p0.6/08_graph_n8_p0.6_idx2.gpickle,8,0.6,2,3,7,27,"[4, 2, 5, 7, 3, 1, 0, 6]",1.0705349
./random_graph_db/graph_db_node_8/08_p0.6/08_graph_n8_p0.6_idx3.gpickle,8,0.6,3,3,8,33,"[3, 7, 5, 2, 1, 6, 4, 0]",1.029896
./random_graph_db/graph_db_node_8/08_p0.6/08_graph_n8_p0.6_idx4.gpickle,8,0.6,4,3,8,25,"[6, 5, 3, 0, 7, 2, 4, 1]",0.987092
./random_graph_db/graph_db_node_8/08_p0.6/08_graph_n8_p0.6_idx5.gpickle,8,0.6,5,3,7,22,"[7, 3, 0, 1, 2, 6, 4, 5]",1.065212
./random_graph_db/graph_db_node_8/08_p0.6/08_graph_n8_p0.6_idx6.gpickle,8,0.6,6,2,3,20,"[7, 3, 5, 6, 1, 4, 2, 0]",0.9044638
./random_graph_db/graph_db_node_8/08_p0.6/08_graph_n8_p0.6_idx7.gpickle,8,0.6,7,2,6,23,"[0, 5, 4, 6, 1, 7, 2, 3]",0.939481
./random_graph_db/graph_db_node_8/08_p0.6/08_graph_n8_p0.6_idx8.gpickle,8,0.6,8,3,8,23,"[0, 4, 5, 3, 7, 2, 6, 1]",1.1605699
./random_graph_db/graph_db_node_8/08_p0.6/08_graph_n8_p0.6_idx9.gpickle,8,0.6,9,3,5,20,"[3, 4, 0, 2, 6, 1, 7, 5]",0.9519098
./random_graph_db/graph_db_node_8/09_p0.65/09_graph_n8_p0.65_idx1.gpickle,8,0.65,1,3,7,22,"[0, 4, 2, 6, 7, 1, 5, 3]",1.0438373
./random_graph_db/graph_db_node_8/09_p0.65/09_graph_n8_p0.65_idx10.gpickle,8,0.65,10,3,6,21,"[5, 0, 6, 7, 3, 4, 1, 2]",0.9817359
./random_graph_db/graph_db_node_8/09_p0.65/09_graph_n8_p0.65_idx2.gpickle,8,0.65,2,2,3,15,"[5, 0, 6, 4, 7, 2, 3, 1]",0.867094
./random_graph_db/graph_db_node_8/09_p0.65/09_graph_n8_p0.65_idx3.gpickle,8,0.65,3,3,7,24,"[2, 4, 7, 0, 3, 6, 5, 1]",1.0005753
./random_graph_db/graph_db_node_8/09_p0.65/09_graph_n8_p0.65_idx4.gpickle,8,0.65,4,3,6,19,"[1, 4, 0, 5, 3, 7, 6, 2]",1.0346589
./random_graph_db/graph_db_node_8/09_p0.65/09_graph_n8_p0.65_idx5.gpickle,8,0.65,5,2,3,15,"[3, 0, 4, 2, 1, 6, 7, 5]",0.8966272
./random_graph_db/graph_db_node_8/09_p0.65/09_graph_n8_p0.65_idx6.gpickle,8,0.65,6,3,5,20,"[3, 0, 2, 7, 5, 6, 1, 4]",0.9380889
./random_graph_db/graph_db_node_8/09_p0.65/09_graph_n8_p0.65_idx7.gpickle,8,0.65,7,2,3,15,"[0, 5, 6, 7, 2, 1, 3, 4]",0.8653269
./random_graph_db/graph_db_node_8/09_p0.65/09_graph_n8_p0.65_idx8.gpickle,8,0.65,8,2,2,14,"[1, 0, 3, 5, 6, 7, 2, 4]",0.8943131
./random_graph_db/graph_db_node_8/09_p0.65/09_graph_n8_p0.65_idx9.gpickle,8,0.65,9,3,7,22,"[7, 4, 1, 5, 0, 3, 2, 6]",1.423125
./random_graph_db/graph_db_node_8/10_p0.7/10_graph_n8_p0.7_idx1.gpickle,8,0.7,1,3,8,34,"[5, 0, 6, 2, 3, 4, 7, 1]",1.1734638
./random_graph_db/graph_db_node_8/10_p0.7/10_graph_n8_p0.7_idx10.gpickle,8,0.7,10,2,5,22,"[5, 4, 2, 0, 6, 1, 3, 7]",0.9374738
./random_graph_db/graph_db_node_8/10_p0.7/10_graph_n8_p0.7_idx2.gpickle,8,0.7,2,3,7,27,"[6, 3, 5, 0, 1, 2, 4, 7]",1.009151
./random_graph_db/graph_db_node_8/10_p0.7/10_graph_n8_p0.7_idx3.gpickle,8,0.7,3,3,6,26,"[0, 2, 6, 4, 1, 5, 3, 7]",1.0417211
./random_graph_db/graph_db_node_8/10_p0.7/10_graph_n8_p0.7_idx4.gpickle,8,0.7,4,2,4,21,"[0, 4, 6, 7, 1, 5, 2, 3]",0.9414668
./random_graph_db/graph_db_node_8/10_p0.7/10_graph_n8_p0.7_idx5.gpickle,8,0.7,5,3,6,29,"[2, 7, 6, 4, 0, 3, 5, 1]",1.1140809
./random_graph_db/graph_db_node_8/10_p0.7/10_graph_n8_p0.7_idx6.gpickle,8,0.7,6,3,8,21,"[3, 4, 5, 2, 7, 6, 0, 1]",0.9563489
./random_graph_db/graph_db_node_8/10_p0.7/10_graph_n8_p0.7_idx7.gpickle,8,0.7,7,3,8,25,"[4, 6, 3, 5, 0, 7, 2, 1]",1.0317378
./random_graph_db/graph_db_node_8/10_p0.7/10_graph_n8_p0.7_idx8.gpickle,8,0.7,8,3,7,22,"[3, 1, 4, 7, 0, 2, 5, 6]",1.0198119
./random_graph_db/graph_db_node_8/10_p0.7/10_graph_n8_p0.7_idx9.gpickle,8,0.7,9,3,5,18,"[1, 7, 0, 4, 6, 5, 3, 2]",1.1997459
./random_graph_db/graph_db_node_8/11_p0.8/11_graph_n8_p0.8_idx1.gpickle,8,0.8,1,2,2,12,"[1, 6, 4, 7, 5, 0, 2, 3]",0.9024999
./random_graph_db/graph_db_node_8/11_p0.8/11_graph_n8_p0.8_idx10.gpickle,8,0.8,10,3,7,24,"[7, 0, 6, 1, 3, 5, 4, 2]",1.03585
./random_graph_db/graph_db_node_8/11_p0.8/11_graph_n8_p0.8_idx2.gpickle,8,0.8,2,2,2,12,"[7, 3, 6, 0, 5, 2, 4, 1]",0.8543179
./random_graph_db/graph_db_node_8/11_p0.8/11_graph_n8_p0.8_idx3.gpickle,8,0.8,3,3,4,17,"[0, 5, 2, 6, 3, 4, 7, 1]",0.8759561
./random_graph_db/graph_db_node_8/11_p0.8/11_graph_n8_p0.8_idx4.gpickle,8,0.8,4,2,5,23,"[6, 2, 4, 3, 7, 1, 0, 5]",0.937171
./random_graph_db/graph_db_node_8/11_p0.8/11_graph_n8_p0.8_idx5.gpickle,8,0.8,5,2,4,21,"[5, 6, 4, 7, 3, 2, 1, 0]",0.985456
./random_graph_db/graph_db_node_8/11_p0.8/11_graph_n8_p0.8_idx6.gpickle,8,0.8,6,1,0,9,"[5, 6, 2, 0, 1, 3, 7, 4]",0.7371821
./random_graph_db/graph_db_node_8/11_p0.8/11_graph_n8_p0.8_idx7.gpickle,8,0.8,7,2,2,12,"[6, 5, 0, 4, 7, 1, 2, 3]",0.8638921
./random_graph_db/graph_db_node_8/11_p0.8/11_graph_n8_p0.8_idx8.gpickle,8,0.8,8,2,4,16,"[3, 6, 4, 7, 2, 5, 0, 1]",0.90677
./random_graph_db/graph_db_node_8/11_p0.8/11_graph_n8_p0.8_idx9.gpickle,8,0.8,9,2,2,12,"[7, 3, 6, 2, 0, 4, 5, 1]",0.853786
./random_graph_db/graph_db_node_8/12_p0.9/12_graph_n8_p0.9_idx1.gpickle,8,0.9,1,1,0,9,"[2, 1, 0, 4, 6, 7, 3, 5]",0.72334
./random_graph_db/graph_db_node_8/12_p0.9/12_graph_n8_p0.9_idx10.gpickle,8,0.9,10,2,4,16,"[3, 2, 1, 6, 4, 7, 0, 5]",0.907367
./random_graph_db/graph_db_node_8/12_p0.9/12_graph_n8_p0.9_idx2.gpickle,8,0.9,2,2,2,14,"[0, 7, 2, 5, 3, 4, 1, 6]",0.8003321
./random_graph_db/graph_db_node_8/12_p0.9/12_graph_n8_p0.9_idx3.gpickle,8,0.9,3,2,1,11,"[1, 7, 2, 3, 4, 0, 5, 6]",0.7425599
./random_graph_db/graph_db_node_8/12_p0.9/12_graph_n8_p0.9_idx4.gpickle,8,0.9,4,1,0,9,"[1, 7, 3, 2, 0, 4, 5, 6]",0.7943239
./random_graph_db/graph_db_node_8/12_p0.9/12_graph_n8_p0.9_idx5.gpickle,8,0.9,5,1,0,9,"[6, 1, 5, 0, 4, 3, 2, 7]",0.8037448
./random_graph_db/graph_db_node_8/12_p0.9/12_graph_n8_p0.9_idx6.gpickle,8,0.9,6,2,2,14,"[3, 4, 1, 0, 2, 6, 7, 5]",0.7962089
./random_graph_db/graph_db_node_8/12_p0.9/12_graph_n8_p0.9_idx7.gpickle,8,0.9,7,1,0,9,"[1, 6, 7, 0, 4, 5, 2, 3]",0.7135479
./random_graph_db/graph_db_node_8/12_p0.9/12_graph_n8_p0.9_idx8.gpickle,8,0.9,8,1,0,9,"[6, 5, 3, 2, 1, 4, 0, 7]",0.7298141
./random_graph_db/graph_db_node_8/12_p0.9/12_graph_n8_p0.9_idx9.gpickle,8,0.9,9,1,0,9,"[6, 0, 1, 5, 3, 4, 2, 7]",0.7225637
./random_graph_db/graph_db_node_9/01_p0.1/01_graph_n9_p0.1_idx1.gpickle,9,0.1,1,2,2,13,"[7, 5, 8, 4, 0, 2, 1, 6, 3]",0.8952379
./random_graph_db/graph_db_node_9/01_p0.1/01_graph_n9_p0.1_idx10.gpickle,9,0.1,10,2,1,12,"[5, 3, 2, 4, 8, 1, 0, 7, 6]",0.841047
./random_graph_db/graph_db_node_9/01_p0.1/01_graph_n9_p0.1_idx2.gpickle,9,0.1,2,2,1,14,"[1, 4, 6, 7, 0, 3, 2, 8, 5]",0.8943381
./random_graph_db/graph_db_node_9/01_p0.1/01_graph_n9_p0.1_idx3.gpickle,9,0.1,3,2,2,13,"[7, 0, 6, 2, 5, 8, 1, 4, 3]",0.8820159
./random_graph_db/graph_db_node_9/01_p0.1/01_graph_n9_p0.1_idx4.gpickle,9,0.1,4,1,0,10,"[6, 5, 1, 7, 8, 4, 3, 2, 0]",0.811399
./random_graph_db/graph_db_node_9/01_p0.1/01_graph_n9_p0.1_idx5.gpickle,9,0.1,5,2,1,12,"[5, 0, 3, 1, 2, 7, 6, 8, 4]",0.8121908
./random_graph_db/graph_db_node_9/01_p0.1/01_graph_n9_p0.1_idx6.gpickle,9,0.1,6,1,0,10,"[4, 2, 6, 5, 8, 7, 3, 0, 1]",0.8203859
./random_graph_db/graph_db_node_9/01_p0.1/01_graph_n9_p0.1_idx7.gpickle,9,0.1,7,1,0,10,"[4, 7, 8, 3, 0, 5, 1, 6, 2]",0.8196619
./random_graph_db/graph_db_node_9/01_p0.1/01_graph_n9_p0.1_idx8.gpickle,9,0.1,8,2,3,16,"[0, 8, 5, 2, 3, 1, 4, 6, 7]",0.9475012
./random_graph_db/graph_db_node_9/01_p0.1/01_graph_n9_p0.1_idx9.gpickle,9,0.1,9,1,0,10,"[7, 4, 5, 2, 0, 1, 8, 6, 3]",0.8112128
./random_graph_db/graph_db_node_9/02_p0.2/02_graph_n9_p0.2_idx1.gpickle,9,0.2,1,3,8,34,"[1, 7, 4, 3, 0, 2, 6, 5, 8]",1.157959
./random_graph_db/graph_db_node_9/02_p0.2/02_graph_n9_p0.2_idx10.gpickle,9,0.2,10,2,2,13,"[3, 4, 6, 1, 5, 8, 2, 7, 0]",0.9661338
./random_graph_db/graph_db_node_9/02_p0.2/02_graph_n9_p0.2_idx2.gpickle,9,0.2,2,2,3,16,"[4, 8, 3, 6, 7, 5, 1, 2, 0]",1.228724
./random_graph_db/graph_db_node_9/02_p0.2/02_graph_n9_p0.2_idx3.gpickle,9,0.2,3,2,3,16,"[3, 0, 1, 7, 4, 8, 2, 6, 5]",1.0346549
./random_graph_db/graph_db_node_9/02_p0.2/02_graph_n9_p0.2_idx4.gpickle,9,0.2,4,2,3,16,"[5, 1, 7, 8, 2, 3, 4, 6, 0]",1.0079918
./random_graph_db/graph_db_node_9/02_p0.2/02_graph_n9_p0.2_idx5.gpickle,9,0.2,5,2,4,15,"[4, 5, 7, 3, 1, 6, 8, 2, 0]",0.9846332
./random_graph_db/graph_db_node_9/02_p0.2/02_graph_n9_p0.2_idx6.gpickle,9,0.2,6,2,3,16,"[4, 2, 1, 8, 6, 5, 7, 0, 3]",0.9479702
./random_graph_db/graph_db_node_9/02_p0.2/02_graph_n9_p0.2_idx7.gpickle,9,0.2,7,2,2,13,"[6, 0, 2, 5, 4, 1, 8, 3, 7]",0.9577432
./random_graph_db/graph_db_node_9/02_p0.2/02_graph_n9_p0.2_idx8.gpickle,9,0.2,8,1,0,10,"[3, 7, 0, 8, 2, 4, 1, 6, 5]",0.810298
./random_graph_db/graph_db_node_9/02_p0.2/02_graph_n9_p0.2_idx9.gpickle,9,0.2,9,2,3,16,"[8, 1, 0, 3, 4, 6, 7, 2, 5]",0.9991181
./random_graph_db/graph_db_node_9/03_p0.3/03_graph_n9_p0.3_idx1.gpickle,9,0.3,1,3,6,18,"[3, 7, 1, 0, 2, 8, 5, 6, 4]",1.2017329
./random_graph_db/graph_db_node_9/03_p0.3/03_graph_n9_p0.3_idx10.gpickle,9,0.3,10,3,7,26,"[1, 3, 7, 8, 6, 5, 4, 0, 2]",1.1587849
./random_graph_db/graph_db_node_9/03_p0.3/03_graph_n9_p0.3_idx2.gpickle,9,0.3,2,3,8,35,"[3, 2, 7, 6, 1, 5, 4, 0, 8]",1.1321871
./random_graph_db/graph_db_node_9/03_p0.3/03_graph_n9_p0.3_idx3.gpickle,9,0.3,3,2,3,26,"[0, 4, 1, 5, 3, 7, 6, 2, 8]",1.01331
./random_graph_db/graph_db_node_9/03_p0.3/03_graph_n9_p0.3_idx4.gpickle,9,0.3,4,3,6,22,"[2, 0, 6, 5, 7, 4, 3, 1, 8]",1.2916319
./random_graph_db/graph_db_node_9/03_p0.3/03_graph_n9_p0.3_idx5.gpickle,9,0.3,5,3,7,23,"[7, 4, 2, 6, 0, 5, 8, 1, 3]",1.157167
./random_graph_db/graph_db_node_9/03_p0.3/03_graph_n9_p0.3_idx6.gpickle,9,0.3,6,1,0,10,"[5, 4, 2, 1, 8, 7, 6, 3, 0]",0.8360419
./random_graph_db/graph_db_node_9/03_p0.3/03_graph_n9_p0.3_idx7.gpickle,9,0.3,7,3,9,31,"[0, 2, 7, 6, 1, 3, 5, 8, 4]",1.1564579
./random_graph_db/graph_db_node_9/03_p0.3/03_graph_n9_p0.3_idx8.gpickle,9,0.3,8,2,2,13,"[6, 8, 2, 7, 3, 4, 1, 5, 0]",0.885036
./random_graph_db/graph_db_node_9/03_p0.3/03_graph_n9_p0.3_idx9.gpickle,9,0.3,9,3,7,21,"[8, 5, 4, 2, 3, 0, 7, 6, 1]",1.2484939
./random_graph_db/graph_db_node_9/04_p0.4/04_graph_n9_p0.4_idx1.gpickle,9,0.4,1,3,5,21,"[1, 3, 5, 0, 2, 7, 6, 8, 4]",1.0260198
./random_graph_db/graph_db_node_9/04_p0.4/04_graph_n9_p0.4_idx10.gpickle,9,0.4,10,3,6,22,"[6, 4, 8, 1, 2, 7, 3, 5, 0]",1.144558
./random_graph_db/graph_db_node_9/04_p0.4/04_graph_n9_p0.4_idx2.gpickle,9,0.4,2,4,10,46,"[6, 1, 0, 7, 5, 8, 4, 2, 3]",1.5102322
./random_graph_db/graph_db_node_9/04_p0.4/04_graph_n9_p0.4_idx3.gpickle,9,0.4,3,2,3,21,"[2, 6, 3, 1, 7, 8, 5, 0, 4]",1.355351
./random_graph_db/graph_db_node_9/04_p0.4/04_graph_n9_p0.4_idx4.gpickle,9,0.4,4,2,4,17,"[5, 6, 8, 0, 1, 4, 3, 7, 2]",1.0348608
./random_graph_db/graph_db_node_9/04_p0.4/04_graph_n9_p0.4_idx5.gpickle,9,0.4,5,2,2,15,"[7, 4, 8, 1, 3, 5, 0, 2, 6]",0.8794861
./random_graph_db/graph_db_node_9/04_p0.4/04_graph_n9_p0.4_idx6.gpickle,9,0.4,6,2,3,23,"[6, 7, 2, 1, 8, 0, 4, 3, 5]",1.0024312
./random_graph_db/graph_db_node_9/04_p0.4/04_graph_n9_p0.4_idx7.gpickle,9,0.4,7,2,5,29,"[0, 3, 7, 4, 8, 6, 5, 2, 1]",1.2462161
./random_graph_db/graph_db_node_9/04_p0.4/04_graph_n9_p0.4_idx8.gpickle,9,0.4,8,3,5,21,"[5, 6, 4, 8, 1, 3, 2, 0, 7]",1.079649
./random_graph_db/graph_db_node_9/04_p0.4/04_graph_n9_p0.4_idx9.gpickle,9,0.4,9,3,6,20,"[6, 1, 3, 5, 4, 0, 2, 7, 8]",1.2624581
./random_graph_db/graph_db_node_9/05_p0.45/05_graph_n9_p0.45_idx1.gpickle,9,0.45,1,3,10,40,"[2, 0, 8, 4, 7, 5, 6, 3, 1]",1.3373921
./random_graph_db/graph_db_node_9/05_p0.45/05_graph_n9_p0.45_idx10.gpickle,9,0.45,10,2,5,27,"[7, 6, 1, 2, 0, 3, 8, 5, 4]",1.097513
./random_graph_db/graph_db_node_9/05_p0.45/05_graph_n9_p0.45_idx2.gpickle,9,0.45,2,4,10,29,"[0, 6, 5, 4, 8, 3, 7, 2, 1]",1.2113941
./random_graph_db/graph_db_node_9/05_p0.45/05_graph_n9_p0.45_idx3.gpickle,9,0.45,3,2,3,16,"[0, 8, 4, 6, 5, 3, 2, 1, 7]",0.9439628
./random_graph_db/graph_db_node_9/05_p0.45/05_graph_n9_p0.45_idx4.gpickle,9,0.45,4,4,11,30,"[4, 3, 7, 1, 5, 0, 2, 6, 8]",1.3239529
./random_graph_db/graph_db_node_9/05_p0.45/05_graph_n9_p0.45_idx5.gpickle,9,0.45,5,2,4,22,"[3, 0, 4, 5, 6, 1, 7, 8, 2]",1.0077529
./random_graph_db/graph_db_node_9/05_p0.45/05_graph_n9_p0.45_idx6.gpickle,9,0.45,6,2,4,22,"[7, 0, 4, 5, 2, 8, 1, 3, 6]",1.3603261
./random_graph_db/graph_db_node_9/05_p0.45/05_graph_n9_p0.45_idx7.gpickle,9,0.45,7,3,10,47,"[2, 5, 8, 7, 1, 0, 6, 3, 4]",1.4710181
./random_graph_db/graph_db_node_9/05_p0.45/05_graph_n9_p0.45_idx8.gpickle,9,0.45,8,3,6,31,"[6, 4, 1, 5, 3, 7, 8, 0, 2]",1.1553998
./random_graph_db/graph_db_node_9/05_p0.45/05_graph_n9_p0.45_idx9.gpickle,9,0.45,9,2,6,19,"[3, 4, 6, 0, 8, 5, 1, 2, 7]",1.1440289
./random_graph_db/graph_db_node_9/06_p0.5/06_graph_n9_p0.5_idx1.gpickle,9,0.5,1,2,5,26,"[3, 7, 0, 6, 1, 5, 8, 2, 4]",1.0372329
./random_graph_db/graph_db_node_9/06_p0.5/06_graph_n9_p0.5_idx10.gpickle,9,0.5,10,3,9,34,"[2, 4, 3, 8, 6, 1, 5, 0, 7]",1.2981989
./random_graph_db/graph_db_node_9/06_p0.5/06_graph_n9_p0.5_idx2.gpickle,9,0.5,2,3,5,19,"[3, 1, 4, 8, 2, 5, 6, 0, 7]",1.019809
./random_graph_db/graph_db_node_9/06_p0.5/06_graph_n9_p0.5_idx3.gpickle,9,0.5,3,3,8,26,"[0, 2, 6, 8, 7, 1, 5, 3, 4]",1.1956909
./random_graph_db/graph_db_node_9/06_p0.5/06_graph_n9_p0.5_idx4.gpickle,9,0.5,4,2,3,14,"[2, 8, 1, 4, 5, 7, 3, 0, 6]",0.9949641
./random_graph_db/graph_db_node_9/06_p0.5/06_graph_n9_p0.5_idx5.gpickle,9,0.5,5,3,8,29,"[7, 6, 3, 4, 5, 1, 2, 0, 8]",1.4242728
./random_graph_db/graph_db_node_9/06_p0.5/06_graph_n9_p0.5_idx6.gpickle,9,0.5,6,3,8,35,"[6, 7, 3, 5, 0, 4, 1, 8, 2]",1.1727791
./random_graph_db/graph_db_node_9/06_p0.5/06_graph_n9_p0.5_idx7.gpickle,9,0.5,7,2,2,15,"[8, 0, 7, 6, 4, 5, 3, 2, 1]",0.8687899
./random_graph_db/graph_db_node_9/06_p0.5/06_graph_n9_p0.5_idx8.gpickle,9,0.5,8,4,10,32,"[2, 0, 7, 6, 4, 1, 3, 5, 8]",1.3023169
./random_graph_db/graph_db_node_9/06_p0.5/06_graph_n9_p0.5_idx9.gpickle,9,0.5,9,3,7,21,"[7, 8, 4, 5, 1, 6, 2, 3, 0]",1.1387358
./random_graph_db/graph_db_node_9/07_p0.55/07_graph_n9_p0.55_idx1.gpickle,9,0.55,1,3,7,27,"[5, 2, 3, 4, 1, 6, 0, 7, 8]",1.1939192
./random_graph_db/graph_db_node_9/07_p0.55/07_graph_n9_p0.55_idx10.gpickle,9,0.55,10,3,5,29,"[3, 0, 2, 6, 5, 7, 1, 8, 4]",1.2132971
./random_graph_db/graph_db_node_9/07_p0.55/07_graph_n9_p0.55_idx2.gpickle,9,0.55,2,2,3,16,"[2, 8, 1, 6, 0, 3, 5, 4, 7]",1.0087092
./random_graph_db/graph_db_node_9/07_p0.55/07_graph_n9_p0.55_idx3.gpickle,9,0.55,3,3,11,34,"[0, 7, 3, 2, 4, 1, 8, 5, 6]",1.316824
./random_graph_db/graph_db_node_9/07_p0.55/07_graph_n9_p0.55_idx4.gpickle,9,0.55,4,3,8,25,"[2, 5, 3, 8, 1, 0, 4, 7, 6]",1.1765797
./random_graph_db/graph_db_node_9/07_p0.55/07_graph_n9_p0.55_idx5.gpickle,9,0.55,5,2,4,17,"[1, 2, 3, 6, 0, 4, 8, 5, 7]",1.1173346
./random_graph_db/graph_db_node_9/07_p0.55/07_graph_n9_p0.55_idx6.gpickle,9,0.55,6,3,5,21,"[4, 7, 2, 5, 0, 1, 3, 6, 8]",1.0873251
./random_graph_db/graph_db_node_9/07_p0.55/07_graph_n9_p0.55_idx7.gpickle,9,0.55,7,3,10,27,"[5, 3, 4, 1, 0, 2, 7, 8, 6]",1.250253
./random_graph_db/graph_db_node_9/07_p0.55/07_graph_n9_p0.55_idx8.gpickle,9,0.55,8,3,9,25,"[3, 4, 5, 2, 6, 8, 1, 7, 0]",1.2518411
./random_graph_db/graph_db_node_9/07_p0.55/07_graph_n9_p0.55_idx9.gpickle,9,0.55,9,4,11,33,"[7, 1, 5, 0, 3, 2, 6, 4, 8]",1.4049358
./random_graph_db/graph_db_node_9/08_p0.6/08_graph_n9_p0.6_idx1.gpickle,9,0.6,1,3,10,42,"[1, 5, 4, 2, 6, 3, 7, 8, 0]",1.4823189
./random_graph_db/graph_db_node_9/08_p0.6/08_graph_n9_p0.6_idx10.gpickle,9,0.6,10,4,9,32,"[1, 2, 3, 7, 4, 0, 6, 8, 5]",1.180347
./random_graph_db/graph_db_node_9/08_p0.6/08_graph_n9_p0.6_idx2.gpickle,9,0.6,2,4,10,33,"[3, 5, 0, 4, 7, 6, 8, 1, 2]",1.4181859
./random_graph_db/graph_db_node_9/08_p0.6/08_graph_n9_p0.6_idx3.gpickle,9,0.6,3,3,5,23,"[4, 0, 2, 7, 1, 3, 6, 8, 5]",1.12152
./random_graph_db/graph_db_node_9/08_p0.6/08_graph_n9_p0.6_idx4.gpickle,9,0.6,4,4,14,47,"[1, 2, 0, 3, 6, 8, 4, 7, 5]",1.330128
./random_graph_db/graph_db_node_9/08_p0.6/08_graph_n9_p0.6_idx5.gpickle,9,0.6,5,3,5,19,"[8, 6, 7, 0, 4, 5, 3, 1, 2]",1.0288789
./random_graph_db/graph_db_node_9/08_p0.6/08_graph_n9_p0.6_idx6.gpickle,9,0.6,6,3,8,24,"[4, 5, 0, 8, 7, 2, 1, 6, 3]",1.2450519
./random_graph_db/graph_db_node_9/08_p0.6/08_graph_n9_p0.6_idx7.gpickle,9,0.6,7,3,7,28,"[3, 7, 0, 2, 1, 4, 6, 8, 5]",1.1300318
./random_graph_db/graph_db_node_9/08_p0.6/08_graph_n9_p0.6_idx8.gpickle,9,0.6,8,2,4,15,"[5, 2, 7, 8, 1, 4, 3, 0, 6]",0.9609468
./random_graph_db/graph_db_node_9/08_p0.6/08_graph_n9_p0.6_idx9.gpickle,9,0.6,9,2,3,16,"[0, 2, 7, 4, 1, 8, 6, 5, 3]",1.1018341
./random_graph_db/graph_db_node_9/09_p0.65/09_graph_n9_p0.65_idx1.gpickle,9,0.65,1,3,9,39,"[1, 5, 4, 8, 7, 3, 2, 0, 6]",1.3840909
./random_graph_db/graph_db_node_9/09_p0.65/09_graph_n9_p0.65_idx10.gpickle,9,0.65,10,3,6,23,"[1, 0, 5, 2, 3, 4, 6, 7, 8]",1.0964849
./random_graph_db/graph_db_node_9/09_p0.65/09_graph_n9_p0.65_idx2.gpickle,9,0.65,2,3,9,38,"[2, 0, 7, 1, 8, 6, 3, 5, 4]",1.6907618
./random_graph_db/graph_db_node_9/09_p0.65/09_graph_n9_p0.65_idx3.gpickle,9,0.65,3,4,10,31,"[3, 7, 8, 6, 0, 4, 2, 1, 5]",1.1947873
./random_graph_db/graph_db_node_9/09_p0.65/09_graph_n9_p0.65_idx4.gpickle,9,0.65,4,3,8,24,"[1, 2, 6, 3, 0, 5, 8, 7, 4]",1.1470542
./random_graph_db/graph_db_node_9/09_p0.65/09_graph_n9_p0.65_idx5.gpickle,9,0.65,5,3,10,38,"[2, 6, 4, 8, 1, 3, 5, 0, 7]",1.306978
./random_graph_db/graph_db_node_9/09_p0.65/09_graph_n9_p0.65_idx6.gpickle,9,0.65,6,2,5,24,"[8, 2, 1, 3, 0, 4, 5, 7, 6]",1.0188801
./random_graph_db/graph_db_node_9/09_p0.65/09_graph_n9_p0.65_idx7.gpickle,9,0.65,7,2,6,24,"[4, 6, 5, 3, 7, 8, 1, 2, 0]",1.089582
./random_graph_db/graph_db_node_9/09_p0.65/09_graph_n9_p0.65_idx8.gpickle,9,0.65,8,3,5,19,"[7, 0, 4, 6, 2, 1, 8, 3, 5]",1.1324511
./random_graph_db/graph_db_node_9/09_p0.65/09_graph_n9_p0.65_idx9.gpickle,9,0.65,9,2,3,15,"[8, 5, 0, 2, 7, 1, 3, 4, 6]",1.1675351
./random_graph_db/graph_db_node_9/10_p0.7/10_graph_n9_p0.7_idx1.gpickle,9,0.7,1,3,7,26,"[8, 2, 0, 3, 5, 1, 6, 4, 7]",1.1105812
./random_graph_db/graph_db_node_9/10_p0.7/10_graph_n9_p0.7_idx10.gpickle,9,0.7,10,3,7,23,"[8, 0, 6, 2, 5, 7, 1, 4, 3]",1.11938
./random_graph_db/graph_db_node_9/10_p0.7/10_graph_n9_p0.7_idx2.gpickle,9,0.7,2,3,9,32,"[5, 3, 1, 2, 8, 6, 0, 4, 7]",1.244782
./random_graph_db/graph_db_node_9/10_p0.7/10_graph_n9_p0.7_idx3.gpickle,9,0.7,3,2,2,15,"[6, 5, 3, 7, 4, 1, 8, 0, 2]",0.9775748
./random_graph_db/graph_db_node_9/10_p0.7/10_graph_n9_p0.7_idx4.gpickle,9,0.7,4,3,6,22,"[8, 1, 3, 0, 7, 4, 5, 6, 2]",1.1442471
./random_graph_db/graph_db_node_9/10_p0.7/10_graph_n9_p0.7_idx5.gpickle,9,0.7,5,4,10,33,"[4, 5, 1, 2, 0, 3, 7, 8, 6]",1.2717099
./random_graph_db/graph_db_node_9/10_p0.7/10_graph_n9_p0.7_idx6.gpickle,9,0.7,6,3,9,25,"[5, 7, 1, 2, 4, 6, 3, 0, 8]",1.1508288
./random_graph_db/graph_db_node_9/10_p0.7/10_graph_n9_p0.7_idx7.gpickle,9,0.7,7,4,9,30,"[3, 7, 0, 6, 4, 2, 5, 8, 1]",1.2750928
./random_graph_db/graph_db_node_9/10_p0.7/10_graph_n9_p0.7_idx8.gpickle,9,0.7,8,4,12,42,"[2, 5, 6, 7, 1, 4, 0, 3, 8]",1.4449711
./random_graph_db/graph_db_node_9/10_p0.7/10_graph_n9_p0.7_idx9.gpickle,9,0.7,9,3,6,22,"[0, 6, 2, 5, 7, 8, 3, 4, 1]",1.065124
./random_graph_db/graph_db_node_9/11_p0.8/11_graph_n9_p0.8_idx1.gpickle,9,0.8,1,2,2,13,"[1, 0, 4, 6, 3, 2, 7, 5, 8]",0.949964
./random_graph_db/graph_db_node_9/11_p0.8/11_graph_n9_p0.8_idx10.gpickle,9,0.8,10,2,3,16,"[0, 4, 2, 5, 1, 6, 3, 8, 7]",0.979969
./random_graph_db/graph_db_node_9/11_p0.8/11_graph_n9_p0.8_idx2.gpickle,9,0.8,2,2,2,13,"[0, 6, 2, 1, 3, 8, 7, 4, 5]",0.9303701
./random_graph_db/graph_db_node_9/11_p0.8/11_graph_n9_p0.8_idx3.gpickle,9,0.8,3,3,6,18,"[4, 7, 1, 6, 5, 3, 2, 0, 8]",1.1573362
./random_graph_db/graph_db_node_9/11_p0.8/11_graph_n9_p0.8_idx4.gpickle,9,0.8,4,2,4,22,"[7, 4, 3, 1, 5, 0, 6, 8, 2]",1.0570788
./random_graph_db/graph_db_node_9/11_p0.8/11_graph_n9_p0.8_idx5.gpickle,9,0.8,5,3,8,26,"[6, 7, 1, 4, 5, 8, 0, 3, 2]",1.2136919
./random_graph_db/graph_db_node_9/11_p0.8/11_graph_n9_p0.8_idx6.gpickle,9,0.8,6,3,8,35,"[3, 4, 2, 0, 1, 6, 5, 8, 7]",1.1832347
./random_graph_db/graph_db_node_9/11_p0.8/11_graph_n9_p0.8_idx7.gpickle,9,0.8,7,3,5,19,"[0, 2, 3, 6, 7, 1, 8, 5, 4]",1.3140268
./random_graph_db/graph_db_node_9/11_p0.8/11_graph_n9_p0.8_idx8.gpickle,9,0.8,8,2,6,19,"[3, 7, 2, 4, 1, 5, 0, 6, 8]",1.0379369
./random_graph_db/graph_db_node_9/11_p0.8/11_graph_n9_p0.8_idx9.gpickle,9,0.8,9,2,5,24,"[8, 1, 3, 4, 2, 6, 5, 7, 0]",1.0180981
./random_graph_db/graph_db_node_9/12_p0.9/12_graph_n9_p0.9_idx1.gpickle,9,0.9,1,2,2,15,"[4, 8, 6, 2, 1, 0, 5, 7, 3]",0.8568542
./random_graph_db/graph_db_node_9/12_p0.9/12_graph_n9_p0.9_idx10.gpickle,9,0.9,10,2,2,15,"[8, 6, 0, 3, 2, 4, 5, 7, 1]",0.917767
./random_graph_db/graph_db_node_9/12_p0.9/12_graph_n9_p0.9_idx2.gpickle,9,0.9,2,2,1,12,"[3, 1, 8, 5, 4, 2, 7, 6, 0]",0.9027863
./random_graph_db/graph_db_node_9/12_p0.9/12_graph_n9_p0.9_idx3.gpickle,9,0.9,3,2,2,15,"[6, 1, 2, 4, 3, 8, 0, 7, 5]",0.8869731
./random_graph_db/graph_db_node_9/12_p0.9/12_graph_n9_p0.9_idx4.gpickle,9,0.9,4,2,4,15,"[3, 8, 2, 6, 1, 5, 7, 0, 4]",0.9471729
./random_graph_db/graph_db_node_9/12_p0.9/12_graph_n9_p0.9_idx5.gpickle,9,0.9,5,2,1,12,"[1, 6, 3, 8, 7, 5, 2, 4, 0]",0.8446751
./random_graph_db/graph_db_node_9/12_p0.9/12_graph_n9_p0.9_idx6.gpickle,9,0.9,6,1,0,10,"[8, 3, 0, 4, 5, 2, 6, 7, 1]",0.8140941
./random_graph_db/graph_db_node_9/12_p0.9/12_graph_n9_p0.9_idx7.gpickle,9,0.9,7,2,2,18,"[3, 6, 4, 2, 7, 8, 5, 0, 1]",0.8221602
./random_graph_db/graph_db_node_9/12_p0.9/12_graph_n9_p0.9_idx8.gpickle,9,0.9,8,3,8,35,"[6, 0, 2, 7, 1, 5, 8, 3, 4]",1.200125
./random_graph_db/graph_db_node_9/12_p0.9/12_graph_n9_p0.9_idx9.gpickle,9,0.9,9,2,2,15,"[0, 8, 1, 3, 6, 7, 2, 4, 5]",1.0587642
